Term	Overlap	P.value	Adjusted.P.value	Odds.Ratio	Combined.Score	Genes	Rank	Database
Cell cycle	78/124	3.36490903657018e-18	1.06667616459275e-15	4.93092718288909	198.386638035285	CDC25A;CDC25B;RBX1;CDC20;CDC25C;BUB1B;MAD2L1;TP53;MAD2L2;PCNA;RB1;CDC23;CCND3;CHEK1;CHEK2;E2F1;PTTG1;E2F2;E2F3;E2F4;PLK1;GADD45B;GADD45A;GADD45G;CCNA2;STAG1;TFDP1;TFDP2;MDM2;PRKDC;PKMYT1;ANAPC11;SMC3;CCNB2;CCNB1;SKP2;CDC7;CDC6;SMC1A;RBL1;CDK6;ESPL1;CDK4;CDK2;MCM4;CDK1;MCM5;MCM6;MCM7;ATR;MCM2;MCM3;GSK3B;YWHAE;ORC6;ORC5;RAD21;ORC1;ORC3;YWHAQ;YWHAH;CDKN2C;CDKN2D;CDKN2A;CDKN2B;WEE1;DBF4;CCNE2;CCNE1;ANAPC5;ANAPC7;HDAC1;CDKN1A;HDAC2;TTK;CDC45;BUB3;BUB1	1	KEGG_2021_Human
DNA replication	33/36	1.1003469306632e-16	1.74404988510117e-14	31.7994542974079	1168.49435148542	RFC4;RFC5;RFC2;LIG1;RFC3;RFC1;RPA2;RPA3;RPA1;RNASEH1;POLA1;POLA2;POLE2;POLE3;POLE4;MCM4;MCM5;DNA2;MCM6;MCM7;RNASEH2A;MCM2;MCM3;PCNA;FEN1;RNASEH2C;RNASEH2B;PRIM2;PRIM1;POLE;POLD1;POLD2;POLD3	2	KEGG_2021_Human
Amyotrophic lateral sclerosis	164/364	9.85804475688862e-16	1.04166672931123e-13	2.400304	82.937880869121	NUP210;MAPK14;MAPK11;MAPK12;NUP93;PSMC5;PSMC2;PSMC3;BAX;PSMC1;UQCRC1;ULK2;PFN1;TP53;NUP205;PSMD9;ACTB;PSMD8;NUP85;PSMD3;PSMD4;PSMD1;NUP88;SIGMAR1;COX8A;RAB39B;COX7A2L;HNRNPA1L2;ATF6;ATF4;GLE1;PPP3R1;NUP62;SEC13;NDC1;TUBB;ATP5F1D;TUBB2A;COX6C;TOMM40L;COX7B;PPP3CB;ACTR1B;ATG101;ATP5PF;ATP5PD;ATP5PB;TUBB4B;COX6B1;TUBB4A;PSMA6;PSMA4;HNRNPA2B1;PSMA2;PSMA3;PSMA1;ATP5PO;COX5A;TOMM40;NDUFA12;NDUFA13;NDUFA10;NDUFA11;NUP188;TUBA1A;PSMB7;ATP5F1A;PSMB5;TUBA1C;ATP5F1C;PSMB6;TUBA1B;PSMB3;PSMB2;RAB8A;RAC1;NEFH;ALYREF;SDHD;SDHC;TUBA8;ATXN2L;UQCRQ;SRSF3;SRSF7;NDUFB11;NDUFB10;TNF;NUP160;COX6A1;TUBB6;TUBB3;RAE1;NDUFV2;NDUFV1;NUP153;NUP155;TRAF2;EIF2S1;SEM1;BCL2L1;DNAL1;DNAL4;ACTG1;ATP5MC3;COX7A2;ATP5MC1;ATP5MC2;UQCRH;TPR;CYC1;MAP2K6;GPX7;NDUFC2;NUP133;NUP50;NDUFS8;NDUFS7;NUP54;NDUFS6;NDUFS4;NDUFS3;CYCS;NDUFS2;NDUFS1;MCU;PSMD11;NDUFB9;SEH1L;NDUFB7;NDUFB6;PSMD14;NDUFB5;NDUFB3;ITPR3;NDUFB2;NDUFB1;KLC2;NUP43;UQCRFS1;CASP3;NDUFA9;NDUFA7;NDUFA6;ADRM1;NDUFA4;NDUFA2;UQCRHL;CAT;NUP35;ANG;DDIT3;MATR3;VDAC1;NUP37;HDAC6;NUP107;NXT1;NXT2;DCTN3;DCTN2;HNRNPA3;SPG11;HNRNPA1	3	KEGG_2021_Human
Fanconi anemia pathway	42/54	1.90985862696484e-15	1.51356296186963e-13	10.1296368606013	343.311091432662	CENPX;RMI1;RMI2;PALB2;RAD51C;UBE2T;FANCD2;SLX1B;FAN1;ATR;CENPS;BRCA1;BRCA2;FAAP24;SLX4;USP1;FAAP100;PMS2;FANCI;FANCL;MLH1;FANCM;TOP3A;FANCB;RPA2;FANCA;RPA3;FANCC;RPA1;FANCE;FANCG;ERCC1;RAD51;ERCC4;TELO2;CENPS-CORT;BLM;MUS81;BRIP1;EME1;POLI;POLH	4	KEGG_2021_Human
Parkinson disease	118/249	1.49015204882101e-13	9.44756398952518e-12	2.62499508340065	77.5285159155307	TRAP1;PSMC5;PSMC2;PSMC3;BAX;PSMC1;UQCRC1;CALM3;TP53;UBE2L3;PSMD9;PSMD8;PSMD3;PSMD4;PSMD1;COX8A;COX7A2L;ATF6;ATF4;TXN;UBE2J1;PLCG1;PRKACA;TUBB;ATP5F1D;TUBB2A;COX6C;COX7B;ATP5PF;ATP5PD;ATP5PB;TUBB4B;COX6B1;TUBB4A;PSMA6;PSMA4;PSMA2;PSMA3;PSMA1;ATP5PO;COX5A;NDUFA12;NDUFA13;NDUFA10;NDUFA11;TUBA1A;GNAI2;PSMB7;ATP5F1A;PSMB5;TUBA1C;ATP5F1C;PSMB6;TUBA1B;PSMB3;PSMB2;SDHD;SDHC;TUBA8;UQCRQ;PPIF;NDUFB11;NDUFB10;PARK7;COX6A1;TUBB6;TUBB3;NDUFV2;NDUFV1;EIF2S1;SEM1;BCL2L1;TXN2;ATP5MC3;HTRA2;COX7A2;ATP5MC1;ATP5MC2;UQCRH;CYC1;NDUFC2;NDUFS8;NDUFS7;NDUFS6;NDUFS4;NDUFS3;CYCS;NDUFS2;NDUFS1;NFE2L2;MCU;PSMD11;NDUFB9;NDUFB7;NDUFB6;PSMD14;NDUFB5;NDUFB3;ITPR3;NDUFB2;NDUFB1;KLC2;ITPR1;UQCRFS1;CASP3;NDUFA9;NDUFA7;NDUFA6;ADRM1;NDUFA4;NDUFA2;UQCRHL;DDIT3;VDAC3;VDAC2;VDAC1;SLC25A5;CAMK2G	5	KEGG_2021_Human
Prion disease	126/273	2.49728226763037e-13	1.31939746473138e-11	2.49912096636987	72.5204997510047	MAPK14;MAPK11;MAPK12;PSMC5;PSMC2;PSMC3;HSPA1A;BAX;PSMC1;UQCRC1;HSPA1B;PSMD9;PSMD8;CREB3L4;PSMD3;PSMD4;PSMD1;EGR1;COX8A;COX7A2L;CSNK2B;ATF4;PPP3R1;PRKACA;TUBB;ATP5F1D;TUBB2A;COX6C;COX7B;PPP3CB;ATP5PF;ATP5PD;ATP5PB;CSNK2A3;TUBB4B;COX6B1;TUBB4A;PSMA6;PSMA4;PSMA2;PSMA3;PSMA1;ATP5PO;COX5A;RYR1;NDUFA12;NDUFA13;NDUFA10;NDUFA11;TUBA1A;PSMB7;ATP5F1A;PSMB5;TUBA1C;ATP5F1C;PSMB6;TUBA1B;PSMB3;PSMB2;RAC1;RAC2;SDHD;SDHC;TUBA8;UQCRQ;PPIF;NDUFB11;ATF6B;NDUFB10;TNF;COX6A1;TUBB6;TUBB3;NDUFV2;NDUFV1;EIF2S1;CREB1;SEM1;NCF2;ATP5MC3;COX7A2;ATP5MC1;ATP5MC2;UQCRH;CYC1;CAV1;HSPA2;NDUFC2;NDUFS8;NDUFS7;NDUFS6;NDUFS4;NDUFS3;CYCS;NDUFS2;NDUFS1;MCU;PSMD11;GSK3B;NDUFB9;NDUFB7;NDUFB6;PSMD14;NDUFB5;NDUFB3;ITPR3;NDUFB2;NDUFB1;PIK3R3;KLC2;ITPR1;UQCRFS1;CASP3;NDUFA9;NDUFA7;NDUFA6;ADRM1;NDUFA4;NDUFA2;UQCRHL;DDIT3;VDAC3;VDAC2;VDAC1;SLC25A5;MAPK3	6	KEGG_2021_Human
Homologous recombination	33/41	3.51525910007471e-13	1.59191019246241e-11	11.9207756772559	341.846039949827	TOP3A;XRCC3;RPA2;RPA3;XRCC2;RPA1;PALB2;RAD50;RAD51C;RAD51B;RAD51;RAD51D;RAD52;SEM1;MRE11;BLM;ABRAXAS1;MUS81;BRCA1;BRCC3;BRCA2;RAD54B;BRIP1;BABAM1;EME1;POLD1;POLD2;RAD54L;POLD3;NBN;TOPBP1;RBBP8;BARD1	7	KEGG_2021_Human
RNA transport	90/186	2.72419404387467e-11	1.07946188988534e-09	2.72344304296413	66.2511928242571	UBE2I;EIF1AX;ALYREF;UPF3B;NUP210;UPF3A;SRRM1;NUP93;DDX39B;CLNS1A;RPP25;RAN;CYFIP2;NUP205;CYFIP1;GEMIN2;GEMIN4;CASC3;NUP160;PNN;MAGOH;NUP85;SAP18;NUP88;RAE1;RPP14;EIF2B5;SNUPN;EIF2B3;NUP153;PYM1;NUP155;EIF2S3;EIF2S2;EIF2S1;GEMIN6;RNPS1;GEMIN8;POP7;POP5;EIF4EBP1;POP4;RPP30;AAAS;GLE1;TPR;NUP62;EIF4EBP3;EIF2B2;EIF2B1;SEC13;NDC1;ELAC1;NUP133;MAGOHB;DDX19B;NUP50;NUP54;PABPC4;SEH1L;RBM8A;NUP43;SMN1;EIF3A;PRMT5;THOC1;THOC3;THOC6;THOC5;THOC7;KPNB1;XPOT;EIF3H;NUP35;EIF3I;PABPC1L;TACC3;EIF3D;NUP37;EIF4A3;NUP107;NXT1;NXT2;DDX20;NUP188;XPO1;SUMO2;SUMO1;SUMO4;SUMO3	8	KEGG_2021_Human
Huntington disease	131/306	5.9558082074739e-11	2.0977680019658e-09	2.18056938491669	51.3394762980585	PSMC5;PSMC2;PSMC3;BAX;PSMC1;UQCRC1;TFAM;ULK2;TP53;PSMD9;PSMD8;CREB3L4;PSMD3;PSMD4;PSMD1;AP2S1;COX8A;COX7A2L;TUBB;ATP5F1D;TUBB2A;COX6C;COX7B;CLTA;BBC3;ACTR1B;ATG101;ATP5PF;ATP5PD;ATP5PB;TUBB4B;COX6B1;TUBB4A;PSMA6;PSMA4;PSMA2;PSMA3;PSMA1;ATP5PO;PPARG;PLCB3;HIP1;COX5A;NDUFA12;NDUFA13;NDUFA10;NDUFA11;AP2A1;TUBA1A;PSMB7;ATP5F1A;PSMB5;TUBA1C;ATP5F1C;PSMB6;TUBA1B;PSMB3;PSMB2;SDHD;SDHC;TUBA8;UQCRQ;PPIF;NDUFB11;NDUFB10;COX6A1;TUBB6;TUBB3;NDUFV2;NDUFV1;TRAF2;CREB1;SEM1;TAF4B;DNAL1;DNAL4;ATP5MC3;COX7A2;ATP5MC1;ATP5MC2;UQCRH;CYC1;AP2M1;GPX7;NDUFC2;SP1;NDUFS8;NDUFS7;NDUFS6;NDUFS4;NDUFS3;CYCS;NDUFS2;NDUFS1;PSMD11;NDUFB9;NDUFB7;NDUFB6;PSMD14;NDUFB5;NDUFB3;NDUFB2;NDUFB1;NRF1;KLC2;ITPR1;UQCRFS1;CASP3;NDUFA9;NDUFA7;NDUFA6;ADRM1;NDUFA4;NDUFA2;SOD2;UQCRHL;VDAC3;VDAC2;VDAC1;SLC25A5;DCTN3;HDAC1;DCTN2;HDAC2;POLR2D;POLR2E;POLR2G;POLR2H;POLR2J;IFT57;POLR2K	9	KEGG_2021_Human
Base excision repair	26/33	2.86519955315952e-10	9.08268258351568e-09	10.7199577378635	235.551913976142	MBD4;PARP2;LIG1;PARP1;XRCC1;SMUG1;NEIL3;POLE2;APEX2;POLE3;APEX1;POLE4;PCNA;FEN1;MPG;OGG1;HMGB1;UNG;POLB;POLE;NTHL1;POLD1;POLD2;POLD3;POLL;MUTYH	10	KEGG_2021_Human
Spliceosome	74/150	5.05259534934291e-10	1.45606611431064e-08	2.82349291696826	60.4395450665555	PPIL1;ALYREF;WBP11;HNRNPM;PHF5A;SNRPA;DDX39B;HSPA1A;SRSF3;SNRNP27;SNRPF;PPIH;SNRPG;SRSF7;SNRPE;PPIE;SNRPB;HSPA1B;SNRPC;SF3B5;SF3B6;SF3B4;SRSF1;MAGOH;SNRPD3;SNRPD2;SNRPD1;SF3B2;PRPF38A;BUD31;LSM2;LSM6;LSM5;LSM4;LSM3;LSM8;SNW1;LSM7;PRPF4;PRPF3;HNRNPA1L2;TCERG1;PCBP1;SNRNP70;DHX15;DHX16;RBM17;CDC5L;HSPA2;MAGOHB;PRPF19;RBM22;USP39;DDX46;RBM8A;PQBP1;CTNNBL1;BCAS2;SF3A2;THOC1;THOC3;SNRNP40;RP9;SNRPA1;RBMX;EIF4A3;ISY1;U2AF2;PUF60;TRA2B;SRSF10;HNRNPA3;SMNDC1;HNRNPA1	11	KEGG_2021_Human
Mismatch repair	19/23	1.89231381773092e-08	4.99886233517251e-07	13.6932944606414	243.506217969544	PCNA;RFC4;MLH1;RFC5;RFC2;LIG1;RFC3;RFC1;RPA2;RPA3;MSH2;RPA1;EXO1;MSH3;POLD1;POLD2;MSH6;POLD3;PMS2	12	KEGG_2021_Human
Non-alcoholic fatty liver disease	72/155	2.22812903148851e-08	5.4332069460143e-07	2.51331169138455	44.2833418676735	SDHD;PRKAB1;PRKAB2;SDHC;MAPK14;MAPK11;MAPK12;UQCRQ;BAX;UQCRC1;NDUFB11;NDUFB10;TNF;COX6A1;RXRA;AKT1;NDUFV2;NDUFV1;SREBF1;COX8A;TRAF2;COX7A2L;NFKB1;EIF2S1;ATF4;COX7A2;UQCRH;CYC1;JUN;NDUFC2;COX6C;NDUFS8;NDUFS7;NDUFS6;NDUFS4;NDUFS3;CYCS;NDUFS2;NDUFS1;GSK3B;NDUFB9;COX7B;NDUFB7;NDUFB6;NDUFB5;NDUFB3;NDUFB2;NDUFB1;PIK3R3;ADIPOR1;CASP7;UQCRFS1;CASP3;NDUFA9;NDUFA7;NDUFA6;NDUFA4;NR1H3;FOS;NDUFA2;COX6B1;UQCRHL;DDIT3;PPARG;COX5A;NDUFA12;NDUFA13;NDUFA10;NDUFA11;PRKAG1;IKBKB;RAC1	13	KEGG_2021_Human
Oxidative phosphorylation	64/133	2.49433263355508e-08	5.64788174883542e-07	2.68567206592782	47.0171464729881	PPA1;SDHD;SDHC;UQCRQ;UQCRC1;NDUFB11;NDUFB10;COX6A1;NDUFV2;NDUFV1;COX8A;COX7A2L;COX17;ATP5MC3;COX7A2;ATP5MC1;ATP5MC2;UQCRH;COX15;CYC1;ATP6V1C2;COX10;NDUFC2;ATP5F1D;COX6C;NDUFS8;NDUFS7;NDUFS6;NDUFS4;NDUFS3;NDUFS2;NDUFS1;NDUFB9;COX7B;NDUFB7;NDUFB6;NDUFB5;NDUFB3;NDUFB2;NDUFB1;LHPP;UQCRFS1;ATP5MG;ATP5MF;NDUFA9;ATP5PF;ATP6V0E2;NDUFA7;ATP5PD;NDUFA6;ATP5PB;NDUFA4;NDUFA2;COX6B1;UQCRHL;ATP5PO;COX5A;NDUFA12;NDUFA13;NDUFA10;NDUFA11;TCIRG1;ATP5F1A;ATP5F1C	14	KEGG_2021_Human
p53 signaling pathway	41/73	3.53720401950539e-08	7.47529116122139e-07	3.70244485652938	63.5241206142421	CDK6;TP53I3;CDK4;CCNG1;CDK2;BAX;CDK1;CYCS;ATR;TP53;GORAB;BBC3;CCND3;CHEK1;CHEK2;PERP;CASP3;GTSE1;PIDD1;RRM2;CDKN2A;GADD45B;GADD45A;GADD45G;TNFRSF10B;TNFRSF10A;DDB2;TP73;PPM1D;CCNE2;CCNE1;BCL2L1;SIVA1;MDM2;CDKN1A;THBS1;CCNB2;CCNB1;AIFM2;SESN2;PMAIP1	15	KEGG_2021_Human
Diabetic cardiomyopathy	88/203	3.93652167983133e-08	7.79923357816581e-07	2.2192208860109	37.838566585025	MAPK14;MAPK11;MAPK12;UQCRC1;AKT1;COX8A;PRKCB;COX7A2L;PDK3;PDK2;ATP5F1D;COX6C;COX7B;ATP5PF;ATP5PD;ATP5PB;PARP1;COX6B1;ATP5PO;PLCB3;COX5A;NDUFA12;NDUFA13;NDUFA10;NDUFA11;GYS1;ATP5F1A;ATP5F1C;RAC1;RAC2;GSR;SDHD;SDHC;PPP1CA;UQCRQ;PPIF;NDUFB11;NDUFB10;COX6A1;PPP1CC;PTPA;NDUFV2;NDUFV1;NFKB1;NCF2;ATP5MC3;COX7A2;ATP5MC1;ATP5MC2;UQCRH;MPC1;MPC2;CYC1;NDUFC2;MMP9;TGFBR1;SP1;NDUFS8;NDUFS7;NDUFS6;NDUFS4;NDUFS3;NDUFS2;NDUFS1;GSK3B;NDUFB9;NDUFB7;NDUFB6;NDUFB5;NDUFB3;NDUFB2;NDUFB1;PIK3R3;CPT2;UQCRFS1;NDUFA9;CPT1B;NDUFA7;NDUFA6;NDUFA4;NDUFA2;UQCRHL;VDAC3;VDAC2;VDAC1;SLC25A5;GAPDH;CAMK2G	16	KEGG_2021_Human
Thermogenesis	97/232	7.12431997780948e-08	1.32847613703859e-06	2.08465378739703	34.3074943991332	ACSL1;ACSL5;ACSL4;PRKAB1;PRKAB2;SMARCA4;MAPK14;MAPK11;MAPK12;UQCRC1;SMARCB1;ADCY3;ACTB;CREB3L4;COX8A;ACTL6A;COX7A2L;NDUFAF7;NDUFAF5;NDUFAF6;LIPE;MLST8;PRKACA;SIRT6;ATP5F1D;COX6C;COX7B;ATP5MG;ATP5MF;ATP5PF;ATP5PD;ATP5PB;COX6B1;ATP5PO;PPARG;COX5A;NDUFA12;NDUFA13;NDUFA10;NDUFA11;PRKAG1;ATP5F1A;ATP5F1C;HRAS;SDHD;SDHC;UQCRQ;KDM1A;NDUFB11;NDUFB10;COX6A1;NDUFV2;NDUFV1;CREB1;RHEB;FGFR1;COX17;COX19;ACTG1;ATP5MC3;COX7A2;ATP5MC1;ATP5MC2;UQCRH;COX15;CYC1;COX10;COA5;COA3;COA1;NDUFC2;NDUFS8;NDUFS7;NDUFS6;NDUFS4;NDUFS3;NDUFS2;NDUFS1;NDUFB9;NDUFB7;NDUFB6;NDUFB5;NDUFB3;NDUFB2;NDUFB1;CPT2;UQCRFS1;COA7;COA6;NDUFA9;CPT1B;NDUFA7;NDUFA6;NDUFA4;NDUFA2;UQCRHL;RPS6KB2	17	KEGG_2021_Human
Proteasome	29/46	1.15247104470336e-07	2.02962956206092e-06	4.92297382438857	78.650351789459	ADRM1;PSMB9;PSMA6;PSMA4;SEM1;PSMA2;PSMA3;PSMC5;PSMC2;IFNG;PSMA1;PSMC3;PSME2;PSMC1;PSME1;PSMD11;PSMD14;PSMB10;PSMB7;PSMD9;PSMB8;PSMB5;PSMB6;PSMD8;PSMB3;PSMD3;PSMB2;PSMD4;PSMD1	18	KEGG_2021_Human
Cellular senescence	69/156	4.45975159667608e-07	7.44074345340167e-06	2.29587492809042	33.572585002081	CDC25A;PPP1CA;MAPK14;MAPK11;MAPK12;MRE11;CALM3;TP53;RAF1;RB1;LIN9;PPP1CC;CCND3;CHEK1;CHEK2;E2F1;RBBP4;AKT1;E2F2;NBN;E2F3;E2F4;CAPN2;MAP2K2;GADD45B;MAP2K1;GADD45A;GADD45G;NFKB1;CCNA2;RHEB;RAD9A;MDM2;EIF4EBP1;FOXM1;PPP3R1;CCNB2;CCNB1;MYBL2;MAP2K6;TGFBR1;RBL1;CDK6;CDK4;CDK2;CDK1;ATR;MCU;ITPR3;PIK3R3;KIR2DL4;ITPR1;PPP3CB;RRAS2;LIN52;LIN54;CDKN2A;CDKN2B;RAD50;CCNE2;CCNE1;VDAC3;VDAC2;VDAC1;RAD1;SLC25A5;CDKN1A;MAPK3;HRAS	19	KEGG_2021_Human
Nucleotide excision repair	28/47	1.02148769710296e-06	1.61905799990819e-05	4.25147565174619	58.6459199933202	RFC4;RFC5;RFC2;LIG1;RFC3;RFC1;RPA2;RPA3;GTF2H2;GTF2H3;RAD23A;RPA1;RBX1;CUL4B;DDB2;ERCC1;ERCC4;POLE2;POLE3;ERCC3;POLE4;ERCC8;GTF2H2C;PCNA;POLE;POLD1;POLD2;POLD3	20	KEGG_2021_Human
Alzheimer disease	136/369	1.57238000431999e-06	2.37354505414017e-05	1.69523458332907	22.6532843897379	PSMC5;PSMC2;PSMC3;PSMC1;UQCRC1;ULK2;CALM3;APP;PSMD9;PSMD8;PSMD3;PSMD4;AKT1;PSMD1;COX8A;FZD3;FZD6;COX7A2L;CSNK2B;ATF6;ATF4;PPP3R1;TUBB;ATP5F1D;TUBB2A;COX6C;COX7B;PPP3CB;ATG101;FADD;ATP5PF;ATP5PD;ATP5PB;CSNK2A3;TUBB4B;COX6B1;TUBB4A;PSMA6;PSMA4;ADAM17;PSMA2;PSMA3;PSMA1;ATP5PO;PLCB3;COX5A;NDUFA12;NDUFA13;NDUFA10;NDUFA11;TUBA1A;PSMB7;ATP5F1A;IKBKB;PSMB5;TUBA1C;ATP5F1C;PSMB6;TUBA1B;PSMB3;PSMB2;HRAS;SDHD;SDHC;TUBA8;UQCRQ;PPIF;RAF1;NDUFB11;NDUFB10;TNF;COX6A1;TUBB6;TUBB3;CAPN2;NDUFV2;NDUFV1;MAP2K2;MAP2K1;TRAF2;NFKB1;EIF2S1;SEM1;LPL;ATP5MC3;COX7A2;ATP5MC1;ATP5MC2;UQCRH;CYC1;EIF2AK2;NDUFC2;NDUFS8;CDK5;NDUFS7;NDUFS6;NDUFS4;NDUFS3;CYCS;NDUFS2;NDUFS1;MCU;PSMD11;RTN3;GSK3B;NDUFB9;NDUFB7;NDUFB6;PSMD14;NDUFB5;NDUFB3;ITPR3;NDUFB2;NDUFB1;PIK3R3;KLC2;ITPR1;CASP7;DVL3;UQCRFS1;CASP3;NDUFA9;NDUFA7;NDUFA6;ADRM1;NDUFA4;NDUFA2;UQCRHL;DDIT3;VDAC3;VDAC2;VDAC1;SLC25A5;GAPDH;HSD17B10;MAPK3	21	KEGG_2021_Human
Valine, leucine and isoleucine degradation	28/48	1.84785697413809e-06	2.66259391273534e-05	4.0386292834891	53.3158997979914	BCKDHB;ACAD8;BCKDHA;HMGCS1;MCCC1;ALDH6A1;PCCB;PCCA;HADHA;DLD;ALDH9A1;BCAT2;BCAT1;ACAT1;ECHS1;HSD17B10;ACAT2;IL4I1;MCEE;AUH;ACADM;DBT;OXCT1;ALDH1B1;OXCT2;ACAA2;HADH;ACADS	22	KEGG_2021_Human
Pyrimidine metabolism	31/56	2.47072371987619e-06	3.40530182261197e-05	3.5779544126242	46.1949674400745	ENTPD1;DUT;ENTPD5;NME4;NME6;NME1;NME2;DCTPP1;UMPS;DTYMK;TYMS;NT5C2;PNP;NT5C;TK1;NT5M;TK2;RRM2;CAD;RRM1;CTPS2;DCK;CTPS1;DHODH;DCTD;UCK2;UCK1;CMPK2;NUDT2;AK9;UPP1	23	KEGG_2021_Human
Human T-cell leukemia virus 1 infection	86/219	8.05569487167521e-06	0.00010640230309671	1.8722337549269	21.9596754968395	CDC20;BAX;TLN1;TP53;RAN;RB1;ADCY3;CDC23;CHEK1;CREB3L4;CHEK2;E2F1;AKT1;E2F2;E2F3;EGR1;EGR2;HLA-DRB5;FOSL1;ATF4;HLA-DRB1;ANAPC11;ICAM1;PPP3R1;KAT5;PRKACA;JUN;IL15;ATR;PPP3CB;HLA-DQA2;CDKN2C;CDKN2A;NFYB;CDKN2B;RANBP1;FOS;CCNE2;CCNE1;HLA-DPB1;CDKN1A;XPO1;IKBKB;HLA-DMB;HLA-DPA1;HRAS;TSPO;HLA-DMA;BUB1B;MAD2L1;CSF2;ATF6B;TNF;CCND3;PTTG1;HLA-DOA;FDPS;MAP2K2;MAP2K1;NFKB1;CCNA2;CREB1;BCL2L1;TCF3;ETS2;CCNB2;TGFBR1;ESPL1;CDK4;CDK2;HLA-DRA;PIK3R3;IL15RA;IL2RA;ANAPC5;LTA;VDAC3;VDAC2;ANAPC7;VDAC1;SLC25A5;ITGB2;VAC14;POLB;MAPK3;BUB3	24	KEGG_2021_Human
RNA degradation	38/79	1.65537377665048e-05	0.000202428514758001	2.67507589238983	29.4496393395082	HSPA9;CNOT10;PNLDC1;PABPC4;CNOT9;BTG3;PARN;TENT4A;EXOSC8;EXOSC10;EXOSC5;EXOSC9;EXOSC3;EXOSC2;PATL1;LSM2;LSM1;LSM6;LSM5;LSM4;LSM3;PAN2;LSM8;PFKM;LSM7;PFKL;C1D;WDR61;PABPC1L;DCP2;PFKP;DIS3L;ENO1;ENO2;ENO3;HSPD1;EDC3;DCPS	25	KEGG_2021_Human
Glyoxylate and dicarboxylate metabolism	19/30	1.66029696646941e-05	0.000202428514758001	4.97702977294814	54.7768362280315	MDH2;GLYCTK;CS;GRHPR;CAT;PCCB;PCCA;PGP;DLD;GLDC;SHMT2;SHMT1;ACAT1;ACAT2;GCSH;MCEE;AFMID;HYI;MDH1	26	KEGG_2021_Human
Pathways of neurodegeneration	163/475	1.95659960103522e-05	0.000229719286491913	1.51726834120355	16.4497945689782	PSMC5;PSMC2;PSMC3;BAX;PSMC1;UQCRC1;PSMD9;PSMD8;PSMD3;PSMD4;PSMD1;SIGMAR1;FZD3;FZD6;PRKCB;ATF6;ATF4;PPP3R1;PLCG1;TUBB2A;TOMM40L;ATG101;CSNK2A3;TUBB4B;COX6B1;TUBB4A;PSMA6;PSMA4;PSMA2;PSMA3;PSMA1;PLCB3;NDUFA12;NDUFA13;NDUFA10;NDUFA11;TUBA1A;PSMB7;PSMB5;TUBA1C;PSMB6;TUBA1B;PSMB3;PSMB2;NEFH;TUBA8;ATXN2L;UQCRQ;PARK7;TNF;TUBB6;TUBB3;MAP2K2;MAP2K1;TRPC3;TRAF2;NFKB1;BCL2L1;UQCRH;MAP2K6;GPX7;NDUFC2;CDK5;MCU;NDUFB9;NDUFB7;NDUFB6;NDUFB5;NDUFB3;ITPR3;NDUFB2;NDUFB1;KLC2;ITPR1;DVL3;NDUFA9;NDUFA7;NDUFA6;ADRM1;NDUFA4;NDUFA2;SLC25A5;HSD17B10;BAK1;SPG11;TRAP1;MAPK14;MAPK11;MAPK12;ULK2;CALM3;APP;UBE2L3;COX8A;RAB39B;COX7A2L;CSNK2B;UBE2J1;TUBB;ATP5F1D;COX6C;COX7B;PPP3CB;ACTR1B;FADD;ATP5PF;ATP5PD;ATP5PB;ATP5PO;HIP1;COX5A;TOMM40;RYR1;ATP5F1A;ATP5F1C;RAB8A;HRAS;RAC1;SDHD;SDHC;PPIF;RAF1;NDUFB11;NDUFB10;COX6A1;CAPN2;NDUFV2;NDUFV1;EIF2S1;SEM1;DNAL1;DNAL4;ATP5MC3;HTRA2;COX7A2;ATP5MC1;ATP5MC2;CYC1;NDUFS8;NDUFS7;NDUFS6;NDUFS4;NDUFS3;CYCS;NDUFS2;NDUFS1;PSMD11;GSK3B;PSMD14;CASP7;UQCRFS1;CASP3;UQCRHL;CAT;DDIT3;VDAC3;VDAC2;VDAC1;DCTN3;DCTN2;MAPK3;CAMK2G;IFT57	27	KEGG_2021_Human
Apoptosis	59/142	3.01296805191442e-05	0.000341111025877454	2.05427468935487	21.3849991223634	TUBA8;BAX;TP53;RAF1;TNF;ACTB;AKT1;CAPN2;MAP2K2;GADD45B;MAP2K1;GADD45A;GADD45G;TRAF1;TNFRSF10B;TNFRSF10A;TRAF2;NFKB1;EIF2S1;BCL2L1;BIRC5;ATF4;ACTG1;HTRA2;PMAIP1;TNFSF10;CTSB;JUN;CYCS;DIABLO;LMNB1;ITPR3;PIK3R3;CTSV;ITPR1;LMNB2;BBC3;CASP6;CASP7;CASP10;CTSL;CASP2;CASP3;CTSH;FADD;PIDD1;CTSC;PARP2;PARP1;FOS;DDIT3;TUBA1A;IKBKB;TUBA1C;TUBA1B;AIFM1;MAPK3;BAK1;HRAS	28	KEGG_2021_Human
mRNA surveillance pathway	44/98	3.27445096601788e-05	0.000357931364216437	2.35245949074074	24.2933204547857	CPSF6;CPSF7;CPSF2;CPSF1;CPSF4;ALYREF;CPSF3;UPF3B;UPF3A;PPP1CA;SRRM1;DDX39B;CASC3;PNN;MAGOH;PPP1CC;PABPN1;SAP18;PYM1;RNPS1;CSTF3;GSPT2;GLE1;PELO;CSTF2;PPP2R5D;MAGOHB;DDX19B;PABPC4;DAZAP1;HBS1L;RBM8A;PPP2R3A;PPP2R3C;PPP2R3B;PPP2CA;NUDT21;PABPC1L;EIF4A3;NXT1;NXT2;SMG6;SMG7;PPP2R1B	29	KEGG_2021_Human
Epstein-Barr virus infection	78/202	4.12000841021876e-05	0.000435347555346449	1.81956794743318	18.3723054086148	ENTPD1;MAPK14;MAPK11;MAPK12;PSMC5;PSMC2;PSMC3;VIM;BAX;PSMC1;TP53;RB1;PSMD8;PSMD3;E2F1;PSMD4;AKT1;E2F2;PSMD1;E2F3;HLA-DRB5;GADD45B;GADD45A;GADD45G;SNW1;HLA-DRB1;ICAM1;SKP2;JUN;TYK2;FADD;HLA-DQA2;STAT1;DDB2;CCNE2;CCNE1;NEDD4;HLA-DPB1;CDKN1A;IKBKB;HLA-DMB;HLA-DPA1;RAC1;HLA-DMA;IKBKE;SAP30;CXCL10;TNF;CCND3;MAP3K7;HLA-DOA;ISG15;TRAF2;NFKB1;CCNA2;SEM1;TAB1;IFNAR1;MDM2;MAP2K6;EIF2AK2;NFKBIB;CDK6;OAS3;CDK4;CDK2;HLA-DRA;CYCS;PSMD11;PSMD14;PIK3R3;IRAK1;CASP3;ADRM1;HDAC1;HDAC2;SAP30L;BAK1	30	KEGG_2021_Human
Fatty acid elongation	17/27	5.21036535798346e-05	0.000532801876929276	4.89687196425102	48.2943003280347	ELOVL1;MECR;ELOVL4;HADHA;PPT2;TECR;ACOT2;PPT1;ACOT7;ACOT4;HACD1;ECHS1;HACD4;HSD17B12;THEM4;ACAA2;HADH	31	KEGG_2021_Human
Cysteine and methionine metabolism	26/50	6.72824280591962e-05	0.000666516552961413	3.12306993642144	30.0021194231204	KYAT1;DNMT3B;GSS;MTAP;ADI1;PSAT1;CTH;KYAT3;AHCYL1;APIP;LDHC;LDHB;PHGDH;GOT2;MDH2;GOT1;MPST;TST;SMS;BCAT2;BCAT1;DNMT1;AHCY;IL4I1;MDH1;ENOPH1	32	KEGG_2021_Human
Ubiquinone and other terpenoid-quinone biosynthesis	9/11	0.000164720903234555	0.00158231897955618	12.949175557711	112.803609323388	COQ5;NQO1;VKORC1L1;COQ3;COQ2;VKORC1;GGCX;COQ7;COQ6	33	KEGG_2021_Human
Propanoate metabolism	19/34	0.00018638942962641	0.00173780732916388	3.64883705863298	31.3350171740274	BCKDHB;BCKDHA;ALDH6A1;PCCB;SUCLA2;PCCA;HADHA;DLD;SUCLG2;SUCLG1;ACAT1;ECHS1;ACACA;ACAT2;LDHC;MCEE;LDHB;DBT;ACADS	34	KEGG_2021_Human
Oocyte meiosis	52/129	0.000216606803367525	0.00196183876192873	1.94974899904477	16.4508644852432	PPP1CA;RBX1;CDC20;CDC25C;MAPK14;MAPK11;MAPK12;SGO1;CALM3;CPEB3;MAD2L1;MAD2L2;AURKA;ADCY3;PPP1CC;SLK;CDC23;PTTG1;PLK1;MAP2K1;STAG3;SPDYA;PKMYT1;ANAPC11;SMC3;PPP3R1;CCNB2;CCNB1;PRKACA;PPP2R5D;SMC1A;ESPL1;CDK2;CDK1;YWHAE;ITPR3;FBXO43;ITPR1;PPP3CB;YWHAQ;YWHAH;REC8;PPP2CA;CCNE2;CCNE1;ANAPC5;ANAPC7;PPP2R1B;FBXO5;MAPK3;CAMK2G;BUB1	35	KEGG_2021_Human
Citrate cycle (TCA cycle)	17/30	0.000324345187107682	0.00285603956425376	3.76606238137227	30.2554237025602	IDH3G;MDH2;IDH2;SDHD;SDHC;CS;SUCLA2;DLD;SUCLG2;SUCLG1;FH;DLST;DLAT;MDH1;PCK2;IDH3A;IDH3B	36	KEGG_2021_Human
Glycosylphosphatidylinositol (GPI)-anchor biosynthesis	15/26	0.000562530808717711	0.00481952071252741	3.92618160631367	29.3798708046938	DPM2;PIGC;PIGF;PIGL;PIGK;MPPE1;PIGN;PIGT;PIGS;PIGV;PIGU;PIGO;PIGQ;GPAA1;PIGX	37	KEGG_2021_Human
Peroxisome	35/82	0.000648911078138612	0.00541328452026158	2.14721877683427	15.7610471826258	ACOT8;ACSL1;PEX1;PEX10;ACSL5;ACSL4;PEX12;PEX2;PEX7;PXMP2;PXMP4;FAR2;PEX11G;CRAT;SLC27A2;HSD17B4;MPV17L2;PMVK;GSTK1;IDH2;DHRS4;SOD2;SLC25A17;AMACR;CAT;AGPS;MVK;ABCD3;PECR;NUDT7;PRDX5;SCP2;MPV17;ABCD2;DECR2	38	KEGG_2021_Human
Thyroid cancer	19/37	0.000776527982033345	0.00631177872575822	3.04008206457186	21.7690483929293	MAP2K2;GADD45B;MAP2K1;GADD45A;TPM3;GADD45G;DDB2;PAX8;BAX;CCDC6;PPARG;TP53;CDKN1A;RXRA;TPR;TFG;MAPK3;BAK1;HRAS	39	KEGG_2021_Human
Biosynthesis of unsaturated fatty acids	15/27	0.000964796623137297	0.00764601323836308	3.59875704020198	24.9883050281836	ELOVL1;SCD5;ELOVL4;SCD;TECR;ACOT2;ACOT7;ACOT4;HACD1;HSD17B4;HACD4;HSD17B12;SCP2;FADS2;FADS1	40	KEGG_2021_Human
Pentose phosphate pathway	16/30	0.00118460825948413	0.00915904434771874	3.29048729048729	22.1724324669146	GLYCTK;TALDO1;PGD;DERA;PFKM;PFKL;RPIA;IDNK;TKT;GPI;PFKP;PRPS2;PRPS1;RPE;PGLS;PGM2	41	KEGG_2021_Human
Non-homologous end-joining	9/13	0.00126872262555314	0.00957583505477009	6.4737148399612	43.1780251869873	DCLRE1C;FEN1;XRCC4;PRKDC;RAD50;POLM;POLL;MRE11;NHEJ1	42	KEGG_2021_Human
Salmonella infection	86/249	0.0013155147444907	0.00969809706985006	1.52453383656674	10.1130367472965	MAPK14;MAPK11;MAPK12;BAX;MYL9;PFN1;CYFIP2;CYFIP1;ARPC5L;NOD1;STX10;ACTB;AKT1;S100A10;VPS16;MYL12A;MYLPF;TXN;TNFSF10;GSDMD;RHOA;JUN;TUBB;TUBB2A;RHOB;ARPC1B;ACTR1B;FADD;RIPK2;SNX9;DYNC1I2;DYNLL1;FOS;TUBB4B;TUBB4A;SNX18;ARF6;FHOD1;TUBA1A;IKBKB;TUBA1C;TUBA1B;HRAS;RAC1;TUBA8;RAF1;ROCK2;TNF;PYCARD;PAK1;TUBB6;TUBB3;CSE1L;FLNB;KPNA3;MAP3K7;MAP2K2;MAP2K1;M6PR;ARPC5;TNFRSF10B;TNFRSF10A;TRAF2;NFKB1;ARPC3;ARPC2;TAB1;TXN2;ACTG1;FBXO22;MAP2K6;HSP90AA1;CYCS;BRK1;KLC2;CASP7;DYNC2LI1;IRAK1;CASP3;DYNLT1;GAPDH;DCTN3;HSP90AB1;DCTN2;MAPK3;BAK1	43	KEGG_2021_Human
Pancreatic cancer	32/76	0.00142610909248973	0.0102744677799828	2.09622334018281	13.7361437436238	TGFBR1;CDK6;CDK4;BAX;ARHGEF6;TP53;RAF1;RB1;PIK3R3;BRCA2;E2F1;AKT1;E2F2;E2F3;CDKN2A;STAT1;GADD45B;MAP2K1;GADD45A;GADD45G;NFKB1;DDB2;RAD51;RPS6KB2;BCL2L1;CDKN1A;IKBKB;MAPK3;RAC3;BAK1;RAC1;RAC2	44	KEGG_2021_Human
Lysine degradation	27/63	0.0023971559691778	0.0168866320495414	2.16079423788203	13.0370920876789	SETDB1;TMLHE;PLOD1;DOT1L;SUV39H2;SUV39H1;ACAT1;DLST;ECHS1;ACAT2;NSD2;KMT5A;SMYD3;SMYD2;KMT5C;CAMKMT;SETMAR;HADHA;DLD;ALDH9A1;EZH2;GCDH;DHTKD1;EHMT2;ALDH1B1;COLGALT1;HADH	45	KEGG_2021_Human
Bladder cancer	19/41	0.00359172692181076	0.02440405052905	2.48666843360721	13.9977603728191	MAP2K2;CDKN2A;MAP2K1;DAPK3;MMP9;CDK4;TP53;MDM2;RAF1;RB1;CDKN1A;THBS1;RPS6KA5;RASSF1;E2F1;E2F2;MAPK3;E2F3;HRAS	46	KEGG_2021_Human
Colorectal cancer	34/86	0.00361826616676767	0.02440405052905	1.88430049482681	10.5930857666019	RHOA;JUN;MSH2;TGFBR1;MSH3;MSH6;BAX;CYCS;TP53;RAF1;GSK3B;PIK3R3;BBC3;AKT1;CASP3;MAP2K2;MLH1;GADD45B;MAP2K1;GADD45A;FOS;GADD45G;DDB2;RPS6KB2;BIRC5;CDKN1A;MAPK3;RAC3;BAK1;HRAS;PMAIP1;RAC1;RAC2;APPL1	47	KEGG_2021_Human
Terpenoid backbone biosynthesis	12/22	0.00382156127967695	0.0252382276178665	3.45326086956522	19.224635560933	FDPS;IDI1;MVK;ICMT;HMGCS1;ACAT1;DHDDS;ACAT2;FNTB;PMVK;PDSS2;PDSS1	48	KEGG_2021_Human
Selenocompound metabolism	10/17	0.00399188184008828	0.0258250314960813	4.11026110094795	22.7029964469382	KYAT1;TXNRD2;TXNRD1;PAPSS1;SEPSECS;SEPHS1;CTH;SCLY;KYAT3;PSTK	49	KEGG_2021_Human
Antigen processing and presentation	31/78	0.00484542879797289	0.030667325485566	1.90034030947022	10.128280869319	CTSB;CD74;HSP90AA1;HSPA2;RFX5;IFNG;HLA-DRA;HSPA1A;HSPA1B;TNF;KIR2DL4;CTSL;CIITA;HLA-DQA2;HLA-DOA;HLA-DRB5;NFYB;NFYC;RFXANK;CREB1;RFXAP;PSME2;HLA-DPB1;PSME1;HLA-DRB1;HSP90AB1;HLA-DMB;HLA-DPA1;KLRC2;NFYA;HLA-DMA	50	KEGG_2021_Human
Tryptophan metabolism	19/42	0.00499215301098548	0.030667325485566	2.37839185363586	12.6052104375938	KYAT1;KMO;CAT;HADHA;DLD;KYAT3;ALDH9A1;GCDH;DHTKD1;ASMT;HAAO;ACAT1;DLST;ECHS1;ACAT2;IL4I1;ALDH1B1;AFMID;HADH	51	KEGG_2021_Human
Sulfur relay system	6/8	0.0050306022878531	0.030667325485566	8.62776269872043	45.6599800272009	NFS1;CTU2;TST;MPST;URM1;MOCS2	52	KEGG_2021_Human
Viral myocarditis	25/60	0.00532460703115311	0.0316837682179728	2.0572373724738	10.7704942108104	CAV1;HLA-DRA;CD28;CYCS;CD86;CD80;ACTB;CASP3;DAG1;HLA-DQA2;HLA-DOA;CXADR;HLA-DRB5;HLA-DPB1;HLA-DRB1;ITGB2;ACTG1;ICAM1;HLA-DMB;SGCB;HLA-DPA1;RAC3;RAC1;RAC2;HLA-DMA	53	KEGG_2021_Human
Vitamin B6 metabolism	5/6	0.0053972349645758	0.0316837682179728	14.3777863927118	75.0789098659592	PHOSPHO2;PDXK;PSAT1;PNPO;PDXP	54	KEGG_2021_Human
Glycine, serine and threonine metabolism	18/40	0.00663873193265644	0.0382632367754926	2.35533335688796	11.8116065242607	GAMT;GLYCTK;PGAM1;BPGM;GCAT;GRHPR;PSAT1;CTH;SARDH;DLD;GLDC;ALAS1;SHMT2;SHMT1;GCSH;SRR;PHGDH;PSPH	55	KEGG_2021_Human
Fatty acid degradation	19/43	0.00681111760679442	0.0385557907384613	2.27913832199547	11.3710747729973	CPT1B;ACSL1;ACSL5;ACSL4;HADHA;ALDH9A1;GCDH;ACADVL;ECI1;ACAT1;ECHS1;ACAT2;ADH5;ACADM;ALDH1B1;CPT2;ACAA2;HADH;ACADS	56	KEGG_2021_Human
Influenza A	59/172	0.00806443038751073	0.0448495514533492	1.50582371958777	7.25851032650534	CPSF4;CXCL10;BAX;RAF1;PRSS2;TNF;ACTB;PYCARD;CCND3;PABPN1;AKT1;RAE1;HLA-DOA;KPNA2;FDPS;MAP2K2;HLA-DRB5;MAP2K1;PRKCB;TNFRSF10B;TNFRSF10A;NFKB1;EIF2S1;IFNAR1;HLA-DRB1;ACTG1;ICAM1;TNFSF10;EIF2AK2;TYK2;NFKBIB;CDK6;OAS3;CDK4;IFNG;HLA-DRA;CYCS;PIK3R3;DNAJB1;CASP3;FADD;CIITA;HLA-DQA2;STAT1;RAB11A;RAB11B;HLA-DPB1;VDAC1;SLC25A5;NXT1;NXT2;XPO1;IKBKB;HLA-DMB;HLA-DPA1;MAPK3;BAK1;HLA-DMA;IKBKE	57	KEGG_2021_Human
N-Glycan biosynthesis	21/50	0.00916043620848719	0.0500665220360421	2.08483576605631	9.78384545951934	SRD5A3;ALG14;DOLPP1;ALG12;ALG10;DPM1;DPM2;DPM3;ALG10B;DPAGT1;FUT8;ALG9;ALG8;ALG5;ALG6;ALG3;ALG1;DDOST;DAD1;STT3A;GANAB	58	KEGG_2021_Human
Spinocerebellar ataxia	50/143	0.00936901108761483	0.0503385849961678	1.54993040399325	7.23871394174306	AFG3L2;ATXN2L;PSMC5;PSMC2;PSMC3;PPIF;PSMC1;ULK2;PSMD9;PSMD8;PSMD3;PSMD4;AKT1;PSMD1;TRPC3;PRKCB;TRAF2;SEM1;KAT5;SP1;CYCS;MCU;PSMD11;PSMD14;ITPR3;PIK3R3;VLDLR;ITPR1;ATG101;CIC;ADRM1;PSMA6;PSMA4;ATXN10;PSMA2;PSMA3;PSMA1;VDAC3;VDAC2;VDAC1;PLCB3;SLC25A5;NOP56;RYR1;PSMB7;PSMB5;PSMB6;PSMB3;PSMB2;NFYA	59	KEGG_2021_Human
Fructose and mannose metabolism	15/33	0.0114327518097707	0.0604030387282886	2.39820029779245	10.7230084245115	TPI1;PMM1;SORD;PFKM;PFKL;PFKP;AKR1B1;KHK;HK2;TKFC;GMDS;GMPPA;FPGT;GMPPB;ENOSF1	60	KEGG_2021_Human
Chronic myeloid leukemia	29/76	0.0119835432276707	0.0622751344782231	1.77704530858315	7.86204111552341	TGFBR1;CDK6;CDK4;BAX;TP53;RAF1;RB1;PIK3R3;E2F1;AKT1;E2F2;E2F3;MAP2K2;CDKN2A;GADD45B;MAP2K1;GADD45A;GADD45G;NFKB1;DDB2;BCL2L1;MDM2;HDAC1;CDKN1A;HDAC2;IKBKB;MAPK3;BAK1;HRAS	61	KEGG_2021_Human
Glycolysis / Gluconeogenesis	26/67	0.0132515343894558	0.0677538129267339	1.82604031178498	7.89514445840917	TPI1;AKR1A1;G6PC3;GPI;HK2;LDHC;LDHB;PCK2;PGAM1;BPGM;MINPP1;PKM;PFKM;PFKL;DLD;GALM;ALDH9A1;GAPDH;PFKP;ENO1;ENO2;ENO3;ADH5;ALDH1B1;DLAT;PGM2	62	KEGG_2021_Human
Fluid shear stress and atherosclerosis	48/139	0.0137333285136174	0.0681692155145708	1.52024675871431	6.51871117062294	VCAM1;MAPK14;MAPK11;MAPK12;CALM3;TP53;KEAP1;TNF;ACTB;GPC1;AKT1;MAP3K7;MAP2K5;NFKB1;TXN2;NCF2;ACTG1;MGST2;TXN;ICAM1;MAP2K6;GSTM4;RHOA;HSP90AA1;JUN;CAV1;MMP9;ACVR2B;IFNG;NFE2L2;SDC4;PIK3R3;CTSL;NQO1;MEF2A;GSTO1;FOS;HSP90AB1;GSTP1;IKBKB;SUMO2;SUMO1;SUMO4;SUMO3;RAC3;RAC1;RAC2;MAPK7	63	KEGG_2021_Human
Purine metabolism	45/129	0.0137628700092509	0.0681692155145708	1.543828314682	6.61650989154982	ENTPD1;ENTPD5;HDDC3;ADCY3;NTPCR;PAPSS1;PNP;NT5C;NT5M;PDE8A;ITPA;HPRT1;AK2;AK3;AK4;AK9;DGUOK;PPAT;PAICS;NME4;NME6;NME1;NME2;ADA;GMPR;ADK;GMPS;NT5C2;ATIC;RRM2;ADSL;RRM1;DCK;PKM;IMPDH1;IMPDH2;PRPS2;PFAS;GMPR2;PRPS1;NUDT2;NUDT5;PDE6D;PDE6B;PGM2	64	KEGG_2021_Human
Type I diabetes mellitus	18/43	0.0158163850339553	0.0771352931655974	2.07227361057132	8.59311531814306	PTPRN2;HLA-DRB5;IFNG;HLA-DRA;CD28;HLA-DPB1;LTA;HLA-DRB1;CD86;CD80;TNF;ICA1;HSPD1;HLA-DMB;HLA-DPA1;HLA-DMA;HLA-DQA2;HLA-DOA	65	KEGG_2021_Human
Human immunodeficiency virus 1 infection	69/212	0.0165472453187772	0.079476920697763	1.39148760954453	5.70723601900206	AP1S1;AP1B1;MAPK14;MAPK11;MAPK12;BAX;CALM3;GNG4;CHEK1;GNG5;GNG8;AKT1;APOBEC3F;APOBEC3H;PRKCB;APOBEC3B;PPP3R1;AP1S3;AP1S2;PLCG1;JUN;BST2;ATR;GNGT2;PPP3CB;TRIM5;FADD;AP1M1;FOS;GNAI2;IKBKB;RAC3;ELOB;ELOC;HRAS;RAC1;RAC2;RBX1;CDC25C;RAF1;TNF;PAK1;CFL1;MAP3K7;MAP2K2;MAP2K1;TRAF2;NFKB1;BCL2L1;GNB4;TAB1;CCNB2;CCNB1;MAP2K6;LIMK2;CUL4B;CDK1;CYCS;ITPR3;CGAS;PIK3R3;ITPR1;IRAK1;CASP3;WEE1;RPS6KB2;AP1G2;MAPK3;BAK1	66	KEGG_2021_Human
One carbon pool by folate	10/20	0.0173856882729411	0.0822576594406317	2.87660069848661	11.6562964852708	SHMT2;SHMT1;MTHFS;TYMS;DHFR;ATIC;MTHFD2;MTHFD2L;MTHFD1;MTHFD1L	67	KEGG_2021_Human
Glioma	28/75	0.018342838594496	0.085509997565518	1.71543381719361	6.85918964730583	CDK6;CDK4;BAX;CAMK1;CALM3;TP53;RAF1;RB1;PIK3R3;E2F1;AKT1;E2F2;E2F3;MAP2K2;CDKN2A;GADD45B;MAP2K1;GADD45A;GADD45G;PRKCB;DDB2;MDM2;CDKN1A;MAPK3;BAK1;HRAS;PLCG1;CAMK2G	68	KEGG_2021_Human
Pyruvate metabolism	19/47	0.0200557645669446	0.0921402517061079	1.95301957517701	7.6348196211191	ACYP1;MDH2;AKR1A1;GRHPR;PKM;DLD;ALDH9A1;FH;GLO1;ACAT1;ACACA;ACAT2;ADH5;LDHC;LDHB;ALDH1B1;DLAT;MDH1;PCK2	69	KEGG_2021_Human
Small cell lung cancer	33/92	0.0208858163179787	0.0945829110399892	1.61081693527875	6.23174330795859	ITGA2;CDK6;CDK4;CDK2;BAX;CYCS;TP53;RB1;CKS1B;PIK3R3;RXRA;E2F1;AKT1;E2F2;CASP3;E2F3;CDKN2B;GADD45B;GADD45A;GADD45G;TRAF1;TRAF2;NFKB1;DDB2;CCNE2;TRAF4;CCNE1;BCL2L1;CKS2;CDKN1A;IKBKB;BAK1;SKP2	70	KEGG_2021_Human
TNF signaling pathway	39/112	0.0213288779030841	0.0952289337363051	1.53894286668894	5.92138024095317	VCAM1;MAPK14;CXCL10;MAPK11;MAPK12;CSF2;ATF6B;TNF;CREB3L4;AKT1;MAP3K7;MAP3K8;JAG1;MAP2K1;TRAF1;TRAF2;NFKB1;CREB1;TAB1;ATF4;ICAM1;BAG4;MAP2K6;JUN;IL15;CCL20;MMP9;IL18R1;PIK3R3;CASP7;CASP10;CASP3;FADD;FOS;LTA;CEBPB;RPS6KA5;IKBKB;MAPK3	71	KEGG_2021_Human
Synthesis and degradation of ketone bodies	6/10	0.0230874540790761	0.101648929764821	4.31329972857697	16.2545230404717	OXCT1;BDH1;HMGCS1;OXCT2;ACAT1;ACAT2	72	KEGG_2021_Human
Non-small cell lung cancer	26/72	0.0343284477875257	0.147385116680214	1.62700763281263	5.48591323931515	CDK6;CDK4;BAX;TP53;RAF1;RB1;PIK3R3;RXRA;E2F1;AKT1;E2F2;E2F3;MAP2K2;CDKN2A;GADD45B;MAP2K1;GADD45A;GADD45G;PRKCB;DDB2;CDKN1A;RASSF1;MAPK3;BAK1;HRAS;PLCG1	73	KEGG_2021_Human
VEGF signaling pathway	22/59	0.0344053584679363	0.147385116680214	1.71128070894699	5.76623386082447	SPHK2;SPHK1;MAPK14;MAPK11;MAPK12;MAPKAPK3;RAF1;PIK3R3;HSPB1;PPP3CB;AKT1;MAP2K2;MAP2K1;PLA2G4C;PRKCB;PPP3R1;MAPK3;RAC3;HRAS;PLCG1;RAC1;RAC2	74	KEGG_2021_Human
Butanoate metabolism	12/28	0.0371484951666646	0.157014306237769	2.15741459627329	7.10400385351558	HMGCS1;ALDH5A1;BDH1;HADHA;L2HGDH;ACAT1;ECHS1;ACAT2;OXCT1;OXCT2;HADH;ACADS	75	KEGG_2021_Human
Progesterone-mediated oocyte maturation	34/100	0.042079338969609	0.17551513754429	1.48319451828224	4.69905452874141	CDC25A;CDC25B;CDC25C;MAPK14;MAPK11;MAPK12;CPEB3;MAD2L1;MAD2L2;RAF1;AURKA;ADCY3;CDC23;AKT1;KIF22;PLK1;MAP2K1;CCNA2;SPDYA;PKMYT1;ANAPC11;CCNB2;CCNB1;PRKACA;HSP90AA1;CDK2;CDK1;PIK3R3;ANAPC5;ANAPC7;HSP90AB1;GNAI2;MAPK3;BUB1	76	KEGG_2021_Human
Hepatitis B	52/162	0.0429046316751752	0.176633353779617	1.36177265613885	4.28791636862072	TICAM2;MAPK14;MAPK11;MAPK12;BAX;TP53;RAF1;PCNA;RB1;ATF6B;TNF;CREB3L4;E2F1;AKT1;E2F2;E2F3;MAP3K7;EGR2;MAP2K2;MAP2K1;PRKCB;NFKB1;CCNA2;CREB1;BIRC5;TAB1;ATF4;IFNAR1;MAP2K6;JUN;MMP9;TYK2;TGFBR1;CDK2;CYCS;PIK3R3;CASP10;IRAK1;YWHAQ;CASP3;FADD;STAT1;FOS;DDB2;CCNE2;CCNE1;VDAC3;CDKN1A;IKBKB;MAPK3;HRAS;IKBKE	77	KEGG_2021_Human
Ribosome biogenesis in eukaryotes	36/108	0.0493109807835263	0.199038737273606	1.43954758190328	4.33247462251214	IMP4;WDR75;GTPBP4;DKC1;RPP25;NHP2;RAN;FBL;TCOF1;UTP15;RCL1;CSNK2B;POP7;POP5;POP4;RPP30;GNL3;GNL2;REXO5;LSG1;NVL;SPATA5;EMG1;RRP7A;GAR1;UTP14C;CSNK2A3;NOP56;RBM28;NXT1;NXT2;WDR3;HEATR1;NOB1;XPO1;RIOK1	78	KEGG_2021_Human
Folate biosynthesis	11/26	0.0496027137054097	0.199038737273606	2.10920499385471	6.33543957303659	GCH1;GGH;DHFR;QDPR;MOCS2;AKR1B1;PTS;FPGS;SPR;PCBD2;PCBD1	79	KEGG_2021_Human
Protein processing in endoplasmic reticulum	54/171	0.052641812454947	0.208593181852728	1.32942947463495	3.91416550048914	RBX1;DNAJB11;DNAJB12;HSPA1A;BAX;ERP29;HSPA1B;ATF6B;UBE2D3;UBXN2A;UBE2D2;CAPN2;WFS1;TRAF2;EIF2S1;PDIA6;DDOST;STT3A;ATF6;ATF4;HSPBP1;UBE2J1;HSPH1;BAG1;BAG2;TXNDC5;SIL1;HSP90AA1;SEC13;EIF2AK2;EIF2AK1;EIF2AK4;HSPA2;RAD23A;DNAJC1;NFE2L2;SAR1A;DNAJB2;DNAJB1;UBXN8;DNAJA1;DAD1;P4HB;DDIT3;ERO1A;HSP90AB1;PRKCSH;DERL3;LMAN1;LMAN2;SEC61A2;GANAB;BAK1;UFD1	80	KEGG_2021_Human
Lipid and atherosclerosis	66/215	0.0607196378089813	0.237631175128976	1.27611828299557	3.57503019785076	MAPK14;MAPK11;MAPK12;HSPA1A;BAX;CALM3;TP53;HSPA1B;AKT1;ATF6;ATF4;ICAM1;PPP3R1;PLCG1;TNFSF10;RHOA;JUN;VAV2;VLDLR;PPP3CB;RAP1B;FOS;MIB1;PPARG;PLCB3;ERO1A;IKBKB;HRAS;RAC1;IKBKE;TICAM2;VCAM1;ROCK2;TNF;PYCARD;RXRA;MAP3K7;TNFRSF10B;TNFRSF10A;TRAF2;NFKB1;EIF2S1;BCL2L1;TAB1;NCF2;MAP2K6;POU2F1;HSP90AA1;HSPA2;MMP9;CYCS;NFE2L2;GSK3B;PIK3R3;ITPR1;CASP6;CASP7;IRAK1;CASP3;SOD2;DDIT3;HSP90AB1;HSPD1;MAPK3;CCL3;CAMK2G	81	KEGG_2021_Human
Th17 cell differentiation	35/107	0.0665034969491467	0.257092786986335	1.39928727713871	3.79276920995411	FOXP3;MAPK14;MAPK11;MAPK12;IL23A;IL21R;RXRA;HLA-DOA;HLA-DRB5;NFKB1;HLA-DRB1;IL23R;HIF1A;PPP3R1;PLCG1;HSP90AA1;JUN;TYK2;TGFBR1;NFKBIB;IFNG;HLA-DRA;PPP3CB;HLA-DQA2;STAT1;FOS;IL2RA;HLA-DPB1;IL21;HSP90AB1;IKBKB;HLA-DMB;HLA-DPA1;MAPK3;HLA-DMA	82	KEGG_2021_Human
Fatty acid biosynthesis	8/18	0.0673283943396743	0.257145795249117	2.30038789759503	6.20684503086454	MECR;ACSL1;ACSL5;ACSL4;HSD17B8;MCAT;ACACA;CBR4	83	KEGG_2021_Human
Leishmaniasis	26/77	0.074095122070595	0.279620877337841	1.46700096932506	3.81773150528837	JUN;MAPK14;MAPK11;NFKBIB;MAPK12;IFNG;HLA-DRA;TNF;IRAK1;MAP3K7;HLA-DQA2;HLA-DOA;HLA-DRB5;STAT1;FOS;PRKCB;NFKB1;HLA-DPB1;TAB1;HLA-DRB1;ITGB2;NCF2;HLA-DMB;HLA-DPA1;MAPK3;HLA-DMA	84	KEGG_2021_Human
Glutathione metabolism	20/57	0.0766578222962852	0.285888584328499	1.5551048715901	3.99413699214447	GSTM4;GSR;GPX7;GSS;LAP3;ODC1;CHAC1;CHAC2;GSTK1;RRM2;RRM1;GSTO1;IDH2;PGD;GGCT;SMS;GSTP1;MGST2;PRDX6;GGT1	85	KEGG_2021_Human
Galactose metabolism	12/31	0.0793554867632562	0.289145854068416	1.81640241909121	4.60243257810172	GAA;GALK1;G6PC3;PFKM;GALE;PFKL;GLA;GALM;PFKP;AKR1B1;HK2;PGM2	86	KEGG_2021_Human
RNA polymerase	12/31	0.0793554867632562	0.289145854068416	1.81640241909121	4.60243257810172	POLR3GL;POLR3C;POLR3F;POLR1E;POLR3G;POLR3K;POLR2D;POLR2E;POLR2G;POLR2H;POLR2J;POLR2K	86	KEGG_2021_Human
Longevity regulating pathway	33/102	0.0832779765439309	0.29998998368666	1.37643310482743	3.42122241800795	PRKAB1;PRKAB2;HSPA1A;BAX;TP53;HSPA1B;ATF6B;CLPB;ADCY3;CREB3L4;AKT1;NFKB1;CREB1;RHEB;ATF4;EIF4EBP1;SESN2;ATG5;PRKACA;HSPA2;PIK3R3;ADIPOR1;ATG101;SOD2;CAT;RPS6KB2;PPARG;HDAC1;HDAC2;EHMT2;PRKAG1;HRAS;APPL1	88	KEGG_2021_Human
Allograft rejection	14/38	0.08875314193618	0.316120741503023	1.67773462783172	4.06329953777077	HLA-DRB5;IFNG;HLA-DRA;CD28;HLA-DPB1;HLA-DRB1;CD86;CD80;TNF;HLA-DMB;HLA-DPA1;HLA-DMA;HLA-DQA2;HLA-DOA	89	KEGG_2021_Human
PD-L1 expression and PD-1 checkpoint pathway in cancer	29/89	0.092245121329256	0.324907816237491	1.39079519636482	3.31469037323801	JUN;TICAM2;MAPK14;MAPK11;NFKBIB;MAPK12;IFNG;CD28;RAF1;PIK3R3;PPP3CB;AKT1;BATF3;MAP2K2;STAT1;MAP2K1;CSNK2A3;FOS;NFKB1;RPS6KB2;CSNK2B;CD274;HIF1A;IKBKB;PPP3R1;MAPK3;HRAS;PLCG1;MAP2K6	90	KEGG_2021_Human
Melanoma	24/72	0.0949157024610975	0.330640414067779	1.43852140077821	3.38738146293942	CDK6;CDK4;BAX;TP53;RAF1;RB1;PIK3R3;E2F1;AKT1;E2F2;E2F3;MAP2K2;CDKN2A;GADD45B;MAP2K1;GADD45A;GADD45G;DDB2;FGFR1;MDM2;CDKN1A;MAPK3;BAK1;HRAS	91	KEGG_2021_Human
IL-17 signaling pathway	30/94	0.109902823907321	0.378686904115445	1.34872906116089	2.97820784090559	HSP90AA1;JUN;CCL20;MMP9;MAPK14;CXCL10;MAPK11;MAPK12;IFNG;GSK3B;CSF2;SRSF1;TNF;ELAVL1;CASP3;FADD;MAP3K7;FOS;TRAF2;NFKB1;FOSL1;TRAF4;FOSB;ANAPC5;CEBPB;HSP90AB1;IKBKB;MAPK3;MAPK7;IKBKE	92	KEGG_2021_Human
Protein export	9/23	0.113491089300903	0.386275983538725	1.84838575585423	4.02214461875602	SRP19;SRP9;SEC11A;OXA1L;SEC61A2;IMMP1L;SPCS3;IMMP2L;SEC11C	93	KEGG_2021_Human
Toxoplasmosis	35/112	0.114714877557349	0.386275983538725	1.30798135379925	2.83217929098838	MAPK14;MAPK11;MAPK12;HSPA1A;PPIF;HSPA1B;TNF;AKT1;MAP3K7;HLA-DOA;HLA-DRB5;NFKB1;BCL2L1;TAB1;HLA-DRB1;MAP2K6;IL10RB;HSPA2;TYK2;NFKBIB;IFNG;HLA-DRA;CYCS;IRAK1;CASP3;CIITA;HLA-DQA2;STAT1;HLA-DPB1;GNAI2;IKBKB;HLA-DMB;HLA-DPA1;MAPK3;HLA-DMA	94	KEGG_2021_Human
Tuberculosis	54/180	0.11576094143905	0.386275983538725	1.23371540396981	2.66017177704343	CD74;MAPK14;MAPK11;MAPK12;IL23A;RFX5;BAX;CALM3;RAF1;TNF;AKT1;HLA-DOA;HLA-DRB5;RFXANK;NFKB1;CREB1;RFXAP;HLA-DRB1;CORO1A;PPP3R1;HSPA9;RHOA;VDR;IL10RB;SPHK2;SPHK1;IFNG;HLA-DRA;CYCS;PPP3CB;CASP10;IRAK1;CASP3;FADD;RIPK2;CIITA;HLA-DQA2;NFYB;STAT1;NFYC;HLA-DPB1;ITGB2;CEBPB;LSP1;CEBPG;TCIRG1;HSPD1;EEA1;HLA-DMB;HLA-DPA1;MAPK3;NFYA;CAMK2G;HLA-DMA	95	KEGG_2021_Human
Steroid biosynthesis	8/20	0.118463541570715	0.388930369621709	1.91673131626584	4.08867546827478	CYP51A1;DHCR24;HSD17B7;SQLE;EBP;NSDHL;CYP2R1;FDFT1	96	KEGG_2021_Human
Retrograde endocannabinoid signaling	45/148	0.119010239284876	0.388930369621709	1.25742285071606	2.67648205876051	MAPK14;MAPK11;MAPK12;NDUFB11;NDUFB10;ADCY3;GNG4;GNG5;GNG8;NDUFV2;NDUFV1;PRKCB;GNB4;NAPEPLD;PRKACA;NDUFC2;NDUFS8;NDUFS7;NDUFS6;NDUFS4;NDUFS3;NDUFS2;NDUFS1;NDUFB9;NDUFB7;NDUFB6;NDUFB5;NDUFB3;ITPR3;NDUFB2;NDUFB1;ITPR1;GNGT2;NDUFA9;NDUFA7;NDUFA6;NDUFA4;NDUFA2;PLCB3;NDUFA12;NDUFA13;NDUFA10;NDUFA11;GNAI2;MAPK3	97	KEGG_2021_Human
B cell receptor signaling pathway	26/81	0.122869141640391	0.397444060204122	1.35994196539156	2.85130243808651	JUN;CD72;VAV2;NFKBIB;RAF1;GSK3B;IFITM1;PIK3R3;PPP3CB;AKT1;MAP2K2;MAP2K1;FOS;PRKCB;NFKB1;RASGRP3;DAPP1;CD79B;IKBKB;PPP3R1;CD79A;MAPK3;RAC3;HRAS;RAC1;RAC2	98	KEGG_2021_Human
Viral carcinogenesis	60/203	0.127397449007466	0.407929205407744	1.20785562399982	2.48871834131715	SND1;ACTN1;MRPS18B;CDC20;BAX;PSMC1;TP53;RB1;CHEK1;CREB3L4;EGR2;SNW1;ATF4;PRKACA;SKP2;RHOA;JUN;GTF2H2C;CDKN2A;CDKN2B;RANBP1;GTF2H2;GTF2H3;CCNE2;CCNE1;CDKN1A;HRAS;RAC1;ATF6B;CCND3;TRAF1;TRAF2;NFKB1;CCNA2;CREB1;MDM2;PMAIP1;EIF2AK2;RBL1;CDK6;CDK4;CDK2;CDK1;YWHAE;PIK3R3;YWHAQ;CASP3;YWHAH;PKM;DNAJA3;VDAC3;VAC14;HDAC6;HDAC3;HDAC1;HDAC2;HDAC8;POLB;MAPK3;BAK1	99	KEGG_2021_Human
Adherens junction	23/71	0.12975796435132	0.411332746993684	1.37831485443818	2.81463523019594	RHOA;ACTN1;LMO7;TGFBR1;PTPRF;FER;ACTB;WASF1;ACP1;MAP3K7;CSNK2A3;SORBS1;CSNK2B;FGFR1;SNAI1;SSX2IP;NECTIN3;ACTG1;WAS;MAPK3;RAC3;RAC1;RAC2	100	KEGG_2021_Human
Alanine, aspartate and glutamate metabolism	13/37	0.134914208146767	0.421885217444141	1.55759399469359	3.12004176031301	CAD;GOT2;ADSL;GOT1;GPT2;ASNS;ASRGL1;ALDH5A1;ALDH4A1;NIT2;IL4I1;PPAT;ASL	101	KEGG_2021_Human
Kaposi sarcoma-associated herpesvirus infection	57/193	0.13574855577067	0.421885217444141	1.20638915444776	2.40909997904012	MAPK14;MAPK11;MAPK12;BAX;CALM3;TP53;RB1;GNG4;GNG5;GNG8;E2F1;AKT1;E2F2;E2F3;ATG3;HIF1A;ICAM1;PPP3R1;PLCG1;CCR1;JUN;TYK2;GNGT2;PPP3CB;FADD;STAT1;FOS;CDKN1A;IKBKB;HRAS;RAC1;IKBKE;RAF1;CD86;CSF2;MICA;MICB;MAP2K2;MAP2K1;TRAF2;NFKB1;RCAN1;CREB1;GNB4;IFNAR1;MAP2K6;EIF2AK2;CDK6;CDK4;CYCS;GSK3B;ITPR3;PIK3R3;ITPR1;CASP3;MAPK3;BAK1	102	KEGG_2021_Human
Measles	42/139	0.138126943717981	0.425109137462137	1.24596545324998	2.46649095163571	HSPA1A;BAX;TP53;HSPA1B;CCND3;AKT1;MAP3K7;NFKB1;EIF2S1;TP73;CSNK2B;BCL2L1;IFNAR1;JUN;EIF2AK2;EIF2AK1;EIF2AK4;HSPA2;TYK2;NFKBIB;CDK6;OAS3;CDK4;CDK2;CD28;CYCS;GSK3B;PIK3R3;BBC3;IRAK1;CASP3;FADD;STAT1;CSNK2A3;FOS;CCNE2;IL2RA;CCNE1;EIF3H;IKBKB;BAK1;IKBKE	103	KEGG_2021_Human
Amino sugar and nucleotide sugar metabolism	16/48	0.152540550771149	0.464955332638983	1.43783993783994	2.70360611020903	PMM1;GALK1;GALE;GPI;CMAS;HEXB;NPL;HK2;NANP;NANS;GMDS;GMPPA;FPGT;GMPPB;GNPNAT1;PGM2	104	KEGG_2021_Human
Neurotrophin signaling pathway	36/119	0.157848894513802	0.476553329151193	1.24783376877244	2.30364721780829	MAPK14;MAPK11;MAPK12;BAX;CALM3;TP53;RAF1;ZNF274;AKT1;MAP2K5;MAP2K2;MAP2K1;NFKB1;TP73;ATF4;BEX3;MAGED1;PLCG1;RHOA;JUN;NFKBIB;GSK3B;YWHAE;PIK3R3;RAP1B;IRAK1;RIPK2;NTRK2;SORT1;RPS6KA5;IKBKB;MAPK3;HRAS;RAC1;CAMK2G;MAPK7	105	KEGG_2021_Human
Basal transcription factors	15/45	0.162460992266376	0.485850325928691	1.43775490386483	2.61285693704568	TAF15;TAF11;GTF2H2;GTF2F1;GTF2H3;GTF2F2;TAF6L;ERCC3;TAF4B;TAF9;TAF8;TAF6;GTF2H2C;TAF5;TAF9B	106	KEGG_2021_Human
AMPK signaling pathway	36/120	0.171848771651831	0.508451963368061	1.23289503008692	2.17130127542387	PRKAB1;PRKAB2;SCD;CREB3L4;AKT1;MAP3K7;SREBF1;CCNA2;CREB1;RHEB;EIF4EBP1;LIPE;PPP2R5D;G6PC3;PIK3R3;ADIPOR1;ELAVL1;ACACA;PCK2;CPT1B;SCD5;PPP2R3A;PPP2R3C;PPP2R3B;RAB11B;PPP2CA;TBC1D1;PFKM;PFKL;RPS6KB2;PPARG;PFKP;PRKAG1;GYS1;PPP2R1B;RAB8A	107	KEGG_2021_Human
Graft-versus-host disease	14/42	0.173226536415617	0.508451963368061	1.43766990291262	2.52045829657047	HLA-DRB5;IFNG;HLA-DRA;CD28;HLA-DPB1;HLA-DRB1;CD86;CD80;TNF;HLA-DMB;HLA-DPA1;HLA-DMA;HLA-DQA2;HLA-DOA	108	KEGG_2021_Human
Phenylalanine, tyrosine and tryptophan biosynthesis	3/6	0.182586911176816	0.531009640761933	2.87405541561713	4.88741456373627	IL4I1;GOT2;GOT1	109	KEGG_2021_Human
Glucagon signaling pathway	32/107	0.194204752282275	0.559662786122557	1.22720706677059	2.01119879340842	PRKAB1;PRKAB2;SIK2;CALM3;CREB3L4;AKT1;PHKA1;PHKB;CREB1;ATF4;PPP3R1;PPP4C;PRKACA;G6PC3;ITPR3;ACACA;ITPR1;LDHC;PPP3CB;LDHB;PCK2;CPT1B;PGAM1;PKM;PFKM;PFKL;PLCB3;PFKP;PRKAG1;GYS1;PHKG2;CAMK2G	110	KEGG_2021_Human
Rheumatoid arthritis	28/93	0.202073856724343	0.573866740530604	1.23888090103043	1.98112173030605	JUN;IL15;CCL20;IL23A;IFNG;HLA-DRA;CD28;CD86;CSF2;CD80;TNF;CTSL;HLA-DQA2;HLA-DOA;ATP6V0E2;HLA-DRB5;FOS;HLA-DPB1;HLA-DRB1;ITGB2;TCIRG1;ICAM1;HLA-DMB;HLA-DPA1;TNFSF11;CCL3;HLA-DMA;ATP6V1C2	111	KEGG_2021_Human
Human cytomegalovirus infection	64/225	0.202754179619646	0.573866740530604	1.14383144562173	1.82528157895735	MAPK14;MAPK11;MAPK12;BAX;CALM3;TP53;RB1;ADCY3;GNG4;CREB3L4;GNG5;GNG8;E2F1;AKT1;E2F2;E2F3;PRKCB;ATF4;PPP3R1;PRKACA;CCR1;RHOA;IL10RB;GNGT2;PPP3CB;FADD;CDKN2A;PLCB3;CDKN1A;GNAI2;IKBKB;RAC3;HRAS;RAC1;RAC2;RAF1;ROCK2;ATF6B;TNF;MAP2K2;MAP2K1;TRAF2;NFKB1;CREB1;RHEB;GNB4;MDM2;CCL4L2;EIF4EBP1;MAP2K6;SP1;CDK6;CDK4;CYCS;GSK3B;ITPR3;CGAS;PIK3R3;ITPR1;CASP3;RPS6KB2;MAPK3;CCL3;BAK1	112	KEGG_2021_Human
Prostate cancer	29/97	0.208968473876512	0.586221293972161	1.2265078183172	1.9201861522961	SPINT1;TP53;RAF1;RB1;CREB3L4;E2F1;AKT1;E2F2;E2F3;MAP2K2;MAP2K1;NFKB1;CREB1;FGFR1;ATF4;MDM2;HSP90AA1;MMP9;CDK2;GSK3B;PIK3R3;CCNE2;CCNE1;HSP90AB1;CDKN1A;GSTP1;IKBKB;MAPK3;HRAS	113	KEGG_2021_Human
Sphingolipid signaling pathway	35/119	0.21211513693555	0.589828933408503	1.1984142457919	1.85829235179004	MAPK14;MAPK11;MAPK12;BAX;TP53;RAF1;ROCK2;SGMS2;SGMS1;TNF;AKT1;CERS6;MAP2K2;MAP2K1;PRKCB;TRAF2;NFKB1;RHOA;SPHK2;SPHK1;PPP2R5D;PIK3R3;PPP2R3A;PPP2R3C;PPP2R3B;SGPP2;PPP2CA;PLCB3;GNAI2;PPP2R1B;MAPK3;RAC3;HRAS;RAC1;RAC2	114	KEGG_2021_Human
Inflammatory bowel disease	20/65	0.217568928066177	0.599733479973722	1.2779505788837	1.94918078887456	JUN;FOXP3;IL23A;IFNG;HLA-DRA;IL18R1;IL21R;TNF;HLA-DQA2;HLA-DOA;HLA-DRB5;STAT1;NFKB1;HLA-DPB1;HLA-DRB1;IL21;IL23R;HLA-DMB;HLA-DPA1;HLA-DMA	115	KEGG_2021_Human
Mannose type O-glycan biosynthesis	8/23	0.223263170450695	0.610124353731642	1.53307473493664	2.29869849225021	B3GALNT2;POMT2;FUT4;B4GAT1;CHST10;RXYLT1;FKTN;ST3GAL3	116	KEGG_2021_Human
Hepatitis C	45/157	0.232004206433023	0.62859259349802	1.15567354114922	1.68843878509874	CXCL10;BAX;TP53;RAF1;RB1;TNF;RXRA;E2F1;AKT1;E2F2;E2F3;MAP2K2;MAP2K1;TRAF2;NFKB1;EIF2S1;IFNAR1;EIF2AK2;EIF2AK1;EIF2AK4;TYK2;CDK6;OAS3;CDK4;IFNG;CDK2;CYCS;GSK3B;YWHAE;PIK3R3;YWHAQ;CASP3;FADD;YWHAH;STAT1;NR1H3;PPP2CA;CDKN1A;IKBKB;PPP2R1B;MAPK3;BAK1;HRAS;IKBKE;SCARB1	117	KEGG_2021_Human
Intestinal immune network for IgA production	15/48	0.23918480504444	0.642555789822775	1.30678507742015	1.86938059857417	IL15RA;HLA-DRB5;IL15;HLA-DRA;CD28;HLA-DPB1;CCL28;HLA-DRB1;CD86;CD80;HLA-DMB;HLA-DPA1;HLA-DMA;HLA-DQA2;HLA-DOA	118	KEGG_2021_Human
Ferroptosis	13/41	0.242411011352803	0.643361970784221	1.33472002662451	1.89145924422241	ACSL1;GSS;ACSL5;ACSL4;VDAC3;VDAC2;TP53;TFRC;PCBP1;SLC3A2;PCBP2;SLC39A8;ATG5	119	KEGG_2021_Human
Sulfur metabolism	4/10	0.243543963703806	0.643361970784221	1.91602067183463	2.7062983499161	TST;ETHE1;MPST;PAPSS1	120	KEGG_2021_Human
Central carbon metabolism in cancer	21/70	0.249613910732242	0.653947187620832	1.23221577178412	1.71011822820335	SIRT6;TP53;RAF1;PIK3R3;SLC1A5;HK2;LDHC;LDHB;AKT1;MAP2K2;MAP2K1;PGAM1;IDH2;PKM;PFKM;PFKL;FGFR1;PFKP;HIF1A;MAPK3;HRAS	121	KEGG_2021_Human
NOD-like receptor signaling pathway	51/181	0.25775057064934	0.659799595579878	1.12835457130392	1.529781313349	MAPK14;MAPK11;MAPK12;TRIP6;NOD1;TNF;PYCARD;DHX33;IFI16;GBP1;MAP3K7;GBP4;TRAF2;NFKB1;BCL2L1;CARD17;TAB1;IFNAR1;TXN2;TXN;BRCC3;ATG5;CTSB;GSDMD;RHOA;HSP90AA1;JUN;TYK2;NFKBIB;OAS3;MCU;YWHAE;ITPR3;ITPR1;SHARPIN;PANX1;PSTPIP1;FADD;RIPK2;STAT1;AIM2;SUGT1;VDAC3;VDAC2;VDAC1;PLCB3;HSP90AB1;IKBKB;NAMPT;MAPK3;IKBKE	122	KEGG_2021_Human
Cushing syndrome	44/155	0.25801978176577	0.659799595579878	1.1400267454955	1.54441591940905	ARMC5;RB1;ATF6B;ADCY3;RASD1;CREB3L4;E2F1;E2F2;E2F3;PDE8A;MAP2K2;FZD3;FZD6;MAP2K1;AIP;CREB1;NCEH1;ATF4;NR4A1;PRKACA;SP1;CDK6;CDK4;CDK2;GSK3B;ITPR3;ITPR1;RAP1B;DVL3;CDKN2C;CDKN2A;CDKN2B;POMC;CCNE2;CCNE1;PLCB3;FH;CDKN1A;WDR5;GNAI2;ASH2L;MAPK3;CAMK2G;SCARB1	123	KEGG_2021_Human
PPAR signaling pathway	22/74	0.258091955368785	0.659799595579878	1.21640786284894	1.64755066463526	GK;HMGCS1;ACSL1;ACSL5;ACSL4;SCD;SLC27A2;DBI;RXRA;CPT2;PCK2;CPT1B;NR1H3;SCD5;SORBS1;FABP5;PPARG;SLC27A5;LPL;ACADM;SCP2;FADS2	124	KEGG_2021_Human
Asthma	10/31	0.262945110642166	0.666828800588534	1.36879353992276	1.82844806211172	HLA-DRB5;HLA-DRA;HLA-DPB1;HLA-DRB1;TNF;HLA-DMB;HLA-DPA1;HLA-DMA;HLA-DQA2;HLA-DOA	125	KEGG_2021_Human
Herpes simplex virus 1 infection	135/498	0.268165219560857	0.674669639688823	1.0702964130358	1.40867276196092	BAX;ZNF273;AKT1;ZNF268;HLA-DRB5;ZNF141;ZNF140;ZNF382;HCFC1;ZNF37A;ZNF136;ZNF257;HLA-DRB1;ZNF133;ZNF254;ZNF132;ZNF253;ZNF250;ZNF492;ZNF23;ZNF20;ZNF486;ZNF599;ZNF596;ZNF473;ZNF470;ZNF43;ZNF41;HLA-DQA2;ZNF100;ZNF584;STAT1;HLA-DPB1;IKBKB;HLA-DMB;HLA-DPA1;ZNF689;ZNF688;HLA-DMA;IKBKE;ZIK1;ZNF443;ZNF442;ZNF563;ZNF684;ZNF441;ZNF440;ZNF682;ZNF680;PPP1CA;SRSF3;ZNF439;ZNF799;SRSF7;ZNF551;ZNF670;SRSF1;TNF;PPP1CC;ZFP37;ZNF548;ZNF669;ZNF426;MAP3K7;ZNF544;ZNF785;HLA-DOA;EIF2B5;EIF2B3;TRAF2;NFKB1;RHEB;BCL2L1;ZNF416;ZNF658;IFNAR1;ZNF773;ZNF530;ZNF891;EIF4EBP1;ZFP57;ZNF888;EIF2B2;EIF2B1;EIF2AK2;EIF2AK1;EIF2AK4;ZFP69;ZNF519;ZNF517;HLA-DRA;ZNF749;ZNF620;ZNF619;ZNF616;ZNF736;ZNF850;ZNF726;BAK1;ZNF718;ZNF836;ZNF714;TP53;ZNF324B;ZNF829;ZNF823;ZNF700;TNFSF14;SRPK1;ZNF816;ZNF814;ZNF813;TYK2;BST2;ZNF780B;FADD;CD74;ALYREF;ZNF79;ZNF81;ZNF85;EIF2S1;ZNF90;ZNF93;TAB1;POU2F1;OAS3;IFNG;CYCS;CGAS;PIK3R3;IRAK1;CASP3;ZNF182;LTA	126	KEGG_2021_Human
Toll-like receptor signaling pathway	30/104	0.272250808366631	0.67685021085765	1.1656787289822	1.51658480119919	TICAM2;MAPK14;CXCL10;MAPK11;MAPK12;CD86;CD80;TNF;AKT1;MAP3K7;MAP3K8;MAP2K2;MAP2K1;NFKB1;TAB1;IFNAR1;CCL4L2;MAP2K6;JUN;IRF5;PIK3R3;IRAK1;FADD;STAT1;FOS;IKBKB;MAPK3;CCL3;RAC1;IKBKE	127	KEGG_2021_Human
Pathogenic Escherichia coli infection	55/197	0.273302293343152	0.67685021085765	1.11398278100783	1.44503261330804	MAPK14;MAPK11;MAPK12;BAX;CYFIP2;CYFIP1;ARPC5L;ACTB;TNFSF10;RHOA;JUN;TUBB;TUBB2A;ARPC1B;FADD;FOS;TUBB4B;TUBB4A;CTTN;ARF6;TUBA1A;IKBKB;TUBA1C;TUBA1B;RAC1;TUBA8;ROCK2;TNF;PYCARD;PAK1;TUBB6;TUBB3;MAP3K7;ARPC5;TNFRSF10B;TNFRSF10A;TRAF2;NFKB1;ARPC3;ARPC2;TAB1;ACTG1;NFKBIB;CYCS;BRK1;CASP7;IRAK1;CASP3;WASF1;MYO1E;MYO1B;GAPDH;MYO1G;MAPK3;BAK1	128	KEGG_2021_Human
Pantothenate and CoA biosynthesis	7/21	0.28593194902754	0.699694152745122	1.43707581927477	1.79922099072052	PANK1;PANK2;PPCDC;COASY;ALDH1B1;BCAT2;BCAT1	129	KEGG_2021_Human
Hepatocellular carcinoma	47/168	0.286940819737747	0.699694152745122	1.11701070972306	1.39456473499334	SMARCA4;BAX;TP53;RAF1;RB1;SMARCB1;KEAP1;ACTB;E2F1;AKT1;E2F2;E2F3;MAP2K2;FZD3;FZD6;GADD45B;MAP2K1;ACTL6A;GADD45A;GADD45G;PRKCB;BCL2L1;ACTG1;MGST2;PLCG1;GSTM4;TXNRD2;TXNRD1;TGFBR1;CDK6;CDK4;NFE2L2;GSK3B;PIK3R3;DVL3;NQO1;CDKN2A;PBRM1;GSTO1;DDB2;RPS6KB2;CDKN1A;GSTP1;MAPK3;BAK1;HRAS;BRD7	130	KEGG_2021_Human
Arginine and proline metabolism	15/50	0.297003128368649	0.716123591873037	1.23194517659462	1.49559697552751	GAMT;PYCR1;PYCR2;ALDH4A1;LAP3;P4HA2;ODC1;GOT2;ARG2;GOT1;AGMAT;SMS;ALDH9A1;ALDH1B1;CKB	131	KEGG_2021_Human
Glycerolipid metabolism	18/61	0.298196574533883	0.716123591873037	1.2033460172272	1.4560515253873	GK;AGK;GLYCTK;AKR1A1;GLA;AGPAT1;LCLAT1;TKFC;MBOAT2;MBOAT1;PLPP5;GPAM;ALDH9A1;PLPP1;AKR1B1;LPL;ALDH1B1;GPAT2	132	KEGG_2021_Human
Porphyrin and chlorophyll metabolism	13/43	0.305637810098342	0.728475081211836	1.24557043939688	1.47644253188202	MMAB;UROS;HMBS;BLVRA;ALAS1;CPOX;PPOX;ALAD;UROD;COX15;GUSB;COX10;EARS2	133	KEGG_2021_Human
Endometrial cancer	17/58	0.3168120668447	0.749473322311717	1.19186170490032	1.36998130091336	BAX;TP53;RAF1;GSK3B;PIK3R3;AKT1;MAP2K2;MLH1;GADD45B;MAP2K1;GADD45A;GADD45G;DDB2;CDKN1A;MAPK3;BAK1;HRAS	134	KEGG_2021_Human
Gap junction	25/88	0.326476209395714	0.766614506506974	1.14074753596061	1.27695073667167	TUBB;TUBB2A;TUBA8;CDK1;RAF1;ITPR3;ADCY3;ITPR1;TUBB6;TUBB3;MAP2K5;MAP2K2;MAP2K1;PRKCB;TUBB4B;TUBB4A;PLCB3;TUBA1A;GNAI2;TUBA1C;TUBA1B;MAPK3;HRAS;MAPK7;PRKACA	135	KEGG_2021_Human
Th1 and Th2 cell differentiation	26/92	0.332769906537593	0.770507733887537	1.13244158203286	1.24603000156095	JUN;TYK2;MAPK14;MAPK11;NFKBIB;MAPK12;IFNG;HLA-DRA;PPP3CB;HLA-DQA2;HLA-DOA;JAG1;HLA-DRB5;STAT1;FOS;NFKB1;IL2RA;HLA-DPB1;HLA-DRB1;IKBKB;PPP3R1;HLA-DMB;HLA-DPA1;MAPK3;PLCG1;HLA-DMA	136	KEGG_2021_Human
Arginine biosynthesis	7/22	0.332995455970324	0.770507733887537	1.34118027276841	1.47479728180806	GOT2;ARG2;GOT1;ACY1;GPT2;ASL;NAGS	137	KEGG_2021_Human
Thiamine metabolism	5/15	0.34083891838361	0.782941573388438	1.43690637720488	1.54660741617812	AK2;AK4;NTPCR;NFS1;ACP1	138	KEGG_2021_Human
T cell receptor signaling pathway	29/104	0.350021652520721	0.798250819058047	1.11150665368387	1.1668155160607	MAPK14;MAPK11;MAPK12;RAF1;CSF2;TNF;PAK1;AKT1;MAP3K7;MAP3K8;MAP2K2;MAP2K1;NFKB1;PPP3R1;PLCG1;RHOA;JUN;VAV2;NFKBIB;CDK4;IFNG;CD28;GSK3B;PIK3R3;PPP3CB;FOS;IKBKB;MAPK3;HRAS	139	KEGG_2021_Human
Cytosolic DNA-sensing pathway	18/63	0.353658037764414	0.80078284265228	1.14970851146522	1.19503557147866	POLR3GL;CXCL10;NFKBIB;POLR3C;POLR3F;POLR3G;POLR3K;CGAS;PYCARD;NFKB1;AIM2;CCL4L2;IKBKB;POLR2E;TREX1;POLR2H;POLR2K;IKBKE	140	KEGG_2021_Human
Lysosome	35/128	0.378874484902302	0.851795827759077	1.08177829210666	1.04992024934555	AP1S1;AP1B1;GLA;AP3M2;LAMP3;ARSB;SLC11A1;M6PR;AP4B1;PPT2;PPT1;AP1S3;AP1S2;CTSB;CTSA;FUCA2;NPC2;DNASE2;ABCB9;CLTA;CTSV;CTSL;CTSH;AP1M1;CTSC;SORT1;GAA;NAGA;HEXB;TCIRG1;AP1G2;NAGLU;AGA;AP3S2;GUSB	141	KEGG_2021_Human
Dopaminergic synapse	36/132	0.3831122021563	0.85234498331075	1.07790561622465	1.03417215768635	PPP1CA;MAPK14;MAPK11;MAPK12;CALM3;ATF6B;COMT;PPP1CC;GNG4;CREB3L4;GNG5;GNG8;AKT1;PRKCB;CREB1;GNB4;LRTOMT;ATF4;PRKACA;PPP2R5D;GSK3B;ITPR3;ITPR1;GNGT2;PPP3CB;FOS;PPP2R3A;PPP2R3C;PPP2R3B;PPP2CA;PLCB3;CLOCK;ARRB2;GNAI2;PPP2R1B;CAMK2G	142	KEGG_2021_Human
Choline metabolism in cancer	27/98	0.384496317392547	0.85234498331075	1.09302300076496	1.04473441165005	RAF1;AKT1;MAP2K2;MAP2K1;PLA2G4C;PRKCB;RHEB;PLPP1;SLC22A5;EIF4EBP1;HIF1A;PLCG1;JUN;LYPLA1;CHKB;SP1;SLC44A1;PIK3R3;WASF1;FOS;RPS6KB2;WAS;MAPK3;RAC3;HRAS;RAC1;RAC2	143	KEGG_2021_Human
Fc epsilon RI signaling pathway	19/68	0.388951352560907	0.856233185845886	1.11442851192955	1.05235595921102	VAV2;MAPK14;MAPK11;MAPK12;RAF1;CSF2;PIK3R3;TNF;AKT1;MAP2K2;MAP2K1;PLA2G4C;MAPK3;RAC3;HRAS;PLCG1;RAC1;RAC2;MAP2K6	144	KEGG_2021_Human
Legionellosis	16/57	0.397468836604602	0.868949111749371	1.121534292266	1.03477099350584	HSPA2;EEF1G;HSPA1A;CYCS;HSPA1B;RAB1B;SAR1A;HBS1L;TNF;BCL2L13;PYCARD;CASP7;CASP3;NFKB1;ITGB2;HSPD1	145	KEGG_2021_Human
Pertussis	21/76	0.401305244843973	0.871327141202324	1.09734679087197	1.00191375806735	RHOA;JUN;TICAM2;MAPK14;MAPK11;MAPK12;IL23A;IRF8;CALM3;NOD1;TNF;PYCARD;CASP7;IRAK1;CFL1;CASP3;FOS;NFKB1;ITGB2;GNAI2;MAPK3	146	KEGG_2021_Human
Renal cell carcinoma	19/69	0.41695761907736	0.893694716149196	1.09206608357629	0.955307407195874	JUN;RBX1;RAF1;EPAS1;PRCC;PIK3R3;PAK1;RAP1B;AKT1;MAP2K2;MAP2K1;FH;CDKN1A;HIF1A;MAPK3;ELOB;ELOC;HRAS;RAC1	147	KEGG_2021_Human
Nicotinate and nicotinamide metabolism	10/35	0.417245482618552	0.893694716149196	1.14947613504074	1.00473472434758	SIRT6;NMNAT1;QPRT;NT5C2;PNP;NNT;NAMPT;NT5C;NT5M;CD38	148	KEGG_2021_Human
Various types of N-glycan biosynthesis	11/39	0.426147368027826	0.906635675602824	1.12894014582351	0.9629521418836	ALG9;ALG3;ALG14;ALG1;ALG12;DDOST;DAD1;STT3A;HEXB;FUT8;ST3GAL3	149	KEGG_2021_Human
Oxytocin signaling pathway	41/154	0.440139250647485	0.930160949701685	1.04274320736432	0.855741940197088	CACNA2D4;PRKAB1;PRKAB2;PPP1CA;MYL9;CALM3;RAF1;ROCK2;ADCY3;PPP1CC;ACTB;MAP2K5;MAP2K2;MAP2K1;PLA2G4C;PRKCB;RCAN1;ACTG1;MYL6B;PPP3R1;RGS2;PRKACA;RHOA;JUN;PPP1R12B;CAMK1;PPP1R12C;ITPR3;ITPR1;PPP3CB;CD38;FOS;PLCB3;RYR1;CDKN1A;PRKAG1;GNAI2;MAPK3;HRAS;CAMK2G;MAPK7	150	KEGG_2021_Human
Fc gamma R-mediated phagocytosis	26/97	0.450631415896841	0.94602754198211	1.05233581324459	0.838822699595901	RAF1;ARPC5L;PAK1;AKT1;CFL1;MAP2K1;PLA2G4C;ARPC5;PRKCB;ARPC3;ARPC2;PLPP1;PLCG1;SPHK2;LIMK2;SPHK1;VAV2;ARPC1B;PIK3R3;WASF1;RPS6KB2;ARF6;WAS;MAPK3;RAC1;RAC2	151	KEGG_2021_Human
Primary bile acid biosynthesis	5/17	0.457489189255081	0.954105743380662	1.19726045099179	0.936260096636274	ACOT8;HSD17B4;AMACR;SCP2;SLC27A5	152	KEGG_2021_Human
HIF-1 signaling pathway	29/109	0.46193090797694	0.95707253482804	1.04168451801363	0.804534567430853	RBX1;AKT1;MAP2K2;MAP2K1;PRKCB;NFKB1;TFRC;EIF4EBP1;ENO1;ENO2;ENO3;HIF1A;PLCG1;IFNG;PIK3R3;HK2;LDHC;LDHB;MKNK1;PFKM;PFKL;RPS6KB2;GAPDH;PFKP;CDKN1A;MAPK3;ELOB;ELOC;CAMK2G	153	KEGG_2021_Human
Ubiquitin mediated proteolysis	37/140	0.466705872323236	0.958594919666905	1.03226777710238	0.786645898004205	UBE2I;UBE2C;UBE2A;RBX1;CDC20;UBOX5;UBE2S;UBE2M;UBE2N;KEAP1;UBE2D3;UBE2D2;UBE2L3;CDC23;FANCL;UBA2;MDM2;SAE1;ANAPC11;RHOBTB2;UBE2J1;SKP2;CUL4B;PRPF19;DET1;BRCA1;UBE2E3;WWP2;DDB2;NEDD4;ERCC8;ANAPC5;TRIM37;ANAPC7;ELOB;FBXO4;ELOC	154	KEGG_2021_Human
Long-term potentiation	18/67	0.468713604253534	0.958594919666905	1.05556921563806	0.799871663912712	PPP1CA;CALM3;RAF1;ITPR3;ITPR1;PPP1CC;PPP3CB;RAP1B;MAP2K2;MAP2K1;PRKCB;PLCB3;ATF4;PPP3R1;MAPK3;HRAS;CAMK2G;PRKACA	155	KEGG_2021_Human
Autophagy	36/137	0.483883722997875	0.970830001204597	1.02419641340109	0.743475076875191	ATG10;ATG16L2;ULK2;RAF1;MTMR4;AKT1;MAP3K7;ATG3;MAP2K2;MAP2K1;RAB39B;EIF2S1;RHEB;BCL2L1;HIF1A;MLST8;ATG5;PRKACA;CTSB;EIF2AK4;ATG4C;HMGB1;PIK3R3;ITPR1;ATG101;CTSL;RRAS2;SNAP29;IGBP1;DAPK3;PPP2CA;RPS6KB2;DDIT4;MAPK3;RAB8A;HRAS	156	KEGG_2021_Human
Insulin signaling pathway	36/137	0.483883722997875	0.970830001204597	1.02419641340109	0.743475076875191	PRKAB1;PRKAB2;PPP1CA;CALM3;RAF1;PPP1CC;AKT1;SREBF1;MAP2K2;MAP2K1;PHKA1;PHKB;RHEB;PRKAR1B;EIF4EBP1;LIPE;FLOT2;FLOT1;PRKACA;PTPRF;G6PC3;GSK3B;PIK3R3;ACACA;HK2;MKNK1;PCK2;SORBS1;RPS6KB2;TRIP10;PRKAG1;GYS1;IKBKB;PHKG2;MAPK3;HRAS	156	KEGG_2021_Human
Yersinia infection	36/137	0.483883722997875	0.970830001204597	1.02419641340109	0.743475076875191	MAPK14;MAPK11;MAPK12;ROCK2;ARPC5L;TNF;ACTB;PYCARD;AKT1;MAP3K7;MAP2K2;MAP2K1;ARPC5;TRAF2;NFKB1;ARPC3;ARPC2;TAB1;ACTG1;PLCG1;MAP2K6;RHOA;JUN;VAV2;GSK3B;ARPC1B;PIK3R3;IRAK1;FOS;ARF6;WAS;IKBKB;MAPK3;RAC3;RAC1;RAC2	156	KEGG_2021_Human
Shigellosis	64/246	0.496396739045716	0.989671486021961	1.01040293040293	0.707665797141877	ACTN1;MAPK14;MAPK11;MAPK12;BAX;MYL9;PFN1;TLN1;TP53;TIFA;ARPC5L;NOD1;ACTB;CAPNS1;AKT1;MYL12A;MYLPF;PLCG1;ATG5;RHOA;JUN;ARPC1B;RIPK2;CTTN;UBE2V2;PLCB3;ARF6;IKBKB;RAC1;RBX1;UBE2N;CSF2;ROCK2;UBE2D3;UBE2D2;TNF;PYCARD;CAPN2;MAP3K7;GLMN;ARPC5;TRAF2;NFKB1;ARPC3;ARPC2;BCL2L1;TAB1;MDM2;ACTG1;CBX3;NFKBIB;CYCS;GSK3B;ITPR3;CGAS;PIK3R3;HK2;ITPR1;SHARPIN;WASF1;RPS6KB2;VDAC1;RPS6KA5;MAPK3	159	KEGG_2021_Human
FoxO signaling pathway	34/131	0.519516321418574	1	1.00706577440164	0.65948412357418	PRKAB1;PRKAB2;MAPK14;MAPK11;MAPK12;RAF1;AKT1;PLK4;MAP2K2;PLK1;GADD45B;MAP2K1;GADD45A;GADD45G;MDM2;CCNB2;CCNB1;TNFSF10;SKP2;TGFBR1;G6PC3;CDK2;SGK1;PIK3R3;PCK2;CDKN2D;CDKN2B;SOD2;CAT;CDKN1A;PRKAG1;IKBKB;MAPK3;HRAS	160	KEGG_2021_Human
C-type lectin receptor signaling pathway	27/104	0.524422426134462	1	1.00744281997932	0.650261788617681	MAPK14;MAPK11;MAPK12;IL23A;CALM3;RAF1;TNF;PYCARD;PAK1;AKT1;EGR2;NFKB1;MDM2;PPP3R1;RHOA;JUN;ITPR3;PIK3R3;ITPR1;PPP3CB;RRAS2;STAT1;LSP1;IKBKB;MAPK3;HRAS;IKBKE	161	KEGG_2021_Human
NF-kappa B signaling pathway	27/104	0.524422426134462	1	1.00744281997932	0.650261788617681	UBE2I;TICAM2;VCAM1;TNF;MAP3K7;EDARADD;GADD45B;GADD45A;TNFSF14;GADD45G;TRAF1;PRKCB;TRAF2;NFKB1;CSNK2B;BCL2L1;TAB1;CCL4L2;ICAM1;TNFSF11;PLCG1;IRAK1;PIDD1;CSNK2A3;PARP1;LTA;IKBKB	161	KEGG_2021_Human
Adipocytokine signaling pathway	18/69	0.525829331022475	1	1.01403717336138	0.651801379057018	ACSL1;ACSL5;ACSL4;PRKAB1;PRKAB2;NFKBIB;G6PC3;TNF;ADIPOR1;RXRA;AKT1;PCK2;CPT1B;TRAF2;NFKB1;POMC;PRKAG1;IKBKB	163	KEGG_2021_Human
Phagosome	39/152	0.549428161931587	1	0.991490610835312	0.593781167644997	TUBA8;STX18;ACTB;TUBB6;TUBB3;HLA-DOA;HLA-DRB5;M6PR;HGS;HLA-DRB1;NCF2;TFRC;ACTG1;CORO1A;ATP6V1C2;ITGA2;TUBB;TUBB2A;HLA-DRA;CTSL;DYNC1I2;HLA-DQA2;ATP6V0E2;TUBB4B;TUBB4A;HLA-DPB1;ITGB2;TCIRG1;THBS1;TUBA1A;EEA1;SEC61A2;HLA-DMB;TUBA1C;TUBA1B;HLA-DPA1;RAC1;HLA-DMA;SCARB1	164	KEGG_2021_Human
Aminoacyl-tRNA biosynthesis	17/66	0.551701280986841	1	0.996732790648803	0.592805368835118	SARS2;PARS2;TARS2;AARS2;YARS2;GATB;QRSL1;DARS2;LARS2;FARSB;FARSA;FARS2;SEPSECS;NARS2;PSTK;EARS2;VARS2	165	KEGG_2021_Human
RIG-I-like receptor signaling pathway	18/70	0.553785422518861	1	0.994469191904093	0.587709405378895	MAPK14;CXCL10;MAPK11;NFKBIB;MAPK12;TNF;TKFC;CASP10;FADD;MAP3K7;AZI2;ISG15;TRAF2;NFKB1;PIN1;IKBKB;ATG5;IKBKE	166	KEGG_2021_Human
Thyroid hormone signaling pathway	31/121	0.55496600699983	1	0.989514470636621	0.582674028406397	ATP1B1;TP53;RAF1;ACTB;RXRA;AKT1;MAP2K2;MAP2K1;PRKCB;MED24;RCAN1;RHEB;MDM2;ACTG1;HIF1A;MED30;PLCG1;PRKACA;FXYD2;GSK3B;PIK3R3;STAT1;PFKM;PFKL;PLCB3;PFKP;HDAC3;HDAC1;HDAC2;MAPK3;HRAS	167	KEGG_2021_Human
Glycosaminoglycan degradation	5/19	0.567429637697227	1	1.02608478941102	0.581419170314328	ARSB;HEXB;NAGLU;HPSE;GUSB	168	KEGG_2021_Human
Circadian rhythm	8/31	0.569090661584722	1	0.999291665261241	0.563316223314047	PRKAB1;PRKAB2;RBX1;PER2;CREB1;BHLHE40;CLOCK;PRKAG1	169	KEGG_2021_Human
Parathyroid hormone synthesis, secretion and action	27/106	0.569864713690009	1	0.981804875524551	0.552124148018333	RUNX2;RAF1;ATF6B;ADCY3;RXRA;CREB3L4;EGR1;MAP2K1;PRKCB;CREB1;FGFR1;ATF4;TNFSF11;PRKACA;RHOA;VDR;SP1;ITPR3;ITPR1;MEF2A;FOS;PTHLH;PLCB3;CDKN1A;ARRB2;GNAI2;MAPK3	170	KEGG_2021_Human
Proteoglycans in cancer	52/205	0.586049498014929	1	0.976193398590526	0.521629943496315	MAPK14;MAPK11;MAPK12;TP53;ACTB;AKT1;FZD3;FZD6;PRKCB;NUDT16L1;HIF1A;PLCG1;PRKACA;RHOA;RDX;VAV2;TFAP4;SDC4;CTSL;RRAS2;CTTN;CDKN1A;HRAS;RAC1;PPP1CA;RAF1;ROCK2;TNF;PPP1CC;PAK1;GPC1;FLNB;MAP2K2;MAP2K1;FGFR1;HPSE;MDM2;ACTG1;PPP1R12B;CAV1;ITGA2;MMP9;PPP1R12C;ITPR3;PIK3R3;ITPR1;ERBB3;CASP3;RPS6KB2;THBS1;MAPK3;CAMK2G	171	KEGG_2021_Human
Ribosome	40/158	0.588063066048501	1	0.973683165958798	0.516948919655642	MRPS18C;MRPS18A;RPSA;RPL22L1;RPL26L1;MRPL10;RSL24D1;RPL35;MRPL17;MRPL18;MRPL15;MRPL16;MRPL13;MRPL14;MRPL11;MRPL12;MRPL21;MRPL4;MRPL3;MRPL2;RPS17;MRPL9;MRPL28;MRPS2;MRPL27;MRPL24;MRPL22;MRPL23;MRPS9;MRPS16;MRPS17;MRPS14;MRPS15;MRPS12;MRPS10;MRPS11;RPS27L;MRPL35;MRPS21;RPLP0	172	KEGG_2021_Human
Osteoclast differentiation	32/127	0.597664514982699	1	0.967534971489519	0.498015109855064	MAPK14;MAPK11;MAPK12;TNF;AKT1;MAP3K7;MAP2K1;TRAF2;NFKB1;FOSL1;CREB1;TAB1;IFNAR1;NCF2;SIRPG;PPP3R1;TNFSF11;MAP2K6;JUN;TYK2;TGFBR1;IFNG;PIK3R3;PPP3CB;STAT1;FOS;FOSB;PPARG;FHL2;IKBKB;MAPK3;RAC1	173	KEGG_2021_Human
Natural killer cell mediated cytotoxicity	33/131	0.598755659849846	1	0.967218070233355	0.496087770755499	ULBP1;ULBP3;ULBP2;RAF1;CSF2;TNF;PAK1;SH3BP2;MICA;MICB;MAP2K2;MAP2K1;PRKCB;TNFRSF10B;TNFRSF10A;IFNAR1;ICAM1;PPP3R1;PLCG1;KLRC2;TNFSF10;VAV2;NCR3;IFNG;PIK3R3;PPP3CB;CASP3;ITGB2;MAPK3;RAC3;HRAS;RAC1;RAC2	174	KEGG_2021_Human
Tyrosine metabolism	9/36	0.607902422473777	1	0.95758163595215	0.476627544582295	GOT2;GOT1;MIF;FAH;GSTZ1;LRTOMT;COMT;IL4I1;ADH5	175	KEGG_2021_Human
Insulin resistance	27/108	0.613765270480227	1	0.957433002400882	0.467363949591728	PRKAB1;PRKAB2;PPP1CA;SLC27A2;TNF;PPP1CC;PTPA;CREB3L4;AKT1;SREBF1;PRKCB;NFKB1;CREB1;SLC27A3;SLC27A5;PTPRF;G6PC3;GSK3B;PIK3R3;PCK2;CPT1B;NR1H3;RPS6KB2;TRIB3;PRKAG1;GYS1;IKBKB	176	KEGG_2021_Human
GnRH signaling pathway	23/93	0.633901966639658	1	0.943724122599828	0.430206987572683	MAP3K4;JUN;MAPK14;MAPK11;MAPK12;CALM3;RAF1;ITPR3;ADCY3;ITPR1;EGR1;MAP2K2;MAP2K1;PLA2G4C;PRKCB;PLCB3;ATF4;MAPK3;HRAS;CAMK2G;MAPK7;MAP2K6;PRKACA	177	KEGG_2021_Human
Amphetamine addiction	17/69	0.634085180957287	1	0.939038424175397	0.427799593021512	JUN;PPP1CA;CALM3;ATF6B;PPP1CC;PPP3CB;CREB3L4;FOS;PRKCB;CREB1;FOSB;ATF4;HDAC1;HDAC2;PPP3R1;CAMK2G;PRKACA	178	KEGG_2021_Human
Relaxin signaling pathway	32/129	0.637055537159954	1	0.947457232163663	0.427206989575126	MAPK14;MAPK11;MAPK12;RAF1;ATF6B;ADCY3;GNG4;CREB3L4;GNG5;GNG8;AKT1;MAP2K2;MAP2K1;NFKB1;CREB1;GNB4;RLN2;ATF4;PRKACA;JUN;MMP9;TGFBR1;ACTA2;PIK3R3;GNGT2;FOS;PLCB3;ARRB2;GNAI2;GNA15;MAPK3;HRAS	179	KEGG_2021_Human
Sphingolipid metabolism	12/49	0.637894109970339	1	0.931614067483633	0.418837829829557	SPHK2;SPHK1;GLA;SGMS2;SGMS1;NEU4;UGT8;CERS6;SGPP2;ACER3;PLPP1;SMPD4	180	KEGG_2021_Human
Apelin signaling pathway	34/137	0.638021307693873	1	0.94801567024357	0.426022693381284	PRKAB1;PRKAB2;TFAM;CALM3;RAF1;ADCY3;GNG4;GNG5;GNG8;AKT1;EGR1;JAG1;MAP2K2;MAP2K1;GNB4;LIPE;PRKACA;SPHK2;SPHK1;TGFBR1;ACTA2;ITPR3;NRF1;ITPR1;GNGT2;RRAS2;MEF2A;RPS6KB2;PLCB3;RYR1;PRKAG1;GNAI2;MAPK3;HRAS	181	KEGG_2021_Human
Leukocyte transendothelial migration	28/114	0.65566735807301	1	0.935032239368253	0.394678692885875	ACTN1;VCAM1;MAPK14;MAPK11;MAPK12;MYL9;ROCK2;ACTB;JAM2;JAM3;PRKCB;MYL12A;MYLPF;NCF2;ACTG1;ICAM1;PLCG1;CD99;RHOA;MMP9;VAV2;PIK3R3;CD99L2;RAP1B;ITGB2;GNAI2;RAC1;RAC2	182	KEGG_2021_Human
Epithelial cell signaling in Helicobacter pylori infection	17/70	0.659841707248858	1	0.921258399287367	0.383018071596799	JUN;MAPK14;MAPK11;MAPK12;NOD1;PAK1;CASP3;JAM2;JAM3;ATP6V0E2;NFKB1;ADAM17;TCIRG1;IKBKB;PLCG1;RAC1;ATP6V1C2	183	KEGG_2021_Human
Vibrio cholerae infection	12/50	0.668043220479962	1	0.907036613272311	0.365900752324799	KDELR1;ADCY3;ACTB;ATP6V0E2;KDELR3;ERO1A;ACTG1;TCIRG1;SEC61A2;PLCG1;ATP6V1C2;PRKACA	184	KEGG_2021_Human
Phenylalanine metabolism	4/17	0.675408665934438	1	0.883899821109123	0.346875294883327	GOT2;GOT1;MIF;IL4I1	185	KEGG_2021_Human
Cardiac muscle contraction	21/87	0.679527141722251	1	0.913775122408216	0.353044422424435	TPM4;TPM3;CACNA2D4;ATP1B1;COX6C;SLC9A7;UQCRQ;FXYD2;UQCRC1;COX7B;COX6A1;UQCRFS1;COX8A;COX7A2L;COX6B1;UQCRHL;ASPH;COX5A;COX7A2;UQCRH;CYC1	186	KEGG_2021_Human
Pentose and glucuronate interconversions	8/34	0.68300957257948	1	0.883809751148774	0.336949289463141	DCXR;AKR1A1;SORD;CRYL1;AKR1B1;RPE;GUSB;XYLB	187	KEGG_2021_Human
Drug metabolism	26/108	0.695943381779575	1	0.910489988512186	0.330040757127898	DUT;GSTK1;NAT1;UCK2;UCK1;ITPA;HPRT1;MGST2;ADH5;GSTM4;NME4;NME6;NME1;NME2;UMPS;GMPS;TK1;TK2;RRM2;RRM1;GSTO1;IMPDH1;IMPDH2;GSTP1;UPP1;GUSB	188	KEGG_2021_Human
Long-term depression	14/60	0.716388815046934	1	0.874039679189531	0.291520395999937	RAF1;ITPR3;ITPR1;MAP2K2;MAP2K1;PLA2G4C;PRKCB;PPP2CA;PLCB3;RYR1;GNAI2;PPP2R1B;MAPK3;HRAS	189	KEGG_2021_Human
Mineral absorption	14/60	0.716388815046934	1	0.874039679189531	0.291520395999937	VDR;CYBRD1;SLC31A1;ATP1B1;FXYD2;MT1G;MT1H;MT1E;MT1F;SLC26A6;SLC30A1;ATOX1;MT1X;MT2A	189	KEGG_2021_Human
MAPK signaling pathway	72/294	0.720792731022441	1	0.930808263094202	0.304750029615534	CACNA2D4;MAPK14;MAPK11;MAPK12;HSPA1A;TP53;HSPA1B;FLT3LG;AKT1;GADD45B;GADD45A;PLA2G4C;GADD45G;PRKCB;ATF4;PPP3R1;STMN1;PRKACA;DUSP5;DUSP4;JUN;ECSIT;PPP3CB;RAP1B;RRAS2;MAP3K20;MAP4K1;FOS;TAOK2;IKBKB;RAC3;HRAS;RAC1;RAC2;MAP3K4;CDC25B;MAPKAPK3;PTPN7;RAF1;TNF;PAK1;FLNB;MAP3K7;MAP3K8;MAP3K6;MAP2K5;MAP2K2;MAP2K1;TRAF2;NFKB1;FGFR1;TAB1;MAP3K13;RASGRP3;NR4A1;MAP2K6;HSPA2;TGFBR1;PPP5C;HSPB1;STK3;DUSP10;MKNK1;ERBB3;IRAK1;CASP3;NTRK2;DDIT3;ARRB2;RPS6KA5;MAPK3;MAPK7	191	KEGG_2021_Human
Other glycan degradation	4/18	0.721593929162727	1	0.820708748615725	0.267791292615346	FUCA2;HEXB;NEU4;AGA	192	KEGG_2021_Human
Vasopressin-regulated water reabsorption	10/44	0.733759556759052	1	0.844689447373827	0.261493792474295	DYNLL1;RAB11A;RAB11B;CREB1;DCTN2;ADCY3;CREB3L4;DYNC2LI1;DYNC1I2;PRKACA	193	KEGG_2021_Human
Cortisol synthesis and secretion	15/65	0.737017366795374	1	0.861487667508254	0.262877640242609	SP1;ATF6B;ITPR3;ADCY3;ITPR1;CREB3L4;PDE8A;POMC;CREB1;NCEH1;PLCB3;ATF4;NR4A1;SCARB1;PRKACA	194	KEGG_2021_Human
Proximal tubule bicarbonate reclamation	5/23	0.746309302977662	1	0.797850573969977	0.233463164945758	ATP1B1;FXYD2;MDH1;SLC25A10;PCK2	195	KEGG_2021_Human
Chemokine signaling pathway	46/192	0.74787280878704	1	0.904329066897921	0.262727812195093	CXCL10;CXCL13;RAF1;ROCK2;ADCY3;GNG4;PAK1;GNG5;GNG8;AKT1;MAP2K1;PRKCB;NFKB1;GNB4;CCL4L2;PLCG1;PRKACA;CCR1;RHOA;CCL20;XCL1;VAV2;NFKBIB;XCL2;DOCK2;CCL28;GSK3B;PIK3R3;GNGT2;GRK3;RAP1B;GRK6;STAT1;PLCB3;WAS;ARRB2;GNAI2;IKBKB;CXCR3;MAPK3;RAC3;CCL3;HRAS;RAC1;RAC2;CCL18	196	KEGG_2021_Human
Autoimmune thyroid disease	12/53	0.749336065727479	1	0.840497651870929	0.242540482837145	HLA-DRA;CD28;CD86;CD80;HLA-DQA2;HLA-DOA;HLA-DRB5;HLA-DPB1;HLA-DRB1;HLA-DMB;HLA-DPA1;HLA-DMA	197	KEGG_2021_Human
Glycosaminoglycan biosynthesis	12/53	0.749336065727479	1	0.840497651870929	0.242540482837145	CSGALNACT1;B3GAT3;GLCE;UST;B4GALT4;HS2ST1;EXTL2;FUT8;CHST14;ST3GAL3;CHST7;CHSY1	197	KEGG_2021_Human
Prolactin signaling pathway	16/70	0.75571896620516	1	0.850787073009295	0.238293301179809	MAPK14;MAPK11;MAPK12;RAF1;GSK3B;PIK3R3;AKT1;MAP2K2;STAT1;CISH;MAP2K1;FOS;NFKB1;MAPK3;TNFSF11;HRAS	199	KEGG_2021_Human
Glycosphingolipid biosynthesis	10/45	0.760705959465692	1	0.820500027717723	0.224413635687334	NAGA;B3GNT4;GLA;ST6GALNAC6;B4GALT4;HEXB;FUT4;FUT7;ST3GAL3;ST3GAL4	200	KEGG_2021_Human
Thyroid hormone synthesis	17/75	0.772742796294703	1	0.841554839444471	0.216960428586036	GSR;GPX7;ATP1B1;PAX8;FXYD2;ATF6B;ITPR3;ADCY3;ITPR1;CREB3L4;PRKCB;CREB1;PLCB3;ATF4;TTF2;TTF1;PRKACA	201	KEGG_2021_Human
Neomycin, kanamycin and gentamicin biosynthesis	1/5	0.775426478720325	1	0.718187100522952	0.182665219550382	HK2	202	KEGG_2021_Human
mTOR signaling pathway	36/154	0.782965822228286	1	0.875631296438298	0.214237411423695	ULK2;RAF1;TNF;AKT1;MAP2K2;FZD3;FZD6;MAP2K1;PRKCB;RHEB;EIF4EBP1;SESN2;MLST8;SLC38A9;ATP6V1C2;SKP2;TTI1;RHOA;SEC13;DEPDC5;SGK1;GSK3B;SEH1L;MAPKAP1;SLC3A2;PIK3R3;DVL3;RPS6KB2;DDIT4;TBC1D7;LAMTOR2;LAMTOR4;TELO2;IKBKB;MAPK3;HRAS	203	KEGG_2021_Human
SNARE interactions in vesicular transport	7/33	0.785862140097732	1	0.773183574230695	0.186317058371037	STX8;VAMP1;STX18;STX11;VTI1A;BNIP1;SNAP29	204	KEGG_2021_Human
Breast cancer	34/147	0.799087990035516	1	0.863533957805034	0.193677035056227	BAX;TP53;RAF1;RB1;E2F1;AKT1;E2F2;E2F3;JAG1;MAP2K2;FZD3;FZD6;GADD45B;MAP2K1;GADD45A;GADD45G;FGFR1;TNFSF11;JUN;SP1;CDK6;CDK4;GSK3B;BRCA1;PIK3R3;BRCA2;DVL3;FOS;DDB2;RPS6KB2;CDKN1A;MAPK3;BAK1;HRAS	205	KEGG_2021_Human
Mitophagy	15/68	0.800191985793554	1	0.812559317251564	0.181122395292801	JUN;SP1;TP53;BCL2L13;RHOT1;RRAS2;E2F1;USP30;CSNK2A3;CSNK2B;BCL2L1;ATF4;HIF1A;HRAS;ATG5	206	KEGG_2021_Human
Primary immunodeficiency	8/38	0.802166047278378	1	0.765761572278252	0.168804213781679	RFXANK;RFX5;RFXAP;ADA;DCLRE1C;UNG;CD79A;CIITA	207	KEGG_2021_Human
GnRH secretion	14/64	0.804959504903277	1	0.803899029126214	0.174416592091962	RAF1;ITPR3;PIK3R3;ITPR1;AKT1;MAP2K2;MAP2K1;PRKCB;PLCB3;HCN3;ARRB2;MAPK3;HRAS;KCNN4	208	KEGG_2021_Human
Other types of O-glycan biosynthesis	10/47	0.808726918751996	1	0.776043796998395	0.164749420874758	C1GALT1;EOGT;POC1B-GALNT4;POMT2;GXYLT1;RFNG;C1GALT1C1;POFUT1;COLGALT1;ST3GAL3	209	KEGG_2021_Human
Bacterial invasion of epithelial cells	17/77	0.809912435030536	1	0.813392914966647	0.171486930420086	RHOA;CAV1;ELMO3;MAD2L2;ARPC1B;ARPC5L;CLTA;PIK3R3;ACTB;WASF1;ARPC5;ARHGAP10;ARPC3;CTTN;ARPC2;ACTG1;RAC1	210	KEGG_2021_Human
Inositol phosphate metabolism	16/73	0.814083572654584	1	0.805845226897858	0.165756117180066	TPI1;ITPK1;ALDH6A1;ITPKA;PI4K2B;MTMR2;INPP1;MTMR4;MTMR8;MINPP1;SYNJ2;PLCB3;ISYNA1;INPP5B;IMPA2;PLCG1	211	KEGG_2021_Human
Taurine and hypotaurine metabolism	2/11	0.819361550324266	1	0.638296956390718	0.127167799953932	ADO;GGT1	212	KEGG_2021_Human
beta-Alanine metabolism	6/30	0.824824296958539	1	0.717913920124079	0.138259372412679	ALDH6A1;HADHA;ALDH9A1;ECHS1;ALDH1B1;ACADS	213	KEGG_2021_Human
Caffeine metabolism	1/6	0.833425861760497	1	0.574510943250048	0.10468194279694	NAT1	214	KEGG_2021_Human
Phosphonate and phosphinate metabolism	1/6	0.833425861760497	1	0.574510943250048	0.10468194279694	SELENOI	214	KEGG_2021_Human
AGE-RAGE signaling pathway in diabetic complications	22/100	0.838815783901846	1	0.809512411612762	0.142283271376426	VCAM1;MAPK14;MAPK11;MAPK12;BAX;TNF;AKT1;EGR1;PRKCB;NFKB1;ICAM1;PLCG1;JUN;TGFBR1;CDK4;PIK3R3;CASP3;STAT1;PLCB3;MAPK3;HRAS;RAC1	216	KEGG_2021_Human
Endocrine and other factor-regulated calcium reabsorption	11/53	0.841752372411231	1	0.751915204273054	0.129531982983991	VDR;ATP1B1;FXYD2;CLTA;AP2S1;PRKCB;RAB11A;PLCB3;AP2A1;AP2M1;PRKACA	217	KEGG_2021_Human
Cocaine addiction	10/49	0.849152323303391	1	0.736147179686178	0.120372352973185	JUN;CDK5;ATF6B;CREB3L4;NFKB1;CREB1;FOSB;ATF4;GNAI2;PRKACA	218	KEGG_2021_Human
Circadian entrainment	21/97	0.855433423167481	1	0.793004287892588	0.123825249112785	CALM3;ADCY3;GNG4;RASD1;GNG5;GNG8;PRKCB;CREB1;GNB4;PRKACA;ITPR3;ITPR1;GNGT2;FOS;PER2;PLCB3;RYR1;GNAI2;RPS6KA5;MAPK3;CAMK2G	219	KEGG_2021_Human
Acute myeloid leukemia	14/67	0.856869972408621	1	0.758241436160469	0.117124869223473	RAF1;CSF2;PIK3R3;AKT1;MAP2K2;MAP2K1;NFKB1;CCNA2;PER2;RPS6KB2;EIF4EBP1;IKBKB;MAPK3;HRAS	220	KEGG_2021_Human
Basal cell carcinoma	13/63	0.862481474285643	1	0.746332750922151	0.110413668316673	BAX;TP53;GSK3B;DVL3;FZD3;FZD6;GADD45B;GADD45A;GADD45G;DDB2;CDKN1A;SUFU;BAK1	221	KEGG_2021_Human
Growth hormone synthesis, secretion and action	26/119	0.864788975999574	1	0.802199090060565	0.116535269441697	MAPK14;MAPK11;MAPK12;RAF1;ATF6B;ADCY3;CREB3L4;AKT1;MAP2K2;MAP2K1;PRKCB;CREB1;ATF4;PLCG1;MAP2K6;PRKACA;GSK3B;ITPR3;PIK3R3;ITPR1;STAT1;FOS;PLCB3;GNAI2;MAPK3;HRAS	222	KEGG_2021_Human
Estrogen signaling pathway	30/137	0.876256464111031	1	0.804368166775282	0.106254190298563	HSPA1A;CALM3;HSPA1B;RAF1;ATF6B;ADCY3;CREB3L4;AKT1;MAP2K2;MAP2K1;CREB1;ATF4;PRKACA;HSP90AA1;JUN;HSPA2;KRT10;MMP9;SP1;KRT18;ITPR3;PIK3R3;ITPR1;FOS;POMC;PLCB3;HSP90AB1;GNAI2;MAPK3;HRAS	223	KEGG_2021_Human
African trypanosomiasis	7/37	0.877175930033859	1	0.669911447223838	0.0877903559411754	PRKCB;VCAM1;IFNG;THOP1;PLCB3;TNF;ICAM1	224	KEGG_2021_Human
Renin-angiotensin system	4/23	0.88134440295885	1	0.60452876376989	0.0763560976907772	CTSA;PREP;NLN;THOP1	225	KEGG_2021_Human
Carbohydrate digestion and absorption	9/47	0.890527417650949	1	0.679881566185104	0.078826412237632	PRKCB;ATP1B1;G6PC3;FXYD2;PLCB3;PIK3R3;HK2;AKT1;SLC37A4	226	KEGG_2021_Human
Pathways in cancer	125/531	0.898266940039024	1	0.881669773793964	0.0945925816041029	BAX;RB1;ADCY3;GNG4;GNG5;TFG;GNG8;AKT1;JAG1;FZD3;FZD6;PRKCB;HIF1A;PLCG1;PRKACA;GSTM4;JUN;PAX8;CCDC6;BBC3;CDKN2A;STAT1;CDKN2B;GSTO1;FOS;DDB2;CKS2;PPARG;PLCB3;FH;CDKN1A;GSTP1;IKBKB;ELOB;ELOC;APPL1;TPM3;MSH2;RBX1;MSH3;MSH6;ROCK2;MAP2K2;MAP2K1;TRAF1;TRAF2;NFKB1;TRAF4;BCL2L1;BIRC5;IFNAR1;MDM2;TPR;HSP90AA1;TXNRD2;ITGA2;TXNRD1;SP1;CDK6;CDK4;CDK2;NFE2L2;DVL3;RAD51;IL2RA;HDAC1;HSP90AB1;HDAC2;BAK1;IL23A;CALM3;TP53;EPAS1;KEAP1;FLT3LG;E2F1;E2F2;E2F3;GADD45B;GADD45A;GADD45G;IL23R;MGST2;RASSF1;SKP2;RHOA;IL15;BRCA2;GNGT2;FADD;NQO1;MLH1;CCNE2;CCNE1;GNAI2;SUFU;RAC3;HRAS;RAC1;RAC2;RAF1;RXRA;CCND3;CCNA2;FGFR1;GNB4;RASGRP3;PMAIP1;MMP9;TGFBR1;IL7;IFNG;CYCS;GSK3B;CKS1B;PIK3R3;CASP7;CASP3;IL15RA;DAPK3;EPOR;RPS6KB2;RPS6KA5;MAPK3;CAMK2G	227	KEGG_2021_Human
Vitamin digestion and absorption	4/24	0.901375589587686	1	0.574263565891473	0.0596276522005669	MMACHC;SLC19A1;SCARB1;SLC19A2	228	KEGG_2021_Human
Riboflavin metabolism	1/8	0.908360452173586	1	0.410309620652445	0.0394365010928553	ACP1	229	KEGG_2021_Human
Chagas disease	21/102	0.909869478895356	1	0.743801355312147	0.070255102131345	MAPK14;MAPK11;MAPK12;TNF;AKT1;NFKB1;JUN;TGFBR1;IFNG;PIK3R3;IRAK1;FADD;FOS;PPP2CA;PLCB3;GNAI2;GNA15;IKBKB;PPP2R1B;MAPK3;CCL3	230	KEGG_2021_Human
Transcriptional misregulation in cancer	42/192	0.911431296799381	1	0.802827020695041	0.0744534244335179	RUNX2;SPINT1;BAX;CDK14;TP53;CD86;ATF1;CSF2;PRCC;EWSR1;RXRA;NSD2;GADD45B;GADD45A;GADD45G;TRAF1;ASPSCR1;PBX3;NFKB1;CCNA2;BCL2L1;TCF3;MDM2;MMP9;ETV6;SP1;PAX8;ID2;DOT1L;FUT8;CDKN2C;TAF15;DDB2;PER2;DDIT3;PPARG;CEBPB;HDAC1;CDKN1A;HDAC2;LYL1;BAK1	231	KEGG_2021_Human
Aldosterone synthesis and secretion	20/98	0.913160224953956	1	0.735634246520716	0.0668278993420219	ATP1B1;CALM3;ATF1;ATF6B;ADCY3;CREB3L4;PRKCB;CREB1;PRKD3;ATF4;NR4A1;LIPE;PRKACA;CAMK1;ITPR3;ITPR1;POMC;PLCB3;CAMK2G;SCARB1	232	KEGG_2021_Human
Glycerophospholipid metabolism	20/98	0.913160224953956	1	0.735634246520716	0.0668278993420219	GPD2;LCLAT1;SELENOI;PLA2G4C;PLPP5;PEMT;PLPP1;LYPLA1;CHKB;AGPAT1;TAZ;PGS1;PLA2G12A;MBOAT7;MBOAT2;MBOAT1;GPAM;ETNK2;LPCAT4;GPAT2	232	KEGG_2021_Human
ErbB signaling pathway	17/85	0.915074929832085	1	0.717311054983486	0.0636608730441682	JUN;RAF1;GSK3B;PIK3R3;PAK1;ERBB3;AKT1;MAP2K2;MAP2K1;PRKCB;RPS6KB2;CDKN1A;EIF4EBP1;MAPK3;HRAS;PLCG1;CAMK2G	234	KEGG_2021_Human
TGF-beta signaling pathway	19/94	0.916599075717192	1	0.726813087139618	0.0632946014874543	RHOA;TGFBR1;ACVR2B;RBX1;RBL1;SP1;BAMBI;ID3;ID2;IFNG;TNF;E2F4;CDKN2B;PPP2CA;TFDP1;RPS6KB2;THBS1;PPP2R1B;MAPK3	235	KEGG_2021_Human
Ether lipid metabolism	9/49	0.916986839136378	1	0.645800193986421	0.0559664390389077	PAFAH1B3;SELENOI;UGT8;PLA2G12A;PLA2G4C;AGPS;LPCAT4;PLPP1;ENPP2	236	KEGG_2021_Human
Hematopoietic cell lineage	20/99	0.921643878990311	1	0.726273205110538	0.0592612632821576	CSF2;TNF;FLT3LG;HLA-DOA;HLA-DRB5;HLA-DRB1;TFRC;ITGA2;IL7;HLA-DRA;IL9R;CD24;CD38;HLA-DQA2;EPOR;IL2RA;HLA-DPB1;HLA-DMB;HLA-DPA1;HLA-DMA	237	KEGG_2021_Human
Tight junction	36/169	0.926892572834566	1	0.77608412607181	0.0589184497142981	ACTN1;PRKAB1;PRKAB2;TUBA8;MYL9;PCNA;ROCK2;ARPC5L;PARD6A;ACTB;JAM2;JAM3;ARPC5;MYL12A;ARPC3;ARPC2;ACTG1;MYL6B;PRKACA;RHOA;JUN;RDX;CDK4;ARPC1B;PPP2CA;CTTN;RAB13;NEDD4;WAS;PRKAG1;TUBA1A;TUBA1C;TUBA1B;PPP2R1B;RAB8A;RAC1	238	KEGG_2021_Human
Cholinergic synapse	23/113	0.927973987059718	1	0.73301346473881	0.0547939130191538	ADCY3;GNG4;CREB3L4;GNG5;GNG8;AKT1;MAP2K1;PRKCB;CREB1;GNB4;ATF4;PRKACA;ITPR3;PIK3R3;ITPR1;GNGT2;FOS;KCNQ5;PLCB3;GNAI2;MAPK3;HRAS;CAMK2G	239	KEGG_2021_Human
Cholesterol metabolism	9/50	0.928029889079939	1	0.630006387357763	0.0470560204325269	NPC2;SORT1;NCEH1;VDAC3;VDAC2;VDAC1;LPL;TSPO;SCARB1	240	KEGG_2021_Human
Viral protein interaction with cytokine and cytokine receptor	20/100	0.929428748455937	1	0.717146189735614	0.0524844375085748	CXCL10;CXCL13;TNF;TNFSF14;TNFRSF10B;TNFRSF10A;CCL4L2;TNFSF10;CCR1;CCL20;IL10RB;XCL1;XCL2;CCL28;IL18R1;IL2RA;LTA;CXCR3;CCL3;CCL18	241	KEGG_2021_Human
Starch and sucrose metabolism	6/36	0.932099564933902	1	0.574098487785964	0.0403681029787427	GAA;G6PC3;GPI;GYS1;HK2;PGM2	242	KEGG_2021_Human
Gastric cancer	31/149	0.935650133656647	1	0.7532813598946	0.0501035011673639	BAX;TP53;RAF1;RB1;RXRA;E2F1;AKT1;E2F2;E2F3;MAP2K2;FZD3;FZD6;GADD45B;MAP2K1;GADD45A;GADD45G;TGFBR1;CDK2;GSK3B;PIK3R3;DVL3;MLH1;CDKN2B;DDB2;RPS6KB2;CCNE2;CCNE1;CDKN1A;MAPK3;BAK1;HRAS	243	KEGG_2021_Human
Regulation of actin cytoskeleton	47/218	0.938371633154486	1	0.787713698290414	0.0501058468803755	ACTN1;MYL9;PFN1;CYFIP2;CYFIP1;ARPC5L;ACTB;MYL12A;MYLPF;RHOA;RDX;VAV2;ARHGEF6;ARPC1B;IQGAP3;RRAS2;TMSB4Y;RAC3;HRAS;RAC1;RAC2;PPP1CA;ABI2;RAF1;ROCK2;PPP1CC;PAK1;CFL1;MAP2K2;MAP2K1;ARPC5;DIAPH2;DIAPH3;ARPC3;ARPC2;FGFR1;ACTG1;PPP1R12B;ITGA2;LIMK2;PPP1R12C;BRK1;PIK3R3;WASF1;ITGB2;MAPK3;ITGB8	244	KEGG_2021_Human
Hedgehog signaling pathway	10/56	0.940254117731607	1	0.623829528774612	0.0384310819007878	IQCE;MEGF8;GSK3B;GRK3;SPOP;EVC;ARRB2;EFCAB7;SUFU;PRKACA	245	KEGG_2021_Human
Aldosterone-regulated sodium reabsorption	6/37	0.942729945882298	1	0.555541657806852	0.0327632998222593	PRKCB;ATP1B1;FXYD2;SGK1;PIK3R3;MAPK3	246	KEGG_2021_Human
Histidine metabolism	3/22	0.94876696435734	1	0.45330872229984	0.0238404439127396	AMDHD1;ALDH1B1;ALDH9A1	247	KEGG_2021_Human
Fat digestion and absorption	7/43	0.951999695921662	1	0.558033309633077	0.027449973008894	PLA2G12A;GOT2;PLPP1;ACAT1;AGPAT1;ACAT2;SCARB1	248	KEGG_2021_Human
Cell adhesion molecules	30/148	0.95276614270578	1	0.728839970155758	0.0352655021826827	VCAM1;CD86;CD80;PVR;JAM2;JAM3;HLA-DOA;HLA-DRB5;SELL;HLA-DRB1;CD274;ICAM1;ALCAM;CD99;PTPRF;HLA-DRA;CD28;SDC4;CD99L2;MPZL1;HLA-DQA2;NLGN4Y;HLA-DPB1;CD226;NECTIN3;ITGB2;HLA-DMB;HLA-DPA1;ITGB8;HLA-DMA	249	KEGG_2021_Human
Melanogenesis	19/101	0.961728819445633	1	0.664452819455308	0.0259287832529268	CALM3;RAF1;ADCY3;CREB3L4;MAP2K2;FZD3;FZD6;MAP2K1;PRKCB;CREB1;PRKACA;GSK3B;DVL3;POMC;PLCB3;GNAI2;MAPK3;HRAS;CAMK2G	250	KEGG_2021_Human
Platelet activation	24/124	0.96355338730543	1	0.688062256809339	0.0255459508683188	PPP1CA;MAPK14;MAPK11;MAPK12;TLN1;ROCK2;ADCY3;PPP1CC;ACTB;AKT1;PLA2G4C;MYL12A;TBXAS1;ACTG1;PRKACA;RHOA;ITGA2;ITPR3;PIK3R3;ITPR1;RAP1B;PLCB3;GNAI2;MAPK3	251	KEGG_2021_Human
Phosphatidylinositol signaling system	18/97	0.964222140903366	1	0.653391844224591	0.0238054003011421	CALM3;PI4K2B;MTMR2;INPP1;MTMR4;MTMR8;PRKCB;SYNJ2;INPP5B;PPIP5K1;PLCG1;ITPK1;ITPKA;ITPR3;PIK3R3;ITPR1;PLCB3;IMPA2	252	KEGG_2021_Human
ABC transporters	7/45	0.965735846689663	1	0.528591694477613	0.0184293139044221	ABCB10;ABCG2;ABCD3;ABCB7;ABCB8;ABCB9;ABCD2	253	KEGG_2021_Human
Chemical carcinogenesis	50/239	0.967552826021294	1	0.757698029892007	0.0249928627516783	RB1;ADCY3;CREB3L4;E2F1;AKT1;GSTK1;JAG1;PRKCB;ATF4;MGST2;SULT1A1;TNFSF11;PRKACA;SULT1A3;GSTM4;JUN;PTGES3;CDC6;GSTO1;FOS;GSTP1;GNAI2;HRAS;IKBKE;CDC25A;RAF1;ATF6B;RXRA;CCND3;KPNA3;KPNA2;MAP2K2;EPHX1;MAP2K1;AIP;NAT1;NFKB1;CREB1;BIRC5;EIF4EBP1;VDR;HSP90AA1;PIK3R3;KLF5;KLF4;KPNB1;RPS6KB2;HSP90AB1;ARRB2;MAPK3	254	KEGG_2021_Human
Endocytosis	53/252	0.967848622275475	1	0.762726762358063	0.0249255947344575	HSPA1A;VPS25;VPS29;HSPA1B;ARPC5L;SNX32;PARD6A;RAB11FIP1;AP2S1;MVB12A;SNF8;VPS37C;ARFGAP2;TFRC;RHOA;RBSN;ARPC1B;CLTA;SNX5;SNX3;PSD;RAB11A;RAB11B;NEDD4;ARF6;AP2A1;SNX12;EEA1;RAB8A;HRAS;SH3GLB2;ACAP3;RAB31;STAMBP;ARPC5;HGS;ARPC3;ARPC2;CHMP5;MDM2;TSG101;WASHC3;AP2M1;CAV1;HSPA2;TGFBR1;EPN2;GRK3;GRK6;CAPZB;IL2RA;VPS45;ARRB2	255	KEGG_2021_Human
Ascorbate and aldarate metabolism	4/30	0.969867235255854	1	0.441562313655337	0.0135100792836083	AKR1A1;ALDH9A1;ALDH1B1;GUSB	256	KEGG_2021_Human
Gastric acid secretion	13/76	0.973648847161336	1	0.591806799727592	0.0158039442594097	ATP1B1;CALM3;ITPR3;ADCY3;ITPR1;ACTB;PRKCB;PLCB3;ACTG1;SLC4A2;GNAI2;CAMK2G;PRKACA	257	KEGG_2021_Human
alpha-Linolenic acid metabolism	3/25	0.973741728827626	1	0.391414630709341	0.010415220788478	PLA2G12A;PLA2G4C;FADS2	258	KEGG_2021_Human
Adrenergic signaling in cardiomyocytes	29/150	0.975164714517016	1	0.68680341522689	0.0172723396171354	TPM4;TPM3;CACNA2D4;ATP1B1;PPP1CA;MAPK14;MAPK11;MAPK12;CALM3;ATF6B;ADCY3;PPP1CC;CREB3L4;AKT1;CREB1;ATF4;PRKACA;PPP2R5D;FXYD2;PPP2R3A;PPP2R3C;PPP2R3B;PPP2CA;PLCB3;GNAI2;RPS6KA5;PPP2R1B;MAPK3;CAMK2G	259	KEGG_2021_Human
Necroptosis	31/159	0.975338448768795	1	0.693959429183713	0.0173286813625715	TICAM2;PPIA;BAX;TNF;PYCARD;CAPN2;PLA2G4C;TNFRSF10B;TNFRSF10A;TRAF2;CHMP5;IFNAR1;TNFSF10;HSP90AA1;EIF2AK2;TYK2;IFNG;SPATA2;HMGB1;SHARPIN;FADD;STAT1;PARP1;VDAC3;VDAC2;VDAC1;SLC25A5;HSP90AB1;FAF1;AIFM1;CAMK2G	260	KEGG_2021_Human
Vascular smooth muscle contraction	25/133	0.977782484499816	1	0.663409079443327	0.0149055031733254	PPP1CA;MYL9;CALM3;RAF1;ROCK2;ADCY3;PPP1CC;MAP2K2;MAP2K1;PLA2G4C;PRKCB;CALCB;MYL6B;KCNMB4;PRKACA;RHOA;PPP1R12B;ACTA2;ADORA2B;PPP1R12C;ITPR3;ITPR1;PLA2G12A;PLCB3;MAPK3	261	KEGG_2021_Human
Notch signaling pathway	9/59	0.982278978256437	1	0.516290979631426	0.00923124092892418	DTX3;RFNG;DVL3;NUMBL;JAG1;SNW1;ADAM17;HDAC1;HDAC2	262	KEGG_2021_Human
Inflammatory mediator regulation of TRP channels	17/98	0.982566609407942	1	0.601656964263013	0.0105814262863077	PPP1CA;MAPK14;MAPK11;MAPK12;CALM3;ADCY3;PPP1CC;PLA2G4C;PRKCB;PLCG1;MAP2K6;PRKACA;ITPR3;PIK3R3;ITPR1;PLCB3;CAMK2G	263	KEGG_2021_Human
cGMP-PKG signaling pathway	32/167	0.982889406161315	1	0.679010421177218	0.0117188178806321	ATP1B1;PPP1CA;PPIF;MYL9;CALM3;RAF1;ROCK2;ATF6B;ADCY3;PPP1CC;CREB3L4;AKT1;MAP2K2;MAP2K1;CREB1;ATF4;PPP3R1;RGS2;KCNMB4;RHOA;FXYD2;ITPR3;ITPR1;PPP3CB;MEF2A;VDAC3;VDAC2;VDAC1;PLCB3;SLC25A5;GNAI2;MAPK3	264	KEGG_2021_Human
Collecting duct acid secretion	3/27	0.98340403740902	1	0.358748304592133	0.0060037312464142	ATP6V0E2;TCIRG1;ATP6V1C2	265	KEGG_2021_Human
Human papillomavirus infection	69/331	0.985692504725516	1	0.75332499307059	0.0108560416879912	COL9A2;BAX;PSMC1;TP53;RB1;PARD6A;CREB3L4;E2F1;AKT1;HES4;HES6;JAG1;FZD3;FZD6;TUBG1;ATP6V1C2;PRKACA;TYK2;ATR;FADD;ATP6V0E2;STAT1;PPP2CA;CCNE2;CCNE1;CDKN1A;IKBKB;HRAS;IKBKE;RAF1;RFNG;TNF;CCND3;MAP2K2;MAP2K1;ISG15;NFKB1;CCNA2;CREB1;RHEB;COL6A3;TADA3;IFNAR1;MDM2;EIF4EBP1;EIF2AK2;ITGA2;PPP2R5D;RBL1;CDK6;CDK4;CDK2;GSK3B;PIK3R3;DVL3;CASP3;PPP2R3A;PPP2R3C;PPP2R3B;PKM;RPS6KB2;HDAC1;HDAC2;TCIRG1;THBS1;PPP2R1B;MAPK3;BAK1;ITGB8	266	KEGG_2021_Human
Steroid hormone biosynthesis	9/61	0.987344718794247	1	0.496366485115273	0.00632174408517262	SRD5A3;HSD17B6;HSD17B7;HSD17B8;COMT;LRTOMT;DHRS11;HSD17B12;SRD5A1	267	KEGG_2021_Human
Insulin secretion	14/86	0.987513191314849	1	0.557432578209277	0.00700437669804154	ATP1B1;FXYD2;ATF6B;ITPR3;ADCY3;CREB3L4;PRKCB;CREB1;PLCB3;ATF4;KCNMB4;KCNN4;CAMK2G;PRKACA	268	KEGG_2021_Human
Ovarian steroidogenesis	7/51	0.988262085060154	1	0.456325911823294	0.00538799890262771	ACOT2;ACOT4;ADCY3;HSD17B7;PLA2G4C;SCARB1;PRKACA	269	KEGG_2021_Human
Wnt signaling pathway	31/166	0.988288449715015	1	0.65766319602283	0.00774771353823064	CTNNBIP1;RBX1;TBL1XR1;BAMBI;TP53;ROCK2;RUVBL1;CCND3;MAP3K7;FZD3;FZD6;PRKCB;FOSL1;VANGL1;CSNK2B;PPP3R1;PRKACA;RHOA;JUN;GSK3B;CBY1;PPP3CB;DVL3;CSNK2A3;CACYBP;DAAM1;PLCB3;RAC3;RAC1;RAC2;CAMK2G	270	KEGG_2021_Human
Type II diabetes mellitus	6/46	0.989079166521196	1	0.430283055447848	0.0047248967200556	PKM;PIK3R3;TNF;HK2;IKBKB;MAPK3	271	KEGG_2021_Human
Pancreatic secretion	17/102	0.98990324140136	1	0.573188265008743	0.00581675841276283	ATP1B1;PRSS2;ADCY3;PRKCB;RHOA;TPCN2;FXYD2;ITPR3;ITPR1;RAP1B;CD38;PLA2G12A;RAB11A;PLCB3;SLC4A2;RAB8A;RAC1	272	KEGG_2021_Human
Focal adhesion	38/201	0.991797318789017	1	0.66732332939974	0.00549641414768779	ACTN1;COL9A2;MYL9;TLN1;ACTB;AKT1;PRKCB;MYL12A;MYLPF;RHOA;JUN;VAV2;RAP1B;RAC3;HRAS;RAC1;RAC2;PPP1CA;RAF1;ROCK2;PPP1CC;CCND3;PAK1;FLNB;CAPN2;MAP2K1;COL6A3;ACTG1;PPP1R12B;CAV1;ITGA2;PARVB;PPP1R12C;GSK3B;PIK3R3;THBS1;MAPK3;ITGB8	273	KEGG_2021_Human
Renin secretion	10/69	0.992226101451973	1	0.485948054168886	0.00379247118982227	CTSB;CALM3;ITPR3;ITPR1;PPP3CB;CREB1;PLCB3;GNAI2;PPP3R1;PRKACA	274	KEGG_2021_Human
Signaling pathways regulating pluripotency of stem cells	25/143	0.993250132868319	1	0.606775703246361	0.00410954045735685	PCGF6;MAPK14;MAPK11;MAPK12;RAF1;AKT1;MAP2K2;FZD3;FZD6;MAP2K1;FGFR1;TCF3;RIF1;ZFHX3;SETDB1;ACVR2B;ID3;ID2;GSK3B;PIK3R3;DVL3;KLF4;MAPK3;PCGF1;HRAS	275	KEGG_2021_Human
Regulation of lipolysis in adipocytes	7/55	0.99449656666833	1	0.418185637644625	0.00230781306567545	ABHD5;ADCY3;PIK3R3;AKT1;GNAI2;LIPE;PRKACA	276	KEGG_2021_Human
Arachidonic acid metabolism	8/61	0.995052830122797	1	0.432776614898195	0.00214633295805633	PTGES3;GPX7;CBR3;PLA2G12A;PLA2G4C;TBXAS1;LTC4S;GGT1	277	KEGG_2021_Human
Malaria	6/50	0.995073323856502	1	0.39106066481018	0.00193139083278609	VCAM1;IFNG;TNF;ITGB2;THBS1;ICAM1	278	KEGG_2021_Human
Serotonergic synapse	18/113	0.995799610534968	1	0.542757788369096	0.00228459555793811	RAF1;APP;GNG4;GNG5;GNG8;MAP2K1;PLA2G4C;PRKCB;GNB4;PRKACA;ITPR3;ITPR1;GNGT2;CASP3;PLCB3;GNAI2;MAPK3;HRAS	279	KEGG_2021_Human
Hypertrophic cardiomyopathy	13/90	0.996941703654175	1	0.483746693997131	0.00148170765376687	TPM4;TPM3;ITGA2;CACNA2D4;PRKAB1;PRKAB2;TNF;ACTB;DAG1;ACTG1;PRKAG1;SGCB;ITGB8	280	KEGG_2021_Human
PI3K-Akt signaling pathway	70/354	0.99703953059937	1	0.704114755276852	0.00208760185520774	COL9A2;TP53;GNG4;CREB3L4;MYB;GNG5;FLT3LG;GNG8;AKT1;ATF4;MLST8;SGK1;BRCA1;GNGT2;PCK2;PPP2CA;CCNE2;CCNE1;PKN3;PHLPP1;CDKN1A;GYS1;IKBKB;HRAS;RAC1;RAF1;ATF6B;RXRA;CCND3;MAP2K2;MAP2K1;NFKB1;CREB1;RHEB;COL6A3;BCL2L1;FGFR1;GNB4;IFNAR1;MDM2;EIF4EBP1;NR4A1;THEM4;HSP90AA1;ITGA2;PPP2R5D;G6PC3;IL7;CDK6;CDK4;CDK2;GSK3B;YWHAE;PIK3R3;ERBB3;YWHAQ;YWHAH;NTRK2;PPP2R3A;PPP2R3C;PPP2R3B;EPOR;RPS6KB2;IL2RA;DDIT4;HSP90AB1;THBS1;PPP2R1B;MAPK3;ITGB8	281	KEGG_2021_Human
Morphine addiction	13/91	0.997409247869915	1	0.477512457128066	0.00123872171967033	ADCY3;GNGT2;GNG4;GRK3;GRK6;GNG5;GNG8;PDE8A;PRKCB;GNB4;ARRB2;GNAI2;PRKACA	282	KEGG_2021_Human
Phototransduction	2/28	0.997504621625784	1	0.220695615891276	0.000551407338641547	CALM3;PDE6B	283	KEGG_2021_Human
Neutrophil extracellular trap formation	33/189	0.997644930544328	1	0.605220155015517	0.0014270165228863	MAPK14;MAPK11;MAPK12;HAT1;PPIF;RAF1;ACTB;AKT1;MAP3K7;MAP2K2;MAP2K1;PRKCB;NFKB1;NCF2;ACTG1;PLCG1;GSDMD;HMGB1;PIK3R3;VDAC3;VDAC2;VDAC1;PLCB3;SLC25A5;ITGB2;HDAC6;HDAC3;HDAC1;HDAC2;HDAC8;MAPK3;RAC1;RAC2	284	KEGG_2021_Human
Amoebiasis	15/102	0.997710577900606	1	0.493868913280784	0.00113197067861007	ACTN1;CSF2;TNF;PRKCB;NFKB1;PRKACA;IFNG;PIK3R3;HSPB1;CASP3;ARG2;SERPINB6;PLCB3;ITGB2;GNA15	285	KEGG_2021_Human
Metabolism of xenobiotics by cytochrome P450	10/76	0.997732832853564	1	0.434202325936901	0.00098552684793296	GSTM4;AKR7A2;CBR3;GSTK1;EPHX1;GSTO1;GSTP1;MGST2;ADH5;CYP2F1	286	KEGG_2021_Human
Linoleic acid metabolism	2/29	0.998089775652575	1	0.212507354312856	0.000406324931777413	PLA2G12A;PLA2G4C	287	KEGG_2021_Human
Mucin type O-glycan biosynthesis	3/36	0.99809057431587	1	0.26074932624051	0.000498357400411798	C1GALT1;POC1B-GALNT4;C1GALT1C1	288	KEGG_2021_Human
Axon guidance	31/182	0.99825764131826	1	0.58733709809143	0.0010242444519179	SEMA4A;PLXNB2;MYL9;RAF1;ROCK2;PARD6A;DPYSL2;PAK1;CFL1;FZD3;TRPC3;MYL12A;PPP3R1;PLCG1;SEMA7A;SRGAP2;RHOA;LIMK2;CDK5;GSK3B;PIK3R3;PPP3CB;EPHB6;GNAI2;RND1;MAPK3;RAC3;HRAS;RAC1;RAC2;CAMK2G	289	KEGG_2021_Human
Hippo signaling pathway	27/163	0.998272803150614	1	0.568110249745216	0.000982086606268421	PPP1CA;PARD6A;PPP1CC;ACTB;CCND3;PAK1;WWTR1;FZD3;FZD6;TP73;FRMD6;BIRC5;ACTG1;RASSF1;TGFBR1;ID2;GSK3B;YWHAE;SAV1;STK3;BBC3;YWHAQ;DVL3;YWHAH;PPP2CA;ITGB2;PPP2R1B	290	KEGG_2021_Human
Glutamatergic synapse	17/114	0.998296366638174	1	0.501869771000623	0.000855731218442073	ADCY3;GNG4;GNG5;GNG8;PLA2G4C;PRKCB;GNB4;PPP3R1;PRKACA;ITPR3;ITPR1;GNGT2;PPP3CB;GRK3;PLCB3;GNAI2;MAPK3	291	KEGG_2021_Human
Staphylococcus aureus infection	13/95	0.998684518490825	1	0.454096055229626	0.000597748213661761	KRT10;KRT18;HLA-DRA;HLA-DQA2;HLA-DOA;HLA-DRB5;HLA-DPB1;HLA-DRB1;ITGB2;ICAM1;HLA-DMB;HLA-DPA1;HLA-DMA	292	KEGG_2021_Human
Salivary secretion	12/93	0.99926790046109	1	0.424286864504256	0.000310733975852996	ATP1B1;FXYD2;CALM3;ITPR3;ADCY3;ITPR1;CD38;PRKCB;PLCB3;SLC4A2;KCNN4;PRKACA	293	KEGG_2021_Human
GABAergic synapse	11/89	0.999438497433973	1	0.403892181303398	0.000226850190644122	SLC12A5;ADCY3;GNGT2;GNG4;GNG5;GNG8;PRKCB;GNB4;GNAI2;PRKACA;SLC38A5	294	KEGG_2021_Human
JAK-STAT signaling pathway	25/162	0.999492417735844	1	0.521949653643314	0.000264999647223183	PTPN2;IL23A;RAF1;CSF2;IL21R;CCND3;AKT1;CISH;BCL2L1;IFNAR1;IL23R;IL15;IL10RB;TYK2;IL7;IFNG;IL9R;PIK3R3;IL15RA;STAT1;EPOR;IL2RA;IL21;CDKN1A;HRAS	295	KEGG_2021_Human
Bile secretion	11/90	0.99953456787583	1	0.398752600795407	0.000185635473714928	ATP1B1;FXYD2;ABCG2;ADCY3;RXRA;EPHX1;NCEH1;SLC27A5;SLC4A2;SCARB1;PRKACA	296	KEGG_2021_Human
Dilated cardiomyopathy	12/96	0.999576593439285	1	0.40905057675244	0.000173231374099803	TPM4;TPM3;ITGA2;CACNA2D4;ADCY3;TNF;ACTB;DAG1;ACTG1;SGCB;ITGB8;PRKACA	297	KEGG_2021_Human
Maturity onset diabetes of the young	1/26	0.999578304803098	1	0.114747239976758	4.83985653946125e-05	NR5A2	298	KEGG_2021_Human
Rap1 signaling pathway	34/210	0.999709272630713	1	0.552055644160907	0.000160521020184778	MAPK14;MAPK11;MAPK12;CALM3;PFN1;TLN1;ADCY3;PARD6A;ACTB;AKT1;PRKCB;PRKD3;PLCG1;RHOA;VAV2;RAP1B;PLCB3;GNAI2;RAC3;HRAS;RAC1;RAC2;RAF1;MAP2K2;MAP2K1;FGFR1;ACTG1;RASGRP3;MAP2K6;ADORA2B;PIK3R3;ITGB2;THBS1;MAPK3	299	KEGG_2021_Human
ECM-receptor interaction	10/88	0.999767936828394	1	0.367103469548173	8.52010818499873e-05	ITGA2;COL9A2;SDC4;HMMR;SV2A;DAG1;COL6A3;CD47;THBS1;ITGB8	300	KEGG_2021_Human
Synaptic vesicle cycle	8/78	0.999834144603958	1	0.327296907902028	5.4288460425058e-05	STXBP1;CLTA;AP2S1;ATP6V0E2;TCIRG1;AP2A1;ATP6V1C2;AP2M1	301	KEGG_2021_Human
Alcoholism	28/186	0.999866738100784	1	0.506457273551796	6.74959555646802e-05	PPP1CA;HAT1;CALM3;RAF1;ATF6B;PPP1CC;GNG4;CREB3L4;GNG5;GNG8;MAP2K1;CREB1;GNB4;ATF4;PRKACA;ADORA2B;GNGT2;NTRK2;FOSB;SLC29A1;HDAC6;HDAC3;HDAC1;HDAC2;GNAI2;HDAC8;MAPK3;HRAS	302	KEGG_2021_Human
Systemic lupus erythematosus	18/135	0.999872917329054	1	0.440043050614368	5.59253998530517e-05	ACTN1;SNRPB;CD86;CD80;TNF;SNRPD3;SNRPD1;HLA-DOA;HLA-DRB5;HLA-DRB1;IFNG;HLA-DRA;CD28;HLA-DQA2;HLA-DPB1;HLA-DMB;HLA-DPA1;HLA-DMA	303	KEGG_2021_Human
Ras signaling pathway	37/232	0.999894358960039	1	0.541844333418353	5.72440225916419e-05	CALM3;GNG4;GNG5;FLT3LG;GNG8;AKT1;PLA2G4C;PRKCB;RGL1;RASSF1;PLCG1;PRKACA;RHOA;GNGT2;RAP1B;RRAS2;ARF6;IKBKB;RAC3;HRAS;RAC1;RAC2;RAF1;PAK1;MAP2K2;MAP2K1;NFKB1;BCL2L1;FGFR1;GNB4;RASGRP3;ETS2;RASA4;PIK3R3;NTRK2;PLA2G12A;MAPK3	304	KEGG_2021_Human
Retinol metabolism	6/68	0.999899847411504	1	0.277189208120177	2.77626069681197e-05	HSD17B6;RDH13;DHRS4;PNPLA4;ADH5;DHRS4L2	305	KEGG_2021_Human
Arrhythmogenic right ventricular cardiomyopathy	7/77	0.999945268358265	1	0.286329261198371	1.56716994149799e-05	ITGA2;CACNA2D4;ACTB;DAG1;ACTG1;SGCB;ITGB8	306	KEGG_2021_Human
Phospholipase D signaling pathway	19/148	0.999966322017277	1	0.421019880820545	1.41793390393382e-05	RAF1;ADCY3;AKT1;MAP2K2;MAP2K1;PLA2G4C;RHEB;PLPP1;PLCG1;RHOA;SPHK2;SPHK1;PIK3R3;AGPAT1;RRAS2;PLCB3;ARF6;MAPK3;HRAS	307	KEGG_2021_Human
cAMP signaling pathway	32/216	0.999969834394196	1	0.496526483445728	1.4978248086102e-05	MYL9;CALM3;ADCY3;CREB3L4;AKT1;LIPE;PRKACA;RHOA;JUN;VAV2;FXYD2;RAP1B;RRAS2;FOS;GNAI2;RAC3;RAC1;RAC2;ATP1B1;PPP1CA;RAF1;ROCK2;PPP1CC;PAK1;MAP2K2;MAP2K1;NFKB1;CREB1;PIK3R3;POMC;MAPK3;CAMK2G	308	KEGG_2021_Human
MicroRNAs in cancer	51/310	0.999973569038639	1	0.561387544958834	1.48382086040966e-05	VIM;TP53;E2F1;E2F2;E2F3;FZD3;PRKCB;EZH2;CDCA5;RASSF1;SOX4;STMN1;PLCG1;RHOA;RDX;CCNG1;BRCA1;SLC7A1;CDKN2A;CCNE2;CCNE1;CDKN1A;IKBKB;HRAS;UBE2I;CDC25A;CDC25B;CDC25C;RAF1;MAP2K2;MAP2K1;KIF23;NFKB1;FSCN1;DNMT1;MDM2;DNMT3B;MMP9;CDK6;PIK3R3;ERBB3;CASP3;DDIT4;RECK;HDAC1;HDAC2;THBS1;RPS6KA5;MAPK3;BAK1;MAPK7	309	KEGG_2021_Human
Coronavirus disease	34/232	0.999987647143594	1	0.489979719219485	6.05268649764617e-06	MAPK14;MAPK11;MAPK12;RPL22L1;PRKCB;RPL35;RPS17;PLCG1;JUN;TYK2;RPS27L;STAT1;FOS;ADAM17;RPLP0;IKBKB;IKBKE;RPSA;CXCL10;RPL26L1;CSF2;TNF;MAP3K7;ISG15;NFKB1;IFNAR1;RSL24D1;EIF2AK2;NFKBIB;OAS3;CGAS;PIK3R3;IRAK1;MAPK3	310	KEGG_2021_Human
Calcium signaling pathway	35/240	0.999992098496161	1	0.487029754290524	3.84828267664912e-06	CALM3;ADCY3;PRKCB;PHKA1;PPP3R1;PLCG1;PRKACA;SPHK2;SPHK1;ITPKA;CAMK1;PPP3CB;CD38;PLCB3;RYR1;STIM2;PPIF;PHKB;FGFR1;TPCN2;ADORA2B;MCU;ITPR3;ITPR1;ERBB3;NTRK2;P2RX4;ASPH;VDAC3;VDAC2;VDAC1;SLC25A5;GNA15;PHKG2;CAMK2G	311	KEGG_2021_Human
Cytokine-cytokine receptor interaction	45/295	0.999996195539097	1	0.512889236178941	1.95127075859811e-06	IL23A;TNFSF4;TNFSF9;IL21R;TNFSF14;IL1RN;IL23R;TNFSF11;TNFSF10;CCR1;IL15;CCL20;IL10RB;CCL28;IL18R1;EBI3;IL32;IL21;IL26;CXCR3;CCL18;CD70;CXCL10;CXCL13;CSF2;TNF;RELT;TNFRSF10B;TNFRSF10A;IFNAR1;CCL4L2;TNFRSF8;TNFRSF4;XCL1;TGFBR1;ACVR2B;IL7;IFNG;IL9R;XCL2;IL15RA;EPOR;IL2RA;LTA;CCL3	312	KEGG_2021_Human
Protein digestion and absorption	9/103	0.999997226612369	1	0.27380564211569	7.59370234245805e-07	ATP1B1;COL9A2;PRSS2;SLC1A5;COL6A3;KCNN4;FXYD2;SLC3A2;DPP4	313	KEGG_2021_Human
Complement and coagulation cascades	6/85	0.999998166333714	1	0.217290579706588	3.98438775534273e-07	F12;CLU;F5;PROC;F8;ITGB2	314	KEGG_2021_Human
Taste transduction	3/86	0.999999996857915	1	0.10332124856722	3.24644126654037e-10	ITPR3;PLCB3;PRKACA	315	KEGG_2021_Human
Neuroactive ligand-receptor interaction	15/341	1	1	0.129663631153586	0	PRSS2;NMU;GPR35;NPB;NPW;TSPO;CHRNA1;CHRNA5;RLN2;CALCB;ADORA2B;GZMA;POMC;CORT;P2RX4	316	KEGG_2021_Human
Olfactory transduction	7/440	1	1	0.0451508543959846	0	ADCY3;PRKACA;ARRB2;CALM3;RGS2;GRK3;CAMK2G	316	KEGG_2021_Human
E2F Targets	187/200	1.80542338601104e-93	9.02711693005519e-92	42.8417026011963	9148.82924728759	DUT;DEK;CDC20;PHF5A;ZW10;DDX39A;MTHFD2;CCP110;ANP32E;ASF1A;HNRNPD;ASF1B;TP53;RAN;NUP205;NOLC1;PNN;EXOSC8;CHEK1;RACGAP1;CHEK2;TIPIN;E2F8;PLK4;PLK1;TUBG1;STAG1;EZH2;JPT1;POP7;CDCA3;TFRC;CDCA8;PRKDC;SMC6;SMC4;SMC3;PRDX4;TMPO;STMN1;MYBL2;BARD1;TCF19;TUBB;NME1;CENPE;RAD51C;CENPM;DEPDC1;CDKN3;SLBP;SUV39H1;TOP2A;BRCA1;BRCA2;CTCF;PSMC3IP;RAD51AP1;TK1;DLGAP5;ATAD2;CDKN2C;HELLS;MLH1;CDKN2A;RANBP1;RPA2;RPA3;RPA1;CIT;SPC24;NUDT21;CCNE1;CKS2;NCAPD2;TRIP13;TACC3;TIMELESS;RAD1;SPC25;CDKN1A;DSCC1;PRIM2;MKI67;UNG;XPO1;ING3;PPP1R8;GINS3;GINS1;LIG1;GINS4;CDC25A;DONSON;MSH2;ILF3;CDC25B;MELK;UBE2S;UBE2T;BUB1B;KIF4A;POLE4;CNOT9;MRE11;MAD2L1;SNRPB;PCNA;DCLRE1B;SRSF1;AURKA;AURKB;PTTG1;NBN;CSE1L;USP1;RBBP7;PMS2;KPNA2;KIF22;NUP153;CTPS1;NASP;EIF2S1;MMS22L;PAN2;DIAPH3;KIF18B;BIRC5;KIF2C;RNASEH2A;DNMT1;MXD3;AK2;IPO7;PDS5B;CCNB2;PAICS;CBX5;RFC2;RFC3;RFC1;PA2G4;HMGA1;NAP1L1;SMC1A;POLA2;ESPL1;CDK4;BRMS1L;MCM4;CDK1;MCM5;DCTPP1;MCM6;MCM7;NAA38;LUC7L3;MCM2;MCM3;SHMT1;CKS1B;HMGB3;HMMR;LMNB1;PSIP1;HMGB2;ORC6;RAD21;UBR7;EED;RRM2;SPAG5;DCK;SSRP1;RAD50;WEE1;PPM1D;NOP56;NUP107;PRPS1;WDR90;POLE;POLD1;POLD2;POLD3;TRA2B	1	MSigDB_Hallmark_2020
G2-M Checkpoint	138/200	1.03251521116899e-37	2.58128802792247e-36	6.54279039318126	557.20791540395	CASP8AP2;KNL1;CDC20;MAPK14;DDX39A;HNRNPD;KIF20B;CCNF;NOLC1;EWSR1;CHEK1;RACGAP1;RAD54L;SNRPD1;E2F1;E2F2;E2F3;E2F4;PLK4;PLK1;SQLE;STAG1;TPX2;UCK2;EZH2;JPT1;HIF1A;SMC4;SMC2;TMPO;MT2A;STMN1;MYBL2;BARD1;CDC7;CDC6;CENPE;CENPF;INCENP;MTF2;CDKN3;DTYMK;KIF11;SUV39H1;TOP2A;KIF15;BRCA2;CTCF;SLC7A1;PBK;MAP3K20;CDKN2C;PRMT5;RPA2;TRAIP;CKS2;TACC3;PRIM2;MKI67;CENPA;XPO1;WRN;NUSAP1;SRSF10;GINS2;UBE2C;CDC25A;ILF3;CDC25B;SAP30;DKC1;UBE2S;KIF4A;MAD2L1;ODC1;SRSF1;AURKA;HIRA;AURKB;NSD2;PTTG1;KMT5A;HMGN2;KPNA2;KIF22;ODF2;STIL;FANCC;KIF23;NASP;NDC80;CCNA2;TFDP1;BIRC5;TROAP;KIF2C;PDS5B;CHAF1A;CCNB2;NEK2;CBX1;HMGA1;SMC1A;NUP50;POLA2;RBL1;ESPL1;SFPQ;CDK4;CDK1;MCM5;MCM6;MCM2;MCM3;CKS1B;HMGB3;HMMR;LMNB1;TENT4A;ORC6;ORC5;RAD21;RBM14;ATRX;POLQ;KATNA1;PRC1;KPNB1;DBF4;TTK;RPS6KA5;CDC45;POLE;EXO1;TRA2B;FBXO5;BUB3;BUB1	2	MSigDB_Hallmark_2020
Myc Targets V1	127/200	2.44623030017254e-29	3.05778787521567e-28	5.09898259727333	335.923112583595	DUT;DEK;MRPS18B;HSPE1;CDC20;CLNS1A;SERBP1;HNRNPD;RAN;NOLC1;HNRNPR;UBE2L3;FAM120A;PSMD8;SNRPD3;SNRPD2;PSMD3;SNRPD1;PSMD1;SRPK1;AIMP2;RNPS1;HPRT1;SET;PHB2;PCBP1;PRDX4;PRDX3;MRPL9;DHX15;CSTF2;PTGES3;TCP1;GNL3;NME1;MRPL23;PABPC4;C1QBP;CCT4;NPM1;CCT2;RANBP1;PSMA6;PSMA4;HNRNPA2B1;PSMA2;XPOT;APEX1;PSMA1;HDGF;COX5A;RPLP0;XPO1;PSMB3;PSMB2;CCT7;TUFM;EIF1AX;ILF2;SNRPA;PPIA;POLE3;SRSF3;SNRPG;SRSF7;MAD2L1;NHP2;HDDC2;PCNA;ODC1;SRSF1;TYMS;FBL;RUVBL2;USP1;KPNA2;GOT2;LSM2;CTPS1;EIF2S2;EIF2S1;CCNA2;TFDP1;LSM7;UBA2;ERH;PHB;CYC1;RFC4;VBP1;CBX3;PA2G4;NAP1L1;CDK4;CDK2;MCM4;MCM5;MCM6;MCM7;MCM2;SLC25A3;YWHAE;PSMD14;GLO1;YWHAQ;EIF4H;ACP1;CAD;RRM1;KPNB1;IMPDH2;VDAC3;SNRPA1;VDAC1;EIF3D;NOP56;PRPS2;HSP90AB1;HDAC2;HSPD1;CDC45;POLD2;TRA2B;TRIM28;BUB3;HNRNPA3;HNRNPA1	3	MSigDB_Hallmark_2020
Oxidative Phosphorylation	127/200	2.44623030017254e-29	3.05778787521567e-28	5.09898259727333	335.923112583595	PDHX;AFG3L2;FDX1;BAX;UQCRC1;SUCLG1;COX8A;SURF1;COX7A2L;PHB2;ECI1;MRPL15;MRPL11;PRDX3;TIMM17A;DECR1;ATP5F1D;COX6C;CS;LRPPRC;ALDH6A1;GPI;COX7B;MRPS15;MRPS12;ACAT1;MRPS11;TIMM13;ECHS1;MRPL35;TIMM10;LDHB;NNT;ATP5MG;ATP5MF;NQO2;ATP5PF;ATP5PD;MDH2;MTX2;ATP5PB;COX6B1;HADHA;ATP5PO;DLD;FH;TIMM9;COX5A;ATP5F1A;ATP5F1C;ACADM;AIFM1;DLAT;MDH1;SDHD;ATP1B1;SDHC;UQCRQ;DLST;TOMM22;COX6A1;TIMM50;NDUFV2;NDUFV1;GOT2;IDH2;OXA1L;COX17;ATP5MC3;HTRA2;COX7A2;ATP5MC1;ATP5MC2;UQCRH;MPC1;COX15;ACAA2;CYC1;COX10;BCKDHA;HSPA9;NDUFC2;CYB5A;NDUFS8;NDUFS7;NDUFS6;NDUFS4;NDUFS3;CYCS;NDUFS2;NDUFS1;SLC25A3;ABCB7;NDUFB7;NDUFB6;NDUFB5;NDUFB3;ETFDH;NDUFB2;NDUFB1;RHOT1;CASP7;UQCRFS1;NDUFA9;TIMM8B;NDUFA7;IDH3G;NDUFA6;NDUFA4;IMMT;NDUFA2;SUCLA2;VDAC3;SLC25A11;VDAC2;VDAC1;SLC25A12;SLC25A5;ACADVL;ALAS1;TCIRG1;ETFA;ETFB;HSD17B10;MTRF1;IDH3A;IDH3B	3	MSigDB_Hallmark_2020
mTORC1 Signaling	108/200	1.6073272984359e-17	1.6073272984359e-16	3.42329389102917	132.376631251517	STARD4;PPA1;HSPE1;CCT6A;DDX39A;SCD;HMBS;MTHFD2;MTHFD2L;PSMC2;CTH;POLR3G;GLA;TES;NUP205;CCNF;ARPC5L;PNP;PLK1;TUBG1;DHFR;UCHL5;SQLE;MLLT11;HPRT1;TFRC;ENO1;TMEM97;FDXR;SERPINH1;TPI1;BHLHE40;CCNG1;EEF1E1;GPI;VLDLR;ACACA;NFIL3;PHGDH;CTSC;NFYC;CACYBP;RPA1;PSMA4;PSMA3;TCEA1;TOMM40;ERO1A;CDKN1A;UNG;PSMB5;NAMPT;FADS2;FADS1;GSR;CDC25A;PDAP1;PPIA;PSAT1;UBE2D3;AURKA;SLC1A4;SLC1A5;GOT1;M6PR;EIF2S2;QDPR;BCAT1;AK4;CORO1A;ATP5MC1;DAPP1;EBP;SRD5A1;PSPH;CYB5B;HSPA9;HMGCS1;TXNRD1;ASNS;DHCR24;SORD;NFKBIB;MCM4;PSMG1;MCM2;IDI1;GSK3B;NUFIP1;PSMD14;SHMT2;GMPS;PIK3R3;HK2;SLC37A4;RRM2;CYP51A1;IMMT;PFKL;DDIT4;DDIT3;TRIB3;GAPDH;ITGB2;SEC11A;HSPD1;ADD3;BUB1	5	MSigDB_Hallmark_2020
DNA Repair	79/150	1.89124754462466e-12	1.57603962052055e-11	3.23080864736106	87.2117521552757	DUT;BRF2;LIG1;ALYREF;UPF3B;GTF2F1;RBX1;TARBP2;POLR3C;POLE4;TP53;PCNA;MPG;TYMS;PNP;NT5C;RAE1;SURF1;ITPA;HPRT1;TSG101;COX17;ARL6IP1;CSTF3;AK3;AAAS;DGUOK;MPC2;NELFE;SAC3D1;RFC4;RFC5;POLR3GL;RFC2;RFC3;NME4;ZWINT;NME1;POLA1;POLA2;ADA;UMPS;GTF3C5;MRPL40;NELFCD;DGCR8;TK2;ADRM1;RPA2;RPA3;SSRP1;GTF2H3;DDB2;ERCC1;NUDT21;RAD51;RAD52;ERCC4;IMPDH2;DAD1;ERCC3;CMPK2;ERCC8;TAF9;TAF6;FEN1;GMPR2;PRIM1;POLB;POLD1;POLR2D;POLD3;POLR2E;POLR2G;POLR2H;POLL;POLR2J;POLR2K;POLH	6	MSigDB_Hallmark_2020
Fatty Acid Metabolism	81/158	6.32339532385565e-12	4.51671094561118e-11	3.05443661198137	78.7640385623353	ACOT8;ACSL1;ACSL5;SDHD;ACSL4;SDHC;GSTZ1;GPD2;ACOT2;SUCLG2;ERP29;SUCLG1;CRAT;ODC1;DLST;HSD17B4;CPOX;HSD17B7;NTHL1;KMT5A;NBN;S100A10;EPHX1;NCAPH2;UROS;MIF;REEP6;SMS;PSME1;GCDH;BLVRA;SLC22A5;ECI1;ENO2;ENO3;HSPH1;IL4I1;PRDX6;LGALS1;UROD;ACAA2;HADH;DECR1;BCKDHB;HSP90AA1;HMGCS1;DHCR24;GRHPR;METAP1;IDI1;RAP1GDS1;ETFDH;ECHS1;ACAT2;ALAD;AUH;CPT2;YWHAH;CBR3;HSDL2;IDH3G;MDH2;ADSL;CCDC58;G0S2;SUCLA2;APEX1;DLD;ALDH9A1;FH;ACADVL;HSD17B10;LTC4S;PTS;MCEE;NSDHL;ACADM;MDH1;PCBD1;ACADS;IDH3B	7	MSigDB_Hallmark_2020
Myc Targets V2	35/58	2.91180118785384e-08	1.81987574240865e-07	4.39491552722372	76.2601738047777	IMP4;CBX3;PA2G4;SORD;WDR74;GNL3;HSPE1;BYSL;MRTO4;LAS1L;CDK4;MCM4;MCM5;DCTPP1;NOLC1;NOC4L;HK2;EXOSC5;TCOF1;MAP3K6;NPM1;PLK4;PLK1;PRMT3;AIMP2;RCL1;GRWD1;FARSA;NOP56;PHB;PPAN;TMEM97;HSPD1;UNG;SLC19A1	8	MSigDB_Hallmark_2020
Mitotic Spindle	83/199	6.83858579216792e-07	3.79921432898218e-06	2.07290175026637	29.4259072597508	KIF20B;RACGAP1;STK38L;PLK1;CCDC88A;TPX2;NET1;SASS6;SMC4;SMC3;EPB41L2;CDK5RAP2;CEP72;CEP192;LRPPRC;ANLN;CENPE;CENPF;INCENP;CENPJ;KPTN;KIF11;PIF1;TOP2A;KIF15;NEDD9;BRCA2;CNTRL;CEP57;DLGAP5;CTTN;TAOK2;ARF6;ALMS1;TUBD1;NUSAP1;ARHGAP27;KIF4A;TUBGCP5;CNTROB;GEMIN4;AURKA;KATNB1;FGD6;CEP250;FLNB;KNTC1;PCNT;KIF22;KIF23;CKAP5;NDC80;ARHGAP10;CDC42EP4;BIRC5;CDC42EP2;FSCN1;KIF2C;TUBGCP2;TUBGCP3;CCNB2;NEK2;SAC3D1;RFC1;SMC1A;ESPL1;CDK1;DOCK2;YWHAE;LMNB1;CAPZB;ECT2;WASF1;CEP131;MID1IP1;KATNA1;PRC1;MYO1E;HDAC6;TTK;PKD2;FBXO5;BUB1	9	MSigDB_Hallmark_2020
Glycolysis	77/200	5.16606217629749e-05	0.000258303108814874	1.81061081890552	17.8722039500488	GLCE;CTH;KIF20A;POLR3K;MIF;TALDO1;ALG1;TSTA3;PAXIP1;TXN;ENO1;ENO2;STMN1;IER3;PDK3;TPI1;AKR1A1;P4HA2;DEPDC1;PAM;VLDLR;LDHC;LHPP;MDH2;PGAM1;TPST1;DLD;ERO1A;CENPA;GYS1;NANP;NSDHL;MDH1;SRD5A3;B3GAT3;SDHC;SAP30;PPIA;PLOD1;AURKA;GPC1;GOT2;GOT1;NASP;MED24;KIF2A;AK3;AK4;CYB5A;GALK1;ADORA2B;CDK1;B4GALT4;HMMR;HS2ST1;HK2;FUT8;CASP6;GMPPA;GMPPB;SLC37A4;SPAG4;PKM;GALE;DDIT4;ANG;KDELR3;SLC25A10;ALDH9A1;SLC25A13;PFKP;PRPS1;RPE;CLN6;PGLS;GUSB;PGM2	10	MSigDB_Hallmark_2020
Unfolded Protein Response	48/113	8.31390189159626e-05	0.000377904631436194	2.13209839417814	20.0310567901879	DKC1;MTHFD2;PSAT1;NHP2;ATF3;GEMIN4;NOLC1;PARN;SLC1A4;KHSRP;EXOSC10;EXOSC5;EXOSC9;CHAC1;BANF1;EXOSC2;WFS1;SLC30A5;LSM1;EIF2S1;LSM4;PDIA6;PDIA5;ATF6;ATF4;EIF4EBP1;POP4;BAG3;HSPA9;ASNS;TUBB2A;CKS1B;NPM1;NFYB;SPCS3;XPOT;DDIT4;DNAJA4;KDELR3;DCP2;NOP56;EIF4A3;CEBPB;SEC11A;ERO1A;CEBPG;CXXC1;NFYA	11	MSigDB_Hallmark_2020
Adipogenesis	74/200	0.000302114051483891	0.00125880854784955	1.69729004895999	13.7560367721965	UQCRC1;SUCLG1;COX8A;GADD45A;TALDO1;UCK1;PEMT;MRPL15;PRDX3;SULT1A1;LIPE;SCP2;SLC19A1;DECR1;CS;COX7B;ECHS1;CDKN2C;MDH2;ELMOD3;MCCC1;SORBS1;GPAM;ATP5PO;PPARG;DLD;TKT;ACADM;AIFM1;ENPP2;DLAT;ACADS;FAH;SDHC;UQCRQ;GPD2;CRAT;SLC1A5;COX6A1;BCL2L13;DNAJC15;QDPR;REEP6;CD151;LPL;AK2;ACAA2;CYC1;HADH;BCKDHA;JAGN1;COQ9;COQ5;COQ3;NDUFS3;RTN3;SLC25A1;NDUFB7;ABCB8;DHRS7B;DRAM2;DBT;CPT2;IDH3G;IMMT;PFKL;CAT;TST;SLC25A10;ETFB;LTC4S;DDT;IDH3A;SCARB1	12	MSigDB_Hallmark_2020
Cholesterol Homeostasis	32/74	0.000829681924676014	0.00319108432567698	2.19634042237316	15.5818671816592	STARD4;HMGCS1;ANXA5;SCD;ETHE1;IDI1;ATF3;CLU;HSD17B7;ACAT2;PMVK;NFIL3;FDFT1;FDPS;JAG1;CYP51A1;SQLE;FABP5;PLSCR1;PPARG;TRIB3;MVK;GLDC;LPL;ACTG1;TMEM97;EBP;NSDHL;ALCAM;GUSB;FADS2;PDK3	13	MSigDB_Hallmark_2020
p53 Pathway	71/200	0.00147158150565155	0.00525564823446982	1.58934820098113	10.3648033340989	PRKAB1;NINJ1;CCP110;BAX;TNFSF9;TP53;APP;ATF3;CYFIP2;RB1;S100A10;PMM1;GADD45A;RRP8;FDXR;IER3;SLC19A2;ZNF365;JUN;SPHK1;VWA5A;RAD51C;CCNG1;TAX1BP3;ADA;RPS27L;HINT1;LDHB;CDKN2A;CDKN2B;FOS;AEN;DDB2;CDKN1A;HRAS;NUDT15;MAPKAPK3;PLXNB2;S100A4;PCNA;PVT1;RGS16;NOL8;RXRA;CCND3;PERP;PHLDA3;EPHX1;MXD1;TRAF4;RAD9A;MDM2;TRIAP1;TM7SF3;VDR;TPRKB;SP1;SLC3A2;DRAM1;IRAK1;PIDD1;DCXR;KLF4;PPM1D;DDIT4;DDIT3;TRIB3;HDAC3;BAK1;UPP1;POLH	14	MSigDB_Hallmark_2020
IL-2/STAT5 Signaling	69/199	0.00332782677762132	0.0110927559254044	1.53199063939005	8.74067425053383	TTC39B;CYFIP1;PNP;FLT3LG;GBP4;ST3GAL4;BATF3;GADD45B;PLSCR1;UCK2;PLPP1;ENO3;CD79B;ALCAM;TNFSF11;TNFSF10;ANXA4;CDC6;RHOB;BHLHE40;ETFBKMT;UMPS;IL18R1;NFIL3;SNX9;GSTO1;SERPINB6;ADAM19;CCNE1;PTRH2;EEF1AKMT1;AHCY;CAPG;DCPS;PHLDA1;APLP1;FAH;CXCL10;CD86;CD83;CSF2;ODC1;RGS16;SLC1A5;LCLAT1;CCND3;DENND5A;SLC39A8;MAP3K8;SWAP70;CISH;TRAF1;MXD1;AMACR;SELL;BCL2L1;GLIPR2;TNFRSF8;TNFRSF4;POU2F1;IRF8;PHTF2;HK2;CASP3;MYO1E;P2RX4;IL2RA;GALM;SPRED2	15	MSigDB_Hallmark_2020
Interferon Alpha Response	37/97	0.0050180076435318	0.0156812738860369	1.77723164943762	9.40994806043453	CD74;PSMB9;CXCL10;LAP3;IFI27;LY6E;IFITM1;LAMP3;MVB12A;EPSTI1;GBP4;ISG15;IFI44;MOV10;PLSCR1;SELL;PSME2;PSME1;CNP;LGALS3BP;IFI35;IFIT3;IL15;EIF2AK2;BST2;IL7;GMPR;TRIM5;RIPK2;PARP9;PSMA3;CMPK2;CD47;USP18;SLC25A28;PSMB8;TRIM26	16	MSigDB_Hallmark_2020
PI3K/AKT/mTOR  Signaling	39/105	0.00679743076651802	0.0193980497993507	1.7029711751663	8.49988772418777	PPP1CA;PFN1;RAF1;UBE2N;ATF1;UBE2D3;NOD1;E2F1;AKT1;CFL1;MAP3K7;PRKCB;TRAF2;ARPC3;CSNK2B;PIN1;DAPP1;THEM4;PLCG1;MAP2K6;AP2M1;NFKBIB;ECSIT;CDK4;CDK2;CDK1;GSK3B;MAPKAP1;PIK3R3;ACACA;MKNK1;PLA2G12A;DDIT3;TRIB3;CDKN1A;PRKAG1;PPP2R1B;HRAS;RAC1	17	MSigDB_Hallmark_2020
Reactive Oxygen Species Pathway	21/49	0.00698329792776627	0.0193980497993507	2.15944001555512	10.719965527402	GSR;TXNRD2;TXNRD1;NDUFS2;PDLIM1;PTPA;NQO1;CDKN2D;NDUFA6;GLRX2;ATOX1;SOD2;MSRA;CAT;PFKP;SRXN1;LSP1;TXN;PRDX4;PRDX6;PRDX2	18	MSigDB_Hallmark_2020
UV Response Up	55/158	0.00739556794884354	0.0194620209180093	1.53985827409084	7.55589112017559	PDAP1;POLE3;PSMC3;PPIF;ATF3;CHRNA5;CCND3;BSG;AP2S1;IGFBP2;SIGMAR1;EPHX1;NAT1;EIF2S3;PRPF3;PPT1;CNP;TFRC;ENO2;ICAM1;NR4A1;SULT1A1;APOM;UROD;PPAT;PRKACA;CYB5B;RFC4;GGH;ASNS;CDC5L;HSPA2;RHOB;MRPL23;CDK2;BTG3;CTSV;DNAJB1;SPR;CASP3;PARP2;CDKN2B;GCH1;FOS;SOD2;DNAJA1;TST;CCNE1;FOSB;FEN1;ALAS1;CEBPG;ARRB2;BAK1;POLR2H	19	MSigDB_Hallmark_2020
TNF-alpha Signaling via NF-kB	65/200	0.0201457500445789	0.0503643751114474	1.38816616184728	5.42045837954238	IL23A;NINJ1;TNFSF9;ATF3;EGR1;EGR2;JAG1;GADD45B;GADD45A;KLF10;FOSL1;ICAM1;IER3;DUSP5;DUSP4;JUN;CCL20;SPHK1;TUBB2A;RHOB;BHLHE40;ID2;SGK1;BTG3;SDC4;PANX1;RIPK2;NFIL3;GCH1;G0S2;FOS;SPSB1;FOSB;TRIP10;CDKN1A;NAMPT;PHLDA1;CXCL10;CD83;CSF2;CD80;TNF;DENND5A;MAP3K8;PHLDA2;SLC16A6;TRAF1;NFKB1;RCAN1;MXD1;ETS2;NR4A1;MSC;TNIP2;NFE2L2;TNFAIP8;FUT4;DRAM1;DNAJB4;IL15RA;KLF4;SOD2;TRIB1;CEBPB;PLEK	20	MSigDB_Hallmark_2020
Interferon Gamma Response	64/200	0.0290190550428109	0.0690929881971687	1.35640138408304	4.8013931383302	PSMB9;NUP93;LAP3;MTHFD2;IFI27;NOD1;PSMB10;PNP;EPSTI1;GBP4;IFI44;PLSCR1;PSME2;PSME1;HLA-DRB1;IFI35;HIF1A;ICAM1;IFIT3;MT2A;TNFSF10;IL15;BST2;CD38;RIPK2;STAT1;GCH1;PSMA2;PSMA3;CMPK2;CDKN1A;PSMB8;NAMPT;PSMB2;HLA-DMA;PTPN2;CD74;VCAM1;CXCL10;LY6E;CD86;ISG15;NFKB1;XAF1;CD274;LGALS3BP;EIF2AK2;XCL1;IL7;IRF5;OAS3;IRF8;CASP7;CASP3;CIITA;IL15RA;GZMA;BPGM;SOD2;PFKP;USP18;SLC25A28;TRIM26;UPP1	21	MSigDB_Hallmark_2020
Apoptosis	52/161	0.0385582563491589	0.087632400793543	1.37435930568118	4.47434358062388	GSR;CDC25B;CTH;BAX;APP;ATF3;CLU;TNF;PAK1;IGFBP6;GADD45B;GADD45A;BCL2L1;PPT1;ENO2;PPP3R1;EBP;FDXR;PMAIP1;TNFSF10;IER3;JUN;CAV1;RHOB;DAP;KRT18;CDK2;BTG3;DIABLO;TOP2A;BRCA1;NEDD9;HMGB2;HSPB1;CASP6;CASP7;ERBB3;CASP2;CASP3;CD38;MGMT;GCH1;SOD2;DNAJA1;WEE1;DDIT3;VDAC2;CDKN1A;SLC20A1;GNA15;TSPO;NEFH	22	MSigDB_Hallmark_2020
Estrogen Response Late	62/200	0.0566760504675672	0.123208805364277	1.29428641226231	3.71512430965696	CDC20;GLA;KIF20A;ASCL1;MYB;FDFT1;PLK4;XRCC3;SIAH2;HPRT1;SLC22A5;TSTA3;ITPK1;CDC6;COX6C;NMU;ID2;MOCS2;SGK1;BTG3;ABHD2;TOP2A;TMPRSS3;METTL3;FOS;FABP5;SLC29A1;SNX10;IMPA2;CKB;GINS2;SLC16A1;RAB31;PPIF;SLC27A2;SLC1A4;PERP;FLNB;RBBP8;MICB;OPN3;WFS1;CISH;STIL;IDH2;RNASEH2A;ARL3;SLC2A8;BAG1;CAV1;SORD;DNAJC1;MDK;DCXR;KLF4;GALE;TST;NXT1;ETFB;TSPAN13;ADD3;SCARB1	23	MSigDB_Hallmark_2020
Pperoxisome	34/104	0.0701770163299116	0.146202117353983	1.39806182121972	3.71427896768665	ACOT8;ACSL1;ACSL5;ACSL4;MSH2;CRAT;SLC27A2;HSD17B4;FDPS;GSTK1;IDH2;CTPS1;PRDX5;SCP2;DHCR24;PEX2;ITGB1BP1;IDI1;TOP2A;ABCB9;YWHAH;SOD2;SLC25A17;ERCC1;SLC25A19;CAT;ERCC3;ALDH9A1;ABCD3;CLN6;HRAS;TSPO;ABCD2;FADS1	24	MSigDB_Hallmark_2020
Androgen Response	31/100	0.142288195654874	0.284576391309748	1.2925091126753	2.52026446397022	UBE2I;GSR;ACTN1;SCD;CCND3;ZMIZ1;AKT1;MYL12A;MAK;SMS;PLPP1;SRP19;UBE2J1;HMGCS1;PA2G4;DHCR24;SORD;CDK6;CENPN;SGK1;IDI1;TNFAIP8;ABHD2;DBI;STK39;TPD52;ADRM1;SPCS3;LMAN1;AKAP12;FADS1	25	MSigDB_Hallmark_2020
Bile Acid Metabolism	34/112	0.160429526564064	0.308518320315507	1.25399110311391	2.29467897124616	ACSL1;ACSL5;PEX12;RBP1;PEX11G;SLC27A2;HSD17B4;HSD17B6;RXRA;GSTK1;IDH2;AMACR;SLC27A5;PECR;LIPE;PRDX5;FDXR;SCP2;PEX1;DHCR24;PEX7;PXMP2;EFHC1;IDI1;BCAR3;PFKM;CAT;NEDD4;ALDH9A1;SLC29A1;ABCD3;ABCD2;FADS2;FADS1	26	MSigDB_Hallmark_2020
TGF-beta Signaling	16/54	0.307307993733008	0.547640333678783	1.21032184190079	1.42806454763911	RHOA;TGFBR1;PPP1CA;RAB31;ID3;ID2;BCAR3;UBE2D3;MAP3K7;WWTR1;KLF10;FKBP1A;ENG;HDAC1;SLC20A1;THBS1	27	MSigDB_Hallmark_2020
Hypoxia	55/200	0.317631393533694	0.547640333678783	1.09071213072266	1.25089815898868	XPNPEP1;MT1E;TES;ATF3;NOCT;SIAH2;MIF;LXN;ENO1;ENO2;ENO3;MT2A;PRDX5;IER3;PDK3;JUN;TPI1;P4HA2;BHLHE40;PAM;GPI;SDC4;VLDLR;LDHC;CSRP2;NFIL3;TPD52;GAA;FOS;ERO1A;CDKN1A;GYS1;AKAP12;CAVIN3;SAP30;ILVBL;S100A4;GPC1;AK4;CAV1;GALK1;GRHPR;ADORA2B;SLC25A1;HK2;CASP6;SLC37A4;PFKL;DDIT4;DDIT3;KDELR3;GAPDH;PFKP;PGM2;SCARB1	28	MSigDB_Hallmark_2020
Xenobiotic Metabolism	55/200	0.317631393533694	0.547640333678783	1.09071213072266	1.25089815898868	SLC12A4;ENTPD5;NINJ1;MTHFD1;CYFIP2;SLC35B1;PSMB10;NFS1;HES6;PMM1;HPRT1;PEMT;TMEM97;ADH5;MT2A;ASL;GSTM4;PTGES3;ID2;NQO1;ARG2;GCH1;GSTO1;DHRS1;PGRMC1;TPST1;AHCY;PTS;GSR;GSS;FAH;SLC1A5;COMT;EPHX1;AP4B1;PGD;DDAH2;BCAT1;ETS2;DHPS;PYCR1;CYB5A;IRF8;SHMT2;ETFDH;CASP6;TKFC;ACP1;DCXR;CAT;ALDH9A1;ALAS1;DDT;UPP1;ABCD2	28	MSigDB_Hallmark_2020
Spermatogenesis	35/135	0.521812309500121	0.869687182500202	1.00557613569897	0.654074298601024	CCT6B;CNIH2;IFT88;CLPB;AURKA;NCAPH;NPHP1;JAM3;TALDO1;RPL39L;KIF2C;EZH2;GMCL1;CCNB2;NEK2;AGFG1;RFC4;HSPA2;DMC1;CDK1;PSMG1;CDKN3;MAST2;LDHC;PGS1;TOPBP1;PARP2;POMC;DBF4;VDAC3;TTK;PHF7;PHKG2;NEFH;BUB1	30	MSigDB_Hallmark_2020
Allograft Rejection	50/200	0.631570950276922	0.999993419632376	0.957241559118759	0.43989556416796	PSMB10;AKT1;PRKCB;HIF1A;ICAM1;CD79A;MRPL3;CCR1;IL15;NME1;CD28;BRCA1;RIPK2;NPM1;TPD52;MAP4K1;CDKN2A;STAT1;CD47;WAS;CAPG;IKBKB;HLA-DMB;CXCR3;HLA-DMA;CD74;CXCL13;UBE2N;CD86;CD80;TNF;CCND3;MAP3K7;HLA-DOA;GLMN;TRAF2;BCAT1;DYRK3;EIF5A;MMP9;IL7;IFNG;HLA-DRA;IRF8;MTIF2;EIF3A;GZMA;IL2RA;EIF3D;ITGB2	31	MSigDB_Hallmark_2020
Apical Junction	49/200	0.691521128497697	0.999993419632376	0.931638538773766	0.343645657583803	GAMT;ACTN1;MAPK14;MAPK11;MYL9;PFN1;ACTB;TIAL1;TUBG1;ICAM1;EPB41L2;DHX16;PLCG1;TSPAN4;VAV2;ARHGEF6;MPZL1;MAP3K20;SORBS3;LIMA1;ADAM15;TAOK2;GNAI2;HRAS;RAC2;GTF2F1;VCAM1;ADAM9;CRAT;CD86;JAM3;SLC30A3;TRAF1;ARPC2;FSCN1;CD274;ACTG1;CNN2;HADH;CD99;ITGA2;MMP9;BMP1;PIK3R3;MDK;YWHAH;CERCAM;NECTIN3;PKD1	32	MSigDB_Hallmark_2020
heme Metabolism	48/200	0.746994732967975	0.999993419632376	0.90638245339698	0.264389173741113	UBAC1;HMBS;PPOX;PSMD9;BSG;E2F2;TFRC;PRDX2;TSPAN5;ERMAP;CTSB;ALDH6A1;P4HA2;ADIPOR1;NNT;MPP1;TCEA1;HDGF;RNF123;PIGQ;XPO7;ABCG2;CPOX;CCND3;UROS;SLC30A1;MFHAS1;MINPP1;RCL1;TFDP2;BLVRA;HTRA2;UROD;FN3K;EIF2AK1;ASNS;RAD23A;GMPS;ALAD;HEBP1;GLRX5;MBOAT2;BPGM;EPOR;CAT;DAAM1;CCDC28A;PGLS	33	MSigDB_Hallmark_2020
IL-6/JAK/STAT3 Signaling	20/87	0.763593581459837	0.999993419632376	0.857048350781087	0.231162732180278	CCR1;PTPN2;JUN;IL10RB;TYK2;CXCL10;IL7;CXCL13;IL9R;IL18R1;CSF2;EBI3;TNF;CD38;MAP3K8;IL15RA;STAT1;IL2RA;IFNAR1;BAK1	34	MSigDB_Hallmark_2020
Protein Secretion	22/96	0.776531146193979	0.999993419632376	0.853501109043699	0.215866242604813	ZW10;KRT18;TMX1;RER1;ANP32E;GLA;PAM;ERGIC3;COPE;SGMS1;CLTA;AP2S1;ARFIP1;CTSC;TPD52;M6PR;VPS45;PPT1;TSG101;ICA1;LMAN1;AP2M1	35	MSigDB_Hallmark_2020
Complement	46/200	0.840664360533394	0.999993419632376	0.856884030389306	0.148723186747178	PSMB9;XPNPEP1;LAP3;FDX1;HSPA1A;CALM3;PFN1;APOBEC3F;PLSCR1;PREP;PPP4C;CTSB;DUSP5;ANXA5;SIRT6;RBSN;CTSV;GNGT2;CSRP1;CASP10;CTSL;CTSH;CTSC;RABIF;F5;F8;WAS;GNAI2;GPD2;ADAM9;RAF1;CLU;KIF2A;GNB4;MT3;CPM;DPP4;CASP7;CASP3;ERAP2;GZMA;ATOX1;ANG;CEBPB;USP16;PLEK	36	MSigDB_Hallmark_2020
UV Response Dn	30/144	0.931634029094588	0.999993419632376	0.754618333914256	0.0534384588481758	SFMBT1;MAPK14;MT1E;MTA1;RXRA;ZMIZ1;SPOP;MAP2K5;NFKB1;SYNJ2;RGS4;BCKDHB;ANXA4;CAV1;VAV2;ADORA2B;BHLHE40;ARHGEF9;PIK3R3;TENT4A;SLC7A1;VLDLR;MGMT;ATRX;PPARG;AGGF1;FHL2;ICA1;MRPS31;ADD3	37	MSigDB_Hallmark_2020
Angiogenesis	6/36	0.932099564933902	0.999993419632376	0.574098487785964	0.0403681029787427	JAG1;VAV2;FGFR1;S100A4;APP;LPL	38	MSigDB_Hallmark_2020
Pancreas Beta Cells	6/40	0.966251826156698	0.999993419632376	0.506420637273909	0.0173858201144162	SRP9;VDR;ELP4;STXBP1;SEC11A;DPP4	39	MSigDB_Hallmark_2020
Inflammatory Response	41/200	0.967294856329515	0.999993419632376	0.738753702933005	0.024564972648493	TNFSF9;SGMS2;IFITM1;PROK2;HIF1A;ICAM1;TNFSF10;IL15;CCL20;SPHK1;BST2;IL18R1;EBI3;SLC7A1;RIPK2;GCH1;CDKN1A;NAMPT;SLC31A2;CD70;SLC31A1;CXCL10;LY6E;RAF1;RGS16;PVR;LAMP3;NFKB1;MXD1;SELL;IFNAR1;RGS1;EIF2AK2;ADORA2B;ADGRE1;IL15RA;ADRM1;P2RX4;LTA;GNA15;ITGB8	40	MSigDB_Hallmark_2020
Hedgehog Signaling	5/36	0.973236398671791	0.999993419632376	0.462861644854904	0.0125566346342491	CDK6;CRMP1;VLDLR;ETS2;DPYSL2	41	MSigDB_Hallmark_2020
Estrogen Response Early	38/200	0.990889472552188	0.999993419632376	0.67148836962857	0.00614565098644231	GLA;MYB;FDFT1;KLF10;SIAH2;SLC22A5;MYBL1;SLC19A2;GREB1;ITPK1;KRT18;BHLHE40;ABHD2;TMPRSS3;TMEM164;FOS;SNX24;SLC16A1;RAB31;PPIF;SLC27A2;SLC1A4;FLNB;SH3BP5;RBBP8;MICB;OPN3;WFS1;CISH;MED24;ARL3;BAG1;PMAIP1;KLF4;NXT1;FHL2;ADD3;SCARB1	42	MSigDB_Hallmark_2020
Epithelial Mesenchymal Transition	38/200	0.990889472552188	0.999993419632376	0.67148836962857	0.00614565098644231	VIM;MYL9;PRSS2;SERPINE2;GADD45B;GADD45A;ENO2;LGALS1;SERPINH1;JUN;IL15;RHOB;ID2;CALU;SDC4;IL32;CAPG;APLP1;TPM4;VCAM1;PLOD1;PVR;BASP1;GPC1;IGFBP2;COL6A3;RGS4;GPX7;ITGA2;ACTA2;BMP1;MCM7;PCOLCE;PTHLH;SNTB1;THBS1;SGCB;COLGALT1	42	MSigDB_Hallmark_2020
Wnt-beta Catenin Signaling	5/42	0.992039018535396	0.999993419632376	0.387645835407029	0.00309839085601214	JAG1;ADAM17;TP53;HDAC2;SKP2	44	MSigDB_Hallmark_2020
Apical Surface	5/44	0.994776159116116	0.999993419632376	0.367716860254174	0.00192592913308405	APP;AKAP7;BRCA1;HSPB1;FLOT2	45	MSigDB_Hallmark_2020
Notch Signaling	3/32	0.994921855939987	0.999993419632376	0.296794927473291	0.00151100720950184	JAG1;RBX1;SAP30	46	MSigDB_Hallmark_2020
Coagulation	23/138	0.99623220461934	0.999993419632376	0.572690138105427	0.00216185453201714	F12;ADAM9;CLU;CAPN2;PROC;PREP;CTSB;ITGA2;MMP9;BMP1;CTSV;DPP4;CSRP1;CTSH;RABIF;F8;ANG;MSRB2;WDR1;PLEK;THBS1;CRIP2;RAC1	47	MSigDB_Hallmark_2020
Myogenesis	36/200	0.996658795081833	0.999993419632376	0.62805829306343	0.0021019849977446	ACSL1;MAPK12;SCD;APP;RB1;WWTR1;GADD45B;MYLPF;SMTN;ENO3;SPHK1;BHLHE40;NQO1;MEF2A;PICK1;GAA;SORBS1;SORBS3;MAPRE3;RYR1;CDKN1A;CKB;TPM3;PLXNB2;CRAT;CHRNA1;CLU;FDPS;COL6A3;MYL6B;BAG1;ERBB3;PDLIM7;KLF5;PFKM;LSP1	48	MSigDB_Hallmark_2020
KRAS Signaling Up	35/200	0.998071391573752	0.999993419632376	0.606751862552213	0.0011713166237276	ATG10;GADD45G;KCNN4;CCL20;VWA5A;ID2;SDCCAG8;PRELID3B;MMD;MAP4K1;G0S2;ADAM17;ENG;ERO1A;PSMB8;AKAP12;CBR4;CXCL10;CSF2;RGS16;PRDM1;TRAF1;CDADC1;CBX8;ITGA2;MMP9;LCP1;IRF8;DOCK2;BPGM;KLF4;TRIB1;ITGB2;TSPAN13;FBXO4	49	MSigDB_Hallmark_2020
KRAS Signaling Dn	27/200	0.999993419632376	0.999993419632376	0.445482788924509	2.93145016646607e-06	GAMT;ENTPD7;CPEB3;RIBC2;DTNB;STAG3;BARD1;PDK2;SPHK2;GPR19;SGK1;CCDC106;NR6A1;RYR1;CDKAL1;MSH5;CD80;SLC16A7;IGFBP2;SLC30A3;CALCB;IFNG;MAGIX;GTF3C5;FGGY;MFSD6;PDE6B	50	MSigDB_Hallmark_2020
