# factor-levels: seurat_clusters=c1|c2|c3|c4|c5|c6|c7|c8|c9|c10|c11|c12|c13|c14|c15|c16|c17|c18|c19|c20|c21|c22|c23|c24|c25|c26|c27

p_val	avg_log2FC	pct.1	pct.2	p_val_adj	gene	seurat_clusters
1.72477918302746e-84	4.97812859013298	0.041	0.007	5.78456442403748e-80	AC004951.1	c4
0	4.89341282419758	0.155	0.025	0	AC016831.5	c4
2.65830335355451e-22	4.81694754082238	0.012	0.002	8.91541778715111e-18	AL021368.2	c4
7.46502482879799e-22	4.73965540815326	0.013	0.003	2.50362002708227e-17	AC009093.2	c4
7.31877722281337e-21	4.63830263427914	0.01	0.002	2.45457150498715e-16	POU5F2	c4
3.59039191958723e-24	4.59862914621585	0.014	0.003	1.20414564199117e-19	AC005670.2	c4
4.25509776761197e-17	4.47319650404777	0.01	0.002	1.4270746893017e-12	RGPD5	c4
1.89620690953455e-24	4.40628720604149	0.016	0.003	6.35949873319698e-20	ARRDC5	c4
6.67613148223617e-30	4.37381622443353	0.022	0.005	2.23904097651237e-25	EBLN2	c4
2.00229042700121e-16	4.3626712428405	0.012	0.003	6.71528163407664e-12	AK1	c4
4.72849732816297e-13	4.32644648602042	0.012	0.003	1.5858434339193e-08	AL157935.2	c4
7.17947836446623e-11	4.12154736420738	0.01	0.003	2.40785345387468e-06	AL136295.5	c4
4.30978439111462e-09	4.12014660504924	0.01	0.003	0.000144541548909202	AL158163.2	c4
1.4153441340177e-15	4.09457977735665	0.016	0.005	4.74678115666857e-11	PIP5KL1	c4
5.29221394144648e-20	4.09173024266572	0.016	0.004	1.77490271168232e-15	NPIPB13	c4
0	4.0829690351261	0.76	0.541	0	NEAT1	c4
1.21361996376724e-12	4.06006086407082	0.012	0.003	4.07023863448256e-08	CCDC144A	c4
1.93315321734745e-126	4.03609900554973	0.134	0.043	6.48340926033987e-122	NPIPB4	c4
1.03426661539833e-18	4.00437318881448	0.021	0.007	3.46872337472293e-14	SND1-IT1	c4
1.98430612513255e-15	3.94720955757099	0.018	0.006	6.65496588246956e-11	NPIPB3	c4
4.61370132556716e-10	3.93203500560561	0.011	0.004	1.54734315056871e-05	AC048341.1	c4
1.93476136005673e-11	3.90399637439898	0.012	0.004	6.48880264935825e-07	AC116366.1	c4
1.53604194986678e-11	3.87521225940019	0.016	0.006	5.15157749146321e-07	SEC31B	c4
5.58359444080094e-86	3.87453002104849	0.123	0.047	1.87262590355582e-81	POLR2J3.1	c4
2.38049149995787e-87	3.87081138832503	0.143	0.06	7.9836923925587e-83	PGGHG	c4
1.1601838712422e-242	3.82558709944973	0.301	0.124	3.89102466737208e-238	NPIPB5	c4
1.02957029997917e-11	3.80260308986409	0.015	0.005	3.45297287207014e-07	LRRC37A3	c4
1.76127775163337e-07	3.79354076508888	0.011	0.005	0.00590697332342798	PDE1B	c4
4.62461061193247e-13	3.78035559805894	0.023	0.009	1.55100190702991e-08	AC092683.1	c4
3.7173392673814e-08	3.7083634670908	0.01	0.004	0.00124672124349437	AC144831.1	c4
3.74512868260695e-10	3.66442910727472	0.019	0.008	1.25604125757272e-05	WDR90	c4
8.06095288167381e-14	3.65481766886574	0.028	0.012	2.70348237745576e-09	SUMO4	c4
2.16412316103635e-33	3.58736958519848	0.065	0.028	7.25803625748372e-29	SGSM2	c4
1.63447594415051e-15	3.57718094861437	0.027	0.011	5.48170542149199e-11	GSDMB	c4
1.13338910120509e-10	3.51561767273787	0.019	0.008	3.80116036762163e-06	IQCN	c4
4.56036787551643e-21	3.51167698487121	0.045	0.02	1.5294561780907e-16	KCNQ1OT1	c4
2.28538422542677e-11	3.48893554290431	0.02	0.008	7.66472161523629e-07	MAP3K10	c4
2.51047320339797e-18	3.48329579933693	0.047	0.022	8.4196250295561e-14	SLFN13	c4
1.76189674333485e-135	3.47587370617191	0.263	0.135	5.90904929779641e-131	MIAT	c4
1.17525571952622e-21	3.45815180848718	0.045	0.02	3.94157263214704e-17	ARL17A	c4
2.73107462220631e-21	3.45762594801725	0.04	0.017	9.15947806795552e-17	FAM215B	c4
2.259638268108e-21	3.45364191496724	0.05	0.023	7.5783748235806e-17	GOLGA8A	c4
9.07898006466427e-07	3.39780370145961	0.012	0.005	0.030449083340871	Z82206.1	c4
2.64767870562558e-17	3.39276365684154	0.047	0.023	8.87978484292708e-13	DNASE1	c4
3.63800690926172e-08	3.38412578389349	0.024	0.012	0.0012201147572282	TMEM63A	c4
3.33333810407816e-08	3.3721653233222	0.021	0.01	0.00111793493334573	NPIPB11	c4
2.80518327330454e-20	3.35608536378735	0.064	0.034	9.40802366200877e-16	PLXNA3	c4
4.28932520967342e-09	3.34637244311716	0.023	0.011	0.000143855388882027	DBH-AS1	c4
5.92531473559446e-35	3.33372906448751	0.091	0.045	1.98723205602367e-30	FTX	c4
2.82801051525291e-12	3.32396594825903	0.043	0.023	9.48458166605521e-08	PILRB	c4
2.46857280447516e-38	3.32107498381929	0.093	0.045	8.27909947164879e-34	AC016831.1	c4
1.61471921982134e-10	3.31101408803609	0.03	0.015	5.41544531943681e-06	EPHA1-AS1	c4
9.17307254580873e-09	3.29951195705507	0.021	0.01	0.000307646507041333	TTLL3	c4
3.40217044812641e-63	3.27062475426938	0.206	0.125	1.14101992489264e-58	TTN	c4
5.05282312465332e-18	3.26649337917178	0.064	0.036	1.69461581954623e-13	FAM193B	c4
2.81705640107957e-07	3.26380991494429	0.022	0.012	0.00944784375794065	SAP25	c4
1.25612502301454e-11	3.18513525285754	0.036	0.019	4.21279210218615e-07	MIR29B2CHG	c4
2.53910104245466e-07	3.15633516812959	0.02	0.01	0.00851563707618445	NOTCH2NL	c4
7.6947244797769e-08	3.15173780419181	0.028	0.016	0.00258065669602758	ZNF407	c4
4.63279933312256e-12	3.15040461118539	0.047	0.026	1.55374824034265e-07	FLCN	c4
1.32900973237465e-08	3.11934506949774	0.039	0.024	0.000445723284043808	P2RX5	c4
1.80213527849095e-24	3.09117767811751	0.111	0.069	6.04400129700293e-20	SUGP2	c4
1.22167225202989e-12	3.07369072302844	0.06	0.037	4.09724439885785e-08	TSPOAP1	c4
6.85653558317465e-27	3.06900624668501	0.126	0.08	2.29954490388511e-22	CCDC88B	c4
8.00631688511324e-07	3.02492192688239	0.034	0.021	0.0268515855692928	MDGA1	c4
1.0685944008429e-09	3.00657837120615	0.06	0.04	3.58385190154692e-05	TUBGCP6	c4
1.22885083501825e-09	2.99700016928788	0.058	0.038	4.12131993048422e-05	DENND4B	c4
2.19671045265128e-16	2.97220330644614	0.091	0.06	7.36732751610187e-12	HECTD4	c4
3.24663029550619e-33	2.93793932526771	0.162	0.108	1.08885486850687e-28	DDX39B	c4
1.73724482781529e-09	2.92229316984369	0.062	0.042	5.8263717035269e-05	MAN2C1	c4
2.58183962927379e-26	2.89775476617976	0.15	0.103	8.65897374865845e-22	SFI1	c4
1.53299266775232e-14	2.89013427707271	0.112	0.081	5.14135080910773e-10	RYR2	c4
3.96934306815431e-08	2.88259416798192	0.068	0.049	0.00133123827819759	ARHGAP35	c4
1.45435365278543e-06	2.87753890022766	0.046	0.031	0.0487761128071179	KCTD7	c4
1.62678692421189e-13	2.86282938660898	0.09	0.062	5.45591798642185e-09	STAT2	c4
1.40393248552162e-110	2.85893868658791	0.366	0.27	4.70850876994242e-106	NKTR	c4
4.63597490781281e-38	2.85598120529404	0.217	0.16	1.55481326458226e-33	PCSK7	c4
5.0277546855396e-08	2.85326162419159	0.067	0.048	0.00168620836643627	PIEZO1	c4
1.44765185148326e-08	2.85164130802937	0.071	0.051	0.000485513477950456	TNK2	c4
8.11781525005944e-164	2.83938056638938	0.45	0.348	2.72255287856493e-159	SMG1	c4
4.63314650815574e-12	2.7884373113306	0.096	0.069	1.55386467590527e-07	GIGYF1	c4
1.4077741603729e-08	2.77457349570716	0.081	0.06	0.000472139297905864	SMG6	c4
4.21374021591464e-13	2.77037877871314	0.115	0.086	1.41320419361345e-08	CORO7	c4
5.42524536289087e-09	2.75996790988766	0.085	0.064	0.000181951878980634	OSBPL7	c4
2.81428031863604e-14	2.70796967346346	0.14	0.11	9.43853333264156e-10	ANKRD36C	c4
3.97441441872594e-10	2.6937812485048	0.108	0.084	1.33293910775231e-05	GOLGA8B	c4
4.86019400269036e-14	2.68126197982333	0.137	0.107	1.63001186462229e-09	KIAA1109	c4
1.20870840753643e-17	2.65989842953452	0.17	0.136	4.05376625719568e-13	NLRC5	c4
7.91883467266352e-08	2.65881632676416	0.104	0.084	0.00265581877251789	ATM	c4
0	2.62305347285869	0.708	0.633	0	MT-ND6	c4
0	2.61862137345488	0.952	0.933	0	MT-ATP8	c4
1.72874032961249e-133	2.591370430641	0.467	0.412	5.79784931745438e-129	SYNE2	c4
3.50688151162761e-15	2.58812650276496	0.164	0.134	1.17613792136967e-10	DIP2A	c4
8.99936266264331e-08	2.57996385259805	0.118	0.099	0.00301820624979731	ARID1B	c4
1.50923431439928e-07	2.57937961207406	0.114	0.095	0.00506167004363229	ANKRD36	c4
1.74598007715409e-51	2.57811209204888	0.307	0.257	5.85566798275939e-47	KANSL1	c4
3.69424732724307e-36	2.5706648177475	0.278	0.24	1.23897666861078e-31	RBM5	c4
3.39951394125041e-19	2.56840251359797	0.217	0.189	1.14012898561656e-14	MACF1	c4
9.81435086394536e-07	2.53592600029679	0.121	0.105	0.0329153699274999	NSD2	c4
1.04161282438045e-16	2.51104258864801	0.199	0.172	3.49336109040715e-12	PARP14	c4
7.58428959435875e-21	2.50083653054363	0.258	0.242	2.54361904415604e-16	ITGA1	c4
0	2.49446139831014	0.989	0.986	0	MT-ND3	c4
1.10507238359743e-16	2.49438600029067	0.226	0.208	3.70619176010907e-12	SPG7	c4
0	2.49423502860208	0.99	0.989	0	MT-CO3	c4
7.98369975345016e-09	2.48995285309128	0.13	0.11	0.000267757322331212	ZZEF1	c4
3.61467887640837e-12	2.48834752018083	0.186	0.167	1.21229100156984e-07	MYO9B	c4
0	2.48431773229945	0.988	0.989	0	MT-ND4L	c4
0	2.4802865609051	0.99	0.988	0	MTRNR2L12	c4
2.17289711507447e-07	2.47785051594479	0.129	0.112	0.00728746234453675	MLLT6	c4
3.49948292743715e-09	2.46012893601067	0.172	0.157	0.000117365658420387	USP34	c4
0	2.45867585129812	0.985	0.98	0	MT-ATP6	c4
0	2.45111818896235	0.999	0.999	0	MALAT1	c4
1.25634872629442e-75	2.4507271156125	0.396	0.354	4.21354235824621e-71	MTRNR2L8	c4
1.5681083534537e-121	2.43473351114865	0.493	0.482	5.25912179581301e-117	RNF213	c4
0	2.4092954556709	0.959	0.948	0	MT-ND1	c4
0	2.39765631903418	0.998	0.997	0	MT-CO1	c4
0	2.39512245212167	0.987	0.987	0	MT-CYB	c4
0	2.39121617127019	0.952	0.94	0	MT-ND5	c4
0	2.38484071888966	0.996	0.998	0	MT-CO2	c4
5.24147904757796e-40	2.37669094674689	0.331	0.312	1.7578872429767e-35	OGA	c4
3.05992786454276e-09	2.35497064270467	0.191	0.181	0.000102623860721035	RBM6	c4
4.00639001526721e-12	2.35227357899737	0.243	0.243	1.34366308332032e-07	ITGAL	c4
7.30966783865694e-28	2.33427313352725	0.285	0.266	2.45151639972877e-23	ASH1L	c4
0	2.29628251956089	0.87	0.866	0	MT-ND2	c4
0	2.27876438035501	0.879	0.87	0	MT-ND4	c4
2.97060355031063e-59	2.27364092422258	0.404	0.403	9.96281018703179e-55	DDX17	c4
7.02240272379241e-08	2.27355437906451	0.232	0.242	0.0023551734255055	MAP4	c4
5.12943657167859e-08	2.26147651220565	0.205	0.203	0.00172031043740957	BIRC6	c4
4.003773534223e-32	2.24135511045544	0.344	0.35	1.34278556790771e-27	BICDL1	c4
1.28332442801444e-14	2.23988657639024	0.284	0.297	4.30401346667484e-10	TNRC6B	c4
8.70393368904849e-30	2.21986130448175	0.349	0.366	2.91912528063308e-25	STAT5B	c4
1.99416243992395e-31	2.18423717830919	0.365	0.389	6.68802199101693e-27	KMT2A	c4
3.1497041722964e-08	2.17834860112462	0.245	0.26	0.00105634778530477	UBR4	c4
3.18478993919697e-08	2.17550317360445	0.246	0.261	0.00106811484980788	ZC3H12D	c4
2.10282024484996e-52	2.13278165092922	0.43	0.47	7.05243853717781e-48	PDE3B	c4
1.22231969724589e-08	2.12541650522291	0.253	0.271	0.000409941580062328	RALGAPA1	c4
3.99515966498626e-22	2.09551195422846	0.35	0.383	1.33989664844309e-17	PLEC	c4
1.58490980458958e-46	2.07812576636274	0.438	0.499	5.31547050263253e-42	SRRM2	c4
3.06710689797889e-19	2.01909105937269	0.358	0.413	1.02864631144416e-14	DYNC1H1	c4
5.29445893778956e-32	1.97376415623266	0.412	0.479	1.77565563855586e-27	ATP2B4	c4
6.5060471534615e-11	1.97193690681733	0.32	0.374	2.18199809432792e-06	AGO2	c4
6.68078172533965e-11	1.96918373533386	0.327	0.387	2.24060057504441e-06	N4BP2L2	c4
2.5751697972323e-42	1.92340150271546	0.44	0.514	8.63660446595767e-38	FUS	c4
1.04408950467192e-06	1.92060034713972	0.307	0.369	0.0350166738076867	AKAP9	c4
1.95262888819872e-58	1.89613023018785	0.478	0.563	6.54872676524087e-54	TCF25	c4
3.37990934370205e-135	1.89032873656219	0.604	0.682	1.13355399569079e-130	AHNAK	c4
9.04686130207045e-10	1.85284133833561	0.347	0.429	3.03413634348839e-05	SMCHD1	c4
1.31750442125678e-26	1.80063272205053	0.427	0.533	4.41864632801098e-22	PNISR	c4
9.46685087999444e-13	1.78002688890616	0.379	0.478	3.17499244813254e-08	AC016831.7	c4
6.29384173291822e-07	1.77212348592592	0.061	0.094	0.0211082864038611	ADAM8	c4
2.19626196703335e-08	1.7592065240449	0.08	0.124	0.000736582338503644	SDR39U1	c4
1.54545180083297e-09	1.71842890158672	0.364	0.461	5.1831362496336e-05	CCNL1	c4
1.2809580393255e-24	1.70971360529077	0.437	0.561	4.29607707228985e-20	EML4	c4
1.32538395476584e-06	1.70069270911721	0.096	0.141	0.0444507270749366	GGA1	c4
4.58193495202692e-08	1.69620045626124	0.073	0.113	0.00153668934421079	KIF21B	c4
3.03391600619421e-08	1.69232293110143	0.063	0.1	0.00101751475015741	STX7	c4
1.39881170637587e-06	1.68532325171046	0.069	0.103	0.0469133470084339	AQR	c4
3.25867397062605e-07	1.68348879441379	0.068	0.104	0.0109289407626857	PRPF39	c4
1.51100389378208e-08	1.67913666128467	0.104	0.159	0.000506760485896633	AKAP17A	c4
9.65572561307676e-07	1.67610016474157	0.057	0.088	0.0323833725611369	ANAPC2	c4
6.46309918904613e-08	1.6654932841164	0.059	0.094	0.00216759420602229	NPLOC4	c4
7.13321085669899e-08	1.65705374325893	0.119	0.178	0.00239233625711971	DNM1L	c4
7.33658874500047e-07	1.65641860779646	0.093	0.137	0.0246054513329826	SLC7A6	c4
6.16805898939145e-07	1.65309561352387	0.078	0.116	0.0206864362386211	XPO6	c4
8.82985399967283e-10	1.64903766532262	0.097	0.154	2.96135643441027e-05	TIA1	c4
8.35466749669157e-07	1.64771873152213	0.039	0.065	0.0280198838504042	NOM1	c4
6.60253305723709e-07	1.64658218597749	0.073	0.109	0.0221435753673618	FBXO42	c4
1.34664542682645e-06	1.64625345767352	0.065	0.098	0.0451637943249053	CCDC66	c4
3.7942914147723e-08	1.64483492654532	0.11	0.167	0.00127252945468633	VPS36	c4
3.14319395804507e-11	1.64396150090014	0.046	0.084	1.05416438964916e-06	DPM2	c4
8.10038358190082e-08	1.64078228779732	0.084	0.128	0.0027167066456979	PPP1R21	c4
2.95346688001895e-07	1.63761935716025	0.073	0.111	0.00990533722220754	DCAF5	c4
4.2345645469411e-09	1.63705410927275	0.138	0.211	0.000142018825775311	ADD1	c4
7.81477505291662e-07	1.63664536161161	0.053	0.082	0.0262091925724718	R3HDM1	c4
1.85566187644872e-08	1.63599627608754	0.113	0.172	0.000622351880123372	TPP2	c4
1.31727196578491e-06	1.63540605731219	0.109	0.159	0.0441786671884942	SSH1	c4
3.47750060784117e-10	1.63471004891049	0.071	0.117	1.16628415385777e-05	CYTH4	c4
1.25510702381401e-06	1.63076586972616	0.123	0.179	0.0420937793646744	STK38	c4
4.58374836728872e-07	1.62940736031417	0.056	0.088	0.0153729752742129	RAP1GDS1	c4
1.08671666888529e-06	1.62453803780114	0.065	0.098	0.0364463036410749	ANKZF1	c4
4.92931932988158e-07	1.62410444520793	0.055	0.086	0.0165319511685568	MAN1B1	c4
1.58228417500947e-07	1.62392775359633	0.08	0.122	0.00530666466614675	SEC16A	c4
1.42346763093773e-09	1.62145453581435	0.057	0.096	4.77402574063895e-05	ACSF3	c4
4.28724375088113e-07	1.61827316101273	0.09	0.134	0.0143785580917051	THUMPD3-AS1	c4
2.69553068526454e-08	1.6162814324048	0.062	0.099	0.000904027081224021	HERC4	c4
7.6417667545946e-08	1.61587851917952	0.07	0.109	0.00256289573415594	TRIM37	c4
1.44611258429292e-08	1.61208969098424	0.07	0.111	0.000484997238520161	STXBP2	c4
8.92543929309874e-08	1.61155093409374	0.066	0.103	0.00299341383011945	TMC8	c4
1.0727662224657e-06	1.61071615220736	0.094	0.139	0.0359784335690547	DCAF8	c4
4.24705329142982e-07	1.60496317034562	0.041	0.068	0.0142437673287973	ZNF598	c4
2.59549124354225e-10	1.604482509649	0.113	0.178	8.704758532592e-06	ATF6B	c4
1.83762644957617e-09	1.60419198265963	0.052	0.088	6.16303158658855e-05	LPCAT4	c4
9.91094385033591e-08	1.60309166279519	0.049	0.08	0.00332393234852566	LEMD2	c4
2.15814333607597e-07	1.60278398991004	0.075	0.115	0.0072379811205316	CLIP1	c4
9.02872288171466e-07	1.60175446213331	0.042	0.068	0.0302805308006946	INTS4	c4
6.00555499074815e-08	1.60133780410964	0.064	0.101	0.00201414303279712	PPFIA1	c4
1.15366957222921e-06	1.59653453063558	0.036	0.059	0.0386917701134231	WDR35	c4
3.58033268371627e-08	1.59541404687731	0.071	0.111	0.00120077197546476	WDR37	c4
4.69530031345156e-08	1.59505010689222	0.083	0.127	0.00157470981912539	SCAMP1	c4
2.04692252060846e-08	1.5928551506454	0.065	0.104	0.000686496874961665	FBXO9	c4
2.0905754616859e-08	1.59133136226841	0.08	0.124	0.000701137198340217	NUMB	c4
1.27426492114427e-06	1.59052956652999	0.05	0.078	0.0427362969253367	AP3M2	c4
2.7690016890269e-08	1.58890775689678	0.096	0.146	0.000928667786465842	PIK3C3	c4
3.16830935077855e-07	1.58844154540007	0.084	0.126	0.0106258759006411	SCAF8	c4
7.55368771896468e-09	1.58816912160278	0.087	0.135	0.000253335578718638	INPP4B	c4
1.35033283294679e-12	1.58739158752235	0.146	0.237	4.52874625513694e-08	DNM2	c4
6.23339117037127e-13	1.58681316939708	0.113	0.186	2.09055473071912e-08	CSNK2A1	c4
3.39892484330637e-07	1.58565077538382	0.045	0.073	0.0113993141394809	FAM160A2	c4
1.09144382913324e-08	1.58288451672041	0.094	0.144	0.000366048431414705	MLLT3	c4
9.22614586926869e-09	1.58129673615849	0.044	0.075	0.000309426480163533	FAM219B	c4
2.56174879175903e-07	1.57752824890772	0.165	0.245	0.00859159309780144	ZRANB2	c4
7.83805728238404e-10	1.57729226125899	0.131	0.203	2.62872765136596e-05	THOC2	c4
2.74078727745893e-07	1.5766197398414	0.044	0.071	0.00919205237114175	PLOD3	c4
5.17239046018637e-12	1.57656521301439	0.113	0.183	1.73471631253731e-07	LMF2	c4
2.40669498231786e-07	1.57444365757537	0.031	0.055	0.00807157363169765	MAPKAP1	c4
2.9274231047658e-07	1.57179354258941	0.179	0.268	0.00981799160876353	GLG1	c4
5.89191440660788e-07	1.57061168917226	0.045	0.073	0.0197603025368815	UBP1	c4
6.81721958843156e-11	1.57027121685928	0.073	0.121	2.28635910556818e-06	IRAK4	c4
3.79011469192786e-09	1.56982947624137	0.149	0.229	0.000127112866537877	SMARCC2	c4
1.23459079596486e-06	1.56946197881259	0.103	0.15	0.0414057061150696	NUFIP2	c4
9.4194981563754e-08	1.56912590732118	0.047	0.077	0.00315911129168518	SACS	c4
3.22037734231305e-08	1.56840205382193	0.099	0.151	0.00108005015306495	RB1	c4
3.23125725619739e-11	1.56678285898248	0.114	0.182	1.08369905858348e-06	TMC6	c4
2.31570005473819e-07	1.56639319498331	0.054	0.085	0.00776639484358094	ITPKB	c4
1.11234731619492e-10	1.5657542580592	0.085	0.138	3.73059042905453e-06	EML2	c4
8.2544297299465e-09	1.56521162579604	0.178	0.274	0.000276837064282946	ARHGAP45	c4
2.43084000664391e-07	1.56519878796182	0.026	0.048	0.00815255121428235	CSRNP2	c4
4.41282267496034e-09	1.56518750031663	0.075	0.12	0.00014799724687282	SMG5	c4
5.14800968064264e-07	1.56486861172995	0.053	0.084	0.0172653948669393	MEF2A	c4
4.93589232284226e-07	1.56416822737049	0.055	0.085	0.0165539956723484	HELZ2	c4
7.69145277629842e-09	1.56123793170351	0.138	0.211	0.000257955943211497	CNOT4	c4
2.51997427451772e-08	1.56026841520665	0.149	0.225	0.000845148972187754	HELZ	c4
3.45377821151201e-09	1.55814900078241	0.052	0.088	0.00011583281365769	PITRM1	c4
1.34893004680843e-07	1.55693877168103	0.194	0.296	0.00452404159098613	RABGAP1L	c4
1.66945020465454e-09	1.55641697083834	0.138	0.213	5.59900209637041e-05	SIK3	c4
1.51399043032099e-09	1.55494628300983	0.067	0.11	5.07762110521053e-05	POLK	c4
1.5934157472691e-07	1.55393791190166	0.078	0.119	0.00534399773319109	JARID2	c4
3.00461705537005e-09	1.5538988452534	0.152	0.233	0.000100768846803001	GPATCH8	c4
2.46271626445899e-09	1.55386363191452	0.041	0.073	8.25945780774255e-05	KRI1	c4
1.27482997694057e-06	1.55364084249236	0.06	0.092	0.0427552477666327	DENND4C	c4
3.48952627083076e-07	1.55362764435538	0.027	0.048	0.0117031732071122	TRIM41	c4
8.30064839488153e-07	1.55301147855911	0.033	0.056	0.0278387145867537	ZNF778	c4
5.77146371067742e-10	1.55297420102112	0.08	0.129	1.93563349928699e-05	FAR1	c4
3.93139321520088e-08	1.55220865727766	0.075	0.117	0.00131851065651407	CSPP1	c4
2.89323553354462e-10	1.55210787987197	0.09	0.144	9.70333333240194e-06	FCHO1	c4
5.68778626649499e-11	1.55105524975184	0.083	0.136	1.90756975805709e-06	PHF14	c4
2.09861481173797e-08	1.55078521146258	0.131	0.198	0.000703833435560679	TGFBR2	c4
5.30459584148991e-08	1.55046905507613	0.146	0.22	0.00177905535331889	XPO1	c4
1.72412720983454e-07	1.55030096515353	0.066	0.103	0.00578237783634309	FAM120B	c4
2.88869569046781e-08	1.54949690611377	0.159	0.241	0.000968810760669094	SYNRG	c4
4.0527272639226e-07	1.54903935671297	0.065	0.1	0.0135920366977436	WASHC2C	c4
3.37518771128046e-08	1.54878048722289	0.107	0.162	0.00113197045460924	GBF1	c4
2.1930095758693e-10	1.54428828647869	0.088	0.142	7.35491551555046e-06	OSGEP	c4
3.93012631138263e-09	1.54404044569968	0.128	0.196	0.000131808576231151	ASXL2	c4
1.00704198453674e-07	1.54385477492047	0.046	0.076	0.00337741740773933	ZBTB48	c4
3.57775034669716e-07	1.5436528953216	0.12	0.177	0.0119990591127529	FAM160B1	c4
4.87345781230447e-11	1.54323897685774	0.083	0.137	1.63446028109067e-06	DCTN4	c4
2.38810861689148e-10	1.54291426239698	0.094	0.151	8.00923867933064e-06	MED17	c4
1.06645577444494e-10	1.54252494059842	0.075	0.124	3.57667937633344e-06	AP2A1	c4
3.45201209940146e-08	1.54208648034389	0.134	0.202	0.00115773581789726	FAM126B	c4
2.16753357791949e-07	1.54176426952289	0.044	0.072	0.00726947411362639	SPAST	c4
8.16259819606437e-10	1.54165280990405	0.087	0.139	2.73757218299607e-05	SLMAP	c4
5.28715039045936e-09	1.54158890211456	0.049	0.083	0.000177320449795226	MGAT4B	c4
5.75504390401746e-11	1.54135205330546	0.116	0.185	1.93012662452938e-06	LMBR1L	c4
1.6056946672678e-08	1.54081624191503	0.067	0.107	0.000538517877508275	CBFA2T2	c4
1.80966575548429e-11	1.54056758373645	0.067	0.115	6.06925701074323e-07	RPAP2	c4
4.89436724913174e-08	1.53987036353887	0.061	0.097	0.0016414728880138	UBE3C	c4
1.26225603766109e-10	1.53807094571455	0.034	0.067	4.23335429910777e-06	MED24	c4
7.24335417122418e-08	1.53714115858434	0.028	0.051	0.00242927612194517	ERGIC1	c4
1.52445122872677e-09	1.53572236866809	0.077	0.124	5.11270453090384e-05	PISD	c4
9.38403993476171e-07	1.53467132196298	0.039	0.064	0.0314721931332038	TASP1	c4
9.69873830574579e-09	1.53458258084042	0.099	0.153	0.000325276285298102	PHF12	c4
2.64120832248513e-11	1.53436586274707	0.106	0.171	8.85808447195064e-07	ARHGAP4	c4
2.05160711790565e-12	1.5327153218256	0.105	0.172	6.88067995203198e-08	POGZ	c4
6.56056818143143e-08	1.53173074124834	0.048	0.079	0.00220028335668847	ZCCHC2	c4
2.32488987230973e-07	1.52964020021099	0.042	0.07	0.00779721565375236	N4BP2	c4
1.62207170916559e-07	1.52911881457181	0.196	0.298	0.00544010409819956	TRA2A	c4
9.31565931155383e-09	1.52863669401765	0.15	0.23	0.000312428581990892	NEMF	c4
6.29369465304051e-08	1.52758231952006	0.073	0.113	0.00211077931273673	XIAP	c4
2.55605186282107e-11	1.52734440162557	0.165	0.262	8.5724867375293e-07	MYO1G	c4
3.15576418561104e-08	1.52646666835396	0.059	0.095	0.00105838019257023	RIC1	c4
1.7097252392931e-10	1.52616461660696	0.063	0.107	5.73407650754119e-06	DENND1B	c4
9.40143997760779e-08	1.52577242134268	0.06	0.095	0.0031530549396901	MPRIP	c4
4.66141101040621e-07	1.52247206665787	0.025	0.046	0.0156334402467003	ACAD9	c4
3.74613017082961e-07	1.52239377735887	0.044	0.071	0.0125637713669283	MBD6	c4
4.77494813189423e-09	1.52099199812655	0.042	0.074	0.000160142210447469	MNT	c4
1.56878732865078e-07	1.52006995771927	0.079	0.12	0.005261398942829	NSF	c4
1.38187387401786e-08	1.51855933488327	0.044	0.075	0.000463452859868111	SMAD4	c4
2.60072494773228e-12	1.51602140810635	0.085	0.142	8.72231132970451e-08	DHX38	c4
1.40723498195659e-07	1.51525206507256	0.07	0.109	0.00471958468248602	SMARCAD1	c4
3.78209213539626e-10	1.51519788684303	0.207	0.329	1.2684380603692e-05	SNRNP70	c4
2.98936170592304e-09	1.5141814864864	0.049	0.084	0.000100257212893247	CEP290	c4
5.05688668636143e-07	1.51261905955502	0.189	0.284	0.016959786568719	BRWD1	c4
4.74113121511034e-11	1.51189035198253	0.075	0.125	1.59008058692371e-06	TCOF1	c4
1.15657282044667e-06	1.51155752362345	0.031	0.053	0.0387891392521403	FBXO44	c4
6.13884297160458e-08	1.51116320964183	0.048	0.079	0.00205884515581674	ZNF506	c4
5.05377705654483e-11	1.51014911025272	0.106	0.17	1.69493574922401e-06	ITCH	c4
1.69945377004855e-09	1.5090520227417	0.081	0.129	5.69962805398882e-05	IL17RA	c4
1.35171001365095e-11	1.50516821372921	0.08	0.133	4.53336504378255e-07	SMARCA4	c4
8.34971121879273e-08	1.50395606577109	0.261	0.419	0.0028003261485587	SPSB3	c4
1.955545116762e-08	1.50368462473274	0.058	0.094	0.000655850721259639	ZNF654	c4
2.98678290395537e-13	1.50344767582828	0.111	0.185	1.00170725032855e-08	DYNC1LI2	c4
5.559202823682e-07	1.50112318383166	0.032	0.055	0.0186444544300647	POLH	c4
6.98424470909178e-07	1.50074484368244	0.039	0.064	0.023423759905352	CLIP4	c4
1.13627927522925e-08	1.50074162073338	0.06	0.097	0.000381085343326386	RABGAP1	c4
7.33664436986339e-10	1.49998131769541	0.042	0.076	2.46056378876478e-05	SLC35E1	c4
2.00273515108296e-09	1.49959283407849	0.05	0.085	6.71677314970203e-05	FAM120A	c4
1.77866261818643e-09	1.49951133975234	0.161	0.25	5.96527868887364e-05	CD46	c4
1.07253933282049e-08	1.4979634218124	0.071	0.113	0.000359708241441335	STAG1	c4
6.47896666718269e-07	1.49659431980003	0.026	0.047	0.0217291584083973	SLC35E3	c4
2.20955424444941e-11	1.49630489062116	0.101	0.164	7.41040302503443e-07	BANP	c4
7.75482132689757e-08	1.49624387117068	0.04	0.068	0.00260081197661491	TRIM23	c4
3.25100923953521e-08	1.49559650472476	0.058	0.094	0.00109032347875532	ANKHD1	c4
5.69897329022974e-08	1.49525483807736	0.189	0.287	0.00191132166207725	DENND4A	c4
9.31462274050883e-09	1.49456849930678	0.09	0.139	0.000312393817471185	MAN2A1	c4
1.17288738618707e-06	1.49397838711513	0.023	0.042	0.0393362971579419	ULK4	c4
1.5903385904974e-07	1.49362450335506	0.042	0.07	0.00533367756481017	CAMK2D	c4
2.42971512662436e-08	1.49344927212972	0.07	0.11	0.000814877859167279	XAF1	c4
2.66964436045388e-10	1.49185934363188	0.091	0.145	8.95345325609022e-06	EDEM3	c4
1.46620594880438e-09	1.4918471017702	0.201	0.315	4.91736151110013e-05	PAG1	c4
3.99233725873036e-07	1.4917738194879	0.039	0.065	0.0133895006983299	DZIP3	c4
3.26412433491102e-10	1.49137416509294	0.09	0.144	1.09472201944246e-05	PPTC7	c4
2.93270932480113e-08	1.49092053274982	0.044	0.075	0.000983572053351802	NUP205	c4
6.73422429114671e-10	1.49023938434653	0.072	0.117	2.25852414276478e-05	ADK	c4
1.64736320519342e-13	1.48996777525791	0.177	0.291	5.5249267175777e-09	ANAPC5	c4
3.83831185054737e-09	1.48943261876312	0.036	0.066	0.000128729302843658	TRMT10B	c4
2.25855317026205e-07	1.48850316701317	0.035	0.06	0.00757473562242487	ZNF274	c4
2.10843655325473e-09	1.48847952339156	0.049	0.084	7.07127451230573e-05	NCAPD3	c4
9.15761760206513e-12	1.48761840703576	0.073	0.123	3.0712817913806e-07	RBM26	c4
2.28314054594043e-10	1.48683920209356	0.069	0.114	7.65719676297501e-06	NUP160	c4
2.4689989207584e-11	1.48676291059608	0.121	0.194	8.28052858043951e-07	PTK2B	c4
3.28199638681863e-08	1.4855154304794	0.049	0.081	0.00110071594821123	SCAP	c4
1.39382647928875e-07	1.48546181925084	0.031	0.055	0.00467461524623862	AGPAT3	c4
2.45308298024555e-07	1.48471594982248	0.029	0.052	0.00822714969914754	C2orf68	c4
9.16901660406954e-09	1.48422081649506	0.054	0.09	0.000307510478867284	RABEP2	c4
1.14577738604541e-06	1.48252366775739	0.053	0.083	0.0384270819731911	SIK2	c4
4.4084250789486e-11	1.48097487588598	0.139	0.221	1.47849760297778e-06	GATAD2B	c4
1.4753148364147e-06	1.47987918113818	0.025	0.045	0.0494791089836762	FHOD1	c4
1.10902245260839e-09	1.47977334287401	0.04	0.072	3.71943950155801e-05	FKBP15	c4
9.14288463064805e-10	1.47952709122666	0.078	0.125	3.06634064742674e-05	SEC24B	c4
6.2964777858356e-11	1.47810455422839	0.114	0.182	2.11171271981354e-06	LNPEP	c4
5.00368958937792e-10	1.4772629762324	0.205	0.326	1.67813741448557e-05	BAZ2A	c4
7.14152117760037e-08	1.4771943942736	0.057	0.091	0.00239512337254361	TMEM41B	c4
8.47465564953216e-12	1.47651607477463	0.069	0.118	2.8422300117401e-07	IARS	c4
1.60851120252598e-07	1.47523661925805	0.063	0.098	0.00539462487103163	POU2F2	c4
3.82678940484583e-13	1.47501248346054	0.154	0.252	1.28342863059719e-08	SREK1	c4
4.66620973397451e-08	1.47488910763101	0.041	0.07	0.00156495342058037	FBH1	c4
1.80750108524417e-10	1.47446467193671	0.062	0.105	6.06199713969188e-06	RBM28	c4
1.16807799132933e-10	1.47431997268689	0.057	0.098	3.91749996732031e-06	WDR60	c4
1.78635823009696e-08	1.47178880325273	0.048	0.08	0.000599108823209917	ZFP90	c4
1.7728505239667e-11	1.47087881119007	0.123	0.197	5.94578608727953e-07	TTC3	c4
6.46395551444911e-11	1.47033272252147	0.076	0.125	2.16788140043594e-06	PTPN4	c4
4.03026533776117e-07	1.47021310277896	0.033	0.057	0.0135167038897834	LONP1	c4
1.07705330750623e-15	1.47016588034388	0.111	0.191	3.6122213827144e-11	ATG4B	c4
1.52258636375151e-10	1.47007294252437	0.032	0.064	5.10645014674982e-06	VPS16	c4
9.39021705280856e-10	1.46970879200967	0.429	0.603	3.14929099517093e-05	ITGAE	c4
3.7051035328848e-10	1.46968845214763	0.081	0.131	1.2426176228589e-05	UBAP2	c4
4.04862188812856e-13	1.46962204006603	0.107	0.178	1.35782680884056e-08	USP33	c4
5.27230639657905e-10	1.46938672875092	0.087	0.139	1.76822611928468e-05	REV3L	c4
4.11781547676018e-07	1.46817813809046	0.041	0.068	0.0138103295459583	SLFN11	c4
1.17159859285653e-14	1.46809217905322	0.118	0.199	3.92930736072223e-10	SFSWAP	c4
1.49310385470155e-10	1.46791191058206	0.06	0.103	5.00757170789807e-06	TMX3	c4
2.93617640298202e-07	1.46780000261806	0.027	0.049	0.00984734842032109	PIP5K1C	c4
3.80975927716949e-10	1.46639470190552	0.097	0.155	1.2777170663771e-05	ODF2	c4
1.59996115812058e-09	1.46480117483561	0.054	0.091	5.3659497321048e-05	UPF1	c4
3.90464086639539e-07	1.46476403123258	0.046	0.074	0.0130953845377168	CAMK1D	c4
6.5960237894925e-11	1.46472055362406	0.068	0.115	2.21217445851999e-06	OSBPL2	c4
7.72558885953135e-13	1.46432361945295	0.12	0.196	2.59100799170962e-08	NCKAP1L	c4
3.0936628855158e-08	1.46387970684799	0.032	0.058	0.00103755265854429	ZNF75A	c4
3.20315313369603e-10	1.46266998366251	0.05	0.087	1.07427349797897e-05	ME2	c4
1.75135799655785e-07	1.46235677945128	0.037	0.063	0.00587370444885572	ATP7A	c4
4.84284599508762e-11	1.46119994059408	0.059	0.102	1.62419368983249e-06	EXOC1	c4
8.40879287378513e-15	1.46090131767524	0.155	0.258	2.82014095401006e-10	TNFRSF25	c4
2.17301446423002e-52	1.46081417064706	0.545	0.717	7.28785591013465e-48	ANKRD12	c4
5.70941256264888e-09	1.46079850341304	0.046	0.078	0.000191482278526118	TRAPPC10	c4
3.25084032621607e-17	1.46049673206894	0.14	0.242	1.09026682860635e-12	ZC3H18	c4
5.99372259603231e-10	1.45988381256569	0.04	0.074	2.01017468425732e-05	FBXO38	c4
2.00828362958294e-11	1.45981861562261	0.071	0.12	6.73538163689526e-07	SMG7	c4
6.9323920408288e-07	1.45926740781589	0.035	0.059	0.0232498564265316	FOXK2	c4
4.3355167387942e-07	1.45815963167195	0.03	0.053	0.014540456038568	PRKD3	c4
4.12468903080381e-11	1.45584365676223	0.071	0.119	1.38333820715098e-06	BTN3A1	c4
1.11278636066998e-08	1.45432283426516	0.044	0.076	0.000373206289641499	C11orf49	c4
1.31618962061659e-06	1.45372439209094	0.03	0.051	0.0441423674962393	ZNF808	c4
2.18662978975134e-11	1.45339876194404	0.091	0.149	7.33351898886804e-07	ZKSCAN1	c4
4.95128004299385e-11	1.45298983257339	0.064	0.109	1.66056030081928e-06	RCOR3	c4
9.04462232538105e-08	1.45202059656266	0.041	0.069	0.0030333854354863	SELENOI	c4
3.70231649841448e-13	1.45198499481868	0.103	0.171	1.24168290723825e-08	ARIH1	c4
1.15388365081544e-09	1.45186065807585	0.066	0.109	3.86989498810481e-05	ITPRIP	c4
2.49853078836757e-13	1.45178811528489	0.062	0.113	8.37957255802715e-09	JPX	c4
2.44897570810348e-09	1.45070012682164	0.24	0.386	8.21337472983746e-05	ACAP1	c4
1.65355372575997e-08	1.44972273730592	0.031	0.057	0.000554568848545379	GRAMD1C	c4
1.90432455161694e-08	1.44917085847078	0.046	0.077	0.000638672368121291	WASHC2A	c4
8.95543001655803e-12	1.44744618605727	0.077	0.129	3.00347211895323e-07	PRKAA1	c4
1.0828854089876e-12	1.44524992279993	0.11	0.18	3.63178108466261e-08	ARID1A	c4
1.80809118235486e-13	1.44486110533566	0.08	0.139	6.06397620738172e-09	CCDC93	c4
1.77201223057309e-13	1.44472765674746	0.154	0.252	5.94297461889602e-09	RNF216	c4
1.33113080948667e-09	1.444233746601	0.063	0.104	4.46434650885638e-05	HCFC1	c4
2.14123064965523e-13	1.44397022508686	0.073	0.127	7.18125935281371e-09	ATP6V0A2	c4
8.06153646839281e-10	1.44327992609258	0.043	0.077	2.70367810076958e-05	MFSD8	c4
5.34795138027074e-13	1.44322375980878	0.072	0.125	1.7935959339152e-08	TUBGCP2	c4
1.90644372481797e-08	1.44314594790577	0.031	0.058	0.000639383096429452	ZNF121	c4
3.05346576852596e-10	1.44292093572836	0.071	0.117	1.02407134944824e-05	RIPOR2	c4
1.08209145866705e-06	1.44259984373475	0.023	0.042	0.0362911833407757	DHRS1	c4
5.43278212162943e-13	1.44186120499725	0.138	0.225	1.82204646795208e-08	HECTD1	c4
3.54862064732714e-07	1.44173190224955	0.031	0.055	0.0119013639270057	CYHR1	c4
1.59814419228825e-13	1.44124267586549	0.119	0.197	5.35985599209633e-09	KCNAB2	c4
1.44668226068022e-08	1.43996427250211	0.047	0.079	0.000485188296586931	ZNF460	c4
1.54376257361527e-09	1.43918197544009	0.058	0.097	5.1774709193909e-05	AOAH	c4
2.29712641973778e-07	1.43855013760839	0.038	0.065	0.00770410258651658	WWP1	c4
8.29691727507302e-10	1.43790207662932	0.073	0.119	2.78262011571399e-05	RAPGEF6	c4
1.83522834419405e-12	1.43763774857144	0.07	0.122	6.15498882075801e-08	KDM5C	c4
3.31254084387987e-12	1.43748920805996	0.193	0.313	1.11095994822043e-07	UPF2	c4
9.33275358526004e-08	1.43718093466435	0.028	0.051	0.00313001889742451	METTL2B	c4
1.34365541899756e-08	1.43708680332871	0.04	0.07	0.000450635154423402	KCNK6	c4
1.15736127209286e-15	1.43704447445953	0.14	0.236	3.88155823434504e-11	NCBP3	c4
1.28163734152487e-10	1.43676552357313	0.174	0.273	4.29835531600612e-06	CELF1	c4
1.26331943746704e-08	1.43654643500686	0.034	0.061	0.000423692072937694	ODR4	c4
1.56070152927014e-10	1.43653378930914	0.049	0.086	5.2342807888662e-06	ATF7	c4
9.16149676234154e-15	1.43648387598181	0.118	0.2	3.07258278415411e-10	WASHC4	c4
2.58175473192499e-11	1.43602951595981	0.055	0.097	8.65868901993002e-07	NADSYN1	c4
4.95923564626888e-08	1.43568055031897	0.039	0.067	0.00166322845104566	MED12	c4
2.53757643159677e-10	1.43541440815248	0.056	0.096	8.51052383628925e-06	SLC30A7	c4
5.59210136541047e-09	1.435199745229	0.05	0.084	0.000187547895593136	APAF1	c4
4.99262143834669e-11	1.43496215263605	0.096	0.155	1.67442537799271e-06	FOXJ3	c4
4.90053320455761e-07	1.43363097058449	0.03	0.052	0.0164354082614453	MRE11	c4
1.87078313195991e-11	1.43349868046038	0.07	0.119	6.27423246796716e-07	MTREX	c4
1.85345846299535e-08	1.43337742701784	0.035	0.062	0.00062161289931938	ZFP91	c4
9.75541993302254e-13	1.43332512575823	0.047	0.089	3.2717727371371e-08	CDK5RAP1	c4
3.4648881120835e-14	1.43329321417725	0.174	0.288	1.16205417503057e-09	ASXL1	c4
2.92722391316353e-08	1.43282669343987	0.052	0.086	0.000981732355996784	MIR3142HG	c4
2.41447675065192e-12	1.43234994557068	0.074	0.127	8.0976721263364e-08	SUPT20H	c4
4.65551979880977e-09	1.43212687425976	0.046	0.078	0.000156136823012482	TYW1	c4
8.30272845384931e-12	1.43176599781212	0.188	0.302	2.78456906885198e-07	PRKX	c4
1.46080487452186e-13	1.43150925850566	0.075	0.132	4.89924738817142e-09	PRPF3	c4
1.66263637831268e-07	1.43126451928749	0.025	0.047	0.00557614988558505	HSPBAP1	c4
1.78324281894026e-12	1.43117201995035	0.075	0.128	5.98063976616184e-08	ZNF791	c4
1.91169536820587e-11	1.43112027106119	0.043	0.081	6.41144392588885e-07	AP4B1	c4
2.12028755684874e-09	1.43012189872186	0.038	0.07	7.11102040815931e-05	RPS6KA4	c4
9.88895672265192e-13	1.43000055383859	0.097	0.162	3.316558305643e-08	POLG	c4
1.51413296182756e-13	1.42991957204398	0.064	0.115	5.07809912737728e-09	CEP104	c4
1.14569203125961e-08	1.42924793238411	0.037	0.066	0.000384242193443849	MAP4K2	c4
1.89980816362346e-12	1.42802102526923	0.085	0.143	6.37157661916034e-08	PRR5L	c4
2.99054728453753e-09	1.42707785972373	0.04	0.071	0.00010029697482882	KCTD13	c4
3.02172766853261e-12	1.42569606616552	0.2	0.326	1.01342702547247e-07	PNN	c4
4.29613395768628e-07	1.42544230327772	0.032	0.056	0.0144083740672882	PARN	c4
5.4845104623963e-10	1.42433930103493	0.056	0.095	1.83939511887847e-05	PTAR1	c4
3.29536069834382e-10	1.42386951230689	0.063	0.106	1.10519807101055e-05	XPO4	c4
3.76780700684826e-09	1.42349016965318	0.041	0.073	0.000126364711395677	BACH2	c4
5.79675638468915e-15	1.42319599574093	0.119	0.201	1.94411615629705e-10	SECISBP2	c4
1.07860554126421e-15	1.42308401866357	0.066	0.124	3.6174272642919e-11	AP5Z1	c4
9.71050789801267e-12	1.4210594268469	0.064	0.111	3.25671013883549e-07	LONP2	c4
9.75065734819473e-11	1.42094089663986	0.096	0.154	3.27017546143755e-06	HGSNAT	c4
2.92195999266089e-09	1.42030565302634	0.043	0.076	9.79966942338608e-05	ATXN7L1	c4
3.08087327296044e-16	1.42012692938899	0.172	0.291	1.03326327828547e-11	FAM133B	c4
4.15419778988621e-13	1.41997380524641	0.076	0.132	1.39323485477204e-08	LATS1	c4
5.44092855739582e-14	1.41962200500334	0.096	0.163	1.82477861957941e-09	ANKRD17	c4
8.63102230354382e-15	1.41915938928547	0.108	0.184	2.89467226016253e-10	PPP6R3	c4
4.91385688788707e-13	1.41911754141194	0.086	0.147	1.64800932305957e-08	SMPD4	c4
2.88928825090138e-16	1.41867781270056	0.096	0.169	9.69009493587306e-12	METTL17	c4
8.54707722310998e-12	1.41838703433232	0.057	0.102	2.86651875908662e-07	COG1	c4
2.25139443954591e-11	1.41820159390081	0.085	0.141	7.55072667134907e-07	FAM102B	c4
7.06548892131678e-11	1.41767674131427	0.21	0.337	2.36962367443122e-06	ITGA4	c4
6.21783533161941e-11	1.4175750958017	0.161	0.254	2.08533761351852e-06	AFF4	c4
2.66453081176744e-16	1.41688851962175	0.135	0.231	8.93630343650565e-12	NUP58	c4
6.74728891211105e-12	1.41642011420858	0.044	0.082	2.2629057553438e-07	MKNK1	c4
2.05508006193819e-08	1.41595930066944	0.058	0.094	0.000689232751172832	ZFYVE27	c4
2.74188907569146e-10	1.41589404711584	0.063	0.105	9.195747582054e-06	SAMD9L	c4
2.34707358050233e-11	1.41442239061811	0.06	0.104	7.87161537428872e-07	ADAM17	c4
1.05838747854904e-10	1.41344608483517	0.08	0.131	3.54961992555777e-06	ADAM10	c4
1.14997401671478e-06	1.41291229847053	0.012	0.028	0.0385678285725803	CLN6	c4
3.10181308575167e-16	1.41221699329511	0.076	0.139	1.04028607269939e-11	ARRDC2	c4
1.37422353300159e-06	1.41179993471684	0.028	0.049	0.0460887088498074	ZC3H4	c4
6.60030591245688e-07	1.41068454223018	0.039	0.064	0.0221361059691979	XPR1	c4
2.71312185208959e-14	1.41029184324238	0.078	0.138	9.09926806753806e-10	CERK	c4
3.13522679500676e-07	1.40797865946272	0.026	0.047	0.0105149236250937	ZKSCAN8	c4
3.3568272777666e-09	1.40795655859972	0.17	0.26	0.000112581273241736	SYTL2	c4
1.2337720495808e-06	1.40789918405993	0.012	0.028	0.0413782469988409	WDR91	c4
2.91677297904357e-08	1.40696059429825	0.036	0.064	0.000978227321711634	TRIM52	c4
4.86774794496685e-13	1.40671934765721	0.107	0.178	1.63254530578298e-08	CBX6	c4
1.60816565834823e-11	1.40667139447941	0.142	0.226	5.39346598496831e-07	CPD	c4
7.94563344540134e-10	1.40588596075589	0.036	0.067	2.6648065449187e-05	ZNF600	c4
4.08239744401976e-15	1.40390532162188	0.067	0.124	1.36915445477535e-10	TBL1XR1	c4
1.48646645726538e-07	1.40302968183354	0.019	0.039	0.00498531120437662	TRMT11	c4
1.33745978729359e-07	1.402943541328	0.039	0.067	0.00448557263462524	WDFY1	c4
7.18593806675784e-19	1.40291310703789	0.069	0.136	2.41001990882924e-14	DPP9	c4
2.26791330628248e-10	1.40256109508013	0.045	0.08	7.6061276466102e-06	TLK2	c4
1.79587858433032e-08	1.40180762922522	0.026	0.051	0.000602301759612704	RCBTB1	c4
3.53430149016788e-11	1.40086668441131	0.049	0.088	1.1853340337725e-06	SIN3B	c4
1.71388024548647e-13	1.40035204693788	0.06	0.11	5.74801156731251e-09	PIP5K1A	c4
6.36004853684524e-12	1.4002171315087	0.084	0.14	2.13303307828716e-07	C16orf72	c4
3.01503257478341e-16	1.40017535488099	0.159	0.269	1.01118162493086e-11	ODF2L	c4
1.53517392160608e-09	1.39945915680389	0.047	0.082	5.14866629828246e-05	LPGAT1	c4
1.3592685367282e-08	1.39859164146296	0.046	0.077	0.000455871481847904	NBPF14	c4
1.49272415154347e-11	1.39828532388997	0.082	0.137	5.00629825944649e-07	HIVEP2	c4
4.82810443246858e-15	1.39827037284308	0.148	0.248	1.61924966456131e-10	RASGRP1	c4
1.67461361432774e-12	1.39752827686553	0.063	0.112	5.61631913973239e-08	NFX1	c4
7.55832718221053e-15	1.39740107422793	0.087	0.152	2.53491177036977e-10	UBE2G2	c4
1.39589498343654e-14	1.39653692876339	0.066	0.121	4.68155259544947e-10	LETM1	c4
1.2219992039413e-09	1.39611798494892	0.032	0.062	4.09834093017832e-05	TESK1	c4
2.76505343965253e-09	1.39544712661737	0.041	0.073	9.27343622590666e-05	METTL16	c4
1.38418012543629e-15	1.39510882234441	0.069	0.128	4.64226330468823e-11	OTUD5	c4
9.44896932335065e-12	1.3944717172078	0.039	0.075	3.16899533166534e-07	FBXO22	c4
1.26929480750991e-07	1.39410923328226	0.039	0.066	0.00425696092542674	PHTF2	c4
2.39525294374569e-09	1.39320637324155	0.036	0.067	8.03319932273429e-05	CEP83	c4
1.58913587952104e-19	1.39311165669275	0.1	0.184	5.32964391273767e-15	TTC19	c4
5.89433992953514e-21	1.39298905594672	0.105	0.196	1.97684372556749e-16	ABHD17A	c4
5.82935922589572e-13	1.3929576473711	0.055	0.101	1.95505049718091e-08	DPH1	c4
1.39015995345888e-15	1.39293984208998	0.153	0.257	4.66231845191039e-11	DNAJB14	c4
1.05263830500562e-16	1.39259320210903	0.123	0.213	3.53033834732786e-12	ARNTL	c4
1.54214320817765e-14	1.39246566938177	0.107	0.181	5.17203989158621e-10	TMEM245	c4
2.63306832902243e-12	1.39117727056995	0.055	0.099	8.83078456187543e-08	PRKD2	c4
8.08118232193317e-07	1.38953753821029	0.025	0.046	0.0271026692712995	PGGT1B	c4
5.86124193278751e-17	1.38951555829064	0.11	0.193	1.96574331941827e-12	UBE4A	c4
7.88685522410147e-10	1.38910714395349	0.026	0.053	2.64509350505915e-05	ASL	c4
1.48216155866642e-06	1.38852354206229	0.026	0.046	0.0497087343545544	STRN3	c4
1.81551168989627e-12	1.38850422251058	0.086	0.145	6.08886310557411e-08	PCF11	c4
3.11129537762304e-17	1.38798465088586	0.098	0.175	1.04346624374721e-12	NUTM2A-AS1	c4
4.61512762186123e-16	1.38748826777572	0.124	0.213	1.54782150181982e-11	TRAF3IP3	c4
3.72600347425637e-18	1.38732446825566	0.063	0.124	1.2496270451961e-13	GNB5	c4
6.14898059553184e-07	1.38727776237858	0.024	0.044	0.0206224511212947	TPCN2	c4
1.38927158598302e-10	1.38659233898213	0.056	0.097	4.65933904506987e-06	DDHD2	c4
5.10427087733259e-09	1.38561570638121	0.04	0.07	0.00017118703668398	IGHMBP2	c4
5.311474463546e-13	1.38539812986562	0.167	0.27	1.78136230558406e-08	GLS	c4
1.83539646129692e-11	1.38417459422996	0.059	0.104	6.15555265189763e-07	RLIM	c4
7.54351888652808e-13	1.38414875986238	0.111	0.183	2.52994536416379e-08	TUT7	c4
2.9119269047787e-12	1.38346655300466	0.065	0.113	9.7660204532468e-08	REV1	c4
6.65891556771059e-12	1.38334753721905	0.076	0.128	2.23326710309878e-07	DCAF6	c4
2.87144329486124e-08	1.3829806985481	0.039	0.068	0.000963024652230563	TBC1D9B	c4
5.44935782124681e-10	1.38258644638312	0.048	0.083	1.82760562608975e-05	MYO7A	c4
6.14438508897862e-10	1.38257208441964	0.039	0.071	2.06070387114165e-05	ARID3B	c4
2.56668359103746e-21	1.38156393431566	0.087	0.167	8.60814342762145e-17	SMAD2	c4
4.38021633078018e-10	1.38145538002918	0.044	0.079	1.46903695301706e-05	NBPF15	c4
1.38551981673073e-11	1.38102225952743	0.052	0.094	4.64675636135151e-07	SFMBT2	c4
7.71591945443025e-07	1.38095198518548	0.025	0.045	0.0258776506662682	SNAPC4	c4
3.63059587638268e-14	1.38033876188144	0.092	0.158	1.21762924502122e-09	CCNT1	c4
3.08653684932988e-10	1.37977898473383	0.043	0.078	1.03516272852826e-05	NAT10	c4
3.77996538137203e-09	1.37948911478982	0.036	0.066	0.000126772478960455	AGL	c4
4.60322034996707e-14	1.37925221936591	0.149	0.246	1.54382804097195e-09	CAND1	c4
4.77460387514258e-11	1.37898707432221	0.042	0.078	1.60130664764532e-06	MAFG	c4
9.15347714098509e-17	1.37895970807142	0.145	0.248	3.06989316354358e-12	CENPC	c4
2.87757300312633e-07	1.37870752188455	0.024	0.045	0.00965080433788508	ATN1	c4
8.20623871255513e-15	1.37865363858074	0.047	0.093	2.75220833941674e-10	DDX19A	c4
3.371693887538e-07	1.37842553333733	0.024	0.045	0.0113079869600249	EIF3C	c4
6.63527365272423e-12	1.37806029663431	0.195	0.314	2.22533807765065e-07	ABLIM1	c4
2.51241999208789e-14	1.37747790161565	0.072	0.128	8.42615416946436e-10	WDR55	c4
1.89028314396122e-23	1.37661558343601	0.102	0.196	6.33963160821714e-19	STARD3	c4
7.5096048738838e-11	1.3762686470941	0.078	0.129	2.51857128260315e-06	DOCK2	c4
6.33794143556359e-07	1.37617025705351	0.018	0.036	0.0212561879865932	ZNF496	c4
4.24152059674228e-14	1.37614101497953	0.088	0.151	1.42252117773542e-09	SPATA13	c4
2.5036903180056e-08	1.37598205281347	0.035	0.062	0.000839687658852719	ZNF44	c4
6.63266931473715e-10	1.37407552276457	0.049	0.085	2.22446463477655e-05	SMC6	c4
3.0249879964784e-08	1.3738563038419	0.02	0.041	0.00101452047425892	SNTB2	c4
1.48754304653052e-11	1.37381132298628	0.045	0.083	4.98892186945404e-07	EHMT2	c4
2.090859990535e-15	1.37378731756992	0.06	0.113	7.01232623625627e-11	SP140L	c4
4.24054022955034e-07	1.37271335165048	0.026	0.048	0.0142219238218659	ZNF398	c4
8.7275416315846e-16	1.37228279706307	0.15	0.252	2.92704291240084e-11	IL4R	c4
1.88606358506778e-10	1.37187127897105	0.029	0.058	6.32548005160031e-06	CRELD1	c4
9.8849171494831e-15	1.37173176939143	0.07	0.128	3.31520351359364e-10	NCOA1	c4
4.59678519199853e-12	1.37145489320564	0.043	0.082	1.54166981769247e-07	SAMD4B	c4
1.22206660107061e-14	1.37122077076503	0.09	0.157	4.09856696667063e-10	PICALM	c4
1.58578748231397e-11	1.37034897276688	0.032	0.065	5.31841405818461e-07	FAM3A	c4
1.3174312751452e-11	1.36965430789654	0.05	0.091	4.41840101058197e-07	ST3GAL5	c4
2.05415030794698e-13	1.36919062185579	0.079	0.136	6.88920930279258e-09	PYHIN1	c4
1.69993042567931e-13	1.3684952440103	0.066	0.118	5.70122666164326e-09	TRAPPC6B	c4
3.93448748449755e-18	1.36737084210756	0.063	0.125	1.31954841255079e-13	DDB2	c4
5.81525424787033e-16	1.36689815099388	0.148	0.25	1.95031996965075e-11	FAM13B	c4
1.63175960456564e-16	1.36554533652272	0.142	0.242	5.47259536179226e-12	SMARCC1	c4
1.69071314659493e-09	1.36502908339852	0.035	0.065	5.67031375105007e-05	TANGO2	c4
5.00981663840768e-12	1.36408039321979	0.234	0.385	1.68019230418917e-07	BDP1	c4
1.20280410633996e-09	1.36402272076155	0.04	0.072	4.03396441184297e-05	DCLRE1C	c4
6.46997844929821e-13	1.36336496379115	0.077	0.133	2.16990137232563e-08	HMGXB3	c4
7.0253524558575e-10	1.36266061225726	0.027	0.055	2.35616270664549e-05	RMND1	c4
2.32170864488344e-16	1.36253553134991	0.055	0.108	7.78654645321009e-12	DDX41	c4
1.62783699353083e-15	1.36244052311371	0.081	0.145	5.45943970890369e-11	USP7	c4
9.39802125040863e-13	1.36155414296293	0.095	0.158	3.15190836696204e-08	NUP153	c4
4.63629460622859e-11	1.35848463281702	0.041	0.077	1.55492048503695e-06	MANBA	c4
5.85550186303946e-08	1.35745977938292	0.032	0.057	0.00196381821482617	CRACR2A	c4
7.26717387520508e-19	1.35736629930916	0.075	0.144	2.43726477426628e-14	MAP2K7	c4
2.48566258364806e-11	1.35734349855891	0.05	0.09	8.33641517303888e-07	EXOC2	c4
1.90354267395855e-09	1.35700574188482	0.041	0.074	6.3841014199222e-05	ZNF142	c4
3.8834187717785e-14	1.35697464153918	0.098	0.167	1.30242098767907e-09	KIAA0232	c4
1.12098527012925e-09	1.35676119701597	0.038	0.07	3.75956039895946e-05	SETDB1	c4
2.82058344298924e-09	1.35599263963291	0.031	0.059	9.45967275109731e-05	TRAPPC12	c4
4.82998318496662e-14	1.35598685460399	0.056	0.105	1.6198797605741e-09	ZNF592	c4
1.55155252282696e-09	1.35567667487347	0.04	0.072	5.20359685105705e-05	PTPN9	c4
7.38593884580669e-16	1.35565385899213	0.13	0.221	2.47709617010665e-11	CDK12	c4
1.13785572923665e-07	1.35526439782095	0.038	0.064	0.00381614054471389	NAA16	c4
1.14891639827523e-13	1.35423803731528	0.074	0.13	3.85323581653547e-09	CWF19L2	c4
2.8627011096878e-10	1.35405504587975	0.052	0.091	9.60092698167093e-06	COP1	c4
1.58165144688787e-10	1.35352936695689	0.054	0.093	5.30454262257254e-06	DCAF10	c4
9.74749039883188e-14	1.35352728146994	0.091	0.155	3.26911332996023e-09	PIK3R5	c4
1.99170300161632e-11	1.35317206965315	0.025	0.055	6.67977352682082e-07	ATAD3A	c4
1.6269095008107e-10	1.352642532016	0.053	0.092	5.45632908381891e-06	KLHL2	c4
3.50526651090737e-15	1.35255395473107	0.078	0.14	1.17559628242811e-10	TTC7A	c4
2.48858162945329e-15	1.35089053854912	0.078	0.14	8.34620506886043e-11	KDM3A	c4
6.3929934249748e-10	1.35080260315065	0.058	0.098	2.14408213486805e-05	SNIP1	c4
5.03321756350427e-16	1.35036624243091	0.087	0.155	1.68804050644806e-11	IREB2	c4
3.09445329359364e-13	1.34990313106638	0.089	0.151	1.03781774560543e-08	WDR26	c4
1.76856584179592e-07	1.34897667846392	0.034	0.059	0.00593141612021514	DDX60	c4
3.16163197666765e-07	1.3480219866896	0.02	0.04	0.010603481323348	ZNF562	c4
7.39040575626172e-08	1.34781984070773	0.02	0.04	0.00247859428253506	GPATCH1	c4
6.09513046904262e-10	1.3475343378378	0.036	0.068	2.04418485670752e-05	EEFSEC	c4
3.98969362653702e-17	1.34697313127049	0.087	0.158	1.33806344846799e-12	DPP8	c4
4.87921549919662e-12	1.34680116336829	0.055	0.099	1.63639129412056e-07	ABHD18	c4
8.33559029471028e-14	1.34482807886101	0.097	0.164	2.79559027303993e-09	USP9X	c4
1.23796041911785e-07	1.34453722687759	0.025	0.047	0.00415187165363743	TCHP	c4
1.37567363895083e-13	1.34446700448314	0.173	0.284	4.6137342503133e-09	JMJD1C	c4
2.33983556053092e-08	1.34443233270628	0.026	0.049	0.00078473405029086	SNX19	c4
3.7241344123064e-08	1.34424804308305	0.026	0.049	0.00124900019919932	PI4K2A	c4
4.60136239632423e-14	1.34395336948051	0.098	0.167	1.54320492047922e-09	RNF38	c4
1.06535516581851e-15	1.34389354111463	0.112	0.192	3.57298815512211e-11	FBXW11	c4
6.14988475752716e-07	1.34281149383935	0.022	0.041	0.0206254834997946	ZNF7	c4
2.31793057855329e-14	1.34276304385216	0.073	0.13	7.77387557435202e-10	GIGYF2	c4
2.84096233255366e-14	1.34267237001739	0.069	0.125	9.52801947091847e-10	CEP85L	c4
2.76982280377209e-12	1.34227190646858	0.053	0.096	9.28943171929085e-08	PPIP5K2	c4
2.04850062829679e-16	1.34200150322112	0.051	0.103	6.87026140718176e-12	ACBD6	c4
5.26696818195596e-11	1.34151978699464	0.024	0.052	1.76643578886439e-06	ZNF79	c4
1.22242419612116e-17	1.34052525203258	0.081	0.15	4.09976626895116e-13	EIF3B	c4
2.58569113125101e-08	1.34045086979666	0.019	0.039	0.000867189091598965	NBPF10	c4
4.97972804685221e-12	1.3401904762776	0.041	0.079	1.6701011923533e-07	MAPK14	c4
3.90134919758855e-14	1.3398932209971	0.064	0.116	1.30843449388725e-09	MCPH1	c4
7.31132793282168e-17	1.33944831178437	0.126	0.217	2.45207316210973e-12	GPAT4	c4
2.0668690609585e-08	1.33893144331382	0.039	0.068	0.000693186545664262	NBAS	c4
2.64999085821344e-14	1.33819214937691	0.077	0.136	8.88753934027623e-10	DDX42	c4
9.148207842839e-10	1.33780954800233	0.055	0.093	3.06812594633135e-05	CLSTN3	c4
2.76444479985101e-10	1.33758057561397	0.038	0.071	9.2713949697403e-06	PIGB	c4
2.44823774674712e-12	1.33753046328231	0.058	0.103	8.21089975504048e-08	RNF168	c4
5.91746449597947e-07	1.33727256377818	0.025	0.045	0.019845992426616	LINC00861	c4
1.92656962925838e-13	1.33692881613958	0.052	0.098	6.46132922260674e-09	ITFG1	c4
1.90919883085113e-17	1.3368850707584	0.144	0.249	6.40307103890854e-13	PDCD6IP	c4
4.24198079533014e-07	1.33540848490276	0.016	0.034	0.0142267551913782	AC098484.3	c4
5.36027806351109e-17	1.33491344257706	0.098	0.175	1.79773005694035e-12	STX12	c4
3.97599320907177e-18	1.33359764571443	0.132	0.23	1.33346860245849e-13	PREX1	c4
6.05418614866299e-09	1.3335706537596	0.035	0.064	0.000203045295053859	R3HCC1L	c4
3.55326619761854e-14	1.33283428655451	0.061	0.113	1.19169441735731e-09	EMSY	c4
2.30164041772546e-20	1.33276312215794	0.115	0.209	7.71924163296766e-16	RAF1	c4
1.67726153387912e-09	1.33202638429134	0.036	0.066	5.62519973232379e-05	FMR1	c4
4.22027302620242e-08	1.33199255014313	0.016	0.036	0.00141539516752777	OGG1	c4
2.88849197163052e-12	1.33142582712137	0.045	0.084	9.68742437445443e-08	DNAJC10	c4
4.68037277073166e-14	1.33105632443588	0.111	0.186	1.56970341984799e-09	SIN3A	c4
5.91251192912916e-10	1.33040381613396	0.038	0.07	1.98293825079134e-05	PAOX	c4
4.92320152891572e-15	1.33016724189443	0.209	0.351	1.65114332876775e-10	ACIN1	c4
5.84463429079863e-24	1.3299828563181	0.086	0.172	1.96017344844804e-19	NELFCD	c4
4.16967991122582e-10	1.32865175320384	0.031	0.061	1.39842724862691e-05	TAMM41	c4
2.427506940761e-10	1.32812394131119	0.051	0.089	8.14137277792426e-06	FGFR1OP	c4
3.29270745619345e-09	1.32728914770248	0.031	0.058	0.000110430822665816	HSH2D	c4
4.93753912599462e-16	1.32628538330588	0.06	0.115	1.65595187207608e-11	ANKRD27	c4
6.27709869438216e-13	1.32616607626742	0.221	0.364	2.10521336012189e-08	NIPBL	c4
1.19491253171336e-06	1.32510299430382	0.026	0.047	0.0400749764886027	ZNHIT6	c4
9.13066354112947e-08	1.32481014672669	0.266	0.426	0.003062241938424	DDX6	c4
2.47533191200745e-07	1.32476638493626	0.021	0.041	0.0083017681664906	POFUT1	c4
4.14680064863173e-15	1.32435280171045	0.066	0.122	1.39075400153811e-10	ACSS1	c4
1.49559057748368e-18	1.32435110372217	0.09	0.166	5.01591167876478e-14	NGLY1	c4
7.09584975582378e-13	1.32342571013154	0.202	0.332	2.37980609110818e-08	PRPF8	c4
1.28015851083823e-19	1.32270735607937	0.098	0.182	4.29339561364926e-15	ELP2	c4
5.01056962623768e-08	1.32197727054075	0.022	0.043	0.00168044484124759	DCUN1D4	c4
1.76351618281094e-08	1.32175810104521	0.026	0.051	0.000591448057391132	MAP9	c4
2.90513346590512e-13	1.32069272421938	0.049	0.092	9.74323661795258e-09	REPS1	c4
1.45159073963849e-07	1.31971242061924	0.029	0.052	0.00486834502259957	ITGA5	c4
5.1720760996323e-08	1.3196638502273	0.029	0.053	0.00173461088229468	PARP10	c4
5.93120463796527e-08	1.31950585671886	0.034	0.06	0.00198920741148079	VAMP1	c4
3.07223861324896e-07	1.31909222119132	0.027	0.048	0.0103036738611144	AXIN1	c4
6.51794381585236e-13	1.31842911302936	0.083	0.141	2.18598799696057e-08	ZNF831	c4
3.79628864248836e-15	1.31835993386691	0.068	0.126	1.27319928491775e-10	LMBR1	c4
8.31356874392285e-12	1.31832271829079	0.053	0.095	2.78820468533685e-07	LTN1	c4
8.40090107384702e-17	1.31627996370188	0.078	0.144	2.81749420214681e-12	BCL2	c4
9.90622366045839e-08	1.31597748668783	0.033	0.058	0.00332234929124453	TRERF1	c4
1.69120867329823e-13	1.31595281841201	0.066	0.117	5.6719756485076e-09	GK	c4
1.17855854449546e-06	1.31541840059001	0.023	0.042	0.0395264964652886	FARP2	c4
6.2084671793823e-08	1.31501745871441	0.025	0.048	0.00208219572262124	TEX10	c4
2.62695715230707e-14	1.31484930964938	0.063	0.116	8.81028889740746e-10	FAM208A	c4
9.80751294931134e-22	1.31467531293237	0.064	0.133	3.28924369294004e-17	RABL6	c4
2.05445902890965e-09	1.31427232913397	0.03	0.057	6.89024469115717e-05	ORAOV1	c4
3.02668009029993e-17	1.31335444547522	0.049	0.101	1.01508796868479e-12	STK25	c4
1.03194552126791e-10	1.31268810042358	0.226	0.363	3.46093888922832e-06	GGA2	c4
9.99204605026809e-08	1.3116879504495	0.029	0.053	0.00335113240433891	ACACA	c4
1.11115997530686e-19	1.31143162576779	0.135	0.239	3.72660832518416e-15	MARCH6	c4
2.06304685239306e-08	1.31123437119522	0.022	0.044	0.000691904653355586	ZNF100	c4
6.58582400182761e-16	1.31118403783101	0.05	0.1	2.20875365373294e-11	MUS81	c4
9.5668827592057e-18	1.31118180654834	0.068	0.131	3.20854113978241e-13	SFXN3	c4
8.62621990101721e-13	1.31104604260903	0.052	0.097	2.89306163040315e-08	UBE4B	c4
3.99610924090302e-14	1.31096136510776	0.066	0.12	1.34021511721405e-09	KIF3B	c4
6.98764204794041e-07	1.31014938635942	0.029	0.051	0.0234351539003826	HDAC8	c4
5.09518484315254e-08	1.31012731596926	0.019	0.039	0.0017088230926965	FSD1	c4
2.12668343460798e-11	1.31010406973257	0.039	0.074	7.13247090298826e-07	KIF5C	c4
4.17405189301019e-12	1.30954201307569	0.033	0.068	1.39989352387776e-07	UBE3B	c4
3.54432522589218e-12	1.30932574551599	0.036	0.073	1.18869579425972e-07	ACAD8	c4
1.13134536630816e-11	1.30873818162587	0.044	0.082	3.79430608952429e-07	DDX10	c4
2.63068819882993e-14	1.30866295049539	0.069	0.125	8.82280208123581e-10	APPBP2	c4
5.6286711705085e-08	1.30832373229547	0.032	0.057	0.00188774373716514	EPC2	c4
2.94515034790668e-12	1.30683017710521	0.058	0.103	9.87744523680941e-08	MLLT10	c4
3.93562622175764e-13	1.30606026973195	0.052	0.097	1.31993032225308e-08	NME7	c4
4.18151706329708e-09	1.3057882956309	0.03	0.058	0.000140239719268857	PMS1	c4
9.58061265195023e-07	1.30577053516225	0.017	0.034	0.0321314587121107	EIF2AK4	c4
2.48900379982163e-14	1.30541594859073	0.064	0.118	8.34762094384177e-10	SEC24C	c4
2.54741271197274e-16	1.30520506542973	0.085	0.153	8.54351275341417e-12	AHCTF1	c4
6.04940857429927e-15	1.30511701569353	0.055	0.105	2.02885064764849e-10	NSMAF	c4
1.04893316545627e-12	1.30444056407303	0.033	0.068	3.51791205030723e-08	NAXD	c4
6.59276746209636e-15	1.30373875252768	0.229	0.387	2.21108235143788e-10	CAMK4	c4
1.45407145066406e-15	1.30332616188256	0.056	0.109	4.87666483123712e-11	ASAP1	c4
1.01812869935254e-14	1.30271966043916	0.053	0.101	3.41460003188854e-10	NCBP1	c4
5.58718983014461e-16	1.3017939242491	0.069	0.129	1.8738317252339e-11	TRIM38	c4
2.62629863466082e-18	1.30173460291461	0.08	0.149	8.80808036092546e-14	CNST	c4
1.19552733152286e-08	1.30131142049589	0.044	0.075	0.000400955956446137	ZFY	c4
2.82443177215925e-16	1.30114874424815	0.055	0.108	9.4725792774677e-12	SCAMP4	c4
2.28250785366305e-15	1.30106531309252	0.052	0.102	7.65507483961514e-11	KATNAL1	c4
2.08327530012331e-12	1.30094525854349	0.036	0.072	6.98688870155357e-08	RGP1	c4
1.12315185430505e-14	1.30035062435781	0.109	0.184	3.76682668896828e-10	RLF	c4
2.46641474852731e-09	1.30008463444802	0.029	0.057	8.2718617836109e-05	PPP1R9B	c4
1.28511888654524e-21	1.29965154315729	0.077	0.152	4.31003172169542e-17	CXXC1	c4
6.29886313904909e-20	1.29896626751901	0.148	0.261	2.11251271957428e-15	CCAR1	c4
1.13455027454518e-21	1.29868811107569	0.116	0.214	3.80505471076963e-17	EXOSC10	c4
8.0370846128146e-17	1.29861437315665	0.077	0.142	2.69547743744576e-12	TRIP11	c4
6.70418504727573e-09	1.29808253017437	0.045	0.077	0.000224844958115533	ERAP1	c4
1.28157640103765e-18	1.29705650051855	0.086	0.16	4.29815093380007e-14	LARP1	c4
1.43710800725917e-07	1.29684564633161	0.025	0.047	0.0048197728347458	SIRT3	c4
1.45189482680127e-13	1.29667359831824	0.049	0.094	4.8693648701261e-09	MSL1	c4
6.15757393945303e-11	1.2962139076638	0.033	0.065	2.06512714781376e-06	COQ8B	c4
7.59176898027871e-13	1.2949276273105	0.034	0.07	2.54612748060587e-08	CPSF4	c4
2.50423284331321e-17	1.29455675428367	0.081	0.149	8.39869610990386e-13	DIDO1	c4
1.66746888051585e-13	1.29346639778306	0.058	0.106	5.59235713147406e-09	TOGARAM1	c4
3.97200409021343e-10	1.29280563233941	0.033	0.063	1.33213073177578e-05	GXYLT1	c4
1.26554997767031e-19	1.29225568481839	0.089	0.167	4.2444015151107e-15	SUCO	c4
2.30793194234893e-07	1.29179422801593	0.025	0.047	0.00774034214824983	HIVEP3	c4
1.04380130532995e-08	1.29072750207013	0.023	0.046	0.00035007008178156	ARHGAP31	c4
7.84573851512058e-15	1.29055520608799	0.123	0.206	2.63130378320114e-10	FAM53B	c4
2.57439873672003e-09	1.29026241491556	0.043	0.076	8.63401848321164e-05	LDLR	c4
3.75988826814196e-17	1.2895916145211	0.204	0.35	1.26099132736945e-12	KDM5A	c4
2.68019237442355e-11	1.28912418679589	0.029	0.061	8.98882918534171e-07	XPNPEP1	c4
8.87473994189262e-07	1.28894728563524	0.034	0.057	0.0297641028171195	TSC22D2	c4
1.29083849511499e-06	1.28839970012947	0.015	0.031	0.0432921414491664	TMTC3	c4
2.89602005883001e-16	1.28801468581473	0.123	0.212	9.71267207330408e-12	PRKCQ	c4
3.03187336956699e-20	1.28789831234531	0.096	0.179	1.01682969068538e-15	RPS6KA3	c4
4.69642455188482e-24	1.28785574767094	0.107	0.205	1.57508686621113e-19	ARHGAP15	c4
3.61124900272086e-18	1.28750503490022	0.075	0.143	1.21114069053252e-13	AGFG1	c4
1.28069091149451e-07	1.2870735970867	0.026	0.048	0.0042951811789703	SCYL3	c4
1.41317475808738e-14	1.28668605373252	0.077	0.136	4.73950550367347e-10	SACM1L	c4
4.14482202610546e-11	1.28641369710799	0.04	0.076	1.39009041111525e-06	PIGG	c4
1.83492603175937e-13	1.28637750713096	0.038	0.077	6.15397492531458e-09	SLC35F5	c4
3.22175435554369e-07	1.28630563989693	0.021	0.04	0.0108051197576224	BTBD6	c4
3.90032691533934e-19	1.28597662299259	0.061	0.123	1.30809164086651e-14	CRK	c4
1.92517818144177e-10	1.28565276192946	0.045	0.081	6.45666258491942e-06	SRCAP	c4
8.68370881443418e-17	1.28365257429991	0.075	0.138	2.91234226218493e-12	MKL1	c4
2.25726945146456e-16	1.28106594438201	0.068	0.128	7.57043028632185e-12	GLMN	c4
8.41798180766191e-19	1.27988583401421	0.077	0.147	2.82322273865365e-14	ENO2	c4
3.80019290902625e-18	1.27987902379096	0.147	0.255	1.27450869782922e-13	AC004687.1	c4
4.9760772395973e-12	1.27967893288911	0.052	0.094	1.66887678461614e-07	RELL1	c4
5.63462882328074e-09	1.2789420622036	0.055	0.091	0.00018897418147519	SESN3	c4
4.06590748341336e-13	1.27858447111522	0.061	0.109	1.36362405178717e-08	SLK	c4
5.12024675239997e-16	1.27858167083861	0.075	0.137	1.7172283558199e-11	MVB12B	c4
2.45125467387464e-11	1.27826268091291	0.04	0.076	8.22101792524076e-07	ACOX1	c4
1.12861597367835e-17	1.27709336921798	0.068	0.131	3.78515225252246e-13	SEC23A	c4
4.28651371639583e-15	1.27700630692381	0.057	0.108	1.43761097020483e-10	PARP6	c4
2.27967882010524e-09	1.27663606644428	0.029	0.056	7.64558682686895e-05	HEATR6	c4
7.06936905011046e-18	1.27645442492621	0.103	0.184	2.37092499202605e-13	DNMT1	c4
5.69811923187677e-15	1.27638394697254	0.051	0.1	1.91103522798683e-10	ATE1	c4
6.78060051094168e-07	1.27618532557621	0.016	0.033	0.0227407779935962	BISPR	c4
3.5463941721679e-11	1.27581152136655	0.027	0.057	1.18938967746167e-06	ZNF282	c4
5.15543985033303e-13	1.27550479318077	0.057	0.103	1.72903141700469e-08	NOL9	c4
1.87794503806942e-12	1.27538413601835	0.048	0.089	6.29825206867722e-08	ZFYVE1	c4
4.6639835570298e-09	1.27493365012649	0.027	0.053	0.000156420680535666	LINC00662	c4
4.28572921051162e-15	1.27469485912005	0.058	0.111	1.43734786262139e-10	CTDSPL2	c4
2.96059487768013e-07	1.27432981675514	0.016	0.034	0.00992924310076362	TDRD3	c4
4.65774666805774e-11	1.27354444896831	0.038	0.073	1.5621150775332e-06	CASC4	c4
1.33965549126615e-11	1.27202951950971	0.485	0.709	4.49293658660841e-07	MBNL1	c4
1.83683352910403e-21	1.27193962600383	0.194	0.346	6.16037228990909e-17	DDX39A	c4
1.22971072648591e-07	1.27177249053795	0.024	0.046	0.00412420383448845	DGAT1	c4
9.91993044444922e-14	1.27075972583158	0.043	0.086	3.32694627245938e-09	ICE2	c4
2.84171613612101e-21	1.27009246759939	0.077	0.152	9.53054757732265e-17	ZCCHC8	c4
2.35368529293982e-07	1.2698987698829	0.016	0.033	0.00789378973546157	FLVCR2	c4
7.96290695393339e-16	1.26949026269232	0.051	0.102	2.67059973421018e-11	ELK4	c4
3.22382053250305e-12	1.26894019794672	0.031	0.065	1.08120493019087e-07	IZUMO4	c4
4.57621509882354e-10	1.26803623310653	0.032	0.062	1.53477101984344e-05	TBC1D14	c4
4.87167530597825e-08	1.2677897774184	0.02	0.041	0.00163386246411898	TADA2A	c4
1.65496844305271e-25	1.26729971911578	0.141	0.265	5.55043316431019e-21	C19orf66	c4
4.83476698761327e-17	1.2669928011689	0.045	0.095	1.62148415230574e-12	FAM76B	c4
3.53885139906437e-19	1.2669662574989	0.094	0.174	1.18685998221821e-14	RUNX2	c4
3.49441779957282e-14	1.26659565562987	0.209	0.346	1.17195784162073e-09	PRKCH	c4
1.19694477744828e-19	1.26647720042706	0.096	0.177	4.01431339460604e-15	IRF3	c4
8.95639234341014e-09	1.26625827500555	0.025	0.049	0.000300379486413289	LCLAT1	c4
2.46146611299126e-22	1.26618901310597	0.148	0.267	8.2552650497501e-18	CEP350	c4
6.92588498774061e-22	1.266116581114	0.144	0.261	2.32280330718845e-17	USP47	c4
4.95045806097218e-09	1.26611064316976	0.019	0.042	0.000166028462448885	IKBKE	c4
2.91303426957081e-07	1.26517481280183	0.021	0.041	0.00976973433328658	SLC35B4	c4
6.87812622832931e-10	1.26514010963424	0.022	0.047	2.30678597445708e-05	PIK3CA	c4
8.28821409400928e-19	1.2650591167692	0.105	0.189	2.77970124284883e-14	TAOK3	c4
8.33902533814848e-12	1.26446055966612	0.03	0.063	2.79674231790824e-07	NAPRT	c4
9.99412616353421e-11	1.26433030314967	0.025	0.054	3.3518300327261e-06	MCOLN1	c4
4.87238354751336e-09	1.26416236062244	0.031	0.059	0.000163409999416503	AHDC1	c4
1.55520825350073e-24	1.26371755286673	0.097	0.191	5.21585744059075e-20	INPP5F	c4
1.16971073446221e-08	1.26331613533679	0.02	0.042	0.000392297586123935	RAB40C	c4
1.72793162991728e-09	1.26311378753386	0.03	0.058	5.79513710041657e-05	CEP78	c4
1.83881623426464e-20	1.26310820163034	0.073	0.144	6.16702188647676e-16	AKT2	c4
7.09746635401169e-22	1.26290977844271	0.078	0.155	2.38034826580844e-17	SCFD1	c4
1.24037515252081e-18	1.26281210216167	0.075	0.143	4.15997018652428e-14	PHRF1	c4
3.97742942995928e-17	1.26276898400071	0.062	0.121	1.33395028221974e-12	TIAM1	c4
3.79007074593294e-10	1.26247059293079	0.034	0.065	1.27111392677099e-05	FASTKD1	c4
9.56961799593732e-15	1.26197082678506	0.043	0.087	3.20945848347746e-10	NUP85	c4
3.03222741390563e-15	1.26150777661295	0.093	0.162	1.01694843007567e-10	SKI	c4
1.62643287002702e-18	1.26064077035532	0.078	0.148	5.45473055949663e-14	MAP3K14	c4
5.04441626019357e-08	1.2604133067164	0.026	0.05	0.00169179632534372	CDKAL1	c4
2.4783059166713e-18	1.26009165872109	0.051	0.107	8.31174238333219e-14	DCAF15	c4
2.49358683067265e-11	1.26002579666176	0.025	0.054	8.36299151270993e-07	OPA3	c4
1.15572861528702e-10	1.25956523748446	0.038	0.072	3.8760826299496e-06	ZBED4	c4
1.77018637000371e-38	1.25899645865727	0.542	0.768	5.93685104771846e-34	PRRC2C	c4
1.75317035183895e-13	1.25849530445269	0.068	0.121	5.87978272599748e-09	RIN3	c4
1.89347952298258e-15	1.25835987848383	0.05	0.099	6.35035162417897e-11	GBP3	c4
6.6431559121408e-14	1.25791561560705	0.047	0.091	2.22798162981378e-09	GFOD1	c4
8.3867611652066e-14	1.25766926167848	0.265	0.452	2.81275195958699e-09	GCC2	c4
1.49857160848093e-13	1.25687619401556	0.216	0.357	5.02590946052336e-09	RANBP2	c4
4.29197771467406e-15	1.25640095395877	0.042	0.087	1.43944348594739e-10	CNPY2	c4
1.53215537378699e-17	1.25609053628025	0.057	0.114	5.1385426926068e-13	POFUT2	c4
2.61825368076513e-09	1.25580813314461	0.028	0.055	8.78109919455011e-05	PURB	c4
1.41864416493052e-12	1.2557499038756	0.036	0.073	4.75784880034396e-08	ETV6	c4
1.60386673426968e-19	1.25512176962352	0.112	0.203	5.37904825339364e-15	CAPN7	c4
2.64456875690905e-25	1.25456883146854	0.12	0.228	8.86935469692156e-21	BCL11B	c4
1.5227996556683e-08	1.25455375439899	0.031	0.057	0.000510716548518035	ARMH3	c4
6.35685273381689e-13	1.25451186982641	0.03	0.065	2.13196126986751e-08	NPRL3	c4
6.10663887326949e-10	1.25446298132908	0.031	0.061	2.04804454531712e-05	IFT43	c4
7.50137851885811e-12	1.25427393094631	0.045	0.084	2.51581232765463e-07	DMXL1	c4
1.96992332077861e-08	1.2524090687618	0.023	0.045	0.000660672883322729	RYK	c4
8.32074714849338e-07	1.2517627298127	0.022	0.041	0.0279061217866171	AC021188.1	c4
2.18492004869852e-10	1.2514862263232	0.031	0.062	7.32778485932509e-06	GIMAP5	c4
2.7652127004017e-13	1.2505513898229	0.036	0.075	9.27397035460722e-09	BRAT1	c4
1.85871875721741e-07	1.24983430059712	0.023	0.044	0.00623377096795574	CDYL2	c4
7.7241512221871e-24	1.24934020483754	0.087	0.174	2.59052583689711e-19	SPNS1	c4
4.82007616569314e-09	1.24828843809537	0.024	0.049	0.000161655714445017	LIN52	c4
2.03236668220582e-23	1.24803687787465	0.1	0.193	6.81615137878187e-19	NOC2L	c4
2.79760155809501e-24	1.24794542609078	0.13	0.243	9.38259610553903e-20	CYFIP2	c4
3.39533757031173e-11	1.24786190424312	0.032	0.064	1.13872831433115e-06	HAUS6	c4
4.96368913420123e-16	1.24759601121932	0.24	0.413	1.66472206182841e-11	ITSN2	c4
1.74405254550367e-10	1.24674152775255	0.032	0.062	5.84920342711021e-06	ZBTB49	c4
5.18081447776676e-08	1.24550728852623	0.021	0.042	0.00173754155955342	E2F3	c4
4.42234623043253e-14	1.24504136270092	0.04	0.082	1.48316647876246e-09	USF3	c4
5.47273682984625e-15	1.24494407976334	0.207	0.345	1.83544647799383e-10	THEMIS	c4
4.31077722862472e-07	1.24475633122442	0.025	0.046	0.0144574846693616	USP19	c4
5.56385770227991e-16	1.24402440143252	0.059	0.114	1.86600659619064e-11	PRKAG2	c4
7.50684586602886e-16	1.24281874474805	0.051	0.102	2.51764596654876e-11	NAA35	c4
7.61568908872992e-07	1.24275551105732	0.014	0.03	0.0255414980657824	NIFK-AS1	c4
2.6328041081974e-10	1.24264788470768	0.028	0.057	8.82989841807243e-06	MAF	c4
4.70586277841305e-18	1.24260914422635	0.091	0.166	1.57825225862417e-13	TRPS1	c4
3.55384767811328e-11	1.24250159054393	0.033	0.066	1.19188943428563e-06	PYGB	c4
5.48183983728219e-21	1.24240091873907	0.084	0.163	1.8384994446277e-16	EPS15L1	c4
7.26015995281761e-17	1.24120642927822	0.053	0.106	2.43491244497597e-12	DMAP1	c4
1.00691211945095e-14	1.24106922032838	0.236	0.398	3.37698186621458e-10	PARP8	c4
8.25318400259268e-18	1.24092223880538	0.07	0.134	2.76795285078953e-13	NOL8	c4
1.10987721976437e-13	1.24053698724703	0.047	0.09	3.72230621964574e-09	CD226	c4
6.37572309561962e-22	1.24013158369887	0.062	0.13	2.13829001180891e-17	GMFB	c4
2.53968993246817e-16	1.23898658209945	0.061	0.118	8.51761209551176e-12	ZC3H8	c4
1.77431525066236e-21	1.23885911456462	0.098	0.185	5.95069848767142e-17	ITGB7	c4
1.22833228431744e-10	1.23816269736019	0.024	0.052	4.11958081514382e-06	ZFYVE19	c4
7.40570521015332e-15	1.23775586051811	0.061	0.114	2.48372541338122e-10	KHNYN	c4
5.59345493366498e-09	1.2376611410126	0.026	0.051	0.000187593291565256	GPR89A	c4
1.56142796114882e-16	1.23745388658663	0.059	0.115	5.23671709610093e-12	AKAP8	c4
1.04629101797759e-17	1.23702146043703	0.055	0.111	3.50905081609326e-13	ING5	c4
5.26965782474096e-11	1.23661699891993	0.022	0.049	1.76733784126162e-06	FANCA	c4
3.0142964992641e-11	1.23656638466239	0.045	0.083	1.01093475992319e-06	OAS3	c4
4.28870418736512e-17	1.23623961771376	0.055	0.11	1.43834561035851e-12	PPP4R1	c4
2.7100259186383e-22	1.23544210438663	0.084	0.166	9.08888492592913e-18	FLII	c4
1.02189349573906e-22	1.23528601865694	0.097	0.187	3.42722640600967e-18	ELMO1	c4
1.00220972038315e-12	1.23475699513539	0.05	0.093	3.36121096022101e-08	USP37	c4
6.35578533089478e-19	1.23472982312904	0.072	0.139	2.13160328427549e-14	FBXO3	c4
1.36579720576415e-19	1.23461531064233	0.057	0.119	4.58061066869182e-15	RNPEPL1	c4
2.06292933388362e-29	1.23443105442718	0.133	0.26	6.9186523999789e-25	SIRT7	c4
6.1573295633216e-08	1.23407989433648	0.021	0.042	0.0020650451889468	POLR1B	c4
7.39463939694863e-25	1.23392067754165	0.093	0.186	2.48001416094863e-20	UNC45A	c4
3.59621210135189e-26	1.23373933416155	0.178	0.33	1.2060976145514e-21	ZAP70	c4
2.67138212555051e-10	1.23365978457293	0.035	0.067	8.9592813726713e-06	KLHL6	c4
1.41149007532614e-17	1.23298783795438	0.066	0.128	4.73385541462881e-13	TNPO3	c4
2.66288740056435e-07	1.23177462030535	0.024	0.045	0.00893079176401273	ESRRA	c4
2.15465336519389e-25	1.2316477361888	0.152	0.283	7.22627645618728e-21	MED15	c4
2.13111722258986e-13	1.23153406909312	0.059	0.108	7.14734094112186e-09	MX2	c4
1.96765450543846e-16	1.23098225703761	0.063	0.121	6.5991196803395e-12	FBXW7	c4
2.63258365181292e-07	1.23056284172077	0.013	0.029	0.00882915905145017	SAMD1	c4
2.49252380227934e-10	1.23046647995444	0.029	0.059	8.35942632808444e-06	MTMR12	c4
2.7935374977161e-08	1.23042035412535	0.025	0.049	0.000936896605984027	ERLIN1	c4
7.88853647115777e-13	1.23028141678654	0.032	0.068	2.64565736169689e-08	OXR1	c4
7.75488922611718e-23	1.23022469871818	0.111	0.209	2.60083474865518e-18	COL4A3BP	c4
3.66035431503092e-15	1.22992354270285	0.255	0.436	1.22760963017507e-10	SCAF11	c4
4.89990333405489e-08	1.22979600452499	0.017	0.037	0.00164332958017533	PLCB2	c4
1.21375080621363e-22	1.22909777450078	0.077	0.154	4.07067745387929e-18	CYBC1	c4
1.46798406873528e-12	1.22875174055313	0.036	0.072	4.92332496972439e-08	AGAP2	c4
3.91909947394832e-18	1.22862297132206	0.107	0.191	1.31438758157279e-13	KIF13B	c4
5.86392711992178e-23	1.22760862622644	0.108	0.205	1.96664387747937e-18	USP22	c4
2.43325313185491e-26	1.22699559806819	0.178	0.331	8.160644353615e-22	CAPN2	c4
2.97148881719466e-25	1.22671936203921	0.096	0.191	9.96577919510746e-21	MIS18BP1	c4
3.36928508085088e-09	1.22642705465701	0.018	0.041	0.000112999083041577	TUBGCP3	c4
4.77699950159086e-21	1.2258672662925	0.061	0.127	1.60211009284354e-16	EIF2B5	c4
1.04242618777612e-10	1.22585025598975	0.027	0.056	3.49608894856357e-06	TRIM24	c4
6.4148228961617e-14	1.22565699358912	0.039	0.081	2.15140330291471e-09	LARS	c4
1.05856746463746e-18	1.22509188814201	0.083	0.156	3.5502235629011e-14	TNIK	c4
9.41293926455753e-32	1.22502713187905	0.157	0.307	3.1569115705473e-27	GDI1	c4
2.68417272690211e-21	1.22501052293126	0.12	0.219	9.0021784914843e-17	USP36	c4
1.41245191283923e-08	1.22480370058435	0.016	0.037	0.000473708122528022	HIST1H2BN	c4
1.09346255150583e-12	1.22422608004349	0.045	0.086	3.66725470524025e-08	ANKH	c4
2.19853726001532e-14	1.2235264379877	0.054	0.103	7.37345426263938e-10	TM9SF4	c4
6.0053022921909e-10	1.22255736976413	0.033	0.063	2.01405828275498e-05	STX17	c4
1.43085399583037e-17	1.22229089594901	0.078	0.145	4.79879813121589e-13	P2RY8	c4
1.56429675410834e-08	1.22217780796187	0.024	0.047	0.000524633845392854	HIPK2	c4
8.04853383122039e-20	1.22179199328428	0.157	0.276	2.6993172763147e-15	ZEB1	c4
3.29917368610842e-17	1.22152146617455	0.047	0.098	1.10647687084704e-12	TNRC6C	c4
1.12987901465273e-09	1.22150762670841	0.021	0.045	3.78938823934232e-05	PIGQ	c4
7.41042006232247e-23	1.221212761881	0.106	0.201	2.48530668050171e-18	PUM2	c4
7.14510136055805e-10	1.22111092489896	0.025	0.052	2.39632409430396e-05	MSC-AS1	c4
1.07747265303561e-09	1.22089076233817	0.026	0.053	3.61362778375082e-05	ATL2	c4
6.66576308194287e-28	1.22024065270568	0.156	0.296	2.235563622422e-23	IKZF1	c4
6.33217066990619e-12	1.21979886124002	0.033	0.067	2.12368339927314e-07	EXOC6	c4
2.7501943072302e-11	1.21951051988457	0.036	0.07	9.22360166758865e-07	CLCN3	c4
1.14975032739866e-19	1.2190836775749	0.058	0.12	3.85603264802962e-15	PARVG	c4
5.74166877941222e-10	1.21824084211336	0.024	0.05	1.92564087523927e-05	SPHK2	c4
9.08012732597981e-19	1.21813302213521	0.204	0.354	3.04529310258711e-14	CHD4	c4
8.78795352906841e-13	1.21788089596779	0.056	0.101	2.94730385457896e-08	CLSTN1	c4
1.15232864194337e-12	1.21731486402049	0.043	0.083	3.86467979934969e-08	GDAP2	c4
6.00893362579169e-15	1.21670270431832	0.052	0.1	2.01527615941802e-10	WDR36	c4
4.77162154092807e-08	1.21665864015017	0.018	0.038	0.00160030643239646	TMEM8A	c4
1.85124662279233e-08	1.21636493272996	0.021	0.043	0.000620871092352092	RAD50	c4
1.87465737102883e-07	1.21585860950523	0.04	0.067	0.00628722589095647	AFAP1	c4
1.19216082154178e-12	1.21581844803383	0.061	0.109	3.99826896328683e-08	TRAF6	c4
3.34818430293405e-18	1.21575226391357	0.06	0.12	1.12291405151802e-13	CSE1L	c4
1.45030403038877e-18	1.2146058264612	0.048	0.102	4.86402965711785e-14	DELE1	c4
1.27006982979055e-06	1.2145097594423	0.02	0.038	0.0425956019515153	AHCYL2	c4
6.67371985476017e-12	1.21440963545006	0.032	0.066	2.23823216488947e-07	CSNK2A2	c4
6.93980589512149e-10	1.21421199859365	0.031	0.06	2.32747210110585e-05	AMMECR1L	c4
2.38692123481611e-25	1.21419628361036	0.094	0.188	8.00525643732627e-21	AP3D1	c4
2.26544789068729e-22	1.21401803871512	0.078	0.157	7.59785913578705e-18	MICU2	c4
8.3821291793116e-29	1.21386451363443	0.118	0.233	2.81119848415752e-24	ARFGAP2	c4
1.22505496296566e-20	1.2137267925146	0.082	0.158	4.10858933479422e-16	NFATC3	c4
3.42095248598032e-20	1.21333317138209	0.081	0.156	1.14731904474808e-15	TOM1	c4
8.44460244826731e-25	1.21327197787853	0.098	0.193	2.83215076909989e-20	CFDP1	c4
5.86540785890623e-17	1.21278737300728	0.048	0.099	1.96714048771997e-12	ZC3H14	c4
1.05025118472654e-26	1.21259181943771	0.097	0.195	3.52233242333588e-22	WASHC1	c4
1.82491442425705e-26	1.21236230418739	0.091	0.185	6.12039799607331e-22	MINDY2	c4
5.8487862487891e-22	1.21200671843231	0.122	0.225	1.96156593211889e-17	PTPRA	c4
3.8628741231614e-18	1.21187277358624	0.061	0.122	1.29553072342587e-13	SENP5	c4
2.54799070204682e-10	1.21173827199292	0.027	0.055	8.54545121652462e-06	MAN2B2	c4
2.01881295796939e-17	1.21155386650787	0.044	0.094	6.77069489843774e-13	TEDC1	c4
1.3565882621937e-08	1.21136420396961	0.033	0.06	0.000454972571374524	ATP10D	c4
4.65269079902816e-07	1.21135275863654	0.014	0.031	0.0156041944017806	GPD1L	c4
7.2153439189254e-10	1.21128838323201	0.02	0.044	2.4198820435292e-05	CAMK2G	c4
1.65552777182724e-12	1.21092612104881	0.035	0.072	5.5523090411542e-08	POLRMT	c4
7.32959408332111e-09	1.21009486559002	0.021	0.043	0.000245819926366423	SETD6	c4
1.06740463938169e-07	1.20971528928105	0.013	0.031	0.00357986167955831	MAPK9	c4
1.11475344465857e-08	1.20875538100463	0.019	0.041	0.00037386601026959	DCAF4	c4
2.77048989500878e-09	1.20796806131189	0.028	0.055	9.29166900988046e-05	SLC9A6	c4
2.42284002391185e-22	1.20788743977293	0.124	0.229	8.12572087219558e-18	PBRM1	c4
1.179315503313e-17	1.20715402028335	0.059	0.117	3.95518833501116e-13	ECE1	c4
7.60460635046797e-25	1.20648961927167	0.166	0.305	2.55043287781995e-20	PHIP	c4
1.81943655939126e-09	1.20567632956708	0.02	0.044	6.10202633288642e-05	C11orf54	c4
8.19885900205171e-10	1.20517068793277	0.02	0.044	2.7497333321081e-05	DUS1L	c4
4.32663663591571e-12	1.20447671976355	0.031	0.065	1.45106739495341e-07	NEK9	c4
2.28285487189993e-08	1.20362946748816	0.315	0.527	0.0007656238669378	SRSF10	c4
2.64946935988768e-26	1.20332607465112	0.089	0.181	8.88579033919132e-22	AKAP8L	c4
1.04643485110287e-13	1.20287740984355	0.046	0.089	3.50953320362882e-09	MYO6	c4
4.04854687848854e-11	1.2020792380246	0.025	0.054	1.35780165210749e-06	RETSAT	c4
7.94846742371565e-17	1.20184500305852	0.054	0.107	2.66575700456576e-12	SNX27	c4
1.82251264968353e-23	1.20100544043035	0.107	0.204	6.11234292450862e-19	CLK4	c4
5.19115298594476e-11	1.20084777772457	0.028	0.058	1.74100888842615e-06	WWP2	c4
1.97606849785761e-07	1.20074053538326	0.014	0.031	0.00662733852811484	PCED1A	c4
3.1097188227165e-22	1.20031032426512	0.188	0.338	1.04293749876266e-17	TAF15	c4
1.2327691123403e-07	1.20010589918099	0.025	0.047	0.00413446104896691	DYRK2	c4
1.45063938862876e-17	1.19917358370863	0.049	0.102	4.86515438158313e-13	TMEM214	c4
1.0256440081589e-06	1.19906706991372	0.016	0.033	0.0343980487456333	ARMC5	c4
1.20523046775212e-18	1.19905835379731	0.05	0.105	4.04210194274705e-14	ANKRD13A	c4
8.63632697617615e-12	1.19797120636551	0.03	0.062	2.89645134126996e-07	CEPT1	c4
1.47921303778452e-08	1.19792332759038	0.019	0.04	0.000496098468612172	AL357060.1	c4
4.34411649736267e-28	1.19769788783565	0.159	0.302	1.45692979088549e-23	TACC1	c4
1.53847269737458e-11	1.19677207101012	0.014	0.038	5.15972973245488e-07	CENPE	c4
2.19149959561117e-19	1.19659234363677	0.094	0.174	7.34985134376075e-15	FOXN3	c4
4.08876030410941e-09	1.19656261965259	0.012	0.032	0.000137128843079222	SHMT1	c4
4.87092168173624e-22	1.19466616065441	0.127	0.232	1.6336097136207e-17	MORC3	c4
3.30974176351272e-08	1.19439075805615	0.015	0.033	0.0011100211926469	MARCH3	c4
6.07616449304069e-26	1.19376809440358	0.064	0.142	2.03782404767599e-21	CNDP2	c4
1.21630200335237e-27	1.19371364323802	0.22	0.412	4.07923365884316e-23	DPP7	c4
1.42639473608773e-06	1.19359125631094	0.013	0.028	0.0478384266589102	PGM3	c4
5.23009440085376e-09	1.19274580317068	0.025	0.049	0.000175406906015833	MTM1	c4
2.60267683667948e-24	1.19221896675933	0.229	0.418	8.72885757485564e-20	NELL2	c4
1.51895943525572e-17	1.1920607305168	0.044	0.094	5.09428615396062e-13	GMDS	c4
9.46587838443588e-12	1.19199633236125	0.037	0.073	3.17466629257211e-07	MPP7	c4
1.62474280777393e-27	1.19195501285759	0.134	0.257	5.4490624287122e-23	AP2B1	c4
5.60990514516452e-07	1.19172272521871	0.017	0.034	0.0188144998758528	FAM8A1	c4
5.74106392438376e-10	1.19146029735705	0.029	0.058	1.92543801895983e-05	STRADA	c4
3.15567693649714e-24	1.19124388415654	0.116	0.22	1.05835093096241e-19	ZNF644	c4
2.45421191636569e-16	1.19008473948241	0.044	0.092	8.23093592510727e-12	MAP3K1	c4
2.43576838695067e-13	1.19002556584859	0.028	0.063	8.16908001615517e-09	ALKBH6	c4
5.54772772769792e-21	1.18970983934003	0.09	0.172	1.86059692531533e-16	ATP11B	c4
1.87073318836384e-10	1.18962074944297	0.027	0.056	6.27406496713464e-06	TFB1M	c4
1.01262622518938e-26	1.18961021929866	0.141	0.268	3.39614583404015e-22	CREBRF	c4
8.29293503086822e-09	1.1892124315203	0.015	0.035	0.000278128455065258	LIMK1	c4
3.99765328717581e-07	1.18919641849147	0.016	0.034	0.0134073295945302	TUBGCP5	c4
6.8271603871569e-20	1.18875025441298	0.077	0.148	2.28969305064468e-15	BRD8	c4
2.82831499120978e-08	1.18874725333506	0.02	0.041	0.000948560281751937	BAHD1	c4
6.37013669311648e-16	1.18839393459127	0.049	0.099	2.1364164441374e-11	ANKRD13C	c4
1.7863163712612e-19	1.18816584892726	0.102	0.185	5.99094784593581e-15	METRNL	c4
1.76986794809271e-24	1.18791844673344	0.156	0.288	5.93578312431332e-20	CLTC	c4
1.03579191182217e-17	1.18765235866627	0.041	0.091	3.47383891386918e-13	CASP2	c4
6.0918450603668e-28	1.18706282046367	0.104	0.209	2.04308299634582e-23	BSDC1	c4
2.13589909646788e-15	1.18654212057009	0.046	0.094	7.16337838973398e-11	RPRD1B	c4
9.50747180928098e-21	1.18648634590736	0.06	0.125	3.18861589539665e-16	NOP2	c4
1.17085449363665e-27	1.18644897052084	0.14	0.268	3.9268118007586e-23	OFD1	c4
6.3871033791408e-22	1.18623303106756	0.144	0.259	2.14210673129624e-17	HIPK1	c4
3.34106705101004e-09	1.18619103819142	0.026	0.051	0.000112052706756775	ZNF529	c4
3.67916408639007e-22	1.18586418436904	0.114	0.212	1.2339180512935e-17	SMC5	c4
4.75371935508957e-13	1.18562300163481	0.042	0.083	1.59430239730994e-08	RAB11FIP4	c4
8.44709073166177e-22	1.18395401998188	0.091	0.175	2.83298528958473e-17	MEF2D	c4
5.62639112251962e-24	1.18392916844225	0.098	0.191	1.88697905467063e-19	SLF1	c4
1.43917710444773e-06	1.18364552022974	0.016	0.032	0.0482671217289678	ZNF268	c4
1.37745102997599e-28	1.18294606732755	0.109	0.219	4.61969526433346e-24	SENP6	c4
7.34916796446384e-14	1.18258655533566	0.031	0.069	2.46476395192188e-09	CARD11	c4
5.08709389717822e-21	1.18233790808841	0.093	0.176	1.70610955123563e-16	HOOK3	c4
1.4345029627608e-31	1.18191012869687	0.126	0.254	4.81103603650718e-27	ERICH1	c4
3.1219582983737e-07	1.18161304466174	0.023	0.043	0.0104704237410857	UTP20	c4
1.34391671437812e-15	1.1811226609178	0.275	0.479	4.50722787668134e-11	TPR	c4
2.90712856322233e-19	1.18082403139987	0.054	0.113	9.74992777533506e-15	BTN3A3	c4
1.05523803629679e-20	1.18057030076556	0.15	0.266	3.53905732613219e-16	CDK17	c4
8.77894299334476e-09	1.18003625617392	0.024	0.048	0.000294428190110797	GUF1	c4
5.02624371640083e-08	1.17963500034876	0.012	0.03	0.00168570161760651	TCEANC2	c4
1.01283830988195e-14	1.17938196237387	0.048	0.094	3.39685712368209e-10	ZNF84	c4
8.0959685109674e-14	1.17934693051732	0.495	0.724	2.71522591920825e-09	AKAP13	c4
1.41252935219552e-07	1.1787520897816	0.012	0.029	0.00473734094139332	UBL7-AS1	c4
2.90609873950564e-11	1.17836385564126	0.03	0.062	9.74647395255401e-07	UNK	c4
6.70268912072941e-10	1.17698759885985	0.036	0.067	2.24794787731023e-05	TARDBP	c4
6.29737902889978e-13	1.17639633720587	0.026	0.059	2.11201497871241e-08	MEN1	c4
1.02461131582279e-12	1.17621770691864	0.028	0.062	3.43634143100647e-08	GALK2	c4
1.88576947869292e-24	1.17567858439807	0.188	0.343	6.32449367764033e-20	RFTN1	c4
5.85268183914313e-26	1.17491713720008	0.079	0.165	1.96287243521182e-21	CCDC130	c4
2.08860182220541e-11	1.17475548560897	0.027	0.058	7.00475279131249e-07	IDH1	c4
1.7154193624788e-23	1.17460391525529	0.192	0.346	5.7531734578814e-19	SUN2	c4
5.18103632754588e-09	1.1743883989167	0.032	0.06	0.000173761596353234	DNAJC27	c4
3.61543120020121e-08	1.17408359738616	0.023	0.045	0.00121254331592348	PRKCA	c4
5.0414944712278e-09	1.17368083959165	0.017	0.038	0.000169081641576038	TUBE1	c4
7.83104377416418e-13	1.17356207300549	0.041	0.081	2.62637546097918e-08	RBM34	c4
7.70528626078141e-10	1.17349808187235	0.017	0.04	2.58419890614087e-05	GMPPA	c4
1.15984797709671e-12	1.1734547545605	0.032	0.067	3.88989814558694e-08	VAC14	c4
1.38554765533508e-32	1.17245554110154	0.102	0.216	4.64684972646278e-28	INTS11	c4
1.55670453773821e-10	1.17215329601353	0.03	0.06	5.22087567866642e-06	PHF8	c4
5.52359604227724e-15	1.17164532111717	0.044	0.09	1.85250364065894e-10	CSGALNACT1	c4
9.07174554455248e-09	1.17141261731482	0.017	0.038	0.000304248202073201	TRIT1	c4
2.53825270689486e-07	1.17100914596322	0.014	0.031	0.00851279192838399	CCZ1B	c4
2.52895396212171e-17	1.17043785412747	0.062	0.12	8.4816057981638e-13	DDX58	c4
9.97069542588076e-22	1.17039469544046	0.077	0.152	3.34397183193189e-17	YLPM1	c4
1.43179681939076e-09	1.16884251678586	0.018	0.04	4.80196017287273e-05	AAAS	c4
5.57924900631543e-08	1.16743990473077	0.017	0.036	0.00187116853173807	SLC2A13	c4
4.45665794840714e-07	1.16683894366794	0.014	0.031	0.0149467394273678	DHX35	c4
4.72587884104818e-29	1.16616212414395	0.083	0.177	1.58496524571074e-24	HDAC5	c4
3.91233470518293e-16	1.16534580475504	0.044	0.092	1.31211881342425e-11	NUP133	c4
1.77683456307704e-10	1.16521641078095	0.05	0.088	5.95914775764778e-06	VAV3	c4
1.89093327116057e-14	1.16506237555113	0.031	0.069	6.34181200481832e-10	CHD1L	c4
4.77354377093316e-17	1.16483700939438	0.06	0.117	1.60095110989556e-12	ZBTB11	c4
7.87399926898415e-22	1.16432255349078	0.146	0.262	2.6407818748319e-17	PDE4B	c4
3.66368060193508e-12	1.16407540767604	0.044	0.083	1.22872520027699e-07	TIAM2	c4
1.11020599219861e-11	1.16356163536527	0.034	0.069	3.72340885663569e-07	CRY2	c4
2.94541513550283e-19	1.16354243403005	0.05	0.106	9.8783332814494e-15	GTPBP6	c4
2.74137791346549e-19	1.16336533438924	0.067	0.133	9.19403324618056e-15	ZFAND3	c4
2.20801637295515e-07	1.16324260895634	0.013	0.029	0.00740524531161699	MTIF2	c4
1.46149835658313e-21	1.16323177824537	0.067	0.138	4.90157318830849e-17	SND1	c4
3.21213235974891e-21	1.16280597414129	0.209	0.372	1.07728495081259e-16	PRPF4B	c4
2.42258884104745e-11	1.16230048565505	0.479	0.715	8.12487845510494e-07	RBM39	c4
1.97906445241826e-14	1.16202617562364	0.047	0.092	6.63738636052035e-10	ZCCHC7	c4
3.70992228802647e-15	1.16193791425781	0.042	0.087	1.24423373695832e-10	STRN	c4
8.4401594505647e-12	1.16167110994905	0.028	0.059	2.83066067653039e-07	INTS7	c4
4.0366209476171e-24	1.16148895312932	0.149	0.274	1.35380193341182e-19	TLN1	c4
4.61767956902831e-11	1.16068076302579	0.024	0.053	1.54867737386071e-06	WDR34	c4
6.60974406473589e-15	1.16039775631007	0.04	0.083	2.21677596443112e-10	HPS3	c4
1.97059278829778e-26	1.15993785247294	0.075	0.159	6.60897409339311e-22	CACUL1	c4
2.4890422404985e-29	1.15992735663574	0.087	0.185	8.34774986618387e-25	DAZAP1	c4
9.75616753127881e-10	1.15987612606244	0.024	0.05	3.27202346664029e-05	GMEB2	c4
3.87278429178279e-13	1.15984986048648	0.276	0.467	1.29885439577811e-08	JAML	c4
3.0708118429931e-11	1.15973332758583	0.028	0.059	1.02988887590302e-06	TRDMT1	c4
8.80362210480865e-08	1.15952807075453	0.02	0.04	0.00295255878151072	OTUD6B	c4
2.4553436772074e-09	1.15917552056866	0.022	0.046	8.23473162461816e-05	PGPEP1	c4
5.12544477653148e-19	1.15900152538716	0.058	0.119	1.71897166915313e-14	KLHL36	c4
7.04894497735626e-18	1.15885483248631	0.051	0.105	2.36407516650574e-13	ARNT	c4
2.66371890875386e-13	1.15875235943284	0.033	0.07	8.93358047617868e-09	AKAP1	c4
5.78674415934541e-25	1.15842525402444	0.229	0.42	1.94075825616126e-20	HP1BP3	c4
5.2992306651328e-14	1.15709262094243	0.043	0.086	1.77725598047224e-09	NIPAL3	c4
2.09740532849398e-20	1.15699820049387	0.086	0.163	7.03427799070312e-16	RNF125	c4
3.44875644142679e-25	1.15694812448363	0.129	0.243	1.15664393532572e-20	NCOA7	c4
1.44275296332336e-27	1.1553008512577	0.175	0.329	4.8387048883939e-23	SPPL2A	c4
3.23574033817241e-20	1.15484610762921	0.062	0.127	1.08520259461626e-15	DIS3	c4
4.13011933895769e-31	1.15428835370347	0.156	0.304	1.38515942389963e-26	NARF	c4
1.82952638967337e-09	1.15404889561453	0.018	0.04	6.13586560568653e-05	CUL4B	c4
6.96784184449571e-29	1.15239392938888	0.188	0.355	2.33687479780697e-24	TRABD	c4
3.44037371627464e-19	1.15234267876642	0.05	0.107	1.15383253696419e-14	ZFX	c4
4.02190384190726e-15	1.15218659158713	0.034	0.075	1.34886611049886e-10	USPL1	c4
9.66875118501995e-10	1.15161641661923	0.019	0.043	3.24270577243199e-05	DAGLB	c4
2.23527363212609e-10	1.1513284265398	0.019	0.044	7.49666070742447e-06	URGCP	c4
2.25890461559024e-17	1.15116610371619	0.045	0.096	7.57591429976653e-13	MNAT1	c4
1.24649862544762e-09	1.15110272540143	0.022	0.046	4.18050709002624e-05	SIRT1	c4
3.12371478867864e-15	1.15108163789173	0.322	0.582	1.04763146582704e-10	CDC37	c4
3.91681443329463e-08	1.150771295013	0.018	0.038	0.00131362122463835	DHX37	c4
3.42848972879459e-30	1.15067600721102	0.126	0.251	1.14984688524313e-25	LGALS8	c4
5.81999704232906e-12	1.15063081619547	0.026	0.057	1.95191060805632e-07	GATC	c4
8.62607075243511e-33	1.15047490815965	0.131	0.263	2.89301160895169e-28	USP4	c4
3.88758443398636e-12	1.15029879859231	0.033	0.068	1.30381806747035e-07	COG2	c4
3.77070970447033e-15	1.14999592859782	0.037	0.08	1.26462062068526e-10	SLC37A3	c4
7.063525183888e-19	1.14871039201943	0.045	0.099	2.36896507617236e-14	NUP107	c4
4.84627190607826e-31	1.14835316682897	0.196	0.374	1.62534267186053e-26	PHF1	c4
4.38641310990774e-09	1.14785204181981	0.023	0.047	0.000147111522880086	THAP6	c4
1.54301600492069e-13	1.14779691464407	0.036	0.075	5.174967077303e-09	FOXO3	c4
4.82921102864671e-24	1.14758069765174	0.078	0.159	1.61962079478753e-19	RSU1	c4
4.6132307012237e-07	1.14747896708365	0.017	0.035	0.0154718531257641	SLC43A2	c4
5.40734528893049e-12	1.14719165026518	0.034	0.069	1.81351546300151e-07	PNPT1	c4
5.50461160181901e-07	1.14687733081332	0.024	0.045	0.0184613663901806	DDX60L	c4
9.13407623263955e-07	1.14662561300273	0.018	0.035	0.0306338648690265	ZNF805	c4
2.25262826941655e-25	1.14651115394978	0.128	0.243	7.55486468996922e-21	KDM5B	c4
1.10464519768825e-23	1.14582089254036	0.154	0.28	3.70475906400685e-19	ANKRD28	c4
3.11969410884684e-30	1.14581458571363	0.128	0.254	1.04628301022505e-25	ZBTB43	c4
8.80723781175781e-21	1.14571823819554	0.072	0.144	2.95377141730733e-16	KAT7	c4
3.73915568855302e-14	1.14568409239514	0.032	0.07	1.25403803482691e-09	IFNAR2	c4
8.28383854255637e-14	1.14470283535453	0.026	0.061	2.77823377040256e-09	HSPA14.1	c4
1.15144848078355e-32	1.14252711136392	0.157	0.309	3.86172791485187e-28	CWC25	c4
2.4484989210348e-14	1.14248131988007	0.029	0.066	8.2117756813665e-10	SLC35E4	c4
2.39946948806586e-12	1.14223103745367	0.027	0.059	8.04734076907527e-08	AMPD2	c4
2.9118693136567e-25	1.14089240873048	0.098	0.193	9.76582730414186e-21	SFT2D2	c4
1.61026027931517e-12	1.14058821198904	0.04	0.079	5.40049092476723e-08	ZC3H11A	c4
1.68536258704634e-24	1.14046208270055	0.095	0.188	5.65236904443602e-20	PDS5A	c4
6.57762298298057e-14	1.14011782168244	0.032	0.069	2.20600319603202e-09	R3HDM2	c4
9.58296124618191e-21	1.14007276198102	0.079	0.154	3.21393354274449e-16	USP42	c4
1.84842347376668e-38	1.13954000182801	0.105	0.232	6.1992426463187e-34	MXD4	c4
4.11501168590739e-10	1.13942569350529	0.021	0.046	1.38009261921962e-05	FRA10AC1	c4
7.33202312334559e-21	1.13942319531633	0.057	0.121	2.45901391510764e-16	TMEM87B	c4
4.35161771135729e-10	1.1392771266591	0.02	0.044	1.45944554803501e-05	KNOP1	c4
2.04458638913802e-09	1.13919788753638	0.022	0.047	6.85713383189108e-05	MICU1	c4
8.94258928833007e-17	1.1390792492912	0.044	0.093	2.99916559552014e-12	MON1B	c4
8.59490891819697e-15	1.13898720700344	0.047	0.093	2.8825605529849e-10	SENP2	c4
9.7629317207828e-22	1.13898388430733	0.175	0.312	3.27429204051614e-17	SLFN5	c4
3.10205279482073e-29	1.1382072383925	0.174	0.33	1.04036646632698e-24	SUPT5H	c4
4.43080522522346e-08	1.13769082420441	0.013	0.031	0.00148600345643544	ZNF738	c4
1.91723192969095e-29	1.13743388398768	0.084	0.18	6.43001244579751e-25	FGD3	c4
7.86358013029345e-10	1.13654880425641	0.023	0.048	2.63728750409782e-05	NHLRC2	c4
2.01187638933759e-09	1.13559535058909	0.016	0.038	6.74743103456042e-05	PPOX	c4
3.98783604605486e-23	1.13528572749463	0.108	0.203	1.33744045312588e-18	PER1	c4
2.76706869630269e-15	1.13524887279412	0.036	0.078	9.28019499365995e-11	GTF2IRD2B	c4
6.17361631988455e-07	1.13470212785096	0.013	0.029	0.0207050744136288	LMAN2L	c4
6.9091463273182e-22	1.13450601698122	0.052	0.115	2.31718949525598e-17	DPH7	c4
1.10371026660674e-16	1.1343352162471	0.047	0.097	3.70162349214568e-12	TRPV2	c4
9.26147797641593e-35	1.13429840581585	0.096	0.21	3.10611448373037e-30	YIPF4	c4
3.94677434696822e-25	1.13394483439374	0.069	0.148	1.3236691804862e-20	LSG1	c4
8.94855309538767e-18	1.13339580340578	0.213	0.365	3.00116573713112e-13	PDE4D	c4
6.72278265037295e-31	1.13278677461667	0.084	0.183	2.25468684528208e-26	MVD	c4
1.50010064616186e-17	1.13221190412333	0.051	0.105	5.03103754709764e-13	POGK	c4
1.84249915818794e-18	1.13210398552597	0.047	0.1	6.17937367673071e-14	RNF44	c4
1.47996220934092e-19	1.13150650351138	0.258	0.461	4.96349725768758e-15	SEPT2	c4
1.02930794913112e-12	1.1302806362827	0.033	0.069	3.45209299979596e-08	ZNF107	c4
4.47575520665257e-17	1.13001728816167	0.048	0.1	1.50107878120714e-12	TRNT1	c4
1.71208866566554e-19	1.12914643942117	0.04	0.093	5.7420029669091e-15	RAB3IP	c4
3.27224975476331e-10	1.12854926226105	0.024	0.05	1.09744712275252e-05	EOGT	c4
3.79452191019135e-14	1.12831817067161	0.033	0.071	1.27260675823998e-09	RNF169	c4
8.08673976315696e-07	1.12815590554559	0.018	0.036	0.0271213078176758	ZNF790	c4
3.32527352440713e-17	1.12813128197378	0.038	0.086	1.11523023461566e-12	DNAJA3	c4
6.62169583477589e-12	1.12779599421121	0.038	0.074	2.22078434906714e-07	RCOR1	c4
9.90770275020515e-11	1.12669889102489	0.026	0.055	3.3228453483638e-06	UBXN11	c4
2.73933302193966e-24	1.12640125348007	0.11	0.21	9.18717508898123e-20	SLC20A1	c4
1.25021905619223e-08	1.12614759580254	0.014	0.033	0.000419298467065749	THEM4	c4
5.66544472368336e-27	1.12515052715975	0.16	0.299	1.90007685142893e-22	TNKS2	c4
9.87299261146464e-11	1.12514211915274	0.032	0.064	3.31120426203301e-06	LANCL1	c4
4.24963275611206e-23	1.1250996967645	0.093	0.181	1.42524183374486e-18	SGMS1	c4
3.99255606316555e-12	1.12477496664199	0.023	0.054	1.33902345246446e-07	DNAL1	c4
1.05946097542462e-13	1.12441606927453	0.03	0.066	3.5532202193791e-09	TTI1	c4
1.93994443519588e-16	1.12359607853125	0.057	0.111	6.50618564675994e-12	ADNP	c4
3.17663189882797e-15	1.12329387938876	0.046	0.092	1.06537880622893e-10	OSTM1	c4
4.72894463280467e-24	1.12302062919235	0.053	0.121	1.58599345095003e-19	RXRB	c4
3.62674845733175e-11	1.12233274256274	0.027	0.057	1.21633889761992e-06	SRD5A1	c4
1.38999789783243e-14	1.12224550503729	0.04	0.084	4.66177494975042e-10	TAF1B	c4
2.74668709934811e-10	1.12181569015203	0.025	0.053	9.21183919379368e-06	METTL4	c4
4.23104911215503e-29	1.1216757974227	0.091	0.19	1.41900925123455e-24	PDPK1	c4
3.24441252928216e-07	1.12072107598225	0.017	0.034	0.0108811107407065	PAXIP1	c4
4.13451248842618e-17	1.12051217994413	0.041	0.09	1.38663279836837e-12	OSBP	c4
3.24855331194328e-16	1.12026335543278	0.037	0.082	1.08949980975954e-11	RFX2	c4
4.37264053006135e-26	1.12018362739624	0.09	0.183	1.46649618097197e-21	RASA2	c4
5.72280203814004e-09	1.12013848745364	0.016	0.037	0.000191931334755141	TTC27	c4
6.97172449815114e-17	1.12006385602681	0.04	0.087	2.33817696218993e-12	PANK3	c4
9.97173633088844e-25	1.1196633384493	0.087	0.176	3.34432093065336e-20	GIT2	c4
7.2452341165829e-18	1.11957601900479	0.04	0.09	2.42990661801957e-13	PEX3	c4
1.89207863016161e-15	1.11899359323381	0.041	0.087	6.34565330983599e-11	IFFO2	c4
2.99525925794985e-14	1.11877397287209	0.038	0.08	1.00455004993122e-09	TENT4B	c4
8.09798555965438e-13	1.11824859976265	0.029	0.064	2.71590239699689e-08	MXD1	c4
2.7243057056338e-09	1.11711782149356	0.021	0.045	9.13677647555465e-05	HEG1	c4
1.09348752892588e-25	1.11702570411286	0.265	0.496	3.66733847451161e-21	ZNF207	c4
3.3894671307759e-21	1.11674062955654	0.06	0.125	1.13675948631962e-16	LARP4	c4
2.62093819334367e-16	1.11671885645382	0.042	0.09	8.790102512836e-12	AEBP2	c4
4.82304829375837e-16	1.11603285786365	0.048	0.097	1.61755393676068e-11	ESYT2	c4
1.57967638826166e-14	1.11532010798383	0.028	0.065	5.29791867095195e-10	STRN4	c4
3.04713615161316e-20	1.11514871300665	0.09	0.17	1.02194852252802e-15	PELI1	c4
1.82266930116814e-20	1.11510507639628	0.114	0.206	6.1128683022577e-16	IRF4	c4
4.76678294815757e-12	1.11494797847188	0.03	0.064	1.59868366515309e-07	GALC	c4
8.15291733774461e-13	1.11467795635531	0.053	0.098	2.73432541673279e-08	SUSD6	c4
6.3435936103758e-15	1.11395604485612	0.03	0.068	2.12751442504784e-10	USP21	c4
1.03649847481197e-06	1.11335683931771	0.015	0.032	0.0347620858482439	ZNF189	c4
1.364756014969e-24	1.11323750159219	0.115	0.219	4.57711872300303e-20	PPP1R10	c4
9.09426496799352e-10	1.11289859219119	0.017	0.04	3.05003458496567e-05	SLC27A4	c4
3.43917204034411e-27	1.11174455664272	0.077	0.164	1.15342951889061e-22	CUL5	c4
2.456471390028e-34	1.11154596153823	0.143	0.288	8.23851374787592e-30	NDUFV1	c4
5.67135245817781e-18	1.11124595153551	0.042	0.093	1.90205818742367e-13	P4HTM	c4
1.01056656841917e-15	1.1107486227364	0.03	0.07	3.38923815716422e-11	ASPSCR1	c4
1.5003618030933e-24	1.11068599177851	0.225	0.409	5.03191341521431e-20	KIAA1551	c4
5.80491582647762e-25	1.11021077988413	0.071	0.15	1.94685266988406e-20	SUPV3L1	c4
2.20809566978149e-16	1.10962730963879	0.044	0.092	7.40551125731317e-12	KLHL20	c4
1.1582079908594e-31	1.10939853690053	0.133	0.265	3.88439795974427e-27	EPS15	c4
4.11530554759174e-12	1.10921253312184	0.326	0.566	1.38019117455132e-07	ARHGAP9	c4
6.80038848471024e-26	1.10798382346333	0.114	0.22	2.28071429000212e-21	MAST4	c4
1.27451226537335e-27	1.10777196096876	0.095	0.194	4.27445923560914e-23	SCAF4	c4
2.00776036323241e-09	1.1074382915117	0.016	0.038	6.73362670620886e-05	TRMT44	c4
6.74015618909395e-29	1.10742209796496	0.073	0.161	2.26051358269833e-24	STX4	c4
4.46896679514091e-17	1.10715830992083	0.056	0.111	1.49880208375436e-12	ZMYND11	c4
3.39398218320725e-24	1.1066353319863	0.073	0.151	1.13827374460405e-19	PPP6R1	c4
1.75986078358488e-22	1.10642813658373	0.054	0.119	5.90222109598697e-18	GCDH	c4
2.88894718035957e-10	1.10624834964262	0.023	0.049	9.68895105348991e-06	P2RX4	c4
7.9178762918834e-17	1.10575364206043	0.032	0.076	2.65549735077186e-12	TRMT1	c4
4.08881179921505e-19	1.10513859317697	0.049	0.105	1.37130570122074e-14	HIPK3	c4
1.78390132946988e-07	1.10490025140194	0.01	0.026	0.00598284827877607	AJM1	c4
2.46840657099277e-20	1.10395581313421	0.077	0.15	8.27854195779556e-16	DHX8	c4
1.09963127719803e-16	1.10377384349976	0.032	0.075	3.68794337746675e-12	RPUSD4	c4
5.50926816162394e-07	1.10364660168544	0.014	0.031	0.0184769835604544	SMN2	c4
1.65795401593361e-21	1.10352952127146	0.059	0.126	5.56044617863813e-17	LINS1	c4
7.34884753372805e-12	1.10315994315568	0.026	0.057	2.46465648586171e-07	SLC30A6	c4
8.4191930382262e-28	1.10308649160691	0.19	0.354	2.8236289611603e-23	CYTH1	c4
3.14720144209512e-11	1.10307294479173	0.022	0.049	1.05550841964986e-06	WRN	c4
8.68041300522123e-16	1.10301936941243	0.038	0.083	2.9112369136911e-11	SLC36A4	c4
7.710204124745e-15	1.10251816746356	0.026	0.063	2.58584825935698e-10	ETFDH	c4
4.3768528924398e-10	1.10210846606155	0.018	0.042	1.46790892306646e-05	RIPK3	c4
1.51721804185958e-07	1.10191251636407	0.01	0.026	0.00508844586878865	KLHL22	c4
3.78720485400781e-20	1.10052095053697	0.031	0.079	1.27015276393714e-15	THOP1	c4
3.22151990569645e-20	1.09977784250061	0.058	0.121	1.08043334597247e-15	BCOR	c4
9.40271168246845e-12	1.09952022670594	0.022	0.05	3.15348144406627e-07	SAP130	c4
1.55580715773035e-18	1.09896576574279	0.061	0.122	5.21786604559603e-14	MDM2	c4
6.33731239110767e-32	1.09865639140751	0.114	0.234	2.12540782972969e-27	PHF20L1	c4
1.87066933056881e-08	1.09823820471165	0.023	0.046	0.000627385080086167	HS2ST1	c4
2.42076867410691e-09	1.09801277244766	0.029	0.057	8.11877397921976e-05	LRIG1	c4
1.39479978144633e-20	1.097932070898	0.057	0.12	4.67787950701471e-16	CDCA7	c4
7.42883615107819e-16	1.09787713077588	0.038	0.082	2.4914830683486e-11	EDC4	c4
2.644683294123e-29	1.09786580619901	0.095	0.198	8.86973883182972e-25	ZNF148	c4
1.72038761951117e-14	1.09775332423188	0.032	0.071	5.76983599831656e-10	DHRSX	c4
1.50198069950639e-12	1.09743235147948	0.029	0.063	5.03734287000454e-08	FAF1	c4
3.57025525625348e-12	1.09661150322158	0.026	0.058	1.19739220784229e-07	C16orf70	c4
5.849743801806e-36	1.09628693779517	0.126	0.263	1.9618870762497e-31	USP8	c4
2.77496040861563e-15	1.09489406678791	0.037	0.079	9.30666221841509e-11	SEC24D	c4
5.34260669348026e-13	1.09469302706404	0.025	0.058	1.79180343285941e-08	NEK4	c4
4.68839047186797e-14	1.09411145153305	0.028	0.065	1.57239239645508e-09	MUTYH	c4
5.81258066413338e-07	1.09361054256873	0.013	0.029	0.0194942330313705	MED26	c4
2.30962068861827e-32	1.09341792263735	0.165	0.323	7.74600586548794e-28	COPA	c4
1.20179577266148e-10	1.09330187403456	0.029	0.058	4.03058266235207e-06	MICAL2	c4
2.05616043181885e-30	1.09329815496172	0.074	0.166	6.89595085623407e-26	PSEN1	c4
1.83792787563654e-24	1.09215795237725	0.075	0.156	6.16404250930982e-20	CREB1	c4
3.40294107521116e-18	1.09198837734498	0.035	0.083	1.14127837780432e-13	HINFP	c4
9.3457294860966e-17	1.09188148418712	0.038	0.084	3.13437075504708e-12	PLEKHA1	c4
6.15750194837995e-18	1.09171382512819	0.05	0.105	2.06510300344767e-13	ZBTB44	c4
1.6202539117355e-22	1.09157583430698	0.061	0.131	5.43400756917851e-18	OTUD4	c4
1.00932284620211e-10	1.09100076073787	0.021	0.047	3.38506696159262e-06	EXOSC2	c4
1.18731494676544e-06	1.09099245550725	0.017	0.034	0.0398201686846192	C3orf58	c4
1.6686261348729e-14	1.09094470705252	0.033	0.072	5.59623833113672e-10	ABAT	c4
9.48385046590107e-17	1.09058862131667	0.048	0.099	3.1806937692539e-12	PPRC1	c4
3.41161315012823e-11	1.08948432310968	0.026	0.055	1.14418681829001e-06	RBMXL1	c4
2.93333835992984e-13	1.08881998597656	0.027	0.061	9.83783019153268e-09	ZNF101	c4
2.8230031083643e-09	1.08848012818836	0.018	0.04	9.46778782483218e-05	RFXAP	c4
1.15046921173861e-27	1.08832226255074	0.185	0.346	3.85844364232895e-23	CHD1	c4
2.37359010969101e-13	1.0878993815845	0.031	0.067	7.9605465098817e-09	IL18RAP	c4
1.57948850115016e-12	1.08755240022176	0.026	0.059	5.29728853515739e-08	AC025164.1	c4
3.99984272265195e-08	1.08753621625506	0.01	0.027	0.00134146725232301	AC006504.5	c4
1.24931268348105e-27	1.08718777723655	0.086	0.179	4.18994487785876e-23	BTN2A1	c4
2.31735913618536e-31	1.08701035301489	0.156	0.305	7.77195907093846e-27	ACAP2	c4
4.9847163534439e-23	1.08660929670557	0.041	0.101	1.67177417061801e-18	LINC00649	c4
1.16070946197634e-19	1.08596032122103	0.044	0.098	3.89278739357624e-15	SLC35C2	c4
3.91221771228561e-30	1.08537834714431	0.065	0.151	1.31207957634635e-25	FPGS	c4
2.60942709209019e-07	1.08535212938492	0.015	0.032	0.00875149658145207	MAP2K5	c4
7.77466202438875e-28	1.08503992941228	0.064	0.145	2.6074661497395e-23	MAPKAPK5	c4
1.14611172675035e-09	1.08489577042016	0.018	0.042	3.84382950917532e-05	KCNK5	c4
2.69541318692475e-25	1.0846552772281	0.188	0.344	9.03987674630822e-21	PHF3	c4
6.11559657270173e-12	1.08438534313745	0.033	0.067	2.05104877855271e-07	IPO8	c4
1.00301205601914e-09	1.08436953437995	0.016	0.039	3.363901833477e-05	FIGNL1	c4
5.46036546390199e-35	1.08387374327625	0.089	0.2	1.83129736928345e-30	MAEA	c4
2.10938479281664e-28	1.08372053844081	0.22	0.412	7.07445471814844e-24	PRPF38B	c4
1.36535989627337e-18	1.0836615920885	0.038	0.088	4.57914402012164e-14	TULP3	c4
3.05253888171152e-19	1.08346635223008	0.043	0.096	1.02376049014841e-14	RPGR	c4
7.85075360028135e-12	1.08330826739872	0.028	0.06	2.63298574246236e-07	MARCH8	c4
1.80012321031889e-16	1.08275111827541	0.027	0.067	6.0372532227675e-12	MTG2	c4
6.91330098705598e-16	1.08161898114393	0.022	0.059	2.31858288503883e-11	DXO	c4
4.58888919062521e-13	1.08072937801497	0.025	0.058	1.53902165675188e-08	HAGHL	c4
2.09572269769413e-21	1.08042170246625	0.06	0.126	7.02863478352657e-17	GATAD2A	c4
1.13057725957607e-11	1.08038984954796	0.024	0.054	3.79173001316621e-07	PUS7L	c4
1.13028533248891e-18	1.07958820822755	0.044	0.097	3.79075094810131e-14	RCC2	c4
9.99186500044472e-17	1.07950610189086	0.033	0.077	3.35107168384915e-12	ZRANB1	c4
1.26449302990508e-20	1.07873998819998	0.05	0.109	4.24085672369566e-16	EXOG	c4
2.65862144333689e-18	1.07853217134342	0.04	0.091	8.91648459666326e-14	BAP1	c4
8.66244661282484e-10	1.07809872463285	0.017	0.04	2.90521134500919e-05	DLG3	c4
2.79485346679954e-14	1.07757641757831	0.034	0.074	9.37337955695229e-10	NCOA6	c4
6.62674019970822e-18	1.07744217907372	0.043	0.094	2.22247612817814e-13	GPATCH2	c4
1.74061052788562e-30	1.07651623710793	0.08	0.176	5.83765958842281e-26	PFKP	c4
4.85988925774612e-10	1.07609158248701	0.025	0.052	1.62990965926289e-05	SNAPC3	c4
2.18440187686965e-18	1.07579431530738	0.03	0.075	7.32604701464542e-14	TFEB	c4
2.37040357541772e-07	1.07576849247743	0.013	0.03	0.00794985951123595	AC007952.4	c4
3.38292282023074e-11	1.07522220853488	0.023	0.051	1.13456465544899e-06	TBCCD1	c4
3.76707422610621e-21	1.07480192550121	0.06	0.126	1.2634013539515e-16	PTPRE	c4
9.27956117741324e-37	1.07477384678807	0.177	0.353	3.11217922768085e-32	SAFB2	c4
3.18900787966533e-16	1.07471780887279	0.044	0.091	1.06952946268216e-11	SAMD8	c4
2.0684002256683e-09	1.0745570029636	0.016	0.037	6.93700067684634e-05	SMARCD3	c4
7.17806641598398e-26	1.07423208340115	0.053	0.124	2.40737991459271e-21	PHKG2	c4
1.32231335852695e-27	1.07378507494748	0.245	0.46	4.43477454182769e-23	MPHOSPH8	c4
8.68511428835038e-10	1.07305357662547	0.02	0.044	2.91281363002695e-05	ABCF2.1	c4
3.9740490562589e-18	1.0727204369311	0.044	0.095	1.33281657248811e-13	KHSRP	c4
8.07124970951597e-17	1.07271166988637	0.053	0.106	2.70693572757747e-12	SOAT1	c4
7.51296614303796e-08	1.0726885953605	0.016	0.035	0.00251969858505207	CREB3L2	c4
1.9723753720594e-14	1.07240833091063	0.028	0.065	6.6149525228128e-10	EDEM1	c4
2.66649626749702e-15	1.07238663754133	0.034	0.076	8.94289518193152e-11	ACOX3	c4
1.35240118504157e-13	1.07236340958638	0.027	0.062	4.53568309439242e-09	RBFA	c4
5.67429418523449e-37	1.07171006770405	0.136	0.283	1.90304478384394e-32	DHX15	c4
7.43047077023767e-09	1.0715998652303	0.011	0.03	0.000249203128692231	ISYNA1	c4
2.43073457618801e-08	1.07153276204845	0.021	0.043	0.000815219762161933	PDE4A	c4
2.43968950453886e-25	1.07140788067752	0.081	0.167	8.18223066032244e-21	ATP2A2	c4
2.70754831845264e-17	1.07134713297019	0.296	0.528	9.08057555042647e-13	EPC1	c4
1.82755293413521e-35	1.07116092939004	0.133	0.273	6.12924703050267e-31	VMP1	c4
8.38211625103048e-18	1.07062562431081	0.044	0.094	2.8111941482706e-13	TCP11L2	c4
6.03691394034148e-17	1.07036148739526	0.043	0.092	2.02466019731172e-12	CEP135	c4
1.28136883634629e-23	1.07032157322285	0.097	0.189	4.2974548033382e-19	TIPARP	c4
1.48825368319866e-19	1.07029650512901	0.04	0.092	4.99130520271165e-15	EFL1	c4
2.02289297158642e-16	1.0702673397595	0.044	0.092	6.78437844810654e-12	AKAP11	c4
2.1228157261086e-34	1.07006069224144	0.087	0.194	7.11949938222304e-30	TBC1D10C	c4
2.9197708981406e-19	1.06972793279172	0.051	0.108	9.79232763818395e-15	BLZF1	c4
3.14604946759301e-10	1.06951294928607	0.023	0.049	1.05512207044134e-05	LANCL2	c4
6.16477472977278e-13	1.06902869463219	0.023	0.054	2.0675421488712e-08	MCCC1	c4
2.28848368942625e-29	1.06853900833549	0.125	0.247	7.67511659759776e-25	TGOLN2	c4
4.16983987177085e-31	1.06792902155168	0.082	0.181	1.39848089619451e-26	C19orf25	c4
1.65792359707347e-30	1.06790480696972	0.069	0.158	5.56034415986499e-26	E4F1	c4
3.38092150594202e-26	1.06777156459317	0.092	0.186	1.13389345466283e-21	PFKFB3	c4
4.82704919846362e-17	1.06568260756877	0.036	0.081	1.61889576018073e-12	RMDN1	c4
1.48202863040872e-15	1.06504184716673	0.025	0.062	4.97042762066476e-11	METTL3	c4
4.07000886710118e-08	1.06392983854913	0.015	0.034	0.00136499957384839	PHLDB3	c4
8.24605308880459e-13	1.06373168902401	0.026	0.059	2.76556128492328e-08	STMN3	c4
2.02658918396513e-14	1.06367006207047	0.034	0.073	6.79677480518226e-10	EAF1	c4
6.7941959979424e-38	1.06358764377124	0.116	0.249	2.27863745378992e-33	PTPN7	c4
5.21765363287427e-29	1.06318489399082	0.107	0.215	1.74989667539337e-24	KLHL24	c4
4.10617533821933e-10	1.06314912362933	0.023	0.049	1.377129084932e-05	ZNF212	c4
1.13750970839989e-35	1.06155915778683	0.086	0.196	3.81498006003156e-31	PABPN1	c4
7.36552574530153e-08	1.06151774735709	0.015	0.034	0.00247025002445923	SREBF1	c4
3.93987873098072e-10	1.06137142351642	0.017	0.041	1.32135652879631e-05	LINC00426	c4
3.38467412834641e-26	1.06093429782374	0.074	0.157	1.13515200916482e-21	ELF2	c4
7.48685246330037e-08	1.06055403237762	0.015	0.033	0.00251094057914168	CDYL	c4
5.88552058367308e-11	1.05998230686203	0.019	0.044	1.97388589335228e-06	GSR	c4
1.05404961903345e-07	1.05897690873527	0.012	0.03	0.00353507161231438	DIXDC1	c4
1.59139036240183e-08	1.05883770254224	0.015	0.034	0.000533720499742326	ANKRD26	c4
6.15917477096725e-26	1.05840796774655	0.05	0.12	2.065664034687e-21	TRIM11	c4
6.41414118577354e-14	1.05804114896974	0.038	0.078	2.15117467088473e-09	XPOT	c4
3.78469904366154e-18	1.05802601043073	0.039	0.088	1.26931236526321e-13	DCAF16	c4
4.15353366835863e-23	1.05743349304858	0.047	0.11	1.39301212169412e-18	EBLN3P	c4
8.77809474015354e-28	1.0570413526639	0.081	0.171	2.9439974139527e-23	STT3B	c4
1.75436323724687e-26	1.05692206892303	0.062	0.139	5.88378342507855e-22	POM121	c4
2.0585761605195e-09	1.05690001105689	0.022	0.046	6.90405272715029e-05	KLHDC10	c4
1.17114543629571e-34	1.05679542654776	0.098	0.213	3.92778756424855e-30	DCP2	c4
1.08282774657616e-39	1.05676381512881	0.177	0.362	3.63158769646714e-35	BRD4	c4
6.04230081422901e-09	1.05670152596121	0.013	0.033	0.000202646684707613	MTERF1	c4
4.517964193455e-33	1.05616176923571	0.134	0.27	1.51523483120094e-28	SUPT6H	c4
7.85257945661606e-33	1.05523701557838	0.09	0.197	2.63359809815989e-28	STRIP1	c4
4.92431115869158e-30	1.05515172970017	0.062	0.147	1.65151547640198e-25	TBC1D17	c4
4.13582081791149e-34	1.05478428173719	0.094	0.205	1.38707158591116e-29	CPSF7	c4
1.75849175494874e-07	1.05368659653742	0.016	0.034	0.00589762964774708	MAFK	c4
2.19014773442688e-07	1.05364698558679	0.012	0.028	0.00734531747172086	MSANTD2	c4
4.66293499914068e-34	1.05225000805639	0.123	0.253	1.5638551400118e-29	CUL4A	c4
1.20988715218333e-28	1.0521985023993	0.066	0.15	4.05771953099246e-24	NAGK	c4
5.48093973164553e-12	1.05198183358537	0.024	0.055	1.83819756719928e-07	DDX31	c4
1.58312359203269e-19	1.0519655783776	0.044	0.098	5.30947990295925e-15	CRTC3	c4
1.26854434779273e-21	1.05176829799549	0.049	0.109	4.25444403362727e-17	ABHD3	c4
1.53385417679903e-12	1.05163260890834	0.033	0.068	5.14424013814857e-08	MEGF9	c4
1.62610756675607e-25	1.05100327854983	0.057	0.13	5.45363955738651e-21	UCKL1	c4
1.79704235074483e-28	1.05085382264616	0.081	0.174	6.02692063592802e-24	VEZT	c4
4.23984305675936e-38	1.05045568164688	0.12	0.256	1.42195856437595e-33	USP3	c4
7.48209530223808e-10	1.05025096670163	0.025	0.052	2.50934512246461e-05	KIAA1671	c4
5.75159138404488e-16	1.04993703454535	0.042	0.089	1.92896871838097e-11	RASA3	c4
1.50483730372185e-13	1.04954081979005	0.021	0.053	5.04692334922234e-09	SPATA20	c4
7.97871739064061e-11	1.04942289331763	0.014	0.038	2.67590223847305e-06	TCTA	c4
8.78356098198925e-11	1.04916723048972	0.019	0.045	2.94583068213956e-06	GNL3L	c4
4.37736757717215e-18	1.04798645194747	0.04	0.09	1.468081538032e-13	SPPL3	c4
1.01239787106865e-12	1.04722628562659	0.025	0.058	3.39537997999003e-08	MED9	c4
1.28845769943498e-06	1.04713905186453	0.011	0.025	0.0432122943236505	SEC22A	c4
9.93204060704051e-30	1.04696949161092	0.106	0.215	3.33100777878925e-25	SSH2	c4
3.86049673253964e-21	1.04689546520133	0.045	0.103	1.29473339415914e-16	ZNF33A	c4
4.13911606482286e-10	1.04668744130278	0.018	0.042	1.38817674582029e-05	EIF2B3	c4
1.49750390128716e-16	1.04652478314387	0.039	0.085	5.02232858413687e-12	TMEM234	c4
4.18234854320543e-07	1.04605537418491	0.017	0.034	0.0140267605442024	PON2	c4
1.7409780840836e-11	1.04598396483438	0.022	0.05	5.83889229839956e-07	SLC39A13	c4
4.60626679584516e-11	1.04551447105409	0.024	0.053	1.54484975799055e-06	TDRD7	c4
2.28314888093072e-34	1.04511404146737	0.086	0.192	7.65722471686543e-30	ADPGK	c4
8.95091146478911e-20	1.04479770637633	0.046	0.102	3.00195668706097e-15	IBTK	c4
1.28279385307067e-09	1.04478370987874	0.014	0.036	4.3022340244284e-05	TMEM120B	c4
2.94652023837128e-21	1.04461963770901	0.042	0.099	9.8820395754496e-17	PCYT2	c4
3.75675490146103e-07	1.04412434876172	0.009	0.023	0.01259940458852	BLM	c4
3.19703006348469e-19	1.0436230961726	0.061	0.123	1.07221994269149e-14	ABCB1	c4
1.97863590703192e-30	1.04359459034783	0.09	0.192	6.63594910500367e-26	NDE1	c4
6.30968074346854e-28	1.04302206658159	0.062	0.143	2.11614072774448e-23	CHERP	c4
8.40976794765727e-14	1.04287435456204	0.029	0.066	2.82046797428529e-09	SDCCAG8	c4
9.47142318286557e-19	1.04158187546958	0.262	0.458	3.17652590706945e-14	IKZF3	c4
4.77187640628508e-16	1.04142390109034	0.033	0.076	1.60039190913989e-11	KIZ	c4
5.82314503640361e-26	1.04129779191039	0.073	0.156	1.95296638230904e-21	RBM10	c4
7.73382770955511e-15	1.04118768401946	0.03	0.069	2.59377113723059e-10	EMC1	c4
1.82329353842036e-11	1.04048700713814	0.028	0.059	6.11496186915421e-07	AUTS2	c4
1.89551663684308e-12	1.04038973005745	0.032	0.067	6.35718369664431e-08	ERN1	c4
1.91141683862582e-40	1.04006185271399	0.182	0.371	6.41050979338329e-36	PPP3CC	c4
4.95891340311271e-23	1.03995760057419	0.036	0.093	1.66312037713594e-18	SCO1	c4
1.0887321638881e-21	1.03974101649654	0.046	0.106	3.6513899312479e-17	RSAD1	c4
3.89428860040393e-07	1.03937618895358	0.011	0.026	0.0130606651080347	TMEM65	c4
1.00650723285441e-09	1.03900442245139	0.02	0.044	3.37562395754711e-05	MUM1	c4
2.18115460472912e-37	1.03847747582018	0.151	0.309	7.31515631334054e-33	BAZ1B	c4
2.05996654148075e-11	1.03822639607077	0.018	0.044	6.90871578681813e-07	IPO13	c4
7.68154322790937e-20	1.03738562453519	0.049	0.107	2.57623596777624e-15	AC118549.1	c4
1.17752702181605e-25	1.03734702988174	0.056	0.128	3.94919012576667e-21	TM2D1	c4
1.14435242975674e-08	1.03733276128795	0.016	0.036	0.000383792917891816	NCAPD2	c4
1.71995570417032e-07	1.03668867438133	0.01	0.026	0.00576838744064643	UEVLD	c4
1.07252482126458e-13	1.0365484219851	0.037	0.077	3.59703374555715e-09	MTSS1	c4
9.1657752080199e-07	1.03640332580196	0.016	0.033	0.0307401768926572	ZNF43	c4
1.43502571254954e-17	1.03585681687494	0.028	0.071	4.81278923474865e-13	ATRIP	c4
5.40192591834882e-12	1.0358165266497	0.021	0.05	1.81169791449583e-07	GFM2	c4
2.2657093923419e-35	1.03560020332536	0.081	0.186	7.59873616003628e-31	CDK16	c4
6.47274253910258e-29	1.03514739242491	0.079	0.171	2.17082839276422e-24	CSGALNACT2	c4
3.73439321834193e-15	1.03392505179522	0.026	0.063	1.25244079756751e-10	ZNF302	c4
8.52972042851121e-27	1.0334645720795	0.242	0.45	2.86069763731409e-22	CELF2	c4
1.18294386045803e-12	1.03341072869098	0.026	0.058	3.96735711920413e-08	FOXJ2	c4
1.01798718558473e-28	1.03330768466622	0.049	0.122	3.41412542301408e-24	GSDMD	c4
8.78102217311185e-07	1.03283480816679	0.014	0.03	0.0294497921641825	CEP85	c4
3.85559149324157e-22	1.03265885778002	0.061	0.129	1.29308827500336e-17	WDR44	c4
2.2002858048414e-15	1.03194743884723	0.038	0.082	7.37931853227708e-11	AREL1	c4
2.96453932438549e-32	1.03188721435011	0.115	0.236	9.94247198612405e-28	PTBP3	c4
5.53208639569191e-23	1.03167937801435	0.067	0.14	1.85535113538715e-18	LAX1	c4
1.11896765533008e-31	1.03132236601401	0.07	0.162	3.75279372244603e-27	INTS10	c4
1.09065710465512e-33	1.03117835142144	0.091	0.199	3.65784579759233e-29	SEC31A	c4
7.43594674845376e-49	1.03068620492418	0.205	0.434	2.49386782049642e-44	AUP1	c4
2.69086277307231e-31	1.03064794575845	0.118	0.238	9.02461556832991e-27	TLK1	c4
4.98986465709242e-13	1.03058162352169	0.023	0.055	1.67350080869566e-08	AMDHD2	c4
4.57711354270669e-16	1.03028349691895	0.031	0.073	1.53507233995297e-11	MRRF	c4
1.21145209074535e-24	1.03010094721275	0.055	0.125	4.06296802194177e-20	URI1	c4
1.10617386801958e-29	1.02905851474378	0.076	0.167	3.70988591856406e-25	ARRDC1	c4
2.2867513433256e-13	1.02892915671035	0.027	0.061	7.6693066552454e-09	NVL	c4
2.47330711296706e-15	1.02860583462647	0.031	0.071	8.29497739546893e-11	FAM111A	c4
2.11718455366696e-16	1.0285755707623	0.032	0.075	7.10061355608825e-12	CMTR2	c4
1.3702549703464e-30	1.02787727304873	0.082	0.179	4.59556111954776e-26	HBS1L	c4
3.57871101917417e-32	1.02774963965292	0.103	0.216	1.20022810161063e-27	PRKAR2A	c4
2.20301334464164e-34	1.02649378369213	0.125	0.257	7.38846615525914e-30	OS9	c4
1.57557471691002e-18	1.02577012095789	0.031	0.076	5.28416248557282e-14	TAF8	c4
2.4072104116244e-19	1.0257322563732	0.045	0.099	8.07330227850591e-15	EEA1	c4
5.31169052766572e-09	1.02558994585502	0.019	0.042	0.000178143476916853	SLC35B3	c4
1.5290841648171e-11	1.0254625052997	0.026	0.056	5.12824247196358e-07	PHACTR2	c4
2.35265455636896e-13	1.02508321060509	0.026	0.06	7.89033285115021e-09	COQ6	c4
2.8106182771339e-14	1.02480806528347	0.026	0.062	9.42625157785166e-10	MARK4	c4
1.85479200549439e-35	1.0245834446263	0.094	0.208	6.2206014280271e-31	IWS1	c4
5.54846229129553e-16	1.02450179021457	0.025	0.063	1.86084328325469e-11	TRMT61B	c4
1.00751841779365e-10	1.02435797538811	0.021	0.047	3.37901526959635e-06	ZNF740	c4
5.29726963360499e-14	1.02405701545696	0.027	0.063	1.77659828971844e-09	SGPL1	c4
2.86743120850702e-07	1.02382408285127	0.011	0.027	0.00961679078709085	PPARD	c4
1.00148433734712e-32	1.02373554227264	0.08	0.179	3.35877817059478e-28	CTCF	c4
2.29334027071022e-31	1.02338817384499	0.074	0.168	7.69140459990794e-27	UIMC1	c4
4.8228585536212e-27	1.02326442838572	0.065	0.146	1.61749030171348e-22	LRPPRC	c4
1.58762773512549e-26	1.02269894815944	0.069	0.15	5.32458589806386e-22	PPWD1	c4
2.40428212777404e-27	1.02259307403873	0.156	0.292	8.06348140012858e-23	PIK3R1	c4
9.93372022419465e-21	1.02249335729083	0.045	0.102	3.3315710887904e-16	IQCB1	c4
1.8192336882313e-15	1.02167292496242	0.038	0.081	6.10134594359013e-11	BMT2	c4
1.48967132746024e-12	1.0211300240965	0.017	0.045	4.99605969803614e-08	CERS4	c4
2.18901279628318e-08	1.02111625920931	0.012	0.031	0.000734151111617454	NOL6	c4
4.6574837781085e-09	1.02060312847003	0.016	0.036	0.000156202690950203	KLHL42	c4
5.45271507145119e-07	1.02018686527708	0.01	0.024	0.018287315806633	CD99L2	c4
1.39668157194708e-07	1.02013470743836	0.007	0.021	0.00468419065599612	MZB1	c4
4.84000000482999e-30	1.01964623724767	0.068	0.156	1.62323920161988e-25	POLR3E	c4
1.8123651740424e-13	1.01933414033114	0.028	0.063	6.07831032070339e-09	ZNF10	c4
8.74502423664796e-13	1.01895638929447	0.024	0.056	2.93290622848699e-08	PGS1	c4
4.11929699556183e-19	1.01849304099554	0.046	0.1	1.38152982637153e-14	ANAPC1	c4
3.90265238565882e-37	1.01826818719536	0.103	0.226	1.30887155710226e-32	SLC25A46	c4
9.97833314701502e-13	1.01821867644409	0.016	0.044	3.3465333708459e-08	RNF214	c4
4.1237846519607e-32	1.0178524990359	0.073	0.167	1.38303489657458e-27	DDX23	c4
2.74594164506964e-37	1.01776022457778	0.13	0.271	9.20933908923457e-33	PIAS1	c4
2.2450576017751e-23	1.01775245997915	0.04	0.1	7.52947418483333e-19	SYTL1	c4
3.07720412579304e-16	1.01739802340448	0.037	0.082	1.03203271970847e-11	BICD2	c4
1.19224463837737e-20	1.0167873834494	0.056	0.118	3.99855006819004e-16	OPA1	c4
8.13583196817136e-08	1.01669234748703	0.013	0.031	0.00272859532548531	ZNF687	c4
4.7286751855621e-20	1.01642456553995	0.059	0.122	1.58590308373382e-15	CYTH3	c4
3.74313453534537e-11	1.01586710727523	0.021	0.049	1.25537246046413e-06	LONRF1	c4
1.12418945076545e-24	1.01554557883342	0.062	0.135	3.77030657997718e-20	ERCC5	c4
6.86857240892025e-31	1.01542601477945	0.07	0.161	2.30358181450367e-26	ANKRD49	c4
1.81455818177917e-11	1.01511304231856	0.018	0.044	6.08566523005098e-07	FAM83G	c4
9.11872400839759e-12	1.01493329284466	0.023	0.053	3.05823765793638e-07	HMG20A	c4
4.4232536720344e-09	1.01405366022069	0.019	0.042	0.00014834708165269	SMCR8	c4
1.02905566691712e-39	1.01389477706858	0.104	0.233	3.45124689570664e-35	TRNAU1AP	c4
4.15558949923901e-26	1.01379385725703	0.057	0.131	1.39370160625478e-21	PABPC4	c4
5.80653573863767e-17	1.01347342499334	0.028	0.069	1.9473959560243e-12	GPN2	c4
9.40182389774928e-11	1.01308547116657	0.018	0.044	3.15318369882715e-06	EIF4E3	c4
2.09000136692194e-27	1.01266899480848	0.082	0.172	7.00944658438281e-23	CEP120	c4
2.41583949495449e-27	1.01194909305997	0.074	0.159	8.10224249817837e-23	MBD1	c4
1.52380644955131e-25	1.01176829724046	0.058	0.131	5.11054207050519e-21	SAMHD1	c4
4.8281231955619e-28	1.01168140784149	0.081	0.172	1.61925595732755e-23	RBL2	c4
3.39851486045969e-27	1.01159644993486	0.062	0.14	1.13979391390097e-22	ESYT1	c4
3.64558830496933e-08	1.01126610494363	0.007	0.022	0.00122265740572061	NCAPG2	c4
7.33053394829185e-19	1.01092623160399	0.036	0.085	2.45851447557812e-14	MCCC2	c4
1.83526544003224e-17	1.01072354639479	0.037	0.085	6.15511323278011e-13	ZDHHC18	c4
1.01005396054165e-36	1.01027247663274	0.136	0.282	3.38751897286459e-32	FBRS	c4
1.28608579101505e-29	1.01021744541661	0.092	0.194	4.31327452590628e-25	NEK7	c4
2.20239206696446e-38	1.00848640705202	0.155	0.317	7.3863825141854e-34	STAT4	c4
2.10947264243833e-19	1.00834238496608	0.044	0.098	7.07474934820968e-15	CCDC91	c4
6.26126473404227e-25	1.0083126871922	0.053	0.122	2.0999029665031e-20	PURA	c4
4.78084975420473e-33	1.00795824758545	0.189	0.364	1.60340139056518e-28	CNOT6L	c4
5.79095030052974e-07	1.00651827298146	0.007	0.02	0.0194216891179166	LINC00476	c4
1.19055971287371e-22	1.0060923555394	0.036	0.093	3.99289916503585e-18	GFOD2	c4
3.55676818296384e-23	1.00597991410427	0.063	0.134	1.19286891320241e-18	GNPTAB	c4
1.34931478751977e-20	1.00582797255777	0.045	0.101	4.52533193438379e-16	CPOX	c4
2.97224050513459e-11	1.00498251913157	0.015	0.039	9.96830020612038e-07	TAF6L	c4
5.02710187438258e-07	1.0042856940829	0.01	0.024	0.0168598942663043	TESK2	c4
7.12262670564973e-21	1.00417186204116	0.285	0.513	2.38878654454081e-16	PTPN22	c4
4.33239561132789e-30	1.00370274917516	0.073	0.164	1.45299884012715e-25	POM121C	c4
3.57670248693086e-21	1.00176228614213	0.04	0.096	1.19955448006687e-16	SLC7A6OS	c4
5.68514400383308e-07	1.00174533338092	0.012	0.027	0.0190668359600554	ZNF345	c4
1.37379754988645e-36	1.00124169442492	0.092	0.207	4.60744222280919e-32	CDK11B	c4
6.75287476459213e-36	1.00109848702642	0.086	0.195	2.26477913854891e-31	CYP20A1	c4
2.86431306550003e-22	1.00100210364305	0.044	0.104	9.60633315907402e-18	NFE2L1	c4
5.45888043741472e-20	1.00090933294702	0.04	0.094	1.83079932110015e-15	WDR75	c4
3.9388701617436e-43	1.00051762264824	0.136	0.294	1.32101827484557e-38	MECP2	c4
6.14938555550717e-12	1.00006200107738	0.013	0.038	2.06238092760599e-07	NTPCR	c4
1.01890054485008e-07	0.999632367457515	0.009	0.025	0.00341718864731821	ABHD11	c4
1.26971033950884e-11	0.999462290864519	0.028	0.059	4.25835453664476e-07	HPS5	c4
3.0947171478922e-09	0.999169303053948	0.018	0.041	0.000103790623706009	C16orf45	c4
5.08416486814192e-07	0.998852321835286	0.009	0.024	0.0170512721347744	SCRN3	c4
4.03665197884337e-09	0.998686586352369	0.011	0.031	0.000135381234066449	TRIM5	c4
9.18161634827798e-07	0.998559588986252	0.007	0.02	0.0307933049088547	NUP50-DT	c4
7.64176233927125e-35	0.998048652292929	0.149	0.299	2.56289425334479e-30	SMC4	c4
1.38916876795406e-07	0.997888470324951	0.012	0.028	0.00465899421396432	PIGO	c4
1.52471968788745e-17	0.99729685287332	0.045	0.095	5.11360488923693e-13	PPP3CA	c4
6.06256081677586e-14	0.997026241302694	0.027	0.063	2.03326164673029e-09	NT5C2	c4
4.83087988652067e-47	0.996316599226363	0.594	0.767	1.6201804963413e-42	TNFAIP3	c4
8.79184136035381e-15	0.996033370821724	0.022	0.057	2.94860775543546e-10	RINL	c4
5.74191969288064e-22	0.99592141088918	0.042	0.101	1.92572502659831e-17	VAV1	c4
3.96100196701038e-26	0.995805211680647	0.062	0.138	1.32844083969594e-21	NPAT	c4
1.38413364912922e-23	0.995404372901564	0.049	0.114	4.64210743244957e-19	ECD	c4
3.18753337158934e-21	0.994113963588301	0.038	0.092	1.06903494216363e-16	SLC5A6	c4
7.80416912391967e-17	0.993956263603298	0.026	0.066	2.61736224078018e-12	PIAS3	c4
1.18348703094297e-11	0.993724262841048	0.03	0.062	3.96917880437653e-07	TC2N	c4
1.38542091888261e-12	0.99361243555466	0.018	0.046	4.6464246777485e-08	TRIM39	c4
1.93888654345887e-21	0.993371210411772	0.296	0.543	6.50263768945234e-17	SLC38A1	c4
1.0857930942602e-26	0.993024971463538	0.06	0.137	3.64153287952986e-22	DTX2	c4
6.89878903652318e-07	0.992744512798236	0.009	0.023	0.0231371586706914	PALB2	c4
1.33145530717838e-23	0.992249325349907	0.058	0.128	4.46543480921484e-19	CTDP1	c4
2.70744129597709e-28	0.991625266979189	0.059	0.139	9.08021661844798e-24	RARS	c4
1.93711358487291e-08	0.991152707749707	0.012	0.031	0.000649669154094677	GRAMD2B	c4
1.08546541049673e-15	0.991026055922586	0.035	0.078	3.64043389372393e-11	NUDCD3	c4
7.34135537877046e-17	0.990670043383196	0.033	0.076	2.46214376693204e-12	PYROXD1	c4
9.33152334783891e-17	0.989958715816924	0.038	0.084	3.12960630039821e-12	RAB2B	c4
1.42562904965818e-09	0.989899121047092	0.016	0.037	4.7812747067436e-05	GPR180	c4
2.23893800884896e-10	0.989860564868594	0.018	0.043	7.50895029407764e-06	HAPLN3	c4
1.46468965186496e-12	0.989852944726032	0.018	0.047	4.91227615442471e-08	ANKS1B	c4
2.34094265969536e-32	0.989842371758212	0.25	0.48	7.8510534920863e-28	WNK1	c4
2.11263017168071e-07	0.989116063965257	0.013	0.03	0.00708533906978275	CEP76	c4
1.58588581049398e-29	0.98906152827836	0.073	0.162	5.31874383123472e-25	MCM7	c4
2.19372357064323e-17	0.988416365407112	0.04	0.089	7.35731011122328e-13	PAPOLG	c4
9.36086989713746e-32	0.988166009806611	0.068	0.16	3.13944854610196e-27	RPS6KB1	c4
5.2502934730337e-09	0.987173766899933	0.011	0.03	0.000176084342498604	LLGL1	c4
1.88869429489369e-23	0.986841785199712	0.057	0.126	6.33430292621446e-19	MTMR6	c4
1.81413759370115e-09	0.985848175414783	0.019	0.043	6.08425466175492e-05	IER5L	c4
1.44144349764163e-09	0.984301869422044	0.017	0.04	4.83431320239049e-05	KLRC4	c4
2.58322059188836e-26	0.983662486763909	0.066	0.145	8.66360522107517e-22	TOP2B	c4
4.25624510809307e-38	0.983631789716873	0.124	0.264	1.42745948435225e-33	KPNA1	c4
2.73035909885e-34	0.983158708778309	0.09	0.199	9.15707834572313e-30	OTULIN	c4
1.30508285430865e-24	0.982730363727042	0.074	0.153	4.37698687678034e-20	JADE2	c4
2.02709934318423e-27	0.982714646705449	0.055	0.129	6.79848577717127e-23	MAPK8	c4
3.98660199286879e-22	0.982014518622067	0.038	0.094	1.33702657636833e-17	ARSA	c4
2.55794286177489e-19	0.981579677740328	0.037	0.087	8.57882876982063e-15	CBWD5	c4
7.21124590088442e-11	0.981533026324902	0.02	0.046	2.41850765023862e-06	LIN54	c4
1.31032573179958e-26	0.981466855469606	0.065	0.145	4.39457043930945e-22	MED1	c4
7.7563150040958e-25	0.980439102071644	0.048	0.115	2.60131292607365e-20	MAP3K11	c4
2.05942221427846e-31	0.980265627862207	0.06	0.146	6.90689022224709e-27	ARL16	c4
5.39578537095756e-15	0.979999143578914	0.026	0.062	1.80963849771175e-10	TRAP1	c4
7.61655756871144e-07	0.97961178186643	0.006	0.019	0.0255444107739444	ASPM	c4
4.52072253393942e-42	0.979609331127685	0.166	0.345	1.5161599234326e-37	ARHGAP30	c4
1.9817691207173e-24	0.979152306364722	0.067	0.143	6.64645727706169e-20	PJA2	c4
1.33013960284443e-25	0.979029522437466	0.064	0.141	4.46102220001965e-21	RIPK1	c4
3.06911277606158e-16	0.978999884768219	0.031	0.073	1.02931904283553e-11	CPSF3	c4
1.3384873246719e-11	0.978719284124513	0.02	0.048	4.48901878948463e-07	DCAF17	c4
7.72514509349116e-11	0.977991085841901	0.022	0.05	2.59085916145507e-06	RNF103	c4
1.80523518486178e-16	0.97758486138146	0.032	0.074	6.05439776298943e-12	ZNF264	c4
2.48732500912738e-13	0.976930889194989	0.306	0.512	8.3419906156114e-09	REL	c4
2.38823243328274e-20	0.97653210703433	0.044	0.1	8.00965393474364e-16	TCP11L1	c4
3.62086424723645e-28	0.97624507965557	0.059	0.138	1.21436545123816e-23	SUMF2	c4
9.70293780218811e-10	0.975868682029732	0.018	0.041	3.25417128009785e-05	ALOX12-AS1	c4
7.799166212398e-15	0.975783508663576	0.038	0.081	2.61568436431404e-10	IFI44L	c4
2.14069236212021e-21	0.974911912176945	0.049	0.109	7.17945404407875e-17	RPRD2	c4
6.7510088324529e-27	0.973941710465242	0.058	0.134	2.26415334222805e-22	NDUFS1	c4
4.15105819342631e-44	0.97365654817337	0.141	0.305	1.39218189691132e-39	SFXN1	c4
5.29577897952374e-25	0.97280829998871	0.056	0.127	1.77609835415267e-20	MARK2	c4
1.54905814630848e-07	0.972775607726847	0.011	0.027	0.00519523121108937	SMAD5	c4
1.25828415747451e-10	0.972441633572725	0.021	0.048	4.22003340733801e-06	FAAH2	c4
7.67471241371994e-13	0.972043085060562	0.021	0.051	2.57394504931339e-08	ZNF720	c4
4.41906286549326e-09	0.971726465108387	0.017	0.038	0.000148206530382913	GCLC	c4
3.69380145890292e-13	0.971396411282088	0.023	0.055	1.23882713328686e-08	GRAMD4	c4
1.90817101217632e-08	0.971278183918382	0.012	0.03	0.000639962394063694	STAG3	c4
4.07078253296147e-17	0.971219195088913	0.034	0.078	1.36525904590462e-12	AUH	c4
1.51717216860309e-10	0.971030322053418	0.02	0.045	5.08829201906103e-06	ATPAF2	c4
1.52505113326369e-40	0.970713878888986	0.092	0.214	5.11471649073978e-36	PSTPIP1	c4
2.17589214315558e-17	0.970700173455663	0.032	0.076	7.29750706971518e-13	PRKCI	c4
1.80424571482148e-32	0.969709280584926	0.071	0.165	6.05107927836828e-28	ATXN3	c4
1.11787218743387e-28	0.969387377356006	0.063	0.145	3.74911974221573e-24	PUM3	c4
5.15224808013474e-25	0.969229779930194	0.051	0.12	1.72796096111559e-20	INO80	c4
1.44001172593759e-09	0.969092323098166	0.019	0.042	4.82951132644949e-05	PDGFA	c4
7.13067137020387e-20	0.969086755119372	0.034	0.084	2.39148456413897e-15	C21orf2	c4
4.24698181755017e-18	0.969074644272891	0.037	0.085	1.42435276196998e-13	SSFA2	c4
1.90501188370906e-15	0.969021740009283	0.026	0.063	6.38902885558345e-11	NADK	c4
1.33503973066046e-07	0.968408479810632	0.01	0.026	0.00447745624868905	BEST1	c4
3.36025084199778e-16	0.967952686101616	0.025	0.064	1.12696092738922e-11	CES2	c4
3.12149065134861e-12	0.96780388280431	0.019	0.048	1.0468855346493e-07	RELT	c4
4.85493686870696e-48	0.967777175701032	0.153	0.334	1.62824872702694e-43	RSBN1L	c4
5.23959157259835e-28	0.967049554136616	0.083	0.175	1.75725422161803e-23	GAPVD1	c4
4.1234062371643e-39	0.966884726477343	0.14	0.293	1.38290798382016e-34	UBE3A	c4
4.24282960065897e-24	0.966763932678099	0.049	0.114	1.422960191469e-19	CCP110	c4
1.8151545563856e-23	0.966451073635129	0.049	0.114	6.08766535120602e-19	MAN1A2	c4
1.25330384399669e-14	0.966009781881386	0.028	0.065	4.20333043199611e-10	AHCYL1	c4
1.12172516180403e-19	0.966000820291243	0.039	0.092	3.76204184765835e-15	MTO1	c4
1.19316071707187e-14	0.96578935524981	0.021	0.055	4.00162241291565e-10	PMS2	c4
2.15504292234036e-37	0.965773139682332	0.159	0.32	7.22758295294509e-33	DDX3Y	c4
1.09715650421698e-23	0.965719048006067	0.064	0.137	3.67964348384289e-19	VCPIP1	c4
3.17080775070047e-10	0.963732692950577	0.021	0.046	1.06342550342992e-05	PLCL2	c4
3.88183933606541e-43	0.963558660015194	0.131	0.284	1.30189127652962e-38	ZC3H7A	c4
5.99274444998732e-07	0.963374542905463	0.006	0.019	0.0200984663363675	SMIM8	c4
1.19538162884424e-34	0.96327566252653	0.2	0.389	4.00907090681783e-30	NFATC2	c4
2.12500301548484e-19	0.961785150433915	0.039	0.091	7.12683511333305e-15	TRAK2	c4
7.10735514888969e-20	0.961524532606953	0.542	0.826	2.38366476983462e-15	SON	c4
3.56485168610371e-20	0.961282942330133	0.04	0.093	1.19557995848546e-15	RINT1	c4
5.48200452014847e-25	0.960650023691894	0.055	0.125	1.83855467596739e-20	ORAI2	c4
9.53779310911306e-29	0.960640379780939	0.054	0.131	3.19878505293434e-24	SYNJ2	c4
1.37218078264771e-09	0.959751324816534	0.012	0.032	4.60201990884388e-05	ASNS	c4
3.81198184800962e-44	0.959686922440954	0.095	0.226	1.27846247218547e-39	FAM50A	c4
3.74962554492377e-25	0.959308485136947	0.041	0.104	1.25754941525654e-20	NPRL2	c4
1.25326324976812e-15	0.959179793877045	0.025	0.062	4.20319428707231e-11	TRAPPC2	c4
8.34086321791148e-22	0.958888334156307	0.295	0.537	2.79735870602315e-17	RUNX3	c4
2.39343858170038e-22	0.95873908193174	0.051	0.115	8.02711431530673e-18	VIRMA	c4
4.50674045349719e-13	0.958384943561616	0.022	0.053	1.51147061329389e-08	BICRAL	c4
1.14494931427969e-35	0.958269854619849	0.203	0.395	3.83993101023123e-31	SERPINB9	c4
4.39296541532075e-27	0.957811213919803	0.043	0.11	1.47331274099027e-22	DRG2	c4
6.10165523938638e-29	0.957018614214989	0.061	0.142	2.0463731341854e-24	CCS	c4
3.32031225020868e-33	0.956691939605542	0.182	0.351	1.11356632247499e-28	ZC3HAV1	c4
1.87135589699734e-20	0.956251450522785	0.042	0.097	6.27615340734967e-16	PM20D2	c4
2.9475885182252e-11	0.95581769526055	0.016	0.041	9.88562237242368e-07	ZNF557	c4
1.73565396531074e-08	0.955584078918599	0.018	0.039	0.000582103626885915	NMT2	c4
1.61175128310986e-15	0.955106692615465	0.025	0.063	5.40549145329384e-11	TNFAIP8L1	c4
9.97292908679616e-35	0.955027139253988	0.076	0.177	3.3447209571297e-30	KPNA6	c4
5.44463477939776e-33	0.95495781379985	0.061	0.15	1.82602161231442e-28	ZNF106	c4
2.2407559357579e-22	0.95443271548766	0.039	0.097	7.51504725734486e-18	PRDM4	c4
1.56390485239873e-32	0.95436361795191	0.079	0.177	5.24502409397488e-28	HERC5	c4
1.20584819602344e-12	0.954049909189381	0.025	0.057	4.04417367982342e-08	MYBBP1A	c4
1.04832823521527e-25	0.952820984752004	0.048	0.115	3.51588323526499e-21	ZBTB25	c4
2.32822374568332e-21	0.952418335876074	0.056	0.12	7.80839679827273e-17	CKAP5	c4
5.16876897963945e-09	0.951378373219602	0.012	0.031	0.000173350174039148	COX15	c4
1.90472700517604e-25	0.95118623870299	0.054	0.124	6.3880734299594e-21	ACSL1	c4
4.59116631153415e-34	0.950146855452555	0.103	0.22	1.53978535756232e-29	XPC	c4
3.5914948972523e-30	0.949807079536055	0.072	0.161	1.20451555864048e-25	JAKMIP1	c4
1.72816523117028e-32	0.949620904056002	0.066	0.158	5.7959205522989e-28	MTF2	c4
4.22248331218298e-21	0.948236528354125	0.039	0.093	1.41613645323993e-16	STX6	c4
1.70938574144512e-45	0.947799271594647	0.207	0.428	5.73293789965864e-41	CYLD	c4
3.14172294633234e-12	0.947583211188316	0.041	0.079	1.05367104174094e-07	AC020916.1	c4
1.14945702918639e-35	0.947129546036899	0.098	0.215	3.85504898448533e-31	KLF13	c4
1.92711275521366e-08	0.946925025649231	0.014	0.033	0.000646315075843558	CCDC159	c4
2.32210210282708e-17	0.946896843534083	0.035	0.08	7.78786603246146e-13	L3MBTL2	c4
3.13791987778024e-21	0.946861424569851	0.054	0.116	1.05239556860994e-16	PDZD8	c4
1.00625510015218e-12	0.946817720461247	0.024	0.056	3.37477835489038e-08	HIBADH	c4
3.98049978841258e-11	0.946105401897595	0.02	0.047	1.33498001903781e-06	ZNF569	c4
3.01884086323025e-17	0.945473664410732	0.03	0.073	1.01245884871016e-12	ATAD2	c4
8.41510851039524e-45	0.94524181784821	0.12	0.27	2.82225909221636e-40	MARS	c4
3.83787764495122e-43	0.945163017942986	0.142	0.303	1.28714740456374e-38	TYMP	c4
1.32333302549996e-08	0.944890553153205	0.018	0.039	0.000443819430092176	COG6	c4
1.38311901979311e-27	0.944501051538072	0.063	0.144	4.63870456858214e-23	GOLGA2	c4
3.00377014005517e-19	0.944203646735859	0.048	0.104	1.0074044295717e-14	ATXN7L3B	c4
8.9258477627955e-21	0.943410976025653	0.033	0.085	2.99355082268635e-16	MED6	c4
2.04565903999538e-16	0.942315106243438	0.033	0.076	6.86073128833649e-12	STAMBPL1	c4
1.7857039386942e-07	0.942307658847463	0.011	0.027	0.00598889386959259	ZDHHC2	c4
2.98213523867394e-42	0.942294600241249	0.093	0.22	1.00014851634647e-37	GPS2	c4
1.24880959541319e-28	0.942131908613345	0.086	0.181	4.18825762109676e-24	SEL1L	c4
1.73008191980526e-28	0.941579628850265	0.064	0.146	5.80234874264287e-24	DCTN1	c4
9.05722225327346e-25	0.941350615252564	0.046	0.111	3.03761119930285e-20	NCAPH2	c4
3.40516149978469e-26	0.941031061178791	0.065	0.144	1.14202306379779e-21	CENPF	c4
1.39860786943139e-27	0.94098399221177	0.057	0.133	4.69065107249898e-23	CDC25B	c4
2.21111585848753e-15	0.94078320142566	0.022	0.058	7.41564036619549e-11	TSPYL4	c4
1.72069137258152e-08	0.940229150620425	0.013	0.033	0.000577085472536391	CCDC77	c4
3.49974572839531e-09	0.938823332528185	0.013	0.034	0.000117374472238922	KCTD2	c4
1.44391186332413e-24	0.938685345595647	0.057	0.127	4.84259160721647e-20	RAB3GAP1	c4
4.12857294108441e-08	0.938289556189615	0.015	0.034	0.00138464079298089	FAM114A2	c4
2.61730500744688e-20	0.937927041254979	0.042	0.098	8.77791753397536e-16	ARHGAP25	c4
1.3379772162469e-20	0.936761820209548	0.06	0.125	4.48730798784887e-16	TP53INP1	c4
8.84379129850089e-12	0.936524444066888	0.02	0.048	2.96603072569123e-07	NHLRC3	c4
8.20734476737456e-32	0.936500123335836	0.066	0.155	2.75257928808208e-27	KIFAP3	c4
3.60453861823946e-36	0.936095679511544	0.208	0.408	1.20889016178515e-31	BCLAF1	c4
1.99875841365112e-16	0.935752828071552	0.026	0.065	6.70343596770312e-12	ARMH1	c4
1.12569246626291e-11	0.93548804208171	0.014	0.039	3.77534739335255e-07	RRNAD1	c4
3.85217819927444e-25	0.935480975823518	0.05	0.118	1.29194352447266e-20	ZBTB17	c4
2.40170309061304e-35	0.933861619531551	0.053	0.141	8.05483182529802e-31	FZR1	c4
8.55671283090371e-34	0.93368028472217	0.068	0.163	2.86975034922849e-29	FBXO21	c4
6.60809326801104e-21	0.933479857280238	0.031	0.081	2.21622232022554e-16	MEMO1	c4
6.80734851186698e-12	0.9333589357817	0.018	0.045	2.28304854390995e-07	PAK4	c4
3.21489392111798e-30	0.933268840984196	0.064	0.15	1.07821112326455e-25	ESF1	c4
2.92102146204772e-07	0.93326602575164	0.008	0.022	0.00979652177941564	INCENP	c4
2.11628809077882e-23	0.933206374672542	0.039	0.099	7.097606998854e-19	AP1B1	c4
4.59974397471632e-09	0.933148164312083	0.015	0.036	0.000154266213424036	TAF5L	c4
4.75284996558997e-19	0.933110982675913	0.025	0.069	1.59401082145957e-14	EIPR1	c4
4.3589291435108e-16	0.93306367079635	0.03	0.07	1.46189765615065e-11	GTF3C4	c4
9.78780038561388e-37	0.932988980316054	0.162	0.324	3.28263249332718e-32	SLC38A2	c4
7.99782258585732e-40	0.932346463354893	0.105	0.234	2.68230973884483e-35	CSNK1G3	c4
1.17019051862171e-07	0.932226440899092	0.014	0.031	0.00392458496135349	TNFRSF10A	c4
2.37393483416181e-09	0.931036185056155	0.008	0.026	7.96170264681187e-05	RAB30-AS1	c4
3.88165687205498e-14	0.930609420272942	0.029	0.066	1.3018300817498e-09	HCFC2	c4
1.49957268384851e-13	0.930565595076791	0.024	0.057	5.02926686709114e-09	ZNF143	c4
3.00175600958159e-11	0.930420013443484	0.015	0.039	1.00672893049347e-06	FAM214B	c4
2.45213149381029e-28	0.930174856799854	0.046	0.118	8.22395860394094e-24	FASTK	c4
1.37876357723593e-24	0.930102882003406	0.032	0.089	4.62409728533387e-20	SPOUT1	c4
4.29818589925162e-45	0.92971907592109	0.133	0.292	1.44152558689101e-40	RIOK3	c4
2.7233722374298e-17	0.929298456482206	0.029	0.072	9.13364580989207e-13	NIPA1	c4
1.54183168456145e-47	0.929013570931037	0.141	0.31	5.17099510368219e-43	SAFB	c4
5.24534169633472e-26	0.928936008976222	0.048	0.117	1.75918269811674e-21	CUL2	c4
5.17206606959166e-13	0.928563594141887	0.021	0.052	1.73460751841965e-08	CBX4	c4
5.26703072001043e-27	0.928431193286984	0.052	0.125	1.7664567628771e-22	FEZ2	c4
1.04694057614669e-17	0.927736683851571	0.026	0.068	3.51122930428076e-13	HNRNPUL2	c4
1.78541246048861e-24	0.927667467244674	0.055	0.125	5.98791630998671e-20	MIA2	c4
3.07238702748767e-17	0.927253775499996	0.026	0.067	1.03041716127881e-12	ZNF324	c4
1.23260778947253e-20	0.926933767148135	0.028	0.076	4.13392000433296e-16	ZNF317	c4
1.05233156494501e-13	0.926511877931661	0.024	0.058	3.52930960251257e-09	SPAG1	c4
4.05303552811462e-24	0.926390170196581	0.038	0.098	1.35930705541908e-19	SUGP1	c4
1.387145513484e-42	0.926260824420354	0.116	0.258	4.65220862312264e-38	PPP4R3A	c4
2.11355347806452e-17	0.926237978560895	0.048	0.1	7.08843565473278e-13	EIF2AK3	c4
1.52515647055188e-29	0.925933396300104	0.041	0.112	5.11506977093689e-25	DCTN5	c4
1.2267522417715e-08	0.925846892023426	0.011	0.029	0.000411428166845326	LIAS	c4
6.32673296455816e-12	0.924978102818961	0.022	0.052	2.12185970165351e-07	INTS9	c4
2.63302604433441e-38	0.924637837112252	0.218	0.433	8.83064274748875e-34	CLK1	c4
2.56216414181595e-39	0.923252394220694	0.09	0.209	8.59298609882232e-35	MAPK1	c4
9.48497061706076e-14	0.922784939355048	0.02	0.052	3.18106944554984e-09	ZNF561	c4
4.20284126672826e-44	0.922431145873489	0.146	0.314	1.40954890403532e-39	MAP3K2	c4
5.87244548285779e-09	0.92199468934903	0.012	0.031	0.000196950076604085	CEP44	c4
6.49805116638787e-48	0.921828382191753	0.093	0.23	2.17931640018316e-43	MAP4K1	c4
3.56223999806753e-30	0.920638305935466	0.058	0.14	1.19470405055189e-25	GART	c4
4.77206680667001e-29	0.919387420883769	0.055	0.132	1.60045576562099e-24	CARD8	c4
3.99339337450098e-25	0.919106547833628	0.051	0.119	1.33930426994014e-20	TXLNA	c4
4.4082331317959e-07	0.918681002892526	0.01	0.026	0.0147843322774171	RMI1	c4
8.85930136565164e-49	0.918599243455886	0.192	0.408	2.97123249201225e-44	DDX46	c4
4.27428244318262e-47	0.918494117184518	0.09	0.222	1.43350884579459e-42	CRTC2	c4
1.41988687452332e-49	0.918422632326833	0.137	0.308	4.7620165997763e-45	ARID4A	c4
3.30745466049743e-13	0.918221509375012	0.023	0.055	1.10925414403763e-08	NSUN4	c4
8.84097274990235e-24	0.91778890945048	0.051	0.116	2.96508544086225e-19	CXorf38	c4
9.50434927571796e-09	0.917695870339986	0.009	0.027	0.000318756866009029	FAM189B	c4
2.37273622086673e-14	0.91752086006249	0.023	0.057	7.95768273754285e-10	ABHD2	c4
3.288525073588e-34	0.917272316619184	0.062	0.153	1.10290553917994e-29	ABTB1	c4
2.73780569974571e-26	0.917025523395494	0.053	0.125	9.18205275580717e-22	TOR1AIP2	c4
9.23744814424578e-41	0.916902691854587	0.076	0.188	3.09805535861715e-36	UBA3	c4
6.07301403529676e-08	0.916686064939781	0.008	0.023	0.00203676744715783	COX18	c4
8.79852315776553e-23	0.916497769281068	0.033	0.087	2.9508486966514e-18	QTRT1	c4
2.60079833449378e-17	0.916413639054648	0.031	0.074	8.72255745422523e-13	BRPF1	c4
2.20027831497195e-19	0.916405863824967	0.032	0.08	7.37929341275294e-15	SEMA4A	c4
2.37119599964465e-34	0.916323047808557	0.088	0.195	7.95251714360824e-30	ZNF430	c4
6.21117293478412e-12	0.915596781628745	0.018	0.045	2.0831031788679e-07	LIMK2	c4
9.4503448354737e-23	0.915103056576294	0.041	0.1	3.16945665092117e-18	RBM14	c4
6.31901380358387e-33	0.914706284371675	0.098	0.209	2.11927084944596e-28	RAB11FIP1	c4
2.25880595959015e-10	0.914662964029695	0.018	0.042	7.57558342727346e-06	SPATA5L1	c4
9.96273177907263e-10	0.914214259440426	0.011	0.031	3.34130098406538e-05	GLYCTK	c4
4.42633160379802e-11	0.91340770819786	0.019	0.045	1.48450309328178e-06	SLC37A1	c4
6.31762370403405e-10	0.91322819839758	0.014	0.036	2.11880463785894e-05	ZBTB5	c4
9.7661171141703e-25	0.913219433556259	0.048	0.115	3.27536035775043e-20	TPP1	c4
3.56834305639974e-32	0.912816336954792	0.066	0.156	1.19675089425535e-27	RRN3	c4
1.23414108175951e-42	0.912267282729735	0.069	0.18	4.13906236000504e-38	DDX56	c4
1.56148207029019e-27	0.912149076336051	0.137	0.26	5.23689856733925e-23	NFKBIZ	c4
1.00923688031092e-09	0.91188589055753	0.012	0.033	3.38477864918677e-05	ZNF701	c4
1.42937143213972e-13	0.911664760019239	0.024	0.057	4.7938259091102e-09	EIF4ENIF1	c4
4.47811000324813e-26	0.911523551651132	0.057	0.13	1.50186853288936e-21	RFFL	c4
6.73122269048519e-12	0.911260794027016	0.019	0.046	2.25751746593492e-07	ALKBH1	c4
3.2364521732017e-21	0.911143956703172	0.038	0.093	1.08544132984839e-16	USP25	c4
1.51773981939644e-07	0.911050579264878	0.008	0.022	0.00509019580629177	DOK4	c4
6.2134847806942e-11	0.91058054926512	0.017	0.042	2.08387852574922e-06	ZNF570	c4
4.74406643005396e-37	0.910310938046561	0.062	0.159	1.5910649993115e-32	GUSB	c4
1.6515780654416e-28	0.910308102718242	0.061	0.142	5.53906251587805e-24	PI4KB	c4
1.27298821422e-39	0.909750203683913	0.075	0.184	4.26934787285103e-35	GNPAT	c4
1.60335683024275e-20	0.909483183083571	0.037	0.089	5.37733813726812e-16	PPP2R5B	c4
3.36771879954625e-22	0.90946328944273	0.037	0.092	1.12946553099182e-17	SLC44A2	c4
2.25291382177286e-11	0.909455612478204	0.022	0.05	7.55582237546182e-07	KLF9	c4
7.53945249819057e-43	0.908228772284618	0.113	0.253	2.52858157884315e-38	ZNF800	c4
3.29447324797903e-22	0.9080075188322	0.328	0.616	1.10490043790721e-17	SF1	c4
1.01794882163246e-23	0.907740566340148	0.038	0.097	3.41399675799093e-19	RARS2	c4
5.83456460587892e-36	0.907617849976768	0.088	0.198	1.95679627751967e-31	SAMD9	c4
1.1466536092587e-15	0.9074764889953	0.022	0.058	3.84564687473183e-11	TBC1D13	c4
6.47477564973616e-27	0.907434174456964	0.056	0.131	2.17151025740851e-22	TOPBP1	c4
2.83663805353035e-16	0.906837466611867	0.031	0.073	9.5135167039301e-12	CNOT6	c4
5.66245192897915e-47	0.906830212060686	0.191	0.402	1.89907312794103e-42	RSF1	c4
2.90338705473502e-19	0.906298463937829	0.039	0.091	9.73737950417032e-15	LPCAT1	c4
5.73026624385513e-31	0.906052720716253	0.07	0.16	1.92181669286413e-26	JMY	c4
6.18793488244021e-40	0.905564345882239	0.102	0.229	2.0753096008728e-35	SF3B3	c4
1.01236073291877e-33	0.9054905616102	0.111	0.231	3.39525542606299e-29	ENTPD1	c4
5.81984436962648e-29	0.905402231635374	0.038	0.107	1.95185940468533e-24	TRPT1	c4
2.25678225209106e-10	0.905340179074854	0.019	0.043	7.56879631706301e-06	CORO2A	c4
4.36363807381845e-11	0.904623942880479	0.018	0.043	1.46347693719723e-06	WASL	c4
1.50848817194514e-20	0.904622603871521	0.056	0.118	5.05916763106962e-16	LEMD3	c4
2.141600940033e-20	0.904541311002796	0.036	0.088	7.18250123268269e-16	TMCO3	c4
2.6586624234607e-30	0.904498304073088	0.041	0.113	8.9166220358025e-26	PFKL	c4
4.34487341319679e-12	0.904398932716712	0.024	0.055	1.45718364531794e-07	FASN	c4
2.42983585380847e-45	0.904346746950913	0.097	0.231	8.14918348650283e-41	OGDH	c4
1.04035537217969e-21	0.904176700182847	0.039	0.094	3.48914384721625e-17	INSIG2	c4
2.57439238098741e-15	0.903881267241474	0.03	0.07	8.63399716735558e-11	ATXN7L3	c4
8.93235769807449e-11	0.903737314990455	0.017	0.042	2.99573412478022e-06	CENPK	c4
1.61666095016515e-40	0.902798895858157	0.095	0.219	5.42195749466387e-36	ICE1	c4
1.68435257157643e-09	0.902764787473751	0.016	0.038	5.64898165455302e-05	ZNF346	c4
2.5874047682684e-32	0.902730706056089	0.068	0.16	8.67763811181854e-28	HK1	c4
7.24559638143566e-16	0.902689435619387	0.024	0.062	2.43002811440589e-11	RNFT1	c4
1.34513845786867e-07	0.902330243947592	0.009	0.024	0.00451132535999995	AL137003.1	c4
3.32228352707799e-07	0.902217290912812	0.007	0.021	0.0111422744931142	LINC01358	c4
3.80171291946136e-10	0.902062926205716	0.018	0.042	1.27501847892895e-05	ERI1	c4
3.56405981016544e-07	0.901780852152644	0.006	0.019	0.0119531437913329	SLC31A1	c4
2.03988668383161e-32	0.901549239297788	0.057	0.142	6.84137196023444e-28	ANKRD10	c4
2.16968860028501e-28	0.90142470193634	0.05	0.123	7.27670162763585e-24	CD151	c4
1.8688418703961e-28	0.901241981439262	0.057	0.135	6.26772186493443e-24	GLCCI1	c4
1.61194593014976e-12	0.901085220734008	0.022	0.052	5.40614426053628e-08	CYP2R1	c4
6.7394461629588e-20	0.901060301691839	0.025	0.07	2.26027545413312e-15	EIF3J-DT	c4
1.31942471263668e-47	0.901016521924162	0.177	0.377	4.4250866012409e-43	DHX36	c4
1.09580860540332e-37	0.900792513269334	0.077	0.184	3.67512290080165e-33	SP3	c4
3.61341704394095e-26	0.899921698982057	0.32	0.607	1.21186780819692e-21	PPP2R5C	c4
9.07158541866763e-19	0.899484303767987	0.035	0.084	3.04242831771275e-14	FAM53C	c4
9.28483732230305e-14	0.899346405127597	0.022	0.054	3.113948741154e-09	CNPY4	c4
8.74350420142599e-15	0.898935982543885	0.025	0.061	2.93239643907425e-10	ZNF260	c4
5.40542278548932e-16	0.898776999368329	0.025	0.063	1.81287069379741e-11	UBQLN4	c4
3.22642464839055e-08	0.898505249851007	0.012	0.03	0.00108207829857722	ZNF337	c4
3.97721879065625e-40	0.898020725689782	0.27	0.543	1.33387963801029e-35	HLA-F	c4
1.25269712736228e-16	0.897578587518872	0.023	0.061	4.20129562574761e-12	TRMT2A	c4
3.45739887545021e-13	0.897551835971408	0.018	0.048	1.15954243484849e-08	CCNY	c4
8.78535865677903e-10	0.897466811237547	0.013	0.035	2.94643358631055e-05	ZFAND4	c4
3.05618151202934e-19	0.897196442668373	0.033	0.081	1.0249821555044e-14	SIPA1	c4
5.37109653314347e-20	0.897187049589002	0.034	0.084	1.80135835528566e-15	FASTKD2	c4
2.04300734335882e-23	0.897170554069457	0.051	0.116	6.85183802815681e-19	YTHDF3	c4
1.11104547749268e-31	0.897136579457034	0.11	0.226	3.72622432241494e-27	GTF3C1	c4
1.67319722600959e-11	0.896947431342078	0.016	0.041	5.61156885659095e-07	HOOK2	c4
1.24038437259247e-07	0.896636745928785	0.009	0.025	0.00416000110880062	TM7SF2	c4
2.06785202315207e-12	0.895942994238188	0.017	0.044	6.93516211524742e-08	LSM14B	c4
3.67855737119648e-26	0.895649335058422	0.052	0.124	1.23371457115188e-21	MTF1	c4
3.21214290035354e-37	0.895261735262133	0.076	0.181	1.07728848592057e-32	NSUN2	c4
3.47982448739793e-10	0.895246115034637	0.018	0.042	1.16706353658352e-05	SLC35D1	c4
9.83295126786887e-39	0.895203204199685	0.106	0.233	3.29777519621786e-34	PPM1K	c4
5.36133397436828e-08	0.894692907487125	0.008	0.023	0.00179808418832364	SNHG21	c4
2.54341265472614e-42	0.894335733574553	0.213	0.433	8.53009736142052e-38	TAPBP	c4
6.45153440178589e-43	0.894047948427702	0.126	0.277	2.16371560767095e-38	RANGAP1	c4
1.36786276406829e-20	0.893953913988403	0.038	0.091	4.58753813813223e-16	MOGS	c4
1.46870627528023e-43	0.893815206515048	0.13	0.283	4.92574710603484e-39	N4BP1	c4
2.16707568873431e-12	0.893658615534923	0.024	0.055	7.26793844487711e-08	SLC39A9	c4
2.27277749814212e-07	0.893495676209126	0.01	0.026	0.00762244117326903	ABCB10	c4
1.32716081533694e-38	0.893241208729296	0.093	0.212	4.45103194247704e-34	ZNF131	c4
2.10945033794339e-38	0.892687189641437	0.077	0.186	7.07467454339455e-34	EIF2AK2	c4
1.03202962756299e-19	0.892257454847547	0.043	0.097	3.46122096492075e-15	ZDHHC5	c4
1.15361884080954e-21	0.892159221733007	0.035	0.088	3.86900686830703e-17	CHPF2	c4
2.92955074116351e-27	0.892140246181469	0.055	0.13	9.82512727571417e-23	PARP9	c4
2.41124641798862e-32	0.891902715664069	0.067	0.158	8.08683823665025e-28	ZNF326	c4
3.29643015296814e-35	0.891819839206245	0.078	0.181	1.10555674470246e-30	ESCO1	c4
4.58824824338033e-12	0.891777463702725	0.019	0.047	1.5388066958649e-07	SLC9A9	c4
1.12579882561597e-21	0.891371748228351	0.036	0.09	3.77570410135083e-17	HIF1AN	c4
4.60459294170073e-30	0.890606612479245	0.069	0.157	1.54428838078759e-25	EXOC5	c4
2.93036290138124e-08	0.890330034257703	0.008	0.025	0.000982785109865241	DUS4L	c4
1.34210219009604e-25	0.889766803902247	0.039	0.102	4.50114232514409e-21	USF1	c4
1.73441882433439e-39	0.889228714501172	0.077	0.187	5.81689385305269e-35	C5orf24	c4
4.22122522923279e-37	0.889103115883067	0.069	0.171	1.41571451738009e-32	EIF2B4	c4
3.25556042935117e-34	0.889097217500313	0.061	0.152	1.0918498567958e-29	DDX52	c4
8.39241572440666e-27	0.889019742302096	0.04	0.105	2.81464838565151e-22	METTL14	c4
2.24722470910886e-46	0.888713626477505	0.102	0.241	7.53674222940931e-42	ZC3H13	c4
4.23599800690672e-29	0.886935980831317	0.051	0.126	1.42066901155638e-24	ERCC3	c4
1.11856955267634e-07	0.886704520678007	0.01	0.026	0.00375145856576592	GDAP1	c4
3.02162953822124e-33	0.886192234440232	0.051	0.135	1.01339411452864e-28	ATG4D	c4
7.06670047717769e-30	0.885983713548833	0.062	0.146	2.37003000603585e-25	MFSD6	c4
1.81467236530851e-18	0.885980166421561	0.031	0.076	6.0860481787717e-14	ZUP1	c4
1.11990828045535e-10	0.885943766100127	0.016	0.04	3.75594839099116e-06	ITGB2-AS1	c4
2.04791350592141e-26	0.885864664219433	0.046	0.115	6.86829231615921e-22	REC8	c4
7.52742288738885e-07	0.88515987166529	0.009	0.023	0.0252454708797247	ALAD	c4
2.13838259740063e-19	0.885155991134571	0.035	0.084	7.17170755516224e-15	CWF19L1	c4
4.21231414614777e-52	0.885089693822613	0.134	0.307	1.41272591833504e-47	RAB6A	c4
9.15895523672346e-28	0.885088427290988	0.058	0.136	3.07173040729231e-23	DYNC1I2	c4
1.26993393655555e-09	0.884988302088112	0.017	0.04	4.25910443642e-05	IL18R1	c4
6.21326901418516e-47	0.884621983552375	0.118	0.27	2.08380616197742e-42	BTN3A2	c4
1.25500094356463e-11	0.884177979452941	0.017	0.043	4.20902216452705e-07	ZNF518B	c4
6.53304555168709e-16	0.884104960529781	0.025	0.063	2.19105281712482e-11	MDM1	c4
2.7163233559769e-15	0.883210971174308	0.024	0.061	9.11000527127534e-11	TOE1	c4
1.172515926183e-08	0.882541667573876	0.013	0.033	0.000393238391323255	ZNF432	c4
1.65981796021958e-17	0.882392454616911	0.035	0.082	5.56669747498443e-13	MSL2	c4
8.25837033331583e-10	0.882110725173514	0.012	0.033	2.76969224238746e-05	ZMYM3	c4
3.19485809357038e-22	0.881748486671412	0.042	0.1	1.07149150742163e-17	ADD3	c4
3.63475243922379e-41	0.881040279670837	0.23	0.463	1.21902327306687e-36	ROCK1	c4
3.31083309232509e-16	0.880786763157317	0.029	0.07	1.11038720250399e-11	USP5	c4
6.24638085497253e-11	0.88055250938116	0.012	0.034	2.09491121114069e-06	CDC7	c4
1.12456491394786e-40	0.88022439684814	0.061	0.163	3.77156580839832e-36	TBC1D20	c4
3.1807245417562e-28	0.879979469098516	0.067	0.151	1.0667513968142e-23	DUSP16	c4
1.84727021769799e-23	0.879857431036463	0.044	0.106	6.19537485611552e-19	STIM2	c4
3.82477124763778e-15	0.87980500238098	0.02	0.053	1.28275178103276e-10	POP1	c4
2.78865583099899e-21	0.879683367962944	0.036	0.09	9.35259392600442e-17	QKI	c4
2.71235149331654e-23	0.879675721077552	0.04	0.099	9.09668443828501e-19	PKNOX1	c4
3.40510974532783e-07	0.878543328753518	0.009	0.023	0.0114200570638805	AC007383.2	c4
7.27944227449852e-25	0.878535910175088	0.04	0.102	2.44137935002131e-20	CNOT10	c4
1.22451087087132e-07	0.878295996805041	0.01	0.026	0.00410676455872822	RDH13	c4
2.0564654421927e-57	0.87775021687632	0.159	0.362	6.89697380002587e-53	MFSD10	c4
9.72497807649365e-27	0.87772255376203	0.053	0.126	3.26156314729444e-22	CLIC5	c4
1.18116830311595e-17	0.877585226665959	0.029	0.072	3.96140225499026e-13	ZNF211	c4
1.51108681325904e-10	0.877570852621232	0.021	0.047	5.06788295430817e-06	ZW10	c4
2.47453798400286e-22	0.877407691200631	0.027	0.077	8.29910549074878e-18	PPP3CB	c4
9.20074911538222e-08	0.877278255456901	0.008	0.023	0.00308574723831689	ORC6	c4
5.02037457597689e-16	0.876920106968601	0.028	0.068	1.68373322529113e-11	NAT9	c4
7.75393860943783e-18	0.876676479780276	0.032	0.077	2.60051593083326e-13	TBC1D5	c4
7.0437006341524e-11	0.876223331947402	0.012	0.035	2.36231631868203e-06	FDX2	c4
1.11958421923265e-25	0.875272614069913	0.053	0.124	3.75486155446246e-21	FOXO1	c4
7.4867011116923e-24	0.875152349079548	0.035	0.093	2.51088981883936e-19	SPATA33	c4
1.62590697312519e-22	0.87497149957278	0.043	0.103	5.45296680646727e-18	PIK3CG	c4
6.63582503463657e-12	0.874742392325322	0.016	0.042	2.22552300011641e-07	SMARCAL1	c4
6.4581815987892e-27	0.874722254495901	0.043	0.11	2.16594494460192e-22	UBQLN2	c4
1.15060449768624e-32	0.87437558093491	0.067	0.158	3.8588973643401e-28	TLE3	c4
3.46741664194885e-17	0.873821386860723	0.027	0.068	1.1629021933768e-12	ZBP1	c4
6.96222773478311e-28	0.873122588112139	0.034	0.098	2.33499193769156e-23	ASB6	c4
8.03018414692817e-42	0.873075006179429	0.083	0.201	2.69316315919677e-37	UPF3A	c4
2.63335954698677e-27	0.872783444508749	0.047	0.118	8.83176124868422e-23	AP4M1	c4
8.67383388317296e-34	0.872586235648039	0.075	0.173	2.90903040773855e-29	ARHGEF2	c4
1.23243812159158e-21	0.872485584953835	0.041	0.098	4.13335097219384e-17	HECTD3	c4
9.05095675642622e-36	0.871972202970239	0.095	0.21	3.03550987697023e-31	TOX	c4
7.54602264892411e-14	0.871641339266104	0.022	0.055	2.53078507599617e-09	SAMD3	c4
3.65211718401292e-41	0.871535368756448	0.086	0.204	1.22484706117425e-36	MIA3	c4
3.78480164233542e-36	0.871445977534786	0.095	0.21	1.26934677480645e-31	OXSR1	c4
2.11229737084801e-13	0.870649977185336	0.019	0.05	7.08422292235007e-09	RIPOR1	c4
2.06245803711099e-20	0.870014050523518	0.342	0.634	6.91707176486285e-16	CFLAR	c4
7.29318384044333e-21	0.869951265445864	0.033	0.084	2.44598799640789e-16	ANKRA2	c4
1.04432307759335e-41	0.869643303245947	0.089	0.212	3.50245073763258e-37	PSPC1	c4
6.46984388853392e-10	0.86957061305444	0.017	0.04	2.16985624333651e-05	BMPR1A	c4
4.16360313566086e-44	0.868588623482147	0.133	0.29	1.39638921963794e-39	PRRC2A	c4
2.67238748074752e-17	0.868223144798442	0.025	0.065	8.96265313293103e-13	LINC00909	c4
4.19920155977104e-13	0.867964938576511	0.019	0.049	1.40832821911601e-08	FOXP4	c4
6.12842711925868e-24	0.867690016499034	0.033	0.09	2.05535188725698e-19	MAN2B1	c4
1.24678493163061e-50	0.867455297838438	0.156	0.344	4.18146730370276e-46	ZNFX1	c4
2.76418580387365e-26	0.866790175271979	0.044	0.11	9.27052634903144e-22	STX2	c4
4.63378225772899e-31	0.866744564304835	0.058	0.142	1.55407789359715e-26	RETREG3	c4
3.75550823903518e-31	0.865583263138882	0.047	0.124	1.25952235320762e-26	ELAC2	c4
1.00447793791517e-12	0.865422680127083	0.015	0.041	3.3688181081799e-08	QRSL1	c4
2.4753673698105e-55	0.865053801966316	0.148	0.338	8.30188708487046e-51	RB1CC1	c4
2.60490925827958e-49	0.864661420882415	0.092	0.229	8.73634467041805e-45	FBXW5	c4
1.61096607899422e-15	0.864353759408503	0.024	0.061	5.40285803573081e-11	FAM126A	c4
4.57004103316557e-15	0.864008810954823	0.025	0.061	1.53270036170307e-10	CSKMT	c4
1.1515864886765e-08	0.863248755888008	0.01	0.027	0.000386219076572326	RNF170	c4
1.01649912751176e-51	0.862193367539019	0.106	0.257	3.40913477384893e-47	QRICH1	c4
5.88954391844211e-14	0.861866504328274	0.022	0.055	1.97523523936712e-09	SENP1	c4
4.09740154887452e-08	0.861754263891921	0.013	0.032	0.00137418653146154	MAP3K20	c4
1.42416920073225e-49	0.860726676049243	0.174	0.374	4.77637866541582e-45	NUP98	c4
3.81222676160776e-28	0.859861482036782	0.046	0.118	1.27854461130801e-23	TP53I13	c4
2.52582859548001e-24	0.859354142536686	0.045	0.109	8.47112394352086e-20	PWWP2A	c4
3.20761700098945e-21	0.85879887112612	0.045	0.103	1.07577058979184e-16	BMF	c4
5.8502798668018e-44	0.858568484144076	0.239	0.488	1.96206686172799e-39	EIF3A	c4
1.37422499844498e-41	0.858067183354273	0.205	0.414	4.60887579978476e-37	DDX3X	c4
1.43793161646382e-19	0.85806091980026	0.032	0.08	4.82253505529635e-15	ZBTB4	c4
2.0412915578316e-09	0.857682506438448	0.013	0.033	6.84608362665562e-05	PUS7	c4
7.41135776346956e-07	0.857096301832677	0.007	0.02	0.0248562116671242	PUS10	c4
2.75631187340461e-18	0.856548744612312	0.03	0.074	9.24411876102438e-14	PPP2R1B	c4
4.99114044429571e-54	0.856344661049956	0.216	0.463	1.67392868220789e-49	TMEM43	c4
8.65388256965574e-22	0.855884444858535	0.044	0.103	2.90233913621114e-17	IFI44	c4
3.94532358398748e-45	0.855493231896735	0.099	0.234	1.32318262359772e-40	PPP4R3B	c4
1.42060375877182e-10	0.855324311477093	0.01	0.032	4.76442088616895e-06	PRIM2	c4
1.44451335089211e-07	0.855232916323983	0.008	0.022	0.00484460887622196	COPG2	c4
1.42382056027458e-27	0.854978528049976	0.037	0.103	4.77520939504888e-23	TSPAN17	c4
3.67630224585537e-36	0.85451839791484	0.067	0.165	1.23295824721497e-31	SLC25A36	c4
5.04774657514123e-40	0.854245639492409	0.08	0.193	1.69291324637087e-35	ZMYM5	c4
2.46770009095818e-18	0.854211106750469	0.027	0.07	8.27617256505555e-14	SLC25A51	c4
1.18834217633412e-09	0.852771012058232	0.012	0.032	3.98546199098938e-05	MCU	c4
3.80430714192298e-47	0.851881123142738	0.104	0.246	1.27588852925813e-42	ZBTB7A	c4
1.63907769733472e-51	0.851756790060623	0.172	0.375	5.49713878132117e-47	DIAPH1	c4
2.55441758320035e-45	0.851185235151237	0.103	0.24	8.56700569053732e-41	WHAMM	c4
1.28082869783007e-07	0.850860513048456	0.018	0.037	0.00429564328678247	MGAT5	c4
1.68997374245749e-36	0.850647593610129	0.064	0.16	5.66783393745394e-32	PCMTD1	c4
2.60946195577465e-17	0.850487688150873	0.027	0.069	8.75161350727702e-13	SCLT1	c4
2.24325928175556e-07	0.850433738085484	0.007	0.022	0.0075234429791518	AL450998.2	c4
7.91483914376403e-26	0.850104041504857	0.037	0.1	2.65447875203558e-21	DENND2D	c4
3.79561466632847e-10	0.849865955535491	0.016	0.038	1.27297324679324e-05	ZBTB33	c4
1.16570458227593e-16	0.849724833424162	0.023	0.062	3.90954002803701e-12	NELFB	c4
1.0226025409455e-34	0.849247536326655	0.046	0.129	3.42960440182302e-30	GPAA1	c4
2.75327105486209e-22	0.848284634969283	0.033	0.087	9.23392046379647e-18	LTBP4	c4
2.98723771141984e-10	0.847959828518104	0.016	0.04	1.00185978365599e-05	FBXL4	c4
3.35875988311834e-21	0.847231938054168	0.033	0.085	1.12646088960023e-16	ZNF821	c4
3.33798096429998e-08	0.846893984964184	0.009	0.025	0.00111949205580693	GINS4	c4
8.470546631082e-16	0.846805009282017	0.023	0.06	2.84085192913228e-11	AC013394.1	c4
4.08813247735047e-46	0.846595890193917	0.063	0.176	1.3710778702538e-41	IKBKG	c4
1.47534481536548e-12	0.846100631424051	0.025	0.056	4.94801144177273e-08	CD80	c4
2.75422640111467e-20	0.845476274461564	0.028	0.076	9.2371245040584e-16	HELQ	c4
6.26944202065174e-26	0.845048712764647	0.042	0.107	2.10264546488618e-21	ZNF699	c4
5.2113073234816e-08	0.845000452910798	0.01	0.026	0.00174776825014926	FBXO46	c4
3.59981063929032e-49	0.844763155646439	0.243	0.507	1.20730449220519e-44	CSNK1D	c4
2.17027066323192e-11	0.842929342083716	0.013	0.037	7.27865375034722e-07	SLCO4A1	c4
3.67962609217534e-56	0.842763411697539	0.118	0.286	1.23407299879377e-51	RNMT	c4
3.17198964048689e-11	0.842667831303976	0.021	0.048	1.06382188562649e-06	SLC25A40	c4
7.89715197678177e-51	0.842609455549147	0.119	0.278	2.64854682997307e-46	LRRFIP2	c4
3.90816591378046e-08	0.842569197698131	0.012	0.03	0.00131072068416369	DUSP8	c4
4.73214823981729e-08	0.842179059988702	0.013	0.032	0.00158706787666992	XPNPEP3	c4
1.06526411482433e-43	0.842042672752934	0.103	0.238	3.57268278829784e-39	GRAMD1A	c4
1.39294429955744e-41	0.84180376548191	0.095	0.221	4.67165659185575e-37	APOL6	c4
5.29434042157622e-17	0.841529473016773	0.021	0.059	1.77561589058823e-12	RNF31	c4
2.49935401120241e-39	0.841093888373216	0.077	0.187	8.38233348277064e-35	ATG13	c4
1.5938996295e-09	0.840997265214793	0.01	0.029	5.34562057741709e-05	BORCS8	c4
2.35943161185866e-14	0.840721805429833	0.02	0.053	7.91306173985158e-10	ZNF426	c4
5.08069085267589e-15	0.840361715523358	0.023	0.059	1.70396209817044e-10	NAGPA	c4
8.11096735041533e-18	0.840246885160107	0.023	0.064	2.72025622998229e-13	RCL1	c4
1.33294380461263e-06	0.839804441241002	0.007	0.02	0.0447042693190983	METTL25	c4
2.25784117905586e-08	0.839190940925559	0.008	0.025	0.000757234774631753	RIOX2	c4
9.68173443270778e-55	0.838689629921826	0.224	0.482	3.24706009404153e-50	PAFAH1B1	c4
1.68500113846766e-36	0.838139160782644	0.065	0.163	5.65115681819282e-32	UBAP2L	c4
9.01068202292406e-18	0.837775246012525	0.027	0.069	3.02200253684827e-13	AGPS	c4
9.49111195469991e-26	0.837743660030926	0.06	0.135	3.18312912736725e-21	PGM2L1	c4
7.77332464536642e-33	0.837634618444884	0.064	0.154	2.60701761956299e-28	ERAP2	c4
1.51044898213427e-18	0.83754210042702	0.035	0.083	5.06574379628193e-14	IKZF4	c4
8.20093250867042e-24	0.837333798117289	0.075	0.154	2.75042874475789e-19	SLAMF7	c4
3.22468477027105e-49	0.836835999249239	0.105	0.25	1.08149477825351e-44	RFC1	c4
7.27562188044927e-16	0.836378562231384	0.024	0.062	2.44009806626507e-11	GTPBP10	c4
8.05447263572682e-14	0.836352406825995	0.02	0.052	2.70130903257006e-09	ZMAT3	c4
1.86848440309019e-42	0.836313981296919	0.079	0.196	6.26652299108387e-38	SART3	c4
1.25355116103767e-19	0.836223254771309	0.029	0.076	4.20415988388815e-15	TMED8	c4
1.19011950885057e-47	0.835508512050383	0.132	0.295	3.99142280878303e-43	CNOT1	c4
3.45418535128404e-16	0.835423759820459	0.03	0.071	1.15846468311364e-11	ASB7	c4
7.06453095762507e-25	0.834000319140122	0.042	0.105	2.3693023925683e-20	SEC24A	c4
1.07557138455334e-18	0.833899848733527	0.028	0.073	3.60725130951498e-14	ORC4	c4
1.66195438377425e-09	0.833421962339909	0.016	0.038	5.57386261230206e-05	ZNF45	c4
2.45143440081934e-49	0.832960560631034	0.097	0.238	8.22162069346791e-45	TRAF3	c4
1.82802473639969e-22	0.832870415184319	0.025	0.074	6.13082936093728e-18	RAB24	c4
2.04246844835143e-25	0.83233126470116	0.038	0.1	6.85003068208102e-21	VPS11	c4
2.10046181570318e-23	0.832205739988469	0.034	0.09	7.04452883750531e-19	LRRC40	c4
7.78456923187103e-07	0.831969730550657	0.009	0.023	0.0261078882898491	FRMD4B	c4
5.3402522536026e-32	0.831735627470227	0.06	0.147	1.79101380081324e-27	ZNF721	c4
3.52891665445077e-07	0.831578615108691	0.007	0.021	0.011835280675697	EPB41L2	c4
1.15525080724443e-38	0.831084723802692	0.065	0.167	3.87448015733636e-34	CUL3	c4
8.11925633347115e-16	0.830965756235665	0.032	0.074	2.72303618911956e-11	EXOC8	c4
3.07453115936156e-22	0.829526587280688	0.03	0.082	1.03113626022668e-17	CASP8AP2	c4
3.77124600536303e-26	0.829136188530159	0.04	0.104	1.26480048527865e-21	ABCB7	c4
2.70829624226442e-39	0.829077722037632	0.091	0.21	9.0830839373064e-35	IPO7	c4
1.11528470870535e-21	0.829068663853444	0.032	0.085	3.74044185605602e-17	CEP89	c4
3.08860269789662e-18	0.828815021462068	0.033	0.079	1.03585557282057e-13	RUNDC1	c4
4.75792911448355e-45	0.828625296811814	0.106	0.245	1.59571426641549e-40	CMIP	c4
1.45337364585971e-56	0.828078796334769	0.121	0.292	4.87432453348429e-52	TMEM165	c4
1.46827486589706e-20	0.827983011122313	0.029	0.077	4.92430024524555e-16	HIBCH	c4
8.50977618972943e-15	0.82781914218744	0.022	0.057	2.85400873851146e-10	FAM98B	c4
2.17270862919662e-30	0.827303953184238	0.063	0.149	7.28683020059964e-26	ST3GAL1	c4
1.0061986607319e-18	0.826896582953376	0.033	0.08	3.37458906836265e-14	TLE4	c4
6.98684109543371e-08	0.82619537779465	0.012	0.029	0.00234324676658656	FARS2	c4
8.15182278460176e-28	0.826034201139926	0.05	0.123	2.73395832549974e-23	TBP	c4
5.27746303663095e-09	0.824833557188241	0.013	0.032	0.000176995555322529	ACADSB	c4
5.2987948187085e-58	0.824576301454664	0.145	0.337	1.77710980629846e-53	U2SURP	c4
1.65753872320175e-17	0.824574732778239	0.024	0.064	5.55905336987403e-13	WRNIP1	c4
2.09832450619226e-08	0.824009478527628	0.01	0.027	0.00070373607288676	ADAM15	c4
4.38819724103333e-18	0.82342348669584	0.029	0.072	1.47171359069776e-13	PTEN	c4
1.76223808915493e-15	0.82288875868873	0.018	0.052	5.91019410340779e-11	ZNF12	c4
5.92599693930525e-35	0.822888719823796	0.057	0.147	1.98746085350419e-30	PKN1	c4
7.52997276727965e-08	0.821850204451554	0.007	0.021	0.00252540226669025	PRR5	c4
1.03990524831094e-13	0.821140661686809	0.023	0.056	3.48763422178524e-09	MCM4	c4
3.50630504641147e-32	0.820981881397843	0.05	0.131	1.17594458646548e-27	GTF3C5	c4
8.80978558452362e-40	0.820883788575269	0.065	0.168	2.95462588933753e-35	KATNBL1	c4
3.96917575534988e-12	0.820059492459907	0.013	0.039	1.33118216482924e-07	ACADS	c4
3.29993164913309e-09	0.819788258777176	0.015	0.036	0.000110673107648626	GBE1	c4
5.92825017159187e-20	0.819518843892649	0.029	0.077	1.98821654254848e-15	SLC25A12	c4
1.76436978790401e-21	0.818701585752678	0.047	0.106	5.91734339467246e-17	MBNL2	c4
1.97921575436073e-40	0.818610800727062	0.203	0.407	6.637893796975e-36	FAM102A	c4
1.61061153396329e-07	0.8182452622867	0.008	0.023	0.00540166896260608	APOLD1	c4
3.92300279192638e-41	0.817849145696787	0.076	0.188	1.31569667635627e-36	TAF3	c4
4.36752474060908e-14	0.817737439180314	0.018	0.048	1.46478044750547e-09	ZNF14	c4
1.01251146475074e-33	0.817672966520189	0.057	0.145	3.39576095048104e-29	USO1	c4
3.13961493456948e-25	0.817423120265186	0.036	0.096	1.05296405675591e-20	SLC25A25	c4
2.69141551239885e-20	0.817253156643462	0.027	0.074	9.02646934548327e-16	LRRC57	c4
1.90491623909123e-33	0.816720569739926	0.053	0.137	6.38870808266417e-29	ELMO2	c4
1.78339976985465e-45	0.816650902065224	0.156	0.332	5.98116614813853e-41	TRAF1	c4
6.73094109365343e-07	0.816253560519562	0.007	0.02	0.0225742302398949	FICD	c4
1.33263857872352e-55	0.814789399112387	0.135	0.315	4.46940326532294e-51	EIF4G1	c4
4.96397097565174e-23	0.814736990968466	0.032	0.086	1.66481658581408e-18	CIZ1	c4
7.24425644931327e-13	0.814647247737105	0.024	0.056	2.42957872797068e-08	TMEM63B	c4
2.6946225451393e-34	0.814575507998253	0.046	0.128	9.03722509188818e-30	PMM1	c4
9.13980735080928e-12	0.81457323512893	0.015	0.041	3.06530858931442e-07	SH3YL1	c4
1.44130347125322e-28	0.814287849452314	0.043	0.113	4.83384358188905e-24	DLGAP4	c4
3.93989257968517e-40	0.814189874285606	0.129	0.275	1.32136117337481e-35	CCNH	c4
3.42253053051272e-50	0.814018205641607	0.243	0.508	1.14784828932336e-45	NSD3	c4
1.77595482376952e-12	0.813668942084826	0.013	0.039	5.9561972879582e-08	TBC1D7	c4
3.93504333903203e-52	0.813258408517549	0.122	0.287	1.31973483504456e-47	CAPRIN1	c4
6.95310395694501e-48	0.812294583150106	0.104	0.247	2.33193200508022e-43	PUM1	c4
1.35429625100819e-31	0.81199920154078	0.06	0.146	4.54203876663127e-27	MSL3	c4
1.76182482431655e-19	0.811599462465244	0.024	0.067	5.90880809579286e-15	KCTD17	c4
1.33685345124742e-08	0.811490131963931	0.01	0.027	0.000448353910479361	PGBD2	c4
6.20004771742694e-22	0.811271220423816	0.034	0.088	2.07937200347065e-17	ACSL5	c4
4.67829472038883e-22	0.810221035445831	0.023	0.071	1.56900648332401e-17	CPSF2	c4
9.46576295297143e-39	0.809184091884081	0.069	0.173	3.17462757916756e-34	UBASH3A	c4
2.81987259674989e-32	0.808988006912043	0.053	0.135	9.45728871497977e-28	COG3	c4
1.87506314013017e-19	0.808938979592629	0.03	0.077	6.28858675936855e-15	VGLL4	c4
9.49023244341614e-22	0.808419925129054	0.033	0.085	3.1828341568729e-17	JADE1	c4
1.08475769617993e-17	0.807430196044392	0.028	0.071	3.63806036144824e-13	ZNF3	c4
5.31712401360604e-44	0.807274945920823	0.095	0.226	1.78325705168319e-39	TSEN54	c4
3.99286445081106e-61	0.806626514413245	0.171	0.391	1.33912687951301e-56	RNF115	c4
2.37259752120641e-17	0.806461309730181	0.025	0.066	7.95721756662207e-13	TMEM184B	c4
4.84422045569232e-12	0.806368318466324	0.013	0.039	1.62465465643009e-07	DSN1	c4
4.81100554366242e-11	0.806149241367087	0.015	0.039	1.6135150392335e-06	DNAJA4	c4
6.18154504222579e-38	0.806096949948125	0.057	0.151	2.07316657626169e-33	SUPT7L	c4
1.4265269186055e-22	0.805399284685763	0.037	0.093	4.78428597961914e-18	LRRC58	c4
3.87966904327096e-46	0.804771350578787	0.098	0.235	1.30116340373222e-41	GRAP2	c4
9.84650131929603e-22	0.804711809457131	0.035	0.088	3.3023196124655e-17	MAML1	c4
1.51191456957323e-08	0.804452684459016	0.008	0.025	0.00050706590834347	STK32C	c4
2.29298946152547e-47	0.804090388040175	0.118	0.27	7.69022805606411e-43	LRMP	c4
8.58637801170452e-13	0.803688561847772	0.016	0.044	2.87969945756546e-08	SLC15A4	c4
1.57319242045705e-31	0.803621341895504	0.045	0.122	5.27617273972886e-27	WDR13	c4
5.27093062361427e-26	0.803408324082302	0.035	0.096	1.76776471254775e-21	GFI1	c4
4.42216086590141e-38	0.803120367805454	0.057	0.153	1.48310431120601e-33	CDC27	c4
1.14445181321342e-54	0.803085544239587	0.177	0.389	3.83826249115517e-50	BAZ1A	c4
9.59183360063979e-27	0.802109563141295	0.038	0.102	3.21690915298257e-22	HSD17B7	c4
5.67084525644206e-34	0.801865173594758	0.074	0.172	1.90188808210554e-29	RRP1B	c4
1.2076706394975e-33	0.801845055376263	0.05	0.133	4.05028579074671e-29	GTPBP1	c4
1.34820770981257e-19	0.801725841787886	0.036	0.087	4.5216190171694e-15	MAP3K7	c4
1.5380542312172e-33	0.801611431719852	0.042	0.12	5.15832628065625e-29	MIIP	c4
6.17205395244679e-21	0.801561526494268	0.029	0.078	2.0699834545716e-16	CLPTM1L	c4
6.05156165191262e-42	0.801541389954451	0.079	0.195	2.02957274681845e-37	SP110	c4
4.7495344675431e-21	0.801460866906986	0.031	0.081	1.59289886972461e-16	SRFBP1	c4
2.84496783870024e-07	0.800412969617843	0.01	0.026	0.00954145313743287	DSE	c4
1.04413541536848e-24	0.799974116071937	0.032	0.089	3.50182135606282e-20	TJAP1	c4
1.0979382024449e-38	0.799910205136337	0.064	0.165	3.6822651433597e-34	DHX16	c4
8.46444775626798e-35	0.799609448755597	0.062	0.155	2.83880648849716e-30	TENT2	c4
5.21325791493802e-44	0.799477842565309	0.088	0.213	1.74842243951191e-39	ETNK1	c4
2.45116158489275e-24	0.799308142116366	0.032	0.088	8.22070572341329e-20	PI4K2B	c4
1.15191207907323e-09	0.799168082883849	0.01	0.03	3.86328273079579e-05	AP002490.1	c4
4.84589424810329e-22	0.79887216295603	0.029	0.08	1.62521601292888e-17	SURF6	c4
5.27516355389883e-54	0.798050292810228	0.1	0.25	1.76918435270659e-49	VPS51	c4
2.85500163321788e-43	0.796967797408853	0.058	0.162	9.57510447748613e-39	DBNL	c4
2.2010009215244e-32	0.79683666840026	0.066	0.156	7.38171689060852e-28	TP53BP2	c4
1.66036425958681e-14	0.796832757350003	0.018	0.049	5.56852965380225e-10	TP53	c4
4.52306158818378e-47	0.796725941478404	0.096	0.232	1.51694439544507e-42	GALNT11	c4
1.3262073850798e-34	0.796562652779574	0.047	0.129	4.44783432808065e-30	VAPB	c4
2.72126650523184e-16	0.795899688968088	0.028	0.068	9.12658360524656e-12	DCAF1	c4
3.73010661308303e-49	0.795135351250837	0.098	0.239	1.25100315589579e-44	POLR2B	c4
4.7031507443651e-36	0.795039267311768	0.058	0.15	1.57734269664517e-31	OSBPL9	c4
1.18268255603914e-47	0.794072970598566	0.116	0.268	3.96648075644407e-43	PTPRJ	c4
1.6735770922103e-24	0.794007928721365	0.032	0.089	5.6128428518549e-20	TMEM189	c4
2.97507551152573e-29	0.793995317965004	0.048	0.123	9.97780825055498e-25	ARRDC3	c4
1.19771490873477e-07	0.793660736987309	0.007	0.021	0.00401689626091467	PER3	c4
1.06952506465694e-10	0.79278514823502	0.012	0.035	3.58697316184646e-06	RSPH3	c4
4.80913765632592e-22	0.792598926935913	0.033	0.086	1.61288858717859e-17	ATF6	c4
6.30775383204007e-15	0.792092412891409	0.021	0.056	2.1154944801896e-10	TRAPPC13	c4
3.09843206510089e-35	0.791884782227089	0.051	0.138	1.03915214599354e-30	AAGAB	c4
2.04830707327631e-39	0.791884296463731	0.081	0.193	6.8696122623541e-35	UHRF1BP1L	c4
2.41550316857496e-15	0.791411419723028	0.022	0.057	8.1011145267667e-11	KDM1A	c4
1.82289265044994e-11	0.790868685204176	0.016	0.042	6.11361737107899e-07	PHC2	c4
4.71729560857868e-12	0.790245382827431	0.013	0.038	1.58208660120512e-07	PLCD1	c4
2.56912258783826e-19	0.790198437767111	0.021	0.063	8.61632333509197e-15	APH1B	c4
8.72634706609762e-10	0.78994004867395	0.016	0.038	2.92664227902782e-05	TAF4B	c4
4.38741195390332e-27	0.789863444470519	0.037	0.101	1.4714502211001e-22	AARS	c4
1.36314028590554e-06	0.789772980544025	0.008	0.021	0.0457169989087	ZNF624	c4
1.78875090061413e-51	0.789150668494033	0.146	0.325	5.99911277047969e-47	SMARCA2	c4
2.39234769083022e-08	0.789092302874195	0.012	0.03	0.000802345568550639	CTNS	c4
7.28569011444743e-30	0.788010566526186	0.044	0.116	2.44347475058338e-25	CTPS1	c4
3.3900549643721e-09	0.787903072517768	0.009	0.028	0.000113695663395112	THTPA	c4
7.74065984412189e-28	0.787426728455229	0.044	0.113	2.5960624985216e-23	C6orf106	c4
1.17186984633473e-35	0.786822950044607	0.058	0.15	3.93021709063741e-31	SYVN1	c4
3.84953922205035e-29	0.786777001252345	0.042	0.113	1.29105846429125e-24	FBXO28	c4
4.73316590057138e-11	0.785548136493344	0.011	0.033	1.58740917973363e-06	AASDH	c4
3.49622674519215e-07	0.785516256675265	0.008	0.022	0.0117256452580254	ZNF436	c4
1.45014489996013e-13	0.784924407682733	0.014	0.042	4.8634959654863e-09	ALDH16A1	c4
1.32154517360827e-13	0.784233126028955	0.015	0.044	4.43219820324742e-09	MRS2	c4
4.51324530322745e-28	0.784026683442422	0.044	0.113	1.51365220979642e-23	ACBD5	c4
1.39927288194551e-36	0.783793467765436	0.051	0.14	4.69288139146884e-32	ACAA1	c4
1.70059818226571e-10	0.782640416308832	0.012	0.034	5.70346618368274e-06	MGME1	c4
6.70918529494144e-20	0.781769466807046	0.029	0.077	2.25012656421746e-15	SP1	c4
3.38749758392219e-11	0.781416573300295	0.013	0.037	1.13609893969582e-06	MIER2	c4
5.39392001116773e-50	0.779629592025807	0.099	0.243	1.80901289334543e-45	TRIM28	c4
4.62687058098463e-09	0.779078837505509	0.008	0.025	0.000155175985545063	ARMC2	c4
7.28199904815397e-28	0.778872317763027	0.033	0.096	2.44223684076988e-23	BIN3	c4
7.08540242140565e-09	0.778822689804307	0.014	0.034	0.000237630226409103	ZNF623	c4
1.3999373492935e-34	0.778799426108577	0.06	0.15	4.69510988206055e-30	MFSD11	c4
3.6075145934769e-10	0.777851143706919	0.012	0.034	1.20988824436028e-05	ZSCAN26	c4
1.38575213851766e-41	0.777641170005054	0.067	0.174	4.64753552216051e-37	SS18	c4
2.28856123891447e-23	0.777287384262744	0.031	0.085	7.67537668307137e-19	CWC27	c4
5.36785494558569e-07	0.777003314464432	0.006	0.019	0.0180027119165053	FANCL	c4
2.2275968172635e-28	0.776945073005088	0.034	0.098	7.47091420573832e-24	LTBP3	c4
6.66669594955584e-32	0.776680141993867	0.065	0.153	2.23587648756204e-27	IL6ST	c4
1.72986299123892e-17	0.776401976731135	0.019	0.056	5.80161450001708e-13	MGMT	c4
6.79299557010944e-14	0.776009356757192	0.02	0.051	2.2782348543033e-09	COMMD10	c4
2.05092428009866e-20	0.77590006126737	0.027	0.074	6.87838985059489e-16	RHOT1	c4
2.24346167352239e-09	0.775490641999801	0.011	0.031	7.5241217606594e-05	ZNF649	c4
3.81122375828366e-45	0.775271411238089	0.111	0.254	1.27820822405317e-40	PLEKHA2	c4
9.34618862919491e-10	0.77518134823264	0.01	0.03	3.13452474245939e-05	PLA2G12A	c4
2.64146117998169e-40	0.774869450564119	0.29	0.584	8.85893250542258e-36	TAF1D	c4
2.97036751837933e-13	0.774470779222169	0.017	0.046	9.9620185831406e-09	DAPP1	c4
3.80808684260772e-07	0.773846468591932	0.008	0.022	0.0127715616527378	CIP2A	c4
6.15651169143012e-13	0.77367934035871	0.02	0.051	2.06477089107183e-08	ZBED1	c4
6.3695447832493e-30	0.773450378112964	0.041	0.113	2.13621792940615e-25	POLR3C	c4
2.94734545049692e-52	0.772548557109397	0.118	0.279	9.88480717187657e-48	DNAJC2	c4
2.74958185182125e-08	0.772522061859741	0.015	0.034	0.00092215476146381	CMPK2	c4
1.42980828127731e-44	0.771953461509013	0.09	0.217	4.79529101374783e-40	CASC3	c4
6.82715734323127e-37	0.771897731421185	0.054	0.144	2.2896920297729e-32	CCDC69	c4
1.56633167253331e-10	0.771602767318483	0.014	0.037	5.25316316334223e-06	CSTF3	c4
2.8165064504552e-49	0.770067488959421	0.068	0.189	9.44599933353665e-45	BAG6	c4
1.04830478053951e-15	0.76969074009472	0.021	0.056	3.51580457297341e-11	FAM78A	c4
1.50767647705418e-15	0.769484687361153	0.018	0.052	5.05644536874432e-11	KIAA2013	c4
1.5642123685069e-08	0.769414918393977	0.01	0.027	0.000524605544149844	MTMR1	c4
1.30102289404194e-24	0.769096386309955	0.046	0.11	4.36337058203784e-20	SNRK	c4
3.47679687915244e-07	0.768657549354447	0.008	0.022	0.0116604813733015	AC243829.1	c4
5.12325204307635e-24	0.767636432073626	0.337	0.634	1.71823627020694e-19	CD6	c4
1.32357023771664e-07	0.767452701911043	0.01	0.025	0.00443898986325406	NEMP2	c4
8.70178887876904e-08	0.767175714617462	0.01	0.026	0.00291840595416156	TNFRSF13C	c4
1.42311726518209e-53	0.766563682655364	0.139	0.319	4.7728506839677e-49	IL10RA	c4
1.75616932205148e-55	0.766514049101598	0.108	0.266	5.88984067229627e-51	PHF11	c4
3.15238217002015e-39	0.766483428272042	0.071	0.176	1.05724593218136e-34	EFTUD2	c4
1.83613554539947e-24	0.765104137345586	0.031	0.087	6.15803139216076e-20	ALG12	c4
1.66030962226999e-08	0.764418511725235	0.008	0.025	0.000556834641116908	LHFPL6	c4
1.16153687165795e-09	0.764328463351347	0.009	0.027	3.89556236016644e-05	RECK	c4
1.73594471767023e-42	0.764196854398578	0.093	0.218	5.82201139412241e-38	LPIN2	c4
1.85676175622983e-24	0.76358324053223	0.071	0.149	6.22720757804362e-20	TCF7	c4
1.38774691105101e-13	0.763152448996705	0.018	0.048	4.65422559028288e-09	XXYLT1	c4
1.71392779270822e-08	0.762829791163833	0.008	0.025	0.000574817103118483	PINX1.1	c4
4.44702309796161e-34	0.762807095770874	0.052	0.136	1.49144260659436e-29	MALT1	c4
2.04980818235951e-46	0.762530775753749	0.064	0.177	6.87464668199732e-42	RNASEH2B	c4
5.08280025538292e-10	0.762103962362596	0.014	0.036	1.70466954965032e-05	SPOPL	c4
1.7270705099943e-15	0.761924342686465	0.025	0.062	5.7922490764189e-11	PPP2R2B	c4
7.84833244470041e-25	0.761409633624589	0.037	0.097	2.63217373530362e-20	GTDC1	c4
9.27407427476106e-19	0.761376535231707	0.025	0.068	3.11033903026937e-14	FAM199X	c4
1.09470950972765e-58	0.76135364606579	0.196	0.436	3.6714367537246e-54	KPNB1	c4
5.02700436776801e-66	0.761289611981486	0.131	0.326	1.68595672486204e-61	HM13	c4
1.17083049572328e-06	0.760467649547186	0.009	0.023	0.0392673131655674	LY75	c4
6.53343516796824e-37	0.760043045614876	0.067	0.166	2.19118348663319e-32	FOXN2	c4
1.86982221087607e-11	0.759632426951502	0.014	0.039	6.27100973083615e-07	EXO5	c4
4.61095711870332e-31	0.759442927658321	0.045	0.121	1.54642279847072e-26	TBK1	c4
1.25390460307964e-10	0.759436182846981	0.01	0.031	4.20534525780849e-06	HSPA14	c4
1.80003881173747e-07	0.759363207769384	0.01	0.026	0.00603697016680512	NCS1	c4
1.47040178841401e-08	0.758972249768321	0.01	0.028	0.00049314335179829	MICALL1	c4
1.71564704615425e-37	0.758948524325105	0.049	0.137	5.75393706339211e-33	DAPK3	c4
4.01654798873587e-18	0.758402270652454	0.03	0.075	1.34706986446224e-13	SP4	c4
1.08164457943325e-39	0.758024068627822	0.061	0.161	3.62761959050324e-35	KANSL2	c4
2.35038146925718e-11	0.757429679562625	0.01	0.032	7.88270937159472e-07	SARS2	c4
8.12763291481828e-26	0.757080605951193	0.03	0.087	2.72584552697175e-21	NIT2	c4
3.88170527809433e-25	0.756991983881699	0.034	0.093	1.30184631616727e-20	CHUK	c4
2.92489259135418e-70	0.756558411589993	0.13	0.33	9.80950477288365e-66	IST1	c4
1.9040796162107e-43	0.756372913699694	0.07	0.183	6.38590221684745e-39	GFPT1	c4
6.1977735082711e-11	0.756338553428975	0.013	0.036	2.07860927920396e-06	ZNF764	c4
8.42090172232729e-43	0.756026451691186	0.075	0.19	2.82420201963413e-38	TRIM8	c4
1.36895201587439e-12	0.755040232966813	0.015	0.041	4.59119127083951e-08	WIPI1	c4
2.8483356819941e-39	0.755004994972841	0.063	0.163	9.55274821027183e-35	PRPSAP1	c4
3.6400013679963e-25	0.754850195648347	0.038	0.1	1.2207836587986e-20	RBM19	c4
2.10113391205345e-14	0.753869681191842	0.015	0.045	7.04678291424486e-10	C9orf85	c4
1.84115398417801e-27	0.752587087450619	0.039	0.105	6.1748622321362e-23	GANAB	c4
5.3528764257423e-40	0.752470733519638	0.062	0.163	1.79524769566545e-35	PPP2R5E	c4
8.46975680452735e-12	0.752137965820019	0.013	0.038	2.84058703710238e-07	STARD4	c4
6.53823074582045e-15	0.751674290295639	0.022	0.057	2.19279182753326e-10	IPPK	c4
4.85168022939635e-21	0.751569467817234	0.03	0.079	1.62715651533495e-16	ZBTB32	c4
1.30320770930119e-23	0.751420954218228	0.033	0.09	4.37069801545434e-19	CRYZL1	c4
9.15626967935823e-34	0.751378928349813	0.05	0.134	3.07082972506316e-29	NAA15	c4
3.53381665036077e-07	0.751283563799	0.008	0.022	0.01185171428198	ENOX2	c4
9.19498916278595e-35	0.750785267165886	0.041	0.121	3.08381546541515e-30	TRAF2	c4
1.57513311484282e-49	0.75052381780725	0.101	0.244	5.28268144055986e-45	PITPNC1	c4
4.39454788711176e-36	0.750099270401877	0.046	0.131	1.47384347037954e-31	KLHL18	c4
4.48912938683601e-25	0.749245375914133	0.027	0.082	1.50556421375706e-20	TFDP2	c4
7.08048926623313e-10	0.748658303964871	0.011	0.032	2.37465449010927e-05	SPHK1	c4
1.09905393105015e-32	0.748015855307504	0.054	0.138	3.686007073956e-28	BMS1	c4
1.84903271297779e-24	0.747977634897425	0.029	0.083	6.2012859127849e-20	FUBP3	c4
6.33158307818037e-20	0.747841211608251	0.031	0.08	2.12348633276013e-15	SOCS4	c4
4.15772951668254e-17	0.747730566690175	0.026	0.066	1.39441932530499e-12	ZNF92	c4
6.65374720812162e-07	0.747361037120108	0.007	0.02	0.0223153373865983	FAM20B	c4
4.32065567515265e-12	0.747034238915203	0.014	0.039	1.4490615003327e-07	TMEM71	c4
1.27180925193771e-22	0.746483036661303	0.026	0.076	4.26539386914869e-18	PRKCB	c4
8.59778886716198e-23	0.746081546685433	0.028	0.079	2.88352643026879e-18	APTX	c4
1.34790400786805e-09	0.746049414730087	0.012	0.032	4.52060046158786e-05	TADA2B	c4
6.6921416745998e-08	0.745456464669403	0.008	0.023	0.00224441047482728	BUB1B	c4
9.20138982160021e-47	0.745127495285228	0.07	0.189	3.08596211836828e-42	RAB21	c4
4.3329491206739e-16	0.744771971617026	0.019	0.054	1.45318447609161e-11	SLC25A22	c4
3.31009115837649e-56	0.744732846910168	0.087	0.233	1.11013837269631e-51	IP6K2	c4
1.0230831677706e-15	0.744711756387301	0.019	0.054	3.43121632806903e-11	WDSUB1	c4
5.5806781081515e-54	0.743816438737132	0.098	0.247	1.87164782391185e-49	TCERG1	c4
9.99786322405645e-28	0.74338849361127	0.034	0.098	3.35308336808405e-23	FAF2	c4
4.7823997060215e-58	0.743193829972739	0.253	0.546	1.60392121340549e-53	KTN1	c4
4.83075273423183e-07	0.74298413712568	0.007	0.02	0.0162013785200667	FAM221A	c4
3.63717330704914e-33	0.742560468587158	0.043	0.121	1.21983518371814e-28	CTBP1	c4
9.94524796774851e-11	0.741489812661282	0.01	0.032	3.3354372634235e-06	UNC119B	c4
4.62746568712122e-12	0.741103908705419	0.018	0.046	1.55195944214672e-07	SLC41A1	c4
2.63332092057818e-25	0.741036504136281	0.351	0.655	8.8316317034351e-21	SAMSN1	c4
1.86087163730105e-29	0.740048617392504	0.044	0.116	6.24099129718026e-25	FAM76A	c4
4.42914183575599e-18	0.739302979498031	0.025	0.066	1.48544558887585e-13	PIGA	c4
2.55238530500898e-37	0.739292378713857	0.046	0.133	8.56018983593913e-33	CNOT3	c4
4.9675578749458e-26	0.738992322691404	0.034	0.095	1.66601956009932e-21	PPME1	c4
1.11879506257192e-09	0.738637006088816	0.011	0.031	3.75221488085371e-05	ANKRD46	c4
2.36781794067902e-57	0.738553128221204	0.091	0.242	7.94118780944929e-53	RNF166	c4
4.73978216340105e-32	0.738379224851429	0.053	0.134	1.58962814196144e-27	HMGCS1	c4
1.34063251457285e-33	0.738305807072817	0.059	0.147	4.49621332737443e-29	GPR174	c4
2.05479259777499e-07	0.737924293664336	0.007	0.021	0.00689136341441777	PIGM	c4
6.66962088960011e-29	0.73749797802836	0.046	0.119	2.23685745395408e-24	DHX40	c4
1.61846427348164e-07	0.737428553933595	0.006	0.019	0.00542800548040273	SPAG5	c4
1.0611338891243e-06	0.737245992800759	0.007	0.02	0.0355883083734509	ERCC8	c4
8.31372340624031e-16	0.73661451824944	0.014	0.046	2.78825655598488e-11	FAM131A	c4
3.58090231021863e-37	0.736443413033693	0.036	0.117	1.20096301680112e-32	CHMP4A	c4
2.0879301703502e-11	0.736293825190599	0.014	0.038	7.00250020532051e-07	RASGEF1A	c4
1.11654821006326e-44	0.736169107902537	0.074	0.19	3.74467938691015e-40	SRSF1	c4
1.25009421315279e-30	0.736079586830053	0.039	0.11	4.19256597207183e-26	KCMF1	c4
1.9571707325225e-08	0.736038327757201	0.009	0.025	0.000656395920273394	CBY1	c4
1.2615742303155e-61	0.735347313059546	0.119	0.297	4.23106765363214e-57	MARCH7	c4
1.34714285747653e-09	0.735179698025954	0.009	0.027	4.51804771540479e-05	SEMA7A	c4
7.30096393133807e-09	0.735011252099412	0.011	0.03	0.000244859728329216	YPEL1	c4
6.20170301183379e-17	0.734265565005169	0.022	0.06	2.07992715610882e-12	INTS13	c4
6.21681705247345e-23	0.733787423640091	0.028	0.079	2.08499610305855e-18	LAS1L	c4
2.90658563808853e-08	0.733675654686638	0.009	0.026	0.00097481069130213	EID3	c4
3.42179283532759e-27	0.733218813597095	0.05	0.121	1.14760088111217e-22	SATB1	c4
2.90382201589072e-17	0.732796292790286	0.021	0.059	9.73883827689429e-13	TMBIM4	c4
4.41835613332478e-21	0.732078734687922	0.025	0.072	1.48182827999447e-16	SLC2A4RG	c4
1.00798253913955e-37	0.732032062236305	0.058	0.154	3.38057183976623e-33	ELL	c4
5.57075365052609e-37	0.730543546888984	0.05	0.139	1.86831935931344e-32	SLC25A32	c4
3.18937766933644e-68	0.730313574681674	0.104	0.281	1.06965348274205e-63	ZNF655	c4
3.51344250476039e-63	0.730112475216709	0.089	0.247	1.17833834724654e-58	NT5C	c4
9.08750385561206e-13	0.730061660353734	0.012	0.037	3.04776704309517e-08	AC008124.1	c4
1.60022732020536e-13	0.729728916775927	0.015	0.044	5.36684238650475e-09	MANEA	c4
4.13745680738092e-10	0.729570293635561	0.008	0.027	1.38762026405941e-05	LDLRAP1	c4
2.68487414652083e-22	0.729420329901694	0.026	0.076	9.00453091260157e-18	APBA2	c4
4.27511931968995e-24	0.729402932851526	0.034	0.091	1.43378951743761e-19	VPS18	c4
1.35035148550644e-22	0.729024533711192	0.028	0.079	4.52880881209149e-18	FAM222B	c4
6.23884915284003e-35	0.728484141105851	0.054	0.141	2.09238522887949e-30	VPS37A	c4
1.4934392720956e-61	0.728122880449038	0.169	0.385	5.00869663075422e-57	HDLBP	c4
8.81911192348196e-21	0.726901219458708	0.029	0.077	2.95775375689738e-16	DGCR2	c4
3.15192226407085e-49	0.726861790279086	0.061	0.178	1.05709168892408e-44	RASSF1	c4
1.18230350006347e-23	0.726715141058436	0.025	0.077	3.96520947851285e-19	NCOA5	c4
1.38963260602598e-14	0.72657298345638	0.017	0.048	4.66054983408993e-10	ZSCAN25	c4
1.45658823966503e-15	0.726479493635388	0.018	0.052	4.88510563818859e-11	ATXN7L2	c4
3.51711235548997e-27	0.726371686126337	0.035	0.098	1.17956914178423e-22	FAM192A	c4
3.42844173509615e-24	0.726349410708717	0.031	0.086	1.14983078911655e-19	LUZP1	c4
4.49791649280473e-57	0.725591722970419	0.087	0.234	1.50851123335685e-52	HARS	c4
1.76651069664571e-38	0.725400869588051	0.049	0.14	5.92452357441038e-34	STT3A	c4
5.03943427455093e-14	0.724361863143017	0.402	0.738	1.69012546699889e-09	KMT2E	c4
9.40704715250073e-44	0.723925540591895	0.064	0.174	3.15493547400569e-39	ARMC8	c4
5.10656650955314e-13	0.723804164443666	0.017	0.045	1.71264027597393e-08	TTLL12	c4
2.76706253888772e-23	0.723594069337446	0.032	0.087	9.28017434292162e-19	NXPE3	c4
1.41206167868926e-23	0.722981266242707	0.028	0.08	4.73577245798802e-19	DTWD1	c4
1.65267276526516e-22	0.722517999493633	0.031	0.083	5.54273392014628e-18	ZNF91	c4
4.3710246270485e-11	0.722335520122438	0.011	0.033	1.46595423941953e-06	NOL12	c4
1.10944768008205e-44	0.721231381134402	0.068	0.181	3.72086562945916e-40	LPCAT3	c4
1.082016093991e-70	0.720678238064536	0.162	0.39	3.62886557602701e-66	SMARCA5	c4
4.71823957454139e-16	0.720656258256613	0.022	0.058	1.58240318850969e-11	STK38L	c4
1.02830600006609e-06	0.720577323329981	0.009	0.023	0.0344873266302166	CPM	c4
1.8406575580972e-07	0.720110941146838	0.005	0.018	0.00617319731834638	AC008083.2	c4
1.13939570128576e-39	0.720060112578397	0.063	0.165	3.82130530297219e-35	DHX29	c4
6.72634964933842e-16	0.719884435180278	0.017	0.05	2.25588314539512e-11	RFC4	c4
1.19508217508416e-14	0.719762495889813	0.013	0.042	4.00806659879727e-10	WDR76	c4
2.36073050216474e-13	0.719682561936211	0.014	0.042	7.9174179581601e-09	PIGF	c4
9.19786240876624e-37	0.719546423501727	0.051	0.139	3.08477909465202e-32	FBXO31	c4
9.67073799997965e-23	0.719009992800941	0.029	0.082	3.24337211043318e-18	NOC3L	c4
7.61216624974083e-34	0.718498150859862	0.056	0.144	2.55296831683808e-29	SCYL2	c4
8.06205198900151e-73	0.718367087073115	0.178	0.425	2.70385099607133e-68	GGNBP2	c4
1.71389633814514e-17	0.71835888755263	0.026	0.067	5.74806553887118e-13	ZNF567	c4
9.54104431946960e-09	0.717331731799606	0.009	0.027	0.000319987544386371	AP3S2	c4
1.52077233525191e-07	0.717033293493927	0.008	0.023	0.00510036625796784	FAM161B	c4
1.09977533900232e-08	0.716620502219407	0.009	0.026	0.000368842653194597	PYCR3	c4
2.83076223823625e-48	0.715965903370154	0.07	0.191	9.49381039459673e-44	DCAF11	c4
1.26621473900462e-42	0.715890767427611	0.05	0.148	4.2466309916737e-38	WDR54	c4
1.58598646580387e-12	0.715820131109138	0.016	0.043	5.31908140901302e-08	CARNMT1	c4
5.25687162825534e-36	0.715501227563016	0.047	0.132	1.76304960668428e-31	KCNN4	c4
1.10442467496801e-07	0.715029690468251	0.007	0.022	0.00370401947490773	ZNF865	c4
5.93362510950729e-23	0.714751705823172	0.027	0.078	1.99001918922656e-18	WASHC5	c4
4.03349609219852e-11	0.714677182422598	0.01	0.033	1.35275391940154e-06	FANCG	c4
7.4065739947818e-57	0.714553425855702	0.082	0.224	2.48401678636992e-52	PRR14	c4
1.51703644094047e-25	0.713825042030444	0.035	0.095	5.08783681562614e-21	THOC5	c4
1.06430561472803e-45	0.713649078065	0.065	0.178	3.56946817067486e-41	NOP14	c4
3.85071489172628e-58	0.713422382538261	0.242	0.523	1.29145276038716e-53	PPP1R12A	c4
1.14720242903892e-08	0.713388207967638	0.015	0.034	0.000384748750651075	CADM1	c4
1.93530174130217e-11	0.713208341227997	0.013	0.037	6.49061497997922e-07	ANKMY2	c4
2.12332420606433e-24	0.712354940302143	0.034	0.092	7.12120472229855e-20	RNF121	c4
1.19718376476471e-24	0.71220090564443	0.03	0.086	4.01511491026787e-20	RETREG1	c4
1.40217536997181e-12	0.712034972315663	0.015	0.042	4.70261575581144e-08	PRKCZ	c4
9.72983415959203e-49	0.711595888205075	0.168	0.358	3.26319178044398e-44	SLA	c4
7.36639901122231e-07	0.71149504948229	0.007	0.02	0.0247054290038374	AC012615.1	c4
2.15863654613866e-58	0.71098624825131	0.092	0.244	7.23963524843983e-54	KIF3A	c4
8.61182168725819e-21	0.710909027737299	0.027	0.075	2.88823275747265e-16	PRMT9	c4
8.54230842251197e-28	0.71047509763362	0.057	0.133	2.86491939874206e-23	RASGEF1B	c4
2.4805973183649e-11	0.710135202248444	0.008	0.03	8.31942728633219e-07	CHAF1A	c4
9.28351955317051e-12	0.709366609548105	0.015	0.041	3.11350678774232e-07	TMEM80	c4
2.47212726250694e-32	0.709161653353925	0.052	0.134	8.29102041299576e-28	KMT5B	c4
7.08295272087849e-51	0.709031441157575	0.061	0.18	2.37548068352823e-46	PML	c4
9.58353668395498e-09	0.708365480796565	0.01	0.027	0.000321412653306482	DHRS7B	c4
2.66766170196157e-08	0.708136283242131	0.008	0.024	0.00089468038160387	BORA	c4
6.89491092200817e-13	0.707920644804485	0.017	0.045	2.3124152250231e-08	MR1	c4
3.15716523631884e-37	0.707894016940917	0.047	0.134	1.05885007695661e-32	VHL	c4
8.97321752877301e-07	0.707709896499761	0.006	0.019	0.0300943769479989	ARPC1A	c4
8.67364164660274e-37	0.707596370445234	0.052	0.142	2.90896593543763e-32	ACLY	c4
4.43670640957145e-28	0.707510648348674	0.038	0.104	1.48798259564207e-23	TAF2	c4
1.61169800535655e-42	0.707423075785034	0.082	0.199	5.40531277036481e-38	BCL2L11	c4
2.1481652807363e-20	0.707327849563489	0.038	0.091	7.20451671853341e-16	CD200R1	c4
6.41401197770365e-20	0.707311367634488	0.024	0.068	2.15113133708225e-15	B3GLCT	c4
2.76186382478407e-21	0.707248810425213	0.025	0.073	9.26273889556083e-17	C5orf22	c4
2.40921004604255e-14	0.706910785934965	0.013	0.042	8.08000865241752e-10	ARHGEF19	c4
5.27908007029229e-53	0.706627343045151	0.057	0.176	1.77049787397463e-48	TSTA3	c4
1.18046526221063e-28	0.705980804837774	0.039	0.108	3.95904439640202e-24	IFIH1	c4
2.73167895635821e-67	0.705608620462857	0.097	0.267	9.16150488383415e-63	RBBP6	c4
6.16570895599775e-35	0.705484319760526	0.041	0.121	2.06785546966253e-30	SMIM7	c4
8.67643356133164e-46	0.705341437052447	0.272	0.552	2.90990228779941e-41	NOP58	c4
1.95778191386457e-29	0.705314788986305	0.048	0.122	6.56600898271898e-25	IPO5	c4
1.29709225512537e-18	0.705293888352425	0.026	0.069	4.35018800523948e-14	FAM122C	c4
7.8145069903254e-26	0.7052932771182	0.038	0.101	2.62082935441533e-21	TRIM13	c4
9.31609324525349e-07	0.705177490250484	0.006	0.018	0.0312443135259312	DHRS12	c4
1.33506354787358e-11	0.704530247235684	0.01	0.033	4.47753612685841e-07	ABHD15	c4
2.751123660026e-32	0.703990539319414	0.05	0.131	9.22671853099521e-28	WDR43	c4
4.45780087274699e-15	0.70352674374171	0.013	0.044	1.49505725670189e-10	ALG11	c4
5.93643358244266e-39	0.702431510918074	0.054	0.148	1.99096109487962e-34	VPS26B	c4
2.80366049854897e-21	0.701565943661357	0.027	0.075	9.40291658003354e-17	CPNE7	c4
1.02590997865143e-24	0.701512082815888	0.028	0.083	3.44069688640118e-20	MIR22HG	c4
1.14349916956003e-50	0.701363671657666	0.088	0.224	3.83506751487044e-46	SEMA4D	c4
1.01476096207079e-72	0.700409525179158	0.17	0.41	3.403305314593e-68	PRMT2	c4
1.86382536451742e-07	0.699985662441003	0.008	0.023	0.00625089750751853	MIEF2	c4
6.41415749052391e-63	0.69994613037934	0.138	0.332	2.15118013917191e-58	ZNF267	c4
6.98648605797436e-22	0.699208043505947	0.024	0.071	2.34312769412344e-17	UBXN6	c4
8.56651674918205e-09	0.699191600385964	0.009	0.027	0.000287303838734067	TTC32	c4
1.45196392653587e-30	0.698091263314654	0.034	0.102	4.869596616816e-26	NIT1	c4
1.61588795913883e-21	0.697756917438276	0.023	0.07	5.4193650373598e-17	GBA	c4
3.03618334421453e-30	0.697527634904912	0.046	0.12	1.01827516998267e-25	TWF1	c4
1.29591976410041e-23	0.697460614722673	0.03	0.085	4.34625570483997e-19	ERO1A	c4
3.86489958674926e-16	0.696285999613229	0.02	0.056	1.29621002340397e-11	ZNF490	c4
6.38209303418214e-11	0.696080567197905	0.009	0.03	2.14042636180401e-06	MASTL	c4
1.11257538504087e-07	0.695514204774725	0.011	0.027	0.00373135532635008	AL365361.1	c4
3.96146405755396e-11	0.695171175321311	0.011	0.033	1.32859581562245e-06	FIG4	c4
6.22181557420414e-42	0.694698784807406	0.074	0.186	2.08667250727658e-37	PLK3	c4
1.00220319670254e-08	0.693521008786218	0.009	0.027	0.000336118908110097	CHRM3-AS2	c4
1.99802346029338e-30	0.693457504085385	0.049	0.126	6.70097108113194e-26	ZNF217	c4
1.17732488628519e-54	0.69338868210744	0.107	0.263	3.94851220362327e-50	AFTPH	c4
2.33266535715073e-35	0.693359143317819	0.051	0.137	7.82329307481211e-31	BTBD1	c4
3.5619915848628e-36	0.693182219483388	0.059	0.151	1.19462073773128e-31	DAAM1	c4
3.71810882959595e-13	0.692679149898442	0.013	0.041	1.24697933926989e-08	KIF11	c4
1.36736684465402e-28	0.692053429470873	0.035	0.101	4.58587492360066e-24	HACL1	c4
8.90133679611438e-26	0.692013398987572	0.037	0.098	2.98533033468084e-21	SERTAD2	c4
2.92879806317024e-21	0.691999265508601	0.025	0.073	9.82260294426035e-17	ATP6V1C1	c4
3.46146764081196e-27	0.69190346387369	0.343	0.641	1.16090701737551e-22	SLC7A5	c4
5.42557498400951e-13	0.691781531156772	0.015	0.042	1.81962933813711e-08	ELMOD2	c4
1.2414955212834e-14	0.690763571152667	0.019	0.051	4.16372767928027e-10	AC007384.1	c4
1.58523481210358e-48	0.690510156879069	0.089	0.222	5.31656051283299e-44	EZH2	c4
4.28869630968883e-25	0.690313661508162	0.029	0.085	1.43834296834344e-20	RDX	c4
1.48699277649831e-46	0.689457494426033	0.065	0.179	4.98707637382004e-42	SRSF6	c4
4.02494185996274e-50	0.689210845253765	0.075	0.202	1.3498850009943e-45	UBE2Z	c4
4.25246062711883e-16	0.688270985204099	0.019	0.053	1.42619024512311e-11	RANBP6	c4
9.6759435285705e-07	0.687694051488911	0.008	0.021	0.0324511794061197	PRKACA	c4
1.25212067750655e-11	0.687588839083584	0.013	0.038	4.19936232822147e-07	SLC9A1	c4
4.46069801395303e-09	0.687452078888499	0.007	0.023	0.000149602889991957	PCBD2	c4
3.19018653355893e-39	0.687132513238347	0.054	0.149	1.06992475962499e-34	NSRP1	c4
4.38255331658163e-44	0.68686034647079	0.07	0.184	1.46982073131515e-39	RFX1	c4
2.28496811198142e-16	0.686575662369856	0.017	0.051	7.66332605396327e-12	ATF7IP2	c4
4.47848194991783e-11	0.686409808827508	0.012	0.036	1.50199327636344e-06	ZKSCAN5	c4
1.13641320032244e-16	0.686253533224814	0.018	0.054	3.81130259124141e-12	TTPAL	c4
7.52025939202704e-15	0.686125738285353	0.018	0.051	2.52214459489803e-10	POC1B	c4
1.40383619173763e-55	0.685944098799377	0.282	0.59	4.70818581984965e-51	CYTOR	c4
2.90270845878509e-07	0.685579329594612	0.007	0.021	0.00973510362907343	EXTL3	c4
7.40350753073085e-24	0.685227409564617	0.028	0.081	2.48298835565651e-19	MLH1	c4
1.61558665278205e-29	0.685192319884114	0.041	0.112	5.41835451610043e-25	ZDHHC20	c4
7.43432026199633e-22	0.684999747310794	0.025	0.073	2.49332232946833e-17	PRKAB1	c4
1.70572887671745e-37	0.684827104516597	0.065	0.165	5.72067350673497e-33	UBTF	c4
7.55201662452192e-21	0.68461297723809	0.033	0.084	2.53279533553216e-16	SFMBT1	c4
1.46326935803883e-26	0.684135292591629	0.038	0.101	4.90751277299063e-22	RBM15	c4
1.18701923113957e-12	0.684061852489787	0.012	0.038	3.98102509739589e-08	TCAF1	c4
7.85065361785307e-63	0.683414542138058	0.116	0.293	2.63295221035556e-58	SRP54	c4
2.22004480553171e-31	0.682650376803998	0.033	0.102	7.44558626879224e-27	NAA10	c4
4.76332930965445e-29	0.682578762209222	0.032	0.096	1.59752538387191e-24	SEC23IP	c4
1.68592119288804e-31	0.682138780102089	0.043	0.118	5.65424249670792e-27	TBC1D1	c4
3.17377317642266e-07	0.682050446042993	0.005	0.018	0.0106442004790863	ZNF765	c4
4.66772466630296e-07	0.681757618872767	0.008	0.022	0.0156546149858469	ZNF527	c4
5.37506791945852e-29	0.681569684903457	0.346	0.671	1.802690278828e-24	FNBP1	c4
1.18110264753365e-32	0.680527602146097	0.037	0.11	3.96118205929836e-28	TTF1	c4
8.2797502569645e-15	0.680165750934287	0.016	0.047	2.77686264118075e-10	SLC20A2	c4
2.51172065315096e-07	0.679954828879238	0.006	0.019	0.00842380872653768	CCNF	c4
3.58617135390006e-38	0.679899388729275	0.06	0.157	1.202730148671e-33	SLAIN2	c4
3.34043095521275e-29	0.679806151143332	0.038	0.106	1.12031373375925e-24	NUP93	c4
2.00542656289222e-17	0.679442857009791	0.016	0.052	6.72579960662793e-13	ZC2HC1A	c4
1.24103194999102e-12	0.679087434797669	0.016	0.043	4.16217295387989e-08	UBE2W	c4
4.30756553764537e-18	0.67908086942098	0.021	0.061	1.4446713300155e-13	SH3BP5L	c4
4.72099209761972e-13	0.678904499913153	0.014	0.042	1.5833263296997e-08	TATDN2	c4
5.11665629784063e-12	0.678000893994323	0.015	0.04	1.71602418916979e-07	ZFP64	c4
3.72674550720085e-32	0.677705739419592	0.034	0.105	1.24987590820502e-27	ABHD5	c4
1.65181677235584e-15	0.677691007230997	0.017	0.049	5.53986309112702e-11	HMGCL	c4
4.71217703287373e-20	0.676973258303925	0.027	0.074	1.58036993328519e-15	DDX55	c4
1.36258917454112e-53	0.676295491965239	0.074	0.206	4.56985157357602e-49	HDAC1	c4
8.81216318481e-10	0.676283373688844	0.429	0.754	2.95542328892158e-05	MYH9	c4
1.61260507168464e-78	0.675430166943272	0.126	0.338	5.40835488941596e-74	SEPT1	c4
1.14165935069073e-16	0.675051023267646	0.013	0.046	3.82889713034659e-12	MTFR1L	c4
2.42553925603346e-55	0.674823758126716	0.077	0.214	8.13477355688503e-51	CCDC82	c4
3.94407463388331e-07	0.674382701278969	0.006	0.02	0.0132276375071179	AC012306.2	c4
1.77069539719805e-07	0.674168311603505	0.007	0.021	0.00593855822312281	ZBTB11-AS1	c4
2.11225047299191e-16	0.672969924648852	0.019	0.055	7.08406563632028e-12	PARP16	c4
7.62345170139971e-54	0.672419075077832	0.073	0.205	2.55675323161543e-49	NDEL1	c4
9.43923110892376e-22	0.671866116731127	0.022	0.068	3.16572932931085e-17	POLR3F	c4
3.44918432828485e-08	0.671258347784507	0.009	0.025	0.00115678744002017	PDSS1	c4
4.37019066223163e-07	0.671169785230596	0.006	0.019	0.0146567454429924	SSBP3	c4
1.58033160820663e-27	0.671131930129961	0.028	0.087	5.30011614760338e-23	DNAJC17	c4
2.92598979246709e-26	0.670972082698096	0.031	0.091	9.81318456597614e-22	TRIM35	c4
7.0633786485361e-09	0.67063347447015	0.009	0.027	0.000236891593114604	NACAD	c4
6.87103336072923e-28	0.670563240849862	0.032	0.094	2.30440716852137e-23	KATNB1	c4
3.73659804087635e-24	0.670147176786261	0.033	0.09	1.25318025094911e-19	PDLIM5	c4
1.17664733356805e-09	0.669858406914277	0.01	0.029	3.94623982732051e-05	BTLA	c4
4.9003742098918e-52	0.669261189739254	0.087	0.225	1.64348750251351e-47	HAUS3	c4
4.01435147970404e-18	0.669069688664889	0.024	0.065	1.34633319926314e-13	PHF6	c4
3.99468683321625e-38	0.668594213020271	0.057	0.151	1.33973807012407e-33	ATAD1	c4
1.63266906289523e-11	0.668527741114987	0.013	0.037	5.47564550313802e-07	GZF1	c4
1.3565184820879e-32	0.668400504814661	0.064	0.154	4.54949168522638e-28	WIPF3	c4
4.55433791707117e-62	0.668012187937814	0.079	0.228	1.52743385062733e-57	FERMT3	c4
1.37930157244373e-17	0.667401926372947	0.018	0.055	4.62590161366177e-13	HABP4	c4
2.36189028713752e-36	0.667154908664831	0.043	0.126	7.92130764500183e-32	FLAD1	c4
8.69609300953036e-67	0.667038282035349	0.116	0.3	2.91649567353629e-62	SBNO1	c4
4.29669372777973e-33	0.666990909261215	0.047	0.127	1.44102514242276e-28	CHCHD3	c4
9.56479752615197e-59	0.666652626954547	0.071	0.209	3.20784179432085e-54	CS	c4
9.64212785572885e-18	0.666500166009043	0.018	0.055	3.23377684025434e-13	CLSPN	c4
2.20720623330283e-51	0.666477417799038	0.066	0.188	7.40252826525103e-47	ZBTB8OS	c4
3.47325976723729e-32	0.666230323611728	0.042	0.118	1.16486186073604e-27	SPTLC2	c4
2.55634504353523e-22	0.665506711479967	0.027	0.077	8.57347000700846e-18	PROSER1	c4
3.56071127075484e-26	0.664556844230115	0.034	0.096	1.19419134598576e-21	CRCP	c4
3.43975801312696e-35	0.663988937392426	0.054	0.141	1.15362604244252e-30	AGPAT5	c4
2.78933507004487e-41	0.663790056805811	0.055	0.155	9.35487195791648e-37	GOSR1	c4
5.40806668870552e-38	0.663756089073245	0.05	0.14	1.81375740605806e-33	GMCL1	c4
1.1058453842633e-57	0.6634354298035	0.082	0.225	3.70878424974224e-53	RBM23	c4
1.44106510028788e-55	0.663270571979406	0.079	0.217	4.83304413334549e-51	RABEP1	c4
3.4704083796351e-47	0.662879374783076	0.066	0.181	1.16390556236202e-42	KIF22	c4
2.3548272170087e-75	0.662188456666959	0.228	0.528	7.89761952040379e-71	UBXN4	c4
1.12307152892581e-16	0.661847884895004	0.018	0.053	3.76655729371138e-12	PVT1	c4
7.27217422995107e-19	0.661251298442165	0.029	0.074	2.43894179324099e-14	SLC17A5	c4
4.93420730956481e-64	0.660874169084315	0.085	0.241	1.65483444748185e-59	CIAO1	c4
9.61292348054237e-26	0.660860036687669	0.03	0.087	3.2239822769043e-21	GTF2A1	c4
5.16116825414905e-18	0.660164725156794	0.024	0.065	1.73095260907651e-13	PIK3R4	c4
1.74053068233252e-19	0.660030612698441	0.021	0.063	5.83739180240679e-15	CD38	c4
3.02659127203844e-36	0.659947229071792	0.043	0.126	1.01505818081625e-31	GFM1	c4
2.08191940460304e-24	0.65924550876141	0.037	0.097	6.98234129915767e-20	ASB2	c4
4.31669967180502e-12	0.659200561837106	0.015	0.04	1.44773473592997e-07	ZNF473	c4
9.71054086188891e-38	0.659197394075827	0.046	0.133	3.2567211942603e-33	PPP2R2D	c4
7.02508779147181e-08	0.658746254667261	0.007	0.022	0.00235607394350382	RHBDD1	c4
1.09709258203428e-06	0.658729218650778	0.007	0.02	0.0367942910162657	TRIM68	c4
1.54405531568248e-23	0.658206691349831	0.028	0.08	5.17845271773592e-19	CCDC117	c4
7.63969982519512e-43	0.65819302664607	0.049	0.147	2.56220252737394e-38	WRAP73	c4
9.16906132161482e-40	0.657933958171427	0.056	0.152	3.07511978604318e-35	SEC63	c4
3.45838865617531e-07	0.657827293446382	0.006	0.019	0.0115987438750808	KBTBD8	c4
4.27789581772911e-48	0.657696833743983	0.066	0.184	1.43472069934999e-43	VRK3	c4
1.56809503653016e-54	0.657242603325292	0.07	0.2	5.25907713351484e-50	WIPF2	c4
5.19300017183539e-42	0.657167171452204	0.06	0.164	1.74162839763015e-37	CLINT1	c4
1.8275627473636e-29	0.656971669686087	0.036	0.103	6.12927994210804e-25	PIGS	c4
2.0752923278809e-09	0.656760962531316	0.008	0.026	6.96011540924696e-05	ZNF181	c4
5.59140384458428e-20	0.656580981867197	0.026	0.072	1.87524502139668e-15	NACC1	c4
4.71876501082144e-77	0.655252891510913	0.128	0.338	1.5825794093293e-72	SIRT2	c4
4.0450713720943e-73	0.655174652237158	0.131	0.337	1.35663603677299e-68	NOP56	c4
4.66873561968579e-44	0.654721461972229	0.049	0.149	1.56580055213022e-39	CAPN1	c4
2.31251079487999e-81	0.653903709512129	0.171	0.426	7.75569870386851e-77	TBRG1	c4
1.75849695198974e-24	0.653595433369091	0.028	0.082	5.8976470775832e-20	TTC5	c4
1.08235332995209e-17	0.653422108185771	0.016	0.052	3.62999659799333e-13	PYCR2	c4
2.50579167966554e-17	0.652687716842818	0.024	0.063	8.4039241352623e-13	GRK5	c4
1.38983977562022e-19	0.651932811475477	0.021	0.063	4.66124463947509e-15	EDC3	c4
1.63881359280138e-08	0.651774447730916	0.006	0.022	0.000549625302753726	PSKH1	c4
6.2160123729678e-22	0.651412149699303	0.027	0.077	2.08472622964594e-17	WEE1	c4
2.1055703095928e-22	0.651146498609809	0.024	0.072	7.06166170431233e-18	PCGF6	c4
2.20847390251042e-07	0.651068234974539	0.008	0.023	0.00740677977423944	FP565260.1	c4
7.11319084839748e-19	0.65057538224673	0.027	0.071	2.38562194673555e-14	SMAD7	c4
2.90307808215082e-14	0.64974512552857	0.021	0.053	9.73634327191741e-10	THAP9-AS1	c4
2.00627300940092e-67	0.649503944710379	0.085	0.247	6.72863841892882e-63	SHKBP1	c4
8.35803650951874e-14	0.649176943645814	0.015	0.044	2.8031182845624e-09	JAZF1	c4
2.9760464314476e-08	0.648838638507988	0.008	0.025	0.000998106452178896	AC005332.5	c4
2.01871169849727e-27	0.648412377633203	0.039	0.105	6.77035529442014e-23	P4HA1	c4
2.0490814318943e-22	0.6480116662353	0.029	0.08	6.87220930628709e-18	VRK2	c4
3.01514829051256e-13	0.64799296600453	0.015	0.043	1.0112204336721e-08	WDR12	c4
1.54893034438357e-19	0.647832720130314	0.024	0.067	5.1948025889936e-15	PPA2	c4
3.73628962292624e-20	0.647721734856691	0.027	0.073	1.253076813737e-15	ADNP2	c4
2.92861423727121e-28	0.647155397005277	0.028	0.089	9.82198642896017e-24	WDR83	c4
1.20548596788199e-54	0.647025948932681	0.269	0.566	4.04295883908263e-50	CAST	c4
3.22398401017979e-25	0.646965158998729	0.032	0.089	1.0812597573341e-20	GOLIM4	c4
6.19238450625891e-15	0.646826707423762	0.015	0.046	2.07680191570911e-10	TEFM	c4
5.56131210357955e-14	0.646493413013995	0.009	0.035	1.86515285329851e-09	FAHD2A	c4
2.11767085009848e-53	0.64630868715037	0.067	0.194	7.10224449706028e-49	HDAC3	c4
9.89315983172127e-10	0.646076963602119	0.008	0.027	3.31796794436268e-05	EID2B	c4
2.46575531704804e-11	0.646053502576215	0.01	0.033	8.26965018231571e-07	POLA2	c4
8.14064137207992e-17	0.646053291104696	0.018	0.053	2.73020830336816e-12	GID4	c4
4.44250062635023e-29	0.645886177305414	0.033	0.098	1.48992586006534e-24	FBXO25	c4
6.88440610437692e-47	0.645456954137877	0.075	0.195	2.30889211928593e-42	ATF2	c4
5.1446433316976e-63	0.645090656219778	0.087	0.242	1.72541048058474e-58	KLHDC2	c4
1.53963911435845e-48	0.645044771731775	0.292	0.597	5.16364166173537e-44	SYTL3	c4
5.8632463721619e-65	0.644519021615418	0.095	0.261	1.96641556829566e-60	CPNE1	c4
2.65596433333508e-72	0.644299882460517	0.14	0.353	8.90757318113919e-68	LUC7L2	c4
3.44002981893211e-07	0.643077297366331	0.008	0.023	0.0115371720067345	ZNF845	c4
8.29715583085403e-33	0.642298055488371	0.034	0.105	2.78270012255182e-28	C11orf98	c4
7.03817471162651e-39	0.642257173586922	0.049	0.14	2.3604630347853e-34	TAF6	c4
1.11087084126675e-18	0.642252109928926	0.023	0.065	3.72563862744043e-14	CEP63	c4
3.30712777780026e-33	0.641715136685646	0.041	0.119	1.10914451411865e-28	PCID2	c4
3.48472999149758e-29	0.641242676616218	0.032	0.096	1.16870874454846e-24	CDR2	c4
5.61068034721185e-07	0.640946674364075	0.007	0.02	0.0188170997484791	DPY19L1	c4
1.9284583667283e-24	0.640771933702023	0.032	0.089	6.46766367033339e-20	RASSF2	c4
1.76230537285078e-13	0.640121449738211	0.016	0.044	5.91041975946696e-09	THUMPD2	c4
7.33432693594855e-56	0.640118249497121	0.073	0.208	2.45978656777843e-51	ZNF394	c4
5.04901308933885e-40	0.639960081666758	0.052	0.146	1.69333800990246e-35	RNF40	c4
7.88782415008237e-08	0.639931563050506	0.006	0.021	0.00264541846345463	TMEM150A	c4
1.07685641430755e-47	0.639908907094121	0.069	0.188	3.61156104230467e-43	TXNDC11	c4
1.0148970011556e-48	0.639745077394122	0.078	0.204	3.40376156247566e-44	BBX	c4
2.75125918358362e-26	0.639671952240325	0.032	0.092	9.22717304990274e-22	TIMM44	c4
3.29731572845164e-57	0.639656586087982	0.081	0.223	1.10585374900811e-52	KCTD20	c4
2.60387218999652e-24	0.63909316679167	0.026	0.079	8.73286655081032e-20	BARD1	c4
1.68675797031931e-71	0.638613700182017	0.227	0.518	5.65704888085691e-67	RNF149	c4
2.6479466548986e-64	0.63853613198174	0.258	0.57	8.88068349119891e-60	EWSR1	c4
4.18761249188965e-12	0.638458056754909	0.012	0.037	1.40444147752995e-07	SH2D3C	c4
2.11442786548886e-36	0.638266264440475	0.046	0.13	7.09136817527655e-32	DNAJC5	c4
4.78472497170826e-10	0.63804451409046	0.011	0.032	1.60470106101152e-05	ZFP82	c4
9.68343236519275e-12	0.636238525507652	0.011	0.035	3.24762954663835e-07	ZNF280D	c4
2.71167238906211e-80	0.636169073961169	0.159	0.401	9.09440685843651e-76	WAC	c4
2.704389817323e-16	0.63592727782383	0.017	0.051	9.06998256933789e-12	NT5C3B	c4
2.03286304440085e-12	0.635437038484489	0.012	0.037	6.81781607831157e-08	TRMT1L	c4
5.0672366030405e-14	0.63531356257046	0.021	0.053	1.69944981192772e-09	DAG1	c4
6.69251940649593e-48	0.635296235879486	0.068	0.186	2.2445371585506e-43	SRPK2	c4
2.27165019124683e-67	0.635135519820226	0.115	0.299	7.6186604114036e-63	TMEM87A	c4
8.15797002686961e-29	0.634522817633209	0.031	0.094	2.73601998761153e-24	SNRNP48	c4
3.29291275919341e-39	0.634476149171015	0.05	0.142	1.10437708117829e-34	SLC43A3	c4
2.18536833610556e-11	0.634326478590514	0.015	0.039	7.32928832563084e-07	STAM2	c4
4.65814038543241e-65	0.634318622184899	0.103	0.274	1.56224712246632e-60	MED25	c4
6.44425510613924e-11	0.633880018470243	0.009	0.03	2.16127427749698e-06	TGFBRAP1	c4
1.88930893931789e-11	0.633602270334428	0.011	0.035	6.33636432068433e-07	TAF1A	c4
4.31715000701654e-27	0.633546347185343	0.032	0.094	1.44788576935321e-22	KLRK1	c4
4.21950734242582e-23	0.633096049786412	0.024	0.073	1.41513837250277e-18	AMFR	c4
2.14865691516101e-37	0.633056511768405	0.052	0.143	7.20616556206699e-33	ZNF281	c4
4.37132968821954e-18	0.63217652268029	0.022	0.062	1.46605655083507e-13	IFT27	c4
7.80525060904209e-60	0.631906742777903	0.128	0.309	2.61772494926054e-55	AHR	c4
9.29422149216894e-35	0.631451675054	0.329	0.639	3.11709600404362e-30	PBXIP1	c4
3.08746944687893e-80	0.631185571351459	0.147	0.377	1.03547550309425e-75	SNHG12	c4
3.45638394844135e-45	0.63090604118503	0.08	0.201	1.15920204862826e-40	CCDC6	c4
1.39891556148198e-10	0.630476990407626	0.009	0.03	4.69168301009828e-06	TGFBR1	c4
1.20667224921858e-24	0.630064381992967	0.027	0.081	4.04693738942926e-20	ASH2L	c4
6.89133595048323e-15	0.629814421461067	0.018	0.05	2.31121625107307e-10	ABCD3	c4
8.96972877364237e-09	0.62889590857173	0.007	0.023	0.000300826763610418	OMA1	c4
4.93185567328285e-36	0.628834912837358	0.042	0.124	1.6540457557056e-31	HARS2	c4
3.37883571023881e-47	0.628772958398383	0.046	0.149	1.13319392049989e-42	QARS	c4
1.69002063403325e-57	0.62817857356285	0.087	0.234	5.66799120242072e-53	C6orf62	c4
8.26165903076175e-19	0.62806819624891	0.024	0.066	2.77079520573687e-14	QTRT2	c4
8.33378851377505e-09	0.627978099645547	0.005	0.021	0.000279498599174988	ZBTB14	c4
1.22716571745987e-22	0.627932868114931	0.023	0.072	4.1156683832169e-18	KLHL9	c4
9.14152493138788e-34	0.627888405112792	0.04	0.117	3.06588463148887e-29	DUS3L	c4
3.93180298144528e-41	0.62740986334055	0.051	0.146	1.31864808391712e-36	DNAJB2	c4
2.35906901492254e-30	0.627132998500761	0.038	0.108	7.91184566224723e-26	RUFY1	c4
2.00677136524412e-67	0.626714142908199	0.105	0.28	6.73030980475572e-63	RSBN1	c4
3.19224641865605e-33	0.626491883442567	0.044	0.122	1.07061560388887e-28	RRP12	c4
1.55174694839877e-44	0.626458276400533	0.068	0.181	5.20424891553979e-40	SLAMF1	c4
6.5663775652154e-40	0.626178083321499	0.057	0.154	2.20223170782194e-35	PELP1	c4
1.18760385860437e-12	0.626101095196361	0.013	0.04	3.98298582098732e-08	RAB30	c4
1.92901463402242e-65	0.625895716245559	0.095	0.261	6.46952927958438e-61	TMED4	c4
1.09062501305293e-06	0.625350751432549	0.006	0.019	0.0365773816877693	MTHFD2L	c4
1.23424717665045e-35	0.624856666340872	0.041	0.123	4.13941818105029e-31	HMG20B	c4
1.26603798185659e-14	0.624810048381827	0.016	0.046	4.24603818355062e-10	DPAGT1	c4
5.12005789528578e-07	0.624624836037377	0.006	0.019	0.0171716501692095	COA7	c4
5.78352398746109e-58	0.623895698911585	0.159	0.359	1.9396782749147e-53	ATP2B1	c4
1.78566477366958e-30	0.623733684761681	0.028	0.093	5.98876251793303e-26	FLOT1	c4
2.14018365271881e-09	0.623110987029075	0.01	0.029	7.17774793448836e-05	C7orf31	c4
9.83328413443025e-74	0.622896339955086	0.213	0.492	3.29788683300522e-69	GPBP1	c4
2.67463715667228e-34	0.622438251785326	0.043	0.123	8.9701980960475e-30	HECA	c4
1.30655611771447e-27	0.622093274176369	0.035	0.1	4.38192790759078e-23	RBM12	c4
7.87747142783542e-08	0.621943462140329	0.007	0.022	0.00264194636746744	CFAP45	c4
5.25985000182129e-38	0.621767845165091	0.041	0.125	1.76404849361083e-33	COIL	c4
3.85968940029139e-38	0.621610400890883	0.038	0.122	1.29446263106972e-33	NUPL2	c4
5.80276617314775e-39	0.621049192476704	0.336	0.672	1.94613171915029e-34	HNRNPU	c4
7.00834196212587e-12	0.620951966337707	0.012	0.037	2.35045772725778e-07	KLHL8	c4
7.43827981716679e-59	0.620785947706824	0.075	0.215	2.4946502850814e-54	DHX30	c4
1.01759139571545e-14	0.620704563793357	0.01	0.037	3.41279802295049e-10	HAUS8	c4
2.05021962338454e-07	0.620617447837341	0.006	0.019	0.00687602657290708	AC116407.2	c4
1.76412860774021e-60	0.620593417535778	0.087	0.239	5.91653452463912e-56	SRPK1	c4
1.32563335237785e-62	0.620564321526208	0.175	0.394	4.44590913720484e-58	SLC2A3	c4
3.40008517863476e-12	0.620124644794927	0.012	0.036	1.14032056721052e-07	ZNF526	c4
1.19702101437879e-08	0.619567968611541	0.009	0.027	0.00040145690780236	ZNF552	c4
1.25938071921525e-06	0.619271340745162	0.007	0.019	0.0422371105610411	TWNK	c4
2.38283091729198e-51	0.619215767103842	0.066	0.189	7.99153833041383e-47	PTPN11	c4
1.62491675908707e-44	0.618824173226074	0.053	0.156	5.44964582662622e-40	UTP6	c4
2.94124662529853e-07	0.618612389173559	0.008	0.022	0.00986435293192619	NARS2	c4
3.35225240497174e-46	0.618518176450852	0.058	0.168	1.12427841157942e-41	TBC1D15	c4
3.27483643338985e-81	0.617932527748576	0.203	0.488	1.09831464303029e-76	SRSF4	c4
1.59707058806666e-51	0.617704352184644	0.056	0.172	5.35625533825798e-47	AK3	c4
2.8355796701988e-22	0.617377142250906	0.021	0.067	9.50996709791274e-18	ACTR5	c4
3.33109623115039e-83	0.616969135581167	0.142	0.374	1.11718305400322e-78	TIAL1	c4
5.06088774828582e-33	0.616919559713608	0.039	0.114	1.6973205330201e-28	COQ10A	c4
1.09085921361905e-10	0.616758923796231	0.011	0.032	3.65852363063558e-06	ST7	c4
5.25370403133011e-48	0.616177963147277	0.048	0.153	1.76198725802749e-43	TOMM40	c4
6.67075677305902e-23	0.615924192617861	0.029	0.082	2.23723840654853e-18	EDARADD	c4
4.11597538751624e-11	0.614398376258395	0.012	0.035	1.3804158254652e-06	STRBP	c4
3.1966188839554e-17	0.614344722947718	0.013	0.047	1.07208204130096e-12	SLC25A14	c4
3.45762006315601e-28	0.614143487464326	0.035	0.1	1.15961661678126e-23	ZNF770	c4
2.24141240793965e-65	0.614115998802902	0.239	0.53	7.51724893374799e-61	ACTN4	c4
2.00436260299143e-31	0.613742296404913	0.038	0.111	6.72223129791264e-27	KLC2	c4
3.34387990719297e-07	0.613439136455793	0.006	0.02	0.0112147044327438	MMAA	c4
1.35472425046808e-73	0.612162998580966	0.132	0.339	4.54347419121985e-69	CNOT2	c4
4.30880625179538e-51	0.611113625294735	0.079	0.21	1.44508744072714e-46	STAM	c4
5.12024029885603e-67	0.610877047327439	0.127	0.32	1.71722619143034e-62	DHX9	c4
3.47817294902529e-17	0.610509997455595	0.023	0.063	1.1665096436441e-12	POC5	c4
8.30246072620753e-22	0.610414699293509	0.021	0.067	2.78447927835548e-17	MTHFD1	c4
1.08172414792267e-26	0.609784891579373	0.03	0.089	3.62788644730306e-22	EXOSC6	c4
2.78261542511157e-25	0.608804259808115	0.027	0.082	9.3323356127392e-21	NOL10	c4
9.83274868924244e-40	0.608437332687907	0.043	0.131	3.29770725539813e-35	PMPCA	c4
3.05995271562639e-36	0.608093327455847	0.041	0.124	1.02624694176678e-31	IKZF5	c4
5.47541120018268e-60	0.60805558052041	0.073	0.214	1.83634340831727e-55	RPS6KB2	c4
5.83245684548885e-41	0.608052084670261	0.074	0.184	1.95608937684005e-36	PRDM1	c4
4.07444370139287e-10	0.607616649962814	0.007	0.026	1.36648692857314e-05	SPRYD4	c4
1.33035634998782e-67	0.607071168220724	0.072	0.224	4.46174912658916e-63	HAGH	c4
2.22571923079017e-30	0.606875264047421	0.032	0.099	7.46461715622409e-26	ARFRP1	c4
8.9514632358889e-07	0.606776177266806	0.004	0.016	0.0300214174005242	AC009403.1	c4
6.3548351947955e-29	0.606716873553808	0.032	0.097	2.13128462763052e-24	SLC7A1	c4
1.50569114515773e-27	0.606675698459998	0.036	0.101	5.04978696262999e-23	FBXO33	c4
1.80425271774501e-11	0.60662426004463	0.009	0.031	6.0511027647732e-07	GTPBP3	c4
8.15257974869189e-17	0.606103209278271	0.02	0.057	2.73421219611629e-12	ARHGEF6	c4
1.51337889068861e-42	0.605665821086219	0.039	0.13	5.07557012359148e-38	WDR5	c4
1.1654910126228e-11	0.605300721465414	0.011	0.034	3.90882375813434e-07	LIG4	c4
1.01206849269833e-40	0.605062026475825	0.064	0.167	3.39427531081165e-36	SLC30A5	c4
1.62344654933562e-23	0.604800714212757	0.029	0.083	5.44471503716179e-19	HSDL1	c4
7.92053747373895e-43	0.603531982705102	0.047	0.143	2.65638985794257e-38	SHARPIN	c4
5.25095792870249e-72	0.603272969329977	0.107	0.292	1.76106627012824e-67	LASP1	c4
1.7261836802509e-15	0.603242881139237	0.018	0.052	5.78927482682546e-11	KIAA1586	c4
1.85101580512654e-46	0.602590752782988	0.06	0.171	6.20793680723339e-42	STXBP3	c4
1.53101396719331e-59	0.602573210731699	0.08	0.224	5.13471464317291e-55	MBD4	c4
5.92154176718339e-32	0.602291066808854	0.037	0.109	1.98596667787796e-27	APBB1	c4
9.09422526953488e-12	0.602114057166153	0.01	0.033	3.05002127089661e-07	TRIP6	c4
1.98054143695684e-30	0.602090042048663	0.034	0.102	6.64233987126586e-26	DVL2	c4
5.80023656970419e-49	0.601507251928108	0.064	0.182	1.94528334074739e-44	GPR132	c4
1.59282455677927e-20	0.601313457817128	0.021	0.065	5.3420149985263e-16	FAM122B	c4
1.23390035742214e-06	0.601224405966507	0.005	0.017	0.0413825501872237	PICK1	c4
8.11464851622199e-42	0.600129070760504	0.055	0.154	2.72149081937053e-37	TMEM39A	c4
2.39084960932975e-35	0.600077477682031	0.045	0.127	8.01843141977011e-31	ZNF384	c4
9.93027022495787e-71	0.599629040898153	0.099	0.277	3.33041402804637e-66	CEP57	c4
1.68159259780326e-09	0.598819787114997	0.009	0.027	5.63972525451257e-05	UBA6-AS1	c4
4.68471067282311e-14	0.598333813978295	0.013	0.042	1.57115826545142e-09	KIF1BP	c4
2.37225603396499e-53	0.597720948599134	0.078	0.211	7.95607228671177e-49	CCDC186	c4
1.13585992436905e-47	0.596588626564675	0.075	0.198	3.80944701434893e-43	KIF20B	c4
6.90911381184343e-10	0.596332743139725	0.01	0.03	2.31717859021605e-05	CHSY1	c4
3.71810122205962e-47	0.596231167984368	0.055	0.163	1.24697678785436e-42	TCTN3	c4
1.24210439021593e-10	0.595954227942502	0.009	0.03	4.16576970390617e-06	PCBP4	c4
2.08638120716515e-27	0.595472618184997	0.03	0.091	6.99730529259047e-23	SCRN2	c4
2.44922831116618e-40	0.595179855490091	0.053	0.148	8.21422190998914e-36	WDR20	c4
2.6219144580432e-65	0.594370034805302	0.109	0.285	8.79337670938527e-61	MATR3.1	c4
1.16274470326849e-17	0.59415083060225	0.02	0.058	3.89961318582186e-13	KLHL11	c4
1.55549784733311e-81	0.593301216055899	0.187	0.455	5.2168286803858e-77	SLTM	c4
1.16366317437186e-42	0.593055966134603	0.066	0.174	3.90269355420836e-38	HYOU1	c4
7.96144196284409e-14	0.593051802889242	0.017	0.047	2.67010840549865e-09	BRMS1L	c4
2.05108718255339e-60	0.592571828878215	0.113	0.284	6.87893619284755e-56	TMPO	c4
3.73477642180908e-68	0.592156058855334	0.078	0.234	1.25256931634633e-63	TAF11	c4
2.71870296740999e-14	0.591983836986361	0.013	0.043	9.11798601209964e-10	TMEM209	c4
8.77532253147045e-13	0.590686736774781	0.012	0.038	2.94306767060456e-08	PPAT	c4
7.78430182022838e-81	0.590335639365427	0.208	0.496	2.61069914446819e-76	YARS	c4
6.52422686589349e-29	0.590296058904267	0.029	0.092	2.18809520628336e-24	COMMD7	c4
4.72225618355614e-30	0.58947649415952	0.027	0.09	1.58375027884106e-25	DPP3	c4
1.65980247204625e-25	0.588993147266359	0.026	0.08	5.56664553074873e-21	ZNF675	c4
2.84365588248053e-27	0.588781078223873	0.023	0.078	9.53705309866322e-23	ZNF444	c4
7.00818766162846e-43	0.588640937421939	0.052	0.151	2.35040597795695e-38	CUL1	c4
4.73407067172907e-30	0.588254528914929	0.033	0.1	1.58771262188449e-25	NCSTN	c4
2.05244711299932e-07	0.58818608093713	0.006	0.019	0.00688349712757712	PWWP2B	c4
1.06703155916196e-37	0.58816624056218	0.046	0.133	3.5786104431174e-33	B4GALT5	c4
4.59856476592274e-16	0.587975662914626	0.017	0.05	1.54226665119517e-11	CYP4V2	c4
2.36856076272931e-69	0.587701829575558	0.083	0.246	7.94367908604156e-65	YPEL3	c4
2.62100683483961e-16	0.587684751028528	0.017	0.052	8.79033272268508e-12	LINC01934	c4
1.6030148166013e-12	0.587157939590335	0.01	0.034	5.37619109191744e-08	NFS1	c4
3.09171126066911e-85	0.587119187619045	0.138	0.368	1.03689812260321e-80	FAM49B	c4
2.55292927687783e-20	0.587011251237222	0.021	0.064	8.56201420879287e-16	TMA16	c4
8.72979605381826e-08	0.586856132899388	0.007	0.021	0.00292779900052957	PDP2	c4
9.16233562774657e-08	0.586226559554988	0.005	0.019	0.00307286412283364	FUCA2	c4
4.26693803848819e-74	0.585597634353248	0.242	0.552	1.43104567934817e-69	SP100	c4
3.32681411789812e-19	0.585417302827206	0.024	0.068	1.11574691886067e-14	TRIM59	c4
7.52446052515501e-11	0.585121090265351	0.007	0.027	2.52355357092649e-06	FANCI	c4
3.5394644196862e-56	0.584998519810421	0.056	0.179	1.18706557707436e-51	ZDHHC6	c4
1.93674831467841e-20	0.584979000442104	0.017	0.058	6.49546649776845e-16	TIMM21	c4
1.51278515841427e-19	0.583546579255311	0.022	0.064	5.07357886428978e-15	SNX18	c4
3.04525056600732e-53	0.583416260019416	0.102	0.252	1.02131613482754e-48	MX1	c4
6.75225774392632e-22	0.583404656496317	0.023	0.07	2.26457220215801e-17	FAM98C	c4
1.67861622676792e-63	0.583249958818717	0.084	0.238	5.62974310133425e-59	RECQL	c4
2.64099619908461e-09	0.583224811975808	0.007	0.025	8.85737305248997e-05	TEX261	c4
3.87667958543942e-58	0.583081863995172	0.089	0.238	1.30016079936467e-53	GPBP1L1	c4
2.60737959721991e-12	0.582552447155912	0.013	0.038	8.74462969315613e-08	RNASEL	c4
4.28541026342886e-32	0.582537641613607	0.037	0.109	1.43724089414877e-27	ZNF195	c4
1.61531261302814e-15	0.582127738166991	0.02	0.054	5.41743544157379e-11	ELP3	c4
3.13817734655699e-64	0.581915479292774	0.161	0.376	1.05248191848828e-59	FOXP1	c4
2.17459897732235e-50	0.58177402510664	0.053	0.166	7.2931700501437e-46	UBXN2A	c4
2.79787933613205e-29	0.581644350426238	0.031	0.095	9.38352771751968e-25	KCTD9	c4
6.90917411955567e-62	0.581642771080078	0.077	0.223	2.31719881621658e-57	ZNRF1	c4
6.95541451233298e-29	0.581626063872144	0.031	0.095	2.33270691914624e-24	GSS	c4
1.95293457640137e-46	0.581538455214208	0.053	0.158	6.5497519823349e-42	RCSD1	c4
5.63219358278024e-71	0.581405014913025	0.161	0.387	1.88892508379284e-66	SEC14L1	c4
6.37314136464759e-76	0.581366594356404	0.109	0.302	2.13742415087551e-71	DDB1	c4
1.74323953828521e-40	0.580585966154691	0.044	0.134	5.84647676350094e-36	GMIP	c4
5.8009671764885e-42	0.580487640435673	0.055	0.156	1.94552837165071e-37	HMGXB4	c4
6.51581727940796e-22	0.580102387128797	0.021	0.067	2.18527479916784e-17	NSMCE2	c4
1.58952775681755e-14	0.579790937662066	0.017	0.048	5.33095819081468e-10	CAMKK2	c4
1.01134359989462e-33	0.579532896536562	0.031	0.102	3.39184416532659e-29	MRPS9	c4
1.3000301425802e-29	0.579338599992286	0.034	0.1	4.36004109218548e-25	MAP2K4	c4
8.39833829578131e-19	0.57930828968256	0.018	0.057	2.81663469763913e-14	TAPBPL	c4
2.14099204978515e-57	0.57930599045427	0.068	0.201	7.18045913656945e-53	EFCAB14	c4
1.22518759402274e-29	0.578772646022264	0.027	0.089	4.10903415283346e-25	BOP1	c4
5.27097110996936e-18	0.578732795800953	0.018	0.056	1.76777829086152e-13	PANX1	c4
5.73651614540899e-12	0.577945985158617	0.011	0.035	1.92391278484727e-07	ZNF671	c4
4.38574477430425e-34	0.577617659143513	0.03	0.102	1.47089108240616e-29	RANBP9	c4
9.70749620443046e-23	0.577520941292588	0.025	0.075	3.25570007704189e-18	WBP1L	c4
4.85784758982777e-31	0.577007672226799	0.032	0.099	1.62922492467644e-26	PPP5C	c4
2.34983322311281e-26	0.576798446959845	0.025	0.081	7.88087066367575e-22	PITPNA	c4
3.97631685176905e-66	0.576743954858653	0.085	0.244	1.3335771457463e-61	DNPEP	c4
3.41209949457226e-54	0.576002127593845	0.073	0.204	1.14434992848964e-49	AFG3L2	c4
1.77155631522657e-23	0.575977665962214	0.027	0.079	5.94144557000686e-19	CBX5	c4
1.00094988837104e-43	0.575935560466652	0.055	0.158	3.35698573561881e-39	MAPK6	c4
3.14769479877983e-78	0.575826025655964	0.098	0.286	1.05567388161478e-73	DCAF7	c4
1.81575830057013e-21	0.575394912996975	0.024	0.07	6.0896901884521e-17	MSH2	c4
8.11138533323249e-44	0.574059732804359	0.056	0.16	2.72039641305951e-39	CLPX	c4
3.28702064215608e-58	0.573448488445158	0.066	0.199	1.10240098296631e-53	CCM2	c4
8.1687283356526e-37	0.573263449717723	0.038	0.12	2.73962810921117e-32	ING4	c4
4.21780863081486e-15	0.573059360405592	0.015	0.045	1.41456865860269e-10	RBAK-RBAKDN	c4
1.86623310895315e-13	0.572702790004087	0.012	0.038	6.25897260080709e-09	SUFU	c4
3.34999606828363e-32	0.571836080907069	0.039	0.113	1.12352168138096e-27	SGTB	c4
8.17880043534208e-48	0.571665715342101	0.085	0.213	2.74300609000503e-43	PTGER4	c4
7.23914461929324e-63	0.570744838651469	0.055	0.188	2.42786432241857e-58	HTRA2	c4
6.79766935615977e-20	0.570261037804057	0.017	0.057	2.27980234866886e-15	MVK	c4
3.74680944591051e-13	0.570258853370474	0.014	0.041	1.25660495196947e-08	ZNF322	c4
4.72525260825924e-40	0.569293856388374	0.042	0.131	1.58475521975798e-35	ZRSR2	c4
1.0355073540437e-18	0.569256769856367	0.018	0.056	3.47288456399178e-14	KIAA0391	c4
3.53224029587491e-37	0.568849325053453	0.04	0.123	1.18464275043053e-32	MPPE1	c4
1.15858364416735e-13	0.568843664637399	0.014	0.043	3.88565782580845e-09	ZADH2	c4
3.73634822030581e-23	0.568526435878101	0.02	0.068	1.25309646612616e-18	MLST8	c4
1.82630493303074e-13	0.568153680845584	0.012	0.04	6.1250614843985e-09	GRK4	c4
3.75979761807728e-23	0.567645441946491	0.02	0.068	1.26096092515076e-18	ZNF136	c4
7.54111130174851e-38	0.567245669499318	0.047	0.134	2.52913790838041e-33	SHLD2	c4
1.00986885357272e-25	0.5671573735916	0.031	0.09	3.3868981611122e-21	BTN2A2	c4
2.58946802784628e-11	0.567073729338454	0.012	0.036	8.68455787179086e-07	ZNF438	c4
1.18557992090481e-13	0.566907851533355	0.017	0.046	3.97619793873056e-09	SESN2	c4
9.72041056017066e-50	0.566841658665397	0.067	0.188	3.26003129367003e-45	U2AF1L4	c4
6.00232547058861e-61	0.566657099433935	0.084	0.234	2.01305991632601e-56	CTNNB1	c4
1.12735828000393e-55	0.566476542306888	0.079	0.217	3.78093419947717e-51	SKAP1	c4
4.76035214032152e-22	0.566445594112588	0.019	0.064	1.59652690082103e-17	EEF1AKMT2	c4
1.04185132566883e-53	0.566279077361975	0.089	0.232	3.49416097602811e-49	PACSIN2	c4
1.45720951561722e-78	0.566273034699896	0.117	0.32	4.88718927347702e-74	ZFR	c4
2.42981620463897e-63	0.566187378145344	0.068	0.21	8.14911758711818e-59	E2F4	c4
8.69408300768667e-68	0.566181159275284	0.081	0.24	2.91582155911795e-63	UPF3B	c4
7.53532746857486e-48	0.565932752636731	0.063	0.178	2.52719812641064e-43	MIDN	c4
3.24137935623004e-59	0.565335698482807	0.064	0.197	1.08709380849243e-54	DALRD3	c4
6.1101921515368e-70	0.564972343077227	0.099	0.274	2.04923624378241e-65	YY1AP1	c4
4.06393289290729e-33	0.564704649938973	0.039	0.115	1.36296181362325e-28	RNF13	c4
2.45435902428191e-59	0.564211369180351	0.06	0.191	8.23142929563668e-55	ABCF3	c4
4.59906520321743e-27	0.564062606286479	0.023	0.078	1.54243448785506e-22	CDADC1	c4
7.49880073680695e-09	0.563553277934957	0.009	0.026	0.000251494779111031	B3GNT5	c4
5.97222641512523e-07	0.562552352038094	0.005	0.017	0.020029652951047	IMPACT	c4
1.22714232607206e-08	0.562539515457019	0.006	0.022	0.000411558993318048	ALG8	c4
5.51873048104534e-46	0.562289791579955	0.057	0.164	1.85087182873298e-41	TMUB2	c4
2.54936329847928e-15	0.56213678868569	0.013	0.043	8.55005463043982e-11	KRBOX4	c4
6.1231261163444e-13	0.561831875091479	0.02	0.05	2.05357403689959e-08	FAM83D	c4
3.76454066634608e-15	0.561157404860626	0.013	0.043	1.26255164867915e-10	MOSPD2	c4
3.48370335096793e-44	0.559961333040718	0.046	0.143	1.16836442984762e-39	C6orf136	c4
8.18671906568076e-56	0.559674042053908	0.074	0.209	2.74566184024802e-51	UHMK1	c4
4.80517796403611e-07	0.559567973477318	0.006	0.019	0.0161156058557843	ZNF25	c4
1.76634266805545e-10	0.559482501672125	0.01	0.031	5.92396004012435e-06	SLC25A43	c4
1.65334603648447e-93	0.559450995112508	0.142	0.389	5.54499193716163e-89	MTCH1	c4
1.06975943502012e-61	0.559401079196799	0.072	0.215	3.58775919317048e-57	CDC40	c4
1.4279883479868e-15	0.55883252234252	0.013	0.045	4.78918732147812e-11	SMPD2	c4
3.79077566957713e-40	0.557828526483459	0.047	0.138	1.27135034406278e-35	FRMD8	c4
1.63072865359911e-67	0.557403120004176	0.144	0.348	5.46913775844069e-63	CTLA4	c4
1.37918382464302e-22	0.556495920139326	0.02	0.066	4.62550671108778e-18	TMEM184C	c4
4.83711774988173e-15	0.556331482124182	0.013	0.043	1.62227255095534e-10	ORC3	c4
1.9650903150953e-09	0.555550097445729	0.007	0.024	6.5905198987666e-05	SPINDOC	c4
3.73553049768933e-23	0.554890471111842	0.022	0.071	1.25282221831505e-18	PEX14	c4
5.06693879080728e-28	0.554798052053133	0.025	0.083	1.69934993166095e-23	CCDC92	c4
1.77866039478146e-89	0.553905033375349	0.159	0.416	5.96527123201807e-85	RNF10	c4
2.52409110491068e-56	0.553639313819801	0.058	0.183	8.46529674764942e-52	RMC1	c4
1.8210708490164e-51	0.553623319579179	0.056	0.172	6.1075074134312e-47	CBWD2	c4
6.53914849890415e-63	0.553193607232491	0.068	0.209	2.19309962356247e-58	HADHB	c4
3.20699326382279e-42	0.55312245256896	0.062	0.167	1.07556140082089e-37	PPP1R15B	c4
9.59305747848339e-40	0.552987604543266	0.039	0.125	3.21731961713376e-35	ERVK3-1	c4
2.10158452676439e-22	0.552788194195644	0.02	0.067	7.0482941858624e-18	ZNF140	c4
6.18408581992807e-30	0.55225802766184	0.031	0.096	2.07401870228748e-25	PDK3	c4
4.85609413125494e-27	0.551959995363782	0.029	0.089	1.62863684974028e-22	WDR47	c4
7.53826294542541e-12	0.551383647139482	0.02	0.048	2.52818262663677e-07	ENC1	c4
1.06171029736129e-16	0.551355424156208	0.015	0.049	3.56076399529029e-12	ZSCAN32	c4
8.39018614874148e-30	0.550894037256858	0.042	0.114	2.81390063056492e-25	ETV1	c4
1.32927420148945e-63	0.550011137762382	0.084	0.238	4.45811981695532e-59	MAPKAPK2	c4
2.42435140069168e-64	0.549773997419612	0.09	0.25	8.13078972763975e-60	TAB2	c4
4.06899801526945e-26	0.549330429725208	0.024	0.078	1.36466055436107e-21	LNPK	c4
1.22550904586645e-08	0.54931383861382	0.006	0.022	0.00041101122380269	GCSH	c4
4.43856802095224e-65	0.548388280240858	0.084	0.24	1.48860694286696e-60	SEC61A1	c4
2.06358844496927e-78	0.548381413048247	0.175	0.428	6.92086292673794e-74	IFI16	c4
5.38223110658595e-25	0.548294589319161	0.029	0.084	1.8050926685268e-20	LYSMD3	c4
1.14406566810075e-23	0.548181602612779	0.024	0.074	3.8369674376763e-19	MAD1L1	c4
3.03216975914122e-10	0.547989127637437	0.009	0.029	1.01692909382078e-05	TPD52	c4
6.25911555529587e-38	0.547964722783983	0.039	0.122	2.09918217493513e-33	BRAP	c4
2.84918465537084e-18	0.547338731143191	0.018	0.056	9.55559549718272e-14	TRIB2	c4
5.00274259666222e-20	0.547228720569346	0.02	0.062	1.67781981206857e-15	RAD17	c4
6.73207732331452e-59	0.546991585009895	0.215	0.463	2.25780409269323e-54	SRRT	c4
5.17517022719438e-20	0.546217724799424	0.019	0.06	1.73564859079645e-15	IMPDH1	c4
1.43313971742502e-07	0.545972961037231	0.006	0.02	0.00480646398430004	STPG1	c4
3.74211732977182e-36	0.545329876071716	0.035	0.113	1.25503131005887e-31	PGP	c4
8.96960351690759e-07	0.545174986442076	0.005	0.017	0.0300822562750047	PGBD1	c4
6.66026978876217e-29	0.545153026992711	0.384	0.72	2.23372128175506e-24	RBPJ	c4
3.49248330935312e-79	0.545087276858429	0.142	0.366	1.17130905229085e-74	TMF1	c4
2.52959316432892e-71	0.545028339638589	0.118	0.31	8.48374955452632e-67	SECISBP2L	c4
1.71114941835167e-60	0.544601917665797	0.08	0.226	5.73885291926782e-56	NUP50	c4
1.2649422571457e-58	0.543892485423863	0.091	0.242	4.24236334201526e-54	SKIL	c4
1.41680398663347e-07	0.543841399396682	0.008	0.023	0.00475167721037132	BRPF3	c4
1.09852754436267e-08	0.54327966015082	0.006	0.022	0.000368424167828351	PRC1	c4
3.93722861201711e-21	0.543078101827683	0.027	0.075	1.3204677318983e-16	AL135925.1	c4
3.04247188109551e-47	0.543056823718257	0.071	0.19	1.02038421948181e-42	MPZL3	c4
4.14092846311813e-75	0.543025585131192	0.14	0.357	1.38878458796056e-70	BIRC2	c4
4.82176764972549e-26	0.542546481576001	0.021	0.073	1.61712443436494e-21	BABAM1	c4
1.45683292690302e-11	0.542055207451074	0.009	0.032	4.88592627024736e-07	ALDH3A2	c4
1.37342269972215e-49	0.54193896472998	0.058	0.172	4.60618505032815e-45	PLAA	c4
3.3418166801667e-19	0.541481454533099	0.019	0.06	1.12077847819431e-14	CEP68	c4
1.63638977652401e-77	0.541076858940264	0.11	0.306	5.48812403250624e-73	WAPL	c4
1.65414082803869e-63	0.540901836107766	0.085	0.24	5.54765750907617e-59	KIF21A	c4
1.31274406832474e-27	0.54087958020493	0.036	0.1	4.40268105634753e-23	TBC1D4	c4
1.65246292294554e-14	0.540799901521589	0.013	0.043	5.54203015097477e-10	RAD18	c4
6.83496859564908e-51	0.53980216622531	0.057	0.173	2.29231176760879e-46	ASCC2	c4
1.74972303428176e-95	0.539389298210248	0.205	0.513	5.86822111237417e-91	TRA2B	c4
5.82436226200344e-08	0.539180023627515	0.007	0.021	0.00195337461543071	SSX2IP	c4
4.54676497871101e-53	0.538307723580816	0.056	0.175	1.5248940385601e-48	ACTR1B	c4
2.24107014064799e-45	0.537936169359886	0.061	0.17	7.51610103770521e-41	TNIP3	c4
2.14623926562498e-50	0.537812118035064	0.07	0.194	7.19805724905307e-46	CA5B	c4
2.11637988079819e-68	0.537524878799186	0.08	0.238	7.09791484422095e-64	ARHGAP17	c4
4.77789865793348e-89	0.537434217320546	0.181	0.455	1.60241165189773e-84	KIF5B	c4
8.04564995679801e-23	0.537426013689119	0.02	0.066	2.69835008251092e-18	HDGFL2	c4
7.14231632279046e-69	0.536598877508033	0.128	0.323	2.39539004833747e-64	IFRD1	c4
3.00372718770724e-27	0.536175159593062	0.026	0.083	1.00739002421325e-22	ZMIZ1	c4
5.09130624089462e-07	0.535609894533772	0.004	0.016	0.0170752228707124	TCEAL1	c4
5.63397946687608e-65	0.534515429396838	0.07	0.217	1.8895240336009e-60	MAP2K2	c4
4.62714631888491e-32	0.53441331605762	0.035	0.106	1.55185233242762e-27	PECAM1	c4
4.84998232419473e-90	0.533959092540385	0.17	0.437	1.62658707188843e-85	GRB2	c4
9.11430346571478e-13	0.533587558595326	0.009	0.034	3.05675509633142e-08	C20orf204	c4
7.12185261580997e-45	0.532784603620473	0.043	0.14	2.38852693029035e-40	TBC1D10A	c4
6.29751666894772e-31	0.531768175478286	0.034	0.103	2.11206114043169e-26	RFX5	c4
5.24282163784424e-28	0.531488996814409	0.026	0.085	1.7583375209002e-23	UTP25	c4
1.65259771640296e-07	0.53091111197879	0.005	0.018	0.00554248222127225	PTPN12	c4
1.5892004008597e-12	0.530835050464664	0.012	0.037	5.32986030440327e-08	ZNF614	c4
1.5623924911692e-89	0.530767470041105	0.165	0.425	5.23995193688325e-85	TSPAN14	c4
1.26431337713745e-28	0.530685306945921	0.03	0.093	4.24025420424358e-24	WARS2	c4
1.47807058979972e-11	0.530511649381418	0.012	0.035	4.95715314407029e-07	KLF3	c4
3.35247185949519e-30	0.529276414481564	0.033	0.099	1.1243520122375e-25	AP3M1	c4
2.20772366133738e-26	0.528972363488868	0.027	0.083	7.40426361539332e-22	RNF20	c4
2.47784607533408e-27	0.528847553526889	0.025	0.083	8.31020016745544e-23	ZNF350	c4
1.0051429683556e-16	0.528441295774276	0.015	0.048	3.371048487271e-12	MREG	c4
2.70315056802394e-08	0.527722027809744	0.003	0.017	0.000906582637503869	HIST1H2AL	c4
2.00357714111122e-39	0.527273356355908	0.041	0.129	6.7195970158588e-35	ABHD16A	c4
8.85275234367259e-11	0.527208437158207	0.007	0.026	2.96903608102091e-06	ZNF155	c4
5.65520096865646e-42	0.526894266840524	0.043	0.135	1.896641300868e-37	MTA2	c4
4.24988521772622e-17	0.526673023878245	0.013	0.047	1.42532650432102e-12	AKT1S1	c4
2.67929219902975e-34	0.526519245447987	0.036	0.111	8.98581017710596e-30	OAS2	c4
1.19234619476398e-07	0.526357809425552	0.008	0.024	0.00399889066799944	ZNF273	c4
9.10460340543896e-40	0.526164491192165	0.051	0.144	3.05350189011612e-35	METTL8	c4
2.29896866602142e-21	0.526032163243767	0.017	0.059	7.71028111210263e-17	VIPAS39	c4
6.45013074189964e-10	0.52598463012396	0.009	0.028	2.1632448482183e-05	PARP2	c4
9.02503973706284e-54	0.525641644039377	0.052	0.169	3.02681782701613e-49	APBA3	c4
1.09351626634372e-16	0.52523926999149	0.017	0.052	3.66743485406358e-12	LRRC8A	c4
1.64070020465807e-29	0.524762413899071	0.031	0.096	5.50258034638225e-25	PMM2	c4
2.25015130302231e-73	0.524248036398123	0.089	0.262	7.54655744007623e-69	PPM1B	c4
8.36166238555894e-58	0.523883760762037	0.068	0.203	2.80433433086876e-53	MITD1	c4
5.30009891671591e-28	0.523444781412024	0.033	0.096	1.77754717468818e-23	ATG9A	c4
2.65219632325393e-33	0.523268928456636	0.041	0.118	8.89493602892902e-29	MAGT1	c4
1.13675749293552e-44	0.523231250777597	0.044	0.14	3.81245727980716e-40	PRKRIP1	c4
1.81658363155829e-41	0.522963184039158	0.05	0.145	6.09245818352019e-37	BORCS5	c4
1.3760041283085e-54	0.522941859092719	0.059	0.182	4.61484264552103e-50	C6orf89	c4
7.20628594573101e-34	0.522571565699002	0.034	0.107	2.41684418047927e-29	ING3	c4
5.97182573302876e-44	0.522189808376955	0.048	0.147	2.00283091434318e-39	ALG13	c4
8.11804557287548e-34	0.521978697579231	0.04	0.117	2.72263012423098e-29	CD2AP	c4
1.21770159518918e-54	0.520831258431392	0.061	0.186	4.08392760994548e-50	NOL11	c4
2.42387253745272e-40	0.520801919254984	0.041	0.13	8.12918371610892e-36	CCDC137	c4
5.02120418151936e-58	0.520385213004343	0.078	0.219	1.68401145839796e-53	GBP5	c4
4.01183242192643e-11	0.519622122393991	0.009	0.031	1.34548835766569e-06	TMEM161A	c4
2.41449702361937e-52	0.519477371890065	0.308	0.638	8.09774011781465e-48	ARID4B	c4
5.33284593905522e-17	0.51885083730976	0.012	0.044	1.78852987104034e-12	BCAT2	c4
6.1700692159255e-10	0.517993800888744	0.011	0.031	2.06931781363709e-05	ZNF615	c4
4.362824671262e-15	0.516117412120129	0.011	0.04	1.46320413824785e-10	ZC3HC1	c4
2.2451345100549e-58	0.515841780222681	0.058	0.186	7.52973211982212e-54	AZI2	c4
6.96139006928569e-43	0.515500292508623	0.044	0.137	2.33471100143704e-38	COMTD1	c4
2.15745317821043e-38	0.515107948364865	0.047	0.135	7.23566646908215e-34	ADIPOR2	c4
4.54649883767934e-69	0.514698145369476	0.094	0.265	1.5248047801809e-64	SUPT16H	c4
2.65882050538287e-25	0.51441670537223	0.03	0.086	8.91715221095307e-21	PTGES2	c4
2.86955491080598e-26	0.514088130028272	0.025	0.08	9.6239132598611e-22	LRRC23	c4
8.58531016446057e-72	0.513989589271967	0.086	0.254	2.87934132295679e-67	SMAP1	c4
5.25138128636013e-07	0.512349330382286	0.006	0.019	0.0176120825581946	CD274	c4
3.18631574984537e-25	0.511860308361172	0.027	0.083	1.06862657618314e-20	HMGCR	c4
5.2398253303524e-08	0.511731225651619	0.005	0.019	0.00175733261929359	RBFOX1	c4
4.20873067432095e-83	0.510560256406811	0.184	0.45	1.41152409355376e-78	LCP2	c4
7.52566863610508e-68	0.510041791546122	0.069	0.219	2.52395874717692e-63	PIH1D1	c4
2.8508942922547e-41	0.509687833699225	0.064	0.169	9.5613292773638e-37	NEDD9	c4
1.09487706321847e-55	0.509421910829637	0.065	0.194	3.67199869462212e-51	IFNAR1	c4
2.39562287162583e-14	0.509272364086107	0.013	0.042	8.0344399868587e-10	SLC35F6	c4
2.0141911719571e-94	0.508966720072543	0.124	0.358	6.75519435250972e-90	RBBP4	c4
1.54375513174154e-21	0.508769856769121	0.02	0.065	5.17744596083477e-17	KLHL12	c4
8.520391138074e-20	0.506675970833478	0.023	0.067	2.85756877988726e-15	CTNNA1	c4
1.74084999544515e-21	0.506488695674982	0.021	0.067	5.83846271472393e-17	APOBEC3D	c4
1.45134596556147e-30	0.506135592012979	0.045	0.119	4.86752409930005e-26	TNS3	c4
1.29403805623396e-58	0.50570540707282	0.064	0.196	4.33994483299745e-54	PATL1	c4
1.89522572266289e-33	0.504665632998197	0.033	0.105	6.3562080286668e-29	NFATC1	c4
2.63434551786599e-20	0.504665099090344	0.023	0.067	8.83506799781896e-16	ZNF420	c4
7.31262609825703e-23	0.504609920930573	0.021	0.068	2.45250854083344e-18	NUP88	c4
2.43452290390422e-29	0.504190226644818	0.024	0.084	8.16490291511398e-25	UNC119	c4
5.47539022127628e-15	0.503851148806307	0.015	0.046	1.83633637241164e-10	NDRG3	c4
2.83512995351923e-55	0.503408681853381	0.048	0.164	9.50845883811278e-51	SLC25A39	c4
2.23188659920378e-20	0.503010222023421	0.018	0.06	7.48530127640962e-16	AGK	c4
3.83591741794561e-34	0.502959271148363	0.031	0.103	1.2864899836306e-29	CCDC43	c4
8.45831684770701e-64	0.502804754630731	0.075	0.222	2.83675030438398e-59	DEF6	c4
4.93101587412594e-76	0.50269392578674	0.247	0.562	1.65376410386436e-71	APBB1IP	c4
6.13274058868283e-43	0.50106004469658	0.046	0.141	2.05679853863245e-38	C1GALT1	c4
1.50126468235299e-12	0.501055403694235	0.01	0.034	5.03494149167546e-08	SFXN4	c4
4.06893081250978e-15	0.500840846867024	0.014	0.045	1.36463801589953e-10	MBOAT7	c4
2.60660987005866e-12	0.500726039297816	0.011	0.035	8.74204818220272e-08	OSBPL11	c4
6.42252571277293e-22	0.500552789944999	0.022	0.068	2.15398667354979e-17	MEPCE	c4
5.08256957161102e-35	0.500334206316306	0.035	0.112	1.7045921829269e-30	PRRC1	c4
2.1394685910239e-19	0.500176949793487	0.015	0.053	7.17534976057596e-15	CYB561A3	c4
3.12361795668561e-53	0.500113537031689	0.048	0.161	1.04759899031322e-48	WDR45	c4
4.89907429886137e-84	0.500042664900467	0.122	0.338	1.64305153835213e-79	LBR	c4
4.97750445209582e-38	0.499776319744798	0.035	0.115	1.66935544314389e-33	ANKRD54	c4
2.10691356652506e-45	0.499489231386302	0.055	0.16	7.06616671941175e-41	GBP4	c4
4.69294729262204e-43	0.499288497549744	0.045	0.14	1.57392066299958e-38	NAPG	c4
1.26661200620504e-83	0.499082282114532	0.233	0.547	4.24796334641046e-79	CD96	c4
3.74712957579348e-44	0.498057278217883	0.044	0.14	1.25671231712962e-39	ARPC4	c4
2.53426730712049e-14	0.497843140804916	0.012	0.04	8.4994256946207e-10	WDR41	c4
8.85813460008545e-21	0.496505994180733	0.02	0.063	2.97084118217666e-16	AC026979.2	c4
1.35179075529964e-24	0.496010567886207	0.024	0.077	4.53363583512393e-20	ZHX1	c4
8.96261303202486e-48	0.495687392945128	0.047	0.15	3.0058811586805e-43	KATNA1	c4
3.62657959969024e-57	0.495484156152262	0.074	0.21	1.21628226614411e-52	TARSL2	c4
5.29240679071133e-41	0.495480263063584	0.042	0.132	1.77496738946877e-36	GOPC	c4
2.55921951213657e-14	0.495283107679354	0.008	0.033	8.58311039980363e-10	CPT2	c4
4.44652762607134e-27	0.495115134611584	0.025	0.082	1.49127643523181e-22	YTHDF1	c4
4.13400983109081e-75	0.495111295801202	0.089	0.265	1.38646421715124e-70	CRY1	c4
1.11035321623409e-71	0.494678676285047	0.115	0.305	3.72390261660589e-67	IL21R	c4
5.43828349082536e-07	0.493802150281633	0.006	0.019	0.0182389151715301	KBTBD6	c4
3.20782218818884e-71	0.492967765229576	0.184	0.427	1.07583940547477e-66	NFKB1	c4
3.13253827779452e-25	0.492939073144987	0.023	0.076	1.05059068760673e-20	SH3BP1	c4
1.5540275687736e-19	0.492544225864767	0.014	0.052	5.2118976601529e-15	JMJD8	c4
9.33367085788875e-36	0.49210672230686	0.031	0.105	3.13032653231873e-31	TSR1	c4
2.46323860513179e-30	0.492093035131218	0.029	0.094	8.261209633891e-26	GPATCH3	c4
3.66096607496015e-50	0.491108268109676	0.057	0.171	1.22781480222014e-45	TCAF2	c4
2.77498148158674e-54	0.49103572033216	0.056	0.177	9.3067328929456e-50	PELO	c4
1.61203724444825e-79	0.490715241112211	0.08	0.256	5.40645051043055e-75	CLK3	c4
3.98675685459988e-11	0.489989076299752	0.009	0.03	1.33707851389571e-06	PRIM1	c4
1.96461710182815e-34	0.489976107198189	0.038	0.115	6.58893283611124e-30	USP38	c4
8.97234878001665e-14	0.488946050183826	0.013	0.041	3.00914633384198e-09	TOP2A	c4
3.32013326570534e-08	0.488835851989916	0.006	0.021	0.00111350629465226	KIF18A	c4
6.2617261426215e-90	0.488585574927244	0.091	0.289	2.1000577137124e-85	MTMR14	c4
1.12371972505721e-63	0.488092237933132	0.075	0.223	3.76873121389688e-59	PPP2R2A	c4
2.34637497761992e-09	0.488031567643943	0.008	0.026	7.86927239994167e-05	RNF135	c4
6.35293111856799e-91	0.487496730455782	0.09	0.289	2.13064603854533e-86	DNAJC7	c4
1.57124333473734e-42	0.487072828552633	0.045	0.14	5.2696358960421e-38	ARHGAP1	c4
4.28650019332237e-08	0.486920003518134	0.005	0.02	0.00143760643483646	PHGDH	c4
1.27894671791051e-20	0.486713855613053	0.025	0.072	4.28933150252827e-16	AC243960.1	c4
1.39614224680702e-29	0.486551498974925	0.025	0.086	4.68238186734137e-25	CCDC22	c4
1.79384359640964e-87	0.486055135426784	0.138	0.372	6.01619265363865e-83	DNAJC1	c4
4.74355457659183e-95	0.485247246309894	0.178	0.46	1.59089333389737e-90	CSNK1A1	c4
6.58314064038277e-45	0.484169176674424	0.055	0.159	2.20785370797157e-40	LRRC8C	c4
5.00489871526676e-30	0.484090222260005	0.027	0.089	1.67854293112616e-25	TBC1D10B	c4
3.25311627394584e-22	0.48355684443161	0.022	0.07	1.09103013595595e-17	LFNG	c4
6.73049236602483e-28	0.48344677698419	0.023	0.08	2.25727252971741e-23	GTF3C2	c4
3.63357988350102e-25	0.483243669539944	0.029	0.085	1.21863002132857e-20	ZBTB21	c4
4.71209888665622e-96	0.481747886867838	0.166	0.437	1.58034372460676e-91	SH3KBP1	c4
3.23667510711227e-85	0.481381107771091	0.094	0.289	1.08551609742331e-80	PANK2	c4
2.64338844174166e-58	0.481326525962124	0.056	0.183	8.86539615591316e-54	PIP4P1	c4
5.49219891771084e-63	0.481154416678944	0.069	0.212	1.84197367302186e-58	KLHL28	c4
4.19157178738486e-12	0.481024885477298	0.01	0.034	1.40576934605314e-07	DPYSL2	c4
8.75400914744176e-74	0.480855648778689	0.081	0.249	2.93591958786902e-69	UBN1	c4
2.49949776492964e-27	0.480715252276403	0.024	0.081	8.38281560402104e-23	FN3KRP	c4
2.9255522935788e-14	0.480567112121311	0.012	0.041	9.81171728220459e-10	PCCB	c4
4.59352546177249e-30	0.47948346661199	0.026	0.088	1.54057656936926e-25	STK19	c4
2.96083794198586e-73	0.479467896854152	0.165	0.394	9.93005828983217e-69	ARID5B	c4
2.93932271550029e-18	0.478633106469688	0.018	0.056	9.85790052324486e-14	AP1AR	c4
5.78904067921695e-22	0.478514673326949	0.019	0.064	1.94152846299578e-17	SETD4	c4
6.65776886395238e-65	0.478501537490455	0.077	0.228	2.23288252159235e-60	WDR48	c4
2.66149942336948e-10	0.477907681951424	0.007	0.026	8.92613676609655e-06	OTUB2	c4
3.61602217038956e-12	0.477517611014048	0.01	0.034	1.21274151550525e-07	KIF3C	c4
7.02918494514221e-12	0.477377656471301	0.014	0.039	2.35744804690179e-07	EPAS1	c4
1.34006771840123e-57	0.477200318670814	0.063	0.193	4.49431911397403e-53	ATP6V1H	c4
2.99197937487469e-44	0.477183472352176	0.039	0.132	1.00345004274547e-39	MPDU1	c4
1.52156236288143e-72	0.476883995650832	0.084	0.253	5.10301585263175e-68	UBAP1	c4
3.45200275350379e-20	0.475854005925127	0.019	0.06	1.1577326834701e-15	DONSON	c4
3.25297617570306e-70	0.475569935004882	0.246	0.544	1.09098314980729e-65	CLDND1	c4
1.52475786096253e-21	0.475450890202125	0.014	0.055	5.11373291409614e-17	CENPL	c4
1.13460469492387e-48	0.475354644090822	0.048	0.154	3.80523722583567e-44	CCAR2	c4
2.18336003617533e-30	0.475236266038563	0.024	0.086	7.32255288932483e-26	UBA5	c4
3.47829422829987e-13	0.47449302714231	0.009	0.034	1.16655031828721e-08	PDLIM7	c4
3.6283575747803e-34	0.474485713629632	0.033	0.106	1.21687856342982e-29	KYAT3	c4
1.90987943385102e-34	0.473806012226092	0.03	0.102	6.40535364524955e-30	SHC1	c4
1.17186482795959e-06	0.473671624141756	0.004	0.015	0.0393020026001086	AP001610.1	c4
4.81324466027795e-28	0.473661982937038	0.03	0.092	1.61426599416402e-23	SPRTN	c4
9.36941206159315e-28	0.473596798892666	0.411	0.793	3.14231341721711e-23	FYN	c4
9.64004137012433e-86	0.472037751995279	0.081	0.265	3.2330770747123e-81	MRPS5	c4
4.98774103649465e-21	0.471641194622373	0.018	0.061	1.67278858881958e-16	GTF2H3	c4
1.66249515607621e-48	0.471206580726696	0.047	0.152	5.5756762544484e-44	ACOT9	c4
1.80805953412093e-47	0.471111482602271	0.049	0.153	6.06387006553479e-43	PPM1A	c4
6.80647922359709e-57	0.470880612573232	0.297	0.616	2.28275700200999e-52	FYB1	c4
2.32528333022775e-61	0.470459298231769	0.056	0.187	7.79853523291782e-57	WDR46	c4
1.27378868325938e-30	0.4703672770226	0.028	0.093	4.27203248591529e-26	TACC3	c4
6.04154968436831e-63	0.470309614933203	0.096	0.257	2.02621493314344e-58	B4GALT1	c4
1.57150414938908e-99	0.470201714863941	0.214	0.537	5.2705106162211e-95	EIF5B	c4
3.45147159453378e-47	0.470096736268854	0.051	0.156	1.15755454337474e-42	UBE2Q2	c4
2.35918720459257e-15	0.469758526006305	0.015	0.046	7.91224204676257e-11	SGK3	c4
1.86461147880883e-25	0.468289163162677	0.025	0.079	6.25353397762906e-21	HACD2	c4
2.51063299756172e-35	0.467930647739831	0.045	0.127	8.4201609472225e-31	ARHGEF3	c4
2.1729800282635e-85	0.467664210416597	0.119	0.333	7.28774041879013e-81	PHF20	c4
1.24200231787181e-24	0.467542869608927	0.02	0.069	4.16542737367847e-20	RPS6KA1	c4
1.7956110012269e-31	0.467397776742432	0.032	0.1	6.02212017591478e-27	AP5M1	c4
1.70645043857645e-27	0.467294013157871	0.026	0.085	5.72309348089768e-23	NCK2	c4
6.03232379968688e-79	0.466409230105756	0.08	0.254	2.02312075593898e-74	DAP3	c4
8.67228711336083e-19	0.465355634118786	0.015	0.052	2.90851165207896e-14	NUP35	c4
5.00951660372338e-30	0.464727333275693	0.03	0.094	1.68009167855675e-25	CBWD1	c4
1.93711763262227e-36	0.464675788388892	0.035	0.113	6.49670511628858e-32	ACSL4	c4
1.8054483513529e-64	0.463711853489368	0.075	0.223	6.05511268076735e-60	EED	c4
1.71591303463676e-45	0.463208977174031	0.048	0.149	5.75482913556476e-41	BIN2	c4
7.35988480644324e-92	0.463155635721636	0.109	0.324	2.46835816638493e-87	RBMX	c4
2.58157403178641e-90	0.463086665811402	0.213	0.519	8.65808298780527e-86	TNFRSF1B	c4
2.29872148040282e-12	0.462891520500013	0.012	0.037	7.70945210097499e-08	PDIK1L	c4
6.91986924742507e-21	0.462808471738199	0.019	0.062	2.32078574820142e-16	TM7SF3	c4
3.52826351456798e-11	0.462291438273023	0.009	0.03	1.18330901751581e-06	ZNF468	c4
5.63585162599425e-59	0.462187514614662	0.056	0.184	1.89015191832595e-54	MOB3A	c4
3.73805201592681e-41	0.46216938677985	0.044	0.135	1.25366788510153e-36	OXCT1	c4
3.88275410854067e-66	0.461449619661502	0.277	0.585	1.30219807292237e-61	BIRC3	c4
4.09848795904286e-31	0.461150174279503	0.024	0.087	1.37455089170379e-26	SIRT6	c4
2.17956789081532e-81	0.460820415103496	0.099	0.292	7.30983479221642e-77	HNRNPD	c4
1.23571418832488e-82	0.460504917323648	0.136	0.36	4.14433824480397e-78	IQGAP2	c4
1.93000951192898e-32	0.460253614532705	0.023	0.087	6.4728659011074e-28	STX18	c4
1.1506845635966e-10	0.460245206159763	0.01	0.031	3.85916588939029e-06	CHKA	c4
6.63028884254808e-07	0.460157077399504	0.006	0.019	0.0222366627201377	AP005482.1	c4
2.01898597113738e-20	0.459568574600217	0.019	0.061	6.77127515000053e-16	TMEM106B	c4
5.50250908765759e-112	0.458921036203001	0.174	0.477	1.8454314978186e-107	PAXX	c4
2.63315523980123e-27	0.458656300791425	0.028	0.086	8.83107604324536e-23	PHF13	c4
3.81943807451605e-07	0.458468237810871	0.003	0.014	0.0128096314143119	HIST1H4F	c4
2.9110878857083e-10	0.457881226361113	0.01	0.031	9.7632065510885e-06	C1orf21	c4
1.04821877717453e-14	0.457593506792989	0.012	0.041	3.51551613488795e-10	MTMR2	c4
4.76976856422401e-49	0.457477849818045	0.066	0.184	1.59968498106945e-44	MAP3K8	c4
8.08625171697023e-77	0.456836608877951	0.08	0.251	2.71196710083747e-72	INPP5K	c4
1.13801760935703e-63	0.456649293247876	0.07	0.215	3.81668345826162e-59	RAB29	c4
1.3761696481721e-21	0.454565365090218	0.018	0.062	4.61539776603959e-17	MEX3C	c4
2.78160452444726e-10	0.454555146407305	0.01	0.03	9.32894525409121e-06	ZNF329	c4
1.39093655475852e-78	0.45453182380752	0.097	0.284	4.66492301734912e-74	PITPNB	c4
1.83663748300504e-46	0.45439930482259	0.048	0.15	6.1597147905023e-42	PAFAH1B2	c4
2.41733200028943e-47	0.453680467355714	0.05	0.155	8.10724806257069e-43	PTTG1IP	c4
5.54654984945236e-37	0.452866996614867	0.035	0.114	1.86020188850933e-32	PSMD5	c4
1.50505460062832e-27	0.452826035373196	0.022	0.078	5.04765211958725e-23	SNX11	c4
2.53201909631595e-11	0.452724932551098	0.01	0.033	8.49188564522445e-07	NKRF	c4
6.31322225683825e-07	0.452696367798573	0.004	0.015	0.0211732848049841	NECTIN3	c4
2.74335890578863e-32	0.450948342885389	0.032	0.101	9.20067709823392e-28	NEDD1	c4
1.85271151904063e-77	0.450718301568153	0.103	0.292	6.21362389255848e-73	FIP1L1	c4
2.0556461062931e-18	0.450311156575876	0.015	0.051	6.8942259112858e-14	KIF9	c4
2.36671613698362e-17	0.450264307247041	0.016	0.051	7.93749258021566e-13	ENDOD1	c4
8.45419545955148e-13	0.450130343291794	0.015	0.043	2.83536807322438e-08	WNT10A	c4
8.18167051948757e-10	0.449777588120539	0.006	0.023	2.74396865882574e-05	MMAB	c4
2.04642453543832e-14	0.449610759145978	0.012	0.041	6.86329860695303e-10	RBM27	c4
1.77532555222886e-47	0.449576483832211	0.13	0.285	5.95408683706514e-43	ZNF331	c4
7.94951680827713e-72	0.449405456745779	0.066	0.22	2.66610894715998e-67	C1orf35	c4
1.24895870280769e-32	0.449179929515959	0.026	0.092	4.18875769747644e-28	APOPT1	c4
2.63111493386345e-23	0.448940940412312	0.018	0.064	8.82423326519125e-19	LRRC14	c4
1.27483673966648e-13	0.448912187115068	0.012	0.04	4.27554745749344e-09	FBXO30	c4
4.80435457782867e-58	0.448155387798866	0.055	0.18	1.61128443831218e-53	TRIM27	c4
4.81553932431481e-88	0.447353531716288	0.181	0.453	1.6150355785887e-83	MGAT4A	c4
2.12229994206013e-35	0.447335790413667	0.031	0.105	7.11776954568128e-31	SLC30A9	c4
1.38768511316885e-76	0.447193504211479	0.106	0.296	4.65401833254569e-72	TM9SF2	c4
2.5189734861089e-11	0.446858927685407	0.007	0.027	8.44813327771204e-07	PXN	c4
9.70009713603325e-21	0.446153292586911	0.013	0.052	3.25321857748283e-16	EIF2D	c4
3.41013123294269e-25	0.445895886860509	0.019	0.069	1.14368981290432e-20	NDUFAF5	c4
1.39301368774946e-68	0.445867130611555	0.105	0.281	4.67188930597414e-64	NAB1	c4
8.17266186960002e-50	0.445491226570066	0.053	0.164	2.74094733782646e-45	SMC1A	c4
2.37827246174095e-13	0.445273880411726	0.008	0.033	7.9762501821868e-09	TTC38	c4
1.22322543741336e-80	0.444229687487722	0.091	0.276	4.10245347199694e-76	ARFGAP3	c4
5.58684407360368e-68	0.44412452499236	0.063	0.209	1.8737157654052e-63	FDPS	c4
1.67286745648909e-09	0.44377708087747	0.007	0.025	5.61046287557312e-05	RBM43	c4
1.01232325254791e-77	0.443731978623877	0.295	0.668	3.3951297243952e-73	JAK1	c4
4.3787547100131e-38	0.442962197292884	0.038	0.121	1.46854675464419e-33	SCAF1	c4
1.2808768155205e-10	0.442960432620896	0.009	0.03	4.29580466389265e-06	ZXDB	c4
2.73212782684758e-11	0.442905121555696	0.007	0.027	9.1630103056814e-07	GKAP1	c4
5.02065434041974e-43	0.442896107365441	0.037	0.127	1.68382705268997e-38	RUSC1	c4
9.30323733967691e-24	0.442821574054143	0.037	0.095	3.12011973898084e-19	NR4A3	c4
3.02416597253653e-15	0.442499506884312	0.013	0.044	1.0142447838693e-10	DNAJC24	c4
1.23291928440395e-56	0.442460887893456	0.063	0.191	4.13496469603396e-52	EPRS	c4
1.8047009456581e-63	0.442244344746393	0.064	0.204	6.05260603154815e-59	PPP2R3C	c4
2.77235967285156e-52	0.442009453502653	0.056	0.174	9.29793987080955e-48	ISG20L2	c4
1.67377097374799e-32	0.441652638335783	0.03	0.099	5.61349309175602e-28	DENND1C	c4
6.57894097220767e-39	0.441235184713122	0.037	0.12	2.20644522325901e-34	BROX	c4
4.67424052372679e-07	0.441226903873459	0.004	0.016	0.0156764678684749	SLC43A1	c4
4.9276888138031e-17	0.440730270769254	0.014	0.048	1.65264827437328e-12	GEMIN5	c4
1.23172967809573e-11	0.439867999355455	0.011	0.034	4.13097499439746e-07	RRM2B	c4
3.64801231189061e-92	0.439070329593279	0.222	0.537	1.22347036916187e-87	HNRNPLL	c4
5.27257948858914e-12	0.438754659738927	0.008	0.03	1.76831770888302e-07	DDX19B	c4
1.20025000819728e-14	0.438235190869407	0.011	0.04	4.02539847749203e-10	LARP1B	c4
1.40238664187213e-12	0.437893363226128	0.011	0.035	4.70332431951074e-08	NNT-AS1	c4
1.00899794051722e-48	0.437489518108469	0.045	0.148	3.38397729290665e-44	GTF2H1	c4
1.5702608714724e-16	0.43739630573827	0.013	0.046	5.26634091074413e-12	ZNF862	c4
2.76727481876041e-16	0.43722035904895	0.013	0.046	9.28088628715866e-12	ZNRF2	c4
1.22167917227158e-07	0.436867220583173	0.005	0.019	0.00409726760796444	PQLC2	c4
7.34319968806754e-15	0.436857766775602	0.012	0.042	2.46276231138409e-10	LINC00944	c4
7.56446304049035e-51	0.436721632565808	0.055	0.168	2.53696961451965e-46	EPSTI1	c4
1.22677548691132e-08	0.436507716320429	0.006	0.022	0.000411435962800319	ZNF543	c4
5.22204216743965e-10	0.436065619773024	0.008	0.027	1.75136850211591e-05	CASTOR2	c4
1.03677619987804e-41	0.435949077783438	0.042	0.133	3.47714001915097e-37	TMEM30A	c4
8.32210361769846e-09	0.435871885922898	0.007	0.024	0.000279106711130371	TRGC1	c4
2.3107444441769e-26	0.43524064708778	0.02	0.072	7.7497747168805e-22	NCF4	c4
1.09738059275788e-57	0.435174750197111	0.046	0.164	3.68039503199138e-53	NSUN5	c4
1.51119126730492e-16	0.434963106618821	0.01	0.04	5.06823327228725e-12	ZSCAN2	c4
7.21454863923082e-17	0.434350897316696	0.015	0.049	2.41961532262523e-12	AC010616.1	c4
1.27817641450022e-76	0.433280931695455	0.072	0.236	4.28674805895084e-72	MLX	c4
1.34040731917066e-40	0.433118103714176	0.036	0.121	4.49545806703456e-36	CBFB	c4
2.98384463089568e-28	0.433044607062532	0.025	0.083	1.00072181230979e-23	USP18	c4
9.4493671525389e-93	0.432836867204736	0.118	0.343	3.1691287556185e-88	SDHA	c4
1.34602783458321e-81	0.432766574382303	0.073	0.246	4.51430815162516e-77	FAM204A	c4
2.79200579271222e-12	0.432660250064985	0.01	0.034	9.36382902759824e-08	ATP2B1-AS1	c4
8.37435649270046e-08	0.432576251777251	0.004	0.017	0.00280859168052188	MSANTD3	c4
1.50897950013319e-24	0.432026584304845	0.021	0.071	5.06081544754668e-20	MVB12A	c4
9.58628669287859e-31	0.431814869365041	0.028	0.093	3.21504883105762e-26	ZNF664	c4
4.83779884639848e-48	0.431801220168872	0.039	0.138	1.62250097710512e-43	MTERF4	c4
3.99211613939069e-22	0.430981314083029	0.015	0.058	1.33887591082885e-17	SCPEP1	c4
1.56545173053772e-27	0.43082981698793	0.023	0.079	5.25021201387741e-23	PEX13	c4
3.58216084162811e-30	0.430612653733176	0.025	0.087	1.20138510306524e-25	APOBEC3F	c4
4.16135170432412e-09	0.430040170098263	0.005	0.02	0.000139563413459622	IRF5	c4
1.40815403247049e-41	0.429756505193111	0.035	0.122	4.72266699409953e-37	TMEM138	c4
9.33084738347306e-17	0.429526283923426	0.015	0.049	3.1293795954692e-12	SLC25A30	c4
1.20584640981317e-10	0.429406742487053	0.01	0.032	4.04416768923141e-06	TPPP	c4
5.97636713106585e-46	0.428947374483238	0.044	0.143	2.00435400841686e-41	HEXIM1	c4
9.43879256109318e-58	0.42878627357667	0.054	0.178	3.16558224913943e-53	KAT5	c4
5.14778998229458e-66	0.42856017871627	0.069	0.217	1.72646580426196e-61	TOB2	c4
5.94458638452886e-53	0.427488394016494	0.056	0.174	1.99369538164329e-48	TNPO1	c4
2.12780540977875e-58	0.427067694727827	0.053	0.177	7.13623378331596e-54	NMT1	c4
1.19117740078757e-12	0.427041728752065	0.01	0.034	3.99497076676136e-08	SAP30L	c4
2.1035875368097e-35	0.426981981246234	0.035	0.112	7.05501188095237e-31	TOR1B	c4
5.57257499440997e-66	0.426894583308609	0.078	0.232	1.86893020162521e-61	IL2RG	c4
1.46122325831311e-19	0.42653137719336	0.016	0.054	4.90065056373052e-15	NUDCD1	c4
1.37691753811925e-27	0.425919233079429	0.022	0.078	4.61790603934433e-23	MIOS	c4
2.08154808020534e-09	0.425858377103225	0.008	0.026	6.98109595139267e-05	SOCS5	c4
2.88420529647548e-11	0.425461791736462	0.008	0.029	9.67304772331946e-07	DNAJC25	c4
2.07638429241732e-59	0.425434129224536	0.061	0.192	6.96377763990921e-55	NBR1	c4
6.9248098778413e-78	0.425233427650505	0.07	0.236	2.32244273683041e-73	NDUFA10	c4
1.61477517159497e-41	0.424841955840775	0.039	0.128	5.4156329704952e-37	CCNC	c4
1.62279056059485e-12	0.424471365686482	0.01	0.034	5.44251498212301e-08	N4BP3	c4
2.57695230829203e-08	0.424244613823418	0.005	0.019	0.00086425826515498	ZNF93	c4
1.43186384905744e-18	0.423368733509204	0.015	0.052	4.80218497696884e-14	TUBD1	c4
1.20368214044422e-42	0.423179463626099	0.036	0.124	4.03690916262182e-38	TRIP4	c4
1.89136555492206e-16	0.422741375435608	0.015	0.048	6.34326179809761e-12	ADA2	c4
3.72625643363613e-13	0.422663130321641	0.013	0.04	1.24971188271288e-08	GNA12	c4
1.4035069372272e-81	0.422311594534653	0.078	0.254	4.70708156607258e-77	COPS6	c4
5.20811793397807e-20	0.422094149720555	0.013	0.051	1.74669859269757e-15	PRR3	c4
6.92821318233319e-92	0.421991151558399	0.253	0.602	2.32358413709091e-87	SFPQ	c4
3.68914850856653e-86	0.421725542290527	0.087	0.276	1.23726662680304e-81	ILKAP	c4
7.25969296877829e-11	0.421641931164789	0.009	0.03	2.43475582786886e-06	WDR25	c4
1.8437755968037e-10	0.421526116591839	0.007	0.027	6.18365459656025e-06	RAB37	c4
7.0610510838029e-13	0.421520942706861	0.012	0.038	2.36813531248582e-08	METTL6	c4
5.49078986444458e-104	0.421018173164084	0.122	0.367	1.84150110473742e-99	ARRB2	c4
1.27585144762413e-59	0.420745768363226	0.069	0.206	4.2789505850418e-55	ST8SIA4	c4
4.84162876063693e-65	0.420702286008258	0.058	0.195	1.62378545374241e-60	RANBP3	c4
1.974261715438e-79	0.420450414680195	0.093	0.278	6.62127894123597e-75	MAP7D1	c4
3.25359215321594e-40	0.420412136914975	0.037	0.123	1.09118973634556e-35	ECHDC1	c4
3.66213710039132e-13	0.419753349450759	0.012	0.039	1.22820754072924e-08	TNFRSF10B	c4
5.88368144483301e-46	0.419741406340385	0.039	0.134	1.97326908296809e-41	PRPF4	c4
1.84786500840727e-40	0.419477429633407	0.032	0.114	6.19736966519629e-36	ACTR8	c4
3.85327875094563e-42	0.418908930704461	0.039	0.128	1.29231262749214e-37	BTBD10	c4
6.74516647694455e-55	0.4188938535047	0.063	0.189	2.26219393303766e-50	STAT1	c4
6.76166810122402e-09	0.418447213378633	0.007	0.023	0.000226772824778851	IFT74	c4
5.63056236189237e-20	0.418020462842226	0.019	0.06	1.88837800493146e-15	NFIC	c4
6.9413075475806e-86	0.417639339169303	0.094	0.289	2.32797572530758e-81	CCNK	c4
1.57706956470948e-09	0.417619680585388	0.006	0.023	5.28917590612266e-05	AP4S1	c4
5.52455073030349e-69	0.416725850189745	0.06	0.204	1.85282382392918e-64	EXOSC1	c4
4.13854194068057e-93	0.416050255679693	0.173	0.444	1.38798419606545e-88	POLR2A	c4
2.21243020258393e-08	0.415729826369179	0.006	0.021	0.0007420048413426	HLF	c4
1.09765034309941e-79	0.415633884592471	0.089	0.271	3.68129972068679e-75	USP10	c4
1.44133216956861e-52	0.415055757457971	0.05	0.163	4.83393983029921e-48	GNPTG	c4
1.33521817523347e-36	0.414850956750345	0.035	0.114	4.478054716098e-32	PPM1D	c4
1.46264990708178e-34	0.414478251519016	0.031	0.104	4.90543525837087e-30	RYBP	c4
5.49025585529634e-14	0.412930936667407	0.007	0.031	1.84132200874929e-09	OGFOD2	c4
6.5262592923171e-61	0.412445992774565	0.051	0.178	2.18877684145731e-56	PLEKHO1	c4
3.06022257430057e-83	0.412078369999264	0.081	0.262	1.02633744696893e-78	SAT2	c4
6.59415629751598e-38	0.41149427357012	0.029	0.106	2.21154813906091e-33	CCDC57	c4
1.4066975478598e-23	0.411492853713363	0.019	0.067	4.71778223601221e-19	CDC23	c4
2.39580855653106e-47	0.410807561766711	0.054	0.161	8.03506273689389e-43	ABCG1	c4
9.8299410827234e-47	0.410652532716781	0.055	0.162	3.29676564032377e-42	FBXO32	c4
1.16593589001828e-15	0.410452676551298	0.01	0.039	3.91031578794331e-11	LIN7B	c4
1.0701595196348e-10	0.410152314865929	0.008	0.029	3.5891009969512e-06	LINC02210-CRHR1	c4
6.81032775981996e-25	0.409915347924233	0.016	0.063	2.28404772408842e-20	ACAT1	c4
1.01361407077362e-57	0.409616374637549	0.055	0.179	3.39945887056057e-53	UBAC2	c4
2.72467547280375e-64	0.409438830001896	0.086	0.242	9.13801660068921e-60	CCND2	c4
4.24003233529334e-11	0.409437440646393	0.008	0.029	1.42202204461068e-06	SERPINB6	c4
1.16098855033409e-16	0.409428461520915	0.016	0.05	3.89372340011048e-12	TRGC2	c4
4.24617491728266e-99	0.40916989348126	0.109	0.335	1.42408214375826e-94	IRF7	c4
6.40197794623872e-44	0.408200578680578	0.037	0.129	2.14709536360954e-39	DNAJB12	c4
1.07868682212415e-46	0.407741373845946	0.04	0.137	3.61769986403998e-42	LIN37	c4
4.12857606776453e-24	0.407581570509013	0.019	0.067	1.38464184160687e-19	ACOT8	c4
2.67852034895643e-95	0.407344012531574	0.123	0.356	8.98322154633006e-91	STAG2	c4
7.25947090661706e-36	0.407292265085969	0.037	0.116	2.43468135266123e-31	FEM1B	c4
7.36459977265756e-30	0.407076887905307	0.022	0.081	2.46993947175389e-25	SMYD2	c4
1.65187499127408e-49	0.406672723652638	0.049	0.157	5.540058345735e-45	COPG1	c4
1.07897711967563e-07	0.406543695174374	0.005	0.018	0.00361867346396814	ZNF419	c4
6.7425077480201e-98	0.406427088459647	0.134	0.378	2.26130224853098e-93	TRIM22	c4
5.21185909615992e-48	0.405790026698914	0.09	0.221	1.74795330367012e-43	TNFRSF18	c4
2.31219290070991e-31	0.405612738159779	0.031	0.098	7.75463255040091e-27	PDE12	c4
4.95430735448635e-29	0.404912138873242	0.027	0.088	1.66157560054763e-24	RMDN3	c4
3.01041800190035e-24	0.404777664257415	0.02	0.069	1.00963398947734e-19	POLR3H	c4
7.44740454173246e-27	0.404730068838707	0.022	0.077	2.49771053520623e-22	FCF1	c4
1.16256088506858e-08	0.404372024988216	0.005	0.02	0.0003898996696343	UBTD2	c4
8.64852470217336e-36	0.404313398979886	0.033	0.108	2.9005422146149e-31	RBBP5	c4
2.51972510215567e-21	0.404091647479267	0.015	0.056	8.4506540476097e-17	GOLPH3L	c4
1.37743055662301e-57	0.403316984090692	0.051	0.172	4.61962660080225e-53	NEPRO	c4
1.5382758571198e-36	0.402638640087603	0.032	0.109	5.1590695696084e-32	GALNT1	c4
9.86077316354683e-11	0.40204598252366	0.008	0.028	3.30710610359034e-06	ZNF34	c4
3.94356622435043e-61	0.401896266613467	0.085	0.235	1.32259324032265e-56	CRYBG1	c4
1.19258146594117e-10	0.400504107564496	0.008	0.027	3.99967972047351e-06	RARG	c4
1.60494656053604e-31	0.400482521478903	0.025	0.089	5.38266977472576e-27	MFN2	c4
2.05575800573076e-12	0.399686378802796	0.017	0.044	6.89460119961983e-08	RSAD2	c4
2.97399530530211e-60	0.399570877700736	0.064	0.198	9.97418545492222e-56	SUDS3	c4
1.53973529210193e-31	0.399568801602053	0.027	0.092	5.16396422265145e-27	STYX	c4
3.62026610527342e-15	0.399086561409449	0.012	0.041	1.2141648463866e-10	KLRC4-KLRK1	c4
9.03604292632167e-16	0.398972892942614	0.011	0.041	3.03050807662976e-11	TATDN3	c4
8.8766370149258e-66	0.398578875396146	0.071	0.219	2.97704652206582e-61	SP140	c4
3.59787742274852e-27	0.39832424115032	0.018	0.07	1.2066561300414e-22	ARMC6	c4
1.34327077334316e-35	0.397657356010038	0.036	0.113	4.5050615196383e-31	TBC1D23	c4
8.15083469204717e-63	0.397620043501139	0.067	0.208	2.73362693901878e-58	TXNRD1	c4
1.99480129592547e-22	0.397120836164987	0.019	0.064	6.69016458627485e-18	MAP7D3	c4
2.53863678360203e-27	0.396898257792777	0.02	0.074	8.51408004484449e-23	ODF3B	c4
3.37702007533636e-13	0.396870815445493	0.013	0.041	1.13258499286631e-08	GNS	c4
3.42877139794316e-19	0.396798817034179	0.013	0.05	1.14994135144218e-14	STX8	c4
8.78237070431184e-09	0.396620093718686	0.006	0.022	0.00029454314868121	FBXO4	c4
7.26799476730993e-10	0.396204191145658	0.006	0.024	2.43754008506041e-05	MORC4	c4
4.09073487694176e-10	0.395917175548384	0.01	0.03	1.37195066302873e-05	NLRP6	c4
1.22096811778077e-11	0.395470258413054	0.008	0.03	4.09488287341314e-07	TSNAX	c4
7.79940298316543e-27	0.394743111191977	0.021	0.074	2.61576377249402e-22	DUSP22	c4
1.33729473180391e-89	0.39447623245886	0.094	0.294	4.48501907152397e-85	DDX27	c4
1.64281365585667e-17	0.392767126180258	0.012	0.046	5.50966843901211e-13	WDR89	c4
9.4020832677611e-07	0.392530239831302	0.004	0.015	0.0315327068634172	AC093484.3	c4
9.16954204752161e-52	0.392469889294176	0.056	0.172	3.0752810118978e-47	SNAP23	c4
1.06556566745862e-48	0.392348434599629	0.038	0.137	3.57369413552272e-44	WDR18	c4
2.62814773809825e-23	0.392235482420908	0.019	0.065	8.8142818840339e-19	MPV17	c4
1.72210484070606e-55	0.392169847640968	0.05	0.168	5.77559521476e-51	LRRC47	c4
5.61236343527575e-53	0.390963976311016	0.049	0.161	1.88227444892278e-48	ABCE1	c4
3.05860269359261e-17	0.390571094521193	0.011	0.044	1.02579417137709e-12	RASGRP2	c4
2.0058706571769e-16	0.390564175326248	0.012	0.044	6.72728901003989e-12	SLC35A5	c4
8.04696498760019e-35	0.390554468538151	0.03	0.103	2.69879111754135e-30	ASTE1	c4
4.99740440081278e-67	0.390263283029416	0.06	0.202	1.67602948794459e-62	SUZ12	c4
4.31125057924897e-67	0.390107395316031	0.058	0.198	1.44590721926852e-62	DLST	c4
6.87626959357761e-12	0.389467856753007	0.013	0.038	2.30616329629406e-07	LRRC28	c4
1.44316270117836e-32	0.389215239484174	0.028	0.096	4.840079067212e-28	INTS12	c4
3.83655941688338e-07	0.388348873517664	0.006	0.019	0.0128670529723435	KLHL25	c4
6.99897276533753e-54	0.387785087777844	0.052	0.168	2.3473154860389e-49	STK40	c4
5.48945157889017e-29	0.387266760478688	0.023	0.081	1.84105227052818e-24	BMI1	c4
2.97654709679147e-42	0.386881653091014	0.033	0.119	9.98274365321922e-38	TBL3	c4
7.69985621719449e-44	0.386128326057265	0.03	0.116	2.58237777812269e-39	TRAF7	c4
9.2619172207253e-20	0.386023679962401	0.016	0.055	3.10626179748685e-15	ILF3-DT	c4
7.71062819234296e-18	0.385813945177707	0.011	0.044	2.58599048314798e-13	FUZ	c4
1.49772005008742e-13	0.385369628385773	0.011	0.037	5.02305350398317e-09	ABRAXAS1	c4
1.59243462448676e-19	0.384984092273639	0.015	0.054	5.3407072436037e-15	ORC5	c4
4.49784597829259e-64	0.384906810393206	0.073	0.22	1.50848758419977e-59	FUBP1	c4
2.44150832187896e-55	0.384895440025043	0.056	0.178	8.18833060991765e-51	ITPRIPL1	c4
3.85099942674276e-15	0.384780395025776	0.012	0.042	1.29154818774099e-10	NOP9	c4
1.74973254940551e-25	0.384576846475095	0.026	0.081	5.86825302419619e-21	SC5D	c4
2.25692858927246e-14	0.384248345382616	0.01	0.037	7.56928710270197e-10	TOMM40L	c4
2.50914203114298e-16	0.384124185880077	0.012	0.044	8.41516054404734e-12	TSHZ1	c4
3.02309374197191e-12	0.383260306787272	0.01	0.034	1.01388517918254e-07	LETM2	c4
1.39004287675259e-24	0.382849036717899	0.023	0.074	4.66192580005282e-20	FAM98A	c4
1.86609539570844e-47	0.382840840451819	0.044	0.145	6.25851073812697e-43	SLC4A1AP	c4
2.06735699115789e-37	0.382565065196722	0.027	0.101	6.93350187694533e-33	CFAP97	c4
2.85728660895056e-38	0.382397057966151	0.029	0.107	9.58276782909839e-34	MTRR	c4
4.42213825946368e-34	0.381936571129069	0.027	0.096	1.48309672945893e-29	NUDT3	c4
1.83063367025366e-20	0.381308587882914	0.013	0.051	6.13957920329674e-16	CDK2	c4
1.19382746752218e-96	0.381084991250558	0.118	0.348	4.00385856057587e-92	YTHDC1	c4
1.37479174032387e-08	0.381049742685586	0.008	0.024	0.000461077653869819	ZNF597	c4
2.14781141599387e-52	0.380083821292619	0.042	0.149	7.20332992696025e-48	POLR1C	c4
3.84760490405649e-07	0.379938457524829	0.006	0.019	0.0129040973272246	ZNF197	c4
3.16574433246321e-08	0.379914841126846	0.007	0.022	0.00106172733422151	RORC	c4
2.11956552128818e-17	0.379739756088373	0.012	0.046	7.1085988452963e-13	AC073111.5	c4
7.58215084672437e-19	0.3796752468981	0.014	0.05	2.54290175097442e-14	HOXB4	c4
9.29432467753888e-48	0.379520750781064	0.036	0.132	3.11713061035299e-43	DDX49	c4
4.79253790187294e-16	0.379415090408839	0.008	0.037	1.60732136153015e-11	TCF19	c4
5.18462453567239e-24	0.378860700619932	0.021	0.07	1.73881937677381e-19	CASS4	c4
8.40922689178427e-41	0.378831406929131	0.04	0.128	2.82028651496661e-36	SCML4	c4
2.6624664629906e-38	0.37867557957063	0.029	0.106	8.92938002357786e-34	UBE2Q1	c4
1.49417030594234e-22	0.377728084902949	0.021	0.068	5.01114837206941e-18	NPTN	c4
4.40269326373957e-88	0.377643743759282	0.092	0.289	1.47657526679298e-83	RBMS1	c4
1.52563116273775e-20	0.377194153178813	0.018	0.059	5.11666179358985e-16	ZNF227	c4
8.06661937679368e-59	0.377037635420439	0.057	0.184	2.70538280658906e-54	FBXL5	c4
2.7468173001154e-08	0.376060162654736	0.004	0.018	0.000921227586112704	RNASEH1-AS1	c4
5.47902116880807e-46	0.375780070100128	0.039	0.135	1.83755411959485e-41	TESPA1	c4
1.89912096857491e-20	0.375706037681823	0.016	0.056	6.36927190440654e-16	POLD3	c4
1.31190465551862e-74	0.374817589680437	0.072	0.233	4.39986583367834e-70	PRKCSH	c4
4.33993582245602e-35	0.374489443664478	0.027	0.097	1.4555276761353e-30	GOLGA5	c4
7.72538446371712e-23	0.374422213162851	0.017	0.061	2.59093944144145e-18	ZNF383	c4
6.27987773325859e-23	0.373841961819826	0.015	0.059	2.10614539418026e-18	MAPK7	c4
1.16559729858281e-27	0.37316019115455	0.021	0.076	3.90918021998703e-23	APOL3	c4
5.6603653635809e-96	0.373070776624684	0.185	0.47	1.89837333563776e-91	LAT	c4
1.36160393633433e-37	0.372711379493206	0.036	0.117	4.56654728167809e-33	DTX3L	c4
1.75611284029591e-25	0.371318417403931	0.02	0.071	5.88965124378444e-21	ZNF226	c4
3.75643771622294e-33	0.371204386979191	0.028	0.096	1.25983408126685e-28	MSH6	c4
1.20858253694434e-09	0.370908882308381	0.006	0.023	4.05334411240391e-05	LACTB2	c4
6.29826627311233e-13	0.37083281157622	0.006	0.029	2.11231254267641e-08	AL355472.1	c4
8.36659648157352e-39	0.370559673074886	0.037	0.12	2.80598912799013e-34	MYNN	c4
6.58446527429924e-70	0.369626456740721	0.071	0.225	2.20829796369448e-65	CRBN	c4
8.50037810890124e-62	0.369382210377663	0.05	0.176	2.8508568101633e-57	MED27	c4
6.14973392607071e-52	0.368707728612695	0.042	0.149	2.0624977641256e-47	CERS5	c4
4.16980752323003e-57	0.368175209335906	0.036	0.147	1.39847004714089e-52	DFFA	c4
1.09701413749253e-113	0.367806385907844	0.213	0.555	3.67916601432244e-109	CCSER2	c4
7.77063477851322e-98	0.367282010488004	0.145	0.398	2.60611549201776e-93	EMB	c4
1.17258839388917e-11	0.367059476643408	0.008	0.03	3.93262695542549e-07	WWOX	c4
1.19573458526337e-40	0.366981673559661	0.029	0.11	4.01025465205628e-36	SLC25A26	c4
3.40821379912593e-07	0.366512306052718	0.005	0.017	0.0114304674395085	LAMP3	c4
1.48153530490643e-22	0.366107885819601	0.022	0.07	4.96877310559517e-18	NF2	c4
1.83493947105159e-21	0.366086179127258	0.016	0.057	6.15401999801283e-17	SERGEF	c4
3.48827776092513e-22	0.365907781054658	0.015	0.058	1.16989859545907e-17	INPP1	c4
3.8498641913921e-70	0.365896235080631	0.07	0.223	1.29116745250908e-65	TOR1AIP1	c4
7.05077992337775e-36	0.36491866273598	0.029	0.102	2.36469057070243e-31	EDEM2	c4
1.32952952139678e-09	0.364829420479813	0.007	0.025	4.45897610886052e-05	MCEE	c4
2.85188904427141e-21	0.363980875332018	0.013	0.053	9.56466547667746e-17	KCTD18	c4
1.41531958900084e-31	0.363483880621045	0.021	0.083	4.74669883759102e-27	MRPS27	c4
4.72432648862151e-26	0.362983579609881	0.016	0.065	1.58444461775388e-21	MTERF3	c4
1.77638232363781e-80	0.362412310020417	0.073	0.243	5.9576310370165e-76	SEC22C	c4
2.43738613327264e-90	0.361657160270995	0.108	0.32	8.17450561376979e-86	SEPT6	c4
7.18267858336515e-51	0.360945944592537	0.047	0.156	2.408926743289e-46	ATL3	c4
3.0574306034688e-14	0.359940672938379	0.01	0.037	1.02540107579137e-09	MAPK3	c4
1.00638610653421e-48	0.359714239469335	0.086	0.215	3.37521772409444e-44	SLC1A4	c4
7.65982613164916e-26	0.359208551254847	0.024	0.078	2.5689524880325e-21	SPIN1	c4
6.18879169962596e-71	0.358863130970748	0.077	0.237	2.07559696022055e-66	PPIL4	c4
1.47575776523862e-29	0.358835594975658	0.023	0.083	4.94939639305728e-25	RNF24	c4
2.01828721533447e-16	0.358549468516609	0.013	0.045	6.76893166278875e-12	HSF2	c4
1.43189757189187e-06	0.358472945662425	0.005	0.016	0.0480229807661094	CAB39L	c4
4.81243542054226e-34	0.358308650872715	0.025	0.093	1.61399459134146e-29	NOP14-AS1	c4
3.71424352684128e-69	0.358304753068505	0.071	0.224	1.24568299403203e-64	LMBRD1	c4
1.53597986154956e-16	0.358117474526682	0.012	0.045	5.15136925966492e-12	NFYA	c4
8.77695074336428e-27	0.357990432720922	0.023	0.078	2.94361374030951e-22	POLR3D	c4
1.81041988888179e-49	0.357934681572521	0.045	0.15	6.07178622333175e-45	UBE2H	c4
5.11723681196147e-14	0.35716610076829	0.011	0.038	1.71621888199564e-09	AC044849.1	c4
1.70558022613436e-20	0.356928168517787	0.013	0.053	5.72017496240942e-16	ARHGAP18	c4
3.3251580950664e-27	0.356883263677289	0.017	0.068	1.11519152192337e-22	HDHD3	c4
5.51683152595619e-89	0.356842355848139	0.143	0.38	1.85023495717519e-84	HIF1A	c4
3.38540363748265e-123	0.356687980652206	0.131	0.408	1.13539667193893e-118	TMOD3	c4
6.42968417370424e-23	0.356243122367934	0.017	0.062	2.15638747817693e-18	TXNL4B	c4
1.99081338164994e-102	0.355843224432801	0.136	0.387	6.67678991937757e-98	CHST12	c4
3.89639343581333e-69	0.355545315760675	0.069	0.221	1.30677243050307e-64	SPTY2D1	c4
1.31286945976966e-07	0.355210496695278	0.006	0.02	0.0044031015941755	BBOF1	c4
4.55504903035637e-10	0.353209079967912	0.007	0.025	1.52767234380092e-05	AGBL5	c4
4.87074115453666e-08	0.352362083485713	0.005	0.018	0.00163354916840851	CTTNBP2NL	c4
1.72326362452104e-95	0.350270307539511	0.235	0.564	5.77948154391868e-91	STK17B	c4
2.68964515002536e-10	0.350211549387883	0.004	0.021	9.02053190415505e-06	DHFR	c4
1.41105708499126e-11	0.35005260016568	0.006	0.026	4.73240325164368e-07	ARV1	c4
1.64194091478299e-70	0.349295377521106	0.057	0.202	5.50674143999918e-66	NARS	c4
8.41142563733782e-119	0.349137601694487	0.121	0.384	2.82102393025036e-114	ILK	c4
2.06821899679885e-41	0.348581867389823	0.034	0.119	6.93639287146399e-37	PLPP5	c4
2.1630955841199e-28	0.348413261007686	0.026	0.085	7.25458997002134e-24	NAAA	c4
1.78655164795659e-60	0.347390350601427	0.058	0.189	5.99173691691682e-56	RING1	c4
3.91735142625454e-07	0.347271039290475	0.003	0.014	0.0131380132133725	NUF2	c4
2.27665220808875e-17	0.346698897040775	0.012	0.045	7.63543617548804e-13	OGFRL1	c4
2.91131306394445e-34	0.346506124494552	0.029	0.099	9.7639617538569e-30	ZBTB24	c4
6.95063226365314e-11	0.346083178283108	0.006	0.025	2.33110304858399e-06	MLLT11	c4
2.50388339449391e-39	0.345432999901037	0.035	0.117	8.39752412845367e-35	PIP4K2C	c4
1.29690980853013e-109	0.345398687248582	0.121	0.371	4.34957611584837e-105	PSMA1	c4
1.20839247806323e-69	0.345200772951569	0.078	0.236	4.05270669292845e-65	VPS37B	c4
1.16530247305509e-80	0.344922916509489	0.075	0.248	3.90819143413215e-76	IMMT	c4
9.58623314111851e-15	0.34435154916375	0.011	0.039	3.21503087086833e-10	ZNF627	c4
9.07244300277148e-61	0.344267123741621	0.055	0.183	3.0427159342695e-56	AMZ2	c4
1.76579950469422e-39	0.344059415941435	0.036	0.119	5.92213837884349e-35	ELK3	c4
7.21561298887867e-37	0.34384031381108	0.037	0.117	2.41997228421013e-32	MYLIP	c4
2.27076943880779e-23	0.343035882455331	0.018	0.064	7.61570654387358e-19	MAN1A1	c4
8.97428773779582e-46	0.342794158980455	0.042	0.139	3.00979662150196e-41	IPCEF1	c4
2.52742758144444e-28	0.341923388261386	0.032	0.095	8.47648662264836e-24	CD83	c4
2.54774303331585e-102	0.340304419321149	0.098	0.32	8.54462058513469e-98	OGFR	c4
9.73704222030262e-18	0.339774188471999	0.009	0.04	3.26560921984509e-13	SKP2	c4
1.62181981574437e-22	0.33965871662765	0.018	0.063	5.43925929804348e-18	E2F6	c4
3.31590035298393e-102	0.339424560775155	0.111	0.344	1.11208666038375e-97	EIF4A1	c4
1.01394953678298e-26	0.338852136027382	0.019	0.072	3.40058395646275e-22	COMMD3	c4
2.91092035071885e-58	0.338752588798722	0.053	0.176	9.76264467224087e-54	DBF4	c4
2.41659818855876e-60	0.338351163858686	0.075	0.216	8.10478700478838e-56	NORAD	c4
8.55657138795295e-08	0.337018682642539	0.004	0.017	0.00286970291209166	TMEM44-AS1	c4
2.50568804447241e-62	0.336923075414593	0.052	0.18	8.40357656355158e-58	CRELD2	c4
9.86684349801911e-12	0.33685952658412	0.006	0.027	3.30914197236565e-07	CRADD	c4
2.83889810828132e-84	0.33670624064943	0.079	0.259	9.5210964755539e-80	EMC10	c4
2.65939909694232e-19	0.335696280018805	0.017	0.056	8.91909269132515e-15	SLC9B2	c4
2.96227622878629e-24	0.33466622677442	0.016	0.062	9.93488201610345e-20	AGA	c4
2.69038118648548e-22	0.334209540801161	0.016	0.059	9.023000423235e-18	FXR2	c4
5.28635158776129e-29	0.333993773711475	0.021	0.078	1.77293659550338e-24	GLE1	c4
1.48547505613557e-59	0.333915333195201	0.047	0.169	4.98198624326746e-55	DNAJC21	c4
2.19524998448954e-35	0.333412568577403	0.022	0.09	7.36242939798103e-31	NMRAL1	c4
4.87318483878295e-44	0.332905669404017	0.035	0.125	1.63436873123103e-39	REXO4	c4
4.38843323638939e-50	0.332900519053522	0.039	0.141	1.47179273882027e-45	TMEM33	c4
1.29659320764566e-21	0.332799655240662	0.019	0.063	4.34851429980203e-17	COQ8A	c4
1.18280395669448e-66	0.331774496373756	0.056	0.195	3.96688790996195e-62	RMND5A	c4
2.65880107237741e-122	0.331759567840487	0.192	0.525	8.91708703653937e-118	NONO	c4
2.74427423620763e-50	0.331541652658895	0.039	0.142	9.20374693339315e-46	ABHD12	c4
9.40212771628386e-30	0.331293358533747	0.02	0.078	3.15328559348728e-25	PHF19	c4
1.74282034523853e-108	0.331222449686376	0.1	0.331	5.84507087386097e-104	USP16	c4
4.53014848188451e-70	0.330830628883913	0.046	0.181	1.51932119785443e-65	MCRS1	c4
2.67730273176424e-36	0.329689498513424	0.035	0.112	8.97913790179089e-32	TSPAN5	c4
6.67904507029619e-48	0.329570295186259	0.033	0.128	2.24001813567594e-43	MRPS25	c4
3.1629770454687e-20	0.328933490247356	0.014	0.053	1.06079924150929e-15	JMJD4	c4
2.28651936342233e-37	0.328653789615334	0.03	0.107	7.66852864104582e-33	PIGH	c4
4.3400631864877e-61	0.328583286426173	0.052	0.179	1.45557039148424e-56	POLR2D	c4
2.17412937619777e-43	0.327895996982208	0.038	0.129	7.29159510189209e-39	ZDHHC7	c4
1.33620349822658e-11	0.327692781138211	0.006	0.027	4.48135929235231e-07	ST7L	c4
6.67019765082837e-16	0.327688063580138	0.01	0.04	2.23705088813482e-11	DNAJC18	c4
3.97057033979443e-40	0.326985635234514	0.037	0.123	1.33164988056026e-35	YIPF6	c4
4.40428312140519e-12	0.326795131241147	0.01	0.033	1.47710847325687e-07	KLF16	c4
9.41014808094104e-50	0.326603990745802	0.043	0.147	3.15597546338601e-45	FTSJ3	c4
6.11818443117269e-21	0.326552373224164	0.012	0.052	2.0519166945267e-16	NT5DC1	c4
1.47445237588771e-28	0.326377942078657	0.016	0.07	4.94501837825219e-24	RNPEP	c4
2.18707413475522e-77	0.326216892695634	0.068	0.231	7.33500923314205e-73	DYNC1LI1	c4
1.36780722940407e-07	0.32556672055403	0.004	0.017	0.00458735188597536	ZNF213	c4
3.79382590418058e-18	0.32526378204573	0.016	0.053	1.27237333174408e-13	KIAA1324	c4
4.39277046742282e-92	0.325013865160866	0.085	0.282	1.47324735936427e-87	TSC22D4	c4
1.20472598946688e-76	0.324963704077197	0.07	0.233	4.04041002347403e-72	IP6K1	c4
7.21188291770232e-10	0.324892793554785	0.005	0.022	2.418721292939e-05	LINC01550	c4
8.99753015482925e-33	0.324692862826899	0.025	0.091	3.01759166332663e-28	CRLS1	c4
3.67123935648185e-93	0.324459420861898	0.093	0.297	1.23126025537688e-88	CDS2	c4
8.17136908920111e-47	0.324330523360643	0.036	0.132	2.74051376513627e-42	DUSP18	c4
3.54920989666682e-18	0.324248071816718	0.012	0.047	1.19033401514412e-13	ERCC4	c4
3.46018720345943e-66	0.323397046590808	0.055	0.192	1.16047758429622e-61	CDK9	c4
1.23451617503365e-121	0.322983522370675	0.137	0.418	4.14032034782785e-117	REST	c4
3.00546034238955e-44	0.322805124133959	0.036	0.127	1.00797128963061e-39	KIN	c4
2.44402958005097e-16	0.322722076798984	0.009	0.039	8.19678640557496e-12	ZNF17	c4
2.48904805568848e-29	0.322427940225965	0.02	0.078	8.34776936916804e-25	RABGGTA	c4
1.25392965413876e-13	0.321704351657661	0.009	0.034	4.20542927405057e-09	LYRM7	c4
4.58214175949959e-09	0.321307885164675	0.003	0.017	0.000153675870330097	ZNF222	c4
1.32552801225613e-42	0.321118069284244	0.062	0.167	4.44555584750461e-38	CMSS1	c4
9.93388211187336e-07	0.320310728964538	0.004	0.016	0.0333162538268009	WDCP	c4
1.59924370572327e-69	0.320226056568592	0.075	0.23	5.36354354025469e-65	SPN	c4
9.38740291426933e-12	0.320187893543279	0.006	0.026	3.14834718938765e-07	SMYD5	c4
5.98370381564699e-107	0.319438810067042	0.096	0.323	2.00681458569169e-102	ATG12	c4
1.43036156109798e-67	0.31920546325591	0.059	0.2	4.7971466036104e-63	NME3	c4
5.12710711725396e-13	0.318953002312237	0.011	0.037	1.71952918498463e-08	SLC39A14	c4
2.98056626063878e-10	0.31891136256205	0.005	0.022	9.99622312493033e-06	GSTZ1	c4
1.71422659261167e-97	0.318693478999629	0.088	0.294	5.749173146301e-93	FNTA	c4
1.67054177089221e-87	0.318213545132959	0.089	0.282	5.60266299121828e-83	WDR82	c4
3.1886371377292e-24	0.317758150619848	0.014	0.059	1.06940512325162e-19	NQO2	c4
8.04008101846538e-33	0.316437373645369	0.028	0.095	2.69648237197292e-28	HLTF	c4
2.3258495538174e-31	0.316087989520886	0.026	0.09	7.80043423359279e-27	TMEM206	c4
7.58896892659957e-62	0.31605662112666	0.054	0.184	2.54518839860297e-57	USP12	c4
5.90609004974874e-85	0.315989382888506	0.081	0.264	1.98078448088473e-80	TDG	c4
3.60447245769061e-20	0.315814244042264	0.014	0.053	1.20886797286028e-15	ZNF568	c4
1.56155696128326e-128	0.31580774501389	0.189	0.528	5.23714973675181e-124	RSRC2	c4
1.12548558671408e-43	0.315784988273607	0.035	0.125	3.77465356072167e-39	TFE3	c4
7.19176848804395e-43	0.314365216015142	0.04	0.131	2.41197531552018e-38	PIP4K2A	c4
3.6201866076455e-08	0.314273238416936	0.004	0.017	0.00121413818447215	NAIF1	c4
2.57154668540637e-113	0.313678760129409	0.285	0.707	8.62445327351587e-109	SF3B2	c4
1.65131681857606e-41	0.312914521200258	0.036	0.123	5.5381863461404e-37	CALU	c4
1.32066195535703e-25	0.311996451026145	0.019	0.07	4.42923606587641e-21	ZNF354A	c4
5.56718030138869e-19	0.311025015514589	0.01	0.045	1.86712092947974e-14	MAPK13	c4
5.96321515092822e-78	0.310886958937504	0.064	0.225	1.99994309731831e-73	NUB1	c4
1.34841563234948e-08	0.310713565472539	0.004	0.018	0.000452231634777367	LINC01184	c4
1.53654998509342e-17	0.310262523855603	0.013	0.047	5.1532813400063e-13	SHQ1	c4
2.91726041796031e-09	0.31000035611803	0.006	0.023	9.7839079897553e-05	AC124016.1	c4
1.61699688223285e-15	0.309950356168434	0.01	0.039	5.42308414363255e-11	PLA2G15	c4
2.32491092980055e-35	0.30826565458357	0.032	0.107	7.79728627636508e-31	LAMP2	c4
6.54054671504022e-14	0.308123039338739	0.01	0.037	2.19356855729019e-09	PIGU	c4
4.18349537278467e-12	0.30762961486053	0.008	0.031	1.40306067812452e-07	PPP1R3D	c4
1.20332810151394e-45	0.307583779657614	0.036	0.129	4.03572178685744e-41	CYB5R4	c4
4.9877644722441e-69	0.307402358059176	0.061	0.207	1.67279644870123e-64	KPNA4	c4
2.75858148984728e-24	0.30613898109135	0.019	0.067	9.25173060064979e-20	SGPP2	c4
8.98520514566568e-34	0.305839884528658	0.024	0.091	3.01345810175335e-29	DDX20	c4
5.19690558407116e-13	0.305259226634216	0.008	0.032	1.74293819478579e-08	TCAIM	c4
1.51781010564395e-66	0.304840417340396	0.047	0.179	5.09043153230867e-62	PREB	c4
3.41399119430799e-18	0.304311512843741	0.015	0.05	1.14498436674701e-13	ICAM1	c4
1.12607426936713e-67	0.304136559014776	0.056	0.196	3.77662788460347e-63	ATXN10	c4
3.38525504070757e-126	0.303169025635751	0.203	0.553	1.1353468355525e-121	THRAP3	c4
8.2772974112537e-13	0.301848542285142	0.011	0.036	2.77604000578627e-08	ATL1	c4
4.12455098463692e-67	0.300411400861319	0.063	0.207	1.38329190922753e-62	C1orf52	c4
6.74999071731255e-27	0.300015959663935	0.019	0.071	2.26381188677228e-22	EMC2	c4
6.11164882173976e-27	0.299745209771014	0.021	0.075	2.04972478183508e-22	MIEF1	c4
1.52944962471288e-11	0.299645768872424	0.006	0.027	5.12946815136204e-07	ZNF773	c4
1.20960120153913e-15	0.298864078769947	0.009	0.037	4.05676050972194e-11	ZNF138	c4
5.82618851648806e-12	0.298598819367724	0.007	0.029	1.95398710465976e-07	EMG1	c4
6.32611058826831e-49	0.297962283355115	0.033	0.129	2.12165096909342e-44	MIB2	c4
6.68465915209823e-25	0.296962788714271	0.02	0.069	2.24190098643071e-20	CCDC126	c4
2.04819099414656e-68	0.296614539101252	0.058	0.201	6.86922295616873e-64	CRLF3	c4
6.43306463946707e-21	0.296441813007556	0.019	0.062	2.15752121878447e-16	GCC1	c4
1.31318146118663e-41	0.296416731287244	0.047	0.141	4.40414798452773e-37	HAVCR2	c4
3.51800917046435e-10	0.296388652713546	0.007	0.026	1.17986991559033e-05	ZNF566	c4
1.62358645500681e-32	0.296334412917455	0.024	0.089	5.44518425280183e-28	PANK4	c4
6.79044841610591e-77	0.295938445839893	0.07	0.233	2.2773805897936e-72	CDC5L	c4
2.6853652961518e-16	0.294996028895478	0.011	0.041	9.0061781302339e-12	TMEM192	c4
1.20934637954527e-17	0.294357196578098	0.013	0.047	4.05590588771893e-13	TAF5	c4
5.68366743271202e-46	0.294197868292274	0.031	0.122	1.90618838358296e-41	RRP8	c4
6.11787332202228e-60	0.293545457398089	0.04	0.157	2.05181235473983e-55	ARAF	c4
3.7927608024745e-133	0.293320968760518	0.162	0.479	1.2720161179339e-128	PPIG	c4
1.28641988030368e-38	0.293169453803748	0.027	0.103	4.31439499456248e-34	METAP1	c4
1.61460035054774e-113	0.293145779018975	0.243	0.614	5.41504665566701e-109	SRSF5	c4
1.88492737233104e-39	0.292992564601728	0.035	0.118	6.32166942132383e-35	NUS1	c4
3.23905741955031e-79	0.291864380193394	0.366	0.797	1.08631507736878e-74	IDS	c4
3.25414021726935e-42	0.291775676509619	0.032	0.117	1.09137354606779e-37	SEC22B	c4
3.43531909151662e-11	0.29140121996857	0.006	0.026	1.15213731691284e-06	KCNK12	c4
4.83936623733932e-38	0.291190927850491	0.029	0.105	1.62302664867886e-33	UGCG	c4
3.20171044518596e-29	0.291109820298381	0.021	0.078	1.07378964910647e-24	SUCLG2	c4
5.76266426075863e-38	0.290586912254974	0.025	0.099	1.93268233977323e-33	RPUSD3	c4
9.17272236162437e-11	0.28949078120488	0.006	0.025	3.07634762564158e-06	RCN1	c4
9.84972131083603e-19	0.288998451545673	0.011	0.046	3.30339953322819e-14	TMEM107	c4
1.26043814631463e-49	0.288344612097498	0.044	0.149	4.22725745511001e-45	GBP1	c4
7.13250552330229e-35	0.288306320861454	0.023	0.091	2.39209970240512e-30	UBAC1	c4
1.01322308548021e-129	0.288259604837172	0.165	0.482	3.39814758408353e-125	RTF1	c4
1.64602887010047e-68	0.287990294462056	0.061	0.206	5.52045162454294e-64	HACD3	c4
3.8617561240169e-104	0.287508353994963	0.095	0.316	1.29515576887279e-99	USP14	c4
7.6613591351505e-33	0.286595009528771	0.019	0.08	2.56946662674678e-28	ASAH1	c4
5.95359643766597e-35	0.286363339160296	0.024	0.092	1.99671717326441e-30	CSTF2	c4
1.37995741398632e-49	0.286115888919128	0.034	0.132	4.62810117502731e-45	TBRG4	c4
1.64437960483483e-55	0.285534606798367	0.044	0.158	5.51492031869504e-51	DYRK1B	c4
2.40861919652243e-10	0.285260654984459	0.006	0.024	8.07802706129693e-06	SLC29A1	c4
4.07336950068945e-47	0.284989465981514	0.035	0.129	1.36612666314123e-42	KBTBD2	c4
3.58150474982485e-08	0.284941510233949	0.003	0.016	0.00120116506299626	HARBI1	c4
4.07083281962443e-55	0.284821759020683	0.043	0.155	1.36527591104564e-50	NUP62	c4
2.53501354119359e-29	0.284359842438363	0.021	0.079	8.50192841445508e-25	NDUFAF6	c4
1.78526631629524e-35	0.284295064774259	0.03	0.104	5.98742617159098e-31	FOSL2	c4
1.33044853184065e-99	0.283130496478079	0.142	0.395	4.46205828608716e-95	PTPN1	c4
3.75742309591125e-31	0.282941587752608	0.022	0.083	1.26016455790671e-26	TARBP2	c4
4.86606398793845e-34	0.282891783208993	0.022	0.088	1.6319805402748e-29	PDP1	c4
5.06982678456342e-51	0.282827594117553	0.039	0.143	1.70031850700688e-46	CNOT9	c4
3.39808113894744e-111	0.2824833387009	0.185	0.491	1.13964845238019e-106	FKBP5	c4
1.8026572055692e-28	0.282408897085955	0.018	0.072	6.04575173603798e-24	UTP14A	c4
4.1803910380585e-68	0.281792782827083	0.08	0.237	1.40201954634406e-63	APLP2	c4
8.48227681056378e-155	0.281681007165634	0.166	0.516	2.84478599672688e-150	OTUB1	c4
2.75374193544908e-61	0.281572645807401	0.047	0.171	9.23549970310912e-57	CPSF6	c4
6.05894685921137e-58	0.281571025095941	0.041	0.155	2.03204959764231e-53	N4BP2L1	c4
1.64035413377858e-66	0.281169383716515	0.052	0.186	5.50141969386659e-62	RNF41	c4
7.14357236545666e-54	0.28108341139137	0.041	0.149	2.39581129992685e-49	TBC1D25	c4
9.44128292941243e-46	0.280821025405433	0.034	0.125	3.16641746886634e-41	CYB561D2	c4
3.91604900238836e-39	0.280802117146141	0.029	0.108	1.31336451442101e-34	FAM168B	c4
2.49873656849529e-34	0.280209202271294	0.026	0.095	8.38026270341952e-30	RAB28	c4
1.21155100170192e-54	0.280173900758222	0.036	0.142	4.0632997495079e-50	HPS1	c4
1.3958373997136e-10	0.27979136195684	0.007	0.026	4.68135947115947e-06	MPP6	c4
1.75761980784626e-27	0.279457564210964	0.018	0.07	5.89470531155479e-23	ITPK1	c4
8.3456937656689e-125	0.27945258947249	0.265	0.675	2.79897877513004e-120	OPTN	c4
1.13379717957241e-66	0.279403211974467	0.051	0.186	3.80252898084996e-62	RABGGTB	c4
6.05566971501978e-09	0.279160783896041	0.006	0.021	0.000203095050902333	SGO2	c4
2.45468300007191e-24	0.279118672976896	0.016	0.062	8.23251584564116e-20	RABEPK	c4
4.43702466907975e-42	0.279080415975133	0.031	0.116	1.48808933351597e-37	XPA	c4
5.23721055133797e-17	0.278682192456285	0.013	0.046	1.75645567470773e-12	MAK16	c4
2.08930947682469e-35	0.277715638870502	0.023	0.092	7.00712612337464e-31	DCUN1D1	c4
1.0514976274676e-21	0.277192537929557	0.017	0.06	3.52651274300084e-17	AMIGO2	c4
3.71386746448162e-38	0.276967318569203	0.028	0.104	1.24555687023784e-33	ZC3H3	c4
2.17206449075774e-10	0.276966622161523	0.004	0.021	7.28466988910329e-06	ZWINT	c4
9.09541936263429e-18	0.275705042043369	0.01	0.043	3.05042174584029e-13	VDR	c4
4.93084132103846e-59	0.275157425243983	0.067	0.201	1.65370556224988e-54	AKAP5	c4
3.96981398500472e-07	0.274991326902388	0.003	0.014	0.0133139621429088	HMBS	c4
4.40654077440827e-35	0.274670494847507	0.026	0.097	1.47786564492105e-30	ELP6	c4
1.44734681792474e-49	0.272951756024503	0.036	0.134	4.85411175795599e-45	WBP4	c4
3.3356398697725e-08	0.272122261620677	0.004	0.018	0.0011187068995243	AL606807.1	c4
8.91012390558035e-61	0.271869604682166	0.047	0.169	2.98827735545354e-56	RAB5B	c4
2.1856533500518e-48	0.271699819608321	0.034	0.13	7.33024420540372e-44	MRPS31	c4
5.06667724017613e-46	0.271536482287706	0.037	0.131	1.69926221281027e-41	CGAS	c4
6.71140293768417e-130	0.271464142323634	0.13	0.415	2.25087031724052e-125	CCDC12	c4
3.91572147223196e-61	0.271152624128797	0.042	0.162	1.31325466735716e-56	THAP7	c4
8.81074051426983e-29	0.270893034875822	0.019	0.074	2.95494615367581e-24	DRAM2	c4
5.84097738528303e-35	0.270501319730545	0.029	0.1	1.95894699547622e-30	CYP51A1	c4
1.06255530880182e-58	0.270451770529123	0.04	0.155	3.56359799465955e-54	STK24	c4
1.72630186113819e-10	0.270090588489199	0.006	0.024	5.78967118188527e-06	CHST10	c4
1.26605298537407e-82	0.269563997736044	0.069	0.241	4.24608850234756e-78	UBA1	c4
7.04639678916433e-35	0.268693029247042	0.022	0.088	2.36322055514993e-30	ZNF263	c4
2.79887959751867e-14	0.268175663034731	0.01	0.037	9.38688239415812e-10	ABHD17B	c4
5.9854335880546e-71	0.267909777182359	0.073	0.23	2.00739471676175e-66	CHST11	c4
8.77481172410207e-23	0.26779281111577	0.016	0.06	2.94289635602935e-18	MICA	c4
7.93064715356918e-38	0.267728549686749	0.027	0.102	2.65978044236403e-33	MED16	c4
1.55639284755597e-75	0.267469716904118	0.058	0.21	5.2198303321332e-71	POLDIP3	c4
3.9736112789475e-19	0.267232389074535	0.012	0.049	1.33266975073341e-14	SLC38A5	c4
2.62925247493656e-21	0.267192319957665	0.013	0.053	8.81798695044223e-17	ZNF836	c4
6.34988382600915e-115	0.267185897808125	0.122	0.38	2.12962403756695e-110	NFE2L2	c4
3.1017344928089e-21	0.2670345086518	0.015	0.056	1.04025971419825e-16	B4GALT4	c4
2.97433229788373e-31	0.266484430600202	0.02	0.08	9.97531566064244e-27	NFKBIE	c4
5.80716965312566e-108	0.266406453934036	0.131	0.385	1.94760855826528e-103	IL27RA	c4
1.0792404983965e-15	0.266118009246417	0.01	0.04	3.61955678352218e-11	RXRA	c4
8.54648669836551e-95	0.265218030677149	0.083	0.281	2.86632070889783e-90	RNASEK	c4
3.07868180159972e-75	0.264632254443567	0.056	0.206	1.03252830262051e-70	VPS26C	c4
5.56086038657704e-119	0.264301303398979	0.114	0.371	1.86500135645021e-114	METAP2	c4
1.49673503233857e-42	0.2642949541437	0.054	0.153	5.01974995145709e-38	IL9R	c4
7.31234415350839e-58	0.264250789810447	0.055	0.18	2.45241398220364e-53	FBXW2	c4
5.53293625476108e-52	0.263995027399137	0.036	0.139	1.85563616112177e-47	BLMH	c4
4.15792157208984e-19	0.263914206631129	0.012	0.048	1.39448373684749e-14	FAM213B	c4
2.28392748121571e-27	0.263599215837165	0.02	0.075	7.65983598650125e-23	MTFMT	c4
1.85370057990387e-10	0.263074077183441	0.006	0.025	6.21694100488162e-06	AC139530.1	c4
9.90397849454983e-14	0.262575155861762	0.01	0.036	3.32159630750212e-09	SEC14L2	c4
7.74054386135724e-53	0.262016028729566	0.041	0.149	2.59602360022199e-48	CCDC97	c4
4.75968959496131e-37	0.261739614872615	0.026	0.099	1.59630469635812e-32	NAA30	c4
1.47806767019151e-23	0.260962327497051	0.017	0.063	4.95714335228829e-19	RP2	c4
2.17967481252322e-12	0.260883316670724	0.008	0.031	7.31019338624038e-08	ARSK	c4
4.58919037522285e-10	0.260837542972813	0.004	0.02	1.53912266804224e-05	OXSM	c4
7.89983773983508e-25	0.260608357006924	0.014	0.06	2.64944758118589e-20	IQCG	c4
5.60761451224062e-94	0.260100911702727	0.077	0.27	1.88068175511526e-89	OCIAD1	c4
1.05258963072041e-07	0.259822449552503	0.003	0.016	0.00353017510351011	SRP14-AS1	c4
9.4815803763719e-31	0.259812008875469	0.03	0.096	3.17993242662761e-26	PASK	c4
2.84681482362765e-34	0.258799196239251	0.025	0.092	9.5476475554824e-30	PLD3	c4
2.144635901413e-13	0.258779558174741	0.008	0.032	7.19267988615891e-09	ARRDC1-AS1	c4
3.11131996440247e-37	0.258133246934583	0.027	0.1	1.0434744896613e-32	KCTD10	c4
9.08693025926769e-13	0.257079354497702	0.008	0.031	3.0475746703532e-08	ANXA4	c4
2.50311570523099e-143	0.256934412253395	0.203	0.576	8.3949494522037e-139	HCLS1	c4
1.00828171688534e-36	0.256452680088207	0.027	0.1	3.38157522209004e-32	MFSD14B	c4
6.01258927066658e-93	0.25556030353757	0.074	0.262	2.01650218959616e-88	CCDC174	c4
2.25743190212156e-56	0.255263752018765	0.048	0.166	7.5709751133353e-52	MDFIC	c4
1.08019818717063e-30	0.254839524488157	0.021	0.081	3.62276868013288e-26	THAP12	c4
1.78101777616163e-36	0.253512004192024	0.025	0.096	5.97317741769086e-32	COPS7B	c4
4.69327857962036e-41	0.253421455968376	0.029	0.11	1.57403177003307e-36	FLOT2	c4
2.78219645087019e-32	0.252936334610619	0.021	0.084	9.33093045692844e-28	ISY1	c4
1.35723511452144e-18	0.252499115243269	0.011	0.046	4.55189512708199e-14	HIST2H2AC	c4
1.24135140351606e-60	0.252323147726711	0.052	0.178	4.16324433711215e-56	RDH11	c4
4.3913568270825e-08	0.251435349297612	0.004	0.017	0.00147277325266693	SLC25A15	c4
6.39272815128987e-81	0.251434765990671	0.062	0.225	2.1439931673796e-76	PTOV1	c4
4.28707251414383e-46	0.251201089431011	0.044	0.143	1.43779837979356e-41	KLHL21	c4
6.26571121100841e-73	0.251099767214162	0.059	0.208	2.101394225948e-68	OXNAD1	c4
8.29000885319854e-14	0.250558831221501	0.01	0.036	2.78030316918573e-09	PAK1	c4
1.440334740056e-29	0.249372613532169	0.024	0.085	4.83059465119981e-25	SLAMF6	c4
2.39137417417412e-19	0.249226245852557	0.012	0.048	8.02019070534515e-15	SLC35D2	c4
7.44439449121372e-18	0.247177384712723	0.014	0.049	2.49670102446326e-13	RNF19B	c4
7.92012508407188e-86	0.247075701291076	0.159	0.401	2.65625155069603e-81	BHLHE40	c4
6.33220318168977e-80	0.247055961695644	0.066	0.23	2.12369430307512e-75	EHD4	c4
2.38743866330713e-31	0.246971940649243	0.02	0.079	8.00699178899946e-27	SLC25A44	c4
6.06831937722919e-29	0.24679776383616	0.021	0.078	2.03519295273513e-24	RBM4B	c4
2.9480000346052e-09	0.245927924271924	0.005	0.02	9.88700251605891e-05	WDHD1	c4
3.33021681567035e-95	0.245621862908686	0.075	0.268	1.11688811563952e-90	TNFRSF14	c4
7.72521429576404e-122	0.245172866981358	0.135	0.413	2.59088237051334e-117	ACTR2	c4
8.35771124577601e-10	0.24486260498995	0.007	0.024	2.80300919760836e-05	CXXC5	c4
3.79494068691043e-20	0.244626550686263	0.015	0.054	1.27274720757602e-15	TMEM41A	c4
4.06384929569135e-20	0.244459719768352	0.013	0.052	1.36293377678896e-15	COX10	c4
6.31699419299324e-11	0.242892129265286	0.006	0.025	2.11859351244607e-06	C17orf67	c4
2.87586222427882e-89	0.242880946088506	0.084	0.275	9.6450667277863e-85	PSIP1	c4
2.98185553975777e-39	0.242707610354719	0.027	0.105	1.00005471092396e-34	NMD3	c4
3.72425760344904e-35	0.242613484062072	0.025	0.094	1.24904151504474e-30	PXK	c4
7.37087509986427e-30	0.241851693781642	0.017	0.073	2.47204409099248e-25	CORO1C	c4
5.5960939599275e-25	0.241318742222158	0.02	0.07	1.87681799228048e-20	MUT	c4
2.12841025234454e-73	0.239839827759703	0.06	0.21	7.13826230431311e-69	BLOC1S6	c4
1.72264654675587e-105	0.239478301570172	0.086	0.302	5.77741198850982e-101	PSMC6	c4
5.36435460438798e-66	0.23894646457615	0.043	0.17	1.79909724721964e-61	PDCD7	c4
2.85480506671421e-49	0.23891342672558	0.03	0.123	9.57444523274611e-45	BCAS4	c4
2.54358254426484e-31	0.238841073851087	0.023	0.084	8.53066713695542e-27	CHPT1	c4
4.25662182348872e-24	0.238546726210091	0.014	0.059	1.42758582716165e-19	VKORC1L1	c4
2.85145828952474e-10	0.237986124849175	0.005	0.023	9.56322081140807e-06	NCKIPSD	c4
1.89849685536739e-33	0.237832988653939	0.022	0.086	6.36717875353116e-29	BORCS7	c4
8.26774395780604e-109	0.237713248075952	0.111	0.351	2.77283596856899e-104	MIER1	c4
2.180217267252e-71	0.237686033351006	0.055	0.2	7.31201267090974e-67	LARP7	c4
2.55581374880544e-28	0.237532053080445	0.017	0.071	8.57168815074369e-24	TMEM128	c4
9.05027178392803e-118	0.23750542049479	0.149	0.433	3.03528015089378e-113	IVNS1ABP	c4
4.26989497752273e-71	0.23667594618213	0.05	0.19	1.43203737756157e-66	SART1	c4
9.98050442523472e-89	0.236576170704088	0.072	0.253	3.34726157413522e-84	TFIP11	c4
7.3872312125026e-43	0.236035089641546	0.03	0.114	2.47752960404912e-38	PGM1	c4
4.43579257447428e-13	0.236008223214303	0.009	0.033	1.48767611362719e-08	HIST1H2AG	c4
2.39039446990091e-53	0.235717918307773	0.038	0.144	8.01690497315367e-49	VCPKMT	c4
8.6177659751774e-15	0.235663975852275	0.012	0.042	2.890226352755e-10	KMT2E-AS1	c4
1.83183089886999e-13	0.235371198257682	0.007	0.031	6.14359446863016e-09	HSDL2	c4
2.26067968876572e-70	0.235055450197878	0.063	0.212	7.58186754018248e-66	IRF2BP2	c4
7.60194237221011e-100	0.23488197575667	0.08	0.283	2.54953943279183e-95	DPF2	c4
1.22462220253381e-77	0.234805155959208	0.07	0.235	4.10713794285789e-73	TMEM50B	c4
3.49874828730201e-34	0.234375426985339	0.021	0.086	1.17341020059535e-29	COQ9	c4
2.55943144388979e-103	0.23408435160133	0.18	0.468	8.58382117651758e-99	LDLRAD4	c4
7.26157246256865e-11	0.233694226866479	0.007	0.027	2.43538617249627e-06	KLF11	c4
1.15024209770441e-59	0.233608687674576	0.057	0.185	3.85768194728104e-55	LY9	c4
6.44734112867557e-21	0.233258691729611	0.015	0.055	2.16230926773521e-16	GCFC2	c4
2.8621441491757e-12	0.232800027375407	0.007	0.03	9.59905904750545e-08	VNN2	c4
1.06787503184021e-53	0.232575116304678	0.039	0.146	3.58143928178568e-49	STAMBP	c4
8.16694343201731e-08	0.232512219198961	0.005	0.018	0.00273902948822997	TRABD2A	c4
1.3093613708051e-68	0.232484115727824	0.048	0.183	4.39133616540614e-64	TMEM263	c4
1.67948042914428e-34	0.232223781701802	0.03	0.101	5.63264146326407e-30	FURIN	c4
1.63953986421319e-120	0.231235527394056	0.224	0.579	5.4986887965982e-116	IRF1	c4
1.11131215533593e-68	0.231049674130587	0.05	0.187	3.72711870656565e-64	COMMD2	c4
2.29453039539891e-24	0.231049000757743	0.018	0.066	7.69539604008886e-20	FEM1C	c4
2.16196966838341e-48	0.230504371272553	0.036	0.133	7.25081387382427e-44	DDX1	c4
2.34542870578087e-82	0.230338486840312	0.063	0.229	7.86609879344787e-78	USF2	c4
3.60352998530533e-07	0.230304698034561	0.004	0.015	0.012085518864717	VPS37C	c4
2.30722406477252e-53	0.230066841280788	0.044	0.154	7.73796806843406e-49	PREP	c4
3.03895676272724e-101	0.229776066641966	0.078	0.28	1.01920531908346e-96	PMPCB	c4
1.36586525486357e-48	0.228902660208188	0.031	0.125	4.58083889176144e-44	EIF2B1	c4
1.37889645723465e-15	0.227672048701593	0.04	0.084	4.62454293827358e-11	SOX4	c4
8.21423030531555e-08	0.226574343678721	0.005	0.019	0.00275488855979673	ANGEL1	c4
1.70937520369991e-59	0.226448659891139	0.046	0.166	5.73290255816877e-55	TDP2	c4
2.82966099089072e-53	0.226423788655763	0.034	0.136	9.49011703124928e-49	C2orf49	c4
2.14654628634311e-55	0.225799868449036	0.039	0.149	7.19908693513752e-51	PRKAG1	c4
3.45809876232661e-40	0.225605386312439	0.025	0.103	1.1597771629091e-35	COASY	c4
1.97685220494252e-28	0.225266491458611	0.02	0.075	6.62996692493622e-24	ASCC1	c4
2.5628718143371e-25	0.225155852588916	0.013	0.06	8.59535949092378e-21	ATG4A	c4
1.42371542247531e-23	0.225122176078733	0.017	0.062	4.77485678389771e-19	CRIP2	c4
2.80199529654547e-09	0.224468238437528	0.005	0.021	9.39733182555421e-05	ALKBH8	c4
1.93591299950576e-15	0.22335169394801	0.01	0.038	6.49266501774242e-11	ZNF250	c4
2.98016467667669e-22	0.222927313282636	0.015	0.058	9.99487629263829e-18	ARFIP1	c4
1.33897430811255e-48	0.222894883351467	0.034	0.13	4.49065203454787e-44	APEH	c4
2.14070890570577e-37	0.221858859622933	0.024	0.096	7.179509527956e-33	YARS2	c4
2.51685995420415e-120	0.221724193283723	0.261	0.659	8.44104491440989e-116	WIPF1	c4
9.98843088177233e-65	0.221298634694278	0.048	0.178	3.3499199491288e-60	ELOA	c4
1.65996285689831e-57	0.221099373692711	0.396	0.797	5.56718342946557e-53	LRRFIP1	c4
4.7195709699793e-12	0.220694208296414	0.006	0.027	1.58284971191166e-07	ZNF85	c4
1.66797186983746e-70	0.2201348190162	0.045	0.18	5.59404405706088e-66	SPOP	c4
3.70709986012369e-29	0.219866467227161	0.024	0.084	1.24328715108828e-24	KIAA0513	c4
2.30191527000003e-22	0.219408464699587	0.016	0.059	7.7201634325261e-18	HIST1H1D	c4
5.24437323010084e-54	0.2192240553713	0.044	0.155	1.75885789391122e-49	EFR3A	c4
3.26796970236671e-81	0.219104652758428	0.059	0.22	1.09601167877975e-76	CHTOP	c4
1.01000233730579e-109	0.218947181943089	0.093	0.32	3.38734583885617e-105	MACO1	c4
9.82423274248202e-38	0.218647671330122	0.022	0.093	3.29485117717362e-33	GGCX	c4
2.05482275608033e-24	0.218465415861996	0.016	0.063	6.89146455934223e-20	DTNBP1	c4
3.42287965160967e-33	0.218031641635577	0.026	0.093	1.14796537755685e-28	NR1D2	c4
5.99723590789159e-14	0.218005486754165	0.009	0.035	2.01135297878868e-09	MTX2	c4
2.51808458591971e-32	0.217448530602983	0.021	0.083	8.44515208425752e-28	C2orf69	c4
1.59913836924296e-24	0.217074826217781	0.015	0.06	5.36319026276705e-20	BABAM2	c4
4.77140885656551e-15	0.216961551220262	0.009	0.036	1.60023510231494e-10	RXYLT1	c4
6.74531326601115e-33	0.216814725999461	0.021	0.085	2.26224316315482e-28	PTPA	c4
8.66181278163145e-07	0.216460935039022	0.004	0.015	0.0290499877070356	BCORL1	c4
6.82991944371292e-79	0.216382369597892	0.054	0.207	2.29061838303244e-74	SCYL1	c4
4.8358843452941e-58	0.216028690683249	0.047	0.166	1.62185889172474e-53	BRD3	c4
5.34421688714081e-27	0.215495816723401	0.017	0.068	1.79234345960929e-22	BRI3BP	c4
1.73252185490343e-29	0.215306836773569	0.017	0.073	5.81053179697511e-25	POP5	c4
1.56675582744122e-16	0.215137112833462	0.013	0.045	5.25458569407237e-12	UBXN2B	c4
6.1819040902351e-21	0.21498306583114	0.013	0.053	2.07328699378305e-16	SLC35F2	c4
1.25617560018259e-97	0.214254330837941	0.079	0.278	4.21296172789235e-93	CTR9	c4
3.1864140339434e-57	0.213471672243209	0.04	0.152	1.06865953870394e-52	DHPS	c4
4.55916727214719e-29	0.213317512490269	0.019	0.075	1.52905351973272e-24	ELF4	c4
1.3197546714621e-13	0.211776136617821	0.004	0.026	4.4261932171496e-09	RHEBL1	c4
1.32833288726998e-151	0.211764906553189	0.144	0.468	4.45496283732607e-147	SAP30BP	c4
4.10156996942e-135	0.210595094957776	0.133	0.426	1.37558453634408e-130	YY1	c4
8.06567852259531e-70	0.210237593179272	0.052	0.191	2.70506726290802e-65	BRD7	c4
1.44350577279476e-26	0.209854462832806	0.016	0.066	4.84122966079907e-22	RNF185	c4
1.0569417561772e-09	0.209383684868393	0.005	0.022	3.54477126186711e-05	C22orf34	c4
8.88450659046893e-44	0.20836696580636	0.028	0.113	2.97968582031147e-39	ACTL6A	c4
2.21962883148599e-48	0.208350031295466	0.037	0.135	7.44419117503771e-44	TRIM4	c4
1.09328370057637e-44	0.207607052969498	0.028	0.114	3.66665487499303e-40	GOT2	c4
2.04652812454863e-45	0.206872470586523	0.032	0.122	6.8636460241112e-41	C1orf131	c4
1.06712835682019e-51	0.205980196741354	0.036	0.137	3.57893508310355e-47	ASMTL	c4
3.23136987358738e-31	0.204855980038852	0.021	0.081	1.08373682820373e-26	LIMA1	c4
5.779588218382e-75	0.204755572713081	0.059	0.212	1.93835829668096e-70	UBQLN1	c4
8.46902988315596e-08	0.204445070473507	0.004	0.016	0.00284034324221285	ZNF823	c4
6.94818034099813e-69	0.204263692534622	0.052	0.19	2.33028072276395e-64	UGP2	c4
5.99425413376236e-31	0.204168625536409	0.016	0.073	2.01035295138122e-26	ZSCAN16-AS1	c4
9.18984740845947e-16	0.204007785848943	0.014	0.045	3.08209102384914e-11	IRS2	c4
2.04674333349843e-21	0.203151092038153	0.017	0.06	6.86436779188703e-17	ZC3H6	c4
1.48074942024889e-42	0.202767925073821	0.026	0.108	4.96613740563071e-38	NMRK1	c4
3.7474453322018e-18	0.202329716855789	0.009	0.042	1.25681821551384e-13	TMEM191C	c4
1.0025309481925e-127	0.201573907979585	0.192	0.529	3.36228829404802e-123	GABARAPL1	c4
1.08164657878504e-68	0.201285221112562	0.053	0.192	3.62762629592927e-64	TGS1	c4
3.47510188729548e-17	0.200795931642872	0.009	0.039	1.16547967096116e-12	UTP15	c4
3.44110900310818e-16	0.199851402077687	0.01	0.041	1.15407913746242e-11	NIF3L1	c4
1.96717336335251e-44	0.199786190498096	0.029	0.116	6.59750602601166e-40	IFRD2	c4
3.19574869830384e-65	0.199781162586982	0.046	0.175	1.07179019843714e-60	MBD2	c4
7.72025591118066e-35	0.199045843563028	0.022	0.089	2.58921942749177e-30	ACBD3	c4
2.34776426582276e-84	0.19884326649153	0.061	0.227	7.87393179471637e-80	ATG5	c4
7.86153166345442e-17	0.198047681032293	0.009	0.039	2.63660048928934e-12	CASP9	c4
1.53357817673486e-36	0.198031047427514	0.026	0.099	5.14331448913337e-32	RABGEF1	c4
2.68691115758988e-126	0.197557631192281	0.208	0.557	9.01136264032494e-122	TANK	c4
3.20506393105433e-25	0.19714190350925	0.015	0.062	1.074914341197e-20	FAM206A	c4
3.03313509795609e-97	0.19669499033306	0.065	0.253	1.01725284915251e-92	SNRPA	c4
1.58002461241542e-33	0.19661931250285	0.023	0.088	5.29908654511885e-29	GRK6	c4
1.71055526582805e-07	0.19643967941172	0.003	0.015	0.00573686025053412	AC079341.1	c4
2.26483388935286e-110	0.196381424802816	0.075	0.288	7.59579989811163e-106	XAB2	c4
2.09489926009376e-41	0.196048137062119	0.026	0.105	7.02587313850247e-37	RPUSD1	c4
1.64431865316779e-30	0.195326825517528	0.017	0.074	5.51471589899414e-26	AGFG2	c4
3.74117932976102e-93	0.195321661963969	0.064	0.245	1.25471672361525e-88	SIGIRR	c4
2.42097503242869e-93	0.194967135050015	0.076	0.267	8.11946606375934e-89	LMAN1	c4
2.38081101471685e-55	0.194701680819986	0.036	0.143	7.98476398115739e-51	UFSP2	c4
9.99704928681859e-125	0.193601225496083	0.105	0.361	3.35281038981322e-120	VPS4B	c4
1.72080573990482e-47	0.193433210829685	0.031	0.123	5.77123829049278e-43	RCHY1	c4
5.08526435555396e-75	0.193261958852835	0.059	0.211	1.70549595956569e-70	API5	c4
2.26687275463423e-82	0.19288380261436	0.062	0.227	7.60263784449229e-78	ZFAND2B	c4
1.18673447556412e-24	0.192537469142425	0.533	0.924	3.98007008414694e-20	CD44	c4
5.78441876168377e-20	0.191765266671828	0.016	0.055	1.9399783642935e-15	MAP1A	c4
3.47792529967985e-36	0.191237579671411	0.027	0.1	1.16642658700663e-31	BCAT1	c4
2.24386364094106e-60	0.19011264746613	0.047	0.169	7.52546987898813e-56	ATP6V1A	c4
7.4843619252963e-23	0.189217268742904	0.015	0.058	2.51010530250587e-18	CXorf56	c4
4.77170246626305e-24	0.18881133088923	0.013	0.057	1.6003335731353e-19	YIPF1	c4
1.82005428952162e-36	0.188602811910067	0.024	0.095	6.10409807619761e-32	CTSD	c4
1.21681647001873e-08	0.188231051889047	0.005	0.02	0.000408095907714881	CYB5D2	c4
3.44713357984181e-109	0.187732184721355	0.086	0.305	1.15609966000735e-104	MVP	c4
1.30671180640384e-06	0.187444116535953	0.004	0.015	0.0438245005631721	TIGD5	c4
2.04349434324159e-40	0.186125112968726	0.027	0.105	6.85347132836365e-36	FAM117A	c4
4.2800092397496e-82	0.1857516563347	0.054	0.212	1.43542949882722e-77	RBM4	c4
2.82637341366714e-46	0.185734043338648	0.03	0.12	9.47909115475686e-42	AGGF1	c4
2.02047961162979e-11	0.18558504204848	0.005	0.024	6.77628452148399e-07	ASPHD2	c4
1.4537539799256e-17	0.185492432254261	0.013	0.047	4.87560009787449e-13	ZNF180	c4
1.26605832369859e-16	0.185056531731264	0.01	0.04	4.24610640602032e-12	ATPAF1	c4
3.73720352518779e-18	0.184405670844362	0.013	0.049	1.25338331827748e-13	CENPB	c4
1.01200383206802e-11	0.183358730348625	0.007	0.028	3.39405845198972e-07	C2orf42	c4
6.31450376192464e-86	0.182589446003046	0.06	0.227	2.11775827167429e-81	ACO2	c4
8.08907288320833e-11	0.181920302662941	0.005	0.024	2.71291326357041e-06	ZNF416	c4
1.85093100822303e-92	0.181800635623439	0.064	0.244	6.20765241537838e-88	VEZF1	c4
4.70905207627225e-60	0.181534309812894	0.036	0.15	1.57932188534019e-55	NUDT22	c4
4.17299976847222e-96	0.181458658929755	0.08	0.277	1.39954066235021e-91	TRAF4	c4
4.47808304979774e-09	0.181401952190078	0.004	0.019	0.000150185949324117	GSTM4	c4
1.72134050849311e-34	0.181246805531405	0.024	0.092	5.7730317973842e-30	CNEP1R1	c4
1.71049832747288e-64	0.181243723297713	0.047	0.175	5.73666929067855e-60	PPP2R5A	c4
5.51441046813364e-21	0.180571866986594	0.011	0.05	1.84942298280266e-16	RPP14	c4
5.99502196571057e-10	0.180028355046439	0.006	0.024	2.01061046686001e-05	PEX5	c4
1.00251893909389e-54	0.179885416303829	0.039	0.147	3.36224801793309e-50	SPTLC1	c4
1.7992436810741e-70	0.179598678513242	0.056	0.2	6.03430345758633e-66	CASP3	c4
2.93288707737087e-32	0.178375119957329	0.022	0.085	9.83631668008642e-28	NCDN	c4
3.27275696988556e-29	0.177461899909653	0.019	0.076	1.09761723256022e-24	IL12RB1	c4
7.09651704123549e-13	0.177056303918023	0.006	0.028	2.38002988528956e-08	GATD3A	c4
1.4006327013031e-132	0.176424454958516	0.101	0.362	4.69744195363035e-128	GNL1	c4
1.52754960377444e-139	0.176034030665426	0.186	0.535	5.12309586113873e-135	PAK2	c4
4.44886845143294e-48	0.17585123157615	0.036	0.133	1.49206150124158e-43	RBBP8	c4
1.27770619494495e-20	0.175049505493289	0.013	0.053	4.28517103660638e-16	METTL2A	c4
4.94715951878777e-11	0.175037673327381	0.006	0.025	1.65917835941104e-06	ADGRG5	c4
2.32949168431748e-66	0.173712549605595	0.05	0.184	7.81264921086397e-62	TOPORS	c4
2.25111396830079e-31	0.173583446086965	0.022	0.084	7.54978602688718e-27	QSOX1	c4
1.27825188444156e-48	0.173033661283071	0.03	0.124	4.28700117004011e-44	TRAFD1	c4
1.10480514706186e-07	0.173012031594137	0.009	0.025	0.00370529550221605	IFIT2	c4
5.66321160089977e-36	0.1720560013437	0.023	0.092	1.89932790670976e-31	NDUFB8	c4
2.1782550197246e-36	0.171984864653564	0.02	0.087	7.30543168515237e-32	PCGF1	c4
1.82189129478168e-19	0.171960844527651	0.013	0.05	6.1102590244388e-15	SPON2	c4
3.74325391773324e-15	0.171897640246632	0.009	0.037	1.25541249892937e-10	NDUFAF1	c4
1.17253382246473e-66	0.171213087697542	0.051	0.185	3.93244393378222e-62	SEPT11	c4
5.28653032449297e-13	0.170588632550735	0.007	0.03	1.77299654022845e-08	CCDC173	c4
1.61503455833764e-41	0.17017671271678	0.026	0.106	5.41650290175276e-37	YIPF2	c4
1.40519530323739e-12	0.170150054869617	0.007	0.03	4.71274400799757e-08	ZNF18	c4
7.53677919119228e-58	0.169437269921948	0.038	0.15	2.52768500514207e-53	TPGS2	c4
3.74545428270221e-74	0.169429938851199	0.061	0.214	1.25615045733267e-69	MKNK2	c4
8.48341054830823e-106	0.168296376442391	0.092	0.311	2.84516622969161e-101	VAMP2	c4
2.90795318244195e-07	0.16736802961466	0.004	0.015	0.00975269338327382	AFMID	c4
1.19339898632084e-29	0.166985052566968	0.017	0.072	4.00242152032282e-25	UBE2E1	c4
6.49814907242187e-13	0.166581339631517	0.007	0.03	2.17934923590885e-08	MFSD9	c4
2.54173687419212e-69	0.165680354775812	0.048	0.184	8.52447712866554e-65	AKR1A1	c4
2.07921674739542e-46	0.164782168998855	0.028	0.116	6.97327712741475e-42	EIF1AD	c4
1.00143770081252e-28	0.164311985908934	0.017	0.071	3.35862176098502e-24	CCDC85C	c4
3.33488301830641e-45	0.164101379466142	0.027	0.113	1.1184530666796e-40	FBXL15	c4
1.25767161724286e-58	0.163980371343907	0.036	0.147	4.2179790699091e-54	RASSF7	c4
4.17836026641587e-11	0.163453898201125	0.005	0.024	1.40133846615056e-06	SASS6	c4
5.71184827354515e-14	0.163278271479546	0.012	0.04	1.91563967398157e-09	SGK1	c4
4.67378055806281e-61	0.163194641351581	0.047	0.17	1.56749252356311e-56	SLC25A24	c4
5.51331023774522e-78	0.163147398081486	0.055	0.209	1.84905398753499e-73	SMARCD1	c4
1.19945834186211e-61	0.162719682391948	0.038	0.156	4.02274338693716e-57	ZDHHC3	c4
6.12417131129389e-99	0.16236465861783	0.088	0.295	2.05392457438174e-94	ZBTB38	c4
1.40043144590547e-43	0.162108856165549	0.025	0.108	4.69676698327777e-39	SH3GL1	c4
4.38089234080142e-08	0.162089368280305	0.004	0.017	0.00146926367325798	SPIN2B	c4
5.72039091483301e-74	0.161863409356247	0.052	0.197	1.91850470501669e-69	TERF1	c4
1.22719773100445e-22	0.161711208699789	0.012	0.054	4.11577575024272e-18	ERI3	c4
5.33431080216165e-08	0.161230031582171	0.004	0.018	0.00178902115682897	NUGGC	c4
4.50429986729798e-08	0.161133686536831	0.004	0.017	0.0015106520894944	SNX16	c4
1.05185027718053e-81	0.160888751991444	0.069	0.238	3.52769545960806e-77	GATA3	c4
1.5102998471769e-86	0.160415277942809	0.067	0.242	5.0652436274619e-82	MAP2K1	c4
5.65276888898523e-110	0.159824748756139	0.073	0.284	1.89582562998787e-105	RBM22	c4
1.67655308084538e-40	0.159274955464256	0.025	0.102	5.62282372253925e-36	FUT11	c4
4.30133316491463e-20	0.15882041872367	0.012	0.049	1.44258111684907e-15	TMEM68	c4
4.03615713951737e-97	0.158038778827543	0.066	0.253	1.35364638145133e-92	KRR1	c4
1.55506476678718e-36	0.157944912112878	0.024	0.094	5.21537621485086e-32	ADA	c4
4.95519646067435e-108	0.157841364617729	0.081	0.296	1.66187378898096e-103	WDR33	c4
8.45517832306142e-42	0.157498762939787	0.027	0.107	2.83569770598834e-37	PRPF18	c4
2.48822190599188e-42	0.156924423281121	0.03	0.114	8.34499862831557e-38	TMEM127	c4
4.12839250622626e-13	0.156812858295622	0.007	0.03	1.38458027873816e-08	ATP1B1	c4
6.10124472247085e-09	0.156735673120819	0.003	0.017	0.000204623545502227	NEIL2	c4
9.15939369379046e-38	0.156724833693437	0.022	0.093	3.07187745702344e-33	CTBS	c4
4.83099265441895e-53	0.156255947870976	0.034	0.137	1.62021831643903e-48	TOMM70	c4
1.63438439854687e-106	0.155890349646231	0.104	0.334	5.48139839584648e-102	TTC39C	c4
4.38343704121248e-19	0.155888773067039	0.011	0.046	1.47011711488184e-14	AC093323.1	c4
1.70199869193897e-132	0.155870529210549	0.114	0.387	5.7081632130249e-128	COPB1	c4
1.66320777212635e-102	0.154952610937265	0.081	0.287	5.57806622615736e-98	GALM	c4
8.48360880629865e-26	0.15416096003021	0.012	0.058	2.84523272145644e-21	COMMD4	c4
2.85373831045216e-115	0.15299463774143	0.165	0.455	9.57086754559447e-111	SNX9	c4
3.23787786581999e-09	0.152608559987608	0.005	0.02	0.000108591947863871	LACC1	c4
8.68870914231938e-09	0.152432146157474	0.004	0.018	0.000291401927215108	CDPF1	c4
7.64004882999253e-20	0.151630379680152	0.011	0.048	2.5623195766029e-15	MMD	c4
5.70501480577485e-72	0.151477653375525	0.052	0.195	1.91334786556077e-67	CRNKL1	c4
1.21626143034109e-82	0.150758330099767	0.055	0.215	4.07909758507795e-78	FAM136A	c4
4.10465286150487e-31	0.150674795047584	0.018	0.076	1.3766184766915e-26	APOL2	c4
2.18458690997843e-31	0.150424505003753	0.017	0.076	7.32666757868565e-27	C12orf43	c4
1.34779022078114e-148	0.150315440842721	0.257	0.686	4.52021884245578e-144	GNAS	c4
7.87816613034692e-98	0.150251354041061	0.057	0.238	2.64217935679575e-93	EPN1	c4
1.57776024926268e-09	0.150161197362913	0.005	0.021	5.29149232397717e-05	CAMK1	c4
7.0715396384022e-21	0.149255142533089	0.015	0.055	2.37165296392733e-16	ZFP1	c4
1.89650412615477e-23	0.149084685317594	0.016	0.061	6.36049553829788e-19	BRCC3	c4
6.37774964148346e-15	0.14896256473901	0.007	0.034	2.13896967476072e-10	WDR53	c4
3.57383734983249e-101	0.148642518323747	0.08	0.285	1.19859357038682e-96	SHOC2	c4
9.48819935669799e-19	0.148471114997455	0.01	0.045	3.18215230024937e-14	AEN	c4
8.11935457671988e-21	0.148238862742845	0.011	0.049	2.72306913794031e-16	PUS1	c4
3.43915279165683e-17	0.148218150571422	0.007	0.037	1.15342306326587e-12	TRIP10	c4
7.99172191931159e-25	0.146823286588465	0.017	0.064	2.68026369729872e-20	RAP2A	c4
5.02486846769706e-57	0.146699919971716	0.037	0.147	1.68524038669624e-52	CTDSP2	c4
3.76464105452137e-72	0.146689285724712	0.05	0.191	1.26258531686538e-67	DKC1	c4
1.83160509444267e-12	0.146594612788545	0.005	0.026	6.14283716574182e-08	MAP3K6	c4
2.22339365893938e-66	0.145901584401172	0.046	0.176	7.45681765335088e-62	MFSD14A	c4
3.91119101860146e-10	0.145543513550378	0.006	0.024	1.31173524381856e-05	FBXW9	c4
3.38411433630244e-141	0.145389503982247	0.213	0.584	1.13496426610911e-136	ETS1	c4
3.94239110093283e-85	0.14533756007657	0.055	0.218	1.32219912743085e-80	MOB4	c4
9.67722142617909e-60	0.145232630540113	0.042	0.161	3.24554652191194e-55	PHTF1	c4
4.68502885957466e-119	0.144957055111615	0.101	0.347	1.57126497892415e-114	ABI1	c4
1.00340248616477e-08	0.144727341183534	0.005	0.02	0.00033652112580994	ZNF761	c4
1.52504570172718e-113	0.143057157381583	0.071	0.284	5.1146982744526e-109	RPAIN	c4
3.57116307392719e-131	0.142766822950883	0.126	0.407	1.1976966717337e-126	CD58	c4
9.90825282454042e-125	0.142645250569033	0.082	0.318	3.32302983229437e-120	METTL26	c4
8.84401337375386e-19	0.142433895346004	0.01	0.044	2.96610520528957e-14	C17orf75	c4
1.77476352265928e-28	0.142143008530691	0.018	0.072	5.9522019022947e-24	MIS12	c4
7.94187425089943e-77	0.14183135878068	0.053	0.203	2.66354578626665e-72	DDX54	c4
4.39115768486613e-48	0.141715980205421	0.033	0.127	1.4727064643504e-43	SLC39A7	c4
1.61243036447598e-21	0.141019072473236	0.013	0.054	5.40776895637954e-17	EXT2	c4
5.01438615961729e-90	0.140668422674257	0.057	0.228	1.68172483021245e-85	EIF2S3	c4
7.02233497500456e-36	0.139829109234987	0.025	0.095	2.35515070391703e-31	THAP2	c4
2.72345106933539e-48	0.139793482764829	0.035	0.131	9.13391019633705e-44	MRPL1	c4
2.00300185747013e-45	0.139294489575399	0.034	0.125	6.71766762958333e-41	ZHX2	c4
2.32718132042351e-142	0.138677939445989	0.124	0.418	7.80490071243638e-138	HNRNPH3	c4
1.27340374497037e-78	0.138464088123231	0.136	0.347	4.27074147988162e-74	GALNT2	c4
6.6628065500533e-79	0.138047081001833	0.053	0.206	2.23457206075687e-74	COX19	c4
5.89254957365569e-16	0.13731735020248	0.007	0.034	1.97624327601265e-11	ITGB3BP	c4
2.72614843576056e-67	0.136993314465036	0.399	0.838	9.14295662385375e-63	HNRNPA2B1	c4
4.24431363992758e-27	0.136777295693965	0.019	0.072	1.42345790855891e-22	SRF	c4
9.18582491097976e-42	0.136564546077114	0.029	0.111	3.08074195864439e-37	LTV1	c4
4.56909357766168e-83	0.136466110217889	0.056	0.217	1.53238260407617e-78	NCBP2	c4
1.78331259437621e-65	0.136250436099807	0.037	0.159	5.98087377901892e-61	LYPLA1	c4
4.25443880779832e-49	0.135817583034026	0.026	0.117	1.4268536873594e-44	ARFIP2	c4
6.38488826878388e-49	0.135025203288163	0.034	0.131	2.14136382758474e-44	FGD5-AS1	c4
1.38599038638658e-35	0.134556909901048	0.03	0.103	4.64833455786331e-31	OAS1	c4
2.3760240476934e-46	0.13385040452103	0.034	0.127	7.96870945115414e-42	DEAF1	c4
2.79088781962988e-62	0.133435801641449	0.048	0.173	9.36007956947468e-58	TGIF2	c4
8.00641511592239e-78	0.133211218310062	0.066	0.227	2.68519150157805e-73	PMEPA1	c4
1.24109578741945e-26	0.133204017223152	0.017	0.068	4.16238705184737e-22	RRP9	c4
6.56412227827242e-136	0.133201546548352	0.126	0.414	2.201475329687e-131	YME1L1	c4
3.16078961568692e-09	0.132760917117652	0.005	0.02	0.000106006562130908	AL691432.2	c4
2.13757592224459e-35	0.132611692041492	0.018	0.083	7.1690021280239e-31	TATDN1	c4
9.04346023274745e-21	0.13233233292685	0.012	0.051	3.03299569285884e-16	TERF2	c4
2.44491516945171e-160	0.132169831178891	0.192	0.572	8.19975649530715e-156	PRPF40A	c4
6.65115612840556e-20	0.131741532453596	0.01	0.047	2.23066474234466e-15	MTHFD1L	c4
1.15574198833038e-16	0.131075371423138	0.007	0.035	3.87612748046242e-12	FAHD1	c4
4.59497767362528e-11	0.131042721355915	0.007	0.026	1.54106361218045e-06	DOLK	c4
9.75665543090841e-78	0.130633174062636	0.055	0.207	3.27218709841806e-73	YAF2	c4
4.2741030632791e-11	0.130521716498752	0.005	0.024	1.43344868536254e-06	AC006449.6	c4
1.27793765473428e-81	0.13019617314781	0.057	0.217	4.28594730644781e-77	M6PR	c4
1.09409569663797e-86	0.13003124220284	0.068	0.244	3.66937814738444e-82	DDIT3	c4
1.31171957292655e-144	0.130025332023135	0.131	0.433	4.39924510368105e-140	ABCF1	c4
1.01967840770989e-118	0.129509323432407	0.114	0.37	3.41979744377742e-114	ZBTB1	c4
1.56279008788975e-89	0.129450771631505	0.069	0.249	5.24128539676464e-85	CHORDC1	c4
2.7097421668974e-151	0.128952046943615	0.228	0.633	9.0879332793405e-147	EIF4A2	c4
6.66343743557672e-25	0.128753785902379	0.014	0.061	2.23478364714372e-20	ZNF71	c4
3.90016904469957e-18	0.128500165591611	0.015	0.051	1.30803869421134e-13	FAM69A	c4
7.25431651805455e-94	0.12784565863815	0.056	0.231	2.43295267382513e-89	PRPF31	c4
2.76055038141922e-07	0.127549298757502	0.003	0.015	0.00925833386920379	JRKL	c4
1.21671847883679e-42	0.127473959224871	0.027	0.11	4.08063043432282e-38	BAG4	c4
3.83582456493841e-20	0.12720304052373	0.011	0.049	1.28645884258904e-15	GEMIN4	c4
2.65952142528555e-08	0.12683014766294	0.002	0.015	0.000891950295612269	SLC2A11	c4
2.11143264221697e-80	0.125748086741325	0.048	0.198	7.08132279546726e-76	PES1	c4
3.28820304666857e-84	0.125438650038774	0.068	0.239	1.10279753779171e-79	DNAJC3	c4
2.69136717841556e-34	0.12538891004096	0.022	0.088	9.02630724297012e-30	GSK3A	c4
3.40391293508386e-10	0.124835981437909	0.005	0.022	1.14160432016842e-05	IRF8	c4
9.93872964422258e-58	0.124373291976425	0.036	0.147	3.33325114807937e-53	SSBP4	c4
4.55012674297102e-91	0.123828802786938	0.058	0.232	1.52602150705762e-86	HDAC2	c4
1.15143632131498e-90	0.12277150821113	0.061	0.237	3.86168713442619e-86	NDUFS2	c4
8.18701743633387e-58	0.122432359318573	0.038	0.15	2.74576190779765e-53	MYD88	c4
5.31183632515678e-09	0.122318117767484	0.004	0.019	0.000178148366673108	HS3ST3B1	c4
2.69611760838512e-146	0.122148726122449	0.243	0.658	9.04223923500201e-142	VCP	c4
4.47420046139563e-18	0.121844602094909	0.01	0.044	1.50055735074287e-13	MSANTD4	c4
7.23547553059532e-15	0.121289797618766	0.008	0.035	2.42663378345106e-10	PUDP	c4
9.46465607126963e-69	0.120913553423436	0.044	0.175	3.17425635318241e-64	SLC35B1	c4
3.79168529439638e-10	0.120720417884955	0.004	0.02	1.27165541403466e-05	FBXO48	c4
4.3544012560468e-63	0.120561200746728	0.041	0.163	1.46037909325298e-58	DCAF13	c4
9.44230405911061e-80	0.11955100203283	0.063	0.225	3.16675993534452e-75	CAB39	c4
6.8405198194929e-40	0.11873225059729	0.024	0.099	2.29417353706153e-35	SYS1	c4
6.85172442182526e-59	0.11865177659068	0.043	0.161	2.29793133659175e-54	SLC2A8	c4
2.41367585834035e-18	0.118584220212822	0.009	0.042	8.09498609370185e-14	C1orf109	c4
8.6113374216337e-22	0.118557678487878	0.011	0.051	2.88807034446751e-17	PSMC3IP	c4
2.71833147632207e-33	0.117511889499208	0.019	0.081	9.11674010528896e-29	BCL2L13	c4
1.11294939856566e-19	0.116308300385667	0.01	0.045	3.7326096929095e-15	TMEM156	c4
1.08811019559287e-22	0.115737782289732	0.015	0.058	3.64930397397938e-18	TMEM19	c4
3.08710017128667e-59	0.115578088512878	0.041	0.158	1.03535165544612e-54	COMMD1	c4
1.02175806942564e-33	0.115252481902394	0.037	0.111	3.42677221323972e-29	ADGRG1	c4
4.67911762449923e-13	0.115207063525664	0.008	0.032	1.56928246890455e-08	CD244	c4
1.43007695893738e-16	0.114848607880289	0.008	0.037	4.7961921048842e-12	GORAB	c4
4.77243704396324e-35	0.114033344914308	0.024	0.092	1.60057993580439e-30	REEP3	c4
7.33359653781383e-54	0.114006265488479	0.039	0.146	2.459541606852e-49	CWC22	c4
1.92126876342363e-140	0.113182262374902	0.12	0.409	6.44355117877016e-136	CEBPZ	c4
2.55555822663162e-16	0.112101622878582	0.01	0.041	8.57083118047711e-12	PORCN	c4
7.41444351670529e-41	0.111659734924805	0.023	0.099	2.48665606663262e-36	UROD	c4
1.30365140800759e-40	0.111557424655131	0.029	0.11	4.37218609217584e-36	BAIAP2	c4
1.14004518774835e-31	0.111344181008366	0.015	0.072	3.82348355067043e-27	SLC25A20	c4
2.6444042560601e-08	0.110917114380174	0.003	0.016	0.000886880299397435	ZNF696	c4
2.10424100202606e-13	0.11083233270461	0.006	0.03	7.05720347259502e-09	MCRIP2	c4
7.06056326776142e-35	0.109442457191246	0.018	0.082	2.36797170874182e-30	SLC25A19	c4
8.2623848706196e-85	0.109267014059698	0.062	0.23	2.7710386379084e-80	CDC73	c4
4.23649965067724e-14	0.10870536375384	0.007	0.032	1.42083725284413e-09	COQ7	c4
1.10591152182525e-93	0.108289292834412	0.063	0.244	3.70900606189752e-89	DDX50	c4
9.92329330012206e-14	0.108232874647595	0.007	0.032	3.32807410699494e-09	ZNF550	c4
1.96878891741751e-84	0.108046830376344	0.065	0.235	6.60292427123483e-80	RARA	c4
6.4540548110329e-16	0.107475372249112	0.012	0.042	2.16456090252421e-11	AL118516.1	c4
2.36418553888659e-168	0.107238883672285	0.14	0.48	7.92900546031785e-164	VPS28	c4
4.4443028687965e-102	0.106510646477139	0.071	0.269	1.49053029613697e-97	DENR	c4
1.10556925790059e-99	0.106395424945467	0.068	0.261	3.707858177147e-95	U2AF2	c4
1.05062938624751e-21	0.106359385683862	0.013	0.053	3.52360083559691e-17	TBC1D22B	c4
7.90003144267765e-48	0.106340421525028	0.035	0.13	2.64951254524523e-43	TDP1	c4
4.76063578562812e-07	0.105077893090427	0.004	0.016	0.0159662202978396	MBNL3	c4
2.44543940568935e-40	0.105044486974525	0.022	0.096	8.20151467880093e-36	TPRA1	c4
7.81865893099087e-132	0.103893567391835	0.101	0.361	2.62222183227572e-127	SMC3	c4
1.0185862145199e-112	0.103738557522532	0.076	0.292	3.41613444625683e-108	HSPA4	c4
6.11514942617704e-160	0.103694862480855	0.145	0.481	2.05089881455126e-155	WASF2	c4
4.6637517522778e-34	0.103029052561253	0.017	0.08	1.56412906267893e-29	RIOK2	c4
2.14505923438914e-33	0.102580216939229	0.018	0.079	7.1940996602943e-29	UROS	c4
3.43010608961701e-67	0.102538285089471	0.038	0.164	1.15038898033575e-62	PIAS4	c4
3.02585298329805e-56	0.1023602365795	0.033	0.139	1.0148105735385e-51	ESS2	c4
4.98947567919622e-19	0.102116059028177	0.009	0.043	1.67337035328883e-14	GALK1	c4
5.37939410577779e-19	0.101941404625368	0.011	0.047	1.80414119519576e-14	PPP2CB	c4
8.27876078572584e-141	0.101736227403668	0.141	0.449	2.77653079231673e-136	USP11	c4
1.5719876782677e-12	0.101580215760288	0.007	0.029	5.2721322753742e-08	HDHD2	c4
3.80609399404546e-33	0.101455141794652	0.019	0.082	1.27648780372297e-28	OARD1	c4
5.91136604931035e-13	-6.87411906748893	0	0.017	1.9825539456177e-08	PKMYT1	c4
5.74149489642307e-13	-6.84179513214784	0	0.017	1.92558255836237e-08	AC135457.1	c4
7.19346600615245e-10	-6.55769962256479	0	0.013	2.41254462914341e-05	LINC00239	c4
4.03610421218719e-11	-6.51102112091525	0	0.015	1.35362863068334e-06	LY96	c4
1.01574602130708e-08	-6.45232996906442	0	0.011	0.000340660900625968	FXYD7	c4
8.53003713443313e-09	-6.24335389106431	0	0.011	0.000286080385414618	SMKR1	c4
7.816916847123e-09	-6.14094104500242	0	0.011	0.000262163757218811	RIDA	c4
5.82723823217521e-08	-6.06657113105904	0	0.01	0.00195433915830692	RPP25	c4
1.77254372457751e-09	-5.94417800834421	0	0.012	5.94475714348804e-05	GTSE1	c4
4.45091169341246e-09	-5.55363638879876	0.001	0.013	0.000149274676373667	HSPA6	c4
2.8567721376328e-19	-4.92731502729857	0	0.027	9.58104239519289e-15	LINC01003	c4
5.29548476060879e-10	-4.41106242987827	0	0.014	1.77599967901298e-05	MYLPF	c4
3.09614860077153e-45	-4.07498868625687	0.001	0.066	1.03838631772676e-40	TCEAL8	c4
1.7039817188462e-142	-3.9839188506023	0.005	0.193	5.71481388866638e-138	IFITM3	c4
1.05960443677905e-146	-3.84271178218544	0.003	0.194	3.55370136006959e-142	EEF1G	c4
3.32414247399745e-18	-3.77962422425181	0.001	0.026	1.11485090292926e-13	LINC02539	c4
1.04764860076629e-11	-3.74356159547977	0	0.016	3.51360387724997e-07	RMI2	c4
0	-3.63025306713359	0.019	0.592	0	SEC61G	c4
0	-3.56918217620607	0.239	0.992	0	RPL39	c4
3.33776712342412e-126	-3.56402632140839	0.004	0.172	1.11942033785398e-121	HIST1H2BK	c4
2.13640565009784e-05	3.51815027858045	0.011	0.005	0.716507726929814	CBWD3	c4
1.78879091456059e-06	3.49589673848046	0.016	0.008	0.0599924696925329	KLHL17	c4
5.09800585702093e-152	-3.48511373063435	0.032	0.25	1.70976920432768e-147	HSPA1A	c4
1.35369661818688e-07	-3.47817967845352	0.002	0.012	0.00454002771807516	TRBV13	c4
0	-3.45890864048919	0.027	0.664	0	COX8A	c4
0	-3.43948820522914	0.066	0.759	0	S100A11	c4
3.99631770097544e-21	-3.42346931265506	0.001	0.031	1.34028503055314e-16	NCR3	c4
8.26626196418876e-06	3.42336973707711	0.012	0.005	0.277233893754963	NPIPB15	c4
0	-3.41915853404603	0.045	0.65	0	S100A4	c4
0	-3.4128835950622	0.458	0.996	0	RPLP1	c4
4.29124930014191e-28	-3.39209000461099	0.001	0.041	1.43919919028159e-23	FKBPL	c4
8.76481709678111e-11	-3.39012788249393	0	0.015	2.93954435791845e-06	PGLYRP2	c4
0	-3.38998357449101	0.051	0.819	0	ATP5MC2	c4
1.14240631266992e-17	-3.38952724801343	0.001	0.026	3.83140229143239e-13	HOPX	c4
9.32205403437746e-05	3.34464509680362	0.012	0.006	1	PSMD6-AS2	c4
9.20651303366075e-42	-3.34321665493103	0.002	0.062	3.08768034122914e-37	PITPNA-AS1	c4
1.86356963050413e-23	-3.33677491398338	0.001	0.034	6.25003982678474e-19	CENPW	c4
7.6400902484619e-17	-3.32861523119094	0	0.024	2.56233346752915e-12	ERICH6-AS1	c4
2.95454206139256e-145	-3.31858824891614	0.006	0.198	9.90894316549838e-141	CKS2	c4
0	-3.31755825962895	0.02	0.438	0	MT1X	c4
0	-3.31486470322061	0.101	0.82	0	S100A10	c4
6.01624627770872e-05	3.3097602961562	0.012	0.006	1	ERMN	c4
7.78962942940867e-06	3.27960407897393	0.016	0.008	0.261248591803508	NOMO3	c4
8.32016881394096e-13	-3.27915428140211	0	0.018	2.79041821681952e-08	ETV2	c4
0	-3.2789545970949	0.019	0.509	0	SNRPF	c4
0	-3.27568217544714	0.197	0.99	0	RPS13	c4
0	-3.26193732904598	0.26	0.992	0	RPS14	c4
1.77450554145972e-13	-3.25376733874763	0	0.019	5.95133668494761e-09	GINS2	c4
3.05998396870384e-05	3.25061003143031	0.021	0.012	1	SH3BP5-AS1	c4
6.6099266831492e-24	-3.22305997218244	0.001	0.035	2.21683721099458e-19	NCF1	c4
0.000100571479836727	3.22010849427172	0.012	0.006	1	BX255925.3	c4
6.09084587626962e-216	-3.21774811869858	0.009	0.275	2.04274788998331e-211	BANF1	c4
0	-3.20723499648582	0.037	0.734	0	COX7A2	c4
0	-3.20362250313933	0.275	0.993	0	RPS28	c4
0	-3.19339116065299	0.229	0.986	0	FTH1	c4
0	-3.18596906549622	0.207	0.987	0	RPS4X	c4
0	-3.18520064350239	0.058	0.839	0	MIF	c4
0	-3.18132541853455	0.026	0.625	0	COX7B	c4
0	-3.18105267833431	0.506	0.996	0	RPL41	c4
0.000139716583577782	3.17725666466115	0.016	0.009	1	TMEM44	c4
0	-3.17499386134747	0.088	0.739	0	NKG7	c4
0	-3.17034687393113	0.033	0.65	0	COX6C	c4
0	-3.16529038539889	0.016	0.41	0	ABRACL	c4
0.000187204999873444	3.16016830292598	0.014	0.008	1	ZDHHC8	c4
0	-3.152045747715	0.03	0.645	0	DBI	c4
0.00436749658912931	3.15067914300003	0.012	0.007	1	KIAA0895L	c4
0	-3.15041339832941	0.101	0.951	0	BTF3	c4
0	-3.13686269123141	0.108	0.771	0	MT2A	c4
0	-3.13245077429282	0.076	0.907	0	ATP5MG	c4
8.48891114824986e-259	-3.12643741329855	0.013	0.322	2.84701102090004e-254	MT1F	c4
0	-3.12341298448192	0.04	0.7	0	SLC25A5	c4
0.00236977725508715	3.12209072986114	0.016	0.01	1	AC138969.1	c4
0	-3.12020050169232	0.067	0.887	0	TOMM7	c4
2.48178846085337e-09	-3.11976711977027	0	0.013	8.32342214001004e-05	F8A1	c4
0	-3.11839796657219	0.035	0.669	0	SELENOK	c4
6.94662265503105e-10	-3.11644836049752	0.001	0.015	2.32975830604431e-05	TRAV27	c4
5.3976384287412e-206	-3.11557910580092	0.015	0.275	1.81025997623122e-201	MT1E	c4
0	-3.11235196443689	0.392	0.989	0	TMSB4X	c4
1.11229184528288e-106	-3.10686520863878	0.004	0.149	3.73040439070974e-102	BOLA3	c4
0	-3.10254035842202	0.146	0.978	0	RPS5	c4
5.03830756976207e-05	3.09757178290894	0.023	0.014	1	C3orf62	c4
8.87590315976301e-08	-3.09656076731159	0	0.01	0.00297680040172132	OSCP1	c4
0	-3.09414155220643	0.238	0.992	0	RPL35A	c4
0.000158052368521615	3.08900949321309	0.019	0.011	1	ZBTB37	c4
3.27108945788041e-05	3.08541569799122	0.035	0.024	1	STARD9	c4
0	-3.07951740044994	0.033	0.667	0	GNG5	c4
0	-3.07898537348873	0.065	0.831	0	SOD1	c4
0	-3.07777645472278	0.286	0.992	0	RPS3	c4
5.6682001675879e-11	-3.07560257146121	0.003	0.019	1.90100097220563e-06	TRBV7-6	c4
2.1629189838896e-10	-3.07377512535728	0.001	0.016	7.25399768816893e-06	TRBV6-1	c4
0	-3.05863454517463	0.016	0.426	0	MRPL51	c4
0	-3.05139977243612	0.019	0.503	0	NOP10	c4
0.0320055505572991	3.04636617288515	0.01	0.007	1	ERP27	c4
2.08806451904501e-16	-3.03024234115968	0.001	0.024	7.00295078397316e-12	AL136454.1	c4
0	-3.02733415802482	0.242	0.991	0	RPS23	c4
0	-3.02515350317606	0.052	0.79	0	GABARAP	c4
0	-3.02380366392058	0.019	0.446	0	NDUFC1	c4
6.85097526356487e-64	-3.0142908301977	0.014	0.114	2.29768008389439e-59	HSPA1B	c4
0.000996306799499781	3.01336897495142	0.016	0.01	1	CLDN15	c4
0	-3.01284713011689	0.033	0.596	0	TXN	c4
0	-2.99615025835962	0.335	0.994	0	RPS15A	c4
0.0421490884161152	2.99414904423751	0.015	0.011	1	MUC16	c4
0	-2.99282839740418	0.243	0.991	0	RPL18	c4
0	-2.99059380924952	0.036	0.581	0	PTPRCAP	c4
0.0128915975527729	2.99040109035176	0.01	0.007	1	TBCE.1	c4
0	-2.98709228012849	0.268	0.993	0	FAU	c4
0	-2.98496895622456	0.025	0.547	0	NDUFB4	c4
0	-2.98350189049184	0.026	0.519	0	NME2	c4
0	-2.98320218157784	0.126	0.937	0	SH3BGRL3	c4
0	-2.97758269777875	0.049	0.674	0	IFITM2	c4
2.21525626378797e-47	-2.97478850711649	0.002	0.07	7.42952645749208e-43	CETN2	c4
0	-2.96609988510547	0.077	0.888	0	COX7C	c4
0	-2.96284307199914	0.351	0.994	0	RPL30	c4
0	-2.96103562928936	0.202	0.983	0	RPL15	c4
0	-2.96030153925406	0.346	0.994	0	RPS12	c4
0	-2.95855849425384	0.018	0.46	0	ATP5PF	c4
5.99709426304354e-153	-2.95727265169339	0.006	0.206	2.01130547393954e-148	TIMM10	c4
0	-2.95557251150478	0.479	0.995	0	RPL10	c4
1.44553409791468e-234	-2.95499242943774	0.009	0.294	4.84803225758627e-230	RPA3	c4
0.00113366195510273	2.95267804318748	0.014	0.008	1	KCNC4	c4
2.81636092216644e-09	-2.95104170263641	0.001	0.013	9.44551126076179e-05	CCDC71L	c4
0	-2.95032887128457	0.06	0.835	0	OST4	c4
0.000126970549317015	2.94986142420948	0.03	0.021	1	SPPL2B	c4
0	-2.94870109903557	0.219	0.984	0	RPS29	c4
0	-2.94866157027878	0.109	0.953	0	ATP5F1E	c4
0	-2.94763355058211	0.032	0.654	0	UQCR10	c4
0.000110881395529413	2.93875564710189	0.028	0.019	1	DYNC2H1	c4
0	-2.93686024978562	0.14	0.966	0	UBA52	c4
0.000579336221989104	2.93133303047401	0.02	0.013	1	AGAP6	c4
7.94905397593817e-05	2.92722613069173	0.026	0.017	1	GIPR	c4
9.99735200611547e-50	-2.92380514488838	0.002	0.073	3.35291191581101e-45	SMIM20	c4
0	-2.92239928637989	0.018	0.405	0	C4orf3	c4
7.51531452744269e-05	2.92125434339263	0.015	0.008	1	FRMD4A	c4
0.000723277382715885	2.91824783862337	0.022	0.015	1	LINC00672	c4
6.18641067249042e-05	2.91756660899326	0.034	0.023	1	MAN2A2	c4
0	-2.91749922456521	0.033	0.57	0	HCST	c4
0	-2.91723822420235	0.305	0.993	0	RPL32	c4
0	-2.91691588117045	0.228	0.99	0	RPLP2	c4
0	-2.91217746753126	0.286	0.992	0	RPL34	c4
1.80110623452667e-10	-2.91207775125987	0.001	0.015	6.04055008935554e-06	AL121983.2	c4
0.102431438900234	2.91003002383743	0.015	0.012	1	ATP10A	c4
0	-2.90300681572941	0.059	0.806	0	COX6A1	c4
0	-2.90293325443025	0.57	0.996	0	EEF1A1	c4
0	-2.90168021286591	0.024	0.513	0	TMEM258	c4
7.79059693133638e-280	-2.90148051789928	0.025	0.361	2.61281039883159e-275	HSPB1	c4
1.94279153044463e-09	-2.89943854499932	0.002	0.015	6.51573423480521e-05	TRBV14	c4
1.02613191062763e-56	-2.89623472780773	0.003	0.084	3.44144120186294e-52	UQCRHL	c4
0	-2.89315495003925	0.137	0.962	0	UBB	c4
0	-2.88885852174373	0.016	0.389	0	MPC2	c4
0	-2.88612724632535	0.263	0.992	0	RPL18A	c4
1.49572452370297e-07	-2.88495174457939	0.001	0.011	0.00501636090759503	TRBV15	c4
1.14489920656023e-43	-2.88317192709802	0.003	0.067	3.8397629589617e-39	CHCHD4	c4
0	-2.88120993047413	0.017	0.37	0	CYSTM1	c4
0	-2.87929276449764	0.288	0.992	0	RPS7	c4
0	-2.87608940441462	0.019	0.449	0	COPS9	c4
0	-2.873935128767	0.053	0.696	0	PRDX1	c4
0	-2.86662460557306	0.04	0.707	0	COX6B1	c4
0	-2.86281519563696	0.245	0.99	0	RPS3A	c4
0	-2.86253258911365	0.036	0.532	0	HSPE1	c4
0	-2.86246288133377	0.314	0.993	0	RPS27A	c4
4.91726082600911e-06	2.85988330509822	0.039	0.026	0.164915093582694	PPP1R12B	c4
0	-2.85745161956278	0.302	0.989	0	TPT1	c4
2.48040075670494e-22	-2.85271491200394	0.001	0.033	8.31876805783704e-18	FMC1	c4
0.0937825912001263	2.84932243848624	0.01	0.008	1	RHPN1	c4
0	-2.84815320911409	0.081	0.889	0	MYL12B	c4
1.18756702806179e-07	-2.84779138044289	0	0.01	0.00398286229871362	AL445524.1	c4
8.41702064587942e-27	-2.84679563446397	0.001	0.04	2.82290038421504e-22	TCEAL3	c4
0	-2.84231595120909	0.035	0.65	0	NDUFA4	c4
0.00669473309000378	2.83968626687217	0.015	0.01	1	ACACB	c4
0	-2.83905004237671	0.037	0.646	0	NDUFA1	c4
0	-2.83700224709397	0.244	0.985	0	TMSB10	c4
3.02330181663705e-10	-2.83688742620789	0.001	0.015	1.01395496326373e-05	CCNB2	c4
0	-2.83373398628276	0.15	0.972	0	RPL36AL	c4
0.00882432152755641	2.83141900032107	0.012	0.008	1	RASA4	c4
0	-2.82887311436643	0.269	0.992	0	RPS8	c4
0	-2.82817806513444	0.301	0.993	0	RPL19	c4
3.90400137658249e-73	-2.82685324075273	0.003	0.107	1.30932398167823e-68	NUDT1	c4
0	-2.82538612904114	0.029	0.541	0	JPT1	c4
0.0848884708213636	2.82502590194591	0.01	0.007	1	AC037459.3	c4
0.00813515106985882	2.82498388774238	0.022	0.016	1	MCF2L2	c4
0	-2.82352744858294	0.222	0.989	0	RPL29	c4
0	-2.82244676205931	0.04	0.614	0	RARRES3	c4
0.00676122251192572	2.82205804878457	0.028	0.021	1	NBPF9	c4
0	-2.82183279410267	0.267	0.992	0	RPS24	c4
2.92031491487015e-157	-2.82014367674573	0.007	0.213	9.79415216149152e-153	TMEM256	c4
0	-2.81761142872181	0.015	0.384	0	DDT	c4
0	-2.81735917693906	0.018	0.405	0	SUPT4H1	c4
0	-2.81527381493838	0.134	0.962	0	RPL22	c4
0.0265520709639238	2.81359298309718	0.019	0.014	1	JRK	c4
0	-2.80731061189402	0.514	0.995	0	RPS27	c4
0.0843348383034313	2.80627434179158	0.011	0.009	1	AC139887.2	c4
5.32624730038729e-16	-2.80551473792274	0.001	0.023	1.78631681960389e-11	TIPARP-AS1	c4
0	-2.80477487345892	0.048	0.625	0	FABP5	c4
0	-2.80381767375041	0.089	0.895	0	UQCRB	c4
2.26283391346596e-61	-2.80068774764386	0.004	0.093	7.58909237898215e-57	LINC02195	c4
2.26164967626305e-138	-2.79775672324913	0.007	0.193	7.58512068425102e-134	OVCA2	c4
0	-2.79590879632094	0.035	0.63	0	RBX1	c4
0	-2.79546441185682	0.197	0.978	0	RPL9	c4
0	-2.79439724392974	0.016	0.386	0	TOMM22	c4
5.89638415488737e-20	-2.79313865948941	0.001	0.03	1.97752931786613e-15	AL441992.1	c4
1.80458077823793e-05	2.79171146820777	0.049	0.035	0.605220301405438	UBN2	c4
0	-2.79076335962764	0.056	0.69	0	CD52	c4
0	-2.79042069376405	0.11	0.885	0	S100A6	c4
0	-2.78790275736441	0.056	0.791	0	NDUFS5	c4
0.00962011118311455	2.78765322452586	0.034	0.027	1	AC245060.5	c4
5.38130753583947e-05	2.78624496353123	0.04	0.028	1	SZT2	c4
5.89829377046996e-05	2.78413175657068	0.046	0.034	1	AC245297.3	c4
0	-2.78410414264264	0.09	0.902	0	RPL7	c4
6.0672727177536e-06	2.77864199096578	0.047	0.033	0.20348419240802	USP9Y	c4
5.89864262832737e-198	-2.77229547759294	0.01	0.261	1.97828676468843e-193	NDUFB3	c4
0.0236524949243184	2.77166507526887	0.029	0.024	1	PABPC1L	c4
0	-2.77028292453094	0.175	0.932	0	FTL	c4
0.000951144762431346	2.769155364957	0.031	0.023	1	UVSSA	c4
0	-2.76754443125876	0.247	0.989	0	RPL8	c4
7.82093866151141e-101	-2.76623999587386	0.006	0.147	2.6229864082977e-96	SELENOM	c4
0.000442062620403605	2.76590051843913	0.058	0.047	1	ZMIZ2	c4
0.0194182471390121	2.76289514563453	0.018	0.013	1	TRIM73	c4
0	-2.76206035033814	0.329	0.993	0	RPL11	c4
0.0175921923203504	2.76167137268308	0.022	0.016	1	POMT2	c4
0	-2.76086128640284	0.291	0.991	0	RPL7A	c4
0	-2.75970905903579	0.049	0.747	0	COMMD6	c4
0	-2.75939247572726	0.065	0.682	0	ALOX5AP	c4
0.000221045612341982	2.75777090086128	0.038	0.028	1	SLC35A3	c4
5.24349251308569e-06	2.75661886500929	0.054	0.039	0.175856251903868	ATG16L2	c4
7.63018399527455e-100	-2.7563031081408	0.007	0.147	2.55901110833518e-95	PSMD10	c4
0	-2.75303724756098	0.188	0.975	0	RPL26	c4
0.00219418543362803	2.75284039782036	0.024	0.017	1	LRRC37A2	c4
0	-2.75251085342464	0.041	0.658	0	NDUFA6	c4
0.00768470533644678	2.74773886392909	0.017	0.012	1	CSAD	c4
0	-2.74642662878186	0.402	0.995	0	RPL28	c4
0.0098858707500326	2.74339237791941	0.04	0.033	1	TTL	c4
0.0164198931760173	2.74264743224595	0.023	0.017	1	NPIPA1	c4
0	-2.7394381093799	0.15	0.952	0	PPIA	c4
0.486680919698933	2.73778764134383	0.01	0.009	1	AC009061.2	c4
0.00021985823057683	2.73740993793947	0.044	0.033	1	PKD1	c4
0.0339148460032352	2.73610142010846	0.016	0.011	1	KIFC2	c4
0.0136547653460001	2.73567415100349	0.016	0.011	1	ZNF169	c4
0	-2.73531252489669	0.049	0.737	0	ATP5MD	c4
2.85773560183642e-185	-2.73493147113604	0.017	0.259	9.584273661439e-181	LGALS1	c4
1.35408359599716e-05	2.73354013319265	0.048	0.034	0.454132556425526	SRGAP2	c4
0.0127186654678333	2.72891131258104	0.03	0.024	1	CUL9	c4
0.0795676569750139	2.72253704689636	0.014	0.011	1	VPS9D1	c4
3.12838127705177e-74	-2.72208333885104	0.003	0.108	1.04919651269762e-69	MRPL40	c4
0	-2.72179473874935	0.066	0.808	0	ATP6V0C	c4
1.82148678911162e-288	-2.70837844801767	0.02	0.36	6.10890239332255e-284	MARCKSL1	c4
0	-2.70764315826009	0.051	0.707	0	C12orf57	c4
0.0149447459899928	2.70653409871366	0.017	0.012	1	AGRN	c4
0.0232893555386163	2.70648859949027	0.011	0.007	1	NFYC-AS1	c4
0	-2.706011822424	0.073	0.808	0	DYNLL1	c4
9.32620674809546e-05	2.70534024298499	0.034	0.023	1	ABCA7	c4
0.000381642810828264	2.70438363566955	0.061	0.049	1	CLCN7	c4
0.000897898190609681	2.70030795331391	0.047	0.037	1	DGKH	c4
0	-2.69200373362181	0.211	0.986	0	RPL36	c4
5.40974878661116e-25	-2.69161063276955	0.001	0.037	1.81432154805365e-20	HIST2H2AA4	c4
0	-2.68912535477774	0.314	0.993	0	RPL12	c4
0	-2.68607600635324	0.042	0.664	0	NDUFB11	c4
1.76253496377678e-06	2.68449808884544	0.086	0.068	0.0591118976151457	PI4KA	c4
0	-2.68220988505887	0.275	0.991	0	RPS21	c4
0	-2.68164705161301	0.237	0.979	0	RPS16	c4
0.0455259555137623	2.67741853027696	0.013	0.01	1	LINC00921	c4
0	-2.67527144485465	0.198	0.984	0	NACA	c4
0.00151144080051645	2.67318646484443	0.056	0.046	1	EHBP1L1	c4
0	-2.67137981238633	0.02	0.412	0	ANAPC11	c4
0.287558936720946	2.6711071433874	0.01	0.008	1	AC092747.4	c4
0	-2.66971258218084	0.247	0.983	0	RPL23A	c4
2.27086044130368e-52	-2.66911312373701	0.003	0.08	7.61601174804429e-48	DNLZ	c4
1.51271432198569e-16	-2.66809702489484	0.001	0.024	5.07334129307561e-12	DNAJC25-GNG10	c4
9.91705021106735e-73	-2.66295475470788	0.005	0.11	3.32598029978777e-68	MLF1	c4
0	-2.66294785567751	0.189	0.982	0	RPL24	c4
0	-2.66222296909607	0.273	0.991	0	RPL37	c4
0.00755425862148602	2.65695830404618	0.04	0.032	1	TEP1	c4
0.0500764446927296	2.65528840480462	0.013	0.01	1	AC010618.3	c4
1.82181801431527e-11	-2.65424370979283	0.001	0.016	6.11001325641054e-07	SPATC1L	c4
3.22546243660518e-34	-2.65409723669912	0.002	0.051	1.08175559198865e-29	CTNNBIP1	c4
8.88677413835482e-05	2.64934721928876	0.074	0.061	1	TTLL5	c4
0.024442197190024	2.64920095090192	0.027	0.021	1	DGKQ	c4
0	-2.64797634273461	0.105	0.888	0	CALM2	c4
4.57456019181021e-298	-2.64702889406827	0.018	0.365	1.53421599712931e-293	MRPL54	c4
0.000168607321531643	2.64661493304684	0.076	0.064	1	ATAD3B	c4
0	-2.6443047404975	0.029	0.517	0	ROMO1	c4
1.50524966895681e-08	-2.64331191703567	0	0.011	0.000504830633974734	FKBP1C	c4
1.23959257208829e-96	-2.64197086590916	0.006	0.141	4.15734556826972e-92	MRPL11	c4
4.70799884974404e-06	2.64169043644096	0.068	0.052	0.157896865422716	DIP2B	c4
0.0367758335743502	2.6386584500873	0.029	0.024	1	PLA2G6	c4
0	-2.6370662937144	0.256	0.989	0	RPL14	c4
0.031580328550255	2.63690320657594	0.024	0.019	1	ABCA5	c4
2.70966679714129e-173	-2.63586910910087	0.011	0.238	9.08768050425247e-169	LSM3	c4
6.70757981269292e-75	-2.63544543693789	0.004	0.11	2.24958811758095e-70	PCBD1	c4
7.16611135489287e-09	-2.63467406957213	0.001	0.013	0.000240337042620397	TRAV26-1	c4
0.00606598654754805	2.63431587664373	0.03	0.023	1	MROH1	c4
0	-2.6341571703748	0.161	0.963	0	CFL1	c4
5.2106176528757e-45	-2.63403342623525	0.005	0.072	1.74753694842145e-40	FNDC9	c4
0	-2.63291508312734	0.076	0.813	0	SLC25A6	c4
0	-2.63286923362238	0.118	0.926	0	H3F3A	c4
1.45980816407271e-05	2.63260527295172	0.093	0.078	0.489590462066704	MICAL1	c4
0.0135146629721195	2.63247475929372	0.016	0.011	1	NAIP	c4
0.00103486661020317	2.63221615293885	0.045	0.035	1	TECPR1	c4
0	-2.6308930905535	0.193	0.978	0	RPL5	c4
0.027610516583941	2.62839746555988	0.031	0.025	1	LZTR1	c4
0.000417418586198577	2.62613743259832	0.052	0.041	1	C20orf194	c4
4.311161777719e-09	-2.62591212816336	0	0.012	0.00014458774370114	CDC45	c4
0	-2.62177062245256	0.112	0.853	0	IFITM1	c4
7.30554361711512e-137	-2.62137079948663	0.025	0.221	2.45013321830807e-132	XCL2	c4
0	-2.62104370491842	0.02	0.393	0	POLR2K	c4
3.58376365109345e-239	-2.62076196243991	0.014	0.307	1.20192265330372e-234	LSM2	c4
0	-2.61900610913071	0.266	0.985	0	RPS6	c4
0	-2.61666559892278	0.032	0.548	0	NDUFB2	c4
0.200889080144031	2.61463154967455	0.014	0.012	1	ADHFE1	c4
7.06888443736798e-16	-2.61395709155621	0.001	0.024	2.37076246260447e-11	BASP1	c4
0.00760242947157122	2.61315905250425	0.037	0.029	1	SLC8B1	c4
0.00234231956563739	2.61310121486049	0.07	0.061	1	TEPSIN	c4
0.488405008701442	2.61261970786191	0.014	0.013	1	IFT122	c4
0.000831919571970128	2.61177180981232	0.041	0.031	1	TET3	c4
1.44314100492051e-255	-2.61116681112004	0.016	0.324	4.84000630230242e-251	LSM10	c4
0.208871506864087	2.61024905243864	0.014	0.012	1	GEN1	c4
0.0181021333029948	2.60917764827756	0.04	0.033	1	ZNF316	c4
0.0342893499998674	2.60862800574693	0.025	0.02	1	RAB11FIP3	c4
0	-2.60806158921118	0.031	0.434	0	STMN1	c4
3.38957578597341e-303	-2.60733332143398	0.022	0.376	1.13679592709976e-298	DAD1	c4
0	-2.60647160264766	0.025	0.452	0	TSPO	c4
0.0125270966520663	2.60343304071504	0.038	0.031	1	SLC26A11	c4
0.150892885199609	2.60163528191852	0.014	0.011	1	DPY19L3	c4
1.64796470151305e-06	-2.59983886847935	0.001	0.01	0.0552694401593447	TRBV12-5	c4
0.0120087518043939	2.59833104509469	0.04	0.033	1	MBTD1	c4
0.0572071953525559	2.59464855797119	0.015	0.011	1	PLCH2	c4
3.33566845742623e-145	-2.59313759576854	0.009	0.203	1.11871648725161e-140	PTRHD1	c4
0.00402326722973438	2.59300594898571	0.034	0.026	1	ERC1	c4
6.77277318596687e-82	-2.58957567739321	0.006	0.124	2.27145267110957e-77	B9D2	c4
0.00678060594941869	2.58913476911768	0.033	0.026	1	ZNF587	c4
0.0348428722852588	2.5878313363147	0.039	0.034	1	ACAP3	c4
1.99204579603988e-11	-2.5860981359289	0.001	0.018	6.68092319075854e-07	FXYD2	c4
9.18464334065403e-49	-2.5853435275593	0.004	0.077	3.08034568358855e-44	HCCS	c4
0	-2.58415675129334	0.048	0.701	0	ATP5MC3	c4
0.0193418029035115	2.58393034075414	0.031	0.025	1	RALGAPA2	c4
0	-2.58107477273299	0.02	0.396	0	TXNDC17	c4
0	-2.57912968993177	0.221	0.984	0	SRGN	c4
4.04357810691267e-05	2.57629861363838	0.082	0.068	1	CCDC84	c4
1.04207553989912e-41	-2.57477603260018	0.002	0.063	3.49491294571367e-37	PPIL1	c4
9.62889112584754e-83	-2.57107238051586	0.006	0.124	3.22933750578675e-78	MRPS14	c4
0.000358461408128304	2.5695679879403	0.064	0.052	1	FAM160B2	c4
0.00627490827731378	2.56918684832192	0.052	0.043	1	GSE1	c4
0	-2.56864934879453	0.051	0.712	0	SNU13	c4
0	-2.56761656054288	0.032	0.55	0	SUMO1	c4
0.468132982527018	2.56212212989342	0.024	0.022	1	CARMIL2	c4
0.000647676036457162	2.55931675488103	0.094	0.084	1	TSC2	c4
0	-2.55897609746129	0.123	0.928	0	PPDPF	c4
0.0339791228076351	2.55771936464004	0.035	0.029	1	LSS	c4
0.197247697096764	2.55764097735716	0.023	0.02	1	GTF2IRD2	c4
0	-2.55763304332568	0.143	0.95	0	RPL27	c4
0.513245948035007	2.55745630803898	0.011	0.01	1	COL6A3	c4
0.0403804561058688	2.55687230576085	0.045	0.039	1	PGAP1	c4
1.48746007153343e-05	2.55445632283678	0.088	0.073	0.498864358790881	KMT2D	c4
0.0820699353644381	2.55403367277325	0.028	0.024	1	DDX51	c4
4.51337822491941e-249	-2.55342777887901	0.034	0.348	1.51369678907347e-244	KLRB1	c4
3.33435427602282e-42	-2.55267511513697	0.007	0.072	1.11827573709253e-37	KRT86	c4
0	-2.55228011039761	0.024	0.451	0	COX17	c4
0	-2.55071882683616	0.029	0.483	0	NDUFB9	c4
0	-2.54992145386643	0.025	0.493	0	SF3B5	c4
0	-2.54981201872535	0.044	0.644	0	HIGD2A	c4
3.74619142417438e-34	-2.54786337067172	0.002	0.052	1.2563976798396e-29	IFI27L1	c4
0	-2.54694199092162	0.086	0.764	0	H2AFZ	c4
0.244763565010858	2.54640769590661	0.012	0.01	1	ZNF814	c4
0.300821863053092	2.54634154688281	0.01	0.008	1	TBKBP1	c4
0	-2.54463937869322	0.291	0.987	0	RPS18	c4
1.29912988999829e-60	-2.54041421837284	0.004	0.093	4.35702182507628e-56	PYCARD	c4
0.00402403314666863	2.53922543336558	0.061	0.052	1	SLC35E2B	c4
0.516095885288535	2.53915028442898	0.013	0.012	1	LRP8	c4
0	-2.53914875793568	0.026	0.503	0	NDUFAB1	c4
0	-2.53898731380978	0.101	0.861	0	CLIC1	c4
6.25763165973146e-32	-2.53868429859944	0.002	0.049	2.09868450604074e-27	CDKN2C	c4
0.0409180321415966	2.53806802608627	0.039	0.034	1	AC005261.1	c4
1.6181565138355e-05	2.53764768884842	0.085	0.07	0.542697331610151	VPS13D	c4
0	-2.53638195500738	0.048	0.573	0	HIST1H4C	c4
0	-2.53509777810392	0.272	0.985	0	RPLP0	c4
0.181589060399229	2.53468859891681	0.022	0.019	1	CRAMP1	c4
0	-2.533567832142	0.04	0.672	0	SNRPG	c4
0	-2.53225597986274	0.321	0.989	0	RPS2	c4
0	-2.53216224087729	0.122	0.918	0	SUMO2	c4
0	-2.53074550725544	0.269	0.989	0	RPL6	c4
7.06306719973937e-170	-2.52835985380523	0.011	0.234	2.36881147744859e-165	CHCHD10	c4
1.20581697408773e-14	-2.52713178314702	0.001	0.022	4.04406896769541e-10	TMEM251	c4
3.35370891895557e-131	-2.52643672135546	0.008	0.186	1.12476689723932e-126	COMMD8	c4
1.9984322472999e-282	-2.525602368326	0.017	0.35	6.70234207099442e-278	C14orf119	c4
0	-2.52459006136233	0.027	0.488	0	TBCA	c4
0.470105464368078	2.52179635167623	0.013	0.012	1	C1RL	c4
0.204263163637442	2.52116417621662	0.02	0.017	1	AC005332.7	c4
0	-2.52115623288171	0.07	0.819	0	SNRPD2	c4
0	-2.51551371686289	0.275	0.984	0	RPS25	c4
0.625059579734985	2.51542904650709	0.025	0.024	1	AC017002.1	c4
0	-2.51477991629852	0.039	0.603	0	WDR83OS	c4
0	-2.51379753179853	0.02	0.388	0	NDUFA2	c4
0	-2.51205165776392	0.223	0.976	0	RPL21	c4
5.64310998511926e-18	-2.51124139566755	0.005	0.033	1.8925862268093e-13	TRBV29-1	c4
0	-2.50928197394489	0.107	0.889	0	EEF1B2	c4
1.30923443459639e-05	2.50828609208145	0.141	0.131	0.439091044674937	AP1G2	c4
2.02561341824795e-103	-2.50691411862649	0.007	0.152	6.79350228211998e-99	TMEM14C	c4
0	-2.50630177636457	0.379	0.994	0	RPS26	c4
5.31359576468707e-46	-2.50557922082788	0.003	0.071	1.78207374756075e-41	GEMIN6	c4
0	-2.50232117660276	0.096	0.884	0	CHCHD2	c4
1.245610035981e-08	-2.50138942559923	0.001	0.012	0.000417752693867306	AC004585.1	c4
0	-2.50111786035276	0.049	0.67	0	ATP6V0E1	c4
0.544576483956468	2.50057113922408	0.01	0.009	1	LENG8-AS1	c4
0	-2.49946378708137	0.044	0.512	0	HLA-DQA2	c4
0	-2.49857615047834	0.033	0.534	0	GABARAPL2	c4
0	-2.49843708616842	0.114	0.904	0	PCBP1	c4
1.54786274155685e-255	-2.49688596723088	0.024	0.339	5.19122206263336e-251	LINC01871	c4
0.500233301660014	2.49548474001118	0.029	0.028	1	POLE	c4
1.16505200223194e-216	-2.49512170127688	0.015	0.286	3.90735140508549e-212	PTTG1	c4
0.0510645656580625	2.49264191092439	0.045	0.039	1	KIAA0556	c4
0	-2.49260177263488	0.199	0.659	0	CXCL13	c4
8.53775930047189e-25	-2.48853724989423	0.001	0.037	2.86339371419226e-20	FAM50B	c4
0.233146893405802	2.48734841378843	0.016	0.013	1	MANEA-DT	c4
0.796046009628951	2.48722099112636	0.019	0.019	1	KNTC1	c4
0	-2.48616156537505	0.027	0.506	0	ATP6V1F	c4
8.19622547813588e-61	-2.48335942483759	0.004	0.092	2.74885010085721e-56	GNG10	c4
4.25730592595168e-05	2.48318907718642	0.118	0.106	1	MDM4	c4
0.0507818039087088	2.48318889102709	0.047	0.041	1	ADAT2	c4
2.65148666723133e-62	-2.48285742685552	0.008	0.102	8.89255598456045e-58	NMB	c4
0.141464882679492	2.47992315552895	0.059	0.056	1	ENOSF1	c4
0.469389404154461	2.47924263908576	0.033	0.032	1	TENT4A	c4
2.91653496871931e-17	-2.47797907737133	0.001	0.026	9.78147497809081e-13	PSAT1	c4
1.16619165015379e-15	-2.47705498076937	0.001	0.024	3.91117355628577e-11	HILPDA	c4
3.93403881555908e-226	-2.47703902749206	0.014	0.295	1.3193979379622e-221	NENF	c4
0.94038730145947	2.47681775786419	0.018	0.018	1	DCUN1D2	c4
0	-2.47611456060038	0.317	0.992	0	RPS15	c4
0	-2.47535873766721	0.04	0.595	0	COX5A	c4
0	-2.47321620782574	0.173	0.947	0	PFN1	c4
0.109278087327901	2.46971031486622	0.065	0.061	1	TBC1D22A	c4
7.524083676251e-07	-2.46950970366482	0.002	0.011	0.0252342718334106	TRBV11-2	c4
0.0779367220103711	2.4690063227777	0.057	0.052	1	INTS1	c4
0.600779629773684	2.46753814206745	0.01	0.009	1	AC124312.1	c4
0.388498748757388	2.46733508345932	0.01	0.008	1	AC005332.6	c4
1.49149837327837e-05	2.46731863464428	0.119	0.107	0.500218724430101	PARP15	c4
0	-2.4662795401643	0.206	0.962	0	RPSA	c4
0.0955023543000364	2.46535581092695	0.041	0.037	1	AGO4	c4
0	-2.46533349091645	0.06	0.656	0	MYL12A	c4
0	-2.46499816047593	0.102	0.738	0	CST7	c4
0.077574635502132	2.4649194882556	0.031	0.027	1	NPHP3	c4
0	-2.46228491575143	0.022	0.449	0	ELOC	c4
0	-2.46093056820261	0.059	0.748	0	SAP18	c4
0.0527081035839413	2.46079607466008	0.028	0.023	1	OTUD3	c4
0	-2.46069484872678	0.099	0.855	0	HINT1	c4
0	-2.46048617882545	0.226	0.946	0	TAGLN2	c4
0.391252218241703	2.45914319135129	0.021	0.019	1	PATJ	c4
0	-2.45900001113819	0.384	0.993	0	RPS19	c4
2.24660459471026e-272	-2.45870283769231	0.02	0.347	7.53466248973926e-268	SMIM26	c4
0.532256117047785	2.45847372326293	0.015	0.014	1	ENGASE	c4
0.0164866707530444	2.45648338509251	0.048	0.04	1	TNPO2	c4
0.00419514043586396	2.4563416219566	0.088	0.081	1	NISCH	c4
1.7326409584599e-09	-2.45596242388344	0.001	0.013	5.81093124648282e-05	ARL4D	c4
0	-2.45549488718454	0.042	0.617	0	POMP	c4
7.03715993553156e-189	-2.45382396667271	0.012	0.254	2.36012269917858e-184	TIMM13	c4
0.186435664233411	2.45185513732854	0.032	0.029	1	INVS	c4
0.302330861637561	2.45179623419707	0.022	0.02	1	PHKA2	c4
0.388518831570443	2.45016074049169	0.01	0.008	1	TMEM86B	c4
0.345402110395449	2.4490206275451	0.039	0.037	1	CCZ1	c4
0	-2.4488214575009	0.34	0.986	0	ACTB	c4
0.945841829395167	2.44619686842535	0.012	0.012	1	NACC2	c4
0.024371104414541	2.44566821497801	0.062	0.056	1	MDN1	c4
0.412336458627663	2.44339038204596	0.03	0.029	1	TMEM94	c4
0	-2.44161077121819	0.047	0.696	0	POLR2L	c4
0.508942153517831	2.4407677137109	0.025	0.024	1	ARL10	c4
0	-2.4407382361141	0.11	0.9	0	SRP14	c4
2.13283621385209e-291	-2.43977533521095	0.02	0.363	7.15310609401715e-287	NDUFB6	c4
0.427125020509811	2.43810657798969	0.014	0.012	1	LINC00893	c4
0.10855266833348	2.43721910223856	0.047	0.043	1	VPS8	c4
7.77610045441762e-175	-2.43626447825783	0.011	0.24	2.60794857040258e-170	LAGE3	c4
0.00194508711551777	2.43543686679936	0.134	0.131	1	LENG8	c4
0.112177031933443	2.43494476092975	0.081	0.08	1	TRIM56	c4
0.212100432253857	2.43422198819305	0.023	0.02	1	CCDC142	c4
3.15847252387087e-23	-2.43288092057458	0.004	0.04	1.05928851505581e-18	CCL20	c4
0.49742220007016	2.43174062082198	0.011	0.01	1	RAD52	c4
0	-2.42967116557111	0.284	0.979	0	RPL3	c4
1.86249419136428e-248	-2.42966188324984	0.016	0.318	6.24643301899753e-244	MRPL34	c4
0.0128402046027535	2.42925894862768	0.081	0.074	1	HTT	c4
0.287409831378651	2.42843041014286	0.045	0.043	1	SLC16A1-AS1	c4
0.545115756373429	2.42681172549967	0.017	0.016	1	PACS2	c4
0	-2.42509440352745	0.03	0.498	0	PFDN2	c4
4.0463441751461e-08	-2.42457816998531	0	0.011	0.0013570629094605	TRIM61	c4
4.2208355714733e-11	-2.42442959706898	0.001	0.016	1.41558383396071e-06	NQO1	c4
0.383623642359268	2.42330719584036	0.037	0.035	1	ANO9	c4
0.89997458639704	2.42087725608265	0.011	0.011	1	NPEPL1	c4
0.509809696153386	2.41610436820579	0.025	0.023	1	RUFY3	c4
0.128033173159009	2.41225125874494	0.049	0.045	1	ABCC10	c4
0.170241742179619	2.41223074211065	0.041	0.038	1	ANKS3	c4
0.125564828502741	2.4120175697314	0.011	0.009	1	VPS33B	c4
0	-2.41166298672597	0.038	0.593	0	UQCR11	c4
0.43417535374403	2.40968011892455	0.019	0.021	1	PIDD1	c4
6.34885552608371e-92	-2.40930716475131	0.005	0.135	2.12927916633796e-87	HIST3H2A	c4
0.712556527790444	2.408679182906	0.01	0.01	1	ZNF440	c4
0.258152424237723	2.4085420171594	0.017	0.015	1	BBS1	c4
0.258812553654436	2.40828726773657	0.016	0.014	1	PRH1	c4
0.00320925122264845	2.40818837805564	0.086	0.078	1	KDM5D	c4
9.10157980537025e-165	-2.40577015801776	0.014	0.234	3.05248783512507e-160	GCHFR	c4
0.799938222815858	2.40526407898164	0.018	0.017	1	SRGAP2B	c4
0	-2.40486928969086	0.19	0.955	0	RPL10A	c4
0.664754620881901	2.40409272817551	0.022	0.021	1	TOGARAM2	c4
0.0758537632943495	2.40387315825019	0.057	0.052	1	PHKB	c4
0	-2.40331882617393	0.238	0.975	0	RPS9	c4
8.67137957543606e-262	-2.40243990283665	0.017	0.332	2.90820728200975e-257	MRPL14	c4
0	-2.40222819904425	0.182	0.973	0	RPL35	c4
0.712458314941615	2.40211370291203	0.011	0.012	1	CIITA	c4
0	-2.40148144464124	0.14	0.946	0	RPL38	c4
0.168670146991548	2.4006108986111	0.029	0.025	1	MZF1	c4
0.288773700182375	2.40033269502362	0.039	0.037	1	CEP192	c4
7.84158803118709e-260	-2.40021021284868	0.02	0.337	2.62991179389953e-255	SMDT1	c4
0	-2.40003214679691	0.029	0.485	0	UQCRQ	c4
0	-2.3985298439835	0.04	0.61	0	UQCRH	c4
0.107524915455784	2.398283004716	0.068	0.065	1	CPSF1	c4
0.566661291619206	2.39762299391805	0.014	0.013	1	IFT172	c4
0.875135481209155	2.39755083960182	0.019	0.019	1	TLDC1	c4
0.00465021931970771	2.39677738502253	0.108	0.102	1	IKBKB	c4
0.0178040220885656	2.39574840080561	0.049	0.042	1	MTRNR2L1	c4
0.388649962409862	2.39305806583453	0.024	0.022	1	FLYWCH1	c4
0.347044169275704	2.39158011213113	0.058	0.057	1	WDR73	c4
0	-2.38924659910559	0.043	0.525	0	LY6E	c4
0.00967331585989665	2.38898918409346	0.057	0.049	1	BTBD9	c4
0.0489470785340993	2.38837242755114	0.069	0.064	1	TNRC18	c4
0.347094743644884	2.38544869594977	0.075	0.076	1	TSC1	c4
0.0865688701331773	2.38525707909717	0.06	0.056	1	SLC23A2	c4
0.0729517254822956	2.38468172377219	0.067	0.063	1	NBEAL2	c4
0.831766422313502	2.38450443052337	0.022	0.022	1	SCRIB	c4
0	-2.38428676341051	0.025	0.406	0	ATP5PD	c4
0.203337588095679	2.38416397701499	0.07	0.068	1	PCNX1	c4
9.23724827698278e-11	-2.38301102597303	0.001	0.016	3.09798832713449e-06	INKA1	c4
0.000794064754648177	2.38290836328057	0.119	0.112	1	NLRP1	c4
0	-2.38243859921801	0.229	0.977	0	RACK1	c4
0.000677829972619035	2.38216231103933	0.097	0.088	1	PDPR	c4
0.33424437419876	2.38133483191322	0.064	0.063	1	ITPR3	c4
0.451321927491836	2.3813024801446	0.027	0.025	1	LLGL2	c4
8.76416116101535e-18	-2.37981974637158	0.001	0.026	2.93932437018133e-13	AC004865.2	c4
0.109270129321094	2.37916555356557	0.068	0.065	1	INTS6L	c4
0.71368498548451	2.37902347254728	0.012	0.013	1	RFNG	c4
0	-2.37780172218479	0.417	0.994	0	RPL13	c4
4.38429728304157e-75	-2.37709192906397	0.019	0.138	1.47040562278648e-70	XCL1	c4
0.848160747685178	2.37627441836696	0.011	0.011	1	BIVM	c4
7.10801275035879e-13	-2.37574435660538	0.002	0.02	2.38388531621533e-08	TRBV7-3	c4
4.7759057976243e-08	-2.37555831371296	0.001	0.012	0.00160174328640724	TRAV35	c4
0	-2.37492685731926	0.028	0.477	0	TOMM5	c4
0.845767803566935	2.37463556910024	0.012	0.012	1	AC008764.8	c4
0.432935315201822	2.37241206871411	0.034	0.032	1	LRSAM1	c4
0.910149398816192	2.37186927283555	0.012	0.012	1	AGER	c4
0.750198588441361	2.37153802091812	0.029	0.029	1	STK11IP	c4
5.01955800983405e-31	-2.37153405047299	0.002	0.048	1.68345936533814e-26	POMC	c4
0.726026019520856	2.37010604472819	0.022	0.024	1	RGL2	c4
0.194818312789761	2.36658132234654	0.028	0.025	1	PDE7B	c4
0.00178451324815797	2.36625219487183	0.092	0.084	1	ATP9B	c4
4.21073835072443e-188	-2.36585424364111	0.014	0.258	1.41219742806596e-183	PYURF	c4
0.600810118512883	2.36398792675039	0.01	0.01	1	TRIM66	c4
1.61481433010719e-72	-2.36327807082652	0.007	0.113	5.4157643003135e-68	CPNE2	c4
0.0287671211186256	2.36269603670501	0.047	0.041	1	ALMS1	c4
3.5241430864558e-141	-2.36258786954051	0.01	0.202	1.18192710833555e-136	LAMTOR2	c4
0.551357511942007	2.36033822530413	0.018	0.016	1	DMPK	c4
0.895360476151009	2.35718609818007	0.053	0.055	1	ABI2	c4
0.871330623755649	2.35694368928966	0.016	0.016	1	LRP5L	c4
0.620711001298214	2.35553890570601	0.038	0.038	1	MOK	c4
0.849973541448503	2.35527901368156	0.047	0.048	1	PNPLA6	c4
0.330174534491406	2.35492690088955	0.014	0.012	1	PAN2	c4
0.53407574912926	2.35478862538302	0.012	0.011	1	PPM1F	c4
0.866992156255135	2.35322700182192	0.029	0.03	1	RAB11FIP2	c4
0.0245674052822507	2.35310129483655	0.123	0.124	1	MYO1F	c4
0.983115883463415	2.35300745989761	0.012	0.012	1	ZNF782	c4
0.315721480785538	2.35298116874368	0.063	0.062	1	POMT1	c4
1.57545492768185e-142	-2.35193758213584	0.008	0.199	5.28376073645939e-138	MRPL15	c4
5.39124927965346e-27	-2.35189379872205	0.003	0.043	1.80811718341018e-22	FUNDC1	c4
0.30045703360224	2.35132956270633	0.043	0.041	1	ZFYVE16	c4
0.000700307259452667	2.35102223741396	0.146	0.144	1	GAK	c4
0	-2.34904290632434	0.079	0.805	0	RPL36A	c4
9.56969555459563e-154	-2.34859748255185	0.01	0.215	3.20948449510028e-149	AK6	c4
2.34492479535507e-197	-2.34600829505489	0.013	0.265	7.86440877866184e-193	MRPL36	c4
0.0731931075310479	2.3459943584932	0.108	0.109	1	MAPK8IP3	c4
0	-2.34560612370358	0.148	0.937	0	COX4I1	c4
0	-2.34282064071384	0.033	0.549	0	MAGOH	c4
0.986770119980719	2.34277642475117	0.044	0.046	1	TTC31	c4
6.94243051596856e-99	-2.34117297437145	0.007	0.147	2.32835234644554e-94	PRDX2	c4
0	-2.33986918046335	0.099	0.844	0	RPS4Y1	c4
0.407196161312992	2.33890886590063	0.026	0.024	1	TANGO6	c4
0	-2.33858036694545	0.045	0.568	0	CYCS	c4
0.899870128815692	2.33577881151438	0.014	0.014	1	APBB3	c4
0	-2.33479395213052	0.066	0.787	0	UBL5	c4
0.879500224267775	2.33367467042648	0.012	0.012	1	MAP3K12	c4
0.889203672316022	2.33328918686382	0.028	0.029	1	TBCK	c4
0.482506616408484	2.33294894146569	0.057	0.057	1	PPP1R12C	c4
0.16202564596029	2.33247073436538	0.077	0.076	1	TRRAP	c4
9.2397160798664e-08	-2.33018591301892	0.001	0.012	0.00309881597886559	TRBV7-4	c4
0.0071766596897521	2.33003209499758	0.113	0.109	1	MON2	c4
0.000473828275975837	2.32930723706052	0.122	0.114	1	UTY	c4
0.00969547390175492	2.32900621531726	0.116	0.113	1	CLASP1	c4
0.732406406257187	2.32873024068952	0.015	0.014	1	PPIP5K1	c4
0	-2.32853415695338	0.035	0.504	0	MZT2B	c4
0.569831416214762	2.32834037359887	0.069	0.071	1	ANKFY1	c4
5.80123760101289e-10	-2.32665419511924	0	0.013	1.9456190666277e-05	AC020571.1	c4
2.39515824031989e-126	-2.32624675375397	0.01	0.184	8.03288170638486e-122	THAP11	c4
0.73836698127584	2.32568436287372	0.015	0.014	1	TMOD2	c4
0	-2.32495082417791	0.052	0.691	0	TRMT112	c4
0.942666020664522	2.32467926684304	0.011	0.011	1	CASTOR3	c4
0.176427440406604	2.32380667234101	0.074	0.072	1	CTC1	c4
0.835549831349485	2.32340052615161	0.016	0.016	1	SH3PXD2A	c4
3.57349110903005e-20	-2.32235431791571	0.001	0.03	1.1984774481465e-15	NDUFA7	c4
0.562363606389041	2.32083987078871	0.028	0.027	1	HIP1	c4
0	-2.31845072967481	0.237	0.977	0	RPL37A	c4
4.98736790054438e-36	-2.31825628149971	0.004	0.059	1.67266344648457e-31	TYMS	c4
6.66244005336711e-67	-2.31782218257436	0.005	0.103	2.23444914509826e-62	NPC2	c4
0	-2.31578398447642	0.673	0.997	0	B2M	c4
0.632507991645744	2.31460550641102	0.013	0.012	1	ATP11A	c4
0	-2.3130409383366	0.032	0.497	0	ERH	c4
0	-2.31232812210462	0.041	0.592	0	ATP5MF	c4
0.70462806315158	2.3122790806474	0.047	0.05	1	TMEM181	c4
2.26166677415909e-08	-2.31209721451527	0	0.011	0.000758517802717474	C2CD4D	c4
0.922945487030375	2.31062323696078	0.019	0.02	1	ADAM28	c4
0.797006588665051	2.3100965888838	0.011	0.011	1	C1RL-AS1	c4
0	-2.30950761667732	0.121	0.898	0	RAN	c4
2.45468948701647e-306	-2.30841410945716	0.023	0.381	8.23253760155582e-302	C4orf48	c4
2.92164307333303e-160	-2.30747713677727	0.012	0.225	9.79860653934432e-156	NDUFA8	c4
0.0427632583503473	2.30581325612095	0.112	0.113	1	DDHD1	c4
0.962106535985696	2.30578455816051	0.012	0.012	1	AP006621.3	c4
0.28119424339312	2.305394981277	0.074	0.074	1	SYNE3	c4
0.446530623395371	2.30535876917239	0.052	0.051	1	RFX3	c4
0.0226939492048559	2.30325217658574	0.098	0.095	1	FBXL20	c4
0	-2.30219913961524	0.138	0.911	0	SERF2	c4
0	-2.30211365937071	0.038	0.562	0	ATP5MPL	c4
0.238641444293879	2.30208973903778	0.035	0.032	1	BBS9	c4
0.00159369369878187	2.3019485047235	0.155	0.158	1	NFATC2IP	c4
2.08509700653043e-05	2.3018779017478	0.159	0.153	0.699299834050175	VPS13C	c4
0.716862633781762	2.3002287800119	0.056	0.057	1	ST8SIA1	c4
0.323753054739308	2.29832469599735	0.049	0.048	1	ZBTB40	c4
0.285024948073487	2.29792732151231	0.121	0.13	1	GPATCH2L	c4
0	-2.29763699949367	0.034	0.498	0	UXT	c4
0.149973497737577	2.29740873492731	0.117	0.122	1	NLRC3	c4
0	-2.29637663711476	0.035	0.495	0	ATP5PB	c4
0.597868994190015	2.29555867073902	0.033	0.032	1	ZFYVE26	c4
8.80357082072973e-104	-2.29496321179879	0.007	0.152	2.95254158185634e-99	COA3	c4
0	-2.29418168202892	0.042	0.542	0	RGS10	c4
0.982489092263351	2.29139320567278	0.011	0.011	1	MORC2	c4
0.50244790721161	2.29103439104771	0.019	0.021	1	CARM1	c4
0.484619458982489	2.2903120800637	0.04	0.039	1	LRIG2	c4
0	-2.29030479984899	0.029	0.436	0	UBE2L6	c4
1.24222990116225e-94	-2.28974635513725	0.007	0.141	4.16619064251795e-90	DUSP14	c4
0.240660814518189	2.28871791760419	0.041	0.048	1	ZNF37A	c4
0.494710874369345	2.28698969647029	0.031	0.029	1	TMEM168	c4
3.18133784575625e-135	-2.28672545378009	0.01	0.195	1.06695708670973e-130	FAM162A	c4
0.610542948673015	2.28578539627714	0.076	0.079	1	PLEKHG2	c4
0	-2.28541136870322	0.198	0.965	0	OAZ1	c4
0.889098864771388	2.28489027650659	0.012	0.013	1	PDE8A	c4
0.896526403386822	2.28438354372101	0.017	0.016	1	ZNF783	c4
0.514248056242311	2.28390903668137	0.035	0.034	1	WDR7	c4
0.561878499721056	2.28378569246252	0.013	0.012	1	MYO1D	c4
6.71879239911117e-62	-2.28304651744079	0.005	0.096	2.2533485948139e-57	PARD6A	c4
0.738851396904557	2.28212493458489	0.01	0.011	1	PLEKHA5	c4
0.152832606745092	2.2805745753902	0.095	0.096	1	ENTPD4	c4
0.638244543497208	2.28023623667411	0.016	0.015	1	PLXDC1	c4
0.99965562980942	2.27925838090509	0.031	0.032	1	SLC11A2	c4
4.97590031505996e-20	-2.27884729348085	0.002	0.031	1.66881744766481e-15	SFR1	c4
1.77046250224605e-158	-2.27864576373087	0.023	0.242	5.93777714003279e-154	AL133415.1	c4
0	-2.27795440812025	0.025	0.426	0	SS18L2	c4
6.58141648217147e-09	-2.27652462154274	0.001	0.013	0.000220727545979067	NSG1	c4
0	-2.27644641202496	0.123	0.895	0	SUB1	c4
0.598797982383224	2.27521699066223	0.077	0.08	1	PCNT	c4
0.652577799381244	2.27455733498588	0.032	0.032	1	TAF1C	c4
0.552060589607918	2.27409277568421	0.038	0.042	1	MTHFR	c4
0.38087030710442	2.27387049837796	0.01	0.012	1	PLCB3	c4
0.984746904137823	2.27383078115414	0.047	0.049	1	HMBOX1	c4
0.0987467984612806	2.27330434525568	0.012	0.016	1	CHTF18	c4
0.881866595756162	2.27045090702193	0.016	0.016	1	PIAS2	c4
0	-2.27014418641547	0.079	0.619	0	HLA-DRA	c4
0.389363084697605	2.269781235389	0.031	0.035	1	PPP1R3E	c4
0.50338788797711	2.26974616752803	0.06	0.067	1	CDK10	c4
0.583548609247335	2.2696952107519	0.038	0.041	1	CNTROB	c4
0.8561678229212	2.26913048148121	0.015	0.014	1	SLX4	c4
0.562577454185171	2.26883088063757	0.064	0.065	1	CCDC141	c4
3.42460269703612e-124	-2.26869253812483	0.009	0.179	1.14854325253197e-119	SMIM37	c4
0.664475672057942	2.26763149265197	0.018	0.02	1	MFSD4B	c4
0.425204200355306	2.26743702545905	0.032	0.031	1	ATP8B2	c4
0.979811824045286	2.26630275041187	0.019	0.019	1	U2AF1L5	c4
0	-2.26596823222085	0.445	0.986	0	GAPDH	c4
0.414222165073023	2.26423761665108	0.013	0.012	1	RREB1	c4
0.571205080145148	2.26303258814069	0.083	0.087	1	CENPT	c4
0.309930224566669	2.2625826477799	0.058	0.057	1	VPS13B	c4
0	-2.26163013862467	0.021	0.389	0	SNRPC	c4
0.53372010624316	2.26084717630587	0.012	0.014	1	Z93930.2	c4
0.893310038208823	2.26069053066101	0.018	0.019	1	LINC00954	c4
0.886421696233719	2.25966321571661	0.047	0.05	1	UAP1L1	c4
0.13222489405805	2.25902201463606	0.055	0.051	1	BRWD3	c4
0.986265070051027	2.25901267283117	0.012	0.012	1	ZNF785	c4
0	-2.25798926493414	0.03	0.483	0	BRK1	c4
3.24446329071467e-203	-2.25719529478624	0.015	0.274	1.08812809843988e-198	ALKBH7	c4
0.642042358177574	2.25589058321017	0.064	0.066	1	TOP3A	c4
0.835234295257842	2.25579311177626	0.059	0.063	1	DOPEY2	c4
0.815602335804495	2.25533881294263	0.039	0.042	1	MIGA2	c4
0	-2.25503733803212	0.035	0.494	0	NDUFB10	c4
0.976852707314996	2.25437303128938	0.052	0.055	1	DOT1L	c4
0.882164263099152	2.25387835251439	0.032	0.034	1	DEPDC5	c4
0	-2.25329729406018	0.066	0.729	0	SEC61B	c4
0.63113044847952	2.25327877948268	0.011	0.012	1	ELMO3	c4
0.84497096317633	2.25275989020709	0.012	0.012	1	KAT2A	c4
0.924530274443584	2.25242870806655	0.078	0.084	1	VPS53	c4
1.13735299749979e-67	-2.25205041488441	0.005	0.104	3.81445448301478e-63	GLRX	c4
0.425210763999085	2.25190932590607	0.014	0.013	1	CPEB3	c4
0.75719100820054	2.25188570633575	0.061	0.066	1	UNKL	c4
0.303201633156993	2.25155534110151	0.121	0.13	1	NBPF19	c4
8.630594666556e-23	-2.2502948719271	0.002	0.036	2.89452883926955e-18	AL138724.1	c4
0.389019223970855	2.24916300749122	0.048	0.047	1	SCUBE1	c4
1.28955839850213e-199	-2.24891363057427	0.012	0.266	4.32492095689644e-195	CDC26	c4
2.58797968537271e-12	-2.24885708522473	0.006	0.028	8.679566268803e-08	TRBV12-4	c4
0.716964160744614	2.24779045858176	0.009	0.01	1	DPY19L4	c4
8.75691109751695e-23	-2.24763737602852	0.008	0.046	2.93689284388523e-18	TRBV6-5	c4
0.276867789955667	2.2444255838411	0.02	0.024	1	GABPB2	c4
4.52200569045851e-14	-2.24420651932708	0.001	0.02	1.51659026846597e-09	TREX1	c4
0.912368855293612	2.24409438679851	0.048	0.049	1	DDX11	c4
0.253783200324681	2.2440441449228	0.021	0.024	1	AC060780.1	c4
9.25961444968581e-244	-2.24325121938731	0.021	0.324	3.10548949413563e-239	FDX1	c4
3.69096564112938e-305	-2.24180628503546	0.035	0.402	1.23787605672197e-300	GZMA	c4
6.48680710514324e-63	-2.24095415192133	0.006	0.098	2.17554536692294e-58	AC022706.1	c4
0	-2.24073115129186	0.035	0.548	0	PSMB3	c4
0.126463817194583	2.24024451670219	0.12	0.125	1	DGKA	c4
0.954120456820569	2.23967560402492	0.026	0.027	1	SLC35E2A	c4
0.0157679483586178	2.23814589127115	0.141	0.144	1	CHD3	c4
0.470779598680818	2.23661046651765	0.013	0.015	1	ZNF700	c4
8.08877464845063e-84	-2.23646238565736	0.023	0.154	2.71281324159737e-79	TRBV27	c4
0.391114413960862	2.23430572334499	0.019	0.017	1	ATRN	c4
0	-2.23400809387313	0.054	0.685	0	ATP6V1G1	c4
0.613565415908186	2.23392276878034	0.07	0.073	1	SUN1	c4
1.05246264355958e-194	-2.23155212445113	0.013	0.264	3.52974921397013e-190	FUNDC2	c4
0.599332542107791	2.23063191482439	0.018	0.017	1	WDR81	c4
0.920099977235234	2.22825164425382	0.015	0.014	1	PLXNA1	c4
0	-2.22654602061504	0.13	0.935	0	RPL31	c4
0.511140880974697	2.22495038268316	0.036	0.04	1	ARHGAP21	c4
0.951336799238881	2.2248401183117	0.025	0.026	1	RALGPS1	c4
0	-2.22206849640832	0.046	0.578	0	SEM1	c4
1.37998444346433e-68	-2.22118919799539	0.006	0.106	4.62819182649068e-64	SCO2	c4
1.9115077191994e-21	-2.22092134730619	0.002	0.033	6.41081458865095e-17	QDPR	c4
0.974288984114379	2.21974120121663	0.029	0.029	1	AC097376.2	c4
0.73846079137312	2.21911641862874	0.085	0.09	1	PACS1	c4
1.68061144526031e-58	-2.21772735663145	0.005	0.091	5.63643466511402e-54	HMGB3	c4
0.414290530887177	2.21728577065796	0.009	0.011	1	ARHGAP33	c4
0.531261324824043	2.21668871817158	0.079	0.082	1	KLHDC4	c4
2.04108420240614e-72	-2.2162730229803	0.005	0.109	6.84538819802971e-68	NDUFC2	c4
0.574247008658213	2.21621437364388	0.032	0.035	1	CARS2	c4
2.88095966870579e-210	-2.21609947874127	0.021	0.292	9.66216253690548e-206	LYSMD2	c4
0.734234460811559	2.21579897920732	0.015	0.016	1	CPLANE1	c4
0.326483684750807	2.21577918426376	0.025	0.029	1	MYO18A	c4
0.436694172790067	2.21539371761293	0.041	0.046	1	SCAI	c4
0.777526576031583	2.21457017149216	0.012	0.013	1	MTX3	c4
0.383682223653717	2.21374822231867	0.03	0.034	1	CLN3	c4
1.49436249521727e-70	-2.21287857484165	0.005	0.107	5.01179293645967e-66	CKS1B	c4
0	-2.21229016229485	0.192	0.953	0	NPM1	c4
0	-2.21194182556634	0.427	0.994	0	PTMA	c4
7.92832485804242e-64	-2.21047013194635	0.006	0.1	2.65900159089027e-59	SLC25A4	c4
0.232699996477215	2.21007865273655	0.083	0.084	1	AVL9	c4
0.678913448589792	2.2099427458846	0.075	0.079	1	ANKRD52	c4
0.317443310290588	2.20926777090152	0.108	0.114	1	KIAA1468	c4
0.607770470452387	2.20917609178937	0.018	0.02	1	ZNF544	c4
0	-2.20897072830193	0.212	0.968	0	MYL6	c4
0.818898210834647	2.20895058350816	0.025	0.027	1	CLCN6	c4
0.471574752874916	2.20828654036935	0.061	0.061	1	MYO9A	c4
0.639949871798192	2.20806188945114	0.015	0.016	1	ZNF248	c4
4.16974936571475e-280	-2.20790277061074	0.024	0.361	1.39845054227341e-275	OSTC	c4
0.0653146188453627	2.2078682375983	0.13	0.135	1	EHMT1	c4
0.796769622973169	2.20716710938597	0.027	0.028	1	SPICE1	c4
0.148202345617583	2.2065140162785	0.025	0.03	1	HAUS5	c4
3.27921496194205e-295	-2.20647300936691	0.025	0.377	1.09978311393612e-290	NEDD8	c4
1.98320449276656e-11	-2.20628617999142	0.001	0.016	6.6512712278405e-07	TNFAIP8L2	c4
0.487776276988801	2.20569734016949	0.033	0.032	1	TMEM161B	c4
0.250682998164376	2.20552208533587	0.069	0.081	1	TYK2	c4
0.2473272884788	2.20503267503331	0.165	0.186	1	CDK5RAP3	c4
0.687901787196999	2.20492813331595	0.091	0.098	1	IPO9	c4
0	-2.20489741965215	0.076	0.574	0	LINC02446	c4
0	-2.20422084872079	0.044	0.615	0	C19orf53	c4
0.442659820424268	2.20330412563749	0.072	0.082	1	SYMPK	c4
0.00645473868574872	2.20153444860655	0.138	0.139	1	NPC1	c4
0.700749612357733	2.20069276974486	0.029	0.031	1	PLD2	c4
0.117636979486738	2.20048287210369	0.109	0.111	1	SLFN12L	c4
0.000163679469510917	2.19874785261814	0.186	0.192	1	KMT2C	c4
0	-2.19727115656022	0.036	0.515	0	NDUFA3	c4
0.740460066011885	2.19692890021233	0.026	0.028	1	NAPB	c4
4.73755900739311e-127	-2.19681576783317	0.009	0.184	1.5888825398995e-122	ABHD14B	c4
1.3364301000909e-307	-2.19594303329432	0.022	0.382	4.48211926968485e-303	AP2S1	c4
0.680826375780759	2.192867172672	0.037	0.037	1	ZMYM6	c4
0	-2.19197010755425	0.048	0.612	0	SPCS1	c4
0.414572506581019	2.19169897039526	0.067	0.068	1	SHPRH	c4
0.594151994746023	2.19157912574531	0.093	0.099	1	ANKRD36B	c4
3.87052794845812e-40	-2.19125423998241	0.003	0.063	1.29809766335388e-35	MAP1LC3B2	c4
0.44279894676468	2.19121020988175	0.009	0.01	1	NEURL4	c4
0.932652862315789	2.19107388585776	0.085	0.092	1	KMT2B	c4
3.41639904126805e-65	-2.18950798873456	0.005	0.1	1.14579191046048e-60	SMIM27	c4
1.18490998569933e-155	-2.18817924922077	0.011	0.22	3.97395111003841e-151	HSD17B10	c4
0.461769990320023	2.18739821403087	0.015	0.017	1	MMS22L	c4
0.176615623917385	2.18708516594702	0.164	0.184	1	TMEM259	c4
0	-2.18567819730683	0.035	0.508	0	RSL24D1	c4
0.450463978984807	2.1855948475726	0.086	0.09	1	SMURF2	c4
2.76669015219474e-115	-2.18541938864872	0.01	0.172	9.27892543243071e-111	NAA38	c4
0.631391020057792	2.18514617747455	0.014	0.015	1	PRDM15	c4
0.566960314130877	2.18481069812027	0.041	0.045	1	TOM1L2	c4
0.568334032435061	2.18390847781849	0.014	0.013	1	KANTR	c4
7.27689056599205e-156	-2.18346446454466	0.012	0.222	2.44052355802241e-151	TIMM8B	c4
0.994626882990892	2.18239622174609	0.033	0.034	1	EPG5	c4
0.558978390669304	2.18208246563668	0.021	0.02	1	ATXN7.1	c4
0.961015846632209	2.18009526993015	0.059	0.062	1	CLEC16A	c4
2.98861505343811e-288	-2.17871364243106	0.02	0.361	1.00232171662207e-283	SNRPE	c4
0.345296928401588	2.1777149595423	0.014	0.017	1	LRFN4	c4
0	-2.17656476778532	0.058	0.559	0	CTSW	c4
0.32094796935771	2.1764853894559	0.075	0.076	1	PLCXD2	c4
0.664935709401382	2.17602451005073	0.027	0.029	1	LIMD1	c4
0.88766956231471	2.17416055939287	0.043	0.044	1	HDAC4	c4
4.46908811639029e-283	-2.17300296372846	0.025	0.367	1.49884277247498e-278	RNF5	c4
0.373446489254894	2.17262193372622	0.053	0.06	1	SLC12A9	c4
0.580877538942002	2.1724715464503	0.05	0.05	1	MED13L	c4
0.374564860260923	2.17240905915857	0.044	0.05	1	HIP1R	c4
0	-2.17160534691783	0.031	0.415	0	CD48	c4
0.326074906490436	2.17119397945163	0.121	0.13	1	DMTF1	c4
0.71892268585077	2.17092020245912	0.025	0.027	1	NPHP4	c4
0.778042790419363	2.17056863051712	0.018	0.019	1	CNNM3	c4
0.501746590835951	2.17053903249176	0.061	0.061	1	UGGT1	c4
2.26186173386848e-281	-2.16920628739371	0.024	0.363	7.58583188304811e-277	MEA1	c4
0.671444293644349	2.16833553474826	0.087	0.098	1	ABCD4	c4
0.851127895045811	2.16799036579832	0.01	0.011	1	DMGDH	c4
0	-2.16742581098284	0.036	0.486	0	TMED2	c4
0.252070174565653	2.16695826882476	0.01	0.013	1	ANKDD1A	c4
0	-2.1668899833486	0.029	0.444	0	POLR2I	c4
0.344040405533355	2.16641617208009	0.112	0.119	1	ARID2	c4
0	-2.16608550076388	0.029	0.443	0	KRT10	c4
2.48170470565718e-66	-2.16562328163665	0.006	0.104	8.32314124183306e-62	AC090152.1	c4
1.08894135977582e-122	-2.16509766876229	0.009	0.178	3.65209153241613e-118	CHCHD1	c4
0.397480659062746	2.16485175490323	0.035	0.034	1	ZBED6	c4
0	-2.16459150702343	0.05	0.629	0	PSMB6	c4
0.329461813166292	2.16448680953624	0.045	0.051	1	BRF1	c4
4.62760259470014e-244	-2.16387533062806	0.02	0.323	1.55200535821053e-239	CCDC167	c4
0	-2.16329739672446	0.114	0.63	0	GZMB	c4
0.701573579005008	2.16315744736596	0.04	0.043	1	BTRC	c4
0.831555476817869	2.16290707134716	0.014	0.014	1	BCLAF3	c4
2.55672929509871e-124	-2.16250357291717	0.009	0.18	8.57475870990205e-120	MRPS24	c4
0	-2.16233629689765	0.027	0.418	0	VAMP8	c4
0.505517777385886	2.16191880224139	0.032	0.035	1	ULK1	c4
0.30827118393166	2.16156612143061	0.012	0.015	1	SFXN5	c4
2.99545438023896e-117	-2.16128443229691	0.01	0.175	1.00461549004454e-112	MRPL50	c4
0	-2.1610956318683	0.074	0.714	0	PGAM1	c4
0.84405419604024	2.16054476507176	0.083	0.089	1	MYO5A	c4
0	-2.16047688298227	0.086	0.828	0	RPS20	c4
0.0465980441728893	2.16012709221325	0.133	0.138	1	EP400	c4
0	-2.16005299320454	0.059	0.695	0	COX5B	c4
2.62721543947871e-44	-2.15965409531299	0.003	0.069	8.81115514092369e-40	EIF5A2	c4
0.341442104358032	2.15854800992383	0.011	0.01	1	LINC02099	c4
0.652618957786237	2.15836048137441	0.015	0.017	1	FAM120C	c4
0.985314125418785	2.15788949827238	0.102	0.113	1	MCM3AP	c4
0.0551475538550891	2.15619542996108	0.023	0.03	1	ZNF445	c4
0.950448793786906	2.15615097387518	0.066	0.071	1	SPG11	c4
0.571826490049711	2.15602395818795	0.009	0.011	1	UBE3D	c4
0.327743308475582	2.15510975652809	0.017	0.02	1	GTPBP2	c4
0.250746056739848	2.15480105417178	0.034	0.039	1	AGO1	c4
1.47167694271273e-161	-2.15477518718551	0.014	0.23	4.93571013046996e-157	TMEM70	c4
2.17873209001187e-21	-2.15470375169747	0.002	0.034	7.30703168348179e-17	ENDOG	c4
0.448942859501333	2.15369504539967	0.017	0.019	1	ABCC5	c4
0.635732112756797	2.15334974446615	0.035	0.038	1	INTS3	c4
0.16158392491775	2.15326998339835	0.024	0.029	1	USP35	c4
0.893761969040898	2.15286777992743	0.029	0.029	1	ZNF609	c4
0	-2.15256542308766	0.048	0.592	0	CSTB	c4
0.916403716474282	2.15206809109861	0.095	0.105	1	ZNF266	c4
9.71745895156884e-79	-2.15205967984151	0.021	0.145	3.25904138317716e-74	TRAV21	c4
3.52590211992951e-39	-2.15200456261163	0.003	0.061	1.18251705298196e-34	PRADC1	c4
0.626474603603864	2.15191804823883	0.03	0.033	1	SS18L1	c4
0	-2.14820479855715	0.08	0.578	0	GZMH	c4
0.356176752980512	2.1481530824896	0.031	0.036	1	RAD51D	c4
0.405790560956654	2.14807754368437	0.024	0.027	1	TAF4	c4
0.367017856596322	2.14754328956337	0.049	0.055	1	CAPN10	c4
0.248595888319306	2.14749260661326	0.008	0.011	1	ZNF558	c4
0.373761738200429	2.14713710342985	0.133	0.145	1	PHC3	c4
0.550329757122378	2.14589229343083	0.025	0.028	1	NEMP1	c4
0	-2.14521216562127	0.084	0.722	0	GPX4	c4
0.606539751147048	2.14380615129429	0.065	0.072	1	PIKFYVE	c4
0.931631632871323	2.14313970170561	0.094	0.104	1	WDR59	c4
0.602478596046021	2.14313239687587	0.028	0.03	1	ZNF621	c4
0.485194052428899	2.14281974860936	0.014	0.013	1	AC136475.3	c4
0.0694963526630902	2.14234988773131	0.133	0.138	1	CCNT2	c4
0.729742761319356	2.14053240538544	0.079	0.084	1	ARHGAP26	c4
0	-2.14020533352415	0.042	0.527	0	C9orf16	c4
0.224990031113792	2.13866777289912	0.031	0.037	1	PBX2	c4
0.01907704997385	2.13864882325936	0.161	0.17	1	ZFC3H1	c4
1.50978782666501e-252	-2.13826130859152	0.023	0.336	5.06352641306911e-248	TUSC2	c4
0.312920038710155	2.13811492518773	0.061	0.07	1	KANSL3	c4
1.04534617007975e-17	-2.13768653708508	0.001	0.026	3.50588198521347e-13	AC016876.1	c4
0.556057263671316	2.13692776989639	0.087	0.091	1	HERC2	c4
0.635551123683955	2.13671140176482	0.012	0.014	1	GDF11	c4
0.000140095672661619	2.13670041713802	0.191	0.199	1	HERC1	c4
0	-2.13653744584645	0.067	0.726	0	ELOB	c4
2.63004924296395e-17	-2.13640601751622	0.001	0.026	8.8206591510525e-13	EID2	c4
1.43421405587364e-14	-2.13600780288542	0.004	0.028	4.81006710058901e-10	TRBV5-6	c4
0.653774951777982	2.13541623303449	0.045	0.049	1	ZXDC	c4
0.38009405361986	2.13506833936901	0.013	0.015	1	DNASE1L1	c4
0	-2.13491652384607	0.156	0.906	0	RPL4	c4
0.243255256505163	2.13487303600118	0.016	0.019	1	RAB4B	c4
0.477494764797987	2.13446426826041	0.033	0.036	1	FOXK1	c4
1.50908693622851e-295	-2.13373928626071	0.03	0.386	5.06117576672319e-291	GZMM	c4
0.442049091408342	2.13368826341748	0.056	0.063	1	HEXA	c4
0.680923505219674	2.1334442296635	0.009	0.01	1	DZANK1	c4
0	-2.13214016720556	0.044	0.497	0	GYPC	c4
0.0885409982013774	2.13188772132727	0.043	0.053	1	ARHGAP27	c4
0.021003720694703	2.131829051664	0.174	0.189	1	ZMYM2	c4
1.45208878130699e-133	-2.13137735623421	0.012	0.196	4.87001535474739e-129	LSM6	c4
0	-2.13137388640762	0.086	0.711	0	HLA-DPA1	c4
0	-2.1313629900784	0.207	0.936	0	HSPA8	c4
0.890332906012835	2.13060509575976	0.077	0.082	1	ZSWIM8	c4
1.35086308617473e-101	-2.13054415322247	0.008	0.152	4.5305246184128e-97	DCTPP1	c4
0.788825167565553	2.13046957875838	0.061	0.066	1	TAF1	c4
0.32382023843102	2.12981293355544	0.052	0.059	1	COG7	c4
0.60891281672868	2.12977508352514	0.01	0.012	1	QSER1	c4
0.537983228678097	2.12895327460128	0.03	0.033	1	TMEM67	c4
0.535449130135193	2.12880853826117	0.02	0.022	1	MTURN	c4
0.573639693271264	2.12807954153517	0.066	0.073	1	IRF9	c4
0.692758036725173	2.1279199666871	0.058	0.064	1	ATAD2B	c4
0	-2.12778946372609	0.045	0.559	0	EIF3E	c4
1.60660377838706e-59	-2.12775527690473	0.005	0.093	5.38822775195453e-55	TMEM203	c4
0.290900418414689	2.12699431472601	0.043	0.049	1	COLGALT1	c4
8.26017450796456e-22	-2.12698515825658	0.002	0.035	2.77029732648115e-17	ARG2	c4
4.52924114009567e-05	2.12627282594331	0.21	0.223	1	NFAT5	c4
0.433339134905268	2.1256101537052	0.014	0.016	1	AC138150.1	c4
0.466083421569425	2.12511362411331	0.063	0.071	1	MPHOSPH9	c4
0.33068125420047	2.12484196327975	0.019	0.022	1	C1orf159	c4
0.000200913011198108	2.1240428131555	0.22	0.242	1	UBR2	c4
0.725929052070657	2.12353841207761	0.086	0.096	1	CALCOCO1	c4
0	-2.1231002133298	0.115	0.836	0	CD3D	c4
8.22730512156547e-48	-2.12255572557558	0.004	0.075	2.75927359167063e-43	AP002387.2	c4
0	-2.12180947286525	0.061	0.572	0	TUBB	c4
0	-2.12163519402506	0.052	0.623	0	EIF3H	c4
0.343923880069683	2.12042370712611	0.025	0.029	1	C11orf80	c4
9.07413542559639e-192	-2.11940360455528	0.016	0.265	3.04328353903652e-187	A1BG	c4
0.802930644630076	2.11907686697337	0.109	0.123	1	HCG18	c4
0.415997449693359	2.11845343301132	0.049	0.055	1	MAVS	c4
0.662765049264568	2.11780835462206	0.012	0.013	1	USP31	c4
0.664853203136875	2.1174537056318	0.064	0.07	1	AGTPBP1	c4
0.0971786402223396	2.11723156510615	0.017	0.022	1	CEP112	c4
0.256589336119146	2.11704868402277	0.009	0.011	1	MICAL3	c4
0.706170068640595	2.11672665308001	0.022	0.023	1	MLH3	c4
0.335445303906145	2.11636471985333	0.153	0.172	1	RAPGEF1	c4
0.493125152097911	2.11599489130782	0.045	0.049	1	D2HGDH	c4
0.407145586341678	2.11546795662365	0.023	0.026	1	NOD1	c4
0	-2.11482389766587	0.037	0.522	0	MRPL41	c4
0.398038353982472	2.11415880280422	0.036	0.041	1	CCDC14	c4
0.741423656906615	2.1139546980357	0.028	0.03	1	ZNF827	c4
4.19632099051366e-39	-2.11326208276387	0.004	0.063	1.40736213379847e-34	BIK	c4
0.373440228206515	2.11157335717878	0.059	0.067	1	MFSD14C	c4
0.160217165867107	2.10951200043554	0.035	0.042	1	UBR3	c4
0.936206280147343	2.1092141300537	0.079	0.086	1	RAD9A	c4
0	-2.10819525687608	0.045	0.465	0	UCP2	c4
0	-2.10754565372175	0.035	0.432	0	PDCL3	c4
0.661810932420246	2.10634387692138	0.022	0.024	1	UHRF1BP1	c4
0	-2.10607265829034	0.214	0.938	0	ARHGDIB	c4
0.575748251978251	2.1059111123929	0.016	0.017	1	WDR19	c4
0.984084783772196	2.10583813733965	0.053	0.056	1	ZDHHC17	c4
0.838005507385611	2.10527445127111	0.042	0.045	1	GPR89B	c4
0.420766211345852	2.10503118795693	0.062	0.071	1	ARAP1	c4
0.470485223541502	2.10478771774674	0.019	0.021	1	RTTN	c4
0.306179512891986	2.10414586195175	0.019	0.023	1	C15orf53	c4
0.000273669698561918	2.10312547953222	0.245	0.279	1	AHI1	c4
0.439892773626782	2.1028938256248	0.028	0.031	1	MBD3	c4
0.23632617224358	2.10213262740525	0.066	0.077	1	FCHSD1	c4
1.26883461992738e-08	-2.1017049282616	0.001	0.013	0.000425541754831246	QPCT	c4
0.120641849096281	2.10153947837478	0.05	0.06	1	TMEM175	c4
0.884274048627543	2.10125819675186	0.098	0.107	1	KIAA0319L	c4
0.601497700614395	2.10121916017895	0.029	0.031	1	GAN	c4
0.590359100690907	2.0997985544624	0.018	0.02	1	DOCK9	c4
1.96000322638369e-200	-2.09867065493145	0.016	0.274	6.57345882064561e-196	IFI27L2	c4
0.328663291944443	2.09802144853992	0.053	0.06	1	STX16	c4
0.455543337198258	2.09801944649845	0.023	0.026	1	CAD	c4
0	-2.09774575988732	0.042	0.555	0	SF3B6	c4
0.445407069841705	2.09737741201342	0.02	0.023	1	SNX25	c4
0.187227673000938	2.09722324858697	0.03	0.035	1	HDAC6	c4
0.525408066890235	2.09719568081131	0.08	0.09	1	ZNF431	c4
0.115539237437189	2.09719130311589	0.168	0.187	1	SPEN	c4
0	-2.0966354160198	0.044	0.555	0	GHITM	c4
0.153951051866055	2.09651356314941	0.031	0.037	1	SRGAP2C	c4
0.877068625941204	2.09631824330744	0.012	0.013	1	COLGALT2	c4
0.164641132160472	2.09631468546011	0.032	0.038	1	GATD1	c4
0.453239682990351	2.09568793888483	0.02	0.023	1	AL669831.5	c4
4.40306706603845e-77	-2.09565733514447	0.006	0.117	1.47670063260798e-72	ZNF524	c4
0	-2.09536114490091	0.033	0.46	0	FKBP1A	c4
0.110651158065415	2.09447705674437	0.042	0.051	1	THADA	c4
0.110947655383726	2.09355186383835	0.041	0.049	1	INPP5E	c4
0.680158634100532	2.09284184980771	0.094	0.106	1	CEP95	c4
0.255247927364452	2.09281715805605	0.067	0.078	1	YEATS2	c4
0.743459332918089	2.09246219008831	0.01	0.011	1	PTPRF	c4
0.0336977675340521	2.09196275131923	0.204	0.233	1	CCNL2	c4
9.20949749733249e-62	-2.08990997921215	0.006	0.098	3.08868127065537e-57	TMEM101	c4
0	-2.08933542065754	0.064	0.644	0	LDHB	c4
0	-2.08895289027747	0.033	0.459	0	TRAPPC1	c4
0.0032668385202786	2.08813983411006	0.232	0.268	1	ATXN1	c4
1.35391499216164e-39	-2.08800240089622	0.005	0.065	4.5407601007117e-35	MAGEH1	c4
0.073385306837426	2.08790254035108	0.028	0.035	1	VPS52	c4
0	-2.08720027171667	0.298	0.954	0	CD74	c4
5.59295797692839e-09	-2.08641777710778	0.005	0.02	0.000187576624630224	TRBV7-2	c4
0.75818632187862	2.085638562986	0.014	0.015	1	AL139260.1	c4
1.88482938401878e-165	-2.08541907685588	0.014	0.235	6.32134078812218e-161	NHP2	c4
0.286598528940073	2.08497649365585	0.033	0.038	1	OTUD7B	c4
0.261408005042852	2.08469151911198	0.137	0.149	1	BTAF1	c4
0.303323899847619	2.08443145500695	0.016	0.019	1	CAPRIN2	c4
0.0761067292959979	2.08382205787267	0.009	0.013	1	SNHG22	c4
3.31450753478301e-16	-2.08376702947965	0.006	0.034	1.11161953701553e-11	TRBV3-1	c4
0.820645745439042	2.08317783441062	0.097	0.109	1	FAM214A	c4
0.330641055362264	2.08296590591524	0.009	0.011	1	CFAP54	c4
0.161020215284998	2.08210379025271	0.144	0.157	1	FRYL	c4
0.410080383813483	2.08187704694915	0.014	0.016	1	FOCAD	c4
0.189129330301244	2.08184285615491	0.042	0.05	1	TMEM131	c4
0.61355457173406	2.08184180240155	0.024	0.026	1	SCMH1	c4
0.0830553025980362	2.08107534609393	0.008	0.012	1	CARF	c4
0.532052208324964	2.0806115990694	0.009	0.01	1	ZNF175	c4
8.52157179838188e-272	-2.0805664411344	0.023	0.354	2.85796474974132e-267	COX20	c4
0.262721982206225	2.08035042358074	0.017	0.02	1	CACNB1	c4
0.368173849617228	2.07995629142366	0.075	0.086	1	PEX26	c4
0.26641014102458	2.079496452301	0.042	0.049	1	DGKD	c4
0.213196052311062	2.07940171519059	0.044	0.051	1	GBA2	c4
0.154265613733057	2.07743650032326	0.038	0.045	1	NBPF11	c4
0.246558198776894	2.07734924566425	0.061	0.071	1	MTOR	c4
7.81155491190959e-30	-2.0770589698702	0.003	0.048	2.61983928635624e-25	PTPRN2	c4
0.519889477339061	2.07691515871542	0.031	0.034	1	FCHSD2	c4
0.254865622631846	2.07644601109901	0.127	0.154	1	CD84	c4
0.307369143385234	2.07601798376799	0.038	0.044	1	SCAPER	c4
0.955759515574754	2.07585500811597	0.071	0.076	1	IKZF2	c4
9.37623208835891e-12	-2.07460646139797	0.001	0.017	3.14460071779381e-07	SMIM3	c4
0.172999947723848	2.07373395513936	0.167	0.188	1	TAOK1	c4
2.31109427248484e-66	-2.07326843086275	0.007	0.106	7.75094797105966e-62	AQP3	c4
0	-2.07302653198611	0.281	0.93	0	ACTG1	c4
0.211139257428498	2.07280530677833	0.06	0.07	1	HPS4	c4
0.264291912263176	2.0719615067629	0.06	0.07	1	KDM4B	c4
0.940977832368602	2.07191495274989	0.144	0.167	1	CREBZF	c4
2.00533493205785e-179	-2.07190069153895	0.016	0.252	6.72549229513561e-175	NXT1	c4
6.12390812165565e-54	-2.07153806702797	0.004	0.084	2.05383630584087e-49	TMEM60	c4
0.191295961475227	2.07147563800849	0.056	0.066	1	ANAPC7	c4
0.485321058951424	2.07104757430363	0.11	0.129	1	STAT6	c4
0.789976207182378	2.07085057377991	0.085	0.091	1	KIAA2026	c4
0	-2.06928134059673	0.031	0.452	0	GTF3C6	c4
0.495410076086467	2.06839511320771	0.081	0.092	1	KRIT1	c4
0.205810701299558	2.06745411006397	0.09	0.107	1	MAP4K4	c4
0.670774252416433	2.0672929654227	0.012	0.013	1	DVL1	c4
0.187587643035592	2.06699725743166	0.161	0.179	1	PPP6R2	c4
0.476477368382736	2.06649909404831	0.031	0.035	1	INPPL1	c4
0.35764791463457	2.06646879464652	0.06	0.069	1	USP24	c4
4.38063637857843e-160	-2.06631921560779	0.013	0.227	1.46917782864763e-155	ZNF581	c4
0.999803497633036	2.06625230775444	0.152	0.178	1	TCIRG1	c4
4.05423919607901e-57	-2.06438253730539	0.005	0.09	1.35971074158098e-52	TEX30	c4
0	-2.06411510442003	0.025	0.405	0	NDUFA12	c4
6.47749240391301e-09	-2.06396701013705	0	0.012	0.000217242140242434	PARS2	c4
0.0866682926494805	2.06392737961015	0.008	0.012	1	SESTD1	c4
0	-2.06367485529665	0.314	0.928	0	CCL5	c4
4.74963156577406e-121	-2.06360730987564	0.016	0.189	1.5929314345293e-116	AL138963.3	c4
0.11101637501729	2.0625911471354	0.011	0.015	1	FKRP	c4
0.0648323446348251	2.06251264561339	0.03	0.038	1	TRMT13	c4
0.759833221243549	2.06168565398209	0.061	0.066	1	RPS6KC1	c4
0	-2.06129066900044	0.047	0.582	0	RTRAF	c4
0	-2.06026911324233	0.112	0.86	0	RPL27A	c4
4.13161293971841e-185	-2.06021093836952	0.017	0.26	1.38566034772276e-180	PRDX3	c4
0.300181438970749	2.06015417541274	0.015	0.017	1	ABCD2	c4
0.125412849675597	2.06000635433604	0.02	0.024	1	PIGN	c4
0.172999517412806	2.05986504580497	0.093	0.112	1	PCNX4	c4
5.42495050688884e-18	-2.05887530325653	0.002	0.028	1.81941990100038e-13	SMARCA5-AS1	c4
0	-2.05885806548647	0.105	0.822	0	PPIB	c4
0.0388611294573463	2.05839475028768	0.021	0.027	1	IBA57	c4
4.68369691515692e-286	-2.05773090324074	0.026	0.371	1.57081827140533e-281	C1QBP	c4
2.34137344541485e-09	-2.0576449590968	0.001	0.014	7.85249826123234e-05	HIST2H2AB	c4
0.366943887656241	2.05748864702864	0.01	0.012	1	CHML	c4
0.20679689452433	2.05542288857308	0.023	0.028	1	MAST2	c4
0.455053724196301	2.05529868095711	0.147	0.166	1	TBC1D2B	c4
2.39428964602511e-94	-2.05500104064006	0.009	0.144	8.02996861483901e-90	ADI1	c4
0.150444591930563	2.05477489045958	0.086	0.103	1	EXOC7	c4
0.0977720464328916	2.05342538743757	0.017	0.022	1	SLC38A6	c4
0.142064873184687	2.05239298941355	0.2	0.234	1	OGT	c4
7.12281546504551e-163	-2.05191981347476	0.017	0.237	2.38884985066696e-158	AIMP1	c4
0.635301907321977	2.05118361144714	0.072	0.08	1	GCN1	c4
0.405934299231296	2.05055647338089	0.039	0.044	1	SNX29	c4
4.50634943644591e-69	-2.05021544076156	0.007	0.109	1.51133947399523e-64	TRAPPC2B	c4
0.145132761632098	2.05011561763229	0.014	0.018	1	EVC	c4
1.21162069494369e-22	-2.04996180332701	0.003	0.037	4.06353348670213e-18	CXCL16	c4
0	-2.04899715973497	0.079	0.725	0	ZFAS1	c4
0.0488713506861905	2.04890748541381	0.052	0.064	1	DHDDS	c4
0.330123176976517	2.04831560966903	0.033	0.037	1	PARG	c4
0.270649986176152	2.04767465703436	0.016	0.019	1	GCNA	c4
0.0399214873277442	2.04755853366308	0.061	0.076	1	DGCR8	c4
0.853920396614138	2.04640174502028	0.026	0.027	1	WWC3	c4
0.0383249818861157	2.04637372300282	0.053	0.066	1	MLXIP	c4
0.0683547479583666	2.04524179777178	0.078	0.095	1	MAU2	c4
0.995264944379416	2.04481504665174	0.048	0.05	1	LMTK2	c4
0.463527809219489	2.04424652078205	0.064	0.072	1	ATG2B	c4
0.408124739245748	2.04418257650615	0.034	0.039	1	IPMK	c4
0.0148686510106409	2.0432595578197	0.041	0.053	1	SH2D3A	c4
2.98272095548653e-28	-2.0428199944429	0.003	0.045	1.00034495405107e-23	SMIM30	c4
0.2919640459251	2.0421810753788	0.05	0.058	1	CLASP2	c4
0.323598504834933	2.04202381846948	0.01	0.012	1	USP54	c4
6.12390528408003e-33	-2.04142812485313	0.016	0.074	2.05383535417476e-28	TRBV7-9	c4
0.277585538520474	2.04124274794618	0.173	0.198	1	PNKP	c4
3.10798252783582e-77	-2.04122793783031	0.007	0.12	1.04235518018558e-72	INO80C	c4
0.727717316142004	2.04102493035126	0.157	0.188	1	RICTOR	c4
0.437773430238054	2.04091818712758	0.06	0.067	1	CBX7	c4
0.178901831060717	2.04057411414356	0.012	0.015	1	AC009133.1	c4
0.584648075901895	2.0400852177563	0.11	0.127	1	TTC14	c4
0.0433242931423836	2.03940312401444	0.047	0.059	1	AKT1	c4
1.66159235703537e-234	-2.03849502911258	0.022	0.317	5.57264844702522e-230	COX7A2L	c4
0.126282143509313	2.03844733545552	0.023	0.029	1	GK5	c4
0	-2.03774893259732	0.072	0.701	0	SSR4	c4
0.931302637478852	2.0374853933617	0.097	0.106	1	CABIN1	c4
0.594428452114293	2.03729432429017	0.18	0.213	1	BRD9	c4
0.192319012240651	2.0369499782525	0.016	0.02	1	QSOX2	c4
0	-2.03613901760204	0.141	0.894	0	YBX1	c4
0	-2.03565403233648	0.045	0.507	0	CDK2AP2	c4
0.0714274930249325	2.03487399276552	0.125	0.156	1	MSI2	c4
0.449492324093004	2.03454828905391	0.036	0.04	1	CPEB4	c4
0	-2.03428680473914	0.055	0.611	0	PRDX6	c4
0.288247641273052	2.03420411548984	0.136	0.166	1	CSNK1G2	c4
0.21962939136037	2.03383749324693	0.092	0.109	1	ATP2A3	c4
0.154599989944674	2.0336994613311	0.027	0.032	1	TOP3B	c4
0.129423502499061	2.03306165725774	0.046	0.055	1	WDR70	c4
0.439123529641431	2.03269809976259	0.022	0.025	1	ZNF75D	c4
0.1808811078241	2.03094978650912	0.029	0.034	1	POLG2	c4
0.143915234301179	2.03057126774608	0.035	0.042	1	SMYD4	c4
1.81125957475649e-20	-2.03024839947454	0.002	0.033	6.07460236181833e-16	TMEM64	c4
0.904889549719309	2.02949943152274	0.141	0.162	1	JAK3	c4
0.167897601461534	2.02944813115617	0.044	0.052	1	RUFY2	c4
0.119893491883446	2.029226526315	0.072	0.086	1	NCOR2	c4
5.92310096022386e-16	-2.02790189693582	0.001	0.024	1.98648960003988e-11	PRKAG2-AS1	c4
0.784197785521773	2.0277502703773	0.102	0.111	1	KDM6A	c4
1.3364359021921e-64	-2.02759080846727	0.005	0.099	4.48213872877185e-60	RPL26L1	c4
3.13601006992705e-265	-2.02734910573468	0.026	0.353	1.05175505725213e-260	LAMTOR1	c4
0.512904159347282	2.02725052591845	0.022	0.024	1	TYW1B	c4
0.136492092071605	2.02706887005852	0.018	0.022	1	FBF1	c4
0	-2.02670713711795	0.139	0.896	0	TMA7	c4
0	-2.02638719967836	0.04	0.487	0	PRDX5	c4
0.78142550536137	2.02628517228224	0.152	0.176	1	UTRN	c4
0.384374709159288	2.02580074633243	0.027	0.031	1	L3MBTL3	c4
0.225948347888718	2.02551787013612	0.009	0.012	1	RNF139-AS1	c4
0	-2.02534366781508	0.193	0.89	0	LDHA	c4
0.236787309120337	2.02527947805713	0.02	0.024	1	TRIM3	c4
0.266470017932418	2.02507933259808	0.085	0.1	1	KIAA0100	c4
1.82221696832009e-262	-2.0250691422173	0.022	0.344	6.11135126835191e-258	SUMO3	c4
0.0590859323446214	2.02506290223248	0.02	0.026	1	SFXN2	c4
0.256947598244469	2.02500605628377	0.008	0.01	1	PKP4	c4
0.125939424294812	2.02498241511275	0.035	0.043	1	HKR1	c4
0.276398006403078	2.02496220160137	0.049	0.057	1	HEATR5B	c4
0.264095164179743	2.02477587277136	0.019	0.023	1	LINC00265	c4
0	-2.02447943379509	0.039	0.486	0	UBE2N	c4
0.781378037831859	2.02403113906431	0.062	0.067	1	BCL9L	c4
8.43538051686277e-190	-2.02362927379662	0.028	0.285	2.82905791774544e-185	IFI6	c4
0	-2.02266002721088	0.07	0.673	0	ALDOA	c4
0.52605843643946	2.0224419151883	0.044	0.049	1	PCNX2	c4
1.27450520244903e-66	-2.0217687343938	0.005	0.103	4.27443554797356e-62	DUSP23	c4
0.0222665971069766	2.02138580454507	0.212	0.244	1	RASAL3	c4
8.22285468006419e-10	-2.02124972903706	0	0.013	2.75778100259993e-05	RRM2	c4
0.732296866465969	2.02026118767884	0.081	0.09	1	ZBTB20	c4
8.23782222767107e-204	-2.01983251219998	0.017	0.279	2.76280081871632e-199	MRPL33	c4
1.52295953331229e-79	-2.01959940627923	0.019	0.144	5.10770168282275e-75	CCL4L2	c4
0.0413173680577527	2.01951220886754	0.048	0.059	1	NBPF12	c4
0.232974094808524	2.01937278148669	0.02	0.024	1	ITGA2	c4
0.580556630708636	2.01825839803936	0.039	0.042	1	RAPGEF2	c4
1.11045761631057e-18	-2.01715126376899	0.002	0.029	3.72425275358238e-14	DBNDD2	c4
0	-2.01679022023882	0.125	0.788	0	ISG20	c4
0.17532843168032	2.01671884449826	0.066	0.078	1	FAM193A	c4
5.58116300656407e-36	-2.01637752205861	0.004	0.058	1.87181044914146e-31	AIF1	c4
0.350792626236129	2.01608530773251	0.047	0.053	1	TRIM25	c4
1.52708641715468e-200	-2.01577388543652	0.019	0.279	5.12154242585338e-196	DSTN	c4
0.0472051911885254	2.0157340055103	0.05	0.062	1	ATP13A1	c4
0.339210874440292	2.01556524476469	0.016	0.019	1	SSH3	c4
1.60703971806331e-146	-2.01540077934679	0.015	0.217	5.38968980644074e-142	JAGN1	c4
0.498516817652063	2.01510075059751	0.009	0.01	1	AC007216.4	c4
0.445104411194433	2.01498829803321	0.026	0.029	1	SLC12A6	c4
0.808826504217761	2.01221833859367	0.159	0.19	1	PHYKPL	c4
0.0958092392913104	2.01146714627105	0.033	0.04	1	DHX33	c4
3.26322257679456e-05	2.01120306363755	0.266	0.308	1	ZNF292	c4
0.634768500374453	2.0111981530654	0.113	0.131	1	PKN2	c4
1.09177465087195e-22	-2.01119419553815	0.002	0.035	3.66159382409435e-18	TMEM97	c4
0.141400701954856	2.01052041666027	0.052	0.062	1	TTC37	c4
0.980842778535981	2.01033371525035	0.112	0.126	1	CDC14A	c4
2.74120354197575e-115	-2.00982330048954	0.011	0.174	9.19344843907828e-111	COMMD5	c4
0.123583144237293	2.00963662339236	0.017	0.021	1	PTDSS2	c4
0.584104039116984	2.00922458392004	0.078	0.087	1	MYSM1	c4
0	-2.0088702175871	0.062	0.615	0	RHOG	c4
7.75457494439889e-224	-2.00877698769814	0.02	0.305	2.6007293448525e-219	FAM96A	c4
2.44179066033863e-42	-2.00837493359831	0.005	0.069	8.18927751664369e-38	PIGP	c4
6.82597559000162e-07	-2.00837253415981	0.001	0.01	0.0228929569337474	C1orf74	c4
0.593808049119022	2.00823775470345	0.201	0.245	1	ANKRD13D	c4
0	-2.00816360213488	0.031	0.427	0	EMC4	c4
0.214791110646202	2.00743124307283	0.069	0.081	1	NNT	c4
0.20712729748336	2.00721712330087	0.132	0.162	1	RHOT2	c4
0.211974900170999	2.00693504488792	0.021	0.025	1	AMMECR1	c4
0.39929929183344	2.00688701842871	0.166	0.19	1	TUT4	c4
0.192264038821703	2.00562647206163	0.032	0.038	1	ZMYND8	c4
2.10588051744019e-09	-2.00341848983902	0.001	0.015	7.06270207939091e-05	FAM89A	c4
0.167119211370818	2.00281405870333	0.039	0.046	1	PRKAB2	c4
1.84260568171926e-143	-2.00266965350484	0.014	0.211	6.17973093535006e-139	EIF4EBP1	c4
0.0800135955095757	2.00212132545931	0.086	0.105	1	UBR1	c4
0.603185255180191	2.00202687636772	0.139	0.165	1	PIK3CD	c4
0.436131634255743	2.00163993608822	0.04	0.045	1	BICD1	c4
3.76932590585904e-198	-1.99983866225983	0.021	0.281	1.264156522307e-193	EPB41L4A-AS1	c4
9.06612981595904e-25	-1.99978931061906	0.003	0.041	3.04059861767634e-20	CHI3L2	c4
0.0227428450732453	1.99977113894648	0.038	0.049	1	ZNF26	c4
0.170100868070673	1.99957950466676	0.108	0.13	1	RHBDF2	c4
0.0933660134760408	1.99957914849165	0.007	0.01	1	ABCD1	c4
0.108700299982219	1.99915603412519	0.069	0.083	1	AKAP10	c4
3.6196652917937e-105	-1.99853313139635	0.009	0.157	1.21396334556177e-100	CHCHD5	c4
0.0863489131447419	1.99851342709682	0.029	0.036	1	ATG7	c4
0.195482182870797	1.99833093387138	0.028	0.033	1	DGLUCY	c4
0	-1.99771307731499	0.033	0.436	0	SNX3	c4
0.238566926527853	1.99759694414158	0.084	0.098	1	HELB	c4
1.89465860907767e-277	-1.99749064884534	0.033	0.376	6.3543060431247e-273	AAED1	c4
0.00521687278204155	1.99746703346265	0.1	0.13	1	ATXN2	c4
0.0107035876411532	1.99718752514156	0.062	0.08	1	ARFGAP1	c4
0.497414759052534	1.99693588845473	0.098	0.113	1	BRD1	c4
2.0094066002728e-08	-1.99690102883493	0.001	0.013	0.000673914785599493	CCL18	c4
0.0926679711027067	1.99645746332099	0.052	0.062	1	SOS1	c4
0.0766498134807457	1.99585894995446	0.04	0.05	1	PROSER3	c4
0.312089473583897	1.9954169389658	0.134	0.162	1	UBR5	c4
8.83852418424946e-09	-1.99488989806425	0.003	0.017	0.000296426424091358	PMCH	c4
0.168725896019686	1.99254523352175	0.036	0.043	1	PCNX3	c4
0.0594702641701198	1.99162496119314	0.023	0.03	1	CEP97	c4
1.07191265145217e-10	-1.99131476090036	0.001	0.016	3.5949806504403e-06	APOBEC3B	c4
0	-1.99057665696648	0.036	0.478	0	GADD45GIP1	c4
0.212352816865157	1.98815404029608	0.098	0.117	1	INPP5D	c4
0.0406013599704277	1.98798896305321	0.2	0.227	1	CDK11A	c4
0.855075861628349	1.98784649321252	0.142	0.166	1	TP53BP1	c4
0.236397693113358	1.98769603878057	0.017	0.02	1	CUL7	c4
0	-1.98723110416044	0.164	0.584	0	ANXA1	c4
0.0801700440607915	1.98710681300387	0.052	0.063	1	CEP164	c4
0.128717890337797	1.98697758713571	0.039	0.047	1	ZNF83	c4
0.113707597409292	1.98689336017254	0.048	0.058	1	ADCY7	c4
0.497641785506784	1.9866599181033	0.075	0.085	1	MED23	c4
0.360759865952892	1.98620003379392	0.018	0.02	1	USP45	c4
0.125834320063298	1.98605305258327	0.021	0.026	1	GHDC	c4
0.05149777478523	1.98590862354302	0.017	0.022	1	SLC25A28	c4
0.143843786902152	1.98513324547516	0.014	0.018	1	TRIM46	c4
2.8277386583229e-264	-1.98433728663017	0.057	0.407	9.48366991228336e-260	DNAJB1	c4
0.177087247050507	1.98399836701872	0.017	0.02	1	SPATA5	c4
0.252672959894331	1.98383110744493	0.017	0.02	1	RBAK	c4
0.132747345269169	1.98336118271391	0.087	0.105	1	TNRC6A	c4
0.184785046596487	1.98332140594223	0.084	0.1	1	VPS13A	c4
9.09931347841728e-132	-1.98299806371735	0.013	0.197	3.05172775439159e-127	CDK4	c4
1.11094653891661e-281	-1.98274064300634	0.026	0.368	3.72589250221852e-277	COX14	c4
0.145859484629627	1.98259475338961	0.04	0.047	1	DROSHA	c4
0.381359514966807	1.98246798271758	0.031	0.035	1	TBC1D19	c4
5.93056319659257e-66	-1.98210466066336	0.005	0.102	1.98899228487322e-61	APIP	c4
0.811060867231468	1.98205581938656	0.141	0.162	1	WHRN	c4
0	-1.98008200205634	0.12	0.764	0	EMP3	c4
1.36400878494151e-16	-1.97952850237347	0.002	0.026	4.57461266293683e-12	GGH	c4
1.53524327828228e-70	-1.9792495726672	0.005	0.108	5.1488989067031e-66	MRPS33	c4
0	-1.97923208553842	0.094	0.701	0	TUBA1B	c4
0.0774338527866063	1.97914323833805	0.013	0.018	1	PHC1	c4
0.0471596289475266	1.97913962137755	0.061	0.075	1	CLK2	c4
0.0882926123403332	1.97784234100037	0.109	0.134	1	RAB3GAP2	c4
0.0921226458253618	1.97770509479126	0.025	0.032	1	CAMSAP1	c4
0	-1.97743878476627	0.123	0.754	0	HLA-DRB5	c4
0	-1.97663553972642	0.109	0.838	0	ARPC3	c4
0	-1.9759100983609	0.089	0.802	0	RPL23	c4
1.35145776593371e-158	-1.97522084995506	0.016	0.23	4.53251905538847e-154	PEF1	c4
1.64463022325596e-91	-1.97515398022682	0.009	0.142	5.51576084275583e-87	ETHE1	c4
7.70274405412894e-120	-1.97507232572099	0.016	0.188	2.58334630087376e-115	CDKN1A	c4
0.0934820513359245	1.97433928639092	0.077	0.093	1	SLC9A8	c4
3.84629726872554e-28	-1.97429779973267	0.003	0.045	1.28997117798517e-23	ALDOC	c4
0.340643157303839	1.9734647755301	0.101	0.118	1	ECPAS	c4
0.119829890993048	1.97239070145755	0.145	0.182	1	MCOLN2	c4
0.400305396298028	1.97193791852108	0.044	0.049	1	TTC21B	c4
0	-1.97185908519015	0.034	0.425	0	MDH2	c4
0.822359488003631	1.97155466097722	0.038	0.039	1	HACE1	c4
0.0213507793421559	1.97143633320249	0.029	0.038	1	MYEF2	c4
0.156702761504792	1.97136447407066	0.024	0.029	1	CEP128	c4
0.877427579424767	1.97110137544456	0.148	0.174	1	ATP8A1	c4
2.40886548519059e-285	-1.96996960170699	0.026	0.37	8.0788530642322e-281	DCTN3	c4
0.0472726449733448	1.96991748752059	0.082	0.101	1	GOLGA3	c4
0.0269820814676172	1.96871293616395	0.027	0.035	1	ARID3A	c4
0.0447514879873129	1.968196600671	0.017	0.023	1	ST6GALNAC6	c4
0.280336777162024	1.96795069540736	0.016	0.019	1	WDPCP	c4
1.82921906029119e-91	-1.96780813694194	0.009	0.142	6.13483488440458e-87	PRDX4	c4
2.47687311408308e-288	-1.96732788943952	0.029	0.379	8.30693705001184e-284	MANF	c4
0.111844249192953	1.96662118410409	0.073	0.088	1	IGF2R	c4
0.321773609124458	1.96629854040275	0.009	0.011	1	SLC38A7	c4
0.566575499217729	1.96565431585451	0.012	0.014	1	SCFD2	c4
0.107420615736149	1.96545082668116	0.056	0.067	1	FAM172A	c4
0.363184872502632	1.96525940548718	0.021	0.024	1	MAST3	c4
0	-1.96394198642891	0.072	0.69	0	SNRPB	c4
0.289902326964612	1.96279580033977	0.009	0.011	1	AP002495.2	c4
0.697115066325479	1.96182101579537	0.01	0.011	1	C22orf46	c4
0.233606203864392	1.96134167921979	0.074	0.086	1	PHF21A	c4
0.00412312856984959	1.96096051499228	0.075	0.098	1	MTMR9	c4
0.0892777507180744	1.96069405383179	0.014	0.019	1	ASB16-AS1	c4
0.00896802468550917	1.96058711161824	0.061	0.079	1	INPP4A	c4
1.29604650853639e-112	-1.96028181154912	0.012	0.172	4.34668078032933e-108	ERG28	c4
0.257165101851674	1.95972569890389	0.008	0.01	1	IQCK	c4
0	-1.95898683264863	0.045	0.513	0	PEBP1	c4
0.29021319065091	1.95778049082861	0.012	0.015	1	GGT7	c4
4.46571780723239e-08	-1.95745670703116	0.001	0.011	0.0014977124381896	DUSP7	c4
0.051927302530724	1.95595025694557	0.018	0.023	1	HIC2	c4
0.00392949825651755	1.95504393243123	0.241	0.281	1	PRRC2B	c4
0.412760907430084	1.95487619232379	0.208	0.251	1	SLC5A3	c4
3.66347780039365e-188	-1.95482675048713	0.017	0.263	1.22865718469602e-183	DPH3	c4
0.0703221426074898	1.95479366338626	0.021	0.027	1	CCDC88A	c4
0.0493709661064598	1.95421504578969	0.077	0.095	1	DYM	c4
0.0545097589500057	1.95410452089502	0.024	0.031	1	RABL2B	c4
0	-1.9535824590884	0.036	0.455	0	PSMB2	c4
0.047093027667221	1.95342852943261	0.084	0.104	1	RNPC3	c4
1.3119790119873e-194	-1.95322787296355	0.018	0.272	4.40011521040301e-190	RAMMET	c4
0.0579284071562536	1.95108765626397	0.067	0.083	1	TET2	c4
0.0442307736193879	1.95063878050492	0.117	0.147	1	ATG2A	c4
4.63060380988352e-173	-1.94937582757521	0.019	0.251	1.55301190575873e-168	SDF2L1	c4
0.0163937404430979	1.94920973833481	0.068	0.086	1	DGKE	c4
0.364943167358036	1.94841827134918	0.141	0.171	1	NSD1	c4
0.251379753556609	1.94841177146602	0.012	0.015	1	ERMARD	c4
0.298538808126511	1.94822849001884	0.011	0.013	1	PTPDC1	c4
0	-1.94809978076649	0.241	0.96	0	CALM1	c4
8.90353019530486e-76	-1.94770289268123	0.007	0.118	2.98606595690134e-71	SMIM4	c4
0.0298165540893579	1.94719726307864	0.103	0.129	1	DICER1	c4
0	-1.94696761325794	0.042	0.507	0	ZNF706	c4
0.014951842547776	1.94693308528852	0.027	0.037	1	PPP1R16A	c4
8.29373926301716e-12	-1.9466464315408	0.001	0.017	2.7815542740307e-07	NAPA-AS1	c4
0.553276963250794	1.94436071032089	0.159	0.193	1	BRAF	c4
0.179022491257717	1.9424750780285	0.024	0.029	1	PIK3C2B	c4
0.00721486034040565	1.94199885106445	0.038	0.051	1	PRMT7	c4
0.0658972590693032	1.94191118903876	0.087	0.107	1	MTR	c4
0.103878464824589	1.94173989136928	0.009	0.012	1	NLK	c4
0.0120019936956367	1.94170404714719	0.038	0.05	1	DVL3	c4
0	-1.94156813479869	0.032	0.429	0	ATP5IF1	c4
0.0628666889485541	1.94137317562083	0.183	0.205	1	HUWE1	c4
4.86194754400707e-167	-1.94137106669625	0.016	0.241	1.63059996730909e-162	GRPEL1	c4
0	-1.94130973280252	0.034	0.43	0	CAMLG	c4
0.224198455547414	1.94103160327096	0.012	0.015	1	ZNF605	c4
1.19635549318558e-134	-1.94080929576756	0.022	0.216	4.01233705304578e-130	CMC1	c4
1.72644430921166e-185	-1.94015623784605	0.016	0.258	5.79014892423408e-181	STMP1	c4
0	-1.93999251606944	0.036	0.469	0	RPL22L1	c4
4.54806705927064e-18	-1.93941194786599	0.002	0.028	1.52533073033819e-13	FKBP1B	c4
3.09341593729622e-207	-1.93927592774943	0.025	0.298	1.03746983705041e-202	CARD16	c4
0	-1.93911814261633	0.063	0.643	0	SERP1	c4
0.349050286556001	1.93867905350983	0.049	0.056	1	KLF12	c4
0.337908832617238	1.93845911785284	0.025	0.029	1	ARHGEF12	c4
0.0217917003631156	1.93757678961478	0.075	0.094	1	SKIV2L	c4
3.10069388340756e-58	-1.93630084758864	0.006	0.092	1.03991071461723e-53	RAB33A	c4
0.0483709557174099	1.93544270659384	0.072	0.089	1	NOTCH1	c4
0.121766208496088	1.93535955353356	0.009	0.012	1	NUMBL	c4
0.053547371761859	1.93486932658272	0.02	0.026	1	RHBDD3	c4
0.458771219089049	1.93471518464069	0.009	0.01	1	ZNF449	c4
0.276105053427946	1.93294647465004	0.068	0.078	1	COG5	c4
0.0181440950202499	1.93277009211491	0.073	0.093	1	PAXBP1	c4
0.000610760816966633	1.93249314164829	0.271	0.325	1	HNRNPH1	c4
0.558819169240282	1.93086759269429	0.181	0.214	1	EP300	c4
0.790760255861831	1.93056860613062	0.015	0.016	1	PPAN	c4
0	-1.93000209507106	0.093	0.66	0	HLA-DQA1	c4
0.34901671143157	1.92994831633107	0.168	0.209	1	TRPM7	c4
0.186279412065372	1.92989250314415	0.016	0.019	1	TARBP1	c4
0.00589671201346198	1.92985986918521	0.056	0.074	1	ANO6	c4
1.34812261705192e-13	-1.92947703376841	0.002	0.023	4.52133363306873e-09	TRAV41	c4
0.152616445358311	1.92915386728329	0.113	0.137	1	ITPR1	c4
0.0646364024363675	1.92903349744055	0.012	0.016	1	ADARB1	c4
0.7570008961483	1.9290169755264	0.138	0.162	1	ARHGEF7	c4
0.627470560712782	1.92897262728229	0.015	0.016	1	ARL15	c4
0.0134041261290103	1.92820933638373	0.045	0.058	1	ZNF76	c4
0.020403006344559	1.92738590961446	0.063	0.079	1	UNC13D	c4
0.287348904771673	1.92721934257175	0.229	0.283	1	AAK1	c4
0.298340927414063	1.92672899510231	0.126	0.151	1	ERO1B	c4
3.82542537781525e-262	-1.92661182102828	0.024	0.348	1.28297116321168e-257	MRPL52	c4
0.0539669397965911	1.92648365639346	0.03	0.038	1	KIF1C	c4
0.0078226487009171	1.92642182594711	0.039	0.052	1	DNAJC11	c4
0.0518317690830126	1.92565909155437	0.032	0.04	1	SMURF1	c4
0.0197156655625309	1.92560127069801	0.061	0.078	1	TRIM14	c4
0.0483972495504262	1.92544430569503	0.047	0.058	1	PHLPP2	c4
0.220704400669607	1.92452639988179	0.016	0.02	1	TTBK1	c4
0.00721153813794719	1.92437451844126	0.058	0.076	1	ZC3H7B	c4
0.0225009152819596	1.92431097917482	0.045	0.057	1	AP2A2	c4
0.0383680018832086	1.9241482463009	0.026	0.033	1	TMEM106A	c4
5.43725942645125e-62	-1.92403449960639	0.007	0.1	1.82354806644322e-57	BEX4	c4
0.639605725738837	1.92401156354579	0.012	0.014	1	ZYG11B	c4
5.14678494674124e-20	-1.92395185721657	0.002	0.032	1.72612873543808e-15	PHLDA2	c4
0.0457189748703098	1.92373801179427	0.068	0.084	1	ZDBF2	c4
0.00801692822661091	1.92276083206706	0.055	0.071	1	SNX13	c4
0.0831950847572059	1.92255067740256	0.008	0.012	1	SLC12A7	c4
0.622815778745574	1.92247965047069	0.171	0.209	1	SYNE1	c4
0.000353375310856718	1.92191248350379	0.063	0.087	1	CC2D1A	c4
0.17083729146358	1.92183246156193	0.017	0.021	1	ZSCAN18	c4
0.0142091794790219	1.92170377217017	0.047	0.061	1	CSNK1E	c4
0.19261075130206	1.92133104706441	0.018	0.022	1	MAPKBP1	c4
0.01881216100854	1.92126666669741	0.038	0.05	1	MYO19	c4
0.161119291289429	1.92057319503786	0.098	0.118	1	DOCK11	c4
0	-1.92017504231683	0.068	0.672	0	PSMB1	c4
0	-1.91895912310135	0.127	0.855	0	SKP1	c4
4.55445032199886e-115	-1.91737376020458	0.011	0.174	1.52747154899198e-110	C15orf61	c4
0.0112871024728832	1.917326434513	0.065	0.084	1	MMS19	c4
0.0226417582659386	1.91640047864181	0.023	0.031	1	NAA40	c4
0.0237406723835207	1.91603341806696	0.268	0.333	1	ANKRD11	c4
0.303638273367688	1.91592871619482	0.017	0.02	1	FAM168A	c4
0.00240783133884248	1.91584653775274	0.084	0.111	1	RPS6KA5	c4
3.71880786315335e-14	-1.91518163818594	0.001	0.022	1.24721378114437e-09	UBE2C	c4
0.0541325286721175	1.91503158201475	0.111	0.139	1	MBTPS1	c4
0.00474460758077448	1.91492999493777	0.09	0.118	1	PARP12	c4
0.0110094469564405	1.91475403931048	0.025	0.034	1	DHX57	c4
0.179331251305254	1.91399108682998	0.163	0.206	1	ZNF638	c4
0	-1.91278864147743	0.099	0.777	0	PSME1	c4
0.0130936243357046	1.91271217661225	0.064	0.082	1	USP20	c4
0.542745052080758	1.91247239924222	0.168	0.195	1	TSHZ2	c4
2.39209082296369e-109	-1.91240602017145	0.01	0.166	8.02259420205561e-105	UBL7	c4
0.188976858026062	1.91238063222321	0.018	0.022	1	PEAK1	c4
0.30380686326034	1.91228791790115	0.17	0.214	1	TBCD	c4
0.0113361090180434	1.91119367061408	0.031	0.042	1	EIF4G3	c4
0.0157768184984049	1.91107448093432	0.032	0.042	1	IFFO1	c4
0	-1.91052448101146	0.238	0.957	0	HNRNPA1	c4
0.000600461884352044	1.90862709386054	0.282	0.343	1	SNRNP200	c4
0.199540209194085	1.90855272375106	0.223	0.27	1	STK10	c4
0.00901396115228705	1.90809200424711	0.05	0.065	1	ABCA2	c4
0.639865875395717	1.90766262329843	0.207	0.264	1	MUC20-OT1	c4
8.92801997983274e-43	-1.90664281625364	0.003	0.067	2.9942793408363e-38	MSRB1	c4
0.844291279516663	1.90649216486696	0.013	0.014	1	LINC00294	c4
5.38534046937014e-98	-1.90643127203038	0.01	0.151	1.80613548661736e-93	FADD	c4
0.212958211789606	1.9061858937574	0.109	0.131	1	RALGAPB	c4
6.61614618238458e-265	-1.90585510693856	0.026	0.352	2.21892310664814e-260	SH3BGRL	c4
6.50799840650221e-42	-1.905632773184	0.003	0.065	2.18265250557271e-37	CDKN2AIPNL	c4
0.473859460414432	1.90535346854941	0.122	0.144	1	INO80D	c4
3.54261904866916e-275	-1.90524744239986	0.029	0.367	1.18812357654266e-270	FIS1	c4
0.0250164753501486	1.90465159717872	0.036	0.046	1	GPR155	c4
0.0266556487920986	1.90460145341744	0.029	0.038	1	PPARA	c4
0.195762949316573	1.90458757256321	0.01	0.013	1	TMEM161B-AS1	c4
0.0316513236968562	1.90447691376377	0.036	0.046	1	HECTD2	c4
0.0324110021407266	1.90409752387495	0.025	0.033	1	SLC39A10	c4
0.02361671706223	1.90378077158872	0.03	0.039	1	ZNF707	c4
0.01606506554993	1.90366988471929	0.095	0.121	1	AGO3	c4
0.0712918005718251	1.90251515982506	0.078	0.095	1	THOC1	c4
0.0283677823847208	1.90244037965122	0.017	0.024	1	AC091057.6	c4
0	-1.90220715661702	0.044	0.445	0	NINJ1	c4
0.240932775108141	1.90209532977617	0.012	0.015	1	ZNF891	c4
0.00484603704503435	1.90204607307814	0.046	0.061	1	ATP13A2	c4
0.0238668362035975	1.90190832372982	0.045	0.057	1	PTBP2	c4
0.0662372326381912	1.90161130863413	0.015	0.02	1	CLOCK	c4
0.129449733064242	1.90089115887812	0.139	0.174	1	MED13	c4
0.00163580088587644	1.90077067820623	0.077	0.103	1	KMT5C	c4
0.00015448240588302	1.90034495052718	0.286	0.343	1	ZEB2	c4
0.581239480579453	1.90032351810736	0.171	0.21	1	CHD8	c4
0.0546920063388737	1.8992878189537	0.017	0.023	1	MAPK11	c4
1.1253587579605e-271	-1.89894853861161	0.026	0.359	3.77422820244794e-267	SLIRP	c4
0.00597145393000439	1.89869245555056	0.036	0.049	1	SLC38A9	c4
0.0152692601007654	1.89866044060581	0.016	0.023	1	SGSM3	c4
6.85528957902621e-275	-1.89683867956561	0.029	0.368	2.29912701901381e-270	FBL	c4
0.00944859669973204	1.89672414453484	0.052	0.068	1	EXOC4	c4
0.0543125556887859	1.89671879311139	0.115	0.143	1	LRCH3	c4
3.37959883497671e-09	-1.89659745018351	0.001	0.014	0.000113344985727449	IGHV1-3	c4
0	-1.89591504689974	0.071	0.674	0	PARK7	c4
0	-1.89549789253298	0.058	0.591	0	DYNLRB1	c4
4.73200972595125e-39	-1.89518368821281	0.004	0.062	1.58702142188953e-34	MRPL23	c4
0.00698907510861959	1.8949202134116	0.084	0.109	1	TTTY15	c4
0.00877310664205232	1.894452709648	0.056	0.072	1	CHD9	c4
0.0519561843414345	1.89404878906285	0.147	0.188	1	SETX	c4
0.00486533549494508	1.89323788962427	0.055	0.072	1	NUP210	c4
0.136905505078559	1.89226301137996	0.007	0.01	1	FUK	c4
0	-1.89203260121033	0.031	0.415	0	NDUFS6	c4
0.00705776663034406	1.89094983462146	0.02	0.029	1	SEPSECS	c4
2.57980306673515e-62	-1.89069101600424	0.007	0.101	8.65214352521634e-58	TMEM35B	c4
0.00562468246862829	1.89065616224779	0.068	0.089	1	EZH1	c4
0.0225485705751355	1.89060930508429	0.044	0.056	1	ZNF507	c4
0.112298979977081	1.89040301978644	0.077	0.092	1	FAM208B	c4
0.0179767268861394	1.89033182447356	0.026	0.035	1	CUX1	c4
0.219479196495061	1.89031024643507	0.191	0.247	1	LUC7L	c4
6.88936418321704e-54	-1.88966500365788	0.005	0.085	2.31055495976733e-49	PDZD11	c4
0.0553288737617436	1.889513508834	0.028	0.036	1	LINC01089	c4
6.07355709257768e-272	-1.88877116054788	0.026	0.36	2.0369495777087e-267	NDUFA5	c4
0.0665458082543026	1.88877078945671	0.054	0.066	1	ARFGEF2	c4
0.458912395563393	1.88870283431852	0.196	0.25	1	GON4L	c4
0.0806935573204437	1.88812614300961	0.009	0.013	1	TMEM117	c4
0.211081736114434	1.88791777868373	0.011	0.014	1	NBPF20	c4
0.705228934532061	1.8878582926119	0.195	0.244	1	YPEL2	c4
0.00397716003882007	1.8875980468178	0.045	0.06	1	MAP3K4	c4
0.0736053203096923	1.88630305963857	0.014	0.019	1	ZDHHC21	c4
0.068526099764748	1.88627767969665	0.031	0.038	1	L1CAM	c4
1.69717719281785e-199	-1.88604866447368	0.022	0.285	5.69199286927251e-195	COX16	c4
0.00966562782111176	1.88577261530678	0.057	0.074	1	NR2C1	c4
0.0537249539037534	1.88536860715352	0.084	0.104	1	VTI1A	c4
0.0231908346010157	1.8850890468126	0.05	0.063	1	DNAJC13	c4
0.000267368056845691	1.8832693985307	0.065	0.091	1	GGA3	c4
0.152691220814829	1.88325173124278	0.01	0.013	1	CCDC191	c4
0.0116960599839682	1.88170557893903	0.03	0.041	1	TTN-AS1	c4
0.0436242686974617	1.88161214420024	0.137	0.175	1	KLC1	c4
2.64865246320285e-193	-1.88083663742473	0.022	0.279	8.88305063108971e-189	MRPL22	c4
4.68471392859759e-208	-1.88077891159711	0.02	0.289	1.57115935737306e-203	POLR2J	c4
0	-1.87997595952222	0.05	0.535	0	KRTCAP2	c4
0.0323982954109432	1.8793468943285	0.044	0.056	1	C2CD3	c4
0.20533649017645	1.87903056141222	0.013	0.017	1	MTRF1	c4
0	-1.87866928015464	0.092	0.749	0	EIF3F	c4
0.0030166065677047	1.87831982031358	0.069	0.091	1	APC	c4
0.00300833685260266	1.87801509279343	0.03	0.042	1	ITPR2	c4
0.00119847301632822	1.87772757301974	0.042	0.058	1	EYA3	c4
0.00145374807905613	1.87581195569734	0.09	0.12	1	PTCD3	c4
0.0503775053239209	1.87558360118414	0.016	0.022	1	C16orf58	c4
2.42845710823009e-25	-1.87504331116744	0.002	0.04	8.14455944958208e-21	CDKN3	c4
0	-1.87500236026431	0.082	0.714	0	RAC1	c4
0.00671335516720626	1.8746609771342	0.114	0.148	1	CDK13	c4
0.126632413854006	1.87457210677172	0.026	0.031	1	GTF2H2	c4
0.0252160630966977	1.87448069317646	0.029	0.038	1	LRRC37B	c4
9.42173360827104e-05	1.87428873744769	0.047	0.069	1	HDAC7	c4
0.0106728183697173	1.87428764952514	0.038	0.051	1	ERCC6L2	c4
0.157995644219898	1.87409531049987	0.013	0.017	1	CCDC138	c4
0	-1.87370577978041	0.166	0.745	0	RGCC	c4
0.0795551501767454	1.8735817149866	0.028	0.035	1	SEC61A2	c4
1.66557365539814e-08	-1.87334775161533	0.001	0.012	0.000558600092547429	POC1A	c4
0.0398399326568843	1.87260855205204	0.03	0.039	1	MYO1C	c4
0.00617914916813766	1.87241222051655	0.02	0.029	1	B3GALNT2	c4
0.0532829298650438	1.87182879960719	0.151	0.194	1	GRK2	c4
0.00925709927384795	1.87138925832384	0.061	0.079	1	PPIL2	c4
0.0052054632881175	1.8710448460923	0.02	0.029	1	AACS	c4
0.00191681691334892	1.87100909824583	0.112	0.149	1	UBA6	c4
0.020896129130116	1.87066371188686	0.02	0.028	1	DDX47	c4
0	-1.8706223823336	0.089	0.752	0	EIF3K	c4
0.0203025134045222	1.87049610495783	0.027	0.036	1	CAPN15	c4
0	-1.8703246866301	0.051	0.51	0	MAT2B	c4
0.0668637413208881	1.87017475650831	0.05	0.061	1	ATR	c4
0.065450212406579	1.86990757668317	0.014	0.019	1	SBK1	c4
0.0400460864387162	1.86913652070297	0.03	0.039	1	ZFAT	c4
0.012220108732049	1.86887856263157	0.027	0.036	1	VPS45	c4
0.00111864241101963	1.86853118706835	0.048	0.067	1	MTA1	c4
0.00389969752298002	1.86715640510081	0.021	0.03	1	SORD	c4
0.00450568798682952	1.86714036412524	0.047	0.063	1	GRAMD1B	c4
0.00260049847882667	1.86713804323088	0.145	0.195	1	NXF1	c4
0.0335954422530694	1.86698812775792	0.013	0.018	1	SLC26A6	c4
0	-1.86691110719927	0.049	0.531	0	PRELID1	c4
0	-1.86687931834255	0.116	0.818	0	RPL17	c4
0.00404803818777319	1.86666802641104	0.045	0.061	1	COG4	c4
0.114071964160762	1.86623311824516	0.018	0.023	1	AGAP3	c4
0.0373804852291379	1.8659212321822	0.017	0.024	1	ANKAR	c4
0.0338879951981887	1.86578824638562	0.014	0.02	1	FLNB	c4
0.00686759914302137	1.86532424662117	0.011	0.018	1	FGFR1	c4
0.0896658773386026	1.86531096648948	0.008	0.012	1	MTA3	c4
0.00547793886715478	1.86497151699095	0.063	0.083	1	ZNF236	c4
0.142239384186803	1.86270719664539	0.017	0.021	1	SOCS7	c4
0.000550566652785899	1.86146643994491	0.107	0.145	1	WDR6	c4
1.64072281425328e-41	-1.86135931451959	0.005	0.069	5.50265617444265e-37	TMIGD2	c4
0.0022152893709485	1.86119641758355	0.055	0.074	1	ABR	c4
6.70728186284613e-53	-1.86081355166449	0.005	0.084	2.24948819116134e-48	KANSL1-AS1	c4
0.00123897703790347	1.85955674399864	0.097	0.129	1	UBXN7	c4
0.0736920355883196	1.85918130734101	0.103	0.127	1	DTHD1	c4
0.0147134369364319	1.85876335465442	0.03	0.04	1	ROCK2	c4
0.000825021560428507	1.85860601611682	0.063	0.086	1	GABPB1-AS1	c4
0.0118632195168996	1.85848877396589	0.132	0.171	1	PSMA3-AS1	c4
1.49806170227456e-63	-1.8583311694567	0.008	0.104	5.02419933708842e-59	TSFM	c4
0.000648319037794431	1.85809626027724	0.053	0.074	1	SNX14	c4
2.74046939931222e-33	-1.85803331268774	0.003	0.052	9.19098627141334e-29	CARD8-AS1	c4
0.000973331741680809	1.85769627738731	0.042	0.059	1	NCLN	c4
0.0247767467399797	1.85693348617184	0.026	0.035	1	SH3TC1	c4
0.232400382588084	1.85683388893035	0.175	0.223	1	SETD5	c4
0.655469791186261	1.85681929681307	0.207	0.264	1	SPAG9	c4
0.0285990850370393	1.85680115364676	0.028	0.037	1	KIAA0753	c4
0.000357814765544966	1.85637411025713	0.041	0.059	1	MAP3K5	c4
0.0217724827087178	1.85603430971948	0.035	0.046	1	MSTO1	c4
0.00500627727178261	1.85595316562978	0.132	0.174	1	EPB41	c4
0.0990071768482641	1.85503427543429	0.009	0.013	1	PAXIP1-AS2	c4
0.0714525697967146	1.85438612746568	0.048	0.059	1	RASA1	c4
0.0182526752471989	1.85412363556971	0.112	0.143	1	LCOR	c4
0.00386473775860331	1.85377810988338	0.024	0.035	1	AC131971.1	c4
0.000281627661031927	1.85361474800563	0.05	0.071	1	DENND3	c4
0.183940983858033	1.85360766250237	0.023	0.028	1	NSUN6	c4
0.0397811132318813	1.85348640344811	0.01	0.015	1	FBXL18	c4
0.015439034641229	1.85341262414125	0.049	0.063	1	P3H1	c4
0.00185796408323867	1.85310911560165	0.066	0.088	1	PLCG1	c4
4.58473711608327e-138	-1.85209510713026	0.013	0.204	1.53762913399201e-133	VAMP5	c4
0	-1.85181173029283	0.044	0.513	0	SNRPD3	c4
0.00352142260027593	1.85165271857703	0.06	0.08	1	PDS5B	c4
0.0130598824221234	1.85067411155111	0.035	0.047	1	PEX1	c4
0.000476589009682004	1.85057486548395	0.055	0.076	1	WDFY2	c4
0.000653689737908862	1.85043266416908	0.161	0.223	1	ACADVL	c4
0.0132701229513568	1.85000023064293	0.026	0.035	1	DIAPH2	c4
0.103248401135778	1.84994213457961	0.02	0.026	1	AL390728.5	c4
0.052689977029843	1.84986507599648	0.026	0.033	1	PRDM10	c4
0.000753549450820995	1.84985867402415	0.055	0.076	1	BTBD7	c4
0.135131629473869	1.84933123539324	0.044	0.052	1	ZNF708	c4
0.028528196374063	1.84816776143463	0.032	0.041	1	WDR11	c4
0	-1.84813243695514	0.187	0.921	0	RHOA	c4
0.104397288635716	1.8477025025903	0.017	0.022	1	MAN1C1	c4
1.92871187210658e-71	-1.84767605270824	0.008	0.115	6.46851387667104e-67	TMED3	c4
0.00459631855142869	1.84740770269796	0.127	0.168	1	CHD6	c4
0.895980356268166	1.8469965461391	0.223	0.283	1	NPEPPS	c4
0	-1.84571741210983	0.035	0.45	0	RNF7	c4
1.1857071500155e-13	-1.84552423232519	0.002	0.022	3.97662463972199e-09	ULBP2	c4
0.0377258583366639	1.84520838145142	0.021	0.028	1	NCALD	c4
0.315984862515242	1.84444059020848	0.03	0.034	1	BAZ2B	c4
0.00330827891256554	1.84433773486335	0.055	0.073	1	PRR14L	c4
0.000372275975547611	1.84367725771526	0.045	0.064	1	SMG9	c4
0.0992934873545303	1.84357584699755	0.012	0.016	1	DBT	c4
0.00890191563645521	1.84332041639382	0.012	0.019	1	ARHGAP5	c4
3.35367180484969e-05	1.8431623436897	0.034	0.053	1	FBXL6	c4
0	-1.84181571979061	0.099	0.567	0	CREM	c4
0.00200798891992928	1.84177938835655	0.094	0.125	1	AP3B1	c4
0.00120393685559378	1.84092947274869	0.028	0.041	1	METTL22	c4
0.000207971840372406	1.83953058114507	0.057	0.081	1	ANAPC4	c4
0.00285883961932293	1.83923884403381	0.047	0.063	1	TSTD2	c4
0.0152604786726072	1.83816737282532	0.03	0.04	1	IFT80	c4
0.0742477636453359	1.83806908832287	0.01	0.014	1	MAP3K9	c4
1.94517040106447e-20	-1.83710248952067	0.002	0.032	6.52371249109002e-16	AC073896.2	c4
0.0238168080632303	1.83613791267509	0.076	0.095	1	TRAF5	c4
0	-1.83524360567175	0.043	0.498	0	BUD31	c4
2.7819007330314e-167	-1.83464743914701	0.017	0.242	9.3299386784407e-163	HPRT1	c4
0.000787095336435192	1.83422846072485	0.045	0.063	1	NUP188	c4
1.51262424539169e-24	-1.83405432188061	0.003	0.04	5.07303919419465e-20	ZNF296	c4
0.000130561751313993	1.83403440289057	0.055	0.078	1	TRMU	c4
6.39600391148037e-201	-1.83377329157649	0.028	0.296	2.14509179183229e-196	CNIH1	c4
2.28218176213177e-15	-1.83367464426213	0.001	0.023	7.65398119383752e-11	DCLRE1B	c4
0.0110378691714425	1.83334300396622	0.01	0.016	1	NT5DC2	c4
0.00230590056252709	1.83283302140236	0.037	0.051	1	GAB3	c4
0.00238247509550691	1.83268272379826	0.047	0.064	1	DPYD	c4
0.0222989281904752	1.83248372549374	0.097	0.122	1	TRANK1	c4
0.0002830760205448	1.83222113010852	0.058	0.082	1	TTF2	c4
0.00220038824744574	1.83216577298725	0.044	0.06	1	SPIDR	c4
1.34595092909391e-05	1.83198263775603	0.068	0.099	0.451405022599516	EML3	c4
0.00102638817386798	1.83155265782188	0.037	0.053	1	RFWD3	c4
9.04874048917873e-09	-1.83147890259538	0.001	0.012	0.000303476658526076	BIRC5	c4
0.00309431571046583	1.83122678292228	0.136	0.181	1	MKLN1	c4
0.0214467442899923	1.83058783029021	0.025	0.033	1	URB1	c4
0.0253790208774673	1.83042129688538	0.041	0.052	1	TTBK2	c4
0.161968545344734	1.83030193764449	0.016	0.02	1	ZNF512	c4
0.013726497043773	1.83020204040003	0.046	0.06	1	EPM2AIP1	c4
0.0509230244478785	1.83014624674339	0.024	0.031	1	LMBRD2	c4
0.00487575944967394	1.82912426756532	0.054	0.071	1	ZNF160	c4
0.0104104197806738	1.82861484506664	0.143	0.188	1	NRDC	c4
0	-1.82802776738361	0.572	0.973	0	VIM	c4
0.0046144249472431	1.82790503686197	0.028	0.04	1	RPTOR	c4
0.0492194630298982	1.82767893410959	0.033	0.042	1	TTC13	c4
0.0149079039227758	1.82740036733371	0.086	0.109	1	CBL	c4
2.75699464722701e-124	-1.82627973376618	0.013	0.189	9.24640864786995e-120	TMEM219	c4
0.0200825557542834	1.8258831334103	0.024	0.033	1	TFCP2	c4
0.00315213544207394	1.82578453726659	0.018	0.028	1	ZNF41	c4
0.00586833545215967	1.82577931806384	0.157	0.21	1	RBM33	c4
0.257775506869334	1.82535775510887	0.211	0.278	1	CNTRL	c4
1.16636771448407e-256	-1.82532282235527	0.041	0.373	3.91176404083667e-252	CITED2	c4
0	-1.82426586001709	0.041	0.438	0	CALM3	c4
0.154455340601769	1.82377463008036	0.007	0.01	1	ACTR3C	c4
0.014202196140153	1.82350157647458	0.034	0.045	1	KIF1B	c4
6.27799346116588e-265	-1.82303530296679	0.026	0.353	2.10551344700581e-260	ZNHIT3	c4
0.0066003854150785	1.82284801431247	0.044	0.059	1	KIAA0355	c4
0.0140397579042323	1.82259392783482	0.013	0.02	1	EPHB6	c4
0.00299217752074777	1.82241801804156	0.036	0.05	1	CIC	c4
0	-1.82233053792542	0.07	0.564	0	CACYBP	c4
0.000324946793055443	1.82232664244557	0.056	0.079	1	PSD4	c4
0.239984655605197	1.82170037936863	0.007	0.01	1	DAB2IP	c4
0.00192072387712704	1.82109438382857	0.033	0.047	1	KAT2B	c4
0.00229467559232646	1.81942070867164	0.036	0.05	1	POLR3A	c4
0.000789260014806294	1.81818265169328	0.027	0.04	1	ENTPD6	c4
0.0203053796295724	1.81811676946343	0.124	0.16	1	LRBA	c4
1.31650526785201e-57	-1.81794517377609	0.006	0.092	4.41529536732206e-53	C1orf50	c4
0.000354718599454839	1.81790030500999	0.059	0.082	1	SELENOO	c4
0.203194060940131	1.8178692835806	0.235	0.318	1	FAM118A	c4
0.000198449551411401	1.81762031355251	0.146	0.203	1	HGS	c4
0.106306032154646	1.81734609593994	0.017	0.022	1	ZBTB41	c4
0.0286244651090055	1.81719840070102	0.016	0.022	1	SIDT2	c4
0.0100511536012174	1.81713166812743	0.039	0.051	1	KSR1	c4
5.93775772238525e-244	-1.81652500703368	0.026	0.334	1.99140518493357e-239	HMGN4	c4
5.72380120349282e-05	1.81625195242693	0.06	0.087	1	EXOC3	c4
6.75220285663769e-05	1.81607764647298	0.07	0.099	1	PDE7A	c4
6.27647890803301e-21	-1.81522565799577	0.002	0.032	2.10500549617611e-16	GPX7	c4
0.0416655948614785	1.81515174389745	0.01	0.015	1	ADAL	c4
0.0093323509831074	1.8148814120364	0.024	0.033	1	ENTR1	c4
8.36277464369625e-190	-1.81416638243466	0.031	0.291	2.80470736000285e-185	GIMAP4	c4
9.328311419021e-31	-1.81408004406626	0.004	0.05	3.12852908371126e-26	COQ5	c4
0.00652734360321111	1.81311757648333	0.06	0.078	1	AFF1	c4
0.0169183743536594	1.81280811495899	0.023	0.032	1	RMRP	c4
0.000927160266336639	1.81271607387916	0.111	0.149	1	AP1G1	c4
0.00660348849160162	1.81270503135181	0.151	0.201	1	TTC17	c4
0.000144648924820732	1.81202878359139	0.062	0.087	1	NAA25	c4
0	-1.8116098979307	0.047	0.52	0	SNHG8	c4
2.43272583637364e-106	-1.81105379034557	0.011	0.163	8.15887591002991e-102	GLRX5	c4
0.000404569629633463	1.81099159835125	0.101	0.137	1	SBF1	c4
0.000308737876962029	1.81040972931218	0.121	0.166	1	BOD1L1	c4
0.0122724312676784	1.80942158658895	0.026	0.036	1	CLUH	c4
0.00402160943812636	1.80886392830385	0.054	0.072	1	CC2D1B	c4
1.33962358067239e-31	-1.80871797017108	0.004	0.052	4.49282956485905e-27	CISD1	c4
0.000232256573033853	1.80836899814399	0.029	0.044	1	CAMTA2	c4
0	-1.80835974451853	0.181	0.902	0	CD3E	c4
0.0313967691128645	1.80832660267268	0.011	0.016	1	GAS7	c4
0.00118689712501166	1.80818209460927	0.065	0.087	1	EDRF1	c4
9.24630385238568e-306	-1.8080535736146	0.031	0.398	3.10102538601311e-301	IMP3	c4
0.351041654134907	1.80758765569252	0.208	0.27	1	PDE4DIP	c4
8.68585328171619e-05	1.80756470806929	0.073	0.103	1	ZFYVE28	c4
4.52577430865957e-181	-1.80606356130852	0.019	0.26	1.51785418763825e-176	MRPL21	c4
0.0652125221015801	1.80573561675483	0.038	0.047	1	SIDT1	c4
0	-1.80546868469469	0.042	0.443	0	EMC7	c4
0.000661660267187215	1.80542510567239	0.153	0.211	1	MARK3	c4
0.28031987062296	1.80519052546889	0.008	0.01	1	AC145124.1	c4
0.00113728296433029	1.80500418774962	0.045	0.062	1	TMEM131L	c4
0.000372571350498946	1.80492296479084	0.05	0.07	1	TAB3	c4
0.00287566971059165	1.80453233274226	0.06	0.08	1	AMBRA1	c4
0	-1.80422859250358	0.14	0.806	0	CRIP1	c4
0.108260740536295	1.80390785992884	0.01	0.013	1	AL359915.2	c4
0.00208023340048019	1.80368843022383	0.041	0.057	1	DTNB	c4
6.8680491506446e-87	-1.8031658869113	0.01	0.137	2.30340632414319e-82	SVBP	c4
0.0228594827798437	1.80312397010491	0.1	0.126	1	MAML2	c4
3.81383340475507e-123	-1.80301868441594	0.015	0.189	1.27908344728676e-118	MRPL37	c4
1.06865701228314e-109	-1.802540721621	0.011	0.168	3.58406188779521e-105	CCNQ	c4
1.16805912983676e-22	-1.80124804643271	0.002	0.035	3.91743670964653e-18	FAIM	c4
0.299335444825511	1.80035641961933	0.008	0.011	1	ZNF354C	c4
0.000548301219939196	1.80006605260218	0.05	0.069	1	SBNO2	c4
0.00588530432965167	1.79983196964865	0.013	0.021	1	MAP4K3	c4
0.00688920751256366	1.79955327321121	0.064	0.084	1	RNGTT	c4
0.0309695917211867	1.79862407789588	0.013	0.019	1	TMEM116	c4
0.0455548765587438	1.79835644072956	0.054	0.066	1	NF1	c4
0	-1.79827043595059	0.121	0.844	0	CNBP	c4
0.00158850675709345	1.7979584536881	0.032	0.045	1	VPS33A	c4
0.000332461062052764	1.79780882766573	0.09	0.123	1	PRKDC	c4
0.0032252681848272	1.79777377498994	0.04	0.055	1	POLR1A	c4
0.00410671882646358	1.79776956001172	0.031	0.043	1	HERC6	c4
0	-1.7971845935323	0.051	0.558	0	NSA2	c4
0.000588680037322639	1.79665179534391	0.03	0.045	1	PIGL	c4
0.00128897861228982	1.79628489031191	0.07	0.095	1	PIBF1	c4
7.89056093949845e-12	-1.79595586006958	0.001	0.018	2.64633632788899e-07	LINC01006	c4
0.0350031737000344	1.79571439167913	0.02	0.027	1	ANKS1A	c4
0.000575111238723009	1.79552321759585	0.047	0.066	1	REXO1	c4
8.88483128648745e-05	1.79541375135231	0.076	0.106	1	NR2C2	c4
0	-1.7953800399482	0.052	0.524	0	RAB11A	c4
0.00143721885714017	1.79473004463161	0.036	0.051	1	ABCB8	c4
0.00049585730132773	1.79467518777996	0.111	0.151	1	DDI2	c4
3.43324216858319e-193	-1.79420053797981	0.019	0.273	1.15144075849943e-188	MRPS18C	c4
0	-1.79401931454049	0.072	0.611	0	H2AFV	c4
0.00027648493391065	1.79322681133302	0.032	0.048	1	SIMC1	c4
0.0222018003045277	1.79297963956448	0.019	0.026	1	ST6GAL1	c4
5.2249626022644e-10	-1.79271741273453	0.002	0.017	1.75234795754743e-05	TRAV12-2	c4
1.08985159176854e-09	-1.79218236189259	0.001	0.014	3.65514426847334e-05	BHLHE40-AS1	c4
0.000608725752295319	1.79192750253697	0.044	0.062	1	IVD	c4
3.51302405169979e-280	-1.79116412080883	0.045	0.399	1.17819800645907e-275	GYG1	c4
0.0109611799574329	1.7909619650201	0.021	0.03	1	RELL2	c4
0.000457140306337443	1.79089851927882	0.065	0.09	1	POGLUT1	c4
3.87157903572027e-39	-1.79071091143207	0.005	0.065	1.29845017699986e-34	TRAPPC6A	c4
2.46970770243624e-202	-1.79068314750182	0.022	0.287	8.28290569243068e-198	PFDN4	c4
0.0248223313077176	1.7899857585668	0.05	0.063	1	EPHA4	c4
0.0113265559568154	1.78993944115313	0.016	0.024	1	SLC25A42	c4
0.00712940599456498	1.78986099816883	0.063	0.081	1	TNKS	c4
0.00677797164053189	1.78878084083409	0.031	0.042	1	GPHN	c4
1.49628428664617e-191	-1.78857754585677	0.018	0.269	5.01823824055392e-187	MRPS12	c4
0.0345464543030011	1.78844365116011	0.135	0.173	1	CREBBP	c4
0	-1.78715195977683	0.057	0.59	0	LAMTOR5	c4
0.000279000988740894	1.78605162099746	0.049	0.07	1	ATP13A3	c4
4.26830733714661e-29	-1.78554588208675	0.004	0.049	1.43150491473223e-24	TAX1BP3	c4
0.0872825117845483	1.78461366896468	0.018	0.023	1	CASD1	c4
0.00231632610043616	1.78459711090627	0.112	0.149	1	PAM	c4
6.98767808232806e-06	1.78409273197563	0.083	0.12	0.234352747525119	CLASRP	c4
2.55613857028089e-62	-1.78405453898508	0.006	0.099	8.57277753700805e-58	GPN3	c4
0.0412111596547153	1.78347797759842	0.01	0.014	1	CDAN1	c4
0.089954514189462	1.78336247928058	0.009	0.013	1	ZNF382	c4
0.0686685701392865	1.78309365388054	0.017	0.022	1	GTF2H2C	c4
2.92813594873363e-57	-1.78288458223221	0.006	0.091	9.82038234486286e-53	PRR7	c4
8.07504880091659e-05	1.78273152294958	0.071	0.1	1	KHDC4	c4
4.17599205045096e-73	-1.7817907560434	0.008	0.116	1.40054421388024e-68	GEMIN7	c4
1.49060371784483e-05	1.78155007739601	0.108	0.154	0.499918674890801	CHFR	c4
1.19887626176653e-187	-1.78073119671625	0.019	0.267	4.0207912067126e-183	C1D	c4
0.038149481400715	1.78073062724178	0.016	0.022	1	KIAA1328	c4
0	-1.78073007694548	0.159	0.907	0	RPS11	c4
1.19163868893172e-19	-1.7801597384574	0.002	0.031	3.99651783493919e-15	TK1	c4
0.00723769735276278	1.78007274270767	0.066	0.086	1	ASCC3	c4
0.0543222367550318	1.77951880941949	0.007	0.011	1	PCCA	c4
1.29980634988752e-21	-1.7795110045437	0.002	0.033	4.35929053625276e-17	SMCO4	c4
0.0253650490637884	1.77948672572277	0.012	0.018	1	EARS2	c4
0.24102147166686	1.7794444179901	0.01	0.013	1	PCBP3	c4
2.9095669251835e-61	-1.77941784685777	0.007	0.099	9.75810555368043e-57	TRAPPC5	c4
0.0128179601531783	1.77914467865539	0.039	0.051	1	TULP4	c4
2.9176816900715e-195	-1.77910036979486	0.021	0.279	9.78532085216179e-191	RRAGA	c4
6.79096783222597e-266	-1.77862188748043	0.031	0.364	2.27755479157194e-261	SMIM12	c4
9.17205668062709e-05	1.77835921592694	0.084	0.117	1	TRIM33	c4
0.000225515225117825	1.77773566454292	0.037	0.055	1	POLM	c4
0.00156447315604631	1.77745716969356	0.044	0.061	1	SERINC5	c4
0.00225733782219453	1.77728335470732	0.035	0.049	1	SETD1A	c4
3.14602512585251e-05	1.77702989749875	0.064	0.093	1	LRCH1	c4
0.168073534932772	1.77692569797901	0.221	0.295	1	RORA	c4
0.0092400699047341	1.77647380496595	0.019	0.028	1	GYS1	c4
0	-1.77629810875168	0.068	0.6	0	EIF5A	c4
2.47610272843998e-05	1.7757409884033	0.049	0.073	0.8304353330642	HELLS	c4
0.0081577720097768	1.77558466779178	0.02	0.029	1	BBS2	c4
8.94269867917377e-181	-1.77533134100113	0.028	0.277	2.9992022830213e-176	TIFA	c4
0.0837990269093966	1.77531540010303	0.015	0.019	1	ZNF589	c4
1.32879816249346e-15	-1.77523692644903	0.002	0.025	4.45652327737057e-11	TMEM187	c4
0.000194526220108469	1.77481707013135	0.042	0.061	1	KDM3B	c4
1.77784330901077e-27	-1.77427975816589	0.003	0.044	5.96253088976031e-23	DYRK4	c4
0.00122658911972843	1.77425884491831	0.029	0.042	1	FMNL3	c4
4.73905331267224e-173	-1.7742262177903	0.018	0.251	1.58938370000402e-168	DPY30	c4
0.00165488938494798	1.77365199672129	0.16	0.218	1	MYCBP2	c4
3.01800378757441e-39	-1.77342747625344	0.004	0.063	1.01217811027671e-34	BOLA2B	c4
0.00168435313776026	1.77266853213575	0.027	0.039	1	FBXW4	c4
0.0244322221604479	1.77243543747277	0.009	0.014	1	RHOQ	c4
2.48015898367798e-130	-1.77217878158676	0.016	0.2	8.3179571994592e-126	SCP2	c4
0.000212464241043782	1.77201010948692	0.075	0.104	1	LARP4B	c4
0	-1.77176422299961	0.046	0.466	0	LAPTM4A	c4
0.000512777132712538	1.77164516120154	0.149	0.205	1	LPIN1	c4
0.0151948323989885	1.77124172717723	0.012	0.019	1	ZFP30	c4
0.000904769680974116	1.77100734251883	0.056	0.077	1	SEL1L3	c4
0.000242335737238879	1.77069177527683	0.034	0.051	1	UBA7	c4
0.0017437198046667	1.77050032852687	0.147	0.2	1	GTF2I	c4
0.017155116545901	1.76956456171868	0.017	0.024	1	BICRA	c4
8.72411503724939e-255	-1.76910051792813	0.028	0.347	2.9258937011927e-250	ASNA1	c4
0.00686003115336837	1.76888409142006	0.022	0.031	1	CPEB2	c4
2.55364286135845e-06	-1.76813207175878	0.004	0.014	0.0856440742842396	TRBV21-1	c4
0.000304997953680154	1.76739920492329	0.059	0.083	1	FUT8	c4
0	-1.7671941478816	0.157	0.796	0	IL32	c4
0.000790192666826484	1.76717721500607	0.02	0.031	1	GALNS	c4
0	-1.76710520149337	0.046	0.494	0	ATP5F1C	c4
7.41506848291618e-136	-1.766912454157	0.018	0.209	2.48686566780043e-131	PSENEN	c4
0.0024846282045965	1.76627527611773	0.031	0.044	1	TAP2	c4
0.000121657078039307	1.7661320320417	0.036	0.054	1	AC058791.1	c4
0.435051254914768	1.76575933718541	0.252	0.343	1	LUC7L3	c4
0.00207584758158821	1.76570995319248	0.047	0.064	1	MRNIP	c4
0.000224877536770059	1.76563889720629	0.146	0.202	1	CCDC88C	c4
0.00315408455995583	1.76544126793693	0.051	0.069	1	USP32	c4
0.0574920007036149	1.76495999557468	0.015	0.02	1	VPS54	c4
0.000965780443003584	1.76486686767966	0.051	0.07	1	PITPNM1	c4
0.035965136807252	1.76472912316001	0.01	0.015	1	HLCS	c4
0.0166607273844856	1.7647247719284	0.021	0.029	1	ANKMY1	c4
0.00550952534868511	1.76399844097442	0.039	0.053	1	SPECC1L	c4
5.59501267156121e-25	-1.76389655008469	0.003	0.04	1.8764553497882e-20	MORN2	c4
0.0042412279726428	1.76339290471764	0.031	0.044	1	ADCY3	c4
0.00853615343743168	1.76284444429209	0.03	0.041	1	PCMTD2	c4
0.00767077363335089	1.76254009621357	0.012	0.019	1	NBPF3	c4
0.00438132275820554	1.76203814002307	0.005	0.011	1	BRCA1	c4
6.19980522600892e-06	1.76167641627641	0.038	0.06	0.207929067669887	POU2F1	c4
0	-1.76155563834224	0.092	0.72	0	SSR2	c4
2.95982274563997e-179	-1.76083514214499	0.022	0.265	9.92665352432733e-175	CHRAC1	c4
0.00259345297266704	1.75978151164916	0.039	0.054	1	TBL1X	c4
0.0505621144806591	1.75856986775073	0.011	0.015	1	TMTC4	c4
0.0250863087411814	1.75843948202215	0.019	0.026	1	RBM12B	c4
0.000125603868270271	1.7583775765952	0.058	0.082	1	DLG1	c4
1.39883555043794e-240	-1.75803181773499	0.027	0.334	4.69141466905878e-236	PHF5A	c4
7.66608057600159e-50	-1.75776636202059	0.006	0.082	2.57105010357941e-45	CDKN2D	c4
0.000813021150697205	1.75767994095613	0.11	0.147	1	TFRC	c4
8.14646146522893e-05	1.75760424128758	0.068	0.096	1	NECAP1	c4
0.000349648104519833	1.75711942537836	0.055	0.077	1	FAM91A1	c4
0.000268729106340123	1.75710823057624	0.027	0.042	1	PATL2	c4
1.17298449244209e-289	-1.7569113816241	0.029	0.38	3.93395539075227e-285	C8orf59	c4
0.00510061018691604	1.75587651575551	0.015	0.023	1	KLC4	c4
0.000280632136570803	1.75549194779692	0.106	0.145	1	DLEU2	c4
1.17509476517393e-125	-1.75421746313229	0.014	0.191	3.94103282344034e-121	LSM4	c4
2.05791523119087e-179	-1.75419509481525	0.021	0.263	6.90183610236793e-175	CYB5A	c4
0.000706854550377052	1.75266275171389	0.019	0.03	1	CEP152	c4
0.00528447792061443	1.7522451123001	0.01	0.017	1	LINC00685	c4
0.000110809456683712	1.7517735844411	0.032	0.049	1	MOV10	c4
5.72948179405911e-06	1.75163489432433	0.047	0.073	0.192155360409155	PCYT1A	c4
2.244859712739e-40	-1.75163267049228	0.006	0.069	7.52881050458405e-36	MRPS28	c4
5.81514534427321e-267	-1.75133295705582	0.031	0.365	1.95028344556235e-262	MRPL57	c4
1.73960509967163e-60	-1.7512791028561	0.009	0.102	5.83428758327871e-56	CEBPD	c4
0.000334500383091452	1.75081813390574	0.061	0.085	1	ANKIB1	c4
2.66306004901948e-219	-1.75080170284678	0.023	0.306	8.93137079240155e-215	RABIF	c4
0.000638008407823073	1.75040274983927	0.035	0.051	1	OSBPL3	c4
0.000397661817368778	1.75010159918478	0.036	0.053	1	HDAC10	c4
3.31153570079838e-05	1.7498428834566	0.11	0.154	1	MTG1	c4
9.91488911523256e-20	-1.74969921325165	0.001	0.03	3.3252555114667e-15	BEX3	c4
0.00146112343400891	1.74897871402891	0.094	0.126	1	MADD	c4
0.0335890435858154	1.74828361072483	0.007	0.012	1	PCOLCE	c4
0.00920265897698705	1.74761548266077	0.022	0.031	1	TRIM65	c4
6.74414387769124e-124	-1.74734991474074	0.015	0.19	2.26185097370009e-119	FAM110A	c4
0.0128253753735409	1.74670425775539	0.023	0.031	1	IPO11	c4
0.0461180099415382	1.74636686909699	0.006	0.01	1	MDK	c4
0.000480669400924916	1.74615335814321	0.049	0.068	1	PIK3C2A	c4
0.00669168812706194	1.7460889745236	0.018	0.026	1	RBM41	c4
0.677263864767575	1.74502351564752	0.266	0.363	1	ANKLE2	c4
0	-1.74379273856028	0.174	0.891	0	CCNI	c4
0.00138084436494123	1.74310325521123	0.028	0.041	1	PLEKHM2	c4
1.39343481311576e-246	-1.7427480769695	0.027	0.339	4.67330167622763e-242	OCIAD2	c4
0.0449537484113571	1.74257266626882	0.013	0.018	1	CCDC7	c4
8.41375608346747e-05	1.74236908042387	0.074	0.104	1	CDC16	c4
0.204242307549323	1.74205807836168	0.025	0.029	1	RERE	c4
0.00453125762851418	1.74199474592449	0.051	0.068	1	KDM4C	c4
0.0135446894862228	1.741984526529	0.018	0.025	1	MMP25-AS1	c4
2.27443623886098e-09	-1.74194060893317	0	0.013	7.62800425789194e-05	AURKB	c4
0.00531790952262221	1.74140175017434	0.176	0.239	1	GPRIN3	c4
0.000575131903589644	1.74126067813631	0.15	0.206	1	RIF1	c4
0.000450789280816974	1.74120937003	0.047	0.066	1	ORC2	c4
0.00356405827052237	1.74117275105645	0.036	0.049	1	NABP1	c4
0.0115989195573461	1.74097191927727	0.021	0.03	1	TMEM260	c4
0.00390081432618918	1.74064482931789	0.035	0.048	1	PLCG2	c4
3.18258311079111e-05	1.74054215209767	0.057	0.083	1	TAZ	c4
0.00142732058337908	1.7397121515359	0.041	0.057	1	DOPEY1	c4
0	-1.73945163648615	0.038	0.446	0	RNF181	c4
0.0197560738519831	1.73930800002514	0.03	0.04	1	ZNF611	c4
0.000120737332752002	1.73864302740618	0.036	0.055	1	LIG1	c4
0.0446447663425611	1.73818364312782	0.008	0.012	1	ZNF829	c4
6.43190942174461e-05	1.73794294369317	0.064	0.092	1	UBE2O	c4
0.0325307576134606	1.73763134132264	0.014	0.02	1	ZNF678	c4
1.63766267385551e-284	-1.7371317956015	0.032	0.382	5.49239307557662e-280	RANBP1	c4
3.35789209376192e-06	1.73680708009678	0.091	0.132	0.112616985040587	MGRN1	c4
0.00404602045644891	1.73667961882258	0.051	0.067	1	ZER1	c4
9.8404505635681e-05	1.73655440379502	0.145	0.204	1	SLC4A7	c4
0.0812633498357126	1.73632689458738	0.009	0.013	1	TSEN2	c4
0.0014203399588012	1.73612275391888	0.191	0.267	1	CASP8	c4
1.22424179082309e-05	1.73607158819911	0.142	0.204	0.410586211806247	DGKZ	c4
4.99966563433037e-06	1.73599755170154	0.052	0.079	0.167678786044172	CDK5RAP2	c4
0.00031676413722063	1.73571355009617	0.028	0.043	1	ZNF141	c4
8.01745514217835e-05	1.73525791930731	0.043	0.063	1	NDUFAF7	c4
0.00766076098551923	1.73486079713516	0.031	0.043	1	RAD54L2	c4
0.00478622981553357	1.73439389167699	0.023	0.033	1	CDK19	c4
0.185638624886171	1.73429601988345	0.011	0.014	1	NCKAP5L	c4
0.000596175067199854	1.73411910343464	0.09	0.122	1	GRIPAP1	c4
0.00489039224877462	1.73368151227098	0.014	0.022	1	RPAP1	c4
2.52394680358601e-42	-1.73272356028701	0.005	0.069	8.46481278986676e-38	CD9	c4
3.40439202492509e-228	-1.73266823095986	0.059	0.369	1.14176499731938e-223	GZMK	c4
5.56143407115108e-05	1.73192452517159	0.025	0.041	1	CHKB	c4
5.84098889435864e-05	1.73156618525911	0.091	0.128	1	NUP214	c4
0.00255646475858792	1.73146087832296	0.023	0.034	1	TTC24	c4
2.0126209563683e-306	-1.73072409055056	0.035	0.405	6.74992816346801e-302	ZMAT2	c4
0.0452489218774385	1.73031663868292	0.007	0.011	1	TBX19	c4
9.44250104533526e-05	1.73031321527321	0.082	0.114	1	RUBCN	c4
0.117526275387803	1.73030829091481	0.011	0.014	1	KIAA1324L	c4
4.35665658566711e-09	-1.73021986380415	0.004	0.019	0.000146113548570103	TRBV5-4	c4
0.0027014851456275	1.72956914806898	0.121	0.161	1	CASZ1	c4
0.0536640115042111	1.72926704840378	0.006	0.01	1	SMN1	c4
8.79175833120909e-20	-1.72908687628535	0.003	0.033	2.94857990912091e-15	MOCS3	c4
2.00011062946462e-05	1.72888836135305	0.053	0.078	0.670797102909843	SETDB2	c4
0	-1.72858451895579	0.041	0.457	0	EIF6	c4
0.49066133190892	1.72825143652276	0.22	0.286	1	KDM2A	c4
3.25165827793109e-05	1.72812062492151	0.09	0.127	1	ELMSAN1	c4
0	-1.72806992712685	0.166	0.869	0	SLC25A3	c4
5.58859092469174e-05	1.72793977530735	0.096	0.135	1	PLEKHM1	c4
0.00511927886343558	1.72650158834623	0.039	0.053	1	FYCO1	c4
0.00858872581632831	1.72647213892987	0.021	0.03	1	ZNF518A	c4
0.00208108605725548	1.72617133379834	0.018	0.028	1	FAM228B	c4
1.06596006825032e-241	-1.72608627268578	0.028	0.336	3.57501687689794e-237	POLR2F	c4
6.18596667294383e-06	1.72600863935862	0.031	0.051	0.20746495027719	PCGF3	c4
2.81560743741659e-55	-1.72549444825866	0.007	0.091	9.44298422360774e-51	CBR3	c4
0	-1.72489398744899	0.104	0.672	0	ITM2A	c4
0.0393262235216069	1.72470870961339	0.011	0.016	1	ZNF606	c4
0.00235383170403839	1.72434213366808	0.041	0.057	1	ELP1	c4
0.00327932043605173	1.72412327846727	0.015	0.024	1	LARS2	c4
8.7746217612376e-05	1.72378012633908	0.079	0.11	1	CSNK1G1	c4
0.000642788512510247	1.72355123436968	0.145	0.199	1	UHRF2	c4
5.3605632495424e-17	-1.72333143324209	0.003	0.028	1.79782570263153e-12	ZBTB9	c4
0.0341395987760408	1.72319753818671	0.011	0.016	1	ZFPM1	c4
2.22884501905601e-26	-1.72287417294753	0.003	0.043	7.47510042491005e-22	GNGT2	c4
0.00864491063727724	1.72215308827886	0.029	0.04	1	MIB1	c4
2.09664210930966e-05	1.72155791252717	0.093	0.133	0.703171830620273	MARF1	c4
1.87388889122857e-06	1.72143462350383	0.122	0.177	0.0628464856340237	CDK6	c4
0.000388115306409779	1.72131566334238	0.124	0.169	1	SPTBN1	c4
0.00609129383777938	1.72128079885121	0.046	0.06	1	ZNF746	c4
0.00160648349864772	1.72105570710215	0.022	0.034	1	EFCAB2	c4
0.0153922966145921	1.72082539246044	0.027	0.036	1	BMPR2	c4
5.62704067838301e-05	1.72071820534696	0.04	0.06	1	ULK3	c4
6.26542515926502e-06	1.72051990447992	0.054	0.082	0.21012982899143	AC008105.3	c4
0.0598049670279324	1.72034584811727	0.306	0.405	1	GOLGB1	c4
2.48212338169163e-197	-1.72009479439888	0.023	0.284	8.32454539751738e-193	PRPS1	c4
0.00385324708756199	1.71995902338741	0.024	0.034	1	CACTIN	c4
0.0711000262505467	1.71986028828488	0.009	0.013	1	ST3GAL3	c4
3.74106396842623e-06	1.71904371074859	0.039	0.062	0.125467803373079	MFN1	c4
0.0485151207032573	1.71863797522977	0.007	0.011	1	SOX12	c4
4.65173774479201e-05	1.71792414115944	0.034	0.053	1	LDB1	c4
0.0366117966533689	1.71763814995995	0.006	0.01	1	CABLES2	c4
5.55645960683052e-05	1.71748185322357	0.064	0.092	1	FBXO11	c4
8.43395326331051e-308	-1.71730183590079	0.04	0.415	2.82857924544908e-303	SEC11C	c4
6.79689126065751e-102	-1.71692446914107	0.011	0.158	2.27954139099932e-97	TP53RK	c4
0.039169686049392	1.71617912945817	0.324	0.441	1	ILF3	c4
1.95650105554086e-05	1.71540386264032	0.028	0.046	0.656171324007295	POLL	c4
0.00624108958665801	1.71523577612217	0.024	0.034	1	TRAPPC9	c4
3.17139019276152e-05	1.71451057544907	0.052	0.077	1	MINK1	c4
0.00336205932546279	1.71415792798349	0.04	0.055	1	ZNF493	c4
7.87587512329495e-165	-1.71404327415254	0.02	0.245	2.64141099885066e-160	C19orf24	c4
2.24655201081676e-06	-1.7139453031082	0.005	0.016	0.0753448613387724	TRBV5-1	c4
0.00214710325185107	1.7136393673621	0.017	0.027	1	ALG6	c4
0	-1.71329111597442	0.093	0.717	0	HNRNPF	c4
2.23047591981342e-06	1.7125651900936	0.128	0.185	0.0748057013987023	ANKRD44	c4
0.0515448850695414	1.71253180240568	0.011	0.016	1	ZNF692	c4
0.0219623977257392	1.71252033299284	0.006	0.01	1	C18orf54	c4
1.53462825581758e-06	1.71248230858103	0.063	0.096	0.0514683624436098	ZNF276	c4
0.0464009273819082	1.71230679328037	0.007	0.011	1	NUBPL	c4
0.000165378153945835	1.71212621004571	0.046	0.066	1	MAP3K3	c4
5.03075988403438e-05	1.71198037084513	0.053	0.077	1	PAN3	c4
0.0134513529253348	1.71194705964988	0.018	0.025	1	ALG9	c4
0.167038352220461	1.71143332049612	0.013	0.016	1	AARS2	c4
0.0158010074856909	1.71139158531413	0.005	0.01	1	PCYOX1L	c4
8.57297805044054e-213	-1.710978640206	0.024	0.301	2.87520537855675e-208	LSM1	c4
1.56717088196938e-05	1.71093195484194	0.04	0.062	0.525597770394891	MARCH9	c4
0	-1.71048192511494	0.049	0.517	0	APRT	c4
0.0025849122657939	1.71022938703539	0.049	0.066	1	TAOK2	c4
9.9022511453668e-05	1.70980488437246	0.112	0.155	1	DOCK10	c4
0.0402578640871894	1.70959805580957	0.012	0.017	1	ZNF280C	c4
0	-1.70944489732534	0.213	0.923	0	EEF2	c4
4.44375748678737e-160	-1.70941482322351	0.019	0.239	1.49034738591875e-155	C18orf32	c4
2.73803070082057e-05	1.70894738999378	0.025	0.042	0.918280736441204	C7orf43	c4
1.7977014937482e-241	-1.70842072482873	0.027	0.334	6.02913126973271e-237	TRAPPC4	c4
7.66965372547922e-05	1.70738073682746	0.079	0.11	1	UVRAG	c4
0.0242315896541198	1.70643913656604	0.005	0.01	1	MICU3	c4
0	-1.70628541644162	0.047	0.482	0	GSTP1	c4
0.0020104044624254	1.70531672924348	0.022	0.033	1	HEXDC	c4
0.148057649673175	1.70523398395632	0.014	0.018	1	FCRL3	c4
3.23408250767515e-05	1.70514102361862	0.04	0.061	1	ZNF33B	c4
0.24008373500467	1.70342002909599	0.007	0.01	1	KIFC3	c4
0.0223893207755753	1.7031860352353	0.02	0.028	1	JAKMIP2	c4
7.66479981532258e-253	-1.70284950194947	0.029	0.347	2.57062056206289e-248	MGST3	c4
0.000193519492388713	1.70248135611597	0.033	0.05	1	CEP170	c4
0.000332458185394834	1.7017102355589	0.035	0.051	1	CEP295	c4
8.94527439439649e-05	1.70138246829367	0.048	0.07	1	PPP1R37	c4
0.000291299306427906	1.70133633183311	0.049	0.069	1	TCF20	c4
2.60763064095621e-182	-1.70055248695573	0.021	0.266	8.74547164363894e-178	NDUFB7	c4
3.11327791792457e-06	1.70044519277469	0.133	0.192	0.104413114811354	SREBF2	c4
8.230748712674e-05	1.70005837592861	0.136	0.191	1	TRIP12	c4
1.98700144667547e-05	1.69995484571078	0.051	0.076	0.66640054518602	RSRC1	c4
0.000230459248628976	1.69960126281872	0.031	0.048	1	SARM1	c4
0.00206421624028256	1.69952862808711	0.062	0.083	1	ZNF224	c4
0	-1.69944842741877	0.135	0.844	0	TRIR	c4
0.000466452682824229	1.69928377024811	0.025	0.039	1	ATP8B4	c4
5.68412935973765e-42	-1.69914631350696	0.004	0.067	1.90634330466881e-37	COPRS	c4
0.0879745772020046	1.699145946378	0.011	0.016	1	SPEF2	c4
0.00755244943662906	1.69895449582065	0.007	0.013	1	AC009961.1	c4
0	-1.69861096190246	0.048	0.459	0	ERP29	c4
0.00317974725655893	1.69787700077394	0.021	0.032	1	PIK3R3	c4
2.06316252228668e-06	1.69744499529436	0.087	0.127	0.0691943446724508	GLYR1	c4
0.00779048798793869	1.69642349989348	0.02	0.029	1	GAB2	c4
0	-1.69635042030178	0.05	0.506	0	SF3B4	c4
0.000430753754271332	1.69622240060638	0.041	0.059	1	PDCD11	c4
0.00250136277678023	1.69619421612761	0.033	0.046	1	ZNF235	c4
0.000723039187397865	1.69559685953221	0.022	0.034	1	APPL2	c4
0.136793025907328	1.6955650533163	0.008	0.011	1	ENTPD5	c4
0	-1.69528272553378	0.196	0.833	0	HLA-DRB1	c4
0.00286600226074511	1.69453628975184	0.021	0.031	1	MLYCD	c4
3.90441746578177e-58	-1.69424447912607	0.006	0.093	1.30946352967389e-53	ZNHIT2	c4
0.000454702018235466	1.69380709045173	0.059	0.082	1	KDM7A	c4
2.23163801726969e-06	1.6935134371412	0.045	0.07	0.074844675823191	LRCH4	c4
4.67906693942409e-276	-1.69345066109302	0.031	0.373	1.56926547014405e-271	RPS17	c4
0.00725042624711019	1.69335826665254	0.176	0.238	1	BACH1	c4
0.000937124027381488	1.69319800614162	0.037	0.053	1	ATG14	c4
0.191630975863399	1.69274741478104	0.008	0.011	1	LINC00115	c4
1.66124516099173e-05	1.6926926471653	0.068	0.098	0.557148402093406	RNF111	c4
4.15192422964966e-05	1.69268380521198	0.082	0.116	1	INTS6	c4
1.32041831229597e-05	1.69262613045773	0.092	0.132	0.442841893577824	PSME4	c4
0.0410179874676224	1.692573156843	0.028	0.036	1	PHF2	c4
8.05784276325906e-05	1.69243902106885	0.024	0.039	1	C2CD5	c4
0.077572185112394	1.6923739260669	0.007	0.011	1	SYCP2	c4
3.42368219139712e-06	1.69224599641667	0.046	0.071	0.114823453335077	NARFL	c4
0.000995866711493103	1.69147059842678	0.033	0.048	1	SLC2A6	c4
0.00376797150711255	1.6911259545961	0.016	0.025	1	KIAA1147	c4
6.79523549469708e-05	1.69096765386697	0.045	0.066	1	SLC4A2	c4
0	-1.69059227143742	0.034	0.407	0	SNRPB2	c4
0.0256977830819461	1.69050897515607	0.011	0.017	1	ZNF283	c4
2.73205575810949e-05	1.68920600983706	0.049	0.072	0.91627686015476	NRDE2	c4
2.55443169232548e-51	-1.68882770161281	0.006	0.084	8.5670530097212e-47	SPTSSA	c4
0.00166595552362966	1.68858667959449	0.195	0.273	1	TRPC4AP	c4
1.18483961221458e-110	-1.68836329970287	0.011	0.169	3.97371509144525e-106	TMEM126A	c4
0.000211597582155292	1.68813059171866	0.343	0.45	1	FLNA	c4
1.17817287010003e-206	-1.68793576305252	0.028	0.304	3.95135617174148e-202	RAB9A	c4
1.14897805122775e-202	-1.68792134846083	0.026	0.295	3.85344258820762e-198	NDUFB1	c4
3.59971935513134e-128	-1.68768984107835	0.017	0.2	1.20727387732395e-123	TMEM167A	c4
5.73917999660006e-06	1.68660370676214	0.033	0.054	0.192480618725973	DTX3	c4
4.92614705443328e-06	1.68654964411376	0.049	0.075	0.165213119911583	PTPN23	c4
0.000189858300197811	1.68634309977179	0.025	0.039	1	ATAT1	c4
1.77667798618565e-05	1.68632008035956	0.034	0.054	0.595862263006943	MTMR4	c4
0.000225643736708755	1.68613537043705	0.016	0.028	1	EFHC1	c4
0.059329840736107	1.68591563311444	0.007	0.011	1	TSNARE1	c4
2.81138351389984e-293	-1.68547177758025	0.042	0.408	9.42881802891728e-289	CD63	c4
0.00011427858145726	1.68490157764729	0.025	0.04	1	NSMF	c4
3.33793491750595e-91	-1.6846462240958	0.012	0.146	1.11947661263315e-86	BORCS6	c4
0	-1.68455869164015	0.044	0.444	0	MAPRE1	c4
0.00237775524701334	1.68451972524623	0.019	0.029	1	HERC3	c4
2.20277330660957e-05	1.68432707895345	0.151	0.215	0.738766111570717	KDM2B	c4
0	-1.68402222315028	0.573	0.995	0	UBC	c4
3.87094547476292e-30	-1.68382584874737	0.003	0.049	1.29823769332599e-25	MAD2L1	c4
6.44641291746539e-05	1.68258301164044	0.06	0.087	1	MTMR3	c4
0.0332528543765852	1.68249511042021	0.008	0.012	1	ABCC4	c4
1.07226644108447e-05	1.68244698878907	0.14	0.2	0.359616719010908	SLC6A6	c4
2.55583457547417e-06	1.68234781033491	0.072	0.106	0.0857175799922526	AKT3	c4
3.60580543864398e-05	1.68191157316744	0.055	0.08	1	YTHDC2	c4
4.10669467391502e-06	1.68169382037956	0.101	0.146	0.137730325973762	PHACTR4	c4
0.000120937332725467	1.68093898796034	0.035	0.053	1	SENP7	c4
0.0014876941648736	1.68086932585387	0.129	0.173	1	GPCPD1	c4
5.97774727220246e-27	-1.68044209203524	0.003	0.043	2.00481688015126e-22	SPNS3	c4
1.74146064426685e-21	-1.67859758045972	0.003	0.036	5.84051070874217e-17	CDT1	c4
0.442554129629948	1.67783890681682	0.242	0.322	1	CEMIP2	c4
0.0060769580782561	1.67783672799141	0.028	0.039	1	SRGAP3	c4
0	-1.67750676231136	0.47	0.99	0	EIF1	c4
0	-1.67687737121068	0.045	0.489	0	POLR1D	c4
0.00126298880169347	1.67676651470145	0.026	0.039	1	RBSN	c4
0.000243148150519727	1.67655938249716	0.015	0.027	1	SLFN12	c4
0.0125026723658448	1.67552564515176	0.019	0.027	1	FTO	c4
0.000154183999549271	1.67534419599607	0.174	0.246	1	PDXDC1	c4
8.94861134372388e-13	-1.67434702420262	0.002	0.021	3.00118527245812e-08	TRAV16	c4
0.000310066202636948	1.67403192565184	0.064	0.089	1	NCOA2	c4
0	-1.67363504943567	0.048	0.474	0	GMFG	c4
0	-1.67267674877145	0.101	0.748	0	MAP1LC3B	c4
0.00602465446509382	1.67216768750359	0.016	0.024	1	CDHR3	c4
2.95259586505814e-189	-1.67212183608808	0.023	0.277	9.90241601223198e-185	CCDC124	c4
0.0049699714041806	1.67209735884756	0.164	0.221	1	ABCC1	c4
4.90426404898978e-05	1.67124284522385	0.148	0.209	1	USP48	c4
0.00204137485135151	1.67115261157722	0.026	0.038	1	LCORL	c4
1.32710733670881e-05	1.67097184488668	0.154	0.221	0.4450852585854	DOCK8	c4
8.0472634025578e-05	1.67055711183983	0.04	0.06	1	CMTR1	c4
1.48262228135087e-08	-1.6701372822128	0.001	0.012	0.000497241860719456	REG4	c4
0.000199297689814424	1.67004915476529	0.051	0.073	1	ATG16L1	c4
7.58022532228227e-05	1.66968647588008	0.048	0.07	1	TCF12	c4
0.00283870451553543	1.66961827899893	0.025	0.036	1	CYB561D1	c4
7.29569633665454e-06	1.66951776757973	0.096	0.138	0.24468306373872	KIDINS220	c4
0	-1.66929016641968	0.2	0.928	0	PFDN5	c4
3.89358994021345e-115	-1.66878944349247	0.013	0.178	1.30583219414879e-110	SUSD3	c4
4.41131187376377e-05	1.66864259016855	0.088	0.123	1	SIPA1L1	c4
0.00104124637874877	1.66805294328411	0.176	0.244	1	ATF7IP	c4
0	-1.66773770311881	0.086	0.609	0	YWHAH	c4
1.98787043479029e-06	1.66770459068795	0.064	0.096	0.0666691986419968	ADAM19	c4
7.83769392507696e-120	-1.66698703438033	0.013	0.183	2.62860578859231e-115	MRPS23	c4
0.00262161346925738	1.66695459556966	0.033	0.047	1	STK11	c4
7.87048316582024e-12	-1.66676698643343	0.002	0.019	2.63960264415279e-07	ALKBH2	c4
1.26270661570692e-12	-1.66676535746339	0.001	0.019	4.23486544775786e-08	SCO2.1	c4
6.93261965659719e-301	-1.66605138235896	0.041	0.411	2.32506198042957e-296	ISG15	c4
0	-1.66545887355052	0.119	0.746	0	PLP2	c4
0	-1.66494431594836	0.08	0.629	0	RAC2	c4
1.23898497912513e-13	-1.66420137852996	0.001	0.021	4.15530782298985e-09	C11orf71	c4
0.000266897691215279	1.66408844265203	0.033	0.05	1	ELMOD3	c4
0.0191557246453925	1.66402889383236	0.012	0.018	1	SPATA6L	c4
3.38609449373967e-05	1.66392307630526	0.209	0.308	1	BPTF	c4
1.16637824613343e-05	1.66281872262712	0.057	0.084	0.391179936188228	ANGEL2	c4
0.00011251484147123	1.66247563727161	0.077	0.108	1	SMAD3	c4
2.42885917849054e-06	1.6622938035994	0.039	0.063	0.0814590791282158	ZBED5	c4
1.68963245623151e-05	1.66192771335007	0.032	0.052	0.566668933170925	PHF10	c4
0	-1.66186071255575	0.085	0.65	0	HNRNPA0	c4
0.0132546469023526	1.66175704984	0.018	0.026	1	CLNK	c4
0.000401818827931738	1.66132144188007	0.016	0.027	1	C12orf4	c4
0.000981827315871349	1.66121609841101	0.024	0.037	1	ZSWIM6	c4
4.63803846449562e-05	1.6611796559327	0.041	0.062	1	CHD7	c4
4.82323891925093e-143	-1.66043008026411	0.018	0.219	1.61761786873838e-138	GPN1	c4
0.000109300839973552	1.65954257156116	0.038	0.057	1	CEP250	c4
6.89583702080853e-05	1.65931043241894	0.088	0.123	1	NEK1	c4
6.81971363337912e-05	1.65923930069355	0.158	0.223	1	XRN1	c4
0.00980073328775332	1.65778176257253	0.036	0.048	1	PIK3CB	c4
1.99448794592941e-06	1.6571839962298	0.062	0.094	0.0668911367305806	NBPF26	c4
0.0205118908903749	1.6566772084001	0.012	0.019	1	MIR222HG	c4
4.51956688967861e-165	-1.65638901956047	0.019	0.243	1.51577234346041e-160	ZNF22	c4
3.05682643599274e-05	1.65559560043499	0.033	0.052	1	PREPL	c4
0.754017136799926	1.6552517139041	0.296	0.408	1	FMNL1	c4
1.10565591412687e-07	-1.65509768119701	0.001	0.011	0.00370814880479868	HIST1H3B	c4
4.42964797850034e-06	1.65503691913324	0.097	0.14	0.148561533902944	FNIP1	c4
0.018171907336664	1.65498638398093	0.009	0.014	1	MKL2	c4
0.000684979759883434	1.65494036275613	0.03	0.044	1	DNMT3A	c4
6.67201067811263e-05	1.6548922243946	0.024	0.039	1	ZDHHC13	c4
2.95913913354751e-05	1.65419446945252	0.027	0.044	0.992436082609165	ECHDC2	c4
3.94962350310228e-187	-1.65406234620377	0.026	0.28	1.32462473047044e-182	SLC10A3	c4
7.39375529055485e-06	1.65355137179129	0.099	0.142	0.247971764934629	ARFGEF1	c4
8.53788234559189e-206	-1.65337950511456	0.028	0.302	2.86343498106461e-201	DNPH1	c4
0.000132256653088205	1.65332996467615	0.018	0.031	1	ATAD5	c4
9.93312049731465e-81	-1.65317289634414	0.008	0.126	3.33136995238939e-76	TRIAP1	c4
0.0897819462693306	1.6531673218571	0.011	0.015	1	SIPA1L3	c4
7.8110970657583e-35	-1.6530917296454	0.005	0.059	2.61968573391402e-30	AD000671.2	c4
9.89433982777404e-05	1.65308482450218	0.02	0.033	1	SH3BP2	c4
0.000171479957568181	1.65268027391259	0.037	0.055	1	DENND6A	c4
7.0117444177027e-06	1.65262017988863	0.06	0.089	0.235159884280913	ERBIN	c4
1.38195450923592e-210	-1.65249827750019	0.025	0.302	4.63479903307544e-206	MRPL47	c4
0.00485024608023198	1.65237383711531	0.02	0.03	1	TRMT2B	c4
1.46331789819589e-303	-1.65102102083519	0.037	0.407	4.90767556696938e-299	MRPS36	c4
0.000321722387417797	1.65014780865824	0.203	0.291	1	ATXN2L	c4
3.16628343689192e-05	1.64999278777387	0.032	0.051	1	VPS35L	c4
0.000185537236725847	1.64972121566088	0.035	0.052	1	GPALPP1	c4
5.3003091443099e-49	-1.64960554164893	0.006	0.081	1.77761768081865e-44	DNAL4	c4
2.37750710304047e-262	-1.64947311507277	0.035	0.367	7.97368332217713e-258	CUTA	c4
5.2401140709465e-06	1.64929028560083	0.096	0.139	0.175742945711404	SETD1B	c4
4.0962932156904e-05	1.64876530561175	0.045	0.067	1	SOS2	c4
0.00409234354843057	1.64828474087609	0.024	0.034	1	ASPH	c4
0.00337484891688278	1.6474323960008	0.02	0.03	1	EEF2K	c4
2.14334619417034e-71	-1.64719432501175	0.009	0.117	7.18835446600849e-67	BID	c4
0.00610684362413952	1.64716236968367	0.006	0.011	1	MCM8	c4
0.00687526207588545	1.64702522573936	0.011	0.018	1	KIF27	c4
6.15739874719849e-262	-1.6469519910522	0.049	0.39	2.06506839183543e-257	GIMAP7	c4
0.073282563592219	1.64685856432556	0.007	0.01	1	MTAP	c4
0.000229745608447037	1.64673365669675	0.018	0.031	1	EFCAB7	c4
0.0460090952907879	1.64664860610434	0.006	0.01	1	C15orf41	c4
0.00139021175188792	1.64664719215545	0.187	0.26	1	NIN	c4
2.54880408228386e-05	1.64651621254792	0.123	0.174	0.85481791311636	HIVEP1	c4
0.0593121436228329	1.64649329837853	0.008	0.012	1	QPCTL	c4
4.81923132343187e-17	-1.64622040239617	0.002	0.027	1.61627380125258e-12	GSTM3	c4
2.76437536542167e-05	1.64519813835152	0.016	0.029	0.927116210055119	POMGNT1	c4
0	-1.64512931875865	0.046	0.493	0	EIF3I	c4
1.94982385914007e-150	-1.64489906363846	0.019	0.229	6.53931925878397e-146	C17orf49	c4
0	-1.64487676944519	0.252	0.967	0	RPL13A	c4
0.119933690183562	1.64464845777727	0.01	0.013	1	AC093010.2	c4
5.10929734358865e-06	1.64462730253058	0.074	0.108	0.171355614309276	RUNX1	c4
9.69253555360857e-51	-1.64436704083368	0.007	0.085	3.25068257396924e-46	FEN1	c4
3.21597733616142e-06	1.64417834413399	0.119	0.173	0.107857447900182	S100PBP	c4
0.00274881055519261	1.64390881794634	0.019	0.029	1	CLN8	c4
2.06138481575475e-05	1.64348987942047	0.131	0.185	0.691347239507826	ZNF335	c4
0.000372276791655081	1.64343132704217	0.113	0.154	1	MAP4K5	c4
5.63972788073445e-35	-1.64289270449446	0.006	0.061	1.89145193664072e-30	ICAM2	c4
0.00177389805134592	1.64273454032681	0.184	0.256	1	DAPK2	c4
0.00054432338854351	1.64190434670336	0.014	0.024	1	SH3GLB2	c4
0.00139262659585579	1.64138941921591	0.362	0.501	1	ARHGEF1	c4
3.92231746369782e-06	1.64102502016411	0.035	0.057	0.131546683097497	AGPAT4	c4
2.29413651991305e-165	-1.64098618329169	0.018	0.243	7.69407506048438e-161	VBP1	c4
0.000264421979493686	1.64039134157988	0.035	0.052	1	JAK2	c4
0.169991061961036	1.63885095411703	0.009	0.012	1	NEK8	c4
0	-1.63766872584667	0.203	0.886	0	CD8A	c4
6.55297739053857e-05	1.63765581643244	0.027	0.043	1	TCF3	c4
0.00885865652268615	1.63739491789208	0.014	0.022	1	CEP131	c4
6.52425595568842e-121	-1.63703384247401	0.015	0.188	2.18810496241878e-116	CHTF8	c4
3.94827380516864e-05	1.63680321708052	0.052	0.076	1	MGA	c4
0.0374604481411012	1.63670091059396	0.011	0.016	1	TUBG2	c4
0.0173357374595506	1.63644413761983	0.006	0.011	1	ZNF585B	c4
5.66112376040028e-06	1.63614406721754	0.089	0.129	0.189862768676305	RRBP1	c4
2.02942138994353e-141	-1.63608764187663	0.016	0.213	6.80627345759263e-137	BLOC1S1	c4
0.0255277720745016	1.63589334685181	0.009	0.014	1	EHBP1	c4
4.31559454255292e-11	-1.6357767778208	0.001	0.017	1.4473640976814e-06	PDLIM1	c4
0.0054412833548903	1.63539106620941	0.011	0.018	1	ENKD1	c4
6.05588526765592e-275	-1.635193890446	0.041	0.39	2.03102280106644e-270	MTHFD2	c4
0.000109421695627627	1.6341315052283	0.353	0.469	1	RSRP1	c4
4.10408399762789e-05	1.63406484743772	0.378	0.514	1	AKNA	c4
0.174867019820597	1.63376246138675	0.321	0.443	1	FNBP4	c4
3.84343152965639e-10	-1.63341264769605	0.001	0.016	1.28901006641616e-05	RIPK2	c4
0.000209428389112264	1.63276979318128	0.067	0.093	1	MIGA1	c4
3.48834356109226e-167	-1.63249061055535	0.02	0.248	1.16992066351912e-162	TSTD1	c4
3.06013373188373e-25	-1.63220492351218	0.003	0.04	1.02630765099917e-20	NME1	c4
7.41429509064003e-05	1.63192793455221	0.044	0.065	1	RPRD1A	c4
1.55119881234208e-21	-1.63192554469297	0.003	0.035	5.20241057683286e-17	RPP40	c4
2.3806272287216e-06	1.63147358421403	0.042	0.067	0.0798414759968649	XPO5	c4
0.000467840270422695	1.6312759155877	0.028	0.042	1	LRRC2	c4
0.0167436276179741	1.63100566092355	0.008	0.013	1	KRBA2	c4
0.000131958908521936	1.63084363681907	0.028	0.043	1	PLEKHG1	c4
1.77137187066017e-05	1.6302116090102	0.05	0.074	0.594082697982007	MBD5	c4
3.83883815623012e-06	1.63005372928656	0.033	0.054	0.128746954083646	AL359220.1	c4
0.749781890418211	1.62993181495221	0.277	0.381	1	USP15	c4
0.00138139915825815	1.62961605829972	0.01	0.018	1	SLC25A13	c4
0	-1.62871474405686	0.095	0.598	0	HLA-DQB1	c4
0.000835111436439285	1.62811562658181	0.022	0.034	1	TMEM135	c4
0.000825021077641087	1.62745368437097	0.014	0.024	1	TTC39B	c4
0	-1.62740563930528	0.045	0.449	0	SIVA1	c4
9.57834335229551e-205	-1.62727898529806	0.026	0.298	3.21238479349287e-200	ARL3	c4
0.000857225994904945	1.62641354229603	0.017	0.028	1	NDOR1	c4
3.11070248767847e-05	1.62543510256524	0.04	0.062	1	NRF1	c4
1.90938579974666e-136	-1.62473388255496	0.019	0.213	6.40369809519034e-132	NSMCE3	c4
4.24012377036849e-06	1.62429737222486	0.071	0.105	0.142205271010618	VPS39	c4
8.66051024683718e-05	1.62349114104902	0.035	0.053	1	SLC25A16	c4
1.83182367965914e-71	-1.62320322523756	0.01	0.117	6.14357025684081e-67	MCTS1	c4
3.3424572133674e-06	1.6231130224708	0.117	0.169	0.112099330021916	RC3H2	c4
0.000250005329502403	1.62277760261485	0.028	0.044	1	XPO7	c4
0	-1.62260296337471	0.046	0.462	0	PPA1	c4
0	-1.62252914209559	0.072	0.626	0	UBE2A	c4
0.0026529382177643	1.62237111434529	0.012	0.02	1	TECPR2	c4
4.05309802524147e-07	-1.62189723594208	0.001	0.01	0.0135932801570548	DDIT4L	c4
2.13343488947232e-06	1.62166799574606	0.079	0.116	0.0715511393231227	GSK3B	c4
6.07641291300501e-73	-1.62163034952836	0.008	0.115	2.03790736276362e-68	THAP1	c4
2.09524864483789e-244	-1.62066149126005	0.027	0.338	7.02704490505731e-240	EMC6	c4
0.00207911811147405	1.6192794518559	0.012	0.021	1	MFAP3	c4
0.0013603074946091	1.61900726841281	0.012	0.021	1	FANCM	c4
1.61959968477579e-11	-1.61874710631192	0.002	0.018	5.43181342280106e-07	ZNF816	c4
1.61448129878979e-06	1.61700695606762	0.091	0.133	0.054146473798812	PARP4	c4
2.60554759400304e-06	1.61685957676445	0.064	0.096	0.0873848552076738	G2E3	c4
6.70979381253568e-06	1.61678706664942	0.023	0.041	0.225033064884822	TELO2	c4
1.63965234009672e-06	1.61665590212747	0.036	0.06	0.0549906601821639	METTL15	c4
5.3764852664733e-202	-1.61652441062237	0.026	0.294	1.80316562866982e-197	BAD	c4
4.88497456941082e-127	-1.61600010869123	0.018	0.2	1.638322771089e-122	CORO1B	c4
0.00314719210180263	1.61575827848867	0.224	0.319	1	ARAP2	c4
3.11286245459069e-19	-1.61571297347613	0.001	0.029	1.04399181002063e-14	TMEM186	c4
8.51154650549549e-84	-1.61570766316513	0.011	0.136	2.85460246701308e-79	TFDP1	c4
0.000217927812582719	1.61553964652999	0.019	0.031	1	CD109	c4
1.9077030548425e-05	1.61516804761805	0.183	0.265	0.639805450533077	SETD2	c4
1.0484215717099e-05	1.61516200609007	0.048	0.073	0.351619626720066	RBL1	c4
9.94664022176639e-302	-1.61508278666107	0.041	0.412	3.33590419757601e-297	MYDGF	c4
0.000123448836498848	1.6147140087583	0.018	0.031	1	VILL	c4
0.000141929227000638	1.61395629931529	0.166	0.233	1	NUMA1	c4
6.44624463125652e-276	-1.61358731357966	0.054	0.412	2.16194152443081e-271	CXCR3	c4
1.19458265297998e-104	-1.61336158291883	0.014	0.166	4.00639130156425e-100	MRPL17	c4
0	-1.61312752449899	0.148	0.797	0	LAPTM5	c4
0.00145129225300622	1.61272117462799	0.218	0.31	1	ATRX	c4
0.0711090914270339	1.61258640927693	0.007	0.011	1	RENBP	c4
3.10109612655278e-21	-1.61247902947989	0.01	0.048	1.04004561892327e-16	TRBV20-1	c4
1.23518338422816e-05	1.61201789718129	0.024	0.041	0.414255803402441	TRIOBP	c4
1.47660553972891e-50	-1.61155857922221	0.006	0.083	4.95223965914282e-46	EBPL	c4
2.08952255791067e-06	1.61133080461464	0.054	0.083	0.070078407547208	ITFG2	c4
8.9215876934342e-261	-1.61124428716244	0.036	0.369	2.99212208062396e-256	ORAI1	c4
5.31166721582702e-05	1.61074231148399	0.025	0.041	1	SLC41A2	c4
2.72332171462791e-48	-1.61034179591189	0.007	0.081	9.13347636651909e-44	ALYREF	c4
0	-1.61009845357212	0.308	0.908	0	HSP90AA1	c4
0.0511275694951356	1.60985253068342	0.006	0.01	1	AL035071.1	c4
0.000113098835493838	1.60978813625435	0.022	0.036	1	KMT5A	c4
0.000173904047703066	1.60970862896583	0.04	0.059	1	FRS2	c4
3.94658946677225e-11	-1.60957899477558	0.001	0.017	1.32360717536608e-06	AC008915.2	c4
2.59448789833425e-40	-1.60914603519184	0.006	0.068	8.70139351343341e-36	SMIM13	c4
0.0037852058306968	1.60911258087079	0.01	0.017	1	AC012360.3	c4
2.41001309728683e-10	-1.60896317556073	0.001	0.015	8.08270192568056e-06	ZSCAN9	c4
8.09575420500479e-06	1.60814108291133	0.032	0.053	0.271515404527451	TRIM44	c4
0.0015660181643571	1.60664286816671	0.021	0.032	1	DIS3L	c4
0.000100687684746488	1.60518608350292	0.021	0.035	1	PEX6	c4
3.15103252386751e-05	1.60493525179068	0.036	0.056	1	GTF3C3	c4
1.33084905321382e-219	-1.60403243073755	0.032	0.324	4.46340155466852e-215	OAT	c4
0.00153236718775647	1.60401065307936	0.02	0.031	1	EVC2	c4
0.0335291134434843	1.60320796815602	0.007	0.012	1	KDM8	c4
8.03073717019443e-06	1.60310248195962	0.101	0.144	0.269334863213981	NCOA3	c4
1.81511634877326e-234	-1.60290188193137	0.03	0.333	6.08753721051577e-230	TALDO1	c4
5.37368370252313e-165	-1.60234906443334	0.023	0.251	1.80222604015221e-160	ASF1A	c4
0	-1.60195361655262	0.041	0.435	0	PDCD5	c4
4.83609761604876e-103	-1.60180017524406	0.013	0.164	1.62193041847043e-98	SHMT2	c4
2.00074368103578e-06	1.60152841657543	0.062	0.094	0.0671009415745779	HEATR1	c4
6.87309516877951e-06	1.60102674121796	0.158	0.228	0.230509865770527	KAT6B	c4
2.59592195431759e-06	1.60039697387852	0.088	0.128	0.0870620305039032	FNDC3A	c4
0.00316261851702321	1.60030199752987	0.008	0.014	1	CCDC74A	c4
0.000561576382301064	1.60015869017747	0.022	0.035	1	DMWD	c4
5.59803490571491e-11	-1.60009722409263	0.001	0.017	1.87746894667867e-06	NKIRAS1	c4
1.77718690112465e-248	-1.59991893508994	0.035	0.355	5.96032942899185e-244	HMGA1	c4
6.78716768790897e-05	1.5984609577306	0.031	0.048	1	FOXRED1	c4
5.93300411562966e-197	-1.5975178914807	0.034	0.305	1.98981092029988e-192	FKBP4	c4
0.0369718057093032	1.59735598013952	0.009	0.013	1	FIZ1	c4
1.61305709807047e-56	-1.5970593773562	0.008	0.095	5.40987089550873e-52	BLVRB	c4
3.80476933427361e-146	-1.59654756016296	0.02	0.226	1.27604353932868e-141	MZT1	c4
0.0249467072709372	1.5962516031747	0.007	0.011	1	PHOSPHO2	c4
0.0351510203984697	1.59579472332686	0.008	0.012	1	FGF22	c4
0.00143725792772339	1.59572845282706	0.016	0.026	1	SLC36A1	c4
0.00407611313405938	1.59468657027124	0.007	0.013	1	DPH6	c4
3.7380424644203e-226	-1.59418271655025	0.039	0.341	1.25366468171728e-221	PRNP	c4
3.1655198865638e-23	-1.59416946297425	0.004	0.039	1.06165205955577e-18	LINC00957	c4
0.0364116472209579	1.59416369190946	0.006	0.01	1	AC005261.3	c4
0.000992854043000971	1.59386030995208	0.014	0.024	1	ELP4	c4
3.55030555236205e-06	1.59303767892222	0.167	0.244	0.119070147615118	KAT6A	c4
1.08887016122503e-07	-1.59291376013711	0.001	0.012	0.0036518527467165	AC025171.3	c4
1.69748418764378e-06	1.59285384191692	0.049	0.076	0.0569302246851973	SLF2	c4
5.11820871920013e-06	1.59265443316007	0.044	0.068	0.171654484024534	SH2B1	c4
0.008577382591318	1.59239326078858	0.015	0.022	1	CHN2	c4
0.000219608753461886	1.59213099801049	0.01	0.02	1	MFGE8	c4
6.42144172007992e-06	1.59212573126485	0.067	0.099	0.21536231240804	ITGAV	c4
1.30649289034117e-43	-1.59208125825422	0.006	0.073	4.38171585562622e-39	XKR8	c4
0	-1.59069699046511	0.08	0.654	0	PRR13	c4
0.0039435301874936	1.59068629620469	0.018	0.027	1	CAMKMT	c4
0	-1.58898862728014	0.108	0.754	0	RBM8A	c4
1.56393203037252e-06	1.58897613301208	0.116	0.168	0.0524511524346336	ZNF451	c4
0.0473555021148068	1.5886410434471	0.34	0.472	1	ARGLU1	c4
6.03032078245903e-06	1.58820119456412	0.056	0.084	0.202244898402111	GPR107	c4
0	-1.58790206710691	0.253	0.921	0	HSP90AB1	c4
3.33713862710024e-06	1.58781481385173	0.067	0.1	0.111920955275688	DYRK1A	c4
0	-1.5877751272591	0.081	0.54	0	LITAF	c4
1.100585580243e-12	-1.58534529819658	0.003	0.022	3.69114391901896e-08	CD79A	c4
0	-1.58525824658716	0.06	0.542	0	UFC1	c4
4.38368985639193e-40	-1.58451998132639	0.009	0.073	1.47020190403673e-35	ATF3	c4
1.2705123937588e-106	-1.58432066575581	0.012	0.166	4.26104446618826e-102	NUDCD2	c4
9.82810699601718e-05	1.5840968870961	0.021	0.035	1	GALT	c4
0	-1.58356990123142	0.049	0.459	0	APH1A	c4
6.19815775487407e-06	1.58339640189302	0.053	0.08	0.207873814782966	C18orf25	c4
6.32360111227372e-05	1.58314539708845	0.039	0.059	1	TIMM23B	c4
2.29206453350482e-165	-1.58301461044106	0.023	0.252	7.68712603246846e-161	MRPL18	c4
2.1097834846341e-06	1.58295615393231	0.033	0.055	0.0707579185076586	ENDOV	c4
6.67998400470694e-11	-1.58280783579339	0.002	0.018	2.24033303549861e-06	TRAV4	c4
2.11951230083056e-27	-1.58242977197376	0.004	0.046	7.10842035452552e-23	ADORA2A	c4
6.96861679201298e-21	-1.58228170309919	0.002	0.034	2.33713469970531e-16	HSD17B8	c4
0	-1.58204958596566	0.068	0.6	0	ST13	c4
0.000206569521925714	1.58144611248993	0.024	0.038	1	SYNGAP1	c4
0.000587222055624537	1.58128178686997	0.235	0.343	1	PCM1	c4
1.04493679497215e-05	1.58118120227309	0.023	0.04	0.35045090229776	SLC25A37	c4
0.0454679983825739	1.58003986136215	0.009	0.014	1	PLEKHM3	c4
6.30931046490626e-72	-1.57997341908229	0.01	0.118	2.11601654372026e-67	TM2D2	c4
0.0183767615456866	1.57985468397927	0.009	0.015	1	HIST4H4	c4
1.6333205734898e-06	1.5795365355494	0.172	0.253	0.0547783053937009	NUTM2B-AS1	c4
0.0165180985397639	1.57876099346627	0.011	0.018	1	AP000311.1	c4
8.87835948846015e-06	1.57860410065232	0.063	0.093	0.297762420523976	KPNA5	c4
0.000335958066004919	1.57774969379039	0.027	0.041	1	TTLL4	c4
8.24738712992999e-112	-1.57748763785021	0.015	0.177	2.76600869563592e-107	ZNF428	c4
1.44318636388126e-05	1.57735722336826	0.025	0.042	0.484015842718496	AL117339.5	c4
0.000109898846261594	1.57717229903091	0.022	0.036	1	FAAP100	c4
0.0626113071554957	1.5768402522779	0.008	0.012	1	L2HGDH	c4
2.01551878611365e-56	-1.57676752045984	0.007	0.092	6.75964690486794e-52	RHOC	c4
8.58053031621234e-05	1.57656978450394	0.013	0.025	1	ARHGAP11A	c4
4.7476591960239e-05	1.57608001558459	0.012	0.024	1	C10orf88	c4
0.0242158210926244	1.57561828698392	0.005	0.01	1	GSTCD	c4
3.76457507879517e-58	-1.57559275743942	0.006	0.093	1.26256318992632e-53	TMEM216	c4
1.46242223135777e-21	-1.57518667871886	0.003	0.035	4.90467167952767e-17	SNN	c4
8.689463863073e-158	-1.57494197593359	0.02	0.238	2.91427239039742e-153	CHMP5	c4
0.0239482139920293	1.57485970884807	0.011	0.016	1	ZNF182	c4
7.38397830090537e-121	-1.57427069394878	0.016	0.189	2.47643864255764e-116	COA6	c4
0	-1.57366799725749	0.13	0.806	0	ARF1	c4
0.00403351672732278	1.57310129468041	0.014	0.022	1	MCTP2	c4
0.0221287981697383	1.5730035494119	0.006	0.011	1	KIAA1522	c4
2.49050134640084e-20	-1.57253839805543	0.002	0.033	8.35264341555914e-16	HMSD	c4
2.57515531453295e-168	-1.57195430208363	0.021	0.251	8.63655589388059e-164	TSR3	c4
1.57343377516724e-13	-1.57152646723685	0.002	0.022	5.27698219515589e-09	HPGD	c4
7.31872378079957e-06	1.57130622452203	0.026	0.044	0.245455358160456	MRI1	c4
2.23930679603746e-09	-1.57100431783325	0.001	0.014	7.51018713255043e-05	LDOC1	c4
0.000581385479755118	1.57060270890741	0.011	0.02	1	ZNF641	c4
0	-1.57054443101021	0.107	0.68	0	YPEL5	c4
0.00726370822107307	1.5703431625201	0.011	0.018	1	LZTS3	c4
0.00087414123131272	1.56987762804068	0.025	0.038	1	CRTC1	c4
3.84681137777563e-165	-1.56893335848419	0.019	0.244	1.29014359987839e-160	LSM5	c4
0.0194043087613062	1.56836367035026	0.012	0.018	1	CCDC120	c4
9.93018232043406e-06	1.56732582451366	0.025	0.043	0.333038454662718	DIS3L2	c4
0	-1.56718164690838	0.062	0.547	0	TOMM20	c4
3.06142455720573e-05	1.56689471699233	0.045	0.067	1	SYNJ1	c4
0.00024138220675925	1.56644425815756	0.025	0.039	1	LPP	c4
1.24517539193658e-95	-1.56600883281107	0.014	0.155	4.1760692294769e-91	UBL4A	c4
0	-1.56520193498022	0.101	0.677	0	ARL6IP5	c4
0.013377108193005	1.56495675346711	0.01	0.016	1	EPN2	c4
0.000100350811978832	1.56411522149976	0.017	0.029	1	AARSD1	c4
0.0432878296629379	1.56411257582278	0.009	0.014	1	FSIP1	c4
0.00167601986386553	1.56392306298337	0.019	0.029	1	BBS4	c4
5.98126662632305e-05	1.56378812344501	0.033	0.052	1	GOSR2	c4
0	-1.56310531126444	0.163	0.823	0	CD99	c4
0.000265267359361129	1.56265944781549	0.029	0.045	1	ERCC6	c4
3.15574465170004e-226	-1.56224539110644	0.037	0.338	1.05837364128716e-221	BST2	c4
0.0132605970719923	1.56193407512294	0.01	0.017	1	SORL1	c4
2.11403029751481e-85	-1.56162343193522	0.011	0.137	7.09003481180517e-81	POP7	c4
0.00185218470436524	1.56155955858982	0.01	0.018	1	VWA8	c4
3.59310891632832e-06	1.56151631368591	0.042	0.067	0.120505686835819	ATXN1L	c4
6.13840331639226e-06	1.56140523912856	0.208	0.311	0.205869770425164	RC3H1	c4
0.0532362525549737	1.56122211598466	0.009	0.013	1	FUT10	c4
0.018524784071225	1.56098770719572	0.009	0.014	1	ACAD11	c4
9.26537832619237e-05	1.55958783219356	0.023	0.038	1	MOB1B	c4
0.000358285708599739	1.55952245521332	0.019	0.031	1	TUBGCP4	c4
0.0412734175652845	1.55920195903115	0.007	0.011	1	SEMA4F	c4
0	-1.55909468762716	0.133	0.813	0	EDF1	c4
0.012470311347929	1.55836817567515	0.008	0.014	1	ZNF841	c4
9.75492972328141e-243	-1.55833523663254	0.034	0.349	3.27160833059412e-238	KDELR2	c4
2.02665478340174e-209	-1.5575405455189	0.028	0.307	6.79699481257274e-205	C6orf48	c4
1.12297294695334e-282	-1.55734197066955	0.037	0.39	3.76622666949211e-278	MZT2A	c4
8.87093919466753e-165	-1.55721670879829	0.022	0.249	2.9751355871076e-160	COPZ1	c4
4.34919432414807e-84	-1.55667623798073	0.012	0.138	1.45863279243278e-79	AP1S2	c4
0.00978096133716174	1.55465955825288	0.007	0.012	1	GORASP1	c4
0.00211574697874017	1.55457770600368	0.009	0.016	1	FADS3	c4
8.69589737068265e-65	-1.55419288621418	0.008	0.105	2.91643006017955e-60	ATOX1	c4
6.46810813577884e-05	1.55405485495669	0.019	0.033	1	ZNF234	c4
3.74240441963932e-287	-1.55342808825355	0.037	0.394	1.25512759425863e-282	ANAPC16	c4
1.85320328824172e-05	1.55338123097921	0.032	0.051	0.621527318810506	CPT1A	c4
3.39389014975401e-237	-1.55263376108312	0.035	0.346	1.1382428784245e-232	TMEM9B	c4
0.000234594948632094	1.55242203992909	0.018	0.03	1	TMCC1	c4
2.81027133860284e-34	-1.55231097033479	0.004	0.055	9.4250880154062e-30	SAP30	c4
7.08445244556638e-05	1.5514304324899	0.024	0.039	1	SPAG4	c4
3.02344944060664e-05	1.55039957387255	0.036	0.056	1	GIT1	c4
7.09754946207536e-163	-1.55016563017462	0.026	0.254	2.38037613859083e-158	C12orf75	c4
4.86640925484412e-258	-1.54896153108866	0.035	0.365	1.63209633588962e-253	DGUOK	c4
3.005594581311e-99	-1.54715492890015	0.014	0.161	1.00801631068008e-94	PAGR1	c4
1.23494836503012e-05	1.54708141679948	0.024	0.041	0.4141769826638	MFSD12	c4
0.00654775432558323	1.54667927794045	0.005	0.01	1	PLCXD1	c4
4.18191528099914e-05	1.54656823970694	0.201	0.294	1	PRDM2	c4
1.58909590255982e-09	-1.54606804463027	0.001	0.013	5.32950983800513e-05	ENTPD3-AS1	c4
7.16717988382216e-123	-1.54600568387547	0.015	0.19	2.40372878943628e-118	PSMB5	c4
3.45911230391674e-30	-1.54593985004886	0.004	0.05	1.1601170844876e-25	NUDT18	c4
1.44041405537211e-05	1.5456309981682	0.036	0.057	0.483086065890697	FNDC3B	c4
0.000693417117402935	1.54560022904358	0.01	0.019	1	CLCC1	c4
3.67674331490209e-06	1.54455071705756	0.05	0.077	0.123310617295186	ATP2C1	c4
2.99907329391687e-06	1.5440140007974	0.048	0.074	0.100582920131384	SLC38A10	c4
2.3120313957271e-05	1.5438970679583	0.026	0.044	0.775409089498956	DSTYK	c4
3.47086712824988e-35	-1.54387355694473	0.004	0.058	1.16405941747244e-30	AC084033.3	c4
0.0157032522029139	1.54380010422715	0.009	0.015	1	AMZ1	c4
0.0208443241915795	1.54377661047298	0.007	0.012	1	TMEM91	c4
5.62776733411702e-06	1.54346469651732	0.022	0.04	0.188744060851617	PRR12	c4
0.0425746500017933	1.5426935221765	0.006	0.01	1	AC105020.6	c4
1.95183918401102e-49	-1.54250661340547	0.007	0.083	6.54607825533616e-45	BCL2A1	c4
9.54735433652546e-175	-1.54208389523839	0.022	0.26	3.20199169738391e-170	CLNS1A	c4
0.00261494800428589	1.54202021906506	0.021	0.031	1	ZMYM4	c4
9.12878970475935e-18	-1.54194292049615	0.002	0.028	3.06161349118219e-13	ASF1B	c4
0.0815961569449608	1.54159370138903	0.007	0.011	1	FBXO41	c4
0.0107365852281118	1.54118086607528	0.006	0.012	1	TMSB15B	c4
0.00289574320001846	1.53995624252241	0.01	0.017	1	RAD51B	c4
0	-1.53940338746746	0.461	0.99	0	H3F3B	c4
0	-1.53936484556694	0.065	0.57	0	ATP5ME	c4
0.0119765202847726	1.53895873627369	0.011	0.017	1	ABTB2	c4
1.68987482651237e-26	-1.53831536376759	0.003	0.044	5.6675021931572e-22	METTL18	c4
0.0132430063468526	1.53821675500695	0.006	0.011	1	FAM149B1	c4
0	-1.53812316265042	0.079	0.587	0	ANP32B	c4
0.0110053888287696	1.5380930715571	0.011	0.017	1	VCL	c4
8.00217543004596e-143	-1.53755237899384	0.02	0.221	2.68376959572881e-138	DNAJC19	c4
1.86380507285531e-35	-1.53664903936883	0.003	0.056	6.25082945334215e-31	TRIB3	c4
4.37774461614599e-13	-1.53630528738951	0.002	0.021	1.46820798936304e-08	PIGW	c4
2.83547439248293e-18	-1.53609986376145	0.002	0.029	9.50961401750924e-14	CETN3	c4
0.00367502958366552	1.53580006593428	0.017	0.025	1	ZNF66	c4
1.19745794619675e-07	-1.53499809538244	0.001	0.011	0.00401603445995467	FAM111B	c4
3.35694205232465e-06	1.53423288781467	0.032	0.053	0.112585122550864	TYW5	c4
0.00701576828561259	1.53362025494186	0.008	0.014	1	GTF2H4	c4
2.78259160514218e-266	-1.53340389304897	0.033	0.369	9.33225572532585e-262	PSMD9	c4
0.000406373915307757	1.53329612055324	0.018	0.029	1	GMDS-DT	c4
2.10516440001932e-06	1.53269208042944	0.037	0.061	0.0706030036478481	INTS8	c4
6.63414855749878e-06	1.53200988770178	0.033	0.054	0.222496074321394	MINDY3	c4
1.79327050623801e-136	-1.53172823821575	0.02	0.215	6.01427062382104e-132	YIF1A	c4
5.34528762572798e-296	-1.53153431726269	0.037	0.401	1.79270256391665e-291	SNRPD1	c4
0.000492121516801181	1.5312854319509	0.012	0.021	1	FANCD2	c4
0.000459696408792872	1.52981489095403	0.26	0.39	1	PBX4	c4
4.492111372397e-20	-1.52977107802271	0.002	0.032	1.50656431207451e-15	SLC39A4	c4
1.15419726152525e-286	-1.52975039714083	0.042	0.402	3.87094677570339e-282	SRI	c4
2.58474664044184e-208	-1.52967633956487	0.107	0.434	8.66872328271385e-204	CCL4	c4
4.40393946577569e-71	-1.52915003115084	0.012	0.122	1.47699321803185e-66	CLIC3	c4
0.000256716195446701	1.52908041114956	0.015	0.026	1	ITPKC	c4
2.46789826568016e-06	1.52843627824754	0.041	0.066	0.0827683720343814	STIM1	c4
1.40093654063495e-187	-1.52806681157747	0.027	0.282	4.69846096998148e-183	ORMDL2	c4
1.11131481755949e-23	-1.52649395807452	0.005	0.042	3.72712763513103e-19	IFIT1	c4
1.71840407644831e-05	1.52628164895001	0.016	0.03	0.576318359159235	BCS1L	c4
0.000533938501063141	1.52613857486867	0.017	0.028	1	AP4E1	c4
4.60286025441549e-05	1.52533285870966	0.035	0.054	1	CDK8	c4
0.00106033225845762	1.52531018833737	0.013	0.022	1	NAPEPLD	c4
0.00736774426321055	1.5241243980192	0.009	0.015	1	ADAM9	c4
0.000433140388447292	1.52326978423302	0.014	0.024	1	SCML1	c4
3.15998415751147e-307	-1.52247032801478	0.08	0.477	1.0597954867462e-302	CXCR6	c4
0.00241250664934808	1.52213056545204	0.016	0.025	1	ZNF736	c4
6.30417407820208e-06	1.5204973651434	0.04	0.063	0.211429390234741	NOTCH2	c4
3.41605241526859e-05	1.51933350143317	0.025	0.042	1	ST3GAL2	c4
3.64343454751969e-132	-1.51911071064282	0.016	0.203	1.22193507854715e-127	MINOS1	c4
0.00465871148213111	1.51891550444805	0.007	0.013	1	NOL4L	c4
2.22924087959164e-06	1.51863875147667	0.212	0.319	0.0747642806197445	GOLGA4	c4
7.03421940518323e-06	1.51848930116124	0.027	0.046	0.235913650411035	GALNT10	c4
0.0065846607417573	1.51823187668874	0.014	0.021	1	CASK	c4
8.43889440179819e-05	1.5180138618721	0.025	0.04	1	FBRSL1	c4
8.56692225611476e-243	-1.5174856145136	0.035	0.35	2.87317438625577e-238	CMTM3	c4
4.55554062367636e-56	-1.51696360227039	0.007	0.093	1.52783721436858e-51	IER3IP1	c4
2.23387140250173e-95	-1.51664191234396	0.013	0.153	7.49195790971029e-91	UTP11	c4
0.000809387282967749	1.51655867068887	0.016	0.026	1	ARHGAP10	c4
1.65211985087951e-14	-1.51627938073534	0.002	0.023	5.54087955587971e-10	NRAV	c4
0.00492470748764139	1.51589491582772	0.006	0.011	1	AMER1	c4
0.437332285556612	1.51575118500455	0.35	0.507	1	CBLB	c4
0	-1.51556980914217	0.072	0.592	0	PET100	c4
0.0171389286403363	1.51554078897437	0.01	0.015	1	SLC12A4	c4
0.036352341131914	1.51497287078099	0.006	0.01	1	ZNF674-AS1	c4
5.36867135070082e-05	1.51490237227053	0.02	0.034	1	SERAC1	c4
1.64127545012729e-55	-1.51476369070282	0.006	0.09	5.50450960463691e-51	HINT2	c4
0	-1.51398205222953	0.184	0.842	0	PGK1	c4
1.73263504066006e-05	1.5137967366836	0.033	0.053	0.58109113993657	TMEM62	c4
2.72780847379471e-139	-1.51370181216734	0.02	0.217	9.14852405941271e-135	UBE2S	c4
4.63244582286577e-44	-1.5126503088487	0.006	0.074	1.55362968007272e-39	AP1S1	c4
3.09721319969974e-229	-1.51241858711652	0.029	0.328	1.0387433629153e-224	PRELID3B	c4
0.00143408680551992	1.51197934623975	0.015	0.025	1	MLKL	c4
1.9330192414099e-96	-1.51128251424566	0.014	0.156	6.48295993184051e-92	GLO1	c4
0.000123050381701297	1.51123160681219	0.024	0.039	1	KDM4A	c4
5.50329601062978e-05	1.51114441858159	0.021	0.036	1	STK35	c4
2.40361741935717e-24	-1.51072199766344	0.004	0.042	8.06125210104007e-20	SUV39H1	c4
1.09578984275693e-05	1.51026337593095	0.022	0.039	0.367505997463818	ADAT1	c4
0.00157578374855611	1.50998481746295	0.015	0.024	1	ZNF549	c4
1.97022903819946e-35	-1.50988587327769	0.007	0.063	6.60775414831336e-31	PCSK1N	c4
0.00666801799175586	1.5098648293421	0.007	0.013	1	AC004922.1	c4
2.60322735198455e-75	-1.50854754428445	0.012	0.127	8.73070389308578e-71	ZNF683	c4
0.000112578565706856	1.50836900080761	0.018	0.031	1	NOMO2	c4
0.00127695457221369	1.50805230470739	0.009	0.017	1	AMPD3	c4
1.33151322082224e-172	-1.50759305209241	0.028	0.269	4.46562903999361e-168	NBL1	c4
6.91262588957645e-20	-1.50753621800264	0.003	0.033	2.31835647084615e-15	ZNF684	c4
1.55583244488253e-31	-1.50741653365179	0.004	0.051	5.21795085364702e-27	KCTD6	c4
5.34716884272535e-146	-1.5063623838758	0.019	0.224	1.79333348647323e-141	BLOC1S4	c4
1.47989577015075e-268	-1.50616460842325	0.032	0.368	4.96327443393158e-264	HSBP1	c4
4.6376800764267e-06	1.50518977561958	0.036	0.058	0.155538514403199	RANBP10	c4
4.11850046166907e-06	1.50469454093969	0.035	0.057	0.138126268483457	PRMT3	c4
0.000545169938164918	1.5044659881769	0.012	0.021	1	B3GNTL1	c4
2.68388841722179e-45	-1.50370570521097	0.005	0.073	9.00122497367845e-41	FLYWCH2	c4
1.72371792368081e-34	-1.50329675910391	0.005	0.058	5.78100517244071e-30	LIPA	c4
3.21005906160463e-207	-1.50318625725793	0.029	0.306	1.07658960808096e-202	NDUFAF3	c4
1.15439409911897e-89	-1.5026795550762	0.013	0.146	3.8716069296252e-85	EXOSC3	c4
0.0278362839482574	1.50244960806578	0.017	0.023	1	CHIC1	c4
0.000200675199018698	1.50227286508054	0.023	0.037	1	CCDC157	c4
0.024626558529197	1.50081313406298	0.009	0.015	1	MYO5B	c4
0.000289970753046488	1.4997309283644	0.018	0.029	1	MSH3	c4
0.0115012188966474	1.49904422979309	0.009	0.015	1	FBXW8	c4
3.81661720937251e-230	-1.49811755630709	0.041	0.35	1.28001707967935e-225	EVI2A	c4
0	-1.49763031567957	0.054	0.499	0	UBE2L3	c4
4.41139558077573e-89	-1.49745847484284	0.012	0.144	1.47949384988056e-84	MED30	c4
0.000468723620409	1.49734440854054	0.381	0.533	1	SPTAN1	c4
1.82998990344798e-06	1.49720245342047	0.044	0.07	0.0613742013818383	NFRKB	c4
0.00161812024079836	1.49524253917923	0.013	0.023	1	TRAK1	c4
0.0010694621960146	1.49500643743159	0.016	0.026	1	C2CD2L	c4
0.0153561075547741	1.49499902299943	0.014	0.021	1	XRRA1	c4
0.00718182387481031	1.49488809989042	0.007	0.013	1	ZNF559	c4
3.90980330420296e-12	-1.49464217303502	0.001	0.019	1.31126983216359e-07	NTHL1	c4
0.00103857114787157	1.49414730234333	0.017	0.028	1	HEATR3	c4
0.00036537009251843	1.492754081187	0.012	0.023	1	DCAKD	c4
9.81021704348102e-06	1.49251842525841	0.038	0.06	0.329015059204267	MED14	c4
3.65966719159043e-06	1.49218172156954	0.032	0.053	0.12273791827156	NUP155	c4
6.82769131887384e-05	1.49186246224829	0.027	0.044	1	VPS50	c4
3.37191847384048e-05	1.49129941398292	0.039	0.059	1	WDTC1	c4
0	-1.49105745753661	0.083	0.573	0	HMGB2	c4
2.78303774496353e-05	1.49090072517694	0.024	0.04	0.933375198905868	BCAS3	c4
6.8254215366909e-05	1.49018971792241	0.016	0.029	1	RTL10	c4
0.00128305849203027	1.48974786566483	0.017	0.027	1	WIZ	c4
4.72023124958478e-56	-1.4895985847257	0.008	0.093	1.58307115648574e-51	ANAPC13	c4
1.83722552217644e-09	-1.48906897917927	0.001	0.013	6.16168695627533e-05	AP003774.4	c4
0	-1.48886079049321	0.048	0.461	0	PSMA6	c4
0	-1.48867986956573	0.056	0.484	0	ARF6	c4
0.000113995119931043	1.48859249155887	0.021	0.034	1	ZC3H12C	c4
8.05240153589273e-81	-1.48840333035972	0.013	0.136	2.7006144271077e-76	SMIM15	c4
1.20628517535769e-253	-1.48767344727886	0.037	0.364	4.04563922111463e-249	CHMP4B	c4
7.35928307231079e-11	-1.48594222564331	0.001	0.016	2.46815635679159e-06	APOM	c4
0.000240829544359586	1.48555188490161	0.017	0.028	1	NUP43	c4
0.0297984654967737	1.48523976879991	0.006	0.01	1	RNF227	c4
2.99186548156059e-05	1.48456837282194	0.018	0.033	1	HEATR5A	c4
0	-1.48435814528498	0.055	0.492	0	SCAND1	c4
0	-1.48430187397284	0.2	0.863	0	PNRC1	c4
0.00043029738101541	1.48395801008356	0.039	0.056	1	NFKBID	c4
0.00035706421515726	1.48296006125327	0.015	0.025	1	PAQR3	c4
9.89350057707002e-77	-1.48204495538656	0.01	0.125	3.31808222353774e-72	MRPL58	c4
0.00979998461615032	1.48192571503939	0.008	0.013	1	TXNDC16	c4
0.00248204312454142	1.48114117002973	0.008	0.016	1	STK39	c4
8.2523122786398e-77	-1.48105341159847	0.012	0.128	2.76766049201022e-72	SFT2D1	c4
4.53103994427213e-05	1.48084655173954	0.02	0.035	1	ZFP14	c4
1.65965544429725e-34	-1.48076394638795	0.004	0.056	5.56615242908411e-30	C11orf1	c4
1.75530276273183e-165	-1.48018881368627	0.029	0.263	5.88693440565002e-161	SERTAD1	c4
3.56155503452253e-05	1.48010147328791	0.024	0.04	1	BCR	c4
5.1109595203368e-196	-1.47992957724795	0.036	0.307	1.71411360393056e-191	GLUL	c4
0.000197137729728614	1.47972587928887	0.021	0.035	1	KLF7	c4
2.44046051020469e-21	-1.47931348793847	0.004	0.037	8.18481645912449e-17	HLA-DQB2	c4
0.0172233887137649	1.47888180107255	0.008	0.014	1	PTCD1	c4
1.51231426165475e-33	-1.47861192825381	0.005	0.057	5.07199957073769e-29	SNX10	c4
1.67475348863011e-125	-1.47831750657568	0.023	0.207	5.61678825016765e-121	SYPL1	c4
7.28313974961627e-06	1.47819387726556	0.032	0.053	0.244261940922631	KLHL5	c4
8.32415578935697e-06	1.4771190519677	0.013	0.026	0.279175536863454	C1orf112	c4
2.787449977086e-79	-1.47702862393158	0.039	0.176	9.34854973315102e-75	TRBV19	c4
0.00442669202465507	1.47535920316192	0.012	0.019	1	IFT88	c4
0	-1.47451061521791	0.071	0.575	0	VDAC2	c4
0	-1.47406898358637	0.091	0.537	0	LGALS3	c4
2.96367853542246e-41	-1.4739998965669	0.005	0.068	9.93958507209985e-37	AC010642.2	c4
7.80735686610829e-64	-1.47387193611131	0.009	0.107	2.6184313457554e-59	PCNA	c4
1.76595015009178e-129	-1.47373312997051	0.021	0.208	5.92264361337781e-125	CSRP1	c4
0	-1.47192238603802	0.043	0.423	0	CLTB	c4
0.00388963364631823	1.47186716503795	0.008	0.014	1	PXYLP1	c4
3.03176194490182e-07	-1.47100417347788	0.001	0.01	0.0101679232108117	AC090825.1	c4
4.02830337782507e-167	-1.47092705189925	0.024	0.255	1.35101238685497e-162	CISD2	c4
0	-1.47090734720305	0.055	0.509	0	RWDD1	c4
2.42391050344845e-244	-1.47084098208732	0.04	0.361	8.12931104646541e-240	BCAP31	c4
0.000977026060494486	1.46971098634729	0.009	0.018	1	TCTN2	c4
2.97765722584834e-145	-1.46936511523557	0.021	0.226	9.98646680405017e-141	SVIP	c4
4.44435465573038e-303	-1.46905818475678	0.043	0.419	1.49054766443885e-298	RHEB	c4
9.24016096944098e-53	-1.46892208409616	0.008	0.089	3.09896518593112e-48	NUDT2	c4
0.000305961966721932	1.46879816949624	0.01	0.019	1	COL9A2	c4
0.00973954492293906	1.46840054023492	0.01	0.017	1	POLI	c4
0.0302848419988277	1.4680851628144	0.008	0.012	1	ZNF525	c4
5.98707511589373e-05	1.46747250056637	0.013	0.025	1	BRCA2	c4
4.81256291106219e-06	1.46617235908114	0.035	0.056	0.161403734911204	SLC12A2	c4
7.50936070353386e-152	-1.46584396046098	0.024	0.239	2.51848939275119e-147	CCDC28A	c4
0	-1.46515029700948	0.295	0.971	0	EEF1D	c4
3.27157239284988e-52	-1.4644291380602	0.007	0.087	1.09721994911399e-47	CENPM	c4
4.95458793950025e-06	1.46437309727499	0.046	0.071	0.166166970314959	TRAPPC8	c4
0.00115594968951095	1.46436573742102	0.013	0.023	1	ZNF500	c4
1.15542928940257e-181	-1.46334993746812	0.026	0.274	3.87507875079835e-177	PHB	c4
0.00152118303787171	1.46332797392908	0.015	0.024	1	TAB1	c4
0.00223693634075839	1.46239156803339	0.01	0.018	1	AC234582.1	c4
1.57505680386497e-05	1.46142198091545	0.031	0.051	0.528242550880233	IRAK1	c4
0.00406142604605522	1.45994658940747	0.006	0.012	1	C9orf72	c4
6.6293847051493e-73	-1.45960803871099	0.009	0.119	2.22336304241297e-68	ECHS1	c4
3.12754707405476e-15	-1.4592363230776	0.002	0.024	1.04891673769648e-10	CENPQ	c4
0	-1.45903897458445	0.061	0.507	0	PCMT1	c4
6.44720410529431e-291	-1.45897512310187	0.039	0.401	2.16226331283361e-286	TXNL1	c4
4.47860023986587e-72	-1.45836888471652	0.011	0.121	1.50203294844621e-67	NDUFS4	c4
2.12137524068174e-298	-1.4580026413024	0.041	0.411	7.11466828219843e-294	SSBP1	c4
0.000230299152986824	1.45791562487821	0.015	0.026	1	VARS	c4
6.02273294232969e-08	-1.45718203554144	0.005	0.019	0.00201990417419853	TRBV2	c4
6.80260850891753e-276	-1.45706261682766	0.038	0.386	2.28145884172076e-271	GTF2A2	c4
2.79929958231825e-06	1.45699996809629	0.044	0.069	0.0938829093917895	TGFBR3	c4
0	-1.45689998295748	0.141	0.79	0	ITM2B	c4
9.42929858087574e-08	-1.45597315733571	0.001	0.012	0.0031623981580541	AP005019.1	c4
0.000602336912860895	1.45594145141339	0.014	0.024	1	CLPB	c4
2.46315925795904e-108	-1.45590332261296	0.013	0.17	8.26094351934302e-104	GFER	c4
3.4785296887666e-210	-1.45551355905561	0.028	0.307	1.16662928701854e-205	BCAS2	c4
0	-1.45530363208481	0.164	0.828	0	TPI1	c4
3.26064643899939e-31	-1.45505543112483	0.005	0.054	1.09355560271161e-26	KTI12	c4
0.00130287828423159	1.45473680241492	0.005	0.012	1	HEMK1	c4
1.47109331983225e-10	-1.45448032945252	0.001	0.015	4.93375277605341e-06	DTL	c4
0.000375819712934152	1.4542954663707	0.017	0.029	1	NCR1	c4
0.000105755300460325	1.45302688573174	0.017	0.029	1	GALNT7	c4
4.04402537667715e-27	-1.45266457034039	0.003	0.045	1.35628523082998e-22	PRR34-AS1	c4
1.33749309372661e-05	1.45245268188984	0.028	0.047	0.44856843377403	PDK1	c4
5.04863589371109e-05	1.45173981708739	0.019	0.033	1	CCDC18	c4
1.0925620285726e-21	-1.45163569232811	0.003	0.037	3.66423453142678e-17	RTP4	c4
0	-1.45155274573049	0.104	0.655	0	FAM177A1	c4
0.0142425259935459	1.45138087684645	0.007	0.012	1	APOBR	c4
0.0130080735609964	1.45111020002131	0.007	0.012	1	PHLPP1	c4
6.13326655784908e-259	-1.45054966179589	0.036	0.368	2.05697493817142e-254	NDUFS3	c4
0.0224123041550732	1.45037160068047	0.007	0.012	1	ZNF154	c4
1.17263531043045e-05	1.44985749176585	0.028	0.046	0.393278430412165	RNF123	c4
8.18951489990954e-05	1.4497781625494	0.033	0.051	1	MTMR10	c4
0.00787289963782892	1.44970159844461	0.008	0.014	1	NEU4	c4
0.00621971283900218	1.44944841957507	0.005	0.011	1	MXD3	c4
0	-1.44943737884479	0.124	0.675	0	TRBC2	c4
1.89012556062472e-05	1.44849182015363	0.019	0.034	0.63391031052232	LRRC8B	c4
0.00045247011361099	1.44833426333914	0.019	0.031	1	BCL6	c4
1.33750557023538e-07	-1.44833209261547	0.001	0.012	0.00448572618145543	AC004556.1	c4
3.39613834535737e-05	1.44687125202717	0.024	0.04	1	ATP11C	c4
0.00446679142432511	1.44649942445264	0.011	0.018	1	ADCK5	c4
2.38577196310496e-25	-1.44647559938217	0.004	0.043	8.0014020098614e-21	MRPL30	c4
1.13241261886401e-242	-1.4463977673964	0.038	0.356	3.79788544114612e-238	RPS10	c4
0.00254764579810398	1.44632177076655	0.011	0.019	1	KLHL15	c4
0.0386719812704177	1.44580298459378	0.008	0.013	1	SLC19A2	c4
1.97745464168011e-159	-1.44578222945359	0.03	0.259	6.63198737726675e-155	SOCS1	c4
3.51642256333922e-17	-1.4456766444111	0.003	0.029	1.17933779929271e-12	AGTRAP	c4
4.95882715965086e-90	-1.44559072004674	0.013	0.148	1.66309145280371e-85	VMA21	c4
4.95860283631769e-103	-1.44409387430501	0.016	0.168	1.66301621924423e-98	CDCA4	c4
9.2804789721139e-11	-1.44364930612102	0.001	0.016	3.11248703766756e-06	SRD5A3	c4
6.23769052166267e-06	1.44332852110186	0.023	0.04	0.209199664715523	CROCC	c4
0.000140068325660122	1.44318284766829	0.253	0.38	1	RALGDS	c4
0.00289051583837884	1.44273888481274	0.008	0.015	1	ZNF341	c4
0.00200699440233936	1.4424297224252	0.013	0.021	1	EPB41L5	c4
2.47736519933715e-125	-1.44170023969302	0.029	0.219	8.30858740553695e-121	GPR25	c4
0	-1.44155588128052	0.101	0.624	0	MRPS6	c4
0.000563115936650899	1.44089511967323	0.014	0.024	1	IQCE	c4
2.18492929134205e-05	1.43977053172089	0.012	0.025	0.732781585730298	CEP162	c4
6.60337476253487e-71	-1.43971175291884	0.01	0.117	2.21463982785895e-66	RHNO1	c4
1.19150097891082e-46	-1.43786636331464	0.006	0.078	3.9960559830711e-42	NFYB	c4
3.12230726118084e-75	-1.43779728282662	0.012	0.126	1.04715940925483e-70	EXOSC4	c4
7.41413770800955e-05	1.4363004456276	0.033	0.051	1	ASB3	c4
1.42011967859802e-05	1.43622458611804	0.024	0.041	0.476279737808204	ACER3	c4
0.0220687471648864	1.43522898318144	0.284	0.417	1	CHD2	c4
1.24094422870698e-38	-1.434808135898	0.007	0.067	4.16187875423748e-34	C1GALT1C1	c4
0.00015120289191398	1.43452808295009	0.016	0.028	1	ZNF846	c4
0.000859682716212222	1.43441303656894	0.017	0.028	1	ASH1L-AS1	c4
1.97286298587666e-76	-1.43382715270096	0.011	0.127	6.61658788203315e-72	CCNB1IP1	c4
0.00127372855620256	1.43292630267685	0.005	0.011	1	CAMSAP2	c4
1.4881234406896e-118	-1.43271581865017	0.02	0.194	4.99086839538477e-114	MED31	c4
1.87512299507297e-222	-1.43258627106958	0.031	0.324	6.28878750087572e-218	GSTO1	c4
0.0023768034268972	-1.43184283546131	0.005	0.01	1	TRBV10-3	c4
0.000771584586881531	1.43032799489558	0.013	0.023	1	DHX58	c4
1.17899350027252e-18	-1.43011983516896	0.003	0.031	3.95410840121399e-14	CKB	c4
6.16644046386916e-261	-1.42966678976284	0.035	0.366	2.06810080277244e-256	ADIPOR1	c4
9.26779823928432e-06	1.42946135880125	0.022	0.039	0.310823417349118	RFX7	c4
0.00623167952879738	1.42941738922451	0.009	0.016	1	LRP12	c4
0.000249184414292341	1.42920965061488	0.019	0.031	1	RRAGB	c4
0.00141792334190028	1.42886406320459	0.005	0.011	1	NMNAT1	c4
0	-1.42821002718356	0.083	0.633	0	PPP1CA	c4
4.41590690943806e-31	-1.42805247405669	0.005	0.053	1.48100685928734e-26	RITA1	c4
8.37277727184567e-06	1.42799713989823	0.037	0.059	0.28080620414316	ZNF484	c4
1.54943637886222e-43	-1.42775581453042	0.006	0.073	5.19649972742811e-39	MRPL48	c4
4.49412246962179e-242	-1.42770071201889	0.036	0.352	1.50723879386176e-237	MMADHC	c4
4.09425285382467e-11	-1.42745997607246	0.01	0.031	1.37313052211572e-06	TRBV28	c4
0.000191871781405626	1.42744728032705	0.011	0.021	1	ZNF787	c4
0.00564530812531151	1.42724399732101	0.006	0.012	1	SUOX	c4
2.98350628292933e-06	1.42702986101122	0.024	0.043	0.100060833716884	VPS41	c4
0.00880267601234859	1.42650695845872	0.009	0.015	1	AC020659.1	c4
0.00367526667922989	1.42643283053564	0.007	0.014	1	MTHFSD	c4
0.000491791243617755	1.4261105054258	0.254	0.377	1	LYST	c4
4.43752697487606e-07	-1.42609530096937	0.001	0.011	0.0148825779683393	NAGS	c4
0.00135849865666314	1.42543526042493	0.015	0.024	1	FLVCR1	c4
1.79669601855546e-39	-1.425184417385	0.006	0.067	6.02575910703129e-35	MATK	c4
1.4002803666561e-44	-1.42483031672259	0.007	0.077	4.69626029369122e-40	SCOC	c4
2.37579038014018e-250	-1.4237597894045	0.037	0.361	7.96792577691412e-246	BLOC1S2	c4
0.0504729942210141	1.42223993882356	0.008	0.012	1	ZNF780B	c4
2.87636238895615e-05	1.42222745800637	0.021	0.036	0.964674418008114	MLLT1	c4
0	-1.42194722377455	0.167	0.856	0	PSMA7	c4
1.45207318538846e-05	1.42185186567503	0.014	0.027	0.486996304915582	CNNM2	c4
1.30966125497722e-14	-1.42181962538159	0.002	0.023	4.39234191694259e-10	NIPAL4	c4
0.000478211443608674	1.42178346914794	0.01	0.019	1	CHCHD6	c4
1.01009674658603e-05	1.42169995842497	0.02	0.036	0.338766246870023	KIAA0586	c4
1.79890695222844e-95	-1.42105026983005	0.012	0.153	6.03317413638373e-91	MRPL49	c4
0.00376581331911652	1.42104193314494	0.013	0.021	1	GALNT6	c4
0.000279532557543424	1.42100020214122	0.015	0.026	1	DNAAF5	c4
0.0158418434342569	1.42086820434471	0.006	0.011	1	AL021453.1	c4
0	-1.42084163652235	0.191	0.877	0	YWHAB	c4
2.01017223950246e-44	-1.42040833760542	0.006	0.075	6.74171565684336e-40	MID1IP1	c4
4.63426492605896e-47	-1.42039869265717	0.008	0.082	1.55423977090166e-42	CHRNB1	c4
0.0110083241718779	1.41998380900488	0.007	0.013	1	RGPD2	c4
0	-1.41942325508495	0.051	0.439	0	LMAN2	c4
0.000419165860445767	1.41885953239778	0.016	0.027	1	ZNF510	c4
2.22487207574305e-06	1.4182168958164	0.019	0.036	0.0746177596762705	IFNLR1	c4
2.28720171299169e-218	-1.41770436885088	0.035	0.328	7.67081710503154e-214	LAP3	c4
2.44702158882532e-52	-1.41709643714843	0.009	0.091	8.20682100460236e-48	ACAA2	c4
0.10995532137713	1.41687346575703	0.357	0.502	1	RNF19A	c4
0.00121598376057706	1.41650993879652	0.014	0.023	1	ZC3H10	c4
0.00942649964741618	1.41606286961907	0.006	0.012	1	PLXND1	c4
0.000761043190001583	1.41553180793295	0.017	0.028	1	PLAGL1	c4
2.00920985702892e-93	-1.41460461835226	0.017	0.158	6.7384880185036e-89	PDLIM4	c4
0.00142853522103819	1.41431796925526	0.012	0.021	1	ZNF548	c4
3.623204315196e-24	-1.41431795448655	0.006	0.045	1.21515026323043e-19	IGFBP4	c4
1.09194339854532e-20	-1.41398012605657	0.003	0.035	3.66215977004128e-16	HS1BP3	c4
7.44165228877922e-122	-1.41324358773378	0.021	0.2	2.49578134461078e-117	ZDHHC12	c4
7.26442380111742e-177	-1.41310195284544	0.026	0.27	2.43634245441876e-172	LAMTOR4	c4
0	-1.41298793378004	0.064	0.523	0	EIF3L	c4
1.76631258482682e-11	-1.41212165850406	0.003	0.02	5.92385914699218e-07	NPW	c4
0.00486003700824736	1.41170339706893	0.007	0.013	1	TMEM268	c4
3.7373399197703e-23	-1.41111781595517	0.005	0.041	1.25342906229256e-18	DDX28	c4
0.0424422066200999	1.41097208821363	0.392	0.58	1	WSB1	c4
0.00100906040694065	1.41041005288154	0.009	0.017	1	ANK3	c4
2.11030927866687e-85	-1.40961263219194	0.013	0.141	7.07755525879294e-81	PNKD	c4
6.07750802380649e-06	1.40957459508924	0.018	0.033	0.203827464102422	ZMYND19	c4
1.91968172707422e-06	1.40945833826448	0.033	0.055	0.0643822857626153	TRAPPC11	c4
0	-1.40816502225876	0.099	0.698	0	PAIP2	c4
8.31807512964111e-92	-1.40742542368226	0.012	0.148	2.78971603697904e-87	MRPS18A	c4
5.86269084901573e-62	-1.4070279529608	0.007	0.099	1.9662292569429e-57	TIMM9	c4
6.40492038552279e-151	-1.40558880336429	0.025	0.241	2.14808219889663e-146	EIF1AY	c4
0.000548061657462511	1.40493493992822	0.011	0.02	1	STAU2	c4
8.62652566464781e-77	-1.40326871692024	0.012	0.129	2.89316417740958e-72	CKLF	c4
5.24515775328378e-06	1.40319339014026	0.023	0.041	0.175912100729631	INPP5B	c4
0	-1.40302782459325	0.065	0.512	0	EID1	c4
1.04697973899176e-07	-1.40192233057418	0.001	0.011	0.00351136064863058	PVRIG	c4
1.98118643905955e-06	1.40136374598927	0.027	0.047	0.0664450307931793	ETV3	c4
3.22963881570148e-136	-1.40127548412084	0.02	0.215	1.08315626600996e-131	LAMTOR3	c4
2.3507194348317e-23	-1.40022454958509	0.003	0.038	7.88384284053855e-19	ACOT13	c4
7.58602068078588e-116	-1.39993961393796	0.019	0.189	2.54419961592197e-111	HIST1H1C	c4
6.05291351741337e-15	-1.39967136274258	0.005	0.03	2.0300261354701e-10	CAV1	c4
0	-1.39940098061659	0.084	0.572	0	SYNGR2	c4
0.000195748953153156	1.39881423308237	0.011	0.022	1	INTS2	c4
0.207053481536863	1.39832967905148	0.009	0.012	1	IGKC	c4
2.51829908132677e-140	-1.397683873154	0.023	0.225	8.44587145895371e-136	ATRAID	c4
0.000664066366952366	1.39762640040974	0.009	0.018	1	CCHCR1	c4
2.70480798280622e-217	-1.39759533080559	0.033	0.324	9.07138501273552e-213	TXNL4A	c4
3.11221650490587e-11	-1.39588396569046	0.002	0.018	1.04377517141533e-06	LIPE-AS1	c4
0.000686593653267236	1.39549299696056	0.01	0.019	1	MOSMO	c4
3.25382330526378e-11	-1.39487710667662	0.002	0.019	1.09126726011937e-06	PLD6	c4
1.34819566172005e-55	-1.39455146996228	0.008	0.093	4.5215786102767e-51	PYM1	c4
0.580351108730937	1.39382286312076	0.361	0.527	1	ITK	c4
0.00246627484007687	1.39162862215037	0.009	0.016	1	CLN5	c4
3.52630022893437e-06	1.39150339671656	0.019	0.035	0.118265057078001	PAAF1	c4
0.00102230828075176	1.3914369734024	0.008	0.016	1	FBXO10	c4
3.37528232348442e-18	-1.39065984191765	0.006	0.036	1.13200218565021e-13	TRBV4-1	c4
3.3824045264105e-111	-1.39063090301538	0.015	0.177	1.13439083006755e-106	CRIPT	c4
2.59415512145489e-05	1.38994313383331	0.014	0.027	0.870027744633541	ZNF714	c4
2.08864833864523e-05	1.38969269641406	0.022	0.037	0.700490879814838	SGSH	c4
0.00153839037296427	1.38844292303943	0.007	0.014	1	TBC1D31	c4
1.1187146333161e-06	-1.38837199309237	0.001	0.01	0.0375194513721555	ACTL10	c4
7.90218099949838e-265	-1.3872285095272	0.041	0.381	2.65023346361177e-260	CLPP	c4
0.00810862951189366	1.38669241130459	0.008	0.014	1	POMK	c4
0.00378121984863533	1.38654715172198	0.014	0.022	1	PPP1R13B	c4
2.93378333826704e-97	-1.38649927258686	0.022	0.173	9.83932255988001e-93	LTB	c4
4.34018376722642e-05	1.38635661118953	0.027	0.043	1	MIR181A1HG	c4
4.18986949652033e-272	-1.38610405700684	0.044	0.393	1.40519843174299e-267	PSMC3	c4
2.35014749042904e-14	-1.38604032903191	0.002	0.024	7.88192465340091e-10	FO393401.1	c4
6.21224373453106e-12	-1.38596774904535	0.002	0.019	2.08346230368703e-07	ICA1	c4
1.37355994795656e-106	-1.38568879053139	0.016	0.173	4.60664535345671e-102	THOC7	c4
3.90837254916693e-78	-1.38550293179655	0.011	0.128	1.3107899855396e-73	BLVRA	c4
3.03308418442461e-18	-1.38541268754607	0.003	0.03	1.01723577377232e-13	ACOT4	c4
2.57521393853829e-06	1.38460422954481	0.019	0.035	0.0863675250706973	ZNF564	c4
3.22191783298389e-05	1.38453520123168	0.269	0.412	1	KDM6B	c4
6.81888077760305e-205	-1.38444291753699	0.03	0.306	2.28691623519251e-200	C19orf70	c4
0.000121932093783479	1.38359401098082	0.02	0.033	1	ZNF646	c4
7.65899227162324e-115	-1.38336606170491	0.017	0.184	2.568672828057e-110	DNAJC15	c4
0.000520418744036606	1.38278695750391	0.009	0.017	1	BMP2K	c4
0	-1.38255266048133	0.06	0.496	0	SELENOT	c4
3.28070576083598e-05	1.38224574127169	0.013	0.026	1	RBM45	c4
4.46838797415565e-112	-1.38188078277121	0.015	0.178	1.49860795877232e-107	NDUFB5	c4
2.33535628993472e-05	1.38187431637932	0.025	0.042	0.783231792518307	DNAJC16	c4
1.11990777936772e-32	-1.3817735505563	0.005	0.056	3.75594671044346e-28	UBE2T	c4
8.02656347972775e-15	-1.38157921203894	0.002	0.025	2.69194885983109e-10	SWSAP1	c4
2.36079824496501e-26	-1.38139630617813	0.003	0.043	7.91764515396364e-22	BATF3	c4
3.78395510968591e-35	-1.3810110052995	0.01	0.069	1.26906286468646e-30	HMOX1	c4
0.00252707933316864	1.37987432592207	0.012	0.02	1	CNNM4	c4
4.96092227374572e-06	1.37932432468803	0.013	0.028	0.166379411216884	KNL1	c4
2.25070329761653e-14	-1.37839798521851	0.003	0.026	7.5484087195463e-10	TRAV38-1	c4
1.29929481425516e-09	-1.37836072164514	0.008	0.026	4.35757494804897e-05	TRBV4-2	c4
2.91671390894627e-13	-1.37823807566964	0.002	0.021	9.78207510782401e-09	LY6G5C	c4
7.12124519597931e-131	-1.37711343345749	0.02	0.208	2.38832321382754e-126	FAAP20	c4
5.10711171059776e-211	-1.37684324812118	0.032	0.316	1.71282312550028e-206	IGBP1	c4
0	-1.37674278376143	0.124	0.738	0	CDC42	c4
2.14880052731627e-90	-1.37645088590345	0.015	0.15	7.20664720851329e-86	PSMB8-AS1	c4
7.28720399579707e-06	1.3748644269876	0.016	0.031	0.244398247611042	LZTS2	c4
8.30057141887976e-05	1.37423692209442	0.012	0.023	1	SENP3	c4
0.00264775253471421	1.3728555379664	0.009	0.016	1	ENTPD1-AS1	c4
0.000187229435973587	1.37190555672138	0.009	0.018	1	CCNE2	c4
0	-1.37142804551249	0.055	0.461	0	EIF4A3	c4
0	-1.37141032471683	0.048	0.435	0	SRP9	c4
0.0115473932203017	1.37039795630917	0.006	0.011	1	INO80B	c4
6.21890548590041e-176	-1.37034697224842	0.036	0.288	2.08569652186128e-171	MSC	c4
7.53090094697372e-18	-1.37009858763209	0.002	0.029	2.52571355959605e-13	EPOR	c4
5.53495548011825e-05	1.37009739126569	0.012	0.023	1	ZNF446	c4
5.08125628746774e-103	-1.36989237752087	0.016	0.168	1.70415173369093e-98	DNAJC4	c4
0	-1.36976611481142	0.143	0.755	0	CALR	c4
1.32970517834362e-09	-1.36960913020573	0.001	0.014	4.45956522712882e-05	TRAV26-2	c4
6.74974806372155e-123	-1.36937881359279	0.021	0.201	2.26373050561093e-118	ARL4A	c4
0.00467350293932732	1.36804569722991	0.008	0.015	1	TMEM164	c4
2.50409707974706e-05	1.36804396129524	0.012	0.024	0.839824078605568	IDUA	c4
0	-1.36703606717982	0.051	0.464	0	AURKAIP1	c4
7.32797233747588e-05	1.36496567261518	0.016	0.029	1	TAPT1	c4
5.92653548154502e-51	-1.36488805930475	0.007	0.085	1.98764146980057e-46	ACOT2	c4
5.62086992896592e-06	1.36458262853422	0.026	0.045	0.188512735677659	MDC1	c4
0.0160116788044427	1.3645340348606	0.008	0.013	1	KLRG1	c4
5.19492341631549e-19	-1.36353587142529	0.005	0.036	1.74227341536389e-14	TRAV1-2	c4
0.0113777461523087	1.36351847894005	0.007	0.013	1	UGT8	c4
0.0318356141108511	1.36325070758449	0.006	0.01	1	IL18BP	c4
2.28919884934691e-38	-1.36310234797826	0.006	0.066	7.67751510093965e-34	FANCF	c4
1.15104760549621e-196	-1.36196050700608	0.03	0.298	3.8603834593132e-192	COPS8	c4
8.02938434807963e-90	-1.36178236013308	0.015	0.151	2.69289492265895e-85	RDH14	c4
0.000150938601236241	1.36165794350025	0.286	0.443	1	ADAR	c4
0.000166034365324098	1.36142084323226	0.016	0.028	1	PARP11	c4
3.58333743716712e-06	1.36111989216552	0.023	0.041	0.120177970967711	PER2	c4
0.0013249271090721	1.36101998932976	0.016	0.025	1	ZNF286A	c4
0	-1.36098312135247	0.064	0.51	0	DNAJC8	c4
1.28030423976274e-300	-1.36046069722347	0.054	0.437	4.29388435931628e-296	SELENOF	c4
0.000315153692684661	1.35881869714766	0.013	0.024	1	SESN1	c4
0	-1.35785116332827	0.134	0.731	0	LEPROTL1	c4
0	-1.35784700787137	0.094	0.581	0	RALA	c4
2.65776087741965e-179	-1.35780543724481	0.028	0.277	8.91359843069001e-175	CAMTA1	c4
3.50594609883547e-06	1.35756347758121	0.023	0.041	0.117582420262744	CHM	c4
0.00473926104669191	1.35571037992398	0.006	0.012	1	TNFRSF14-AS1	c4
0.00344761086962036	1.35557511885475	0.007	0.013	1	ADAP1	c4
1.32771342584993e-168	-1.35513334740343	0.026	0.26	4.4528852876155e-164	OSER1	c4
1.29373796921797e-62	-1.35490302064932	0.009	0.104	4.33893840116324e-58	MRPL39	c4
0.0135728241551918	1.35348689959254	0.005	0.01	1	BEND4	c4
2.98606838697127e-10	-1.35300988042125	0.002	0.017	1.00146761562242e-05	TRAV8-4	c4
1.20803757747097e-290	-1.35276261394729	0.053	0.425	4.05151642732213e-286	TMED10	c4
0.000188581106373495	1.35270102214651	0.012	0.023	1	BLK	c4
0.0111959266849422	1.3519182477918	0.006	0.012	1	IMMP2L	c4
2.5649110112161e-36	-1.35150871602643	0.005	0.061	8.60219854941654e-32	LYRM1	c4
1.17394568987687e-127	-1.35148225006602	0.021	0.207	3.93717905470905e-123	BTF3L4	c4
0	-1.35129350842644	0.078	0.58	0	CIB1	c4
2.99552650580688e-25	-1.35128341276696	0.005	0.044	1.00463967951751e-20	DHCR7	c4
0	-1.35071541757534	0.069	0.531	0	VDAC1	c4
7.71295683683684e-128	-1.35050277789035	0.019	0.204	2.58677146393834e-123	SSSCA1	c4
0.00193240768575669	1.35044546002439	0.007	0.014	1	ACSF2	c4
0.000160306294048569	1.35031727781164	0.006	0.014	1	AL031777.3	c4
0	-1.34944798336743	0.065	0.515	0	DNAJA2	c4
8.87618346587884e-60	-1.348702401677	0.007	0.097	2.97689441078645e-55	C6orf226	c4
1.85181783502103e-36	-1.34838843093876	0.004	0.06	6.21062665509352e-32	DHRS4	c4
6.02039605888315e-05	1.34829583129638	0.012	0.023	1	LINC01588	c4
3.02281581741291e-05	1.34822350184608	0.272	0.419	1	PPP1R16B	c4
7.17912446769387e-139	-1.34804494816258	0.026	0.229	2.40773476397517e-134	GPR65	c4
1.52203382711812e-06	1.34748585672019	0.021	0.04	0.0510459704938874	NDUFV2-AS1	c4
0.00217348109010805	1.34698111311617	0.006	0.012	1	APLF	c4
1.26977896445179e-05	1.3464558310635	0.019	0.034	0.425858469097841	LIG3	c4
0.00219372289693678	1.34590763956581	0.013	0.022	1	YES1	c4
0	-1.34569878485168	0.054	0.47	0	PUF60	c4
7.83837562511411e-05	1.34558048191406	0.014	0.026	1	ZNF789	c4
1.60570806664512e-05	1.34486681812213	0.012	0.025	0.53852237139144	PIP4K2B	c4
6.26851525691516e-71	-1.34474899960955	0.012	0.121	2.10233464686421e-66	ISOC1	c4
2.64717592194195e-244	-1.3435182327879	0.039	0.36	8.8780986070089e-240	BAG1	c4
0	-1.34289035410071	0.072	0.543	0	RALY	c4
3.71955741699261e-208	-1.34224770299399	0.034	0.317	1.24746516651098e-203	GOLPH3	c4
0.000447118100863817	1.3420616497976	0.011	0.021	1	YOD1	c4
0.00541880973656764	1.34167835894743	0.006	0.012	1	SH3D21	c4
7.38148564959572e-85	-1.34063665081876	0.014	0.143	2.47560265716141e-80	DPM3	c4
0.0148637852809557	1.3403213556375	0.006	0.011	1	AC022126.1	c4
4.30157182622528e-115	-1.34006370996445	0.019	0.188	1.44266115907944e-110	NAXE	c4
3.91490554580229e-06	1.33749744136951	0.031	0.052	0.131298102195117	ARL5B	c4
0.00528961913691733	1.33623201733709	0.006	0.012	1	USP13	c4
0.0140441739847837	1.33509355172837	0.006	0.01	1	VIPR2	c4
2.31194275112016e-06	1.33481229472356	0.021	0.039	0.077537935987068	RIC8B	c4
6.88501796522735e-48	-1.33420900232107	0.007	0.081	2.30909732517795e-43	ACYP1	c4
4.92713716233217e-99	-1.33407372976716	0.016	0.164	1.65246326150296e-94	ATP5PO	c4
4.16899145370562e-06	1.33368807907786	0.019	0.035	0.139819635374379	MAMLD1	c4
4.20498438330554e-95	-1.33355563659356	0.016	0.159	1.41026766247301e-90	SDHD	c4
1.39026955594293e-142	-1.3333473044226	0.021	0.224	4.66268603672141e-138	TMEM147	c4
7.42674903498141e-299	-1.33316667454685	0.052	0.431	2.49078309135207e-294	CCT5	c4
4.4128443389946e-176	-1.33298915555091	0.03	0.277	1.47997973441201e-171	DOK2	c4
0.000177406531950556	1.33296533566603	0.017	0.029	1	POLR3B	c4
0.000130412790387639	1.33295922503406	0.017	0.029	1	AP5B1	c4
8.24786284232225e-20	-1.33288041000198	0.003	0.033	2.76616824005804e-15	GPR34	c4
2.62890047047757e-12	-1.33284594354261	0.002	0.02	8.81680639788767e-08	SLC31A2	c4
2.45843606481783e-192	-1.33176518810339	0.032	0.297	8.24510287418605e-188	TMEM208	c4
0	-1.33143068829971	0.156	0.807	0	TMEM50A	c4
0.0082506863403046	1.33048148882206	0.009	0.015	1	ZBTB10	c4
0.00154233142381475	1.32901726022899	0.007	0.015	1	GAA	c4
0.0054900185395644	1.32845958903225	0.008	0.014	1	SLC10A7	c4
3.75636456331893e-273	-1.32837536768975	0.047	0.399	1.2598095472459e-268	EIF1AX	c4
1.40018473084186e-116	-1.32820174053788	0.019	0.19	4.69593955029742e-112	RNF113A	c4
0.00250583940352588	1.32774232768235	0.005	0.011	1	IRAK2	c4
1.06511469720112e-51	-1.32760316521465	0.007	0.085	3.57218167147313e-47	APEX2	c4
0.00138951497489602	1.32741752192411	0.007	0.014	1	CTBP1-DT	c4
0	-1.32662341604234	0.078	0.588	0	ATP6V0B	c4
7.33063375347672e-06	1.32554951175114	0.019	0.035	0.245854794824102	GOLGA1	c4
0	-1.32458957303232	0.112	0.655	0	YWHAQ	c4
1.08520715920975e-76	-1.32448234559922	0.014	0.133	3.63956777055766e-72	PGRMC1	c4
7.53204649006306e-06	1.3235016550447	0.016	0.03	0.252609775183735	SSBP2	c4
9.10458829647651e-52	-1.32272303334932	0.007	0.086	3.05349682287229e-47	MAGOHB	c4
1.74990947115272e-06	1.32261688141146	0.012	0.027	0.0586884638435199	ZNF202	c4
2.96850350651064e-68	-1.32251130516715	0.011	0.116	9.9557670601354e-64	SKA2	c4
0.00396305626340447	1.32221850451414	0.006	0.012	1	GGPS1	c4
7.75788756304041e-41	-1.32212843111585	0.007	0.07	2.60184033089249e-36	FAM241A	c4
0	-1.32202133069631	0.162	0.823	0	ATP5F1B	c4
0.000555858048185939	1.32147048978617	0.012	0.021	1	IDE	c4
0	-1.32085115754038	0.073	0.566	0	RAB5IF	c4
3.42251613418595e-82	-1.32024189891639	0.013	0.138	1.14784346108328e-77	SLC39A1	c4
9.63103742305813e-09	-1.31894018514638	0.003	0.016	0.000323005733094523	FGFBP2	c4
8.11235709181776e-149	-1.31856408701836	0.025	0.238	2.72072232145384e-144	TIMM17B	c4
3.85214379572786e-70	-1.31764238280404	0.014	0.123	1.29193198621121e-65	GNA15	c4
1.02203904294779e-05	1.31685756139069	0.008	0.02	0.342771454223829	POLD1	c4
1.1956416132962e-19	-1.31575791437118	0.003	0.032	4.00994284267278e-15	KLHDC7B	c4
0.000417449017741199	1.31552278641301	0.013	0.023	1	ZNF8	c4
2.86288547499212e-154	-1.31550757218376	0.025	0.244	9.60154530602858e-150	ATP6V1D	c4
1.14425450595909e-131	-1.31476373079458	0.023	0.216	3.8376007620856e-127	GDE1	c4
6.43298749511096e-12	-1.31470501680259	0.002	0.019	2.15749534611031e-07	CCNA2	c4
0.00013603163078992	1.31416181122557	0.016	0.028	1	ANTXR2	c4
1.02152450396828e-05	1.31414742592966	0.011	0.024	0.342598888140882	GALE	c4
3.26949460070505e-52	-1.31395783003842	0.006	0.085	1.09652309918446e-47	C20orf27	c4
0.0170977326941007	1.31385736651263	0.339	0.512	1	TSPYL2	c4
5.58783583716206e-214	-1.31340870852474	0.037	0.329	1.87404838306741e-209	TMEM160	c4
2.66518899847997e-05	1.31292669973468	0.014	0.027	0.893851086310212	THBS1	c4
0.00172884422666063	1.3120175329886	0.007	0.015	1	RPGRIP1L	c4
5.33638056346698e-08	-1.31166530846373	0.002	0.013	0.00178971531337555	EPHX2	c4
1.32385905817503e-30	-1.31158652077103	0.004	0.051	4.4399585093074e-26	CCDC86	c4
0.0191524525527742	1.31140533382327	0.005	0.01	1	NCEH1	c4
1.65124287393915e-88	-1.31135086352148	0.014	0.147	5.53793835061713e-84	SIT1	c4
6.69349855534626e-122	-1.31080788600062	0.02	0.198	2.24486554549203e-117	CHMP2B	c4
0.00044913012397057	1.31027199800846	0.016	0.027	1	LNX2	c4
2.32284638021478e-05	1.30996557235363	0.01	0.022	0.779036218996433	POT1	c4
4.55278566344483e-07	-1.30940643983477	0.001	0.01	0.0152691325580613	SRXN1	c4
9.27615526039352e-40	-1.3090026879872	0.006	0.068	3.11103695123078e-35	UQCC3	c4
2.14473080549759e-05	1.30869831171755	0.011	0.023	0.719299817547781	ZNF333	c4
8.39465264679324e-138	-1.30835333807527	0.023	0.222	2.81539860468152e-133	TOLLIP	c4
3.7009516731408e-165	-1.30812235493486	0.027	0.259	1.24122517213796e-160	TAF9	c4
0	-1.30808672383057	0.057	0.455	0	SELENOW	c4
9.40747944605922e-06	1.30785020739367	0.019	0.035	0.315508045661934	NFXL1	c4
1.59295559527023e-06	1.30779455491832	0.027	0.048	0.0534245447541729	TSPOAP1-AS1	c4
0.000980420797659874	1.30725274112592	0.005	0.012	1	TBC1D2	c4
2.50622493599373e-89	-1.30722720066363	0.016	0.151	8.40537719033577e-85	FAM3C	c4
0.000374990449918509	1.30717316298512	0.009	0.018	1	AC004812.2	c4
1.17464305092473e-05	1.30677470411507	0.016	0.031	0.393951786419136	ZNF397	c4
1.17795503219223e-18	-1.30671092642875	0.002	0.03	3.95062558696632e-14	GAMT	c4
0	-1.30560951450335	0.124	0.705	0	ENO1	c4
2.08958638088225e-06	1.30471719873987	0.021	0.039	0.0700805480420289	SCARB2	c4
6.01197064902956e-86	-1.30448804451361	0.013	0.142	2.01629471627153e-81	MAD2L1BP	c4
4.22944194627038e-14	-1.30440712082275	0.003	0.025	1.41847023994016e-09	TRAV13-2	c4
2.84669950162184e-06	1.3044024231395	0.019	0.036	0.0954726078853933	STX1A	c4
2.43781320845176e-58	-1.30404931383849	0.009	0.099	8.1759379385055e-54	POLR3K	c4
4.43921729147942e-260	-1.30368473786414	0.058	0.408	1.48882469521637e-255	XBP1	c4
2.08172959368292e-06	1.30325261983975	0.019	0.036	0.0698170471129379	MHENCR	c4
6.09257472420101e-05	1.30301352297085	0.013	0.025	1	ABL1	c4
5.9736233021178e-186	-1.30287420930632	0.03	0.288	2.00343378306427e-181	CNIH4	c4
6.32006031589376e-06	1.30250161295214	0.02	0.036	0.211962182874445	DHTKD1	c4
1.80217590732487e-105	-1.30248856501141	0.016	0.172	6.04413755798616e-101	FLT3LG	c4
0.000127856156202579	1.30118977926	0.01	0.02	1	TPM1	c4
0.00960690582075256	1.30096090956687	0.008	0.014	1	AC091271.1	c4
8.03474049097128e-06	1.30075649705071	0.016	0.031	0.269469126586195	SCLY	c4
2.32494702856831e-105	-1.30055884552918	0.019	0.176	7.79740734441241e-101	SMS	c4
6.7137017117799e-217	-1.30029842946511	0.037	0.331	2.25164128009674e-212	KDELR1	c4
8.30393940199574e-16	-1.29962562837693	0.003	0.027	2.78497519664133e-11	MED18	c4
1.58282493925605e-06	1.2992424709979	0.016	0.032	0.0530847828127693	KIAA0930	c4
0	-1.29779256078336	0.096	0.594	0	TUBB4B	c4
1.97085318804218e-155	-1.29705582983367	0.024	0.243	6.60984742205585e-151	NIFK	c4
7.10165069674263e-06	1.29667113910683	0.017	0.033	0.238175161067354	MIER3	c4
1.06805158635153e-125	-1.29573116429926	0.023	0.208	3.58203141030575e-121	PPP1R14B	c4
0	-1.2956818266639	0.102	0.673	0	TMEM59	c4
0	-1.29557028154494	0.115	0.64	0	CD8B	c4
0.00045108808787859	1.29453241305098	0.004	0.011	1	ENO3	c4
1.90304577514902e-08	-1.29395243453496	0.001	0.013	0.000638243492069478	FAM241B	c4
0	-1.29273861994172	0.285	0.933	0	YWHAZ	c4
2.57219907372708e-55	-1.29197528176531	0.019	0.112	8.62664125346587e-51	TRAV38-2DV8	c4
0	-1.29118237940104	0.112	0.682	0	RABAC1	c4
3.38499174894969e-90	-1.29046153692605	0.014	0.15	1.13525853276275e-85	DPM1	c4
9.96622028775492e-181	-1.29044541584348	0.031	0.284	3.34247096010725e-176	RILPL2	c4
1.51835214438465e-51	-1.29009318947029	0.007	0.086	5.09224942183725e-47	TEN1	c4
1.9531565222659e-05	1.29002436251102	0.011	0.023	0.655049634437536	PAXIP1-AS1	c4
4.2588025298619e-110	-1.28877352822086	0.015	0.176	1.42831719246508e-105	MALSU1	c4
1.65848683605805e-138	-1.28855082414007	0.027	0.23	5.5622331507715e-134	PLIN2	c4
6.35223615610662e-05	1.28829904304548	0.011	0.023	1	TRAF3IP1	c4
6.34982758238773e-159	-1.28640279880129	0.029	0.258	2.1296051745812e-154	TMEM109	c4
1.88051160401644e-88	-1.28554179873253	0.015	0.149	6.30685981755035e-84	CAPG	c4
4.38183388822139e-57	-1.28515151751059	0.008	0.095	1.46957944943169e-52	ACOT7	c4
7.07000801981805e-05	1.28494533339354	0.009	0.02	1	LRRC45	c4
8.75001428101724e-06	1.28221020831358	0.013	0.027	0.293457978956756	WDR4	c4
8.45253935286179e-08	-1.28174220033789	0.001	0.011	0.00283481264816279	TROAP	c4
5.56766344933564e-105	-1.2814053051612	0.02	0.178	1.86728296763819e-100	MGAT2	c4
3.12504859311635e-42	-1.28072381088455	0.007	0.072	1.04807879715936e-37	FAM200B	c4
5.09082906192172e-116	-1.28049339756556	0.022	0.195	1.70736225078731e-111	H2AFX	c4
5.96030228058724e-133	-1.2802953029256	0.022	0.215	1.99896617886335e-128	ZFAND2A	c4
0.0128857923282767	1.28022518147924	0.008	0.014	1	TIGD1	c4
0.0116418707369464	1.27863558453008	0.005	0.01	1	USP53	c4
5.91969758560566e-05	1.27815075243389	0.006	0.015	1	FLVCR1-DT	c4
8.21924264642943e-05	1.27811753912967	0.01	0.02	1	CENPJ	c4
6.70189618940942e-15	-1.27754843095507	0.003	0.025	2.24768194400413e-10	NUDT8	c4
1.29306597172322e-245	-1.27750805340673	0.038	0.359	4.33668465596533e-241	ZNRD1	c4
0.001354441192358	1.27750717581881	0.007	0.015	1	APOL1	c4
9.75179304963038e-26	-1.27723520083509	0.003	0.043	3.27055635298504e-21	C11orf68	c4
2.94576582152549e-43	-1.2766907660278	0.008	0.076	9.87950941223218e-39	PJA1	c4
0	-1.27663169514882	0.134	0.747	0	PTGES3	c4
8.32149364965617e-190	-1.2761225179868	0.062	0.346	2.79086254022169e-185	ITM2C	c4
0.00153382250984936	1.27566782259847	0.005	0.012	1	ACBD4	c4
0	-1.27563498084659	0.118	0.677	0	HMGN2	c4
2.43537352264015e-15	-1.27534874541922	0.003	0.026	8.16775572023054e-11	NXT2	c4
3.4812479559496e-234	-1.27320741890506	0.039	0.352	1.16754093946638e-229	ERGIC3	c4
4.862300013102e-256	-1.27320399995683	0.057	0.403	1.63071817839415e-251	APOBEC3C	c4
5.1112653695491e-05	1.27303566863806	0.009	0.02	1	TIMELESS	c4
5.8307919179332e-07	-1.27287011334685	0.002	0.012	0.0195553099343644	IFI27	c4
0.00274766209941918	1.27230074882497	0.005	0.011	1	ZGRF1	c4
8.91361723382638e-06	1.27229304521301	0.01	0.023	0.298944894788069	VARS2	c4
0.000158017721063579	1.27191416823347	0.007	0.016	1	PRKCE	c4
0.000239469062752628	1.27184689949011	0.009	0.018	1	LMO7	c4
3.87884606574403e-29	-1.27177851315006	0.008	0.057	1.30088739352923e-24	TRAV19	c4
5.6938985904039e-50	-1.27168083953399	0.007	0.084	1.90961970924966e-45	STK16	c4
5.80511750361696e-276	-1.27141150645944	0.054	0.415	1.94692030836305e-271	ARF4	c4
5.54651622656495e-232	-1.27046179725515	0.039	0.349	1.86019061206535e-227	AIP	c4
4.05353924433781e-07	-1.27016872790136	0.001	0.01	0.0135947599176601	CCR1	c4
2.50682019801004e-28	-1.26942566094973	0.005	0.05	8.40737358008606e-24	NPM3	c4
0.000540835968210574	1.26918557322469	0.005	0.012	1	TMCO4	c4
0	-1.2689127885836	0.084	0.592	0	ILF2	c4
1.4719211243168e-111	-1.26864053023419	0.015	0.177	4.93652906673368e-107	RPA2	c4
4.33838144515735e-05	1.26839963665708	0.011	0.023	1	SLC25A45	c4
4.4951070502963e-158	-1.26797175140321	0.026	0.25	1.50756900252837e-153	LRRC59	c4
1.42212376792244e-05	1.26792421476059	0.011	0.024	0.476951869285829	HIRA	c4
0	-1.26748867756747	0.081	0.596	0	ADRM1	c4
6.74310708868468e-05	1.26747006396387	0.012	0.023	1	TTYH3	c4
3.65757426886337e-27	-1.26745154185716	0.004	0.046	1.2266772582914e-22	HIGD1A	c4
9.14024515178448e-05	1.26704613671459	0.01	0.021	1	ECT2	c4
0.000772887872897905	1.26690440735556	0.01	0.018	1	FGFRL1	c4
0.000258406884161534	1.26653152100196	0.007	0.016	1	AC027682.4	c4
0.00260110341749981	1.26619471292601	0.007	0.014	1	SV2A	c4
3.68575001966688e-09	-1.26608340081541	0.001	0.013	0.000123612684159588	AP001816.1	c4
5.71463552347218e-132	-1.26602955885097	0.028	0.224	1.9165744618621e-127	TUBB2A	c4
0	-1.26556467412387	0.056	0.457	0	SLBP	c4
1.9589270324725e-137	-1.26552712957233	0.022	0.22	6.56984948150626e-133	BRI3	c4
0.00364561232799218	1.26488188145256	0.006	0.012	1	SOX5	c4
3.91739832147948e-189	-1.26433283926181	0.031	0.293	1.31381704905779e-184	ZNHIT1	c4
2.44623038590631e-07	-1.26395166079813	0.001	0.012	0.00820416746825258	HSPA1L	c4
3.40877333998778e-131	-1.26280290822885	0.026	0.22	1.1432344027651e-126	SEPHS2	c4
0	-1.2618470365566	0.071	0.559	0	UQCRFS1	c4
2.96547687859741e-26	-1.26179802906621	0.004	0.045	9.94561635543998e-22	FRAT2	c4
2.70016588069043e-32	-1.26161393747027	0.005	0.055	9.05581633065958e-28	PUS3	c4
0	-1.26122922269621	0.098	0.658	0	GNB2	c4
0.00176039269548985	1.2606322139084	0.005	0.011	1	AC078785.1	c4
9.31053248999145e-05	1.26033288145145	0.013	0.024	1	MAPK8IP1	c4
7.82364813344628e-206	-1.26009105238441	0.031	0.309	2.62389511099521e-201	ABT1	c4
4.03927679393194e-97	-1.25986419722059	0.018	0.165	1.35469265114889e-92	MTFP1	c4
1.13361431419078e-05	1.25983466754876	0.01	0.022	0.380191568693303	KIAA1841	c4
3.25316736183197e-84	-1.25975530001489	0.014	0.141	1.09104726981121e-79	LIME1	c4
3.04535330050162e-06	1.25959312406099	0.021	0.038	0.102135058992223	MCM9	c4
6.12812852640953e-28	-1.25907851895048	0.004	0.047	2.05525174518723e-23	C3orf14	c4
0.00722293428876951	1.25876414373534	0.005	0.01	1	SLC25A35	c4
0.000112013886208824	1.25853827159602	0.012	0.023	1	MIPEP	c4
0	-1.25845728942376	0.07	0.522	0	TWF2	c4
0.00545238836950144	1.25820641542172	0.01	0.017	1	DDX43	c4
0	-1.25815079148872	0.077	0.57	0	SET	c4
0.00170206000709758	1.2580670503695	0.005	0.011	1	ERCC2	c4
4.00527729844191e-263	-1.25676965297676	0.044	0.387	1.34328990035145e-258	BCL7B	c4
0.00152662676767072	1.25658825685304	0.006	0.013	1	ABL2	c4
2.50531758983e-06	1.25620442624886	0.018	0.035	0.0840233413277187	NSUN3	c4
8.40471897448214e-05	1.25615956103422	0.012	0.024	1	ZNF513	c4
0	-1.25581774104194	0.082	0.582	0	PSMD8	c4
0	-1.25561296232549	0.109	0.549	0	TIGIT	c4
0	-1.2554660326221	0.209	0.805	0	COTL1	c4
1.83402641922659e-06	1.25458739210131	0.019	0.036	0.0615095780480214	IRGQ	c4
0.000561545067848214	1.25430743968182	0.308	0.478	1	MBP	c4
1.28814493090564e-05	1.25354460792273	0.013	0.027	0.432018046927135	ARHGAP12	c4
0	-1.25300145605993	0.066	0.474	0	CCT4	c4
7.90309490976271e-211	-1.25186039855369	0.036	0.324	2.65053997083622e-206	NUTF2	c4
7.62988804697732e-05	1.25182860591615	0.017	0.03	1	FAM184A	c4
0.618197268754361	1.25178651526429	0.383	0.592	1	EVL	c4
3.42520352661755e-68	-1.25176394662784	0.011	0.115	1.14874475875699e-63	C16orf91	c4
0	-1.25169355985332	0.076	0.548	0	ATP5F1D	c4
1.04231823215364e-05	1.2516014473562	0.013	0.026	0.349572688699688	ATG10	c4
1.93442035764363e-05	1.25153080642833	0.015	0.028	0.648765899546519	URB2	c4
0.00332427134368602	1.25148188119181	0.006	0.013	1	ACVR1	c4
6.05790563517872e-78	-1.25079524081066	0.012	0.131	2.03170039192624e-73	TMEM223	c4
1.08316827790652e-22	-1.2502057747202	0.005	0.041	3.63272977044289e-18	FAM210B	c4
6.78862596045267e-05	1.24988792723249	0.006	0.015	1	PLK4	c4
1.94539294381873e-183	-1.24987152207481	0.034	0.293	6.52445885497924e-179	SHISA5	c4
2.16857309587972e-268	-1.24956220232667	0.051	0.404	7.27296044896141e-264	SSR3	c4
0	-1.24940679755328	0.06	0.482	0	RSL1D1	c4
1.54410376737073e-34	-1.24935448003352	0.006	0.061	5.17861521500795e-30	SPATA2	c4
1.00589485574818e-80	-1.24926456737891	0.012	0.134	3.37357016720825e-76	SLC25A11	c4
3.65887945814803e-227	-1.24878632581037	0.035	0.336	1.22711499267369e-222	SDHB	c4
1.85259599437901e-06	1.24821761189483	0.013	0.029	0.0621323644594834	TARS2	c4
0.000735642086545055	1.24754234122378	0.006	0.014	1	FGGY	c4
0.00337433289166885	1.24701538524327	0.007	0.014	1	SRBD1	c4
0	-1.24669540571903	0.137	0.701	0	HLA-DPB1	c4
5.25466975015167e-05	1.24481025205455	0.016	0.029	1	H6PD	c4
3.87841561374247e-06	1.24393740147654	0.015	0.03	0.130074302853695	ANKRD42	c4
0.00097569931355399	1.24218458454434	0.004	0.01	1	AC087164.1	c4
9.42950360915993e-38	-1.24193914256177	0.006	0.065	3.16246692044006e-33	RPP25L	c4
1.78015189880243e-35	-1.24174102917877	0.006	0.061	5.97027343820359e-31	SAC3D1	c4
4.30227370504636e-206	-1.24163851442499	0.043	0.331	1.44289655519845e-201	PTP4A1	c4
0	-1.2408147040627	0.205	0.857	0	CYBA	c4
9.90745828612304e-06	1.2402051443741	0.019	0.035	0.332276335999994	NBPF1	c4
7.9162940999974e-05	1.2398012677704	0.012	0.024	1	ZNF354B	c4
2.31565032937767e-06	1.23868964061623	0.021	0.038	0.0776622807466684	GNE	c4
0.00351566117189531	1.23857794507006	0.008	0.014	1	ZNF540	c4
8.11169676575706e-05	1.23848308523597	0.013	0.025	1	MED22	c4
0.020856732589993	1.23751550686132	0.419	0.635	1	STAT3	c4
8.94186255812195e-08	-1.23749591432648	0.001	0.012	0.00299892186474294	CLIC4	c4
3.55975910087873e-181	-1.23745538134605	0.029	0.281	1.19387200725271e-176	TMEM14B	c4
0.000175919054344408	1.23659509087422	0.009	0.019	1	FAM234A	c4
9.18379087925427e-86	-1.23641183664012	0.014	0.144	3.0800597850843e-81	H2AFJ	c4
3.3703675618202e-224	-1.23620991882347	0.041	0.346	1.13035387288326e-219	ICAM3	c4
5.83207735305828e-15	-1.23516041394558	0.002	0.024	1.95596210266868e-10	DPH5	c4
0.00957403723620911	1.23442830593887	0.356	0.574	1	RBM25	c4
3.2983002583934e-132	-1.23379710808678	0.024	0.218	1.10618394065998e-127	TXNDC12	c4
0.00666424521946398	1.23345400622932	0.006	0.011	1	AC027644.3	c4
4.2798222301201e-96	-1.23325477287676	0.017	0.162	1.43536677953768e-91	TFPT	c4
0.000173054172708117	1.23272604419683	0.009	0.018	1	PBX3	c4
0.000973533179763994	1.23272062301234	0.004	0.011	1	Z93241.1	c4
0	-1.23209618502484	0.055	0.453	0	PHB2	c4
8.86156176636085e-05	1.23191323081808	0.015	0.027	1	ZNF124	c4
8.95894064468522e-261	-1.23043436788505	0.045	0.387	3.00464951341453e-256	ISCA1	c4
5.5288544052786e-18	-1.23003971075735	0.005	0.035	1.85426719044234e-13	TRAV17	c4
9.50020372873279e-288	-1.22970129051744	0.062	0.441	3.1861783265424e-283	CMTM6	c4
3.36108736648283e-110	-1.22849824283716	0.017	0.18	1.12724148097101e-105	NUDT16L1	c4
7.8342920606873e-76	-1.22720832489247	0.013	0.129	2.62746487131331e-71	ZNF574	c4
0.000197873921211814	1.22718702766759	0.011	0.021	1	ZMYM1	c4
8.70141062955735e-186	-1.22716487441091	0.038	0.302	2.91827909694094e-181	CCND3	c4
0.000234055851326297	1.22697302078965	0.007	0.016	1	ZNF555	c4
7.45909632584227e-07	-1.2267511314026	0.001	0.01	0.0250163172576098	LAPTM4B	c4
3.33828762975848e-110	-1.22572959718199	0.019	0.182	1.1195949052684e-105	MRPL27	c4
0	-1.22520226041838	0.858	0.998	0	HLA-B	c4
3.83117108994932e-236	-1.22459303979473	0.053	0.377	1.2848981601472e-231	CNN2	c4
8.49252910875339e-48	-1.22379024527589	0.008	0.082	2.84822441249371e-43	PIGBOS1	c4
7.41923139116288e-114	-1.2237722661608	0.02	0.189	2.48826182396821e-109	TSEN34	c4
6.30119462632325e-139	-1.2231460370146	0.024	0.226	2.11329465377629e-134	MRPS18B	c4
0.000268861001503161	1.22133224781322	0.01	0.019	1	UTP14C	c4
0.00164697657170507	1.22131817248805	0.006	0.013	1	C5orf34	c4
5.71909674370203e-39	-1.22131697780364	0.008	0.07	1.91807066590279e-34	CHPF	c4
1.50931894331675e-69	-1.22055914625114	0.015	0.124	5.06195387209572e-65	HPS6	c4
1.91252526554989e-47	-1.22001764569583	0.008	0.083	6.41422723560121e-43	PRPS2	c4
0.00239495356792955	1.2195699912972	0.007	0.014	1	PGAP3	c4
3.55417898694248e-17	-1.21846460197197	0.003	0.03	1.19200054864077e-12	CTU1	c4
0.000299268921359689	1.21838917208549	0.006	0.015	1	ZNF80	c4
9.87119586790196e-31	-1.21782371941853	0.005	0.053	3.31060167017696e-26	ISOC2	c4
8.06178502739297e-06	1.21689614355613	0.01	0.023	0.270376146248706	LDAH	c4
3.27267339276316e-72	-1.21584362813573	0.013	0.125	1.09758920246491e-67	PTS	c4
1.12284239874236e-116	-1.21572535991992	0.02	0.193	3.76578883690212e-112	DEDD2	c4
1.25841249923351e-05	1.21470419804379	0.019	0.034	0.422046383992936	ARHGEF9	c4
0	-1.21429850020843	0.219	0.774	0	CXCR4	c4
6.48277460445262e-21	-1.21354324578534	0.004	0.037	2.17419294684132e-16	APOO	c4
6.01303880907698e-130	-1.21275077615854	0.022	0.212	2.01665295578824e-125	STOML2	c4
0	-1.21220208987283	0.062	0.471	0	ARPC5	c4
0.00137626068027684	1.21207479911828	0.009	0.017	1	MTERF2	c4
0.000434576778513065	1.21195993925341	0.009	0.018	1	ZNF680	c4
1.79709311484494e-238	-1.21192417769466	0.043	0.362	6.02709088856697e-234	PPP6C	c4
1.66653533212926e-14	-1.21146501467828	0.001	0.022	5.58922619689512e-10	PCLAF	c4
7.47702021538582e-96	-1.21097247923043	0.022	0.171	2.5076430398361e-91	RGS2	c4
8.02418609533444e-52	-1.21079972834038	0.011	0.093	2.69115153265327e-47	TMED1	c4
9.75118574917791e-14	-1.21072528818908	0.002	0.022	3.27035267655929e-09	SPSB2	c4
3.44966210460407e-256	-1.20907010274708	0.08	0.44	1.15694767664211e-251	CD27	c4
3.16609383492335e-170	-1.208913966074	0.037	0.283	1.06184455035659e-165	S1PR4	c4
0.000458551617772101	1.20813839318849	0.006	0.014	1	ZSCAN12	c4
4.342499459643e-06	1.20800856572123	0.01	0.024	0.145638746877507	CLUAP1	c4
9.0909951230762e-06	1.20790186062549	0.007	0.019	0.30489379443773	GATAD1	c4
4.87278954037367e-125	-1.20746142926024	0.023	0.208	1.63423615605052e-120	ATG101	c4
0.00062214422122953	1.20659032560404	0.007	0.015	1	ZNF225	c4
2.48745773858577e-124	-1.20563721451679	0.027	0.214	8.34243576366896e-120	LYAR	c4
6.69811170038008e-157	-1.2053787111602	0.029	0.255	2.24641270207347e-152	CEBPG	c4
4.35970381175388e-84	-1.20516540221573	0.019	0.151	1.46215746438602e-79	C16orf54	c4
8.31407610764483e-304	-1.20367689645289	0.136	0.576	2.78837484498192e-299	HSPD1	c4
0	-1.20348843907426	0.098	0.591	0	NDUFV2	c4
0	-1.20330964079216	0.058	0.476	0	LSM7	c4
0	-1.2023704835659	0.065	0.481	0	MOB1A	c4
0	-1.20234562331262	0.064	0.479	0	PPP2R1A	c4
0.000333522910135027	1.20222764656564	0.013	0.024	1	STXBP4	c4
6.24433647502023e-05	1.2022065332435	0.342	0.554	1	STAT5A	c4
8.7385774909863e-06	1.20215332025468	0.012	0.026	0.293074411892699	DENND1A	c4
1.44900143777895e-136	-1.20179290519231	0.03	0.234	4.85966102202304e-132	YBX3	c4
4.56413201098574e-95	-1.199879760959	0.017	0.16	1.5307185938444e-90	RWDD4	c4
0.000456148876622547	1.1994137791291	0.007	0.015	1	NOD2	c4
1.57097629393335e-60	-1.19932668360422	0.011	0.106	5.26874029459366e-56	BOLA2-SMG1P6	c4
0.000328233165834725	1.19856300382537	0.008	0.016	1	ACO1	c4
7.56460270125696e-05	1.19667440067388	0.012	0.024	1	ETAA1	c4
0.00100929941775424	1.19507215447375	0.009	0.018	1	ZSWIM9	c4
9.24975538620033e-11	-1.1943115809723	0.002	0.018	3.10218296142387e-06	UBTD1	c4
1.24052095726055e-05	1.19431037423945	0.012	0.026	0.416045918646043	ZNF275	c4
2.24502835472627e-05	1.19176265335489	0.011	0.024	0.752937609608097	RAI1	c4
0.000192015660617088	1.19112737180964	0.011	0.021	1	TPTEP2-CSNK1E	c4
2.08894532291569e-118	-1.19094629391136	0.021	0.196	7.00590482399463e-114	TOR1A	c4
9.52118739353028e-139	-1.19081340739053	0.024	0.225	3.19321582804218e-134	SNRNP27	c4
2.06000765219308e-51	-1.19049147181458	0.009	0.09	6.90885366392515e-47	TMEM14A	c4
7.40477887686695e-126	-1.18978945033812	0.021	0.206	2.48341473972364e-121	GLTP	c4
1.27030185202379e-166	-1.18904434141453	0.027	0.26	4.26033835131738e-162	TRAPPC2L	c4
0	-1.1877578461249	0.067	0.476	0	BSG	c4
6.92086893330715e-06	1.18750278248084	0.018	0.033	0.232112102285255	FRMD6	c4
1.63861161169359e-89	-1.18671705144458	0.016	0.151	5.49557562329796e-85	MPLKIP	c4
0.0198329874441094	1.18627478724353	0.006	0.011	1	KIF7	c4
4.59524734741661e-50	-1.18604250072252	0.009	0.088	1.54115405537658e-45	IFT22	c4
4.2236944575939e-121	-1.18545223328153	0.026	0.21	1.41654264718784e-116	MFSD5	c4
4.17857422096705e-118	-1.18523809514938	0.021	0.196	1.40141022222793e-113	RNF187	c4
1.88616319476219e-39	-1.18495816197894	0.005	0.065	6.32581412259345e-35	BRD3OS	c4
0.0458814084262414	1.18444862359663	0.425	0.659	1	SRSF11	c4
1.87451172673205e-39	-1.18439166365854	0.007	0.068	6.28673742911397e-35	DMAC1	c4
2.76244946718338e-282	-1.18396563226458	0.052	0.418	9.26470302303963e-278	ARPC5L	c4
5.00492889031982e-25	-1.18370754912688	0.004	0.043	1.67855305123546e-20	SRRD	c4
3.12643364307753e-184	-1.18361559215902	0.039	0.302	1.04854331521534e-179	TMEM123	c4
0.000161644597874091	1.18331708026524	0.009	0.018	1	AC020928.1	c4
4.15594119459558e-05	1.18324140092939	0.011	0.022	1	SLC22A18	c4
0.000363040232886806	1.18303446847449	0.009	0.019	1	DHX34	c4
2.59128377316109e-201	-1.18266579288042	0.038	0.317	8.69064751842765e-197	SURF2	c4
0.00418767169329168	1.18250015234818	0.004	0.01	1	TDRKH-AS1	c4
0.000188247118597738	1.1823873809579	0.009	0.019	1	PDSS2	c4
3.86656672738362e-23	-1.18141506926901	0.004	0.039	1.29676914902992e-18	BOLA1	c4
0	-1.18127657459768	0.073	0.517	0	ATP5F1A	c4
0	-1.18074061585984	0.394	0.917	0	CD7	c4
0	-1.17980497453222	0.098	0.521	0	TRBC1	c4
5.16304696909118e-06	1.17946425862843	0.008	0.02	0.17315826924938	TMEM79	c4
5.6279409892194e-05	1.17939735014081	0.009	0.02	1	NKD1	c4
1.90043047982713e-06	1.1785278813272	0.016	0.032	0.0637366374324424	GANC	c4
0.000208648392084461	1.17839570561782	0.01	0.02	1	MTMR8	c4
5.17481110100733e-60	-1.17732598591058	0.009	0.102	1.73552814705584e-55	SNAPC2	c4
3.87102301047206e-77	-1.17719586138197	0.014	0.132	1.29826369725212e-72	KRCC1	c4
7.42879359626201e-282	-1.17714143026053	0.048	0.41	2.49146879631435e-277	CMC2	c4
0.00621647886417384	1.17641419164185	0.005	0.011	1	FAM135A	c4
4.0540773949954e-47	-1.17560092505099	0.011	0.087	1.35965647673356e-42	SAYSD1	c4
9.74084413538285e-60	-1.17541114357329	0.011	0.105	3.2668843061247e-55	ING2	c4
2.32705568074492e-55	-1.17486731062227	0.01	0.096	7.80447934208232e-51	PTRH2	c4
5.2087811142891e-06	1.17482845698964	0.016	0.031	0.174692101011028	ARHGEF18	c4
0.000124996961489797	1.17479357336528	0.01	0.02	1	NOCT	c4
0.0036415139069944	1.17475051215852	0.005	0.011	1	PNPLA7	c4
2.43619259255773e-05	1.17450155719785	0.011	0.023	0.81705027169201	ALS2	c4
5.57283203438022e-28	-1.17375177570255	0.004	0.047	1.86901640769044e-23	FAM104B	c4
1.02122332856118e-218	-1.1731491913284	0.04	0.339	3.42497879932849e-214	FRG1	c4
7.96649346059508e-96	-1.1730546443265	0.02	0.167	2.67180257681438e-91	YEATS4	c4
0	-1.17261116531811	0.103	0.577	0	ODC1	c4
9.61721616014722e-05	1.1723690087304	0.007	0.016	1	UQCC1	c4
3.51267213275398e-126	-1.1723541993505	0.023	0.209	1.17807997988303e-121	SPG21	c4
1.03781535195866e-253	-1.17232959518449	0.049	0.388	3.48062512739896e-249	ANXA7	c4
5.20346695627079e-13	-1.17217513317848	0.002	0.021	1.7451387477941e-08	TIMP1	c4
1.0843025448832e-150	-1.17193801822684	0.03	0.25	3.63653387502927e-146	CCDC115	c4
1.25058682247371e-09	-1.17162796928842	0.002	0.016	4.19421808521234e-05	HSPA2	c4
1.71629158246589e-06	1.1715855865329	0.008	0.021	0.0575609870927409	TOP1MT	c4
0.000114281094443485	1.17072479564065	0.006	0.015	1	ANKRD33B	c4
0.00146169290617294	1.17044804474611	0.005	0.012	1	ZCCHC24	c4
1.68971050652853e-148	-1.17043203442956	0.027	0.241	5.66695109679537e-144	ZCRB1	c4
4.90037912583152e-88	-1.17003020424333	0.021	0.159	1.64348915122137e-83	PERP	c4
1.44502332844054e-141	-1.16974388737119	0.025	0.23	4.84631923892388e-137	TMEM11	c4
0	-1.16973155485038	0.091	0.597	0	CAPZB	c4
0.000267833212662701	1.16927578791245	0.007	0.016	1	CCDC189	c4
3.17023624761441e-216	-1.16927201023997	0.044	0.343	1.06323383272492e-211	PPP1R18	c4
3.88699790038954e-224	-1.16924844268407	0.049	0.36	1.30362135583264e-219	OSTF1	c4
0.000120692343746676	1.16909918118607	0.348	0.569	1	NCOR1	c4
7.15351886268427e-259	-1.16876821723847	0.05	0.393	2.39914715616705e-254	RAP1A	c4
2.61243723763591e-233	-1.16874612212638	0.044	0.359	8.76159200758331e-229	METTL9	c4
1.69594996060601e-82	-1.16866380374147	0.014	0.14	5.68787697788042e-78	RPP38	c4
2.03364712933675e-07	-1.16860060402835	0.001	0.011	0.00682044574236959	C17orf53	c4
2.04436027504375e-06	1.16832889651986	0.015	0.031	0.0685637549044172	FAM185A	c4
4.36204556469959e-06	1.16828928306197	0.013	0.027	0.146294284148895	MTPAP	c4
0	-1.16826805994085	0.086	0.581	0	ARF5	c4
4.47197310672336e-217	-1.16824166838983	0.048	0.352	1.49981034053288e-212	KPNA2	c4
4.20371853417005e-276	-1.16746094477311	0.056	0.42	1.40984312198995e-271	RHOF	c4
0.000927233258424864	1.16729126180751	0.005	0.011	1	ZNF77	c4
2.36068425550946e-10	-1.16647056202487	0.002	0.017	7.91726285612763e-06	PNPO	c4
1.21022207902359e-05	1.1663711672026	0.008	0.019	0.405884280862933	ERV3-1	c4
1.10434689447324e-86	-1.1662861043318	0.016	0.148	3.70375861468437e-82	PLEKHF2	c4
1.33459921385701e-200	-1.16628434253842	0.033	0.308	4.47597884343363e-196	RNF11	c4
0	-1.16617403735188	0.119	0.693	0	SERBP1	c4
3.07775254192715e-50	-1.16611762081308	0.01	0.09	1.03221664751153e-45	SLC41A3	c4
7.65446491601177e-114	-1.16588534619043	0.022	0.193	2.56715444353203e-109	DYNLT3	c4
0	-1.16580810275762	0.109	0.646	0	PSMB8	c4
9.17613073129332e-47	-1.16579717397926	0.007	0.079	3.07749072466115e-42	MRPL24	c4
2.55637432585753e-225	-1.16535648589819	0.038	0.341	8.573568214061e-221	TRAPPC3	c4
6.0664719238955e-96	-1.16496559103802	0.019	0.166	2.03457335383607e-91	C5orf15	c4
5.16913562271403e-15	-1.1647536325108	0.002	0.024	1.73362470514583e-10	C17orf58	c4
1.25172796566522e-207	-1.1640744625803	0.041	0.329	4.19804525124803e-203	TUBA1C	c4
0	-1.16346854781503	0.095	0.543	0	SELPLG	c4
0	-1.16338734152165	0.156	0.696	0	JUNB	c4
0.000433945393745053	1.16188944490283	0.007	0.016	1	FBXL19	c4
0	-1.1615126148308	0.087	0.611	0	JTB	c4
3.5084096750052e-06	1.16057026968094	0.017	0.032	0.117665043680324	ZNF318	c4
5.20668016083519e-30	-1.16038368977909	0.005	0.051	1.74621639234091e-25	LTA	c4
2.06119350507278e-38	-1.15995004352551	0.008	0.07	6.9128307773131e-34	NSDHL	c4
8.54886319602142e-112	-1.15914760531904	0.018	0.183	2.86711773868166e-107	SNAPIN	c4
1.43898549813394e-196	-1.15887473807093	0.037	0.311	4.82606956364162e-192	TMEM179B	c4
0	-1.15876763426074	0.172	0.81	0	DAZAP2	c4
1.78779109083521e-70	-1.15793784128788	0.011	0.119	5.99589376044313e-66	HDDC2	c4
2.40403361428704e-151	-1.15704089446699	0.025	0.241	8.06264793559587e-147	ELOF1	c4
0	-1.15698890923463	0.146	0.667	0	CLEC2B	c4
0.000772993615415857	1.15698563971058	0.01	0.018	1	RIC3	c4
0.000944632093918352	1.15681792365063	0.005	0.012	1	PTER	c4
0.000107781695832621	1.15649022984278	0.009	0.019	1	CENPP	c4
8.05162693743442e-61	-1.1557668564803	0.011	0.105	2.70035464227676e-56	AKR7A2	c4
4.06248803969559e-16	-1.15571018335803	0.002	0.027	1.36247723875311e-11	RPL39L	c4
1.45016202114201e-94	-1.15532753019935	0.02	0.166	4.86355338650608e-90	STARD3NL	c4
1.84649147052482e-88	-1.15473558283826	0.015	0.149	6.19276309384615e-84	TPRKB	c4
3.0973734338152e-19	-1.15423910254128	0.003	0.032	1.03879710223294e-14	PEMT	c4
0	-1.15393243691696	0.139	0.759	0	ISCU	c4
1.11818023883092e-05	1.15389025796708	0.012	0.026	0.375015288499113	ZNF737	c4
1.10356806663341e-05	1.15377613531875	0.011	0.024	0.370114658187513	ARSG	c4
0	-1.15361651162469	0.126	0.621	0	TUBA4A	c4
7.32561967445221e-06	1.15358054292561	0.009	0.022	0.245686632641778	ZNF682	c4
0.00300188859043804	1.1527995747574	0.004	0.01	1	AL139423.1	c4
1.51341569026907e-69	-1.15220453025336	0.015	0.125	5.07569354202442e-65	CDKN2A	c4
0.00218790707109613	1.1518256296557	0.004	0.01	1	SMTN	c4
9.91935708001762e-212	-1.15171624183198	0.045	0.341	3.32675397749631e-207	AHSA1	c4
0.000174423735790387	1.15156308339829	0.007	0.016	1	RASGRP3	c4
1.14456796199726e-168	-1.15133826068978	0.032	0.272	3.8386520309464e-164	PBDC1	c4
5.94510326446441e-100	-1.15117390946999	0.022	0.177	1.99386873283607e-95	VSIR	c4
2.59628609658913e-34	-1.1501730246069	0.012	0.071	8.70742431074063e-30	NR4A1	c4
1.36563476468457e-05	1.14897720560064	0.014	0.027	0.458006587379912	SLC26A2	c4
8.10063017064425e-05	1.1476090545561	0.012	0.023	1	NRIP1	c4
5.71239349794733e-248	-1.14731380350299	0.045	0.375	1.91582253134158e-243	RBM42	c4
1.6273940122246e-38	-1.14711044748903	0.007	0.068	5.45795403819888e-34	CCDC71	c4
5.50662736047295e-110	-1.14633812410411	0.018	0.18	1.84681268415542e-105	COA4	c4
5.28377211240245e-14	-1.14488070277426	0.004	0.026	1.77207149105753e-09	SERPINH1	c4
4.4775150982805e-10	-1.14461727527451	0.001	0.016	1.50166901366131e-05	SRR	c4
0	-1.14455744246171	0.091	0.556	0	ZYX	c4
7.96013408980941e-14	-1.14444795426036	0.002	0.022	2.66966977104028e-09	TKFC	c4
0	-1.14443804611459	0.079	0.575	0	FAM96B	c4
0	-1.14405508086095	0.444	0.98	0	SARAF	c4
5.00259560944353e-05	1.14387202854096	0.009	0.02	1	HS6ST1	c4
0	-1.14130970537075	0.154	0.689	0	ANXA2	c4
3.5670727137541e-23	-1.14094105794677	0.004	0.04	1.19632484673885e-18	AAMDC	c4
2.37831226693431e-52	-1.13962891933019	0.009	0.09	7.97638368084427e-48	HAUS1	c4
6.80539897709262e-108	-1.13953730419062	0.017	0.175	2.28239470893732e-103	PHPT1	c4
3.12448562902752e-61	-1.13917247443996	0.013	0.111	1.04788999026325e-56	SLC35B2	c4
4.64576811802717e-280	-1.13897284022064	0.053	0.418	1.55809771142395e-275	PDCD6	c4
8.40252988181311e-11	-1.13831195658066	0.002	0.019	2.81804047176248e-06	MAGEF1	c4
0.00172399948534895	1.13726578822929	0.005	0.012	1	L3HYPDH	c4
7.34415615856947e-96	-1.13657894240961	0.019	0.165	2.46308309246103e-91	KBTBD4	c4
2.09690155739728e-37	-1.13633461996976	0.007	0.066	7.03258844319899e-33	NUDT15	c4
3.37865885632005e-184	-1.13533989655298	0.032	0.29	1.13313460723262e-179	NGRN	c4
1.43507671387436e-05	1.13424916832769	0.015	0.029	0.481296028299182	USP28	c4
0.00179555982862043	1.13382392971843	0.007	0.014	1	SLC16A6	c4
6.36061806905504e-278	-1.13286131246936	0.055	0.421	2.13322408799968e-273	ARL2BP	c4
2.26921547263373e-43	-1.13266103399812	0.008	0.076	7.61049485211901e-39	EXOSC5	c4
1.95751377261036e-05	1.13177121477952	0.009	0.021	0.656510969058061	JHY	c4
4.77576045319043e-13	-1.13159044364057	0.002	0.021	1.60169454079101e-08	CAMK2N1	c4
1.64747374156878e-40	-1.13157250591821	0.007	0.071	5.52529743447337e-36	ING1	c4
0.000742498606390986	1.13124376899919	0.004	0.011	1	LINC00467	c4
1.41797584661046e-60	-1.1310696811026	0.012	0.107	4.75560739436215e-56	ATF5	c4
0.00804960050357186	1.13068250212592	0.005	0.01	1	AC016727.1	c4
1.30296088748201e-43	-1.13002228161283	0.008	0.076	4.36987022443715e-39	BNIP3	c4
2.1403120576498e-154	-1.1296569306786	0.029	0.252	7.17817857894591e-150	ATP6V1E1	c4
2.25007505728278e-09	-1.12825214098032	0.001	0.015	7.54630172711498e-05	AC099063.4	c4
2.67732678693537e-89	-1.12812690243786	0.016	0.152	8.97921857802385e-85	ZNF511	c4
3.75912548176594e-07	-1.12688088521002	0.001	0.011	0.0126073550407466	GPR146	c4
2.13395959072877e-05	1.12674178901553	0.01	0.022	0.715687367538615	MIATNB	c4
3.38613092343809e-37	-1.12672751007339	0.009	0.07	1.13564058910267e-32	TMEM9	c4
0.000652659659276516	1.12625241834783	0.005	0.013	1	LMF1	c4
5.69709722411083e-12	-1.12607908815737	0.002	0.02	1.91069246702229e-07	IFT46	c4
2.17586207131946e-25	-1.12521598420957	0.005	0.045	7.29740621479119e-21	HIST1H2BJ	c4
0	-1.12449987154703	0.06	0.465	0	SSNA1	c4
4.52889481587469e-08	-1.12422904208962	0.001	0.012	0.00151890074334806	FAM229B	c4
0.416967955574918	1.12406908070886	0.422	0.656	1	CLEC2D	c4
0	-1.12364692340209	0.082	0.53	0	REEP5	c4
0.00012296269506441	1.12331640232299	0.005	0.013	1	U2AF1	c4
3.2611173695971e-32	-1.12324939787473	0.006	0.057	1.09371354341548e-27	STN1	c4
7.68803262477604e-172	-1.12314329225083	0.035	0.282	2.57841238169739e-167	SZRD1	c4
1.02700307827883e-284	-1.12310606702814	0.069	0.452	3.44436292393155e-280	PDIA6	c4
3.34747679081575e-64	-1.12303559006356	0.013	0.114	1.12267676610379e-59	LRRC42	c4
1.15503026784245e-143	-1.12242319004838	0.028	0.238	3.87374051229001e-139	MMP24OS	c4
9.33785953848859e-81	-1.12227908098352	0.014	0.138	3.1317313320183e-76	JOSD2	c4
1.76088483518068e-289	-1.12209487592164	0.062	0.444	5.90565556022895e-285	MAF1	c4
1.0368680404431e-27	-1.12200667884963	0.004	0.046	3.47744803403808e-23	BEX2	c4
4.21834522526678e-05	1.12175451353723	0.009	0.019	1	TMEM231	c4
6.48724970372145e-06	1.12107256392305	0.021	0.038	0.21756938056341	SMYD3	c4
0	-1.12103720347597	0.164	0.722	0	LSP1	c4
0.000227738758812032	1.12093699486494	0.006	0.015	1	SIRT5	c4
1.74236514769206e-272	-1.12065143301004	0.055	0.415	5.84354423232964e-268	MRFAP1	c4
2.16210522593078e-33	-1.11978271885084	0.006	0.058	7.25126850672666e-29	PLGRKT	c4
0.0001570772500963	1.11899732077016	0.01	0.021	1	EPHA1	c4
4.0323830581603e-12	-1.11889976947853	0.002	0.02	1.3523806300458e-07	AL392172.1	c4
4.21464178662711e-289	-1.11827445750193	0.059	0.438	1.413506562399e-284	GTF3A	c4
3.09534840470445e-31	-1.11735216134567	0.005	0.053	1.03811794796978e-26	MKKS	c4
1.14890174362554e-118	-1.11615935473885	0.022	0.199	3.85318666777133e-114	TSR2	c4
0	-1.11601400101573	0.071	0.481	0	SEC11A	c4
0.000136597444133972	1.11596028143069	0.008	0.018	1	KDM1B	c4
0	-1.11595253721301	0.128	0.701	0	CAP1	c4
0	-1.115929230798	0.063	0.462	0	PSMC4	c4
1.59706243916475e-26	-1.1151588765777	0.005	0.047	5.35622800847072e-22	AC100810.1	c4
1.95985505639089e-06	1.11484671936694	0.015	0.031	0.0657296188812378	TMCO6	c4
2.78951752560403e-06	1.11425056959036	0.009	0.023	0.0935548387737078	ARL6	c4
0.000245932486322532	1.11260545637715	0.007	0.016	1	SLC16A13	c4
0	-1.1124949465285	0.094	0.568	0	RHBDD2	c4
0	-1.11244213220813	0.128	0.644	0	DNAJA1	c4
2.65504879081802e-79	-1.11226589494387	0.015	0.138	8.90450263464548e-75	GLIPR2	c4
3.40105208344934e-50	-1.11207647557341	0.008	0.087	1.14064484774724e-45	ZNF32	c4
0	-1.10996006099076	0.06	0.457	0	SRSF9	c4
0	-1.10902368844123	0.143	0.755	0	NOP53	c4
0.000520250590851385	1.10892577539981	0.006	0.014	1	SLC25A29	c4
0.733285063540211	1.10824202994279	0.401	0.617	1	NAP1L4	c4
2.01060943158663e-14	-1.10778028981776	0.003	0.026	6.74318191165524e-10	AC016065.1	c4
4.37527329273412e-05	1.10675793059814	0.008	0.019	1	ALCAM	c4
1.399363625113e-108	-1.10637481711044	0.022	0.187	4.69318572590397e-104	PLEKHF1	c4
7.67390503117969e-06	1.1050375217844	0.008	0.02	0.257367426935705	EXD3	c4
5.00058318344955e-23	-1.10481764204456	0.003	0.038	1.67709558806531e-18	PSPH	c4
0	-1.10473379587721	0.11	0.657	0	SEC62	c4
0.000906403945028175	1.10381834224206	0.004	0.011	1	ZNF324B	c4
0.000427638533207957	1.10367031819747	0.011	0.021	1	DIRC2	c4
2.73368312113074e-117	-1.10350023995598	0.021	0.195	9.16822645164826e-113	NRBF2	c4
0.00027493256020453	1.10349456448141	0.007	0.016	1	FAM219A	c4
0.000106215870006597	1.10334893511795	0.009	0.019	1	MORN3	c4
3.9762810877206e-05	1.10278291008076	0.007	0.017	1	TMLHE	c4
7.50560636830468e-06	1.1026074263797	0.008	0.02	0.251723026380202	CBR4	c4
0.00214240513662108	1.10259376667907	0.006	0.013	1	C19orf44	c4
0.00128387875515262	1.10172879332392	0.005	0.011	1	XYLT2	c4
1.26893556788985e-05	1.10144372830698	0.014	0.027	0.425575610758899	ZNF652	c4
4.56636416290047e-14	-1.10119722415195	0.002	0.022	1.53146721295356e-09	CHRNE	c4
4.69881742454337e-05	1.10030423621161	0.01	0.021	1	ZNF16	c4
1.45525522411582e-05	1.0988874063387	0.01	0.022	0.488063497063964	ZNF461	c4
4.36083668161709e-14	-1.09871498294865	0.003	0.025	1.46253740628074e-09	SDHAF3	c4
3.45554380756101e-297	-1.09867609729973	0.066	0.457	1.15892028217981e-292	ARPP19	c4
0	-1.09829003584681	0.063	0.478	0	ENY2	c4
3.18841442159226e-158	-1.09787417889882	0.041	0.279	1.06933042871361e-153	P2RY10	c4
1.20844730179197e-158	-1.09604341351665	0.027	0.253	4.05289056074992e-154	CHMP2A	c4
1.76288520259429e-148	-1.09598110489136	0.026	0.24	5.91236439246071e-144	DEDD	c4
0.000587307115428365	1.0956585056973	0.37	0.616	1	SF3B1	c4
9.69903827934363e-05	1.09540732819095	0.007	0.017	1	LIN9	c4
0	-1.09408440569739	0.072	0.502	0	PSMA5	c4
7.26766588452671e-34	-1.09281670497286	0.006	0.06	2.43742978435257e-29	SIGMAR1	c4
7.26816758011669e-155	-1.09181307516923	0.041	0.274	2.43759804301954e-150	TOB1	c4
5.33965019495271e-88	-1.09181075033603	0.028	0.171	1.79081188238324e-83	GPR183	c4
2.09802286499631e-105	-1.09157637875037	0.018	0.175	7.03634908462461e-101	POP4	c4
3.14926789795062e-10	-1.0914419788367	0.002	0.016	1.05620146761468e-05	TGFBR3L	c4
1.78290031926597e-06	1.08999379519196	0.015	0.031	0.0597949109075419	MKI67	c4
9.07366823010803e-92	-1.08883231158176	0.016	0.155	3.04312685101363e-87	GSKIP	c4
0	-1.0887838243688	0.071	0.477	0	RPS27L	c4
0.00461179574474915	1.08796234291232	0.004	0.01	1	AC087623.3	c4
1.06596163334588e-05	1.08792304296324	0.012	0.025	0.35750221259154	SWT1	c4
0	-1.08760191274563	0.099	0.63	0	EIF3G	c4
0.000534006931681118	1.08730047988647	0.007	0.015	1	CCDC152	c4
3.27223031402864e-194	-1.08716959038734	0.039	0.311	1.09744060271892e-189	DHRS7	c4
5.90429685373956e-66	-1.08609435522732	0.01	0.111	1.98018307880717e-61	SMIM19	c4
3.13030485785246e-14	-1.08478592807054	0.003	0.026	1.04984164322656e-09	SPRYD7	c4
8.77827871741905e-12	-1.08445287005849	0.002	0.019	2.944059116248e-07	CEP19	c4
0	-1.08427282099041	0.082	0.523	0	NUDC	c4
3.22279087049064e-06	1.08304243900782	0.009	0.022	0.108085960214515	ZCCHC4	c4
6.2524779484878e-06	1.08184225954666	0.011	0.024	0.209695605436384	GPSM2	c4
0.020356372626469	1.08135026126132	0.005	0.01	1	EXT1	c4
0.000107718271798449	1.08121279374247	0.01	0.02	1	KRBA1	c4
5.25625483265868e-251	-1.08102161890366	0.049	0.384	1.76284274577707e-246	MDH1	c4
0	-1.080009849724	0.073	0.491	0	MAPK1IP1L	c4
8.85942553584977e-125	-1.07982542401731	0.031	0.222	2.97127413621329e-120	IGFLR1	c4
3.03400746017599e-33	-1.07875187562387	0.006	0.059	1.01754542199382e-28	RRS1	c4
5.78744439064174e-86	-1.07836438066872	0.016	0.147	1.94099309973343e-81	TAF12	c4
5.41505652207885e-101	-1.07820830710382	0.02	0.174	1.81610165637481e-96	VPS72	c4
9.98235486511395e-06	1.07796747618504	0.013	0.026	0.334788217466192	IQSEC1	c4
8.14221079870361e-57	-1.07751657204535	0.011	0.101	2.73073465766922e-52	EBAG9	c4
1.73373465771583e-112	-1.07738789942823	0.028	0.203	5.81459929504735e-108	TNFAIP8	c4
1.45624563050421e-226	-1.07731465052702	0.051	0.366	4.88395659558501e-222	HNRNPAB	c4
0.000883947490598896	1.07715177738555	0.004	0.011	1	POLE2	c4
8.78955038186897e-06	1.07612628740379	0.011	0.024	0.294783940707122	PRIMPOL	c4
9.47793821676846e-05	1.07567162597087	0.005	0.014	1	AL096865.1	c4
1.70038152707356e-55	-1.07511424054177	0.011	0.098	5.7027395654993e-51	DEXI	c4
3.05283327010405e-201	-1.07493432037643	0.042	0.325	1.0238592221275e-196	IAH1	c4
4.39387734414253e-114	-1.07376360600523	0.022	0.193	1.47361858367852e-109	TEX264	c4
2.91551294378993e-06	1.07346044018542	0.01	0.024	0.0977804731088268	MYB	c4
7.30878430664894e-61	-1.07321559139618	0.011	0.107	2.45122008076392e-56	GTF2H5	c4
8.62689277612843e-07	-1.07321517965164	0.001	0.01	0.0289328729925795	CREB3L4	c4
4.97962286585129e-30	-1.07297970783643	0.007	0.055	1.67006591674921e-25	BPGM	c4
2.78484289461423e-06	1.07271344336569	0.01	0.024	0.093398060999572	NLRX1	c4
0.00120925277664009	1.07251089963439	0.008	0.016	1	IPO4	c4
9.79986094682514e-49	-1.07237127664258	0.01	0.088	3.28667736434622e-44	HNRNPH2	c4
4.17088377674502e-24	-1.07219314390858	0.003	0.04	1.39883100104474e-19	NRM	c4
5.07047805443943e-14	-1.07105899293845	0.003	0.025	1.7005369298979e-09	DHRS4-AS1	c4
2.02292747223719e-39	-1.07085939730854	0.01	0.075	6.7844941563891e-35	MAL	c4
1.44558157821432e-108	-1.0708219794471	0.021	0.184	4.8481914970152e-104	C12orf10	c4
5.76923561974424e-05	1.06936190809622	0.006	0.015	1	RMND5B	c4
4.41424534040991e-06	1.06928300740677	0.01	0.024	0.148044960226667	SLC27A3	c4
0.0269431710929914	1.06691566883601	0.006	0.01	1	CDK5R1	c4
3.25451110050029e-10	-1.06683773081474	0.001	0.016	1.09149793288579e-05	UHRF1	c4
5.03076796092328e-05	1.06680947171132	0.008	0.019	1	ZNF551	c4
5.38735105600665e-102	-1.06651147103384	0.024	0.183	1.80680979716351e-97	PPT1	c4
4.97939419228669e-83	-1.06647101744187	0.019	0.149	1.66998922420911e-78	SURF1	c4
8.93649870911641e-09	-1.06600920294291	0.002	0.015	0.000299712293706346	FEZ1	c4
4.10971411504198e-231	-1.06547870068979	0.052	0.373	1.37831591990278e-226	PSMA3	c4
1.63657267862018e-111	-1.06541619204069	0.025	0.196	5.48873744955635e-107	DNAJB9	c4
1.57010408305393e-25	-1.06213445423501	0.007	0.049	5.26581507374627e-21	S1PR1	c4
6.55752941815454e-26	-1.06207685431678	0.005	0.046	2.19926421626067e-21	ADAT3	c4
2.66801024676077e-93	-1.0613206503192	0.016	0.157	8.94797276558628e-89	UBE2V2	c4
1.95620220821392e-120	-1.06127531776193	0.031	0.218	6.56071096590786e-116	STOM	c4
8.137207616527e-31	-1.06101368822501	0.007	0.056	2.72905669043083e-26	UBE2F	c4
5.59325462805469e-85	-1.0608350516363	0.019	0.152	1.87586573715698e-80	AGPAT2	c4
3.05112116027717e-73	-1.06068815254461	0.017	0.133	1.02328501473376e-68	NDUFAF4	c4
5.99016685821262e-124	-1.06057971394648	0.021	0.203	2.00898216090735e-119	TXN2	c4
2.88140928056672e-06	1.06026460735613	0.008	0.021	0.0966367044516465	LYPLAL1	c4
1.6380366676979e-66	-1.05949639158069	0.011	0.114	5.4936473761252e-62	ISCA2	c4
3.58441529839905e-05	1.05945727581604	0.006	0.016	1	ZSCAN29	c4
4.04630687795655e-40	-1.05910919433602	0.009	0.073	1.35705040072907e-35	CRTAP	c4
1.29826423596902e-05	1.05758062829147	0.005	0.015	0.435411859459291	GLI4	c4
3.04931260107023e-05	1.05737900058663	0.008	0.018	1	NOMO1	c4
2.36305447948796e-06	1.05627259144237	0.01	0.024	0.0792521211330671	CENPO	c4
1.03980623822517e-53	-1.05609066647018	0.018	0.108	3.48730216175956e-49	BAG3	c4
3.32706839801683e-06	1.05510238458871	0.01	0.023	0.111583219932689	TMEM163	c4
5.79877325020766e-08	-1.05462699956483	0.001	0.011	0.00194479257265464	AC109826.1	c4
5.85606025680806e-23	-1.0542096302994	0.006	0.043	1.96400548892829e-18	MYC	c4
1.24211521324537e-90	-1.05414907588011	0.017	0.155	4.16580600218232e-86	PMVK	c4
1.25068141353988e-07	-1.05408095210919	0.003	0.014	0.00419453532473004	IL1RN	c4
0	-1.05395665662102	0.081	0.543	0	NOL7	c4
1.66223728238889e-07	-1.05054594165652	0.001	0.011	0.00557481139767587	NANP	c4
2.06754312662636e-05	1.05054074578393	0.006	0.017	0.693412613807948	POU3F1	c4
1.67477495270796e-97	-1.05017015084173	0.019	0.168	5.61686023639195e-93	EBP	c4
1.6937766054264e-102	-1.04957813545686	0.019	0.174	5.68058797927906e-98	ZCCHC10	c4
4.27457652183477e-06	1.04934717372823	0.014	0.028	0.143360747389295	SLC16A7	c4
0.000172360950643445	1.04903401556952	0.007	0.016	1	HOXB-AS1	c4
7.21475836835668e-72	-1.04881886784405	0.014	0.126	2.41968566157946e-67	GPKOW	c4
4.13265820234824e-217	-1.04857594803238	0.047	0.35	1.38601090790355e-212	MTPN	c4
3.82662649048813e-76	-1.04837852190038	0.015	0.132	1.28337399237991e-71	CREBL2	c4
1.35152058764594e-12	-1.04780040783331	0.002	0.021	4.53272974684695e-08	PRICKLE3	c4
5.75254589762443e-94	-1.04756308848212	0.022	0.168	1.92928884314528e-89	POLR3GL	c4
1.03172963980635e-188	-1.04734909783062	0.034	0.298	3.46021486598254e-184	MRPS15	c4
1.19110125483312e-95	-1.04703500888956	0.018	0.164	3.99471538845933e-91	HIKESHI	c4
6.60172283942225e-06	1.04661463881921	0.01	0.022	0.221408580588543	SLC46A3	c4
4.73652118386449e-06	1.04635770061124	0.35	0.585	0.158853447464447	NFKB2	c4
4.95862889430133e-299	-1.04605464729949	0.064	0.455	1.66302495857078e-294	CCT7	c4
4.23515312297052e-78	-1.04541961563687	0.015	0.136	1.42038565438185e-73	CALHM2	c4
0.00125045470662107	1.04480564412734	0.008	0.015	1	ZNF776	c4
3.22297406084614e-32	-1.04477844487343	0.008	0.06	1.08092104052658e-27	FHL3	c4
0.000336061186235653	1.0445904284498	0.004	0.011	1	MPZL1	c4
7.13182480639013e-44	-1.04382793728915	0.008	0.077	2.39187140356712e-39	PRAF2	c4
7.13147856156261e-70	-1.04338677963511	0.014	0.124	2.39175527997687e-65	CMAS	c4
0.00314479489418522	1.04206820259348	0.005	0.011	1	GRAP	c4
2.41353804221216e-06	1.04072640130838	0.012	0.026	0.0809452388597113	VEGFB	c4
1.30784645481689e-15	-1.04053935928537	0.003	0.028	4.38625544016488e-11	TMEM267	c4
0.011878293400405	1.03996134691392	0.005	0.01	1	AC016773.1	c4
1.82800256794867e-42	-1.03960275994655	0.007	0.073	6.13075501238626e-38	LRR1	c4
2.84173382457006e-242	-1.03956558365455	0.056	0.39	9.53060690084308e-238	PSMF1	c4
0	-1.03925664043876	0.138	0.72	0	XRCC6	c4
1.31679477734612e-66	-1.03885820898709	0.013	0.117	4.41626632426343e-62	C1orf122	c4
7.09335193575099e-187	-1.03867513021401	0.036	0.3	2.37896837221217e-182	NDUFS7	c4
8.13832891816758e-29	-1.03823032608117	0.005	0.05	2.72943275257504e-24	EEF1E1	c4
1.26286563057287e-71	-1.03741429371443	0.012	0.122	4.23539875181529e-67	ZNF593	c4
0.000141620121309278	1.03690509802343	0.006	0.014	1	AC009948.1	c4
8.90268398211253e-05	1.03528672015286	0.006	0.015	1	TTC22	c4
2.27566574240315e-255	-1.03414141247604	0.048	0.388	7.63212776687169e-251	RPS19BP1	c4
4.15769456451073e-104	-1.03401263688559	0.024	0.184	1.39440760304561e-99	CFAP20	c4
7.82930358438255e-72	-1.03381292477867	0.011	0.12	2.62579183613022e-67	CBR1	c4
6.95697719753857e-41	-1.03351677695774	0.009	0.074	2.33323101251048e-36	TMEM205	c4
1.82960066297325e-23	-1.03329859983086	0.003	0.039	6.13611470347969e-19	TP53TG1	c4
1.72538805975036e-06	1.03320043815982	0.009	0.023	0.0578660647479075	CCNYL1	c4
4.95107162205318e-96	-1.03252798272119	0.02	0.167	1.66049040060419e-91	UAP1	c4
0.000263322522714808	1.03229699513075	0.005	0.013	1	GPD2	c4
2.11982672785072e-32	-1.03195924068921	0.007	0.06	7.10947487986575e-28	PDF	c4
0.000302135094031615	1.03176115509604	0.007	0.016	1	ARSB	c4
1.55159331961325e-287	-1.03169595550149	0.067	0.451	5.2037336753189e-283	WTAP	c4
6.4211653492015e-06	1.03154262325687	0.008	0.019	0.21535304348152	PLBD2	c4
5.12856769848884e-07	-1.03101987186845	0.001	0.01	0.0172001903471919	ZNF784	c4
0	-1.03096041958313	0.142	0.721	0	HMGN1	c4
3.24764868856134e-06	1.0308496747481	0.008	0.021	0.10891964171697	ZFP62	c4
3.02122751832656e-84	-1.03041002108946	0.017	0.148	1.01325928509636e-79	MTHFS	c4
5.12815089606786e-33	-1.02999108715617	0.007	0.06	1.71987924752324e-28	FAM89B	c4
0.872350634147816	1.02920971971135	0.434	0.706	1	STK4	c4
0.000108383444623579	1.02918174734871	0.008	0.017	1	MFSD3	c4
0.000486241875625091	1.02798500139704	0.008	0.017	1	PSD	c4
5.13350993554186e-11	-1.02728864010629	0.001	0.017	1.72167656218203e-06	LINC00539	c4
2.03826315281912e-219	-1.02711183265583	0.048	0.354	6.83592696192476e-215	TMEM248	c4
5.56786541755424e-193	-1.02637812555127	0.04	0.313	1.86735070373934e-188	FAM32A	c4
9.24299768358607e-06	1.02536045372377	0.009	0.022	0.309991656312109	BTBD2	c4
4.07518707709161e-112	-1.02520752267728	0.022	0.19	1.36673624191498e-107	MRPL13	c4
8.69644785869372e-207	-1.02424530776969	0.045	0.336	2.9166146828487e-202	ACP1	c4
2.2006736379873e-114	-1.02355946872132	0.021	0.192	7.38061924708181e-110	TMEM126B	c4
3.51673922340932e-06	1.02317362716891	0.01	0.023	0.117944400074702	ZNF253	c4
1.4422917540769e-193	-1.02286207694607	0.036	0.306	4.83715808482311e-189	PSMC2	c4
0	-1.02226327642381	0.125	0.601	0	ANXA5	c4
3.83996576538954e-37	-1.02200750795412	0.008	0.068	1.28784771839634e-32	LIN7C	c4
4.25591631292172e-99	-1.02186488091799	0.02	0.171	1.42734921302769e-94	PRPF19	c4
0.000118708699894545	1.02132204614343	0.008	0.017	1	NRROS	c4
8.84545121660012e-66	-1.02120419718115	0.012	0.115	2.96658742902335e-61	HEBP2	c4
1.56855883752405e-210	-1.02091828320424	0.046	0.34	5.26063262928815e-206	GID8	c4
4.57955315589915e-208	-1.01881461584402	0.042	0.333	1.53589053742546e-203	PITHD1	c4
4.74055853323035e-76	-1.01729902234122	0.016	0.135	1.5898885208748e-71	ARL1	c4
0	-1.01711126785756	0.772	0.997	0	HLA-A	c4
1.73197326872674e-35	-1.0170854391399	0.008	0.065	5.80869194865573e-31	FAM122A	c4
4.21229563826333e-175	-1.01678049278512	0.031	0.279	1.41271971116076e-170	NAA20	c4
7.31267888453423e-08	-1.01622853159215	0.001	0.011	0.00245252624429509	MYBL2	c4
2.04011788977453e-204	-1.01604564637328	0.048	0.339	6.84214737872581e-200	TMCO1	c4
0.00127208709768921	1.01588789791132	0.005	0.012	1	RNF144A	c4
9.21380194749872e-83	-1.01486261891507	0.017	0.146	3.09012489715212e-78	BZW2	c4
0	-1.01442517683082	0.194	0.843	0	TMBIM6	c4
1.93609207596908e-06	1.01370692857497	0.008	0.02	0.0649326560438509	STIMATE	c4
0.000795401230179195	1.01364575627387	0.004	0.01	1	SLC30A4	c4
1.42490572710471e-05	1.01144486921745	0.011	0.023	0.477884882756378	ZNF429	c4
4.94894978539127e-233	-1.01106755548449	0.056	0.381	1.65977877902452e-228	DEGS1	c4
1.67548894265752e-06	1.01105275282346	0.015	0.03	0.0561925481588479	AL662844.4	c4
0	-1.01093052928507	0.381	0.889	0	TSC22D3	c4
0.000200309915381773	1.01022564747466	0.008	0.018	1	ZBTB34	c4
8.43027986677102e-135	-1.01015124920079	0.034	0.239	2.82734726171766e-130	ECH1	c4
7.01167761461808e-06	1.01009500888974	0.011	0.025	0.235157643839061	ZBTB39	c4
1.50048815473793e-200	-1.01008894527776	0.049	0.338	5.03233717336007e-196	SNHG7	c4
3.71441037287481e-54	-1.00954259171288	0.01	0.096	1.24573895085475e-49	HNRNPA1P48	c4
4.05008000151624e-06	1.00811635387752	0.007	0.019	0.135831583090852	ZKSCAN4	c4
2.87043456374305e-89	-1.00767863742706	0.023	0.164	9.62686343988143e-85	SIRPG	c4
0.000265682400429753	1.00751395497772	0.006	0.014	1	ZSCAN5A	c4
3.77558794265798e-283	-1.00687075540608	0.099	0.501	1.26625668420863e-278	NEU1	c4
7.91895749952768e-171	-1.00676643754138	0.047	0.302	2.65585996619159e-166	FKBP11	c4
0	-1.00632208135793	0.113	0.609	0	WDR1	c4
2.76584536228349e-06	1.00624536027928	0.009	0.022	0.0927609217602637	PACRGL	c4
5.80906302871793e-91	-1.00605332798695	0.018	0.157	1.94824355857142e-86	MTX1	c4
1.94801242896841e-28	-1.00505931044486	0.005	0.05	6.53324408427427e-24	TMEM69	c4
1.06923023571745e-17	-1.00489546182919	0.005	0.033	3.58598436454917e-13	ADPRH	c4
2.08275551880562e-83	-1.00446460058126	0.017	0.146	6.9851454589703e-79	DGCR6L	c4
1.78696779787005e-190	-1.00428581461792	0.044	0.317	5.99313260049658e-186	SNX17	c4
4.91947189053455e-103	-1.00421314978669	0.023	0.182	1.64989248264748e-98	SNAP29	c4
1.05926448419395e-12	-1.00402205086618	0.003	0.023	3.55256122708966e-08	HIST1H4H	c4
3.8351156331508e-14	-1.00279534389724	0.002	0.024	1.28622108104612e-09	CLU	c4
3.59038278081869e-172	-1.00261573294109	0.035	0.283	1.20414257703097e-167	COPS3	c4
0.00026615307970642	1.00167090836224	0.007	0.016	1	MECR	c4
1.35351819205418e-11	-1.00155081742501	0.003	0.02	4.53942931251132e-07	NETO2	c4
5.77198221507835e-84	-1.00124021793228	0.016	0.144	1.93580739529298e-79	TMEM18	c4
1.28867586128765e-109	-1.00074221965805	0.022	0.188	4.32196110358653e-105	ESD	c4
1.31912784345297e-218	-1.00046143625534	0.053	0.362	4.42409096137257e-214	FKBP2	c4
5.94595255493957e-05	1.00004849379554	0.007	0.017	1	DCUN1D3	c4
3.23899751244256e-61	-0.999413649254485	0.011	0.107	1.08629498572299e-56	GGCT	c4
2.45803590324181e-46	-0.998924186689093	0.01	0.084	8.24376081229238e-42	GIMAP1	c4
6.13906966793813e-283	-0.998315303185319	0.071	0.455	2.05892118523309e-278	TMED9	c4
3.6909037146357e-14	-0.998157342719308	0.003	0.025	1.23785528781452e-09	NCAPG	c4
4.73512060238741e-05	0.998098135252574	0.008	0.018	1	ZNF213-AS1	c4
4.46331705773465e-10	-0.997996400584967	0.001	0.016	1.49690727482305e-05	TRIM47	c4
2.18924078166606e-06	0.996929976750117	0.009	0.022	0.0734227573355164	RCBTB2	c4
8.51493853072646e-06	0.996232910843604	0.01	0.022	0.285574008443504	PLPP6	c4
0	-0.996016787562116	0.137	0.627	0	SH2D2A	c4
3.67229601761904e-52	-0.995252067824275	0.01	0.092	1.23161463838907e-47	PRCP	c4
1.28169588364274e-07	-0.99480998906779	0.001	0.011	0.00429855165456102	AL365205.1	c4
2.64900077502354e-14	-0.99365162612572	0.003	0.026	8.88421879927396e-10	KNSTRN	c4
1.10230817233165e-209	-0.993540768667023	0.054	0.356	3.69692114836589e-205	CCDC85B	c4
6.60571619719996e-76	-0.993386962717415	0.018	0.139	2.21542509821692e-71	NSMCE1	c4
7.9359419953704e-05	0.992315195903203	0.007	0.017	1	ZNF571	c4
3.19212344568373e-47	-0.991933323858545	0.009	0.084	1.07057436121341e-42	ANAPC15	c4
1.56406399600819e-05	0.991642699140921	0.007	0.017	0.524555782981228	DARS2	c4
0.00159778887096521	0.99076766509325	0.004	0.01	1	FAM173B	c4
1.71533811080571e-158	-0.990052541304335	0.038	0.274	5.7529009560202e-154	CASP4	c4
4.19536186839769e-06	0.989661809908641	0.008	0.021	0.140704046342322	AL590764.1	c4
0.000501832790274752	0.989574066763268	0.005	0.012	1	BX890604.1	c4
1.55578496945898e-05	-0.989285203841909	0.005	0.015	0.521779163057154	TRBV6-6	c4
1.06128718502523e-128	-0.989193272656896	0.026	0.217	3.55934496113762e-124	DRG1	c4
4.12010286154775e-45	-0.988535493428962	0.01	0.082	1.38180009770588e-40	SPSB1	c4
0.000665997105833682	0.988085810300728	0.005	0.012	1	AC245014.3	c4
2.58900204825461e-22	-0.987768425055171	0.003	0.038	8.68299506943633e-18	CDK1	c4
6.0330315683125e-05	0.986578273163504	0.004	0.013	1	SLC37A4	c4
0.000671962960388823	0.986227345220431	0.004	0.011	1	WWTR1	c4
2.60636250826969e-54	-0.986105119515246	0.011	0.097	8.74121858023487e-50	TYW3	c4
3.85867973046287e-05	0.985391551810745	0.006	0.016	1	N6AMT1	c4
4.84776723756055e-241	-0.985074067262229	0.057	0.392	1.62584417613306e-236	AP3S1	c4
1.05829154307278e-16	-0.984140573578508	0.003	0.029	3.54929817715749e-12	PCTP	c4
3.61778135287559e-14	-0.983657399809422	0.002	0.024	1.21333151012742e-09	TMEM53	c4
1.30703320039629e-83	-0.982434986457192	0.017	0.146	4.38352794748907e-79	C7orf50	c4
4.72981822910795e-231	-0.982261485215522	0.05	0.369	1.58628643767822e-226	GTF2B	c4
0	-0.982248353042777	0.18	0.721	0	FXYD5	c4
2.67858856263689e-05	0.981475606902861	0.007	0.017	0.898345032137161	ZDHHC9	c4
5.39805124030602e-130	-0.980530581835932	0.03	0.226	1.81039842497383e-125	CERS2	c4
7.29186608436832e-68	-0.980485316186397	0.014	0.12	2.44554604737545e-63	MPHOSPH6	c4
7.99660852302449e-40	-0.980082474878229	0.008	0.072	2.68190256645195e-35	ZDHHC4	c4
0.000698714120762907	0.97983403978806	0.006	0.013	1	FBXL17	c4
2.13326614309826e-05	0.979833072433289	0.004	0.013	0.715454799072294	NEK6	c4
1.08325486187195e-12	-0.97973040339346	0.002	0.021	3.63302015574615e-08	ZNF319	c4
0	-0.979698843650491	0.199	0.816	0	TPM3	c4
1.62530845787628e-06	0.979309778121705	0.01	0.024	0.0545095950602548	MTFR1	c4
1.87164953331759e-55	-0.978300598535705	0.011	0.099	6.27713820484054e-51	UNG	c4
4.70854993280489e-103	-0.978072081890037	0.02	0.177	1.5791534764641e-98	MRPS2	c4
0.000125193423371294	0.976928790363959	0.006	0.014	1	MFSD2A	c4
2.71385915166284e-09	-0.976785593792632	0.002	0.015	9.10174082284683e-05	FAM57A	c4
3.23418132907055e-115	-0.976618276027824	0.034	0.217	1.08467973414368e-110	CTSB	c4
8.21553161321876e-93	-0.976103031419226	0.019	0.162	2.75532499244131e-88	FKBP3	c4
1.99415472969164e-20	-0.976099651318823	0.006	0.04	6.68799613243982e-16	AREG	c4
0.0050340426223584	0.975861856417156	0.005	0.01	1	SKAP2	c4
2.52876561331361e-13	-0.974447343181502	0.002	0.022	8.4809741139312e-09	APTR	c4
3.73202214162939e-70	-0.9743969036777	0.016	0.128	1.25164558585966e-65	SERTAD3	c4
1.91460835350451e-16	-0.974228641031635	0.003	0.028	6.42121349598344e-12	MRPS17	c4
1.15638430952217e-89	-0.973691000824138	0.019	0.157	3.87828169727547e-85	CEBPB	c4
5.16643660640155e-181	-0.973384236939746	0.046	0.312	1.73271950905495e-176	MESD	c4
2.11170988381257e-12	-0.973198805330703	0.003	0.022	7.0822526083306e-08	NME4	c4
3.66788060230436e-122	-0.971399146539563	0.034	0.226	1.23013379640084e-117	ABI3	c4
5.02355005109154e-22	-0.971354022592767	0.004	0.039	1.68479821613508e-17	CD59	c4
0.000323682596204388	0.971328332695475	0.005	0.013	1	YPEL4	c4
4.59474651803354e-134	-0.970813033115128	0.044	0.256	1.54098608721809e-129	RHOB	c4
0.00165568553588632	0.970759191920321	0.005	0.011	1	MBOAT2	c4
1.20312455168211e-114	-0.970220759167326	0.024	0.198	4.03503912143147e-110	PFDN6	c4
6.8853020705938e-35	-0.969958903922047	0.008	0.064	2.30919260843575e-30	FH	c4
0.00370567671798296	0.969751232340599	0.005	0.011	1	ZNF888	c4
4.63542551539274e-84	-0.969665066939522	0.021	0.154	1.55462900935242e-79	AC243829.4	c4
1.15011720561013e-70	-0.966886228676852	0.013	0.123	3.85726308417524e-66	PIN4	c4
7.19271257316549e-97	-0.966637684031835	0.02	0.168	2.41229194278824e-92	WASHC3	c4
2.66209726943961e-10	-0.966226132702579	0.001	0.016	8.92814182224658e-06	CISH	c4
7.09305587141134e-06	0.965544432458212	0.009	0.021	0.237886907815394	IPP	c4
2.87766244394909e-06	0.965399734087174	0.008	0.021	0.0965110430451646	TXNRD2	c4
1.8876283180901e-209	-0.964758032567353	0.047	0.343	6.33072785321056e-205	SEC13	c4
2.8011290065847e-219	-0.963576154270398	0.061	0.377	9.39442646228377e-215	TRAC	c4
1.38023221852029e-203	-0.963512449039702	0.048	0.339	4.62902281447335e-199	RRAGC	c4
2.00165896654401e-117	-0.962233351759079	0.024	0.2	6.7131638419953e-113	POLE4	c4
2.79018429851197e-24	-0.961823436304265	0.003	0.04	9.35772010034944e-20	CENPH	c4
0	-0.961232188562225	0.084	0.516	0	RAB7A	c4
2.93924840373288e-171	-0.960935754286897	0.039	0.29	9.85765129643934e-167	PDCD2	c4
4.55213528788011e-56	-0.960181955265945	0.013	0.104	1.52669513284923e-51	ELK1	c4
2.60406317919894e-06	0.9587738560923	0.008	0.02	0.0873350709039739	ZNF251	c4
1.04734667311183e-183	-0.958253844977709	0.042	0.307	3.51259127228245e-179	PSMB10	c4
0	-0.957220098373668	0.112	0.622	0	RPN1	c4
0.000564238729749818	0.956054139227091	0.005	0.013	1	ZNF582	c4
1.50045470383322e-47	-0.95599932460972	0.009	0.084	5.03222498571586e-43	SNRNP25	c4
4.58330015213269e-130	-0.955478457725895	0.028	0.224	1.53714720502226e-125	CREB3	c4
4.46932214624267e-108	-0.955317298749047	0.022	0.187	1.49892126140687e-103	RNASEH2C	c4
4.8824025412121e-70	-0.954817512611291	0.015	0.126	1.63746016427171e-65	MIF4GD	c4
2.84409897561792e-172	-0.95428952548871	0.033	0.28	9.53853914442739e-168	POLR2G	c4
0	-0.953643066868277	0.494	0.933	0	BTG1	c4
2.35182098489792e-297	-0.953255382030999	0.077	0.479	7.88753721915064e-293	CCNDBP1	c4
5.16180414194199e-230	-0.952726690257448	0.061	0.388	1.7311658731245e-225	CDV3	c4
0.00163382148404032	0.952054923999898	0.004	0.01	1	KCNMB4	c4
2.75346149990495e-96	-0.951670807445202	0.018	0.165	9.23455917838121e-92	UBE2D1	c4
2.25775661994902e-185	-0.951598506385618	0.039	0.305	7.57206415198503e-181	IMPDH2	c4
0.001156807768156	0.951570150827694	0.005	0.012	1	ENG	c4
8.65876345627562e-287	-0.951424929694379	0.08	0.474	2.90397608796572e-282	SYAP1	c4
4.2292123727153e-13	-0.950705817327249	0.003	0.023	1.41839324556126e-08	FSCN1	c4
1.89504801866106e-84	-0.950631517740609	0.019	0.152	6.35561204498547e-80	SQOR	c4
9.52325168404951e-05	0.950392754421983	0.004	0.012	1	C12orf66	c4
1.18022608267487e-126	-0.949869909281963	0.025	0.213	3.95824223607497e-122	TMEM230	c4
3.332054427149e-40	-0.949824163351897	0.008	0.073	1.11750441377723e-35	RPUSD2	c4
9.73514233322217e-41	-0.949116353825928	0.01	0.076	3.26497203571605e-36	SDC4	c4
0	-0.948759679128212	0.15	0.733	0	MORF4L1	c4
1.39295661494669e-161	-0.948652910441943	0.035	0.271	4.67169789520822e-157	CCDC107	c4
0	-0.948633755677859	0.121	0.574	0	TRAT1	c4
8.03697942452096e-152	-0.94817392323784	0.034	0.258	2.69544215939584e-147	TINF2	c4
1.72443542990252e-06	-0.947252784254141	0.001	0.01	0.0578341154480708	TEPP	c4
3.59329578495773e-205	-0.946366461634851	0.049	0.342	1.20511954035912e-200	PIN1	c4
4.75250510862127e-62	-0.946314928127517	0.015	0.115	1.5938951633294e-57	COX11	c4
7.67653903922095e-73	-0.945399747205249	0.013	0.126	2.57455766297392e-68	AL662899.2	c4
0	-0.944268354014223	0.141	0.694	0	RBM3	c4
7.77532294367912e-68	-0.943937931581406	0.014	0.12	2.6076878088511e-63	LLPH	c4
0	-0.943872728508089	0.161	0.724	0	HNRNPC	c4
3.58442478490128e-94	-0.943552331938267	0.019	0.163	1.20214438436019e-89	HCFC1R1	c4
8.24355472593722e-18	-0.94288045955106	0.003	0.03	2.76472338398483e-13	C1orf198	c4
4.36413136692908e-122	-0.941147302736956	0.027	0.212	1.46364237784067e-117	NIP7	c4
2.84193263983258e-79	-0.940876558879817	0.015	0.138	9.5312736874705e-75	EXOSC7	c4
1.43446494393858e-96	-0.940589944723476	0.02	0.169	4.81090852898121e-92	EBNA1BP2	c4
3.97198022884964e-270	-0.940123479844949	0.064	0.431	1.33212272915159e-265	MRPL20	c4
7.66810738673131e-14	-0.939993183466973	0.004	0.026	2.57172985536195e-09	NR5A2	c4
3.48861748660952e-140	-0.939799245389489	0.029	0.237	1.1700125326591e-135	PGD	c4
5.08241194282563e-05	0.939393196695864	0.005	0.014	1	THRA	c4
7.10662218423638e-45	-0.939328187175583	0.009	0.08	2.3834189481492e-40	MRM2	c4
3.89269695350144e-176	-0.939284619034512	0.097	0.392	1.30553270426531e-171	RGS1	c4
0.000118997357343728	0.939172748013402	0.007	0.016	1	CRIM1	c4
4.601328748958e-71	-0.939105742564841	0.015	0.126	1.54319363582553e-66	ANKRD37	c4
8.62675201542225e-195	-0.938779258461896	0.046	0.326	2.89324009093231e-190	TBCC	c4
2.20397336100373e-05	0.938135688414993	0.007	0.018	0.739168585813431	ERLIN2	c4
6.31377631928359e-25	-0.936785724083235	0.005	0.044	2.11751430196133e-20	MRPL53	c4
1.16124559879407e-173	-0.936704992627976	0.039	0.292	3.89458548923556e-169	MRPL43	c4
2.39405793788862e-11	-0.936637885665466	0.003	0.02	8.02919151209086e-07	AC018816.1	c4
1.98962708466063e-176	-0.936054415834111	0.039	0.295	6.67281131653482e-172	RAB5C	c4
3.53529071996461e-104	-0.935441189464475	0.029	0.194	1.18566580166173e-99	H1FX	c4
3.61389600431825e-84	-0.934432611023484	0.019	0.151	1.21202844192825e-79	ALG2	c4
1.0764277068622e-108	-0.934134731410888	0.021	0.185	3.61012324327445e-104	AKR1B1	c4
2.82200769137246e-20	-0.933994808528734	0.005	0.037	9.46444939532497e-16	CRYZ	c4
1.11996353607557e-60	-0.933533984010066	0.014	0.111	3.75613370729023e-56	LZIC	c4
9.41424362535407e-122	-0.933321406437897	0.029	0.215	3.15734902707125e-117	TICAM1	c4
0	-0.933136424316143	0.204	0.825	0	HNRNPK	c4
1.93254313925897e-156	-0.932581059064971	0.036	0.268	6.48136318044673e-152	PNP	c4
0.00347508986971047	0.932458458342743	0.005	0.011	1	ACHE	c4
5.44880705043971e-16	-0.932166928921607	0.004	0.029	1.82742090857647e-11	TRIM32	c4
1.05926318296602e-290	-0.931930516411449	0.078	0.475	3.55255686303143e-286	TRAM1	c4
0.000246350180897329	0.931838392759113	0.004	0.011	1	STX3	c4
2.49989033702092e-09	-0.931397661496088	0.01	0.028	8.38413221230077e-05	TRBV9	c4
2.38937641227313e-219	-0.9308959362133	0.049	0.356	8.01349061148161e-215	PSMA4	c4
8.28254683108254e-169	-0.930875174953248	0.062	0.327	2.77780055620846e-164	CHN1	c4
7.43907446736522e-228	-0.930486842959879	0.059	0.382	2.49491679486495e-223	SERPINB1	c4
9.0080466318467e-09	-0.93041312284126	0.002	0.014	0.000302111867938875	LINC01480	c4
8.14606965828883e-124	-0.930303278974751	0.032	0.223	2.73202884199691e-119	PNMA1	c4
3.06228906606677e-145	-0.929556190715979	0.033	0.25	1.02703050697747e-140	SRM	c4
1.35374142628587e-68	-0.929030705934509	0.015	0.123	4.54017799547755e-64	DECR1	c4
4.02695104547094e-17	-0.928849914514771	0.004	0.031	1.35055884163004e-12	OSGIN2	c4
4.37268118625016e-93	-0.928575618667829	0.023	0.169	1.46650981624458e-88	UBLCP1	c4
8.79188134762667e-10	-0.927691406394386	0.002	0.017	2.94862116636703e-05	FAM86C1	c4
0.00036503253301279	0.925945982802783	0.006	0.014	1	NEU3	c4
3.54193730320603e-06	0.925703289855125	0.007	0.019	0.118789493274924	WDR24	c4
4.17281369723996e-07	-0.925387302334369	0.001	0.01	0.0139947825778034	ANKRD35	c4
1.33205107112096e-201	-0.925283074384019	0.049	0.338	4.46743288232548e-197	RTF2	c4
4.14552739502283e-32	-0.924855037074884	0.007	0.058	1.39032697774276e-27	UBE2D4	c4
3.22743354568962e-41	-0.924734799221414	0.011	0.079	1.08241666255339e-36	SLC35C1	c4
0	-0.924505279772489	0.115	0.577	0	ATP1B3	c4
4.416856169071e-232	-0.924337017558694	0.056	0.381	1.48132522198303e-227	EAPP	c4
1.60103168526868e-244	-0.923130584358473	0.065	0.41	5.36954006605409e-240	ANP32A	c4
9.53098746855961e-235	-0.922995542915432	0.056	0.383	3.19650257720552e-230	GOLGA7	c4
3.76233408994787e-05	0.922961569339969	0.007	0.017	1	SLC35A1	c4
4.51735702510866e-109	-0.922538382858676	0.025	0.193	1.51503119908094e-104	LSM12	c4
1.57286634708723e-111	-0.922128376170177	0.025	0.196	5.27507915486116e-107	PLA2G16	c4
3.54388979477551e-163	-0.921952084894997	0.036	0.274	1.18854975937181e-158	SRA1	c4
1.00701037526184e-43	-0.921778177722937	0.009	0.078	3.37731139655316e-39	DTYMK	c4
4.90970017545462e-05	0.92156468351932	0.006	0.015	1	ZNF565	c4
2.86551048469743e-43	-0.920625977608496	0.013	0.085	9.61034906357826e-39	DUSP5	c4
7.19216334092825e-63	-0.91990537626813	0.012	0.111	2.41210774128052e-58	UNC50	c4
6.34043937748579e-240	-0.919679356495381	0.056	0.388	2.12645655842118e-235	PSMB4	c4
6.91331704785406e-06	0.918837395972755	0.005	0.015	0.231858827150929	MYO1B	c4
1.47614717909725e-154	-0.918350739876159	0.032	0.259	4.95070240925636e-150	SUCLG1	c4
8.05420525399557e-06	0.91763099781568	0.007	0.018	0.270121935808504	CCSAP	c4
2.56807594191017e-60	-0.917393596313143	0.013	0.108	8.61281309397832e-56	CHST7	c4
7.03072474220732e-116	-0.917304253009679	0.026	0.204	2.35796446404149e-111	PGLS	c4
5.98529675691851e-09	-0.916284507880789	0.002	0.015	0.000200734882633533	S1PR2	c4
0.000289150956823465	0.915985260061274	0.006	0.015	1	ZNF777	c4
2.97753066121474e-05	0.914715547972155	0.007	0.018	0.998604233158199	SCAMP1-AS1	c4
9.75144386515269e-60	-0.914004679539663	0.011	0.105	3.27043924349491e-55	BCKDHA	c4
0.000641539609845708	0.913865720218902	0.005	0.012	1	ALG10	c4
4.52611439863807e-276	-0.913771822445876	0.07	0.448	1.51796824701523e-271	DCXR	c4
1.5455450600836e-150	-0.91346004852527	0.033	0.255	5.18344902250837e-146	PDAP1	c4
1.0231209947108e-21	-0.913316392699512	0.005	0.04	3.43134319206107e-17	CCDC184	c4
8.55911534978096e-15	-0.913039339806535	0.004	0.027	2.87055610600954e-10	CRYL1	c4
1.45259505326638e-236	-0.912009465420949	0.054	0.382	4.87171328964478e-232	CAPZA2	c4
2.25406502875627e-55	-0.911572286426046	0.011	0.099	7.5596832934428e-51	GIMAP2	c4
9.10906833335583e-05	0.911174996080164	0.004	0.013	1	FAM43A	c4
3.34586065875398e-199	-0.910659734635501	0.045	0.329	1.12213474773291e-194	UQCRC1	c4
4.19252518228561e-05	0.910284486693688	0.008	0.019	1	PHLDB2	c4
8.10102225238181e-189	-0.910157919065322	0.065	0.354	2.71692084300381e-184	PHLDA1	c4
6.35377836851996e-05	0.909726513166476	0.004	0.013	1	POLA1	c4
1.03381163505834e-07	-0.909191052090138	0.001	0.012	0.00346719746165866	ETNK2	c4
1.84735412343534e-202	-0.909113662279847	0.051	0.343	6.19565625917746e-198	PAF1	c4
7.578616132464e-05	0.908797761158938	0.005	0.014	1	HOMER1	c4
6.69286579262247e-06	0.908682705909437	0.007	0.018	0.224465332952972	APP	c4
1.46700607515981e-54	-0.908636114410225	0.011	0.098	4.92004497487099e-50	RAB39B	c4
1.95449400892777e-09	-0.908099648292438	0.002	0.017	6.55498200714196e-05	ARPC4-TTLL3	c4
5.51867273422957e-255	-0.905240146874846	0.06	0.41	1.85085246160591e-250	PSMD6	c4
1.83378192640365e-138	-0.904716539563105	0.028	0.232	6.15013782477257e-134	SDHC	c4
6.7837164607689e-06	0.904598172412568	0.395	0.676	0.227512282661267	FAM129A	c4
1.89204813547581e-18	-0.90369523050282	0.007	0.038	6.34555103675876e-14	RGS16	c4
1.4188701619176e-160	-0.903258831437326	0.045	0.287	4.75860674903925e-156	EVI2B	c4
0.000379568987822086	0.901306079461843	0.006	0.014	1	ZBTB26	c4
2.3903517549652e-124	-0.901230848535175	0.027	0.215	8.01676171580229e-120	EMC8	c4
1.03965211185198e-109	-0.90117985417798	0.026	0.195	3.48678525272919e-105	PEA15	c4
3.76507558319575e-128	-0.901105241415951	0.03	0.224	1.26273104909219e-123	AASDHPPT	c4
8.62543824200608e-118	-0.900939654242449	0.026	0.206	2.892799477604e-113	TAF10	c4
1.61668658886825e-27	-0.900920263580536	0.006	0.05	5.42204348174633e-23	C8orf82	c4
8.27775875729496e-12	-0.900590480575175	0.005	0.025	2.77619473202159e-07	TRAV13-1	c4
6.22394332044034e-12	-0.899980982801227	0.003	0.021	2.08738611080928e-07	VMAC	c4
0	-0.899963918013859	0.101	0.576	0	BUB3	c4
6.38720605286261e-05	0.899374806855636	0.004	0.012	1	AC103591.3	c4
0	-0.898829233720707	0.323	0.934	0	PCBP2	c4
2.19687671027429e-52	-0.898803742687678	0.012	0.097	7.36788511091793e-48	SDHAF1	c4
2.6933860986635e-06	0.898061286478249	0.007	0.019	0.0903307829769764	SPATS2	c4
0	-0.898018817171614	0.088	0.514	0	STRAP	c4
2.91282280019758e-10	-0.897911237639539	0.002	0.017	9.76902510730264e-06	EVA1B	c4
1.7268554323014e-152	-0.897784035610426	0.041	0.273	5.79152774885244e-148	ANP32E	c4
1.30264475676324e-120	-0.897763169167633	0.029	0.214	4.36880998523254e-116	NBDY	c4
0	-0.897505871695584	0.224	0.778	0	MYADM	c4
4.1697327061279e-212	-0.897280450518168	0.054	0.357	1.39844495498117e-207	UQCRC2	c4
7.9695838804596e-06	0.896707116760644	0.011	0.024	0.267283904182854	ZNF254	c4
4.97374112994879e-186	-0.894499140725072	0.085	0.383	1.66809330016223e-181	DDIT4	c4
1.52037087443805e-61	-0.894131629189936	0.017	0.118	5.09901983869032e-57	HSD17B11	c4
8.36604865852954e-135	-0.893982565855549	0.032	0.235	2.80580539909764e-130	POLE3	c4
5.68669240215965e-05	0.893704684837979	0.004	0.012	1	AC019163.1	c4
0	-0.892099273906954	0.102	0.601	0	PPP4C	c4
5.10802634226639e-186	-0.89146183476847	0.041	0.309	1.7131298746693e-181	PPP1R11	c4
1.82928309924463e-77	-0.891158404586677	0.018	0.14	6.13504965824664e-73	KIAA1143	c4
0	-0.891073245342719	0.153	0.74	0	ARHGDIA	c4
1.63444755577818e-61	-0.891010643917686	0.016	0.116	5.48161021256887e-57	TOR2A	c4
0	-0.890898742498087	0.171	0.738	0	RAP1B	c4
1.68305023289322e-34	-0.888410572384363	0.009	0.065	5.64461387107727e-30	TMEM159	c4
0.00115592377399865	0.888164775794582	0.005	0.012	1	CYB5D1	c4
1.32285821430607e-52	-0.888076344004701	0.011	0.094	4.4366018791397e-48	BCL2L12	c4
3.30720831560501e-69	-0.888041731550967	0.016	0.125	1.10917152488761e-64	DNASE2	c4
2.15982821148505e-42	-0.88786683352893	0.009	0.078	7.24363185567857e-38	GLRX2	c4
3.82733117450996e-53	-0.886870490367769	0.013	0.1	1.28361032930715e-48	NINJ2	c4
2.61149955609259e-194	-0.885649516960389	0.062	0.354	8.75844721122334e-190	TMX4	c4
7.29050538576068e-143	-0.883427573591067	0.034	0.248	2.44508969627642e-138	NOB1	c4
1.50422987006134e-06	0.883422731023737	0.01	0.024	0.0504488613821174	GPAT3	c4
2.2137363328844e-17	-0.882635917128973	0.004	0.032	7.42442891322769e-13	TMEM42	c4
3.49955930080681e-174	-0.882364784106577	0.059	0.328	1.17368219830459e-169	INSIG1	c4
0.00154843455141646	0.882145817629603	0.006	0.013	1	F11R	c4
8.6009416165089e-10	-0.88132575458526	0.002	0.016	2.88458379934475e-05	ZNF57	c4
3.85588042128026e-168	-0.881076311096273	0.043	0.294	1.29318517568897e-163	HLA-DMA	c4
1.1990173540529e-34	-0.880237938945695	0.009	0.065	4.02126440202262e-30	LMCD1	c4
0	-0.880220015323405	0.761	0.996	0	HLA-C	c4
4.20454558627991e-59	-0.880142987096495	0.01	0.102	1.41012049872656e-54	MPST	c4
3.34235004035406e-06	0.88007135225822	0.004	0.014	0.112095735653395	E2F7	c4
5.76718175874116e-107	-0.880044170941071	0.026	0.193	1.93419741824661e-102	ARL5A	c4
2.15473894128124e-05	0.879857423732397	0.003	0.011	0.722656346126904	SHCBP1	c4
8.50669514415137e-112	-0.879738870359582	0.026	0.198	2.85297541744549e-107	CHCHD7	c4
9.66940607255525e-06	0.878839944387575	0.005	0.015	0.324292540861358	TSPAN32	c4
1.15780014417602e-249	-0.8785585944663	0.055	0.396	3.88303012353752e-245	SSU72	c4
1.07989248740307e-30	-0.878473543659457	0.006	0.055	3.62174342425243e-26	ZNF585A	c4
8.80219580063317e-08	-0.878327738268911	0.001	0.012	0.00295208042761635	TTLL1	c4
0.000363517977471339	0.877978894503173	0.005	0.012	1	CD72	c4
2.92274477341944e-57	-0.875829361141091	0.013	0.106	9.80230142109411e-53	CTSH	c4
1.38397174941747e-194	-0.875486990954602	0.046	0.326	4.6415644531963e-190	TSSC4	c4
1.65990087097198e-05	0.873977650954365	0.005	0.015	0.556697554106582	HNRNPA1L2	c4
5.12368056314721e-114	-0.873702275972316	0.024	0.197	1.71837998726831e-109	ACAT2	c4
1.93714543478052e-175	-0.873330155588316	0.043	0.301	6.4967983591669e-171	CNOT7	c4
2.54174975745887e-120	-0.873251158085961	0.025	0.206	8.52452033656557e-116	ATP5MC1	c4
1.17371247314419e-46	-0.873205600585817	0.01	0.084	3.936396892431e-42	HIRIP3	c4
5.60598289338907e-44	-0.872908148574863	0.009	0.08	1.88013454278483e-39	MYCBP	c4
1.3486753727034e-101	-0.87205493992866	0.026	0.186	4.52318746497267e-97	TFAM	c4
5.04336674822753e-304	-0.871927872864768	0.084	0.498	1.69144434002055e-299	C1orf43	c4
2.2623238857818e-54	-0.871620148028095	0.014	0.103	7.58738184813502e-50	RIOX1	c4
0.000120483995521453	0.871270963334343	0.007	0.016	1	FAM13A	c4
0.000701323871070042	0.871266941734627	0.004	0.011	1	AC015982.1	c4
2.92962061875405e-224	-0.871126861520128	0.061	0.384	9.82536163117733e-220	PPP2CA	c4
0	-0.870271765060997	0.107	0.592	0	DRAP1	c4
0.000290777874342426	-0.869540748664468	0.004	0.011	1	TRBV24-1	c4
5.64129848322464e-95	-0.869488948367606	0.024	0.173	1.89197868530388e-90	SNRPN	c4
1.28304320550479e-172	-0.868641116511715	0.039	0.291	4.30307030262195e-168	VTI1B	c4
0.000137018137189046	0.868401467669659	0.005	0.013	1	ZNF486	c4
2.43947181135153e-29	-0.868339576314728	0.006	0.053	8.18150056091075e-25	GLMP	c4
9.19090159988838e-19	-0.86785113177677	0.003	0.032	3.08244457857057e-14	C4orf46	c4
1.85142772873675e-17	-0.867788221722059	0.005	0.033	6.20931831663731e-13	AC008555.5	c4
3.82068447657173e-06	0.867781511587319	0.01	0.023	0.128138115975263	SUMF1	c4
5.40620869003337e-06	0.867540306207571	0.008	0.02	0.181313427046339	TRIM62	c4
0	-0.866738559485918	0.098	0.567	0	COPE	c4
1.16117597940728e-203	-0.866631752318693	0.078	0.391	3.89435199973615e-199	PIM2	c4
3.08860835156695e-06	0.865819305229511	0.006	0.018	0.103585746894852	HIST1H2AK	c4
3.63346505999029e-05	0.863784784890624	0.003	0.011	1	SEPSECS-AS1	c4
4.86274463067885e-41	-0.863544623398938	0.009	0.074	1.63086729423707e-36	TACO1	c4
0	-0.863189003427193	0.156	0.727	0	CD37	c4
3.80514701592001e-198	-0.86273277942274	0.049	0.336	1.27617020619925e-193	DUSP11	c4
6.44747913691075e-201	-0.862468035748201	0.052	0.344	2.16235555293713e-196	DNAJC9	c4
3.51737716722709e-07	-0.860916560734019	0.002	0.012	0.0117965795434462	AC074032.1	c4
1.08511078686231e-77	-0.860576634768	0.018	0.141	3.63924455697882e-73	PPIE	c4
1.89349622892529e-05	0.859777046494917	0.008	0.019	0.635040765256965	ARMCX5	c4
3.96052346998201e-18	-0.859654172427144	0.007	0.038	1.32828036136257e-13	TRGV3	c4
2.5260252322317e-132	-0.859421654582798	0.032	0.233	8.47178342385866e-128	NDUFA11	c4
7.33389996068872e-178	-0.859252992171274	0.042	0.302	2.45964336881578e-173	PSMB7	c4
1.21543388357118e-09	-0.858480706523591	0.002	0.016	4.07632215872103e-05	RWDD2B	c4
0.000127979565241535	0.85834250054889	0.006	0.014	1	PHF7	c4
1.42109799021176e-109	-0.857115743180499	0.021	0.187	4.7660784395722e-105	MED8	c4
7.97743261707787e-111	-0.855792961300327	0.024	0.194	2.67547135111558e-106	URM1	c4
2.3809711115735e-97	-0.854115329568499	0.021	0.172	7.98530091399521e-93	TBPL1	c4
1.73225609580466e-237	-0.853118489736521	0.06	0.395	5.80964049410967e-233	RAB1B	c4
7.63835117152355e-91	-0.852526000291847	0.021	0.163	2.56175021590557e-86	HSPBP1	c4
2.21855006849992e-57	-0.851178754963266	0.012	0.104	7.44057321973502e-53	FAM207A	c4
5.74885634762368e-270	-0.850863680886344	0.069	0.44	1.92805144186603e-265	SLC9A3R1	c4
0.000433394859962875	0.85022131983544	0.004	0.01	1	SEPT8	c4
1.68681295480954e-10	-0.849855078069193	0.002	0.017	5.65723328784022e-06	NRL	c4
4.6762815539677e-119	-0.848770584180203	0.038	0.228	1.56833130756969e-114	STX11	c4
1.33199597967795e-05	0.848613763757615	0.005	0.014	0.446724811664391	ZNF236-DT	c4
0	-0.848290014901424	0.115	0.584	0	PSMB9	c4
2.20553755511711e-120	-0.847996687275499	0.027	0.209	7.39693185235175e-116	RBM18	c4
8.16096393564495e-10	-0.847729756484993	0.002	0.016	2.7370240847366e-05	OPN3	c4
1.66985222048678e-110	-0.8476292730327	0.065	0.265	5.60035037706857e-106	DUSP1	c4
4.87540094815205e-07	-0.847335890678032	0.001	0.011	0.0163511196999124	BORCS8-MEF2B	c4
4.24976243159423e-05	0.846967461054865	0.005	0.015	1	DFFB	c4
1.61600553377978e-05	0.846533973228072	0.006	0.017	0.541975935919064	AC137767.1	c4
0	-0.845447381901697	0.146	0.694	0	UBE2B	c4
7.75967538941419e-09	-0.845093061539084	0.001	0.014	0.000260243993210173	LST1	c4
0	-0.844973713046527	0.099	0.541	0	CCT2	c4
3.91582366825002e-44	-0.844073863265248	0.009	0.079	1.31328894185769e-39	COA5	c4
6.55465612186604e-05	0.843557364821791	0.007	0.017	1	PARD6B	c4
3.12310794339702e-36	-0.843116451354431	0.007	0.065	1.04742794205649e-31	MON1A	c4
8.21036039541399e-25	-0.843037188819137	0.005	0.045	2.75359066941395e-20	IMMP1L	c4
3.68159230966247e-174	-0.842805501566185	0.042	0.298	1.2347324288146e-169	RER1	c4
1.74178113626166e-69	-0.841700098101616	0.016	0.126	5.84158557479435e-65	NFU1	c4
3.36508388823436e-146	-0.840726627054442	0.036	0.257	1.12858183443604e-141	MRPL10	c4
0.000773817482598411	0.840137023610134	0.004	0.01	1	MFSD13A	c4
2.65326410009401e-18	-0.839746928643226	0.004	0.032	8.8985171388953e-14	GCA	c4
5.29954420363749e-06	0.839593793744456	0.004	0.013	0.177736113501594	PARPBP	c4
2.21683552534028e-39	-0.839049420485108	0.009	0.073	7.43482298488624e-35	PARD6G	c4
3.86896826229151e-05	0.838867522125441	0.007	0.018	1	ZFP28	c4
2.07801324340152e-53	-0.838682012733667	0.012	0.097	6.96924081572003e-49	ANKRD39	c4
8.3171769145469e-202	-0.838267544909868	0.059	0.357	2.78941479360074e-197	ARL6IP1	c4
3.97295908795036e-27	-0.837893270146708	0.007	0.051	1.33245101891679e-22	PET117	c4
1.83753758171478e-98	-0.837756971889171	0.027	0.183	6.16273354155503e-94	DCUN1D5	c4
5.09615223124315e-06	0.836987295936601	0.006	0.017	0.170914753531433	AC007388.1	c4
1.26986632543891e-34	-0.83647124969324	0.008	0.065	4.25887768225703e-30	HPF1	c4
1.43672890723555e-61	-0.836119209981458	0.015	0.113	4.81850140908659e-57	DCPS	c4
0	-0.835229740905185	0.336	0.921	0	HMGB1	c4
2.10312004577972e-05	0.835155478640029	0.008	0.02	0.705344400953604	CXorf57	c4
0.000306015678170818	0.835126112932718	0.004	0.011	1	UNC93B1	c4
2.12319037870037e-210	-0.835042287730896	0.06	0.367	7.1207558920853e-206	DDOST	c4
3.0100398172539e-112	-0.834850038185041	0.041	0.226	1.00950715391061e-107	NDFIP2	c4
0.000999867429719251	0.834725792076537	0.004	0.011	1	DTD2	c4
3.80773761859761e-93	-0.833926720107762	0.024	0.172	1.27703904252527e-88	TMEM115	c4
5.05943581342716e-82	-0.833399020579526	0.023	0.155	1.6968335831072e-77	PHF23	c4
4.54659354891523e-204	-0.833189279663096	0.05	0.344	1.52483654443519e-199	MED4	c4
1.43879668142249e-05	0.832134769480187	0.005	0.014	0.482543631015475	BFSP2-AS1	c4
4.49441531137841e-17	-0.83121201921998	0.003	0.03	1.50733700713009e-12	PARP3	c4
0.00013501441276393	0.830579483824274	0.005	0.013	1	AL139011.1	c4
0	-0.830057665573213	0.137	0.655	0	PDIA3	c4
2.41500878150956e-146	-0.828883972779416	0.044	0.27	8.09945645142676e-142	ITGB2	c4
3.22367742357509e-45	-0.828754567212829	0.01	0.083	1.08115693431861e-40	LYRM4	c4
2.0946994719878e-06	0.82865822696195	0.007	0.019	0.0702520308915267	SAMD10	c4
6.18390740349524e-185	-0.828551835748567	0.04	0.306	2.07395886498423e-180	TKT	c4
8.68305971444522e-224	-0.826880062131223	0.083	0.418	2.91212456703064e-219	PRF1	c4
6.25957989803e-05	0.826710091899495	0.007	0.016	1	ZFP69B	c4
0.00074357996288334	0.826533112190902	0.006	0.013	1	C16orf46	c4
3.64810274142038e-23	-0.825265563642319	0.005	0.041	1.22350069741757e-18	C2orf74	c4
5.90874938508003e-62	-0.824686418857132	0.014	0.113	1.98167636876814e-57	ETFB	c4
3.99241598443832e-266	-0.823722156018034	0.072	0.441	1.33897647286092e-261	CCT8	c4
0.000222569887753624	0.823540361145326	0.005	0.013	1	SORBS1	c4
3.48228092175002e-120	-0.821514729156829	0.03	0.216	1.16788737553652e-115	TMX1	c4
7.29301829953652e-23	-0.821499992032517	0.004	0.04	2.44593247729856e-18	TAF9B	c4
7.6739549135151e-13	-0.82148328744442	0.003	0.023	2.57369099889469e-08	TMEM155	c4
0.000105761863687491	0.821372292212954	0.005	0.013	1	ZNF470	c4
5.04804775619633e-227	-0.82086474784705	0.095	0.445	1.69301425647313e-222	ID2	c4
7.8571978498054e-37	-0.820040087536654	0.007	0.066	2.63514701486773e-32	ZNF749	c4
1.17029665074499e-99	-0.819729817161685	0.023	0.178	3.92494090726854e-95	MRPS16	c4
0	-0.819196380780842	0.13	0.651	0	EMD	c4
5.3137348554528e-41	-0.818638631058268	0.009	0.075	1.78212039582176e-36	CDIP1	c4
1.22274159537029e-149	-0.816646846047931	0.044	0.274	4.10083076255288e-145	NCOA4	c4
0	-0.816559412788896	0.189	0.783	0	UBE2D3	c4
4.39380065570485e-129	-0.815982854087428	0.031	0.228	1.47359286391029e-124	ELP5	c4
8.55078848711296e-213	-0.815779294293413	0.046	0.345	2.86776344280794e-208	TMUB1	c4
4.15946325597194e-15	-0.815492963680291	0.003	0.027	1.39500078678787e-10	GNPDA1	c4
1.62213867229343e-148	-0.815423358759067	0.039	0.264	5.44032867913771e-144	PDHB	c4
3.89359917016202e-66	-0.815194002024036	0.015	0.121	1.30583528968894e-61	UQCC2	c4
8.74739939944967e-21	-0.814704602417954	0.005	0.038	2.93370281058743e-16	PAQR8	c4
1.22813719763337e-46	-0.814554383398623	0.01	0.085	4.11892653342279e-42	AHCY	c4
1.42946276507964e-64	-0.813997885297079	0.019	0.125	4.7941322215241e-60	MXRA7	c4
1.01549855920472e-56	-0.813456894980371	0.016	0.109	3.4057790678608e-52	ABHD13	c4
3.07277082479741e-06	0.813423563678939	0.005	0.017	0.103054587922056	PPCDC	c4
7.9703862576735e-221	-0.812930568225234	0.056	0.37	2.67310814309854e-216	PCNP	c4
0	-0.812280140566201	0.12	0.6	0	TERF2IP	c4
1.86746733922259e-56	-0.812100496669723	0.016	0.108	6.26311196228471e-52	THOC6	c4
6.06042591025472e-300	-0.811586274159919	0.095	0.515	2.03254564178123e-295	EIF4H	c4
9.30194357660765e-167	-0.811009014095725	0.046	0.297	3.11968583672268e-162	GOLT1B	c4
1.16411962559887e-304	-0.810824132162378	0.088	0.506	3.90422440033349e-300	CCT3	c4
2.33591757287583e-174	-0.81059809837019	0.047	0.307	7.83420035591096e-170	SSB	c4
4.67640556904834e-07	-0.810160474301409	0.002	0.012	0.0156837289974743	NRIP3	c4
2.60577240466965e-124	-0.809294072838479	0.031	0.223	8.73923949078106e-120	MRPS26	c4
4.70161002166102e-197	-0.80929161721156	0.053	0.341	1.57682596906467e-192	UFM1	c4
8.21551835482072e-08	-0.809235206704939	0.001	0.012	0.00275532054583977	RRAS	c4
3.63573570983452e-06	-0.809177618263539	0.002	0.01	0.12193530423643	TMEM244	c4
1.7612419000963e-41	-0.809023588332515	0.018	0.091	5.90685308454297e-37	ID3	c4
1.39577783086814e-09	-0.808346808821696	0.002	0.015	4.68115968916556e-05	TCTEX1D2	c4
4.28456479984539e-06	0.808000315783205	0.005	0.016	0.143695734257215	AC022916.1	c4
2.13167601702442e-178	-0.804375057710293	0.045	0.308	7.14921502589651e-174	SDF2	c4
0.0083590211415989	0.80408334513374	0.007	0.012	1	PTPN13	c4
5.49526480051155e-08	-0.803168340591202	0.002	0.013	0.00184300190879557	FBXL14	c4
1.60828322231488e-20	-0.803002156539782	0.004	0.036	5.39386027099964e-16	LINC00324	c4
1.79879545015354e-54	-0.801046104166145	0.015	0.105	6.03280018072495e-50	TMEM102	c4
8.85410494043052e-251	-0.800673070292952	0.07	0.426	2.96948971492159e-246	POLR2E	c4
1.9124436910895e-05	0.800439410696992	0.005	0.014	0.641395365117596	SH2B3	c4
3.37583192727033e-104	-0.800323028226568	0.025	0.188	1.13218651176792e-99	EI24	c4
2.32906937527917e-57	-0.80012295113612	0.016	0.111	7.81123287081129e-53	TMEM173	c4
9.64357208493386e-12	-0.800057515043654	0.002	0.019	3.23426120584512e-07	THAP8	c4
5.410436625935e-100	-0.799104707783398	0.023	0.178	1.81455223560608e-95	MRPL16	c4
1.36589952965918e-224	-0.797942505581531	0.073	0.406	4.58095384257094e-220	STARD7	c4
5.20090054808833e-46	-0.797927669876239	0.011	0.086	1.74427802581787e-41	SYNGR3	c4
9.08823881656707e-81	-0.797578051674745	0.024	0.155	3.04801353430026e-76	KLF10	c4
3.78179199855217e-217	-0.797406285101306	0.072	0.396	1.26833740047443e-212	PTMS	c4
1.58111706005301e-98	-0.797262363704043	0.024	0.178	5.3027503960058e-94	MPC1	c4
7.675057693866e-255	-0.796586613415529	0.068	0.426	2.57406084936878e-250	PSMD11	c4
1.92563599218597e-90	-0.796555826860812	0.023	0.167	6.4581979905933e-86	AK2	c4
1.94410816892343e-192	-0.79654706593298	0.053	0.338	6.52014997693541e-188	GORASP2	c4
0	-0.79646182044364	0.126	0.607	0	SRSF3	c4
2.4618744783976e-21	-0.796336086448945	0.005	0.039	8.25663462564987e-17	NUDT14	c4
2.56515987071886e-05	0.796070889727874	0.005	0.015	0.860303317441691	KCTD11	c4
5.4368884374636e-162	-0.796042702026721	0.036	0.274	1.82342364415654e-157	DDA1	c4
1.36493845829675e-05	0.795802896177183	0.005	0.015	0.457773060143564	PARL	c4
2.48183474594803e-172	-0.794998049975597	0.044	0.299	8.32357737096049e-168	CARHSP1	c4
1.68520913439949e-48	-0.794887352691446	0.011	0.09	5.65185439494901e-44	MED11	c4
2.90751334594118e-06	-0.794438124705952	0.002	0.011	0.0975121825961753	NFE2L3	c4
6.15732487459788e-33	-0.793773120153831	0.009	0.063	2.06504361644264e-28	ARMT1	c4
2.52089089684613e-140	-0.793765326847408	0.034	0.247	8.45456388984255e-136	CCNG1	c4
4.02905096920129e-130	-0.793368719787421	0.031	0.229	1.35126311405073e-125	NTMT1	c4
2.8654337746682e-06	0.793176305894471	0.006	0.018	0.0961009179348223	C1orf54	c4
2.03260842929707e-40	-0.792986297483135	0.01	0.076	6.81696215017653e-36	SNAI3	c4
7.5966459045214e-07	-0.792591312918278	0.001	0.011	0.0254776310345839	GM2A	c4
4.16918430137486e-12	-0.791005950836375	0.003	0.021	1.3982610309951e-07	IER3	c4
8.0413336967988e-198	-0.790145864672395	0.065	0.364	2.69690249523238e-193	BIN1	c4
2.74973459035646e-23	-0.789965574658062	0.005	0.042	9.22205986913748e-19	KBTBD3	c4
0.000264992032400826	0.789546371509058	0.005	0.013	1	ARHGEF5	c4
0	-0.788311625749144	0.167	0.749	0	UBXN1	c4
7.02575952024781e-171	-0.78824613869756	0.044	0.298	2.35629922790071e-166	RAB8A	c4
7.84619261859109e-148	-0.788200966695434	0.034	0.255	2.63145608042308e-143	MRPL9	c4
2.19258499627262e-33	-0.787658179198409	0.007	0.06	7.35349156049913e-29	MRPL35	c4
0.000220034915565255	0.787224659872977	0.003	0.01	1	AL080276.2	c4
9.93855425165301e-155	-0.786434344491901	0.044	0.28	3.33319232491939e-150	NIPA2	c4
1.30023313630632e-12	-0.786142757522262	0.003	0.023	4.36072189254414e-08	TMEM121	c4
3.05993679177567e-120	-0.786137250499799	0.031	0.217	1.02624160122572e-115	MRPL32	c4
5.28008637588382e-10	-0.786093231983712	0.003	0.018	1.77083536874392e-05	ELOVL4	c4
0.000455688983361724	0.785444001402161	0.004	0.011	1	GIN1	c4
4.45805125761457e-05	0.784490876397105	0.003	0.011	1	C1orf56	c4
1.62396415728492e-11	-0.784190146508381	0.003	0.02	5.44645099070215e-07	TNFSF12	c4
5.97650146575628e-27	-0.783462836756937	0.012	0.059	2.00439906158534e-22	TNFSF9	c4
0.000302757004180506	0.783129399757713	0.003	0.01	1	AC020765.2	c4
3.60380388802695e-109	-0.782518272156957	0.028	0.199	1.20864374796648e-104	HTATIP2	c4
3.50991615198001e-05	0.782217582527832	0.004	0.013	1	FANCE	c4
7.15792128859775e-14	-0.782138031738533	0.003	0.024	2.40062364176991e-09	TRIP13	c4
4.19640701566791e-56	-0.782042736747777	0.015	0.106	1.4073909849147e-51	CCDC127	c4
0	-0.781156397558233	0.13	0.632	0	BZW1	c4
0	-0.781107368132523	0.144	0.686	0	GUK1	c4
1.84916127041734e-08	-0.779397355669199	0.001	0.013	0.000620171706872567	POMGNT2	c4
7.10810185688123e-48	-0.779030392518542	0.012	0.09	2.38391520076083e-43	FUCA1	c4
2.71266694137782e-208	-0.778394820292551	0.063	0.372	9.09774238799292e-204	GLIPR1	c4
0.000794824420174885	0.777696888230364	0.004	0.01	1	ITFG2-AS1	c4
4.33898955437528e-173	-0.777610546187488	0.041	0.295	1.45521031674638e-168	POLR2C	c4
9.96735945136313e-19	-0.776215159961704	0.004	0.034	3.34285301279817e-14	SLC39A3	c4
1.74926733785871e-05	0.77531865984239	0.006	0.016	0.586669279771053	SFT2D3	c4
1.35354485942912e-90	-0.773814358071467	0.022	0.164	4.53951874955338e-86	IFT52	c4
8.49140495387829e-178	-0.77370151873765	0.053	0.322	2.8478473934317e-173	ARL6IP6	c4
2.18423907773566e-193	-0.772844257831865	0.053	0.338	7.32550101890987e-189	MRFAP1L1	c4
2.79455847404097e-159	-0.772231748932878	0.043	0.284	9.37239021023862e-155	COPS2	c4
0.0218232094567564	0.772170866983708	0.473	0.78	1	SRSF7	c4
2.94714034876771e-22	-0.772143450375301	0.004	0.039	9.88411930169714e-18	FAM24B	c4
4.89262866469118e-22	-0.771957791806019	0.006	0.041	1.64088980156413e-17	MANBAL	c4
5.6452069758721e-39	-0.771587535826936	0.01	0.074	1.89328951556798e-34	IL10RB	c4
4.34286978894847e-52	-0.77048201696629	0.012	0.096	1.45651166981754e-47	PTRH1	c4
9.12247935903708e-219	-0.76986747471763	0.067	0.389	3.05949712743385e-214	PPP1CC	c4
4.75234619024369e-11	-0.768486530011923	0.003	0.021	1.59384186528393e-06	HPSE	c4
3.52891271956625e-06	0.768368461059934	0.006	0.018	0.118352674788813	HSD17B4	c4
2.39850503052181e-117	-0.767867157684148	0.03	0.212	8.04410617136405e-113	SMIM29	c4
0	-0.766478666862223	0.17	0.739	0	UBE2D2	c4
5.5384789914372e-45	-0.766463789422671	0.079	0.189	1.85749508414821e-40	GNLY	c4
1.0213101279106e-40	-0.766348483280594	0.009	0.075	3.42526990698657e-36	HYPK	c4
5.37889425639776e-60	-0.766262846364457	0.015	0.111	1.80397355571068e-55	BOD1	c4
8.65559509006764e-122	-0.765154392568824	0.066	0.28	2.90291348130689e-117	PMAIP1	c4
1.03149806324736e-209	-0.765022914020407	0.069	0.383	3.45943820451901e-205	SDCBP	c4
1.79776467174819e-72	-0.764909778052566	0.019	0.136	6.02934315610907e-68	VAMP7	c4
5.09371779442654e-56	-0.764352558187613	0.013	0.104	1.70833107389477e-51	ATP6V0E2	c4
1.09016186915732e-68	-0.764125138446017	0.019	0.132	3.65618487677983e-64	CPTP	c4
6.67291614501131e-130	-0.763917186133082	0.044	0.253	2.23796261671389e-125	TXNDC15	c4
3.14776399334215e-05	0.763771270105867	0.005	0.015	1	CDKN2B	c4
0.000272249434284826	0.763348551379501	0.003	0.01	1	MAK	c4
9.14842798224664e-49	-0.763221389203619	0.012	0.092	3.06819977668588e-44	PGRMC2	c4
7.44368443455793e-207	-0.762937720499298	0.052	0.351	2.49646288566204e-202	PQBP1	c4
1.09246582147297e-151	-0.762874008974646	0.041	0.272	3.66391187205604e-147	CCDC59	c4
4.23055224055081e-05	0.762518238826053	0.439	0.763	1	IQGAP1	c4
5.00306589254908e-13	-0.762088988940296	0.002	0.022	1.67792823904311e-08	SETD9	c4
3.69371524037275e-05	0.760634615318319	0.004	0.013	1	GNB4	c4
5.82044232581455e-37	-0.760608778246264	0.012	0.074	1.95205994723168e-32	B3GALT6	c4
1.00456355989458e-27	-0.7601602486315	0.006	0.05	3.36910526717445e-23	RNASEH2A	c4
5.35068036252542e-251	-0.759958744049826	0.063	0.413	1.79451117998378e-246	ATP6V0D1	c4
1.15127689878113e-112	-0.759941641320253	0.031	0.209	3.86115246313216e-108	TRMT10C	c4
6.75233901000227e-06	0.759449712286775	0.004	0.014	0.226459945717456	ZNF563	c4
3.53235258443062e-222	-0.757670566201565	0.06	0.379	1.18468040976634e-217	NUDT21	c4
4.06738554838962e-72	-0.75729242461285	0.018	0.134	1.36411976521891e-67	MEI1	c4
3.83692994630514e-34	-0.757082985017268	0.008	0.063	1.28682956539182e-29	DNAJC30	c4
3.94102798417336e-24	-0.756845202753109	0.006	0.045	1.32174196533206e-19	SWI5	c4
8.76354224850853e-55	-0.756604750248948	0.017	0.108	2.93911679930479e-50	TSPAN3	c4
3.56173272203792e-67	-0.755988814624199	0.019	0.128	1.19453392031708e-62	PEX11B	c4
1.9213394620895e-61	-0.755874230751261	0.034	0.147	6.44378828795577e-57	CCL3	c4
1.47361519371219e-09	-0.755448169251516	0.003	0.017	4.94221063667194e-05	OSER1-DT	c4
7.57951810084814e-173	-0.754972743288252	0.045	0.302	2.54201878066245e-168	SMARCB1	c4
2.76123577422033e-06	0.753861916252857	0.01	0.024	0.0926063253958013	ZXDA	c4
4.79954844460658e-95	-0.752550193384104	0.029	0.183	1.60967255735216e-90	PDIA4	c4
3.00289864202192e-195	-0.751383186166703	0.058	0.348	1.00711214656131e-190	CMPK1	c4
1.57479566206601e-72	-0.751198261083802	0.018	0.135	5.28154969143699e-68	CAPNS1	c4
3.21000122265714e-12	-0.751171620728625	0.01	0.034	1.07657021005475e-07	TRBV18	c4
5.34653712596547e-158	-0.749857188548666	0.038	0.273	1.7931216213063e-153	MED28	c4
4.86994382955007e-212	-0.749499390682616	0.061	0.372	1.6332817615545e-207	CDC123	c4
7.18985466126434e-05	0.749390949849861	0.004	0.013	1	GATB	c4
8.22506293476034e-05	0.74875851299688	0.005	0.014	1	NADK2	c4
2.79844667281951e-124	-0.748263993967761	0.051	0.258	9.38543045130206e-120	KLRD1	c4
1.63915358906098e-101	-0.747312178733623	0.026	0.186	5.4973933069927e-97	NANS	c4
1.07194399403286e-22	-0.747008738691282	0.006	0.043	3.5950857671874e-18	DRAM1	c4
4.37017848724441e-26	-0.74697884255075	0.007	0.05	1.46567046105203e-21	UPRT	c4
8.3935557725731e-152	-0.746255011254404	0.038	0.267	2.81503073500557e-147	MIEN1	c4
1.38373876809435e-18	-0.745843053034863	0.003	0.032	4.64078308043482e-14	ATP23	c4
2.17657386800168e-09	-0.745811983950944	0.002	0.016	7.29979343850403e-05	DOLPP1	c4
5.60003698742403e-27	-0.745453421506168	0.009	0.055	1.87814040484227e-22	RCAN2	c4
7.84254276838841e-78	-0.744486359971635	0.021	0.146	2.63023199366211e-73	MRPL3	c4
0	-0.744383421369619	0.108	0.569	0	SYF2	c4
9.03045912516387e-66	-0.743555669548084	0.019	0.126	3.02863538139746e-61	MUL1	c4
2.02578940670217e-05	0.743443009020852	0.006	0.017	0.679409251219773	AL022328.4	c4
3.20488407903764e-09	-0.74284521209075	0.002	0.016	0.000107485402242764	AKAP7	c4
3.54753334910857e-18	-0.742290057490099	0.004	0.033	1.18977173462403e-13	BBS12	c4
9.90591624227346e-56	-0.742116399112199	0.015	0.107	3.32224618933367e-51	PSMG4	c4
4.35254235807668e-78	-0.741959656732385	0.018	0.141	1.45975565605176e-73	PNO1	c4
5.31722341312717e-174	-0.741148938455906	0.043	0.299	1.78329038829459e-169	APEX1	c4
0	-0.740128522174864	0.139	0.67	0	UBE2I	c4
9.06834299058901e-196	-0.739108178249847	0.075	0.38	3.04134087218374e-191	LBH	c4
1.38000788625182e-15	-0.7370367390338	0.007	0.035	4.62827044891136e-11	TRAV12-1	c4
5.22434313367295e-40	-0.736388426617925	0.015	0.083	1.75214020017123e-35	SELL	c4
3.55439087870176e-239	-0.736057587037374	0.317	0.765	1.192071612899e-234	LMNA	c4
2.26861381170812e-73	-0.735030771370962	0.02	0.139	7.60847700170668e-69	EIF4EBP2	c4
1.51846943435804e-273	-0.735004147845672	0.087	0.478	5.09264278895e-269	TCEA1	c4
2.43095638373161e-82	-0.734945578209492	0.021	0.152	8.15294151975908e-78	ASB8	c4
2.77762298392609e-143	-0.734849970341315	0.041	0.263	9.31559196349133e-139	USP1	c4
4.49706613583308e-178	-0.734619707488617	0.049	0.315	1.5082260406357e-173	SPAG7	c4
0.00193506310858632	0.734228417137997	0.004	0.01	1	ZNF417	c4
0	-0.73421612948388	0.296	0.84	0	CD2	c4
2.37735287827993e-119	-0.734045591545423	0.033	0.22	7.97316608317523e-115	UBE2J1	c4
2.49711523526336e-69	-0.733910625058071	0.018	0.13	8.37482507602627e-65	RAB4A	c4
5.71543187792456e-221	-0.733168921309599	0.098	0.446	1.91684154321834e-216	LAG3	c4
2.17339089786793e-10	-0.733145916788305	0.002	0.018	7.28911839326946e-06	TLCD1	c4
2.22801287711062e-10	-0.732696190427013	0.002	0.017	7.47230958725358e-06	CDCA5	c4
0	-0.732125328222461	0.107	0.564	0	ENSA	c4
4.9597972470396e-178	-0.731849182150955	0.055	0.327	1.66341680071214e-173	ATP6AP2	c4
6.07260708844179e-09	-0.73163673823977	0.002	0.016	0.000203663096532161	TRAV8-6	c4
1.41269695540356e-42	-0.731413195850871	0.009	0.077	4.73790304903247e-38	HIST1H2BC	c4
0.000265069498317989	0.730888925663404	0.003	0.01	1	STXBP1	c4
1.24845687721268e-208	-0.73038884511455	0.07	0.386	4.18707467479589e-204	CD164	c4
0	-0.729625927408234	0.211	0.798	0	SLC3A2	c4
4.99296987340098e-92	-0.728443579474253	0.029	0.18	1.67454223614122e-87	KDSR	c4
0	-0.727481528447371	0.099	0.537	0	PSMD7	c4
1.45507923822898e-285	-0.726992720270086	0.09	0.494	4.88004474917236e-281	GDI2	c4
0.000202085142909563	0.725375387164708	0.006	0.014	1	ZNF74	c4
8.43315777246192e-37	-0.725093025038017	0.008	0.068	2.82831245372828e-32	RNF141	c4
4.69125572727401e-252	-0.725035749826866	0.078	0.442	1.57335334581316e-247	SF3A1	c4
1.90098598440836e-162	-0.724828526908943	0.051	0.301	6.37552679450875e-158	ERLEC1	c4
1.22292910556637e-57	-0.724585348835523	0.013	0.106	4.10145963424849e-53	INIP	c4
4.2416556883911e-05	0.724041090530306	0.004	0.013	1	AK9	c4
4.39769549274676e-18	-0.724024086135691	0.005	0.034	1.47489911435741e-13	ICK	c4
3.78138940143496e-21	-0.72389403475327	0.005	0.039	1.26820237745326e-16	RNF26	c4
1.30214388311459e-91	-0.723801234280925	0.029	0.178	4.36713015518971e-87	HSPB11	c4
1.43527628579869e-76	-0.723706508660851	0.025	0.152	4.81362960731165e-72	RNF139	c4
5.67717200616879e-08	-0.723676388592502	0.002	0.014	0.00190400994742889	KIR2DL4	c4
4.78686844338878e-305	-0.723523289108811	0.095	0.521	1.60541993854373e-300	MEAF6	c4
4.73303585464839e-68	-0.72318048169053	0.016	0.125	1.58736556493198e-63	WBP1	c4
8.17406484805468e-09	-0.723092251080519	0.002	0.015	0.000274141786874058	EBI3	c4
2.12405612541458e-13	-0.722935062192728	0.003	0.023	7.12365943341541e-09	RTP5	c4
6.36040168681524e-273	-0.722694353585751	0.083	0.469	2.1331515177241e-268	FKBP8	c4
2.19789308476387e-44	-0.722136344474329	0.014	0.088	7.37129382768105e-40	BET1	c4
2.04571398654204e-10	-0.722051023751541	0.002	0.017	6.86091556806469e-06	GATD3B	c4
7.16697272037798e-50	-0.721185377567457	0.024	0.114	2.40365931096037e-45	KLF2	c4
7.52910730048324e-101	-0.721036680649495	0.026	0.186	2.52511200643607e-96	SNX2	c4
1.34440632770012e-220	-0.720356993674916	0.067	0.391	4.50886994184065e-216	YIPF3	c4
4.1547861712804e-43	-0.720350922532106	0.012	0.084	1.39343218612402e-38	LMO4	c4
2.36264179551077e-99	-0.718459593898384	0.025	0.181	7.92382805378403e-95	MRPS35	c4
3.9748919900257e-18	-0.718319181445643	0.004	0.033	1.33309927561482e-13	PRMT6	c4
5.42966005032873e-10	-0.717950204563578	0.002	0.017	1.82099938767925e-05	RYR1	c4
1.11857043606248e-12	-0.717493046990927	0.002	0.021	3.75146152846634e-08	CDCA8	c4
1.83961817766651e-05	0.717370554373176	0.003	0.012	0.616971144425796	SLC45A4	c4
4.19750746300497e-124	-0.71716601934484	0.034	0.227	1.40776005294261e-119	HTATSF1	c4
2.70443867269369e-65	-0.716726192648764	0.016	0.121	9.07014642048008e-61	UCHL3	c4
5.44323800023271e-42	-0.716570058704536	0.013	0.083	1.82555316051805e-37	BTD	c4
1.37452693049191e-69	-0.716200707200749	0.02	0.134	4.60988841948376e-65	MKRN2	c4
0.00117684104944705	0.716068489541653	0.004	0.01	1	ZFHX3	c4
4.17807291632008e-112	-0.715643519367286	0.027	0.2	1.40124209467543e-107	NCBP2-AS2	c4
6.03531655785374e-169	-0.71557392228567	0.046	0.299	2.02412446717299e-164	TIMM17A	c4
6.15401907478963e-99	-0.715320130128765	0.028	0.186	2.06393491730294e-94	SRPRB	c4
9.56451096666555e-13	-0.714692973029314	0.006	0.029	3.20774568800029e-08	IFIT3	c4
4.91314299626653e-169	-0.714182132477884	0.05	0.308	1.64776989808787e-164	MORF4L2	c4
2.59537730087743e-276	-0.713940442604729	0.083	0.472	8.70437639168273e-272	SELENOS	c4
1.29678264394433e-43	-0.713859955086361	0.013	0.087	4.34914963126048e-39	SIAH1	c4
0.000117290797021185	0.713852265048202	0.003	0.01	1	AC092329.3	c4
0.00812494353705501	-0.713474606905046	0.006	0.011	1	TRBV6-2	c4
6.47199594925554e-177	-0.713379228884727	0.054	0.322	2.17057800146132e-172	CD2BP2	c4
1.7745683196244e-08	-0.713347533333529	0.002	0.014	0.000595154723035631	HIST1H2BF	c4
3.71530565014512e-68	-0.713233570163129	0.017	0.127	1.24603920894567e-63	BCL7C	c4
8.00595024165954e-242	-0.711953797684225	0.069	0.416	2.68503559204778e-237	SARS	c4
3.6387167777341e-76	-0.71181551587876	0.019	0.141	1.22035283291646e-71	NOC4L	c4
4.74699506949927e-31	-0.71105287586788	0.007	0.058	1.59204720640867e-26	INTS5	c4
4.07380689146298e-20	-0.710328173858013	0.004	0.036	1.36627335525886e-15	CHAC2	c4
1.08341669117153e-05	0.710313325497954	0.003	0.011	0.363356289885108	AL109955.1	c4
2.7237850276787e-84	-0.710311186003917	0.022	0.157	9.13503022582881e-80	LENG1	c4
2.14066121176601e-05	0.710083545350819	0.008	0.019	0.717934957202083	TEX2	c4
1.45783012315645e-17	-0.710002563503337	0.004	0.032	4.88927066704212e-13	TMEM38B	c4
9.6983430668846e-188	-0.709575570178844	0.053	0.333	3.25263029777176e-183	NECAP2	c4
2.17142086632373e-08	-0.708653860666754	0.002	0.014	0.000728251130147653	HIST1H4J	c4
2.37748098947077e-57	-0.708519834452071	0.013	0.105	7.97359574248706e-53	FOPNL	c4
3.13875642655934e-121	-0.708373602557343	0.035	0.227	1.05267613033947e-116	PHAX	c4
0.00040045736490876	0.708311300670389	0.004	0.011	1	FAM169A	c4
3.98939811174261e-47	-0.708290176672351	0.011	0.087	1.33796433871624e-42	SDHAF2	c4
1.89400373486759e-54	-0.707339606963852	0.011	0.098	6.35210972599893e-50	CXorf40A	c4
1.65701839897699e-52	-0.706746767961395	0.014	0.1	5.55730830648902e-48	POLR2M	c4
1.64360368324165e-166	-0.70638440137212	0.063	0.328	5.51231803285583e-162	SLC16A3	c4
2.10055595293212e-82	-0.706295123334921	0.021	0.152	7.04484455494376e-78	RBMX2	c4
2.01509133748402e-08	-0.705862795664427	0.004	0.017	0.000675821332765391	TRAV3	c4
2.4445477762655e-32	-0.705816393496326	0.02	0.081	8.19852433203925e-28	ZBED2	c4
3.17151782121717e-10	-0.705779332634086	0.003	0.019	1.06366364687981e-05	EGR2	c4
6.98022657074234e-15	-0.705034754676719	0.003	0.026	2.34102838729557e-10	REPIN1	c4
2.55084098550823e-263	-0.705002525486552	0.075	0.447	8.55501049719751e-259	YWHAE	c4
1.41141773716551e-42	-0.704740279855375	0.011	0.081	4.73361280690569e-38	CISD3	c4
3.99404086855197e-305	-0.704654732480195	0.176	0.661	1.33952142649496e-300	PIM3	c4
3.16424666435312e-37	-0.704429378405846	0.009	0.07	1.06122504629075e-32	C12orf76	c4
2.00061564381142e-97	-0.704322024139404	0.027	0.182	6.70966474621474e-93	IDH3G	c4
4.89721021209799e-48	-0.704275942750883	0.013	0.092	1.64242636093343e-43	PLIN3	c4
3.89883986489904e-60	-0.702963308784023	0.017	0.115	1.30759291388984e-55	LINC00623	c4
1.89423925730904e-88	-0.702459281865797	0.031	0.179	6.35289962116305e-84	FASLG	c4
3.19286343044059e-124	-0.7023942104471	0.034	0.227	1.07082253730116e-119	TXNDC9	c4
1.56047052277504e-21	-0.701595801982132	0.007	0.043	5.23350603928294e-17	MINPP1	c4
2.36361131045419e-06	0.701495146844741	0.007	0.02	0.0792707961300127	TMEM104	c4
9.35380191508746e-13	-0.70140501798496	0.005	0.026	3.13707808628203e-08	MARS2	c4
9.10801269947564e-135	-0.700792237824005	0.037	0.245	3.05464529915014e-130	ZFAND6	c4
3.08504572695134e-53	-0.699803367308921	0.016	0.104	1.03466263590494e-48	TOX2	c4
0	-0.699691875208293	0.149	0.649	0	NAP1L1	c4
1.04221896353761e-28	-0.699336031857302	0.006	0.051	3.49539395991244e-24	TPMT	c4
1.28365823833403e-118	-0.69734308164766	0.037	0.226	4.30513299972468e-114	POR	c4
9.64440374713036e-94	-0.697134246505996	0.024	0.173	3.23454012871258e-89	SARNP	c4
5.55906240685181e-158	-0.696540344754749	0.052	0.299	1.86439835000996e-153	UBE2E3	c4
7.72358892984233e-62	-0.696474680641332	0.015	0.114	2.59033725529052e-57	PTPMT1	c4
0.000202931244182175	0.696393422736826	0.003	0.01	1	DHCR24	c4
6.32043379354199e-26	-0.696103193898276	0.006	0.047	2.11974708567811e-21	ZNF669	c4
9.08260291488056e-05	0.694607946044548	0.008	0.018	1	TRGV4	c4
1.414881068886e-80	-0.694417091984096	0.02	0.149	4.74522812882987e-76	MRPL2	c4
6.45846836449377e-290	-0.693841670812353	0.093	0.504	2.16604112008392e-285	C9orf78	c4
3.99556975234556e-164	-0.693473293375663	0.056	0.312	1.34003418354166e-159	TPM4	c4
0.000724756369382198	0.693062971048752	0.004	0.01	1	TCTN1	c4
5.59793990624979e-06	0.692862615652856	0.003	0.013	0.187743708575805	NECAB3	c4
4.3456442985632e-13	-0.692797450726925	0.003	0.023	1.45744218485213e-08	FAM167A	c4
9.03916966725942e-85	-0.692559832251343	0.022	0.158	3.03155672300546e-80	IFT20	c4
9.18560322758639e-89	-0.692170596926503	0.02	0.159	3.08066761046792e-84	RANGRF	c4
3.24568791710521e-125	-0.691878847019457	0.038	0.237	1.08853881363875e-120	NRAS	c4
2.33788823838519e-304	-0.690066164355717	0.133	0.588	7.84080957389626e-300	CD3G	c4
1.95982270879366e-61	-0.689972461019712	0.013	0.111	6.57285340075218e-57	APOBEC3H	c4
1.99130873351167e-05	0.6896926800364	0.006	0.016	0.667845123045144	AC012645.3	c4
2.56228804953771e-64	-0.689379650144121	0.019	0.125	8.59340166053956e-60	DAP	c4
8.14632859705868e-15	-0.688794255553355	0.004	0.028	2.73211568488154e-10	ZNF583	c4
2.02349126618387e-245	-0.688239184029873	0.071	0.423	6.78638500852745e-241	RELA	c4
1.80939682443603e-43	-0.68779251656208	0.013	0.086	6.06835506979357e-39	CSTF2T	c4
6.32668371117928e-85	-0.687379315327571	0.026	0.165	2.12184318305531e-80	MSMO1	c4
5.09061733726609e-259	-0.687332634432273	0.083	0.458	1.7072912425723e-254	TBCB	c4
1.96738283571703e-43	-0.687221989558769	0.011	0.082	6.59820855442778e-39	UBE2M	c4
4.79258048733616e-30	-0.686643860981135	0.011	0.062	1.6073356438428e-25	FGL2	c4
2.69726361106466e-294	-0.685459712588369	0.242	0.755	9.04608269878865e-290	APOBEC3G	c4
3.78312378477903e-298	-0.685415605332883	0.141	0.594	1.26878405493919e-293	FAM107B	c4
2.06248990065827e-171	-0.684259063773001	0.059	0.326	6.91717862882769e-167	GPR137B	c4
5.09252397346706e-255	-0.682913407340964	0.071	0.431	1.70793069022138e-250	BNIP3L	c4
9.53422367657143e-29	-0.682653110071437	0.009	0.058	3.19758793664853e-24	GNB1L	c4
5.1030211122721e-186	-0.682544652712754	0.053	0.331	1.71145122063382e-181	ACTR1A	c4
4.56245827851633e-22	-0.682348592524377	0.005	0.04	1.53015725744881e-17	CREG1	c4
3.95291691453296e-62	-0.6821602271148	0.017	0.118	1.32572927479606e-57	MYL6B	c4
8.83697933964158e-47	-0.682114900227029	0.012	0.089	2.96374613092899e-42	PUSL1	c4
3.34944851438729e-05	0.681696331584675	0.003	0.011	1	MKS1	c4
8.32163252256089e-84	-0.681157884843224	0.027	0.166	2.79090911541647e-79	PPP3R1	c4
0	-0.680478987076368	0.263	0.867	0	NCL	c4
2.72802391862372e-106	-0.680242972473624	0.029	0.198	9.14924661828022e-102	VTA1	c4
1.8445623535466e-45	-0.679762047256584	0.012	0.086	6.1862932213246e-41	MRPL45	c4
1.24630078141729e-41	-0.679238970425518	0.01	0.078	4.17984356071732e-37	MCAT	c4
7.40552138535387e-19	-0.678672713788662	0.004	0.033	2.48366376221998e-14	LINC02084	c4
5.3754211943349e-69	-0.678612828843022	0.016	0.125	1.80280876015604e-64	MRPL46	c4
4.1803840938933e-76	-0.677617593685064	0.019	0.14	1.40201721740994e-71	ZNF580	c4
3.94840663342873e-10	-0.677481501411661	0.001	0.015	1.32421661671933e-05	AC017083.2	c4
9.27103410587438e-16	-0.676768797427291	0.005	0.03	3.10931941842815e-11	TMEM254	c4
9.73055928667464e-109	-0.675723427519979	0.035	0.211	3.26343497356494e-104	TIMM23	c4
2.40754720974806e-05	0.67498960564979	0.007	0.017	0.807443183205304	GFPT2	c4
2.85097674727229e-06	0.67490178637879	0.005	0.017	0.0956160581500182	BPHL	c4
1.65007213835714e-169	-0.674872543662654	0.048	0.304	5.53401193762219e-165	ATG3	c4
2.68919623067672e-246	-0.674262627951765	0.075	0.432	9.01902631844357e-242	MLF2	c4
1.95275478874977e-51	-0.673926801297648	0.015	0.1	6.54914901050898e-47	ZFAND1	c4
1.73508459441157e-58	-0.673258706867347	0.015	0.11	5.81912671273753e-54	TIMMDC1	c4
1.41283687818364e-13	-0.673122744435251	0.003	0.025	4.73837232205231e-09	C2orf76	c4
1.14181539780234e-07	-0.672822625110451	0.001	0.011	0.00382942048114948	AL162231.1	c4
1.78542670305631e-10	-0.672635240690207	0.003	0.019	5.98796407671026e-06	AC147651.4	c4
2.35754519793215e-12	-0.672063070617074	0.002	0.021	7.90673508482485e-08	LINC00158	c4
2.5426543856823e-125	-0.668662072170043	0.033	0.228	8.5275542787013e-121	ADPRHL2	c4
3.78037317344852e-50	-0.668169193291886	0.016	0.101	1.26786155491117e-45	GPANK1	c4
8.16294398102381e-05	0.666559450867049	0.003	0.011	1	DMTN	c4
1.45043334542466e-151	-0.665939599405662	0.044	0.277	4.86446335388524e-147	TPGS1	c4
2.4266996505365e-07	-0.665780530098291	0.002	0.012	0.00813866528796931	SELENON	c4
5.79474251808481e-202	-0.663908211697084	0.062	0.364	1.94344074571528e-197	VASP	c4
3.58386021171984e-92	-0.662773707163551	0.027	0.176	1.2019550378066e-87	METTL5	c4
1.75628806972795e-281	-0.662658467202553	0.086	0.483	5.89023892825358e-277	CLTA	c4
1.43486800060779e-168	-0.661509196131784	0.054	0.315	4.81226030043841e-164	FDFT1	c4
5.23107598505382e-183	-0.660878765474741	0.05	0.321	1.75439826386735e-178	MRPS34	c4
3.49324758337525e-28	-0.66035452204087	0.007	0.054	1.17156537451239e-23	LINC00847	c4
6.20375749429269e-12	-0.660080154496122	0.003	0.022	2.08061618843588e-07	NXPH4	c4
5.5050656071033e-141	-0.659878312670449	0.041	0.26	1.8462889033103e-136	DNAAF2	c4
3.12170995089938e-86	-0.659131254352998	0.023	0.162	1.04695908333264e-81	MAD2L2	c4
4.27462457111916e-17	-0.658478860131739	0.005	0.032	1.43362358866194e-12	LXN	c4
8.82056264209674e-05	0.657923857402472	0.003	0.01	1	HIST2H2BF	c4
1.81987571730291e-85	-0.656459469678102	0.026	0.165	6.10349918069051e-81	MCUR1	c4
6.08515918066372e-234	-0.656425613668471	0.075	0.419	2.040840686011e-229	YTHDF2	c4
6.7839916162586e-286	-0.656308316990418	0.265	0.778	2.27521510826081e-281	TGFB1	c4
1.45408241594065e-46	-0.65610886407058	0.011	0.087	4.87670160658174e-42	TMEM141	c4
5.76911455969426e-54	-0.655599196768467	0.018	0.109	1.93484564103026e-49	PINK1	c4
1.6440171608479e-167	-0.655481085366084	0.049	0.303	5.51370475405169e-163	CNPY3	c4
1.35078844877321e-24	-0.655406156446896	0.005	0.045	4.53027429949559e-20	EPS8L2	c4
2.48334658943199e-60	-0.65401214867748	0.016	0.115	8.32864779163702e-56	SNAPC5	c4
6.22077088581475e-05	0.653598158881962	0.005	0.013	1	ZNF747	c4
3.52134765245248e-300	-0.653520054729404	0.319	0.893	1.18098957567951e-295	ARPC2	c4
1.17441744408127e-11	-0.653495537063081	0.003	0.02	3.93876122395977e-07	AVPI1	c4
5.24623772331604e-105	-0.65346976025415	0.033	0.204	1.75948320764573e-100	IKBIP	c4
2.66596972271795e-77	-0.652619788305715	0.026	0.154	8.94112925605147e-73	CMTM7	c4
3.63979417706677e-05	0.652208411099549	0.005	0.014	1	ZNF852	c4
4.35520600655978e-254	-0.652195943184772	0.088	0.463	1.46064899048002e-249	CNPPD1	c4
5.03949852146137e-17	-0.652049733835621	0.005	0.032	1.69014701412771e-12	MSRA	c4
6.80107115771879e-306	-0.6520165853423	0.154	0.627	2.28094324487573e-301	PDCD4	c4
6.5801331308343e-05	0.651629946318666	0.002	0.01	1	TIGD6	c4
2.21199465558304e-12	-0.651119739370371	0.004	0.024	7.41858767589439e-08	SHISAL2A	c4
8.74034817282247e-63	-0.650641653653381	0.02	0.125	2.9313379702012e-58	PPIH	c4
7.41140665460896e-152	-0.649665666873951	0.047	0.283	2.48563756382275e-147	SLC52A2	c4
7.966448583857e-11	-0.648256475257722	0.005	0.024	2.67178752605396e-06	TRAV10	c4
5.79514567059947e-07	-0.647904289189743	0.001	0.011	0.0194357595500565	AP002360.1	c4
4.45821522632601e-91	-0.647569678423167	0.026	0.173	1.49519622260522e-86	MRPS30	c4
4.89089032107729e-28	-0.647341331426617	0.007	0.053	1.6403067958829e-23	SHLD1	c4
9.62145798276486e-61	-0.647230506650626	0.018	0.118	3.22684457825968e-56	C12orf49	c4
1.63945637231332e-252	-0.647031397901592	0.082	0.449	5.49840878146442e-248	AP2M1	c4
4.91404998464855e-37	-0.646448758732804	0.011	0.073	1.64807408385143e-32	VAT1	c4
3.02457212229645e-70	-0.646416174824752	0.02	0.135	1.01438099837578e-65	ERCC1	c4
9.01126063359174e-06	0.646253494936883	0.007	0.018	0.3022196591294	ZNF367	c4
3.31290895825655e-147	-0.646001336753371	0.063	0.307	1.11108340642008e-142	MAGED2	c4
2.20827765611917e-53	-0.645897567109025	0.015	0.103	7.40612160309248e-49	TPRG1L	c4
7.11606227196675e-49	-0.644945090188538	0.016	0.098	2.38658496477221e-44	RFK	c4
7.04272539274884e-270	-0.644484334166338	0.091	0.483	2.36198924222011e-265	XRCC5	c4
2.37344277831719e-233	-0.644315169927863	0.076	0.421	7.96005238992019e-229	GPSM3	c4
1.81693958677929e-180	-0.643911275490879	0.057	0.332	6.09365198614038e-176	WAS	c4
0.000503637989831541	0.642291476995476	0.004	0.01	1	TIGD7	c4
5.43838667900323e-47	-0.642076971988812	0.011	0.087	1.8239261244041e-42	PEX2	c4
9.36547815018568e-213	-0.640845907749457	0.074	0.398	3.14099406200927e-208	TGIF1	c4
3.39281043097208e-25	-0.640758830812118	0.006	0.047	1.13788076233942e-20	G6PC3	c4
3.21008085264634e-204	-0.640628656167692	0.073	0.385	1.07659691636053e-199	AMD1	c4
4.40338421935712e-56	-0.640541303962296	0.016	0.108	1.47680699948799e-51	SPRYD3	c4
3.02267480620996e-88	-0.6404405807612	0.025	0.167	1.0137446765067e-83	CTNNBL1	c4
7.15097140982888e-52	-0.640075761226434	0.016	0.102	2.39829279142841e-47	HPCAL1	c4
5.78226416392026e-175	-0.640007600777882	0.05	0.313	1.93925575529558e-170	PCIF1	c4
8.8455886185336e-225	-0.639968401291451	0.075	0.412	2.9666335108838e-220	TCP1	c4
3.56284074010368e-61	-0.639742603287012	0.017	0.117	1.19490552741597e-56	CIAPIN1	c4
1.46207357298137e-67	-0.638865936213076	0.019	0.129	4.90350234906491e-63	CCDC25	c4
1.02679617091765e-229	-0.638651273732309	0.076	0.416	3.44366899802362e-225	ARL6IP4	c4
2.62251705169988e-24	-0.638077725018885	0.007	0.047	8.79539768799106e-20	ZNF487	c4
3.78635583252454e-284	-0.637867634625963	0.118	0.544	1.26986801911208e-279	SERINC1	c4
7.76681377540978e-39	-0.637469876195988	0.011	0.076	2.60483400399693e-34	YRDC	c4
1.02118119501643e-39	-0.637014850193539	0.012	0.078	3.42483749184609e-35	TTC4	c4
9.38332307334685e-17	-0.635412117263001	0.005	0.032	3.14697889233907e-12	HOMEZ	c4
7.13690531483781e-184	-0.635389493376345	0.068	0.356	2.39357530449031e-179	DERL1	c4
1.37791417052763e-131	-0.635131458005682	0.041	0.25	4.62124854511556e-127	UBE2G1	c4
2.52312916258206e-26	-0.633698883285311	0.006	0.048	8.4620705854677e-22	RGL4	c4
1.98100444099423e-64	-0.633518112834834	0.017	0.121	6.64389269420645e-60	NUBP1	c4
8.99030697125489e-90	-0.63263273163982	0.027	0.172	3.01516915201946e-85	NMI	c4
1.56869247945362e-07	-0.631317576451243	0.001	0.011	0.00526108083759156	CDC20	c4
0	-0.631196746120347	0.227	0.761	0	CORO1A	c4
3.44949334334859e-11	-0.631179111567788	0.004	0.022	1.15689107749225e-06	CXorf21	c4
4.49830290380479e-36	-0.630348567458892	0.012	0.074	1.50864082787805e-31	GPR18	c4
9.95189773888342e-06	0.629877277993602	0.005	0.015	0.333766746366672	FUT4	c4
1.34993555753718e-231	-0.629665126305238	0.088	0.441	4.52741387286819e-227	PSAP	c4
2.48970295918982e-09	-0.628684363276377	0.002	0.016	8.34996578453082e-05	IDNK	c4
1.15276869375716e-12	-0.628428639116966	0.004	0.024	3.86615564512278e-08	TRGV5	c4
9.84586435021119e-306	-0.628121110900806	0.094	0.521	3.30210598577383e-301	VAPA	c4
5.83858975047651e-286	-0.627985864541917	0.09	0.494	1.95814623051481e-281	PTP4A2	c4
5.88960939767195e-98	-0.627911112357185	0.08	0.271	1.97525719979122e-93	CCR7	c4
1.42239239075033e-298	-0.627773207024945	0.122	0.565	4.77041960009845e-294	SURF4	c4
4.1806647981968e-200	-0.626653104491201	0.068	0.374	1.40211136001924e-195	PNRC2	c4
1.1632347805161e-10	-0.626598380769934	0.002	0.018	3.90125680689491e-06	STRADB	c4
7.58098768808818e-20	-0.626197335901877	0.006	0.039	2.54251165083101e-15	NUDT16	c4
1.92074196513012e-40	-0.62551635246654	0.012	0.079	6.44178440265341e-36	BDH2	c4
6.78650153962832e-57	-0.625433383226322	0.016	0.11	2.27605688636055e-52	AIMP2	c4
5.7858461309425e-195	-0.624527108612867	0.073	0.377	1.94045707539549e-190	BTG3	c4
2.26133633672834e-05	0.624405470132456	0.004	0.013	0.758406980611949	PPP1R3F	c4
1.72869337069056e-71	-0.62381724700441	0.022	0.141	5.79769182662201e-67	GRWD1	c4
3.49090324663668e-48	-0.623722449993468	0.014	0.094	1.17077913085701e-43	RNF2	c4
0	-0.623694382058923	0.137	0.641	0	C11orf58	c4
4.36806385640497e-39	-0.62357468364806	0.009	0.072	1.4649612561611e-34	C12orf45	c4
2.58214993228987e-20	-0.623292558463616	0.004	0.036	8.66001444291375e-16	CCNB1	c4
1.94455545301067e-06	0.622843088166668	0.004	0.015	0.0652165007830719	LRRCC1	c4
1.5252772308664e-51	-0.622781789699467	0.015	0.1	5.11547477687974e-47	NCAPH	c4
1.31524924582867e-19	-0.622688142576993	0.005	0.037	4.4110829206602e-15	CENPU	c4
1.70605697872114e-75	-0.62260422618172	0.023	0.148	5.72177389523497e-71	ATF1	c4
4.07699587587784e-60	-0.62166915226593	0.017	0.115	1.36734287685191e-55	PSMG1	c4
5.45106094108894e-06	0.621599981486631	0.003	0.013	0.182817681842241	AL162258.2	c4
1.16469317081817e-70	-0.621244131082718	0.02	0.136	3.90614795628996e-66	ARL8A	c4
1.17230252517395e-95	-0.620584824739991	0.028	0.183	3.93166820892839e-91	POLDIP2	c4
0.000688604342838788	0.619343195148606	0.004	0.01	1	HS3ST1	c4
1.29999828555499e-05	0.619247172376576	0.006	0.016	0.435993425009432	FAM117B	c4
3.46163483256168e-06	0.619210197752555	0.006	0.017	0.116096309014454	ZNF256	c4
6.5015295369451e-06	0.618930119210185	0.005	0.016	0.218048297610065	SEMA4B	c4
2.35227050153483e-115	-0.618877062768157	0.034	0.218	7.88904480804753e-111	THYN1	c4
0.000287238056307606	0.61866846898366	0.003	0.01	1	LINC002481	c4
6.39784236961226e-22	-0.61831718243085	0.006	0.041	2.14570837392056e-17	B4GALT7	c4
3.06883093412943e-07	-0.618085764375351	0.003	0.014	0.0102922451868833	TRAV1-1	c4
6.29407362694355e-163	-0.618035022142214	0.053	0.306	2.11090641300433e-158	EIF4E2	c4
7.87289049336862e-166	-0.617615700636174	0.044	0.292	2.64041001366597e-161	SLU7	c4
8.25916071291547e-11	-0.617588201648356	0.002	0.019	2.76995731989759e-06	BOLA3-AS1	c4
1.67872088886102e-17	-0.616740907443839	0.003	0.03	5.63009411706209e-13	CCDC34	c4
1.67694302198258e-103	-0.615768910667688	0.031	0.197	5.62413150712517e-99	SOD2	c4
1.46539896215184e-14	-0.61547435761704	0.008	0.034	4.91465503926486e-10	IGFBP2	c4
4.36338289742583e-115	-0.615443075244473	0.035	0.219	1.46339135613868e-110	THAP4	c4
5.57222668666001e-184	-0.615330259981908	0.061	0.344	1.86881338617203e-179	WBP11	c4
2.7053548754319e-25	-0.614868996226594	0.008	0.051	9.07321918122352e-21	KIAA1211L	c4
1.86184589319079e-12	-0.614500695870533	0.002	0.021	6.24425875658329e-08	ADO	c4
5.27337195131217e-91	-0.614161764577999	0.025	0.17	1.76858348503108e-86	SLC25A1	c4
1.9639354726391e-12	-0.614083118481307	0.002	0.02	6.58664678813702e-08	RFC3	c4
2.20755941596428e-25	-0.613135752496662	0.006	0.048	7.403712769261e-21	AC006064.4	c4
5.08474395538136e-26	-0.61303073185323	0.008	0.051	1.7053214277558e-21	LSR	c4
2.72459921454518e-171	-0.612572003194006	0.054	0.317	9.13776084574163e-167	HMOX2	c4
0.000103985492404687	0.612194537781985	0.003	0.01	1	HCN3	c4
4.18410657128275e-267	-0.612150816729051	0.084	0.468	1.40326566187681e-262	EIF1B	c4
1.6179395603684e-76	-0.611902945388664	0.023	0.148	5.42624569756353e-72	TIMM22	c4
7.53442274793735e-71	-0.611637053611428	0.023	0.14	2.52689470120323e-66	COPS4	c4
4.97639785302754e-146	-0.611030645579902	0.065	0.309	1.66898431194838e-141	TNFSF10	c4
1.44533514127229e-05	0.610820103208508	0.004	0.014	0.484736499679901	CDC14B	c4
1.1936912377258e-110	-0.610204114068699	0.034	0.211	4.00340167308479e-106	TTC1	c4
2.18976690570446e-54	-0.610085648599007	0.016	0.106	7.34404024835162e-50	RALB	c4
2.13016646834575e-09	-0.609907063767064	0.003	0.017	7.14415230153798e-05	RAB38	c4
4.72547815520208e-05	0.609195195714936	0.004	0.012	1	LRRC75A	c4
2.74653129392709e-07	-0.608895304600891	0.001	0.011	0.00921131665357266	AVEN	c4
3.78703269988442e-25	-0.608851504345411	0.006	0.047	1.27009502688724e-20	HAUS4	c4
9.93697176794123e-136	-0.608784145268021	0.041	0.254	3.33266159153213e-131	ZPR1	c4
5.09499790193918e-41	-0.608771672669885	0.012	0.08	1.70876039635236e-36	SNAPC1	c4
1.9538409123397e-40	-0.608602877969675	0.012	0.08	6.55279165180489e-36	SLC35A2	c4
2.56255229301906e-127	-0.607852788329839	0.04	0.242	8.59428788032733e-123	TSN	c4
7.52025169026252e-06	0.606981750607493	0.003	0.013	0.252214201188024	FOXM1	c4
2.57574301726542e-05	0.606764261890224	0.004	0.013	0.863852693130477	KLRC2	c4
1.33306467073953e-50	-0.606472203623751	0.026	0.119	4.47083229272624e-46	TSC22D1	c4
2.97505438257607e-06	0.606233020603494	0.006	0.017	0.0997773738828363	ZBTB7B	c4
2.06142778280643e-50	-0.605936649434538	0.015	0.099	6.91361649797619e-46	PARVB	c4
2.40555523738225e-95	-0.605450113108752	0.025	0.177	8.0677511551326e-91	RGS19	c4
2.25446063592133e-06	0.604697589216296	0.005	0.017	0.0756101008075297	TMEM201	c4
3.39750360968936e-81	-0.604496541938507	0.025	0.159	1.13945476061762e-76	CHMP1B	c4
6.26044023844138e-172	-0.604231575404374	0.057	0.324	2.09962644716847e-167	NDUFA13	c4
0.000473915747891541	0.604004971520227	0.006	0.014	1	RORB	c4
4.00994742162272e-191	-0.603625116672258	0.094	0.411	1.34485616626383e-186	PIM1	c4
2.75294071407085e-21	-0.603523468363996	0.009	0.046	9.23281256685081e-17	TMEM200A	c4
9.0335764047895e-23	-0.603395650557955	0.006	0.044	3.0296808546383e-18	CEACAM21	c4
2.81745796986076e-54	-0.603351276560621	0.017	0.107	9.44919053931901e-50	UBIAD1	c4
1.52277368979604e-48	-0.602990099643096	0.014	0.095	5.10707840083797e-44	PIGC	c4
1.06975637437166e-21	-0.60289585208565	0.006	0.042	3.58774892836768e-17	GRN	c4
4.4765773696969e-10	-0.602229702941071	0.002	0.017	1.50135451824895e-05	GSPT2	c4
9.53846204556164e-07	-0.601796499015399	0.002	0.011	0.0319900940084046	LRFN3	c4
3.45266174617946e-60	-0.601439676260035	0.019	0.119	1.15795369643367e-55	RRM1	c4
3.15702453838108e-23	-0.601210734670742	0.008	0.047	1.05880288968225e-18	TMED7	c4
3.25991900307841e-05	0.60093969263515	0.003	0.011	1	CCDC61	c4
2.65361925078738e-12	-0.60041480028068	0.004	0.023	8.89970824329071e-08	CEND1	c4
2.60455279880108e-06	0.599648940908892	0.004	0.015	0.0873514917661908	MIR762HG	c4
4.11605762006368e-63	-0.59948490051903	0.02	0.125	1.38044340461696e-58	DESI1	c4
3.65136657346612e-38	-0.599111351450869	0.012	0.077	1.22459532140907e-33	NUCB2	c4
7.15397132225045e-11	-0.598176167654415	0.002	0.019	2.39929890205636e-06	AC027290.1	c4
3.33679371386603e-88	-0.597383516291639	0.029	0.174	1.11909387575639e-83	SNAP47	c4
0.428467835131865	0.597186985981615	0.539	0.871	1	ADGRE5	c4
5.21498481980223e-29	-0.595830465385476	0.009	0.058	1.74900160886527e-24	CYREN	c4
1.8700013992156e-37	-0.595546485003212	0.011	0.074	6.27161069268928e-33	SLC35A4	c4
2.71996202448634e-88	-0.595528232474083	0.027	0.171	9.12220863772229e-84	SRSF8	c4
5.08992144085624e-80	-0.595388928844363	0.024	0.156	1.70705785283437e-75	ETFA	c4
1.78516644332036e-69	-0.594197783063969	0.02	0.134	5.98709121760782e-65	CSTF1	c4
5.15293969344876e-09	-0.593938169422429	0.003	0.016	0.000172819291438885	THEM6	c4
0	-0.593339604545448	0.184	0.698	0	HNRNPA3	c4
1.57657411936552e-30	-0.593210298303469	0.01	0.062	5.28751428152807e-26	FAM174A	c4
7.54173571578963e-17	-0.592987799325438	0.004	0.031	2.52934732436153e-12	TMEM237	c4
6.48541356096992e-12	-0.592053961836459	0.007	0.028	2.17507800007809e-07	TRAV14DV4	c4
6.07294228732617e-285	-0.59195240941424	0.101	0.515	2.03674338432345e-280	EIF3M	c4
9.20673153236134e-07	-0.590864970625056	0.002	0.012	0.0308775362132335	ZNF599	c4
4.62273309849424e-44	-0.590631764363251	0.015	0.09	1.550372226573e-39	TNFRSF12A	c4
2.71645433231848e-07	-0.590105290685464	0.001	0.011	0.00911044453972973	DGCR6	c4
6.45781386366989e-156	-0.58924672376557	0.056	0.305	2.16582161359761e-151	SPCS3	c4
1.0178859910231e-27	-0.588180930135582	0.008	0.055	3.41378603669327e-23	CCDC58	c4
7.08802398488427e-56	-0.587131248167306	0.02	0.115	2.37718148405049e-51	ICMT	c4
0.000218823112805547	0.585826323682049	0.003	0.01	1	AC093249.6	c4
4.54582721792221e-14	-0.584546659977252	0.004	0.027	1.52457953234675e-09	MCM2	c4
1.04309173245168e-119	-0.584329985437605	0.036	0.227	3.49832105229644e-115	KLHDC3	c4
1.37948981607033e-82	-0.583631052103456	0.022	0.154	4.62653294513667e-78	MRPL44	c4
5.94044731696965e-05	0.583484843534644	0.004	0.012	1	TSGA10	c4
4.44636640829906e-218	-0.583355135683419	0.09	0.431	1.49122236601534e-213	IER2	c4
9.85145852637666e-257	-0.583328958872842	0.102	0.49	3.3039821605762e-252	EIF3J	c4
7.86872872246103e-82	-0.581978571015345	0.031	0.17	2.63901423893898e-77	CRKL	c4
2.01079145773734e-05	0.581678541968909	0.004	0.013	0.674379239095948	FAM222A	c4
8.14485492873551e-103	-0.581534133763778	0.057	0.243	2.73162144599931e-98	GADD45B	c4
3.70452315361587e-06	0.581205842325157	0.005	0.015	0.124242297525969	ACTR3B	c4
2.22257827327367e-24	-0.580624183093437	0.007	0.047	7.45408301290523e-20	CLECL1	c4
2.54911478204549e-84	-0.580525022716495	0.031	0.173	8.54922115602416e-80	OTULINL	c4
5.86249406133726e-09	-0.580295610355984	0.002	0.015	0.000196616325829129	MIR4458HG	c4
1.10507073403996e-73	-0.579846665737458	0.025	0.149	3.70618622782321e-69	ZNF330	c4
2.44845586867366e-151	-0.579691991133201	0.046	0.28	8.21163129235773e-147	LYPLA2	c4
9.7824665521583e-20	-0.579228865640354	0.005	0.037	3.28084363226285e-15	PAM16	c4
5.90448838417436e-259	-0.57826247249489	0.225	0.698	1.9802473142844e-254	NFKBIA	c4
1.26177849269048e-39	-0.577275684847541	0.009	0.074	4.23175270878534e-35	GON7	c4
3.976673043846e-177	-0.576645687198622	0.126	0.444	1.33369660544507e-172	CRTAM	c4
9.69875326062893e-06	0.575023056764024	0.003	0.011	0.325276786854973	CD68	c4
1.82689457796928e-05	0.57465414471084	0.002	0.01	0.612703903559337	STIL	c4
2.10445422287178e-05	0.574559965982309	0.003	0.012	0.705791857266737	SLC39A11	c4
1.23133591165585e-05	0.572093808969511	0.004	0.014	0.41296543805114	SAV1	c4
1.38607020269167e-05	0.570628459095071	0.005	0.015	0.464860224578732	TPRG1	c4
2.91041717535826e-69	-0.570184189998199	0.022	0.138	9.76095712271655e-65	VAMP3	c4
1.87892700481623e-06	-0.569964316307031	0.001	0.01	0.0630154538875269	NCK1-DT	c4
3.42809733907888e-06	0.569839446922016	0.005	0.016	0.114971528558028	AC078883.1	c4
9.55318098799705e-56	-0.569597599427784	0.016	0.109	3.20394583975445e-51	C12orf29	c4
6.25216071228207e-108	-0.569294277861686	0.038	0.216	2.09684965968516e-103	BBC3	c4
2.79725665969159e-25	-0.569262695322578	0.007	0.049	9.38143938527367e-21	ST3GAL4	c4
4.71032569298572e-212	-0.568549949957377	0.065	0.381	1.57974903091355e-207	PRMT1	c4
4.92543588608495e-135	-0.56743746950218	0.043	0.257	1.65189268747517e-130	REXO2	c4
9.6720005444849e-152	-0.567118903414152	0.065	0.316	3.24379554260935e-147	SH2D1A	c4
5.38672975770137e-48	-0.566925041776863	0.012	0.09	1.80660142613788e-43	NABP2	c4
1.1318795845207e-30	-0.566228524977087	0.009	0.06	3.79609775056553e-26	PRMT5	c4
2.5393465991392e-116	-0.566007868510473	0.035	0.22	8.51646062419305e-112	LCMT1	c4
4.45103299585737e-06	0.565948114958587	0.005	0.015	0.149278744615064	DUS2	c4
2.63192483737276e-178	-0.565941854714193	0.055	0.327	8.82694951958076e-174	PSMC1	c4
1.49552254780535e-19	-0.565702222984207	0.006	0.038	5.01568352082958e-15	CHEK1	c4
7.08079786463059e-79	-0.56500421890234	0.023	0.152	2.37475798783981e-74	RPF1	c4
2.16476350784426e-216	-0.564958712728955	0.078	0.408	7.26018385260809e-212	GPI	c4
1.78515894721823e-10	-0.564500266421164	0.002	0.018	5.98706607718049e-06	B4GAT1	c4
1.80998352257381e-124	-0.564114180273142	0.041	0.241	6.07032273800803e-120	ADSL	c4
5.81474762581704e-194	-0.56403534696719	0.065	0.362	1.95015005874652e-189	DR1	c4
1.1814007539301e-64	-0.563784125201338	0.022	0.13	3.96218184853076e-60	TVP23B	c4
0.00187145120867651	0.56231487003811	0.49	0.802	1	NR3C1	c4
2.98632779115111e-07	-0.561864699181693	0.001	0.011	0.0100155461459626	PEX7	c4
3.46199560931856e-06	0.560650293514707	0.004	0.015	0.116108408745326	ALDH6A1	c4
6.73825974153847e-78	-0.560484575143107	0.024	0.152	2.25987755211717e-73	TNFRSF1A	c4
6.83432031345483e-214	-0.559749790939011	0.072	0.395	2.29209434672648e-209	MRPS21	c4
6.62082162775994e-234	-0.559714468646109	0.399	0.925	2.22049115751813e-229	PABPC1	c4
6.02717413334691e-94	-0.559526874431015	0.027	0.178	2.02139366084189e-89	SAE1	c4
4.23389705965941e-200	-0.559370511245309	0.066	0.371	1.41996439586857e-195	ELOVL1	c4
0.000122514829680312	0.559363251886352	0.003	0.011	1	CEP57L1	c4
2.85632707429362e-54	-0.55865202750338	0.018	0.109	9.57954974176595e-50	ACADM	c4
3.12647064836708e-225	-0.557015374662903	0.494	0.968	1.04855572604935e-220	HLA-E	c4
7.39294523550945e-18	-0.55694265723264	0.007	0.038	2.47944597308516e-13	CCR6	c4
2.03247582231614e-43	-0.556704963185644	0.011	0.082	6.81651741288388e-39	MOSPD3	c4
1.93910788239296e-91	-0.556545144217432	0.039	0.196	6.50338001596951e-87	GPR171	c4
1.09061581083795e-105	-0.556013034241822	0.031	0.2	3.65770730638832e-101	PPP1R7	c4
1.49283013704723e-70	-0.55500667670982	0.022	0.138	5.00665371362901e-66	NTAN1	c4
2.87205642026242e-278	-0.554076928744884	0.101	0.509	9.6323028222761e-274	CCT6A	c4
5.40136335000659e-145	-0.553689704174131	0.04	0.264	1.81150924032521e-140	TSG101	c4
3.67001148967657e-19	-0.553113668629311	0.007	0.04	1.23084845340773e-14	FBXO6	c4
4.00109852784626e-38	-0.552933722376613	0.009	0.072	1.34188842426908e-33	ZMAT5	c4
3.82176617553392e-197	-0.552766891294055	0.065	0.365	1.28174393995057e-192	PSMG2	c4
1.00049036094539e-26	-0.55275293364437	0.008	0.053	3.35544457253864e-22	RWDD3	c4
0.000211242632748008	0.552568416981483	0.548	0.908	1	PTPRC	c4
6.08834496034231e-23	-0.552166057070754	0.008	0.046	2.0419091327996e-18	EEPD1	c4
1.25303064320172e-297	-0.551597923779534	0.149	0.616	4.20241417116992e-293	CSDE1	c4
9.48778560923193e-31	-0.549583830514827	0.009	0.06	3.1820135376242e-26	AC083798.2	c4
3.10490031348251e-264	-0.549356252685178	0.138	0.561	1.04132146713576e-259	LCP1	c4
3.43149181524359e-24	-0.548820677896151	0.007	0.047	1.1508537249964e-19	LINC02384	c4
1.55510440210673e-21	-0.54880665251948	0.008	0.044	5.21550914378555e-17	LPAR6	c4
9.64076994660966e-171	-0.548343333008995	0.054	0.317	3.23332142469395e-166	EIF2S1	c4
1.23525538080846e-08	-0.547941796437052	0.002	0.015	0.00041427994961554	SETMAR	c4
8.60627936564114e-138	-0.547798414712842	0.042	0.259	2.88637397364873e-133	SAR1A	c4
1.86896689963984e-28	-0.547722484484396	0.013	0.064	6.26814118801209e-24	GNG4	c4
3.89330058606107e-06	0.547607744526504	0.005	0.016	0.130573515055316	ARIH2OS	c4
1.11723785321713e-78	-0.547522194005651	0.026	0.156	3.74699231211961e-74	TRIM21	c4
8.85045370260505e-30	-0.547410395376014	0.009	0.059	2.96826516277968e-25	ZSCAN16	c4
1.22193269896624e-184	-0.547337073403275	0.065	0.352	4.09811788579296e-180	R3HDM4	c4
3.93220443736459e-05	0.547184246164667	0.005	0.014	1	MMP23B	c4
4.00888889414196e-37	-0.547160917770584	0.012	0.075	1.34450115731733e-32	SERPINB8	c4
3.22913915566551e-10	-0.546977481716762	0.003	0.019	1.0829886900271e-05	TRGV7	c4
8.53424883469782e-49	-0.544909267173868	0.015	0.096	2.86221637418095e-44	SARDH	c4
1.14134167048406e-22	-0.544173363074393	0.012	0.053	3.82783169446943e-18	TNFRSF4	c4
0.00667824596166134	0.542707123744941	0.579	0.897	1	DDX5	c4
6.01296747356192e-06	0.541241296813176	0.004	0.014	0.20166290312832	CLIP3	c4
0	-0.540584273711947	0.196	0.713	0	SEPT7	c4
5.7790064599908e-28	-0.540047855365025	0.007	0.053	1.93816318655171e-23	BNIP1	c4
2.73625163422687e-09	-0.53990872381415	0.002	0.016	9.17684073087008e-05	IL23A	c4
1.90263207472609e-46	-0.539656158204666	0.012	0.089	6.38104745221637e-42	PDLIM2	c4
9.40300753788151e-22	-0.537559032928174	0.005	0.04	3.1535806680547e-17	PXMP2	c4
6.98540537572618e-06	-0.537522876661302	0.002	0.01	0.234276525491105	DPP4	c4
1.11342627683123e-18	-0.537488435527341	0.007	0.038	3.73420904723657e-14	GNPNAT1	c4
9.73842552121482e-17	-0.537355804027792	0.004	0.031	3.26607315130503e-12	PAQR4	c4
1.72068497000326e-19	-0.536562840347306	0.006	0.038	5.77083325239692e-15	HOTAIRM1	c4
1.15946316601491e-100	-0.536214058718939	0.034	0.199	3.88860756618081e-96	NOP16	c4
5.50192155409146e-216	-0.53533011801909	0.08	0.412	1.8452344508112e-211	PDCD10	c4
3.27715688280711e-110	-0.534430968538281	0.069	0.271	1.09909287535585e-105	GEM	c4
3.36052771867128e-05	0.533356339971014	0.005	0.014	1	FAM174B	c4
2.27209966369446e-40	-0.53330590025577	0.015	0.084	7.62016785209847e-36	STK26	c4
8.84253337501993e-299	-0.533225743588128	0.172	0.655	2.96560884331418e-294	TUBA1A	c4
1.51600147619816e-192	-0.533062280954996	0.066	0.362	5.08436575087341e-188	VDAC3	c4
4.29366972972357e-171	-0.532599052324531	0.059	0.327	1.44001095395469e-166	DYNLT1	c4
1.84012549725125e-89	-0.532565726404342	0.028	0.175	6.17141289268126e-85	MPG	c4
4.35029472069442e-143	-0.532518201026425	0.06	0.297	1.45900184342649e-138	CD5	c4
4.12519280797435e-123	-0.532331867820972	0.04	0.238	1.38350716393844e-118	RNASET2	c4
2.54766923377055e-127	-0.531640748456055	0.073	0.301	8.54437307621966e-123	TXNIP	c4
2.15448425392011e-159	-0.531483458715482	0.05	0.298	7.22570929079725e-155	UFD1	c4
6.31670244433962e-45	-0.5306732147708	0.012	0.086	2.11849566578262e-40	CLP1	c4
4.35174165076232e-06	0.53058340028289	0.003	0.012	0.145948711483267	CDC6	c4
4.52859079000908e-138	-0.530088825771072	0.045	0.264	1.51879877915325e-133	MRPL4	c4
2.67966066239386e-21	-0.529099279100823	0.006	0.041	8.98704592953654e-17	C15orf39	c4
1.44506761843963e-36	-0.528983448867826	0.011	0.072	4.84646777872284e-32	NFKBIL1	c4
6.30915012274305e-279	-0.528676383624419	0.178	0.648	2.11596276816557e-274	PPP1R2	c4
5.75161513500458e-12	-0.528391909286714	0.003	0.021	1.92897668397784e-07	CCDC51	c4
7.82973112240852e-215	-0.527047504592599	0.308	0.776	2.62593522383337e-210	ZFP36L2	c4
5.5332677296696e-12	-0.526271498408484	0.003	0.022	1.85574733117659e-07	SLC27A5	c4
2.30016991750295e-185	-0.525847240263278	0.063	0.349	7.7143098693214e-181	DERL2	c4
2.40267933484086e-71	-0.525295087826089	0.023	0.141	8.05810595318927e-67	TMEM199	c4
1.37772876045019e-05	0.52478767373105	0.005	0.015	0.462062671679785	USP46	c4
1.74752000657435e-68	-0.52354856639174	0.022	0.136	5.86083259804907e-64	PLEKHA3	c4
2.17142678937753e-60	-0.523545346329778	0.022	0.125	7.28253116621438e-56	TTC9C	c4
1.12602883917785e-06	-0.523509188681499	0.002	0.012	0.0377647552083467	TRAV22	c4
1.9182122417867e-11	-0.522717281659542	0.002	0.02	6.43330021650423e-07	ELAC1	c4
0.000103835910267602	0.522715824235966	0.003	0.01	1	GPAT2	c4
2.09333823607006e-81	-0.522685503566031	0.029	0.166	7.02063777613178e-77	IFNGR1	c4
1.46846665574417e-22	-0.522274726220288	0.006	0.043	4.92494347003481e-18	DRAIC	c4
6.55049270179143e-129	-0.522178629361225	0.041	0.247	2.19690424232681e-124	EIF2A	c4
0.000936255907837447	0.521793699435668	0.004	0.01	1	ZNF607	c4
4.37456235643612e-209	-0.521633592520343	0.075	0.396	1.46714072310155e-204	CYB5R3	c4
1.20307917015557e-195	-0.521395424685805	0.068	0.369	4.03488692086775e-191	BAX	c4
1.56303757361632e-56	-0.521394384009955	0.014	0.105	5.24211541439441e-52	CINP	c4
8.05760505308734e-182	-0.521188853778994	0.069	0.356	2.70235958270443e-177	SBDS	c4
1.80768082000496e-68	-0.520747410362927	0.021	0.134	6.06259993413265e-64	FAM45A	c4
2.73797771489994e-88	-0.52028527574725	0.028	0.173	9.18262966023141e-84	METTL23	c4
1.90008504007588e-247	-0.52017344747812	0.087	0.456	6.37250520740649e-243	SF3A2	c4
9.05836489364496e-99	-0.520118880254099	0.048	0.222	3.03799441803065e-94	CD55	c4
7.28565686919127e-29	-0.518908220474027	0.014	0.066	2.44346360078937e-24	SPRY1	c4
2.87625152985535e-140	-0.51882542478889	0.045	0.267	9.64637238082889e-136	ORMDL1	c4
1.02276176125281e-209	-0.51748098557133	0.078	0.403	3.43013839488966e-205	CBX3	c4
1.94316740298193e-20	-0.516704963266772	0.006	0.039	6.5169948361208e-16	TIPIN	c4
1.42064794094683e-59	-0.515959169730557	0.02	0.121	4.76456906434747e-55	NOA1	c4
1.03079579673383e-55	-0.515376247244034	0.019	0.114	3.45708294308592e-51	TMEM140	c4
4.13684629109169e-68	-0.514925067931867	0.024	0.139	1.38741550910633e-63	HOXB2	c4
2.44994356566265e-190	-0.514839480348526	0.072	0.371	8.21662073051939e-186	TAF7	c4
4.92752258602076e-69	-0.514108555642392	0.021	0.136	1.65259252489964e-64	R3HCC1	c4
6.4236023265344e-63	-0.51377610252055	0.023	0.13	2.15434774827311e-58	VPS25	c4
9.54386570391172e-80	-0.513578196047939	0.025	0.156	3.20082167977791e-75	ALG5	c4
1.68839958656209e-62	-0.513524194380331	0.021	0.126	5.66255453341195e-58	TIGAR	c4
2.6465988631372e-204	-0.513343603201148	0.085	0.41	8.87616326718955e-200	AKIRIN2	c4
8.87333317808489e-06	0.512496436089431	0.003	0.013	0.297593848126611	REEP2	c4
3.00087712897066e-37	-0.512491458403964	0.011	0.074	1.00643417151418e-32	MRGBP	c4
2.50271555534272e-163	-0.512264931036793	0.058	0.317	8.39360742950842e-159	RAB18	c4
2.18610755130287e-06	0.511805620103466	0.005	0.017	0.0733176750555956	GNAO1	c4
3.49872374228472e-54	-0.511187937273877	0.018	0.109	1.17340196868745e-49	CCNG2	c4
4.53800752920456e-17	-0.510655122509895	0.008	0.038	1.52195696514463e-12	TRGV9	c4
1.37563607905968e-17	-0.510447868877641	0.008	0.039	4.61360828195037e-13	CSF1	c4
6.17782027687414e-08	-0.509343866549434	0.002	0.014	0.00207191736445805	ERRFI1	c4
3.80351062373375e-173	-0.508966714077564	0.06	0.33	1.27562139298782e-168	EIF4E	c4
1.67545524639034e-17	-0.508360884215404	0.004	0.032	5.61914180534392e-13	TRMT61A	c4
0	-0.507784105663524	0.195	0.729	0	HSPA5	c4
2.25821296636826e-111	-0.506925322343709	0.034	0.213	7.57359464660588e-107	BAK1	c4
5.74459613761917e-271	-0.506593631416282	0.108	0.517	1.92662265263472e-266	EIF3D	c4
5.91683255473544e-57	-0.506160167720019	0.024	0.124	1.98438730220717e-52	IGSF8	c4
1.38978360820024e-255	-0.503599346321624	0.099	0.486	4.66105626518196e-251	ZC3H15	c4
2.17010730050752e-05	0.50341527304264	0.002	0.01	0.727810586444211	CDCA7L	c4
2.9965024722141e-06	0.502918013530455	0.005	0.015	0.100496699913116	CROT	c4
3.70501382327757e-05	0.502188116017415	0.004	0.012	1	CYB561	c4
3.88009154311245e-90	-0.502033914419436	0.032	0.182	1.30130510172905e-85	CDKN2AIP	c4
3.26281307957917e-79	-0.501874844777676	0.027	0.159	1.09428225062926e-74	GCH1	c4
4.53214090311657e-153	-0.501732308515199	0.054	0.297	1.51998941608723e-148	IDH2	c4
9.23884414526314e-12	-0.501151766684649	0.004	0.022	3.09852354943835e-07	BLOC1S3	c4
7.8526258952265e-61	-0.500754437172976	0.02	0.122	2.63361367274107e-56	IMPA1	c4
6.60353939949271e-47	-0.49925966588576	0.017	0.097	2.21469504380187e-42	GIMAP6	c4
5.59169666923245e-93	-0.498834926331722	0.027	0.177	1.87534322892718e-88	ALDH9A1	c4
6.35762536760009e-124	-0.498804612929679	0.045	0.249	2.13222039578572e-119	TARS	c4
4.39924607415771e-255	-0.498349002061384	0.119	0.523	1.47541914835101e-250	DEK	c4
6.09921867934936e-09	-0.49814296067044	0.003	0.017	0.000204555596068019	GAL3ST2	c4
3.86698044016498e-229	-0.497541367096853	0.338	0.818	1.29690790002253e-224	ZFP36	c4
3.43524595081662e-92	-0.497256480451927	0.031	0.184	1.15211278698488e-87	ZCCHC17	c4
1.84017589499067e-06	0.496347130834887	0.007	0.02	0.0617158191661971	ZNF718	c4
1.04063236486895e-83	-0.496291442767435	0.024	0.16	3.49007282529749e-79	TPD52L2	c4
5.91845159356748e-166	-0.495733734161938	0.052	0.308	1.98493029545066e-161	MRPS7	c4
9.43517654371327e-05	0.494879551604399	0.003	0.01	1	TPK1	c4
6.12739742170164e-130	-0.494878291830145	0.04	0.247	2.0550065472903e-125	HAX1	c4
2.29915417677331e-61	-0.494627350099588	0.019	0.122	7.71090327806233e-57	COMT	c4
1.69710615942606e-05	0.49403737531272	0.003	0.012	0.569175463748313	AL359834.1	c4
8.2271468793176e-173	-0.494017094651008	0.07	0.35	2.75922052038554e-168	YIPF5	c4
7.43129398190891e-14	-0.493167978365615	0.004	0.026	2.49230737565261e-09	HEBP1	c4
6.0356500853338e-195	-0.492716870802696	0.061	0.355	2.02423632561925e-190	SRP19	c4
5.13096292064376e-28	-0.492590006784683	0.009	0.056	1.7208223443255e-23	OCEL1	c4
5.16435192066405e-276	-0.492285017472342	0.113	0.529	1.73202034715231e-271	CD53	c4
7.1737553864708e-15	-0.491980400570303	0.005	0.03	2.40593408151458e-10	PDCD4-AS1	c4
2.10439829502344e-75	-0.491966885758603	0.033	0.164	7.05773100184962e-71	CD70	c4
3.69958904629511e-28	-0.491819874044359	0.009	0.057	1.24076817434645e-23	ZNF584	c4
2.18255592085467e-07	-0.490843988972389	0.001	0.012	0.00731985604736238	MAN1B1-DT	c4
5.58687234921795e-73	-0.490835116238569	0.028	0.153	1.87372524848071e-68	BCL10	c4
1.1737695349894e-50	-0.489809040322569	0.016	0.102	3.93658826644744e-46	GMPR2	c4
4.70144108384668e-212	-0.489397187110332	0.088	0.422	1.5767693107005e-207	ELOVL5	c4
1.9275152170973e-19	-0.488110861409638	0.006	0.038	6.46450053510094e-15	SEPHS1	c4
4.72479726036592e-224	-0.488048819848138	0.12	0.49	1.58460250518152e-219	OASL	c4
9.81515248734724e-38	-0.486449625274731	0.012	0.075	3.29180584120652e-33	MXI1	c4
2.59657892349453e-50	-0.485580843703242	0.017	0.102	8.70840639361596e-46	ATIC	c4
8.85658064333907e-135	-0.485479308872618	0.047	0.265	2.97032001616306e-130	BCCIP	c4
2.39384865003362e-06	-0.48475388495685	0.002	0.012	0.0802848960248275	CYP2U1	c4
5.60680641898783e-39	-0.484657346723344	0.011	0.077	1.88041073680014e-34	TESC	c4
3.8149710582155e-70	-0.484356871424924	0.025	0.143	1.27946499350431e-65	TMEM167B	c4
7.68458331200653e-87	-0.484267663552839	0.03	0.174	2.57725555118075e-82	IER5	c4
2.89756516043252e-57	-0.484081239355017	0.02	0.117	9.7178540350586e-53	POLB	c4
3.5549905099543e-127	-0.483435421201684	0.044	0.249	1.19227271722847e-122	ADH5	c4
7.61319318290549e-205	-0.48324932700168	0.068	0.379	2.55331272968284e-200	AAMP	c4
6.04399724350807e-95	-0.483078340323887	0.029	0.183	2.02703579552774e-90	ARMCX6	c4
1.07078749905815e-95	-0.482813254806009	0.032	0.189	3.59120711434121e-91	BET1L	c4
4.35554626569649e-22	-0.482295434084664	0.007	0.045	1.46076310658929e-17	TAF13	c4
1.2033722951333e-09	-0.481101049368624	0.002	0.016	4.03587000341807e-05	CBX8	c4
1.4167502359367e-08	-0.480914163221184	0.002	0.015	0.000475149694128451	MPP1	c4
1.43585317775176e-158	-0.480496230114351	0.052	0.3	4.81556438754385e-154	TMEM183A	c4
1.88878784025682e-45	-0.479787608393921	0.015	0.092	6.33461665865334e-41	COMMD9	c4
2.26024606790247e-101	-0.479586088834569	0.035	0.202	7.58041326253131e-97	RETREG2	c4
4.17031091685462e-68	-0.478331245684916	0.024	0.139	1.3986388752947e-63	MTIF3	c4
5.30774974999137e-131	-0.478203080571885	0.042	0.251	1.78011311115211e-126	PRCC	c4
2.95441279682221e-87	-0.477859580346964	0.035	0.185	9.90850963798233e-83	ETV7	c4
2.45845936029857e-06	0.477339898510469	0.004	0.015	0.0824518100256935	TNKS1BP1	c4
2.91421380282337e-86	-0.477080529977256	0.026	0.166	9.77369025190903e-82	RPIA	c4
4.90373623955529e-76	-0.476785061681227	0.024	0.15	1.64461506002205e-71	MMGT1	c4
1.90138778172593e-37	-0.476531263523467	0.011	0.074	6.37687434235243e-33	TMEM250	c4
5.10038937518994e-115	-0.476052741821397	0.047	0.24	1.7105685886512e-110	AZIN1	c4
1.73155427126753e-05	0.47582617781669	0.004	0.014	0.580728671497703	SLC18B1	c4
6.66584630623264e-115	-0.475758031159558	0.035	0.219	2.2355915341843e-110	MRPL28	c4
1.88204389113034e-100	-0.47573988869949	0.031	0.193	6.31199880207293e-96	TIMM50	c4
1.08397306247338e-12	-0.475292672603003	0.004	0.024	3.63542885692321e-08	RAB34	c4
1.03184893838213e-29	-0.475136836599475	0.009	0.059	3.46061496954599e-25	BSCL2	c4
4.86433722634918e-10	-0.474964014586591	0.003	0.019	1.63140141897299e-05	TP53I11	c4
3.70386039030496e-11	-0.474283342049548	0.005	0.024	1.24220069770048e-06	TRAV6	c4
2.27771070903548e-118	-0.474087643051262	0.04	0.232	7.63898617596318e-114	PSME3	c4
1.60436438191234e-94	-0.473321613384714	0.035	0.195	5.38071726405759e-90	ARCN1	c4
1.54195877705687e-31	-0.473211614422493	0.009	0.062	5.17142134649334e-27	ACTA2	c4
1.33411066399851e-08	-0.471574424964609	0.003	0.016	0.00044743403449182	PRRG4	c4
5.284080178928e-19	-0.471253411403729	0.004	0.035	1.77217481040887e-14	C19orf47	c4
1.36171918818324e-272	-0.470726417164608	0.146	0.588	4.56693381332895e-268	SMAP2	c4
3.63818534809254e-55	-0.470718484877259	0.02	0.114	1.22017460204328e-50	RPA1	c4
9.537229738758e-23	-0.470095270766594	0.006	0.044	3.19859610978466e-18	ABHD10	c4
6.92153407168043e-10	-0.469718736773195	0.003	0.019	2.32134409696018e-05	AMN1	c4
2.52050819973412e-73	-0.469226051862964	0.026	0.15	8.45328040026829e-69	DDAH2	c4
3.91915041188469e-175	-0.468703701252981	0.158	0.498	1.31440466513789e-170	HSPH1	c4
2.82390509916604e-161	-0.468487369762121	0.066	0.33	9.47081292158305e-157	BNIP2	c4
1.60294127620142e-59	-0.46832487501886	0.02	0.121	5.37594445212431e-55	CNP	c4
2.54437475515562e-16	-0.468236835758666	0.006	0.034	8.53332405384093e-12	SIL1	c4
1.06595131532379e-13	-0.468232678173178	0.005	0.027	3.57498752133292e-09	HIST1H2AE	c4
3.40845632738222e-27	-0.468185528002661	0.008	0.053	1.14312808307745e-22	CTSZ	c4
1.48536819473217e-20	-0.46777796373868	0.005	0.038	4.98162785149275e-16	ZBTB6	c4
2.47868273682553e-06	0.466537250432896	0.005	0.016	0.0831300616276547	ZCCHC18	c4
9.50192853645347e-10	-0.466162863621657	0.005	0.022	3.18675679255576e-05	TRDV1	c4
1.48195365785077e-103	-0.466073109910948	0.033	0.201	4.97017617769991e-99	NDUFAF8	c4
5.95358645027509e-192	-0.465797719745142	0.08	0.389	1.99671382369326e-187	MGAT1	c4
9.23082844630817e-06	0.465318600741571	0.005	0.015	0.309583524432283	ZNF304	c4
1.83115908318323e-29	-0.464076665062617	0.008	0.056	6.14134133317992e-25	PDK2	c4
8.43200170094023e-299	-0.462515120754239	0.231	0.772	2.82792473046134e-294	EIF5	c4
4.22225995586458e-218	-0.462384925430311	0.422	0.925	1.41606154399786e-213	EZR	c4
1.10463520334862e-124	-0.462311211013831	0.045	0.248	3.70472554499059e-120	CFAP298	c4
2.75078723464665e-08	-0.462309508140668	0.003	0.016	0.000922559022755795	TRAV5	c4
6.46135445808287e-10	-0.46207318467312	0.003	0.018	2.16700905815183e-05	HEXIM2	c4
6.20008352106225e-56	-0.462008440043808	0.019	0.113	2.07938401129386e-51	MOAP1	c4
8.5033136075309e-70	-0.461836560694314	0.023	0.14	2.85184131769371e-65	SNRNP35	c4
5.70578322111376e-22	-0.46183371535813	0.006	0.043	1.91360557669713e-17	AC103702.2	c4
5.56264260976242e-06	-0.46158020279525	0.002	0.01	0.186559907846212	HIST1H2BD	c4
1.26488143297274e-87	-0.460785806936483	0.027	0.17	4.24215934990399e-83	PAIP1	c4
6.19889806959198e-07	-0.460204059970689	0.002	0.012	0.0207898643457976	DEPDC1B	c4
1.4199632417983e-127	-0.459790430906088	0.059	0.278	4.76227272034315e-123	MCUB	c4
6.41451932600636e-65	-0.459503551082942	0.023	0.133	2.15130149155601e-60	ARF3	c4
1.27268816520992e-20	-0.459375502809736	0.007	0.042	4.26834156848102e-16	UGDH	c4
1.84524060046552e-19	-0.459301132076307	0.006	0.039	6.18856792584125e-15	C9orf64	c4
6.56266522401075e-17	-0.458974709346415	0.004	0.031	2.20098666282873e-12	PSTK	c4
3.22215704775789e-23	-0.458558445792651	0.006	0.044	1.08064703067704e-18	ZNF48	c4
1.56120913580103e-16	-0.458427510773683	0.005	0.032	5.2359831996495e-12	USP30-AS1	c4
8.41790860800594e-119	-0.458236378094306	0.06	0.268	2.82319818895303e-114	PLSCR1	c4
2.11898336209252e-29	-0.45767387949258	0.009	0.058	7.1066463997859e-25	C12orf73	c4
2.84036996962544e-159	-0.457658801912502	0.06	0.316	9.5260328041298e-155	BUD23	c4
1.08057672498973e-26	-0.457653715298188	0.008	0.053	3.62403822027056e-22	ETFRF1	c4
1.99476433823945e-138	-0.457454809790167	0.048	0.27	6.69004063758746e-134	MCRIP1	c4
1.24485571714587e-225	-0.457165089851974	0.099	0.458	4.17499710416382e-221	PSMD13	c4
2.36867074143969e-11	-0.456907458872612	0.004	0.022	7.94404793264042e-07	ZNF691	c4
3.23284403489216e-115	-0.456757024395597	0.042	0.232	1.08423123242213e-110	TMEM243	c4
3.5334934960921e-05	0.456658563616086	0.003	0.011	1	ZNF677	c4
2.06047119214643e-17	-0.45615155393609	0.006	0.035	6.91040828422071e-13	DERA	c4
1.37474958259687e-88	-0.45528652734882	0.035	0.187	4.61063515011337e-84	TM9SF1	c4
1.54300461988765e-56	-0.455241881080952	0.023	0.121	5.1749288941792e-52	TRMT6	c4
2.21371986315472e-89	-0.455140371866797	0.075	0.254	7.42437367704829e-85	IFNG	c4
1.8374529722497e-05	0.455127054295327	0.003	0.012	0.616244977833106	TP73	c4
6.21948188709445e-175	-0.455072130362142	0.061	0.334	2.08588983529374e-170	CWC15	c4
7.87686448185733e-22	-0.454475595716514	0.007	0.043	2.64174280992531e-17	MED20	c4
2.87585228473212e-72	-0.45394598188201	0.025	0.146	9.64503339253457e-68	HAUS2	c4
2.38875012398991e-96	-0.453592739151723	0.037	0.2	8.01139016583737e-92	TSPYL1	c4
3.99795938028398e-38	-0.452817183749007	0.012	0.076	1.34083561695964e-33	VRK1	c4
2.06125766258101e-06	0.452707932973714	0.003	0.012	0.0691304594876418	AL355001.2	c4
1.23298032526601e-11	-0.452228302872287	0.003	0.022	4.13516941487713e-07	ZNF28	c4
3.11324167509343e-30	-0.451940067133249	0.009	0.059	1.04411899299283e-25	CENPN	c4
9.04338751747056e-36	-0.451477487525112	0.011	0.071	3.03297130560928e-31	ZBTB45	c4
3.84842268288745e-157	-0.451232243468873	0.055	0.305	1.29068399938679e-152	MTCH2	c4
7.6671132084533e-27	-0.450784131672107	0.008	0.052	2.57139642785107e-22	THAP5	c4
4.53989655767085e-49	-0.450187691086369	0.018	0.102	1.52259050751165e-44	ALG3	c4
2.46311903064881e-144	-0.449836956511983	0.047	0.275	8.26080860498998e-140	COPS5	c4
8.70734257809654e-24	-0.448680701401795	0.015	0.059	2.92026855384202e-19	TNF	c4
1.13107363904983e-07	-0.447925351512107	0.002	0.013	0.00379339477064534	CD3EAP	c4
7.18219182574693e-08	-0.447689939896106	0.002	0.014	0.002408763494519	MIR497HG	c4
1.10047467748493e-141	-0.447687086895279	0.064	0.303	3.69077197334896e-137	CSRNP1	c4
8.10804141224709e-168	-0.447587355784649	0.063	0.332	2.71927492883943e-163	ETF1	c4
2.08551187929963e-169	-0.446918097932004	0.068	0.342	6.99438974079509e-165	SUGT1	c4
1.05853873603542e-91	-0.446529185932857	0.032	0.185	3.55012721291559e-87	HAT1	c4
5.90818292271217e-157	-0.445531805015825	0.054	0.301	1.98148638861921e-152	RALBP1	c4
1.88835815621825e-43	-0.445478681048251	0.019	0.095	6.33317558432477e-39	GADD45G	c4
1.88160135580641e-118	-0.445385764079676	0.041	0.235	6.31051462710354e-114	CDIPT	c4
1.25031085555435e-270	-0.444837405322446	0.191	0.666	4.19329254735817e-266	HERPUD1	c4
4.12104093013442e-08	-0.443700636487625	0.001	0.013	0.00138211470714848	AC002467.1	c4
4.76765512289528e-141	-0.443632955533613	0.059	0.295	1.59897617511662e-136	PCGF5	c4
1.21069588948563e-285	-0.443604810588756	0.141	0.595	4.06043187415691e-281	RNPS1	c4
1.73265813380736e-54	-0.443450899735823	0.018	0.109	5.81098884916312e-50	SCCPDH	c4
1.04878673496516e-38	-0.442985514506559	0.015	0.081	3.51742095172616e-34	GADD45A	c4
4.38120861281165e-93	-0.442469847586662	0.032	0.187	1.46936974456477e-88	MFAP1	c4
9.70916046164178e-32	-0.442100179502169	0.009	0.062	3.25625823562542e-27	MAPKAPK3	c4
8.93074851860743e-05	0.441587615018795	0.003	0.01	1	AK4	c4
1.47934187771077e-10	-0.441568216916878	0.003	0.02	4.96141678946638e-06	NAT1	c4
1.39680875731545e-53	-0.441403105772263	0.018	0.108	4.68461721028455e-49	TWISTNB	c4
3.08740967577959e-278	-0.441310443679135	0.14	0.585	1.03545545706296e-273	MTDH	c4
2.15376478568384e-89	-0.441150084333637	0.034	0.186	7.22329633822645e-85	TPST2	c4
1.30507685483134e-38	-0.440717232154588	0.013	0.08	4.37696675573336e-34	RACGAP1	c4
4.45318272430164e-12	-0.440496756305218	0.005	0.025	1.49350842207628e-07	PIGV	c4
7.71280530922128e-66	-0.440151467672983	0.022	0.133	2.58672064460663e-61	ARL14EP	c4
3.7994371341696e-18	-0.438304853950032	0.005	0.035	1.2742552260578e-13	MBNL1-AS1	c4
7.39835103254444e-24	-0.438201865314721	0.007	0.047	2.48125896929475e-19	C5orf30	c4
2.00110668771739e-90	-0.437928971231305	0.039	0.196	6.71131160926657e-86	CPNE3	c4
1.69920547728409e-168	-0.437438695547052	0.061	0.328	5.69879532971538e-164	NELFE	c4
1.24576001597464e-174	-0.436970593948891	0.068	0.348	4.17802994157575e-170	EMC3	c4
1.05302055407699e-55	-0.436862394673523	0.019	0.113	3.53162033426341e-51	PPM1M	c4
1.47540124714304e-79	-0.436658669698651	0.024	0.155	4.94820070266832e-75	RUVBL2	c4
6.78516935292042e-25	-0.436632801675813	0.007	0.048	2.27561009758245e-20	ARL2	c4
5.61854464669956e-49	-0.436228282946916	0.019	0.103	1.8843475036101e-44	ST6GALNAC4	c4
3.0796055963194e-101	-0.435715184340982	0.045	0.22	1.0328381248936e-96	SLC1A5	c4
1.05669631369407e-201	-0.435582841664367	0.254	0.689	3.54394809686717e-197	BATF	c4
3.28541360781227e-70	-0.434533496683026	0.029	0.151	1.10186201578808e-65	LIX1L	c4
9.3506441662925e-68	-0.434175142334094	0.025	0.141	3.13601904049118e-63	GLT8D1	c4
1.24273889254068e-29	-0.434003955455083	0.009	0.059	4.16789769780294e-25	AC025159.1	c4
4.47893370660588e-81	-0.433536409785685	0.03	0.168	1.50214478652148e-76	SMIM10L1	c4
8.69987973394033e-87	-0.433531038743033	0.029	0.174	2.91776566516891e-82	SAMM50	c4
2.00061573023705e-05	0.433468770669023	0.002	0.01	0.670966503606902	SMAGP	c4
2.12382338004788e-14	-0.432573235704316	0.005	0.029	7.12287885200459e-10	ZNF287	c4
1.02106586866519e-84	-0.432036618562251	0.027	0.167	3.42445071032931e-80	YDJC	c4
2.02593578671689e-16	-0.43201165254332	0.005	0.032	6.79458344149112e-12	GIPC1	c4
9.81704032890745e-112	-0.431779694313015	0.048	0.238	3.29243898550898e-107	ATP6V1B2	c4
1.25046582545299e-05	0.431569126690019	0.004	0.013	0.419381228540425	AL590006.1	c4
8.16192578809493e-06	0.431562456271935	0.003	0.013	0.273734667081128	KAT14	c4
1.16012242413001e-94	-0.431437630822313	0.035	0.195	3.89081858604722e-90	DCK	c4
2.30262528426694e-14	-0.431026127289578	0.005	0.029	7.72254467837446e-10	CRAT	c4
7.42988761625977e-13	-0.430698926476416	0.004	0.025	2.4918357087412e-08	SMUG1	c4
3.18685692980435e-22	-0.430692566258095	0.006	0.042	1.06880807711778e-17	ZNF480	c4
1.15051646019032e-19	-0.429295220298026	0.005	0.037	3.85860210418629e-15	NUDT19	c4
3.59826684934858e-49	-0.429119336085797	0.017	0.101	1.20678673593453e-44	MBIP	c4
3.43038330236028e-65	-0.428805958379346	0.023	0.134	1.15048195194559e-60	CBX1	c4
0.000272566345693412	0.428781861333561	0.004	0.011	1	LCMT2	c4
7.64968905938149e-24	-0.428573722020891	0.007	0.047	2.56555271673536e-19	CDK5	c4
1.49462018335156e-66	-0.428546481985926	0.022	0.133	5.01265717092446e-62	ACTR6	c4
1.2351552274166e-166	-0.428063064597945	0.072	0.345	4.14246360170978e-162	PPP1CB	c4
1.42122273773655e-09	-0.427845176594647	0.003	0.018	4.76649681782083e-05	VANGL1	c4
9.93186681119374e-224	-0.42596307199552	0.092	0.442	3.33094949113815e-219	LRPAP1	c4
1.39646841992815e-10	-0.42555855904667	0.005	0.022	4.68347578675502e-06	TRAV8-2	c4
2.80864446480697e-08	-0.424196833958037	0.002	0.014	0.000941963180606961	TMEM99	c4
1.98858209426734e-97	-0.423883573406824	0.036	0.2	6.6693066277538e-93	CTSS	c4
1.03911705918833e-11	-0.423863499668816	0.003	0.022	3.48499079310584e-07	TCEAL4	c4
6.81088790065561e-39	-0.423129262781415	0.019	0.089	2.28423558412188e-34	CCR5	c4
2.04598975444005e-06	0.423077760202879	0.004	0.015	0.0686184043844105	LENG9	c4
3.58473318194486e-17	-0.422197466370403	0.005	0.033	1.20224781456067e-12	ORAI3	c4
8.01037102100529e-128	-0.422116475734199	0.05	0.262	2.68651823302475e-123	GLOD4	c4
1.43292771292158e-243	-0.422042395405322	0.259	0.743	4.80575296359639e-239	SAT1	c4
2.92234359699678e-06	0.421767750795235	0.006	0.018	0.0980095595560778	CIPC	c4
0.000362276459929178	0.421372333639625	0.004	0.011	1	LINC02328	c4
8.00099236563580e-12	-0.420976583831113	0.003	0.021	2.68337281958694e-07	CHST14	c4
1.64238700050584e-69	-0.420201766687919	0.024	0.141	5.50823752229647e-65	GOT1	c4
1.16727684150966e-25	-0.4195240817123	0.01	0.054	3.9148130710551e-21	IRF2BP1	c4
3.60202711169584e-06	0.41904927966523	0.005	0.016	0.120804785272055	MAP3K14-AS1	c4
1.37949945860972e-204	-0.418195606570594	0.092	0.424	4.62656528428527e-200	EFHD2	c4
5.73227863484511e-05	0.417403686677838	0.003	0.011	1	AC105446.1	c4
1.82002143372806e-56	-0.416529790086608	0.017	0.111	6.10398788443716e-52	DCTD	c4
2.03428433209102e-25	-0.41607132662691	0.007	0.05	6.82258279296688e-21	MARCH2	c4
3.10394233054437e-187	-0.415862764604793	0.074	0.372	1.04100017881797e-182	VPS35	c4
3.9224479550236e-117	-0.415187724676379	0.042	0.236	1.31551059515581e-112	RCE1	c4
9.32489849841732e-33	-0.414984393070649	0.011	0.067	3.1273844583992e-28	WDR77	c4
3.17510100700097e-06	0.413688582713656	0.004	0.014	0.106486537572799	TDRKH	c4
3.33213905424995e-78	-0.41333756276608	0.031	0.166	1.11753279601435e-73	NUDT4	c4
2.49328227868829e-38	-0.412958460577214	0.013	0.079	8.36197010626478e-34	TPX2	c4
5.88844736788117e-65	-0.412946738148366	0.025	0.136	1.97486747823999e-60	POLR1E	c4
6.55226699472875e-140	-0.412921380590156	0.046	0.268	2.19749930469213e-135	BRMS1	c4
1.93917222954266e-38	-0.412796842763062	0.01	0.074	6.50359582344018e-34	PEPD	c4
0.000319148323109317	0.412318065452979	0.003	0.01	1	DHRS11	c4
2.04223070331756e-249	-0.411705941979239	0.1	0.484	6.84923333278643e-245	MED10	c4
0.00223218503169161	0.411443283525959	0.534	0.833	1	KLF6	c4
3.34832091862834e-14	-0.411440710682077	0.004	0.027	1.12295986968957e-09	FCGRT	c4
1.17418396999667e-39	-0.41127144430233	0.014	0.082	3.93797819857482e-35	THUMPD3	c4
1.72742945524672e-06	0.411238444160654	0.005	0.016	0.0579345290700645	TMEM177	c4
2.04556646857751e-29	-0.411135267555122	0.011	0.062	6.86042082231525e-25	HLA-DMB	c4
3.96446895001839e-114	-0.410393912376096	0.045	0.235	1.32960359645717e-109	ATP6AP1	c4
1.65747365402421e-74	-0.410039843144573	0.026	0.152	5.55883514086641e-70	MFNG	c4
7.09343904872511e-173	-0.40735348373722	0.073	0.354	2.37899758816143e-168	SERINC3	c4
3.27651005973201e-29	-0.407281867375523	0.01	0.059	1.09887594383292e-24	TMEM39B	c4
2.50742231579006e-173	-0.407098056239054	0.077	0.362	8.4093929626967e-169	HBP1	c4
9.05772401319336e-262	-0.40703635119618	0.117	0.528	3.03777947954479e-257	NAPA	c4
8.88364887255241e-160	-0.406975596471421	0.064	0.325	2.97939815887663e-155	RRP7A	c4
6.69744478522826e-236	-0.406824526653147	0.112	0.492	2.24618903206985e-231	PSME2	c4
2.62798483136801e-63	-0.406562316308564	0.026	0.136	8.81373552744202e-59	ZBTB2	c4
2.08702316916322e-66	-0.406314407273486	0.026	0.141	6.99945830473961e-62	RAP2C	c4
2.27643874597858e-05	0.40630773928949	0.003	0.011	0.763472026626297	SLC22A5	c4
4.73689753189093e-30	-0.405466080489794	0.009	0.059	1.58866069424558e-25	BRF2	c4
4.52566608787377e-132	-0.40487070235834	0.077	0.314	1.5178178925511e-127	TENT5C	c4
3.07492764121258e-06	0.404838059597187	0.004	0.014	0.103126923230988	CCDC134	c4
1.79446121115382e-219	-0.404642741590413	0.1	0.454	6.01826400996767e-215	NASP	c4
0.000302430953483274	0.403753915189299	0.003	0.01	1	FAM49A	c4
1.17739915560918e-79	-0.403691122812552	0.028	0.161	3.94876128808208e-75	KLHL7	c4
1.25423272875782e-95	-0.403647464684554	0.043	0.209	4.20644572570796e-91	TES	c4
2.79408448749407e-150	-0.403318040070156	0.06	0.307	9.3708005541576e-146	CIR1	c4
1.26375219910548e-208	-0.401705797564836	0.103	0.446	4.23837212535996e-204	PRKAR1A	c4
1.05519625659477e-78	-0.400985271657289	0.032	0.167	3.53891720536754e-74	CKAP2	c4
1.07584694483607e-21	-0.400975676754642	0.007	0.044	3.60817548359121e-17	AGPAT1	c4
4.09040306195484e-29	-0.400840651402566	0.01	0.06	1.37183937891841e-24	FASTKD5	c4
0.000228498959386067	0.39856965849861	0.534	0.823	1	DUSP4	c4
4.82346823676195e-96	-0.39828284847329	0.032	0.19	1.61769477724522e-91	PRKRA	c4
2.53727373987814e-13	-0.398249775770522	0.008	0.032	8.5095086688033e-09	TRGV2	c4
1.47658509727863e-24	-0.398222231531949	0.009	0.051	4.95217109925306e-20	LZTFL1	c4
6.12038717196978e-19	-0.397834985095328	0.007	0.039	2.05265544973522e-14	SLC9A3	c4
1.97486798781626e-06	-0.396657432410074	0.002	0.011	0.0662331225753819	ZNF530	c4
1.78332550094296e-74	-0.3966151422847	0.028	0.155	5.98091706506251e-70	KARS	c4
4.15371372243462e-19	-0.396488672752991	0.007	0.039	1.39307250823012e-14	LPAR5	c4
4.65236823205261e-170	-0.396262818383133	0.103	0.405	1.5603112576658e-165	PDCD1	c4
4.91206759413744e-142	-0.396122411212905	0.058	0.293	1.64740922972182e-137	DNAJB11	c4
5.85427682772176e-102	-0.395913404582411	0.033	0.2	1.96340736248132e-97	SNF8	c4
1.29701389127916e-164	-0.395826526388071	0.066	0.334	4.34992518857205e-160	TIPRL	c4
2.98366539720761e-212	-0.394420779134786	0.079	0.408	1.00066170091549e-207	PSMC5	c4
1.74255965587828e-13	-0.39348624876803	0.005	0.027	5.84419657388459e-09	AL451165.2	c4
1.77826599678311e-05	0.393332778576378	0.003	0.011	0.596394850001119	AP004609.3	c4
9.25062709167063e-11	-0.392948809017091	0.002	0.019	3.1024753140045e-06	TMEM218	c4
2.83783554904109e-88	-0.392859166886667	0.029	0.174	9.51753286437401e-84	UTP18	c4
3.98567403506731e-06	0.392836147675689	0.005	0.016	0.133671535788088	EFNB1	c4
6.72126555100536e-49	-0.392608251534125	0.015	0.097	2.25417804049618e-44	UCK1	c4
4.53862869351411e-220	-0.392359927701891	0.225	0.679	1.52216529123076e-215	PKM	c4
4.81111542105398e-78	-0.391800347546622	0.03	0.163	1.61355188991308e-73	RAE1	c4
1.08543737739161e-16	-0.391470702733179	0.005	0.032	3.64033987629597e-12	ZNF880	c4
1.84451267842365e-06	0.391224781116264	0.004	0.014	0.0618612662089723	SGO1	c4
1.70577728442039e-10	-0.390850984845658	0.003	0.02	5.72083585648912e-06	FRAT1	c4
1.87442985631731e-07	-0.39070179157428	0.003	0.014	0.00628646285211701	ACP6	c4
3.56889125531157e-43	-0.390450369261177	0.014	0.087	1.19693474920639e-38	RRAS2	c4
3.39646306765198e-12	-0.390182226602092	0.002	0.02	1.13910578362912e-07	RAD51AP1	c4
7.54460884860244e-30	-0.388076465408546	0.011	0.062	2.53031091564429e-25	DLAT	c4
1.4225751144129e-83	-0.387665680450127	0.029	0.168	4.77103241871797e-79	CTDNEP1	c4
3.28386686132825e-78	-0.384408438055623	0.028	0.161	1.10134326795227e-73	SIKE1	c4
4.69703002741834e-124	-0.384282737074584	0.051	0.259	1.57528993059556e-119	BFAR	c4
1.65289856946588e-24	-0.383767239522012	0.008	0.049	5.54349122227467e-20	HSCB	c4
2.80164497919765e-34	-0.382075276416021	0.013	0.073	9.39615693123307e-30	MAIP1	c4
4.61660991738199e-92	-0.381304772241736	0.034	0.189	1.54831863409157e-87	KEAP1	c4
1.0807862628021e-276	-0.380753024247286	0.216	0.728	3.62474096818567e-272	TAP1	c4
1.2695806792004e-72	-0.38034978342208	0.026	0.149	4.25791968190231e-68	CDC34	c4
8.76352462845969e-173	-0.380082502719005	0.07	0.349	2.93911088989281e-168	GTF2F1	c4
7.55424481169924e-26	-0.379517102768276	0.008	0.052	2.53354262494769e-21	MOB3C	c4
7.52304373818689e-188	-0.378811697569808	0.088	0.398	2.52307840891312e-183	TMBIM1	c4
2.5521177002257e-05	0.377982360243554	0.003	0.011	0.855929234301697	C10orf143	c4
1.06105011585956e-12	-0.377981270312655	0.005	0.026	3.5585498785698e-08	NR1D1	c4
5.8090411124665e-50	-0.37792522679001	0.018	0.104	1.94823620829902e-45	RBM15B	c4
5.6068230482579e-59	-0.376671499416936	0.021	0.121	1.88041631392474e-54	RPAP3	c4
9.64299876749862e-122	-0.376662898153653	0.042	0.241	3.23406892664369e-117	ITGB1BP1	c4
8.15049021836178e-74	-0.375713240464778	0.033	0.163	2.73351140943417e-69	CD81	c4
1.51120953807839e-208	-0.375113537866831	0.117	0.473	5.06829454880729e-204	ITGB1	c4
5.98397623569636e-59	-0.375024359631369	0.019	0.118	2.00690594992785e-54	AAR2	c4
6.56152996332185e-76	-0.374932955193437	0.029	0.158	2.20060591909888e-71	TADA3	c4
1.16766622703103e-139	-0.37429983421901	0.285	0.64	3.91611899221667e-135	DUSP2	c4
7.55256339987705e-06	0.374216136663538	0.002	0.011	0.253297871305077	NANOS3	c4
2.97090271896476e-27	-0.374117566584363	0.012	0.061	9.96381353886402e-23	NAB2	c4
4.58474192357981e-117	-0.373991927686025	0.046	0.242	1.5376307463302e-112	RAB22A	c4
8.51380885457284e-48	-0.37399102112199	0.019	0.102	2.85536121364664e-43	SPATA2L	c4
8.39197330266937e-215	-0.373769379895915	0.109	0.467	2.81450000624925e-210	LSM14A	c4
8.94740146838095e-91	-0.373350586436959	0.034	0.187	3.0007795044656e-86	ASNSD1	c4
1.58311700932519e-258	-0.373227208941054	0.163	0.611	5.30945782587484e-254	ACTR3	c4
6.85907965796563e-58	-0.372928910118293	0.018	0.114	2.30039813568851e-53	MRPL42	c4
1.51843894188426e-100	-0.372919321789324	0.035	0.202	5.09254052329144e-96	FARSA	c4
1.63241680703767e-27	-0.372740656249319	0.008	0.054	5.47479948744295e-23	YBEY	c4
3.08278526161324e-64	-0.372030536826249	0.023	0.132	1.03390452103985e-59	PQLC3	c4
2.56213883912708e-35	-0.371954289009883	0.013	0.074	8.5929012386644e-31	GPATCH11	c4
1.11356962477508e-64	-0.371812944403456	0.024	0.134	3.73468980757065e-60	ARMC10	c4
1.18054618691503e-18	-0.371668375951201	0.005	0.036	3.95931580167563e-14	ECI1	c4
5.65134917438905e-37	-0.371138040212145	0.013	0.077	1.8953494861066e-32	PRPSAP2	c4
5.05198331919337e-229	-0.371132986778351	0.128	0.515	1.69433416559107e-224	CD247	c4
0.000180547120454262	0.371124753155673	0.003	0.01	1	ITPRIPL2	c4
6.54068549272583e-51	-0.370771660178213	0.021	0.11	2.19361510055039e-46	DYNLL2	c4
1.85895629144774e-58	-0.36995065146661	0.025	0.128	6.23456761025742e-54	UXS1	c4
1.14856510226303e-48	-0.369674444870227	0.017	0.101	3.85205763996974e-44	TMEM106C	c4
1.0907230714522e-213	-0.369507840886107	0.283	0.772	3.65806703703638e-209	MCL1	c4
4.10320471291099e-173	-0.36891331152805	0.077	0.363	1.37613279661609e-168	HADHA	c4
1.06286781896591e-36	-0.368858674149978	0.014	0.077	3.56464609124786e-32	PEX19	c4
8.74023461303604e-50	-0.368314920734855	0.017	0.101	2.93129988452003e-45	PDRG1	c4
1.75093614590549e-09	-0.36689334179984	0.003	0.017	5.87228964613784e-05	EAF2	c4
6.72033596415532e-37	-0.366355978624297	0.013	0.076	2.25386627565841e-32	C11orf24	c4
1.58440615736445e-35	-0.36627587157429	0.016	0.079	5.3137813705689e-31	ZNF672	c4
2.65171133620297e-107	-0.366185103594621	0.041	0.222	8.89330947935753e-103	GINM1	c4
3.12986268677421e-245	-0.366077634074429	0.114	0.505	1.04969334789033e-240	ANXA11	c4
1.39955558422684e-26	-0.365633830987636	0.01	0.056	4.69382951837998e-22	TGDS	c4
6.63903415105398e-13	-0.365365401746081	0.004	0.024	2.22659927358049e-08	AC011611.3	c4
6.28288131519898e-07	-0.365261977751371	0.004	0.015	0.0210715273549144	BARX2	c4
4.35314573490866e-27	-0.364898508802066	0.008	0.054	1.45995801657367e-22	FAM220A	c4
4.82377299053009e-29	-0.364569147922809	0.011	0.061	1.61779698556398e-24	RUVBL1	c4
4.79552555012727e-57	-0.364454828549426	0.022	0.12	1.60832335900168e-52	PLPBP	c4
1.02064419798588e-87	-0.363635562782991	0.037	0.189	3.42303651120506e-83	GABPB1	c4
9.19782383151587e-66	-0.361944285812214	0.024	0.137	3.08476615661379e-61	CENPX	c4
1.59209159706032e-22	-0.361606800641297	0.006	0.043	5.33955679822089e-18	MAGED1	c4
2.7618738396556e-258	-0.361192530894262	0.148	0.583	9.26277248343696e-254	RAD21	c4
5.05843250258738e-192	-0.360383113680209	0.088	0.403	1.69649709271776e-187	FGFR1OP2	c4
1.63117338115015e-225	-0.360139599620631	0.105	0.468	5.47062928570138e-221	PNPLA2	c4
2.48927130457796e-16	-0.359807293542499	0.009	0.038	8.34851810129355e-12	DNAJB4	c4
1.12983601314341e-93	-0.359673815799441	0.035	0.194	3.78924402088035e-89	G6PD	c4
2.95975722695274e-60	-0.359385720340884	0.02	0.121	9.9264337877541e-56	MRPL19	c4
7.08296135050848e-37	-0.358424456815481	0.013	0.077	2.37548357773353e-32	MFSD1	c4
9.79473109156525e-71	-0.356676639041846	0.027	0.148	3.28495691348915e-66	ZNF830	c4
1.0546519276278e-29	-0.356270612485288	0.011	0.062	3.53709163487811e-25	MICB	c4
4.74563546597268e-88	-0.356246376703098	0.033	0.183	1.59159122257792e-83	KPNA3	c4
1.97381165851316e-26	-0.355852050413364	0.009	0.055	6.61976954032144e-22	NUFIP1	c4
1.06252022016513e-233	-0.355553877453215	0.117	0.501	3.56348031438981e-229	EIF4B	c4
1.26905887488069e-06	-0.354445345866217	0.002	0.011	0.0425616965457485	LIPE	c4
6.03944308445086e-44	-0.353668048443068	0.017	0.093	2.02550842166313e-39	PAK1IP1	c4
8.44701260379422e-06	0.353614383837814	0.002	0.011	0.283295908706051	TMEM217	c4
8.06398690357116e-84	-0.353520484791196	0.033	0.177	2.7044999277197e-79	GET4	c4
3.06054494136794e-11	-0.353136722161832	0.004	0.022	1.02644556243598e-06	ZNF613	c4
7.87099328568868e-77	-0.353106152108738	0.031	0.164	2.63977372815427e-72	UPP1	c4
4.77576768829365e-233	-0.353070338064728	0.126	0.517	1.60169696729993e-228	HSPA9	c4
3.36746666501063e-42	-0.352668252755624	0.016	0.09	1.12938097011126e-37	RBM7	c4
5.94018550287099e-11	-0.352071988850337	0.004	0.021	1.99221941395287e-06	ZSWIM3	c4
4.08882179010876e-83	-0.352067254620157	0.032	0.174	1.37130905196668e-78	SGF29	c4
5.45491096350535e-170	-0.350997493649704	0.076	0.357	1.82946803894043e-165	CHIC2	c4
5.52921622039517e-58	-0.350699651608745	0.023	0.124	1.85438853599613e-53	C6orf47	c4
1.51190232096641e-174	-0.350335752674433	0.073	0.357	5.07061800405714e-170	RPL7L1	c4
2.18282444433592e-06	0.349767071177181	0.005	0.017	0.073207566214138	GPC1	c4
4.50432971277057e-145	-0.349521737113642	0.054	0.289	1.51066209906899e-140	NDUFS8	c4
1.85922275151327e-15	-0.349463375907778	0.005	0.03	6.23546126402522e-11	AL139246.5	c4
2.58155361393635e-206	-0.348877789447459	0.113	0.465	8.65801451041974e-202	TECR	c4
1.72563090984169e-157	-0.34825294070381	0.06	0.314	5.78742094542704e-153	PSMD4	c4
6.78438343291715e-05	0.348056989790225	0.003	0.01	1	RNF130	c4
2.47810005328434e-196	-0.347975327105539	0.091	0.413	8.31105195870502e-192	ARPC1B	c4
5.0272446462232e-238	-0.347521156513382	0.119	0.508	1.68603730945034e-233	KRAS	c4
1.47106468227363e-57	-0.347450486917504	0.022	0.122	4.93365673140929e-53	WRB	c4
1.12968303582477e-08	-0.347405092735372	0.002	0.015	0.000378873096554911	AP002748.3	c4
7.08791323716453e-50	-0.346949411989231	0.015	0.099	2.37714434148024e-45	OAZ2	c4
1.42678554279282e-05	0.346874048690323	0.003	0.011	0.478515335341857	SLC19A1	c4
3.94055114001038e-07	-0.346864338959081	0.002	0.012	0.0132158204133668	XXYLT1-AS2	c4
2.05340613809989e-23	-0.345850388142091	0.007	0.047	6.88671350595942e-19	HGH1	c4
9.84420644487952e-26	-0.34572330117826	0.009	0.054	3.30154995748369e-21	MAP3K13	c4
2.72539692659939e-12	-0.345562314198846	0.004	0.024	9.14043621242903e-08	OTUD1	c4
1.2132228115127e-36	-0.345429058757018	0.015	0.079	4.0689066652513e-32	CNBD2	c4
5.11032300967513e-225	-0.34530324679295	0.118	0.494	1.71390013098484e-220	P4HB	c4
4.48629206656582e-207	-0.345185673146404	0.324	0.825	1.50461263328485e-202	GNG2	c4
1.17488080721193e-07	-0.34496338443359	0.003	0.015	0.00394031525122738	GLCE	c4
1.69557145948139e-16	-0.344845810709175	0.005	0.031	5.6866075608087e-12	HDGFL3	c4
6.85646016716464e-27	-0.344754633432338	0.008	0.053	2.29951961086368e-22	DLGAP1-AS1	c4
9.35889852602355e-23	-0.344545470346738	0.007	0.044	3.13878738765778e-18	HDDC3	c4
2.80438080049433e-07	-0.344278406874952	0.002	0.013	0.00940533232869788	CENPS	c4
2.72657779458046e-53	-0.343822749867125	0.019	0.111	9.14439660746396e-49	SLC25A33	c4
2.41227520781348e-36	-0.34380797808259	0.013	0.075	8.09028859196484e-32	GEMIN8	c4
7.97435715513135e-208	-0.343798305985371	0.094	0.431	2.67443990268795e-203	SCAMP2	c4
6.58499438181652e-07	-0.343186274138087	0.002	0.011	0.0220847541577362	FAM92A	c4
3.62342112776998e-62	-0.343040121869212	0.023	0.129	1.2152229778315e-57	CHMP3	c4
4.03948411201871e-151	-0.342817892285216	0.062	0.311	1.35476218148883e-146	NSFL1C	c4
2.18923634567674e-44	-0.342221313114269	0.016	0.092	7.34226085613064e-40	MRM3	c4
1.54379864910449e-24	-0.342107899141507	0.009	0.051	5.17759190936662e-20	NIPSNAP1	c4
3.4022097931794e-68	-0.341727292891337	0.027	0.146	1.14103312043651e-63	SASH3	c4
5.21072077828048e-77	-0.341174427014475	0.03	0.162	1.74757153461971e-72	NIPSNAP2	c4
4.18804726943493e-26	-0.340502222288159	0.01	0.056	1.40458729322309e-21	RAB33B	c4
1.56642366957705e-152	-0.337850033971013	0.064	0.316	5.25347170302753e-148	SF3A3	c4
7.24075445383804e-169	-0.33780724399055	0.071	0.348	2.4284042287282e-164	SNW1	c4
3.09711792165254e-165	-0.337326069902034	0.062	0.327	1.03871140856383e-160	RAB11B	c4
5.26024607463003e-49	-0.33715700345192	0.017	0.101	1.76418132850942e-44	RFC2	c4
1.06201555230887e-98	-0.336684486864469	0.04	0.209	3.56178775933349e-94	USP39	c4
5.69549143009294e-64	-0.336299494156662	0.021	0.129	1.91015391582457e-59	MRPS11	c4
2.25073913300445e-17	-0.335209727279562	0.006	0.035	7.54852890427034e-13	BLOC1S5	c4
2.7447405920751e-13	-0.335024778011523	0.004	0.026	9.20531099770148e-09	C4orf33	c4
8.5869115514585e-148	-0.334880194506388	0.065	0.312	2.87987839612815e-143	RTN3	c4
4.12041144132868e-70	-0.334802487400995	0.026	0.146	1.38190358919281e-65	CTSA	c4
1.49178981872953e-08	-0.334045963027414	0.003	0.016	0.00050031646940551	USP30	c4
1.36686673963598e-58	-0.33330782655056	0.02	0.119	4.58419767139115e-54	DOK1	c4
6.52879296526699e-142	-0.333114596176734	0.07	0.315	2.18962658469124e-137	MAT2A	c4
1.34545049940779e-21	-0.332720517319935	0.006	0.042	4.51237188491385e-17	TIMM8A	c4
9.07435144817151e-13	-0.332718248697429	0.004	0.025	3.04335598868776e-08	FOXO4	c4
7.57960459319198e-64	-0.332700282939014	0.039	0.16	2.54204778846473e-59	LAYN	c4
9.37591880689573e-27	-0.332450485908523	0.01	0.056	3.14449564945669e-22	DNAJC14	c4
1.38939598276716e-69	-0.332197987650291	0.026	0.146	4.65975624700449e-65	GMPS	c4
6.66612562454268e-217	-0.332009516933238	0.125	0.498	2.23568521195912e-212	BCL3	c4
2.63532443657369e-177	-0.331844328041502	0.08	0.373	8.83835109538082e-173	STIP1	c4
2.4641630958703e-42	-0.331447157034901	0.015	0.087	8.2643101909298e-38	THG1L	c4
2.53706059225973e-69	-0.331435326150825	0.032	0.155	8.50879381432067e-65	HSPA13	c4
2.05054536881075e-131	-0.33119984735166	0.056	0.278	6.87711905791749e-127	SAR1B	c4
3.67887094980978e-34	-0.33077430998348	0.012	0.07	1.2338197391472e-29	PLSCR3	c4
1.09679206526487e-06	-0.330511916481142	0.002	0.012	0.0367842122848531	MINCR	c4
1.39173373938821e-31	-0.329854957842641	0.013	0.069	4.6675966151602e-27	LEPROT	c4
1.32065721402928e-53	-0.328920806041978	0.019	0.111	4.42922016441139e-49	ARMC1	c4
3.67531674758456e-114	-0.328610331377804	0.05	0.245	1.23262773080491e-109	TM2D3	c4
5.69525570064518e-133	-0.328258918316368	0.061	0.288	1.91007485688238e-128	PTDSS1	c4
2.03332556245987e-189	-0.326206999831923	0.078	0.382	6.81936727137791e-185	STUB1	c4
2.12125130843466e-107	-0.326191742478623	0.042	0.223	7.11425263822816e-103	SRP68	c4
7.51831232932228e-05	0.325629228760935	0.003	0.011	1	DCLRE1A	c4
1.20811410991469e-83	-0.325479237429893	0.036	0.182	4.05177310183187e-79	ORMDL3	c4
3.92179851171482e-58	-0.324293666084747	0.022	0.122	1.31529278485892e-53	DIABLO.1	c4
9.21503293117775e-17	-0.324232572665665	0.006	0.034	3.09053774445839e-12	SNX8	c4
2.97220487959606e-52	-0.323980779646192	0.023	0.116	9.96818072518927e-48	GPR68	c4
1.6464521565408e-93	-0.323511856763945	0.031	0.185	5.52187124260652e-89	FIBP	c4
8.42713035018158e-216	-0.321330757874361	0.238	0.693	2.8262909768439e-211	PPP1R15A	c4
8.86194595211379e-25	-0.320556413493074	0.011	0.054	2.97211943341992e-20	SMC2	c4
2.87782753038495e-121	-0.319810518312902	0.077	0.301	9.65165797140503e-117	MIR155HG	c4
3.19944259612051e-115	-0.319260380676682	0.049	0.244	1.0730290578869e-110	MAP1S	c4
1.92764071213093e-22	-0.319176014391604	0.007	0.045	6.4649214203447e-18	UCK2	c4
3.94876417693733e-37	-0.319081823080733	0.016	0.081	1.32433652966124e-32	ILVBL	c4
4.02112333336459e-56	-0.318967832696962	0.025	0.125	1.34860434354382e-51	BCL2L1	c4
8.21791086904951e-06	0.318036502440004	0.003	0.012	0.275612294726182	TRIM36	c4
1.17257750635324e-10	-0.317894053090623	0.004	0.021	3.93259044080749e-06	NATD1	c4
7.02353882464329e-09	-0.317731488731732	0.002	0.016	0.000235555445100887	EFNA4	c4
5.73140524117434e-35	-0.317413793881832	0.016	0.079	1.92219868978505e-30	AIM2	c4
3.80717272011499e-22	-0.316669304156567	0.008	0.046	1.27684958687217e-17	DUSP28	c4
1.36916248467518e-39	-0.316665410914929	0.015	0.083	4.59189714110362e-35	ALKBH4	c4
1.33011429234464e-21	-0.316120075604809	0.009	0.046	4.46093731366545e-17	MOSPD1	c4
7.6267102823843e-11	-0.313806448652495	0.003	0.02	2.55784609450605e-06	AMACR	c4
5.44266183023226e-25	-0.312727119234654	0.009	0.051	1.8253599246233e-20	DUSP3	c4
7.16277035933882e-75	-0.312442942435791	0.032	0.164	2.40224992311505e-70	SINHCAF	c4
9.06989251337407e-142	-0.312227485277005	0.056	0.289	3.0418605511354e-137	PLEKHJ1	c4
1.59682995008686e-232	-0.311961500870029	0.114	0.494	5.3554482866013e-228	EIF2S2	c4
8.0196870296987e-27	-0.311692444669071	0.009	0.055	2.68964263602035e-22	TSPAN31	c4
3.90950413808023e-38	-0.31030744645156	0.015	0.081	1.31116949782935e-33	TMEM185B	c4
3.970798546838e-07	-0.310066270583155	0.003	0.014	0.0133172641663853	CRNDE	c4
1.07613555953958e-176	-0.309824508558841	0.085	0.381	3.60914343958385e-172	RAB10	c4
1.90806563238354e-63	-0.30982403513717	0.025	0.135	6.39927051788791e-59	C8orf76	c4
2.64213437805594e-08	-0.30919959743433	0.003	0.016	0.000886119027712402	CYB561D2.1	c4
2.31649090604936e-41	-0.309051109530208	0.022	0.099	7.76904720070836e-37	TNFSF14	c4
8.14763709707328e-246	-0.30895585908078	0.162	0.596	2.73255452961644e-241	HNRNPUL1	c4
1.32639181972759e-47	-0.307700077178635	0.017	0.098	4.44845288500239e-43	PAFAH1B3	c4
1.30365342673964e-62	-0.30584454916296	0.027	0.137	4.3721928625994e-58	LRWD1	c4
9.28720112744629e-29	-0.305661864927825	0.01	0.06	3.11474151412294e-24	HLA-G	c4
6.72316512119143e-124	-0.305183253020634	0.052	0.261	2.25481511834518e-119	UBE2J2	c4
1.72718092176773e-36	-0.304810272228966	0.013	0.077	5.79261937542463e-32	VKORC1	c4
3.28453681520038e-06	0.304572190283492	0.002	0.011	0.11015679570819	FANCB	c4
6.41523686419069e-64	-0.304250272798869	0.029	0.143	2.15154213951227e-59	CANT1	c4
1.30019623465271e-166	-0.303537389203421	0.06	0.325	4.36059813177824e-162	CYC1	c4
5.1185245813646e-241	-0.303386822880148	0.175	0.618	1.71665077409806e-236	PPM1G	c4
9.26522090370954e-100	-0.303295471078961	0.045	0.218	3.1073697866861e-95	IRF2	c4
1.4099422120499e-75	-0.303174519946052	0.028	0.157	4.72866419077295e-71	RTL8C	c4
3.4239483584082e-142	-0.302843127014824	0.059	0.295	1.14832380044294e-137	ERP44	c4
6.33584200960285e-16	-0.302234695702662	0.007	0.035	2.12491469318061e-11	NDC80	c4
1.13970102164142e-26	-0.302113039963669	0.012	0.059	3.822329286381e-22	RASSF3	c4
1.84253652871698e-05	0.302008974972881	0.003	0.012	0.617949901001102	UBASH3B	c4
1.25843805047496e-97	-0.301891160100699	0.041	0.209	4.22054953368293e-93	PRPF38A	c4
4.76580704932268e-33	-0.30170654004828	0.012	0.069	1.59835636820184e-28	MOCS2	c4
5.61928327673233e-55	-0.301160265010738	0.018	0.11	1.88459522535049e-50	ZNF277	c4
1.32168288578902e-37	-0.300630318853681	0.018	0.085	4.43266006235922e-33	LRIF1	c4
6.91662679468159e-12	-0.299856259436728	0.004	0.024	2.31969829440031e-07	UTS2	c4
4.27701267116883e-73	-0.299577737190176	0.03	0.156	1.4344245096566e-68	SIAH2	c4
8.83938925969753e-24	-0.299087427669119	0.009	0.05	2.96455436991736e-19	ABHD4	c4
3.24789640862142e-53	-0.298764239733387	0.019	0.11	1.08927949752345e-48	NR2C2AP	c4
1.24463122892349e-21	-0.298670804605758	0.008	0.044	4.17424421556359e-17	AC017002.3	c4
3.688712469598e-34	-0.298149226148504	0.062	0.149	1.23712038805378e-29	FOS	c4
2.18690644184944e-178	-0.297629954166303	0.182	0.55	7.33444682467464e-174	ZFP36L1	c4
3.93225880785275e-06	0.297059841030795	0.003	0.013	0.131880095897765	AC097534.2	c4
4.45820461839974e-47	-0.296690435434915	0.019	0.101	1.49519266491891e-42	PDCL	c4
4.08655434890608e-11	-0.296617401426189	0.004	0.022	1.37054859753612e-06	NFIL3	c4
1.55485133450319e-133	-0.295890819338789	0.054	0.276	5.2146604056568e-129	RAB35	c4
1.2258303986607e-69	-0.295752184867972	0.027	0.146	4.11118999102826e-65	TOR3A	c4
3.88876198862706e-184	-0.294839426867421	0.089	0.398	1.30421299574574e-179	NR1H2	c4
9.60080560050594e-214	-0.294800289804257	0.144	0.529	3.21991818229768e-209	RAB27A	c4
8.24474173978029e-129	-0.294711411154356	0.051	0.264	2.76512148468751e-124	SREK1IP1	c4
1.39354928300287e-82	-0.294491080199969	0.03	0.17	4.67368558533503e-78	BRIX1	c4
1.23339353984482e-45	-0.294438326849393	0.016	0.094	4.13655525393156e-41	ZNF688	c4
1.26587045807783e-08	-0.294003286159755	0.002	0.015	0.000424547634230142	GSEC	c4
1.50030430160578e-70	-0.293431266363332	0.026	0.146	5.03172056672547e-66	CUEDC2	c4
2.79808381797328e-131	-0.293388907905979	0.054	0.273	9.38421350871878e-127	SELENOH	c4
1.15187216569871e-172	-0.292636881931388	0.086	0.379	3.86314886932033e-168	RPN2	c4
4.41329089985472e-06	0.291679588926601	0.004	0.015	0.148012950199328	MRPL12	c4
1.7033521997042e-95	-0.290777133282018	0.039	0.203	5.71270260736796e-91	ZNF622	c4
6.13530881574451e-15	-0.290713263378152	0.004	0.028	2.05765987062439e-10	SNHG19	c4
7.40028516421752e-25	-0.290601259062965	0.011	0.055	2.48190763837527e-20	LEF1	c4
1.56264322423712e-18	-0.290564730696799	0.007	0.038	5.24079284544646e-14	ZNF668	c4
1.21308903090864e-97	-0.289781265832289	0.043	0.213	4.06845799186141e-93	PPCS	c4
6.0272191065492e-129	-0.289664744398355	0.049	0.261	2.02140874395447e-124	SSR1	c4
1.12341698576231e-12	-0.289493792295593	0.004	0.025	3.76771588684963e-08	HLA-DOA	c4
8.53965129460265e-105	-0.288486248368378	0.05	0.234	2.86402825118384e-100	PPIF	c4
3.15892603487378e-17	-0.287730959682485	0.005	0.033	1.05944061357597e-12	CNIH2	c4
1.37899095495253e-35	-0.286969911305529	0.013	0.075	4.6248598647198e-31	DEF8	c4
3.27565729784696e-57	-0.286673047037759	0.027	0.129	1.09858994455191e-52	C21orf91	c4
3.46484027980599e-45	-0.286329453824457	0.016	0.094	1.16203813304133e-40	GMNN	c4
1.03331839048468e-218	-0.285887072133933	0.106	0.466	3.46554321800754e-214	RNH1	c4
2.56470856783032e-06	-0.285396350705746	0.003	0.013	0.0860151959478933	S1PR5	c4
5.63981006311354e-224	-0.285036790901633	0.192	0.632	1.89147949896702e-219	MSN	c4
5.79968501304307e-198	-0.284311992614838	0.116	0.462	1.94509835967439e-193	ATP1A1	c4
1.15954943161397e-05	0.284287247230173	0.003	0.012	0.388889688374694	TBXAS1	c4
6.80361614956851e-38	-0.284234882418995	0.013	0.077	2.28179678424229e-33	DOHH	c4
4.45323881642346e-06	0.283638713483844	0.003	0.013	0.14935272342521	PLOD1	c4
1.9996057491262e-06	0.28318159185651	0.005	0.016	0.0670627776141945	TRGV8	c4
6.40061406295917e-81	-0.283061378221877	0.029	0.165	2.14663794443525e-76	HRAS	c4
1.07413004010425e-59	-0.282842347832924	0.027	0.134	3.60241732850164e-55	ALAS1	c4
5.98053852352035e-234	-0.282785867302301	0.25	0.755	2.00575301001826e-229	CIRBP	c4
1.98711600448507e-26	-0.28215824327803	0.009	0.055	6.66438965584204e-22	PCK2	c4
5.40255921521634e-09	-0.281123854381519	0.002	0.015	0.000181191030959926	MELK	c4
4.00434090214015e-116	-0.280264584706609	0.045	0.238	1.34297585175976e-111	PFDN1	c4
5.45543600352075e-63	-0.280116625296057	0.022	0.129	1.82964412686079e-58	PDE6D	c4
1.52971578055832e-119	-0.278357407653129	0.052	0.256	5.1303607848365e-115	FAM104A	c4
8.07797810874447e-28	-0.27822340441051	0.013	0.063	2.70919229811072e-23	ETS2	c4
4.83538922918983e-19	-0.277742035591176	0.01	0.044	1.62169283968568e-14	CD200	c4
9.31829369314723e-06	0.27758177881871	0.004	0.013	0.312516933880772	SNTA1	c4
1.70628272541682e-88	-0.277155437683095	0.038	0.191	5.72253100450295e-84	NFYC	c4
1.92943358130434e-58	-0.276745663031967	0.025	0.128	6.4709343449785e-54	MED21	c4
5.06259166508588e-142	-0.276586907167724	0.074	0.322	1.6978919926365e-137	RAB8B	c4
1.44319304064932e-05	0.275585620572929	0.003	0.012	0.484018081972968	ZNF653	c4
5.29315140855041e-124	-0.275065636831133	0.055	0.267	1.77521711939964e-119	CNOT8	c4
1.73076771410388e-08	-0.27480938661309	0.002	0.014	0.00058046487595616	HIST1H2BH	c4
2.3085410370982e-101	-0.27436114851902	0.037	0.206	7.74238493021993e-97	UBALD1	c4
6.29929907151134e-102	-0.273412941426806	0.042	0.216	2.11265892260347e-97	NUCB1	c4
9.44265750161201e-55	-0.273323205468471	0.019	0.113	3.16687847289064e-50	CGRRF1	c4
5.313131541189e-34	-0.271869789961346	0.013	0.072	1.78191805628397e-29	HENMT1	c4
1.85177634943025e-190	-0.271639702077599	0.106	0.437	6.21048752071918e-186	RIC8A	c4
2.41319377557831e-05	-0.271269147743776	0.002	0.01	0.809336928453455	PPARG	c4
2.2684193822562e-94	-0.270952882661613	0.037	0.197	7.60782492421084e-90	HMCES	c4
1.68012355809106e-05	0.270755576969293	0.002	0.01	0.56347983891258	KHDC1	c4
1.55827334846659e-95	-0.270657145290207	0.052	0.225	5.22613715608726e-91	CDC42EP3	c4
8.81204310978889e-213	-0.27045045121666	0.114	0.475	2.955383018161e-208	SH3GLB1	c4
2.03884543632845e-231	-0.27008124382633	0.135	0.534	6.83787982435834e-227	KHDRBS1	c4
1.58656491406379e-198	-0.270080031926044	0.121	0.472	5.32102140878713e-194	CDKN1B	c4
1.31016713267533e-183	-0.269969467609775	0.114	0.443	4.39403852956654e-179	G3BP2	c4
1.17698352449626e-05	0.269945610273732	0.003	0.011	0.394736734445557	SLC16A11	c4
8.6888757381097e-97	-0.269537474738295	0.037	0.2	2.91407514504723e-92	MRPS22	c4
1.1607343844781e-79	-0.268564312157527	0.041	0.185	3.89287097866265e-75	SLC39A6	c4
4.81465252775926e-162	-0.268519472339338	0.08	0.357	1.6147381647599e-157	DCTN2	c4
5.03550901662977e-23	-0.268500795300092	0.008	0.047	1.68880901399729e-18	POMZP3	c4
5.81167487771243e-120	-0.268409920169644	0.045	0.244	1.94911952048719e-115	VPS29	c4
6.92424483000123e-18	-0.267781608913928	0.008	0.039	2.32225323108581e-13	SLC30A1	c4
2.4357291735837e-154	-0.267140587350459	0.091	0.367	8.16894850236501e-150	CTSC	c4
3.18443204941767e-06	-0.266341927342001	0.003	0.012	0.10679948207337	JAM3	c4
4.82760002914703e-122	-0.265750013034786	0.054	0.263	1.61908049777533e-117	RNF167	c4
5.29230896380627e-28	-0.265383267959642	0.011	0.061	1.77493458028135e-23	EVA1C	c4
3.19168793302398e-165	-0.265143776389667	0.081	0.362	1.07042829897758e-160	NUCKS1	c4
3.54222469523537e-21	-0.2649990100392	0.009	0.046	1.18799131828804e-16	EEF2KMT	c4
1.44552078841682e-68	-0.26488434015491	0.028	0.147	4.84798762019234e-64	BLCAP	c4
1.8337431046644e-202	-0.26484079540673	0.094	0.426	6.15000762442348e-198	LSM8	c4
5.9592441770769e-18	-0.264637096720248	0.008	0.039	1.99861131210805e-13	NDC1	c4
9.70019454193968e-06	0.264616300249523	0.003	0.011	0.325325124547573	THAP7-AS1	c4
2.03033435066404e-07	-0.264477840372516	0.004	0.016	0.00680933534525706	GIMAP8	c4
4.99281312253275e-06	0.263958740262201	0.003	0.012	0.167448966503503	KDELC1	c4
4.43624854872474e-20	-0.263878081855592	0.008	0.043	1.4878290382713e-15	RGS9	c4
3.47967733437117e-77	-0.263753604723913	0.032	0.167	1.1670141844014e-72	RIT1	c4
5.74541979352157e-141	-0.263737973478185	0.065	0.305	1.92689889035126e-136	ZNF24	c4
1.71676373658617e-05	0.26358449336613	0.004	0.014	0.57576822197627	AL512625.3	c4
2.37385956495176e-187	-0.263033541520187	0.079	0.382	7.96145020893522e-183	NOSIP	c4
1.70292640484845e-64	-0.262531370194682	0.033	0.151	5.71127457658073e-60	ZMPSTE24	c4
3.49909383427327e-09	-0.262211637043266	0.005	0.021	0.000117352609013857	GPR15	c4
3.34425976349824e-35	-0.262073596470748	0.015	0.078	1.12159783948204e-30	SGCB	c4
2.61645319129186e-15	-0.261233308283189	0.008	0.036	8.77506071295465e-11	HES4	c4
9.55749842267171e-05	0.260572128193438	0.003	0.01	1	H2AFY2	c4
8.48705178266416e-08	-0.259795646693958	0.003	0.015	0.00284638742686991	TFAP4	c4
5.94883361132967e-102	-0.259675363819768	0.039	0.212	1.99511981656774e-97	FTSJ1	c4
1.30776356713143e-53	-0.259660742438346	0.019	0.111	4.3859774514454e-49	UBALD2	c4
1.06959464905045e-120	-0.259360594485931	0.115	0.362	3.58720653398541e-116	VCAM1	c4
2.23132881951778e-17	-0.25917073366534	0.005	0.033	7.48343059489872e-13	MPI	c4
1.43390764993194e-47	-0.259002207703123	0.021	0.106	4.80903947634173e-43	EGLN2	c4
9.44245136862456e-10	-0.25808983728674	0.004	0.02	3.1668093400093e-05	PWP2	c4
1.22814699555823e-24	-0.257184599098526	0.009	0.052	4.11895939370319e-20	CCDC102A	c4
7.76599614074116e-108	-0.256850235530191	0.047	0.233	2.60455978568177e-103	ECI2	c4
5.57362171390825e-05	0.25651641146252	0.002	0.01	1	NTRK1	c4
3.12487610739202e-103	-0.256306647258902	0.045	0.223	1.04802094889714e-98	FYTTD1	c4
6.08333255093603e-47	-0.256093684329775	0.017	0.098	2.04022807093293e-42	ZDHHC24	c4
4.84014534173997e-246	-0.255944854473578	0.132	0.541	1.62328794471275e-241	PA2G4	c4
2.70173785751784e-57	-0.255476988072544	0.022	0.12	9.06108842654334e-53	SNX20	c4
3.07808379059936e-226	-0.254959668540133	0.114	0.489	1.03232774169121e-221	RAD23A	c4
5.27729563144609e-128	-0.254824388173834	0.057	0.276	1.76989940887439e-123	RPP21	c4
1.30968191776417e-09	-0.254058270036475	0.004	0.02	4.39241121579749e-05	HYLS1	c4
5.32140932540278e-59	-0.253807941636468	0.025	0.128	1.78469425955358e-54	CAT	c4
3.94527312552035e-28	-0.25315271744006	0.01	0.059	1.32316570083702e-23	NDST2	c4
3.98822262790491e-25	-0.252995667939791	0.008	0.051	1.33757010494675e-20	PHYH	c4
1.89464983088074e-56	-0.252975057219708	0.023	0.122	6.35427660280783e-52	CUTC	c4
2.39571444561342e-26	-0.25295255525081	0.011	0.058	8.03474710769829e-22	METTL13	c4
4.86072322235561e-28	-0.252539184917251	0.023	0.08	1.63018935431363e-23	DKK3	c4
3.27466174743249e-110	-0.251367286249759	0.053	0.245	1.09825605685391e-105	RASSF5	c4
4.06242457359788e-08	-0.251341776006336	0.002	0.015	0.00136245595349326	ABHD8	c4
7.74712326865346e-38	-0.251090827032664	0.015	0.08	2.598230201841e-33	FBXO8	c4
7.55170266635579e-77	-0.250372593883255	0.034	0.17	2.5326900402424e-72	THOC3	c4
7.14208974462386e-07	-0.249978452390052	0.002	0.012	0.0239531405855195	PDE6B	c4
9.79017550449799e-48	-0.249686281045994	0.017	0.099	3.28342906069854e-43	NDUFA9	c4
5.71702484259364e-06	0.24926997163512	0.002	0.011	0.191737579170905	FBXO2	c4
2.55954961000872e-166	-0.249192595831807	0.146	0.474	8.58421748204725e-162	TNFRSF9	c4
1.54332550442109e-76	-0.249091034410893	0.032	0.165	5.17600507672744e-72	UBE2V1	c4
7.23152633226849e-11	-0.249015419074412	0.004	0.021	2.42530930131621e-06	IRF2BPL	c4
3.42923764388495e-08	-0.248364783520807	0.002	0.015	0.00115009772100614	ZNF2	c4
5.40173219242226e-06	0.247707417599901	0.002	0.011	0.181163294269458	PECR	c4
6.12977564612685e-53	-0.247520290913213	0.023	0.117	2.05580415619802e-48	UTP3	c4
2.68717365276933e-82	-0.247377857886211	0.036	0.18	9.01224299665778e-78	MRPL55	c4
6.24401804408583e-25	-0.243776873696553	0.01	0.053	2.09411877162551e-20	C6orf120	c4
1.44552761959442e-37	-0.243746063074416	0.011	0.075	4.84801053059576e-33	PPP1R35	c4
1.28792358350156e-73	-0.243269573284974	0.028	0.153	4.31943811434752e-69	POLR2H	c4
4.77582948911528e-27	-0.242816579516938	0.011	0.059	1.60171769405948e-22	PRUNE1	c4
9.81192537725359e-23	-0.24238616954093	0.009	0.049	3.29072353302331e-18	RBBP9	c4
2.2151385941268e-72	-0.242281670104839	0.061	0.209	7.42913181698246e-68	LRRN3	c4
6.68685480793901e-42	-0.241238224343019	0.015	0.087	2.24263736548659e-37	PTPN18	c4
1.66586114094654e-10	-0.240010465042895	0.003	0.019	5.5869650945065e-06	AL121603.2	c4
5.76984861344909e-36	-0.239991223141721	0.014	0.077	1.93509182797856e-31	C1orf123	c4
2.75421400570592e-15	-0.239164906705409	0.007	0.034	9.23708293233651e-11	ADPRM	c4
6.01778483266663e-229	-0.238562589414758	0.167	0.591	2.01824467717973e-224	TNIP1	c4
2.84184720059041e-76	-0.23803748455982	0.035	0.17	9.53098714134011e-72	DIMT1	c4
2.24666952961888e-40	-0.238034473012829	0.015	0.085	7.53488026843581e-36	FAM173A	c4
7.06377026676088e-125	-0.237979828151049	0.055	0.267	2.36904727206626e-120	IMP4	c4
1.42739635048787e-59	-0.237959679736617	0.037	0.151	4.78720188026621e-55	TNFSF4	c4
2.34160097436988e-06	0.237131084571861	0.002	0.011	0.078532613478417	AP000787.1	c4
8.66181799231876e-112	-0.236445140663285	0.042	0.229	2.90500051826387e-107	POLD4	c4
5.13812204340386e-50	-0.235574388990507	0.024	0.115	1.72322337091679e-45	SMPD1	c4
3.45404161937257e-199	-0.235250196220439	0.172	0.566	1.15841647830517e-194	ELF1	c4
5.52756992807428e-07	-0.235145316706188	0.002	0.012	0.0185383640247755	URB1-AS1	c4
5.28743663575218e-76	-0.234048891145106	0.035	0.17	1.77330049889857e-71	OGFOD1	c4
5.88354591625015e-60	-0.233577153631083	0.025	0.13	1.97322362939197e-55	TRADD	c4
4.26649877932751e-52	-0.233079539500582	0.021	0.112	1.43089836061086e-47	WARS	c4
3.53153205679979e-142	-0.232225517036496	0.057	0.293	1.18440522120951e-137	SCNM1	c4
2.21893081410698e-99	-0.231903997162281	0.051	0.228	7.44185016435198e-95	MCM6	c4
1.66351394029009e-07	-0.231502988601686	0.003	0.015	0.0055790930529449	ZBTB3	c4
0.000142241896836588	0.23132032260336	0.003	0.01	1	MCAM	c4
6.93815708428827e-172	-0.231126281748191	0.336	0.826	2.3269191229286e-167	SPOCK2	c4
2.05758090334843e-88	-0.230983130967817	0.034	0.185	6.90071483364997e-84	DNTTIP1	c4
7.25104688266313e-16	-0.230941487655377	0.006	0.033	2.43185610350756e-11	BUB1	c4
2.07066999619629e-40	-0.229427367438309	0.017	0.088	6.94461303324312e-36	MDP1	c4
1.68808454944338e-23	-0.229145195468146	0.008	0.048	5.66149796192322e-19	SMG8	c4
1.56213662902694e-27	-0.22906428773991	0.013	0.062	5.23909382643055e-23	PMF1	c4
1.48466582314981e-15	-0.228870122330454	0.006	0.032	4.97927223767984e-11	ZNF232	c4
2.83401311271377e-23	-0.228070252001684	0.008	0.047	9.50471317741945e-19	CCDC28B	c4
1.23010360486369e-16	-0.227298906771715	0.007	0.035	4.12552146999185e-12	ALKBH3	c4
2.97427493733589e-37	-0.226459611831733	0.016	0.082	9.97512328483712e-33	RPF2	c4
3.20541374061498e-05	0.225990026769288	0.002	0.01	1	CEP72	c4
3.5010132874329e-11	-0.225642276548884	0.005	0.024	1.17416983633925e-06	CD101	c4
8.43165409597984e-97	-0.225062373937942	0.048	0.22	2.82780815070972e-92	RCAN3	c4
1.6785642756597e-225	-0.224458037263166	0.126	0.51	5.6295688677075e-221	NRBP1	c4
2.29628710796756e-15	-0.224151326933277	0.006	0.032	7.70128770270159e-11	SNHG10	c4
2.55603063989985e-13	-0.222618666376986	0.004	0.025	8.57241556009611e-09	BAG2	c4
2.3738742265105e-06	-0.221340276817248	0.002	0.011	0.0796149938087093	ACY1	c4
1.90405067231348e-24	-0.220866903605456	0.009	0.051	6.38580514480494e-20	LRRC61	c4
1.08286879763323e-20	-0.220637249528493	0.008	0.044	3.63172537350233e-16	MIS18A	c4
1.04351323802541e-230	-0.220172185118545	0.138	0.538	3.49973469768964e-226	IK	c4
3.11412635691425e-50	-0.219474938139944	0.023	0.112	1.0444156975819e-45	PYGO2	c4
4.11080598257502e-17	-0.218890113634756	0.005	0.034	1.37868211043601e-12	NAP1L5	c4
1.02028748512665e-17	-0.218396975945327	0.005	0.034	3.42184016761776e-13	DENND6B	c4
3.47977157740426e-16	-0.218380355594197	0.007	0.036	1.16704579162984e-11	PLEK	c4
9.01688454238124e-64	-0.217820946381104	0.029	0.142	3.02408273782382e-59	TMEM222	c4
3.76808322771392e-08	-0.217637118341675	0.003	0.015	0.00126373975291069	PXMP4	c4
5.9324706653085e-05	0.217500471585612	0.003	0.01	1	ADARB2	c4
1.06726351076953e-05	-0.217353530937504	0.002	0.01	0.357938836241885	CTSL	c4
4.89872268426664e-122	-0.217196168140347	0.057	0.268	1.64293361384935e-117	COQ10B	c4
6.10640679627968e-132	-0.217032117913002	0.257	0.612	2.04796671133628e-127	JUN	c4
5.93369615160853e-25	-0.216301107907171	0.009	0.051	1.99004301532647e-20	TTI2	c4
8.17195609684953e-100	-0.216052162323497	0.044	0.216	2.74071063576139e-95	PPID	c4
8.61598994188066e-14	-0.215710312743759	0.004	0.026	2.88963070670793e-09	BYSL	c4
3.9643581373194e-114	-0.215558116456336	0.072	0.285	1.32956643209418e-109	F2R	c4
4.14756831064699e-05	0.215350574339224	0.003	0.01	1	ZNF681	c4
2.22873816410162e-12	-0.2148707015702	0.005	0.026	7.47474205476402e-08	LGALS3BP	c4
1.31204440685162e-19	-0.214849670256273	0.008	0.041	4.40033453169895e-15	SPAG16	c4
1.84812477603762e-69	-0.214356689590905	0.028	0.149	6.19824087387496e-65	RTCA	c4
2.96570615670829e-46	-0.214124562047242	0.017	0.097	9.94638530836826e-42	NPDC1	c4
1.76627943968553e-61	-0.213892853571202	0.048	0.171	5.92374798481732e-57	HIST1H1E	c4
5.93070547457921e-17	-0.213442719620862	0.006	0.034	1.98904000206438e-12	GRPEL2	c4
1.00499161654245e-54	-0.213414029591084	0.027	0.126	3.37054088356005e-50	NBN	c4
5.34959941873e-48	-0.213200665860559	0.017	0.1	1.79414865305367e-43	NME6	c4
1.72654134387798e-43	-0.212779709945223	0.022	0.101	5.79047435909796e-39	PKIA	c4
6.70762143982978e-163	-0.212615123327134	0.083	0.364	2.24960207849011e-158	UBA2	c4
9.87610034752396e-38	-0.212363446773146	0.014	0.079	3.31224653455259e-33	CD320	c4
1.24360604539874e-135	-0.211615310173293	0.058	0.287	4.17080595505829e-131	ELAVL1	c4
9.87204427369225e-97	-0.21116256271779	0.039	0.204	3.31088620851091e-92	KXD1	c4
2.60146985579437e-15	-0.210873756814857	0.006	0.031	8.72480960236317e-11	HIST1H3H	c4
1.68455329641026e-119	-0.210855818379652	0.059	0.269	5.64965484550073e-115	KIAA1191	c4
2.00714076823966e-06	0.210694742337156	0.003	0.013	0.0673154870852219	CASTOR1	c4
3.88925523418004e-05	0.21020098732033	0.002	0.01	1	PLCD3	c4
4.59285908391577e-05	0.209509203922517	0.002	0.01	1	PON3	c4
2.73696027800182e-28	-0.209415955046982	0.011	0.061	9.17921738036252e-24	ANKRD40	c4
2.27471275870838e-10	-0.207972864746244	0.003	0.019	7.62893165015615e-06	INAFM1	c4
3.14262762789753e-64	-0.207859531394904	0.027	0.14	1.05397445384427e-59	MRPS10	c4
3.94080695285915e-52	-0.207455090825802	0.024	0.118	1.3216678358499e-47	TMX2	c4
2.73665630123859e-06	-0.207364086430098	0.002	0.011	0.0917819790309398	HYAL2	c4
1.72129054056277e-06	-0.207069055204082	0.001	0.01	0.0577286421493942	KIF2C	c4
5.16618366897939e-08	-0.206502839190818	0.004	0.017	0.00173263467890231	ZBTB22	c4
5.13763765179331e-26	-0.205860543581745	0.01	0.056	1.72306091565844e-21	RTL6	c4
9.40355675761477e-183	-0.205276521458585	0.102	0.42	3.15376486536884e-178	ADSS	c4
1.24236558323193e-183	-0.204996578562863	0.131	0.473	4.16664569304323e-179	OSBPL8	c4
4.21313642667875e-17	-0.204084088283328	0.007	0.037	1.41300169477952e-12	FASTKD3	c4
1.84282984774741e-31	-0.203969349975907	0.012	0.066	6.18048274337527e-27	TUBG1	c4
1.94486805110484e-183	-0.203897766063442	0.171	0.548	6.52269846979541e-179	CD82	c4
8.18426120202037e-158	-0.203884449496395	0.095	0.38	2.74483752193359e-153	NAMPT	c4
2.4494323354427e-28	-0.203557252618173	0.012	0.062	8.21490616660773e-24	AIFM1	c4
3.5146470652022e-180	-0.203455999735989	0.091	0.397	1.17874233272751e-175	MAX	c4
5.52395903501075e-92	-0.202978963604322	0.039	0.198	1.85262538116191e-87	PDHA1	c4
1.78605068109329e-06	-0.202801898233703	0.002	0.011	0.0599005677425068	CENPBD1	c4
7.23406433464651e-114	-0.201330772638426	0.052	0.248	2.42616049655375e-109	PSMD12	c4
1.36241986251569e-121	-0.201206461436744	0.059	0.271	4.56928373490513e-117	H2AFY	c4
3.01118026689422e-116	-0.200818252085816	0.045	0.239	1.00988963791098e-111	PSMD3	c4
2.1186265364558e-41	-0.199827859662497	0.022	0.099	7.10544967796545e-37	CHAMP1	c4
1.23556140839628e-192	-0.199239727067636	0.241	0.689	4.14382585147944e-188	LIMD2	c4
8.24987326544301e-87	-0.198986174045975	0.035	0.184	2.76684249576428e-82	NKAPD1	c4
3.53558265850066e-06	0.198926278875647	0.003	0.013	0.118576371200795	GINS3	c4
2.53981243517433e-76	-0.198885956554165	0.034	0.169	8.51802294508766e-72	FAM120AOS	c4
1.32797934971651e-09	-0.19855834124956	0.002	0.016	4.45377714307923e-05	CIDEB	c4
5.88480301260694e-188	-0.198040176852503	0.148	0.512	1.97364523436812e-183	LPXN	c4
4.29033561916483e-54	-0.197456208167627	0.023	0.118	1.4388927599555e-49	COA1	c4
4.4610531907147e-82	-0.197244602115081	0.037	0.181	1.4961480191019e-77	SDAD1	c4
4.39333536824039e-38	-0.197225381596194	0.015	0.081	1.47343681580046e-33	TMEM242	c4
1.29036271117168e-08	-0.196930326789813	0.004	0.018	0.000432761846072757	AURKA	c4
8.60325385902742e-111	-0.195354735456144	0.045	0.233	2.88535927924062e-106	PEX16	c4
1.88238581478651e-103	-0.19517363709766	0.045	0.224	6.31314554563099e-99	MAZ	c4
9.42158343568019e-39	-0.194993236688039	0.018	0.087	3.15981065265842e-34	DHRS13	c4
5.94682420558014e-49	-0.194451306706126	0.019	0.103	1.99444590206747e-44	TRG-AS1	c4
1.62192176116959e-06	-0.194079474376648	0.002	0.011	0.0543960120261057	AL445471.1	c4
4.12664509019624e-05	-0.193368487006057	0.003	0.01	1	ALG14	c4
1.96628416568404e-17	-0.193222737264038	0.008	0.039	6.59452383487115e-13	SGPP1	c4
2.97892438043288e-52	-0.192889758656321	0.021	0.112	9.9907165870958e-48	GTPBP8	c4
1.47316399179527e-57	-0.192506615854729	0.025	0.127	4.94069739568298e-53	CASP7	c4
2.56957089369208e-28	-0.192118736228708	0.023	0.08	8.61782686326449e-24	TRGV10	c4
5.82215648633516e-85	-0.191964134726275	0.035	0.183	1.95263484238709e-80	GLRX3	c4
4.49656853888897e-22	-0.191787535127987	0.008	0.046	1.50805915657258e-17	STYXL1	c4
2.4200127616509e-10	-0.190015606354169	0.004	0.02	8.11623880002478e-06	KHK	c4
2.87087331217261e-167	-0.189859705705973	0.276	0.712	9.62833491436449e-163	CYTIP	c4
9.62582949076322e-21	-0.189710807598548	0.01	0.047	3.22831069461217e-16	TWSG1	c4
3.8641056473919e-07	-0.188945524731659	0.003	0.014	0.0129594375202229	ZNF575	c4
3.28216784497255e-83	-0.188827071175631	0.046	0.198	1.10077345184689e-78	DUT	c4
1.40213180076683e-57	-0.188818561154854	0.024	0.126	4.70246963341178e-53	HUS1	c4
3.729933862267e-107	-0.188781179482265	0.052	0.24	1.25094521872711e-102	MFF	c4
1.82734849203506e-05	0.188315549312136	0.002	0.01	0.61285613725872	CHRNA5	c4
5.45020683864482e-63	-0.187909559190844	0.025	0.134	1.8278903695447e-58	MAPKAPK5-AS1	c4
2.76599611007906e-16	-0.187358340220525	0.007	0.035	9.27659775398316e-12	AC067852.2	c4
3.58207415394376e-229	-0.187020639890254	0.205	0.66	1.20135602974966e-224	HSP90B1	c4
1.52335422708603e-23	-0.186574916689722	0.009	0.05	5.10902540680113e-19	C6orf203	c4
1.36177820501743e-47	-0.186052294071587	0.02	0.104	4.56713174398744e-43	TRUB2	c4
3.1897417634101e-66	-0.186010900262748	0.031	0.15	1.06977559261248e-61	RNF25	c4
1.63009140097258e-32	-0.185988588930671	0.012	0.069	5.46700054058185e-28	ACYP2	c4
1.48449853522487e-99	-0.185779045040854	0.044	0.217	4.97871118743718e-95	PRKCD	c4
6.43827426796334e-27	-0.185115332050106	0.011	0.059	2.15926842398954e-22	ZNF576	c4
1.93551489449783e-54	-0.185101343772024	0.023	0.118	6.49132985316681e-50	EIF2B2	c4
3.66283040262533e-188	-0.185009051991228	0.141	0.498	1.22844006043248e-183	MAPRE2	c4
4.42449376034056e-207	-0.184031328807217	0.163	0.561	1.48388671734302e-202	GSPT1	c4
3.14219693333593e-07	-0.183423686625561	0.002	0.013	0.010538300075022	DYRK3	c4
4.09202281559723e-21	-0.18281399846537	0.007	0.043	1.372382611895e-16	C14orf28	c4
7.95819432319099e-41	-0.181535677541536	0.018	0.09	2.6690192121118e-36	CASP1	c4
4.22778753527084e-228	-0.181206846256527	0.193	0.643	1.41791538357913e-223	SRRM1	c4
4.55856360989534e-39	-0.180993851041435	0.016	0.085	1.5288510634867e-34	C19orf48	c4
1.51603892502271e-185	-0.18093369590306	0.11	0.44	5.08449134674118e-181	RAB2A	c4
1.16075034464266e-182	-0.180604173092458	0.107	0.429	3.89292450586254e-178	CDC42SE1	c4
8.18834098803724e-06	0.180264540880196	0.002	0.011	0.274620580056793	CDC42EP2	c4
3.0135889327627e-100	-0.180080116954541	0.044	0.218	1.01069745626995e-95	NUBP2	c4
3.73492160092874e-190	-0.179871401494347	0.102	0.429	1.25261800651948e-185	FBXO7	c4
7.35840117853537e-07	-0.179637477090553	0.003	0.013	0.0246786058725719	PLEKHB1	c4
1.30436810926307e-43	-0.178731842729991	0.024	0.106	4.37458976484649e-39	SOCS3	c4
8.43779162887103e-07	-0.178696764973313	0.003	0.014	0.0282986655649077	KBTBD7	c4
9.64078655410456e-169	-0.178284104268263	0.102	0.404	3.23332699451559e-164	RTN4	c4
1.57196292540206e-19	-0.178238115485434	0.01	0.046	5.27204925921341e-15	PTPRK	c4
6.26961906138112e-14	-0.178138891780449	0.005	0.028	2.102704840806e-09	YAE1D1	c4
7.40909450362706e-18	-0.17734869812502	0.006	0.035	2.48486211462644e-13	SLC25A53	c4
6.82652917234115e-98	-0.177143346105251	0.049	0.224	2.28948135381978e-93	DLD	c4
8.75774364399206e-36	-0.177090597304084	0.016	0.079	2.93717206332206e-31	RAVER1	c4
6.86138946564141e-10	-0.176628043184329	0.003	0.018	2.30117279898682e-05	TRMT5	c4
1.62296113629252e-127	-0.176439389553244	0.065	0.29	5.44308705889786e-123	SRP72	c4
1.55758015831939e-09	-0.175057663490299	0.002	0.017	5.22381233497157e-05	DBP	c4
6.99678732558406e-09	-0.1732218082647	0.003	0.016	0.000234658253325438	SUV39H2	c4
8.98235323907242e-106	-0.173146023192967	0.046	0.229	3.01250162932011e-101	SSRP1	c4
3.09548301133672e-164	-0.173118070892688	0.086	0.371	1.03816309234211e-159	AKIRIN1	c4
2.87040842782527e-82	-0.172263252966099	0.031	0.172	9.62677578524038e-78	C1orf174	c4
7.64540201739037e-74	-0.171937980108275	0.032	0.161	2.56411492859238e-69	TMEM134	c4
5.09114068776226e-67	-0.170689784239487	0.03	0.149	1.70746676386171e-62	IFT57	c4
1.18686885010278e-99	-0.17058722239359	0.052	0.231	3.98052074947469e-95	RNF34	c4
5.30271838747641e-198	-0.170240678241169	0.275	0.767	1.77842569279184e-193	RELB	c4
1.11859745785257e-77	-0.16918481360129	0.037	0.176	3.75155215414593e-73	DESI2	c4
1.59779059482206e-92	-0.168459121255899	0.045	0.209	5.35867009691422e-88	WDR74	c4
1.80731393943324e-163	-0.168410962557405	0.125	0.439	6.06136949007119e-159	ARL4C	c4
7.41096750165129e-137	-0.168338079594035	0.152	0.453	2.48549028070381e-132	CARS	c4
3.91864446284077e-87	-0.167135170111767	0.053	0.216	1.31423497994754e-82	DUSP10	c4
1.8495368476773e-30	-0.166011810533546	0.009	0.059	6.20297667974012e-26	AKIP1	c4
2.447071638664e-141	-0.165415761975621	0.067	0.31	8.20698886175134e-137	SMNDC1	c4
4.46771491222101e-155	-0.165120996580524	0.082	0.352	1.49838222726068e-150	GNB1	c4
1.79070920541409e-86	-0.164710743809118	0.035	0.183	6.00568053311777e-82	NELFA	c4
1.52572296933949e-78	-0.164642150728017	0.033	0.17	5.11696969457077e-74	GRHPR	c4
1.61989226323388e-197	-0.164399905034211	0.11	0.452	5.43279467243379e-193	AES	c4
1.43683419563982e-87	-0.162608453446428	0.043	0.199	4.81885452533684e-83	RCN2	c4
4.97669730763786e-54	-0.162581552201775	0.026	0.124	1.66908474303558e-49	BAG5	c4
7.8156794985521e-07	-0.162194870723997	0.002	0.011	0.026212225902244	AL162377.1	c4
3.46386544986699e-18	-0.162022816359552	0.008	0.039	1.16171119457639e-13	COQ2	c4
5.47163839821555e-220	-0.161691345684852	0.141	0.534	1.83507808599353e-215	PAPOLA	c4
3.48587067158076e-160	-0.161259583850542	0.087	0.367	1.16909130583476e-155	STAU1	c4
1.7567509319265e-71	-0.161009703528698	0.028	0.151	5.89179127549511e-67	HIST1H2AC	c4
2.09587681889966e-05	0.160101218673973	0.003	0.011	0.702915167522569	TPRN	c4
1.47465608363708e-66	-0.15910316580217	0.036	0.158	4.94570157330204e-62	YWHAG	c4
6.18191346187613e-06	0.158672327680851	0.003	0.012	0.207329013684402	DLK2	c4
1.45239462439104e-51	-0.157474942503034	0.023	0.114	4.87104109128268e-47	C16orf87	c4
1.47798672191531e-53	-0.156699214958756	0.024	0.119	4.95687186795955e-49	ABRAXAS2	c4
7.46638938147797e-33	-0.156478260131262	0.014	0.072	2.50407767076008e-28	SNX12	c4
2.15449856855969e-66	-0.155744904363925	0.031	0.149	7.22575729923548e-62	MRPL38	c4
3.10964902870485e-100	-0.155722135426234	0.045	0.22	1.04291409124703e-95	NKAP	c4
6.39604603338579e-36	-0.155611191753097	0.019	0.085	2.14510591867693e-31	GABPA	c4
2.24815383004427e-87	-0.155521382560993	0.044	0.2	7.53985831520246e-83	CBLL1	c4
2.88055152397458e-179	-0.1552628118467	0.108	0.428	9.66079370110596e-175	MAP2K3	c4
7.1582751336183e-06	0.155005652164963	0.003	0.012	0.240074231431291	HNRNPUL2-BSCL2	c4
8.77925934927328e-05	0.153581007350912	0.003	0.011	1	LYRM9	c4
4.13218340099372e-26	-0.153467335368648	0.013	0.061	1.38585166902527e-21	IMPAD1	c4
2.95132056636493e-79	-0.153440566631903	0.041	0.185	9.89813891547471e-75	RNF138	c4
4.94301171997149e-56	-0.152528620339279	0.028	0.13	1.65778727064404e-51	ELL2	c4
4.67495807860322e-08	-0.152448129129985	0.002	0.014	0.00156788744040195	C14orf93	c4
1.09025257146851e-158	-0.152010869826042	0.105	0.398	3.6564890741911e-154	B3GNT2	c4
3.58393287224277e-39	-0.151373619828072	0.019	0.089	1.20197940669278e-34	CAAP1	c4
1.25560854061706e-24	-0.151244718704344	0.01	0.053	4.21105992352149e-20	MYPOP	c4
8.82200788709195e-174	-0.151026738867412	0.109	0.423	2.9587250051729e-169	ARID5A	c4
2.14506698881165e-119	-0.150870233232296	0.072	0.293	7.19412566707651e-115	VOPP1	c4
3.82017766124548e-28	-0.150825137373039	0.016	0.068	1.28121118402851e-23	ZNF689	c4
6.99685690767329e-230	-0.150765931258733	0.144	0.551	2.34660586969547e-225	SPCS2	c4
3.44003616241029e-31	-0.14987302803181	0.013	0.069	1.15371932814916e-26	ANXA2R	c4
1.08315250925899e-21	-0.148576184261516	0.01	0.049	3.6326768855528e-17	PDHX	c4
1.06960742255242e-82	-0.148415322287509	0.036	0.181	3.58724937375631e-78	CCDC32	c4
2.60303636039203e-86	-0.148137216150021	0.04	0.192	8.7300633454828e-82	DAXX	c4
1.05129181000089e-23	-0.147007705188445	0.01	0.052	3.52582247238098e-19	C1orf216	c4
1.77130543768243e-130	-0.146830177009625	0.074	0.31	5.94060417689934e-126	CALCOCO2	c4
3.68003023111704e-18	-0.14675665488233	0.007	0.037	1.23420853891203e-13	ZNF174	c4
1.20616259603715e-99	-0.14666580000644	0.043	0.215	4.0452281145894e-95	HDGF	c4
4.98788178188312e-98	-0.146625896356328	0.05	0.226	1.67283579200796e-93	RBM38	c4
1.42657564674177e-08	-0.145852286126225	0.002	0.015	0.000478444940404255	PRNCR1	c4
9.10620494230716e-197	-0.145641083054973	0.143	0.515	3.05403901355097e-192	CAPZA1	c4
2.25906715334649e-106	-0.145084821812578	0.046	0.229	7.57645941889345e-102	CYB5B	c4
5.98619001598642e-149	-0.145038885641873	0.082	0.346	2.00764840756152e-144	DNTTIP2	c4
3.62190382067275e-10	-0.144827505026832	0.003	0.019	1.21471410337723e-05	METTL1	c4
1.45598732248764e-54	-0.144780454638537	0.028	0.129	4.88309028215905e-50	ALKBH5	c4
1.33426233230635e-08	-0.144775542750739	0.003	0.017	0.000447484901008905	HIST1H1B	c4
1.67981666103154e-49	-0.143500766709099	0.021	0.108	5.63376911776757e-45	C8orf33	c4
1.31140729406503e-117	-0.143411897482876	0.059	0.266	4.39819778283531e-113	BECN1	c4
4.53712012817635e-36	-0.143262030706712	0.017	0.081	1.52165934858778e-31	EGLN1	c4
5.18182871398983e-48	-0.141463880136066	0.028	0.118	1.73788171409791e-43	GTF2F2	c4
1.47424249565838e-52	-0.141156469673873	0.025	0.119	4.94431448193908e-48	MTRF1L	c4
0.000106376204073893	0.140678429615583	0.003	0.01	1	TRAV8-3	c4
4.65727791518939e-158	-0.139821558898766	0.074	0.342	1.56195786719622e-153	WIPI2	c4
2.18710955135584e-125	-0.139197801867529	0.112	0.369	7.33512801333723e-121	TAGAP	c4
2.18013643090499e-27	-0.138994243767289	0.011	0.06	7.31174156196917e-23	OGFOD3	c4
9.27715033836897e-166	-0.138387476642891	0.141	0.474	3.11137068048218e-161	PIK3IP1	c4
5.02760705175066e-59	-0.137490984254633	0.026	0.13	1.68615885301614e-54	ERAL1	c4
3.63465147774326e-51	-0.13659778692171	0.026	0.12	1.21898941260553e-46	GMEB1	c4
3.09508677902345e-19	-0.135987638668789	0.006	0.037	1.03803020394888e-14	AIFM2	c4
6.8215988954443e-28	-0.135783158201385	0.017	0.069	2.28782783755411e-23	TNFSF8	c4
6.0770148078221e-18	-0.135519795159293	0.009	0.041	2.03810922624738e-13	ZNF230	c4
2.64668208561953e-85	-0.134639579495702	0.037	0.185	8.87644237875079e-81	ZNF146	c4
4.19719743739609e-12	-0.13411421736703	0.003	0.022	1.4076560765539e-07	NAT14	c4
7.13708301404979e-78	-0.134107265633028	0.042	0.186	2.39363490125202e-73	VIM-AS1	c4
7.86591766853895e-14	-0.133829991858226	0.005	0.027	2.63807146767459e-09	CENPV	c4
2.9896541156519e-06	-0.133692412900116	0.003	0.013	0.100267019730733	ZIK1	c4
3.49557088465873e-107	-0.132730736511412	0.051	0.24	1.17234456329684e-102	GNL3	c4
5.45144292433735e-113	-0.132445951995741	0.061	0.264	1.82830492796426e-108	CCDC47	c4
4.6104049446473e-83	-0.131318422880501	0.043	0.194	1.54623761033581e-78	MCMBP	c4
8.08068975258139e-71	-0.131218170235612	0.03	0.155	2.71010172922075e-66	ITPA	c4
5.75076607214693e-48	-0.130727313872988	0.023	0.109	1.92869192527664e-43	CEBPZOS	c4
4.85717850295756e-175	-0.130639059802188	0.109	0.426	1.62900052632191e-170	DDX18	c4
7.39141979703974e-59	-0.12991651568514	0.027	0.132	2.47893437153119e-54	LYRM2	c4
1.17143430412678e-05	-0.129900573454695	0.003	0.011	0.392875636918038	AL590399.1	c4
2.19491416339839e-51	-0.129828054451296	0.023	0.114	7.36130312120551e-47	RAD1	c4
5.15090140141752e-59	-0.12809085403614	0.024	0.127	1.72750931200741e-54	IDH3A	c4
1.78764292288306e-33	-0.127546438777294	0.017	0.078	5.99539683476519e-29	POLD2	c4
9.86281137811937e-46	-0.127389998347916	0.035	0.127	3.30778967999367e-41	CCL3L1	c4
2.42512166195136e-08	-0.127318011772934	0.005	0.02	0.000813337302985249	EGR1	c4
7.99958178013288e-121	-0.126711303591533	0.069	0.289	2.68289973742097e-116	PLEKHB2	c4
2.05990565754482e-109	-0.125482470755568	0.057	0.253	6.90851159427383e-105	RAB5A	c4
7.42440047547807e-177	-0.12520379649926	0.163	0.523	2.48999543146584e-172	JUND	c4
4.46132156401549e-07	-0.124982854797555	0.002	0.013	0.0149623802613951	ZFP69	c4
1.18847256485027e-10	-0.124026387929634	0.003	0.02	3.98589928799485e-06	E2F1	c4
3.66114994591709e-44	-0.124025037646941	0.021	0.101	1.22787646886167e-39	ZFYVE21	c4
5.26935996593662e-38	-0.123648812647128	0.017	0.085	1.76723794537582e-33	PGM2	c4
1.07795027734259e-57	-0.123333640599732	0.028	0.132	3.61522964015159e-53	NSL1	c4
7.50315519547518e-82	-0.122783021382786	0.043	0.192	2.51640818945847e-77	FBXL3	c4
1.30539044209747e-18	-0.122304602649267	0.006	0.038	4.37801846470648e-14	CASP6	c4
3.86762822240114e-121	-0.12174012606733	0.067	0.285	1.29712515322889e-116	PRPF6	c4
4.5257997160753e-54	-0.121575105823225	0.026	0.124	1.51786270877733e-49	LMNB2	c4
1.17346786547886e-43	-0.120840343700547	0.02	0.099	3.935576527243e-39	TIMM29	c4
8.92743701790349e-05	0.12078837455832	0.003	0.01	1	ZFP57	c4
9.86862357081893e-13	-0.120238295120488	0.008	0.032	3.30973897318125e-08	MAFF	c4
9.56084708635342e-45	-0.120077632217734	0.022	0.104	3.20651689582121e-40	BBS7	c4
2.99337922861425e-72	-0.119821769105616	0.035	0.164	1.00391952569265e-67	USE1	c4
5.76643392959067e-163	-0.118950291318365	0.091	0.378	1.93394661130612e-158	WBP2	c4
6.9578447805977e-07	-0.118721662588462	0.003	0.013	0.0233352198251686	BCAR3	c4
2.45571266297497e-12	-0.118705306674246	0.006	0.027	8.23596912908545e-08	RGS3	c4
1.94224032729772e-104	-0.117972059034144	0.045	0.225	6.51388560969109e-100	RBCK1	c4
1.59831820436188e-10	-0.117935932690668	0.004	0.021	5.36043959378888e-06	CPQ	c4
2.56692046463037e-21	-0.117832883731672	0.01	0.048	8.60893785427733e-17	TIMM10B	c4
1.3425998053662e-160	-0.117162604387922	0.102	0.396	4.50281122723715e-156	XRN2	c4
2.3355650112166e-09	-0.117054529028117	0.005	0.02	7.83301793461823e-05	SHLD3	c4
1.86713902732265e-37	-0.114799151376988	0.017	0.084	6.26201086983471e-33	PPIL3	c4
1.18377751857107e-157	-0.114554364932154	0.096	0.382	3.97015304178367e-153	HNRNPL	c4
5.86316159995865e-164	-0.113593380920778	0.095	0.388	1.96638713739413e-159	RNF114	c4
8.37763811661319e-129	-0.113142478860239	0.082	0.32	2.80969227154973e-124	MIR4435-2HG	c4
4.88857002875585e-81	-0.112700692634258	0.484	0.885	1.63952861624414e-76	SQSTM1	c4
0.000159314868465291	0.112165293676	0.003	0.01	1	CCNI2	c4
6.14252924947309e-49	-0.11180237074888	0.026	0.116	2.06008145968829e-44	VAMP4	c4
2.36447231692641e-59	-0.111603976365431	0.031	0.14	7.92996725650779e-55	RNF6	c4
1.1771292813897e-78	-0.11158419863699	0.044	0.19	3.94785618392478e-74	PCED1B	c4
5.34123928787026e-60	-0.111358458975891	0.026	0.131	1.79134483236593e-55	RPP30	c4
7.73446947784049e-08	-0.111019306277215	0.003	0.016	0.00259398637347815	CRYBB2	c4
2.67910462199874e-13	-0.110366372811501	0.004	0.025	8.98518108125938e-09	ZNF771	c4
1.07844735919175e-50	-0.109817721381612	0.023	0.114	3.61689675325728e-46	FBXL12	c4
1.85612892189929e-66	-0.109653920527611	0.031	0.15	6.22508517826585e-62	BCKDK	c4
9.31120295093259e-06	-0.10957599284411	0.002	0.01	0.312279124568377	HSBP1L1	c4
7.46591725444021e-21	-0.109297732633943	0.015	0.055	2.50391932879416e-16	TNFSF13B	c4
8.71287357773548e-133	-0.108728177724076	0.078	0.32	2.92212354050093e-128	GARS	c4
4.96636978909308e-89	-0.108072386177578	0.044	0.203	1.66562109986604e-84	LIMS1	c4
8.06144962449034e-26	-0.108014448134544	0.01	0.055	2.70364897506157e-21	ZWILCH	c4
2.85653512161936e-79	-0.106262837123377	0.039	0.182	9.58024749088701e-75	ZGPAT	c4
1.51651920086006e-45	-0.106223469851962	0.026	0.111	5.08610209584446e-41	SNHG9	c4
2.91712938891199e-40	-0.10610557294728	0.018	0.09	9.78346854453305e-36	NUP37	c4
2.24289417796023e-06	-0.105900859105756	0.002	0.011	0.0752221849404301	TOLLIP-AS1	c4
1.18224010009444e-129	-0.105419569151571	0.093	0.343	3.96499684769675e-125	SNHG15	c4
3.52577461260175e-93	-0.105287435035534	0.052	0.222	1.18247428957438e-88	NCK1	c4
1.83750980404589e-06	0.10491586005111	0.002	0.011	0.0616264038080911	MUC12	c4
2.16140597561131e-12	-0.10436796398201	0.005	0.026	7.24892336100522e-08	ZNF362	c4
2.0090726502999e-135	-0.104192829324716	0.089	0.343	6.73802785457581e-131	SYT11	c4
1.96099615206476e-180	-0.104063236625016	0.301	0.798	6.57678889479479e-176	DDX24	c4
1.73407388540315e-14	-0.103635707171316	0.004	0.027	5.8157369968651e-10	CHAF1B	c4
2.57026101770508e-26	-0.103276668769072	0.013	0.06	8.62014140117931e-22	RNF146	c4
5.09435341644343e-70	-0.103232632725205	0.033	0.158	1.7085442488068e-65	IFI35	c4
1.71621696686759e-15	-0.102972109808674	0.007	0.033	5.75584846348053e-11	WDYHV1	c4
1.23876582898898e-27	-0.10141211458581	0.012	0.062	4.15457283726324e-23	NAA80	c4
1.23827668900068e-10	-0.101224137481926	0.004	0.022	4.15293235957049e-06	FAM161A	c4
4.8758040940853e-80	-0.100551139620926	0.036	0.177	1.63524717707433e-75	DUSP12	c4
6.62616975389387e-58	-0.100306750387922	0.026	0.13	2.22228481206093e-53	EXOSC8	c4
2.27075072400554e-204	-0.100270286944934	0.15	0.536	7.61564377816976e-200	NDFIP1	c4
2.80998136657821e-51	-0.100198862519146	0.022	0.112	9.42411550722999e-47	C15orf40	c4
9.6381834985926e-24	-0.100051217830393	0.009	0.051	3.23245398175798e-19	AC073332.1	c4
