# factor-levels: seurat_clusters=c1|c2|c3|c4|c5|c6|c7|c8|c9|c10|c11|c12|c13

p_val	avg_log2FC	pct.1	pct.2	p_val_adj	gene	seurat_clusters
2.29949083647373e-188	4.74254794032752	0.033	0.001	7.7120323673656e-184	TNFRSF8	c9
7.48556293998331e-104	4.71258954125534	0.016	0.001	2.5105080988116e-99	FAM131C	c9
8.14051801849349e-279	4.68261142818061	0.057	0.003	2.73016693304235e-274	CAVIN3	c9
1.49971081487076e-155	4.42259215464481	0.028	0.001	5.02973013091354e-151	ADORA2B	c9
0	4.38290312409509	0.177	0.011	0	NPW	c9
2.57280021822964e-33	3.79001164415114	0.01	0.001	8.62865737189856e-29	RBP1	c9
2.10062380391301e-45	3.56262406561546	0.01	0.001	7.04507211356344e-41	CAV2	c9
1.69889379014583e-45	3.52636184118066	0.01	0.001	5.6977499933911e-41	SNCB	c9
3.90965628543573e-66	3.44711759021151	0.023	0.003	1.31122052500943e-61	CSF2	c9
0	3.42887222575613	0.404	0.045	0	GNG4	c9
3.78847465193663e-67	3.41144215989898	0.023	0.003	1.27057862876651e-62	EPYC	c9
1.02068034534172e-43	3.33417693219845	0.01	0.001	3.42315774220707e-39	EFNB3	c9
1.23765204034665e-202	3.3117127765133	0.049	0.004	4.15083741291459e-198	LINC02341	c9
0	3.25879337813749	0.107	0.01	0	EBI3	c9
2.62323170067505e-56	3.22678272384531	0.013	0.001	8.79779447772399e-52	NDRG4	c9
3.91501971531719e-42	3.08527983924379	0.01	0.001	1.31301931212308e-37	RBPMS2	c9
3.73867244229616e-58	3.03680626619963	0.015	0.001	1.25387596369729e-53	CD24	c9
4.68956906072344e-47	3.00639011640883	0.014	0.001	1.57278767158543e-42	COL6A1	c9
2.21579918733838e-46	2.97794515114759	0.014	0.001	7.43134731449547e-42	MAOB	c9
2.89297594062325e-133	2.96646193023649	0.041	0.004	9.70246270966225e-129	LPL	c9
2.77908468598932e-43	2.92829102636894	0.014	0.001	9.320494219871e-39	ITGAX	c9
1.83378745852774e-36	2.91778380725979	0.011	0.001	6.15015637841034e-32	GRIK4	c9
1.97041668154806e-188	2.90116762013343	0.059	0.006	6.60838346657588e-184	STAC	c9
0	2.87111126653304	0.16	0.022	0	AC022075.1	c9
9.62667163548208e-100	2.84088508350786	0.036	0.004	3.22859313310798e-95	CCND1	c9
6.39608058244062e-46	2.79317043265678	0.013	0.001	2.14511750573894e-41	CNKSR3	c9
1.40144235114066e-93	2.79205129252997	0.032	0.004	4.70015735725556e-89	TMOD1	c9
0	2.78617877037586	0.124	0.017	0	IRF8	c9
2.08779242432056e-41	2.78492474303842	0.012	0.001	7.0020382326863e-37	TMEM178B	c9
2.58247848216478e-79	2.76051494221389	0.03	0.004	8.66111633348423e-75	CHGB	c9
1.57990326701203e-64	2.75592482413571	0.026	0.004	5.29867957690493e-60	MT3	c9
1.82243122584337e-160	2.74619950374517	0.058	0.007	6.11206984523349e-156	NTRK1	c9
8.10839884645852e-72	2.72195672479186	0.023	0.003	2.71939480512526e-67	GNG8	c9
1.3399542968262e-287	2.68193930340127	0.143	0.024	4.4939387206957e-283	BEX3	c9
5.89344280803425e-117	2.67969407367708	0.044	0.005	1.97654284895853e-112	FAIM2	c9
2.16190560566422e-39	2.63370576726383	0.013	0.002	7.25059902027667e-35	P4HA2	c9
2.93525371290627e-155	2.60987095601154	0.056	0.007	9.84425390234505e-151	CD160	c9
5.95877498694757e-34	2.59951395749147	0.015	0.002	1.99845395512248e-29	IL11	c9
3.43065181285543e-89	2.57996394908437	0.035	0.005	1.15057200499546e-84	NPB	c9
0	2.55275389615369	0.156	0.023	0	CAV1	c9
1.64932429653174e-53	2.50404893443044	0.019	0.002	5.53150382570815e-49	PHF21B	c9
4.92701474184895e-284	2.49123246156961	0.161	0.03	1.6524222041213e-279	IL2RA	c9
2.28902341811995e-127	2.48857277085214	0.05	0.006	7.6769267396907e-123	ITGB8	c9
4.89256771608174e-32	2.48340038317195	0.011	0.001	1.64086936061949e-27	TNFSF11	c9
8.44985511479834e-87	2.48174316540181	0.04	0.006	2.83391240840107e-82	MGLL	c9
0	2.47575057030693	0.322	0.09	0	NMB	c9
3.85060307317739e-52	2.46823392841516	0.024	0.004	1.29141525868223e-47	TSPAN13	c9
1.40241032218687e-90	2.46618978479226	0.041	0.006	4.70340373855031e-86	NTRK2	c9
3.80829405986013e-74	2.46227579566706	0.03	0.004	1.27722566179589e-69	LINC00519	c9
5.65708915200515e-121	2.46075542332482	0.065	0.012	1.89727455979949e-116	IL1RN	c9
4.98977843701666e-32	2.45452337889177	0.014	0.002	1.67347189220665e-27	HTRA1	c9
0	2.41492177764296	0.235	0.043	0	TNFRSF4	c9
4.77732355049963e-39	2.36930573236948	0.014	0.002	1.60221877236657e-34	CRISPLD2	c9
1.82545859586994e-92	2.36754059151702	0.043	0.007	6.12222303882862e-88	COL6A2	c9
2.81494458948735e-35	2.3636729648727	0.016	0.002	9.44076116422268e-31	NCF2	c9
2.35566041689439e-10	2.35799161041115	0.013	0.004	7.90041390618042e-06	IGKV4-1	c9
5.26635234252919e-119	2.35743811577404	0.052	0.008	1.76622924863744e-114	PON3	c9
1.6732963989504e-41	2.34174275648278	0.019	0.003	5.61190146279984e-37	MCEMP1	c9
1.99879746030492e-45	2.34118353628254	0.023	0.004	6.70356692237063e-41	PTHLH	c9
2.48137397582137e-50	2.32480016615049	0.03	0.006	8.3220320401097e-46	FXYD6	c9
4.46045040157554e-28	2.31532721899167	0.017	0.003	1.49594585568041e-23	PYCR1	c9
0	2.31218815079943	0.302	0.06	0	FNDC9	c9
0	2.29949380694748	0.523	0.117	0	XCL1	c9
0	2.29087978755575	0.727	0.194	0	TNFRSF18	c9
4.48905801266255e-29	2.25408516030648	0.015	0.003	1.50554027628677e-24	PHEX	c9
2.95246640132453e-211	2.23214254200216	0.113	0.02	9.90198181676222e-207	CXXC5	c9
1.33659597815533e-143	2.22038391304643	0.079	0.014	4.48267559153733e-139	AL606807.1	c9
7.71968781138981e-97	2.19888936095156	0.046	0.007	2.58902889818391e-92	ENOX1	c9
8.86453294556239e-23	2.19158160931949	0.011	0.002	2.97298705928271e-18	PROC	c9
3.49095095016555e-66	2.18226874184949	0.037	0.007	1.17079512966652e-61	GREB1	c9
8.61614453283327e-108	2.17928070747871	0.061	0.011	2.88968255342162e-103	BHLHE40-AS1	c9
1.48020543597518e-219	2.1702083317514	0.116	0.02	4.96431299117354e-215	LHFPL6	c9
6.91015248556238e-91	2.16743240139538	0.043	0.007	2.31752694060791e-86	SHF	c9
2.20061823235335e-56	2.14309052870963	0.029	0.005	7.38043342766668e-52	NUDT11	c9
1.92424744316043e-75	2.13592061975431	0.048	0.01	6.45354107487146e-71	AL359834.1	c9
9.21123638359855e-36	2.13144594466782	0.021	0.004	3.08926445833128e-31	ACTN1	c9
4.06206758786888e-298	2.12122691845189	0.182	0.036	1.36233622761946e-293	VDR	c9
1.07365408561077e-23	2.11348000656402	0.012	0.002	3.6008210723214e-19	AC073611.1	c9
3.00095772794309e-134	2.07451070040899	0.078	0.015	1.00646120279755e-129	TRABD2A	c9
1.09733948879617e-134	2.07395171696631	0.092	0.02	3.68025717752458e-130	BASP1	c9
1.14131886630713e-18	2.07192474064891	0.01	0.002	3.82775521382086e-14	MYL9	c9
7.208766637161e-40	2.06723069963816	0.022	0.004	2.41767615477105e-35	LYN	c9
4.10524710358506e-171	2.04411075704293	0.101	0.019	1.37681777360036e-166	LINC01588	c9
1.45264152175511e-47	2.04222866020123	0.028	0.005	4.8718691356623e-43	MYO1E	c9
4.10899219835384e-59	2.0298738302256	0.033	0.006	1.37807380348391e-54	F5	c9
1.94771418681532e-18	2.02292706482461	0.01	0.002	6.53224383974124e-14	SCN1B	c9
1.74782403731059e-19	2.01460293287647	0.013	0.003	5.86185225633224e-15	CDK14	c9
2.2245027641518e-30	1.99696388463363	0.018	0.004	7.4605373704123e-26	G0S2	c9
2.45134911020427e-45	1.97816453512385	0.026	0.005	8.22133464580308e-41	TCEAL9	c9
7.59623533007552e-28	1.94362547299328	0.016	0.003	2.54762540500073e-23	STRIP2	c9
1.16135782082421e-138	1.94147681216017	0.09	0.018	3.89496185948023e-134	CCR4	c9
6.89805531525933e-37	1.93820372111808	0.022	0.004	2.31346979163168e-32	RAB13	c9
1.11847154145966e-41	1.93221662565163	0.019	0.003	3.75112985574739e-37	UCP3	c9
2.19818562358461e-136	1.92977513046412	0.084	0.017	7.37227494437808e-132	IRF5	c9
2.62509549242744e-69	1.92297538111409	0.042	0.008	8.80404526250315e-65	MDK	c9
1.09975630281729e-57	1.90885287086661	0.034	0.007	3.68836268838863e-53	LINC01281	c9
3.76165467134705e-145	1.90704606005227	0.111	0.026	1.26158374367637e-140	ATP1B1	c9
5.88818131554856e-109	1.90118744096633	0.074	0.016	1.97477824960868e-104	EGR2	c9
1.84593267763343e-74	1.88774076596733	0.056	0.013	6.190889014247e-70	BARX2	c9
0	1.88368778701116	0.602	0.201	0	XCL2	c9
2.40773382762901e-35	1.87120051216672	0.024	0.005	8.07505771110218e-31	PXDC1	c9
3.04279814347972e-41	1.87099784486085	0.027	0.006	1.02049364136023e-36	CTTN	c9
3.37988514567826e-38	1.85328524149677	0.024	0.005	1.13354588015758e-33	TUBB6	c9
4.92463653100699e-18	1.84340557201988	0.012	0.003	1.65162459976912e-13	ST6GALNAC5	c9
1.5304423572534e-17	1.83771263794213	0.011	0.002	5.13279757775645e-13	CLSTN2	c9
3.28817771083268e-70	1.833461424679	0.046	0.01	1.10278904065906e-65	FAM92A	c9
9.80329310376577e-40	1.81328031277153	0.035	0.009	3.28782844114096e-35	CTSL	c9
7.92064114869364e-53	1.81102182153725	0.033	0.006	2.65642462844887e-48	DHX32	c9
4.05467830584864e-34	1.8030638347637	0.019	0.004	1.35985801021552e-29	AL121787.1	c9
2.3317426894115e-17	1.80034142095135	0.012	0.003	7.82019863174827e-13	RAI2	c9
0	1.79688318779991	0.427	0.144	0	PDLIM4	c9
5.53698858116778e-60	1.78081268463261	0.038	0.008	1.85699523035205e-55	BTNL8	c9
3.95454727444081e-67	1.77806986202786	0.051	0.012	1.32627606490196e-62	FAM174B	c9
1.65136078761232e-29	1.77279219710613	0.018	0.004	5.53833380949418e-25	JAM2	c9
7.36995930005383e-141	1.76307851492308	0.109	0.025	2.47173695005205e-136	DIXDC1	c9
6.87029604570313e-174	1.75812337196152	0.133	0.031	2.30415988780792e-169	ATL1	c9
7.09928227717616e-101	1.7553105728678	0.082	0.02	2.38095729011934e-96	NIPAL4	c9
1.55577994452102e-290	1.74884519536733	0.267	0.072	5.21777477793461e-286	GADD45A	c9
9.0734484521513e-162	1.74846575387797	0.125	0.029	3.0430531418825e-157	PON2	c9
0	1.74166229809115	0.366	0.113	0	BCL2L1	c9
5.67071006626543e-16	1.73754952709832	0.01	0.002	1.9018427420241e-11	PLEKHG5	c9
1.41237900627473e-147	1.73605951442394	0.113	0.026	4.73683671124418e-143	SORD	c9
1.95352748046245e-31	1.73574249074714	0.021	0.005	6.55174046397496e-27	POU2AF1	c9
1.71787142405596e-30	1.7280249681241	0.018	0.004	5.76139718199889e-26	AC106739.2	c9
9.4563919649298e-151	1.7211126174024	0.107	0.023	3.17148473719816e-146	PLAGL1	c9
1.46736229089048e-99	1.71670918848275	0.082	0.02	4.92123965118851e-95	TMEM121	c9
7.34897131235053e-67	1.71633135524279	0.047	0.01	2.46469799873612e-62	ETNK2	c9
1.95260085351044e-69	1.70994197283776	0.048	0.01	6.54863274250331e-65	XXYLT1-AS2	c9
1.94089748062839e-44	1.70522999736745	0.03	0.006	6.50938197053149e-40	NLGN4Y	c9
3.63055840081219e-18	1.70512354565268	0.011	0.002	1.21761667646439e-13	C1QTNF12	c9
7.40968916499058e-38	1.70015881336062	0.029	0.007	2.48506155215454e-33	AL357992.1	c9
1.34690857066948e-36	1.69832071646204	0.023	0.005	4.51726196431129e-32	RAB31	c9
6.28825283020813e-17	1.69699682185302	0.011	0.002	2.1089542341952e-12	ZNF469	c9
2.25625300464985e-277	1.69648989875604	0.21	0.048	7.56702132699465e-273	PHACTR2	c9
1.37172123289985e-50	1.68985628688627	0.036	0.008	4.60047867089952e-46	COL6A3	c9
2.02140938010005e-61	1.6872182734046	0.038	0.008	6.77940277897955e-57	SLC35G2	c9
1.64535330206155e-87	1.68245418232653	0.059	0.012	5.51818590445403e-83	ANKRD33B	c9
9.5215042617592e-83	1.68140989581181	0.065	0.016	3.1933220993088e-78	FGFR1	c9
6.18605105811289e-29	1.68074360592012	0.019	0.004	2.0746778038699e-24	CYBRD1	c9
1.816602523031e-84	1.6796114372717	0.068	0.016	6.09252154174137e-80	CCDC50	c9
3.17832770108325e-15	1.67596789778083	0.01	0.002	1.0659475443893e-10	SLC30A3	c9
1.20081792368747e-23	1.66961366773715	0.016	0.004	4.02730315246304e-19	RASAL1	c9
1.33871212424374e-73	1.6689193131189	0.059	0.014	4.48977272228865e-69	TGFBR3L	c9
4.40287467450213e-17	1.65746250109346	0.013	0.003	1.47663610833452e-12	LAIR2	c9
7.85953480727796e-59	1.65576025614265	0.044	0.01	2.63593078366488e-54	SUOX	c9
2.37246356122624e-70	1.65132143128546	0.048	0.01	7.95676829164055e-66	CLIC4	c9
5.38059173667068e-93	1.64904702484843	0.075	0.018	1.80454285664461e-88	CAMK1	c9
6.63296589941574e-19	1.64344263734647	0.013	0.003	2.22456410334605e-14	FES	c9
0	1.64255040579111	0.274	0.071	0	ZBED2	c9
1.57066761961434e-118	1.63671585418065	0.088	0.02	5.26770506266258e-114	CPM	c9
5.80448549318175e-33	1.62116224837041	0.024	0.006	1.9467083447033e-28	AC112721.2	c9
5.29120358064606e-19	1.62072058342611	0.021	0.007	1.77456385687708e-14	AL391056.1	c9
6.87635991402497e-158	1.61685068593375	0.13	0.032	2.3061935879657e-153	TRIP10	c9
2.7658740036202e-102	1.61670251786501	0.073	0.016	9.27618823334142e-98	ICA1	c9
3.65170172657339e-32	1.60931657366633	0.024	0.006	1.22470772505818e-27	ZNF704	c9
1.88161303587143e-159	1.60800855101174	0.14	0.035	6.3105537997056e-155	C16orf45	c9
3.55507326261254e-37	1.60251326933928	0.022	0.004	1.19230047081499e-32	AC008074.3	c9
2.23960916301801e-33	1.60165529217346	0.025	0.006	7.51120121092979e-29	IL4I1	c9
2.14043398041679e-25	1.59143056721908	0.017	0.004	7.17858748352184e-21	TMEM63C	c9
3.32740938828595e-20	1.59074980360047	0.016	0.004	1.11594656064334e-15	NUDT10	c9
4.98118791838663e-125	1.58773273979288	0.124	0.034	1.67059080406851e-120	EPAS1	c9
1.64088296627606e-46	1.58431274321796	0.035	0.008	5.50319329229666e-42	CFAP57	c9
1.18070185090929e-81	1.58299170968694	0.098	0.031	3.95983786757959e-77	IGFBP2	c9
6.80888887484675e-222	1.57770971177199	0.213	0.058	2.2835651508461e-217	ARMH1	c9
6.18530741118805e-38	1.57769893443859	0.028	0.006	2.07442839956425e-33	NCR3LG1	c9
9.46938046967056e-96	1.57628121484725	0.07	0.016	3.17584082191811e-91	MAGEF1	c9
1.78164157244431e-23	1.56730517194267	0.018	0.004	5.97526950566373e-19	CDHR1	c9
1.02513644018044e-84	1.56408723284758	0.069	0.017	3.43810259307715e-80	COL9A2	c9
1.3339744745782e-36	1.56336050711649	0.026	0.006	4.47388359284035e-32	DENND5A	c9
8.43338454937282e-14	1.56196390246121	0.01	0.002	2.82838851016866e-09	AC124798.1	c9
1.36453805862048e-15	1.55892717256492	0.012	0.003	4.57638774100136e-11	ASCL2	c9
0	1.55888215468191	0.752	0.428	0	CRTAM	c9
3.73493360413444e-266	1.55443555381734	0.296	0.09	1.25262203215461e-261	BCAT1	c9
4.6009151484682e-19	1.5509108025787	0.013	0.003	1.54305492249326e-14	RGS4	c9
8.52419380343571e-41	1.54952105317865	0.043	0.013	2.85884411779627e-36	MFSD2A	c9
2.94373535944203e-15	1.54776724899529	0.013	0.003	9.87269964849667e-11	SPIB	c9
1.25565133162617e-16	1.52495171969395	0.011	0.002	4.21120343600785e-12	RTN2	c9
4.03908500549624e-204	1.51665889613067	0.203	0.056	1.35462832914333e-199	PCSK1N	c9
7.80231124831636e-78	1.51530119567962	0.091	0.028	2.61673914646034e-73	NCR3	c9
5.22923326571513e-69	1.51335323144882	0.061	0.016	1.75378025265554e-64	EVC	c9
1.06549206003457e-18	1.50558066234113	0.017	0.005	3.57344727094394e-14	TSPAN4	c9
4.87410732947499e-18	1.50032305920233	0.016	0.004	1.63467811615932e-13	TMPRSS3	c9
1.3256964273995e-36	1.50002459910379	0.032	0.008	4.44612067821245e-32	LINC02099	c9
8.09475778674128e-17	1.49352199197951	0.016	0.005	2.71481986651729e-12	JAG1	c9
2.08982096191172e-29	1.49344985110066	0.022	0.005	7.00884154205951e-25	CARMIL3	c9
8.58417241792011e-46	1.48398901712343	0.038	0.009	2.87895974552205e-41	TMEM217	c9
4.32739439537522e-191	1.47368848830786	0.221	0.068	1.45132153232094e-186	MAL	c9
1.65768759056878e-41	1.4729642711374	0.032	0.008	5.55955264124957e-37	RILP	c9
1.92623506575171e-27	1.47103017387995	0.019	0.004	6.46020716351808e-23	PTP4A3	c9
1.55384237113799e-122	1.46947169710161	0.117	0.031	5.21127654432258e-118	MAMLD1	c9
1.69283037588872e-38	1.46283409498565	0.031	0.007	5.67741451465558e-34	AGMAT	c9
1.14239661037871e-122	1.45799638076385	0.102	0.025	3.8313697518881e-118	BTLA	c9
5.09923412191395e-100	1.45731691578373	0.102	0.029	1.7101811398075e-95	PHLDA2	c9
4.94609930456073e-62	1.45561108797641	0.052	0.013	1.65882278476358e-57	ZBTB10	c9
1.72310166665859e-117	1.45490687365345	0.13	0.038	5.77893836963959e-113	BATF3	c9
5.31266433605988e-13	1.45040601757527	0.011	0.003	1.78176136502776e-08	LIPC	c9
2.47636822179419e-48	1.44116687944912	0.046	0.012	8.30524374225334e-44	LINC01480	c9
9.57787507860419e-15	1.43950249472021	0.036	0.017	3.21222774386227e-10	FXYD2	c9
1.60333554581301e-14	1.43376429427951	0.013	0.003	5.37726675354766e-10	PHKA1	c9
7.30228655145873e-188	1.4329704582919	0.229	0.072	2.44904086362823e-183	SEMA4A	c9
7.58798736920508e-28	1.42805296618902	0.027	0.008	2.544859203884e-23	NHS	c9
8.07098007326499e-73	1.42735995970661	0.068	0.018	2.70684529697161e-68	CAMK2N1	c9
6.06197936462214e-13	1.42329709389692	0.012	0.004	2.03306663930697e-08	FZD3	c9
3.32136209759227e-186	1.41807711680836	0.222	0.069	1.11391842029049e-181	MTSS1	c9
2.03922666921578e-38	1.41209819534931	0.035	0.009	6.83915840321587e-34	H2AFY2	c9
0	1.41014829892564	0.718	0.312	0	TRAF1	c9
1.10590969384607e-92	1.40913475213561	0.097	0.028	3.70899993122096e-88	CD109	c9
4.38946182230869e-46	1.40387865123757	0.045	0.012	1.47213770596589e-41	CLIP3	c9
2.03555605129968e-10	1.39803792803512	0.01	0.003	6.82684788484888e-06	MGST2	c9
1.74343617215671e-43	1.39774025134264	0.043	0.012	5.84713623417916e-39	MYLPF	c9
4.43210774914352e-93	1.39760496385788	0.128	0.043	1.48644029690776e-88	LINC02384	c9
1.11266354826901e-173	1.39719702230635	0.242	0.083	3.73165100818461e-169	ID3	c9
8.55337083826375e-128	1.39655540690786	0.125	0.034	2.8686295117369e-123	L1CAM	c9
1.06183828197673e-20	1.39296661069177	0.014	0.003	3.56119323009356e-16	SHB	c9
8.00664403573105e-154	1.39146274319531	0.188	0.059	2.68526827670348e-149	LMCD1	c9
2.39106433278075e-130	1.38808546303169	0.154	0.047	8.01915155928007e-126	KIAA1324	c9
1.34956140040405e-181	1.38536099034937	0.344	0.141	4.52615902467511e-177	TNFSF4	c9
5.92305785398464e-64	1.38206795238607	0.066	0.019	1.98647514306937e-59	EPB41L2	c9
4.69503176051495e-124	1.38153564999035	0.133	0.038	1.5746197518415e-119	DRAIC	c9
2.66778239060465e-26	1.37966171388806	0.026	0.007	8.94720858160987e-22	MN1	c9
2.66494108100235e-14	1.37556563111202	0.012	0.003	8.93767939746569e-10	RNF207	c9
2.83081293187443e-43	1.37350513449138	0.041	0.011	9.49398041092048e-39	REEP2	c9
8.20118573919959e-15	1.36654088201319	0.014	0.004	2.75051367321276e-10	SPTBN4	c9
2.80331396867462e-13	1.3656074805971	0.012	0.003	9.40175438814092e-09	H1FX-AS1	c9
9.71709636939201e-13	1.36240376340082	0.012	0.004	3.25891978036669e-08	TST	c9
7.36565948979676e-171	1.36150746460163	0.207	0.065	2.47029487968804e-166	KRT86	c9
2.18862293452747e-227	1.36147049606028	0.25	0.073	7.34020359781822e-223	AC008105.3	c9
7.44624495430285e-14	1.3609735351252	0.012	0.003	2.49732163277409e-09	TPST1	c9
1.9607622293076e-85	1.36055954099198	0.099	0.03	6.57600436465182e-81	SMCO4	c9
6.44080211265039e-15	1.35886984541558	0.014	0.004	2.16011621254069e-10	ASMT	c9
6.29717249124607e-07	1.34815007967816	0.011	0.004	0.0211194571011411	PLS3	c9
7.0407028086047e-44	1.34655792940714	0.036	0.009	2.36131090794984e-39	MCAM	c9
9.89938192023881e-27	1.34614439741908	0.029	0.009	3.32005470840969e-22	LAPTM4B	c9
1.35351275317706e-14	1.34444782004776	0.012	0.003	4.53941107160523e-10	LBX2	c9
8.69514087068524e-47	1.32707654015279	0.061	0.02	2.91617634521042e-42	RORC	c9
5.03647116377954e-27	1.32174885716817	0.023	0.006	1.68913169890838e-22	HHAT	c9
1.92703566219551e-22	1.31816226365491	0.02	0.005	6.46289220387132e-18	ARMCX4	c9
1.2612983958923e-19	1.31810413235981	0.015	0.004	4.23014256014359e-15	USP51	c9
5.1364702213839e-217	1.31035180874282	0.274	0.087	1.72266938284773e-212	NPDC1	c9
1.12747763158649e-20	1.30959037722232	0.015	0.004	3.78133448081477e-16	CLIP2	c9
5.14502238499424e-136	1.30437329123739	0.146	0.042	1.72553760747937e-131	HIPK2	c9
1.21534272439187e-66	1.30424269007685	0.077	0.023	4.07601642906545e-62	B3GNT5	c9
5.70097082319677e-52	1.3034406393345	0.054	0.015	1.91199159468373e-47	EVA1B	c9
2.30179463863238e-22	1.3022869951171	0.035	0.013	7.71975885904529e-18	LST1	c9
1.13534239687857e-23	1.29730443809335	0.022	0.006	3.80771133065136e-19	TNK2-AS1	c9
7.88904464369261e-11	1.29603723919013	0.01	0.003	2.64582779260163e-06	OXT	c9
1.01098461761249e-10	1.29511424955704	0.012	0.004	3.39064021054877e-06	IL21-AS1	c9
6.73512974716736e-125	1.29125368336411	0.136	0.04	2.25882781460499e-120	IGFBP4	c9
9.04855906873973e-61	1.28798671136744	0.065	0.019	3.03470574047393e-56	EPOP	c9
2.02290901925959e-115	1.28491394246857	0.179	0.064	6.78443226879282e-111	CD9	c9
2.77212072744921e-11	1.28310450037158	0.01	0.003	9.29713849571916e-07	AHRR	c9
1.43409910208939e-112	1.28106541344276	0.118	0.033	4.8096815685874e-108	MOB1B	c9
0	1.28064070750118	0.542	0.211	0	NDFIP2	c9
5.26894966629894e-29	1.28041095516936	0.031	0.009	1.76710033908334e-24	HSBP1L1	c9
1.100239621506e-134	1.27631279118815	0.16	0.049	3.68998364260684e-130	DOT1L	c9
3.27364316408437e-29	1.27551434679209	0.029	0.008	1.09791444437062e-24	ZBTB46	c9
3.58481165598707e-12	1.27178568851667	0.013	0.004	1.20227413318494e-07	TLE1	c9
1.96185575708746e-141	1.27031078475642	0.235	0.087	6.57967183811994e-137	CD83	c9
2.05570027007995e-19	1.26894389366373	0.023	0.007	6.89440756579414e-15	KCNK1	c9
4.0605024101297e-16	1.26631500284891	0.015	0.004	1.3618112983093e-11	PPP2R3A	c9
7.23889826905129e-13	1.26391571957288	0.011	0.003	2.42778170147442e-08	CYSLTR2	c9
2.01576213377575e-75	1.26382108807519	0.091	0.028	6.76046304425711e-71	DBN1	c9
2.19531479558889e-13	1.26360201235365	0.014	0.004	7.36264676144604e-09	PLK2	c9
3.49364032048076e-30	1.26220463466571	0.031	0.009	1.17169709068284e-25	ZNF395	c9
8.13962830411858e-50	1.26110957903062	0.058	0.018	2.72986854063529e-45	AC018816.1	c9
2.51889481195125e-262	1.25789926886058	0.431	0.164	8.44786942032211e-258	CDK6	c9
8.43400581625578e-17	1.25190509102357	0.019	0.006	2.82859687065586e-12	DERL3	c9
2.99409813631538e-41	1.23955120019363	0.036	0.009	1.00416063295745e-36	ACY1	c9
9.85953895944671e-14	1.23434662576658	0.016	0.005	3.30669217621924e-09	ICA1L	c9
8.37023941119597e-08	1.23259104939147	0.01	0.003	0.0028072108937269	P2RY14	c9
9.24641379790174e-86	1.2289735655901	0.099	0.03	3.10106225954028e-81	FLVCR2	c9
3.30877353333852e-52	1.22672496514987	0.057	0.017	1.10969646761107e-47	CERS6	c9
1.50513857695177e-16	1.22654499368887	0.019	0.006	5.04793375938085e-12	MMP9	c9
2.73939548441589e-251	1.22315273473224	0.4	0.148	9.187384575634e-247	LAYN	c9
4.00616444904684e-15	1.22197366865928	0.014	0.004	1.34358743292133e-10	AC040970.1	c9
1.00789872746943e-54	1.22071973499375	0.065	0.02	3.38029075218699e-50	COPG2	c9
3.60623167076033e-11	1.2180211589702	0.012	0.004	1.2094579777396e-06	LINC01146	c9
1.17431467601551e-16	1.21796937842475	0.016	0.005	3.93841656042083e-12	NCKAP1	c9
1.03392089547563e-66	1.21739774245807	0.109	0.04	3.46756389924616e-62	MYC	c9
1.19702134325471e-54	1.21703078149751	0.065	0.02	4.01457018100764e-50	DOK4	c9
3.06114722284109e-83	1.21463257472168	0.1	0.031	1.02664755559644e-78	ZC3H12C	c9
6.93235746906829e-20	1.21453413558952	0.017	0.004	2.32497404797612e-15	CYFIP1	c9
5.06730525127358e-105	1.21439944273096	0.119	0.036	1.69947283517213e-100	MIB1	c9
1.0342321018808e-15	1.21337143495768	0.014	0.004	3.46860762328783e-11	OGFRP1	c9
1.4010796328348e-09	1.21301627958664	0.01	0.003	4.69894087260137e-05	C15orf48	c9
1.72696095183856e-72	1.2129877615127	0.104	0.035	5.79188164027617e-68	ATP8B4	c9
0	1.21074491222307	0.841	0.494	0	REL	c9
1.98926648269432e-80	1.20710113384922	0.104	0.034	6.67160192966022e-76	SMARCD3	c9
1.53170680952096e-32	1.20277444006179	0.038	0.012	5.13703829777138e-28	EPHX2	c9
8.8809063891756e-21	1.20106952239645	0.025	0.008	2.97847838480171e-16	LINC02416	c9
2.92085470660058e-137	1.2004203155327	0.137	0.037	9.79596251499703e-133	PDGFA	c9
1.09695675753358e-36	1.19867340750137	0.037	0.011	3.67897357341611e-32	TMEM91	c9
2.53838494426171e-10	1.19816810393903	0.011	0.003	8.51323542606492e-06	CNKSR2	c9
2.14446636217818e-148	1.19803851479787	0.219	0.076	7.19211128547319e-144	BCL2A1	c9
2.77811849976774e-72	1.19404264842288	0.078	0.023	9.31725382452106e-68	MYL5	c9
2.2273368733065e-35	1.19401947340923	0.038	0.011	7.47004240569533e-31	FAM43A	c9
1.20806989171188e-16	1.19227804404468	0.019	0.006	4.05162480282329e-12	ZACN	c9
1.04935456456754e-118	1.19166302401338	0.161	0.053	3.51932533864662e-114	MICAL2	c9
1.53363286045674e-10	1.18970847342842	0.01	0.003	5.1434978873998e-06	IGKV3-11	c9
2.82508510794605e-172	1.18929507605678	0.267	0.094	9.47477043502945e-168	TSPAN17	c9
1.8878488483711e-21	1.18739972248666	0.026	0.008	6.331467467667e-17	OLFM2	c9
2.73173742717354e-218	1.18702489641477	0.34	0.122	9.16170098325461e-214	KCNN4	c9
5.49349801092082e-20	1.18600735117194	0.021	0.006	1.84240936290263e-15	NEBL	c9
1.56949474699858e-22	1.17930540289268	0.022	0.006	5.26377148248384e-18	RTKN	c9
7.93318797490843e-12	1.17852328255475	0.012	0.004	2.66063258302479e-07	EPHX1	c9
1.02342391205482e-14	1.17820817434118	0.017	0.005	3.43235911624946e-10	QPRT	c9
4.1583679961429e-19	1.17721841446236	0.02	0.006	1.39463345854641e-14	SLC9A7	c9
7.57878944449264e-136	1.17436381574907	0.22	0.08	2.54177440389394e-131	RETREG1	c9
1.2254032554615e-36	1.17428922427985	0.038	0.011	4.10975743816678e-32	AC004585.1	c9
1.88502513972402e-16	1.16933570060956	0.015	0.004	6.32199731360643e-12	ZSWIM1	c9
1.00104281526474e-09	1.16843926731684	0.011	0.003	3.3572973938349e-05	AC092580.2	c9
1.46676627017199e-30	1.1682010214679	0.035	0.011	4.91924071690282e-26	PTPN13	c9
1.21056854963148e-83	1.1647702882769	0.094	0.028	4.06000480175407e-79	CHKA	c9
1.68823837536197e-25	1.16400943385131	0.028	0.008	5.66201386328896e-21	UST	c9
5.58973995941439e-28	1.16392283136699	0.031	0.009	1.8746869875884e-23	VIPR2	c9
1.02704054256615e-44	1.16283393135827	0.058	0.019	3.44448857165835e-40	ADO	c9
1.75064829008793e-08	1.1578619365654	0.01	0.003	0.000587132423529689	AC027682.2	c9
7.27736792768282e-159	1.15783183395331	0.226	0.076	2.44068365558627e-154	PQLC1	c9
2.86893807659564e-158	1.15663258726005	0.281	0.109	9.62184452128644e-154	GK	c9
1.5523110423361e-155	1.1558149254334	0.211	0.069	5.20614077378681e-151	SDC4	c9
1.84790368855623e-110	1.15581456825361	0.292	0.131	6.19749939067989e-106	NSMCE1	c9
9.91882169979578e-49	1.15385829157351	0.056	0.017	3.32657442167751e-44	CD274	c9
3.42671269459499e-28	1.15299648356004	0.033	0.01	1.14925090351327e-23	IL12RB2	c9
1.12276449019274e-22	1.15236143464087	0.03	0.01	3.76552754720843e-18	PTPRF	c9
6.78946059541926e-154	1.14984306225362	0.254	0.093	2.27704929449171e-149	FURIN	c9
2.58525091215638e-36	1.14847440512595	0.048	0.016	8.67041450919006e-32	SMIM3	c9
2.14285485630525e-76	1.14552339440198	0.091	0.028	7.18670661707655e-72	GRAMD2B	c9
2.18883974759952e-91	1.14055487165628	0.117	0.037	7.34093074549927e-87	SLC41A2	c9
3.64945924180917e-135	1.139737304865	0.209	0.074	1.22395564051796e-130	LIMA1	c9
4.63992494817537e-15	1.13763550789549	0.021	0.007	1.55613802911905e-10	IFITM10	c9
7.86963400143102e-12	1.13707874330364	0.011	0.003	2.63931785139994e-07	CEBPA	c9
4.6078978619099e-21	1.13157419866635	0.019	0.005	1.54539678492734e-16	LIMS2	c9
1.276560266261e-262	1.1303384238926	0.509	0.208	4.28132782098615e-258	IGFLR1	c9
6.10684170370091e-24	1.12909484272114	0.026	0.008	2.04811257058721e-19	IL6R	c9
2.09024366278356e-31	1.11879559680653	0.038	0.012	7.01025919624349e-27	BCAR3	c9
2.94099715228058e-14	1.10854255025975	0.014	0.004	9.86351624931861e-10	AL391069.2	c9
8.91499339480689e-17	1.10825533603899	0.019	0.006	2.98991048475034e-12	SDCBP2	c9
1.10215898651893e-139	1.10668520161386	0.219	0.078	3.6964208089872e-135	RDX	c9
9.15769084368208e-17	1.10627219180984	0.019	0.006	3.0713063551541e-12	CPNE8	c9
4.27852314903613e-10	1.10588813608625	0.01	0.003	1.43493109372374e-05	FAM156A	c9
8.28573241650574e-89	1.10502240577103	0.122	0.041	2.7788689378477e-84	FHOD1	c9
3.59289965857033e-113	1.10428699132319	0.16	0.054	1.20498668749132e-108	AD000671.2	c9
3.92518811476978e-19	1.10356450213037	0.024	0.008	1.31642958993149e-14	INF2	c9
2.54177499283656e-140	1.10091733390544	0.204	0.069	8.52460497097527e-136	ACOX3	c9
1.4406140326346e-12	1.10023662848415	0.013	0.004	4.83153134264991e-08	TTC21A	c9
3.82628005291105e-65	1.09507455111573	0.09	0.03	1.28325780414531e-60	FRMD6	c9
1.82450261985734e-112	1.0927823500158	0.13	0.039	6.11901688647753e-108	CD200	c9
9.67364938598131e-22	1.09241911757415	0.025	0.008	3.24434853107041e-17	ZNF35	c9
4.17396002928636e-37	1.08984233068226	0.042	0.013	1.39986271462206e-32	CLCF1	c9
1.53670835345137e-12	1.08808630188569	0.014	0.004	5.15381247580522e-08	NRSN2	c9
2.1433676348118e-43	1.08483449056584	0.063	0.022	7.1884263736318e-39	HILPDA	c9
2.06620417042031e-11	1.08111600367697	0.013	0.004	6.92963554675565e-07	ABALON	c9
5.99678135630217e-158	1.0802579262278	0.331	0.14	2.01120053127662e-153	TCF7	c9
2.14567136295353e-23	1.07747557536875	0.023	0.006	7.19615261707356e-19	METRN	c9
6.3533129049686e-98	1.07351413056407	0.164	0.06	2.13077408206837e-93	MAGEH1	c9
2.32516632638475e-86	1.07347575168055	0.163	0.064	7.79814282542918e-82	HMOX1	c9
8.29772564941362e-65	1.07231909085065	0.089	0.03	2.78289122830034e-60	HMSD	c9
9.06498925572282e-192	1.06845794225484	0.566	0.284	3.04021609658432e-187	CNIH1	c9
1.92537899541814e-174	1.06765617903472	0.294	0.109	6.45733607483337e-170	MYL6B	c9
1.90049733689304e-20	1.06742949664307	0.025	0.008	6.37388796847189e-16	MACROD1	c9
1.57611225661441e-15	1.06675248454233	0.02	0.007	5.28596528623342e-11	AL136531.2	c9
6.41975776051218e-81	1.06535716011128	0.124	0.044	2.15305835772058e-76	FAAH2	c9
5.76744079448069e-10	1.06527418822557	0.014	0.005	1.93428429365293e-05	ADGRE1	c9
1.88895479250066e-07	1.06213230631019	0.011	0.004	0.00633517658308871	AL139393.2	c9
3.44446546622215e-72	1.05906741653192	0.106	0.037	1.15520482806158e-67	ZSCAN2	c9
6.92791626706161e-69	1.05588197989747	0.103	0.036	2.32348455764712e-64	FSD1	c9
1.74891416724403e-14	1.05214713703399	0.015	0.005	5.86550833410304e-10	AC245595.1	c9
3.86466515662108e-09	1.04850483443477	0.013	0.005	0.000129613140022758	LINC00299	c9
3.40768842091585e-243	1.047375695181	0.563	0.257	1.14287054260676e-238	GEM	c9
1.66359062083906e-154	1.04165902224787	0.269	0.1	5.57935022417004e-150	CHST7	c9
3.7299346008836e-11	1.03943438429174	0.013	0.004	1.25094546644434e-06	PIK3CD-AS2	c9
9.24760409165526e-09	1.03634666325172	0.011	0.004	0.000310146146025934	ADAM12	c9
8.2032414364659e-64	1.02687791341717	0.088	0.03	2.75120311296193e-59	PEMT	c9
3.61181104948329e-38	1.02679942224336	0.044	0.013	1.21132918977571e-33	DNAJB5	c9
3.49491683921481e-129	1.02673261158508	0.21	0.076	1.17212520953586e-124	RFX2	c9
1.4032085169331e-22	1.02441587997705	0.031	0.011	4.70608072409022e-18	UBASH3B	c9
6.05233728886663e-20	1.02418106802586	0.026	0.009	2.02983287994009e-15	STXBP1	c9
1.30309713263533e-119	1.0238102025943	0.203	0.075	4.37032716343238e-115	PLAGL2	c9
5.36323151790921e-61	1.02121007135669	0.099	0.036	1.79872058647639e-56	NBPF10	c9
0	1.01957067711018	0.926	0.671	0	PKM	c9
8.99808058794588e-52	1.01923768753462	0.067	0.022	3.01777626758529e-47	ARL10	c9
5.37913665877187e-101	1.01583349992524	0.185	0.071	1.80405485261891e-96	TMED8	c9
9.29745777147895e-19	1.01548173808858	0.019	0.006	3.11818138739861e-14	ZNF768	c9
2.30878950812035e-86	1.01250383821811	0.145	0.054	7.74321825233403e-82	INPP1	c9
6.36915397466073e-25	1.01162039562147	0.033	0.011	2.13608686002171e-20	CD72	c9
2.22589951238848e-09	1.01161694171512	0.011	0.003	7.4652217846485e-05	AP003472.1	c9
3.72537557580175e-35	1.00929769655285	0.047	0.015	1.24941646061239e-30	PSD	c9
1.45129500499958e-11	1.00904406478794	0.016	0.006	4.86735318776758e-07	DEPDC7	c9
1.33280562042816e-74	1.00902164577088	0.123	0.045	4.46996348979198e-70	LANCL2	c9
2.5597450131905e-158	1.00890359628095	0.285	0.108	8.58487282523831e-154	ECE1	c9
1.23506888449993e-17	1.00853286152179	0.019	0.006	4.14217402483585e-13	FER	c9
2.05317240372372e-11	1.00674759683142	0.015	0.005	6.8859296076086e-07	MS4A6A	c9
5.31124108333102e-10	1.00095842024716	0.01	0.003	1.78128403452756e-05	MESP1	c9
6.49637852757041e-28	0.999035000802057	0.041	0.015	2.17875543057656e-23	GLIDR	c9
0	0.998743594303423	0.858	0.514	0	C9orf16	c9
1.14101727645137e-124	0.996350921280371	0.205	0.074	3.82674374176261e-120	GLB1	c9
3.99065682785989e-56	0.989853352215972	0.081	0.027	1.33838648692765e-51	TGFBR1	c9
4.14177270198404e-07	0.987706979911972	0.01	0.004	0.0138906772879141	FHIT	c9
2.6010593194106e-08	0.987542932067487	0.011	0.004	0.000872343274543927	BX088651.4	c9
3.36656717247447e-19	0.986657640065939	0.029	0.011	1.12907929830449e-14	MICAL3	c9
1.10398763642755e-07	0.9829362965609	0.01	0.004	0.00370255373505071	MATR3	c9
2.62807489964362e-202	0.982756480172131	0.468	0.205	8.81403759842478e-198	MYCBP2	c9
2.06779673903007e-42	0.981728902776733	0.067	0.024	6.93497670335905e-38	SFXN2	c9
2.37262836751893e-43	0.980467208770104	0.064	0.022	7.95732101898498e-39	PRKAG2-AS1	c9
5.08685309928133e-14	0.979403702883225	0.019	0.006	1.70602879243697e-09	ST20	c9
9.76387017800043e-216	0.97849890683948	0.65	0.348	3.27460678029778e-211	HSPB1	c9
3.65701022520686e-08	0.97668014290172	0.01	0.003	0.00122648808932988	AC009237.14	c9
2.32786875060599e-209	0.975362271861244	0.538	0.258	7.80720621578237e-205	CCR7	c9
5.75530937071256e-32	0.972392172100433	0.046	0.016	1.93021565674958e-27	HACD1	c9
6.01734635450365e-37	0.969727284530451	0.057	0.021	2.01809762037343e-32	TRAK1	c9
1.08920008538917e-07	0.96769986474668	0.01	0.004	0.00365295924637819	ARMC9	c9
6.9149650654291e-10	0.967188458077407	0.014	0.005	2.31914098364361e-05	ALPK1	c9
2.81175204666737e-10	0.963753688765095	0.016	0.006	9.43005401411301e-06	CHST2	c9
1.16094867135587e-36	0.963054808651882	0.063	0.024	3.89358965399331e-32	HOPX	c9
1.94857583498895e-228	0.962975895858605	0.779	0.461	6.53513363538593e-224	TNFRSF9	c9
8.09265285336983e-97	0.962643876169799	0.204	0.084	2.71411391396317e-92	GOLIM4	c9
6.02817896975217e-14	0.962396039644757	0.019	0.006	2.02173066287548e-09	LINC00987	c9
2.77077098423974e-155	0.961761436956212	0.463	0.227	9.29261172694324e-151	GRAMD1A	c9
3.12317189434301e-12	0.95614359559567	0.019	0.007	1.04744938992476e-07	FAH	c9
3.46987197181941e-18	0.955685026671243	0.023	0.008	1.16372566190879e-13	ST20-AS1	c9
1.14641084384797e-18	0.953979778934144	0.024	0.008	3.84483268809732e-14	CDH1	c9
2.76424042096176e-66	0.951638850757845	0.099	0.034	9.27070952382155e-62	AIFM2	c9
6.18192755567623e-15	0.948676390542737	0.018	0.006	2.07329486362269e-10	LINC02357	c9
1.74271668388145e-08	0.946742782850094	0.012	0.004	0.00058447232144016	UBXN10-AS1	c9
4.66316457726285e-54	0.946709452163554	0.13	0.056	1.56393213592241e-49	IQCG	c9
5.99555970992777e-10	0.946382534741932	0.013	0.004	2.01079081551557e-05	ZNF775	c9
1.2309975286893e-32	0.94609344606011	0.042	0.014	4.12851951171819e-28	CPLANE1	c9
3.20837510267553e-57	0.941604502451735	0.098	0.037	1.07602484193532e-52	CCL20	c9
1.44349278900621e-10	0.940937916857821	0.013	0.004	4.84118611576903e-06	MIR210HG	c9
1.8364762975424e-133	0.940787421603774	0.276	0.112	6.15917420669769e-129	MIIP	c9
1.35766439044802e-10	0.940337877976181	0.011	0.003	4.55333483268458e-06	PIP4P2	c9
1.33339839321758e-09	0.93941795225061	0.01	0.003	4.47195153117313e-05	DLGAP4-AS1	c9
4.02118194476703e-106	0.938845283269961	0.182	0.067	1.34862400063597e-101	BACH2	c9
4.32308977602226e-07	0.938481624045478	0.011	0.004	0.0144987784908234	EMP1	c9
7.29675484119701e-67	0.938158874138818	0.101	0.035	2.44718563864065e-62	RASGEF1A	c9
1.79914749886176e-12	0.937492633743539	0.016	0.005	6.03398088168256e-08	MYLK-AS1	c9
6.34730119559434e-24	0.936452527066757	0.039	0.015	2.12875787497843e-19	NQO1	c9
1.04852524336141e-196	0.936429276835429	0.641	0.348	3.51654396118549e-192	VCAM1	c9
1.11951278648428e-18	0.936178386149019	0.029	0.011	3.75462198331097e-14	AL162231.1	c9
9.34877320877451e-09	0.934253332361698	0.012	0.004	0.000313539155875879	TP53I3	c9
1.0585171399198e-14	0.932514365603926	0.028	0.011	3.55005478386301e-10	TP73	c9
8.11920801703905e-09	0.932266096888905	0.013	0.005	0.000272301998475456	ERICD	c9
2.53092550891832e-22	0.930258648643767	0.038	0.015	8.48821797181026e-18	PRRG4	c9
8.5222163441744e-247	0.927958120950982	0.775	0.44	2.85818091750921e-242	SNX9	c9
8.27921422000156e-07	0.926476784565573	0.032	0.019	0.0277668286510412	TRBV7-6	c9
1.44875771549758e-10	0.926426376802794	0.012	0.004	4.85884362623577e-06	AFDN	c9
4.58991531509435e-177	0.923755485506931	0.448	0.201	1.53936579837634e-172	CXorf40B	c9
2.20585077157186e-100	0.919217071808523	0.154	0.054	7.3979823176977e-96	TYMS	c9
1.24881489375916e-32	0.917005315239678	0.063	0.025	4.18827539068947e-28	CRADD	c9
4.27298277633896e-30	0.912631080994821	0.047	0.017	1.43307296352856e-25	SLC25A13	c9
4.80014923103545e-123	0.910581358101224	0.258	0.105	1.60987404910467e-118	TSPAN5	c9
8.77847864408964e-93	0.909248163099456	0.192	0.078	2.94412616765478e-88	ZMIZ1	c9
4.35136817158945e-120	0.907197357285364	0.223	0.085	1.45936185738767e-115	KLHL2	c9
1.02054886020572e-67	0.90222501739352	0.116	0.043	3.42271676735795e-63	ANKS1B	c9
2.33057968082295e-10	0.900346973352192	0.011	0.004	7.81629813354402e-06	HSPA12A	c9
4.52369174974181e-85	0.897563847072477	0.191	0.08	1.51715573902841e-80	MIR3142HG	c9
4.61244171395769e-79	0.894877090782816	0.172	0.072	1.54692070202713e-74	NUCB2	c9
1.24134474584758e-154	0.893733686550536	0.297	0.115	4.16322200862362e-150	CD151	c9
1.21351527261315e-18	0.891755054498647	0.026	0.009	4.06988752129e-14	HS3ST1	c9
6.8939913686173e-124	0.890795997417757	0.236	0.091	2.31210682520687e-119	CXorf40A	c9
0	0.890787067362646	0.963	0.715	0	GPX4	c9
3.01830638391981e-12	0.890384308552768	0.018	0.007	1.01227959503903e-07	HK2	c9
4.25931405453975e-09	0.890338837124601	0.013	0.005	0.000142848874761154	AC007032.1	c9
3.36709718893195e-34	0.889937945655852	0.053	0.019	1.129257055224e-29	STIMATE	c9
3.71942808127576e-20	0.889584953552434	0.037	0.015	1.24742178989826e-15	NT5DC2	c9
5.00011736192092e-09	0.887345656773078	0.013	0.005	0.000167693936084104	AL034549.1	c9
2.43035765172333e-15	0.885265608748051	0.02	0.007	8.1509334923497e-11	ALDH5A1	c9
1.2110577835428e-12	0.885087961749802	0.018	0.006	4.06164559444585e-08	SPATA7	c9
2.24108642765733e-47	0.880835314644802	0.068	0.023	7.51615566107716e-43	RCN1	c9
1.23893672693854e-25	0.877416654587203	0.035	0.012	4.15514599480649e-21	PDE8A	c9
1.34685606221199e-32	0.877238242535434	0.052	0.019	4.51708586144658e-28	IER3	c9
1.75802132605165e-17	0.877209165947555	0.018	0.005	5.89605192331203e-13	IGKV3-20	c9
9.58829316137998e-20	0.877085153001805	0.029	0.01	3.21572176046362e-15	SMKR1	c9
1.57514459342955e-22	0.874046998779531	0.033	0.012	5.28271993744403e-18	TMEM117	c9
1.8986911280241e-15	0.873358525342242	0.023	0.009	6.36783030516721e-11	PLXNC1	c9
2.15928623418778e-40	0.873280693612262	0.078	0.031	7.24181417221897e-36	SH3BP2	c9
1.2409279538904e-13	0.871863917374762	0.018	0.006	4.16182417175761e-09	RIMS3	c9
2.11849358675936e-66	0.871166958533345	0.115	0.043	7.10500379127355e-62	ARHGAP31	c9
3.74509030264985e-14	0.868765618285138	0.031	0.014	1.25602838570271e-09	IL26	c9
2.74267048141281e-19	0.868370394470713	0.029	0.011	9.19836826056229e-15	FKBP1C	c9
5.11458802202997e-89	0.867331736844771	0.225	0.1	1.71533053082841e-84	CTSH	c9
1.73268219781526e-108	0.866323973776256	0.262	0.114	5.81106955503283e-104	SATB1	c9
1.32961302252522e-10	0.865533577082001	0.016	0.006	4.45925615494509e-06	GPSM1	c9
1.80692078877612e-39	0.862503542611216	0.059	0.021	6.06005094139736e-35	TKFC	c9
9.71532252715516e-79	0.862077970094713	0.156	0.062	3.2583248691573e-74	SLC4A2	c9
2.51558286075074e-36	0.861997895320469	0.062	0.023	8.43676179838582e-32	ZNF771	c9
2.07906252484547e-11	0.861542510418562	0.019	0.007	6.97275989582675e-07	PLA2G4C	c9
5.31625304825366e-62	0.859860234005526	0.12	0.047	1.78296494732331e-57	ATF7IP2	c9
9.80935435832899e-86	0.859753276554988	0.19	0.08	3.28986126469638e-81	DUSP5	c9
1.66282912381984e-25	0.858475373227435	0.039	0.014	5.57679631546696e-21	MYO1B	c9
1.54151557327155e-83	0.858345952036317	0.177	0.072	5.16993492963813e-79	NBPF14	c9
1.70937686477712e-10	0.857691321304819	0.014	0.005	5.7329081290895e-06	CACNA2D4	c9
1.13388993080224e-17	0.857033663983013	0.03	0.012	3.80284004992456e-13	PLOD1	c9
4.34101368787155e-08	0.856901712938241	0.011	0.004	0.00145588917063836	AFF3	c9
1.50667186764458e-49	0.855154631122477	0.083	0.031	5.0530761097064e-45	ADPRH	c9
1.09145930627084e-23	0.853851010769225	0.044	0.018	3.66053622137113e-19	FUCA2	c9
3.32133092116496e-40	0.852149941739706	0.058	0.02	1.1139079643403e-35	CD79A	c9
3.11812490205228e-96	0.851342767136102	0.215	0.089	1.04575672965029e-91	THAP2	c9
1.79699225350375e-08	0.849615551990471	0.011	0.004	0.000602675261980087	MAP6D1	c9
1.41801826993931e-12	0.848873559501298	0.016	0.005	4.75574967372245e-08	PNPLA4	c9
2.05320426503618e-14	0.848478823209629	0.023	0.009	6.88603646407834e-10	AC104078.1	c9
3.87554683267003e-68	0.848413380127539	0.112	0.04	1.29978089674087e-63	TPCN2	c9
5.59852243957417e-26	0.847574934487052	0.058	0.025	1.87763245578438e-21	THBS1	c9
1.40108791044272e-163	0.847445320882506	0.445	0.206	4.69896863404278e-159	CTSB	c9
1.28469812898138e-47	0.846021324633814	0.084	0.032	4.30862058497775e-43	DENND6B	c9
2.67002321942066e-20	0.842651519941839	0.032	0.012	8.95472387329302e-16	AL162258.2	c9
5.94721405280933e-37	0.841634444063334	0.05	0.017	1.99457664903119e-32	MIR222HG	c9
3.77818340808882e-10	0.840060679358401	0.015	0.006	1.26712715140483e-05	ASTL	c9
5.24179919049724e-25	0.840054832562428	0.043	0.017	1.75799461250896e-20	TLCD1	c9
2.34715852245433e-11	0.839174785753745	0.014	0.005	7.87190025260732e-07	SPINT1	c9
1.25521669811969e-51	0.838312414410344	0.163	0.08	4.20974576215381e-47	SOX4	c9
1.27330574695091e-08	0.837496434793957	0.014	0.006	0.000427041281412398	AC008105.1	c9
1.54922598771314e-39	0.83725577061152	0.061	0.022	5.19579411759233e-35	C17orf58	c9
1.95522645150715e-22	0.837042818580562	0.038	0.015	6.55743847306466e-18	ZSCAN29	c9
2.04958059920336e-27	0.835455663579939	0.047	0.018	6.87388341360824e-23	METTL1	c9
7.98913415831373e-106	0.835399262638978	0.232	0.096	2.67939581401526e-101	MPST	c9
8.18367802700652e-17	0.834622576153616	0.027	0.01	2.74464193669745e-12	DMGDH	c9
2.6023732428103e-08	0.8340105981402	0.021	0.01	0.000872783938173717	CDCA7L	c9
1.83631803792012e-30	0.832742318569603	0.056	0.022	6.15864343557649e-26	CUL9	c9
5.00935423042078e-37	0.832477944615603	0.087	0.038	1.68003722179852e-32	AREG	c9
3.41363934084646e-23	0.832359767468034	0.034	0.012	1.14486636213309e-18	NECAB3	c9
1.64087532080377e-71	0.832202526642422	0.119	0.044	5.50316765091167e-67	G6PC3	c9
3.88596554896523e-59	0.832062479692442	0.13	0.054	1.30327512581196e-54	AIF1	c9
2.24648200462483e-21	0.826788821603989	0.036	0.014	7.53425134711075e-17	SFXN5	c9
4.74593297268659e-186	0.823812519904361	0.75	0.449	1.59169100037963e-181	FKBP1A	c9
6.81609346293481e-24	0.822957396173632	0.034	0.012	2.28598142559908e-19	AC093010.2	c9
2.17300158432596e-51	0.820254082051775	0.101	0.04	7.28781271351242e-47	HAPLN3	c9
3.29864792540411e-82	0.81822383484862	0.148	0.056	1.10630054122203e-77	FHL3	c9
5.79271434762837e-09	0.816928047076714	0.014	0.005	0.00019427605379076	AC022098.1	c9
7.14358620053004e-12	0.816872502449225	0.02	0.008	2.39581593993376e-07	DTX1	c9
2.52413370150543e-108	0.81623267734402	0.252	0.107	8.4654396081089e-104	ETV1	c9
2.25230979113378e-64	0.816159460075333	0.116	0.044	7.55379657750446e-60	FAM213B	c9
4.32892790536215e-07	0.816126359055621	0.011	0.004	0.0145183584090036	ABHD17C	c9
1.64083996477707e-96	0.815475282468546	0.221	0.093	5.50304907386934e-92	ITGAV	c9
3.69132757863475e-08	0.815440465823631	0.011	0.004	0.00123799744332252	AC004130.1	c9
4.32749931990117e-07	0.815362130204534	0.01	0.004	0.0145135672190845	AP001453.2	c9
2.25074971655652e-10	0.813519181229785	0.015	0.006	7.54856439938725e-06	RNASEK-C17orf49	c9
1.60067764154178e-16	0.813407869550814	0.026	0.01	5.36835267420281e-12	ITPRIPL2	c9
1.40608661021216e-18	0.813233766020495	0.033	0.013	4.71573327332954e-14	MKL2	c9
5.18176413517514e-23	0.812589660056487	0.041	0.016	1.73786005565504e-18	GIPR	c9
5.19108399341411e-65	0.812330775812379	0.126	0.05	1.74098574971122e-60	SLC35F2	c9
1.11096881328974e-06	0.809826410826271	0.015	0.007	0.0372596720601114	FAM72A	c9
2.09451700573275e-17	0.808622706204678	0.026	0.01	7.0245911338265e-13	GPAT2	c9
4.30173878949592e-130	0.807851478823216	0.62	0.363	1.44271715522114e-125	GRSF1	c9
6.34110405718701e-17	0.807623274865203	0.03	0.012	2.12667947869938e-12	DYRK3	c9
1.24870333629061e-23	0.807031611827953	0.044	0.017	4.18790124925146e-19	ARHGAP5	c9
1.87358878533119e-10	0.806537733943745	0.015	0.005	6.28364206824375e-06	SWAP70	c9
2.49843431698749e-28	0.806445651861015	0.056	0.023	8.37924901231266e-24	MAST3	c9
1.35359750682721e-21	0.806030871587555	0.039	0.015	4.53969531839708e-17	MCF2L2	c9
9.56372163329985e-09	0.80551847563717	0.012	0.004	0.00032074809613761	AL139274.2	c9
1.50511389826012e-203	0.801844138754318	0.698	0.372	5.0478509919848e-199	SEC14L1	c9
5.11522615199705e-202	0.801511738024716	0.805	0.509	1.71554454685677e-197	NME2	c9
6.8306915399711e-28	0.800464002264709	0.056	0.023	2.29087732867551e-23	AC006449.6	c9
1.4017612847629e-06	0.80033498426796	0.012	0.005	0.0470122699683782	SPIRE1	c9
1.10880234181282e-15	0.799910715372008	0.022	0.008	3.71870129397183e-11	CTSF	c9
2.76046016133166e-78	0.798632713427665	0.149	0.058	9.25803128907414e-74	CRIP2	c9
1.77112403179564e-29	0.798617542127424	0.057	0.023	5.93999577783622e-25	PDE7B	c9
5.22697973848576e-162	0.797779059283687	0.436	0.196	1.75302446469335e-157	ATP5MC1	c9
2.1251146816209e-24	0.796301784889155	0.04	0.015	7.12720961922018e-20	MAP3K14-AS1	c9
3.33330266364333e-30	0.795796405014098	0.055	0.021	1.1179230473327e-25	NRIP1	c9
8.27946620464402e-18	0.795765533464309	0.025	0.009	2.77676737571351e-13	MICU3	c9
1.72362134071577e-09	0.795107085822995	0.05	0.03	5.78068125249254e-05	TRBV28	c9
8.42185452765719e-130	0.793884528203332	0.323	0.14	2.82452157148567e-125	PAM	c9
8.13746792785647e-38	0.792280385114098	0.081	0.033	2.7291439936445e-33	AL138724.1	c9
9.0686856665685e-34	0.791994681028373	0.06	0.023	3.04145579885374e-29	PIGV	c9
6.22085743016677e-16	0.791932007961565	0.026	0.01	2.08635116492933e-11	INO80B	c9
2.35344739807979e-11	0.791910781255671	0.018	0.007	7.89299188367999e-07	RHOBTB2	c9
8.13567454264028e-14	0.790400303230181	0.021	0.008	2.7285425281107e-09	HYAL3	c9
1.01455461141254e-58	0.788973764917897	0.117	0.046	3.40261325575539e-54	CEP170	c9
2.33726632459576e-10	0.788054224017238	0.015	0.006	7.83872379942925e-06	ANO10	c9
1.76356833796142e-85	0.787233287354252	0.18	0.073	5.91465549185501e-81	SNX11	c9
1.71068441382887e-145	0.786935104014032	0.516	0.267	5.73729338709926e-141	AHI1	c9
3.47974149680473e-32	0.78690036198275	0.053	0.02	1.16703570319837e-27	IDE	c9
5.02061783723829e-67	0.786792410773595	0.161	0.07	1.68381481025298e-62	KIF5C	c9
4.35633948352424e-22	0.785919238534855	0.05	0.022	1.46102913598436e-17	BLM	c9
4.46774007576963e-26	0.785554991054978	0.043	0.016	1.49839066661162e-21	AC008915.2	c9
3.43142506609197e-82	0.785149671916543	0.205	0.089	1.15083133866592e-77	PXK	c9
6.02520339113112e-108	0.784936300363358	0.252	0.106	2.02073271331756e-103	ETFB	c9
6.1008209804929e-39	0.782030283476444	0.095	0.042	2.04609334043771e-34	AC017002.3	c9
3.71964586282882e-121	0.781864466013387	0.405	0.198	1.24749482947553e-116	TXNRD1	c9
3.26178078696934e-14	0.781198794296778	0.019	0.006	1.09393604033378e-09	TMEM241	c9
2.45011229950927e-12	0.781035059474079	0.019	0.007	8.21718663009417e-08	GCSAM	c9
5.60016832737877e-164	0.780970749431804	0.642	0.35	1.87818445363629e-159	MFSD10	c9
6.06667262837333e-11	0.780759308319434	0.02	0.008	2.03464066610385e-06	TUBB4A	c9
3.0091609710954e-34	0.780199538315912	0.076	0.032	1.00921240648597e-29	SLC43A2	c9
1.00642730954389e-30	0.779153963128478	0.082	0.038	3.37535591074828e-26	CDKN3	c9
3.64696899926674e-135	0.779076120019401	0.353	0.156	1.22312046297408e-130	MDFIC	c9
9.87230790709828e-39	0.778950644362069	0.109	0.05	3.31097462588262e-34	FYCO1	c9
1.05121396346863e-08	0.776745392876695	0.012	0.004	0.000352556139068108	TBC1D8	c9
6.1025557185275e-130	0.775603440980496	0.364	0.166	2.04667513687975e-125	PHPT1	c9
4.32531620307818e-24	0.774389148820342	0.049	0.02	1.45062454818836e-19	GSTZ1	c9
7.95931619968766e-48	0.772536607073064	0.099	0.041	2.66939546705125e-43	MAGED1	c9
6.59664832109768e-07	0.772081180404213	0.021	0.011	0.0221238391392974	TRBV7-4	c9
4.79975510302588e-215	0.771355011498573	0.858	0.581	1.60974186645282e-210	NDUFV2	c9
3.41329464498334e-104	0.770580662220205	0.265	0.116	1.14475075803451e-99	SIPA1L1	c9
2.45135225757734e-40	0.769884920160781	0.07	0.027	8.22134520146288e-36	SERPINB6	c9
8.22888104394781e-27	0.769366160911481	0.046	0.017	2.75980212451922e-22	FAM234A	c9
1.81794650941509e-53	0.766756636424622	0.112	0.046	6.09702900327633e-49	PIP5K1C	c9
3.51290614715413e-15	0.766583264491284	0.025	0.009	1.17815846363255e-10	OSCP1	c9
3.4162077560479e-14	0.764927501704163	0.018	0.006	1.14572775722334e-09	CTXN1	c9
3.79404345464235e-14	0.76253203411312	0.025	0.01	1.27244629381795e-09	SEPT8	c9
4.18016382708274e-96	0.760809951268229	0.294	0.139	1.40194334432701e-91	TFRC	c9
1.86534185728645e-28	0.760104288531465	0.049	0.018	6.25598352096728e-24	EXD3	c9
1.87833339423037e-09	0.759921185351008	0.016	0.006	6.29955453756983e-05	F8	c9
4.95857320448114e-103	0.75984170000878	0.247	0.105	1.66300628131889e-98	WARS	c9
1.60059831962344e-42	0.759123938331211	0.084	0.034	5.36808664435309e-38	ZNF496	c9
6.18138402408653e-90	0.758616453282394	0.191	0.078	2.07311257399814e-85	LYRM4	c9
2.59656424524684e-72	0.756972796252956	0.154	0.063	8.70835716570887e-68	SGPP2	c9
1.94627032610726e-127	0.756613752402638	0.419	0.204	6.52740141969852e-123	PLPP1	c9
6.80054248554148e-59	0.753895506677883	0.139	0.06	2.2807659388009e-54	E2F6	c9
3.54249964902584e-09	0.753189158868351	0.019	0.008	0.000118808353229029	ATP9A	c9
1.21377113560463e-79	0.751231997999175	0.196	0.086	4.07074563459082e-75	PRKAR1B	c9
1.65162549552727e-08	0.751177992419996	0.016	0.007	0.000553922158689937	RBMS2	c9
1.33038443865818e-10	0.750717290481512	0.02	0.008	4.4618433303718e-06	PAX8	c9
2.31344053837532e-30	0.749268150554058	0.068	0.029	7.75881687760315e-26	TET3	c9
5.00678743639895e-52	0.749169595607875	0.105	0.042	1.67917637041948e-47	CERS4	c9
3.55231386741094e-47	0.748872132069823	0.099	0.04	1.19137502485228e-42	MINPP1	c9
1.54434307978644e-14	0.748843803244535	0.019	0.006	5.17941782098778e-10	CDK2AP1	c9
4.4384591758674e-55	0.748099724502463	0.112	0.045	1.48857043840241e-50	CHID1	c9
1.12845719695571e-22	0.746962651883515	0.039	0.015	3.78461974715006e-18	AC012645.3	c9
5.11097853609045e-21	0.746718992068633	0.043	0.018	1.71411998143402e-16	ALKBH2	c9
7.49946954746877e-86	0.746108498092813	0.212	0.093	2.51517209683008e-81	POU2F2	c9
1.4009450019249e-24	0.743577257726876	0.046	0.018	4.69848934745574e-20	AL121603.2	c9
6.1470029244473e-07	0.742876701714543	0.014	0.006	0.0206158184080114	COL5A1	c9
1.29303403698694e-08	0.742559877788016	0.015	0.006	0.000433657755324682	AL122035.1	c9
3.10572069703843e-62	0.742429232825449	0.131	0.053	1.04159660737275e-57	EIF4ENIF1	c9
1.42739212243733e-46	0.742394577991606	0.082	0.031	4.78718770023031e-42	HSD17B8	c9
1.87957408382341e-95	0.741711315789086	0.221	0.093	6.30371556232696e-91	PARVB	c9
8.95697280283039e-17	0.741595410582489	0.031	0.012	3.00398953861325e-12	NOL4L	c9
4.18552938448536e-26	0.74116552918173	0.048	0.019	1.4037428449687e-21	EPHB6	c9
1.25467823766946e-54	0.740782099322748	0.105	0.041	4.20793987349584e-50	MRS2	c9
1.7409872828097e-30	0.740534814856773	0.065	0.027	5.83892314908716e-26	B3GALNT2	c9
4.0107169660456e-21	0.740426856321971	0.04	0.016	1.34511425607237e-16	NAPA-AS1	c9
3.91929013630976e-48	0.739834502278441	0.095	0.038	1.31445152591557e-43	DNAJC18	c9
9.59728062670651e-21	0.739630590691476	0.042	0.017	3.21873597658483e-16	CTTNBP2NL	c9
4.18882432170172e-55	0.73962604140162	0.122	0.051	1.40484790101232e-50	MTMR4	c9
1.19924687879562e-54	0.738148171169395	0.124	0.052	4.02203418210475e-50	GRAMD4	c9
8.01553058601608e-120	0.73812641209933	0.838	0.654	2.68824864793807e-115	CXCL13	c9
1.22534123973951e-16	0.737642918812115	0.018	0.006	4.10954944983837e-12	IL21	c9
1.54592899385706e-125	0.736832828119078	0.332	0.147	5.1847366595978e-121	MSI2	c9
5.3897543617109e-13	0.735004086177516	0.019	0.007	1.8076158178306e-08	CCDC106	c9
2.97868819464186e-57	0.733591963444516	0.108	0.042	9.98992446718987e-53	SLC37A1	c9
5.19970549698754e-143	0.730872242499469	0.919	0.77	1.74387722957968e-138	MT2A	c9
4.46683015537453e-44	0.729666171018549	0.101	0.043	1.49808549750951e-39	DAPP1	c9
1.46175135283752e-48	0.728851791117448	0.179	0.091	4.90242168714647e-44	BLVRB	c9
7.57598840980749e-62	0.727654584175199	0.144	0.061	2.54083499288124e-57	IZUMO4	c9
1.01451843874692e-171	0.727355882764526	0.726	0.413	3.40249193986941e-167	POLR2E	c9
1.82712090153975e-08	0.727143660191817	0.016	0.007	0.000612779807958401	PVR	c9
1.67985037948104e-47	0.726524802853614	0.106	0.045	5.63388220270352e-43	AC006064.4	c9
3.52174482138488e-34	0.726046549429364	0.074	0.031	1.18112277819606e-29	TTC38	c9
8.39423503457082e-12	0.724445603402771	0.02	0.008	2.81525854589436e-07	C11orf95	c9
2.72515506031329e-47	0.722630836788714	0.094	0.037	9.13962504127873e-43	BCAS3	c9
9.86667686264985e-17	0.722361668769398	0.047	0.022	3.3090860861955e-12	BLK	c9
5.25297606854719e-13	0.722256945476857	0.04	0.02	1.76174311386936e-08	LINC01358	c9
2.5142451005537e-21	0.72200489915701	0.04	0.016	8.43227521823701e-17	GSPT2	c9
6.69941426843389e-08	0.721980525337115	0.012	0.005	0.00224684955734736	AC147067.1	c9
4.75001955202155e-24	0.721682343464606	0.04	0.015	1.59306155735699e-19	SPATC1L	c9
1.76167896031561e-07	0.719885580390459	0.014	0.006	0.00590831889710649	ZBED5-AS1	c9
3.55890020144106e-18	0.718735092929592	0.038	0.016	1.1935839495593e-13	ZDHHC9	c9
2.28505235783388e-98	0.718596073210789	0.298	0.14	7.66360859770328e-94	PRDX2	c9
1.62943988607202e-21	0.718540733750998	0.036	0.014	5.46481548990833e-17	FEZ1	c9
1.47931321474389e-124	0.718257716941578	0.795	0.577	4.96132065960807e-120	BIRC3	c9
1.08407107574621e-99	0.715878827742751	0.412	0.222	3.63575757383763e-95	ENTPD1	c9
5.09991979582263e-15	0.715636156425782	0.026	0.01	1.71041110112299e-10	KIAA1522	c9
1.46102280821663e-15	0.71334960528791	0.033	0.014	4.89997829419695e-11	USP46	c9
3.16185253643759e-08	0.712185868173298	0.012	0.004	0.00106042210367044	DISP1	c9
1.02811236877737e-43	0.709831336044131	0.104	0.045	3.44808326240554e-39	PTPRN2	c9
1.97664646098425e-41	0.709486139710012	0.101	0.044	6.62927690084899e-37	HIVEP3	c9
1.68536662658832e-23	0.709410140948742	0.043	0.017	5.6523825922519e-19	FCRL3	c9
6.70971255526435e-18	0.70924497240959	0.039	0.017	2.25030339678456e-13	PHC1	c9
1.9866876960446e-08	0.70822774969186	0.015	0.006	0.00066629531949944	TMTC2	c9
1.24852417572458e-28	0.706418318728737	0.067	0.029	4.18730038054511e-24	ARHGEF18	c9
7.90833484145873e-30	0.704635840451167	0.056	0.022	2.65229733912843e-25	GALE	c9
1.159582220341e-24	0.702299660895468	0.05	0.021	3.88900685057964e-20	PEAK1	c9
2.10238113550132e-10	0.701949273842098	0.015	0.006	7.05096585224432e-06	CPA5	c9
2.0492073337013e-18	0.701455996455262	0.032	0.012	6.87263155576742e-14	PTPDC1	c9
7.49271290522595e-09	0.698239892430744	0.013	0.005	0.000251290605415468	CCDC74B	c9
1.81270144036642e-130	0.697341638802896	0.425	0.203	6.0794380907009e-126	TMEM256	c9
2.19406363489144e-65	0.697288451519444	0.163	0.071	7.35845061869892e-61	TMEM185A	c9
1.82042410949311e-109	0.695971670634811	0.278	0.121	6.10533837841798e-105	BLVRA	c9
1.12488827060301e-08	0.695903763221617	0.019	0.008	0.000377265028194837	HYI	c9
2.7039899275359e-50	0.695831620872724	0.109	0.045	9.06864141896992e-46	XXYLT1	c9
1.31585949075457e-07	0.694697752468152	0.011	0.004	0.00441312956009267	KCNH4	c9
3.62823512263266e-10	0.694286106707748	0.032	0.016	1.21683749542854e-05	TRAV8-4	c9
1.12189485373885e-27	0.694118783504531	0.056	0.023	3.76261096046935e-23	CD99L2	c9
9.19449921823847e-124	0.694045436826466	0.427	0.21	3.08365114781282e-119	SQLE	c9
6.64288137483212e-15	0.693801577982625	0.036	0.016	2.2278895554912e-10	GOLM1	c9
3.00398154486676e-09	0.693666881186983	0.015	0.006	0.000100747533051741	ZNF223	c9
2.18024294070167e-95	0.693558165850815	0.231	0.099	7.31209877452528e-91	ATOX1	c9
3.85005773299227e-79	0.691726036664756	0.208	0.093	1.29123236249095e-74	SERTAD2	c9
1.77132512564144e-23	0.691568942787027	0.046	0.019	5.94067020637627e-19	HS6ST1	c9
5.05209903263688e-07	0.690056268385948	0.013	0.006	0.0169437297356576	ITSN1	c9
2.04322204458799e-21	0.689098120403532	0.036	0.014	6.8525580931392e-17	KCTD11	c9
1.45109492272472e-75	0.687240802354047	0.185	0.08	4.86668215183416e-71	AHCY	c9
1.23138911491991e-131	0.687079705285302	0.647	0.389	4.12983281361838e-127	BHLHE40	c9
9.80750465107203e-16	0.685923956974259	0.036	0.016	3.28924090987654e-11	PMCH	c9
1.96273844884192e-08	0.685770516069891	0.013	0.005	0.000658263220972604	HHLA3	c9
3.45573828170676e-08	0.685307497309672	0.011	0.004	0.00115898550491881	FRMD6-AS1	c9
1.33258164850899e-56	0.684881589327653	0.126	0.053	4.46921233276946e-52	CD80	c9
1.32687953274243e-44	0.684653286378718	0.103	0.044	4.45008857691157e-40	MTHFD1L	c9
5.73281786366005e-07	0.683002109784364	0.01	0.004	0.0192267245511431	PODXL2	c9
1.28284411486365e-46	0.682446001636904	0.12	0.053	4.30240259242971e-42	PRMT3	c9
3.74774776284764e-53	0.67992571080853	0.108	0.043	1.25691964470384e-48	BEX2	c9
3.67508803224458e-97	0.679558299377059	0.255	0.112	1.23255102425419e-92	ECHS1	c9
9.24772955059288e-112	0.679176057882766	0.36	0.171	3.10150353667784e-107	ASB1	c9
8.62547497123997e-08	0.678764217371674	0.015	0.006	0.00289281179585446	NR2F6	c9
2.68374984899629e-07	0.678597147130681	0.016	0.008	0.00900076024356374	AC133644.2	c9
1.38278056713887e-44	0.678577631030257	0.106	0.046	4.63756946607034e-40	GGT1	c9
8.44704501249091e-116	0.676427443883072	0.392	0.191	2.8329699562892e-111	HTATIP2	c9
3.77653360654326e-60	0.676261144104777	0.135	0.056	1.26657384096248e-55	AGK	c9
8.21095950862095e-14	0.675446146893735	0.031	0.014	2.7537916000013e-09	ABHD8	c9
2.84046861730504e-17	0.674693743627349	0.035	0.015	9.52636364871765e-13	EFNB1	c9
1.06786301752174e-06	0.674544095555238	0.011	0.005	0.035813989881644	COL18A1	c9
1.00108224819853e-92	0.67404055655156	0.464	0.267	3.35742964400824e-88	MT1E	c9
1.01081928718378e-79	0.673723843016265	0.195	0.084	3.39008572535696e-75	TOMM34	c9
7.42133500417258e-72	0.67371568442179	0.187	0.082	2.4889673336994e-67	RRAS2	c9
1.46629420031477e-94	0.673424157681065	0.358	0.183	4.91765748901568e-90	INPP5F	c9
8.81808117523798e-07	0.673377805829268	0.01	0.004	0.0295740806455132	IQSEC3	c9
3.26253268375867e-23	0.672752589520732	0.056	0.025	1.09418821147898e-18	HIP1	c9
5.65828214239095e-39	0.671800467049986	0.094	0.041	1.89767466491508e-34	DRAM1	c9
1.44569134374325e-38	0.670896282296166	0.09	0.039	4.84855962864611e-34	WDR11	c9
1.6639969868631e-64	0.670884291954008	0.143	0.059	5.58071309454145e-60	NOTCH2	c9
9.51316589031321e-83	0.668547678492711	0.214	0.094	3.19052557629324e-78	RBM19	c9
2.86153225414603e-47	0.668360342787	0.119	0.052	9.59700687395496e-43	ABHD6	c9
6.29091150139665e-78	0.667789333794194	0.201	0.09	2.10984589933841e-73	GADD45G	c9
8.25569659366408e-34	0.667656307317482	0.086	0.038	2.76879552358306e-29	NME1	c9
3.77999900772737e-51	0.66388250273486	0.108	0.044	1.26773606721161e-46	CDK5	c9
8.93238102626082e-130	0.663603782937616	0.549	0.293	2.99574194858735e-125	IL21R	c9
9.49839134889728e-90	0.662507810438079	0.37	0.195	3.18557049059317e-85	TNFAIP8	c9
3.1512059876702e-25	0.66219882527438	0.055	0.023	1.05685146414483e-20	BAG2	c9
3.51415011288202e-141	0.661125141111505	0.692	0.414	1.17857566485837e-136	NFKB1	c9
4.78683948767574e-43	0.66100202193123	0.109	0.048	1.60541022737669e-38	THADA	c9
6.91473781942506e-164	0.660181177644037	0.867	0.609	2.31906476987878e-159	PPM1G	c9
1.55531082226057e-23	0.660138307457271	0.059	0.026	5.21620143569749e-19	NCALD	c9
1.56842187618128e-87	0.658734055363619	0.303	0.148	5.26017328833676e-83	N4BP2L1	c9
2.80168667915516e-77	0.655227067366881	0.198	0.087	9.39629678455057e-73	REEP3	c9
1.57886017595231e-122	0.655049910154069	0.56	0.316	5.29518125810886e-118	CHN1	c9
1.12887794795921e-16	0.654919100142843	0.032	0.013	3.78603086186558e-12	ZYG11B	c9
1.03012661779983e-29	0.652981779587587	0.079	0.036	3.45483865077707e-25	TMPO-AS1	c9
4.84132847240085e-10	0.652766026686542	0.023	0.01	1.6236847430738e-05	CENPBD1	c9
9.95498872703059e-32	0.651934611532876	0.071	0.03	3.33870411927152e-27	GPX7	c9
3.67555554086207e-115	0.651803187584121	0.51	0.273	1.23270781729432e-110	TMPO	c9
1.96357838479931e-17	0.650350132555676	0.04	0.017	6.58544918693992e-13	PHLDB2	c9
1.13793715804331e-33	0.650044684704548	0.087	0.039	3.81641364064565e-29	POFUT1	c9
9.08259305188081e-14	0.649447973225085	0.033	0.015	3.04612005773979e-09	AC078883.1	c9
1.27271816782387e-51	0.648715111766322	0.132	0.059	4.26844219124769e-47	ACTA2	c9
9.48884106517365e-08	0.648499802092661	0.014	0.006	0.00318236751643794	ZNF579	c9
5.03243214278851e-07	0.646430273902894	0.015	0.007	0.0168777709204841	KIAA0895L	c9
9.14697623926704e-83	0.645275113810949	0.211	0.092	3.06771289112538e-78	ESYT2	c9
1.46957341868059e-17	0.644971801309149	0.032	0.013	4.92865533157097e-13	HMBS	c9
1.84381196333035e-12	0.644831728701621	0.023	0.009	6.18377656261732e-08	AL445524.1	c9
6.13770918723759e-47	0.64448829879034	0.099	0.04	2.05846490721574e-42	PLEKHG1	c9
3.07691332321492e-30	0.643402284270493	0.079	0.036	1.03193519033982e-25	TCAF1	c9
6.09186601291508e-12	0.642795728811429	0.041	0.021	2.04309002341146e-07	TRAV8-2	c9
5.2761996709551e-15	0.641935946380355	0.044	0.022	1.76953184564492e-10	TRAV41	c9
7.76958347990665e-10	0.640892848681557	0.014	0.005	2.60576290749109e-05	TRAV23DV6	c9
3.21053119709259e-14	0.640365767096328	0.032	0.014	1.07674795288091e-09	MPP1	c9
3.55768832077536e-11	0.640126610996055	0.022	0.009	1.19317750902164e-06	AL139423.1	c9
9.14697688441003e-40	0.640089178966071	0.091	0.039	3.06771310749344e-35	MTMR2	c9
4.77683861424113e-103	0.639057905630146	0.315	0.146	1.60205613444419e-98	HGSNAT	c9
6.17377241441908e-95	0.638881071372598	0.297	0.139	2.07055979234787e-90	CTSA	c9
7.3377505256915e-84	0.638479898057063	0.263	0.125	2.46093477130642e-79	SYNJ2	c9
7.97158717447432e-49	0.637970741847976	0.109	0.045	2.6735109065752e-44	SLC2A6	c9
1.0818369595772e-08	0.637898384761677	0.013	0.005	0.000362826479503	ENPP2	c9
1.69649449404876e-151	0.637475143390887	0.731	0.433	5.68970323414073e-147	NINJ1	c9
3.96166032038008e-65	0.637237716651049	0.161	0.069	1.32866163824907e-60	SNX14	c9
0	0.636617021540403	1	0.991	0	RPLP0	c9
2.06649479512049e-23	0.636258167074128	0.046	0.019	6.9306102438751e-19	TECPR2	c9
1.26503760102009e-28	0.635958584981343	0.064	0.027	4.24268310630116e-24	NCR1	c9
3.30116020889651e-27	0.634995829978005	0.061	0.026	1.10714311085971e-22	DHRS7B	c9
1.28281527409864e-127	0.634443962727332	0.546	0.292	4.302305866272e-123	DNPH1	c9
6.96879094932636e-29	0.634349425064641	0.066	0.028	2.33719310858507e-24	ZNF827	c9
9.06021032222743e-30	0.63352713121749	0.07	0.03	3.03861333786863e-25	ST7	c9
3.81682863066885e-86	0.633131783647026	0.233	0.103	1.28008798615372e-81	SCCPDH	c9
3.06156832782144e-08	0.632469151789869	0.017	0.007	0.00102678878578476	SPACA9	c9
5.00384584622263e-88	0.631865913115724	0.241	0.107	1.67818981990615e-83	DLGAP4	c9
1.81290706997007e-79	0.629676608601431	0.211	0.093	6.08012773126563e-75	DEXI	c9
5.88994350037585e-13	0.627559177265343	0.028	0.012	1.97536925115605e-08	PCBP3	c9
1.98621024543853e-24	0.625773321292367	0.059	0.026	6.66135192115173e-20	MAST2	c9
2.28440727559144e-65	0.625620140473508	0.162	0.07	7.66144512087857e-61	B3GALT6	c9
1.85639431889428e-34	0.625172560394391	0.082	0.036	6.22597526670765e-30	CCR6	c9
2.68281572985378e-10	0.624394191861037	0.023	0.01	8.9976273947836e-06	FAM135A	c9
6.48991645870092e-35	0.624360708485366	0.079	0.033	2.17658818191911e-30	IFNLR1	c9
6.50624545684985e-32	0.624207926573582	0.067	0.027	2.1820646013183e-27	GAB2	c9
3.5262652439032e-74	0.624006664940213	0.204	0.091	1.18263883750026e-69	SLC7A1	c9
1.91979737464076e-10	0.62282601317247	0.042	0.023	6.4386164350702e-06	GPAT3	c9
8.09596146048194e-08	0.62267439771746	0.019	0.009	0.00271522355461643	LTC4S	c9
3.41452538917511e-11	0.622254676508564	0.027	0.012	1.14516352502155e-06	PPP1R3F	c9
5.25672647008546e-38	0.621982130810641	0.101	0.046	1.76300092353726e-33	POMC	c9
3.76439237932602e-141	0.620961306772716	0.961	0.841	1.26250191617836e-136	MIF	c9
3.40187780533918e-60	0.62071270647007	0.164	0.074	1.14092177835465e-55	FUOM	c9
1.49661678763402e-21	0.620033163022546	0.064	0.031	5.01935338236699e-17	TTL	c9
2.01697763773985e-66	0.61982647539231	0.16	0.068	6.76453960145192e-62	ABAT	c9
6.96728470615328e-59	0.61980056053493	0.138	0.059	2.33668794474969e-54	TRAP1	c9
1.10962994225929e-09	0.619598000075015	0.017	0.007	3.7214769003492e-05	BMP1	c9
7.52241043989192e-20	0.618739517966675	0.042	0.017	2.52286601333095e-15	TP53I11	c9
4.6047797612346e-82	0.618501565510213	0.412	0.229	1.54435103632286e-77	APLP2	c9
4.3927248053531e-07	0.61848535943698	0.014	0.006	0.0147323204521932	ARSD	c9
3.30535899814965e-88	0.618264054224454	0.258	0.117	1.10855130079943e-83	NUMB	c9
1.39366081884284e-76	0.617982632444968	0.372	0.208	4.67405965423513e-72	SLC1A4	c9
1.5862799802937e-43	0.617904497175389	0.112	0.05	5.32006579790901e-39	ISOC2	c9
2.1084345534798e-10	0.617684733538987	0.036	0.019	7.07126780546054e-06	MFGE8	c9
1.94259183961031e-36	0.617467273808062	0.086	0.037	6.51506451168506e-32	CASP9	c9
4.4458075734747e-09	0.617376538474283	0.015	0.006	0.000149103494399195	NEK11	c9
4.1759794827025e-54	0.614247870767942	0.144	0.065	1.40053999890876e-49	DMAC1	c9
1.52844167063989e-53	0.614078818671835	0.149	0.068	5.12608767499205e-49	PIKFYVE	c9
2.32832661438445e-88	0.614059410354608	0.267	0.124	7.80874179932257e-84	OTUD4	c9
3.47187236858312e-34	0.613150566877377	0.111	0.054	1.16439655497541e-29	ZNF282	c9
1.88973725946352e-22	0.612350763286714	0.063	0.029	6.33780082078877e-18	EVC2	c9
2.36054707926672e-62	0.611521196262127	0.152	0.066	7.91680279444473e-58	CHPF	c9
2.27376319411186e-13	0.611514058156089	0.033	0.015	7.62574700041234e-09	SRR	c9
9.1133025974684e-39	0.611389971720516	0.147	0.076	3.05641942513895e-34	ZBTB32	c9
2.01058202690006e-11	0.611277481991983	0.026	0.011	6.74309000181742e-07	AGER	c9
1.76850998695038e-12	0.610748120830529	0.027	0.012	5.93122879423417e-08	RRAS	c9
9.20275074348507e-123	0.608635278509918	0.58	0.313	3.08641854435002e-118	NUTF2	c9
1.89911898957894e-95	0.608431241209038	0.318	0.153	6.36926526724986e-91	PIGX	c9
3.32394708048629e-07	0.607353569100853	0.015	0.007	0.0111478537185349	TLL1	c9
2.705165166423e-48	0.606805882762966	0.116	0.05	9.07258293514945e-44	ASL	c9
8.68886363086298e-17	0.606704689151989	0.049	0.023	2.91407108451883e-12	MLLT11	c9
3.83274385046309e-53	0.606675938451945	0.159	0.074	1.28542563256831e-48	PLEKHG2	c9
3.19221418953592e-13	0.606573501939793	0.026	0.011	1.07060479488656e-08	AL590399.1	c9
1.85929834517593e-19	0.606204738705562	0.049	0.022	6.23571479005102e-15	TMEM53	c9
1.87266200724098e-94	0.605506674323887	0.356	0.179	6.28053383988481e-90	ELMO1	c9
1.09884979191147e-11	0.604678422241695	0.019	0.007	3.68532243211269e-07	AC010654.1	c9
7.70961429252385e-09	0.603311771953809	0.036	0.02	0.000258565044142665	TIMP1	c9
2.07393757662946e-25	0.602735120950281	0.071	0.033	6.95557184449989e-21	KLF7	c9
7.75527830942352e-28	0.601992070028589	0.09	0.044	2.60096523941446e-23	RDH10	c9
4.48599822571627e-12	0.600905866639573	0.027	0.012	1.50451408494072e-07	GPD2	c9
8.9380761908731e-159	0.600749256306548	0.913	0.681	2.99765199289502e-154	BATF	c9
1.03153500596722e-20	0.599775564165582	0.045	0.019	3.45956210301285e-16	AMACR	c9
1.72643364158444e-32	0.59940462606749	0.076	0.033	5.79011314714588e-28	LIMK1	c9
2.68444785126892e-07	0.599223002467007	0.016	0.008	0.00900310120358571	NDNF	c9
1.18009571873252e-126	0.598729809565782	0.801	0.539	3.95780502148514e-122	CD82	c9
3.99187253922332e-09	0.598568078980034	0.014	0.005	0.000133879421220472	ZC4H2	c9
1.35887754877947e-14	0.598474228048023	0.027	0.011	4.55740352309658e-10	NMNAT1	c9
1.1240872917426e-108	0.597762953396767	0.442	0.226	3.76996395904634e-104	NHP2	c9
1.72043643841868e-117	0.597538564842478	0.673	0.397	5.76999972716858e-113	CD63	c9
2.2456785139962e-101	0.597421900269057	0.347	0.167	7.53155660024047e-97	MPG	c9
1.8036511913212e-59	0.596032897968372	0.16	0.071	6.04908536545305e-55	ZC3H7B	c9
1.11134146513732e-124	0.595663667801107	0.686	0.404	3.72721700577755e-120	SEC11C	c9
6.93531405567975e-76	0.594783826858357	0.231	0.108	2.32596562799387e-71	PRKAG2	c9
8.03678398282393e-23	0.593983795733578	0.043	0.017	2.69537661215949e-18	SSH3	c9
5.00003269955607e-115	0.593885645467405	0.826	0.564	1.67691096677711e-110	SYNGR2	c9
6.1929273674141e-14	0.593067437897111	0.028	0.012	2.07698398048334e-09	NEK6	c9
1.01908785132322e-71	0.59244881626549	0.273	0.138	3.41781683576781e-67	FCHO1	c9
2.64263017865198e-18	0.591990478867197	0.044	0.02	8.86285309316302e-14	LY6G5C	c9
2.41976087271872e-24	0.591856182325408	0.056	0.024	8.11539401492405e-20	REPIN1	c9
6.7651108311657e-08	0.591704404229096	0.025	0.013	0.00226888287055635	TRAV29DV5	c9
7.38079038287608e-29	0.59115595749578	0.066	0.028	2.47536947860898e-24	LLGL1	c9
8.69706864244186e-66	0.590622643615826	0.163	0.07	2.91682288130215e-61	TMEM205	c9
5.83228350658079e-33	0.589717213246125	0.084	0.038	1.95603124243707e-28	ARHGAP21	c9
1.48388413040582e-23	0.589142922449423	0.062	0.029	4.97665059655505e-19	EEF2K	c9
1.44468449244068e-12	0.588344987105751	0.027	0.011	4.84518285074756e-08	SUMO4	c9
4.99091784691046e-59	0.587728345584827	0.167	0.077	1.67385402749683e-54	TMEM242	c9
1.00553655537567e-16	0.585597848272103	0.044	0.02	3.37236849941893e-12	ZNF16	c9
2.55045698605434e-86	0.585189354183546	0.317	0.157	8.55372263982904e-82	SHMT2	c9
1.43303163816397e-18	0.584521525143281	0.053	0.025	4.80610150807433e-14	RGS3	c9
7.66037825486571e-54	0.584219910527957	0.149	0.068	2.56913765911686e-49	COMMD3	c9
5.55039764255588e-30	0.582592213381579	0.082	0.037	1.86149236136039e-25	GNA12	c9
1.35818887786069e-54	0.582565661987569	0.143	0.064	4.55509385856919e-50	KCTD17	c9
7.294786929491e-23	0.582381997680514	0.051	0.022	2.44652564041269e-18	RUFY3	c9
4.16812602544303e-10	0.582259927719872	0.016	0.006	1.39790610641308e-05	SIPA1L2	c9
3.29637906701195e-56	0.581285121200599	0.194	0.095	1.10553961149447e-51	EIF2AK3	c9
2.56687510642692e-19	0.58065369814943	0.05	0.023	8.60878573193461e-15	SCML1	c9
1.65842676854661e-26	0.579706350127521	0.062	0.027	5.56203169635162e-22	SNHG19	c9
9.3330343494475e-25	0.579529635576286	0.066	0.03	3.1301130601177e-20	MAP3K20	c9
3.2041102182512e-07	0.579421557119715	0.028	0.015	0.0107459448499709	TRGV8	c9
3.58960715366343e-95	0.579047667686877	0.414	0.217	1.20388244719564e-90	GTF3C1	c9
2.54803297116292e-11	0.578418394180664	0.028	0.013	8.5455929786862e-07	CDC14B	c9
1.63424004382155e-33	0.578171595378214	0.109	0.053	5.4809142589687e-29	ENOSF1	c9
6.13426728268535e-109	0.577557622125345	0.639	0.373	2.05731056126701e-104	TNIP2	c9
8.02907436942287e-30	0.577387984483801	0.075	0.033	2.69279096201704e-25	UBN2	c9
1.83811610427498e-07	0.576458936022485	0.02	0.01	0.00616467379051744	HIST1H2BD	c9
5.26083135961122e-10	0.576189745825166	0.027	0.013	1.76437762138641e-05	SORBS1	c9
7.52510603825054e-99	0.576111164287663	0.358	0.176	2.52377006310847e-94	USP12	c9
3.03101037695215e-13	0.575512859326812	0.031	0.014	1.01654026022221e-08	ZNF80	c9
6.17705215215246e-46	0.572642540383126	0.161	0.08	2.07165975078889e-41	ZDBF2	c9
5.62621867879817e-08	0.572533940431574	0.019	0.009	0.00188692122049533	ENTPD7	c9
6.5127497248472e-11	0.572446819296978	0.029	0.014	2.18424600271925e-06	ZSCAN9	c9
1.49677978907345e-53	0.572177067509386	0.159	0.074	5.01990005659453e-49	MAFG	c9
2.92914798016691e-102	0.571866128650678	0.467	0.249	9.82377649588379e-98	TNFRSF25	c9
6.46064289955911e-23	0.570265763473404	0.058	0.026	2.16677041565414e-18	RARG	c9
4.31120904848128e-07	0.569598479721626	0.013	0.005	0.0144589329067965	ZBTB18	c9
2.76601784227222e-09	0.569406612400748	0.018	0.008	9.27667063941258e-05	WDR90	c9
1.51933587900952e-46	0.568457087726947	0.137	0.064	5.09554867102214e-42	SOS2	c9
2.65854594774709e-08	0.568091576374888	0.018	0.008	0.00089162313995542	FZD6	c9
5.33086580124218e-14	0.566188459452273	0.029	0.012	1.7878657724206e-09	CCDC71L	c9
3.41086652726937e-10	0.566000654018807	0.022	0.01	1.1439364159156e-05	KIF7	c9
5.58047607912154e-110	0.565238655198444	0.654	0.395	1.87158006741578e-105	STARD7	c9
7.30879263991291e-09	0.564765955514381	0.019	0.008	0.000245122287557399	VWA5A	c9
7.9980832273881e-19	0.564695657606546	0.048	0.022	2.68239715280142e-14	LY75	c9
1.10896177364349e-10	0.562688537478513	0.02	0.008	3.71923599644555e-06	HDAC11	c9
8.04152511173777e-08	0.561930377144845	0.021	0.01	0.00269696669197461	LINC00467	c9
1.00059161905917e-77	0.561370701956447	0.277	0.136	3.35578417200063e-73	AGFG1	c9
1.83975893857093e-90	0.560274546701358	0.337	0.167	6.17018352817917e-86	ACTR1B	c9
2.1877320716693e-20	0.559801433777088	0.043	0.018	7.33721582196449e-16	PLBD2	c9
3.99902828912284e-93	0.559157985146943	0.339	0.167	1.34119410760602e-88	MBD2	c9
4.27921484302445e-08	0.558887790851418	0.015	0.007	0.00143516307405354	GPR82	c9
2.70166045748148e-15	0.557552732940369	0.043	0.021	9.0608288423014e-11	NFIL3	c9
3.52456798654878e-08	0.557417605234637	0.018	0.008	0.00118206961132873	NUDT7	c9
2.12658245782219e-14	0.556548124409247	0.042	0.02	7.13213224704406e-10	CASK	c9
6.73307064736388e-72	0.556504956788887	0.248	0.12	2.2581372337129e-67	LACTB	c9
9.69113866566705e-09	0.556310316413904	0.033	0.018	0.000325021408569142	LMO7	c9
4.83235359006902e-16	0.555986575048054	0.034	0.015	1.62067474703735e-11	MECR	c9
2.20808807745398e-11	0.555866600177118	0.023	0.01	7.40548579416516e-07	MPZL1	c9
1.35247614532914e-12	0.555741715669046	0.027	0.012	4.53593449620487e-08	NUMBL	c9
5.26426714435702e-68	0.555386179819433	0.198	0.09	1.76552991487446e-63	PPME1	c9
6.88667908740563e-81	0.554707497212971	0.244	0.113	2.3096544323341e-76	PLPP5	c9
4.05024898106808e-07	0.554417884724662	0.014	0.006	0.0135837250327061	NR1H3	c9
4.9274324847012e-30	0.554322362437643	0.065	0.027	1.65256230671909e-25	AACS	c9
3.49252207013168e-66	0.553795537615498	0.234	0.115	1.17132205188076e-61	RIN3	c9
8.30742455446529e-15	0.552424616597391	0.033	0.014	2.78614404707657e-10	DUS2	c9
5.9133552688569e-298	0.552407768929703	0.995	0.968	1.98322109006923e-293	RPSA	c9
2.07822199988382e-08	0.550422397400329	0.023	0.011	0.000696994094321036	TBXAS1	c9
3.04153481998731e-16	0.549658840970132	0.039	0.017	1.02006994792735e-11	STRADB	c9
4.25001352043128e-44	0.548845971712766	0.145	0.07	1.42536953448224e-39	SMIM20	c9
4.99223742771181e-35	0.548673990725581	0.097	0.045	1.67429658850599e-30	CCDC28B	c9
1.32557942020192e-47	0.548253637738131	0.146	0.069	4.44572825947321e-43	ETV6	c9
1.91001895867713e-24	0.548029840674285	0.062	0.028	6.40582158361134e-20	USP35	c9
5.13221746488569e-23	0.54752903898202	0.049	0.021	1.72124309337336e-18	CXorf21	c9
5.29404613456832e-20	0.547305436547034	0.042	0.018	1.77551719261152e-15	PQLC2	c9
1.35875822496942e-57	0.54709693825536	0.195	0.095	4.55700333490244e-53	MRTO4	c9
1.42525167310502e-73	0.546108663612427	0.272	0.135	4.78000906125962e-69	STX10	c9
3.88213237059991e-38	0.545510930905666	0.096	0.043	1.3019895544518e-33	ATN1	c9
2.16663447309528e-60	0.544264403095225	0.161	0.072	7.26645869586696e-56	TRMT1	c9
8.16647345808811e-47	0.544200763320194	0.213	0.116	2.73887186837359e-42	CDCA7	c9
3.44161923760694e-96	0.542519724222031	0.377	0.191	1.15425025990862e-91	CCDC6	c9
5.85703798836635e-79	0.542301522087493	0.284	0.139	1.9643334005383e-74	BZW2	c9
2.13552021661693e-10	0.541700211497069	0.027	0.013	7.16210770248987e-06	GNB4	c9
2.51455806122933e-36	0.541633933811061	0.103	0.047	8.43332482575093e-32	RIPOR1	c9
1.52088334400612e-64	0.541200086619948	0.222	0.108	5.10073855912774e-60	ACSL4	c9
9.6568571173858e-81	0.540796761032429	0.333	0.171	3.23871674002885e-76	NOP14	c9
1.76467845759524e-80	0.540044236685766	0.352	0.186	5.9183786110829e-76	TSHZ2	c9
9.24922944403245e-14	0.539637931706268	0.037	0.017	3.1020065709396e-09	RNASEH1-AS1	c9
2.94669651304686e-15	0.539201525576504	0.032	0.014	9.88263076545655e-11	FAM89A	c9
7.33181853578812e-117	0.538989180233381	0.885	0.654	2.45894530053262e-112	PIM3	c9
8.68454444584369e-09	0.538550525362274	0.018	0.008	0.000291262251624706	RAB43	c9
1.35150598426928e-08	0.537627550809069	0.02	0.009	0.000453268077004231	DNAJC28	c9
1.36914337322625e-61	0.53750881445855	0.209	0.102	4.5918330451262e-57	GGCT	c9
5.83195303733187e-09	0.537077478663968	0.017	0.007	0.000195592040966036	AC090114.2	c9
4.82100734109458e-41	0.536826713792483	0.111	0.05	1.6168694420563e-36	CTSZ	c9
6.7500467080989e-49	0.536799230461763	0.189	0.097	2.26383066496221e-44	PKIA	c9
5.15910174028929e-13	0.536559849961857	0.063	0.036	1.73025954165822e-08	RGS16	c9
1.11376546860053e-08	0.536476194213899	0.019	0.009	0.000373534662859245	LMLN	c9
7.66157479194503e-09	0.536337698095603	0.023	0.011	0.000256953895372252	KDELC1	c9
5.13428067258479e-24	0.534898517193032	0.062	0.028	1.72193505197149e-19	MCRIP2	c9
6.66923112953741e-90	0.534708675269772	0.62	0.381	2.23672673622426e-85	MTHFD2	c9
3.57508197239472e-25	0.533536418226011	0.058	0.025	1.19901099190174e-20	NACAD	c9
5.36012263932154e-14	0.533085702510198	0.027	0.011	1.79767793077566e-09	GORASP1	c9
6.41372763125025e-47	0.533031251098201	0.137	0.063	2.15103597296871e-42	AFAP1	c9
9.62502030226236e-75	0.532880066316657	0.261	0.127	3.22803930897275e-70	B4GALT5	c9
1.51807411318672e-53	0.531051027212457	0.182	0.089	5.09131696080562e-49	NOP14-AS1	c9
3.75031729233064e-37	0.530892344496311	0.14	0.072	1.25778141350185e-32	MID1IP1	c9
3.29578950563491e-91	0.529916193436536	0.382	0.195	1.10534188439984e-86	PGLS	c9
3.96387092096878e-07	0.529901577087309	0.011	0.004	0.0132940302947451	UFSP1	c9
2.11224941413446e-08	0.52989196742949	0.016	0.007	0.000708406208512415	AC004817.3	c9
1.47884379489797e-29	0.529860201490331	0.083	0.038	4.95974631932881e-25	TAF9B	c9
1.75121806053197e-71	0.529049748565936	0.221	0.103	5.87323513141212e-67	TSPAN3	c9
1.83490067657096e-10	0.528997436403261	0.029	0.014	6.15388988908369e-06	LY96	c9
1.2221694829639e-24	0.528252639685825	0.102	0.054	4.09891201196433e-20	MAF	c9
1.76393203062516e-74	0.528065162444865	0.266	0.13	5.91587524431066e-70	SLC7A6	c9
4.90660329725269e-14	0.52779860006563	0.032	0.014	1.64557661383261e-09	FAM57A	c9
4.56080311046977e-18	0.527366996639774	0.049	0.023	1.52960214718935e-13	SPINDOC	c9
7.59671144181554e-12	0.526638693427334	0.039	0.02	2.5477850833561e-07	TRAV16	c9
1.28638341475547e-25	0.525795535544124	0.449	0.324	4.31427269640689e-21	INSIG1	c9
8.29427210132934e-46	0.525312097595807	0.137	0.064	2.78173297734383e-41	COPRS	c9
1.47674279953465e-53	0.52468882669509	0.151	0.068	4.9527000010793e-49	NACC1	c9
3.88088568211713e-10	0.52349874963579	0.021	0.009	1.30157144006844e-05	SRXN1	c9
6.58003954691447e-58	0.523423731817384	0.182	0.086	2.20681366324417e-53	HMGB3	c9
1.70525092663422e-202	0.523400355269708	0.999	0.992	5.71907055774585e-198	GAPDH	c9
1.43739108723376e-34	0.522041900359001	0.097	0.045	4.82072222836459e-30	HAUS4	c9
1.40928067740916e-34	0.521828952432443	0.104	0.049	4.72644553589484e-30	ZC2HC1A	c9
2.51785379640297e-55	0.520619951839609	0.206	0.103	8.44437806237627e-51	SMAD3	c9
5.16894745717211e-77	0.520553370640758	0.312	0.159	1.73356159818638e-72	ATP2A2	c9
1.30331159087926e-14	0.519683690350027	0.043	0.021	4.37104641349085e-10	ENOX2	c9
6.87153654823125e-09	0.519336962610224	0.023	0.011	0.00023045759275458	SOX5	c9
1.08786264873095e-67	0.519201712414418	0.243	0.12	3.64847375131385e-63	MAML2	c9
3.45634199488015e-18	0.519134865415826	0.052	0.025	1.15918797824291e-13	BYSL	c9
1.36645345815651e-50	0.519034737353445	0.159	0.075	4.58281160796532e-46	THOP1	c9
2.44698112334904e-105	0.518856574250327	0.769	0.514	8.206685291488e-101	EIF3L	c9
7.18445447644595e-69	0.518843574028912	0.296	0.155	2.40952234231044e-64	JAKMIP1	c9
1.32619228042652e-28	0.518827241825296	0.081	0.038	4.44778367009447e-24	LARP1B	c9
4.67790602033181e-08	0.518543368156957	0.014	0.006	0.00156887612109888	TXNDC5	c9
8.01651251364e-81	0.517794475407011	0.328	0.166	2.68857796682458e-76	ARHGEF2	c9
9.97890883791589e-65	0.517306474142698	0.24	0.119	3.34672644606023e-60	TRIM69	c9
2.76864634516747e-69	0.51702250256853	0.223	0.105	9.28548611242265e-65	KLC2	c9
2.85053682024834e-10	0.517006727414021	0.035	0.018	9.56013038774887e-06	FANCL	c9
1.32480113607264e-57	0.516800769653777	0.182	0.087	4.44311805016041e-53	CBR3	c9
5.88555260180583e-09	0.516326642333937	0.015	0.006	0.000197389663159364	TMEM88	c9
2.07028029903189e-17	0.515351717567064	0.051	0.024	6.94330606689314e-13	KCNK12	c9
1.2454735288553e-08	0.51525852739485	0.025	0.012	0.00041770691210749	KLRC2	c9
3.11660849802072e-28	0.515131310524537	0.081	0.038	1.04524815806619e-23	GRK4	c9
6.33752928972459e-33	0.514757388540539	0.109	0.054	2.12548057318783e-28	SLC12A2	c9
4.89674699383269e-45	0.514718510380763	0.126	0.058	1.64227100679161e-40	ICAM2	c9
3.57247991740036e-146	0.51421994880825	0.92	0.725	1.19813831469773e-141	SEC61B	c9
4.56550714740804e-10	0.513557107641716	0.035	0.019	1.53117978709771e-05	AC147651.4	c9
3.86807235088396e-31	0.513482578738933	0.077	0.034	1.29727410503946e-26	SEC14L2	c9
4.68892902995114e-13	0.513348750302256	0.037	0.018	1.57257301806501e-08	TEX2	c9
8.78373824586129e-71	0.512972313088774	0.262	0.129	2.94589013289696e-66	C19orf12	c9
1.22164224078909e-94	0.512580558366011	0.414	0.213	4.09714374715846e-90	ACADVL	c9
1.65719435614142e-45	0.512278168184387	0.16	0.08	5.55789843162711e-41	IKZF4	c9
1.45001832488822e-31	0.511771600355911	0.082	0.037	4.86307145801012e-27	C9orf64	c9
4.58900093763974e-15	0.51167681526814	0.043	0.02	1.53905913446561e-10	CEP131	c9
5.37703696457471e-66	0.51152693102797	0.207	0.097	1.80335065717907e-61	NAA10	c9
9.69399549760781e-33	0.510013393112588	0.416	0.295	3.25117220998771e-28	MIR155HG	c9
9.80701537915023e-69	0.509795291710738	0.222	0.105	3.2890768178594e-64	AIMP2	c9
8.38821135213939e-65	0.509399490982981	0.207	0.098	2.81323832328051e-60	SFI1	c9
3.09035586481098e-25	0.509096541661462	0.119	0.067	1.03644354994031e-20	TMIGD2	c9
8.85373336424698e-13	0.508863337752628	0.045	0.023	2.96936509570115e-08	AC011611.3	c9
4.89777507996658e-07	0.507458643834434	0.013	0.005	0.0164261580631919	B4GALT2	c9
1.18363631581367e-52	0.507263465128895	0.181	0.088	3.9696794759759e-48	PLIN3	c9
9.31802620728804e-78	0.507208114701551	0.503	0.294	3.12507962940026e-73	TMEM123	c9
5.07546329121613e-14	0.506804341663929	0.029	0.013	1.70220887860807e-09	C16orf46	c9
2.96987465421516e-30	0.506512327394864	0.139	0.076	9.96036561530682e-26	TPX2	c9
8.2085308204845e-51	0.506216519894018	0.171	0.083	2.75297706657409e-46	THG1L	c9
1.30933929563039e-43	0.505964782158784	0.131	0.062	4.39126212968521e-39	TRAPPC6A	c9
7.73869782820675e-09	0.505438762515291	0.016	0.007	0.000259540447762398	Z83844.3	c9
8.10206167906252e-85	0.504570941329595	0.55	0.325	2.71726944592399e-80	ANXA6	c9
3.52943978423442e-88	0.504257005538785	0.48	0.269	1.18370351483654e-83	LRRFIP2	c9
5.11722897166197e-59	0.503712193253326	0.245	0.127	1.71621625251599e-54	RBBP8	c9
1.23691927816457e-15	0.503603001646346	0.042	0.02	4.14837987510833e-11	CARM1	c9
2.61018948876297e-09	0.503437499017963	0.021	0.009	8.75405350741325e-05	BEND4	c9
5.76887402316004e-12	0.503259273316416	0.031	0.015	1.93476496988741e-07	RMND5B	c9
5.86920115108296e-11	0.503199424929075	0.026	0.012	1.9684126820502e-06	LRP8	c9
1.38889668030663e-28	0.502398608016037	0.075	0.034	4.65808168641237e-24	GBE1	c9
1.91028988233582e-44	0.502348588218319	0.14	0.067	6.40673020737787e-40	KCNK6	c9
9.45825761557388e-23	0.502295443200284	0.08	0.041	3.17211043911117e-18	FMNL3	c9
3.41538169206485e-33	0.502163009073123	0.117	0.058	1.14545071188471e-28	NAB2	c9
7.85747010757417e-52	0.501964587265691	0.174	0.085	2.63523832467822e-47	MYO6	c9
3.38988126069755e-59	0.501932244204167	0.195	0.093	1.13689837721274e-54	FAF2	c9
8.00155170029386e-21	0.501908144472195	0.076	0.039	2.68356040924456e-16	CHI3L2	c9
1.5420078987999e-37	0.501313463122051	0.1	0.045	5.17158609099509e-33	AC100810.1	c9
3.35939954728063e-14	0.500417251097629	0.048	0.024	1.12667542016698e-09	CLNK	c9
2.45255148269207e-36	0.500131703112148	0.126	0.063	8.22536716265267e-32	TMEM184C	c9
1.26581425213644e-85	0.499964422534462	0.516	0.296	4.2452878388152e-81	IMPDH2	c9
4.92276761384879e-78	0.499636933153375	0.366	0.195	1.65099780233261e-73	LIMS1	c9
2.2385236689649e-65	0.499615329824687	0.296	0.156	7.50756068097448e-61	TCTN3	c9
3.16041021262298e-07	0.498923310412452	0.019	0.009	0.010599383771095	PKP4	c9
6.02837350884905e-09	0.498402279329866	0.019	0.008	0.00020217959073978	SDHAF4	c9
1.19217451620418e-10	0.497422772913878	0.033	0.016	3.99831489244557e-06	LINC00539	c9
5.63372734120713e-19	0.49709702635946	0.047	0.021	1.88943947569405e-14	GCSH	c9
4.57304542338285e-09	0.49693546578809	0.019	0.008	0.000153370797409414	ZFHX2	c9
7.08272351678286e-136	0.496553724033121	0.985	0.924	2.37540381305863e-131	HSP90AB1	c9
5.4160616646679e-12	0.495284305775193	0.031	0.014	1.81643876109632e-07	PRDM15	c9
3.88104021121539e-73	0.494867198797111	0.248	0.119	1.30162326603742e-68	ORAI2	c9
9.31112997195744e-91	0.493584401117619	0.649	0.399	3.12276676999509e-86	GPI	c9
1.63200856454613e-21	0.493546279261282	0.055	0.025	5.47343032377479e-17	ARHGAP10	c9
3.16959090427513e-20	0.493144897150055	0.061	0.029	1.06301739747579e-15	ANXA4	c9
3.03728880357996e-21	0.492824690251116	0.069	0.034	1.01864591894465e-16	OGG1	c9
1.85587391078161e-67	0.49217596013813	0.312	0.167	6.22422992197937e-63	UBASH3A	c9
1.00710416835696e-19	0.491569196886673	0.048	0.021	3.37762595983558e-15	FSCN1	c9
1.26521351120465e-06	0.491235770965258	0.014	0.007	0.0424327307387815	SNX15	c9
8.80993005215178e-59	0.490834430357434	0.203	0.099	2.95467434089066e-54	RYBP	c9
2.02388456021107e-34	0.490510781483439	0.102	0.048	6.78770403803588e-30	ZBED1	c9
4.45963009149504e-13	0.489924783121538	0.034	0.016	1.49567074008561e-08	AC007388.1	c9
5.54953491628846e-17	0.489838494075011	0.07	0.038	1.86120302022482e-12	NRM	c9
4.52466937707702e-25	0.489617292417305	0.073	0.035	1.51748361568409e-20	KLHL42	c9
1.61499448134885e-30	0.488633171146779	0.09	0.042	5.41636849154777e-26	PRR34-AS1	c9
1.28724161377055e-89	0.488021119629951	0.728	0.472	4.31715092426366e-85	SEC11A	c9
2.36982387093106e-62	0.488015118685189	0.394	0.236	7.9479152983286e-58	AL133415.1	c9
4.20749630363668e-07	0.487949152612569	0.015	0.007	0.0141111011031367	AC040169.1	c9
1.71659308246668e-32	0.486337909531576	0.101	0.048	5.75710987997676e-28	HDAC8	c9
1.10266965127265e-63	0.486313743181317	0.263	0.135	3.69813347643821e-59	MRPL11	c9
1.84168113197865e-81	0.486049974704769	0.695	0.448	6.17663018042999e-77	PSMD13	c9
7.86755835382667e-07	0.48562622883887	0.017	0.008	0.0263862172070639	APOOL	c9
2.46971203158252e-52	0.485371494826333	0.166	0.079	8.28292021152145e-48	MIR22HG	c9
2.02722028064496e-31	0.485319566675345	0.097	0.047	6.79889137722708e-27	ST3GAL4	c9
2.53727744596713e-19	0.485295943246058	0.055	0.026	8.50952109828457e-15	SMAD5	c9
1.97901889704105e-14	0.48529246066831	0.043	0.021	6.63723357689626e-10	ALG8	c9
2.03410456386039e-10	0.485259131756633	0.041	0.022	6.82197988627498e-06	AFAP1L2	c9
2.17685679660143e-92	0.48517122448097	0.792	0.544	7.30074232444187e-88	STAT5A	c9
1.89082276234531e-08	0.484994883345148	0.023	0.011	0.000634144138035369	SESTD1	c9
3.96602943397195e-37	0.484920074137999	0.152	0.08	1.33012695156551e-32	MYO7A	c9
1.6050456732804e-08	0.484746721954812	0.025	0.012	0.00053830021790478	SLC19A2	c9
4.38717169437044e-79	0.484456826675051	0.789	0.567	1.47136964285796e-74	HSPD1	c9
2.33827198063429e-13	0.484120292033112	0.053	0.029	7.84209656865127e-09	MASTL	c9
5.47123813910245e-32	0.483907355215998	0.102	0.049	1.83494384709218e-27	EIF2D	c9
2.38970813925811e-09	0.483675711787228	0.02	0.009	8.01460315744384e-05	PPP1R13L	c9
1.38930257870615e-16	0.482971020827617	0.057	0.029	4.65944298846468e-12	CCDC34	c9
2.1692217219973e-09	0.482682593823458	0.019	0.008	7.27513581123456e-05	SLC1A1	c9
8.66992195933279e-76	0.480843715940083	0.599	0.386	2.90771842672103e-71	SERPINB9	c9
1.09430228082647e-08	0.480446255005833	0.02	0.009	0.000367007098943582	CHRNA5	c9
5.77499881372327e-15	0.479536015005625	0.043	0.021	1.93681910214651e-10	SETD9	c9
6.38608749098146e-23	0.478403815842694	0.057	0.025	2.14176602272536e-18	FAM189B	c9
3.75832148106625e-90	0.478046567480568	0.404	0.208	1.26046585832e-85	PRKCD	c9
7.54624153383463e-18	0.477569544004375	0.057	0.028	2.53085848561746e-13	NLRP6	c9
4.59268578370162e-30	0.477457445919776	0.085	0.04	1.54029495813785e-25	KIF1BP	c9
1.48467441627881e-39	0.477339803959349	0.14	0.07	4.97930105731588e-35	MAIP1	c9
2.27024661944639e-80	0.47682882257832	0.675	0.432	7.61395311229931e-76	CMTM6	c9
1.03966632932745e-42	0.476289850545212	0.199	0.107	3.48683293529841e-38	ZMYND11	c9
6.66875660569004e-40	0.476026530321656	0.124	0.059	2.23656759041633e-35	POMT1	c9
2.25392195019596e-08	0.475966886658142	0.02	0.009	0.000755920343656721	TTLL11	c9
8.27610680009659e-14	0.475886370373918	0.039	0.018	2.77564069861639e-09	TLDC1	c9
4.93728792475331e-65	0.475852603420118	0.244	0.122	1.65586762420376e-60	BCL7C	c9
7.87278199295297e-11	0.475698497728068	0.026	0.012	2.64037362479657e-06	GATB	c9
1.14232625296422e-13	0.474732697899519	0.043	0.022	3.8311337871914e-09	VARS2	c9
1.16229405681581e-11	0.474726181552021	0.027	0.012	3.89810180774888e-07	RFNG	c9
1.22679539021808e-90	0.474584466909817	0.771	0.526	4.1144263797134e-86	PAK2	c9
3.0365493139073e-09	0.474412958087405	0.041	0.023	0.000101839790889823	MYB	c9
1.59768137366078e-21	0.47433150518662	0.054	0.024	5.35830379098352e-17	SPRYD7	c9
8.18533709788107e-32	0.474222481302923	0.106	0.052	2.74519835588735e-27	PCK2	c9
9.39180597297398e-07	0.47337013838793	0.017	0.008	0.0314982388721601	PROK2	c9
8.78104472429899e-84	0.473356621651759	0.477	0.266	2.9449867796354e-79	BANF1	c9
6.82351075422792e-08	0.472082799064136	0.023	0.011	0.00228846903675296	ZNF599	c9
1.39075608986265e-38	0.47162044124433	0.105	0.047	4.66431777418136e-34	NPM3	c9
2.08824820448083e-38	0.471538107540563	0.155	0.081	7.00356682818782e-34	STK16	c9
3.34930850016706e-12	0.471419496226352	0.026	0.011	1.12329108478603e-07	AC103591.3	c9
2.75204548887826e-15	0.471199859248449	0.041	0.019	9.22981016059989e-11	DPY19L1	c9
3.09452181135241e-08	0.470735351275776	0.026	0.013	0.00103784072509137	MMP23B	c9
9.1227239557712e-18	0.470682428811903	0.046	0.021	3.05957916028655e-13	NAT14	c9
3.02108063959253e-83	0.470343757874565	0.371	0.192	1.01321002490654e-78	TMEM167A	c9
1.60688798567198e-10	0.470053797178065	0.025	0.012	5.38918092634669e-06	ABCC4	c9
1.75652184850516e-29	0.469809125522263	0.082	0.038	5.89102297551662e-25	ROCK2	c9
1.18072044465454e-107	0.469599487264077	0.903	0.714	3.95990022728239e-103	RBPJ	c9
1.06761727054398e-13	0.46935325737918	0.038	0.018	3.5805748019504e-09	ZFP30	c9
3.67576706552733e-89	0.469296423177596	0.62	0.37	1.23277875843656e-84	NFE2L2	c9
1.58618719501073e-63	0.468736972425662	0.258	0.132	5.31975461462697e-59	SND1	c9
2.23298340085661e-43	0.468627092407219	0.118	0.053	7.48897972979291e-39	MGMT	c9
2.44391604509077e-23	0.468310938637311	0.067	0.031	8.19640563202543e-19	ORAI3	c9
3.17280705632329e-43	0.467895637736774	0.158	0.079	1.06409603054971e-38	MGAT4B	c9
1.81911362083328e-21	0.467830855957297	0.057	0.026	6.10094326155066e-17	ADAM15	c9
9.0341745869594e-46	0.467732233564266	0.14	0.066	3.02988147297444e-41	RPS6KA1	c9
3.43952393126629e-17	0.467448291628753	0.047	0.022	1.15354753606809e-12	AGAP3	c9
3.00761129731515e-07	0.467014948866106	0.017	0.008	0.0100869267689356	CAMKK1	c9
1.60688559466406e-79	0.466002501287597	0.353	0.184	5.38917290738431e-75	SREBF2	c9
1.15918788940947e-11	0.465639885345839	0.037	0.019	3.88768434350149e-07	ELAC1	c9
2.93312974996624e-21	0.465497356033983	0.065	0.032	9.83713055543678e-17	TRIP6	c9
8.2042987413277e-31	0.465282021312687	0.101	0.049	2.75155771186649e-26	PAICS	c9
1.70096726969459e-79	0.464444995020202	0.606	0.376	5.70470402910173e-75	HDLBP	c9
1.10838462782755e-18	0.463877999067653	0.063	0.032	3.71730036480804e-14	CPT2	c9
7.40402441147225e-42	0.46376084931558	0.163	0.083	2.48316170711956e-37	SYNGR3	c9
2.58001822132263e-182	0.463707177317462	0.986	0.91	8.65286511067185e-178	RPL4	c9
2.73089676746673e-13	0.463042314294119	0.027	0.011	9.15888157872994e-09	AP006621.3	c9
2.38991792986182e-80	0.462623529702453	0.414	0.225	8.01530675317057e-76	CSNK1G3	c9
9.22103287584541e-07	0.461989259686235	0.022	0.012	0.0309255000590103	REG4	c9
7.30780898246284e-09	0.461754992184811	0.022	0.011	0.000245089297653839	C2CD4D	c9
8.44475367067212e-138	0.461738917424535	0.972	0.828	2.83220148607002e-133	TPI1	c9
7.64754747637005e-11	0.460636776494933	0.025	0.011	2.56483447262499e-06	AGRN	c9
6.64483122052156e-19	0.460354614371117	0.051	0.024	2.22854349473852e-14	STK32C	c9
3.75332738046847e-09	0.460137241643304	0.022	0.01	0.000125879093686152	CDC42EP2	c9
3.4702565869857e-15	0.460123908671938	0.039	0.018	1.16385465414326e-10	SPATS2	c9
9.82960038150882e-62	0.459704212016797	0.306	0.166	3.29665137595043e-57	CEP120	c9
1.95821120714339e-168	0.459601730725404	0.989	0.915	6.56744874651749e-164	SERF2	c9
5.28134427622135e-07	0.459311915418429	0.022	0.011	0.0177125724335912	CHML	c9
1.70542943525404e-07	0.458850038361293	0.019	0.009	0.005719669239955	GSTCD	c9
2.18639369184279e-20	0.458667731924264	0.061	0.029	7.33272716370233e-16	SERP2	c9
1.36390043340919e-63	0.458655378702495	0.338	0.187	4.57424927356774e-59	SFT2D2	c9
3.91254644930377e-07	0.458172885055742	0.019	0.009	0.013121898281675	ZNF792	c9
4.87399839919389e-59	0.457649563060968	0.263	0.139	1.63464158312165e-54	METTL8	c9
3.70077783136091e-58	0.456997452887319	0.206	0.1	1.24116686908182e-53	NFATC1	c9
1.33569305344168e-73	0.456754175634301	0.392	0.215	4.47964736263272e-69	PNMA1	c9
4.66420015323959e-54	0.456493536525111	0.305	0.174	1.56427944739349e-49	LINC01943	c9
3.72555438247927e-42	0.455770528448985	0.138	0.067	1.2494764287959e-37	PITPNM1	c9
4.17498759484216e-09	0.455468780958717	0.03	0.016	0.000140020733955817	IL23A	c9
1.97349839579643e-37	0.454784345723264	0.191	0.107	6.61871891982206e-33	TMEM173	c9
2.57336608396549e-53	0.454543560434882	0.201	0.101	8.63055517240347e-49	AKR7A2	c9
1.5517475971213e-43	0.454424879415608	0.142	0.068	5.20425109122541e-39	DHRSX	c9
1.32099839378299e-37	0.452913143783309	0.129	0.063	4.43036441306939e-33	TUBG1	c9
4.72119575829907e-42	0.452819308540253	0.154	0.078	1.58339463341834e-37	TTF2	c9
3.18263203235221e-09	0.452370106469699	0.024	0.012	0.000106739113101028	SELENON	c9
1.51804470070056e-145	0.452316988115327	0.992	0.933	5.09121831720955e-141	ACTG1	c9
3.49191268948424e-11	0.452096832307116	0.026	0.012	1.17111767779922e-06	FAM241B	c9
9.77860064474358e-09	0.451892990525995	0.028	0.014	0.00032795470842341	AP002748.3	c9
2.95378120792518e-51	0.451887209798182	0.28	0.158	9.90639141513946e-47	BANP	c9
3.88636686433358e-57	0.451821786512486	0.266	0.143	1.3034097189602e-52	CAPG	c9
8.7075243939687e-67	0.451665285227677	0.284	0.146	2.92032953124922e-62	TMEM14C	c9
1.66872098244995e-10	0.451486730326207	0.031	0.015	5.59655643094066e-06	ARSB	c9
1.63570171695963e-08	0.451323352169474	0.018	0.008	0.000548581641833922	FAM227B	c9
1.19854175570153e-21	0.451237857444207	0.085	0.045	4.0196693402718e-17	EEPD1	c9
1.95307494835518e-27	0.450930879199068	0.103	0.053	6.55022276179361e-23	HABP4	c9
9.12880058309703e-51	0.450910818604798	0.171	0.083	3.06161713955908e-46	QTRT1	c9
6.83447504287212e-34	0.450139592758775	0.116	0.057	2.29214623987845e-29	DHRS4	c9
1.97012973524861e-35	0.450120343115372	0.152	0.08	6.60742110607679e-31	MEF2A	c9
3.33556941401695e-08	0.449850858934456	0.025	0.013	0.001118683270073	AL139011.1	c9
1.08381878479477e-57	0.449734246570299	0.25	0.131	3.63491144044469e-53	DYNC1I2	c9
4.78790425041414e-12	0.448990630758322	0.037	0.019	1.60576732750389e-07	QSOX2	c9
5.27209951930678e-16	0.448677926656009	0.042	0.02	1.76815673678511e-11	MAP4K3	c9
5.22158212685299e-13	0.447737784072356	0.033	0.015	1.75121421370395e-08	SRD5A3	c9
1.47637908936865e-09	0.447571534808516	0.024	0.011	4.95148018992459e-05	AC004556.1	c9
2.38618441898511e-12	0.447366682368529	0.043	0.022	8.00278530439225e-08	TTYH3	c9
1.03998120597119e-14	0.447197171853441	0.036	0.016	3.48788896858616e-10	VCL	c9
4.03208444312898e-74	0.446809037608119	0.375	0.202	1.3522804805366e-69	STAM	c9
3.89145547983467e-69	0.446695860941296	0.333	0.178	1.30511633882695e-64	AKR1A1	c9
6.56186302464655e-31	0.446524547127536	0.096	0.046	2.20071762120596e-26	MREG	c9
3.97688053375277e-25	0.446152518533717	0.065	0.029	1.33376619341e-20	GAN	c9
4.6695250352301e-76	0.445998426058173	0.518	0.311	1.56606530631547e-71	SEPT6	c9
5.33781404328209e-43	0.445506337718182	0.144	0.07	1.79019607383595e-38	CRTAP	c9
2.10206335035415e-26	0.445403778195644	0.088	0.043	7.04990006441774e-22	UCK2	c9
8.46931061744958e-10	0.444872037928556	0.025	0.012	2.84043739488024e-05	AC136475.3	c9
3.15899246856723e-18	0.444352293464879	0.061	0.031	1.05946289410808e-13	MSRA	c9
1.67699621216731e-72	0.444312513717682	0.401	0.234	5.62430989636671e-68	GADD45B	c9
2.55754131005788e-20	0.443327733604	0.056	0.026	8.57748204567211e-16	PPARD	c9
1.39940627736431e-27	0.443050077570775	0.077	0.036	4.69332877302442e-23	OTUD7B	c9
3.32877877365334e-30	0.442317258099204	0.092	0.044	1.11640582510786e-25	ZMIZ2	c9
3.55551995848981e-32	0.442001138661616	0.111	0.055	1.19245028367831e-27	HAGHL	c9
3.15428031972579e-31	0.441953275173682	0.103	0.05	1.05788253362964e-26	SPATA20	c9
8.43224831907215e-75	0.441529838687191	0.849	0.649	2.82800744125042e-70	YWHAQ	c9
1.0984355291911e-64	0.44142449050013	0.267	0.137	3.68393307780112e-60	ETHE1	c9
3.76496158822748e-25	0.44097423374005	0.085	0.043	1.26269281745973e-20	GSR	c9
5.37997019999916e-46	0.440936930354523	0.191	0.099	1.80433440567572e-41	TMX3	c9
2.6213851864389e-08	0.440822273522409	0.027	0.014	0.000879160163827877	BFSP2-AS1	c9
1.38238636515255e-39	0.440303659973242	0.152	0.078	4.63624739144861e-35	BMI1	c9
3.23786866075504e-59	0.439857155265725	0.255	0.132	1.08591639144403e-54	EML2	c9
8.63592727299437e-65	0.439731621006789	0.278	0.143	2.89631728881685e-60	CERS5	c9
5.60290474840271e-29	0.439673314931684	0.089	0.043	1.8791021945193e-24	TRIB1	c9
2.19440972476515e-74	0.438933693321684	0.467	0.268	7.35961133491737e-70	TRAF4	c9
1.12428662565401e-29	0.438851994765043	0.108	0.054	3.77063248511841e-25	AP2A2	c9
2.72925152634083e-19	0.438723920142881	0.05	0.023	9.15336376904187e-15	FO393401.1	c9
1.18221265472191e-07	0.438573447451232	0.027	0.014	0.00396490480140633	GSEC	c9
3.395413878752e-16	0.437276787083606	0.062	0.033	1.13875390665585e-11	CADM1	c9
6.98482963877972e-11	0.437174404949773	0.036	0.018	2.34257216425394e-06	ZDHHC21	c9
2.0755147827039e-26	0.437151034167963	0.074	0.034	6.96086147823233e-22	RXYLT1	c9
1.50569482613562e-93	0.436801492849999	0.875	0.669	5.04979930789364e-89	PARK7	c9
5.76731130258726e-25	0.43675707732859	0.067	0.031	1.93424086466172e-20	SARS2	c9
2.46193741727384e-22	0.436464159513231	0.084	0.044	8.25684571005302e-18	HECTD2	c9
2.0029808716813e-11	0.436311353004442	0.041	0.021	6.71759724744475e-07	NXPH4	c9
1.90546310154323e-78	0.436177092938543	0.717	0.473	6.3905421499557e-74	GSTP1	c9
1.86087144333166e-11	0.436028957970372	0.03	0.014	6.24099064664573e-07	AL121983.2	c9
1.59443290547467e-37	0.434767408050656	0.227	0.132	5.34740907838094e-33	ITPR1	c9
3.55221151558282e-55	0.434446160331157	0.24	0.125	1.19134069809617e-50	ERAL1	c9
1.90342796562012e-25	0.434047481700696	0.099	0.051	6.38371671109674e-21	TBL1X	c9
6.1319488138443e-47	0.433714481272829	0.172	0.086	2.0565329931871e-42	CD226	c9
4.56305572536964e-18	0.433591807039832	0.07	0.037	1.53035762917447e-13	PPARA	c9
9.94965422737251e-15	0.433361815251265	0.054	0.028	3.33691503477619e-10	AL441992.1	c9
1.98318707927496e-83	0.432348375862005	0.646	0.395	6.65121282647235e-79	SDF4	c9
1.82438161996373e-09	0.432331757184087	0.024	0.011	6.11861107703435e-05	ATP10A	c9
1.2614712362566e-69	0.432240179408577	0.306	0.158	4.23072223215738e-65	SLC25A39	c9
1.14031259032406e-23	0.431810722622917	0.079	0.039	3.82438036542882e-19	ADAT2	c9
3.77731710387255e-09	0.431490999705017	0.027	0.013	0.000126683661029678	JRK	c9
3.29151362148875e-55	0.43021661859457	0.215	0.108	1.1039078383749e-50	FBXL15	c9
4.73354903506586e-41	0.430164946956617	0.149	0.074	1.58753767538039e-36	POLD2	c9
6.1686804668071e-23	0.430142180651123	0.092	0.049	2.06885205495776e-18	GBA2	c9
2.33577120567714e-32	0.42928636567845	0.1	0.048	7.8337094696e-28	SLC39A13	c9
3.90715571370832e-16	0.42909638019693	0.035	0.015	1.3103818832635e-11	FADS3	c9
7.4974652911845e-07	0.429041711763309	0.011	0.005	0.0251449990935746	NLN	c9
1.93164403454711e-48	0.428254480083002	0.301	0.175	6.47834776306409e-44	CRELD2	c9
2.17734601059296e-79	0.428208897254662	0.621	0.378	7.30238305032668e-75	RNF114	c9
6.58577291434447e-24	0.428088855189278	0.084	0.043	2.20873652001285e-19	ZNF48	c9
8.76489552305408e-39	0.427351201589234	0.133	0.065	2.93957066052188e-34	BRI3BP	c9
2.07674252514794e-29	0.427057383618081	0.085	0.04	6.96497908084116e-25	FARP2	c9
5.86843879736918e-16	0.426897386303375	0.042	0.019	1.96815700386167e-11	TOP1MT	c9
2.79399540821149e-35	0.426829391791514	0.117	0.057	9.37050180005971e-31	AMIGO2	c9
6.09252744222994e-07	0.426230763835211	0.016	0.007	0.0204331185357508	DNMT3B	c9
2.80626998521719e-37	0.42558980455214	0.122	0.059	9.4116682764214e-33	IFT27	c9
2.18757254833024e-09	0.424956053672109	0.027	0.014	7.33668081258994e-05	HOMER1	c9
5.96907927278348e-36	0.424513051988784	0.115	0.055	2.00190980650613e-31	PLGRKT	c9
2.33703290969783e-59	0.423939964471842	0.6	0.404	7.83794097254459e-55	PIM1	c9
5.68680680441848e-66	0.423356184503874	0.349	0.192	1.90724126606587e-61	OTULIN	c9
2.7570536816562e-21	0.423091470676588	0.071	0.035	9.24660663753856e-17	PBX2	c9
3.22325753009105e-63	0.422666274016417	0.558	0.357	1.08101611044194e-58	BIN1	c9
7.31307932923395e-41	0.422377877502382	0.125	0.059	2.45266054543848e-36	RNFT1	c9
1.31344625788647e-24	0.422176588149585	0.086	0.043	4.40503605969964e-20	IRS2	c9
2.29877344311547e-16	0.422098044628619	0.05	0.024	7.70962637352067e-12	GDAP1	c9
7.0798314718423e-11	0.421633740757976	0.026	0.012	2.37443387902647e-06	PAXIP1-AS2	c9
1.70807052116136e-80	0.42097208783001	0.356	0.182	5.72852691387097e-76	PSMB5	c9
9.71252894647245e-42	0.420822852812218	0.145	0.071	3.25738795806793e-37	TACO1	c9
1.4397722341971e-60	0.420300329056121	0.276	0.145	4.82870811905022e-56	ALG2	c9
6.2630270167422e-84	0.420252338579622	0.855	0.645	2.100494000875e-79	COX6C	c9
7.35660224645074e-65	0.419997219152527	0.818	0.62	2.46725726141465e-60	FABP5	c9
1.54366830170996e-21	0.419652511439053	0.062	0.029	5.17715475027485e-17	SLC25A43	c9
1.48673414586832e-64	0.419509579529168	0.295	0.154	4.98620897841317e-60	CASZ1	c9
2.0239840116215e-19	0.419499439198226	0.069	0.035	6.78803757817617e-15	PAM16	c9
1.08929988392957e-67	0.419285825199971	0.552	0.343	3.653293950723e-63	KPNA2	c9
1.99384648221174e-41	0.418471271152596	0.16	0.082	6.68696233204173e-37	ACOT2	c9
8.82029607439838e-43	0.418133817887304	0.548	0.386	2.95815089743173e-38	PIM2	c9
5.56251688679638e-68	0.417568914737603	0.347	0.187	1.86555691349377e-63	EEF1G	c9
1.63729607778842e-09	0.417562228489868	0.022	0.01	5.49116358568681e-05	KCNMB4	c9
7.81809384375547e-07	0.417311765780274	0.021	0.011	0.0262203231331871	AC078785.1	c9
1.05270593231819e-08	0.417213208119859	0.027	0.014	0.000353056515580876	FBXL18	c9
1.43746871568522e-16	0.416913564496388	0.046	0.022	4.82098257866509e-12	MAPK11	c9
4.70621437423972e-55	0.416412526946363	0.244	0.128	1.57837017683252e-50	HMGCS1	c9
5.471449448962e-07	0.416205610909333	0.021	0.011	0.0183501471619287	PECR	c9
9.65467935827523e-74	0.415998850137578	0.591	0.363	3.23798636317835e-69	DNAJC1	c9
3.24160923536348e-74	0.41579214354463	0.422	0.234	1.0871709053562e-69	MAP4	c9
1.08364688189378e-17	0.415703521870188	0.047	0.022	3.63433491249536e-13	TRAF3IP1	c9
1.95369119216209e-54	0.415687263700021	0.227	0.117	6.55228952027322e-50	ZNF593	c9
6.26580576768507e-36	0.415575847857451	0.142	0.073	2.10142593836622e-31	WDFY2	c9
4.46450564132841e-08	0.41480744009609	0.026	0.013	0.00149730590198872	SV2A	c9
1.4293227603143e-17	0.414792426596639	0.048	0.023	4.7936626735421e-13	UTS2	c9
1.32116900732512e-74	0.414733594578758	0.749	0.509	4.43093661676699e-70	APRT	c9
2.95904622867187e-14	0.414642138651052	0.049	0.025	9.92404924171973e-10	MAP3K6	c9
2.95158176071672e-48	0.414265537265326	0.18	0.09	9.89901490909173e-44	RNF2	c9
5.18718967424804e-40	0.413110225828741	0.124	0.059	1.73967967294931e-35	MAPKAPK3	c9
3.2105601547894e-14	0.413029846906327	0.04	0.019	1.07675766471327e-09	FLNB	c9
5.2588381141732e-69	0.412686327548284	0.375	0.206	1.76370912673141e-64	ARNTL	c9
4.61336656219831e-22	0.41222761207961	0.06	0.028	1.54723087763007e-17	POMGNT1	c9
6.44964365982228e-33	0.411995594504656	0.142	0.076	2.1630814906312e-28	CBX5	c9
2.67926240576236e-59	0.411689081287559	0.338	0.19	8.98571025644581e-55	ATXN10	c9
4.73751787303818e-16	0.4107589802947	0.053	0.026	1.58886874425954e-11	THTPA	c9
2.21470807908841e-71	0.410664860756542	0.457	0.261	7.42768795564669e-67	RTCB	c9
2.15486243872384e-24	0.410465185419267	0.103	0.055	7.22697764699201e-20	FNDC3B	c9
1.04156296496713e-08	0.410421576352292	0.02	0.009	0.000349319387190676	AL080276.2	c9
1.76919106537132e-64	0.409946631651852	0.302	0.159	5.93351299504235e-60	MCUR1	c9
6.01525038471694e-10	0.409907840308921	0.033	0.017	2.01739467402637e-05	VANGL1	c9
9.00086550339293e-69	0.40916357178153	0.342	0.182	3.01871027252792e-64	KEAP1	c9
1.438386249645e-06	0.408908283897603	0.016	0.008	0.0482405980405939	HES6	c9
5.78199410721297e-07	0.408609461843746	0.017	0.008	0.0193916518367709	AP1S3	c9
1.20364526569184e-30	0.408291890877456	0.194	0.115	4.0367854920773e-26	TNS3	c9
6.09052267663163e-54	0.408140363497557	0.228	0.118	2.04263949528872e-49	HMG20B	c9
1.48801775433686e-40	0.406920162506472	0.165	0.086	4.99051394449497e-36	WDR83	c9
2.90373107654466e-09	0.406202389409604	0.035	0.019	9.73853328451547e-05	ZNF544	c9
6.16452246161184e-68	0.406198285661135	0.422	0.242	2.06745754317538e-63	TAB2	c9
1.47658866049582e-06	0.406196222058854	0.018	0.009	0.049521830495709	C17orf97	c9
5.64530770561945e-11	0.40593364384793	0.035	0.018	1.89332329831065e-06	HEXIM2	c9
1.98504454511944e-31	0.404527892154979	0.127	0.066	6.65744239542158e-27	HDAC7	c9
1.72762160617633e-71	0.40442634741613	0.878	0.693	5.79409734279417e-67	PRDX1	c9
1.07439643353434e-37	0.404330904182238	0.136	0.068	3.60331075878747e-33	DENND3	c9
9.16252479939264e-64	0.403897481410424	0.446	0.261	3.0729275672203e-59	PTPRJ	c9
2.82311180559724e-20	0.403682742317379	0.057	0.027	9.46815237361203e-16	KCTD21	c9
1.03015164617502e-08	0.403534400257477	0.029	0.015	0.000345492259094179	AFMID	c9
1.46274026845789e-60	0.403355604843194	0.289	0.155	4.90573831235408e-56	SPATS2L	c9
1.523678657251e-71	0.403176186646579	0.554	0.346	5.11011348068841e-67	PHLDA1	c9
9.36784844304279e-77	0.403174262522738	0.519	0.298	3.14178901082769e-72	LSM2	c9
5.53359443025147e-44	0.403172668127727	0.21	0.114	1.85585690001774e-39	JARID2	c9
1.32403957035728e-41	0.403147949742489	0.159	0.081	4.44056391106425e-37	UQCRHL	c9
2.71751906191579e-37	0.402863779029604	0.474	0.335	9.11401542985319e-33	LINC01871	c9
1.04354663165877e-62	0.402805162918984	0.381	0.215	3.4998466932572e-58	NFAT5	c9
6.25720835212947e-66	0.402605229604475	0.28	0.143	2.09854253713718e-61	QARS	c9
5.78811547287052e-33	0.402489430174414	0.123	0.062	1.94121816729131e-28	RCC1L	c9
1.25972204279464e-07	0.401515881047443	0.024	0.012	0.00422485578712466	SLC37A4	c9
2.38215780238577e-44	0.400463616829339	0.16	0.079	7.98928083764139e-40	MRPS27	c9
4.15222515897727e-71	0.400151155139403	0.363	0.195	1.3925732738178e-66	UBE2Z	c9
5.84795429301013e-09	0.400079019482153	0.031	0.016	0.000196128691078974	LAMP3	c9
2.33189445743013e-50	0.399888492856319	0.247	0.133	7.82070763132916e-46	AAGAB	c9
7.39683561285992e-36	0.39972208603434	0.12	0.058	2.48075072784096e-31	MYO9A	c9
2.980672066573e-140	0.399509555809715	0.978	0.871	9.99657797687252e-136	SLC25A3	c9
4.60620156417569e-48	0.399410645741567	0.191	0.098	1.54482788059324e-43	NIT1	c9
2.4125208929028e-09	0.399283713245975	0.029	0.014	8.09111257061742e-05	NOD2	c9
2.02108178226316e-33	0.399056416657827	0.14	0.074	6.77830408135417e-29	HIST1H2BC	c9
1.70267523990348e-72	0.398847518767106	0.91	0.762	5.71043221958829e-68	LMNA	c9
3.66106750268746e-28	0.398800082422745	0.113	0.059	1.22784881905132e-23	METTL3	c9
1.20167181772122e-13	0.398771202688847	0.038	0.018	4.03016694227344e-09	MOSMO	c9
4.93539597352611e-35	0.398164575218217	0.123	0.061	1.65523310160119e-30	TFB2M	c9
1.11875078505985e-36	0.39811107790382	0.138	0.07	3.75206638293373e-32	MRRF	c9
5.47386366638444e-22	0.39736274756152	0.082	0.042	1.83582439643201e-17	CDYL2	c9
2.30131874995867e-07	0.396731298395641	0.019	0.009	0.00771816282361139	DHRS11	c9
1.10488785918869e-08	0.395563660074047	0.023	0.011	0.000370557290214703	AVEN	c9
1.34838346510901e-17	0.395420899606285	0.056	0.027	4.5222084652826e-13	PCTP	c9
6.03586333388106e-33	0.3947846304835	0.172	0.097	2.02430784491703e-28	NINJ2	c9
9.46328104747214e-60	0.394163858295518	0.222	0.11	3.17379519770121e-55	TMED3	c9
3.59896834239089e-11	0.394146923642586	0.032	0.016	1.20702200267106e-06	LINC01806	c9
5.04845067823467e-57	0.393856069026972	0.308	0.171	1.69314938846634e-52	SMS	c9
3.22202308023097e-36	0.393768230745895	0.156	0.082	1.08060210064786e-31	C20orf27	c9
7.24648116296686e-16	0.393667638510964	0.059	0.031	2.43032485243583e-11	SPHK1	c9
2.45926218466334e-09	0.393454931375966	0.032	0.017	8.24787351492389e-05	AURKA	c9
8.49557244472001e-68	0.393151221746124	0.42	0.237	2.8492450865102e-63	MAP1S	c9
8.14690495118429e-73	0.391492205964625	0.514	0.297	2.73230898252819e-68	TKT	c9
2.24784187711955e-35	0.391426660156624	0.139	0.071	7.53881208748355e-31	DUSP22	c9
3.93861485753938e-10	0.391423468572329	0.029	0.014	1.32093265092156e-05	TNKS1BP1	c9
1.11287281444534e-50	0.391201117965576	0.248	0.134	3.73235284508676e-46	RARS	c9
7.91509431908074e-70	0.391134460668071	0.388	0.213	2.6545643327333e-65	UBE2J1	c9
1.17494283936886e-44	0.390972257202459	0.244	0.137	3.94052329467528e-40	SLC43A3	c9
3.36909601724454e-50	0.390926917233336	0.232	0.124	1.12992742226347e-45	SFT2D1	c9
1.99476251778411e-73	0.39082234181608	0.457	0.261	6.69003453214436e-69	LRMP	c9
6.48654876346591e-40	0.390597909141427	0.156	0.079	2.1754587242912e-35	TARBP2	c9
1.37903713377343e-69	0.39048171291422	0.431	0.244	4.62501473924934e-65	IL4R	c9
7.10578441952917e-71	0.39042715153554	0.533	0.32	2.38313797862169e-66	SLC16A3	c9
1.0400839568437e-216	0.390003705589658	1	0.995	3.4882335744624e-212	RPS2	c9
7.39204997981754e-07	0.38981957966458	0.026	0.014	0.0247914572223121	CDKN2B	c9
8.48781448021053e-24	0.389693513654173	0.085	0.043	2.84664322037301e-19	FTX	c9
1.5415011507775e-09	0.388621095955344	0.022	0.01	5.16988655947758e-05	HYAL2	c9
1.87762458534623e-64	0.388478468358774	0.446	0.259	6.29717733433419e-60	NDUFB7	c9
6.05692493311841e-53	0.388385506191095	0.473	0.297	2.03137148406925e-48	RAB9A	c9
1.79949141270794e-11	0.388346898991416	0.053	0.03	6.03513429993989e-07	PAQR4	c9
6.67599579871936e-27	0.387434065333829	0.077	0.036	2.2389954709745e-22	FAHD2B	c9
7.15206319915414e-10	0.387150806160216	0.033	0.017	2.39865895573232e-05	LIPE-AS1	c9
6.47149167270926e-16	0.386759950013001	0.05	0.025	2.17040887719323e-11	TMEM65	c9
2.07077112942905e-44	0.386634325106925	0.177	0.09	6.94495221387914e-40	NPLOC4	c9
2.05431839051019e-26	0.386575233637172	0.081	0.039	6.88977301809308e-22	MFSD12	c9
2.02404732915072e-18	0.38651690887577	0.06	0.03	6.78824993250567e-14	MLYCD	c9
6.98262931787195e-14	0.38608987784086	0.041	0.02	2.34183422062789e-09	TXNRD2	c9
6.68647958804851e-08	0.386077812968025	0.022	0.011	0.00224251152423971	BIVM	c9
7.33528497496723e-44	0.385931715477534	0.161	0.08	2.46010787490451e-39	SPTSSA	c9
1.79669085239487e-08	0.385434499053326	0.023	0.011	0.000602574178076192	MYO1D	c9
2.15397484492264e-61	0.38532187041153	0.395	0.226	7.22400083490156e-57	CTNNB1	c9
3.79905199544612e-07	0.385085815843731	0.02	0.01	0.0127412605823272	MFSD13A	c9
2.80953254685075e-57	0.384865790052047	0.877	0.702	9.42261025562804e-53	ENO1	c9
1.31520648217649e-08	0.384610101835163	0.023	0.011	0.00044109394999235	USP13	c9
2.01594726558523e-26	0.383790329224358	0.095	0.048	6.76108393931974e-22	DVL3	c9
4.05684655227685e-34	0.383684514743375	0.111	0.054	1.36058519670261e-29	ABHD2	c9
6.12763063069271e-37	0.383337460532825	0.139	0.071	2.05508476092172e-32	ANO6	c9
3.3382182342879e-26	0.382968051018945	0.097	0.05	1.11957163141548e-21	LINC01934	c9
6.25277356053337e-44	0.382718653860681	0.17	0.086	2.09705519673168e-39	MAN2B1	c9
2.04651729209978e-16	0.382107979209138	0.05	0.025	6.86360969424423e-12	RAB40B	c9
8.19388225948689e-17	0.381929148547322	0.044	0.02	2.74806423218671e-12	PTDSS2	c9
1.10976184815257e-72	0.381625996778243	0.812	0.573	3.7219192863341e-68	ARF5	c9
3.01075941401131e-18	0.381464674000074	0.065	0.034	1.00974849227111e-13	FAHD2A	c9
5.33888879986325e-17	0.381396095671633	0.059	0.03	1.79055652569814e-12	GALNS	c9
4.02724761401566e-33	0.380894619741518	0.129	0.066	1.35065830478857e-28	CHD1L	c9
1.29095355383478e-61	0.38066117373317	0.289	0.152	4.32960002885107e-57	COMMD1	c9
7.28907664487929e-10	0.380126698452421	0.026	0.012	2.44461052515962e-05	ARHGEF5	c9
7.73886780317353e-33	0.379856055616493	0.129	0.067	2.59546148382834e-28	AGPS	c9
1.79492033037304e-57	0.379802200021443	0.273	0.146	6.0198038040051e-53	ACOT9	c9
5.45008930725515e-12	0.379458310483214	0.033	0.015	1.82785095186723e-07	SH3PXD2A	c9
3.89424852211484e-46	0.379412823711587	0.201	0.106	1.30605306934687e-41	PCBD1	c9
1.96255254124e-17	0.378866262630161	0.07	0.037	6.58200871281071e-13	PGAP1	c9
7.26703149670772e-41	0.37863929207058	0.161	0.082	2.43721702336583e-36	LUZP1	c9
2.56425542846371e-21	0.37844430514047	0.068	0.033	8.59999985598158e-17	NBPF1	c9
1.45910630725899e-56	0.378363938406528	0.308	0.17	4.89355073328521e-52	PFKP	c9
4.30646770205024e-33	0.378082812802352	0.153	0.083	1.44430313791361e-28	COQ9	c9
3.69272192547668e-56	0.378021870731536	0.657	0.444	1.23846507936637e-51	PDIA6	c9
1.12322532579755e-25	0.377951559465374	0.119	0.065	3.76707309765981e-21	SEH1L	c9
1.71512987001586e-63	0.37786051829307	0.406	0.235	5.75220255805921e-59	NCOA7	c9
2.29880995564262e-65	0.377675396187996	0.366	0.203	7.70974882923423e-61	TOX	c9
8.9871067472633e-19	0.377517628659319	0.085	0.047	3.01409586089717e-14	SLC38A5	c9
3.57408787588978e-12	0.377291240541084	0.047	0.025	1.19867759181591e-07	UEVLD	c9
1.48570354172448e-72	0.377110253115062	0.572	0.344	4.98275253823557e-68	CHD4	c9
7.08664121566823e-23	0.377001213182848	0.131	0.076	2.37671773091081e-18	AUH	c9
1.31797665596976e-19	0.376264969306712	0.074	0.039	4.42023010879137e-15	MORN2	c9
4.37708076254395e-23	0.376172035279114	0.082	0.041	1.46798534614199e-18	ZNF518B	c9
7.98586126258111e-12	0.374290472516084	0.043	0.022	2.67829815024445e-07	PCBD2	c9
1.60565747009407e-41	0.374214502936484	0.201	0.109	5.3850540232015e-37	PPM1M	c9
2.09004984133792e-64	0.374147202891719	0.658	0.428	7.00960915787912e-60	RIC8A	c9
9.75256201903619e-08	0.374065601833272	0.022	0.011	0.00327081424994436	BX890604.1	c9
1.30255933394909e-20	0.374059137036509	0.074	0.038	4.36852349419845e-16	FAM214B	c9
2.52075099747038e-19	0.373443066000269	0.064	0.032	8.45409469531615e-15	CNIH2	c9
1.67351942292729e-36	0.372744469360943	0.147	0.076	5.61264944061353e-32	MRPL24	c9
2.21165768383952e-33	0.372697239476311	0.124	0.063	7.41745754006099e-29	MPV17	c9
2.61962548162137e-73	0.372301297453336	0.374	0.2	8.78569994026174e-69	SYPL1	c9
1.21648061668766e-10	0.37208682502519	0.035	0.018	4.07983269224707e-06	TRMT5	c9
3.20208985214389e-32	0.371563422805445	0.112	0.056	1.07391689461202e-27	C12orf73	c9
2.07425910593118e-20	0.371160222481721	0.068	0.034	6.956650189472e-16	CUX1	c9
1.25403192569689e-07	0.370887375505023	0.024	0.012	0.00420577227240222	ZNF382	c9
1.73190884685626e-19	0.370372829742446	0.068	0.034	5.80847589058651e-15	SLC2A13	c9
3.32353228163725e-28	0.370283155139864	0.118	0.063	1.1146462566155e-23	AHCYL1	c9
4.91485166249349e-38	0.370144033115821	0.173	0.093	1.64834295056707e-33	CDR2	c9
2.3243887472041e-14	0.370128101688732	0.038	0.018	7.79553498037313e-10	MTHFD2L	c9
3.17662699726625e-12	0.369472917925269	0.044	0.023	1.06537716234315e-07	UHRF1BP1	c9
1.2664474048039e-33	0.369425932326939	0.174	0.097	4.24741130623131e-29	CYP51A1	c9
2.16717991700461e-27	0.36894386842184	0.107	0.056	7.26828800565005e-23	SPAG1	c9
2.86425760215622e-18	0.368779016759298	0.061	0.03	9.60614714611152e-14	CAMSAP1	c9
2.38077248870623e-14	0.368264700800694	0.046	0.023	7.98463477262294e-10	ZNF254	c9
1.29748786084011e-44	0.368039491861164	0.18	0.093	4.35151478768556e-40	TYW3	c9
5.09694234213148e-50	0.36795943239938	0.232	0.123	1.70941252270406e-45	PDXK	c9
6.15367211693424e-12	0.367469256319778	0.049	0.026	2.0638185545774e-07	RECK	c9
3.06573809287425e-40	0.367191571189146	0.169	0.088	1.02818724158816e-35	MAP3K1	c9
4.74647654047605e-34	0.367134473136288	0.143	0.075	1.59187330214486e-29	GLRX2	c9
4.85518533660825e-20	0.367118306784401	0.08	0.042	1.62833205819167e-15	ADCY3	c9
1.12161399972381e-40	0.366309338992398	0.186	0.1	3.76166903227371e-36	TOX2	c9
2.69329755472745e-44	0.365767288948857	0.299	0.176	9.03278133904493e-40	MCOLN2	c9
2.05826660973328e-57	0.365536229789235	0.285	0.153	6.90301455572347e-53	LYPLA1	c9
6.3367090498256e-10	0.36507490955966	0.035	0.018	2.12520548113051e-05	SLC31A1	c9
5.33181535894523e-66	0.364925596708376	0.843	0.626	1.78818423508305e-61	STAT3	c9
3.37733557996857e-10	0.364612116754177	0.028	0.014	1.13269080680986e-05	C14orf93	c9
1.71581534768223e-35	0.364078310687203	0.263	0.16	5.75450151305665e-31	CD70	c9
9.65984265391492e-12	0.363925052973225	0.039	0.02	3.23971802926999e-07	UBTD2	c9
2.75166971712219e-39	0.363520651410661	0.18	0.097	9.2285498972844e-35	SMIM27	c9
2.64997147354959e-62	0.363253547921482	0.682	0.444	8.88747432799063e-58	PHB2	c9
5.01062081303562e-34	0.362907366986581	0.119	0.059	1.68046200827589e-29	RBFA	c9
8.39235851215718e-22	0.362880750329979	0.069	0.034	2.81462919780728e-17	MTX2	c9
1.61613293665965e-36	0.362408882625865	0.14	0.071	5.42018664296914e-32	ZFY	c9
2.49909400731124e-52	0.362050232657314	0.704	0.485	8.38146148172044e-48	PSME2	c9
6.30050504442856e-18	0.36192794278397	0.063	0.032	2.11306338180045e-13	PRMT6	c9
4.30498126088118e-54	0.361472777021252	0.247	0.13	1.44380461527433e-49	CAPNS1	c9
4.39626413808542e-10	0.361404535235781	0.037	0.02	1.47441906663109e-05	PIGW	c9
7.53246429230739e-13	0.361177206005179	0.044	0.023	2.52623787435405e-08	NLRX1	c9
5.38644842913546e-56	0.361007996584221	0.347	0.198	1.80650707416345e-51	VAMP5	c9
6.39490235933857e-22	0.360553182191758	0.085	0.044	2.14472235327497e-17	PLCL2	c9
2.91598483984e-54	0.360275297095035	0.258	0.137	9.7796299558554e-50	ZNF281	c9
1.11049424783276e-62	0.360191474529808	0.476	0.28	3.72437560838151e-58	PFDN4	c9
2.2196186421428e-54	0.360174983713622	0.885	0.719	7.44415700201851e-50	LSP1	c9
4.35073782175317e-66	0.359737174336971	0.779	0.541	1.45915045065958e-61	ATP5F1D	c9
1.90515036952138e-56	0.359648732179345	0.372	0.214	6.38949330930079e-52	SEPHS2	c9
7.21546667408069e-09	0.359597546752604	0.023	0.011	0.000241992321315318	MTA3	c9
1.93419799826768e-18	0.359120941580033	0.063	0.032	6.48691324659015e-14	PUS7	c9
1.25548105651499e-08	0.358603127625192	0.022	0.01	0.000421063236733997	GM2A	c9
1.09365551976193e-55	0.358004953011382	0.266	0.141	3.66790188217756e-51	CUEDC2	c9
3.80516142525037e-29	0.3577370785076	0.114	0.059	1.27617503880047e-24	CHD7	c9
3.37100054802663e-281	0.357651614770936	1	1	1.13056616379717e-276	EEF1A1	c9
4.5129657724554e-20	0.357576999072099	0.018	0.005	1.51355846076609e-15	IGHG1	c9
5.118638333437e-50	0.357217675572674	0.777	0.571	1.7166889242681e-45	WSB1	c9
7.72698212583713e-57	0.357020418348756	0.443	0.27	2.59147526536326e-52	TIFA	c9
3.92557095467782e-59	0.356926168870309	0.336	0.185	1.31655798677985e-54	LSM4	c9
7.37463176135329e-59	0.35625136960158	0.568	0.357	2.47330400012267e-54	DGUOK	c9
9.61844596051062e-14	0.356193110386601	0.037	0.017	3.22583440623605e-09	RIC3	c9
7.26308168356648e-21	0.355958685877201	0.077	0.04	2.43589233503453e-16	ZNF557	c9
2.12994148067652e-12	0.355619141615434	0.042	0.021	7.14339773789291e-08	SLC27A5	c9
2.3653337784853e-42	0.355595929679522	0.164	0.083	7.932856426284e-38	MRPL45	c9
6.33838800751677e-07	0.355187993789556	0.027	0.015	0.0212576856996098	NECTIN3	c9
7.72957051603423e-169	0.355076208286519	0.999	0.985	2.59234335966756e-164	RPS5	c9
2.36502774294499e-34	0.354739765964554	0.156	0.083	7.93183004428892e-30	SIRT6	c9
5.21741840154201e-53	0.354730227364779	0.239	0.126	1.74981778350916e-48	PABPC4	c9
1.08805435123247e-35	0.354404009119332	0.133	0.067	3.64911668316347e-31	PLSCR3	c9
5.12795449050136e-51	0.353992897049805	0.267	0.146	1.71981337702435e-46	FAM3C	c9
2.09997134942678e-08	0.353912852495351	0.03	0.016	0.000704288391170753	ABTB2	c9
2.76468433064383e-20	0.353630450233187	0.076	0.04	9.27219830811328e-16	CNTROB	c9
1.23698974907676e-30	0.353593627923114	0.207	0.124	4.14861622045365e-26	ZNF683	c9
1.64958762683558e-08	0.353270165825851	0.036	0.02	0.000553238698288117	HPSE	c9
1.71711947898661e-23	0.352997112192634	0.091	0.048	5.7588753086253e-19	PROSER3	c9
1.8016797164138e-12	0.352914323816936	0.043	0.022	6.0424734329086e-08	TIPARP-AS1	c9
1.80218074709854e-42	0.352685326431507	0.161	0.081	6.04415378961907e-38	FAM173A	c9
1.16190557555279e-39	0.352459037467566	0.179	0.096	3.89679891928895e-35	RPL26L1	c9
1.81004945886509e-40	0.352044135197974	0.212	0.117	6.07054387514176e-36	TRMT6	c9
5.51531363158917e-13	0.351738253830113	0.055	0.03	1.84972588576238e-08	CKB	c9
1.41008165943721e-66	0.351705504002403	0.44	0.253	4.72913186942052e-62	ZC3H12D	c9
4.01513704433368e-48	0.351460497725246	0.788	0.591	1.34659666192863e-43	TXN	c9
2.16656305081863e-31	0.350853801926585	0.128	0.067	7.26621915983551e-27	CASS4	c9
3.03241450503179e-07	0.350072868711665	0.018	0.009	0.0101701117669756	ZNF529-AS1	c9
1.52574588406506e-65	0.349593983225088	0.803	0.576	5.1170465459774e-61	NFKB2	c9
1.10264628865749e-54	0.349308111379663	0.371	0.215	3.6980551228995e-50	GINM1	c9
8.86853024379686e-26	0.349221384668307	0.112	0.06	2.97432767316459e-21	MRPL23	c9
8.69732877686016e-58	0.348793561728537	0.324	0.179	2.91691012518336e-53	FIBP	c9
2.16144736082256e-13	0.348588799504381	0.045	0.023	7.24906215872671e-09	CLUAP1	c9
3.53062440457959e-21	0.348301528267497	0.107	0.06	1.1841008128079e-16	TXNL4B	c9
3.65030087411523e-37	0.348146932315581	0.166	0.088	1.22423790716076e-32	GNG10	c9
1.72204587206342e-26	0.347563233134888	0.099	0.051	5.7753974457263e-22	TYW5	c9
2.88860699810291e-46	0.347170345775514	0.198	0.102	9.68781015023755e-42	SCO2	c9
2.73604782257337e-07	0.34714716006829	0.026	0.014	0.00917615718734657	CCDC74A	c9
8.0817503223954e-20	0.347084027626795	0.053	0.024	2.71045742312497e-15	NCS1	c9
2.01371085661906e-63	0.347017384415243	0.572	0.353	6.75358347092899e-59	ANKLE2	c9
4.53453079479528e-60	0.347002651693446	0.827	0.619	1.52079093795844e-55	MRPS6	c9
2.11657149319795e-54	0.346743897550895	0.302	0.167	7.09855747388729e-50	HIVEP1	c9
1.02123153899384e-117	0.346544283251348	0.985	0.928	3.42500633547754e-113	EEF2	c9
3.44112071940421e-19	0.346130687755543	0.114	0.067	1.15408306687378e-14	TGFBR3	c9
1.05805869174376e-14	0.345982077399349	0.061	0.033	3.54851724037023e-10	ANKRD26	c9
6.08668170367453e-12	0.345882601324745	0.034	0.016	2.04135130977836e-07	NRROS	c9
5.8147270164529e-43	0.345851897747215	0.181	0.094	1.95014314677797e-38	PAFAH1B3	c9
1.93412266549253e-10	0.345611978734152	0.032	0.016	6.48666059552885e-06	AC137767.1	c9
4.47117402125343e-24	0.345547731492008	0.095	0.05	1.49954234324797e-19	DNAJC11	c9
4.69796273400521e-32	0.345544289004551	0.175	0.099	1.57560274173067e-27	HPCAL1	c9
6.77571203683495e-18	0.345224909540931	0.063	0.032	2.2724383029137e-13	SIL1	c9
1.03436604384733e-54	0.344928172868574	0.756	0.536	3.46905683785519e-50	RGS10	c9
3.76126894177402e-10	0.344800392143241	0.055	0.032	1.26145437769217e-05	GPR34	c9
1.31316731356347e-63	0.344625521997721	0.622	0.401	4.40410053622916e-59	KDM6B	c9
6.30629936309792e-43	0.344279309121269	0.328	0.2	2.11500668039578e-38	IRF4	c9
4.19732017962896e-35	0.344109399466109	0.148	0.078	1.40769724184396e-30	SRFBP1	c9
4.86420380909202e-07	0.343814533755617	0.022	0.011	0.0163135667349328	LRRC75A	c9
2.64204744780513e-10	0.343691763343964	0.038	0.02	8.86089873044884e-06	PIGK	c9
1.8010611728636e-13	0.343312078562004	0.052	0.028	6.04039896154994e-09	GPR35	c9
3.26375718363642e-10	0.343225682676082	0.031	0.015	1.09459888424798e-05	CCDC189	c9
5.91747050864613e-31	0.343084384271555	0.106	0.053	1.98460125918974e-26	MAPKAP1	c9
8.24959584249707e-61	0.343059895322108	0.454	0.269	2.76674945365667e-56	RANGAP1	c9
2.35957572859427e-22	0.343052008449445	0.145	0.087	7.91354507855946e-18	CSGALNACT1	c9
3.78777419330959e-41	0.342954035142095	0.173	0.09	1.27034370895217e-36	TMEM216	c9
8.79014696561932e-35	0.342833352072964	0.151	0.08	2.94803948932941e-30	TATDN1	c9
4.14743719358021e-25	0.342694253229926	0.098	0.051	1.39096748598293e-20	A1BG-AS1	c9
1.2297966796924e-09	0.342550167284408	0.037	0.02	4.12449210435238e-05	HLF	c9
2.26147432286769e-48	0.34163687145409	0.259	0.143	7.58453258403366e-44	MAP3K14	c9
1.88838893583975e-64	0.341608195078534	0.566	0.343	6.33327881301935e-60	ERGIC3	c9
5.00128524830456e-17	0.341080693192886	0.052	0.025	1.67733104657638e-12	KLHL22	c9
1.5287056570033e-51	0.341038305626211	0.251	0.134	5.12697303245768e-47	TTC7A	c9
1.85186435207975e-20	0.340546428153056	0.069	0.034	6.21078266400506e-16	ZNF438	c9
1.19713802958423e-35	0.340491442981269	0.171	0.093	4.01496152361959e-31	PM20D2	c9
6.00964395759866e-15	0.340319705527728	0.049	0.025	2.01551439049944e-10	CAD	c9
8.51674639465073e-16	0.339955201344663	0.054	0.027	2.85634640583796e-11	MRPS17	c9
5.62435957726417e-16	0.339775244546248	0.211	0.152	1.88629771502286e-11	TRBV27	c9
7.67119419402517e-10	0.339383268915959	0.033	0.017	2.57276510879216e-05	UBTD1	c9
1.16537453536719e-35	0.338666465169896	0.163	0.088	3.90843311671448e-31	UBAC1	c9
3.57521043023385e-07	0.338499803930028	0.021	0.011	0.0119905407409183	BORCS8-MEF2B	c9
1.46107666561292e-21	0.338260173964757	0.087	0.046	4.90015892113262e-17	NHLRC3	c9
2.02448631959303e-44	0.337764342877813	0.249	0.14	6.7897222186511e-40	DLEU2	c9
7.99012894228966e-12	0.337296067122038	0.039	0.02	2.67972944466511e-07	TPTEP2-CSNK1E	c9
6.37852600804376e-54	0.337280945526816	0.299	0.164	2.13923005257772e-49	GRHPR	c9
3.9203422361986e-10	0.336668858211129	0.028	0.013	1.31480437917629e-05	LDOC1	c9
5.02464778459338e-10	0.336086516677854	0.029	0.014	1.68516637399693e-05	JRKL	c9
7.31702674404017e-16	0.335846206234738	0.108	0.066	2.45398442941619e-11	OXR1	c9
8.24728118558262e-41	0.335602304816339	0.156	0.079	2.7659731640207e-36	TIAM2	c9
3.88695359671584e-57	0.334969775743357	0.39	0.225	1.30360649726656e-52	HDAC2	c9
9.08331818165589e-25	0.334192840982856	0.699	0.557	3.04636325176375e-20	CTSW	c9
7.35073001685298e-35	0.334035648910918	0.157	0.084	2.46528783305215e-30	PANK3	c9
2.37466556393243e-24	0.333945759659441	0.102	0.054	7.96415336831659e-20	NAALADL1	c9
1.64763596816905e-31	0.333721863088321	0.161	0.089	5.52584151004537e-27	REPS1	c9
9.98719973092336e-52	0.333710109430799	0.406	0.244	3.34950704575708e-47	SLC5A3	c9
4.59121857347086e-51	0.333651801485888	0.275	0.151	1.53980288517066e-46	ETFA	c9
1.03296910508852e-54	0.333330523948105	0.293	0.16	3.46437178464587e-50	FLII	c9
2.41698438877046e-54	0.333250640372245	0.677	0.455	8.10608224305838e-50	PPA1	c9
2.61301861292967e-23	0.33317263442672	0.087	0.044	8.76354182404354e-19	FAM131A	c9
3.97140867315841e-42	0.333171833982177	0.205	0.11	1.33193104080387e-37	GOT2	c9
2.63932885644407e-20	0.332856621249327	0.084	0.045	8.85178111874212e-16	PDK1	c9
6.50169776916353e-21	0.332344975834208	0.12	0.07	2.18053939782206e-16	NCF4	c9
9.07824090958485e-08	0.331949211409897	0.021	0.01	0.00304466043625657	ZNF558	c9
1.19088939246823e-38	0.331411008049279	0.173	0.092	3.99400484445994e-34	ACOT7	c9
2.50208069503008e-46	0.331253783468592	0.304	0.176	8.39147823499189e-42	TMC6	c9
3.27960911082497e-21	0.331009685521311	0.075	0.038	1.09991530358848e-16	PGAP2	c9
4.51850581316378e-14	0.330992829009111	0.049	0.025	1.51541647961887e-09	ATG10	c9
3.65016988224998e-12	0.330863466799892	0.047	0.025	1.224193975109e-07	SLC36A1	c9
4.00423777677499e-38	0.33056800260723	0.178	0.096	1.3429412655748e-33	TBC1D4	c9
1.41813269097257e-17	0.330264761181177	0.07	0.037	4.7561334189838e-13	LRRC28	c9
9.5769051154212e-32	0.329619106737648	0.126	0.065	3.21190243760996e-27	MLST8	c9
1.94529442385233e-07	0.329562444397474	0.027	0.015	0.00652412843871595	ACTR3B	c9
9.98257070375606e-12	0.329383454833543	0.043	0.022	3.34795456262571e-07	PABPC1L	c9
3.75140975980742e-84	0.329137153755444	0.951	0.82	1.25814780524421e-79	ATP5MC2	c9
4.29210166043793e-09	0.328831323092839	0.031	0.016	0.000143948505487767	MTRF1	c9
2.44211856428213e-11	0.327851363701258	0.037	0.019	8.19037724088942e-07	AL392172.1	c9
3.77739949934377e-09	0.327774002098902	0.033	0.017	0.000126686424408991	LINC01184	c9
1.42695183155582e-26	0.327742717486372	0.107	0.056	4.78571105267192e-22	COMMD4	c9
4.79061964578106e-58	0.327729592445402	0.442	0.262	1.60667801680205e-53	ITGB2	c9
4.61988970419733e-24	0.327370779083507	0.084	0.042	1.5494186089937e-19	SLC15A4	c9
1.07000500682282e-38	0.32710578655765	0.182	0.098	3.58858279188238e-34	ZFYVE21	c9
4.80119310167916e-34	0.32685961489363	0.161	0.087	1.61022414244116e-29	EXOC2	c9
1.51134312296302e-07	0.32678640158935	0.036	0.021	0.00506874256579337	KLRC1	c9
7.46734719203052e-21	0.326689298607942	0.153	0.095	2.5043989012632e-16	ASB2	c9
1.5345210130781e-54	0.326319903409839	0.357	0.203	5.14647657366133e-50	PSENEN	c9
5.89538084952135e-65	0.326038938850442	0.449	0.272	1.97719282931247e-60	PMAIP1	c9
7.25166394050769e-12	0.326035332294571	0.036	0.018	2.43206305236747e-07	APP	c9
7.58297868709368e-53	0.326031308941483	0.258	0.138	2.54317939207748e-48	DPM3	c9
2.527302797902e-19	0.325902762689973	0.08	0.043	8.47606812360374e-15	HIST1H2BJ	c9
1.91768314711452e-13	0.3256888390915	0.051	0.027	6.43152573879268e-09	SMARCA5-AS1	c9
5.37393239312184e-10	0.325683412248948	0.025	0.012	1.8023094460052e-05	NACC2	c9
8.75792777439128e-08	0.325394212173955	0.024	0.012	0.00293723381697535	KAT14	c9
1.75373154496272e-29	0.325076136272649	0.12	0.063	5.88166485549596e-25	SLC35E4	c9
1.04638436294093e-33	0.32505567402071	0.159	0.086	3.50936387643128e-29	FGFR1OP	c9
6.48786463327472e-52	0.324826605158109	0.315	0.178	2.17590004070768e-47	ARMCX6	c9
4.09075676036076e-47	0.324700509253025	0.213	0.112	1.37195800228979e-42	TRAF7	c9
8.17451016379486e-57	0.324698726370781	0.825	0.61	2.74156721873352e-52	RHOG	c9
1.62372770932474e-63	0.324463814731087	0.453	0.26	5.44565799153332e-59	BRMS1	c9
2.48449989008831e-24	0.324127417074525	0.094	0.049	8.33251573137816e-20	ABCB8	c9
1.01989363691183e-11	0.323912260483697	0.044	0.023	3.4205192794749e-07	EMILIN2	c9
6.05181262335833e-50	0.323684563818151	0.307	0.173	2.02965691762192e-45	GRINA	c9
4.47793983083967e-31	0.32338553856083	0.129	0.067	1.50181146046701e-26	PAOX	c9
1.45217985694457e-55	0.323240037367699	0.56	0.349	4.87032080422068e-51	DCTN2	c9
1.15860310949473e-64	0.323053405021981	0.554	0.338	3.88572310862343e-60	CTLA4	c9
1.4474566072407e-46	0.32253725202166	0.189	0.096	4.85447996936386e-42	KCTD10	c9
1.48440583002858e-09	0.322493291078312	0.032	0.016	4.97840027274984e-05	TMLHE	c9
2.14848143111078e-31	0.321366436775706	0.124	0.064	7.20557702365933e-27	MTA1	c9
2.97522063152081e-53	0.321199812654393	0.314	0.178	9.9782949539945e-49	MAP3K8	c9
1.36959931169639e-47	0.32118638234808	0.252	0.138	4.59336217156734e-43	PJA2	c9
3.00964209912551e-133	0.321168765079188	0.999	0.993	1.00937376720471e-128	RPS18	c9
2.48659781314404e-12	0.321138977348194	0.037	0.018	8.33955174572247e-08	TARBP1	c9
1.86970184477161e-30	0.321082082222688	0.156	0.087	6.27060604699503e-26	HINT2	c9
3.33592101730608e-36	0.321051634341464	0.983	0.937	1.11880119078411e-31	FTL	c9
1.59515697622554e-42	0.320874815185486	0.21	0.114	5.34983746686522e-38	FASTK	c9
3.5243243746411e-32	0.320711050358576	0.133	0.069	1.18198790876713e-27	CHD9	c9
2.92062739413618e-54	0.320623971830272	0.294	0.16	9.79520015445392e-50	C5orf15	c9
3.44415554045302e-55	0.319660199733343	0.581	0.363	1.15510088515713e-50	C1QBP	c9
3.33987195554353e-20	0.319569325167623	0.067	0.033	1.12012625645019e-15	PEX10	c9
5.07093725940168e-57	0.3188975317794	0.369	0.21	1.70069093805814e-52	NAA60	c9
4.18976428380568e-15	0.318894852725813	0.063	0.034	1.40516314550275e-10	ZBTB5	c9
2.39461825379946e-30	0.318846565358471	0.118	0.06	8.03107069959263e-26	DNAJC30	c9
7.42672543097026e-08	0.318798063915377	0.016	0.007	0.00249077517503881	TPCN1	c9
5.52880319915293e-46	0.318706235617972	0.257	0.143	1.85425001693191e-41	C3orf38	c9
2.89295416215711e-30	0.318564529061945	0.336	0.224	9.7023896690425e-26	GPR65	c9
9.25075011421269e-29	0.318142169646114	0.106	0.054	3.10251657330465e-24	TMEM63B	c9
1.05464735498491e-49	0.316950339898418	0.27	0.148	3.53707629914841e-45	POLR2H	c9
1.54341549414157e-33	0.316798029450675	0.158	0.085	5.17630688425198e-29	TULP3	c9
1.29514217568873e-06	0.316707001514696	0.02	0.01	0.0434364782882486	PNPLA7	c9
3.51217088990831e-54	0.31620905358256	0.78	0.552	1.17791187305745e-49	EIF3E	c9
9.2047820105727e-15	0.315650539201918	0.046	0.022	3.08709979070587e-10	ZNF446	c9
8.39248455503609e-94	0.315473879268358	0.981	0.907	2.814671470068e-89	RPL7	c9
4.940609633437e-14	0.315142046751017	0.041	0.02	1.6569816588621e-09	TMEM150A	c9
5.09353056041188e-09	0.314766630079628	0.035	0.019	0.000170826827935094	IFT46	c9
7.41592792639415e-53	0.31455238825589	0.819	0.646	2.48715390795407e-48	S100A4	c9
6.53731205790415e-41	0.314196987272165	0.24	0.137	2.19248371797989e-36	AGPAT5	c9
3.38015125779816e-54	0.314018870859212	0.482	0.292	1.13363512884035e-49	APEX1	c9
6.525336026445e-40	0.313998670782488	0.163	0.084	2.18846719654912e-35	LTBP4	c9
2.22753836421607e-13	0.313844049986751	0.054	0.029	7.47071816590787e-09	STAG3	c9
8.38335328057996e-45	0.313835539971032	0.207	0.11	2.81160902324091e-40	PGM1	c9
8.11544880519816e-57	0.313762820858435	0.321	0.177	2.72175922028736e-52	DNAJC15	c9
9.00272800641676e-24	0.313403833383465	0.098	0.052	3.01933491879205e-19	DNAL1	c9
2.3612669180391e-42	0.313333091594732	0.216	0.118	7.91921698971954e-38	YIPF6	c9
5.52696985158064e-19	0.313325182375389	0.082	0.045	1.85363514882311e-14	DPAGT1	c9
5.78252280752965e-15	0.313312558058325	0.049	0.025	1.9393424991893e-10	TRUB1	c9
6.17730281598625e-22	0.313309867474127	0.078	0.039	2.07174381842547e-17	TRIOBP	c9
1.34707532181385e-37	0.313244471404012	0.194	0.107	4.51782121429927e-33	TIMMDC1	c9
5.68912253663132e-19	0.313216571304915	0.086	0.047	1.90801791633541e-14	TAX1BP3	c9
1.84484143187552e-15	0.312904802106627	0.059	0.031	6.18722919422412e-11	TRMT61A	c9
9.24289298889287e-34	0.312495192887053	0.17	0.094	3.09988145061489e-29	RCC2	c9
3.84476468032808e-12	0.31247746190154	0.046	0.024	1.28945717848843e-07	NUDT8	c9
1.73301135811559e-08	0.312361889138367	0.029	0.015	0.000581217349284808	FBXL19	c9
1.80283959552706e-11	0.312218240171372	0.06	0.035	6.04636343547865e-07	HES4	c9
1.26537204526361e-54	0.311762180490988	0.362	0.206	4.24380476540509e-50	STOML2	c9
2.56596901885935e-08	0.311598823966584	0.042	0.025	0.00086057468954505	TRAV13-1	c9
2.06384927834525e-07	0.311566772821299	0.026	0.014	0.00692173770971431	FUT4	c9
1.05737307950681e-40	0.311379153265626	0.198	0.107	3.54621783404993e-36	SMIM19	c9
2.85030567916697e-09	0.311370719541654	0.027	0.013	9.5593551867902e-05	LINC00294	c9
3.50589914216834e-25	0.311369683264719	0.092	0.047	1.17580845430042e-20	LONRF1	c9
7.59840847704515e-24	0.311310979474207	0.141	0.082	2.5483542350314e-19	CHPT1	c9
5.76894980414608e-44	0.310715260787017	0.278	0.161	1.93479038531451e-39	BOD1L1	c9
1.5445141262019e-15	0.310247709167269	0.057	0.03	5.17999147645594e-11	PLD2	c9
6.91235382785174e-44	0.310103388515151	0.807	0.628	2.31826522678492e-39	CFLAR	c9
1.84291791907587e-50	0.310101687966288	0.303	0.17	6.18077811699667e-46	SLC35B1	c9
1.01901784071185e-56	0.310042605459805	0.811	0.584	3.41758203417939e-52	TNIP1	c9
6.29749898795076e-32	0.309598349880474	0.146	0.079	2.11205521057893e-27	SLC50A1	c9
3.10708470313732e-35	0.30892667918923	0.144	0.074	1.04205406773819e-30	SLC35F5	c9
4.74711512692854e-13	0.3088745444423	0.048	0.025	1.59208747126929e-08	TNFRSF13C	c9
3.18634267347477e-54	0.30854106051061	0.71	0.468	1.06863560582997e-49	BSG	c9
1.34611929955038e-46	0.308026073763489	0.233	0.126	4.51461490683205e-42	VPS25	c9
7.76259323215041e-38	0.30784024990641	0.165	0.087	2.6034185181986e-33	DPP3	c9
2.25268699159884e-17	0.30767577354756	0.069	0.036	7.5550616324242e-13	TRMT44	c9
1.57378947614689e-45	0.307430221088789	0.707	0.486	5.27817514510145e-41	EIF3I	c9
3.14757040497718e-12	0.307163521053349	0.049	0.027	1.05563216242125e-07	GYS1	c9
7.93022972674378e-07	0.306816096496933	0.026	0.014	0.0265964044575533	HLCS	c9
1.50501733946712e-39	0.306714856282068	0.206	0.114	5.04752715310481e-35	OPA1	c9
2.17553811474497e-25	0.306346767266651	0.109	0.058	7.29631972923169e-21	IMPDH1	c9
1.37561871490732e-10	0.306281164674497	0.032	0.016	4.61355004605617e-06	ZNF783	c9
1.37980027879346e-36	0.305975453378791	0.207	0.117	4.62757417501749e-32	ISOC1	c9
2.83662075898492e-08	0.30573527844295	0.027	0.014	0.000951345870148363	GGT7	c9
7.96857414964941e-33	0.305315486312321	0.265	0.167	2.67250039830942e-28	RGS2	c9
4.00745046878145e-17	0.30517738938393	0.065	0.034	1.34401873821992e-12	KMT5A	c9
8.88296215869072e-53	0.304974403396942	0.811	0.594	2.97916784878169e-48	EIF5A	c9
8.51594416704851e-22	0.304781165611997	0.094	0.05	2.85607735474473e-17	CCDC102A	c9
1.09425735957027e-53	0.304586944244644	0.477	0.291	3.66992033252679e-49	ARL3	c9
9.10227653564794e-45	0.304314498722194	0.208	0.11	3.05272150452561e-40	LRRC42	c9
3.56204424851405e-48	0.303654283823665	0.39	0.236	1.19463840006664e-43	ITGAL	c9
2.9857214790285e-19	0.303339310560449	0.072	0.037	1.00135126963658e-14	TP53TG1	c9
1.82817532486386e-174	0.302991043672575	0.999	0.989	6.13133440452841e-170	RPL15	c9
1.58025785112193e-50	0.302805609343983	0.462	0.287	5.29986878109273e-46	HLA-DMA	c9
6.72413981217519e-32	0.302758461967623	0.116	0.058	2.25514201020731e-27	MRPL35	c9
3.74865562702409e-47	0.302526527792198	0.862	0.692	1.25722412419134e-42	RBM3	c9
3.31200302522644e-09	0.302475589414018	0.027	0.013	0.000111077957460044	FGGY	c9
1.31976796863868e-21	0.302434274829388	0.099	0.054	4.42623781322041e-17	B4GALT4	c9
1.50103485949017e-49	0.30214882160054	0.298	0.167	5.03417071175813e-45	THOC7	c9
6.33933896288799e-23	0.302134268129524	0.098	0.052	2.12608750137337e-18	ERI3	c9
6.5634225619525e-24	0.30200814551723	0.099	0.052	2.20124065882763e-19	YBEY	c9
3.26059506713968e-22	0.301702022610967	0.113	0.064	1.09353837361731e-17	TCEAL8	c9
4.35128601659737e-25	0.301616939691774	0.131	0.074	1.45933430424643e-20	TESC	c9
9.93763655871797e-09	0.301570804693096	0.033	0.018	0.000333288454906283	GATAD1	c9
1.29371592023917e-36	0.301185820018128	0.159	0.083	4.33886445329812e-32	ZNF32	c9
4.67560420778317e-45	0.301037304629906	0.636	0.431	1.56810413920632e-40	CALM3	c9
1.78644824215106e-51	0.300993505031316	0.557	0.354	5.99139011452623e-47	BCAP31	c9
9.01702702038049e-09	0.300795995329688	0.038	0.021	0.000302413052209521	NAPEPLD	c9
4.19590753177814e-09	0.300636213983988	0.026	0.013	0.000140722346800775	FIZ1	c9
3.93647383658143e-24	0.300257557418351	0.155	0.093	1.32021459531268e-19	ADAM19	c9
4.14496586934354e-110	0.300255291663908	0.993	0.959	1.39013865326044e-105	PPIA	c9
4.21359847146482e-08	0.300154623575275	0.029	0.015	0.00141315665535987	FBXO10	c9
6.81047294734854e-23	0.299760275798949	0.097	0.052	2.28409641708175e-18	OPA3	c9
1.5181708685849e-53	0.299524115479754	0.3	0.165	5.09164145906002e-49	CPSF6	c9
2.98457532414879e-54	0.299360170577453	0.333	0.188	1.00096687221302e-49	G6PD	c9
2.08057847349787e-24	0.299217895761253	0.097	0.051	6.97784408441716e-20	FBXL6	c9
4.6345727071264e-33	0.299044580680351	0.167	0.092	1.55434299451605e-28	KCTD9	c9
5.18696039074823e-56	0.298889703287542	0.813	0.58	1.73960277584914e-51	ANP32B	c9
6.80747395059311e-08	0.298883533280047	0.032	0.017	0.00228309061354992	AC008083.2	c9
1.30952991161288e-16	0.29851954853904	0.092	0.054	4.39190141756729e-12	ABI2	c9
3.11826054858305e-38	0.298332560498814	0.198	0.109	1.04580222278378e-33	PFKL	c9
1.8528335034236e-16	0.297823218725465	0.061	0.032	6.21403300378206e-12	SLC39A10	c9
1.09729142485662e-48	0.297727052812527	0.394	0.235	3.68009598068413e-44	ADSL	c9
1.06659254181811e-44	0.297712568874069	0.287	0.165	3.57713806674959e-40	GFER	c9
1.13876503784024e-47	0.297575116179297	0.75	0.524	3.81919018390861e-43	VDAC1	c9
3.26475875310661e-30	0.297570083463376	0.123	0.064	1.0949347906169e-25	PYGB	c9
4.14679735870566e-40	0.297241796301961	0.239	0.136	1.3907528981627e-35	ZNF580	c9
6.80537733187595e-39	0.296972958343906	0.172	0.09	2.28238744956455e-34	CDK7	c9
7.1394056327085e-17	0.296670753853705	0.067	0.035	2.39441386109778e-12	UBOX5	c9
2.75915594434181e-27	0.296614714625554	0.107	0.055	9.25365720613356e-23	ARFIP1	c9
2.47298298464999e-45	0.296570138820373	0.261	0.145	8.29389033391913e-41	BCKDK	c9
2.42437402802215e-13	0.296510748938597	0.05	0.027	8.13086561518069e-09	TMEM267	c9
1.08039121729486e-23	0.295899700444791	0.088	0.045	3.62341606456351e-19	PPP2CB	c9
1.37413465382658e-15	0.295770173449005	0.062	0.033	4.60857280200359e-11	SEC61A2	c9
2.71043470725914e-33	0.295570564357979	0.16	0.087	9.09025592120572e-29	TEX30	c9
1.1899287212383e-12	0.295503488911565	0.057	0.032	3.99078294528902e-08	PKD1	c9
2.13504125045874e-28	0.295373621291884	0.158	0.09	7.16050134578854e-24	FLOT1	c9
3.0312033570564e-17	0.295158957565761	0.069	0.037	1.01660498188958e-12	SMYD3	c9
8.55726362060177e-56	0.295066215486592	0.396	0.228	2.86993507307742e-51	HARS	c9
1.0675256650429e-46	0.295049707184196	0.302	0.173	3.58026757542088e-42	RPS6KA3	c9
4.03941222804437e-26	0.294993586186706	0.104	0.054	1.35473807304152e-21	UBE2F	c9
1.95193308338696e-36	0.294910658694533	0.211	0.12	6.5463931750632e-32	CEP85L	c9
6.69258044317672e-11	0.29480312356536	0.045	0.025	2.24455762903261e-06	RMI1	c9
1.18045835515159e-14	0.294760801044688	0.061	0.033	3.95902123150739e-10	DHX57	c9
3.32439739743149e-13	0.294487170993778	0.046	0.023	1.11493639915057e-08	AL137003.1	c9
1.22187855748738e-30	0.293910855829806	0.155	0.086	4.09793630610117e-26	NUDT2	c9
3.56318015249315e-50	0.293374870361755	0.38	0.224	1.19501935954315e-45	TMEM70	c9
1.07946017071254e-46	0.293178809132809	0.332	0.194	3.62029352053573e-42	MRPL15	c9
1.84795463972579e-11	0.29315596701902	0.044	0.024	6.19767027071236e-07	IQCE	c9
4.35321647223345e-11	0.292925226436166	0.042	0.022	1.45998174045766e-06	MAN2A2	c9
5.16599375353323e-21	0.292754995837794	0.104	0.058	1.73257098505997e-16	SLC12A9	c9
9.61771232367441e-47	0.292639950237182	0.731	0.51	3.22558835911392e-42	ATP5F1A	c9
1.99152203344699e-35	0.292466511293866	0.191	0.107	6.67916659577451e-31	RCC1	c9
1.02325259595056e-14	0.292085907799888	0.047	0.023	3.43178455629897e-10	TESK2	c9
3.46611342353408e-49	0.291729561470853	0.589	0.386	1.16246511998486e-44	PTPN1	c9
3.06227347512873e-20	0.291458998272426	0.107	0.061	1.02702527808867e-15	ETFDH	c9
1.9930097189242e-49	0.291345497187845	0.289	0.161	6.68415599532799e-45	NUDCD2	c9
2.21641990414796e-35	0.291247584923308	0.18	0.099	7.43342907453142e-31	ACBD6	c9
1.61463451818658e-14	0.2911452973354	0.083	0.049	5.41516124709417e-10	ICAM1	c9
1.7415444635465e-45	0.290984320518051	0.279	0.159	5.84079182184226e-41	SINHCAF	c9
7.04989011350123e-18	0.290182395692806	0.082	0.045	2.36439214626604e-13	POLL	c9
8.09106283852849e-09	0.290134543974344	0.027	0.013	0.000271358065478568	SAV1	c9
3.94243557980882e-46	0.290080370628286	0.272	0.152	1.32221404475628e-41	RTL8C	c9
1.26484864174489e-41	0.289977156697731	0.26	0.15	4.24204937468402e-37	MCM5	c9
1.62305934258496e-52	0.289931391618505	0.338	0.191	5.44341642316143e-48	DALRD3	c9
6.75006382604545e-32	0.28979623136856	0.129	0.067	2.26383640597912e-27	NSDHL	c9
1.36686592467449e-29	0.289792401540281	0.112	0.057	4.58419493817331e-25	HECTD4	c9
3.68112075309652e-24	0.289713074527421	0.1	0.053	1.23457427817351e-19	PMS2	c9
1.15115901712088e-17	0.28968963675471	0.083	0.046	3.86075711161999e-13	ZNF37A	c9
1.19225833512636e-06	0.289147760605172	0.021	0.011	0.0399859600434678	MKS1	c9
6.9990132729327e-21	0.28910751220221	0.072	0.036	2.34732907147617e-16	ACOT13	c9
3.44564922993723e-20	0.289072936531777	0.069	0.035	1.15560183873635e-15	BMPR2	c9
1.75967929052533e-54	0.288846678453356	0.671	0.443	5.90161240456386e-50	COX17	c9
3.54737035066805e-64	0.288623525283719	0.942	0.814	1.18971706820705e-59	SLC25A6	c9
1.85037427435088e-23	0.2885814717467	0.104	0.056	6.205785241318e-19	RASA1	c9
1.63844628831642e-16	0.28806703463539	0.075	0.041	5.49502116175562e-12	ZADH2	c9
7.22620418246993e-09	0.287545613178494	0.023	0.011	0.000242352435871676	AMER1	c9
2.40156799322579e-50	0.287520653579005	0.326	0.186	8.05437873568064e-46	NBEAL1	c9
1.4418669477888e-27	0.287099773555918	0.126	0.068	4.83573336949408e-23	CLCN3	c9
4.93985737386812e-40	0.286362158744777	0.262	0.152	1.65672936604789e-35	NFATC2IP	c9
8.28671050374582e-17	0.286351925391662	0.06	0.031	2.77919696874627e-12	GIPC1	c9
8.47106967929733e-48	0.285887740764015	0.564	0.36	2.84102734904274e-43	HSBP1	c9
7.72509751186624e-08	0.2858715132807	0.041	0.025	0.0025908432035297	ADGRG5	c9
3.64360491521153e-18	0.285792540103758	0.079	0.043	1.22199221646364e-13	CAMTA2	c9
1.25546428643681e-09	0.285615356362989	0.042	0.024	4.21057612385178e-05	C2orf76	c9
3.57990424878916e-15	0.285603074868723	0.068	0.038	1.20062828695891e-10	ZNF627	c9
5.07730249115149e-98	0.285494373143627	0.993	0.961	1.70282570948239e-93	RPL10A	c9
9.29966957971204e-47	0.285464328157822	0.607	0.4	3.11892318364382e-42	FMNL1	c9
8.59432113588815e-24	0.28539060703778	0.129	0.074	2.88236342255417e-19	IKZF2	c9
4.1278420943454e-34	0.285246673458967	0.17	0.093	1.38439568160156e-29	PTRH2	c9
2.50047400869208e-21	0.284855057308688	0.11	0.062	8.38608973035149e-17	DHDDS	c9
8.9303388779152e-33	0.284842632204796	0.213	0.125	2.9950570528752e-28	UXS1	c9
5.20817246221355e-31	0.284469915472632	0.148	0.08	1.74671688037718e-26	EBPL	c9
6.64197062036212e-45	0.284319686386844	0.446	0.282	2.22758410665705e-40	RBMS1	c9
1.50747756858826e-25	0.284288034493373	0.086	0.042	5.05577826953132e-21	BCAT2	c9
7.05826377912578e-31	0.28410877005591	0.145	0.078	2.3672005062432e-26	PITPNA	c9
3.44433048356216e-10	0.283735658105365	0.035	0.018	1.15515955757708e-05	ALCAM	c9
4.62532307750027e-51	0.283566742365893	0.414	0.247	1.55124085373204e-46	OLA1	c9
1.15034730928658e-33	0.283431571460737	0.182	0.102	3.85803480588534e-29	SEC24A	c9
1.53406287053112e-48	0.282983516272216	0.242	0.13	5.14494005518728e-44	ERCC1	c9
4.66694433289482e-28	0.282708783079474	0.151	0.085	1.56519979036626e-23	TMCO3	c9
6.72420566721113e-19	0.282642447562594	0.098	0.056	2.25516409666927e-14	AGPAT4	c9
1.22268070711463e-09	0.282553076988869	0.048	0.028	4.10062655552105e-05	NAGA	c9
3.65129854986202e-08	0.282500655312218	0.031	0.017	0.00122457250765272	LINC01006	c9
1.37790519723499e-29	0.282458035346515	0.128	0.068	4.62121845048671e-25	FAM241A	c9
3.70178029565858e-49	0.282324589194404	0.342	0.197	1.24150307555797e-44	TXN2	c9
2.1826887489141e-24	0.28218298841379	0.11	0.06	7.32030152610812e-20	ACP2	c9
1.83004579983176e-41	0.281874293486539	0.727	0.525	6.13760760347577e-37	HSPE1	c9
1.69052743699712e-53	0.28179324328483	0.468	0.278	5.66969091820095e-49	STX5	c9
1.02211226752457e-123	0.281514770738031	0.999	0.984	3.4279601228239e-119	RACK1	c9
2.57683472985351e-46	0.281126799203001	0.384	0.231	8.64218831698269e-42	PGD	c9
1.99284221707922e-13	0.280996579399394	0.042	0.021	6.68359422764029e-09	TCEAL4	c9
1.59720576191692e-45	0.280581643856349	0.426	0.264	5.35670868431695e-41	MCRIP1	c9
6.25688811308122e-44	0.280126874099714	0.897	0.71	2.09843513536518e-39	PGAM1	c9
5.48177117402792e-21	0.27995942731389	0.104	0.058	1.83847641634548e-16	MAP3K4	c9
5.74838912984569e-25	0.279797669125011	0.101	0.053	1.92789474636765e-20	PURB	c9
1.23647513837782e-15	0.279725562787777	0.074	0.041	4.14689031909153e-11	WNT10A	c9
2.55837605407968e-14	0.27956598939084	0.05	0.026	8.58028161017244e-10	WWC3	c9
3.1363075823411e-27	0.278586267259312	0.126	0.068	1.05185483696556e-22	SPG11	c9
8.26606697365537e-11	0.278568688033969	0.037	0.019	2.77227354162454e-06	ZNF251	c9
2.46278675715757e-36	0.278456887781234	0.14	0.071	8.25969422615505e-32	PEPD	c9
1.69613495178871e-22	0.278357891090557	0.111	0.062	5.68849740130898e-18	GALC	c9
2.58342901357628e-50	0.278047515968529	0.396	0.233	8.66430422573211e-46	LAGE3	c9
1.21222012773276e-08	0.277953165493719	0.032	0.017	0.000406554386439014	ERLIN2	c9
1.6231474530924e-10	0.277912033626299	0.037	0.019	5.4437119281813e-06	AL691432.2	c9
6.81096647760803e-08	0.277904172175067	0.035	0.02	0.00228426193726018	MFAP3	c9
2.72676241232299e-07	0.277843173173073	0.022	0.011	0.00914501577844886	IMMP2L	c9
1.78555063967947e-49	0.277796103178146	0.568	0.36	5.98837973535701e-45	DDOST	c9
2.54258595946012e-33	0.277675826006649	0.202	0.117	8.52732479083736e-29	AGGF1	c9
2.00930639858768e-49	0.277669282291043	0.514	0.321	6.73881179958336e-45	SPPL2A	c9
3.7008014472989e-20	0.277141230280459	0.088	0.047	1.2411747893951e-15	RBBP9	c9
5.43105790079985e-18	0.27698890637052	0.09	0.051	1.82146819877025e-13	TRIM44	c9
2.04972543442538e-15	0.276843754283984	0.065	0.035	6.87436916197586e-11	ABHD17B	c9
1.34749563335435e-27	0.276822022025303	0.143	0.08	4.51923085514382e-23	MOSPD3	c9
4.02796949179661e-131	0.276653927775156	0.999	0.991	1.35090040815875e-126	RPS6	c9
5.81199451849539e-34	0.276565262922353	0.147	0.077	1.94922672161298e-29	LRRC23	c9
3.83030554691886e-13	0.276560621371155	0.054	0.029	1.28460787432565e-08	ZNF468	c9
2.47164465104472e-25	0.276484809347977	0.127	0.07	8.28940183067377e-21	ATP6V1C1	c9
1.6590717258988e-44	0.276453767379708	0.258	0.144	5.56419475431941e-40	CAPN1	c9
4.72179298934585e-43	0.276344220275871	0.237	0.131	1.58359493276681e-38	ARL1	c9
9.92908423092855e-10	0.27630756203158	0.035	0.018	3.33001626936882e-05	ZNF197	c9
6.96726818512035e-70	0.276092265934603	0.974	0.892	2.33668240392566e-65	EEF1B2	c9
2.31618324867362e-41	0.275662680596743	0.308	0.183	7.76801537940159e-37	HTRA2	c9
1.07241070196209e-18	0.275640270273359	0.075	0.039	3.59665101224045e-14	PCCB	c9
6.56130468657185e-43	0.275503058933442	0.319	0.19	2.20053036578247e-38	PEA15	c9
6.73435042089201e-15	0.275395480535625	0.06	0.032	2.25856644415876e-10	GNPDA2	c9
5.48999511431023e-14	0.275321490121806	0.059	0.032	1.84123456143736e-09	THEM4	c9
2.05735200741049e-48	0.275019282954923	0.399	0.24	6.89994716245331e-44	CCNG1	c9
4.92790489496151e-21	0.274673679067536	0.099	0.055	1.65272074367219e-16	LRIG1	c9
7.32690005364705e-36	0.274129877128711	0.197	0.111	2.45729573999215e-31	C16orf87	c9
2.31684996505325e-54	0.273984898517365	0.356	0.201	7.7702514127956e-50	SCYL1	c9
1.03218924777871e-21	0.273957360030412	0.108	0.06	3.46175629920023e-17	AIFM1	c9
1.99967129209084e-11	0.27392011790506	0.051	0.028	6.70649757941426e-07	CLN8	c9
1.14733257364983e-35	0.273891818737689	0.24	0.141	3.8479239855068e-31	TMEM120A	c9
2.82673884380853e-39	0.273889559866024	0.231	0.13	9.48031673436503e-35	EHMT1	c9
1.18613588291311e-06	0.273461977416228	0.017	0.008	0.03978062524114	AC139887.2	c9
2.96076385608133e-48	0.273194389636081	0.428	0.259	9.92980982052558e-44	A1BG	c9
2.3967716394197e-24	0.273074578475407	0.117	0.064	8.0382927242858e-20	MSRB1	c9
3.95015200301854e-12	0.272325416145045	0.047	0.025	1.32480197877236e-07	ARV1	c9
5.53848962469538e-110	0.271886196168754	0.998	0.985	1.85749865033034e-105	RPL5	c9
4.93303659498171e-49	0.271816448061162	0.563	0.356	1.65444181322497e-44	VASP	c9
1.59578399180802e-42	0.27176828506079	0.754	0.558	5.35194035172575e-38	CACYBP	c9
5.28229944633976e-48	0.271665856410557	0.568	0.362	1.77157758831343e-43	BAX	c9
1.29358790313721e-28	0.271637360630622	0.139	0.076	4.33843510954156e-24	UROS	c9
5.09658018214452e-44	0.271612711782163	0.826	0.64	1.70929106148763e-39	LDHB	c9
2.41346362071855e-37	0.271321244605488	0.357	0.225	8.09427429116587e-33	SPN	c9
1.38669778376148e-14	0.271171034234914	0.056	0.03	4.65070702717925e-10	MPV17L2	c9
2.10882223196583e-12	0.270476881946744	0.036	0.018	7.072568001567e-08	BOLA3-AS1	c9
2.46845430022489e-50	0.269815524172411	0.565	0.352	8.27870203209423e-46	OXA1L	c9
1.65071379060035e-43	0.269680489771317	0.225	0.122	5.53616391091545e-39	CHCHD3	c9
2.80811139587421e-49	0.269673994414823	0.909	0.748	9.41784399948293e-45	EIF3F	c9
4.99804185485322e-12	0.269530115323853	0.036	0.018	1.67624327728067e-07	CRAMP1	c9
8.9457264214378e-48	0.26941835114939	0.412	0.249	3.00021772722181e-43	PDAP1	c9
2.59491837219665e-35	0.269298201842123	0.182	0.101	8.70283723667313e-31	BBS7	c9
8.32787594624164e-29	0.268971260601579	0.142	0.078	2.79300303485052e-24	MEMO1	c9
1.63778724797492e-07	0.268962610549556	0.028	0.015	0.00549281087225828	IDNK	c9
5.1437626077119e-51	0.268775746120657	0.373	0.217	1.72511510337442e-46	DLD	c9
3.47625786323881e-27	0.268667621912691	0.129	0.07	1.16586736217303e-22	SUN1	c9
6.67274106553637e-40	0.268577877923221	0.225	0.126	2.23790389855959e-35	ATXN2	c9
3.44913322615999e-37	0.26848813445447	0.228	0.131	1.15677030138954e-32	HIST3H2A	c9
1.40247118212458e-40	0.268323357745436	0.261	0.15	4.70360785060942e-36	ITPA	c9
8.13811155185383e-31	0.268274835914214	0.754	0.562	2.72935985226074e-26	CYCS	c9
1.1377520314551e-18	0.268242754433698	0.063	0.031	3.81579276309412e-14	TMEM64	c9
6.52912453910695e-42	0.268040191313598	0.89	0.724	2.18973778792569e-37	ELOB	c9
1.81885149044182e-44	0.267886144918984	0.816	0.605	6.10006412864378e-40	UQCRH	c9
1.77345996271232e-16	0.267882130792089	0.06	0.031	5.94783002294458e-12	ASNS	c9
2.55206745400375e-29	0.267785734368534	0.157	0.088	8.55912382723778e-25	MOGS	c9
1.87777192104228e-14	0.267279538311386	0.062	0.034	6.2976714687916e-10	ARG2	c9
1.44506503360841e-27	0.267014497752838	0.147	0.083	4.8464591097159e-23	UBA5	c9
1.93176618624432e-47	0.266827671165302	0.557	0.354	6.47875743542622e-43	OSTC	c9
1.58618933346068e-12	0.266710057561173	0.04	0.02	5.31976178656043e-08	LYPLAL1	c9
4.7414113994468e-40	0.266476892229913	0.243	0.138	1.59017455514647e-35	PRDX4	c9
1.45234441166881e-45	0.266392832525095	0.502	0.319	4.87087268785484e-41	GPR137B	c9
2.2329072548214e-09	0.266364390276827	0.042	0.023	7.48872435122e-05	ARSG	c9
4.29994589907057e-14	0.266285375142695	0.062	0.034	1.44211585563029e-09	FAIM	c9
2.62242164198319e-38	0.266236404027055	0.168	0.088	8.79507770288322e-34	PRCP	c9
3.32950499463239e-30	0.266155304210588	0.149	0.082	1.11664938509981e-25	NCK2	c9
8.63147187711549e-11	0.26610644632548	0.035	0.018	2.89482303814699e-06	PBX3	c9
3.00834872464391e-26	0.266053556891781	0.125	0.069	1.00893999527107e-21	KCTD13	c9
1.015996092191e-12	0.265809558994794	0.044	0.023	3.40744769399018e-08	RAI1	c9
2.24629127147251e-46	0.265762607588121	0.466	0.288	7.53361166626451e-42	NENF	c9
1.85007773075994e-09	0.26549558889606	0.035	0.019	6.2047906934227e-05	CEP19	c9
1.9188319813268e-44	0.265464386467272	0.249	0.138	6.43537869897383e-40	RNASEH1	c9
1.37384586127214e-19	0.265272123125941	0.097	0.054	4.60760424953451e-15	GTF3C3	c9
9.46165590104187e-25	0.265194272571509	0.107	0.057	3.17325015609142e-20	TRAPPC12	c9
4.2984729426734e-25	0.264791149791187	0.112	0.061	1.4416218555138e-20	SLC39A8	c9
6.03223323551868e-38	0.264482189195713	0.228	0.13	2.02309038252826e-33	ZNF410	c9
4.64013061702277e-07	0.264391376124241	0.029	0.017	0.015562070063371	RAD51B	c9
9.39349795436878e-37	0.264130122888597	0.216	0.122	3.1503913439362e-32	AL662899.2	c9
7.93144538493463e-10	0.264046586765479	0.04	0.022	2.66004815319938e-05	DCAKD	c9
1.64314721788138e-56	0.263378692989587	0.444	0.256	5.51078713933057e-52	MRPL4	c9
5.86789838277941e-38	0.26336123085452	0.185	0.1	1.96797575961656e-33	FAM207A	c9
2.09369909438881e-11	0.263322544688943	0.063	0.038	7.0218480227612e-07	FIGNL1	c9
1.30315511161084e-20	0.263084041182583	0.103	0.057	4.37052161332042e-16	AKIP1	c9
2.39531181071897e-31	0.26305491744944	0.33	0.215	8.03339675078927e-27	MAST4	c9
6.17794417619967e-32	0.262938366136382	0.141	0.075	2.07195891781384e-27	SGCB	c9
3.87824096066564e-29	0.262644690573648	0.124	0.065	1.30068445338804e-24	RNF141	c9
3.94450318080849e-10	0.262566246640011	0.052	0.03	1.32290747677955e-05	HDGFL3	c9
2.25534233717114e-23	0.262163548342872	0.105	0.057	7.56396713040456e-19	NCLN	c9
1.03157565562189e-47	0.262130672531645	0.327	0.188	3.4596984338247e-43	URM1	c9
3.11483605853561e-07	0.262036304380714	0.021	0.011	0.0104465371731167	NPEPL1	c9
3.49695891735761e-35	0.262000641709403	0.192	0.107	1.17281008170339e-30	SLC25A33	c9
4.05686459974494e-20	0.261710457850362	0.087	0.047	1.36059124946246e-15	PDHX	c9
1.4086187101995e-46	0.26162252248496	0.303	0.173	4.72422543026709e-42	NDUFB5	c9
3.56730323946953e-30	0.261350492930218	0.127	0.067	1.19640216045329e-25	LEPROT	c9
1.98363756985409e-07	0.26129109891705	0.028	0.016	0.00665272368177663	APOM	c9
2.67865462841099e-45	0.261238165857099	0.732	0.51	8.98367189276478e-41	ROMO1	c9
3.04782599747351e-17	0.261238053299474	0.07	0.037	1.02217988303267e-12	NLE1	c9
2.01597019933165e-65	0.260968660604871	0.982	0.902	6.76116085451848e-61	RAN	c9
4.65595380794363e-11	0.260878193344831	0.046	0.025	1.56151378810814e-06	AJM1	c9
2.77890246024396e-47	0.260695165060012	0.521	0.327	9.31988307116618e-43	TIPRL	c9
1.83579620763815e-24	0.260487482971649	0.118	0.065	6.15689332117684e-20	HSD17B12	c9
2.04232176289131e-11	0.260311792240256	0.047	0.026	6.84953872838487e-07	MED18	c9
4.74323065098123e-40	0.2602814580818	0.303	0.18	1.59078469572608e-35	CDK16	c9
1.66390183977271e-38	0.260212282998397	0.305	0.184	5.58039399022971e-34	COA6	c9
9.53046147303955e-44	0.260196855004355	0.268	0.151	3.196326168828e-39	LRRC41	c9
1.04549019541092e-43	0.260142267220418	0.595	0.386	3.50636501736913e-39	POLR2K	c9
5.70742514621294e-37	0.259931275949375	0.261	0.154	1.91415624553689e-32	TADA3	c9
5.78977563591911e-37	0.259728370941451	0.489	0.331	1.94177495277455e-32	ITGA4	c9
5.29952837543725e-32	0.259616334004358	0.185	0.106	1.77735582655415e-27	ACADM	c9
5.17726682465261e-14	0.259451754070425	0.084	0.05	1.73635174765199e-09	MSC-AS1	c9
2.1252522634598e-42	0.259264394576563	0.558	0.361	7.12767104119147e-38	FBL	c9
1.34408662311327e-46	0.258941685322653	0.495	0.309	4.50779771659728e-42	USP14	c9
1.07086192717662e-33	0.25880172974612	0.168	0.092	3.59145673136494e-29	PDK3	c9
1.71403586520032e-39	0.258800844901664	0.205	0.112	5.74853348470884e-35	GEMIN7	c9
2.32859818454132e-42	0.258772041264621	0.268	0.153	7.80965259131467e-38	YWHAG	c9
1.27120411394514e-16	0.25852529166193	0.084	0.047	4.26336435734923e-12	COLGALT1	c9
7.27630861950643e-12	0.258514545085156	0.058	0.033	2.44032838481007e-07	PDLIM7	c9
3.32883635438088e-47	0.258497040055408	0.424	0.256	1.11642513653226e-42	DPH3	c9
2.10188267292476e-47	0.258157304110266	0.34	0.199	7.04929410845506e-43	KXD1	c9
1.44875331517251e-15	0.25774088925077	0.061	0.032	4.85882886842557e-11	TMEM106A	c9
1.39003134568147e-09	0.257546708499785	0.029	0.015	4.66188712714653e-05	S1PR2	c9
2.69081955636319e-22	0.257510368301417	0.094	0.05	9.02447062813086e-18	JMJD8	c9
1.83964234913994e-23	0.257506917260156	0.27	0.182	6.16979251054553e-19	ETV7	c9
4.05052862063718e-39	0.257402933838293	0.235	0.133	1.3584662887893e-34	SLC39A1	c9
1.75578522157296e-09	0.257052294794628	0.038	0.021	5.88855247611139e-05	EPB41L5	c9
3.82499895226451e-38	0.256960335960515	0.211	0.117	1.28282814861047e-33	NOA1	c9
2.28350539190238e-34	0.256858722267857	0.192	0.107	7.65842038336219e-30	MLLT6	c9
3.06829510725238e-44	0.25667215976246	0.714	0.507	1.0290448130703e-39	PEBP1	c9
4.79323402474784e-50	0.256658987995697	0.439	0.266	1.60755482721993e-45	TLN1	c9
2.59570046481774e-12	0.256326170610583	0.058	0.033	8.70546021890575e-08	SNX8	c9
1.27027308812299e-35	0.256231343992759	0.201	0.113	4.26024188294689e-31	CIAPIN1	c9
3.32291752893592e-41	0.256127243343975	0.263	0.151	1.11444008085453e-36	RUVBL2	c9
1.72276314400102e-39	0.255772418261046	0.227	0.127	5.77780303235063e-35	YIF1B	c9
1.48319062631722e-42	0.255414096635874	0.883	0.698	4.97432472254268e-38	SSR4	c9
1.60372783662389e-23	0.255106673759445	0.11	0.06	5.37858241846919e-19	CLEC16A	c9
2.05831587553247e-28	0.254902503781992	0.126	0.067	6.90317978336079e-24	RPS6KA4	c9
1.65959835805866e-15	0.25489992150957	0.063	0.034	5.56596097325714e-11	HDAC6	c9
2.00361171906518e-48	0.254608676012429	0.523	0.33	6.7197129834008e-44	BST2	c9
5.14542300617516e-19	0.254506061357278	0.084	0.046	1.72567196781102e-14	PIK3CA	c9
5.85040215349667e-15	0.254479748460603	0.059	0.031	1.96210787423971e-10	SLC39A4	c9
2.0521245376603e-25	0.254458365260267	0.118	0.064	6.88241527440511e-21	HDGFL2	c9
1.26968230979815e-10	0.254370642208398	0.04	0.021	4.25826053060105e-06	C1orf159	c9
3.41013732479921e-21	0.254020584687555	0.096	0.052	1.14369185599116e-16	EXT2	c9
3.85596285211059e-45	0.253933636906318	0.661	0.445	1.29321282134085e-40	TSPO	c9
3.76792606834339e-29	0.253601630127293	0.189	0.111	1.26368704480101e-24	TPP1	c9
3.3949211747474e-38	0.253568233778853	0.216	0.121	1.13858866358678e-33	WBP1	c9
1.11162966643433e-31	0.253478850687587	0.167	0.093	3.72818357528745e-27	SLC7A6OS	c9
7.16950168185289e-24	0.253469747710256	0.125	0.07	2.40450747405982e-19	HELLS	c9
1.53909486944603e-40	0.253359943674881	0.973	0.885	5.16181637314811e-36	SQSTM1	c9
1.35775748972489e-40	0.253350756781099	0.34	0.206	4.55364706903935e-36	ADD1	c9
8.62165162213179e-40	0.253324440755555	0.261	0.151	2.89152952103056e-35	NUP62	c9
7.18999646702528e-21	0.253167856352702	0.103	0.058	2.41138101511094e-16	OGFOD3	c9
2.0985150598022e-37	0.253000618296615	0.637	0.442	7.03799980756463e-33	FLNA	c9
5.93462534138708e-12	0.252778240861999	0.047	0.025	1.9903546469944e-07	RNF135	c9
4.08344994699982e-46	0.252705961425445	0.31	0.177	1.3695074432248e-41	GLRX3	c9
4.40581128963636e-10	0.252282467069825	0.036	0.019	1.47762099031824e-05	VPS54	c9
1.20924067448658e-42	0.252282002130397	0.393	0.241	4.0555513740931e-38	EIF2A	c9
4.01341810426171e-16	0.252148617039597	0.08	0.045	1.34602016380729e-11	NDRG3	c9
8.85400438103426e-42	0.252033354101754	0.225	0.124	2.96945598931127e-37	GPAA1	c9
1.01973532841265e-40	0.252016607692827	0.311	0.185	3.41998834443035e-36	PDPK1	c9
1.17612046710756e-47	0.251847172385261	0.562	0.355	3.94447282258533e-43	HADHA	c9
3.12944689321285e-32	0.251778090379009	0.17	0.094	1.04955389904573e-27	FAM192A	c9
1.62996183804028e-38	0.251442434775339	0.549	0.376	5.46656601241948e-34	PLEC	c9
5.81892003174144e-96	0.251205316950116	1	0.998	1.95154940024544e-91	RPS8	c9
1.70379065591325e-34	0.250789519095772	0.887	0.742	5.71417310180186e-30	RGCC	c9
4.6585602626369e-38	0.250418693781684	0.799	0.589	1.56238794088316e-33	COX5A	c9
1.38682621947458e-33	0.250262039725097	0.518	0.35	4.65113777487385e-29	HMGA1	c9
1.51371554997379e-16	0.249979284966774	0.079	0.044	5.07669921150208e-12	FRA10AC1	c9
7.22855369012445e-43	0.249826979032656	0.428	0.266	2.42431233659394e-38	SELENOH	c9
2.49528137226112e-08	0.249739220869825	0.034	0.019	0.000836867466628935	MFSD4B	c9
1.1064875179151e-20	0.249721112047827	0.097	0.054	3.71093783758365e-16	AP1AR	c9
5.50410180801429e-45	0.249672661134082	0.469	0.296	1.84596566437183e-40	TYMP	c9
1.98239720883215e-08	0.249669526240814	0.03	0.016	0.000664856375898125	IMPACT	c9
1.4760109509452e-42	0.249639649338263	0.425	0.265	4.95024552728001e-38	USP10	c9
6.40584368006469e-38	0.249558103056044	0.833	0.641	2.14839185342009e-33	DBI	c9
1.63572191619902e-25	0.249362279720852	0.113	0.061	5.48588416254826e-21	P3H1	c9
4.7663653919595e-38	0.249224674765609	0.814	0.619	1.59854362515538e-33	EIF3H	c9
1.94205391972475e-36	0.249031274517943	0.294	0.18	6.51326043597286e-32	PLK3	c9
1.22205878634774e-52	0.24902423303332	0.945	0.82	4.09854075765305e-48	DUSP4	c9
1.24775453695699e-48	0.249015201242873	0.524	0.321	4.18471916604635e-44	UQCRC1	c9
4.60829489879957e-33	0.248887600320777	0.156	0.084	1.5455299431594e-28	SAYSD1	c9
7.67811990713656e-46	0.248789119686586	0.4	0.242	2.57508785445546e-41	TSTD1	c9
2.43985129334291e-08	0.248489277255833	0.04	0.023	0.000818277326761347	ZNF597	c9
2.04340968827881e-20	0.24847100626621	0.097	0.053	6.85318741254948e-16	ATAD3A	c9
1.77439870442167e-42	0.248312673567893	0.278	0.16	5.9509783748894e-38	UBE2D1	c9
2.92158067800018e-26	0.248298419522317	0.143	0.081	9.798397277877e-22	FUBP3	c9
9.97287536214617e-43	0.248257290062701	0.324	0.193	3.34470293895658e-38	ARMCX3	c9
1.24693048363771e-06	0.248000671327583	0.028	0.016	0.0418195545602415	RASGRP3	c9
1.56174461600104e-23	0.247934119998289	0.127	0.072	5.23777909314427e-19	TFEB	c9
1.00436039517699e-37	0.247759960405256	0.262	0.154	3.36842389334459e-33	AKAP17A	c9
5.49159697293659e-34	0.247635121518179	0.2	0.114	1.84177179278347e-29	MCTS1	c9
2.08051327540735e-13	0.247556742341899	0.06	0.033	6.97762542306118e-09	AC131971.1	c9
1.98268533587101e-29	0.24755136540661	0.152	0.084	6.64953007944418e-25	ME2	c9
1.15387487240961e-12	0.247303094545843	0.043	0.022	3.86986554708734e-08	ZC3H10	c9
3.4165860729304e-33	0.246734008877114	0.165	0.09	1.1458546371394e-28	GMDS	c9
6.51625138163716e-37	0.24668069199829	0.347	0.217	2.18542038837347e-32	EZH2	c9
4.81488748913063e-31	0.246526990563864	0.169	0.095	1.61481696610463e-26	ZDHHC24	c9
5.33077438149411e-88	0.246517728591338	0.999	0.984	1.78783511206549e-83	RPL3	c9
1.7787612402753e-44	0.246409544698995	0.538	0.341	5.96560944763531e-40	MRPL52	c9
1.69295792957951e-33	0.246251599823971	0.213	0.124	5.67784230422375e-29	ATP6V0A2	c9
1.97565995431725e-41	0.245726021690278	0.346	0.209	6.62596835478918e-37	YIF1A	c9
7.03739861305556e-40	0.245566240951542	0.38	0.235	2.36020274684657e-35	MFF	c9
8.49460454572556e-34	0.245080410445476	0.813	0.65	2.84892047254544e-29	SAMSN1	c9
1.70965011772908e-42	0.244673378184861	0.577	0.381	5.7338245648398e-38	CDV3	c9
1.14173859037195e-33	0.2444626560865	0.791	0.624	3.82916288438944e-29	MT-ND6	c9
2.42324604074147e-27	0.244196214052427	0.133	0.073	8.12708257143874e-23	C12orf43	c9
1.44517343337196e-47	0.2437734328432	0.291	0.164	4.84682266084287e-43	DNAJC21	c9
5.78610396809979e-42	0.24375253157347	0.472	0.295	1.94054354882131e-37	PSMB7	c9
2.66994613954336e-41	0.243424377379885	0.486	0.309	8.95446536280054e-37	IGBP1	c9
6.12246493883824e-47	0.243380478130434	0.418	0.253	2.05335229118757e-42	SAR1A	c9
3.09914839071918e-33	0.242962546287594	0.163	0.088	1.0393923872794e-28	APOPT1	c9
2.70592549273416e-25	0.242639230284433	0.106	0.056	9.07513291753182e-21	GNB1L	c9
4.41990782077317e-16	0.24249921185528	0.068	0.037	1.48234868493091e-11	DNAJA4	c9
1.2638646718256e-15	0.242407982601277	0.076	0.043	4.2387493363687e-11	IPO13	c9
3.2575314262247e-09	0.242260270242637	0.036	0.02	0.000109251088972724	PIGM	c9
1.20028858631891e-20	0.242114956169725	0.118	0.068	4.02552786079637e-16	TAB3	c9
3.89378195939262e-17	0.242013557916957	0.083	0.047	1.3058965935411e-12	PNPLA6	c9
4.84599824263319e-40	0.24153907460179	0.848	0.67	1.62525089061432e-35	ALDOA	c9
2.2243906751711e-29	0.241512525901754	0.154	0.086	7.46016144638884e-25	TMEM189	c9
1.88804190638517e-42	0.241493027666673	0.297	0.173	6.33211494563459e-38	HBS1L	c9
6.47308731335542e-38	0.241308793980742	0.239	0.137	2.17094402315314e-33	LTA4H	c9
1.54155811487547e-17	0.241241209956006	0.072	0.038	5.17007760566936e-13	DHX33	c9
6.92744286125354e-26	0.241180603413654	0.131	0.072	2.32332578680721e-21	FAM219B	c9
1.76483638500687e-35	0.240510840827403	0.603	0.406	5.91890826803603e-31	MYDGF	c9
1.68521583706015e-19	0.240334039608871	0.099	0.056	5.65187687433231e-15	NEK4	c9
9.84944274173584e-28	0.240288461313699	0.18	0.106	3.30330610672337e-23	SLK	c9
1.26165164570983e-14	0.240249703109288	0.061	0.033	4.23132728938163e-10	EIF2AK4	c9
3.74649000455671e-40	0.240228776195106	0.211	0.115	1.25649781772823e-35	KIF3B	c9
2.34108544289885e-20	0.240201335781757	0.091	0.049	7.85153235839416e-16	LRRC61	c9
8.1799486453683e-27	0.240099981405908	0.175	0.103	2.74339117668362e-22	GTPBP6	c9
4.33974679757516e-26	0.23923289359689	0.271	0.179	1.45546428097076e-21	PRDM1	c9
1.32410751382518e-24	0.239200025216961	0.111	0.06	4.44079177986689e-20	ZFP91	c9
9.10195560232261e-11	0.239147292613134	0.045	0.025	3.05261386990696e-06	RHBDD3	c9
1.57217953551342e-45	0.238983762219584	0.441	0.27	5.2727757262049e-41	ARL8B	c9
3.08081796089517e-19	0.238928281589394	0.077	0.041	1.03324472772502e-14	GRN	c9
6.95257174768906e-39	0.238869224006209	0.361	0.223	2.33175351273996e-34	EIF2S3	c9
5.49090607626368e-41	0.2385580549769	0.603	0.397	1.84154007985731e-36	SSR3	c9
5.42338969384443e-10	0.238402095675971	0.038	0.02	1.81889643552155e-05	MZB1	c9
6.02941181975567e-47	0.238397337920636	0.53	0.335	2.02214413610966e-42	RFTN1	c9
1.61405598428582e-26	0.238311876928019	0.139	0.078	5.41322096009777e-22	SNAPC1	c9
4.8606350256205e-18	0.238244996409383	0.06	0.03	1.6301597748926e-13	TMEM161A	c9
6.32712083350325e-37	0.238232403660752	0.385	0.243	2.12198978514032e-32	PIGT	c9
2.09917776414189e-10	0.238126266402882	0.04	0.022	7.04022238537908e-06	FP565260.1	c9
1.88628406947098e-27	0.23809898099657	0.158	0.09	6.32621951219177e-23	DMAC2	c9
2.87223752930628e-13	0.238029553124074	0.078	0.047	9.63291022578741e-09	MMD	c9
3.35736117207775e-14	0.237959802489273	0.065	0.036	1.12599178989144e-09	INTS3	c9
1.49233600887884e-19	0.237419776448363	0.083	0.044	5.00499650657786e-15	HIGD1A	c9
3.03442576031292e-07	0.237375997416073	0.025	0.013	0.0101768571149375	AL512625.3	c9
2.25235724836239e-47	0.236959949003461	0.383	0.226	7.55395573955777e-43	SDHC	c9
5.31103285845442e-46	0.23686701795709	0.46	0.282	1.78121420006844e-41	SMARCE1	c9
9.0148204577763e-11	0.236812944680432	0.036	0.019	3.02339048512901e-06	NOCT	c9
5.14496732348091e-33	0.236807198487926	0.163	0.089	1.72551914094903e-28	DCUN1D1	c9
2.48819583856741e-39	0.236159529751986	0.511	0.336	8.34491120338738e-35	SNHG15	c9
4.49316296467651e-45	0.235925048769102	0.44	0.269	1.50691699509321e-40	ARFGAP3	c9
1.0284936922213e-35	0.235769758037832	0.212	0.121	3.44936214497181e-31	DGKA	c9
2.56349416513445e-07	0.235712074359392	0.035	0.02	0.00859744673102792	ZFP62	c9
7.60301903037927e-07	0.235563953563839	0.026	0.014	0.025499005224086	BCKDHB	c9
1.07761186152926e-11	0.235488403260384	0.034	0.016	3.61409466119684e-07	ATRN	c9
8.51137471365447e-21	0.235337556306242	0.112	0.064	2.85454485146544e-16	PIGA	c9
3.68488054935667e-42	0.235104434283499	0.297	0.173	1.23583523864324e-37	MRPL16	c9
1.30988096502134e-21	0.235044026840181	0.075	0.037	4.39307878048858e-17	TNFRSF10B	c9
6.97433644341924e-28	0.234825472898734	0.162	0.093	2.33905295639394e-23	YARS2	c9
1.33743988733873e-11	0.234505671768846	0.052	0.029	4.48550589415663e-07	CTNS	c9
1.81744893494003e-34	0.234202759995283	0.221	0.128	6.09536023800188e-30	MPDU1	c9
2.23404328703758e-36	0.234084849948998	0.23	0.132	7.49253437606665e-32	SMIM15	c9
1.68544045429232e-50	0.23368760841576	0.29	0.163	5.65263019560557e-46	PELI1	c9
9.59420990741009e-08	0.233542605037536	0.026	0.014	0.0032177061187472	SLC25A29	c9
5.3771147527347e-30	0.233417092021289	0.131	0.069	1.80337674577216e-25	C12orf45	c9
3.31674544413347e-08	0.233326476056323	0.03	0.016	0.00111237008705348	GATD3B	c9
3.88680584110891e-40	0.233048703861965	0.232	0.13	1.30355694299111e-35	MEI1	c9
6.74802356436272e-13	0.2325997387399	0.067	0.038	2.26315214301597e-08	NUDT16	c9
1.57132548576607e-17	0.232511443398509	0.076	0.041	5.26991141416224e-13	PRKCZ	c9
5.29820922862097e-27	0.232315738049863	0.157	0.09	1.7769134110949e-22	SCO1	c9
2.68784958543236e-41	0.232225411152771	0.411	0.255	9.01450993962305e-37	CPNE1	c9
7.0466439505797e-27	0.232075061348878	0.135	0.074	2.36330344814542e-22	ZDHHC16	c9
5.29516488139256e-36	0.231943730907093	0.226	0.13	1.77589239792144e-31	ALAS1	c9
7.13201106209196e-44	0.231661807301292	0.361	0.214	2.3919338700044e-39	HSD17B10	c9
5.68818373017118e-39	0.231585829558672	0.336	0.205	1.90770305942481e-34	SMC5	c9
5.31962716939434e-16	0.231551553539636	0.068	0.037	1.78409656007147e-11	ZNF668	c9
1.22771141331496e-07	0.231522397164279	0.044	0.027	0.00411749853797572	CLN6	c9
1.35265295722668e-39	0.23143018072738	0.227	0.128	4.53652748794684e-35	RASGEF1B	c9
2.66351670137244e-11	0.231296801517419	0.055	0.032	8.9329023130629e-07	HEATR5A	c9
2.21203981696189e-11	0.231174013516561	0.042	0.022	7.41873913812679e-07	MIPEP	c9
2.51127249403036e-43	0.231127171422906	0.377	0.228	8.42230569047902e-39	GTPBP4	c9
2.53933266267716e-18	0.23101858817621	0.097	0.055	8.51641388408666e-14	FAM98B	c9
5.84578789930768e-37	0.230353001664207	0.703	0.486	1.96056034566981e-32	SF3B5	c9
1.52948906751037e-43	0.229981452240456	0.322	0.188	5.12960043461627e-39	TIMM50	c9
5.95940620226229e-34	0.229719216117201	0.26	0.157	1.99866565211473e-29	WHRN	c9
2.66925610186508e-08	0.229574617032168	0.034	0.019	0.000895215111443509	STPG1	c9
7.7981752720169e-39	0.229359543640812	0.557	0.372	2.61535202272903e-34	HIF1A	c9
3.81718236023972e-114	0.229155206702417	1	0.999	1.2802066199772e-109	RPL12	c9
6.86843019797062e-38	0.228991575489785	0.633	0.429	2.30353411979539e-33	GRB2	c9
9.21245952216044e-10	0.228962709881299	0.036	0.019	3.08967467454217e-05	FICD	c9
8.23008251622153e-47	0.228736291750927	0.436	0.264	2.76020507429038e-42	H2AFY	c9
4.48720702910984e-22	0.228444707765457	0.147	0.088	1.50491949342286e-17	ACAA2	c9
2.03674708013294e-16	0.22839213093233	0.073	0.04	6.83084235734986e-12	HOOK2	c9
2.99099431002275e-34	0.228272020787503	0.375	0.239	1.00311967169543e-29	RAD23B	c9
3.70038223334246e-12	0.228039166862198	0.047	0.025	1.2410341934184e-07	VARS	c9
5.76574078401576e-41	0.227711949123453	0.287	0.168	1.93371414414321e-36	RUNX2	c9
3.49333240933491e-39	0.227538898850669	0.483	0.311	1.17159382344274e-34	COX7A2L	c9
1.76169202123852e-43	0.227428034781673	0.295	0.17	5.90836270082975e-39	NUTM2A-AS1	c9
1.49450366671115e-35	0.227349596304817	0.615	0.422	5.01226639741584e-31	MAP2K3	c9
1.73121752100802e-24	0.227133947065658	0.157	0.093	5.80615732195671e-20	GFI1	c9
3.69804165897352e-09	0.226865869182624	0.041	0.023	0.000124024921158654	SLC29A1	c9
5.02097191862215e-38	0.226525791385823	0.223	0.126	1.6839335620675e-33	GMFB	c9
5.7007318774794e-07	0.226409266070672	0.036	0.022	0.0191191145706904	CEP112	c9
1.80112342716087e-43	0.226300371596817	0.331	0.195	6.04060775001214e-39	SNF8	c9
2.20457188864001e-16	0.226178614201314	0.084	0.048	7.39369320012085e-12	HSCB	c9
8.34278712068273e-36	0.225834616169092	0.203	0.114	2.79800394453457e-31	RFXANK	c9
4.78818720099752e-30	0.225748480074931	0.181	0.104	1.60586222347055e-25	NUDT1	c9
1.28660733662124e-23	0.225467720125754	0.187	0.116	4.31502368556033e-19	TXLNA	c9
1.05168525303864e-40	0.225363300197221	0.6	0.397	3.527142001641e-36	RTN4	c9
9.97190457019454e-15	0.224997451766294	0.053	0.027	3.34437735475184e-10	FKBP1B	c9
6.23408141339158e-43	0.224910220147334	0.574	0.375	2.09078622442327e-38	C4orf48	c9
1.84793914926759e-28	0.224790494246494	0.167	0.096	6.19761831881365e-24	ANKRD13C	c9
2.98428676589905e-09	0.224729590207005	0.027	0.013	0.000100087009554722	AL096865.1	c9
1.50967472034894e-35	0.224588855508604	0.728	0.51	5.06314707710628e-31	EIF3D	c9
1.19506429332082e-24	0.224560483456902	0.139	0.08	4.00800662693937e-20	TET2	c9
2.41974188513675e-10	0.224358387577153	0.059	0.035	8.11533033437165e-06	FBXO45	c9
1.76366108346649e-43	0.22426937431341	0.47	0.292	5.91496654172991e-39	TIMM17A	c9
1.26632026466585e-39	0.223994851812577	0.214	0.118	4.24698490363633e-35	WDR13	c9
1.92077128348151e-33	0.22389350788647	0.179	0.099	6.44188273054027e-29	COASY	c9
4.1747523873426e-09	0.223869785935804	0.042	0.024	0.000140012845566696	RAB34	c9
1.01997441590812e-22	0.223451199947073	0.092	0.049	3.42079019607264e-18	MAP9	c9
5.61135523935425e-35	0.223420314534795	0.241	0.141	1.88193632017463e-30	USO1	c9
1.37127792150824e-42	0.223279639473454	0.479	0.299	4.59899189315434e-38	EIF4E2	c9
7.49923295982225e-09	0.223183499896552	0.032	0.017	0.000251509275006519	BMP2K	c9
4.96819072248026e-44	0.22291582543442	0.383	0.23	1.66623180450543e-39	NCBP3	c9
1.94913116716011e-31	0.222546342501104	0.828	0.646	6.53699610842158e-27	NDUFA4	c9
1.39616183857035e-07	0.222395201478407	0.028	0.015	0.00468244757419724	AC009403.1	c9
1.11440952534686e-32	0.22238630490971	0.296	0.184	3.73750666610829e-28	U2AF1L4	c9
1.37912867583664e-41	0.222334566742051	0.238	0.132	4.62532175302092e-37	RRP1	c9
2.78398112336922e-20	0.222175705858612	0.099	0.055	9.33691589155569e-16	PPP1R9B	c9
1.46771019051832e-11	0.222013550246547	0.051	0.028	4.92240643696035e-07	MTIF2	c9
1.6453412540865e-08	0.221705430103481	0.027	0.014	0.00055181454979553	NBPF20	c9
2.5011460040608e-16	0.221242301315685	0.571	0.443	8.38834346841911e-12	LAG3	c9
2.71231197868747e-09	0.22109064050405	0.037	0.02	9.09655191412205e-05	NBPF9	c9
2.25317896037875e-32	0.220965657499073	0.214	0.125	7.55671159731825e-28	DNAJB12	c9
1.8997105711865e-25	0.220693573438792	0.147	0.085	6.37124931364528e-21	PEX2	c9
1.92584801629734e-27	0.220566289820898	0.163	0.093	6.45890907705803e-23	PTRH1	c9
8.37282990054904e-25	0.22034675228987	0.154	0.09	2.80807969204614e-20	RAB3IP	c9
1.5071157934198e-09	0.220207770962668	0.017	0.007	5.05456494797132e-05	ASCL1	c9
2.42924411492182e-41	0.219848531937412	0.413	0.255	8.14719891262479e-37	PRDX3	c9
3.37900587434797e-42	0.219744777779058	0.458	0.288	1.13325099013882e-37	NDUFB1	c9
4.84648907690135e-48	0.219394500252747	0.397	0.233	1.62541550661117e-43	PSMD3	c9
2.5724037003037e-34	0.219122350036433	0.681	0.477	8.62732753007856e-30	BRK1	c9
1.82293033317132e-34	0.21911806060395	0.225	0.13	6.11374375138998e-30	RAB3GAP2	c9
4.95414526215469e-39	0.219004421826143	0.279	0.164	1.66152123802144e-34	CTDNEP1	c9
6.65786833706878e-45	0.218732791857164	0.323	0.187	2.23291588288613e-40	NOC2L	c9
1.03479240294891e-18	0.218711227033709	0.39	0.282	3.47048676101005e-14	IFI6	c9
6.16226545852525e-72	0.218494957246393	0.997	0.968	2.0667005894802e-67	RPL22	c9
1.21226390042891e-33	0.218455129863806	0.825	0.626	4.06569066925848e-29	BZW1	c9
5.45090621146843e-15	0.218345451607818	0.058	0.031	1.82812492520228e-10	HOMEZ	c9
1.06870511486582e-39	0.218221283901817	0.365	0.224	3.58422321423698e-35	POLD4	c9
3.07269361581484e-23	0.218096329954738	0.107	0.058	1.03051998487198e-18	RNF146	c9
2.10493924739859e-44	0.217889646863365	0.384	0.23	7.0595452479254e-40	NDUFA10	c9
2.88592437780964e-43	0.217779396638212	0.441	0.271	9.67881317829798e-39	CCDC124	c9
1.74992134340971e-09	0.217725886369923	0.054	0.033	5.8688862015275e-05	SLC39A3	c9
1.14723301583359e-26	0.217668522311915	0.374	0.254	3.84759008850269e-22	SOCS1	c9
5.11194257159698e-10	0.217663873256284	0.042	0.023	1.71444329966219e-05	ETAA1	c9
2.16126675728199e-26	0.217614573319487	0.152	0.087	7.24845645057233e-22	GPATCH4	c9
5.3468639811361e-37	0.217612893476058	0.65	0.439	1.79323124199343e-32	RNF181	c9
1.35762801235461e-32	0.217368555515441	0.185	0.104	4.55321282783488e-28	MRPS33	c9
2.51766642728266e-10	0.217226058400357	0.055	0.032	8.44374966382059e-06	MOCS3	c9
8.40805668049489e-08	0.217206260852645	0.04	0.024	0.00281989404950438	AC060780.1	c9
1.78461219334358e-44	0.217130007666859	0.463	0.288	5.98523237403569e-40	DARS	c9
4.79588786429338e-38	0.216809690299338	0.25	0.144	1.60844487192671e-33	RTCA	c9
1.41207406819771e-16	0.216615158860419	0.086	0.049	4.73581400992149e-12	AC073332.1	c9
9.51303488682029e-37	0.216579028490812	0.195	0.108	3.19048164034179e-32	DCTD	c9
4.58836689838213e-19	0.216466608000502	0.097	0.055	1.5388464903794e-14	C11orf1	c9
8.19249622987616e-34	0.216369014561453	0.223	0.13	2.74759938557587e-29	CFAP36	c9
1.93107412708146e-28	0.216317251143499	0.204	0.122	6.47643640740581e-24	DESI1	c9
2.38155344189256e-37	0.216291939704027	0.447	0.287	7.98725393341926e-33	DNAJB11	c9
1.26475276180996e-12	0.216209073499398	0.054	0.029	4.24172781255825e-08	C1orf198	c9
1.92815306837297e-35	0.215967967332922	0.255	0.152	6.46663976070927e-31	CREB1	c9
6.71424701817269e-41	0.215837271282996	0.348	0.21	2.25182416495476e-36	NUCB1	c9
1.42242375247514e-08	0.215763224137445	0.035	0.019	0.000477052478105113	RAB11FIP3	c9
1.81538962414234e-18	0.215752282729825	0.089	0.049	6.08845372144857e-14	PRR3	c9
1.33791907641101e-24	0.215671032689215	0.338	0.23	4.48711299846725e-20	PPIF	c9
1.49556756302674e-34	0.215632811693348	0.539	0.361	5.01583449287908e-30	CUTA	c9
2.52762621540011e-41	0.215606407299395	0.346	0.208	8.47715280120888e-37	NBDY	c9
5.3195587011465e-27	0.215595887707011	0.135	0.074	1.78407359719051e-22	HCCS	c9
1.05537009083095e-12	0.215496432073154	0.058	0.032	3.53950021062886e-08	ZBED6	c9
1.91777448510168e-38	0.215492493507868	0.328	0.199	6.43183206813401e-34	IKBIP	c9
1.37626464175025e-08	0.215410884966376	0.043	0.025	0.000461571635550198	RALGPS1	c9
6.72972736823517e-11	0.215354082609827	0.047	0.026	2.25701596475871e-06	AC006504.5	c9
1.19743476238961e-07	0.215226975520574	0.039	0.023	0.00401595670610226	P2RX5	c9
1.2863179926769e-30	0.215195123502783	0.197	0.115	4.31405328383978e-26	SMIM4	c9
1.37954437058e-39	0.214927688489334	0.269	0.155	4.62671591005122e-35	HK1	c9
7.07015010229822e-39	0.214848414826243	0.491	0.317	2.37118694130878e-34	GSTO1	c9
3.38977074105736e-42	0.21468462199003	0.364	0.22	1.13686131113582e-37	FAM50A	c9
1.20771048932633e-16	0.214654514974975	0.08	0.044	4.05041943910265e-12	PGPEP1	c9
3.32192215956165e-25	0.214578348539606	0.122	0.067	1.11410625387379e-20	GPN2	c9
2.26462481713687e-07	0.214572695155768	0.034	0.02	0.00759509871171363	TRAF3IP2-AS1	c9
4.8979407387091e-20	0.214500203097985	0.135	0.081	1.64267136494826e-15	SFMBT1	c9
1.21716048728009e-38	0.214408232471588	0.496	0.318	4.08211284223995e-34	IAH1	c9
4.1157048493832e-40	0.21428009718446	0.56	0.363	1.38032509238614e-35	METAP2	c9
1.0167793133105e-07	0.214259011066395	0.032	0.018	0.00341007446098076	NTHL1	c9
7.49448364235328e-39	0.213739183956817	0.615	0.409	2.51349992397244e-34	ARL6IP4	c9
5.22478171498515e-43	0.213461675277255	0.315	0.184	1.75228729157172e-38	MRPL37	c9
2.70621855981587e-15	0.21315780637409	0.069	0.038	9.07611580591045e-11	STAM2	c9
1.65472130580372e-34	0.212629626509175	0.186	0.103	5.54960431540453e-30	TRPT1	c9
3.93076592672865e-44	0.212323624253326	0.416	0.255	1.31830027650626e-39	CCAR1	c9
1.38891271518865e-18	0.212299080954536	0.107	0.062	4.6581354641997e-14	LRRC14	c9
3.4520967957552e-43	0.212265374994834	0.34	0.201	1.15776422336038e-38	TIMM10	c9
2.6280953316419e-34	0.212147018049935	0.766	0.565	8.81410612326062e-30	ATP5ME	c9
2.50720984414298e-13	0.212030295895712	0.063	0.035	8.40868037528672e-09	VPS45	c9
4.57763635235449e-21	0.211979505066935	0.116	0.066	1.53524767985265e-16	NPTN	c9
8.03978111625403e-30	0.211860694804459	0.194	0.114	2.69638179076928e-25	ZNF524	c9
3.90638863602359e-39	0.211856690906379	0.365	0.224	1.31012462074959e-34	EHD4	c9
3.90568968053892e-39	0.21177608576115	0.352	0.215	1.30989020505914e-34	BRI3	c9
7.89446096752127e-17	0.211695710683391	0.086	0.049	2.64764431928728e-12	ASB3	c9
2.73563005168298e-22	0.211342104030673	0.129	0.074	9.17475606733437e-18	MANBA	c9
1.37017876838176e-12	0.211005062444042	0.074	0.044	4.59530555339874e-08	PRKCA	c9
2.37602132270451e-22	0.210625480762785	0.115	0.064	7.96870031208637e-18	CEP83	c9
2.09389796772353e-30	0.210419673750197	0.189	0.109	7.02251500415118e-26	CGRRF1	c9
4.91962211823284e-40	0.210385947292103	0.309	0.183	1.64994286601293e-35	CHTF8	c9
3.57221974291989e-35	0.210045404146007	0.203	0.114	1.19805105738047e-30	AAR2	c9
9.27974395158788e-33	0.210036148844232	0.877	0.712	3.11224052648354e-28	ANKRD12	c9
6.90156592547025e-34	0.209942553001478	0.7	0.501	2.31464718008421e-29	CDK2AP2	c9
5.59721797546363e-43	0.209824182219272	0.341	0.202	1.87719496461099e-38	FAAP20	c9
4.38979472634205e-13	0.209742974066749	0.052	0.028	1.4722493553206e-08	DBNDD2	c9
6.69473410852586e-10	0.209712199330789	0.041	0.022	2.2452799253174e-05	SNHG21	c9
7.58831431846502e-10	0.209632028586829	0.043	0.024	2.5449688561268e-05	SWT1	c9
5.75523440897897e-32	0.20916950723684	0.529	0.357	1.93019051608337e-27	NDUFB6	c9
2.3365692392398e-09	0.208637638745826	0.037	0.02	7.83638591456244e-05	EXTL3	c9
3.06927125806285e-21	0.20862622786589	0.132	0.078	1.02937219452912e-16	RYR2	c9
1.72533385282879e-32	0.208487855774377	0.999	0.992	5.78642467561721e-28	TMSB10	c9
8.26227005903427e-36	0.208474107082504	0.232	0.134	2.77100013239891e-31	AP1S2	c9
3.76035341614303e-39	0.208424388579797	0.6	0.402	1.26114732870605e-34	AKIRIN2	c9
7.29827984537015e-07	0.208243783020214	0.024	0.013	0.0244769709454024	ABL2	c9
4.53635784942234e-30	0.207896383962106	0.785	0.601	1.52140369553926e-25	SRSF3	c9
4.20514622367713e-09	0.207520323661391	0.045	0.026	0.000141032194049684	ST7L	c9
1.39717281272279e-15	0.207442754772878	0.071	0.039	4.68583817930969e-11	ACER3	c9
4.93360389033255e-07	0.207437318203812	0.028	0.015	0.0165463207273973	ENTPD1-AS1	c9
2.17829406825019e-33	0.207284693065023	0.721	0.511	7.3055626460975e-29	TUFM	c9
1.04194686039012e-41	0.20713635670252	0.345	0.208	3.49448138037639e-37	PSTPIP1	c9
2.90698498851503e-13	0.20697366800143	0.037	0.018	9.74944625448169e-09	CHCHD6	c9
1.9590850051505e-32	0.206896935396392	0.247	0.148	6.57037929027376e-28	AGPAT2	c9
2.64026888412612e-92	0.206467155947982	1	0.997	8.85493378358218e-88	RPL8	c9
1.2562750137198e-28	0.206356692349212	0.161	0.091	4.21329514101345e-24	NBPF26	c9
1.44222162465939e-06	0.206217481735006	0.028	0.016	0.0483692288478266	PRKCE	c9
1.12031164050852e-16	0.206211263840683	0.068	0.036	3.75730117993748e-12	HOTAIRM1	c9
3.85732777586102e-49	0.206171269605085	0.992	0.959	1.29367058946827e-44	NPM1	c9
3.83846402733595e-42	0.205905793205155	0.364	0.219	1.28734406548793e-37	HECTD1	c9
2.7641909969276e-25	0.205884393995931	0.177	0.107	9.27054376549578e-21	MLF1	c9
7.06784125730056e-33	0.20585169211884	0.791	0.587	2.37041260087346e-28	SEC61G	c9
9.72221428979992e-13	0.205705020511878	0.059	0.033	3.2606362285131e-08	PLXNA3	c9
4.14371408237636e-24	0.205656065870083	0.122	0.068	1.38971882894738e-19	USP5	c9
2.34189292812725e-21	0.20558743879862	0.109	0.061	7.85424050235318e-17	ZBED5	c9
3.69483186283523e-22	0.205493077054919	0.136	0.08	1.23917271015768e-17	SPSB1	c9
4.11361753610969e-42	0.20518547905795	0.418	0.257	1.37962504926047e-37	TDG	c9
7.36525633471833e-26	0.204952937379818	0.161	0.094	2.47015966953783e-21	TPRA1	c9
1.91736250472439e-32	0.204820395021432	0.857	0.66	6.43045036834465e-28	COX8A	c9
8.55586852709104e-31	0.204656875768811	0.807	0.598	2.86946718661579e-26	WDR83OS	c9
1.82034177514524e-17	0.20451027527979	0.086	0.048	6.10506224548211e-13	TMEM131	c9
1.44498326030943e-30	0.204470970937011	0.17	0.095	4.84618485842578e-26	TMEM101	c9
7.54421089864817e-26	0.20426637369464	0.497	0.355	2.53017745118862e-21	IQGAP2	c9
4.95529086310297e-23	0.204112271851046	0.121	0.068	1.66190544966747e-18	CPSF4	c9
3.04912188146417e-38	0.204039539854899	0.521	0.339	1.02261449660545e-33	ICAM3	c9
1.22497560626306e-42	0.204029086307234	0.334	0.197	4.10832318828505e-38	HGS	c9
2.17741309373506e-16	0.20379260785236	0.06	0.031	7.30260803376865e-12	KIAA0930	c9
2.67217180739635e-15	0.203638281782366	0.066	0.036	8.96192980764586e-11	TRMT1L	c9
5.78108530226936e-38	0.203616367796275	0.219	0.122	1.9388603886751e-33	EXOSC4	c9
2.95128860220563e-40	0.203246574247661	0.403	0.249	9.89803171407725e-36	TIMM13	c9
9.23968398377231e-19	0.20295200144383	0.127	0.077	3.09880521447756e-14	ANKRD52	c9
3.44382526205754e-30	0.202909812938618	0.799	0.586	1.15499011638886e-25	ATP5MF	c9
6.45025812374587e-13	0.202903800524418	0.08	0.048	2.16328756954189e-08	HIP1R	c9
1.6746143653561e-21	0.202846268526495	0.396	0.284	5.6163216585313e-17	MSC	c9
4.45765020123598e-08	0.202796407290736	0.021	0.01	0.00149500672449052	ERCC2	c9
9.57472439163115e-20	0.202552809326796	0.144	0.088	3.21117106646526e-15	TNFRSF12A	c9
4.30126401269406e-28	0.202345516919497	0.163	0.093	1.44255792457733e-23	HNRNPA1P48	c9
1.52246915857552e-39	0.202284019117327	0.429	0.268	5.10605706403059e-35	NCOA4	c9
1.20557930542493e-43	0.202201403961848	0.283	0.16	4.04327187453413e-39	NGLY1	c9
2.176813391626e-38	0.202068871857271	0.459	0.291	7.30059675283527e-34	CDS2	c9
2.26865130007063e-16	0.201317608496665	0.08	0.045	7.60860273017687e-12	TEFM	c9
4.50949969724775e-15	0.201212035440733	0.052	0.027	1.51239600846295e-10	MICALL1	c9
1.13170475335995e-08	0.201081789838303	0.051	0.031	0.000379551140181861	FANCG	c9
1.71677913018519e-19	0.200926282714108	0.099	0.056	5.75773384681509e-15	PHLPP2	c9
1.49161913795304e-20	0.20088346672503	0.117	0.067	5.00259226486691e-16	ATP13A3	c9
4.21385472318556e-20	0.200729769428555	0.113	0.065	1.41324259706197e-15	C1GALT1C1	c9
8.19712537642867e-39	0.200512548501394	0.248	0.142	2.74915190874665e-34	MRPL3	c9
5.12135187849014e-17	0.200463191993219	0.092	0.053	1.71759899300802e-12	CCDC58	c9
8.38960103317655e-11	0.200462702594809	0.042	0.022	2.81370439450675e-06	LDAH	c9
4.31248467222325e-23	0.200249557323533	0.135	0.078	1.44632110937023e-18	ALYREF	c9
1.39417574140122e-17	0.200228807962965	0.083	0.046	4.67578660151142e-13	SARM1	c9
1.77921042902825e-37	0.200033490366362	0.262	0.154	5.96711593687494e-33	MAPK6	c9
7.47381570915551e-22	0.199876973862509	0.172	0.106	2.50656831253658e-17	CCNG2	c9
2.70913945833154e-35	0.199783253150589	0.245	0.144	9.08591191535233e-31	VMA21	c9
1.03844757029039e-43	0.199644902844847	0.358	0.212	3.48274546123992e-39	MRPL32	c9
4.01793931791784e-37	0.199554600521294	0.556	0.364	1.34753648844329e-32	ELOVL1	c9
7.268326099276e-28	0.199539566090775	0.146	0.081	2.43765120717518e-23	DPM2	c9
1.29792958450136e-06	0.199448627439313	0.022	0.012	0.0435299624050066	QPCTL	c9
4.92526141745103e-32	0.199421135848674	0.23	0.136	1.65183417418473e-27	SNRNP35	c9
3.383207495214e-15	0.199303182733988	0.054	0.028	1.13466012974487e-10	ZNF287	c9
4.23114358649918e-33	0.199236198599785	0.237	0.141	1.4190409360401e-28	BORCS5	c9
3.07956459457265e-28	0.199059924631783	0.146	0.081	1.03282437372778e-23	UNC119	c9
1.10936268530112e-21	0.198944212987008	0.123	0.071	3.72058057396289e-17	ZCCHC9	c9
4.38046450339326e-34	0.198850943283133	0.645	0.439	1.46912018514803e-29	YWHAE	c9
2.43615101324598e-33	0.198834380502819	0.308	0.192	8.17036326822437e-29	TTC3	c9
1.04174065207407e-21	0.198690491804821	0.124	0.072	3.493789798926e-17	NDUFAF2	c9
2.86515499146995e-12	0.198535237251732	0.051	0.028	9.60915681039192e-08	STK11IP	c9
1.27723129972984e-79	0.198309635436273	0.999	0.995	4.28357833303394e-75	RPL6	c9
1.21482384753529e-25	0.198003402049199	0.168	0.099	4.07427621986386e-21	MRPS9	c9
9.31544587990546e-16	0.198000136934677	0.092	0.054	3.12421423920269e-11	PARN	c9
2.43421656406647e-20	0.197946104548251	0.113	0.065	8.16387551256611e-16	MTG2	c9
1.10201798216757e-31	0.1978862868422	0.246	0.148	3.69594790859359e-27	SQOR	c9
2.40352659470909e-46	0.197646424267953	0.372	0.218	8.06094749333536e-42	CREB3	c9
1.9088414965689e-29	0.197637056818981	0.743	0.557	6.40187261119278e-25	APBB1IP	c9
6.44894940818501e-30	0.197615440784404	0.72	0.51	2.16284865251709e-25	RAB7A	c9
1.70780373320232e-14	0.197592410979455	0.073	0.042	5.72763216041394e-10	MOSPD2	c9
2.54489979705202e-11	0.197572359063672	0.048	0.027	8.53508493935308e-07	ROGDI	c9
3.75764443466319e-24	0.197451351170068	0.27	0.176	1.26023879049734e-19	GLA	c9
1.26524671912254e-26	0.197432607772746	0.126	0.069	4.24338444659318e-22	GEMIN6	c9
3.92877269079671e-38	0.197370580971398	0.408	0.257	1.3176317850394e-33	AFTPH	c9
1.14890162406745e-33	0.197340902769364	0.22	0.127	3.85318626679742e-29	PMPCA	c9
7.33130021251143e-08	0.197328300859256	0.037	0.021	0.00245877146527208	POT1	c9
4.25756048986795e-34	0.197107525211031	0.222	0.129	1.42790063709191e-29	TMEM30A	c9
2.79759620318288e-40	0.196901737767546	0.394	0.241	9.38257814623475e-36	NT5C	c9
1.04999394389103e-28	0.196658622232243	0.138	0.075	3.52146968902175e-24	DOHH	c9
1.37529118784301e-36	0.196591823522887	0.284	0.17	4.61245158578788e-32	HYOU1	c9
4.96770481794639e-31	0.196527754897784	0.885	0.704	1.66606884184286e-26	COX6B1	c9
3.07984321000098e-09	0.196506008546859	0.04	0.022	0.000103291781577013	SGSM3	c9
2.97267561043757e-41	0.196408899244373	0.594	0.388	9.96975946228554e-37	MRPS21	c9
3.71163279840879e-17	0.196115822934681	0.083	0.046	1.24480740793034e-12	CSRNP2	c9
1.55837570743004e-34	0.195953937013962	0.642	0.46	5.22648044757885e-30	UCP2	c9
3.67506113957906e-22	0.19578551901803	0.145	0.086	1.23254200499203e-17	CHPF2	c9
9.65423058906761e-30	0.195370684803202	0.173	0.099	3.2378358549615e-25	DELE1	c9
9.73844456339745e-33	0.194664718527152	0.241	0.143	3.26607953767224e-28	SPTLC1	c9
1.06844464801916e-37	0.194657114002826	0.485	0.314	3.58334966052666e-33	ZFR	c9
8.89377828316904e-10	0.194462416187908	0.044	0.025	2.98279536060923e-05	DENND1A	c9
6.25420051350797e-32	0.194287789888143	0.805	0.594	2.0975337682203e-27	ST13	c9
2.79728040034244e-24	0.194135499787239	0.153	0.09	9.38151900666846e-20	PYM1	c9
3.24293461289388e-26	0.193803048113866	0.152	0.088	1.08761541047235e-21	SESN3	c9
2.64816258222984e-19	0.193503654354186	0.121	0.072	8.88140766828245e-15	SYNE3	c9
1.71639957923835e-15	0.193440841291288	0.101	0.061	5.75646090884957e-11	ETS2	c9
5.80486530147198e-17	0.193375094302585	0.084	0.047	1.94683572480767e-12	PUS1	c9
2.81667315974139e-30	0.193338522289578	0.733	0.551	9.44655844314066e-26	TANK	c9
1.82086395750463e-13	0.193253333801175	0.739	0.598	6.10681354067904e-09	ANXA5	c9
1.70869050766177e-10	0.192769604254122	0.05	0.029	5.73060622459605e-06	BDH1	c9
7.19637836068553e-23	0.192768547698638	0.147	0.087	2.41352137460671e-18	NABP2	c9
2.28833507029441e-22	0.192626010873589	0.161	0.097	7.67461815875338e-18	TCP11L1	c9
6.99246965111316e-39	0.192601234723356	0.432	0.271	2.34513447159033e-34	CAMTA1	c9
9.33202681884355e-24	0.192593579996233	0.169	0.102	3.12977515450375e-19	NSMAF	c9
1.66595207551996e-17	0.192406344245157	0.103	0.06	5.58727007087884e-13	AGA	c9
1.98124329089675e-78	0.192283665181152	1	0.995	6.64469374900954e-74	RPS4X	c9
2.3179263344246e-23	0.192250317386752	0.145	0.085	7.77386134039321e-19	RAP1GDS1	c9
1.58769413051173e-42	0.192024960317337	0.383	0.231	5.32480857491025e-38	NRAS	c9
5.42627212437895e-20	0.191909594930384	0.116	0.067	1.81986314507421e-15	EIPR1	c9
1.55511772568758e-30	0.191882989432921	0.711	0.502	5.21555382841101e-26	CCT6A	c9
9.15705211940347e-16	0.191835571555444	0.086	0.05	3.07109213980554e-11	CTNNBIP1	c9
1.12106355819966e-33	0.191653953204335	0.339	0.212	3.75982296149003e-29	M6PR	c9
1.05490032225639e-22	0.191626795470653	0.127	0.072	3.53792470078348e-18	MTFMT	c9
1.89846844121248e-34	0.191469184512584	0.298	0.182	6.36708345813843e-30	SRPRB	c9
8.2657437098465e-15	0.191393521941646	0.085	0.05	2.77216512540832e-10	ZNF720	c9
8.10536402786178e-34	0.191311417671578	0.403	0.258	2.71837698766428e-29	MUC20-OT1	c9
1.0014528966239e-27	0.191224560505199	0.153	0.086	3.35867272469724e-23	EXOSC6	c9
9.3064956072872e-22	0.191180491049282	0.121	0.069	3.12121249677198e-17	NARFL	c9
4.03445658347534e-21	0.191137561251939	0.142	0.085	1.35307604896596e-16	COPS7A	c9
8.55414366156027e-37	0.191027583942697	0.499	0.32	2.86888870121408e-32	PSMC1	c9
2.91446381462049e-39	0.190993253999653	0.516	0.326	9.77452874147421e-35	TALDO1	c9
3.61496225359688e-27	0.190958126383111	0.166	0.096	1.21238604061132e-22	VPS13A	c9
1.33326376745628e-17	0.19074854905346	0.107	0.063	4.47150002329489e-13	FAM3A	c9
1.4532969850443e-37	0.190681352717886	0.293	0.174	4.87406742844157e-33	MGAT2	c9
2.79209454633312e-13	0.190649717126977	0.064	0.036	9.36412668949203e-09	CASP6	c9
2.48712979648726e-22	0.190487291194524	0.624	0.466	8.34133591145896e-18	LAT	c9
1.53035873948738e-21	0.190401053473024	0.129	0.075	5.13251714049276e-17	ATP2C1	c9
1.29257978257728e-10	0.190185429971002	0.06	0.035	4.33505407480769e-06	DGKH	c9
1.66567588761556e-34	0.190058207858933	0.286	0.173	5.58634379188506e-30	MRPS16	c9
2.09388482633621e-33	0.190045704502328	0.244	0.145	7.02247093056639e-29	PRKAG1	c9
6.51252667643675e-31	0.189932805533205	0.589	0.405	2.18417119674336e-26	TCP1	c9
3.99563800081759e-23	0.18980444623091	0.142	0.083	1.3400570727142e-18	ITPKB	c9
2.91346327115308e-20	0.189553716299742	0.136	0.082	9.7711731187932e-16	ANAPC15	c9
7.38161895239326e-10	0.189405605472995	0.052	0.03	2.47564736425365e-05	MBD3	c9
1.19411774773997e-27	0.189082505915958	0.46	0.318	4.00483210237032e-23	SMARCA2	c9
8.80734501723996e-38	0.189027377608142	0.448	0.285	2.95380737188194e-33	HSPA4	c9
2.29679363747446e-10	0.189013673237707	0.07	0.043	7.70298650136186e-06	DNMT3A	c9
4.45626458419749e-21	0.188970321343592	0.142	0.085	1.49454201624815e-16	IFT22	c9
5.50929267690819e-64	0.18893349389693	0.998	0.981	1.84770657798147e-59	RPS9	c9
6.89554684766711e-35	0.188852861321962	0.545	0.354	2.31262850177059e-30	SNRPE	c9
7.78443845755603e-19	0.188691177475861	0.099	0.056	2.61074496989514e-14	CYREN	c9
1.08474790861025e-33	0.188483956160841	0.211	0.122	3.63802753589705e-29	ANKRD37	c9
6.88873069977203e-37	0.188383762049105	0.584	0.379	2.31034250208954e-32	GTF2A2	c9
1.43557373703252e-39	0.188250659635625	0.476	0.3	4.81462719925965e-35	GDI1	c9
5.45893975290257e-38	0.188137493629522	0.457	0.289	1.83081921432847e-33	COPB2	c9
6.14566724326206e-30	0.187914830470586	0.143	0.077	2.06113388004523e-25	MRM2	c9
1.73882627698507e-37	0.187676923420175	0.227	0.129	5.83167556775254e-33	SMARCA4	c9
4.53641456813026e-41	0.187654096171104	0.305	0.178	1.52142271785953e-36	MRPS23	c9
2.64219918427361e-40	0.187602817378771	0.506	0.318	8.86140762421683e-36	CYC1	c9
7.09375945129968e-29	0.187597442008363	0.847	0.66	2.37910504477689e-24	NDUFB11	c9
4.30219840474645e-22	0.187521341164659	0.118	0.067	1.44287130098386e-17	MRPS28	c9
6.94357396828367e-08	0.187099721682508	0.037	0.021	0.00232873583748298	PSKH1	c9
2.43728108294382e-33	0.18677391643863	0.22	0.127	8.17415329597697e-29	TVP23B	c9
1.45722267885908e-16	0.186689160889001	0.087	0.05	4.88723342035759e-12	DUSP3	c9
3.22108892065665e-36	0.186642144424764	0.319	0.193	1.08028880220983e-31	PES1	c9
5.72959429551304e-17	0.186417153268445	0.104	0.062	1.92159133482916e-12	ATAD2B	c9
2.87251206415236e-42	0.186301732406644	0.349	0.208	9.63383096075419e-38	REX1BD	c9
6.37033195750313e-13	0.186216761317841	0.068	0.039	2.1364819319074e-08	OTUD6B	c9
4.18413609931741e-35	0.186062442766949	0.547	0.363	1.40327556498907e-30	PPP4R2	c9
2.43189437051352e-21	0.185987514731876	0.134	0.079	8.15608733982823e-17	ILVBL	c9
9.21168994782041e-16	0.185978126129024	0.117	0.072	3.08941657470001e-11	ZNF264	c9
7.14298643135909e-24	0.185724142581413	0.192	0.12	2.39561478934921e-19	GNA15	c9
9.00583414081899e-07	0.185551514854516	0.028	0.016	0.0302037665414787	CAB39L	c9
1.73158764978072e-43	0.185549713868553	0.996	0.962	5.80739865983459e-39	HNRNPA1	c9
3.18424331733671e-37	0.185518167189007	0.256	0.149	1.06793152376839e-32	SNX4	c9
3.41313397702973e-27	0.185485157995181	0.834	0.665	1.14469687321623e-22	FNBP1	c9
1.31779507099994e-30	0.185283026478367	0.89	0.711	4.4196211091196e-26	RAC1	c9
3.80108423997717e-31	0.18522919703752	0.212	0.124	1.27480763240354e-26	MRPS25	c9
5.99908496343172e-17	0.185025818359158	0.08	0.044	2.01197311503573e-12	STYXL1	c9
2.19219758735905e-26	0.185006748897952	0.15	0.085	7.35219226848479e-22	PITRM1	c9
2.17361153819434e-17	0.184934835273062	0.094	0.054	7.28985837679617e-13	ENDOV	c9
1.0411778542985e-41	0.184901777006073	0.473	0.291	3.49190228774632e-37	MRPS15	c9
2.68319054966548e-34	0.184408343200931	0.292	0.178	8.99888446546808e-30	MRPL27	c9
2.5005863799703e-34	0.184368949121107	0.354	0.224	8.38646660114441e-30	C17orf49	c9
4.81140257070479e-29	0.184277497766458	0.671	0.478	1.61364819416297e-24	ARF6	c9
3.35743225646417e-17	0.184125342114665	0.098	0.057	1.12601563017295e-12	VIPAS39	c9
8.58778184530727e-28	0.184121507024791	0.199	0.119	2.88017027527915e-23	IMPA1	c9
9.25431148659531e-30	0.184014959783088	0.216	0.129	3.10371098637434e-25	DDX49	c9
2.1033468437907e-28	0.183922791861876	0.211	0.127	7.05420464470526e-24	RAB4A	c9
5.34322198722156e-29	0.183895367754926	0.717	0.508	1.79200979007437e-24	EIF4H	c9
2.82218365738574e-29	0.183813591991513	0.722	0.515	9.46503955014028e-25	MEAF6	c9
1.60656169626588e-09	0.183736823615863	0.035	0.019	5.38808661693651e-05	SLC31A2	c9
1.69773166190248e-24	0.183650051651582	0.111	0.06	5.69385244768855e-20	FAM174A	c9
6.98346807941941e-33	0.183474671839964	0.248	0.148	2.34211552447568e-28	COA3	c9
2.54270257448549e-35	0.183455459387446	0.4	0.253	8.52771589430945e-31	STMP1	c9
1.00474918432416e-28	0.183206878147271	0.791	0.576	3.36972781438637e-24	PSMD8	c9
7.78074855704604e-08	0.18317304115127	0.03	0.017	0.0026095074510621	ZNF280C	c9
2.85129554624141e-28	0.183150103190394	0.915	0.76	9.56267500298443e-24	IQGAP1	c9
1.18014205387251e-07	0.18314205249539	0.022	0.011	0.00395796042027763	TBX19	c9
3.46166116137059e-16	0.182890858187762	0.088	0.051	1.16097192030047e-11	C1orf216	c9
5.81979009910909e-19	0.182817362686445	0.13	0.079	1.95184120343921e-14	RAD51C	c9
3.27510238324707e-33	0.182716683295813	0.541	0.357	1.0984038372934e-28	CHMP4B	c9
2.78525282819024e-13	0.182603561685754	0.064	0.036	9.34118093518442e-09	GORAB	c9
1.86537045589562e-26	0.182577569702163	0.741	0.543	6.25607943498273e-22	NDUFB2	c9
1.35060559879021e-24	0.182498891159861	0.156	0.091	4.52966105722261e-20	WDR75	c9
8.20101028004875e-36	0.182308513288579	0.319	0.194	2.75045482772275e-31	MAEA	c9
4.73645658449216e-23	0.182175325630191	0.133	0.077	1.58851280930698e-18	UNC13D	c9
1.48888105309647e-28	0.182146578891891	0.767	0.562	4.99340927587493e-24	EWSR1	c9
1.15741746027378e-07	0.181911662584989	0.033	0.018	0.00388174667826621	SYCE1L	c9
1.89200943138322e-32	0.181894160009171	0.275	0.168	6.34542123097304e-28	ERG28	c9
2.78183583341424e-28	0.181562736788004	0.154	0.087	9.32972101810466e-24	KCTD5	c9
6.86251076320387e-42	0.181532783970695	0.353	0.21	2.30154885976331e-37	INTS11	c9
7.90249619003393e-31	0.181453991059349	0.239	0.144	2.65033917221358e-26	MTHFS	c9
5.64107776857997e-11	0.181450734318348	0.056	0.032	1.89190466202635e-06	WDYHV1	c9
4.8439622759357e-22	0.18137546367242	0.119	0.068	1.62456806810332e-17	IFNAR2	c9
2.85232258084663e-18	0.181321844649651	0.089	0.049	9.56611947164341e-14	PRMT7	c9
2.79903405868466e-12	0.181289491597317	0.068	0.04	9.3874004260166e-08	PER2	c9
9.54844976381215e-32	0.181074168720616	0.241	0.144	3.20235908178732e-27	ZKSCAN1	c9
2.873366083507e-11	0.180999598994498	0.055	0.031	9.63669517086579e-07	LRSAM1	c9
2.45483866695984e-27	0.180992928733209	0.194	0.116	8.23303792124991e-23	HDDC2	c9
4.34029290505503e-31	0.180841703094557	0.713	0.499	1.45564743449736e-26	CCT3	c9
2.11917483663771e-33	0.180805063942599	0.443	0.286	7.10728856711555e-29	VTI1B	c9
1.51698343757376e-13	0.18069199678478	0.072	0.042	5.08765905293488e-09	UTP20	c9
1.06730205718466e-31	0.180628736590862	0.227	0.134	3.57951763938593e-27	BMS1	c9
5.59460920409213e-07	0.180606528183044	0.036	0.021	0.0187632003486842	GTF2H2C	c9
1.0680931964947e-19	0.180604184571639	0.113	0.065	3.58217096240392e-15	PPA2	c9
6.56159643441868e-25	0.180545725764853	0.148	0.085	2.20062821217534e-20	RNF8	c9
9.51394302894249e-08	0.180474145571724	0.029	0.016	0.00319078621304673	BPHL	c9
2.56999197383785e-10	0.180305714061287	0.049	0.028	8.61923908185738e-06	ARHGEF12	c9
5.3240598513242e-33	0.180273831330686	0.264	0.159	1.78558319293711e-28	HSPBP1	c9
1.75559272720137e-33	0.180237722178024	0.55	0.367	5.88790688848796e-29	RPS17	c9
2.77035888697315e-10	0.180006207071687	0.062	0.038	9.29122963513054e-06	SGPP1	c9
2.78353216937561e-23	0.179799879408312	0.924	0.805	9.33541018965192e-19	RPL36A	c9
7.74051956571196e-09	0.179728377723488	0.047	0.028	0.000259601545194848	FARS2	c9
4.11763754069011e-40	0.17970652441233	0.331	0.196	1.38097327839665e-35	FARSA	c9
7.20248871917366e-31	0.179680476305001	0.188	0.107	2.41557066663646e-26	UNC50	c9
2.88252052361656e-32	0.17967020648716	0.41	0.274	9.66739733210521e-28	ANKRD28	c9
5.86371493888779e-26	0.179637590566106	0.172	0.102	1.96657271620419e-21	P4HA1	c9
1.59396744824163e-32	0.179626913861539	0.256	0.155	5.34584802791277e-28	JMY	c9
8.78664011440076e-23	0.179586649764447	0.115	0.064	2.94686336156773e-18	TNFAIP1	c9
3.12154585967326e-09	0.179298628804123	0.057	0.035	0.000104690405041722	ECI1	c9
1.14667585581254e-21	0.179175822133864	0.134	0.078	3.8457214852241e-17	BCL2L13	c9
4.91929527741919e-32	0.179143859445002	0.588	0.394	1.64983325014085e-27	TXNL1	c9
3.50211754708078e-35	0.179130012931775	0.252	0.148	1.17454018293995e-30	DHPS	c9
5.4327265347374e-34	0.179046641836113	0.305	0.187	1.82202782522023e-29	NDE1	c9
1.14522114125551e-06	0.178983342132895	0.04	0.025	0.0384084266354272	GHDC	c9
1.92874554146861e-25	0.178955809294152	0.552	0.387	6.46862679697742e-21	AP3S1	c9
8.12925331657402e-30	0.178925127787749	0.891	0.718	2.7263889773126e-25	HMGN1	c9
8.89604253350308e-14	0.178650875521782	0.062	0.034	2.98355474488626e-09	FAHD1	c9
3.6156021531254e-25	0.178532385825211	0.78	0.586	1.2126006501152e-20	ILF2	c9
7.33418520963198e-16	0.178481100265339	0.073	0.04	2.45973903560637e-11	SLC35B3	c9
5.43351980070048e-27	0.178389125036774	0.712	0.509	1.82229387075893e-22	EIF3M	c9
1.04875941613651e-30	0.178124212109253	0.213	0.126	3.51732932983863e-26	GIGYF2	c9
3.38011175657305e-38	0.178050264486688	0.453	0.293	1.13362188091947e-33	UBE2E3	c9
3.56693415546248e-22	0.177966781648269	0.162	0.099	1.19627837705901e-17	RFC2	c9
9.58789069792604e-35	0.177926361342172	0.244	0.143	3.21558678227044e-30	DFFA	c9
3.61065939858177e-35	0.177786378859978	0.497	0.324	1.21094294909635e-30	EIF4E	c9
5.00121383713811e-10	0.177775464077107	0.051	0.03	1.67730709669938e-05	PCED1A	c9
7.22071013389741e-15	0.177198986558408	0.067	0.037	2.42168176470651e-10	LCORL	c9
2.6463968989321e-31	0.177182043066671	0.276	0.169	8.87548591963848e-27	SPNS1	c9
4.44370791889213e-40	0.17716477296521	0.345	0.206	1.49033076183804e-35	UBQLN1	c9
2.80014788195856e-26	0.177102385991781	0.532	0.374	9.3911359665126e-22	NAMPT	c9
2.94507498517226e-21	0.176924376835004	0.118	0.068	9.87719248527072e-17	RNPEP	c9
2.32588657007768e-33	0.176895063199815	0.25	0.148	7.80055837872651e-29	DCTPP1	c9
2.66340434806773e-38	0.176868183725127	0.308	0.185	8.93252550254954e-34	TRIM8	c9
2.50454255013702e-38	0.17680683343461	0.425	0.263	8.39973480464954e-34	MRPS12	c9
5.52557824065414e-31	0.176356253430718	0.545	0.368	1.85316843035059e-26	PSMA3	c9
9.42914353390737e-26	0.176191328876764	0.2	0.122	3.16234615840185e-21	MXRA7	c9
8.41288206331058e-34	0.176016096590013	0.46	0.299	2.8215123863931e-29	SFXN1	c9
9.98550463655648e-37	0.175975268927327	0.428	0.27	3.34893854500831e-32	PSMD1	c9
9.44803275992401e-40	0.175938683916786	0.38	0.233	3.16868122702332e-35	CHMP5	c9
1.14471277330737e-08	0.175667245503717	0.045	0.026	0.000383913769911824	SEMA7A	c9
2.84281260452088e-14	0.175665813628221	0.066	0.037	9.53422491304213e-10	STARD4	c9
6.67211181973319e-34	0.175480900422816	0.473	0.312	2.23769286210212e-29	GOLGA4	c9
1.16047174057809e-35	0.175316672843033	0.323	0.198	3.89199012355079e-31	PTRHD1	c9
1.58232736652066e-23	0.175309473871775	0.145	0.085	5.306809521837e-19	NIT2	c9
7.28526346943367e-20	0.175276637990183	0.107	0.061	2.44333166237866e-15	CEP164	c9
4.24488815798826e-17	0.175118537369285	0.101	0.059	1.4236505904261e-12	FAM126A	c9
3.17435095411293e-45	0.175046761915551	0.996	0.976	1.06461382299039e-40	VIM	c9
5.43290277861385e-38	0.174721780354126	0.291	0.172	1.82208693389151e-33	DNM1L	c9
4.24384516274418e-30	0.174489292641439	0.946	0.825	1.42330079068114e-25	ATP5F1B	c9
3.54334403327994e-23	0.174195005150503	0.738	0.543	1.18836672188143e-18	PSMB3	c9
5.53071079813924e-27	0.174163129207257	0.171	0.099	1.85488978747994e-22	EXOC1	c9
6.52355740988256e-30	0.174055777614395	0.635	0.434	2.18787068412641e-25	CCT8	c9
1.59719118388128e-34	0.173717414095448	0.48	0.309	5.35665979250104e-30	SPAG7	c9
2.33205854885193e-09	0.173628606622112	0.036	0.02	7.82125796113962e-05	OXSM	c9
3.82620696922835e-36	0.173560959855522	0.328	0.201	1.2832332933398e-31	TAF10	c9
5.40267797982559e-37	0.173208348883998	0.469	0.3	1.81195014087391e-32	C19orf70	c9
4.24849105711041e-30	0.17313657676645	0.619	0.425	1.42485893073369e-25	CANX	c9
1.29340210739388e-18	0.173072108350461	0.102	0.059	4.3378119877776e-14	TTLL5	c9
1.84511084793008e-22	0.173060213852718	0.192	0.121	6.18813276178792e-18	DECR1	c9
8.55868434022526e-40	0.172963889128117	0.396	0.242	2.87041155402475e-35	PSMD12	c9
2.38707936156032e-36	0.172824561663571	0.36	0.223	8.00578676280101e-32	ELP5	c9
2.72432702040075e-16	0.172714782287642	0.112	0.068	9.13684796102002e-12	DPH2	c9
7.63667708486036e-14	0.172684034240068	0.079	0.047	2.56118876072047e-09	FOXRED1	c9
5.72713344128682e-11	0.172384726150872	0.055	0.032	1.92076601353877e-06	MIER3	c9
2.26443838191728e-19	0.172381349401283	0.105	0.06	7.59447344527419e-15	MFN1	c9
7.35497911472432e-31	0.172327960010166	0.249	0.151	2.46671289549624e-26	KIFAP3	c9
1.18699281708645e-18	0.172083510125948	0.111	0.065	3.98093650994454e-14	ACOT8	c9
5.58736369830545e-32	0.171887599985214	0.402	0.258	1.87389003713768e-27	CCDC47	c9
2.19399673587355e-24	0.171719745171327	0.164	0.097	7.35822625277272e-20	NCSTN	c9
1.88114269418038e-32	0.171712526314224	0.444	0.288	6.30897636774216e-28	RPA3	c9
4.17746218284663e-26	0.171644587434395	0.703	0.506	1.4010372668831e-21	EID1	c9
1.14975141491819e-31	0.17152372757109	0.397	0.258	3.85603629535264e-27	SPAG9	c9
4.25790849250576e-13	0.171269777025733	0.047	0.024	1.42801735021658e-08	TM7SF2	c9
3.6228759479174e-13	0.171138680175078	0.074	0.043	1.21504013541254e-08	DYRK4	c9
1.35395991300333e-18	0.170865644118334	0.103	0.059	4.54091075623057e-14	IFT43	c9
4.08791810758101e-47	0.17078019630572	0.995	0.958	1.37100597492052e-42	BTF3	c9
5.4947728996916e-36	0.170770244950864	0.27	0.16	1.84283693509857e-31	USE1	c9
5.55710775097203e-25	0.170710440637552	0.679	0.499	1.863742797521e-20	CBLB	c9
7.49601111051945e-11	0.170632566951171	0.051	0.029	2.51401220624601e-06	TCEANC2	c9
4.88337266650093e-15	0.170502942481181	0.063	0.034	1.63778552489108e-10	SNN	c9
8.34330281920672e-07	0.170430588616664	0.041	0.025	0.0279817689950555	PPP1R12B	c9
1.30460178119134e-33	0.170295443441758	0.527	0.345	4.37537345375952e-29	SH3BGRL	c9
2.14656228351818e-12	0.170257347305657	0.086	0.053	7.19914058646328e-08	METTL21A	c9
1.02515047462031e-24	0.170226309619157	0.221	0.138	3.43814966178161e-20	ABHD12	c9
3.29055039583834e-31	0.170222479302822	0.251	0.152	1.10358479175626e-26	ATL3	c9
2.87633222512934e-26	0.170094656908218	0.967	0.898	9.6466430166388e-22	YBX1	c9
6.94599779275941e-35	0.169822769502243	0.44	0.281	2.32954873973565e-30	ELAVL1	c9
7.99574773653542e-31	0.169654294108625	0.54	0.361	2.68161387587925e-26	FIS1	c9
4.04361642417792e-26	0.169618120332169	0.751	0.559	1.35614807634079e-21	SURF4	c9
1.21903908468671e-24	0.169522510779702	0.172	0.103	4.08841328222228e-20	NUP93	c9
3.65070398689687e-15	0.169483815979264	0.074	0.041	1.22437310312547e-10	BTRC	c9
1.2671181247883e-23	0.169291591888366	0.17	0.103	4.24966076691501e-19	BCKDHA	c9
2.5760315780834e-30	0.169246075050456	0.435	0.288	8.63949470657612e-26	VOPP1	c9
3.75490328384371e-35	0.169167448644775	0.235	0.136	1.2593194633355e-30	ACAA1	c9
2.14006153107606e-19	0.16907892669642	0.116	0.068	7.1773383629229e-15	N4BP2	c9
1.09421372290842e-36	0.169035219217464	0.231	0.132	3.66977398389027e-32	TFDP1	c9
8.48526643900108e-26	0.168994566884392	0.705	0.504	2.84578865831218e-21	NRBP1	c9
1.05098498627214e-28	0.168888038275422	0.665	0.468	3.52479344695949e-24	CCT4	c9
7.52224623934356e-28	0.168881861500205	0.283	0.18	2.52281094375104e-23	PDIA4	c9
3.18868002928544e-18	0.16881323104486	0.099	0.057	1.06941950822175e-13	PGGHG	c9
1.29141833645495e-20	0.168765487028995	0.12	0.07	4.33115881680261e-16	ZMAT5	c9
2.31492389909768e-18	0.168218622163304	0.105	0.061	7.76379177279381e-14	BOLA2B	c9
6.41753465860874e-33	0.168039267796861	0.256	0.153	2.1523127738042e-28	UBE2V2	c9
6.79483702359735e-27	0.167998914815094	0.274	0.174	2.27885244097408e-22	HSPB11	c9
2.66842517424106e-11	0.167793013717125	0.056	0.032	8.94936434936965e-07	MARCH3	c9
1.42288778275652e-32	0.167685097906092	0.201	0.115	4.7720810458088e-28	TM2D2	c9
2.42101694303352e-38	0.167678346586976	0.435	0.271	8.11960662354584e-34	SAR1B	c9
4.33253797506222e-25	0.167307350321328	0.786	0.585	1.45304658607637e-20	LAMTOR5	c9
2.66079787738339e-38	0.167130056408187	0.406	0.253	8.92378392116841e-34	DNAAF2	c9
1.80154333963962e-09	0.167047409514613	0.051	0.03	6.04201605248337e-05	GTF2H2	c9
3.89915445892932e-26	0.167008308048131	0.166	0.097	1.30769842243571e-21	THAP3	c9
1.15542526095592e-16	0.166996159947275	0.104	0.062	3.87506524019396e-12	UMPS	c9
4.23991390499629e-18	0.166754407459328	0.101	0.058	1.42198232545766e-13	AMMECR1L	c9
4.8644159776835e-26	0.166725967752553	0.801	0.613	1.63142783059549e-21	POMP	c9
1.93553854666629e-15	0.166556117567314	0.08	0.045	6.4914091778094e-11	SLC25A14	c9
4.41070864792096e-28	0.166511624925914	0.27	0.17	1.47926346633973e-23	TNPO1	c9
3.02178671457751e-18	0.16646725079237	0.097	0.055	1.013446828335e-13	ORAOV1	c9
1.35262747685833e-21	0.166455657743696	0.106	0.059	4.53644203188747e-17	GTF2H3	c9
4.62657373592031e-25	0.166399759046176	0.717	0.517	1.55166029955295e-20	TWF2	c9
1.24165217403555e-24	0.165639826556012	0.221	0.139	4.16425306128043e-20	ANKRD10	c9
1.16437577825633e-13	0.165601879725162	0.075	0.044	3.90508348511609e-09	MBOAT7	c9
4.31369565911383e-11	0.165210770256166	0.057	0.033	1.4467272501536e-06	SFXN4	c9
3.11951397764504e-23	0.164845067745464	0.148	0.087	1.04622259782259e-18	POGLUT1	c9
4.90951401247883e-33	0.164656836999743	0.391	0.25	1.64655280950515e-28	CISD2	c9
3.94229494121387e-33	0.164599498369893	0.319	0.199	1.32216687738431e-28	DGKZ	c9
4.37106921882612e-18	0.164586750270716	0.087	0.048	1.4659691946099e-13	C6orf203	c9
7.95601794538763e-18	0.164490331279621	0.109	0.065	2.6682892985241e-13	IL18RAP	c9
9.52488337661911e-35	0.164369548314156	0.364	0.228	3.19445538685052e-30	PRKCSH	c9
5.183827840926e-13	0.16431699847967	0.062	0.035	1.73855218128976e-08	PAK1	c9
1.23001529676691e-21	0.164261004706441	0.275	0.186	4.12522530229686e-17	AL138963.3	c9
3.02995680703049e-37	0.163788762360838	0.5	0.321	1.01618691394188e-32	LAP3	c9
7.84336779708461e-34	0.163633754991946	0.27	0.162	2.63050869178623e-29	RPIA	c9
1.68928682177341e-26	0.163349171523024	0.196	0.118	5.66553014286368e-22	LETM1	c9
2.41436394077455e-09	0.163305409688339	0.047	0.027	8.09729378456968e-05	ZNF846	c9
3.66093171720245e-11	0.163302991785241	0.05	0.028	1.22780327931536e-06	TAPT1	c9
2.10828822795254e-32	0.163076445277219	0.256	0.153	7.07077705890724e-28	COPG1	c9
1.25556953280817e-34	0.163004258010978	0.28	0.167	4.21092909913204e-30	C1orf174	c9
3.07961048253284e-09	0.162996135110518	0.057	0.035	0.000103283976363187	RAD51D	c9
2.43437541608115e-29	0.162690394512424	0.684	0.478	8.16440827045296e-25	UQCRQ	c9
1.65028014313977e-25	0.162606012891912	0.192	0.116	5.53470954406217e-21	ABRAXAS2	c9
6.60772708222443e-16	0.162282954604799	0.089	0.051	2.21609950883643e-11	SLC25A16	c9
5.93230206115151e-31	0.16221642370849	0.258	0.157	1.98957546526899e-26	ABCE1	c9
3.09269325686602e-16	0.162147497278601	0.097	0.057	1.03722746448772e-11	RRS1	c9
1.19936579749571e-26	0.162016022590409	0.695	0.492	4.02243301164111e-22	C1orf43	c9
9.77442027439894e-30	0.161844108238525	0.237	0.143	3.27814507162792e-25	FTSJ3	c9
8.89978331738724e-10	0.161803133774235	0.04	0.022	2.98480932898533e-05	NRAV	c9
4.90351393683539e-22	0.161704059809699	0.154	0.092	1.64454050413585e-17	TRAF5	c9
1.99331794518784e-23	0.161609493286286	0.83	0.628	6.68518972457096e-19	PPP1CA	c9
1.82302854551653e-30	0.161484263795828	0.225	0.134	6.11407313595335e-26	SUMF2	c9
1.51962378187478e-14	0.161467484513663	0.096	0.058	5.09651423965163e-10	AC083798.2	c9
1.24893741157234e-19	0.161464933267971	0.122	0.072	4.18868629093132e-15	AGFG2	c9
4.86421980753488e-36	0.161414461753789	0.232	0.133	1.63136203905105e-31	DAPK3	c9
3.42302811180792e-16	0.161350294711308	0.081	0.046	1.14801516813814e-11	SHQ1	c9
7.20603965467108e-15	0.16099726514508	0.066	0.036	2.41676157938359e-10	SYNGAP1	c9
3.66785291723672e-17	0.16092198657689	0.127	0.078	1.23012451138285e-12	WSB2	c9
4.5503185701069e-08	0.160861656003193	0.033	0.018	0.00152608584204245	GSTM4	c9
1.23075286874357e-25	0.160556691048937	0.187	0.112	4.1276989711922e-21	INTS6	c9
5.18098509586058e-10	0.160500004246511	0.039	0.021	1.73759878144972e-05	MTURN	c9
2.30321492733658e-31	0.16049470596053	0.535	0.353	7.72452222330141e-27	SLIRP	c9
2.0318791005507e-34	0.16047426616105	0.293	0.177	6.81451612742692e-30	IDH3G	c9
1.32369179836677e-38	0.16033333800131	0.355	0.214	4.43939755336248e-34	MRPL28	c9
3.03861759076036e-29	0.160111419051907	0.652	0.443	1.01909156758921e-24	COPS9	c9
7.52667661258854e-08	0.160100009908273	0.041	0.024	0.00252429680232995	ZBTB39	c9
5.21704696730209e-09	0.159940759698778	0.062	0.039	0.000174969321189378	ZNF562	c9
4.97365289183237e-34	0.159895195310064	0.369	0.235	1.66806370686274e-29	KIF21A	c9
1.04939878145957e-24	0.159458046798276	0.209	0.13	3.51947363325912e-20	KRCC1	c9
2.47188842008637e-23	0.159433790271049	0.138	0.08	8.29021938328566e-19	MKNK1	c9
6.10120893250818e-18	0.159374821664624	0.086	0.047	2.04622345178459e-13	TMEM68	c9
3.68178416998727e-35	0.15927059374939	0.315	0.191	1.23479677493033e-30	LSM6	c9
7.41753840324754e-22	0.159217305535223	0.126	0.073	2.48769402968116e-17	SMAD4	c9
2.09023501922548e-22	0.159104216231322	0.161	0.097	7.01023020747841e-18	MUS81	c9
1.81844822049838e-35	0.158916168012889	0.419	0.264	6.09871164190746e-31	OCIAD1	c9
7.2915541064672e-12	0.158912031080889	0.061	0.035	2.44544141622697e-07	CLUH	c9
1.00909146437405e-29	0.15889481057241	0.235	0.142	3.38429095321767e-25	LRPPRC	c9
2.76976707376792e-26	0.158787394449604	0.437	0.3	9.28924481200286e-22	FKBP4	c9
4.12687317876107e-34	0.158780649063803	0.412	0.263	1.38407072669289e-29	GLS	c9
7.0675254181918e-12	0.158538079110203	0.065	0.038	2.37030667475317e-07	BMPR1A	c9
1.4186511921484e-26	0.158520080899748	0.194	0.117	4.75787236822731e-22	GMEB1	c9
6.12269130910086e-35	0.158383734076084	0.236	0.136	2.05342821124625e-30	COPS4	c9
5.90191642103134e-32	0.158277806180422	0.282	0.173	1.97938472928549e-27	ELOA	c9
2.17112466522046e-28	0.158217306266745	0.193	0.114	7.28151790221638e-24	C1orf122	c9
2.26266263761135e-14	0.158180159522921	0.065	0.036	7.58851795402093e-10	TCEA2	c9
2.39712123845735e-07	0.15812687756521	0.024	0.012	0.00803946520953827	ZFP69	c9
2.46528185940128e-29	0.15811408175476	0.283	0.176	8.26806230006e-25	MRPS24	c9
2.14940183175842e-16	0.158023190705748	0.086	0.049	7.2086638633514e-12	COQ5	c9
2.13570245768507e-18	0.157956848758828	0.115	0.068	7.16271890258419e-14	TCF12	c9
1.06282881963548e-12	0.157801317893298	0.068	0.039	3.56451529529348e-08	METTL22	c9
7.1325409839542e-12	0.157632135578818	0.076	0.046	2.39211159519856e-07	CAMKK2	c9
1.19355325936823e-34	0.157632091195761	0.468	0.298	4.00293892126917e-30	MTCH2	c9
8.15809867035157e-15	0.15759220701266	0.11	0.068	2.73606313206251e-10	TMEM9	c9
1.61200627426384e-14	0.157587502161812	0.069	0.039	5.40634664262606e-10	GMPPA	c9
3.36963659957356e-21	0.157513534873594	0.115	0.065	1.13010872276498e-16	NSMCE2	c9
4.65729287185625e-24	0.157478804161233	0.394	0.279	1.56196288336315e-19	ZNF331	c9
7.72625691828428e-16	0.157230384249494	0.093	0.055	2.59123204525418e-11	PANX1	c9
3.18054859065297e-17	0.157032906467847	0.106	0.063	1.06669238633319e-12	CCDC141	c9
9.28882989039917e-20	0.156842090378601	0.135	0.081	3.11528776864207e-15	GPR107	c9
7.69313467293874e-28	0.156564590306099	0.175	0.101	2.5801235066102e-23	TNRC6A	c9
7.76106083045438e-23	0.156556211533732	0.131	0.075	2.60290458131779e-18	SACS	c9
4.22505915225043e-23	0.156477905881775	0.144	0.084	1.41700033848175e-18	IFFO2	c9
3.25763025646477e-35	0.156454627901919	0.273	0.162	1.09254403541316e-30	UAP1	c9
4.07818661635094e-28	0.156162427829728	0.592	0.406	1.36774222739178e-23	ANAPC11	c9
8.01496400713341e-10	0.156117341922998	0.059	0.036	2.6880586287124e-05	AGO4	c9
1.42923070805242e-16	0.155901291845175	0.099	0.058	4.79335394866621e-12	MARCH8	c9
3.48726228528196e-31	0.155863880740258	0.584	0.389	1.16955802523786e-26	TXNDC17	c9
1.06742431966441e-26	0.155803146707378	0.173	0.102	3.57992768329051e-22	MRPL39	c9
1.42243934917989e-14	0.155784184753011	0.069	0.039	4.77057708927953e-10	ZNF611	c9
1.87814116110463e-34	0.155742361987384	0.427	0.272	6.29890982611272e-30	DDRGK1	c9
1.19362266788644e-26	0.155693596828621	0.207	0.125	4.00317170355753e-22	PEX11B	c9
3.65997165037524e-32	0.155644698932288	0.398	0.255	1.22748129210285e-27	CLNS1A	c9
1.06392515802077e-27	0.155643164186437	0.67	0.481	3.56819219497007e-23	EIF3A	c9
4.48633328316147e-24	0.155643102193904	0.172	0.103	1.5046264565067e-19	EGLN2	c9
1.98551832779564e-36	0.155627374118425	0.981	0.928	6.65903136776101e-32	PABPC1	c9
2.29876199172494e-36	0.155579049132253	0.425	0.268	7.7095879678471e-32	ALKBH7	c9
7.43279691666743e-11	0.155423739262366	0.058	0.034	2.49281142991192e-06	TECPR1	c9
1.44444892111737e-37	0.155409477592614	0.442	0.276	4.84439279164343e-33	SLC52A2	c9
2.1233216797025e-30	0.155370929031685	0.425	0.278	7.12119624938623e-26	ZC3H7A	c9
1.92277801955887e-34	0.155338936116545	0.46	0.296	6.44861292199654e-30	SMARCB1	c9
3.51888488458163e-41	0.155220761155132	0.997	0.984	1.18016361259099e-36	RPL37A	c9
1.66766829674203e-23	0.155104172278007	0.132	0.075	5.59302593361341e-19	PRAF2	c9
4.84818365308175e-28	0.154990998166041	0.217	0.131	1.62598383357056e-23	KMT5B	c9
1.93290502570776e-27	0.154832484322731	0.199	0.119	6.4825768752187e-23	IPO5	c9
2.08854479628302e-33	0.154761185851858	0.567	0.382	7.00456153777398e-29	PBX4	c9
1.75606384281435e-30	0.154552021668401	0.566	0.382	5.88948691603075e-26	ANXA7	c9
1.11779224278216e-26	0.154323882887626	0.244	0.152	3.74885162384282e-22	FRYL	c9
1.7111395547668e-34	0.154235581803183	0.286	0.172	5.73881983877688e-30	EFTUD2	c9
1.38927194224202e-30	0.154175989371046	0.235	0.141	4.65934023989128e-26	PUM3	c9
4.09293154362052e-27	0.154110315553429	0.225	0.138	1.37268738109945e-22	BCAP29	c9
1.96910258777812e-31	0.154023716689879	0.597	0.404	6.60397625889025e-27	DPP7	c9
1.22400959299034e-20	0.15398661723536	0.177	0.112	4.10508337297099e-16	REC8	c9
4.3328831410722e-30	0.153967341652797	0.563	0.378	1.4531623478528e-25	ILK	c9
5.79002680475025e-21	0.153946483801805	0.104	0.058	1.94185918977714e-16	PDF	c9
4.19653260745533e-34	0.15383978830082	0.275	0.165	1.40743310588837e-29	EBNA1BP2	c9
7.34467521144534e-19	0.153835602639639	0.122	0.073	2.46325717241454e-14	MIEF1	c9
6.27583320117458e-33	0.153772006034134	0.303	0.186	2.10478893900993e-28	MRPL13	c9
1.29390958839142e-10	0.15361983811612	0.057	0.033	4.33951397754715e-06	SERAC1	c9
5.14546220058464e-24	0.153493989767552	0.857	0.698	1.72568511283208e-19	SLC25A5	c9
5.38179189995697e-36	0.153330894228103	0.292	0.175	1.80494536740757e-31	DDX56	c9
6.83116847988018e-22	0.153018441322459	0.156	0.094	2.29103728478221e-17	SARDH	c9
6.73540421269666e-24	0.153015082403324	0.205	0.127	2.25891986485421e-19	WDR5	c9
4.93093659344634e-21	0.152989729163302	0.415	0.292	1.65373751471003e-16	IKZF1	c9
1.5194232863775e-18	0.152973648767599	0.089	0.049	5.09584181785285e-14	TERF2	c9
3.87720642139623e-08	0.152834871077272	0.04	0.023	0.00130033748960787	DNAJC25-GNG10	c9
5.89535810612197e-21	0.152780529913774	0.924	0.807	1.97718520163119e-16	COX6A1	c9
3.92046353662008e-12	0.15276823404478	0.057	0.032	1.31484506091164e-07	ZNF316	c9
8.64316655253271e-34	0.15247726964287	0.3	0.183	2.89874519838842e-29	AP3D1	c9
1.32113009957177e-29	0.152320251887856	0.179	0.102	4.43080612794381e-25	RPUSD1	c9
1.63066443952979e-21	0.152082273430845	0.126	0.073	5.46892239729501e-17	BRAT1	c9
6.80449609107695e-27	0.152028563164059	0.662	0.462	2.28209189902539e-22	EIF1B	c9
2.74444980365659e-31	0.152022403251075	0.289	0.179	9.20433575150346e-27	TMEM263	c9
1.68336173559363e-29	0.151996728932756	0.179	0.103	5.64565858883391e-25	CCDC127	c9
1.68241465600569e-35	0.151902304479057	0.298	0.179	5.64248227331189e-31	C12orf10	c9
3.9533899688877e-31	0.151891495050457	0.411	0.271	1.32588792776556e-26	ZEB1	c9
1.25879207886137e-34	0.151783738958314	0.485	0.311	4.22173687408527e-30	METTL26	c9
5.32673781722955e-28	0.151751362324168	0.468	0.312	1.78648132914245e-23	EIF2S1	c9
7.05042007972636e-37	0.151665557603494	0.369	0.226	2.36456988633863e-32	PSME3	c9
1.58972404837007e-30	0.151655777882196	0.589	0.406	5.33161651342356e-26	DDX3X	c9
1.02218980355115e-32	0.15162945002799	0.252	0.15	3.42822016314983e-28	MRPL44	c9
4.70128314295268e-11	0.151617046048518	0.068	0.041	1.57671634048347e-06	TMEM209	c9
1.10813755067904e-06	0.151520879427093	0.043	0.027	0.0371647171746735	C2orf42	c9
2.16619302098493e-33	0.151495863242656	0.439	0.281	7.26497815377925e-29	NDUFV1	c9
3.70255490984037e-08	0.151196968499175	0.024	0.012	0.00124176286566226	GGPS1	c9
3.24288683259405e-21	0.151135494019437	0.103	0.057	1.08759938591539e-16	MTMR12	c9
2.05645197618205e-32	0.151010419441706	0.352	0.221	6.89692863771936e-28	MRPS18B	c9
7.8253606970481e-26	0.150988493226895	0.185	0.111	2.62446947057599e-21	DCPS	c9
6.54164988274273e-60	0.150517963456329	1	0.999	2.19393853767426e-55	RPL18A	c9
1.23398458063489e-22	0.150482501590784	0.791	0.588	4.13853748653329e-18	UQCR11	c9
3.29961005330406e-08	0.150281580405974	0.042	0.025	0.00110662321967712	TRMT12	c9
1.12280395754325e-33	0.150270171822004	0.315	0.194	3.76565991280856e-29	PDHA1	c9
3.24618887210148e-27	0.150061248390262	0.736	0.526	1.08870682392539e-22	PRELID1	c9
1.16613085049203e-14	0.150027089527023	0.094	0.057	3.91096964638017e-10	CEP78	c9
7.10516277979835e-22	0.149975048619191	0.146	0.087	2.38292949308877e-17	RABEP2	c9
7.2231150900953e-27	0.149961418153698	0.688	0.487	2.42248833891616e-22	P4HB	c9
1.14256416664852e-16	0.149753485867202	0.106	0.064	3.83193170210579e-12	CDKN2AIPNL	c9
1.76432287306658e-22	0.149719020685513	0.631	0.461	5.91718605169069e-18	JAML	c9
2.45734710206781e-23	0.149638572998619	0.613	0.443	8.24145071091503e-19	USP11	c9
2.7387108063599e-24	0.149360447907343	0.139	0.079	9.18508830236984e-20	CHMP6	c9
6.55275446897194e-15	0.149250399135329	0.068	0.037	2.19766279380381e-10	SUFU	c9
5.82677361289396e-27	0.149230171634463	0.285	0.182	1.95418333429238e-22	SPEN	c9
1.18129920462124e-26	0.149181424186648	0.209	0.127	3.96184127245871e-22	RHBDF2	c9
8.71088529786741e-31	0.149054250001105	0.346	0.221	2.92145671119877e-26	SLC25A46	c9
4.88681332019907e-20	0.148798429186748	0.165	0.103	1.63893945132836e-15	ARNT	c9
1.27443336969356e-54	0.148738908270043	1	0.998	4.27419463527825e-50	RPS24	c9
8.62794581167208e-16	0.148648077920071	0.073	0.04	2.89364046631858e-11	DDX28	c9
6.91259275016158e-17	0.148410334806846	0.088	0.05	2.31834535654919e-12	TTI2	c9
1.17514782363344e-28	0.148342439894703	0.322	0.206	3.94121077090183e-24	E2F4	c9
1.15482179693934e-32	0.148184418713928	0.505	0.334	3.87304134257515e-28	AHSA1	c9
1.82285282977999e-17	0.148089598457244	0.43	0.312	6.11348382051612e-13	SH2D1A	c9
2.38393649126393e-22	0.147984577669293	0.764	0.57	7.99524620440098e-18	VDAC2	c9
6.88295559587993e-29	0.147622703804473	0.275	0.172	2.30840564774621e-24	DESI2	c9
4.65053645070122e-38	0.147611559319633	0.395	0.243	1.55969691483617e-33	NOB1	c9
2.15905383785518e-11	0.147409396258057	0.071	0.043	7.24103476139871e-07	DUS1L	c9
4.66763761397058e-12	0.147301340724012	0.063	0.037	1.56543230297345e-07	TCTA	c9
3.33073640361843e-21	0.147233621333566	0.145	0.087	1.11706237504555e-16	CRYZL1	c9
5.09817895153025e-34	0.147002064766814	0.298	0.182	1.70982725676422e-29	CSNK2A1	c9
9.83012971851736e-25	0.146855342325427	0.715	0.507	3.29682890499635e-20	STRAP	c9
2.3316827475628e-08	0.146654185715704	0.05	0.031	0.000781999759877613	TAF1C	c9
6.98308385649958e-10	0.146478734300274	0.047	0.026	2.34198666379283e-05	RNF170	c9
2.17083431613749e-26	0.146142924476471	0.166	0.096	7.28054412946192e-22	AP3M1	c9
2.92350894910996e-32	0.146085052403783	0.571	0.38	9.80486431352498e-28	COPB1	c9
1.49951938685691e-34	0.145959716101351	0.992	0.957	5.0290881196407e-30	RPL27	c9
9.47791199871154e-21	0.14595761272689	0.631	0.464	3.17870212612787e-16	RPL22L1	c9
1.12756234119372e-20	0.145937748282055	0.12	0.07	3.78161857989551e-16	UTP14A	c9
1.93637108144717e-34	0.145806660811933	0.322	0.197	6.4942013329575e-30	LAMTOR2	c9
1.22240852389677e-09	0.145596295062806	0.039	0.021	4.099713707445e-05	FLYWCH1	c9
7.6552628050286e-30	0.145503609207315	0.539	0.358	2.56742203955049e-25	SMIM12	c9
1.13714261392879e-14	0.145382553320787	0.06	0.032	3.81374889859437e-10	FIG4	c9
4.99770258973678e-14	0.145375983897443	0.076	0.044	1.67612949454592e-09	PIGQ	c9
2.59501178536371e-27	0.14526708448842	0.58	0.405	8.70315052575281e-23	ABRACL	c9
1.47039543036764e-20	0.145000395091009	0.857	0.694	4.93141219436698e-16	POLR2L	c9
2.07925757318594e-07	0.144903181039702	0.052	0.033	0.00697341404895101	ITGB3BP	c9
2.6777477831711e-08	0.1448850543978	0.048	0.029	0.000898063051519923	TMEM260	c9
4.51801022703514e-30	0.144718226752101	0.172	0.097	1.51525026994304e-25	BEX4	c9
1.21471038391621e-15	0.14448681733578	0.083	0.048	4.07389568557817e-11	MTM1	c9
1.854677098257e-15	0.144384032016832	0.083	0.047	6.22021605213433e-11	CLCN7	c9
3.42778108199095e-23	0.144371541898882	0.191	0.118	1.14960921927813e-18	NDUFS4	c9
7.30736879788313e-15	0.143889450895697	0.088	0.052	2.45074534743404e-10	MKKS	c9
4.22627838957394e-16	0.143759154656698	0.105	0.064	1.41740924629531e-11	WRAP53	c9
6.53155432386829e-14	0.143674520110931	0.073	0.042	2.19055268913895e-09	VPS41	c9
4.72908287149258e-29	0.143651312463225	0.531	0.352	1.58603981344118e-24	METTL9	c9
6.94861357571593e-31	0.143611029570419	0.339	0.215	2.33042602102361e-26	RCAN3	c9
1.75473578668901e-09	0.143508537627017	0.044	0.025	5.88503288139762e-05	C1orf112	c9
1.19050490872023e-30	0.14315351237419	0.262	0.16	3.9927153628659e-26	NSUN5	c9
1.18280712474276e-32	0.143113381866737	0.264	0.159	3.96689853496226e-28	GNPTG	c9
2.5797496796049e-33	0.143007868247358	0.37	0.233	8.65196447545891e-29	MARCH6	c9
1.68685270515611e-19	0.142879930461527	0.103	0.059	5.65736660255255e-15	NFIC	c9
6.36282331923626e-13	0.142753721968532	0.075	0.044	2.13396368480546e-08	NBPF11	c9
2.94201568607065e-32	0.14227666892665	0.337	0.21	9.86693220794374e-28	EMC8	c9
1.23200294368689e-15	0.142168307890358	0.086	0.05	4.13189147253711e-11	PCGF3	c9
2.77518230109011e-24	0.142049930423011	0.177	0.107	9.30740640139601e-20	PPP4R1	c9
4.1284510793191e-14	0.142023885564069	0.086	0.051	1.38459992298204e-09	BNIP1	c9
4.77683571098075e-27	0.142016131642958	0.206	0.124	1.60205516074872e-22	IDH3A	c9
8.47026249264571e-24	0.14200092863789	0.677	0.48	2.84075663478352e-19	UBE2N	c9
5.87735443740325e-11	0.141975540930472	0.053	0.03	1.9711471312163e-06	BCL6	c9
6.85416620849298e-24	0.141935283014043	0.412	0.29	2.29875026300438e-19	RORA	c9
7.93700515736516e-35	0.141689141821516	0.296	0.178	2.66191278967713e-30	POLDIP2	c9
1.59334188355776e-16	0.141680609132009	0.101	0.059	5.343750009076e-12	ZNF260	c9
1.72000709338926e-24	0.141621704845959	0.959	0.858	5.76855978980889e-20	HINT1	c9
1.61260304120085e-07	0.14154101640548	0.041	0.025	0.00540834807957942	ABCB10	c9
8.14387261742022e-25	0.141414718945257	0.135	0.076	2.73129199843039e-20	MCAT	c9
1.64909612516005e-26	0.141374513161441	0.626	0.44	5.53073858456176e-22	PRKAR1A	c9
2.74606221500896e-21	0.141352034552825	0.138	0.082	9.20974345669705e-17	PPIL3	c9
1.7468292883743e-31	0.141253903206684	0.414	0.269	5.85851606734973e-27	IFI27L2	c9
3.89584800471181e-11	0.141105970693655	0.057	0.033	1.30658950382025e-06	KCTD2	c9
1.32959703526361e-18	0.14100309417875	0.126	0.076	4.4592025368671e-14	NAT10	c9
4.27527961233545e-21	0.140805841070905	0.153	0.093	1.43384327638506e-16	RAB28	c9
1.89820844882806e-08	0.140664212978735	0.038	0.021	0.000636621149567954	MAPKBP1	c9
2.89940757188453e-37	0.140528819801793	0.382	0.235	9.72403311458634e-33	CIAO1	c9
1.56828704917457e-25	0.140484471877797	0.147	0.084	5.25972110552169e-21	PHF13	c9
1.80267638609784e-31	0.140396168013842	0.372	0.237	6.04581606369493e-27	RAB22A	c9
1.6292723986667e-24	0.140363258094234	0.688	0.495	5.46425377064838e-20	EIF4B	c9
1.71110202585718e-14	0.140232341548423	0.099	0.06	5.73869397431981e-10	PITPNA-AS1	c9
2.79681745465405e-07	0.140232142090189	0.032	0.018	0.00937996637941877	WDR24	c9
4.31479676757741e-26	0.140181369944306	0.213	0.131	1.44709653991011e-21	TESPA1	c9
4.14737425129923e-15	0.140113300005587	0.081	0.047	1.39094637640073e-10	DCAF17	c9
1.00222058192094e-21	0.140062624630677	0.151	0.09	3.36124738764644e-17	ZNF664	c9
9.67672707055333e-25	0.139966548290517	0.162	0.095	3.24538072492217e-20	CRTC3	c9
2.25284323863632e-19	0.139872796566003	0.119	0.07	7.55558565373848e-15	SRF	c9
5.90678856514603e-33	0.139872632131408	0.256	0.153	1.98101874897867e-28	CHCHD5	c9
5.80088306121535e-11	0.139776875525836	0.067	0.04	1.9455001610704e-06	CHKB	c9
9.46006811446015e-18	0.139738433177526	0.864	0.699	3.17271764422764e-13	ATP5MC3	c9
1.34338566146786e-13	0.139728850282571	0.659	0.515	4.50544683143092e-09	TNFRSF1B	c9
3.57848145118945e-27	0.1396910524093	0.254	0.158	1.20015110909992e-22	MAD2L2	c9
3.90181485584662e-28	0.139606854684423	0.609	0.408	1.30859066635384e-23	NDUFS6	c9
5.68274733551854e-24	0.139506548011881	0.153	0.09	1.90587980138621e-19	CSTF2	c9
2.65121765088378e-38	0.139429909677875	0.289	0.169	8.89165375753403e-34	COMMD5	c9
4.37519414109958e-12	0.13912447099503	0.055	0.031	1.46735261104198e-07	XPNPEP3	c9
6.84794912375933e-15	0.139011199572924	0.106	0.066	2.2966651771264e-10	MTHFD1	c9
3.27056939077726e-15	0.138832421812284	0.099	0.06	1.09688356227888e-10	TESK1	c9
3.09122462639684e-23	0.138747789102732	0.633	0.443	1.03673491520097e-18	AP2M1	c9
2.14810849801827e-30	0.138653205871414	0.506	0.337	7.20432628065367e-26	EIF4A1	c9
8.02514803998562e-29	0.138519131365134	0.292	0.184	2.69147414965038e-24	ZMYM2	c9
2.31207384172567e-32	0.138358274165217	0.443	0.286	7.75423325037956e-28	FXR1	c9
4.49390711119149e-21	0.138357736306323	0.698	0.508	1.5071665669514e-16	TMEM258	c9
1.55720208337547e-25	0.138299352319906	0.264	0.169	5.22254434722465e-21	HIST1H2BK	c9
1.84650827065834e-14	0.138148869602871	0.151	0.101	6.19281943813393e-10	OAS1	c9
8.27326431798873e-09	0.138082821507583	0.055	0.034	0.000277468738696706	C19orf47	c9
4.67407181912837e-35	0.138080040881861	0.303	0.183	1.56759020669927e-30	ESD	c9
4.90811112127424e-28	0.137945659075336	0.237	0.145	1.64608230785295e-23	IFT57	c9
8.46319392682315e-35	0.137934110557362	0.397	0.248	2.83838597917795e-30	MKRN1	c9
1.80005332751077e-08	0.13775717878505	0.044	0.026	0.000603701884980562	FCGRT	c9
3.77972602681367e-31	0.137677163974204	0.223	0.132	1.26764451487277e-26	DPP9	c9
4.90315424765967e-08	0.137663643077786	0.042	0.025	0.0016444198715801	ZNF286A	c9
1.00660052058603e-20	0.137649486566679	0.123	0.071	3.37593682594143e-16	FLYWCH2	c9
1.37748301668272e-11	0.13759448783973	0.043	0.023	4.61980254135052e-07	C10orf88	c9
2.88638929002828e-20	0.137462569881956	0.264	0.186	9.68037240089684e-16	GNLY	c9
1.44464160045132e-14	0.137263574702028	0.875	0.736	4.84503899959364e-10	RAP1B	c9
8.22448554458432e-15	0.137240409623236	0.129	0.083	2.75832796194269e-10	CEP89	c9
1.00497145680967e-26	0.137229737038285	0.221	0.135	3.37047327184828e-22	BLMH	c9
3.45539989891851e-11	0.13718219954223	0.05	0.028	1.15887201809929e-06	TARS2	c9
1.32969414157815e-09	0.137163501037853	0.057	0.035	4.45952821202481e-05	FAAP100	c9
1.33043018530414e-21	0.136616224811536	0.683	0.493	4.46199675547303e-17	UXT	c9
1.25719421666556e-21	0.136603830735007	0.671	0.477	4.21637796385296e-17	CLTA	c9
1.71134603093262e-17	0.136466926827892	0.115	0.069	5.73951231854181e-13	MTOR	c9
1.94995184578664e-22	0.136466469538989	0.73	0.535	6.53974850039923e-18	CCT2	c9
6.53801007293665e-31	0.136406726382613	0.262	0.159	2.19271781826149e-26	DCAF13	c9
4.40967008891897e-21	0.136393350774235	0.097	0.053	1.47891515442164e-16	FASN	c9
3.43637316654547e-08	0.136381930232951	0.051	0.032	0.00115249083259602	SS18L1	c9
4.460239719148e-31	0.136058577605168	0.322	0.203	1.49587519700786e-26	YAF2	c9
7.60764847833674e-18	0.135991708603601	0.111	0.066	2.55145314666457e-13	COG2	c9
1.27473976502401e-13	0.135929817658787	0.091	0.055	4.27522222393754e-09	CRACR2A	c9
1.11885941218617e-32	0.135607425999436	0.289	0.176	3.75243069658998e-28	MCRS1	c9
2.03762859317126e-33	0.135495565339814	0.351	0.219	6.83379877577777e-29	PTPRA	c9
6.6736785271471e-22	0.135458338364596	0.193	0.121	2.23821830443459e-17	ACSL1	c9
1.26238103675876e-26	0.135395253396928	0.224	0.138	4.23377352108154e-22	GGA1	c9
1.29238341299758e-24	0.13533461939591	0.179	0.107	4.3343954905113e-20	ZNF277	c9
5.91969578948445e-08	0.135219227577023	0.043	0.025	0.0019853475738773	RBM45	c9
2.86928304417197e-20	0.135111289840847	0.152	0.093	9.62300147354394e-16	PMM2	c9
9.21661394106799e-20	0.135056841654593	0.107	0.061	3.09106798355538e-15	ALKBH6	c9
3.57349111048329e-21	0.134986533049827	0.125	0.072	1.19847744863389e-16	FAM98A	c9
3.60526533007723e-25	0.134963456807666	0.181	0.109	1.2091338864013e-20	WDR61	c9
8.54789410242952e-25	0.134850226862432	0.545	0.377	2.86679272407281e-20	SERPINB1	c9
1.41917281447247e-21	0.134818119297551	0.141	0.083	4.75962178517776e-17	DTD1	c9
1.68165734481365e-10	0.134715567276726	0.049	0.028	5.63994240303602e-06	AL355472.1	c9
4.03663674662115e-19	0.134658349985114	0.134	0.081	1.3538072320818e-14	C2orf69	c9
6.08997452037056e-27	0.134531288183788	0.167	0.096	2.04245565464188e-22	ZC3H14	c9
3.9651721360319e-28	0.13452690014182	0.225	0.136	1.32983943098238e-23	STT3A	c9
2.69925308531996e-29	0.134445874315104	0.251	0.153	9.05275499754609e-25	EXOC5	c9
6.03935729752094e-09	0.134332532151041	0.034	0.018	0.000202547965044257	SMIM8	c9
1.09124505057855e-20	0.134300566246546	0.145	0.088	3.65981765063034e-16	PEX3	c9
6.8140603267755e-12	0.134290095599065	0.069	0.041	2.28529955239397e-07	DNAJC16	c9
5.79723207505054e-30	0.134223398231489	0.277	0.171	1.94427569333045e-25	TSTA3	c9
3.25344175752042e-29	0.134194294571581	0.37	0.24	1.0911392966372e-24	KIF3A	c9
1.04978178577654e-24	0.134169864486773	0.199	0.122	3.52075815313737e-20	LARP4	c9
3.98062806283699e-13	0.1339990825091	0.067	0.039	1.33502303971427e-08	CPEB4	c9
2.1599436469804e-08	0.133902036514992	0.052	0.032	0.000724401900324286	POLA2	c9
1.52968366882712e-28	0.133883007716968	0.214	0.128	5.13025308851239e-24	DUSP18	c9
1.20966054501926e-14	0.133715600420488	0.081	0.047	4.05695953588558e-10	ZNF212	c9
2.53735987619359e-21	0.1335831509914	0.637	0.454	8.50979755277805e-17	SEPT2	c9
6.79105286299176e-24	0.133286881321576	0.154	0.09	2.27758330919018e-19	WARS2	c9
1.56629317145047e-25	0.133212322036597	0.179	0.107	5.2530340384106e-21	PIP5K1A	c9
2.70589745678945e-26	0.133149428982393	0.394	0.263	9.07503889058047e-22	TNFRSF14	c9
3.3341340455793e-13	0.133140057538692	0.063	0.036	1.11820187620639e-08	PPP1R16A	c9
3.41707896648194e-10	0.13308467530809	0.049	0.028	1.14601994377871e-05	GALNT7	c9
1.37352282630036e-25	0.132940807260306	0.188	0.113	4.60652085484615e-21	NSMCE4A	c9
3.29045880039507e-24	0.132921329659188	0.178	0.107	1.1035540724765e-19	STX2	c9
5.1203381003419e-23	0.132889119489989	0.149	0.088	1.71725899209267e-18	PACS1	c9
7.79750863289883e-26	0.13275603141742	0.159	0.092	2.61512844530161e-21	GSS	c9
4.62468106850659e-17	0.132586822088387	0.132	0.082	1.55102553675574e-12	ISY1	c9
1.47600278490299e-10	0.132498016267188	0.052	0.03	4.95021814000766e-06	SMN2	c9
1.84238269250401e-26	0.132446066612829	0.223	0.137	6.17898307411994e-22	GART	c9
3.76175152141387e-11	0.132429487709986	0.064	0.038	1.26161622525178e-06	ACADS	c9
4.62866879525999e-25	0.132413803771209	0.602	0.419	1.55236294055429e-20	TMED10	c9
9.56642381335768e-33	0.132372513548075	0.401	0.256	3.2083872185239e-28	PPM1B	c9
1.70515312087861e-15	0.132289255231676	0.082	0.047	5.71874253680268e-11	SLC35D2	c9
1.59657688669829e-17	0.131912473703148	0.824	0.665	5.35459956260872e-13	GNG5	c9
8.33206580477381e-21	0.131758426636397	0.15	0.091	2.79440822960504e-16	TMED1	c9
6.66804315223314e-28	0.131702497633079	0.198	0.117	2.23632831239595e-23	FBXW7	c9
9.59947364133658e-08	0.131698060610886	0.037	0.022	0.00321947146983146	ZNF691	c9
1.80062015580433e-22	0.13165429645064	0.162	0.098	6.03891987853657e-18	PPFIA1	c9
2.00533231800667e-29	0.131607395754605	0.363	0.234	6.72548352813076e-25	DNAJC3	c9
3.02077610640155e-27	0.131573190936545	0.257	0.161	1.01310789056495e-22	DHX16	c9
4.46909360854552e-31	0.131560485449427	0.308	0.191	1.498844614434e-26	PATL1	c9
1.91479230411333e-24	0.131496576824147	0.19	0.115	6.4218304295353e-20	RAPGEF6	c9
4.26839146101586e-24	0.131467155121427	0.175	0.106	1.4315331281955e-19	SMARCAD1	c9
1.84186968923593e-10	0.131049923476027	0.057	0.033	6.17726256375947e-06	PAXIP1	c9
7.6946489552688e-33	0.131021951992208	0.39	0.246	2.58063136661805e-28	ATP6V1E1	c9
4.90758409973808e-10	0.13097975409696	0.061	0.037	1.64590555537016e-05	PPOX	c9
2.01794985452938e-33	0.130966632410733	0.431	0.275	6.76780022212062e-29	FBRS	c9
6.31794707281378e-21	0.130918326830373	0.102	0.057	2.11891308928029e-16	MEN1	c9
1.73683661649856e-28	0.130820810301638	0.425	0.281	5.82500264441287e-24	CAPRIN1	c9
5.3078003616509e-25	0.130688215745824	0.223	0.139	1.78013008529048e-20	PRR5L	c9
8.05231999355551e-15	0.130593526871298	0.099	0.06	2.70058707943865e-10	LYRM1	c9
4.94853997145625e-28	0.130570349812592	0.483	0.322	1.659641335627e-23	SNRNP70	c9
9.94186976879381e-07	0.130479717610858	0.037	0.023	0.0333430428305807	HIST1H4H	c9
2.48844011230772e-25	0.130456073963579	0.183	0.109	8.34573044865762e-21	DCTN5	c9
1.84188991982175e-31	0.13038377534675	0.379	0.24	6.17733041309819e-27	SNRNP40	c9
4.94194989188818e-31	0.130370172500581	0.255	0.153	1.65743115474146e-26	MTX1	c9
1.51050319078454e-07	0.130350877140373	0.03	0.017	0.00506592560125319	CCHCR1	c9
8.75970922520833e-29	0.130173455810135	0.425	0.278	2.93783127995037e-24	PITPNB	c9
1.5082550610986e-24	0.130155565745027	0.261	0.168	5.05838582391249e-20	CSGALNACT2	c9
4.50886686889034e-16	0.130126338239876	0.117	0.072	1.51218377048844e-11	AP1S1	c9
1.75157974597445e-19	0.130114077346633	0.156	0.096	5.8744481520491e-15	JPT2	c9
2.47716745935583e-19	0.130012889648958	0.922	0.802	8.30792422518759e-15	RPL23	c9
2.95930936267814e-22	0.129978209062289	0.671	0.482	9.92493174054994e-18	PRDX5	c9
1.79399007907364e-24	0.12989738497033	0.172	0.102	6.01668392719718e-20	CINP	c9
2.32347117157798e-14	0.129753420461518	0.076	0.044	7.79245761523824e-10	HADH	c9
1.87357733016134e-25	0.129675554706512	0.474	0.32	6.28360364989511e-21	HM13	c9
1.49291891199034e-25	0.129567862282903	0.203	0.124	5.00695144703319e-21	RAB3GAP1	c9
2.29893032707344e-15	0.129110158564341	0.086	0.05	7.71015253093889e-11	TBCCD1	c9
1.02094692968384e-31	0.129064316499083	0.4	0.256	3.42405181277367e-27	UBE2J2	c9
1.02415065020299e-25	0.128922913653233	0.587	0.407	3.4347964506508e-21	ARPC1B	c9
1.14157388617714e-29	0.128912157650619	0.462	0.304	3.8286104994609e-25	SECISBP2L	c9
3.45591407611114e-11	0.128765080952779	0.063	0.038	1.15904446284615e-06	PLA2G15	c9
3.98028080483946e-08	0.128752289896855	0.04	0.024	0.00133490657632706	DPH5	c9
1.13201843126587e-10	0.128549277355073	0.057	0.034	3.79656341477949e-06	SH3TC1	c9
1.88481436285938e-19	0.128364008337482	0.829	0.652	6.32129041015779e-15	PDIA3	c9
1.07572596265979e-24	0.128363089037033	0.224	0.14	3.60776973356841e-20	MAP2K7	c9
1.07071767975352e-15	0.128352772930406	0.082	0.046	3.59097295435734e-11	SMG8	c9
2.79410010044811e-11	0.128311600365548	0.762	0.684	9.37085291688287e-07	ALOX5AP	c9
1.89450213344088e-19	0.128288177220171	0.977	0.931	6.35378125513401e-15	MT-ATP8	c9
3.74967820284603e-29	0.128159798416175	0.213	0.127	1.2575670756705e-24	ADAM10	c9
1.51771704165974e-22	0.12812844248372	0.138	0.08	5.09011941431843e-18	CCDC92	c9
2.89260289518445e-26	0.12800425518408	0.322	0.211	9.70121158986962e-22	TICAM1	c9
7.49456787328539e-25	0.12797472500377	0.644	0.449	2.51352817334246e-20	CCT7	c9
2.33334121298218e-26	0.127969447692007	0.284	0.182	7.82555976009963e-22	AKR1B1	c9
2.81976851032589e-30	0.127872836765067	0.402	0.261	9.45693962993098e-26	RBBP6	c9
5.21822116119768e-13	0.12782796447865	0.087	0.053	1.75008701304248e-08	AGPAT3	c9
5.42523551470017e-12	0.127706571758799	0.066	0.039	1.81951548692014e-07	RPTOR	c9
4.21563279039444e-07	0.12766397323418	0.04	0.025	0.0141383892524249	ALG9	c9
4.39363368526347e-13	0.127641307914586	0.075	0.044	1.47353686536366e-08	TOM1L2	c9
1.29220640405678e-26	0.127625040741086	0.283	0.181	4.33380183792561e-22	ITGB7	c9
8.39641302808865e-15	0.127527008412898	0.075	0.042	2.81598900136037e-10	C11orf54	c9
1.66716877861635e-15	0.127476726984596	0.845	0.693	5.59135064972353e-11	COX5B	c9
1.01794210206154e-26	0.127451761557561	0.198	0.119	3.41397422189399e-22	COMT	c9
1.29079942442753e-24	0.127255378766984	0.162	0.096	4.32908310964504e-20	LTBP3	c9
1.47691236484205e-14	0.127255251932332	0.068	0.038	4.95326868920728e-10	ATAT1	c9
5.3766136431118e-32	0.127212910351499	0.298	0.184	1.80320868362684e-27	TAOK3	c9
3.87475818778903e-11	0.127196239493501	0.056	0.032	1.29951640102068e-06	ARMC5	c9
1.70723579168071e-12	0.127113853933274	0.071	0.042	5.72572739813876e-08	FUNDC1	c9
4.7886723161681e-08	0.127110103804736	0.038	0.022	0.00160602492139646	AL669831.5	c9
4.52019913935747e-28	0.12701562375915	0.273	0.17	1.51598438735771e-23	SS18	c9
4.86948277622022e-27	0.126861945725875	0.213	0.129	1.63312713348874e-22	GOPC	c9
3.44686635049676e-12	0.126825399766393	0.069	0.041	1.1560100366296e-07	MIGA2	c9
6.88933751466663e-25	0.126723583211101	0.646	0.456	2.31054601566889e-20	ROCK1	c9
2.30826334219386e-07	0.126707157358832	0.037	0.022	0.00774145359704977	DCLRE1B	c9
1.22021538289571e-09	0.126347822278428	0.068	0.042	4.09235835115563e-05	CORO2A	c9
6.08509593941929e-18	0.126278248010281	0.138	0.086	2.04081947616244e-13	MDP1	c9
6.20436882997883e-12	0.126213273474838	0.065	0.038	2.0808212181983e-07	UTP15	c9
1.12539085777287e-26	0.126212289852765	0.282	0.178	3.77433585879866e-22	ZGPAT	c9
2.95046033376616e-19	0.12621197492558	0.147	0.091	9.89525386738494e-15	PAK1IP1	c9
4.17770917660164e-18	0.126194424700289	0.131	0.08	1.40112010364866e-13	R3HDM1	c9
6.27582031571391e-17	0.126110524101611	0.108	0.064	2.10478461748413e-12	ZNF749	c9
6.14500469025145e-17	0.126096669463931	0.123	0.076	2.06091167301653e-12	PEX19	c9
2.37384737940223e-16	0.126015205952108	0.117	0.071	7.96140934103921e-12	PRR14L	c9
1.40433772983213e-25	0.126000316238925	0.309	0.202	4.70986787831101e-21	ST8SIA4	c9
1.49203013397484e-29	0.12596299280729	0.989	0.943	5.0039706633248e-25	COX4I1	c9
2.87077412983782e-15	0.125642418109257	0.116	0.072	9.62800227665009e-11	SLC17A5	c9
5.64290552120607e-20	0.125596966444369	0.13	0.077	1.89251765370209e-15	ZCCHC2	c9
6.00545727909622e-21	0.125493791540266	0.158	0.096	2.01411026226329e-16	PPP5C	c9
1.83804112636922e-22	0.125358864719585	0.159	0.096	6.16442232961709e-18	DENND1C	c9
1.01161414887704e-14	0.125194595888228	0.107	0.066	3.39275153250383e-10	SUGP2	c9
2.74120617670885e-29	0.125109070869088	0.347	0.222	9.19345727544615e-25	HTATSF1	c9
1.85991301064828e-31	0.125090963985885	0.275	0.167	6.23777625511219e-27	SNAP23	c9
5.52705165449256e-07	0.124853177518761	0.045	0.028	0.0185366258388372	EMG1	c9
3.40971600710208e-31	0.124852185671825	0.338	0.212	1.1435505544619e-26	JAGN1	c9
1.24238502539502e-22	0.124746145224984	0.687	0.488	4.16671089816981e-18	ATP5F1C	c9
2.11843522927264e-29	0.124662264619483	0.294	0.185	7.10480807193459e-25	TMEM219	c9
1.98249499583047e-15	0.124629068989544	0.079	0.045	6.64889171701623e-11	POLR2J3.1	c9
1.32819384555557e-29	0.12460634102009	0.371	0.238	4.45449651922428e-25	TFG	c9
2.26018616112014e-18	0.124547822181454	0.118	0.07	7.58021234716472e-14	NIPA1	c9
4.64232595522027e-29	0.124312406965175	0.21	0.125	1.55694327886177e-24	OTUD5	c9
1.84386063583161e-25	0.124301772738469	0.169	0.099	6.18393980045206e-21	SPATA2L	c9
3.20956589492405e-25	0.124179530908231	0.985	0.938	1.07642420983963e-20	PCBP2	c9
2.16277761252746e-12	0.123901648629654	0.07	0.041	7.25352355689458e-08	FECH	c9
1.3829118013482e-18	0.123891275460233	0.844	0.669	4.63800959936158e-14	PSMB1	c9
1.84479215726875e-26	0.123869622784701	0.311	0.201	6.18706393704794e-22	ZNF638	c9
2.24283235792514e-26	0.12375822149038	0.437	0.292	7.52201116200934e-22	TMEM208	c9
4.49472063432395e-24	0.123641390947368	0.175	0.106	1.50743940633957e-19	MRPL40	c9
3.4401059221131e-26	0.123441816979375	0.25	0.157	1.15374272415829e-21	TPD52L2	c9
7.31802037276746e-31	0.123352116084509	0.354	0.224	2.45431767261875e-26	SSRP1	c9
1.45091442410067e-30	0.123174047333551	0.389	0.249	4.86607679554883e-26	DAP3	c9
1.21627842836375e-29	0.123014623744356	0.222	0.133	4.07915459304636e-25	ARL8A	c9
9.56507986967139e-46	0.122962944034251	1	0.998	3.20793648669039e-41	RPL18	c9
5.8862453265267e-22	0.122907192751714	0.178	0.11	1.97412895761052e-17	JPX	c9
1.29787635838644e-21	0.122873206390284	0.135	0.079	4.35281773075643e-17	UBE2M	c9
2.51897402634256e-09	0.122761922432654	0.06	0.037	8.44813508954768e-05	DHX37	c9
2.82243029502211e-18	0.122733976977987	0.676	0.5	9.46586672344517e-14	ANXA11	c9
1.17282206036734e-10	0.122729560150343	0.056	0.033	3.93341062605999e-06	ENDOG	c9
1.85861100177758e-13	0.122429266817449	0.076	0.045	6.23340957776165e-09	MAK16	c9
5.30609611997583e-17	0.122223311042801	0.108	0.064	1.77955851671749e-12	RNF185	c9
1.48353529557089e-24	0.122144109232679	0.441	0.302	4.97548067428564e-20	ZNF292	c9
8.78921511316195e-52	0.122142734272935	1	0.999	2.94772696465225e-47	RPL32	c9
1.56851872622709e-11	0.12167701238721	0.075	0.046	5.26049810402041e-07	CLECL1	c9
4.87469301188233e-12	0.121545899593905	0.067	0.039	1.6348745423251e-07	TTN-AS1	c9
3.1425623517563e-28	0.121297816109657	0.222	0.134	1.05395256153203e-23	JOSD2	c9
9.02554621249201e-10	0.121215516387161	0.05	0.029	3.02698768874557e-05	ZNF621	c9
4.81044927746305e-27	0.121162208979021	0.39	0.256	1.61332847867556e-22	NDUFB3	c9
1.15700921432564e-08	0.120928458285658	0.043	0.025	0.000388037750300532	ERC1	c9
1.03332981535974e-31	0.12090850151012	0.329	0.205	3.4655815347535e-27	YIPF4	c9
1.05763313183583e-16	0.120268975114271	0.104	0.061	3.547089997551e-12	DOPEY2	c9
1.46789953151641e-14	0.120178548712235	0.095	0.057	4.92304144879975e-10	RNF31	c9
2.97784111359442e-26	0.120041182168788	0.313	0.204	9.98708352677296e-22	RAB11FIP1	c9
4.40868626584701e-07	0.120030810802264	0.036	0.021	0.0147858519983977	RPAP1	c9
1.46459059298974e-29	0.11992160080096	0.246	0.15	4.911943930769e-25	TIA1	c9
1.58674252779605e-12	0.119910785163739	0.158	0.109	5.3216170897224e-08	ADGRG1	c9
2.62860370807455e-13	0.119813545668281	0.081	0.048	8.81581111614043e-09	HMGCL	c9
6.11789716012839e-27	0.119780528631986	0.567	0.382	2.05182034956386e-22	NDUFA2	c9
9.45667643043133e-28	0.119655231207637	0.264	0.164	3.17158014123806e-23	KATNBL1	c9
6.88806644689243e-31	0.119441468794446	0.514	0.334	2.31011972495878e-26	GID8	c9
1.43307345213118e-17	0.119402867776886	0.798	0.628	4.80624174375755e-13	MSN	c9
1.07033493525467e-30	0.11937923149243	0.426	0.274	3.58968930585711e-26	POLR2G	c9
1.75468469724594e-28	0.119322729886915	0.288	0.181	5.88486153762343e-24	SNX5	c9
1.73589906522523e-23	0.119320108067778	0.778	0.588	5.82185828495238e-19	FAM107B	c9
8.07243983977421e-12	0.119299948005562	0.093	0.059	2.70733487346348e-07	DONSON	c9
2.68526521418334e-33	0.119041060375616	0.368	0.232	9.0058424753281e-29	ATP6V1B2	c9
4.54033206751735e-23	0.119035971302022	0.187	0.115	1.52273656880397e-18	IARS	c9
8.32431591801821e-17	0.118741946501724	0.983	0.938	2.79180907258495e-12	MT-ND5	c9
5.4576315228015e-22	0.118729610738079	0.131	0.076	1.83038046011717e-17	TTC4	c9
1.5527706458996e-26	0.118629018775985	0.237	0.147	5.20768219221807e-22	FPGS	c9
6.90492745011335e-14	0.118596278284439	0.075	0.043	2.31577456821902e-09	PIGL	c9
2.75982271792558e-21	0.118491747818406	0.143	0.085	9.25589343137882e-17	MAP3K7	c9
9.02232301719616e-22	0.118471497580419	0.16	0.097	3.02590669350725e-17	NDUFA9	c9
1.46290503533548e-25	0.118390604794742	0.571	0.396	4.90629090750814e-21	SRI	c9
2.66286133542697e-32	0.118258385294195	0.297	0.182	8.93070434675498e-28	COMMD2	c9
3.30255969347175e-23	0.118190811059137	0.224	0.143	1.10761246999656e-18	STAMBP	c9
2.57537501748105e-16	0.118121206512505	0.104	0.063	8.63729273362793e-12	TMA16	c9
1.69402407437464e-15	0.118088712394151	0.107	0.065	5.68141794063767e-11	MFSD14C	c9
9.90531084001614e-25	0.117921217412716	0.173	0.103	3.32204314952461e-20	CCDC57	c9
5.33271267084227e-18	0.117742868025637	0.134	0.083	1.78848517554708e-13	MCCC2	c9
3.68176364919824e-17	0.117590753331848	0.758	0.576	1.2347898926681e-12	CDC37	c9
9.13556611212863e-19	0.117579592657231	0.11	0.064	3.0638861626857e-14	CSNK2A2	c9
2.76643666602205e-27	0.117567453630166	0.245	0.152	9.27807529050475e-23	SIAH2	c9
6.74508112628406e-27	0.117415463190723	0.549	0.366	2.26216530813315e-22	CDC123	c9
7.67443493047835e-30	0.117248533319422	0.482	0.318	2.57385198698383e-25	TXNL4A	c9
1.07526696056197e-28	0.117010599933022	0.297	0.19	3.60623033233272e-24	H1FX	c9
2.61376364312498e-19	0.117006313339406	0.14	0.085	8.76604050631256e-15	APOBEC3F	c9
4.5193966910254e-28	0.116960358371724	0.27	0.168	1.5157152622361e-23	TMEM115	c9
1.71575305954818e-23	0.116919262063105	0.542	0.375	5.75429261111269e-19	PRMT1	c9
2.07408994259488e-26	0.116906583978211	0.539	0.359	6.95608284947472e-22	PSMG2	c9
1.83409509548049e-11	0.116745003321281	0.07	0.042	6.15118813122246e-07	GSE1	c9
8.90951147535946e-21	0.116683705121936	0.147	0.088	2.98807195860606e-16	COP1	c9
8.44899073534197e-22	0.116662802332882	0.657	0.463	2.83362251281899e-17	FKBP8	c9
1.22900238813769e-16	0.116555498083066	0.788	0.591	4.12182820933618e-12	ADRM1	c9
5.65876844549689e-12	0.116545857487732	0.089	0.056	1.89783776125075e-07	GATC	c9
3.77715518724888e-23	0.116443134174119	0.4	0.272	1.26678230669953e-18	CEP57	c9
7.69771998398416e-21	0.116212901761257	0.963	0.87	2.58166132822861e-16	ADGRE5	c9
1.36081012079262e-09	0.11606691260753	0.061	0.037	4.5638849831143e-05	MYEF2	c9
1.50477759958735e-20	0.115942232224277	0.137	0.081	5.04672311349607e-16	QSOX1	c9
3.53193881688123e-14	0.115865655719922	0.084	0.049	1.18454164040563e-09	CCDC86	c9
6.70431622148383e-19	0.11582392459152	0.727	0.531	2.24849357436125e-14	PSMD7	c9
3.67375418501638e-25	0.115809366167555	0.196	0.119	1.23210367857079e-20	WRB	c9
2.82119090034291e-14	0.115799668710818	0.074	0.042	9.46171004157006e-10	ADCK2	c9
3.96188209745518e-29	0.115769161535081	0.282	0.177	1.32873601784452e-24	HMGN3	c9
1.43941430382041e-22	0.115711967042342	0.668	0.476	4.82750769215288e-18	RSL1D1	c9
1.32351041097353e-23	0.115598498353626	0.513	0.352	4.43878921632302e-19	UQCRC2	c9
1.2465096531936e-18	0.115582257760426	0.103	0.059	4.18054407488069e-14	TBL2	c9
1.04057189580918e-30	0.115530796499514	0.297	0.184	3.48987002416482e-26	RING1	c9
2.78718946522178e-26	0.115478050516157	0.205	0.124	9.34767602846081e-22	NCOA1	c9
5.41766480006119e-23	0.115453381638467	0.606	0.42	1.81697642064452e-18	PSMD11	c9
1.39269532896778e-25	0.115372485454081	0.322	0.21	4.67082159429213e-21	EXOSC10	c9
6.70999142293858e-22	0.115334957900109	0.618	0.434	2.25039692342514e-17	LMAN2	c9
4.76808938668044e-24	0.115246743919166	0.243	0.155	1.59912181850489e-19	IFT20	c9
4.23237256221053e-16	0.115221427994631	0.12	0.074	1.41945310991417e-11	BNIP3	c9
4.31976543323267e-08	0.115149525891665	0.044	0.027	0.00144876293099757	WDR4	c9
1.72998397096108e-22	0.115034732572399	0.171	0.104	5.80202024180926e-18	LAMP2	c9
1.21973828510547e-28	0.114938745808201	0.256	0.157	4.09075826058672e-24	WDR45	c9
7.67052810336085e-11	0.114911138636077	0.051	0.029	2.57254171530516e-06	NDUFA7	c9
1.64972737242167e-26	0.11484830887995	0.173	0.101	5.53285566162779e-22	TRUB2	c9
1.04931063799463e-15	0.114736639628274	0.905	0.778	3.51917801770641e-11	PSME1	c9
4.61997365927594e-22	0.114572521037018	0.144	0.085	1.54944676584796e-17	TMEM141	c9
2.89933999565198e-19	0.114427945576861	0.18	0.116	9.72380647741763e-15	TSC22D1	c9
6.09864034950977e-14	0.114369979424372	0.099	0.061	2.04536200041859e-09	TNFAIP8L1	c9
8.09045310670236e-09	0.114355076643344	0.06	0.038	0.000271337616292584	SRGAP3	c9
2.17554856038774e-26	0.11356398936306	0.233	0.145	7.29635476182839e-22	WDR54	c9
6.21895075929866e-18	0.113439199652219	0.772	0.577	2.08571170565358e-13	RTRAF	c9
4.52594161942151e-14	0.113422634487382	0.065	0.036	1.51791030032159e-09	MIER2	c9
2.81967343627277e-23	0.113351963577118	0.208	0.132	9.45662077057161e-19	PGM2L1	c9
3.15696536097383e-27	0.113232733168953	0.416	0.275	1.0587830427634e-22	SLC10A3	c9
6.16196351688133e-19	0.113028711234548	0.574	0.44	2.06659932429166e-14	ID2	c9
2.29466417863056e-17	0.113012094283846	0.106	0.063	7.69584472229116e-13	SMG9	c9
9.25141816195001e-20	0.11292009660882	0.157	0.097	3.1027406231548e-15	UROD	c9
1.21718060858909e-13	0.112805416050262	0.06	0.033	4.08218032508609e-09	ZNF623	c9
2.00759610188075e-24	0.112778940694058	0.311	0.204	6.73307580648766e-20	USP48	c9
7.10995534358119e-12	0.112600225922555	0.075	0.045	2.38453682313026e-07	MOSPD1	c9
4.02532723133789e-16	0.112538687391397	0.335	0.239	1.3500142468461e-11	CCND2	c9
8.0917399421258e-08	0.11249533465192	0.054	0.034	0.00271380774179015	ZNF280D	c9
8.19132528001251e-11	0.112382069530927	0.057	0.033	2.7472066724106e-06	LIG4	c9
8.87167657750922e-14	0.112379428439651	0.076	0.044	2.97538289056504e-09	SWI5	c9
3.94589344694221e-15	0.112309276526876	0.818	0.648	1.32337374423548e-10	EMD	c9
1.10060810185324e-23	0.112173151562414	0.537	0.371	3.6912194519954e-19	DAD1	c9
3.26473037446191e-19	0.112140442318815	0.103	0.059	1.09492527298703e-14	IMPAD1	c9
8.72673265097019e-24	0.111986108465851	0.563	0.383	2.92677159648238e-19	SNRPC	c9
1.50668829813778e-31	0.111920368093263	0.402	0.258	5.05313121429448e-27	CYB5A	c9
6.40370962558035e-27	0.111913161670649	0.287	0.183	2.14767613422714e-22	C5orf24	c9
1.76194478677906e-27	0.111906282161975	0.18	0.105	5.9092104258996e-23	C5orf51	c9
3.10633441052746e-08	0.111860327593779	0.054	0.033	0.0010418024346027	APPL2	c9
5.37081129016747e-22	0.111799363692108	0.42	0.295	1.80126269049637e-17	CARD16	c9
1.94156293888753e-19	0.111796914973932	0.159	0.099	6.51161378444099e-15	PDRG1	c9
2.79449836701995e-12	0.111776756927631	0.078	0.047	9.37218862331152e-08	SLC25A40	c9
1.15674895049104e-06	0.111696004753841	0.028	0.016	0.0387950463015685	ZNF606	c9
9.09159983369509e-15	0.11164369853787	0.936	0.814	3.04914075222466e-10	EDF1	c9
4.39728871058882e-27	0.111492565928099	0.255	0.159	1.47476268775728e-22	NIPSNAP2	c9
2.84758043912681e-31	0.111438561796289	0.297	0.183	9.55021527674351e-27	NRDC	c9
6.28495665907696e-30	0.111345078508612	0.312	0.197	2.10784876432123e-25	UPF3A	c9
2.00999220273394e-31	0.111303916407997	0.436	0.282	6.74111184952909e-27	CNIH4	c9
1.15760268982199e-10	0.111292243156403	0.072	0.045	3.88236790112499e-06	KLHDC10	c9
8.88562653185234e-24	0.111206663052979	0.424	0.293	2.98006142625264e-19	CD5	c9
2.57079300393436e-17	0.111080950246226	0.097	0.056	8.62192557659505e-13	SERGEF	c9
4.08973384066648e-09	0.110942711742862	0.056	0.034	0.000137161493548272	VPS52	c9
3.19017784609851e-29	0.110874614919518	0.324	0.204	1.06992184602452e-24	FDPS	c9
8.10651888695988e-16	0.110650359086792	0.069	0.038	2.71876430430861e-11	LPP	c9
5.6533426224076e-25	0.110589358874851	0.205	0.126	1.89601804870306e-20	MRPS11	c9
4.86166984382362e-17	0.110563862370881	0.12	0.073	1.63050683222157e-12	DEF8	c9
1.30640101471313e-28	0.1105230398911	0.505	0.343	4.38140772314491e-24	BICDL1	c9
8.32130050614585e-21	0.110500633806086	0.467	0.329	2.79079776375119e-16	TTC39C	c9
2.08761754893851e-23	0.110496378602716	0.178	0.108	7.00145173562996e-19	STXBP2	c9
1.90304898004237e-13	0.110443707816029	0.11	0.07	6.38244566926611e-09	NUP210	c9
2.00350316729298e-27	0.110428708474903	0.329	0.211	6.7193489224672e-23	AK6	c9
1.69660324472646e-23	0.110348762779437	0.582	0.401	5.69006796216359e-19	MRPS36	c9
1.02816710714449e-16	0.110018474691188	0.103	0.061	3.44826684394118e-12	CEPT1	c9
4.92873850018538e-20	0.110007606918427	0.134	0.08	1.65300031819217e-15	PIGBOS1	c9
1.81221575204053e-10	0.110001155811648	0.062	0.037	6.07780918919354e-06	PSPH	c9
3.79230772057466e-26	0.109821644134532	0.287	0.183	1.27186416332633e-21	TM9SF1	c9
9.43293598742782e-11	0.10980224702106	0.078	0.049	3.16361807146354e-06	EOGT	c9
1.37453923193999e-23	0.109743486708868	0.229	0.145	4.60992967608034e-19	BTAF1	c9
1.15963934768844e-06	0.109624127221159	0.072	0.05	0.0388919844427748	KIAA1211L	c9
8.46358063255699e-15	0.109621673668805	0.088	0.052	2.83851567254696e-10	PVT1	c9
1.3603158179592e-13	0.109521505753936	0.082	0.048	4.56222719027156e-09	SPHK2	c9
3.75865843477777e-33	0.109438149829986	0.306	0.186	1.26057886585577e-28	IDH3B	c9
2.86949783482037e-19	0.109402593998472	0.139	0.084	9.62372183842054e-15	TEN1	c9
3.604333972555e-10	0.109268581312938	0.058	0.035	1.2088215277155e-05	DHTKD1	c9
1.29067975923369e-09	0.109252740052016	0.054	0.032	4.32868177651795e-05	BBS12	c9
1.37903343646663e-28	0.109247042229119	0.309	0.195	4.62500233922179e-24	RCN2	c9
2.1794943600923e-23	0.109223886953171	0.201	0.125	7.30958818487755e-19	CCNC	c9
2.4398399361576e-27	0.109158125338859	0.26	0.163	8.18273517788536e-23	CUL3	c9
9.6555381810909e-14	0.109040077164847	0.071	0.04	3.23827439517427e-09	ST3GAL2	c9
5.81737507302539e-10	0.108968274949041	0.049	0.028	1.95103125199126e-05	TRIM32	c9
2.89780191194288e-26	0.108863820498207	0.27	0.171	9.71864805227404e-22	POP4	c9
7.337819477057e-12	0.108515931993512	0.044	0.023	2.46095789621538e-07	CLPB	c9
2.93886452370506e-29	0.108428170748802	0.373	0.238	9.85636383960202e-25	VBP1	c9
8.85179360209339e-18	0.108422168859192	0.119	0.071	2.96871453827008e-13	CASC4	c9
4.07600110012506e-11	0.108397826100993	0.065	0.039	1.36700924895994e-06	SLC25A37	c9
3.9832484643397e-24	0.108155022244241	0.558	0.381	1.33590186997025e-19	TOMM22	c9
6.33964801661964e-24	0.108150118026846	0.386	0.26	2.1261911518139e-19	EPS15	c9
2.90117013858299e-25	0.108021069063764	0.156	0.091	9.72994441077962e-21	GGCX	c9
1.44872151613085e-29	0.108004571364728	0.238	0.143	4.85872222079964e-25	ALG13	c9
3.44358111000965e-18	0.108001764913853	0.093	0.052	1.15490823267504e-13	CDK8	c9
5.56726926797793e-21	0.107975232122371	0.599	0.42	1.86715076709444e-16	MDH2	c9
8.15431835577077e-19	0.107907180015887	0.147	0.091	2.7347952901584e-14	CTBS	c9
1.5519550374356e-28	0.107857195204998	0.469	0.308	5.20494680455153e-24	PSMD4	c9
4.22682028776761e-10	0.107830828495567	0.057	0.034	1.4175909881115e-05	DERA	c9
2.49449021863403e-18	0.107709931224652	0.121	0.072	8.36602129525479e-14	RAB24	c9
4.33548175086096e-22	0.107516044679749	0.575	0.4	1.45403386960375e-17	ZMAT2	c9
1.9740387539337e-15	0.107464502525711	0.117	0.072	6.62053117294285e-11	IL10RB	c9
2.31979489513613e-16	0.107379863842781	0.126	0.078	7.78012811930757e-12	DTWD1	c9
2.99779978773189e-27	0.107322246796629	0.226	0.137	1.00540209280952e-22	NOC4L	c9
2.34346026085129e-29	0.10723849135619	0.373	0.239	7.85949702284306e-25	LSM5	c9
1.38548089272573e-27	0.107083062825614	0.24	0.147	4.64662581802354e-23	MMGT1	c9
6.48765774686004e-24	0.10699070119583	0.153	0.09	2.17583065514192e-19	PLD3	c9
2.31862029107709e-20	0.106877589826169	0.126	0.074	7.77618873221434e-16	C11orf49	c9
5.46367351137811e-26	0.106875055744103	0.258	0.168	1.83240682224599e-21	HIST1H1E	c9
5.10573598784158e-26	0.106728242829492	0.283	0.18	1.71236173560231e-21	NKAPD1	c9
1.57746880189161e-23	0.10670919732515	0.576	0.401	5.29051486778407e-19	ATP5PD	c9
6.34399028274909e-16	0.106708055621571	0.119	0.073	2.12764746102839e-11	CDIP1	c9
3.33764131225315e-29	0.106601179978969	0.329	0.208	1.11937814330346e-24	VPS4A	c9
2.34541791900563e-23	0.106528251329035	0.564	0.391	7.86606261676108e-19	PTBP1	c9
1.0292427904129e-12	0.106373688061306	0.081	0.049	3.45187447048677e-08	TMEM69	c9
6.68835875815201e-07	0.106351001434823	0.042	0.026	0.0224314176030902	AP3S2	c9
5.91903247409289e-24	0.106337733725237	0.169	0.101	1.98512511116127e-19	LARP4B	c9
3.26268432185412e-18	0.106209445733183	0.694	0.504	1.09423906786344e-13	SNRPF	c9
8.46591342108663e-11	0.10616920982259	0.07	0.043	2.83929804316403e-06	MANEA	c9
8.26389324025746e-28	0.106077549671938	0.484	0.321	2.77154451491755e-23	RAB11B	c9
2.29960419009353e-29	0.106067404132165	0.309	0.194	7.71241253273567e-25	DLST	c9
9.3321162248068e-08	0.105654428265529	0.049	0.031	0.0031298051394757	ZMYM4	c9
1.42287507510627e-20	0.105321965300373	0.13	0.076	4.77203842689142e-16	CNOT11	c9
6.00807668339917e-23	0.105177474955189	0.218	0.138	2.01498875807842e-18	PNKD	c9
8.24181013107006e-10	0.105022818997744	0.056	0.033	2.76413828175828e-05	POLG2	c9
4.55417128185392e-30	0.104957814337478	0.352	0.223	1.52737796450817e-25	ADPRHL2	c9
1.88495812888587e-21	0.104913703217174	0.141	0.084	6.32177257265742e-17	CIZ1	c9
9.81754750173899e-14	0.104821783759973	0.102	0.063	3.29260908113322e-09	ABCA2	c9
1.40009636728769e-27	0.104673823691207	0.544	0.367	4.69564319660946e-23	STIP1	c9
2.35637461692661e-11	0.104657100927331	0.069	0.041	7.90280919024845e-07	UGDH	c9
8.45792023169729e-17	0.10455460790154	0.12	0.073	2.83661728730664e-12	SERPINB8	c9
5.23898031196229e-07	0.104536589645916	0.033	0.019	0.0175704921702591	MTMR8	c9
3.45775243479507e-25	0.104394245025512	0.275	0.176	1.15966101158157e-20	SPOP	c9
1.60542089987639e-12	0.104392474863052	0.086	0.053	5.38426061400543e-08	CNPY4	c9
2.40810325290491e-29	0.10436871982183	0.368	0.237	8.07629668959249e-25	KDM5B	c9
1.99509508303561e-10	0.104280588478936	0.053	0.031	6.69114988948482e-06	ZNF189	c9
1.5458456560648e-26	0.104259934291585	0.367	0.241	5.18445716131013e-22	C19orf24	c9
1.61890533826572e-29	0.10407229174199	0.459	0.296	5.42948472347556e-25	MRPL47	c9
2.97303076482917e-19	0.104066527852589	0.173	0.11	9.97095057908406e-15	DDHD1	c9
2.52879106173215e-29	0.10398940945583	0.295	0.184	8.48105946283729e-25	RAB21	c9
1.08590797249016e-11	0.103829089205512	0.055	0.031	3.64191815813751e-07	MAP2K5	c9
2.11471685244139e-26	0.103786406474974	0.205	0.123	7.09233737971794e-22	MUL1	c9
3.01955717390183e-16	0.10373085027095	1	0.994	1.0126990849832e-11	TMSB4X	c9
1.21776287065818e-07	0.103719625183528	0.047	0.029	0.0040841331156134	CEP97	c9
4.7444670940791e-25	0.1036964843583	0.223	0.138	1.59119937401225e-20	TMEM199	c9
1.67151162825619e-18	0.103493168022194	0.137	0.084	5.60591569884559e-14	MAGOHB	c9
2.25039457206709e-12	0.103407246975175	0.094	0.059	7.5473733157986e-08	EVA1C	c9
4.43424052132855e-28	0.103405435925212	0.274	0.17	1.48715558604317e-23	ZCCHC10	c9
7.14343867320696e-25	0.103393190353834	0.548	0.373	2.39576646222015e-20	RPN2	c9
2.85439772741539e-17	0.103336290450185	0.171	0.111	9.57307909820575e-13	CPNE2	c9
2.46488324994471e-23	0.103025867964167	0.18	0.11	8.26672544366457e-19	ACSL3	c9
5.4567406555932e-24	0.102998308100091	0.154	0.09	1.83008168107285e-19	CHP1	c9
5.58435261625481e-17	0.102843787145822	0.108	0.064	1.87288018043954e-12	PIAS3	c9
2.49517849593692e-21	0.102718152182872	0.564	0.4	8.36832963967324e-17	C4orf3	c9
4.04324657427511e-09	0.102717342793658	0.046	0.027	0.000135602403608039	MTPAP	c9
2.77427704868514e-34	0.10260307157542	0.536	0.344	9.30437036588021e-30	GNB1	c9
5.24281233939447e-21	0.102261242491697	0.627	0.453	1.75833440238612e-16	HNRNPM	c9
7.70794082838431e-16	0.102035758642018	0.091	0.053	2.58508919502353e-11	NSUN4	c9
3.56257043517614e-14	0.102009167199582	0.082	0.048	1.19481487254937e-09	MED13L	c9
1.8847969738754e-20	0.101996061094881	0.773	0.572	6.32123209098333e-16	SEM1	c9
1.78238245417145e-24	0.101968038356663	0.516	0.35	5.97775427480021e-20	LAMP1	c9
5.93216596680123e-21	0.101907933642093	0.423	0.298	1.9895298219458e-16	CCND3	c9
2.60018256858051e-29	0.101557935537054	0.343	0.217	8.72049229850533e-25	TOLLIP	c9
8.38286674644396e-15	0.101516936562188	0.81	0.654	2.81144584942238e-10	VCP	c9
9.58392861434208e-20	0.101428522466489	0.151	0.092	3.21425797867805e-15	INSIG2	c9
2.91691759543767e-15	0.10142793345823	0.108	0.066	9.78275823157886e-11	UBE3B	c9
2.04651303316534e-09	0.101412251749261	0.054	0.032	6.86359541062991e-05	ZMYND19	c9
1.99542522778103e-24	0.101405319235883	0.15	0.087	6.69225712893201e-20	BOP1	c9
8.61884295127555e-12	0.101351411759085	0.075	0.045	2.89058754899879e-07	PRKAB2	c9
6.5055777957658e-10	0.101312289525794	0.054	0.032	2.18184068114394e-05	ACADSB	c9
4.00680223468178e-28	0.101044197583336	0.485	0.322	1.34380133346757e-23	NFKBIB	c9
2.3401175106861e-30	0.100989422721448	0.36	0.229	7.84828610733904e-26	CHCHD10	c9
3.34350882150565e-18	0.100807823173151	0.139	0.085	1.12134598855656e-13	IGF2R	c9
5.64490814236567e-34	0.100729736941932	1	0.998	1.8931892927866e-29	RPS19	c9
1.7646420782983e-08	0.100707894069742	0.05	0.03	0.000591825660219684	GTPBP3	c9
3.90957923845516e-19	0.100707169778941	0.667	0.489	1.31119468499309e-14	GDI2	c9
3.71292079539962e-23	0.100689725835875	0.442	0.304	1.24523937636112e-18	ATRX	c9
3.21751396328177e-15	0.10054991616379	0.965	0.889	1.07908983300544e-10	S100A6	c9
8.99902523392698e-24	0.100533588179672	0.222	0.14	3.01809308295443e-19	GAK	c9
2.78094325877858e-18	0.1005325228736	0.157	0.099	9.32672750129161e-14	AARS	c9
1.12597635151075e-21	0.100445061244522	0.483	0.336	3.77629948769675e-17	UFM1	c9
1.83198951769137e-21	0.100439156785996	0.584	0.409	6.1441264444333e-17	ARF4	c9
7.3738177912911e-11	0.100421647406214	0.062	0.037	2.47303101084321e-06	NTPCR	c9
2.13144562251924e-29	0.10039728635951	0.257	0.157	7.14844232880504e-25	TMEM134	c9
1.13335107058047e-26	0.1003899991612	0.207	0.124	3.80103282051277e-22	DCAF6	c9
1.42931013607808e-19	0.100264133338559	0.122	0.071	4.79362033437867e-15	NR2C1	c9
6.89750605734368e-22	0.100243739472493	0.196	0.123	2.31328558151192e-17	GFM1	c9
7.20428001337563e-13	0.100122469480971	0.067	0.038	2.41617143088592e-08	RAB30	c9
