# factor-levels: seurat_clusters=c1|c2|c3|c4|c5|c6|c7|c8|c9|c10|c11|c12|c13|c14|c15|c16|c17|c18|c19|c20|c21|c22|c23|c24|c25|c26|c27

p_val	avg_log2FC	pct.1	pct.2	p_val_adj	gene	seurat_clusters
1.55374425607102e-53	3.83962764206383	0.014	0.001	5.210947486011e-49	PTPRB	c18
1.00798255048535e-78	3.75853906885314	0.029	0.003	3.38057187781778e-74	EPYC	c18
1.45668329900669e-116	3.43241566857233	0.046	0.005	4.88542444820865e-112	LPL	c18
6.74065394842327e-23	3.16189342415537	0.014	0.002	2.2606805212222e-18	ADORA2B	c18
1.61389523208582e-34	2.93861412855208	0.025	0.004	5.41268182936944e-30	CHGB	c18
7.10313635936436e-151	2.93111361684526	0.108	0.018	2.38224987220362e-146	IRF8	c18
1.10564552112156e-126	2.88330581035351	0.077	0.012	3.7081139487375e-122	IL1RN	c18
6.39300300055229e-27	2.82805868068302	0.018	0.003	2.14408534632523e-22	GNG8	c18
4.98221929923903e-128	2.77999091853152	0.058	0.007	1.67093670857879e-123	MN1	c18
1.72631503450589e-30	2.7355206769881	0.029	0.006	5.78971536272587e-26	FAIM2	c18
4.7781774327521e-26	2.73085215085591	0.011	0.001	1.6025051473964e-21	S1PR3	c18
3.52917799967004e-14	2.71683665723761	0.01	0.002	1.18361571752934e-09	CD24	c18
9.27521392351215e-86	2.69876529582646	0.05	0.007	3.11072124566751e-81	CDH1	c18
1.69397072632668e-56	2.6844998289146	0.031	0.004	5.68123902195441e-52	CDHR1	c18
1.9197058309922e-15	2.67786659987276	0.01	0.002	6.43830941598166e-11	SOCS6	c18
5.44103979173444e-215	2.58895103629921	0.16	0.028	1.8248159253519e-210	IGFBP2	c18
6.60462482081607e-25	2.58017175980089	0.015	0.002	2.21505907240529e-20	ADGRD1	c18
1.29958741009332e-108	2.56760279022204	0.061	0.008	4.35855625597096e-104	VIPR2	c18
7.76634567392314e-178	2.42279763182481	0.127	0.022	2.60467701212034e-173	B3GNT5	c18
2.20341673343708e-26	2.39779547209945	0.025	0.005	7.38981904060126e-22	NUDT11	c18
6.90959739342031e-81	2.39257875701626	0.07	0.014	2.3173407738053e-76	TGFBR3L	c18
3.51717463047681e-141	2.37811493987836	0.126	0.026	1.17959002756931e-136	CAV1	c18
1.76707594809599e-29	2.3482070527048	0.017	0.003	5.92641931472433e-25	PHF21B	c18
1.30410709915871e-18	2.29948161060738	0.012	0.002	4.37371438915848e-14	EPB41L3	c18
1.17794439346444e-161	2.2939029053281	0.277	0.091	3.95058990680104e-157	NMB	c18
0	2.26763197141279	0.599	0.129	0	TCF7	c18
2.48549981366922e-14	2.24864287874507	0.01	0.002	8.33586927508384e-10	CYGB	c18
1.02249060077994e-76	2.23473459328091	0.054	0.009	3.42922897689577e-72	ACHE	c18
1.27237408140162e-98	2.23250948869405	0.081	0.016	4.26728819420476e-94	FGFR1	c18
0	2.21547985406112	0.493	0.12	0	XCL1	c18
3.99048224085305e-72	2.18855374012053	0.082	0.02	1.33832793393729e-67	TMEM121	c18
9.81990933276731e-19	2.15556862039368	0.016	0.003	3.2934011920235e-14	AP003472.1	c18
3.10976896746667e-67	2.13845800441341	0.075	0.018	1.04295431630897e-62	CAMK2N1	c18
2.11015359715217e-19	2.13559405282079	0.015	0.003	7.07703313412895e-15	SEMA4C	c18
2.70843762919113e-182	2.12891836309571	0.218	0.056	9.08355812078121e-178	GNG4	c18
1.3923148941204e-09	2.10607061521533	0.01	0.002	4.66954569190099e-05	BEX1	c18
6.23370338688711e-19	2.09581732259993	0.016	0.003	2.0906594418942e-14	TTTY14	c18
2.24437799940738e-52	2.08645119414452	0.042	0.008	7.52719493441246e-48	ZBTB46	c18
1.35393013819643e-22	2.07186187116622	0.023	0.005	4.5408108974832e-18	CCND1	c18
7.79322617314348e-58	2.04994309982995	0.037	0.006	2.61369219394886e-53	ZNF704	c18
3.86897274473882e-11	2.03710444064905	0.012	0.003	1.29757607913051e-06	RGS4	c18
1.06785149143362e-47	2.01956120984057	0.047	0.01	3.58136033197007e-43	AC004585.1	c18
2.11480558655148e-202	1.97753741609842	0.288	0.084	7.09263497617636e-198	BLVRB	c18
5.41496365718814e-16	1.96746897140612	0.019	0.005	1.81607051134776e-11	RAB31	c18
4.35017090621252e-89	1.96682535101805	0.087	0.019	1.45896031852556e-84	NXPH4	c18
2.84977798219218e-107	1.96293984376134	0.112	0.026	9.55758539667612e-103	BEX3	c18
6.32137725041096e-143	1.94552731613602	0.145	0.032	2.12006350224283e-138	SMARCD3	c18
2.10819917002425e-27	1.92372021170929	0.032	0.008	7.07047837642732e-23	CFAP57	c18
1.19577172732114e-20	1.91657719259998	0.018	0.004	4.01037921908963e-16	TBC1D8	c18
5.11401516630587e-22	1.91273016564045	0.022	0.005	1.71513840647566e-17	SETD7	c18
1.96801701973937e-16	1.9055579847111	0.013	0.003	6.60033548080191e-12	ZNF703	c18
1.77357606650662e-33	1.88225023951385	0.047	0.013	5.94821941184991e-29	BARX2	c18
8.75104117948713e-28	1.88157852158149	0.034	0.009	2.93492419077639e-23	PON3	c18
3.32701171146142e-143	1.85269738201831	0.15	0.034	1.11581318778993e-138	L1CAM	c18
4.52636362019847e-110	1.84220882988625	0.146	0.039	1.51805183094216e-105	IGFBP4	c18
2.40191580342869e-111	1.83598142462778	0.143	0.037	8.05554522153913e-107	DRAIC	c18
1.65617732947293e-20	1.82689577330088	0.021	0.005	5.55448752758632e-16	ZBTB18	c18
2.94737051894131e-10	1.82625506925169	0.013	0.004	9.88489124642535e-06	EPHX1	c18
4.21390061886636e-07	1.7643851831986	0.01	0.003	0.014132579895554	PHEX	c18
6.57481545390943e-13	1.75711379478868	0.015	0.004	2.20506160693215e-08	ZSWIM1	c18
3.4101233733419e-14	1.75693123682522	0.016	0.004	1.14368717695141e-09	RASAL1	c18
8.74299816870809e-114	1.72995797689453	0.145	0.038	2.93222672582132e-109	PDGFA	c18
1.11708209118818e-09	1.72445766502033	0.015	0.005	3.74646991742691e-05	JAG1	c18
4.13921890682677e-11	1.69288943917445	0.013	0.003	1.38821123697156e-06	FCRL6	c18
1.96288566993361e-48	1.64726590851799	0.102	0.036	6.58312595982335e-44	CDKN3	c18
7.4855464625814e-10	1.64624042044087	0.018	0.006	2.51050257262055e-05	FXYD6	c18
2.89874995910502e-16	1.64614860865555	0.017	0.004	9.72182761284642e-12	SPTBN4	c18
7.69567273173396e-29	1.63233373652335	0.034	0.008	2.58097472076894e-24	PLXNC1	c18
2.25032215912304e-14	1.61805675753263	0.02	0.006	7.54713045726684e-10	CPNE8	c18
7.6894560024494e-46	1.61649357325945	0.078	0.024	2.57888975410148e-41	THBS1	c18
1.89167447145675e-08	1.6155834723549	0.011	0.003	0.000634429784237163	SHB	c18
1.08536936840288e-48	1.59677599425139	0.101	0.035	3.64011178774957e-44	EPAS1	c18
3.50552825063935e-13	1.59410474237544	0.01	0.002	1.17568406469942e-08	KCNQ3	c18
2.51997566891491e-15	1.59045163224514	0.03	0.01	8.45149439840683e-11	FAM92A	c18
3.94041257244964e-232	1.58883479844757	0.597	0.271	1.32153556854816e-227	CNIH1	c18
5.74214781222211e-15	1.58129347781128	0.024	0.008	1.92580153326305e-10	COL6A2	c18
1.94635110869106e-180	1.5787773194508	0.255	0.071	6.52767234832807e-176	DKK3	c18
6.73492618863754e-34	1.57613814327385	0.045	0.012	2.25875954514526e-29	MMP23B	c18
8.84048861473317e-16	1.57107852266866	0.022	0.006	2.96492307160921e-11	RTKN	c18
1.06880662577298e-17	1.5684892411175	0.025	0.007	3.58456366151744e-13	DTX1	c18
9.46838077186507e-55	1.56770199423588	0.088	0.027	3.17550554326811e-50	DIXDC1	c18
4.47718458965923e-175	1.559396765989	0.375	0.14	1.50155816767991e-170	IL9R	c18
3.7582180005727e-15	1.54464596389299	0.022	0.007	1.26043115303207e-10	GCSAM	c18
0	1.5438317067961	0.672	0.247	0	CCR7	c18
1.51783650771273e-14	1.52814773536093	0.021	0.006	5.09052007956694e-10	SIPA1L2	c18
1.46681121084198e-29	1.5226249395954	0.045	0.013	4.91939143892183e-25	ZBTB10	c18
6.2005831738711e-17	1.52168561626888	0.032	0.011	2.07955158485289e-12	ETNK2	c18
2.0422805370199e-61	1.52138639284329	0.104	0.032	6.84940046505734e-57	SEC14L2	c18
2.14229724934584e-93	1.51821840326982	0.162	0.051	7.18483651485607e-89	AIF1	c18
1.08753353523019e-27	1.51362174997281	0.04	0.011	3.647369970455e-23	S1PR5	c18
6.63144990676898e-09	1.50656851140488	0.01	0.003	0.000222405566973218	ST8SIA6	c18
1.15028201458965e-92	1.50444510317117	0.172	0.057	3.85781582053077e-88	PCSK1N	c18
1.22090219070526e-66	1.50421191806877	0.098	0.028	4.09466176718731e-62	CHKA	c18
1.10358619688574e-171	1.50322722997396	0.289	0.091	3.70120738711539e-167	ITGAV	c18
4.61394836368316e-63	1.49587891041857	0.082	0.022	1.54742600221206e-58	SCML1	c18
3.3973635904378e-10	1.48995428576043	0.016	0.005	1.13940780096103e-05	MNDA	c18
1.76340674356191e-38	1.48913850794407	0.052	0.014	5.91411353655793e-34	FGFBP2	c18
2.2762334514524e-46	1.47502737797749	0.071	0.021	7.63403174948106e-42	CPM	c18
1.27543999340334e-09	1.47101977788164	0.015	0.005	4.27757064987612e-05	TMEM30B	c18
1.7366173673761e-47	1.46487827379816	0.104	0.037	5.82426732670598e-43	C16orf45	c18
2.8625743669174e-51	1.46119984964599	0.087	0.027	9.60050191176759e-47	NLRP6	c18
4.28456018298989e-75	1.45988062598168	0.13	0.041	1.43695579417115e-70	BEX2	c18
1.34122843657841e-57	1.45748118575779	0.067	0.016	4.49821193059668e-53	FCRL3	c18
0	1.45403106465802	0.586	0.198	0	XCL2	c18
6.73474832315839e-09	1.44087393877487	0.012	0.003	0.000225869989262086	WDR63	c18
1.6830964581953e-12	1.43344570240365	0.019	0.006	5.64476890149539e-08	MMP9	c18
1.94239451634417e-45	1.41991803048291	0.094	0.032	6.51440272891508e-41	ATL1	c18
4.97501235895935e-23	1.41861983858616	0.04	0.013	1.66851964494779e-18	SAV1	c18
7.97624834758937e-09	1.41493883102696	0.012	0.004	0.000267507417081452	ATP1B2	c18
9.26104974644448e-09	1.40208706276435	0.012	0.004	0.000310597086396255	FHIT	c18
2.52654512178316e-12	1.38792653745183	0.019	0.006	8.47352702943636e-08	CTTN	c18
1.13545616344634e-29	1.38727835698194	0.053	0.017	3.80809288096632e-25	LMO7	c18
4.22527903017915e-17	1.38598279760657	0.03	0.01	1.41707408114148e-12	TRBV6-2	c18
5.65091581366137e-07	1.3820098713604	0.011	0.004	0.0189520414558575	HSPA12A	c18
9.86375572349688e-32	1.37433520027801	0.062	0.021	3.30810639454639e-27	TMEM155	c18
4.56706131459091e-11	1.37301557156243	0.016	0.005	1.5317010236875e-06	AIG1	c18
3.22104525177124e-07	1.36229537002522	0.018	0.007	0.0108027415653904	NDNF	c18
1.66296283684934e-17	1.34961021307283	0.032	0.011	5.57724476222533e-13	SELENON	c18
4.00800564098969e-63	1.34879039056559	0.094	0.027	1.34420493187512e-58	USP35	c18
7.04007263954773e-13	1.33434771214526	0.023	0.008	2.36109956185152e-08	TUBB4A	c18
2.92031533694316e-18	1.32972997144606	0.038	0.013	9.79415357703997e-14	FEZ1	c18
3.16359000904519e-12	1.32214990006938	0.018	0.005	1.06100481723358e-07	QPRT	c18
5.65697774217141e-09	1.3220893767623	0.029	0.013	0.000189723719516945	TRBV21-1	c18
2.75354026607421e-16	1.31230944794481	0.032	0.011	9.23482334435969e-12	NEK6	c18
8.03973269702489e-18	1.3052301326544	0.043	0.016	2.69636555192821e-13	ELOVL4	c18
4.36228541922022e-07	1.28722283535383	0.01	0.003	0.0146302328389808	CYSLTR2	c18
5.21719463710489e-08	1.28162530079867	0.01	0.003	0.00174974273739224	CDK14	c18
6.17403119495377e-11	1.27199255053666	0.021	0.007	2.07064658216359e-06	KCNK1	c18
1.6780067184474e-18	1.27185679214942	0.03	0.009	5.62769893232888e-14	LINC02099	c18
5.56103128901051e-08	1.27044834599347	0.014	0.005	0.00186505867370835	PTP4A3	c18
2.4627058323889e-25	1.26769773295891	0.055	0.02	8.25942282066589e-21	CD79A	c18
1.83241425042395e-238	1.26727612189634	0.61	0.265	6.14555091307186e-234	ZNF331	c18
7.40828045987136e-60	1.26499772577603	0.127	0.044	2.48458910063166e-55	AC010616.1	c18
4.51509543476083e-60	1.25575055350839	0.205	0.092	1.51427270691009e-55	BCAT1	c18
2.48086330870807e-12	1.25154479455535	0.046	0.022	8.32031936474513e-08	BASP1	c18
4.9359278910107e-08	1.23977401553438	0.017	0.007	0.00165541149608717	DENND5A	c18
6.13084909871435e-59	1.23754163991205	0.192	0.084	2.05616417072682e-54	ID3	c18
2.98625005417829e-71	1.23635458898372	0.119	0.036	1.00152854317032e-66	PGAP1	c18
8.9219286745263e-58	1.23127266740617	0.137	0.051	2.99223643886263e-53	GRAMD4	c18
9.11076016021853e-165	1.22788199363289	0.527	0.252	3.05556674253409e-160	GEM	c18
4.8569835502982e-40	1.22513533327267	0.112	0.045	1.62893514309901e-35	LANCL2	c18
1.63186354733616e-20	1.21937960262548	0.034	0.01	5.47294396505601e-16	PTPRF	c18
2.58835743416629e-08	1.19868956443536	0.012	0.004	0.000868083316270689	SCGB3A1	c18
3.23752454514062e-07	1.19845235654457	0.01	0.003	0.0108580098194926	KLF4	c18
6.06121076315385e-104	1.18435991092428	0.347	0.155	2.03280886574654e-99	CMSS1	c18
2.07036749062604e-45	1.18202775061558	0.115	0.044	6.94359849006161e-41	FAAH2	c18
3.12555127088548e-08	1.17981559362228	0.021	0.008	0.00104824738522957	SLC35G2	c18
5.05063472353293e-14	1.17820113117613	0.02	0.006	1.69388187357847e-09	CARMIL3	c18
1.29651253952672e-33	1.17567923930762	0.087	0.034	4.34824375506472e-29	CXCL16	c18
1.4994492533714e-288	1.17036946218598	0.929	0.611	5.02885290595699e-284	DUSP2	c18
4.77555232998297e-20	1.1613258742479	0.051	0.02	1.60162474042969e-15	CHRNE	c18
1.3039628475479e-22	1.15793576936553	0.045	0.015	4.37323059810614e-18	LAMP3	c18
1.15954529517461e-14	1.1570939856929	0.036	0.014	3.88888301095661e-10	MYO1B	c18
1.64228928663013e-25	1.1560508947077	0.057	0.021	5.50790980950012e-21	FP565260.1	c18
1.30203705301854e-56	1.15193472576257	0.181	0.078	4.36677186841359e-52	CHPT1	c18
1.13808909548303e-11	1.14943784788458	0.023	0.008	3.81692320843099e-07	HDAC11	c18
1.36010215829409e-47	1.14782278686092	0.181	0.084	4.56151061848673e-43	RAB33A	c18
1.48738912383059e-08	1.14629320795274	0.012	0.004	0.000498840564350303	LGR6	c18
5.7340832906122e-18	1.14357719499238	0.031	0.01	1.92309685400552e-13	FAM169A	c18
1.16121999990382e-07	1.13480202581196	0.02	0.008	0.00389449963567742	AC104078.1	c18
8.01445548072216e-11	1.12932355198874	0.025	0.01	2.6878880791246e-06	KCNMB4	c18
1.20307316708264e-06	1.12744498751045	0.017	0.007	0.0403486678776176	DHX32	c18
2.69850839945055e-07	1.11504971607973	0.016	0.006	0.00905025747007725	AC233723.1	c18
1.9825134526489e-08	1.11297214443072	0.029	0.013	0.000664895361749389	LY96	c18
3.32143759189447e-08	1.11075517049506	0.019	0.008	0.00111394373956957	SNPH	c18
1.37860709533264e-13	1.10742522001425	0.035	0.014	4.6235724763266e-09	DNAJB5	c18
1.98047222077531e-58	1.10615008184321	0.128	0.045	6.64210773403623e-54	FOXP4	c18
3.5821716538984e-20	1.09288978520378	0.039	0.013	1.20138872928444e-15	NCKAP5L	c18
2.21729999326834e-16	1.09236838090273	0.034	0.012	7.43638071742335e-12	PCBP3	c18
2.87528921765675e-58	1.08688385156118	0.179	0.075	9.6431449781772e-54	BCL2A1	c18
4.67768352207459e-10	1.08464321881524	0.023	0.009	1.56880149963338e-05	C17orf97	c18
1.03831426746109e-06	1.07663431953162	0.01	0.003	0.03482298390211	PHLDB1	c18
1.07913360325198e-58	1.07176304313771	0.126	0.044	3.61919827858648e-54	ENC1	c18
3.62322795086715e-17	1.06569524280945	0.054	0.023	1.21515819016182e-12	LHFPL6	c18
4.95829864367849e-42	1.05509891436801	0.1	0.037	1.66291419911689e-37	CHI3L2	c18
5.87345885525163e-94	1.0534711789307	0.231	0.087	1.96984063087429e-89	NR4A3	c18
1.56549087225459e-28	1.05077455478335	0.079	0.032	5.25034328736745e-24	PON2	c18
2.75513422652726e-64	1.04831582504964	0.2	0.084	9.24016916892714e-60	PGRMC2	c18
2.18794701817818e-11	1.04611344794705	0.031	0.013	7.33793670956599e-07	ERRFI1	c18
3.33210107693552e-10	1.04351283697049	0.032	0.014	1.11752005918263e-05	TRBV5-1	c18
1.4444703741385e-40	1.04246911916854	0.142	0.063	4.8444647407857e-36	BRI3BP	c18
5.47414397490563e-12	1.03197429345796	0.032	0.013	1.83591840630385e-07	MPP1	c18
6.22298481248865e-137	1.03015174315344	0.69	0.418	2.08706464641244e-132	CRTAM	c18
6.29117169402582e-09	1.02066825308399	0.014	0.005	0.000210993316274238	KIR3DL1	c18
3.24710933394035e-08	1.02049314945429	0.018	0.007	0.00108901552841691	NCR3LG1	c18
6.39165657534191e-36	1.01400033130268	0.1	0.04	2.14363378223817e-31	CD200	c18
6.70623553252877e-11	0.999539967385807	0.024	0.009	2.2491372728995e-06	HS3ST1	c18
5.92072541122817e-28	0.998894685027958	0.091	0.039	1.9856928884177e-23	DRAM1	c18
3.08717513481007e-52	0.995575729977464	0.155	0.063	1.0353767967126e-47	TMEM9	c18
4.26990732646061e-09	0.992315423034284	0.01	0.002	0.000143204151914836	AC093525.6	c18
9.71362413350308e-19	0.992223268984086	0.045	0.017	3.25775526189426e-14	FAM234A	c18
5.42821420499573e-11	0.991505064814127	0.031	0.013	1.82051448007147e-06	CLCF1	c18
2.03040502152904e-59	0.988961895220552	0.187	0.08	6.80957236120409e-55	ZDBF2	c18
1.28372952982932e-11	0.987252205835849	0.029	0.012	4.30537209714158e-07	YPEL4	c18
1.29629993805371e-102	0.984228571216175	0.345	0.154	4.34753073224453e-98	BANP	c18
1.38836247691936e-08	0.980887035336348	0.022	0.009	0.000465629007509214	PLCD3	c18
2.95717445574459e-139	0.980703269004085	0.526	0.258	9.91777168967621e-135	MCUB	c18
1.25702863787567e-17	0.979528973960527	0.038	0.014	4.21582264570741e-13	NOD2	c18
4.01665046259656e-36	0.974561906619414	0.129	0.057	1.34710423214563e-31	BIK	c18
1.1429218562239e-83	0.971405754834312	0.357	0.175	3.83313132140371e-79	BET1L	c18
2.44193564521495e-14	0.969196551887141	0.032	0.012	8.18976376692191e-10	PAXIP1-AS2	c18
6.88647657250819e-09	0.967802069023659	0.014	0.004	0.00023095865128878	MIR4422HG	c18
6.11108567429541e-48	0.965898169083812	0.146	0.061	2.04953591344519e-43	ARMH1	c18
8.33022478955636e-11	0.957837194349535	0.023	0.009	2.79379078992141e-06	LMLN	c18
1.18142786197135e-50	0.956989935909878	0.189	0.086	3.96227276347953e-46	KLHL2	c18
5.38413002523921e-14	0.951502141265146	0.06	0.029	1.80572952786472e-09	TRGV2	c18
8.83369104127184e-13	0.945521002315537	0.04	0.017	2.96264330142175e-08	RBFOX1	c18
1.06375888525134e-10	0.942274834166493	0.038	0.017	3.56763454935595e-06	CCDC50	c18
1.94125756062346e-11	0.940320745937723	0.04	0.018	6.51058960681895e-07	COL9A2	c18
4.75751961941155e-15	0.939088113514934	0.046	0.02	1.59557692995825e-10	EPOP	c18
5.79959870993466e-81	0.93847072250852	0.414	0.222	1.94506941533789e-76	APLP2	c18
4.74234408185587e-35	0.93402115881201	0.12	0.053	1.59048735817282e-30	PHACTR2	c18
4.91236890114559e-25	0.93333842073096	0.188	0.112	1.64751028206621e-20	GK	c18
7.11123145898223e-08	0.93315202698223	0.031	0.015	0.00238496480671346	PMCH	c18
1.36897934400803e-16	0.932575999437005	0.071	0.035	4.59128292393413e-12	FAHD2B	c18
4.87396432378827e-23	0.93128230165925	0.073	0.031	1.63463015491211e-18	FRMD6	c18
7.44226881678141e-07	0.929155487332238	0.021	0.01	0.0249598811577215	HSBP1L1	c18
2.00067579370112e-33	0.92789483317281	0.152	0.075	6.70986647691481e-29	ZBED2	c18
3.27508632214693e-118	0.923762576454801	0.504	0.261	1.09839845072164e-113	PMAIP1	c18
4.29438189435866e-09	0.918051242403212	0.014	0.004	0.000144024979973001	OSBPL10	c18
4.53001602647035e-84	0.913410901558158	0.443	0.24	1.51927677495763e-79	SOCS1	c18
1.21079392739106e-62	0.911436632469398	0.196	0.082	4.06076067368413e-58	VAV3	c18
1.23903192205584e-56	0.910503780203721	0.194	0.085	4.15546526019086e-52	SESN3	c18
2.36189941842595e-24	0.898254587006905	0.125	0.064	7.92133826951696e-20	OXR1	c18
2.08457315029884e-21	0.895450330554143	0.073	0.032	6.99124143147225e-17	SNN	c18
1.42975037928773e-87	0.89541430813621	0.387	0.191	4.79509682205521e-83	SYPL1	c18
3.45145473714558e-44	0.893650200269134	0.155	0.069	1.15754888974388e-39	BACH2	c18
1.28162969543742e-18	0.89251535654825	0.073	0.034	4.29832967255802e-14	ABHD17B	c18
1.85554906142951e-174	0.886797804984912	0.831	0.532	6.22314044222229e-170	CREM	c18
1.12337722003245e-12	0.885373144650382	0.04	0.017	3.76758252054484e-08	KLHL25	c18
2.37324812522427e-09	0.883340897388936	0.019	0.007	7.95939956237715e-05	CXCR5	c18
3.3236286094786e-119	0.880815622089189	0.649	0.384	1.11467856304693e-114	CXCR3	c18
7.7698376459893e-10	0.879644648650169	0.032	0.014	2.60584814971189e-05	RMND5B	c18
1.43946403143227e-10	0.879035830281998	0.037	0.017	4.82767446861755e-06	TRGV4	c18
8.4995694256519e-54	0.877346818292105	0.215	0.1	2.85058559397513e-49	TSPAN3	c18
1.19337482586252e-88	0.873239840892881	0.496	0.277	4.00234049097771e-84	CD5	c18
2.01044901858081e-15	0.871668615074486	0.062	0.03	6.74264391851633e-11	GPX7	c18
3.578466719916e-16	0.866314656062925	0.05	0.022	1.20014616852543e-11	NRIP1	c18
1.99077439763202e-47	0.865202307841154	0.204	0.098	6.67665917477826e-43	NFATC1	c18
1.50814477651933e-15	0.864615611198161	0.056	0.025	5.05801595149054e-11	GKAP1	c18
1.01308429329289e-26	0.86358991939604	0.089	0.039	3.39768210284569e-22	PER2	c18
3.04461113469649e-43	0.860761600769739	0.217	0.111	1.02110168235451e-38	TSC22D1	c18
9.84116845443288e-07	0.851190732879457	0.027	0.013	0.033005310762477	FAM89A	c18
5.94607912665253e-66	0.848449371235549	0.293	0.144	1.99419601749673e-61	TMEM39A	c18
5.32589739807518e-07	0.847857990976104	0.029	0.015	0.0178619946936646	TRGV8	c18
6.36463186965858e-14	0.843585966251309	0.045	0.02	2.1345702364461e-09	TCEAL4	c18
2.68794895639808e-18	0.840672136082171	0.052	0.021	9.01484320996787e-14	TRAF3IP1	c18
9.29966346540114e-21	0.837545384908344	0.06	0.024	3.11892113302623e-16	TNFRSF13C	c18
4.58070611511639e-27	0.834877699094902	0.074	0.029	1.53627721688773e-22	BCL6	c18
2.5618396750508e-09	0.833231142357636	0.026	0.011	8.59189790218536e-05	SESTD1	c18
4.92720832079471e-22	0.832892887326083	0.086	0.04	1.65248712662813e-17	LRRC2	c18
2.85526745570238e-38	0.83251818958096	0.245	0.136	9.57599599293466e-34	PRDX2	c18
9.88522936002848e-35	0.823293027491935	0.191	0.1	3.31530822276635e-30	CHST7	c18
7.5866767555993e-40	0.823288366399539	0.217	0.114	2.54441965029289e-35	SATB1	c18
2.19013305723917e-17	0.818045843396309	0.076	0.037	7.34526824736873e-13	GNA12	c18
3.13714368251005e-09	0.817146025503473	0.024	0.01	0.000105213524824022	TRBV10-3	c18
3.04561088498737e-13	0.813057350631026	0.054	0.026	1.02143697860706e-08	TRBV5-6	c18
1.63938297642685e-08	0.809961522253359	0.025	0.011	0.000549816262634037	TMEM91	c18
3.33203204795294e-07	0.804386476875264	0.036	0.019	0.0111749690824246	AVPI1	c18
4.51830558701587e-11	0.803783738490052	0.038	0.017	1.51534932777338e-06	TP53I11	c18
1.18949327036639e-116	0.803219451545595	0.813	0.588	3.98932253015481e-112	TUBA4A	c18
1.31875563643001e-06	0.803154012164341	0.025	0.012	0.0442284265345898	UGT8	c18
1.69674464537604e-11	0.80293314146223	0.039	0.018	5.69054219166215e-07	ARHGAP5	c18
4.69513663046263e-29	0.801814725361532	0.129	0.063	1.57465492312456e-24	AFAP1	c18
4.49086136666814e-30	0.801393745423582	0.149	0.075	1.50614508515316e-25	BMI1	c18
1.31443676828808e-11	0.800069426588996	0.032	0.013	4.40835803348458e-07	AC079341.1	c18
6.61611592130775e-08	0.798817175132422	0.043	0.024	0.00221891295768819	MYL5	c18
5.34152617275014e-12	0.79542189622402	0.053	0.026	1.79144104781694e-07	KCTD21	c18
1.6326733173616e-11	0.792254693108046	0.053	0.027	5.47565977176732e-07	SERPINB6	c18
2.24628586044205e-07	0.79195453764204	0.019	0.008	0.00753359351875055	SLC1A1	c18
2.28489442402768e-22	0.790532265654639	0.097	0.047	7.66307891930403e-18	LSR	c18
1.16585026567646e-107	0.787620472419638	0.661	0.411	3.91002862102572e-103	RIC8A	c18
1.98384878547539e-07	0.785041271707634	0.027	0.013	0.00665343205672737	SV2A	c18
3.65048700260741e-34	0.784591684002423	0.148	0.071	1.22430033093447e-29	ACOX3	c18
1.01328277554435e-23	0.784534893123895	0.077	0.033	3.39834777262065e-19	SH3TC1	c18
2.64948322344555e-52	0.781064430266557	0.276	0.143	8.88583683479167e-48	CMTM7	c18
1.92570003647421e-44	0.780213088794509	0.188	0.09	6.4584127823272e-40	PASK	c18
1.47773488423328e-48	0.77813803684128	0.184	0.083	4.95602725474156e-44	RASA3	c18
6.15189516806858e-54	0.772580227023941	0.268	0.137	2.06322260146684e-49	MLLT3	c18
6.29103010576212e-141	0.77059517857696	0.772	0.492	2.1098856768705e-136	REL	c18
3.30299271086706e-23	0.76982806932127	0.152	0.085	1.10775769537059e-18	PRKAR1B	c18
3.61632768802399e-12	0.769052039420293	0.045	0.021	1.21284398000949e-07	PEAK1	c18
1.4596460488155e-11	0.766025718663714	0.041	0.019	4.89536091851742e-07	HS6ST1	c18
7.81520832329414e-98	0.761472710487811	0.675	0.431	2.62106456746639e-93	PSMD13	c18
1.00670396875738e-39	0.759404186854694	0.195	0.098	3.3762837704185e-35	SOCS3	c18
1.18915232481056e-21	0.758498609065855	0.091	0.044	3.98817906694967e-17	AC100810.1	c18
2.8269228262059e-07	0.757975260182517	0.024	0.011	0.00948093377452935	MICAL3	c18
5.35100473393066e-21	0.757972473511222	0.078	0.036	1.79461996766567e-16	MOB1B	c18
2.73127373190707e-50	0.756529892547779	0.316	0.174	9.16014584206992e-46	TM9SF1	c18
2.43803635848218e-46	0.751424300400813	0.231	0.116	8.17668633907752e-42	ZHX2	c18
5.60347301275691e-19	0.750796944189601	0.112	0.061	1.87929277901841e-14	MAGEH1	c18
2.51717699505488e-13	0.74897411457035	0.056	0.027	8.44210820601506e-09	BTLA	c18
1.86203913647431e-11	0.747813647142781	0.038	0.017	6.24490685590753e-07	RIC3	c18
1.9833281437809e-23	0.747113864695423	0.048	0.016	6.65168592861237e-19	GIPR	c18
7.62275790357321e-19	0.744722555639389	0.078	0.037	2.55652054570038e-14	RAB30	c18
5.1297114379243e-08	0.744583676836207	0.026	0.012	0.00172040262205105	QPCTL	c18
1.4475788442983e-10	0.737709754267008	0.054	0.028	4.85488992800763e-06	C1orf198	c18
3.13630024090061e-73	0.737596282705124	0.655	0.446	1.05185237479325e-68	LDLRAD4	c18
5.06714953568594e-09	0.737564766439005	0.032	0.015	0.000169942061127835	LINC01806	c18
9.72335165699661e-55	0.734263319668758	0.318	0.175	3.26101767872352e-50	MCOLN2	c18
2.31298279612292e-19	0.732923714546124	0.073	0.034	7.75728170163703e-15	CUX1	c18
1.68691441690933e-11	0.724045709073437	0.068	0.037	5.65757357143052e-07	TAF9B	c18
3.35085813028863e-07	0.72058976433019	0.021	0.009	0.011238107997362	MICU3	c18
1.14443644700355e-09	0.72004805347687	0.037	0.018	3.83821095596052e-05	TEX2	c18
1.41073144579465e-08	0.717587046687307	0.025	0.011	0.000473131112290611	ZNF154	c18
1.68555135591924e-07	0.71494689242267	0.034	0.018	0.00565300213748196	ICA1	c18
1.81473371196847e-14	0.714739589128305	0.049	0.022	6.08625392319987e-10	UTS2	c18
5.81207042588437e-179	0.714558908095866	0.981	0.849	1.9492521794331e-174	LDHA	c18
5.6447945706287e-41	0.710865355578297	0.273	0.153	1.89315120309745e-36	MTFP1	c18
1.0769929307386e-08	0.702164694709381	0.03	0.014	0.000361201889111111	GGT7	c18
1.54353931194934e-19	0.702158638382227	0.107	0.056	5.1767221444157e-15	ICAM2	c18
1.02779819677299e-97	0.701840972362595	0.83	0.62	3.44702959233725e-93	FAM177A1	c18
2.74022500302839e-180	0.697847188625399	0.968	0.802	9.19016661515661e-176	DUSP4	c18
1.00333604658886e-66	0.695927947220657	0.51	0.309	3.36498843304971e-62	PTP4A1	c18
9.59033998765775e-54	0.695494472562679	0.375	0.217	3.21640822506066e-49	SPN	c18
3.95384861171239e-18	0.695040398145344	0.095	0.049	1.3260417473961e-13	A1BG-AS1	c18
3.45959953235122e-131	0.692936602315673	0.912	0.739	1.16028049115995e-126	CXCR4	c18
8.59226675293117e-58	0.6922989519663	0.288	0.146	2.88167442359806e-53	HGSNAT	c18
5.53441601048905e-24	0.686820159822765	0.171	0.097	1.85613244159782e-19	ELK1	c18
1.08189805439007e-15	0.686156156164795	0.127	0.076	3.62846969481341e-11	GADD45A	c18
8.6004154795561e-54	0.683766885937124	0.355	0.199	2.88440734353352e-49	IRF2BP2	c18
7.0757605634762e-39	0.683718932171081	0.276	0.16	2.37306857777865e-34	RGS2	c18
1.23374658206247e-11	0.683513478330832	0.023	0.008	4.13773928692113e-07	FRMD4A	c18
2.2788416040092e-18	0.681275061287983	0.066	0.03	7.64277897152605e-14	PLD2	c18
1.26882175826464e-38	0.680916123290803	0.438	0.298	4.25537441286794e-34	SH2D1A	c18
6.92982796293501e-12	0.677073054824121	0.06	0.031	2.32412570220914e-07	NAP1L5	c18
1.38569537521895e-06	0.676161904013002	0.015	0.006	0.0464734514940931	FER	c18
2.78548265401869e-07	0.674534533791265	0.019	0.008	0.0093419517250479	ZNF347	c18
3.25597676251111e-11	0.67423769462298	0.032	0.014	1.09198948661098e-06	TMOD2	c18
2.56706907523684e-69	0.673160796961377	0.359	0.188	8.60943626452932e-65	TSHZ2	c18
2.82968105647767e-14	0.667453041456148	0.055	0.026	9.49018432721479e-10	WDR91	c18
2.63384211139489e-07	0.666603684543451	0.03	0.015	0.00883337967319618	AC012645.3	c18
3.70394786620513e-32	0.665761312304288	0.186	0.098	1.24223003536788e-27	CD28	c18
6.65122032405114e-30	0.662795819705975	0.175	0.093	2.23068627228027e-25	BEX4	c18
1.70470515095727e-12	0.662730382454017	0.069	0.037	5.7172401352805e-08	COQ2	c18
3.24145509041652e-10	0.659788938589447	0.029	0.012	1.08711920822389e-05	PDE8A	c18
4.86719834051157e-36	0.658769168512804	0.286	0.17	1.63236097944077e-31	CRELD2	c18
4.86459776043902e-49	0.658047342827216	0.408	0.247	1.63148879689604e-44	A1BG	c18
1.96931376902235e-80	0.6573849128058	0.636	0.407	6.60468451854717e-76	NFKB1	c18
5.34929466152112e-10	0.656354518777722	0.034	0.015	1.79404644358095e-05	FADS3	c18
7.39303909599336e-09	0.655817925146092	0.034	0.016	0.000247947745201425	CCDC138	c18
4.99780941574122e-13	0.652952517669928	0.044	0.019	1.67616532185129e-08	ZSCAN18	c18
1.98918767036673e-20	0.652882706061116	0.129	0.071	6.67133760887595e-16	BNIP3	c18
6.78570560535031e-23	0.652769495361231	0.129	0.068	2.27578994592239e-18	ABAT	c18
5.66498418105881e-11	0.6520374768582	0.062	0.034	1.8999223946435e-06	HES4	c18
2.68253777008544e-16	0.650084251553697	0.112	0.063	8.99669517331257e-12	HSD17B12	c18
8.06250935982826e-53	0.647104091940865	0.508	0.33	2.7040043890992e-48	KPNA2	c18
6.45607426240348e-14	0.64563877401042	0.118	0.072	2.16523818612488e-09	NUCB2	c18
2.0100792261921e-18	0.643424844655325	0.119	0.066	6.74140370880306e-14	TGFBR3	c18
1.19229160775441e-38	0.643374181110702	0.326	0.197	3.99870759408674e-34	EIF4EBP1	c18
7.08771190311693e-07	0.642030909750595	0.037	0.02	0.0237707681806735	NME4	c18
2.80420459477728e-24	0.64169593897412	0.128	0.066	9.40474136996404e-20	KCNK6	c18
7.41396014159306e-30	0.641446787610762	0.199	0.111	2.48649395228748e-25	ECE1	c18
3.04776350997485e-21	0.640938453789099	0.121	0.064	1.02215892597537e-16	B3GLCT	c18
9.2479146120041e-17	0.639345687988949	0.168	0.106	3.10156560257394e-12	ZMYND11	c18
2.27728782027153e-18	0.638740374040669	0.086	0.042	7.63756789162666e-14	SLC37A1	c18
6.27392616272522e-77	0.633223098708766	0.5	0.289	2.10414935645478e-72	PRKX	c18
4.05473762448092e-11	0.630224537223723	0.088	0.052	1.35987790449841e-06	ABHD6	c18
3.88124746189888e-13	0.62899623664066	0.038	0.016	1.30169277377165e-08	MCF2L2	c18
2.01555495099704e-33	0.628791193117803	0.181	0.094	6.75976819465389e-29	PDE7A	c18
2.68791960157675e-36	0.627541721854735	0.233	0.128	9.01474475976811e-32	WDR18	c18
3.79624372537106e-62	0.622528689892614	0.665	0.466	1.27318422061495e-57	GYPC	c18
8.9925724183136e-28	0.621497514689704	0.226	0.134	3.01592893765402e-23	ADI1	c18
8.61483675045054e-115	0.620283338274239	0.952	0.734	2.8892439493661e-110	LMNA	c18
1.16370728309573e-07	0.618597993356072	0.049	0.028	0.00390284148604644	PARP3	c18
8.50432213863663e-21	0.618135767814159	0.129	0.07	2.85217955885595e-16	CPNE7	c18
2.58680096576123e-10	0.616621147503423	0.072	0.041	8.67561307897e-06	DHCR7	c18
1.80453651434667e-11	0.61660605437045	0.119	0.076	6.05205456181587e-07	LIMA1	c18
5.87731411206821e-67	0.616492940083848	0.663	0.45	1.97113360690544e-62	TNFRSF9	c18
2.55677551918518e-31	0.615684554088414	0.213	0.119	8.57491373624325e-27	SFT2D1	c18
2.85855707192384e-66	0.615344451203789	0.594	0.381	9.58702870781817e-62	STARD7	c18
3.1754758299625e-18	0.612372454049071	0.158	0.095	1.06499108385282e-13	HPCAL1	c18
3.15702943192183e-23	0.611378466688153	0.166	0.094	1.05880453087794e-18	PKIA	c18
8.87028255620289e-08	0.608364754924999	0.032	0.016	0.00297491536369933	NRROS	c18
4.36520618489939e-07	0.605455104562216	0.03	0.015	0.0146400285029156	FAM117B	c18
1.18916088349406e-06	0.605413420818437	0.027	0.013	0.0398820777106238	ZYG11B	c18
1.81994721613954e-09	0.605231741320786	0.049	0.026	6.10373897348878e-05	TRBV12-4	c18
1.11668007289513e-23	0.604936389210768	0.101	0.048	3.74512162847568e-19	ERGIC1	c18
1.37425714744526e-48	0.604046462685145	0.385	0.232	4.60898362110192e-44	NCOA7	c18
5.23672867024901e-108	0.60338224805661	0.41	0.192	1.75629406142811e-103	NR4A2	c18
6.96910100489455e-11	0.601561824776487	0.06	0.032	2.33729709502153e-06	LETM2	c18
2.19506218097828e-51	0.600005130788436	0.552	0.368	7.36179954256494e-47	AP3S1	c18
1.24336349783088e-15	0.598259271727679	0.087	0.046	4.1699924990252e-11	PIK3CB	c18
3.22769235282693e-16	0.597844626599991	0.053	0.023	1.0825034612911e-11	CDHR3	c18
3.00158661033906e-19	0.595937972470001	0.103	0.054	1.00667211737551e-14	LRIG1	c18
2.52078499149077e-18	0.593857906341113	0.109	0.059	8.45420870446173e-14	CHD7	c18
5.00874226833919e-17	0.593031887633432	0.133	0.078	1.6798319819556e-12	PQLC1	c18
2.28774741571816e-08	0.587447135389145	0.034	0.016	0.000767264728283556	GFPT2	c18
7.83320649153367e-19	0.587073687949272	0.131	0.074	2.62710079313056e-14	AIM2	c18
1.90502097085101e-117	0.5870316533207	0.93	0.745	6.38905933204011e-113	TGFB1	c18
6.24242760437891e-29	0.585198295578142	0.163	0.086	2.0935853699566e-24	POGLUT1	c18
1.09233500874509e-74	0.585087914808555	0.806	0.617	3.66347315232929e-70	PPP1R2	c18
6.44562758062699e-54	0.584759253556063	0.313	0.166	2.16173457799068e-49	GPCPD1	c18
1.2739435632365e-30	0.583212562597472	0.199	0.109	4.27255192238258e-26	CTPS1	c18
1.34440990564057e-11	0.580987937101378	0.094	0.056	4.50888194153736e-07	AC083798.2	c18
9.23159078104283e-20	0.579020528741219	0.14	0.079	3.09609091614614e-15	LRRC8D	c18
6.13999030080131e-09	0.576180104210038	0.054	0.03	0.000205922994708274	SPHK1	c18
2.27625009194061e-19	0.575689693304688	0.134	0.075	7.63408755835041e-15	SEMA4A	c18
6.1706793827155e-07	0.575403745163499	0.027	0.013	0.0206952245137512	TIGD1	c18
1.96605240363372e-17	0.5752417827345	0.095	0.05	6.59374655130678e-13	TRIM44	c18
4.81525846516165e-68	0.574443109104189	0.782	0.59	1.61494138404591e-63	MRPS6	c18
5.96335375137727e-75	0.57434715203241	0.656	0.425	1.99998958113691e-70	USP11	c18
2.44119812948822e-86	0.574323396873186	0.922	0.788	8.18729028667759e-82	ZFP36	c18
1.4601586670082e-18	0.573364627710794	0.129	0.073	4.89708013741209e-14	MANBA	c18
2.96004492522714e-12	0.571554259526939	0.072	0.039	9.92739867022677e-08	ZNF557	c18
5.23164656000665e-09	0.569077890132486	0.053	0.029	0.000175458962329503	C1orf21	c18
7.7196326338565e-07	0.568901000507387	0.02	0.009	0.0258901039274279	SIK1B	c18
8.10713775443843e-10	0.566348883804605	0.047	0.024	2.71897186008356e-05	RNF135	c18
7.81097510728673e-31	0.566210234943009	0.249	0.146	2.61964483148182e-26	LRRC41	c18
1.37497355262113e-123	0.565047812676839	0.988	0.893	4.61138630078074e-119	ACTG1	c18
1.81793953570124e-07	0.562662940800258	0.037	0.019	0.00609700561483481	TMEM150A	c18
3.83101868218921e-10	0.559371481674513	0.043	0.021	1.28484704563262e-05	PPP1R13B	c18
5.26648980006922e-08	0.557632444002113	0.048	0.027	0.00176627534914722	DBNDD2	c18
4.24345088748426e-11	0.557055031966998	0.074	0.042	1.42316855864447e-06	ZNF100	c18
6.90139096630051e-44	0.555131062483159	0.283	0.156	2.31458850227786e-39	WHRN	c18
3.47572272371486e-30	0.552418910701807	0.152	0.076	1.16568788707949e-25	SIPA1	c18
1.38703918590755e-06	0.552018090738944	0.024	0.011	0.0465185202169675	DLK2	c18
3.20030570900585e-25	0.549107995830984	0.298	0.195	1.07331852868638e-20	PPP1R14B	c18
8.77668151572031e-24	0.548621214749871	0.149	0.082	2.94352344674228e-19	ITPKB	c18
1.68864925783197e-41	0.548134391942021	0.443	0.286	5.66339188091685e-37	IMPDH2	c18
1.98828772759973e-10	0.547483427468398	0.058	0.031	6.66831938082397e-06	FLVCR2	c18
3.67949716301571e-21	0.546577655038778	0.156	0.09	1.23402975853221e-16	THAP2	c18
2.20960963944852e-31	0.54426665234579	0.254	0.148	7.41058880878244e-27	CHMP1B	c18
1.74506239465068e-73	0.542605856557277	0.765	0.563	5.85259025917945e-69	WSB1	c18
8.205309175693e-12	0.539600558470844	0.062	0.032	2.75189659134392e-07	CADM1	c18
8.7614613239345e-14	0.539353995143824	0.115	0.069	2.93841889882115e-09	PEPD	c18
8.63376536976208e-18	0.536533074388399	0.176	0.11	2.89559222971081e-13	MYL6B	c18
3.61520276120351e-12	0.536087010365257	0.078	0.044	1.21246670205243e-07	BICD1	c18
1.6595212335716e-10	0.533568775670412	0.06	0.032	5.56570231315243e-06	ZSCAN22	c18
1.30849967584606e-16	0.533307391771442	0.164	0.102	4.38844621285251e-12	MLF1	c18
2.48996245961912e-26	0.532535523346302	0.162	0.088	8.3508360970706e-22	UBE2O	c18
4.33974540558463e-07	0.531064537511565	0.043	0.024	0.0145546381412497	SPRYD4	c18
1.5427423856236e-09	0.5290807302892	0.132	0.09	5.17404941290443e-05	CD83	c18
9.79586189585093e-21	0.527287987547678	0.15	0.085	3.28533616263048e-16	PEX3	c18
1.46452380134575e-07	0.526922149505689	0.025	0.012	0.00491171992495339	MYO1D	c18
1.00181098750981e-100	0.525976696752297	0.737	0.453	3.35987368991041e-96	IL7R	c18
1.58108970555408e-11	0.525778667750283	0.092	0.055	5.30265865448728e-07	TYMS	c18
7.23535865329958e-13	0.525181977459166	0.108	0.065	2.42659458514361e-08	CHPF	c18
7.62009284103699e-21	0.524991656718798	0.107	0.055	2.55562673702698e-16	ENOSF1	c18
1.76510089539813e-55	0.524492064933695	0.571	0.368	5.91979538298624e-51	SEC14L1	c18
1.91966631574493e-10	0.524271114457741	0.064	0.036	6.43817688974533e-06	TAF4B	c18
5.28194026734906e-33	0.524139743951183	0.504	0.354	1.77145712686353e-28	GRSF1	c18
1.0183809801146e-50	0.523294545538349	0.461	0.285	3.41544613110835e-46	CSRNP1	c18
3.0879749188162e-07	0.52127265564919	0.052	0.031	0.0103564502827258	TMEM64	c18
1.22880802644738e-06	0.521255192558205	0.044	0.025	0.0412117635909922	FAM189B	c18
2.08839362373906e-27	0.521135344466182	0.312	0.203	7.00405453529607e-23	CMC1	c18
3.15716026987075e-10	0.52090532348281	0.071	0.041	1.05884841130925e-05	PDE4A	c18
2.04588299174152e-35	0.519970757117296	0.428	0.284	6.86148237770269e-31	RAB9A	c18
4.14370136835084e-13	0.519416411294893	0.081	0.045	1.38971456491751e-08	KLRC3	c18
3.68724051679406e-23	0.519411155824679	0.083	0.037	1.23662672452239e-18	AREG	c18
1.89877785301453e-07	0.515787691577831	0.035	0.018	0.00636812116344012	MOSMO	c18
2.52545543395686e-07	0.515194761507592	0.043	0.024	0.00846987243440451	REPIN1	c18
1.38127032169312e-16	0.513386217489666	0.13	0.076	4.63250440489438e-12	FN3KRP	c18
1.08869349242011e-10	0.511402708498014	0.054	0.028	3.65126023487858e-06	DUSP8	c18
7.76163419449064e-07	0.510987776436116	0.033	0.017	0.0260309687614827	NAP1L2	c18
1.49745648768349e-10	0.510337387934002	0.089	0.054	5.02216956839287e-06	CYREN	c18
2.86434364534941e-12	0.509995853501129	0.088	0.05	9.60643571777285e-08	FAM220A	c18
4.5163751932409e-24	0.509293208645023	0.259	0.165	1.51470191230913e-19	SMS	c18
2.32364670651231e-07	0.509201408698747	0.12	0.085	0.00779304632430097	HMGB3	c18
2.07242292339697e-25	0.508504352896832	0.322	0.213	6.95049200048877e-21	NDFIP2	c18
1.90604148623487e-23	0.507659666236323	0.231	0.142	6.39248193653451e-19	AGPAT2	c18
5.08928096046021e-13	0.507105666224104	0.08	0.044	1.70684304851915e-08	ARHGAP31	c18
1.36259963299784e-15	0.505835527568538	0.177	0.114	4.56988664914815e-11	TRMT6	c18
1.04963424502008e-07	0.505255545264232	0.05	0.029	0.00352026333094834	STAG3	c18
5.41085837826374e-07	0.505162980681639	0.047	0.027	0.0181469368290209	ZNF287	c18
3.70596743174643e-08	0.505011367505783	0.043	0.023	0.00124290735725912	ZNF254	c18
5.49385031380714e-46	0.504274100093784	0.515	0.337	1.84252751824464e-41	MARCKSL1	c18
6.16746846857527e-07	0.50418466640489	0.06	0.037	0.0206844557499077	ZC3HC1	c18
2.07130632630501e-34	0.503694997742147	0.348	0.219	6.94674715716175e-30	YBX3	c18
6.1537275281756e-28	0.503342816289679	0.205	0.116	2.06383713839953e-23	CYTH3	c18
1.74809837442159e-27	0.503150384274054	0.218	0.127	5.86277232813512e-23	TESPA1	c18
1.52292421676462e-22	0.502406504736561	0.152	0.085	5.10758323818518e-18	MYO6	c18
6.32812638354317e-39	0.500923652001044	0.487	0.325	2.12232702651271e-34	ITM2C	c18
4.72511159269567e-07	0.50012665332821	0.049	0.029	0.0158470792595827	SSBP2	c18
1.90250104003188e-07	0.498710533302481	0.051	0.03	0.00638060798805893	MAFF	c18
5.12646868822831e-25	0.497892604506159	0.159	0.087	1.71931506865801e-20	GFOD1	c18
7.92376929386958e-86	0.497375051579253	0.781	0.534	2.65747374577798e-81	STAT5A	c18
2.09669401340164e-56	0.496785320532094	0.605	0.4	7.03189238214642e-52	ARID5A	c18
3.20943660272748e-11	0.495583276949627	0.076	0.043	1.07638084782274e-06	FAM131A	c18
2.16899677253485e-13	0.494612750329124	0.097	0.056	7.27438137572738e-09	FHL3	c18
1.40423502047909e-09	0.49306626500475	0.094	0.059	4.70952341168278e-05	DNAJC30	c18
2.39656346823459e-24	0.491424037737834	0.219	0.131	8.03759455976518e-20	DUSP14	c18
2.02288451410034e-15	0.491367722070795	0.104	0.058	6.78435008338972e-11	RBFA	c18
6.72269977800254e-10	0.490534309317461	0.072	0.042	2.25465905154649e-05	JAZF1	c18
6.92196257356159e-40	0.489202072174786	0.717	0.564	2.32148780792109e-35	BIRC3	c18
1.21955078053697e-16	0.488949712025617	0.187	0.12	4.0901294077649e-12	SERTAD3	c18
3.05637811244864e-16	0.488721952177187	0.142	0.086	1.02504809135302e-11	PRCP	c18
8.03572471649372e-17	0.488465601854117	0.093	0.049	2.69502135541766e-12	TNFRSF4	c18
1.17739779048799e-07	0.487984483261114	0.036	0.019	0.00394875670973861	NOCT	c18
7.42646351503594e-12	0.487529435953031	0.075	0.041	2.49068733367275e-07	PLEKHG1	c18
5.30643273678882e-188	0.484966352317766	0.999	0.94	1.77967141126423e-183	RPL3	c18
1.05458292519213e-62	0.48449798787553	0.861	0.683	3.53686021450937e-58	GPX4	c18
1.07323175512756e-16	0.482752359470515	0.171	0.108	3.59940466034682e-12	ETV1	c18
1.33507802827883e-42	0.482385054206386	0.521	0.346	4.47758469124155e-38	CYSTM1	c18
2.01320635940332e-26	0.4809636521603	0.245	0.149	6.75189148816686e-22	COMMD1	c18
4.07751471205589e-14	0.480365828669451	0.133	0.082	1.3675168841293e-09	RRAS2	c18
4.2928696371833e-28	0.476934455573339	0.309	0.197	1.43974261891853e-23	WDR74	c18
1.53635078819464e-15	0.476317775289183	0.095	0.051	5.1526132734472e-11	AL359220.1	c18
9.43363842723732e-23	0.475281990781183	0.119	0.06	3.16385365572685e-18	EPHA4	c18
1.40507465923632e-07	0.47467115920617	0.034	0.017	0.00471233939214676	FGFRL1	c18
2.78728842723465e-07	0.474549113914114	0.061	0.038	0.00934800792725956	LARP1B	c18
2.11310171863958e-53	0.473426416655919	0.913	0.811	7.08692054397342e-49	IFITM1	c18
1.21801399312354e-32	0.472405138800558	0.39	0.254	4.08497533013774e-28	RTCB	c18
6.70132478821919e-07	0.471711708557942	0.056	0.034	0.0224749030747295	GBE1	c18
6.17020462833129e-08	0.471403555400935	0.062	0.037	0.00206936322824975	TCEAL3	c18
3.51917211896372e-40	0.470770026747563	0.357	0.214	1.18025994525805e-35	PMEPA1	c18
1.33328872128105e-29	0.470228268031157	0.349	0.227	4.47158371343238e-25	GRAMD1A	c18
1.52859498216685e-09	0.470046118418125	0.068	0.039	5.12660185119117e-05	HOOK2	c18
1.26017488559232e-07	0.469931179503821	0.06	0.036	0.00422637453129951	TRMT44	c18
3.8315416282947e-40	0.465846842892349	0.417	0.264	1.28502243129748e-35	RANGAP1	c18
1.09478319362066e-54	0.465547074537267	0.495	0.311	3.67168387476497e-50	CEMIP2	c18
1.37611751966453e-26	0.464894925329018	0.179	0.099	4.6152229374509e-22	KMT5C	c18
2.00752493253806e-09	0.464467028405097	0.051	0.028	6.73283711874615e-05	AACS	c18
6.43629219245718e-08	0.464314100646237	0.055	0.032	0.00215860367550629	MARCH3	c18
3.60574159251293e-65	0.464008328845615	0.621	0.397	1.20929361529699e-60	KDM6B	c18
9.50927411913433e-31	0.463167762579073	0.25	0.146	3.18922035407527e-26	WIPF3	c18
6.45650748702482e-55	0.46275753028037	0.549	0.346	2.16538348099838e-50	GZMK	c18
6.68665661058565e-14	0.462112030816621	0.101	0.058	2.24257089405822e-09	ZNF260	c18
2.13501662214799e-27	0.461795735914972	0.187	0.104	7.16041874735992e-23	ITPRIP	c18
1.13679391629694e-08	0.461418020600376	0.092	0.059	0.000381257943647669	SLC39A8	c18
5.29385865428149e-14	0.460150625142269	0.132	0.081	1.77545431547293e-09	CD8B2	c18
1.50954917033413e-09	0.459823704620436	0.08	0.048	5.06272600746661e-05	LZTFL1	c18
3.48628201996326e-09	0.459104785839854	0.045	0.023	0.000116922926385528	ARL10	c18
1.6694171850341e-49	0.457957783829181	0.784	0.595	5.59889135516738e-45	SH2D2A	c18
4.42183952649497e-12	0.455618988085772	0.093	0.054	1.48299654039588e-07	EIF4ENIF1	c18
7.49221459921709e-14	0.454236558834006	0.102	0.059	2.51273893228543e-09	CRIP2	c18
4.10472407523408e-12	0.452610111229478	0.125	0.079	1.37664236035201e-07	STK26	c18
1.39197793737545e-09	0.452207113436143	0.062	0.035	4.66841560636979e-05	CCDC157	c18
1.22667945618715e-12	0.451468640241109	0.124	0.077	4.11403756016046e-08	PRPS2	c18
4.08113909192801e-48	0.448730784264218	0.558	0.376	1.36873242865082e-43	SLC2A3	c18
3.88051396936737e-14	0.44447180115138	0.138	0.085	1.30144677504643e-09	PRR7	c18
5.03136674001169e-30	0.444176333970331	0.291	0.179	1.68741977726512e-25	ELMO1	c18
2.39413463311538e-27	0.443357884132526	0.37	0.247	8.02944873254237e-23	SERTAD1	c18
7.05710146281529e-12	0.442543934432199	0.141	0.092	2.36681068859899e-07	DEXI	c18
7.38338842107405e-148	0.440491372908253	0.998	0.932	2.47624080865981e-143	RPS5	c18
1.04524613912685e-57	0.438747123674256	0.83	0.644	3.50554650140363e-53	YPEL5	c18
7.29764531154611e-14	0.438586293910151	0.165	0.107	2.44748428458634e-09	RPA1	c18
4.32443507358218e-16	0.438334835701358	0.156	0.096	1.45032903497799e-11	SPATA2L	c18
7.26656115620689e-08	0.437932969704886	0.055	0.032	0.00243705928056867	N4BP3	c18
6.59557584993281e-131	0.436915221445754	0.999	0.945	2.21202422855046e-126	RPLP0	c18
3.10348942464258e-11	0.436800644646329	0.172	0.12	1.04084828323663e-06	ZNF683	c18
7.09554337083431e-265	0.435458978066746	1	0.973	2.37970333571041e-260	EEF1A1	c18
4.0413205617159e-31	0.434823068984055	0.441	0.298	1.35537808998828e-26	SURF2	c18
6.31926623395306e-19	0.434673231303465	0.139	0.079	2.11935550954318e-14	KIAA0513	c18
8.26425295855368e-40	0.434392813420698	0.722	0.56	2.77166515723973e-35	NDUFV2	c18
1.08785194046307e-167	0.434385041411346	0.999	0.949	3.64843783792505e-163	RPS18	c18
1.25688065024204e-27	0.432704589445747	0.308	0.195	4.21532632478175e-23	HACD3	c18
4.64316248665224e-17	0.432548792883668	0.141	0.083	1.55722383477343e-12	PDP1	c18
3.97479840704933e-09	0.432442603602865	0.076	0.046	0.00013330678897562	RBBP9	c18
4.99173356821063e-20	0.432434143698491	0.132	0.073	1.67412760410648e-15	ZC3H7B	c18
1.95869668300851e-16	0.432270192421305	0.101	0.055	6.56907693547393e-12	AP2A2	c18
8.29417272091236e-10	0.432074069977921	0.096	0.061	2.78169964713959e-05	LRRC14	c18
7.35338938131812e-07	0.430636192752249	0.037	0.02	0.0246617973070647	CARM1	c18
1.32658884821377e-07	0.430152647581612	0.055	0.032	0.00444911367913932	PHLDB3	c18
3.64858282244513e-11	0.429138030802982	0.068	0.037	1.22366170699165e-06	SPAG4	c18
8.73560464735725e-10	0.42782556950929	0.087	0.054	2.92974708663067e-05	CD80	c18
5.1693377799437e-14	0.427558293139465	0.104	0.06	1.73369250463752e-09	GXYLT1	c18
7.0382757800541e-07	0.42701956798019	0.03	0.015	0.0236049693111454	TUBG2	c18
5.64606655353103e-12	0.426581799538282	0.097	0.058	1.89357780072324e-07	IFT43	c18
4.48117757941898e-17	0.425526448375959	0.126	0.072	1.50289733658554e-12	ATXN7L1	c18
1.59775824127787e-61	0.425312961565567	0.808	0.612	5.35856158959771e-57	CD6	c18
9.57176129547866e-08	0.424859423762854	0.068	0.042	0.00321017730327763	DSTYK	c18
5.29899921864656e-48	0.424490226271203	0.773	0.588	1.77717835794968e-43	PPM1G	c18
8.56084163333554e-10	0.423663283918764	0.079	0.047	2.87113506698807e-05	RIPOR1	c18
2.97678291383834e-14	0.422237897254143	0.097	0.055	9.98353453643102e-10	HAGHL	c18
4.13318598054136e-148	0.420720424059959	1	0.96	1.38618791415396e-143	RPS26	c18
6.61304985954176e-18	0.419479294771812	0.085	0.042	2.21788466189312e-13	GSE1	c18
1.41383699977033e-25	0.419418476947343	0.266	0.165	4.74172652982972e-21	HYOU1	c18
1.63711712827863e-25	0.417410030661036	0.142	0.074	5.49056342482086e-21	IKZF2	c18
7.09900446709899e-23	0.417084042024905	0.23	0.144	2.38086411817566e-18	PAM	c18
3.87801423251273e-09	0.417055136332422	0.076	0.046	0.000130060841330012	PDHX	c18
1.09519973769627e-26	0.416756592696996	0.498	0.363	3.67308088028576e-22	GZMM	c18
1.23571450090038e-69	0.414982712010891	0.974	0.896	4.1443392931197e-65	EZR	c18
6.6227716948442e-07	0.414850729969372	0.066	0.041	0.0222114517101685	ALG11	c18
1.97738797169757e-18	0.412246827389314	0.171	0.104	6.6317637794793e-14	ASAP1	c18
5.28669308266139e-51	0.411813913218167	0.686	0.497	1.77305112606298e-46	TSPYL2	c18
1.34688103281585e-51	0.409300617188741	0.808	0.618	4.51716960785781e-47	EMD	c18
7.17645506038787e-09	0.408951442422866	0.06	0.034	0.000240683949815288	ZNF496	c18
7.84043649642877e-11	0.408690882869501	0.11	0.07	2.62952559217228e-06	B3GALT6	c18
3.69382948649881e-21	0.407867508182823	0.239	0.151	1.23883653318197e-16	PIGX	c18
2.05474538961378e-07	0.407805082433237	0.053	0.031	0.00689120508768668	ACADSB	c18
1.38872308127186e-12	0.406945871124067	0.091	0.052	4.65749946996955e-08	FASN	c18
1.53081839262648e-15	0.406801406677449	0.112	0.063	5.1340587251907e-11	CEP83	c18
3.81000109182793e-23	0.403942303970833	0.23	0.141	1.27779816617725e-18	MYD88	c18
6.67306866803852e-25	0.402564424299094	0.236	0.143	2.23801376988676e-20	SUPV3L1	c18
4.57046500470916e-22	0.402358532569476	0.278	0.18	1.53284255327936e-17	OVCA2	c18
2.51457116189916e-51	0.402042553595321	0.546	0.349	8.43336876277741e-47	GGA2	c18
1.55606074308745e-12	0.401096417646547	0.133	0.084	5.21871652016669e-08	TULP3	c18
4.6636787349314e-48	0.395859949370551	0.868	0.718	1.56410457412129e-43	CALR	c18
2.3967758172846e-11	0.394745128063211	0.105	0.064	8.03830673600908e-07	FAM199X	c18
4.17577506426484e-11	0.394494534230376	0.07	0.039	1.40047144105314e-06	ATP11C	c18
5.0820674933838e-09	0.393490620209401	0.055	0.03	0.000170442379593106	GAN	c18
2.71242271179539e-30	0.393112400486923	0.517	0.365	9.09692329081939e-26	ANXA7	c18
7.88674800577839e-19	0.393010634566417	0.196	0.123	2.64505754617796e-14	ELL2	c18
6.53919309150122e-32	0.392846167292741	0.392	0.257	2.19311457902768e-27	SETD2	c18
1.43928555260714e-26	0.391813915809534	0.385	0.256	4.82707588633383e-22	ALKBH7	c18
7.50051580846826e-08	0.391812006361373	0.133	0.094	0.00251552299184408	NINJ2	c18
3.28041269627745e-07	0.390355901077807	0.055	0.033	0.0110018481007753	STRBP	c18
1.74958540652447e-144	0.389492154845991	1	0.952	5.86775953640175e-140	RPS8	c18
5.12798614409991e-10	0.388012179888463	0.142	0.097	1.71982399300823e-05	OAS1	c18
1.33563549309879e-18	0.385801694790095	0.237	0.154	4.47945431675473e-14	UBE2D1	c18
1.12331034214297e-06	0.384153645578154	0.062	0.039	0.0376735822547908	KIF1BP	c18
4.42052848880234e-32	0.383508743210732	0.45	0.304	1.48255684457453e-27	SEPT6	c18
1.98925737667507e-71	0.383200091688821	0.959	0.844	6.67157138989285e-67	EEF1B2	c18
3.70466575796901e-08	0.381384725846813	0.063	0.038	0.00124247080190765	CREG1	c18
1.23916750716926e-35	0.381171348251013	0.678	0.511	4.15591998554428e-31	PAK2	c18
5.9142870195067e-07	0.38015652535467	0.091	0.062	0.0198353358060216	WRAP53	c18
3.06444427514961e-21	0.379794176790578	0.139	0.077	1.02775332099967e-16	PLEKHG2	c18
1.00353126561877e-22	0.379589451831625	0.269	0.172	3.36564315863222e-18	GPR132	c18
1.77893708100586e-15	0.379174144461737	0.265	0.185	5.96619918227745e-11	CPNE3	c18
9.85326569147949e-14	0.37913934854564	0.169	0.11	3.30458824760839e-09	FBXO34	c18
2.34095409536793e-11	0.378770172536858	0.124	0.08	7.85109184504498e-07	SIK2	c18
7.530829187238e-18	0.377345351561673	0.3	0.209	2.52568949281588e-13	IGFLR1	c18
7.12109601752847e-64	0.376793814590162	0.958	0.846	2.3882731823587e-59	CD8A	c18
2.25610948176056e-35	0.375796289178435	0.699	0.545	7.56653997992858e-31	TRAT1	c18
6.49105427348604e-21	0.375628776630038	0.215	0.133	2.17696978224175e-16	ACAA1	c18
5.13593044389739e-49	0.375394824758435	0.901	0.769	1.72248835227431e-44	COTL1	c18
2.04520230137559e-18	0.375068663720669	0.22	0.141	6.85919947835344e-14	BCKDK	c18
1.26211903360769e-12	0.373485812192822	0.108	0.065	4.23289481491348e-08	TNFSF8	c18
6.86349431408015e-16	0.372573869232542	0.262	0.181	2.3018787230562e-11	EEF1G	c18
4.84554608446657e-31	0.37256006385738	0.364	0.232	1.6250992458084e-26	PITPNC1	c18
1.34311442570878e-08	0.372174414920331	0.109	0.073	0.000450453716094211	PRPSAP2	c18
2.30833810023686e-48	0.371970064055928	0.879	0.709	7.74170432057439e-44	EIF3F	c18
8.17426505647873e-59	0.371697028817199	0.94	0.812	2.74148501464184e-54	SKP1	c18
1.90292122336524e-41	0.370163898331793	0.745	0.567	6.38201719892235e-37	HNRNPUL1	c18
1.60979828362087e-24	0.369469028700841	0.437	0.308	5.39894148360768e-20	LAP3	c18
1.54044449729317e-16	0.369275265786553	0.168	0.104	5.16634275502185e-12	BAIAP2	c18
2.41306546462141e-12	0.369033561379218	0.12	0.074	8.09293895524729e-08	SACS	c18
6.67473894423545e-08	0.368421984746777	0.068	0.042	0.00223857394711768	TSHZ1	c18
3.32960010488084e-11	0.368139026803789	0.132	0.086	1.11668128317494e-06	UBAC1	c18
2.06343732033662e-33	0.367274096289427	0.624	0.449	6.92035608494495e-29	BSG	c18
7.77142617862306e-19	0.366876705818744	0.278	0.187	2.6063809117866e-14	PDHA1	c18
7.97515241986119e-18	0.365562686521428	0.27	0.184	2.67470661857304e-13	PEA15	c18
2.6530074802032e-29	0.363812699777603	0.6	0.439	8.8976564871055e-25	LAPTM4A	c18
1.15245935832439e-25	0.36360546717733	0.42	0.287	3.86511819594833e-21	NDUFAF3	c18
4.46255712190838e-08	0.36224656830182	0.07	0.043	0.00149665240754563	ATN1	c18
5.62931015097906e-21	0.360236160834891	0.158	0.09	1.88795803843536e-16	NPLOC4	c18
1.3357520838401e-06	0.359442332094614	0.078	0.052	0.0447984533878291	BPGM	c18
8.99070259964562e-29	0.359062230448738	0.498	0.355	3.01530183786915e-24	DNAJC1	c18
7.12315252440307e-26	0.359018026304864	0.472	0.334	2.3889628936343e-21	HMGA1	c18
1.26209754846635e-13	0.35859512093902	0.14	0.088	4.23282275804643e-09	GGCX	c18
4.82699977641855e-23	0.356621936299934	0.329	0.221	1.61887918501525e-18	PACSIN2	c18
2.72540381114666e-16	0.355573344636991	0.226	0.151	9.14045930182367e-12	TPD52L2	c18
1.19173232217557e-15	0.355271415874923	0.403	0.31	3.99683186211242e-11	CHN1	c18
1.56869100436989e-16	0.355224001499627	0.1	0.054	5.26107589045574e-12	GIT1	c18
2.88765079513287e-35	0.355159233361388	0.611	0.444	9.68460323671661e-31	SRRT	c18
3.12300041516823e-25	0.354994372190734	0.221	0.132	1.04739187923912e-20	SLC7A6	c18
2.94058658485481e-16	0.354408911640816	0.313	0.225	9.86213928828607e-12	RNASET2	c18
6.22411547622313e-22	0.354261424766588	0.42	0.298	2.08744384841571e-17	MAT2A	c18
1.63351784418797e-10	0.354001374292026	0.117	0.075	5.47849214583761e-06	SLC25A44	c18
1.06899215666666e-34	0.353339435127031	0.619	0.448	3.58518589502864e-30	SYAP1	c18
1.33151026630906e-14	0.351953909544568	0.233	0.16	4.46561913114734e-10	GRHPR	c18
1.60291786227513e-21	0.351828087056387	0.339	0.232	5.37586592649832e-17	CCNG1	c18
5.92761383992828e-10	0.351660789205384	0.068	0.039	1.98800312963515e-05	SLC25A37	c18
2.51426366184919e-27	0.351589264372122	0.478	0.341	8.4323374691098e-23	BIRC2	c18
3.5966729809552e-07	0.35040690815114	0.094	0.064	0.0120625218435276	LIN7C	c18
4.93370239602066e-38	0.349383419168205	0.822	0.652	1.65466510957741e-33	GUK1	c18
1.37468382835638e-38	0.349188165881128	0.841	0.672	4.61041462354162e-34	SNU13	c18
8.28909062640571e-11	0.34795755681663	0.178	0.124	2.77999521428395e-06	MRPL1	c18
9.6480573422736e-36	0.347512754143589	0.72	0.548	3.23576547145172e-31	CIB1	c18
2.31450241623488e-19	0.347470641063756	0.242	0.157	7.76237820356853e-15	UBTF	c18
1.22896073367366e-06	0.347457156786078	0.06	0.037	0.0412168850859472	CASP9	c18
9.97986420584469e-29	0.347414678273254	0.713	0.547	3.34704685735619e-24	ATP1B3	c18
2.08712080047191e-25	0.347315816919409	0.509	0.365	6.99978574062268e-21	CD164	c18
6.62381236311462e-16	0.345263982495405	0.272	0.189	2.22149419034138e-11	EXOSC9	c18
6.41057529138403e-19	0.344736831598335	0.268	0.179	2.14997874122438e-14	U2AF1L4	c18
7.03879063891971e-65	0.343823730932861	0.976	0.883	2.36066960448089e-60	EEF2	c18
1.01218990507805e-27	0.343644992959045	0.477	0.331	3.39468250365075e-23	ERGIC3	c18
7.54879971251759e-07	0.342669047998215	0.064	0.04	0.0253171644758415	C14orf28	c18
2.00946998451594e-18	0.341310300674517	0.28	0.19	6.73936043406955e-14	PTRHD1	c18
2.88907617902543e-20	0.341249707500835	0.486	0.363	9.68938368921548e-16	DDIT4	c18
6.79721135938487e-13	0.340785819964996	0.088	0.05	2.2796487457105e-08	THADA	c18
1.8244523147096e-13	0.340770663198727	0.125	0.076	6.11884817307306e-09	ZCCHC2	c18
1.03733834142089e-18	0.338812231235425	0.312	0.216	3.47902532945739e-14	MCM6	c18
2.7006461412678e-11	0.337635598715007	0.106	0.065	9.05742702858396e-07	POLR3H	c18
3.2336132693377e-40	0.337357210712052	0.862	0.709	1.08448921827048e-35	SRSF2	c18
4.40961864752813e-16	0.336995692977559	0.233	0.156	1.47889790200799e-11	C5orf15	c18
1.41965341743197e-12	0.333930367698171	0.075	0.041	4.76123363138335e-08	ADAT2	c18
9.41208267035344e-29	0.332050963879862	0.598	0.441	3.15662428598314e-24	TECR	c18
3.82426697216043e-15	0.331239243835723	0.121	0.071	1.28258265712316e-10	CAMK1D	c18
2.04291395213596e-13	0.331052911120809	0.134	0.083	6.85152481267359e-09	LTBP4	c18
4.63144805275455e-18	0.330330810655426	0.387	0.282	1.55329504793282e-13	CARHSP1	c18
1.08013397266567e-29	0.329482512557664	0.76	0.594	3.62255331752612e-25	PSMB6	c18
1.89870892659412e-09	0.329313247851436	0.148	0.102	6.36788999801135e-05	NDUFC2	c18
1.20536017150501e-27	0.328605837698797	0.378	0.248	4.04253694319349e-23	JOSD1	c18
4.50178711012774e-08	0.327800953493279	0.088	0.057	0.00150980936099464	CEP68	c18
1.53781894391183e-11	0.327496966532986	0.173	0.117	5.15753717409151e-07	MXRA7	c18
1.15777616787272e-06	0.327264305687885	0.084	0.057	0.0388294971181153	AMIGO2	c18
4.74962296775856e-09	0.327254178905347	0.097	0.063	0.000159292855092687	HDGFL2	c18
1.25812079275171e-22	0.325112643970374	0.416	0.29	4.21948551473068e-18	MAGED2	c18
8.53690748962908e-20	0.324628220129957	0.259	0.169	2.8631080338718e-15	MIDN	c18
9.91389015235918e-09	0.323941876690299	0.068	0.04	0.000332492047929822	PRKCZ	c18
4.70823253629831e-21	0.32366889439385	0.277	0.182	1.57904702802373e-16	PDPK1	c18
6.76023943954755e-13	0.32359505935018	0.187	0.126	2.26724910323546e-08	MEI1	c18
3.23290449659996e-09	0.323358061721649	0.145	0.1	0.000108425151006969	SCO2	c18
6.65819015282558e-08	0.323078795261869	0.099	0.066	0.00223302381345464	PLSCR3	c18
3.37163022776988e-16	0.321691763601375	0.192	0.122	1.13077734578946e-11	MIB2	c18
3.53207402274669e-15	0.321649066155172	0.154	0.095	1.18458698574879e-10	TRNT1	c18
3.75306108145822e-12	0.321256987397106	0.178	0.121	1.25870162549946e-07	PDXK	c18
8.93831758232291e-26	0.320778423762504	0.38	0.258	2.99773295075946e-21	LRMP	c18
1.44870370635376e-140	0.320246800959207	1	0.962	4.85866249036923e-136	RPL13	c18
3.19594639653297e-35	0.319907380825709	0.7	0.532	1.07185650246923e-30	NOP58	c18
9.00595235761905e-23	0.319740047159918	0.341	0.23	3.02041630169828e-18	SKIL	c18
7.61355798213407e-16	0.319454976231699	0.235	0.157	2.55343507604812e-11	DNAJC4	c18
4.01355127421881e-10	0.319217894934468	0.164	0.113	1.3460648263475e-05	MPHOSPH6	c18
1.93688941311789e-10	0.318887099459591	0.152	0.103	6.49593971371479e-06	SCCPDH	c18
4.07535415516123e-13	0.318594393929167	0.145	0.091	1.36679227655797e-08	ATG9A	c18
1.01908658116684e-08	0.318590802223105	0.117	0.079	0.000341781257591736	ZSWIM7	c18
1.52236300977059e-14	0.318427635825455	0.193	0.127	5.1057010621686e-10	PRPF4	c18
2.11092536207712e-18	0.318361590977742	0.456	0.338	7.07962147933426e-14	UQCRC2	c18
1.35375359276481e-25	0.317884893935803	0.389	0.262	4.54021879941461e-21	ARFGAP3	c18
9.51977543379964e-23	0.317407057347954	0.644	0.497	3.19274228498772e-18	C9orf16	c18
3.20051409693259e-25	0.317390611078787	0.641	0.494	1.07338841782925e-20	EIF3L	c18
3.84466754766469e-10	0.317183026242891	0.123	0.081	1.28942460213578e-05	NCDN	c18
1.7612454103711e-25	0.316978874590106	0.453	0.318	5.9068648573026e-21	TTC39C	c18
9.82695608824835e-10	0.316842682583572	0.144	0.098	3.29576453287673e-05	BBS7	c18
1.5727668185068e-89	0.315243975363848	0.999	0.945	5.27474535590811e-85	RPS25	c18
2.80185491806518e-08	0.314332882001503	0.049	0.027	0.000939686102420699	MAST2	c18
9.8655716965771e-137	0.314259519151356	1	0.953	3.30871543559803e-132	RPS28	c18
4.05117433089098e-12	0.313997077558809	0.179	0.121	1.35868284709422e-07	PDE6D	c18
1.81653119297719e-12	0.313246705404829	0.151	0.097	6.0922823150069e-08	FAM207A	c18
2.18071009494752e-09	0.312729150404464	0.122	0.081	7.31366551643499e-05	CSTF2T	c18
5.07292414728846e-18	0.312697347653466	0.139	0.081	1.70135730051761e-13	RYR2	c18
1.69387865214109e-24	0.312543155733393	0.213	0.126	5.6809302235508e-20	RHBDF2	c18
1.39875825668005e-06	0.310882840331191	0.125	0.09	0.0469115544125356	PTRH2	c18
4.03654822763028e-17	0.310416625777657	0.303	0.21	1.35377754458264e-12	PNMA1	c18
3.35990755415111e-25	0.309999878777802	0.622	0.469	1.1268457955112e-20	UXT	c18
1.15960158712804e-14	0.309923750369231	0.23	0.157	3.88907180291001e-10	UAP1	c18
1.79689267264896e-24	0.309873755542808	0.662	0.502	6.02641864553008e-20	VDAC1	c18
3.49117964466205e-56	0.309487649056938	0.99	0.92	1.17087182922676e-51	RPSA	c18
6.48386327452681e-09	0.307200996478113	0.104	0.068	0.00021745580650108	UBE2E1	c18
4.16147567821873e-21	0.306743745822576	0.217	0.134	1.395675712961e-16	C16orf72	c18
5.20940638090361e-26	0.306689087175382	0.69	0.536	1.74713071202745e-21	SURF4	c18
2.31051628739e-84	0.306563633161532	1	0.953	7.74900952464858e-80	RPS2	c18
5.41807189241107e-62	0.306226515221479	0.987	0.912	1.81711295127683e-57	RPL10A	c18
6.76577929440686e-07	0.305871203309318	0.127	0.092	0.0226910705975817	ANKRD39	c18
2.59508706826163e-07	0.304913352561252	0.076	0.049	0.00870340300953587	ZMAT3	c18
6.77145457745819e-11	0.304559372460523	0.301	0.228	2.27101043618793e-06	AL133415.1	c18
7.29801056080325e-21	0.304446920569346	0.28	0.185	2.44760678188219e-16	NOC2L	c18
2.88849020123197e-21	0.304413941683713	0.254	0.163	9.68741843689178e-17	STT3B	c18
2.7511009402379e-24	0.30425017812966	0.579	0.422	9.22664233336988e-20	SIVA1	c18
2.44592807624778e-23	0.304060970204369	0.398	0.281	8.20315358211981e-19	PIK3R1	c18
2.94282239877028e-08	0.303665336853624	0.096	0.062	0.000986963776099576	MATK	c18
1.7919343503679e-22	0.303463339770154	0.552	0.412	6.00978942426385e-18	CALM3	c18
5.99981396187946e-17	0.303421294096303	0.301	0.209	2.01221760653513e-12	TOLLIP	c18
1.09311689595751e-09	0.302986176946397	0.102	0.065	3.66609544566229e-05	TBC1D9B	c18
6.14808102221733e-07	0.302892530234454	0.068	0.043	0.0206194341323125	RYK	c18
8.20318860171898e-07	0.302301079800118	0.073	0.047	0.0275118539324451	ZNF200	c18
1.71633217853802e-09	0.301947805687662	0.162	0.113	5.75623486038082e-05	NDUFS4	c18
1.41703448718744e-07	0.301694440414534	0.061	0.037	0.00475245026312923	TNFRSF10B	c18
2.58065847477535e-11	0.301648558166846	0.104	0.064	8.65501239270156e-07	FCMR	c18
1.20835320103132e-18	0.300910724428737	0.434	0.319	4.05257496561884e-14	IRF7	c18
3.01012089899376e-16	0.299995499712473	0.239	0.16	1.00953434710453e-11	RAB5B	c18
1.08305872782595e-12	0.299855957161097	0.127	0.079	3.63236236138266e-08	LPGAT1	c18
1.3304303036716e-07	0.299635602486076	0.086	0.056	0.0044619971524538	RNF31	c18
1.5362804721592e-47	0.298615238014722	0.97	0.863	5.15237744752751e-43	RPL4	c18
1.3550839852449e-06	0.298341287745123	0.047	0.027	0.0454468066971436	TAPT1	c18
8.20937167362901e-15	0.298259294403752	0.112	0.064	2.7532590719017e-10	HMOX1	c18
1.61164604206956e-07	0.297464240440513	0.076	0.049	0.00540513849589289	COMMD10	c18
1.49947616186307e-09	0.297462943988802	0.157	0.109	5.02894315165635e-05	GEMIN7	c18
6.20111436386199e-08	0.297120335301724	0.107	0.072	0.00207972973535203	PRKCI	c18
6.86646780688517e-22	0.297031610232124	0.457	0.328	2.30287597307315e-17	KDELR2	c18
3.82337682442868e-64	0.29642326233739	0.995	0.936	1.28228411937689e-59	RACK1	c18
7.96007864445683e-21	0.296193565401394	0.236	0.149	2.66965117577793e-16	TNIK	c18
1.67373089137592e-19	0.295845317860468	0.253	0.164	5.61335866349655e-15	RRP1B	c18
7.65509203971065e-13	0.295644183851687	0.123	0.076	2.56736476827816e-08	TENT4B	c18
2.66711347489189e-10	0.295452787538513	0.116	0.075	8.94496517209241e-06	FAM222B	c18
5.51028124865913e-15	0.295086063450885	0.149	0.093	1.8480381251753e-10	THOC1	c18
1.55686130174137e-13	0.294745803404454	0.175	0.116	5.2214014337802e-09	TIAM1	c18
2.00010587662754e-26	0.294512213752858	0.468	0.322	6.70795508903344e-22	LBR	c18
1.27142658101796e-10	0.292791126205128	0.127	0.082	4.26411046741805e-06	HELZ2	c18
1.54214195081522e-23	0.292604144980177	0.68	0.526	5.17203567464407e-19	NSA2	c18
2.07837020111667e-15	0.292454033909499	0.208	0.138	6.97043798050508e-11	BCL2	c18
7.25535743462019e-104	0.291943680260426	0.999	0.95	2.43330177642292e-99	RPS23	c18
9.16268959315236e-12	0.29177380132836	0.13	0.082	3.07298283575144e-07	MDP1	c18
1.68806022709917e-20	0.290680407658442	0.213	0.132	5.6614163896452e-16	EML2	c18
4.73395037772483e-37	0.290594459146517	0.522	0.35	1.58767227768135e-32	TAGAP	c18
6.20657277751132e-32	0.290527492406952	0.511	0.35	2.08156037812175e-27	CNOT6L	c18
4.81485304917862e-15	0.289698436977223	0.29	0.204	1.61480541563353e-10	CTSB	c18
3.59228002334634e-08	0.289656648315061	0.077	0.048	0.00120477887422989	MAP9	c18
4.19449439970413e-07	0.28949023294778	0.095	0.064	0.0140674953177277	EIF5A2	c18
1.63241861526706e-32	0.289144569584667	0.493	0.344	5.47480555188266e-28	SLA	c18
2.11128885308126e-18	0.289048048339332	0.382	0.271	7.08084055546392e-14	STX5	c18
1.17387817893851e-115	0.288945174797114	0.999	0.953	3.93695263652398e-111	RPS3	c18
5.49145488431947e-113	0.288581798983744	1	0.952	1.84172413910306e-108	RPS14	c18
7.46577533770684e-07	0.28709717043043	0.078	0.051	0.0250387173276012	YBEY	c18
6.07347381909967e-12	0.285597270985846	0.222	0.157	2.03692164944965e-07	IL16	c18
2.4489164099937e-09	0.285077371918327	0.249	0.188	8.21317585583687e-05	HTATIP2	c18
4.82765107971106e-16	0.285071859194345	0.251	0.168	1.6190976191135e-11	GRINA	c18
3.11213503922475e-12	0.284996568095119	0.255	0.184	1.04374784945519e-07	CTNNAL1	c18
7.32950191113547e-72	0.284385555439338	0.999	0.945	2.45816835095662e-67	RPS6	c18
2.45143818991872e-90	0.284099560204342	0.999	0.949	8.22163340134941e-86	RPS3A	c18
2.21033623168348e-15	0.283741334701461	0.286	0.2	7.41302565382004e-11	NSMCE3	c18
4.5178050473849e-27	0.283712598369584	0.779	0.615	1.51518145679195e-22	HNRNPA0	c18
2.3417970364809e-27	0.283538633752427	0.768	0.621	7.85391890094965e-23	SLC7A5	c18
9.96310451859958e-20	0.283384313020298	0.406	0.291	3.34142599344793e-15	IL21R	c18
7.84807912961111e-18	0.281978882080393	0.268	0.178	2.63208877848898e-13	TSEN34	c18
2.41203717703806e-15	0.28175595954835	0.3	0.211	8.08949028435025e-11	CREB3	c18
1.41316245251716e-33	0.281751287533794	0.898	0.765	4.73946423325204e-29	ATP6V0C	c18
3.10001888390519e-61	0.281055734489447	0.994	0.934	1.03968433328412e-56	RPL5	c18
8.74159227005871e-07	0.279646376283505	0.161	0.121	0.0293175521553229	DEAF1	c18
2.77737565291286e-07	0.279564823228918	0.122	0.086	0.00931476246473915	GNG10	c18
1.3254564883283e-17	0.27895804455584	0.331	0.231	4.44531597055544e-13	RAD23B	c18
6.04946020497613e-62	0.278291480718002	0.998	0.938	2.02886796354489e-57	RPS16	c18
4.70820643877816e-08	0.278145210657584	0.172	0.126	0.00157903827543742	RBBP8	c18
4.27812057109016e-07	0.277935653082762	0.082	0.054	0.0143479607713222	FAM98B	c18
1.4917173393906e-21	0.277010851289527	0.327	0.222	5.00292161284818e-17	PREX1	c18
2.15333306689312e-13	0.277005817517353	0.127	0.078	7.22184843974615e-09	SELL	c18
5.44208197976474e-13	0.276829101878873	0.193	0.13	1.8251654543735e-08	ASMTL	c18
6.34309585384806e-87	0.275708801050325	0.999	0.952	2.12734748746356e-82	RPS24	c18
2.83789132524445e-54	0.275660994931788	0.992	0.907	9.51771992660485e-50	PPIA	c18
7.85992563478621e-11	0.275588057367127	0.123	0.079	2.6360618593946e-06	KDM7A	c18
5.04489708535503e-10	0.274673586560176	0.163	0.113	1.69195758448637e-05	TBL3	c18
2.46320011952305e-28	0.274455970369598	0.873	0.749	8.26108056085639e-24	ISG20	c18
3.05541590659673e-23	0.274013255179794	0.485	0.348	1.02472538675441e-18	JMJD6	c18
4.60288962354459e-69	0.2733114504074	0.999	0.945	1.54371712194438e-64	RPS4X	c18
1.18210372888593e-11	0.273124582339148	0.165	0.11	3.96453948593762e-07	POLB	c18
2.41398329714542e-07	0.272616065025249	0.062	0.038	0.00809601718196631	LPP	c18
4.49874254723541e-17	0.272578125306617	0.463	0.341	1.50878827549181e-12	NDUFB6	c18
7.02957025073254e-09	0.272565572136467	0.107	0.07	0.000235757727069068	PIKFYVE	c18
3.71286428681157e-10	0.272255730921221	0.213	0.155	1.24522042451086e-05	SINHCAF	c18
1.2762137368045e-21	0.2720701132633	0.542	0.397	4.28016563049493e-17	ARL2BP	c18
4.01199932918745e-38	0.271880467578119	0.867	0.71	1.34554433502289e-33	RGCC	c18
1.48055308075388e-06	0.271730179927112	0.082	0.055	0.0496547892223237	GNB1L	c18
8.78101165022729e-13	0.271212805971742	0.352	0.264	2.94497568725323e-08	SLC10A3	c18
1.14158932591198e-14	0.271131567570804	0.19	0.124	3.8286622812436e-10	GMFB	c18
5.77128302378579e-34	0.270811292779793	0.196	0.103	1.93557290051728e-29	SFI1	c18
5.27500656682744e-15	0.270227958760277	0.149	0.092	1.76913170238259e-10	ZNF276	c18
1.97455235295778e-20	0.270095872247622	0.381	0.264	6.6222536813498e-16	CTR9	c18
9.45090761102784e-10	0.269788747831164	0.121	0.08	3.16964539458652e-05	FAM173A	c18
3.99145895720327e-07	0.26950883102338	0.065	0.04	0.0133865550506683	WNT10A	c18
2.48353006107113e-26	0.269305873837982	0.603	0.45	8.32926311882037e-22	LAT	c18
5.2966099674786e-114	0.269053151944404	1	0.967	1.77637705089297e-109	RPL10	c18
5.97368410364894e-19	0.2687940153534	0.347	0.24	2.00345417468178e-14	MKRN1	c18
2.0077561626244e-09	0.268454765060751	0.091	0.057	6.73361261820971e-05	FOXK2	c18
3.64626633085641e-20	0.267987054371663	0.265	0.174	1.22288480204262e-15	TMEM245	c18
6.2928202647779e-14	0.267827833570264	0.233	0.16	2.11048606040121e-09	LRRC47	c18
1.47029362511907e-06	0.266869946625501	0.086	0.058	0.0493107075992435	FAM174A	c18
6.5921335902475e-20	0.266417792947315	0.336	0.231	2.21086976349721e-15	CCND2	c18
8.56878678061503e-13	0.265770058219239	0.2	0.137	2.87379971048267e-08	METTL8	c18
2.79112803258059e-11	0.265328267902876	0.168	0.113	9.36088519566877e-07	SNX20	c18
6.7261747000105e-14	0.264646573234388	0.212	0.144	2.25582447088952e-09	DUSP16	c18
2.80970176960755e-07	0.264555329705354	0.115	0.08	0.0094231777949098	PGM2	c18
3.64700499431127e-19	0.264024290474212	0.303	0.202	1.22313253499211e-14	HDGF	c18
3.67158816543936e-14	0.263606952118696	0.282	0.201	1.23137723892505e-09	VPS4A	c18
1.56923389276347e-07	0.262662750285985	0.076	0.049	0.00526289662955011	DVL3	c18
2.06130647567283e-08	0.262564819107822	0.067	0.04	0.000691320965811155	ST3GAL2	c18
1.87543470400073e-07	0.262241193830737	0.07	0.044	0.00628983291027765	PGGT1B	c18
2.76476968837e-66	0.261737141991366	0.997	0.935	9.27248458085531e-62	RPL9	c18
6.93884878855639e-78	0.261109444484998	0.999	0.951	2.32715110670604e-73	RPS21	c18
2.18306459275765e-28	0.260856722699343	0.349	0.223	7.32156203119061e-24	CRYBG1	c18
1.39203383087956e-06	0.26068933852237	0.093	0.064	0.0466860306200388	KCTD17	c18
1.28929245646893e-21	0.2606171049805	0.324	0.219	4.32402904050551e-17	BCL11B	c18
2.0038341452411e-19	0.26059794838498	0.506	0.375	6.72045895630961e-15	CYB5R3	c18
1.46857037714266e-14	0.260359147962082	0.3	0.213	4.92529133086105e-10	CERS2	c18
1.00798077303958e-06	0.260086115918899	0.068	0.044	0.0338056591662015	KIF1B	c18
5.84108727956991e-12	0.260015303018802	0.237	0.168	1.95898385182216e-07	MGAT2	c18
4.26718414892855e-11	0.259877291632843	0.094	0.056	1.43112821986766e-06	CLASP2	c18
5.94125419650246e-09	0.259774695083637	0.115	0.076	0.000199257783242299	TLNRD1	c18
1.30209653960099e-19	0.259299642035586	0.35	0.241	4.3669713745138e-15	RHOB	c18
1.41206325877312e-08	0.259201817331953	0.14	0.098	0.000473577775727328	ST6GALNAC4	c18
5.6218822457539e-09	0.259154902550264	0.125	0.084	0.000188546686758094	EXOSC6	c18
3.68189967551227e-76	0.258553696281548	1	0.952	1.2348355131733e-71	RPL7A	c18
1.04249136538178e-20	0.258205816832931	0.282	0.185	3.49630754121742e-16	SFT2D2	c18
1.33031262759245e-12	0.257958277194482	0.222	0.154	4.46160249041956e-08	IFT52	c18
6.74779623958217e-18	0.257544293365128	0.233	0.152	2.26307590283107e-13	DPP8	c18
5.33120731343135e-19	0.257349137124678	0.541	0.407	1.78798030877861e-14	MRPL20	c18
6.5484572591477e-30	0.257276922636338	0.819	0.663	2.19622159557296e-25	JUNB	c18
1.18896908248107e-10	0.257010103023598	0.185	0.129	3.98756450882503e-06	RRP1	c18
2.23557580121492e-07	0.25633589917109	0.112	0.077	0.0074976741221146	SRFBP1	c18
9.30141429170877e-28	0.256307428764127	0.998	0.945	3.11950832515329e-23	FTH1	c18
2.18934052671527e-19	0.255727439431564	0.581	0.442	7.34261025849766e-15	RPL22L1	c18
3.04482108714026e-09	0.255459267202145	0.15	0.104	0.00010211720962051	ZNF277	c18
4.76833452215162e-27	0.255381755760499	0.302	0.187	1.59920403203921e-22	ABHD17A	c18
1.00605025380714e-20	0.255348406913944	0.438	0.31	3.37409134121838e-16	SLC16A3	c18
2.97764867162321e-78	0.254938938965837	0.999	0.95	9.98643811488993e-74	RPL18	c18
1.69754237059971e-84	0.254885277020038	1	0.958	5.69321760251732e-80	RPS12	c18
1.64323472166723e-11	0.254677301869462	0.11	0.068	5.51108060952756e-07	PITPNM1	c18
3.06837957086768e-54	0.254232053727847	0.997	0.934	1.0290731404776e-49	RPS9	c18
1.81702151325283e-22	0.254127706732208	0.55	0.402	6.09392675114736e-18	POLR2E	c18
4.39931092506603e-18	0.253652560825883	0.461	0.337	1.47544089804865e-13	ARL6IP1	c18
8.40986920149343e-32	0.253630220449908	0.905	0.775	2.82050193279687e-27	SNRPD2	c18
4.2005403198156e-08	0.253399776495926	0.068	0.041	0.00140877721245976	RAPGEF2	c18
5.10248851059337e-09	0.25304706018876	0.136	0.093	0.00017112725966828	TNFSF14	c18
1.31119825404859e-06	0.251720237164041	0.098	0.068	0.0439749670442816	MIS12	c18
1.89331734326697e-16	0.251636953081825	0.364	0.266	6.34980770584875e-12	LRRFIP2	c18
7.02241564164809e-09	0.251250343859925	0.172	0.124	0.000235517775789594	MRPS31	c18
3.17275634389086e-23	0.251058822392681	0.717	0.558	1.06407902261412e-18	CSTB	c18
1.24225401718916e-15	0.250546072589169	0.377	0.275	4.16627152284901e-11	VTI1B	c18
5.72509918480964e-16	0.250462468116834	0.223	0.147	1.92008376460146e-11	JADE2	c18
6.69398457461853e-13	0.250311787013715	0.241	0.169	2.24502854663556e-08	ASB1	c18
7.39167174835545e-16	0.249835237490443	0.322	0.229	2.47901887096345e-11	UBA1	c18
8.85536648078382e-07	0.249824399418519	0.111	0.078	0.0296991281032528	SLC25A19	c18
8.33744436412429e-18	0.249767443915562	0.269	0.179	2.79621209084001e-13	RING1	c18
1.96377891450582e-21	0.248577819681162	0.312	0.211	6.58612172346963e-17	TNFRSF18	c18
1.08040327031477e-16	0.248477724574669	0.504	0.38	3.62345648798169e-12	C4orf3	c18
6.26406957557213e-08	0.248159235533353	0.148	0.105	0.00210084365425538	WDR61	c18
1.64094350226492e-13	0.248146280937718	0.403	0.305	5.50339631789608e-09	OAT	c18
2.92563050007565e-11	0.248053387379865	0.225	0.161	9.81197957115371e-07	SLC25A1	c18
6.46939701855058e-16	0.247531551031113	0.288	0.201	2.16970637208149e-11	CXorf40B	c18
9.89630707881164e-08	0.247461886258989	0.129	0.091	0.00331902346809185	SARDH	c18
4.65823880279932e-11	0.247100969576183	0.105	0.065	1.56228012968284e-06	SOS2	c18
2.34545224395544e-12	0.246964189882181	0.278	0.201	7.86617773577775e-08	NBDY	c18
7.41122933421016e-07	0.246807652822658	0.126	0.091	0.024855780941074	RAB28	c18
4.31002325444174e-09	0.246515426184373	0.13	0.088	0.000144549559907467	RAB3IP	c18
3.49787565976759e-09	0.246307818090717	0.219	0.162	0.000117311753877285	ERG28	c18
1.31751212940127e-11	0.246251697127613	0.165	0.111	4.41867217958599e-07	CHMP4A	c18
3.45877172654491e-07	0.245189292230406	0.074	0.047	0.0116000286164863	FANCA	c18
1.37248476545933e-12	0.245095657748297	0.263	0.188	4.60303940639749e-08	ARMCX3	c18
1.68875350436599e-16	0.24422288220705	0.41	0.298	5.66374150294265e-12	COX7A2L	c18
1.38054210144625e-13	0.244215052124568	0.308	0.223	4.63006209983044e-09	PGD	c18
7.56918641588479e-11	0.243847462149652	0.151	0.101	2.53855374015944e-06	SEC24A	c18
3.6819271125524e-07	0.243612274639414	0.047	0.027	0.0123484471500782	TRAV14DV4	c18
8.25455562869616e-07	0.243311743042293	0.064	0.04	0.0276841286675212	DNAJC16	c18
2.77750710330503e-25	0.243196515662369	0.931	0.844	9.31520332306442e-21	CALM2	c18
4.51902080017859e-10	0.242985342563958	0.22	0.159	1.5155891959639e-05	EBNA1BP2	c18
4.71070126117831e-07	0.242921223000912	0.075	0.048	0.0157987498897398	NT5C3B	c18
1.10223053419658e-06	0.242889011778013	0.057	0.035	0.0369666076558849	FOXK1	c18
1.84191334103048e-72	0.242084657906267	0.999	0.948	6.17740896314803e-68	RPLP2	c18
4.83168806860945e-10	0.241584304105213	0.225	0.163	1.62045154445024e-05	SNRPN	c18
1.76681856119443e-11	0.24133017184919	0.131	0.084	5.92555609053388e-07	CHPF2	c18
3.7150283511568e-18	0.241195459047488	0.595	0.452	1.24594620841097e-13	PPP2R1A	c18
4.52875918662571e-08	0.240925254676287	0.13	0.09	0.00151885525601053	HNRNPA1P48	c18
9.03644602953586e-17	0.240869058051893	0.474	0.349	3.03064326938574e-12	C1QBP	c18
3.24540906213978e-09	0.240856124021513	0.174	0.123	0.000108844529126044	TVP23B	c18
5.23749890273122e-09	0.240728929248957	0.118	0.079	0.0001756552381998	AC008105.3	c18
1.3227703850287e-08	0.240716967263869	0.184	0.134	0.000443630731730925	RAP2C	c18
1.34690293011902e-18	0.240530036446488	0.433	0.31	4.51724304703316e-14	NELFE	c18
5.15504007624386e-105	0.240402642843162	1	0.969	1.72889734077066e-100	RPL41	c18
6.70773514840327e-13	0.240050674164924	0.234	0.165	2.24964021407149e-08	CEP120	c18
1.26408452068358e-08	0.239978313068097	0.116	0.078	0.00042394866654686	MSL2	c18
3.82489633948015e-07	0.239756539324645	0.127	0.09	0.0128279373433485	PARD6A	c18
9.96079517121615e-16	0.239382425703232	0.383	0.277	3.34065148452247e-11	BAD	c18
1.73787541629734e-10	0.23851622067771	0.206	0.147	5.82848657117802e-06	HSPA13	c18
6.61504728678331e-22	0.238099522272987	0.779	0.623	2.21855455904139e-17	PDIA3	c18
4.96210898813077e-14	0.237686600550473	0.22	0.149	1.6641921124393e-09	POLR3E	c18
1.34898113818647e-07	0.237491598981372	0.049	0.028	0.00452421294124977	BBS2	c18
8.43435335061489e-12	0.237217213435016	0.233	0.167	2.82871342672922e-07	SS18	c18
1.30167508405093e-45	0.237209069631061	0.996	0.94	4.36555789689001e-41	RPL15	c18
5.0962854320782e-16	0.23658963827458	0.112	0.063	1.70919220821039e-11	OSBPL7	c18
2.12684964149853e-14	0.235985196453869	0.256	0.178	7.13302832765778e-10	CDK16	c18
1.61105299427552e-13	0.23579017062262	0.303	0.219	5.40314953220125e-09	GCHFR	c18
1.4949396065548e-08	0.235230058433312	0.264	0.203	0.00050137284524635	PLPP1	c18
2.03228396691341e-59	0.23404346586939	0.999	0.949	6.8158739682342e-55	RPL8	c18
1.72216965895056e-07	0.233975178790134	0.125	0.087	0.00577581260218838	ANAPC13	c18
2.34008861452762e-11	0.233859911057553	0.092	0.055	7.84818919540272e-07	SLC23A2	c18
9.66636078841385e-14	0.233081568642865	0.317	0.229	3.24190408121824e-09	ZNF22	c18
6.84951827074765e-23	0.232714118031321	0.473	0.344	2.29719143764335e-18	VCAM1	c18
1.1009398550018e-08	0.232369524572589	0.127	0.086	0.000369233208570503	LPCAT1	c18
1.32977107274996e-06	0.232346418895686	0.102	0.071	0.0445978622378881	BRPF1	c18
2.76157297130607e-09	0.232324592569681	0.117	0.077	9.2617634311663e-05	PITPNA	c18
4.522478576726e-47	0.232212070705163	1	0.949	1.51674886506237e-42	RPL6	c18
1.78765052308042e-14	0.232025670450752	0.232	0.157	5.9954223243071e-10	SLC25A36	c18
3.43968001330453e-20	0.231958482383224	0.581	0.439	1.15359988286207e-15	ATP1A1	c18
4.51439081637408e-22	0.231659729221635	0.292	0.19	1.51403639199554e-17	TTC3	c18
1.57598238025159e-09	0.231413992661692	0.153	0.105	5.28552970688778e-05	KLC2	c18
1.36491128220618e-12	0.23131955865205	0.259	0.183	4.57763945826308e-08	FAM162A	c18
3.31976565676593e-09	0.230756694605233	0.155	0.108	0.000111338300596616	GOT2	c18
1.00313471915739e-56	0.230732883427994	0.999	0.944	3.36431322111005e-52	RPL36	c18
2.44295726444854e-10	0.230330251592018	0.216	0.156	8.1931900735075e-06	USE1	c18
2.18264935156126e-13	0.230165909259411	0.269	0.191	7.32016939526616e-09	WIPF2	c18
3.17494679713337e-27	0.230076519155336	0.866	0.718	1.06481365682259e-22	NOP53	c18
2.07504222234315e-08	0.229940102522891	0.142	0.1	0.000695927660529447	C7orf26	c18
2.57937707352571e-18	0.229099745255807	0.305	0.212	8.65071482919052e-14	MYCBP2	c18
1.02659591702433e-07	0.228957471709917	0.081	0.052	0.00344299738651621	TBL1X	c18
7.78010587888895e-15	0.228699069237332	0.269	0.186	2.60929190966178e-10	HMCES	c18
5.13413725449995e-23	0.228597172634935	0.901	0.782	1.72188695241419e-18	NR3C1	c18
5.1822914157151e-14	0.227995843576801	0.262	0.182	1.73803689500253e-09	NBEAL1	c18
3.40162916892224e-10	0.227595667998376	0.178	0.125	1.14083839067314e-05	PABPC4	c18
5.36195104497146e-18	0.227543649872927	0.625	0.484	1.79829114146253e-13	PEBP1	c18
2.04488603078915e-21	0.227159094923917	0.776	0.631	6.85813877006065e-17	PIM3	c18
1.76535424239751e-16	0.227081420088642	0.441	0.323	5.92064505815278e-12	SEC13	c18
1.70575334334992e-22	0.227001153969383	0.486	0.344	5.72075556292696e-18	GNL1	c18
7.12299432261582e-17	0.226401879364758	0.514	0.385	2.38890983591889e-12	G3BP1	c18
1.41191917184971e-08	0.226113407121678	0.168	0.12	0.000473529451854955	IDH3A	c18
2.11624264963442e-15	0.225694462631191	0.753	0.638	7.09745459834391e-11	ITM2A	c18
2.45000492454599e-70	0.225588997322252	1	0.963	8.21682651594233e-66	RPL28	c18
3.19747119582951e-09	0.225476324316156	0.119	0.078	0.00010723678896573	CCDC92	c18
4.4452819968097e-21	0.225016074720091	0.577	0.433	1.49085867609004e-16	APMAP	c18
1.81731204393394e-07	0.224436694284929	0.153	0.111	0.00609490113294565	AAR2	c18
4.88497736662737e-18	0.224128297570579	0.485	0.358	1.63832370921949e-13	C4orf48	c18
4.81330923876345e-17	0.223913886965987	0.401	0.289	1.61428765249649e-12	DDB1	c18
4.55926446920975e-22	0.223513477971378	0.318	0.211	1.52908611768357e-17	USP36	c18
8.46034121329249e-07	0.223002881861563	0.062	0.039	0.0283742923611404	BCR	c18
4.3522349516295e-08	0.222685374078926	0.178	0.13	0.0014596525580775	MALT1	c18
2.91863646970173e-18	0.222338352679337	0.232	0.149	9.78852299208566e-14	TOM1	c18
1.04882312363447e-08	0.222321996008276	0.208	0.153	0.000351754299204529	NIPSNAP2	c18
6.21636936257825e-07	0.222242959986287	0.144	0.105	0.0208484595682149	SLC25A33	c18
4.18469948118161e-08	0.222027423099704	0.157	0.112	0.00140346451199869	HDDC2	c18
6.00270365736723e-21	0.221899232060025	0.683	0.535	2.01318675260782e-16	GSPT1	c18
1.55642865210982e-11	0.221367837160765	0.264	0.192	5.21995041344592e-07	LIMS1	c18
1.34571653103761e-14	0.221186759272939	0.292	0.206	4.51326410179392e-10	NORAD	c18
6.01673447143198e-18	0.220660591770824	0.668	0.518	2.01789240702886e-13	SUMO1	c18
1.2179192640621e-07	0.220633997033047	0.064	0.039	0.00408465762781146	ZNF611	c18
1.96507639688404e-15	0.220347097965963	0.326	0.23	6.59047321986969e-11	MAP2K1	c18
4.2334776433511e-09	0.220262572529892	0.081	0.05	0.000141982373202709	KSR1	c18
1.69442360670504e-14	0.219805502051914	0.463	0.346	5.68275789216735e-10	FBL	c18
2.10422979833442e-10	0.219107320784222	0.14	0.093	7.05716589765398e-06	ESYT2	c18
1.38902204075177e-08	0.2190570370791	0.183	0.133	0.000465850212027329	COPS4	c18
1.43159423134215e-06	0.218582644675395	0.114	0.081	0.0480128073307529	NAF1	c18
9.23747906706799e-14	0.218511020737979	0.198	0.132	3.09806572951326e-09	NPAT	c18
5.33074195188385e-08	0.218291309426163	0.135	0.095	0.00178782423582281	NCSTN	c18
4.95403009154387e-23	0.218169024278167	0.568	0.422	1.66148261210198e-18	SCAF11	c18
4.36715404646684e-08	0.217578415140524	0.112	0.076	0.00146465612410405	THOP1	c18
1.64518536545144e-52	0.217197560197256	0.998	0.943	5.51762267865103e-48	RPL23A	c18
4.32403750946399e-64	0.216725493316996	0.999	0.955	1.45019569992403e-59	RPL19	c18
2.59110289427695e-14	0.216419043448194	0.298	0.213	8.69004088682603e-10	KCTD20	c18
6.57149278286731e-21	0.216372322097823	0.51	0.381	2.20394724951804e-16	RHOH	c18
3.24024973786213e-22	0.216337878390399	0.896	0.773	1.0867149570842e-17	EDF1	c18
1.658630935817e-11	0.216038996990174	0.259	0.186	5.56271643254305e-07	CHMP2B	c18
2.90826542533453e-14	0.216029995138655	0.419	0.313	9.75374058348696e-10	EIF4E	c18
3.01577523636213e-13	0.216028764913644	0.18	0.12	1.01143069877113e-08	SIPA1L1	c18
6.66868983220353e-07	0.215581519076906	0.144	0.105	0.0223654519592442	BOD1	c18
6.066679636469e-07	0.215415646671298	0.081	0.053	0.0203464301647897	TMEM63B	c18
6.42431248502879e-09	0.21538589887814	0.079	0.048	0.000215458592122896	CEP170	c18
9.82900870628331e-21	0.215279970612982	0.896	0.77	3.2964529399133e-16	SLC25A6	c18
8.18539313149264e-11	0.214310772159242	0.162	0.11	2.74521714844e-06	MAP3K11	c18
4.60264441774852e-30	0.21430857385904	0.997	0.956	1.5436348848245e-25	TMSB4X	c18
4.2008108816072e-67	0.213870933737013	1	0.966	1.40886795347342e-62	RPLP1	c18
2.40829723016122e-11	0.213794764115538	0.156	0.104	8.07694725051469e-07	MX2	c18
4.27457151259373e-48	0.213790449304759	0.999	0.946	1.43360579389368e-43	RPS13	c18
7.12391970209967e-15	0.213602234342993	0.428	0.319	2.38922018969019e-10	OCIAD2	c18
1.69556546580616e-12	0.213310608865227	0.2	0.137	5.68658745922072e-08	PRR5L	c18
1.29626163946175e-09	0.213213831684396	0.11	0.071	4.34740228642681e-05	RCOR1	c18
7.61578933477039e-15	0.212895006439902	0.463	0.348	2.55418342709529e-10	DDOST	c18
1.12379441403015e-06	0.212216330605707	0.115	0.081	0.0376898170577433	ZNF32	c18
1.80829765323515e-15	0.211968621949689	0.626	0.491	6.06466866942005e-11	SNHG8	c18
2.5586825709899e-18	0.211808880972854	0.257	0.171	8.58130960658593e-14	FAM160B1	c18
2.95454535733329e-13	0.211782037206763	0.209	0.141	9.9089542194244e-09	CERS5	c18
7.30260875776752e-08	0.211438192281334	0.175	0.128	0.00244914892518007	R3HCC1	c18
1.41142472263899e-08	0.210634898095143	0.153	0.108	0.000473363623478666	FBXL12	c18
1.4162466802521e-18	0.210295888262349	0.806	0.652	4.7498081162295e-14	TRMT112	c18
1.83194033272385e-07	0.21003069497886	0.132	0.093	0.00614396148788924	SUGP1	c18
4.52825679813978e-19	0.209463772067617	0.454	0.329	1.51868676496012e-14	DNTTIP2	c18
1.11974306312799e-10	0.209168852152377	0.2	0.14	3.75539428511866e-06	CDC34	c18
1.22505947866199e-26	0.208980055077127	0.516	0.366	4.10860447953657e-22	LYST	c18
4.05914047732047e-48	0.208638281834787	1	0.958	1.36135453328374e-43	RPS15A	c18
2.66629725304253e-34	0.208110872439199	0.994	0.923	8.94222772725405e-30	OAZ1	c18
4.15105008574749e-09	0.207692723937279	0.241	0.18	0.000139217917775799	LSM4	c18
4.50986522770202e-19	0.207447400332124	0.739	0.597	1.5125186000667e-14	PDCD4	c18
7.96805609421425e-11	0.206934675898164	0.24	0.174	2.67232665287757e-06	FIBP	c18
1.13823769805897e-13	0.20689110547102	0.301	0.215	3.81742159175018e-09	MLEC	c18
9.89659535176091e-14	0.206736388228641	0.499	0.382	3.31912014907357e-09	ZMAT2	c18
1.36742772408782e-08	0.206497303222685	0.132	0.09	0.000458607910104574	ZNF84	c18
2.6723331146251e-08	0.20646522075445	0.178	0.129	0.000896247079982967	VAMP7	c18
1.64528521746399e-09	0.20609117357413	0.089	0.055	5.51795756233073e-05	ELP1	c18
1.63639948196319e-48	0.205910041961925	0.999	0.951	5.48815658260815e-44	RPL37	c18
4.55426381534511e-08	0.205637157735595	0.147	0.104	0.00152740899839044	UNC50	c18
1.0200599951604e-09	0.20562900734266	0.155	0.106	3.42107721176894e-05	CGRRF1	c18
2.99754391455753e-08	0.205524315947022	0.164	0.118	0.0010053162780643	WBP1	c18
3.58085513009741e-08	0.205307878595244	0.152	0.108	0.00120094719353207	PTPMT1	c18
1.07038342594568e-17	0.205267311656013	0.694	0.56	3.58985193393662e-13	SMAP2	c18
1.12701195499674e-18	0.204805254143181	0.554	0.418	3.77977269466807e-14	GRB2	c18
8.3669946857779e-20	0.204577014917246	0.845	0.708	2.80612267771619e-15	PLP2	c18
6.94590490360998e-08	0.204024075280696	0.146	0.104	0.00232951758657272	RCC1	c18
8.82067066083914e-17	0.203265055312864	0.805	0.661	2.95827652623223e-12	RBM3	c18
3.89452403278621e-10	0.202986852963983	0.164	0.113	1.30614547011584e-05	PLPP5	c18
2.23536134339466e-28	0.202819704033744	0.988	0.905	7.49695487347703e-24	RPL27	c18
7.63633641975013e-08	0.202738897638791	0.223	0.169	0.0025610745084558	HSPB11	c18
3.05257400239403e-12	0.20259858888656	0.248	0.175	1.02377226892291e-07	NANS	c18
1.69762956970637e-13	0.201944064215381	0.33	0.242	5.69351005088123e-09	DAP3	c18
5.73975210589411e-08	0.201887173921043	0.131	0.091	0.00192499806127477	INTS12	c18
1.17293099052443e-36	0.201729359961708	0.511	0.344	3.93377595602083e-32	BICDL1	c18
9.57652649686665e-07	0.201442522850035	0.045	0.026	0.0321177545651914	ERC1	c18
3.34950665768678e-19	0.201221101483892	0.635	0.485	1.12335754285499e-14	NRBP1	c18
1.3033708660891e-14	0.20058581290377	0.459	0.344	4.37124521068962e-10	HADHA	c18
9.00626145787765e-15	0.200500184092852	0.662	0.528	3.02051996774301e-10	EIF3E	c18
1.85856189735548e-18	0.200348593921208	0.245	0.161	6.2332448913508e-14	BOD1L1	c18
3.20067828008029e-10	0.200308288430023	0.174	0.12	1.07344348157333e-05	SDE2	c18
3.32832174958473e-11	0.199642682237346	0.391	0.302	1.11625254837573e-06	USP14	c18
4.97587535942017e-08	0.19929325287422	0.084	0.054	0.00166880907804234	ABI2	c18
7.3472716272309e-09	0.198997202624257	0.193	0.139	0.00024641279583407	MTHFS	c18
4.08706886072142e-15	0.198795019372656	0.294	0.207	1.37072115450875e-10	RABEP1	c18
2.82899242059636e-17	0.198410525361644	0.737	0.578	9.48787478019608e-13	H2AFV	c18
8.18438664882649e-13	0.197438170884769	0.356	0.263	2.74487959428343e-08	TRAF4	c18
1.08151836000294e-15	0.197339196453703	0.598	0.459	3.62719627577785e-11	TBCA	c18
9.8206677207585e-12	0.197220481207929	0.351	0.264	3.29365554018798e-07	P2RY10	c18
4.05084870110261e-11	0.19649290453556	0.181	0.125	1.35857363737579e-06	OTUD4	c18
9.80530130003396e-07	0.196360496331603	0.154	0.114	0.0328850195000539	ZNF593	c18
1.75210416424027e-10	0.196059815876313	0.235	0.17	5.876206946029e-06	MRPL55	c18
1.86019205298432e-20	0.195920540075822	0.355	0.246	6.23871210729883e-16	SLC5A3	c18
1.15598317724013e-17	0.195653093510908	0.496	0.376	3.87693637982796e-13	NFATC2	c18
5.58037282571913e-18	0.195576804203439	0.802	0.657	1.87154543828968e-13	POLR2L	c18
2.6171328568653e-08	0.195567207606704	0.193	0.142	0.000877734017535485	CCDC97	c18
5.71881496666275e-17	0.195443468719948	0.738	0.597	1.91797616351935e-12	EIF3G	c18
1.01477296713091e-08	0.19509025162756	0.178	0.128	0.000340334557716364	ERCC1	c18
3.3616115474272e-15	0.194987687206165	0.435	0.324	1.12741728077613e-10	PAF1	c18
4.82043007894132e-47	0.194960751974076	0.999	0.968	1.61667583987534e-42	RPS27	c18
5.14132732952553e-10	0.194931011902365	0.371	0.288	1.72429835977627e-05	LSM2	c18
8.02211251819627e-14	0.194641116930768	0.424	0.322	2.69045609635267e-09	PRNP	c18
4.41378365547993e-17	0.194611660610052	0.815	0.693	1.48029476237486e-12	CD37	c18
5.27261293752022e-09	0.194563842217009	0.113	0.075	0.000176832892698553	MAFG	c18
1.0418934322291e-16	0.194236492601844	0.823	0.682	3.49430219300996e-12	SSR2	c18
6.98715947495547e-39	0.193985465764482	1	0.963	2.34335354471056e-34	PTMA	c18
7.98231273951954e-31	0.193399320973908	0.99	0.928	2.67710804658006e-26	RPL13A	c18
8.05258197711236e-10	0.193258294826119	0.263	0.196	2.70067494348394e-05	FAAP20	c18
1.01954619112251e-07	0.193226446879232	0.072	0.045	0.00341935401578669	SIRT3	c18
2.88237167469793e-36	0.193094760849959	0.251	0.141	9.66689812260191e-32	FOS	c18
1.37436624601914e-16	0.191767759206428	0.426	0.309	4.609349515899e-12	RAB11B	c18
1.3013171599226e-06	0.191733824172753	0.08	0.053	0.043643574909484	RTL6	c18
1.38993360715291e-11	0.190983361264563	0.049	0.024	4.66155933166943e-07	PILRB	c18
2.5722860151699e-09	0.190424163764675	0.249	0.187	8.6269328376768e-05	CHCHD7	c18
1.82441055029161e-18	0.190285073456172	0.794	0.636	6.118708103568e-14	ALDOA	c18
8.37916096258137e-10	0.190057985891068	0.252	0.187	2.81020300363054e-05	TERF1	c18
7.79667659520148e-09	0.189179203711004	0.144	0.099	0.000261484939649867	RPUSD1	c18
9.00729220464865e-07	0.189005814070176	0.055	0.033	0.0302086565959506	BAZ2B	c18
4.95218508929263e-07	0.188906484828095	0.234	0.182	0.0166086383524696	DYNLT3	c18
7.78875566204017e-25	0.188813875771912	0.986	0.917	2.61219287393503e-20	HNRNPA1	c18
7.00052173486054e-10	0.188463985156219	0.29	0.216	2.34783497943753e-05	TMEM70	c18
1.37846090584012e-15	0.188292758456809	0.672	0.516	4.62308218600659e-11	PSMB3	c18
3.64722910453634e-17	0.187575676127343	0.846	0.713	1.2232076970794e-12	EIF3K	c18
6.34319863648825e-12	0.187399051906842	0.342	0.255	2.12738195870543e-07	KIAA1191	c18
3.7922680582926e-11	0.186668737515974	0.414	0.316	1.27185086139017e-06	TUSC2	c18
5.73598073425963e-17	0.1863435819266	0.354	0.253	1.92373321865599e-12	PDE4B	c18
1.51596941281414e-10	0.186334721193892	0.234	0.169	5.08425821669607e-06	RDH11	c18
2.2032123551342e-23	0.186332764052508	0.391	0.265	7.38913359664906e-19	TRPC4AP	c18
1.23093035552853e-13	0.186290064818252	0.485	0.374	4.12829422637159e-09	SSU72	c18
8.94838307164825e-19	0.184952295435397	0.905	0.785	3.00110871456939e-14	ATP5F1B	c18
1.166095855832e-43	0.184372959233163	1	0.951	3.91085228128935e-39	RPL35A	c18
3.66888292507033e-14	0.184297414850224	0.811	0.696	1.23046995541009e-09	LEPROTL1	c18
9.9122267247997e-13	0.184153251246234	0.201	0.136	3.32436259896332e-08	HEXIM1	c18
4.73097314069631e-15	0.183454145448019	0.414	0.304	1.58667377192673e-10	ACD	c18
5.35014615874948e-09	0.183172364542517	0.234	0.173	0.00017943320187214	PDIA4	c18
7.3609230478418e-07	0.182950524133882	0.154	0.113	0.0246870637178518	SPTLC2	c18
7.86245227722827e-14	0.182392984205033	0.385	0.283	2.63690924473682e-09	CDS2	c18
2.28605645543477e-22	0.182314276815992	0.756	0.619	7.66697614023714e-18	STAT3	c18
3.87515981210038e-34	0.182019836679452	0.999	0.949	1.29965109778222e-29	RPL14	c18
4.64587295061699e-19	0.181762186201781	0.962	0.856	1.55813287017793e-14	RPL7	c18
7.10879431179185e-25	0.181727507654936	0.972	0.894	2.38414743628875e-20	PABPC1	c18
8.53293319301791e-21	0.181575455110869	0.929	0.817	2.86177513427435e-16	RPL27A	c18
4.27729665139676e-11	0.180921070048996	0.531	0.425	1.43451975094545e-06	PRKAR1A	c18
1.43433128637103e-19	0.180858078892736	0.909	0.802	4.81046026823115e-15	RPS4Y1	c18
1.30091375157911e-11	0.180750387252325	0.449	0.344	4.36300454004601e-07	MRPL57	c18
3.69268933865218e-10	0.180262202401933	0.17	0.117	1.23845415039717e-05	MED29	c18
1.59670349291723e-13	0.180180533071062	0.854	0.743	5.35502417454581e-09	MCL1	c18
2.19756536687006e-08	0.180163297662093	0.08	0.05	0.000737019472740882	ARL5B	c18
2.28176377022888e-10	0.17860287057526	0.276	0.204	7.65257933259363e-06	TMX1	c18
6.26607811497243e-08	0.178021845774761	0.234	0.177	0.00210151727819946	CHTF8	c18
5.87597255389845e-19	0.177896508129688	0.966	0.881	1.97068367512646e-14	H3F3A	c18
6.06870801938517e-13	0.177630953385327	0.351	0.258	2.0353232955414e-08	SELENOH	c18
7.63731850821874e-12	0.177228039822841	0.548	0.432	2.5614038812864e-07	SLBP	c18
1.32538745251632e-07	0.17711668047916	0.155	0.111	0.00444508443824924	ECHS1	c18
1.37618590951058e-16	0.177028353368656	0.539	0.404	4.61545230331658e-12	PSMD2	c18
3.34628401535625e-13	0.176811943389264	0.185	0.122	1.12227673307018e-08	CTDP1	c18
8.07541868222401e-13	0.17653916278977	0.347	0.253	2.70833391764429e-08	SMU1	c18
1.76568405395013e-07	0.17649439157957	0.173	0.126	0.00592175118013795	MKRN2	c18
5.43952369804751e-11	0.176423956128881	0.292	0.218	1.82430745785117e-06	GTF3C1	c18
1.46094246206639e-08	0.176375040599044	0.178	0.128	0.000489970882927827	TRIM4	c18
7.31927029650213e-07	0.176226739398397	0.18	0.136	0.0245473687204089	TMEM18	c18
6.78657560663904e-09	0.176014326165766	0.173	0.123	0.00022760817269546	ZDHHC7	c18
4.51284465277517e-09	0.175611483415517	0.173	0.122	0.000151351783964774	ABHD16A	c18
2.33043505274751e-08	0.174247643403104	0.143	0.101	0.000781581307990461	CCDC57	c18
4.68775487088265e-09	0.173855334841827	0.239	0.177	0.000157217922859662	ESD	c18
5.96055075975264e-12	0.173846567504357	0.34	0.254	1.99904951380584e-07	NBL1	c18
5.17227502167015e-24	0.173812110629796	0.986	0.905	1.73467759676774e-19	TAGLN2	c18
1.49823376679221e-08	0.173778942619796	0.236	0.177	0.00050247764070677	RNF41	c18
1.24230622883678e-16	0.173713680629418	0.894	0.778	4.1664466302728e-12	RPL17	c18
6.51252439328848e-13	0.173626546440706	0.526	0.408	2.18417043102109e-08	MAP2K3	c18
3.46763173978472e-08	0.173553459926799	0.179	0.131	0.001162974332889	DAPK3	c18
7.50836934839922e-15	0.172786621299912	0.888	0.775	2.51815691206613e-10	ATP5MC2	c18
1.71912096639611e-08	0.172592315199086	0.276	0.212	0.000576558789709927	FYTTD1	c18
3.04066743791655e-13	0.172559057909414	0.31	0.224	1.01977904532845e-08	HARS	c18
6.92591910194749e-15	0.172313479061709	0.259	0.178	2.32281474841115e-10	METRNL	c18
3.30454125736215e-09	0.172300596321274	0.158	0.11	0.000110827704689412	TRAF7	c18
7.00748227608473e-09	0.171916065913935	0.265	0.2	0.00023501694057533	TMEM256	c18
4.67504597146536e-16	0.171905937599923	0.533	0.413	1.56791691791005e-11	CYLD	c18
3.44719791029751e-32	0.170876514218294	1	0.954	1.15612123515558e-27	RPS7	c18
2.09100515442856e-16	0.170859152588893	0.775	0.631	7.01281308692249e-12	SELENOK	c18
4.40983314136856e-26	0.170562657462126	0.998	0.942	1.47896983895219e-21	RPS29	c18
1.71938911944431e-08	0.170368825159236	0.187	0.136	0.000576648722879231	ZNF281	c18
1.54886170543264e-07	0.169979697798029	0.161	0.117	0.00519457238767999	C6orf47	c18
5.22478188554531e-30	0.169660729164278	0.879	0.698	1.75228734877419e-25	CST7	c18
8.93223213820662e-10	0.169581021037291	0.244	0.179	2.99569201451174e-05	KEAP1	c18
5.80988231674882e-13	0.16954374782117	0.512	0.392	1.94851833139122e-08	ARF4	c18
1.08748942279422e-06	0.169425863415024	0.127	0.091	0.0364722202616724	TPRA1	c18
5.21037656553193e-11	0.169313654739642	0.258	0.187	1.7474560925481e-06	DALRD3	c18
7.63008871094358e-14	0.168556060465651	0.408	0.309	2.55897915187626e-09	RBMX	c18
3.52064307618555e-12	0.168259575798607	0.378	0.281	1.18075327489111e-07	RER1	c18
2.13708867699346e-10	0.168153498002725	0.487	0.383	7.16736800490067e-06	ATP5PD	c18
2.85380762703424e-12	0.168136500885154	0.197	0.134	9.57110001954743e-08	MAN2A1	c18
1.41403776889843e-14	0.168122624893378	0.888	0.763	4.74239986933155e-10	RPL36A	c18
2.50609059386928e-13	0.168106426782648	0.5	0.385	8.4049266337188e-09	SDF4	c18
9.43014914743927e-08	0.168053405613688	0.227	0.172	0.00316268342106818	SEC23B	c18
1.85934727309077e-09	0.167846353316661	0.277	0.207	6.23587888449181e-05	THAP4	c18
1.23754075252444e-08	0.167821212167402	0.208	0.153	0.000415046417581645	TFPT	c18
1.1465800640856e-07	0.167708982117193	0.211	0.159	0.00384540021893028	EBP	c18
7.49327687329043e-07	0.167609978743398	0.113	0.079	0.0251309519776415	MIR22HG	c18
1.26655261987486e-08	0.167545711807832	0.237	0.177	0.00042477641765363	MFAP1	c18
1.00247396631186e-14	0.167285142957368	0.787	0.661	3.36209718821672e-10	UBE2B	c18
9.63450360513779e-38	0.167276107667289	1	0.951	3.23121981909111e-33	RPL39	c18
2.83353283120682e-10	0.16685538546192	0.2	0.141	9.50310240930144e-06	QARS	c18
2.06490860681059e-08	0.166745600827153	0.243	0.183	0.000692529048552136	TIMM50	c18
5.08017070061112e-11	0.166542634015945	0.293	0.216	1.70378764957096e-06	ACO2	c18
3.82553379908089e-12	0.16653243268136	0.37	0.278	1.28300752553575e-07	DNAJB11	c18
1.08539074751535e-08	0.166352299045541	0.271	0.207	0.000364018348901699	MOB4	c18
2.26357940924275e-07	0.166289199238548	0.17	0.125	0.00759159262271834	CREBL2	c18
8.57859548091208e-13	0.16614083835858	0.262	0.185	2.87708935238829e-08	EOMES	c18
8.17074952346415e-17	0.16573982362919	0.304	0.21	2.74030597517941e-12	CD55	c18
3.91766194811998e-27	0.165588331703192	1	0.947	1.31390546416048e-22	RPL29	c18
1.00948446504847e-12	0.16493153851493	0.665	0.53	3.38560899887957e-08	ATP5MPL	c18
4.28258925923282e-16	0.164625769540279	0.909	0.791	1.4362947857615e-11	OST4	c18
2.99184439637407e-27	0.164248055727628	0.996	0.938	1.00340477365594e-22	RPL24	c18
2.69038717500985e-10	0.163396973699115	0.354	0.271	9.02302050754803e-06	PRPF6	c18
7.95936992255859e-13	0.163378118338261	0.444	0.334	2.6694134846277e-08	TMEM248	c18
3.33544712210619e-11	0.163350229401368	0.323	0.241	1.11864225581197e-06	PARP1	c18
4.3089980778928e-13	0.163208486177542	0.559	0.434	1.44515177536369e-08	ERP29	c18
1.99964497250954e-10	0.162639208129408	0.182	0.126	6.70640930880249e-06	CFAP36	c18
1.00470647123155e-11	0.162306298272497	0.469	0.361	3.36958456321638e-07	DDT	c18
1.30240598466954e-13	0.162220462606978	0.604	0.477	4.3680091913847e-09	EIF4B	c18
7.48295439885079e-20	0.162154344972333	0.642	0.488	2.50963324628658e-15	CSNK1D	c18
1.95211032338774e-12	0.16186136616161	0.408	0.308	6.54698760257781e-08	CYC1	c18
4.13842908944648e-10	0.161719621988845	0.121	0.078	1.38794634801856e-05	SAMD4B	c18
1.5317655082591e-08	0.161393436391506	0.243	0.183	0.000513723516159937	G6PD	c18
2.10807415077163e-10	0.161132292036357	0.249	0.181	7.07005908685789e-06	BRD7	c18
2.7626113298383e-07	0.160926193237833	0.123	0.086	0.00926524587801169	MRM3	c18
5.45617461592856e-19	0.160809862998134	0.236	0.152	1.82989184269012e-14	MSI2	c18
4.88839113514599e-10	0.160757203423388	0.292	0.219	1.63946861890526e-05	PSME3	c18
1.02743351993285e-35	0.16064999502953	1	0.954	3.44580653915081e-31	RPL34	c18
6.76851750785801e-12	0.160420326074302	0.445	0.339	2.27002540178542e-07	NDUFA5	c18
1.37271099365649e-37	0.160179597914643	1	0.959	4.60379813052513e-33	RPL30	c18
1.06346726666191e-12	0.160167314584311	0.154	0.099	3.56665651893072e-08	RNF168	c18
6.87816859350587e-14	0.160161491644448	0.416	0.307	2.30680018289e-09	RRP7A	c18
5.59025148105161e-11	0.159959901462315	0.28	0.205	1.87485854171509e-06	NAA60	c18
1.20445469033666e-09	0.159883186125306	0.463	0.363	4.0395001404511e-05	TOMM22	c18
8.61416480377644e-14	0.15974410332521	0.301	0.214	2.88901859189054e-09	PTOV1	c18
1.51709895854702e-23	0.159699886667732	0.997	0.95	5.08804648717501e-19	SARAF	c18
5.45748403310948e-27	0.159631422477894	1	0.952	1.83033099502426e-22	RPL18A	c18
5.86634991911295e-12	0.159232606210156	0.687	0.55	1.9674564358721e-07	ARF5	c18
1.21605040016861e-12	0.159016550474521	0.768	0.626	4.07838983208549e-08	COX8A	c18
2.9885438403712e-09	0.158935698994763	0.299	0.225	0.000100229783318369	LAGE3	c18
2.88661550183378e-07	0.158717709001154	0.189	0.142	0.00968113107005014	USB1	c18
6.45881174426738e-17	0.158164498924382	0.951	0.839	2.1661562827924e-12	CHCHD2	c18
1.24298260822924e-06	0.157877863859843	0.118	0.084	0.0416871507147923	RMDN3	c18
1.02285636465566e-09	0.15773283938246	0.856	0.76	3.43045567578214e-05	LAPTM5	c18
4.84052730378301e-10	0.157710541435645	0.387	0.298	1.62341604714275e-05	IGBP1	c18
1.10454173091162e-10	0.157495292493458	0.609	0.487	3.7044120571314e-06	ROMO1	c18
1.22951181454617e-11	0.157388839296401	0.49	0.388	4.12353672362496e-07	HERPUD2	c18
5.88273867365176e-12	0.157352273395691	0.141	0.09	1.97295289636933e-07	KPNA5	c18
1.41518682488844e-17	0.157335902931556	0.598	0.464	4.74625357331087e-13	MBP	c18
1.41403147917336e-13	0.157298012326382	0.171	0.11	4.74237877485161e-09	RUBCN	c18
5.48785401944709e-11	0.156773029170352	0.272	0.2	1.84051648104217e-06	E2F4	c18
1.43700596549578e-31	0.156396956864566	1	0.957	4.81943060707974e-27	RPL11	c18
1.00229598185572e-11	0.156201382173637	0.478	0.367	3.3615002639477e-07	PSMB4	c18
6.93424878980699e-12	0.155949918314112	0.816	0.685	2.32560835912547e-07	XRCC6	c18
1.05908132859654e-09	0.155498113100387	0.109	0.07	3.55194695984706e-05	NUP210	c18
1.12291716833066e-14	0.155276484983392	0.938	0.841	3.76603959914737e-10	TOMM7	c18
5.63652816612252e-08	0.155039842514673	0.179	0.13	0.00189037881635417	LRWD1	c18
2.71708965487391e-17	0.154816658952205	0.977	0.893	9.11257528451612e-13	COX4I1	c18
1.83830437609026e-19	0.154666749109348	0.996	0.942	6.16530521653151e-15	SRGN	c18
5.69414423503447e-12	0.154544222870029	0.607	0.477	1.90970209354586e-07	ATP6V1F	c18
2.20595797531841e-11	0.154304684614122	0.414	0.314	7.3983418576229e-07	PITHD1	c18
2.41149463707297e-07	0.154020006256723	0.245	0.189	0.00808767071381533	SNF8	c18
1.01875790330713e-08	0.153874201138089	0.287	0.219	0.000341671025611146	SDHC	c18
2.84686013764486e-15	0.153842257257903	0.929	0.816	9.54779952963332e-11	PSMA7	c18
5.60389225132471e-07	0.1538040084586	0.125	0.089	0.0187943338324928	LRRC58	c18
4.54044106193982e-10	0.153770559172229	0.165	0.114	1.52277312335338e-05	GCDH	c18
1.98645920550186e-09	0.153453401765514	0.222	0.162	6.66218688341214e-05	TM9SF3	c18
2.30669952472938e-10	0.153195955685508	0.399	0.306	7.73620886603738e-06	NUTF2	c18
7.27889221151328e-08	0.152588048937025	0.276	0.212	0.00244119486989732	MAZ	c18
1.88182396003291e-10	0.15080918436907	0.618	0.495	6.31126119715838e-06	RAB11A	c18
1.21894381317386e-10	0.15048122568123	0.415	0.323	4.08809376062248e-06	RBBP7	c18
2.6193276818523e-14	0.150300594946218	0.883	0.767	8.78470117939625e-10	CRIP1	c18
3.35084107029332e-14	0.150245286762891	0.273	0.191	1.12380507815497e-09	SEC31A	c18
4.61813365735994e-09	0.15009070495486	0.26	0.194	0.000154882966600538	TAF10	c18
6.53565671385956e-13	0.149585149486579	0.793	0.658	2.19192854869422e-08	PRDX1	c18
1.00237454357171e-06	0.149583924849396	0.121	0.086	0.033617637442308	HIF1AN	c18
4.56741898307165e-11	0.149324639447324	0.509	0.4	1.53182097854257e-06	CLTB	c18
8.59153792965905e-08	0.149271882831014	0.177	0.128	0.00288142999084905	ARL8A	c18
6.76590410614808e-11	0.149100164278105	0.234	0.167	2.26914891911994e-06	MED27	c18
8.27171388937946e-12	0.14878725000337	0.534	0.42	2.77416740422008e-07	NINJ1	c18
1.31502167579279e-06	0.148304341028818	0.169	0.126	0.0441031969627385	ARL14EP	c18
4.04096370579075e-07	0.148146681644069	0.246	0.191	0.013552584076481	NDUFAF8	c18
5.62891561687263e-15	0.147938697914762	0.684	0.551	1.88782571958674e-10	RALA	c18
1.89858700782853e-09	0.147688785553922	0.167	0.117	6.36748110685533e-05	LETM1	c18
1.90404274098455e-09	0.147642102996068	0.217	0.157	6.38577854471399e-05	DHX16	c18
3.4965211850345e-07	0.147290094817188	0.101	0.069	0.0117266327503687	DENND3	c18
2.25110805549108e-08	0.1471819564714	0.139	0.096	0.000754976619650599	VPS11	c18
1.23638752640457e-11	0.146993775551085	0.364	0.272	4.14659648605566e-07	ELAVL1	c18
2.26187229342447e-09	0.146849747841116	0.157	0.109	7.58586729768699e-05	PRKAG2	c18
8.34845107262716e-11	0.146696198243562	0.287	0.21	2.7999035207377e-06	MRPS26	c18
8.35775100113314e-09	0.146450370044958	0.214	0.157	0.000280302253076003	TMUB2	c18
4.64420983276501e-11	0.146392686163205	0.276	0.203	1.55757509371273e-06	PSPC1	c18
1.53004244012396e-10	0.146320251018073	0.667	0.545	5.13145633568775e-06	VDAC2	c18
1.22856700172541e-07	0.146225818056679	0.195	0.146	0.00412036801038668	TOMM40	c18
6.02283453495663e-07	0.146110246731983	0.067	0.042	0.0201993824633375	LSM14B	c18
3.09995752428208e-07	0.145570583230758	0.227	0.173	0.0103966375449372	ABHD14B	c18
2.64493878645452e-08	0.145508969520527	0.317	0.244	0.000887059570201118	TINF2	c18
1.97301247425033e-10	0.145311830889634	0.337	0.255	6.61708923614076e-06	TNFRSF14	c18
2.17277478418972e-10	0.144159482546201	0.441	0.342	7.28705207121549e-06	OXA1L	c18
1.6251493291893e-12	0.144089142308762	0.776	0.636	5.45042582023506e-08	PSMB1	c18
1.29252876131138e-11	0.144057898219548	0.624	0.491	4.33488295968612e-07	EIF3D	c18
2.13285976077927e-10	0.143882107436808	0.164	0.111	7.15318506570151e-06	MYLIP	c18
1.94135678335771e-12	0.143745848260546	0.425	0.32	6.51092238002507e-08	RTF2	c18
2.96131240226962e-15	0.143712410414723	0.974	0.89	9.93164953473184e-11	RPL31	c18
4.37687871905462e-12	0.143660361231583	0.932	0.829	1.46791758479654e-07	SLC25A3	c18
6.11428466146532e-08	0.143559911741725	0.231	0.175	0.00205060878976224	TOPORS	c18
8.64376610432381e-08	0.143252797181996	0.171	0.124	0.00289894627606812	FGD5-AS1	c18
2.63506949638079e-10	0.143207481615971	0.545	0.431	8.83749607696189e-06	CCT7	c18
1.96402995401607e-14	0.142237020742742	0.35	0.254	6.5869636597791e-10	KPNA1	c18
3.22504567947958e-09	0.141884184490821	0.169	0.12	0.000108161581998386	SDR39U1	c18
3.12153978220216e-16	0.141734185710408	0.449	0.336	1.04690201215496e-11	PRKCH	c18
7.66646711884659e-10	0.141325333587813	0.635	0.518	2.57117974231877e-05	TOMM20	c18
4.13744395830838e-08	0.140745169804976	0.141	0.099	0.00138761595473746	TMX3	c18
4.48691581011063e-10	0.140725972284518	0.75	0.639	1.5048218243949e-05	PARK7	c18
3.86055275930877e-08	0.140668281569731	0.278	0.213	0.00129475218441698	SVIP	c18
9.77555935539962e-22	0.140479666183455	0.317	0.208	3.27852709661392e-17	KDM2B	c18
1.70885490897937e-10	0.140176212641377	0.347	0.262	5.73115759373501e-06	TPGS1	c18
2.1704365771289e-17	0.13976198503183	0.994	0.937	7.27921019237491e-13	RPL37A	c18
2.11224167173019e-07	0.139716600247303	0.122	0.085	0.00708403611864872	PAPOLG	c18
6.6537285191071e-09	0.139424764897305	0.586	0.48	0.000223152747073814	CDK2AP2	c18
2.07153896754707e-12	0.139206436562042	0.547	0.42	6.94752738935936e-08	MAF1	c18
1.45877806912511e-11	0.139061874710434	0.729	0.601	4.89244988823178e-07	BZW1	c18
5.15311646039378e-09	0.138395010536286	0.288	0.219	0.000172825219848687	NOLC1	c18
6.14799383388784e-13	0.138349607289566	0.31	0.222	2.0619141720093e-08	GALNT11	c18
6.5527742511669e-10	0.138268864201489	0.369	0.281	2.19766942835635e-05	COPS8	c18
2.17681669786177e-14	0.138235668389576	0.983	0.904	7.30060784128879e-10	BTF3	c18
1.30578339813492e-21	0.138219658132383	0.631	0.49	4.37933636066488e-17	RNF19A	c18
9.58208274725568e-10	0.137894861301928	0.286	0.217	3.21363891177461e-05	SLC25A46	c18
2.89808311145253e-09	0.137807335222799	0.263	0.197	9.71959113918949e-05	SCYL1	c18
1.88649952575446e-08	0.137254179425385	0.167	0.12	0.00063269421094753	ORAI2	c18
1.83495131225895e-13	0.136677188108238	0.295	0.211	6.15405971105408e-09	PPP1R10	c18
4.75577813470444e-09	0.136359070898772	0.213	0.156	0.000159499287081717	SLC25A39	c18
7.49000312706946e-12	0.135548621172386	0.833	0.706	2.51199724875656e-07	COMMD6	c18
1.74350639857017e-10	0.135512073237578	0.291	0.214	5.84737175952465e-06	POR	c18
2.04629600943798e-07	0.135400901801095	0.266	0.205	0.00686286755645311	DRG1	c18
3.23961353973505e-10	0.135365578949203	0.138	0.091	1.08650158895634e-05	SKIV2L	c18
1.33028346497893e-11	0.134952449768167	0.913	0.805	4.46150468484635e-07	TMBIM6	c18
6.73653135693394e-11	0.134917568758904	0.313	0.232	2.2592978864885e-06	MAP1S	c18
1.38311243763676e-06	0.134906824211056	0.184	0.138	0.0463868249334616	EXOSC3	c18
8.5147572654674e-10	0.134777907378959	0.452	0.361	2.85567929169246e-05	LBH	c18
1.4407175692273e-10	0.134645226883864	0.225	0.163	4.83187858367453e-06	HIST1H1E	c18
8.19535012316711e-08	0.134454172863921	0.214	0.161	0.00274855652430779	STK40	c18
4.21636681366024e-11	0.13401745879657	0.574	0.453	1.41408510196537e-06	ENY2	c18
2.42857289834468e-10	0.133977420248042	0.203	0.143	8.14494778646838e-06	SYVN1	c18
1.67009635839531e-10	0.1339013796174	0.637	0.52	5.6011691667862e-06	ATP5F1D	c18
4.34141227683169e-07	0.133896170752112	0.162	0.119	0.0145602284940381	ERVK3-1	c18
1.88366022177549e-09	0.133680994327309	0.324	0.249	6.31741965179064e-05	NDRG1	c18
3.84939882607633e-22	0.133565060180304	1	0.955	1.29101137828948e-17	RPL32	c18
7.75105978907289e-25	0.133453098439205	0.999	0.962	2.59955043205927e-20	EIF1	c18
2.97503743784688e-09	0.133358238293815	0.255	0.189	9.97768055905086e-05	RCN2	c18
2.29158477551657e-08	0.132600651368394	0.303	0.232	0.000768551702012746	ZFAND6	c18
2.7286407534056e-09	0.132545301845467	0.339	0.258	9.15131535877171e-05	MED28	c18
1.5018640746904e-08	0.132331868763889	0.169	0.121	0.000503695173369667	MTMR6	c18
1.90082600181781e-11	0.132095596403281	0.433	0.325	6.37499024489657e-07	DNAJC9	c18
8.94211460690952e-08	0.132039024861845	0.133	0.093	0.00299900639686532	DDHD2	c18
3.85422319707336e-09	0.131755199048933	0.237	0.176	0.000129262937583446	USP12	c18
3.50291129154642e-11	0.131724799564129	0.873	0.761	1.17480638895884e-06	RPL23	c18
2.41958357517148e-11	0.13166577884124	0.558	0.437	8.11479939441011e-07	PSMC4	c18
5.31298119813122e-11	0.131528567325351	0.518	0.4	1.78186763422925e-06	RELA	c18
4.50198095519137e-08	0.130751883417838	0.338	0.265	0.00150987437275208	EPB41L4A-AS1	c18
2.07392907761618e-07	0.130592808441212	0.293	0.23	0.00695554334050913	LSM5	c18
7.84275942963208e-08	0.130592733853256	0.131	0.091	0.00263030465751001	FAM76B	c18
1.07719456127522e-07	0.130029302624379	0.185	0.136	0.00361269511960482	SHARPIN	c18
2.37012150415904e-09	0.129525619907434	0.184	0.131	7.94891350064857e-05	SACM1L	c18
2.32945136764793e-09	0.129301571478546	0.468	0.369	7.81251399681763e-05	PPP1CC	c18
6.61996602960443e-10	0.128987120613517	0.357	0.274	2.22020420700873e-05	SMARCE1	c18
2.69193216937754e-18	0.128660601295155	0.954	0.851	9.0282021096584e-14	ADGRE5	c18
9.7521430480566e-07	0.128203963929783	0.23	0.178	0.0327067373545722	TMEM219	c18
3.5272424638792e-21	0.128086174207807	1	0.956	1.18296657753581e-16	RPS27A	c18
6.11392464962469e-08	0.128011581090092	0.162	0.117	0.00205048804899113	HMG20B	c18
5.56153534010784e-22	0.127949210487305	0.999	0.953	1.86522772236537e-17	FAU	c18
2.33379197233304e-07	0.127850382424707	0.153	0.11	0.00782707151681056	UTP3	c18
2.27676871671586e-09	0.127687520697653	0.487	0.381	7.63582692212165e-05	SUPT4H1	c18
5.52414485717839e-10	0.127662914217817	0.533	0.424	1.85268770220049e-05	DCXR	c18
3.14411762700481e-10	0.127073674266971	0.317	0.236	1.05447416974487e-05	CCDC115	c18
7.54150916068286e-08	0.126838326733861	0.272	0.209	0.00252927134230982	RCAN3	c18
7.55962990273802e-09	0.126787828780095	0.371	0.29	0.000253534867678028	EIF4E2	c18
1.52768577208228e-10	0.126693682376038	0.912	0.812	5.12355254240956e-06	HINT1	c18
2.78386533664529e-08	0.126550048840157	0.207	0.153	0.000933652756604097	TMEM134	c18
3.94933088655889e-11	0.126133187388044	0.563	0.443	1.32452659273412e-06	RNH1	c18
1.47655449520327e-07	0.125968425112737	0.651	0.543	0.00495206846601273	SYNGR2	c18
1.43990322141361e-07	0.125546046492878	0.26	0.2	0.00482914742397696	TTC1	c18
3.47110818511503e-07	0.12552056571385	0.155	0.112	0.0116414026312388	MAGT1	c18
4.85372827846415e-07	0.125256122889858	0.213	0.162	0.0162784339003131	SRSF8	c18
2.18158579035078e-08	0.125234867010234	0.465	0.37	0.000731660242367843	PSMF1	c18
5.09445945845887e-11	0.124601696820567	0.235	0.168	1.70857981317794e-06	IKBKG	c18
6.27684066128244e-11	0.124300413226857	0.348	0.26	2.1051268209809e-06	IDI1	c18
7.13831996070513e-12	0.124260234284832	0.782	0.648	2.39404974842129e-07	RABAC1	c18
1.47523564397174e-06	0.124172078379116	0.14	0.102	0.0494764530275241	SH3GL1	c18
8.36856183875938e-10	0.124168709794682	0.225	0.163	2.80664826948312e-05	EIF2B4	c18
2.77148912454174e-08	0.123844444703311	0.342	0.266	0.000929502022588808	ORMDL2	c18
1.28876010837584e-12	0.123678278209086	0.995	0.927	4.32224365147088e-08	RPL36AL	c18
4.82514008305728e-08	0.123388097865873	0.222	0.166	0.00161825548105575	RSPRY1	c18
4.07259936827293e-12	0.1233572156945	0.983	0.901	1.36586837613138e-07	RPL38	c18
9.21364804019123e-10	0.122462379730361	0.44	0.338	3.09007327971933e-05	SLIRP	c18
3.43427430600809e-09	0.122364514995061	0.291	0.219	0.000115178691674899	EHD4	c18
4.3284574523173e-07	0.121583794199863	0.276	0.214	0.0145167806035818	ZNF581	c18
2.76285648247165e-08	0.121560397809535	0.142	0.1	0.000926606807091343	FAM120B	c18
2.13470931924108e-10	0.121396862426202	0.302	0.223	7.15938811487073e-06	RCE1	c18
4.59949257602366e-09	0.121255831331587	0.541	0.433	0.000154257782014682	ARPP19	c18
1.14109480382127e-08	0.121228605492356	0.347	0.269	0.000382700375305577	COX16	c18
8.93376856166739e-08	0.121182595344836	0.245	0.186	0.00299620730021201	ATXN10	c18
7.31743901116255e-07	0.120666272207926	0.199	0.151	0.024541226955637	DCTN6	c18
6.02501813661295e-09	0.120399856522337	0.337	0.257	0.000202067058265725	MRPS18C	c18
8.3011465348616e-11	0.119933866900279	0.794	0.668	2.78403852486188e-06	C12orf57	c18
2.68320609286329e-07	0.119479750927128	0.211	0.16	0.00899893659424491	RBM48	c18
1.29338881628596e-18	0.119439142590197	0.481	0.354	4.33776741205986e-14	ANKLE2	c18
2.90932428720202e-10	0.119116913213509	0.338	0.254	9.75729179441813e-06	BRMS1	c18
2.85617089206595e-08	0.119070119324306	0.318	0.246	0.00095790259378108	SAR1A	c18
3.71299943382502e-11	0.118955522807184	0.702	0.568	1.24526575011623e-06	ST13	c18
3.33259940771775e-08	0.118584457476643	0.107	0.071	0.00111768718936038	FBXO38	c18
4.14071901456943e-11	0.118349575999283	0.554	0.437	1.3887143431063e-06	HNRNPM	c18
1.15487717393435e-09	0.11798390146978	0.551	0.434	3.87322706594103e-05	APH1A	c18
1.99642967579949e-09	0.117608275001917	0.833	0.715	6.69562584669632e-05	UBXN1	c18
3.09957982043764e-11	0.117476402352946	0.442	0.345	1.03953708017838e-06	IQGAP2	c18
1.06008127172956e-27	0.117201243079375	0.38	0.25	3.55530056912659e-23	DUSP1	c18
5.25022150187256e-11	0.116372751384437	0.989	0.92	1.76081928729802e-06	UBA52	c18
2.27069962915887e-09	0.116279628843619	0.241	0.178	7.61547241627303e-05	WDR46	c18
1.25547796542753e-08	0.116198998993401	0.294	0.223	0.000421062200045085	ATP6AP1	c18
8.61741809926532e-10	0.115851063075012	0.451	0.352	2.8901096821316e-05	SEPT9	c18
1.37727663802257e-10	0.115443233467684	0.493	0.389	4.61911038860011e-06	ISG15	c18
1.07417523441861e-09	0.115095266989271	0.883	0.763	3.60256890119313e-05	SLC3A2	c18
3.50102190008369e-10	0.11430157433281	0.308	0.231	1.17417272485007e-05	CIAO1	c18
8.89825463564467e-09	0.114297787899191	0.573	0.458	0.000298429663970251	TMED2	c18
4.27008652161434e-10	0.114141056956041	0.278	0.207	1.43210161761902e-05	MAP2K2	c18
9.38832439328486e-12	0.114050359618684	0.964	0.888	3.14865623501988e-07	PFDN5	c18
3.75893042511049e-18	0.113990564658456	0.383	0.273	1.26067008597356e-13	AHI1	c18
7.0705555030911e-07	0.113781915572579	0.215	0.164	0.0237132290462669	ZCCHC10	c18
1.24852717028737e-06	0.113638478743062	0.113	0.079	0.0418731042370977	RNF20	c18
1.3674747249248e-09	0.112951647384591	0.104	0.066	4.58623673245278e-05	PIK3C2A	c18
1.48420797896639e-07	0.112807226407774	0.074	0.046	0.00497773671985747	PLCG2	c18
4.18349245213167e-09	0.112272420696577	0.206	0.15	0.000140305969859592	TP53BP2	c18
5.9186058729445e-07	0.112189146992076	0.287	0.226	0.0198498203766813	ATP6V1B2	c18
1.64828895235652e-11	0.112120036139093	0.977	0.899	5.52803148841328e-07	PCBP2	c18
4.22837211621903e-08	0.112116552974701	0.69	0.568	0.00141811144033754	EIF5A	c18
9.47596444120156e-07	0.112023876850031	0.237	0.184	0.0317804895429018	H2AFX	c18
2.31738850987502e-08	0.111837336626152	0.364	0.285	0.000777205758441886	DNPH1	c18
4.31887524300208e-08	0.111674539428959	0.784	0.682	0.00144846437899804	SEPT7	c18
3.3418301412424e-08	0.111476977069453	0.57	0.476	0.00112078299276988	MAPRE2	c18
5.22430680262511e-08	0.111329479763738	0.271	0.207	0.00175212801546441	NUBP2	c18
4.28436772586252e-12	0.111047936699893	0.717	0.577	1.43689124789977e-07	SRSF3	c18
6.36427027682727e-11	0.111025781385204	0.624	0.499	2.13444896544233e-06	TNFRSF1B	c18
8.31458607604365e-09	0.110660596484775	0.304	0.236	0.000278854587818352	CMIP	c18
1.10856159701514e-08	0.110596787229669	0.387	0.302	0.000371789388406936	METTL26	c18
9.81866236845971e-07	0.11040878521872	0.076	0.049	0.0329298298513402	TULP4	c18
2.34191650591496e-08	0.110172770817935	0.695	0.581	0.000785431957753759	C19orf53	c18
1.4935325880344e-08	0.110087100860456	0.598	0.49	0.000500900959374976	EIF4H	c18
1.13580234149745e-08	0.109842229821276	0.193	0.14	0.000380925389291416	RNF40	c18
2.82909934206587e-07	0.109802539140273	0.269	0.209	0.00948823337342052	DNAJC19	c18
2.6102133167038e-07	0.109091423110639	0.359	0.283	0.00875413342156121	APEX1	c18
8.02533451070645e-12	0.108701406746494	0.274	0.197	2.69153668820073e-07	CPSF7	c18
1.46168550969388e-06	0.108019203232773	0.119	0.084	0.0490220086241132	PDLIM2	c18
3.07624049823614e-11	0.107902777063639	0.331	0.246	1.03170953829844e-06	B4GALT1	c18
1.71991372573667e-08	0.107634326973404	0.372	0.289	0.000576824665337565	TKT	c18
5.84106169693374e-07	0.10746664055911	0.192	0.145	0.0195897527191764	NAGK	c18
1.62892850473188e-09	0.106979013551404	0.295	0.222	5.46310041916978e-05	CLPTM1	c18
1.0395779598695e-10	0.106870002059088	0.626	0.502	3.48653656181034e-06	NAPA	c18
1.26766809383764e-11	0.106837223320179	0.182	0.123	4.25150525311267e-07	DTHD1	c18
6.64529400283892e-09	0.106734469745543	0.319	0.243	0.000222869870267212	MRPL10	c18
1.8502877122277e-07	0.106688412087531	0.238	0.183	0.00620549492926924	DCAF11	c18
1.66803832932415e-11	0.106667450144968	0.327	0.245	5.59426694888732e-07	ERICH1	c18
2.61581411669824e-15	0.106261566437138	0.341	0.244	8.77291738458257e-11	IL4R	c18
3.88996129537569e-09	0.106243204246943	0.457	0.364	0.00013046152192431	NFE2L2	c18
1.26027060253866e-06	0.106174438457413	0.197	0.149	0.0422669554679417	RTL8C	c18
8.83639975379179e-07	0.106124844838375	0.252	0.196	0.0296355174942669	BTF3L4	c18
7.52899865805139e-08	0.106024641869211	0.532	0.429	0.00252507556993728	PHB2	c18
5.09893930907058e-10	0.10569276611135	0.356	0.27	1.71008226547609e-05	RPAIN	c18
4.50937709803337e-08	0.105652018833994	0.245	0.183	0.00151235489113843	NBR1	c18
6.569867668097e-08	0.105643106792856	0.218	0.163	0.00220340221852637	C1orf174	c18
1.57504847572573e-10	0.105402689465596	0.426	0.328	5.28239757788896e-06	EIF4A1	c18
1.88771102936088e-07	0.105196777625641	0.736	0.613	0.0063310052502705	NDUFA4	c18
5.30846141840583e-07	0.105143911027616	0.145	0.105	0.0178035179050495	SMARCAD1	c18
2.63316505011069e-08	0.105019673872566	0.62	0.509	0.000883110894506123	KHDRBS1	c18
2.67937958801184e-11	0.104937683591987	0.593	0.47	8.98610326227411e-07	P4HB	c18
9.55065947453064e-08	0.104544983226346	0.28	0.217	0.00320310017456809	SSRP1	c18
3.01159908324232e-08	0.104531447462371	0.564	0.455	0.00101003010053781	GSTP1	c18
9.44061880729391e-08	0.104239107683565	0.23	0.173	0.00316619473559023	POLDIP2	c18
5.12781489845642e-10	0.103401256131138	0.989	0.916	1.71976656064431e-05	RPL22	c18
1.99900983771708e-13	0.103351302820539	0.355	0.264	6.70427919373555e-09	PDE4DIP	c18
1.26697945219108e-06	0.103291688403181	0.103	0.072	0.0424919568675844	SNX14	c18
5.46705659786073e-08	0.102567158493684	0.38	0.3	0.00183354144179053	AP1M1	c18
9.14435027126225e-08	0.102263260947601	0.192	0.141	0.00306683219397593	GTF2H1	c18
7.1319844228826e-08	0.101888246167631	0.471	0.38	0.00239192493574637	B3GNT2	c18
3.4240213958419e-09	0.101727171002024	0.38	0.302	0.000114834829573746	SLFN5	c18
8.29798993762973e-09	0.101687601255925	0.344	0.263	0.000278297986528226	SAR1B	c18
9.09787703015615e-09	0.101561747281973	0.996	0.934	0.000305124599837377	RPL21	c18
1.89233645991042e-07	0.101010030551433	0.251	0.192	0.00634651801924757	PGLS	c18
1.95756742232945e-07	0.100776639159265	0.322	0.25	0.00656528962100849	CDC26	c18
9.43981003865012e-08	0.100702234942398	0.543	0.44	0.00316592349076248	CNPPD1	c18
3.71820057108198e-10	0.100545355600525	0.331	0.25	1.24701010752947e-05	SAT2	c18
2.84620423444445e-07	0.10045114093778	0.187	0.139	0.00954559976147978	CWC22	c18
1.01037010807725e-08	0.100410822288334	0.443	0.349	0.000338857926846949	ORAI1	c18
1.33365996387242e-06	0.100404809185826	0.138	0.1	0.0447282878683533	UGCG	c18
8.16489387564634e-08	0.100353389802037	0.754	0.627	0.00273834210801427	NDUFB11	c18
2.30775050179239e-09	0.100342083440843	0.258	0.191	7.73973363291131e-05	NME3	c18
4.95896762538589e-07	0.100300018096186	0.182	0.136	0.0166313856220192	ACLY	c18
6.02590254789078e-11	0.100204596270097	0.468	0.363	2.02096719651161e-06	SDCBP	c18
