# factor-levels: seurat_clusters=c1|c2|c3|c4|c5|c6|c7|c8|c9|c10|c11|c12|c13|c14|c15|c16|c17|c18|c19|c20|c21|c22|c23|c24|c25|c26|c27

p_val	avg_log2FC	pct.1	pct.2	p_val_adj	gene	seurat_clusters
0	7.68376926342151	0.484	0.007	0	HSPA6	c24
0	6.2069350678957	0.973	0.23	0	HSPA1A	c24
0	6.04596302498949	0.849	0.1	0	HSPA1B	c24
0	5.79331463961305	0.371	0.021	0	SERPINH1	c24
1.32507487325031e-100	5.5853054088502	0.031	0.001	4.44403610990688e-96	ACTRT3	c24
5.36370652802202e-124	5.47217881443285	0.035	0.001	1.79887989536802e-119	PGF	c24
0	5.09511549376501	0.901	0.383	0	DNAJB1	c24
0	5.01401524048256	0.632	0.098	0	BAG3	c24
9.32477097863749e-50	4.86060433613989	0.017	0.001	3.12734169081544e-45	AP000911.1	c24
1.43212127302818e-109	4.81956657024285	0.049	0.002	4.80304832548191e-105	PARD6G-AS1	c24
4.63603984367892e-29	4.33773976183571	0.014	0.001	1.55483504277304e-24	RRAD	c24
0	4.16961779292933	0.948	0.337	0	HSPB1	c24
1.46526443049916e-163	4.09508352063958	0.113	0.008	4.91420384700809e-159	CHRNA5	c24
0	4.00173962344613	0.986	0.5	0	HSPE1	c24
1.29438284644372e-41	4.00101717499673	0.057	0.008	4.34110119040296e-37	PROK2	c24
3.37972091861561e-16	3.91862792408889	0.011	0.001	1.1334908016853e-11	SPR	c24
3.36812970273599e-24	3.8766389154223	0.02	0.002	1.1296033397036e-19	P4HA2	c24
0	3.86224560769691	0.997	0.875	0	HSP90AA1	c24
8.30182453060375e-20	3.80790917255641	0.016	0.001	2.78426591107389e-15	CIART	c24
2.75149953415126e-194	3.78281149416288	0.253	0.034	9.22797913763651e-190	DNAJB4	c24
0	3.77955129289309	0.969	0.475	0	HSPH1	c24
0	3.77705765561572	0.327	0.034	0	DNAJA4	c24
4.63937821808767e-122	3.76692747104519	0.104	0.009	1.55595466678224e-117	MUC12	c24
0	3.71506996941074	0.967	0.548	0	HSPD1	c24
2.066717299627e-22	3.68390927302513	0.019	0.002	6.93135647948904e-18	ULBP1	c24
1.11132543391515e-33	3.62286042016791	0.127	0.037	3.72716324026465e-29	CCL20	c24
2.25697192297377e-39	3.61175298836699	0.053	0.007	7.56943243526943e-35	KCNK1	c24
1.63685235343302e-26	3.59379883930394	0.028	0.003	5.48967542294365e-22	AC022182.2	c24
1.24446930772386e-07	3.57510290798567	0.019	0.005	0.00417370116424427	IL2	c24
7.90770150954872e-28	3.54915946596597	0.028	0.003	2.65208493227245e-23	AC092803.2	c24
0	3.49029137715124	0.846	0.284	0	FKBP4	c24
6.21278861861047e-268	3.46877433439289	0.679	0.199	2.08364504690958e-263	ZFAND2A	c24
4.52908591103087e-19	3.36892046298189	0.016	0.001	1.51896483284153e-14	ARL14EPL	c24
2.49607606352769e-22	3.30834915299721	0.025	0.003	8.37133990185916e-18	FHAD1	c24
7.13874253753444e-105	3.25678153666404	0.277	0.066	2.3941914722383e-100	NR4A1	c24
3.01433783553733e-12	3.16246674243444	0.014	0.002	1.01094862328251e-07	VEGFA	c24
9.41763510004516e-10	3.14353137127256	0.013	0.002	3.15848645985314e-05	AP002990.1	c24
2.9884156336395e-40	3.13126572722255	0.074	0.013	1.00225483521002e-35	LINC01480	c24
2.09143167322382e-11	3.06380660802462	0.013	0.002	7.01424354565806e-07	AC025259.3	c24
1.95515939206934e-15	3.05098132148176	0.033	0.007	6.55721356912216e-11	AL391056.1	c24
4.98468233486673e-12	3.03645218948152	0.017	0.003	1.6717627614676e-07	KISS1R	c24
1.86605239351411e-11	3.03006505260995	0.028	0.007	6.25836651736763e-07	ANLN	c24
2.71577235363784e-52	3.02559687866202	0.088	0.014	9.10815731963057e-48	PRRG4	c24
3.76322909647332e-52	2.98808767804889	0.083	0.013	1.26211177437522e-47	E2F7	c24
1.10898528121633e-13	2.96955964349962	0.033	0.007	3.71931483614332e-09	TENT5A	c24
3.85479281772386e-08	2.91860064388769	0.011	0.002	0.00129282041520823	HSPE1-MOB4	c24
1.47996199503175e-68	2.90116591855371	0.118	0.019	4.96349653893749e-64	ULBP2	c24
5.60596288806886e-274	2.89842293835638	0.736	0.234	1.88012783340054e-269	CHORDC1	c24
1.26293025102721e-298	2.8875618894735	0.832	0.319	4.23561547589507e-294	AHSA1	c24
3.64539944317069e-302	2.87956950097757	0.942	0.533	1.22259406525059e-297	CACYBP	c24
5.28471215090011e-07	2.87604095973065	0.02	0.005	0.0177238676116888	TCEAL9	c24
2.55189070820152e-124	2.7958541998196	0.303	0.067	8.55853105716625e-120	ATF3	c24
3.27662568142531e-70	2.75307829075935	0.115	0.018	1.09891472103642e-65	EGR1	c24
9.24959050297049e-14	2.73989604106516	0.033	0.007	3.10212766288624e-09	SCD	c24
0	2.7098853322555	0.995	0.897	0	HSPA8	c24
1.36208621785848e-54	2.68586224915211	0.142	0.032	4.56816475745376e-50	ARG2	c24
0	2.67182514914217	0.995	0.885	0	HSP90AB1	c24
5.74245878953868e-64	2.63724990950173	0.124	0.022	1.92590582883548e-59	C17orf67	c24
9.01156914970789e-59	2.61762539167619	0.178	0.045	3.02230006142903e-54	CDKN2C	c24
1.18559858675718e-10	2.60351413870087	0.014	0.002	3.97626054026625e-06	CSRP2	c24
1.07495974337085e-250	2.59847332338067	0.929	0.613	3.60519998731717e-246	DNAJA1	c24
1.22790500089336e-08	2.45126568029551	0.036	0.012	0.000411814779199616	CCL18	c24
7.11092671607123e-160	2.44950664362367	0.649	0.26	2.38486260203597e-155	DOK2	c24
5.10867085627972e-82	2.446915941618	0.384	0.135	1.71334603177909e-77	CCL4L2	c24
1.52886062208275e-13	2.42190120638134	0.09	0.036	5.12749275434114e-09	RGS16	c24
1.03800445126535e-33	2.4155431199107	0.165	0.056	3.48125932865372e-29	TNF	c24
5.08601911503815e-89	2.40943001247561	0.201	0.041	1.70574909080149e-84	MUM1	c24
2.24415594679835e-108	2.37304163251643	0.299	0.072	7.5264502143723e-104	HIBCH	c24
8.74587965927674e-07	2.36165228796924	0.013	0.003	0.0293319312012823	CLSTN2	c24
3.37982847618286e-52	2.35502492698565	0.365	0.161	1.13352687434221e-47	RGS2	c24
2.5894550995231e-54	2.31945628305924	0.153	0.036	8.68451451278056e-50	CSF1	c24
1.18180200878066e-18	2.31306106821178	0.058	0.015	3.96352757704858e-14	HSPA2	c24
2.53649076967974e-15	2.29380949127131	0.08	0.028	8.50688274335191e-11	CAV1	c24
6.73551781555932e-08	2.29173207364164	0.03	0.009	0.00225895796498228	ANKRD35	c24
4.53993870657748e-09	2.2859963273689	0.014	0.002	0.000152260464341196	FOSL1	c24
1.56819284132722e-118	2.26624332014299	0.569	0.236	5.25940515124323e-114	MRPL18	c24
4.55827554304826e-201	2.25049956147326	0.797	0.389	1.52875445162753e-196	TCP1	c24
1.14458049323065e-60	2.22048292570085	0.358	0.139	3.83869405819694e-56	CCL3	c24
1.61761682583792e-10	2.20734955609125	0.024	0.005	5.42516331049522e-06	RND1	c24
1.27144194403126e-111	2.20145820949061	0.486	0.18	4.26416199189205e-107	DEDD2	c24
4.7843889716352e-09	2.18838017582581	0.024	0.006	0.000160458837330701	HIF1A-AS2	c24
6.4315781594104e-15	2.18241292804778	0.097	0.038	2.15702268310306e-10	CHI3L2	c24
6.89710303361908e-192	2.17334405442112	0.777	0.353	2.31315041541517e-187	STIP1	c24
4.42777211596671e-15	2.15076947816424	0.14	0.065	1.48498621225292e-10	HMOX1	c24
9.32376209442324e-40	2.15017817050602	0.454	0.252	3.12700333122767e-35	DUSP1	c24
3.27460309206394e-08	2.14442989791074	0.014	0.003	0.00109823638501641	AL360270.3	c24
2.49002796573602e-14	2.13963798648139	0.061	0.019	8.35105579148547e-10	HPSE	c24
7.42128048386208e-10	2.134880349029	0.041	0.013	2.48894904867766e-05	FAM174B	c24
1.33160706694173e-14	2.12227861085213	0.058	0.018	4.46594378110919e-10	EGR2	c24
5.46467622996718e-07	2.12022535302201	0.031	0.011	0.0183274311400639	HSPA1L	c24
2.83818934680748e-08	2.11487392689577	0.019	0.004	0.000951871943132294	AL035530.2	c24
8.43797589439387e-36	2.09556505515833	0.153	0.047	2.82992835546182e-31	ICAM1	c24
1.05157070815577e-145	2.08697905352548	0.654	0.276	3.52675784101283e-141	HSPA4	c24
1.47136502802522e-06	2.07792648897178	0.02	0.006	0.04934664030991	AC013264.1	c24
4.51738408953505e-182	2.0490501730475	0.818	0.449	1.51504027594826e-177	CCT4	c24
1.88212425087413e-07	2.04848826869531	0.027	0.008	0.00631226831258167	TRBV12-2	c24
2.23691871996529e-69	2.02456655829675	0.692	0.413	7.5021780030196e-65	CCL4	c24
3.63278807842331e-09	2.02365373257242	0.028	0.008	0.000121836446574161	RASD1	c24
2.58307922685598e-41	2.02072605042619	0.244	0.093	8.66313111102959e-37	TNFSF14	c24
4.35356056404887e-42	2.02066220123861	0.454	0.242	1.46009714197071e-37	IFNG	c24
9.58078765900518e-33	1.99394231334714	0.401	0.231	3.21320456507716e-28	GADD45B	c24
1.31673860596466e-34	1.99169925683143	0.167	0.056	4.41607793668426e-30	TNFSF9	c24
3.32069735376437e-26	1.98646085084751	0.099	0.028	1.11369547850549e-21	FAM184A	c24
2.16381991782701e-48	1.97376404149255	0.384	0.186	7.25701924040822e-44	CKS2	c24
8.97624879467118e-07	1.96158282899855	0.013	0.003	0.0301045432075682	RGL1	c24
7.15240376470697e-12	1.95986596625713	0.083	0.034	2.39877317460742e-07	HES4	c24
3.059035262189e-10	1.95586764884997	0.055	0.02	1.02593924623295e-05	IER3	c24
1.68930059282076e-71	1.95185984378015	0.404	0.163	5.66557632820227e-67	SNAP23	c24
2.67242378868361e-54	1.92096593933746	0.28	0.101	8.96277490248708e-50	MBNL2	c24
2.42379088872227e-43	1.91069556447858	0.226	0.08	8.12890988259674e-39	LRIF1	c24
2.21571204698784e-18	1.90201357890997	0.104	0.038	7.4310550631878e-14	SGK1	c24
3.26494169113906e-09	1.89783091043668	0.035	0.01	0.000109499614437422	WWTR1	c24
6.17198530497472e-137	1.87974878912728	0.788	0.496	2.06996043158242e-132	NUDC	c24
1.04441890661372e-07	1.87232349401448	0.03	0.009	0.00350277212900111	AL445524.1	c24
8.13084824316909e-07	1.86688805740592	0.017	0.004	0.0272692388379405	SERHL2	c24
2.01172069209459e-15	1.85675848671792	0.055	0.015	6.74690885714684e-11	DBP	c24
5.61569082962097e-184	1.84503163668029	0.884	0.573	1.88339039043828e-179	DNAJB6	c24
4.15364397448552e-19	1.84196610023966	0.08	0.025	1.39304911616295e-14	RHEBL1	c24
7.9613143491256e-58	1.84054016664495	0.324	0.124	2.67006560640974e-53	CGAS	c24
1.2385287313909e-17	1.83848713117119	0.079	0.025	4.1537776593388e-13	GNPDA1	c24
7.78731273552539e-31	1.82431701012402	0.252	0.116	2.61170894524051e-26	GNA15	c24
1.75513310172514e-101	1.81771542307175	0.577	0.243	5.88636539656579e-97	LGALS1	c24
1.30247494941377e-52	1.80594046505751	0.36	0.155	4.36824048534392e-48	CD70	c24
3.73568484087276e-108	1.79872809384652	0.646	0.318	1.2528739819319e-103	BST2	c24
6.47970282836798e-54	1.78793873300061	0.357	0.154	2.17316273457805e-49	HIKESHI	c24
4.35248787008364e-17	1.78473754984883	0.085	0.029	1.45973738186865e-12	SERP2	c24
8.16533558819174e-41	1.77725126967257	0.256	0.103	2.73849024956775e-36	PCBD1	c24
1.36751349806521e-79	1.77218540153252	0.623	0.339	4.58636676981109e-75	ZC3HAV1	c24
2.55513939625166e-07	1.76851038709346	0.041	0.015	0.00856942650714881	FAM13A	c24
7.88154681834199e-64	1.7667986651852	0.303	0.104	2.64331317193554e-59	ABHD3	c24
1.46663811619231e-20	1.76320102481395	0.132	0.052	4.91881091408579e-16	BPGM	c24
6.63874098961814e-08	1.76176518069352	0.033	0.011	0.00222650095309813	AL021453.1	c24
2.06378261298605e-28	1.74859381156056	0.192	0.077	6.92151412743262e-24	GADD45A	c24
6.67298654794422e-20	1.73817928384402	0.099	0.033	2.23798622844953e-15	PLEK	c24
5.11192386037989e-07	1.72509640758107	0.03	0.01	0.0171443702429421	AC015912.3	c24
7.78748293250245e-22	1.7173493814826	0.119	0.042	2.61176602590267e-17	MBOAT7	c24
1.22213482970107e-19	1.71509544934092	0.083	0.026	4.09879579185146e-15	SEMA7A	c24
3.80310769862379e-07	1.71472762269684	0.064	0.03	0.0127548625996445	PHLDA2	c24
1.21279989119666e-11	1.71419648651341	0.083	0.034	4.06748827509534e-07	HIST2H2AA4	c24
1.15944521608499e-11	1.69545688522316	0.036	0.009	3.88854736570585e-07	BEND4	c24
1.60570341779343e-33	1.69491922114976	0.187	0.068	5.38520812259561e-29	AC243960.1	c24
1.80922443032836e-07	1.68806758323666	0.02	0.005	0.00606777689443527	GPRASP1	c24
3.75171006215681e-12	1.67533106139369	0.061	0.021	1.25824852064615e-07	TRAV41	c24
3.17500301874488e-23	1.66579009033106	0.305	0.172	1.06483251242666e-18	GLA	c24
4.4271660382676e-09	1.65176748382393	0.046	0.016	0.000148478294591419	GOLM1	c24
7.37592528383186e-22	1.64359602371604	0.228	0.113	2.47373782169153e-17	TSC22D1	c24
6.38226569087522e-15	1.63625585534977	0.063	0.019	2.14048426740573e-10	LINC00158	c24
5.90875023537087e-37	1.63620214496807	0.209	0.076	1.98167665393868e-32	CCDC117	c24
8.59151563541827e-24	1.62191398067095	0.179	0.076	2.88142251380658e-19	NFKBIE	c24
4.23918391864078e-10	1.60533619574935	0.05	0.017	1.42173750263374e-05	KLHL25	c24
3.20198493675607e-163	1.58725636992669	0.948	0.789	1.07388170808925e-158	SOD1	c24
2.10804743244871e-10	1.58172849682715	0.143	0.078	7.06996947894649e-06	BCL2A1	c24
1.97410035671391e-22	1.57977042407641	0.236	0.119	6.62073777634712e-18	ANKRD37	c24
3.42892295804956e-31	1.57194824278032	0.211	0.085	1.14999218167066e-26	CASP1	c24
1.54517937319197e-15	1.56838474956206	0.086	0.031	5.18222258181123e-11	NKRF	c24
3.77716839120703e-07	1.56421164692139	0.038	0.014	0.0126678673504301	AL121983.2	c24
3.36868581469398e-07	1.56293376012936	0.052	0.022	0.0112978984853207	FRMD4B	c24
1.81072668512912e-14	1.55773289234683	0.086	0.032	6.07281515658605e-10	C3orf58	c24
9.97208367723165e-34	1.54171338680022	0.39	0.214	3.34443742366995e-29	CDC42EP3	c24
1.05081279456512e-11	1.53744820348059	0.042	0.012	3.52421595041249e-07	AC136475.3	c24
1.35697684432587e-24	1.52237557356028	0.514	0.365	4.55102894050011e-20	CD69	c24
1.4282789392741e-26	1.51570617953725	0.34	0.192	4.79016190653748e-22	TNFAIP8	c24
1.17238455706932e-06	1.51546170354666	0.027	0.009	0.0393194332749909	RAB3A	c24
1.19444039909106e-14	1.51372712411348	0.094	0.037	4.0059142104716e-10	CD59	c24
1.0087130906951e-41	1.50274533661582	0.401	0.206	3.38302196357322e-37	GPN1	c24
6.19258645153014e-14	1.50240672201603	0.072	0.025	2.07686964411418e-09	RGS3	c24
3.3147100803504e-08	1.49886059876687	0.057	0.023	0.00111168746674792	BAG2	c24
1.80677604452952e-08	1.47910300433316	0.039	0.013	0.000605956549814309	IGHV1-3	c24
3.55930232865502e-18	1.47798369310361	0.135	0.056	1.19371881498432e-13	IQCG	c24
1.441289228989e-06	1.47599869328825	0.044	0.018	0.0483379581618329	HS3ST3B1	c24
3.49382311563401e-25	1.46817718108794	0.157	0.06	1.17175839652133e-20	ZNF10	c24
3.3190076656631e-08	1.46151654488894	0.047	0.018	0.00111312879091009	MIR222HG	c24
1.15918705101743e-08	1.44895894054711	0.049	0.018	0.000388768153170227	KBTBD8	c24
5.68569634416302e-27	1.44366094972361	0.294	0.152	1.9068688399054e-22	SPATS2L	c24
5.11213515238772e-27	1.43996180495395	0.31	0.164	1.71450788740779e-22	PELI1	c24
2.97709079532364e-17	1.42428889993518	0.142	0.062	9.98456710935642e-13	PHF6	c24
1.60532514456426e-22	1.42232992347175	0.159	0.064	5.38393946983962e-18	ERN1	c24
1.76664869953597e-24	1.41514963064491	0.212	0.095	5.92498640850372e-20	TBC1D4	c24
2.1841486037678e-29	1.41088764143767	0.226	0.096	7.32519758731645e-25	EIF2AK3	c24
8.72668533642718e-52	1.39563218800343	0.509	0.277	2.92675572813095e-47	FXR1	c24
1.74046832114999e-13	1.38967613213072	0.121	0.055	5.83718265547285e-09	INPP1	c24
5.27688948504088e-11	1.38268170210508	0.09	0.039	1.76976319549301e-06	NUDT9	c24
2.38617472071472e-21	1.38066955894857	0.266	0.143	8.00275277833302e-17	FAM3C	c24
4.76158509190983e-24	1.36870847236979	0.175	0.071	1.59694040812472e-19	USPL1	c24
3.078982764237e-138	1.36652156461836	0.976	0.918	1.0326292394698e-133	UBB	c24
9.74718862209162e-20	1.36499920394131	0.223	0.112	3.26901212007709e-15	MYLIP	c24
4.53124026097233e-27	1.36364928349606	0.432	0.27	1.5196873587249e-22	PTTG1	c24
3.72476658707945e-56	1.35632037570358	0.505	0.258	1.24921221797471e-51	BANF1	c24
2.83641052712727e-34	1.35505242284727	0.322	0.155	9.51275362587945e-30	SIRPG	c24
1.17819348803669e-11	1.35245219029116	0.096	0.042	3.95142532017744e-07	MIR181A1HG	c24
2.63377231493083e-28	1.34912193617839	0.187	0.073	8.83314558981502e-24	LDLR	c24
8.77789482374624e-18	1.34488562616964	0.388	0.259	2.94393036598801e-13	GEM	c24
2.46943628573397e-07	1.34223092909855	0.077	0.038	0.0082819954150946	AREG	c24
2.96215760431658e-47	1.33612038375853	0.582	0.353	9.93448417335694e-43	TAGAP	c24
1.95716292339991e-17	1.33164668179615	0.142	0.061	6.56393301249861e-13	MXD1	c24
1.16225040141575e-31	1.32880206613416	0.292	0.136	3.89795539626815e-27	FOSB	c24
2.51994185417675e-37	1.32719706008885	0.39	0.205	8.451380990538e-33	PPID	c24
8.70846608526633e-07	1.32201504451694	0.038	0.014	0.0292064535567662	TRBV14	c24
6.80398686014052e-26	1.32030526761728	0.134	0.045	2.28192111315393e-21	TRBV20-1	c24
3.22358800832798e-13	1.31585882227787	0.187	0.103	1.08112694623304e-08	MLF1	c24
1.16270217563126e-18	1.31380846138942	0.179	0.084	3.89947055663212e-14	ME2	c24
9.00481261575662e-08	1.29877496193654	0.057	0.024	0.00302003405507245	MLKL	c24
1.68273131378105e-30	1.29602248912806	0.349	0.185	5.64354428015887e-26	CTNNAL1	c24
9.9326602231205e-08	1.29559111930618	0.05	0.02	0.00333121558563015	KIF18A	c24
7.95411916590329e-09	1.29104781279915	0.082	0.038	0.000266765248586065	RAB30	c24
3.41171191282448e-07	1.28258603039161	0.05	0.021	0.0114421994132307	IRF8	c24
1.59079162715785e-07	1.28000676640948	0.068	0.031	0.00533519695916199	PIK3AP1	c24
2.48956866160216e-49	1.27456222275469	0.711	0.538	8.34951537728131e-45	CYCS	c24
7.56726465332303e-07	1.26594557667456	0.063	0.03	0.0253790921943148	GRAMD2B	c24
8.45617909577245e-22	1.2639364279735	0.321	0.187	2.83603334514017e-17	SOD2	c24
8.90069206160076e-42	1.25561011209398	0.495	0.282	2.98511410361966e-37	CARD16	c24
2.15218573710352e-11	1.25453213223584	0.097	0.043	7.21800052509778e-07	LINC00861	c24
9.98597002073291e-15	1.24673348378669	0.404	0.288	3.3490946255534e-10	TXNIP	c24
1.05282207408098e-44	1.23232398358112	0.742	0.593	3.5309546720528e-40	FABP5	c24
1.565797619143e-07	1.23104796677269	0.064	0.029	0.00525137205508179	NCR3	c24
8.0532854673938e-33	1.22882511760078	0.363	0.191	2.70091088005453e-28	TRIM26	c24
1.01280589700764e-68	1.22852227448064	0.72	0.481	3.39674841738423e-64	CCT3	c24
1.47136184943977e-68	1.22349758085586	0.745	0.515	4.93465337065109e-64	CCT2	c24
4.27688843768472e-09	1.21968327746899	0.085	0.04	0.00014343828442307	CPEB4	c24
9.40697813740059e-45	1.21451439245562	0.604	0.413	3.15491232772141e-40	SNX3	c24
1.45646973713516e-13	1.21254087615381	0.245	0.143	4.88470820440389e-09	FOS	c24
1.25628476995537e-24	1.20929412586121	0.311	0.167	4.21332786147632e-20	VSIR	c24
4.453197115319e-15	1.20927236934838	0.381	0.268	1.49351324853569e-10	PMAIP1	c24
1.30026119586261e-06	1.20555164754319	0.038	0.014	0.0436081599868404	NOD2	c24
1.72687073059818e-11	1.20066922731347	0.137	0.07	5.79157905628016e-07	GPR18	c24
1.83871382536387e-71	1.19595939015647	0.772	0.57	6.16667842750536e-67	ST13	c24
3.66202726628826e-26	1.18675705591516	0.358	0.205	1.22817070456776e-21	NUCB1	c24
5.1723258346767e-29	1.18394898838545	0.363	0.201	1.73469463843387e-24	RAB11FIP1	c24
1.01580067677828e-09	1.18356457880818	0.099	0.048	3.406792309779e-05	GFM2	c24
2.09412966525372e-71	1.18285737468763	0.969	0.891	7.02329207132792e-67	FTL	c24
1.05827642819277e-07	1.18060040791536	0.088	0.045	0.00354924748487292	CLECL1	c24
9.96853582153556e-74	1.18050696262616	0.997	0.972	3.3432475438266e-69	UBC	c24
1.11918441517057e-38	1.17935792379644	0.608	0.432	3.75352069159907e-34	SELENOW	c24
3.36431953231161e-07	1.17836813354493	0.08	0.04	0.0112832548474667	AL118516.1	c24
2.61764135015295e-37	1.17789032490131	0.508	0.312	8.77904556014298e-33	TUBA1C	c24
1.3577085772972e-36	1.17743361835089	0.484	0.292	4.55348302653936e-32	MORF4L2	c24
7.93338118268639e-12	1.17376913053666	0.256	0.166	2.66069738104936e-07	IER5	c24
2.25706205228763e-29	1.16466606925333	0.338	0.176	7.56973471096224e-25	MAP3K8	c24
1.84487826272808e-08	1.16243878833166	0.08	0.038	0.000618735271753743	ATP8B4	c24
7.61342253211612e-23	1.16055419226958	0.437	0.287	2.5533896488211e-18	MIR155HG	c24
5.86729594895862e-12	1.15567299914243	0.118	0.055	1.96777371536174e-07	TSPYL4	c24
6.18105300855117e-08	1.15241843994508	0.06	0.025	0.00207300155800789	ARHGAP12	c24
2.2870826584066e-31	1.15226041954483	0.404	0.228	7.67041781976406e-27	AZIN1	c24
2.40639579560008e-33	1.15012683491307	0.357	0.184	8.07057021928353e-29	INPP5F	c24
2.31983747961469e-18	1.15007157341234	0.275	0.157	7.78027093913175e-14	IL16	c24
3.52018346027908e-15	1.14485328664977	0.263	0.158	1.1805991289084e-10	NUDT4	c24
2.31260460727882e-11	1.14304073132666	0.138	0.071	7.7560133318917e-07	HYPK	c24
1.49293622428882e-09	1.14176754584985	0.072	0.031	5.00700950901986e-05	MCU	c24
6.11505079689511e-72	1.13806110485515	0.865	0.667	2.05086573626268e-67	PPP1R15A	c24
1.20793142489782e-11	1.13674009499415	0.231	0.145	4.05116041282232e-07	PRKACB	c24
2.18983076264182e-22	1.13654662009744	0.717	0.592	7.34425441174813e-18	JUN	c24
3.54222231929726e-07	1.13252157249809	0.068	0.032	0.0118799052144592	BISPR	c24
1.31128711096749e-70	1.1274269113093	0.852	0.713	4.39779471276276e-66	PTGES3	c24
2.45232598533333e-09	1.12495974419625	0.086	0.04	8.22461088961092e-05	LINC00944	c24
1.60107063357891e-39	1.12012278451844	0.563	0.359	5.36967069089696e-35	BTG3	c24
5.82299134998766e-12	1.11741611983971	0.151	0.078	1.95291483895886e-07	EDARADD	c24
7.22978841592403e-77	1.10773825012284	0.896	0.703	2.4247264389326e-72	NKG7	c24
1.34716520448233e-07	1.10655424695461	0.038	0.013	0.00451812266279285	TRAV26-2	c24
2.98601924194982e-07	1.10418849923666	0.096	0.051	0.0100145113336513	THAP9-AS1	c24
6.92599740753552e-55	1.1014005211488	0.874	0.761	2.32284101053926e-50	IL32	c24
1.69620331638775e-07	1.0887547870895	0.079	0.039	0.00568872668250124	ITGB2-AS1	c24
1.14558938496865e-15	1.08810765670515	0.332	0.217	3.84207767930787e-11	STX11	c24
9.19593884388756e-08	1.08421547859923	0.138	0.083	0.00308413396946301	LUZP1	c24
1.5955052981295e-20	1.07477668246296	0.258	0.134	5.35100566886671e-16	HAVCR2	c24
2.96430311527098e-11	1.06516356837066	0.165	0.091	9.9416797879958e-07	TYW3	c24
1.07852033521055e-12	1.06249449050475	0.131	0.062	3.61714150022915e-08	NAA16	c24
8.52212447672562e-08	1.05819074739798	0.159	0.098	0.00285815010700424	GLRX	c24
6.18334691538649e-11	1.04678806541641	0.151	0.081	2.07377088848232e-06	ZNF821	c24
2.61124281740789e-27	1.02964354755857	0.486	0.326	8.75758616102259e-23	SUGT1	c24
5.63692307588568e-12	1.02145032836737	0.14	0.07	1.89051126119054e-07	TRBV7-9	c24
5.04408280254335e-11	1.01355804322296	0.113	0.054	1.69168449031699e-06	NFKBID	c24
1.0992897800154e-06	1.00128310007564	0.071	0.035	0.0368679806421563	CRYZ	c24
5.17098993321467e-22	0.980793753785693	0.281	0.146	1.73424660380154e-17	AC243829.4	c24
1.61007169572009e-08	0.97897774158334	0.219	0.144	0.000539985845310602	TNFSF4	c24
2.19834800737787e-17	0.975746166543165	0.335	0.205	7.3728195471439e-13	CMC1	c24
2.28351424241363e-17	0.961723442021891	0.333	0.206	7.65845006620683e-13	UBE2S	c24
3.07531233923949e-20	0.957441930463963	0.253	0.132	1.03139825233414e-15	INPP4B	c24
8.81780902606738e-10	0.954980194773598	0.214	0.136	2.95731679116248e-05	H2AFJ	c24
1.10204167717237e-09	0.951445922389167	0.299	0.213	3.69602737690068e-05	TUBB2A	c24
1.22074966688115e-14	0.951430210264869	0.256	0.151	4.09415023278601e-10	YWHAG	c24
3.39967339496447e-09	0.949558180502	0.154	0.089	0.000114018246320319	CTBS	c24
3.14671254559723e-13	0.945604556562508	0.489	0.375	1.0553444535424e-08	RGS1	c24
5.122961520223e-12	0.942840723249921	0.171	0.092	1.71813883465239e-07	SLC25A25	c24
2.91086205962147e-27	0.937728633016068	0.522	0.353	9.76244917555848e-23	TAF7	c24
1.44868209756924e-09	0.92145977960648	0.167	0.097	4.85859001882773e-05	RBM15	c24
5.00810802210718e-10	0.921243918418015	0.17	0.098	1.67961926845431e-05	HSD17B7	c24
1.07219396532166e-09	0.910212694657044	0.165	0.096	3.5959241208958e-05	GBP3	c24
1.6134034223415e-29	0.907994464941175	0.643	0.478	5.41103239784894e-25	NEU1	c24
3.44965394308121e-21	0.906250874142013	0.528	0.388	1.15694493943058e-16	XBP1	c24
1.85630815300759e-13	0.901809494852496	0.242	0.143	6.22568628355685e-09	UBE2H	c24
1.09658025661696e-12	0.90133672554119	0.274	0.176	3.67771086464195e-08	MOB3A	c24
7.27581682501254e-12	0.898325834773543	0.412	0.314	2.44016344677271e-07	PTP4A1	c24
9.44527861069231e-11	0.893765064888727	0.23	0.144	3.16775754045399e-06	ZNF106	c24
1.89690653093868e-08	0.8911645057195	0.097	0.049	0.000636184512346214	AC007384.1	c24
1.45583468273569e-07	0.891084211204276	0.129	0.075	0.00488257835895897	ATP2C1	c24
1.13240514336414e-09	0.886934292351864	0.165	0.096	3.79786036981466e-05	DENND2D	c24
2.26640166316988e-40	0.886600357648459	0.679	0.475	7.60105789793915e-36	GPBP1	c24
7.86981463496475e-09	0.881162777095216	0.149	0.086	0.000263937843227448	BTN2A2	c24
3.40149455646568e-11	0.877789316782642	0.162	0.088	1.14079324434746e-06	SAMD8	c24
3.63251684770907e-08	0.877665306062921	0.132	0.075	0.00121827350038467	TPX2	c24
4.68775343023604e-09	0.874306882457737	0.153	0.088	0.000157217874543256	LINC02195	c24
9.90517147322297e-12	0.870389739163324	0.209	0.123	3.32199640868952e-07	C21orf91	c24
1.68991737018102e-11	0.868829123661474	0.28	0.185	5.66764487611309e-07	H2AFX	c24
1.05233851367474e-06	0.863501998749879	0.129	0.078	0.0352933290716234	BMT2	c24
5.81162735396105e-14	0.861711182763592	0.267	0.162	1.94910358197146e-09	NEDD9	c24
7.11353527546176e-09	0.859391631925288	0.259	0.178	0.000238573746068437	CDKN1A	c24
8.26917510467643e-32	0.854855543192338	0.752	0.621	2.77331594660638e-27	PPP1R2	c24
3.93053393341964e-08	0.850939133185175	0.189	0.12	0.00131822247059028	CCNB1IP1	c24
6.24479396499685e-20	0.850382137483297	0.447	0.298	2.09437899998064e-15	AHR	c24
2.26485334067494e-28	0.850288998217357	0.651	0.511	7.59586513395562e-24	PAPOLA	c24
2.12140535651835e-12	0.849055685776899	0.41	0.309	7.11476928469123e-08	ZFAND5	c24
8.38273325096346e-09	0.846516256159058	0.296	0.21	0.000281140107770813	GBP5	c24
5.07833607162742e-10	0.845634121794751	0.318	0.229	1.7031723517024e-05	HPRT1	c24
3.06078203677672e-08	0.843721243787922	0.154	0.092	0.00102652507949418	CDR2	c24
3.93897074793695e-44	0.842367776269815	0.777	0.55	1.3210520094431e-39	GZMH	c24
3.08998521992144e-13	0.840957234476657	0.165	0.084	1.03631924305725e-08	DGKE	c24
3.20823881995899e-07	0.840734043950518	0.171	0.111	0.0107597913543785	EIF1AD	c24
5.06041190419951e-12	0.831641316293943	0.357	0.252	1.69716094443043e-07	NFKBIZ	c24
8.69197629259581e-16	0.83062933600708	0.368	0.245	2.91511500901078e-11	KLRD1	c24
4.88869511697369e-07	0.826279637258388	0.192	0.129	0.0163957056833063	HMGCS1	c24
4.18237153570843e-07	0.823673240452708	0.118	0.068	0.0140268376564589	CAMK2D	c24
7.51562753973473e-17	0.819295517160412	0.392	0.257	2.52059116427623e-12	ITGB2	c24
1.90062037440409e-17	0.807480132319411	0.719	0.639	6.37430061167645e-13	CLEC2B	c24
2.8496171542071e-28	0.803894069184152	0.64	0.486	9.55704601177977e-24	CCT6A	c24
4.42901614507793e-11	0.803615270103384	0.553	0.469	1.48540343473623e-06	OASL	c24
1.17982076606624e-06	0.802938651328762	0.157	0.101	0.0395688288523295	PECAM1	c24
1.15466473098881e-06	0.80204924460874	0.09	0.048	0.0387251457479027	NABP1	c24
8.79917228824417e-23	0.800345845909112	0.741	0.661	2.95106640203133e-18	PRDX1	c24
7.3470049631527e-25	0.795712224287047	0.56	0.38	2.46403852454215e-20	GZMA	c24
2.1777688257684e-20	0.791606256181348	0.568	0.42	7.30380108786205e-16	CD27	c24
6.89081862211444e-15	0.790593684185703	0.66	0.56	2.31104274948474e-10	ANXA1	c24
6.76854710640582e-12	0.785834087746414	0.451	0.347	2.27003532854638e-07	VCAM1	c24
2.28866065118265e-15	0.781347558659334	0.396	0.275	7.67571009193638e-11	NGRN	c24
1.59576905848059e-14	0.777525710157942	0.566	0.481	5.35189026833221e-10	ZNF706	c24
8.1493302103242e-13	0.767869457071997	0.316	0.21	2.73312236593853e-08	SP140	c24
1.45598165360414e-21	0.766057443514264	0.758	0.672	4.88307126985757e-17	NFKBIA	c24
1.94854363444751e-10	0.761096329696172	0.267	0.177	6.53502564121008e-06	PRDM1	c24
6.37726553310845e-20	0.760795188152459	0.571	0.435	2.13880731449391e-15	SLBP	c24
7.97846285084616e-12	0.75910478751662	0.305	0.205	2.67581687091679e-07	ETNK1	c24
2.31144811577624e-22	0.759073464314397	0.717	0.629	7.75213469069034e-18	TUBA1A	c24
1.64434334907948e-14	0.756347335646085	0.486	0.372	5.51479872414276e-10	POLR2K	c24
6.41094409919929e-10	0.755953814483425	0.291	0.204	2.15010243198946e-05	SLC20A1	c24
1.43090324443389e-08	0.752429896414508	0.208	0.134	0.000479896330118238	IPCEF1	c24
8.60346428591018e-13	0.749275928857217	0.319	0.211	2.88542985220856e-08	SPTY2D1	c24
5.25890141431066e-07	0.743044084475366	0.157	0.099	0.0176373035633151	RYBP	c24
7.02399357550236e-13	0.735112978029921	0.425	0.312	2.35570696535198e-08	IFRD1	c24
6.2919348624071e-07	0.733730290336952	0.464	0.391	0.0211018911415409	ISG15	c24
1.6738089297148e-21	0.723543651622839	0.566	0.42	5.61362038847749e-17	CLK1	c24
6.83841136180279e-18	0.7203551742634	0.561	0.427	2.29346640252142e-13	LAG3	c24
5.72485654290843e-11	0.71543584433803	0.294	0.198	1.92000238736063e-06	C1orf52	c24
8.09329763798532e-08	0.688804996911262	0.253	0.176	0.00271433016182752	ETV7	c24
9.89828787070442e-40	0.688266181710306	0.862	0.743	3.31968778607685e-35	EIF5	c24
8.18730071550278e-14	0.685357760677625	0.464	0.354	2.74585691396532e-09	PPP4R2	c24
2.29281445664613e-07	0.68218851211212	0.228	0.159	0.0076896411246998	MDFIC	c24
3.16582783327959e-08	0.668445411533771	0.225	0.149	0.00106175533872531	ERO1B	c24
3.27494930495665e-09	0.658448162964409	0.28	0.193	0.000109835249789636	CCDC6	c24
2.30399025928611e-07	0.657287396180111	0.277	0.199	0.00772712253159377	NUSAP1	c24
6.43740096977348e-18	0.654322685140405	0.664	0.547	2.15897553724263e-13	LINC02446	c24
2.00133701742924e-19	0.653416602485972	0.525	0.375	6.71208408905419e-15	MTCH1	c24
1.19796729959448e-11	0.645686208770071	0.325	0.221	4.01774272937995e-07	CHST11	c24
2.33868789037539e-10	0.644836934551386	0.373	0.275	7.84349144674098e-06	GALM	c24
5.1448560344783e-20	0.641856841424306	0.871	0.817	1.72548181684333e-15	KLF6	c24
2.43637749161889e-07	0.636574325478844	0.34	0.261	0.00817112283139145	TOB1	c24
7.96507215903612e-26	0.635964366296932	0.788	0.601	2.67132590069753e-21	GZMB	c24
1.63039535159146e-09	0.635917673300713	0.327	0.237	5.46801993016745e-05	PSMD12	c24
2.23587236833166e-23	0.633265718717967	0.77	0.679	7.49866874891073e-19	PGAM1	c24
1.19919554236348e-13	0.631598549983195	0.517	0.41	4.02186200997865e-09	CCT5	c24
2.47019735383805e-11	0.62989960840392	0.517	0.411	8.28454788530205e-07	ZC3H12A	c24
7.43453988613889e-21	0.629351927407889	0.733	0.635	2.49339598701326e-16	SELENOK	c24
1.02572819626999e-06	0.628736262472826	0.341	0.268	0.0344008722465029	ICOS	c24
1.73859125359046e-12	0.62517362029473	0.454	0.346	5.8308873462917e-08	HBP1	c24
3.92569019046065e-21	0.623552775891994	0.659	0.536	1.31659797607669e-16	NOP58	c24
1.38918955563611e-07	0.616229760472576	0.281	0.204	0.0046590639316924	REX1BD	c24
8.12163472792105e-07	0.613936111134604	0.332	0.26	0.0272383385505016	CASP4	c24
3.72154764896513e-28	0.613217675410186	0.865	0.769	1.24813265050993e-23	DYNLL1	c24
2.27489494932254e-08	0.604589219027432	0.236	0.157	0.000762954268103792	LRBA	c24
7.99550816104476e-09	0.601124386860073	0.464	0.386	0.000268153352705119	FGFR1OP2	c24
3.97577819544045e-10	0.599325630833217	0.39	0.29	1.33339649118682e-05	SMC4	c24
5.66937203092272e-16	0.598039693225255	0.604	0.496	1.90139399173086e-11	TRA2B	c24
3.66334021394829e-08	0.596501105743963	0.261	0.182	0.00122861104095398	UGP2	c24
5.59267927893414e-12	0.59337709304779	0.623	0.543	1.87567277656893e-07	RHBDD2	c24
1.53726202980748e-11	0.593190641361553	0.461	0.359	5.15566939556832e-07	PPP3CC	c24
3.67352572144573e-11	0.591007324704002	0.418	0.306	1.23202705645847e-06	MIR4435-2HG	c24
4.10493828135328e-12	0.590675318804698	0.475	0.359	1.37671420080026e-07	CNN2	c24
1.45079324378617e-07	0.586238082097599	0.159	0.096	0.00486567038101005	PRKD2	c24
1.27533280249046e-38	0.5822737169889	0.994	0.962	4.2772111529925e-34	H3F3B	c24
1.01944945095586e-15	0.577677506871375	0.665	0.546	3.41902956861576e-11	HMGB2	c24
3.27163070478763e-18	0.576179567235606	0.818	0.764	1.09723950577167e-13	SRSF7	c24
1.17354857868604e-06	0.571295709456209	0.25	0.179	0.0393584722319723	PLK3	c24
1.58875470079107e-08	0.569176597716737	0.325	0.234	0.000532836551551309	DDIT3	c24
8.33553173907754e-10	0.565028999009962	0.777	0.714	2.79557063465183e-05	RGCC	c24
8.30052848621669e-17	0.564281196710966	0.631	0.508	2.78383124370735e-12	RSRC2	c24
6.41556241120736e-15	0.557913414282417	0.596	0.478	2.15165132147072e-10	MAPRE2	c24
4.66453184882664e-11	0.553287365192576	0.671	0.582	1.56439069145948e-06	RARRES3	c24
7.21940132686052e-25	0.54699455859528	0.792	0.668	2.42124281700248e-20	TUBA1B	c24
6.77389041043385e-07	0.537262257120368	0.448	0.382	0.022718273658513	B3GNT2	c24
2.15959617535075e-13	0.53694103167937	0.651	0.541	7.24285365289133e-09	HCST	c24
5.05052554753987e-12	0.536713476494082	0.607	0.503	1.69384525813392e-07	JUND	c24
3.99531793275978e-17	0.530889170890004	0.792	0.713	1.33994972828897e-12	MAP1LC3B	c24
7.30391042779256e-07	0.528931781687424	0.343	0.268	0.0244958547927307	RANGAP1	c24
9.76406047249316e-13	0.527900629400923	0.684	0.61	3.27467060126475e-08	EIF4A2	c24
5.607250363608e-10	0.520207623158075	0.274	0.179	1.88055962694685e-05	RLF	c24
1.40043253380051e-14	0.512168606995222	0.769	0.694	4.69677063186016e-10	HNRNPC	c24
1.96320977732077e-08	0.51202141861261	0.415	0.321	0.000658421295117841	ANXA6	c24
3.6869997300118e-16	0.504901501529087	0.709	0.617	1.23654596945136e-11	CFLAR	c24
1.33317826464394e-09	0.496583476024236	0.489	0.403	4.47121326396285e-05	ELOVL5	c24
7.10916208697558e-07	0.492759056572451	0.322	0.246	0.0238427078072987	ZBTB43	c24
2.31360035809334e-09	0.484095516567489	0.56	0.471	7.75935288097345e-05	PSME2	c24
2.63590350835645e-16	0.483402946428876	0.597	0.455	8.84029318632585e-12	TNFRSF9	c24
6.48618730823626e-07	0.469872880687781	0.453	0.385	0.0217533749943628	RHOH	c24
1.73680413068755e-15	0.468925949675026	0.788	0.719	5.82489369349992e-11	RBM8A	c24
9.70579308035652e-13	0.464164516459799	0.667	0.567	3.25512888328997e-08	TUBB4B	c24
1.66595225932456e-09	0.455738177962715	0.56	0.471	5.58727068732272e-05	GBP2	c24
2.04500547296151e-14	0.438106644422998	0.692	0.573	6.85853935521832e-10	CYTOR	c24
2.13831633900042e-07	0.423896530599055	0.478	0.394	0.00717148533773961	CD48	c24
1.87360873497659e-16	0.420271710311677	0.854	0.814	6.28370897536447e-12	HNRNPA2B1	c24
2.23989331266974e-10	0.420226092418549	0.547	0.426	7.51215419203177e-06	CRTAM	c24
1.67942801325512e-07	0.418694062005668	0.352	0.266	0.00563246567085502	CCNH	c24
1.25709715622445e-22	0.414911721090261	0.937	0.87	4.21605244254557e-18	SERF2	c24
3.04446633863415e-07	0.41206943823216	0.406	0.315	0.0102105312065112	SLC38A2	c24
7.60765766887315e-07	0.411372134097845	0.272	0.197	0.0255145622898668	PER1	c24
1.0556029617843e-09	0.408151574908213	0.734	0.656	3.5402812132322e-05	CD52	c24
6.89575988949062e-13	0.39226712411659	0.808	0.752	2.31269995173736e-08	UBE2D3	c24
1.34912411754552e-06	0.376254821322686	0.388	0.31	0.0452469246542415	DDX3Y	c24
1.54361456610675e-18	0.365494185910071	0.967	0.895	5.17697453180883e-14	CCL5	c24
3.96807385213595e-12	0.361674837466992	0.893	0.864	1.33081260852936e-07	SQSTM1	c24
1.11841393057639e-06	0.354594821226455	0.77	0.7	0.037509366403671	HSPA5	c24
3.17679635105657e-07	0.352959363153014	0.701	0.654	0.0106543396021735	HNRNPU	c24
5.99527534543427e-16	0.352912518336647	0.964	0.924	2.01069544535175e-11	OAZ1	c24
5.09315897706816e-07	0.351948731055824	0.706	0.657	0.0170814365772912	TRMT112	c24
8.24648486140728e-09	0.340842195638969	0.726	0.664	0.000276570609281877	UBE2B	c24
6.73527286322221e-10	0.328316568006893	0.91	0.858	2.25887581286747e-05	SRP14	c24
4.01336929669844e-07	0.326462407169314	0.758	0.677	0.0134600379472672	HLA-DPA1	c24
1.02737663919544e-08	0.319219331882117	0.722	0.617	0.000344561577253366	S100A4	c24
2.15606460448917e-09	0.309463077079439	0.692	0.594	7.23100947053577e-05	TUBA4A	c24
2.56802012397957e-08	0.295151130903949	0.805	0.746	0.000861262589180267	MCL1	c24
7.84019733106981e-08	0.283691639230324	0.61	0.486	0.00262944538089419	HLA-DQA2	c24
1.30133562460216e-07	0.24229481599509	0.602	0.502	0.00436441941779073	TSPYL2	c24
1.90451634720982e-14	0.240411625892963	0.995	0.963	6.38736692527229e-10	EIF1	c24
5.48244646587735e-07	0.214394638744599	0.759	0.702	0.0183870289572594	RBM39	c24
3.00564931347504e-08	0.197001768581234	0.829	0.719	0.00100803466675326	HLA-DRB5	c24
0.010169835592565	-6.97800582046412	0	0.01	1	TRBV10-3	c24
0.000640862326071113	-4.92330578106102	0	0.018	1	TP53I11	c24
0.0016014622897934	-4.76046345556841	0	0.015	1	ZNF555	c24
0.000288460561895935	-4.67346384125801	0	0.02	1	ZWINT	c24
0.00334254365180337	-4.46237673034629	0	0.013	1	AL512625.3	c24
0.00461073660253753	-4.45410335597417	0	0.012	1	MAP3K12	c24
3.75733359301317e-11	-4.27342249089877	0.008	0.078	1.26013454042476e-06	DKK3	c24
0.00836406982369481	-4.0210878620204	0	0.011	1	MKS1	c24
0.000961163499505667	-3.74673394609672	0.002	0.02	1	BBOF1	c24
0.023442758964359	-3.73276406523302	0.003	0.014	1	TRBV21-1	c24
3.84327828489927e-05	-3.6197688961387	0.003	0.032	1	ACADSB	c24
0.000837534636710404	-3.61319014521096	0.002	0.02	1	ZNF624	c24
0.00608653844360476	-3.53211319585117	0	0.012	1	CDC45	c24
0.00904355349178016	-3.44629741829887	0	0.011	1	MYBL2	c24
3.57461654105295e-06	3.35615149433788	0.016	0.004	0.119885489553834	IL10	c24
0.00934302253359749	-3.29581904658777	0	0.011	1	TROAP	c24
0.00315778678571267	-3.29290010083339	0.002	0.016	1	PKMYT1	c24
0.0126656914371435	-3.29214695724207	0.003	0.015	1	FBXW8	c24
5.6319619916732e-11	-3.22519378818938	0.014	0.087	1.88884741276736e-06	RASA3	c24
6.22363067392427e-08	-3.20132607181549	0.008	0.058	0.00208728125542072	AUTS2	c24
0.0137093772734941	-3.12863414155794	0.002	0.012	1	NUMBL	c24
0.0003356211767014	-3.10905132757093	0.003	0.026	1	OTUB2	c24
0.00407926962583666	-3.03618282545372	0.003	0.018	1	PWWP2B	c24
0.00296283447165536	-3.02688235105027	0.002	0.017	1	PSD	c24
0.00404081990404058	-3.01846131524806	0.002	0.016	1	DBT	c24
0.0157638396560645	-3.01498284824236	0.002	0.012	1	GEN1	c24
4.81893682299558e-18	-3.00802666308604	0.038	0.163	1.61617503169626e-13	CMSS1	c24
5.86861368044219e-07	-2.99081974426664	0.006	0.049	0.019682156561467	TRAV9-2	c24
0.00853199414871048	-2.91979465289848	0.002	0.014	1	NUF2	c24
0.0272053654762453	-2.91708548008358	0.002	0.01	1	ZNF354C	c24
0.0340977901469999	-2.90948413074528	0.002	0.01	1	CTSL	c24
0.00283561060490583	-2.89432312120312	0.002	0.017	1	SLC25A15	c24
0.00739827311063823	-2.86194692684631	0.003	0.017	1	SLC35A1	c24
3.08841632373324e-07	-2.83606636605898	0.008	0.054	0.0103579306665365	TNFSF13B	c24
0.0119235520230951	-2.82689271463982	0.002	0.013	1	BCAR3	c24
0.0116035344604788	-2.81094049509568	0.005	0.018	1	TRGV4	c24
0.602977923899691	-2.76055456934162	0.009	0.012	1	IGKC	c24
0.00053496837067982	-2.75424865763923	0.003	0.024	1	ABL1	c24
0.0135852389971838	-2.73642107442177	0.002	0.012	1	ZNF486	c24
0.00128359559683096	-2.72994240019236	0.005	0.024	1	KIAA1147	c24
0.0153117698648329	-2.71785038290801	0.002	0.012	1	ZNF785	c24
0.00381999643180596	-2.70604126623967	0.003	0.019	1	CNNM3	c24
0.0089722560785183	-2.69522313850076	0.006	0.021	1	CD79A	c24
1.30752350215102e-09	-2.6769801257307	0.017	0.084	4.3851723215141e-05	TSPAN2	c24
0.000423992061645653	-2.66612547747912	0.003	0.025	1	GDAP1	c24
0.0109200905002877	-2.63867422002696	0.002	0.013	1	PDE8A	c24
3.54062881483756e-06	2.61657379469568	0.011	0.002	0.118745609192022	NUAK2	c24
0.0209204204345701	-2.60967218933634	0.003	0.014	1	SLC25A29	c24
0.000144719960170623	-2.5821725326625	0.006	0.033	1	BLOC1S5	c24
0.00381727758786282	-2.56589777364332	0.005	0.021	1	SPPL2B	c24
0.0188189338159913	-2.54337101159634	0.002	0.012	1	FAM229B	c24
9.78571627479089e-21	-2.53506175240749	0.041	0.185	3.28193352423937e-16	IFITM3	c24
0.00834758742493465	-2.51193196738303	0.002	0.014	1	SH2B3	c24
0.0118877745192143	-2.50729319316597	0.003	0.015	1	FGFBP2	c24
0.0172098276926485	-2.49659633751354	0.002	0.012	1	RRAS	c24
0.000188283486173981	2.49542418854443	0.016	0.005	1	CHAC1	c24
0.00559619340197397	-2.49394038514879	0.003	0.018	1	AC234582.1	c24
2.62071802769677e-07	-2.49277936746253	0.013	0.062	0.00878936412128944	GNG4	c24
3.37252960838375e-17	-2.47521327691389	0.031	0.152	1.13107898005974e-12	HGSNAT	c24
0.00137482920352314	-2.47274622022123	0.005	0.024	1	ZBTB39	c24
0.00669779906719765	-2.46739303906038	0.002	0.014	1	PLK4	c24
0.0120880893548817	-2.45426968808871	0.005	0.018	1	NOMO1	c24
0.00545034534468948	-2.43689456526736	0.006	0.023	1	ZNF8	c24
1.03568481119724e-06	-2.43244807408256	0.016	0.062	0.0347347971979331	LRRC14	c24
4.02802426135921e-06	2.42949324483927	0.011	0.002	0.135091877677465	AC062029.1	c24
0.000368753194427526	2.42930191354202	0.017	0.006	1	AC112721.2	c24
3.0329753970146e-05	2.4156519948757	0.013	0.003	1	CARD17	c24
0.0264862635134617	-2.39859350041419	0.002	0.011	1	POLE2	c24
0.00754643185566608	-2.38790381134431	0.005	0.019	1	PWP2	c24
1.30547579576337e-05	-2.38500098559454	0.009	0.046	0.437830472383117	USP19	c24
0.0297680982421643	-2.36970725138943	0.002	0.01	1	ACY1	c24
2.60753109707505e-15	-2.35990805382283	0.038	0.149	8.74513779337031e-11	IL9R	c24
2.84586543805768e-08	-2.3530572455957	0.024	0.084	0.000954446350615784	RETREG1	c24
0.00478930607713912	-2.34180717408295	0.003	0.018	1	ENKD1	c24
0.000398235308235891	-2.33538814983599	0.005	0.028	1	SERPINB6	c24
0.0169263379777803	-2.33379097048149	0.003	0.014	1	AC017083.2	c24
0.000533176700336026	-2.32788536341741	0.006	0.03	1	ZNF445	c24
0.000125748237388085	-2.32133644786462	0.008	0.036	1	TRMT1L	c24
9.45323829929809e-10	-2.31452698441274	0.02	0.09	3.17042706081859e-05	SLC5A6	c24
1.99212540211012e-05	2.31374014328068	0.014	0.004	0.668119017359692	AL137230.1	c24
3.45931043937456e-05	2.31193479714967	0.011	0.003	1	FKBP14	c24
0.00693306710186534	-2.30870813876149	0.005	0.02	1	ABCC5	c24
0.0315177501934137	-2.30320719011319	0.005	0.015	1	BBS1	c24
1.65430739028341e-12	-2.30246112037762	0.024	0.112	5.54821612553249e-08	GPR68	c24
3.0808806738816e-12	-2.30208533952993	0.022	0.108	1.03326576040641e-07	TRAV38-2DV8	c24
2.14950612798497e-05	2.29582509573498	0.013	0.003	0.720901365203598	ULBP3	c24
0.02465277813842	-2.28718183823604	0.003	0.013	1	ZSCAN5A	c24
0.000152546090697894	2.28422560302834	0.027	0.011	1	AL359834.1	c24
7.58290294699572e-05	-2.2828858257424	0.009	0.04	1	PCMTD2	c24
1.83708984136939e-05	-2.27323288048778	0.008	0.042	0.616123190998465	LRRC2	c24
5.68772682200045e-06	2.27218760198278	0.02	0.006	0.190754982156251	PXN-AS1	c24
6.1939358859629e-05	2.27161723951074	0.013	0.003	1	C15orf48	c24
0.0148018433774982	-2.26954437380526	0.002	0.012	1	CENPS	c24
0.000360056191385453	2.26707035372741	0.014	0.005	1	PLK2	c24
0.0341349984510681	-2.25733255251772	0.003	0.012	1	S1PR5	c24
0.00807183517784079	-2.25728591773844	0.003	0.017	1	FAM120C	c24
0.00182985985290801	-2.256192187117	0.005	0.023	1	THEMIS2	c24
0.0192867570008276	-2.2328505196714	0.002	0.011	1	AC004556.1	c24
0.000526014519443574	-2.22115416054292	0.008	0.032	1	KLF16	c24
0.0323508138079931	-2.21388895200157	0.002	0.01	1	HCN3	c24
0.0102580285538916	-2.20809643508504	0.003	0.016	1	ZNF248	c24
0.0104487730002166	-2.20689489361635	0.003	0.016	1	TGFBR3L	c24
0.00640595965148294	-2.20347076703544	0.005	0.02	1	MFSD4B	c24
0.0745046904557774	-2.18909087400428	0.003	0.01	1	AC138969.1	c24
0.00334403809963295	-2.18736540089579	0.008	0.027	1	SCMH1	c24
0.00878771592963912	-2.18333969785063	0.005	0.019	1	CRAMP1	c24
0.0124839398994533	-2.17393128679925	0.003	0.015	1	AC009403.1	c24
1.38945145382822e-10	-2.17212558756224	0.027	0.105	4.6599422858491e-06	TSPAN3	c24
0.00674894076513769	-2.16366242286274	0.005	0.02	1	WDHD1	c24
0.0155830895281991	-2.1596760682852	0.003	0.015	1	SIPA1L3	c24
2.45048259190677e-06	-2.15930365064523	0.024	0.071	0.0821842851673693	GIGYF1	c24
4.60220056799636e-06	-2.15823997127289	0.014	0.056	0.154348602649462	UBE2D4	c24
0.000113870138628239	2.15690039608617	0.014	0.004	1	JAM2	c24
0.00066243654224731	-2.15247235304227	0.005	0.026	1	UBA6-AS1	c24
1.60437163351267e-12	-2.14811865756432	0.036	0.13	5.38074158447479e-08	RHBDF2	c24
0.0661343501554902	-2.14734460645108	0.005	0.013	1	ST3GAL3	c24
0.000519250976266802	-2.14266030153423	0.006	0.03	1	CEP85	c24
3.15131605306593e-05	2.14062085019204	0.014	0.004	1	IL21-AS1	c24
0.0102279388618882	-2.12915215505468	0.003	0.016	1	AC138150.1	c24
6.50100608536745e-07	-2.12690808113615	0.011	0.057	0.0218030742091054	TBC1D13	c24
2.60313169569178e-05	2.1239332732869	0.011	0.002	0.873038308101109	MB21D2	c24
4.61934061722742e-05	2.12138293090487	0.011	0.003	1	AL391121.1	c24
4.56401065425761e-05	2.12037750526907	0.013	0.003	1	AC139720.1	c24
0.000794775476285748	-2.11634115098484	0.005	0.026	1	NACAD	c24
1.21302890064936e-06	-2.11356999963906	0.017	0.065	0.0406825632699784	WDR77	c24
7.87177831163355e-05	-2.10866941303524	0.011	0.043	1	RASGRP2	c24
1.61103517492517e-05	-2.10839685802215	0.011	0.048	0.540308976966402	AC010616.1	c24
3.78306815562687e-46	-2.10786181294436	0.168	0.44	1.26876539803414e-41	CARS	c24
0.00609771684795977	-2.10783347951006	0.005	0.02	1	CUL7	c24
0.000980077360712249	-2.10722867506401	0.008	0.03	1	ATAD5	c24
0.0151650224836543	-2.10710351082559	0.003	0.015	1	DUS2	c24
1.09122832934207e-05	2.10503609114855	0.011	0.002	0.365976157094745	AP003716.1	c24
0.00365742832725794	-2.10266782082186	0.009	0.029	1	BBS4	c24
0.000127872594958103	-2.10208988785586	0.008	0.036	1	PAQR8	c24
2.85503614751146e-05	2.10018289523918	0.016	0.004	0.957522023152394	PTHLH	c24
0.0188111052831294	-2.09883144717684	0.003	0.014	1	ACSF2	c24
0.00283178369198896	-2.09878673259482	0.008	0.027	1	ANKS1A	c24
0.0191449143248822	-2.09831597891086	0.002	0.011	1	CASTOR3	c24
0.0160660749659564	-2.09808192269271	0.002	0.012	1	NEK8	c24
0.00707347301627253	-2.09641718218283	0.005	0.02	1	QSOX2	c24
6.25975680334247e-06	2.09077634687818	0.033	0.013	0.2099397236705	BHLHE40-AS1	c24
0.00154090410231629	-2.08892395394587	0.008	0.029	1	BBS2	c24
0.00482222970908732	-2.08205286072387	0.005	0.021	1	DHFR	c24
2.00034007867205e-05	-2.08106486510612	0.011	0.047	0.670874055585031	NHLRC3	c24
0.000568743087367767	-2.07656196652309	0.005	0.027	1	SMARCA5-AS1	c24
0.0402299366581948	-2.07603098929989	0.003	0.012	1	F8A1	c24
4.39036106677461e-24	-2.07399715134622	0.074	0.248	1.47243929457487e-19	PLEKHA2	c24
6.19393460040703e-06	-2.06876663738399	0.013	0.053	0.207732178628451	CNPY4	c24
0.0347971559663876	-2.0616603486769	0.005	0.015	1	PLXDC1	c24
0.00305017824594606	-2.06058485353899	0.006	0.024	1	TANGO6	c24
0.0284665341168704	-2.05979124491378	0.003	0.013	1	ANKDD1A	c24
8.58703305562007e-06	2.05138855711142	0.02	0.006	0.287991914619386	MYO1E	c24
0.000342130031105142	-2.0464874546789	0.009	0.036	1	CXCL16	c24
0.0342187396451069	-2.04275925806682	0.002	0.01	1	CABLES2	c24
0.0033338692027463	-2.03846667563374	0.008	0.027	1	ZNF510	c24
7.84380927191515e-05	2.03158300321366	0.013	0.003	1	PCAT6	c24
0.00275135960058623	-2.02892731172016	0.008	0.027	1	NPHP4	c24
0.113935025870564	-2.02368910158572	0.005	0.011	1	DPY19L3	c24
8.58438088612492e-17	-2.01875406030227	0.079	0.21	2.87902966158858e-12	SLC1A4	c24
0.00895975084321123	-2.01014364954528	0.003	0.016	1	GPC1	c24
7.04031884148035e-13	-2.01013853734945	0.046	0.146	2.36118213305568e-08	TCF7	c24
0.0937330377139076	-2.00612222950895	0.003	0.01	1	DZANK1	c24
0.0429007559083659	-2.00442763946331	0.005	0.014	1	DFFB	c24
4.51308913921701e-08	-2.00312178071976	0.031	0.095	0.0015135998355106	ASB2	c24
2.51843519192255e-05	1.99968404387403	0.016	0.004	0.844632794666985	AC074366.1	c24
0.0435840667806647	-1.99725501851876	0.003	0.012	1	APLF	c24
0.0147483475068805	-1.99183636599804	0.005	0.017	1	SRGAP2B	c24
7.63284251034608e-05	-1.98882412512158	0.014	0.047	1	PUS1	c24
0.0001560373223684	-1.98841046046725	0.014	0.045	1	TOM1L2	c24
0.00753401805643823	-1.98484559816914	0.006	0.022	1	NAPEPLD	c24
0.00387745217640194	-1.97904707146479	0.005	0.021	1	NXPH4	c24
1.03724829275701e-05	-1.97706246725566	0.019	0.061	0.347872332424847	ATP13A2	c24
0.000125657235028409	-1.9760410079043	0.011	0.041	1	RAB40C	c24
0.00226270661671641	-1.97510071226934	0.005	0.023	1	ZNF333	c24
0.136761572126004	-1.9740145958066	0.022	0.032	1	AC016831.5	c24
0.00617858426593177	-1.97216981514159	0.005	0.02	1	PIGW	c24
0.00039275393224629	1.96928299357691	0.028	0.013	1	AC020571.1	c24
7.94432257129529e-05	1.9605836833896	0.016	0.005	1	RASSF4	c24
0.00602238017566771	-1.9555570331814	0.005	0.02	1	TOP1MT	c24
4.06223557023812e-22	-1.95408269756435	0.093	0.258	1.36239256554646e-17	SYTL2	c24
0.00556879502777942	-1.94592941887067	0.005	0.02	1	SPDL1	c24
0.0221707225560947	-1.9457044644439	0.003	0.014	1	ZYG11B	c24
0.282952268209146	-1.93567412556967	0.006	0.011	1	TRBV6-2	c24
2.81909354767994e-06	1.93035584778097	0.022	0.007	0.0945467594020897	LINC00987	c24
0.0196549418386866	-1.92942223204932	0.002	0.011	1	PARS2	c24
2.1184847105839e-06	-1.92888705976664	0.014	0.059	0.071049740223563	SAC3D1	c24
0.0516785163454269	-1.9283486331945	0.003	0.011	1	BIVM	c24
4.3645389896762e-05	-1.9235122550159	0.017	0.054	1	AGPAT3	c24
0.0251715496169325	-1.9173065814391	0.006	0.018	1	LMO7	c24
0.0237586849571839	-1.91330901552149	0.002	0.011	1	SOX12	c24
0.0113424114774486	-1.90735684330244	0.002	0.013	1	ENTPD3-AS1	c24
0.0594594690645455	-1.9069504799628	0.003	0.011	1	HIST1H3B	c24
0.0137324926757511	-1.90511119331587	0.008	0.022	1	TMEM121	c24
4.63845413906692e-107	-1.90450118075106	0.379	0.755	1.55564474916026e-102	TGFB1	c24
0.0659527722045535	-1.90399242161393	0.003	0.011	1	SEMA4F	c24
0.00242942215689491	-1.90213328958946	0.008	0.028	1	ANTXR2	c24
0.00804189482177015	-1.90203828283644	0.005	0.019	1	FAM20B	c24
0.0348069613919799	-1.89187989369101	0.003	0.012	1	POLA1	c24
4.6209156006556e-60	-1.88951885474648	0.349	0.64	1.54976267414788e-55	MT-ND6	c24
0.000549622148235639	-1.88689347540989	0.019	0.048	1	RNASEH2A	c24
0.0654782701723217	-1.88236246187939	0.003	0.011	1	BORCS8-MEF2B	c24
0.0230067537103217	-1.87996433616141	0.009	0.023	1	COX18	c24
3.10029851164141e-05	1.87993396149492	0.019	0.006	1	OSM	c24
1.13175008410191e-23	-1.87397649316329	0.132	0.309	3.79566343206099e-19	ABLIM1	c24
0.00128529380680314	1.87313965428798	0.014	0.005	1	CHRNA1	c24
0.0200648465446889	-1.86916740153682	0.009	0.023	1	AC011611.3	c24
0.0130366134621043	-1.86818353485145	0.005	0.018	1	AC005332.7	c24
0.0013380303938494	-1.86601859342156	0.011	0.034	1	ACAP3	c24
0.00682361168334368	-1.86238760245263	0.009	0.027	1	TRBV5-6	c24
1.93252276569789e-05	1.85933566274592	0.024	0.008	0.648129485159759	ADAM22	c24
0.00192501105292972	-1.85866931237843	0.011	0.033	1	SAP30L	c24
3.4979917542313e-05	-1.85771077025333	0.013	0.048	1	TMEM204	c24
0.0387175050883453	-1.8563350490837	0.009	0.021	1	ARL17A	c24
0.00251499523296795	-1.85580730214138	0.011	0.032	1	TOP3B	c24
0.0176164513234816	-1.85128373060268	0.003	0.014	1	KIAA1324L	c24
5.3128462867085e-07	-1.85067436885888	0.022	0.074	0.017818223876363	TMED8	c24
0.0467046286299613	1.85005804658187	0.011	0.005	1	C19orf73	c24
0.0439302692835078	-1.84862130576462	0.003	0.012	1	CYB561	c24
0.0789828587960568	-1.84703686676211	0.005	0.012	1	SAP25	c24
0.0124728881765949	-1.84478753020517	0.005	0.018	1	MAGEF1	c24
0.0481808533602797	-1.84468070082181	0.006	0.016	1	ZNF182	c24
1.40624876428674e-16	-1.84269049597398	0.072	0.203	4.71627710566487e-12	FAM53B	c24
1.76691826754785e-06	-1.83546058165573	0.024	0.073	0.0592589048570198	HDHD5	c24
0.00396476691038659	-1.83483435976038	0.006	0.024	1	DHRS4-AS1	c24
0.00646854917477918	-1.83159608673624	0.008	0.025	1	SEC22A	c24
0.000373471353913136	-1.8304812599298	0.009	0.036	1	NDUFAF1	c24
0.000174375101296732	1.82922843125562	0.02	0.007	1	AL357992.1	c24
0.0443918063806842	-1.82782265722293	0.003	0.012	1	C9orf72	c24
0.000804040061653605	-1.82355128852123	0.011	0.036	1	SLCO4A1	c24
0.00219961406430449	-1.82018856093083	0.013	0.035	1	CDT1	c24
0.000402351430723465	-1.81945299874637	0.013	0.04	1	WIPI1	c24
0.00141939095721436	1.81574413349385	0.011	0.003	1	HIST3H2BB	c24
0.0293708141214112	-1.81501931313854	0.005	0.015	1	TMTC4	c24
7.65560122814584e-17	-1.81289494453194	0.063	0.193	2.56753553989555e-12	CCM2	c24
0.00113004684914651	1.80881952665616	0.014	0.005	1	ZNF710	c24
5.45948669713179e-05	1.80689605757031	0.013	0.003	1	HCN2	c24
0.000371817869801791	1.80640651590204	0.016	0.005	1	MS4A6A	c24
0.00407944078074775	-1.80428967972715	0.009	0.028	1	POLE	c24
4.67339133108428e-06	-1.8042064950685	0.02	0.066	0.156736198461904	ANAPC7	c24
1.0090038585506e-18	-1.80342747245355	0.064	0.206	3.38399714080701e-14	CTDSP1	c24
1.08784913234672e-09	-1.80286950254532	0.044	0.123	3.64842842006444e-05	DEAF1	c24
0.001452240853928	1.79806768285369	0.014	0.005	1	JAG1	c24
0.0739333419621855	-1.79613629993066	0.003	0.01	1	NEURL4	c24
3.96274287321048e-05	1.79575952499728	0.014	0.004	1	DMD	c24
9.79797139794235e-10	-1.79186754029826	0.031	0.107	3.2860436474419e-05	SMAD3	c24
0.00139447704844417	1.79172982109728	0.014	0.005	1	IL17RC	c24
1.53091649759482e-05	1.79058154301294	0.02	0.006	0.513438774963351	LINC01678	c24
1.11116026947831e-06	-1.7900298353378	0.022	0.072	0.0372660931177634	MPP7	c24
0.0502776675969259	-1.78744295597766	0.003	0.011	1	CYP2U1	c24
2.62831060001365e-05	1.77928857411356	0.013	0.003	0.881482809032578	CYSLTR2	c24
0.0772426596814416	-1.77721869725299	0.005	0.013	1	LINC00893	c24
0.00115497257318862	-1.7763477057389	0.009	0.032	1	ZNF234	c24
0.00615381909833505	1.76882020411843	0.016	0.007	1	HHAT	c24
0.0830177019697791	-1.76811489081448	0.003	0.01	1	TMEM244	c24
0.0479812087233126	-1.76727294838512	0.006	0.016	1	ZFPM1	c24
0.000115214433176692	-1.76349091193103	0.014	0.046	1	ARL2	c24
0.000292803154180418	-1.75927120162906	0.017	0.048	1	TP53	c24
0.0206580668516384	-1.75775239054407	0.008	0.021	1	IDE	c24
1.23705589429296e-05	-1.75686314683367	0.019	0.06	0.414883805827974	NELFB	c24
0.00861407026666138	-1.75626364017771	0.009	0.026	1	NOD1	c24
0.0489870836625781	-1.75563757595537	0.006	0.016	1	ZBTB22	c24
2.67108193208869e-05	-1.75387668169368	0.011	0.046	0.895827458383906	FAM213B	c24
0.0140908264133827	1.75280196169392	0.024	0.013	1	ARL4D	c24
0.0183563925989459	-1.75244163855609	0.006	0.019	1	RAB4B	c24
9.11494955500305e-06	-1.74821574366932	0.02	0.064	0.305697178175692	TANGO2	c24
0.00241945493632752	1.74659659656074	0.014	0.005	1	CTH	c24
8.92892476244098e-06	-1.74630025508832	0.024	0.068	0.299458278682746	BCL9L	c24
0.0625833202038913	-1.7459143629293	0.003	0.011	1	CAMSAP2	c24
0.00167749434495727	1.74343017854861	0.011	0.004	1	HECW2	c24
3.02276692697032e-08	-1.7423442829779	0.036	0.103	0.0010137755719673	LARP4B	c24
0.0626806647985161	-1.74211412635706	0.005	0.013	1	RFNG	c24
2.45910436414228e-07	-1.74088832121893	0.035	0.095	0.00824734421646038	MAU2	c24
0.0114187780950848	-1.74046003538207	0.008	0.023	1	ZNF253	c24
4.27842983256824e-08	-1.74000349531467	0.025	0.086	0.00143489979724674	TULP3	c24
0.00255524718664521	1.73988582864895	0.022	0.01	1	FAM111B	c24
0.00205502894923169	1.73775660334743	0.017	0.007	1	SCD5	c24
0.00248721189771933	-1.73711363889177	0.008	0.028	1	EFHC1	c24
9.03681168304201e-05	1.73694025982895	0.022	0.008	1	LINC02416	c24
3.41586171063208e-08	-1.73543584583574	0.031	0.096	0.00114561170051179	HECTD3	c24
5.00585216884914e-06	-1.7348405194959	0.017	0.06	0.167886270038862	RBFA	c24
3.78900434205001e-05	1.73482499524332	0.025	0.009	1	TPK1	c24
0.00168581500250815	-1.73381671403415	0.013	0.036	1	MLLT1	c24
0.000189880302009417	-1.73040514237863	0.013	0.042	1	PDE4A	c24
0.00125739757132568	-1.73039736156624	0.013	0.037	1	PPP1R16A	c24
0.0218068400351445	-1.73010716448416	0.003	0.014	1	SGO1	c24
0.155523978347291	-1.72842114299234	0.005	0.01	1	CLDN15	c24
0.222766820017544	-1.72632922315263	0.009	0.015	1	TRBV6-1	c24
0.0077156281696236	-1.72371303352158	0.008	0.024	1	IQCE	c24
0.074133864652593	-1.72146168931033	0.005	0.013	1	CASTOR1	c24
2.22670184218318e-06	-1.72116138136029	0.022	0.07	0.0746791263831395	XKR8	c24
0.000704191778407682	-1.72054452886055	0.019	0.047	1	SCUBE1	c24
0.00464854381735591	-1.71951131210585	0.003	0.018	1	HIST1H2AM	c24
0.00560460874453748	-1.71874507216097	0.009	0.027	1	HEATR3	c24
0.017245736674455	1.71804588609561	0.011	0.005	1	SPIN4	c24
0.00274766263474065	1.71464741818382	0.011	0.004	1	TUBB3	c24
0.0320102597860998	-1.71435781135358	0.003	0.013	1	PCBP3	c24
8.61300315120923e-06	-1.71398788442744	0.028	0.074	0.288862899685255	SLC35E1	c24
6.21474942723702e-05	-1.71217548349887	0.02	0.057	1	CEP78	c24
0.000537746350527612	-1.70963866494011	0.013	0.039	1	SLC27A4	c24
0.0240157639237632	-1.70884465355235	0.008	0.021	1	GTF2IRD2	c24
0.0114190867264609	-1.70118611803225	0.008	0.023	1	PEX5	c24
0.00106887602494711	1.70048007848076	0.016	0.006	1	LPL	c24
0.00901664647786225	-1.69906564251431	0.005	0.019	1	E2F1	c24
0.0702066867071401	-1.6958128488242	0.003	0.01	1	FXYD7	c24
0.00118452076880503	1.6949852836675	0.019	0.008	1	IFITM10	c24
0.172420500644071	-1.68967945067513	0.006	0.012	1	ATP10A	c24
0.0467715367804553	-1.68847530536233	0.003	0.012	1	LRRC75A	c24
4.5906694480062e-07	-1.68591052083742	0.038	0.097	0.0153961871947232	POU2F2	c24
0.000152187407850797	-1.68452721018631	0.019	0.052	1	LINC00662	c24
0.0132021916141796	-1.6841342579153	0.003	0.015	1	HARBI1	c24
2.2851315943368e-06	1.6841301719691	0.025	0.008	0.0766387434108678	ZNF844	c24
2.71633784518535e-11	-1.68332989951389	0.05	0.142	9.11005386518264e-07	BLCAP	c24
1.7499664238995e-05	1.68037277079416	0.014	0.004	0.586903739247415	HIST1H2BG	c24
0.000359707339773293	-1.68012479358824	0.011	0.038	1	SPAG4	c24
1.26009714288062e-12	-1.67872974179883	0.066	0.171	4.22611379779301e-08	SUSD3	c24
0.207038591563554	-1.67842401796019	0.006	0.012	1	PLCB3	c24
0.000131473851040556	-1.67747612567962	0.009	0.039	1	PRR12	c24
9.46704589484288e-06	-1.67673443973027	0.022	0.065	0.317505785221241	MED24	c24
0.0162954395675651	-1.67369610067567	0.005	0.017	1	CIPC	c24
2.54506886755964e-08	-1.67227548844857	0.05	0.123	0.000853565196802153	NLRC3	c24
2.90005179869651e-07	-1.67179004784987	0.028	0.086	0.00972619372246837	NUP85	c24
0.0174795179674399	-1.6712077952543	0.006	0.019	1	FBXO48	c24
0.0174171960871785	-1.67003034310319	0.005	0.017	1	DARS2	c24
5.10053674911193e-08	-1.66666930718469	0.035	0.099	0.00171061801491716	MED16	c24
8.0635100104901e-25	-1.66464389398861	0.116	0.307	2.70433998731817e-20	SLFN5	c24
0.0717296934793869	-1.66355345409352	0.003	0.01	1	ZNF175	c24
1.45144782240702e-05	1.66328133376714	0.028	0.011	0.486786570678865	IL12RB2	c24
5.84728926619722e-07	-1.65419105347051	0.028	0.083	0.0196106387409722	ZNF32	c24
4.70523131126022e-07	-1.65412842922439	0.036	0.095	0.0157804047717045	PM20D2	c24
4.08046952131574e-12	-1.647773453442	0.057	0.157	1.36850786805887e-07	SSH1	c24
2.37558924181896e-05	-1.64713418186744	0.017	0.056	0.796725119921243	GNB1L	c24
5.15022823325051e-05	-1.64605962993089	0.014	0.049	1	SLC39A13	c24
0.00197994511866875	-1.6438952320845	0.008	0.028	1	POLR3B	c24
1.41508614117012e-07	-1.64374238389878	0.035	0.096	0.00474591590025636	NME6	c24
4.3419868223837e-07	-1.6433066815189	0.03	0.086	0.0145621554049104	RASSF2	c24
4.09763592845975e-06	-1.63819129931392	0.031	0.081	0.137426513768683	MGAT4B	c24
3.46103492168567e-08	-1.63747670993211	0.031	0.097	0.00116076189203494	PCYT2	c24
0.00129230472795625	-1.63583974052433	0.013	0.037	1	TRGV3	c24
0.00109468784459353	-1.63582685590998	0.014	0.039	1	CROCC	c24
0.0544529291042873	-1.63389728029643	0.005	0.014	1	PTCD1	c24
9.48331379570815e-28	-1.6323046494876	0.173	0.383	3.1805137808046e-23	PLEC	c24
0.000123301505478289	-1.6313989402786	0.025	0.062	1	MYO9A	c24
0.000168050081685901	-1.6306379895739	0.028	0.065	1	OSBPL7	c24
0.0169280835847645	-1.62947686374787	0.006	0.019	1	HS6ST1	c24
0.000777286552119705	1.62742288786491	0.014	0.005	1	ENPP2	c24
0.000103089292945963	-1.62262366420967	0.017	0.051	1	TDRD7	c24
4.80037333484539e-07	-1.62207672524592	0.02	0.073	0.0160994920904045	SNAI3	c24
0.0152069841375827	-1.6196759518669	0.006	0.02	1	KRBA1	c24
0.011202195744649	-1.6196579475334	0.011	0.027	1	KCTD21	c24
1.32516528070402e-07	-1.61561702616878	0.027	0.086	0.00444433931842515	CTU2	c24
6.03763889327967e-06	-1.61358375309166	0.03	0.078	0.202490333202813	FAM193A	c24
0.0014326603022417	-1.61244964047283	0.008	0.029	1	LLGL1	c24
0.00080926669803202	1.60954608908619	0.019	0.007	1	AC010654.1	c24
0.00132869972231613	-1.60758343842371	0.013	0.036	1	TTC27	c24
0.00632241567011059	-1.60527533980565	0.006	0.022	1	FAM167A	c24
0.0153725073118759	-1.60515845738318	0.005	0.017	1	TLCD1	c24
0.541503783368325	-1.6040787613772	0.008	0.01	1	TRBV24-1	c24
0.102239726607701	-1.60372646949537	0.005	0.012	1	KIFC2	c24
1.24571486222649e-26	-1.60063800326656	0.148	0.35	4.17787850493521e-22	IQGAP2	c24
0.0180004618999272	-1.59939096748139	0.008	0.021	1	KIAA1841	c24
1.32280035434728e-10	-1.59813969892913	0.044	0.131	4.43640782840992e-06	RABL6	c24
0.00469996246582933	-1.59303682753971	0.008	0.026	1	DNAAF5	c24
0.0687475775921267	-1.59081789634454	0.003	0.011	1	SHCBP1	c24
0.0957658514324618	-1.59045919086237	0.008	0.016	1	PIAS2	c24
0.0487604753230803	-1.58962811796565	0.003	0.011	1	POC1A	c24
2.45355953117171e-14	-1.58900333696592	0.107	0.232	8.22874795564367e-10	AL133415.1	c24
2.28523024017614e-09	-1.58699216967608	0.052	0.132	7.66420517950272e-05	PARP4	c24
0.0998313685969508	-1.58661446988406	0.006	0.014	1	GTF2H4	c24
0.000790383338507704	-1.58603275504218	0.011	0.036	1	BCDIN3D	c24
2.47267667376556e-16	-1.5848604854097	0.09	0.226	8.29286302847495e-12	PACSIN2	c24
0.00781046298570584	-1.58306648839172	0.014	0.033	1	KCTD2	c24
0.0119490458394156	-1.5826716816514	0.008	0.023	1	AP4S1	c24
0.052713814484467	-1.58200415205316	0.003	0.011	1	AP002495.2	c24
1.58577601688173e-10	-1.58100258818752	0.042	0.127	5.31837560541796e-06	KRCC1	c24
6.05751303700725e-05	1.57889327086515	0.022	0.008	1	SPRY2	c24
0.0587671541118429	-1.5771958874893	0.008	0.018	1	NPIPA1	c24
8.40424586740069e-17	-1.57669072888169	0.083	0.22	2.81861597900884e-12	PMEPA1	c24
1.10878499589659e-05	-1.57566332977286	0.025	0.069	0.371864311923799	ZDHHC4	c24
0.000116260277961071	-1.57352494115313	0.028	0.066	1	UNKL	c24
4.61051187928571e-51	-1.57225621262863	0.266	0.557	1.54627347407484e-46	ARHGAP9	c24
1.08967917061292e-45	-1.5718742108749	0.193	0.482	3.65456600240161e-41	BCL3	c24
0.00199306403102441	-1.56882014401864	0.02	0.046	1	TTC31	c24
2.65361709234664e-05	-1.56561446325128	0.022	0.062	0.889970100431216	NUP188	c24
0.0032938394164098	-1.56420690588054	0.013	0.034	1	PUDP	c24
0.000172759502670751	-1.56388300062884	0.028	0.065	1	RPRD1A	c24
0.105713984532052	-1.56198722624096	0.005	0.012	1	PDE6B	c24
0.0622775889311959	-1.56145567398822	0.003	0.011	1	GPR146	c24
0.00212724247963007	-1.55716085456295	0.02	0.046	1	ABCC10	c24
2.25388102790681e-07	-1.55606717279862	0.041	0.104	0.00755906619139386	RSAD1	c24
1.03397149892277e-26	-1.55490756150965	0.149	0.348	3.4677336130872e-22	TRABD	c24
0.000427001702868684	-1.55453303757852	0.016	0.045	1	DGAT1	c24
6.96472756026038e-05	1.5535597840233	0.02	0.007	1	ASCL1	c24
0.116431884380243	1.55105407167545	0.014	0.008	1	CDCA2	c24
0.0584424994011784	1.54845693995278	0.011	0.005	1	AF213884.3	c24
0.060058759360537	-1.5477131197773	0.003	0.011	1	LCMT2	c24
0.0447563022306733	-1.54762015880707	0.008	0.019	1	ASB16-AS1	c24
5.17395181463318e-06	1.5469795521728	0.03	0.011	0.173523995959168	UBASH3B	c24
0.0211837527065256	1.54537393332389	0.011	0.005	1	AL034549.1	c24
0.0161773868112171	-1.54418805685885	0.009	0.024	1	RIOX2	c24
0.0205814611224222	-1.54392315972966	0.006	0.019	1	SLC31A2	c24
0.0299113358654136	-1.54290939222935	0.005	0.015	1	SRD5A3	c24
0.0212870692958036	-1.54266924693743	0.011	0.025	1	LZTR1	c24
0.0957645952214088	1.54246603407202	0.016	0.009	1	STIL	c24
0.000747593576438833	-1.54225405891611	0.02	0.049	1	PROSER3	c24
0.0801108247083691	-1.54109040113341	0.003	0.01	1	RAD52	c24
0.0532481111636888	-1.54108360440805	0.005	0.014	1	MTHFSD	c24
0.00287893571984734	1.53961526864854	0.014	0.005	1	SLC24A1	c24
0.00498167656064393	-1.53922213049639	0.014	0.034	1	PAAF1	c24
1.29045076309187e-06	-1.53809923896584	0.027	0.079	0.043279137692575	CHMP6	c24
1.09578286836661e-05	-1.53708267151764	0.013	0.051	0.367503658392794	WDR34	c24
0.000161283815907316	1.53621353951843	0.014	0.004	1	LONRF3	c24
0.000689147067151796	-1.5359618024042	0.019	0.047	1	RBBP9	c24
0.0283809577182656	-1.53509912128528	0.009	0.022	1	NCKIPSD	c24
0.000163568046936673	-1.53499224406045	0.022	0.057	1	HEATR5B	c24
1.16664412968773e-10	-1.53486009263093	0.053	0.143	3.91269108214671e-06	P2RY8	c24
0.00159151530591011	1.53443447000309	0.013	0.004	1	AC034236.2	c24
6.62798311957663e-05	-1.53375868253581	0.016	0.051	1	ZFYVE19	c24
0.000411445379866033	1.53247650723245	0.019	0.007	1	FAIM2	c24
2.78903295431941e-05	1.53242596120789	0.02	0.007	0.935385872219645	MICALL2	c24
5.52808393892531e-05	-1.53207357237505	0.028	0.069	1	CCDC84	c24
3.20720841970301e-11	-1.53072910062528	0.068	0.165	1.07563355979999e-06	CSNK1G2	c24
0.00104915256331819	-1.52938964290428	0.014	0.04	1	PDCD2L	c24
2.89608232924913e-37	-1.52905131713399	0.258	0.509	9.71288091583572e-33	AKNA	c24
0.000594247803901976	-1.52845271349565	0.025	0.057	1	TYMS	c24
8.72832685144902e-10	-1.52757570299039	0.052	0.134	2.92730625943897e-05	DUSP14	c24
0.104792507076543	-1.52732498468542	0.005	0.012	1	ZCCHC24	c24
5.18339770833284e-05	-1.52671099038192	0.022	0.06	1	CRIP2	c24
0.0254246746670548	-1.52653521202901	0.008	0.02	1	ZSCAN18	c24
0.0155701205649162	-1.52611808130708	0.006	0.02	1	POLD1	c24
0.000288521044522636	1.52387972871219	0.024	0.009	1	TCTN1	c24
0.0045663550610741	-1.52339685404137	0.013	0.033	1	WDR53	c24
1.06068806261269e-05	-1.52246201685615	0.013	0.051	0.355733562439044	MYPOP	c24
0.0622471234199451	-1.52166262631081	0.006	0.015	1	ZNF696	c24
0.00319011618070264	-1.52140329819311	0.014	0.036	1	ABRAXAS1	c24
0.000879974664912617	-1.52067690347617	0.014	0.04	1	MFSD12	c24
0.00903076494707892	-1.52061838129483	0.006	0.021	1	PTDSS2	c24
0.0761220874089674	1.52030626059713	0.011	0.006	1	PRR11	c24
0.00631389792828838	-1.51804807574908	0.011	0.029	1	STK11IP	c24
0.0283295798664646	-1.51701928834937	0.006	0.018	1	CDPF1	c24
6.8778753732718e-07	-1.51569615395952	0.038	0.096	0.023067018426879	TNRC6C	c24
0.0406210165334942	-1.51496344275102	0.009	0.021	1	FANCD2	c24
0.0431210756234473	-1.51312010793267	0.006	0.017	1	ZNF213	c24
0.000128170296393459	-1.51067532337121	0.019	0.053	1	TBL1X	c24
0.0363193753668977	-1.51001462738177	0.008	0.019	1	NKD1	c24
0.0929103728823921	-1.50941030047866	0.005	0.012	1	AC008764.8	c24
8.35951438862741e-18	-1.50924948849161	0.091	0.238	2.80361393565786e-13	PITPNC1	c24
7.9471541521075e-09	-1.5092263872991	0.057	0.134	0.000266531655953381	DTX2	c24
0.000493562899364498	-1.50697099104931	0.02	0.051	1	GAB3	c24
0.00228227672799666	1.50598569745463	0.013	0.004	1	AL139393.2	c24
0.0683025545071301	-1.50575790956681	0.003	0.011	1	ZNF324B	c24
0.000259752287739137	-1.50528334453113	0.019	0.051	1	RWDD3	c24
2.66612604205037e-05	1.50476854512143	0.033	0.014	0.894165351982853	HIST1H2BH	c24
0.0313658373381051	-1.50406025468051	0.009	0.022	1	SCRIB	c24
0.000747657296239804	-1.50279984615444	0.02	0.05	1	DDX11	c24
0.0219702465889952	1.50206767498489	0.053	0.037	1	LRRC28	c24
8.22009257398487e-05	-1.50176088225146	0.02	0.057	1	VKORC1L1	c24
1.2478998669507e-05	1.49900649763218	0.038	0.016	0.418520657377927	LINC00539	c24
0.000477875143386914	1.49884536189064	0.031	0.015	1	AFMID	c24
0.076609215467672	1.49796020670656	0.014	0.008	1	KIF14	c24
0.0190794200872989	-1.49632555164404	0.011	0.026	1	RBM45	c24
0.0346986868155834	-1.4955906672633	0.006	0.017	1	ZFP28	c24
0.000538788761893316	-1.4948067247417	0.022	0.053	1	FAM160B2	c24
7.41510818326716e-05	-1.49450587095828	0.033	0.074	1	KMT2D	c24
0.0118234192306684	-1.49323784863721	0.006	0.02	1	LINC02361	c24
3.03215175929518e-12	-1.4922661628744	0.053	0.155	1.01692305703242e-07	PIGX	c24
0.00275095136363351	-1.48986413290168	0.011	0.032	1	PRMT6	c24
0.00778187312710594	-1.48841087689472	0.008	0.024	1	TAB1	c24
0.0890663669710783	-1.48633600046247	0.005	0.012	1	ATP11A	c24
3.42812960325764e-06	-1.48480880210554	0.025	0.073	0.114972610634055	C11orf24	c24
3.42764517434365e-05	-1.48418421844925	0.02	0.06	1	NAA80	c24
0.000163915862680971	-1.48193005735603	0.019	0.052	1	FBXL6	c24
0.000104347087866219	-1.48180113173939	0.025	0.063	1	EPHA4	c24
0.0727662313380972	-1.47904120421776	0.013	0.023	1	UVSSA	c24
0.00554316710989273	-1.47689802201374	0.011	0.03	1	ANKRD46	c24
4.2874909493077e-06	-1.47666839071469	0.035	0.086	0.143793871457882	EXOC3	c24
0.00145671352202033	-1.4759644290761	0.02	0.047	1	S1PR1	c24
0.031634500902947	-1.47547610757254	0.005	0.015	1	UHRF1	c24
0.00479754284431175	1.47375201262767	0.016	0.007	1	TLL1	c24
0.000967227715658448	1.47273460599618	0.013	0.004	1	CDC42EP4	c24
0.060901357037716	-1.47101741517546	0.005	0.013	1	FIZ1	c24
0.000694814993899709	-1.47048867748051	0.016	0.043	1	IPO13	c24
0.00129436291009572	-1.46867473420672	0.011	0.034	1	KLF3	c24
0.000418816801928918	1.46818965860177	0.027	0.012	1	MINCR	c24
5.81629432225888e-05	-1.46633689453754	0.027	0.067	1	EEFSEC	c24
0.0167252861078713	-1.46598818095041	0.002	0.012	1	BIRC5	c24
0.00469294504147092	-1.46415861584243	0.008	0.026	1	KLHL22	c24
2.72009612753289e-13	-1.46324179497824	0.096	0.214	9.1226583925198e-09	GPAT4	c24
1.52255448150499e-09	-1.4623850865693	0.05	0.132	5.10634322007143e-05	WDR18	c24
0.0252250785221444	-1.46096964267762	0.009	0.023	1	SENP3	c24
0.00243966023812163	1.46040486198663	0.016	0.006	1	ELOVL6	c24
0.0528504952628864	-1.46014461695277	0.006	0.016	1	TMEM177	c24
1.23998937523248e-19	-1.45882476496236	0.105	0.268	4.15867636665469e-15	MCUB	c24
0.00708273386340022	-1.45849748345927	0.016	0.035	1	TBC1D19	c24
4.31949053803048e-15	-1.45681118955078	0.108	0.24	1.44867073664466e-10	CMIP	c24
0.0425901966267163	-1.45577636721692	0.011	0.023	1	MROH1	c24
2.16833096802879e-16	-1.45427415617362	0.102	0.241	7.27214840057495e-12	SRM	c24
0.00303026463298648	-1.45415414136456	0.016	0.038	1	PGAP2	c24
0.00561250597729445	-1.45311169291622	0.008	0.025	1	PYCR3	c24
3.59632362525964e-06	-1.45148951796274	0.025	0.074	0.120613501743958	BRAT1	c24
0.148772503847952	1.45036308692351	0.014	0.009	1	BTNL8	c24
0.00168733972311879	-1.44919829262336	0.025	0.053	1	INTS1	c24
1.74670269950096e-07	-1.4488745663936	0.06	0.128	0.00585809151358631	DICER1	c24
0.000426944697919206	-1.44790869183931	0.02	0.051	1	C2orf68	c24
0.0239203845884342	-1.4472640784684	0.008	0.021	1	FANCM	c24
0.000227080928821098	-1.44571867797413	0.033	0.07	1	KANSL3	c24
2.93127821549251e-38	-1.44503935368853	0.25	0.496	9.83092087911878e-34	LPXN	c24
0.000786388716079677	-1.4449643921553	0.019	0.047	1	NHLRC2	c24
0.0253885084693972	1.4446564192213	0.031	0.019	1	AVPI1	c24
0.000226168175344697	-1.44428945169992	0.017	0.049	1	MYO19	c24
0.089307728939671	-1.44383337916752	0.011	0.021	1	RAB11FIP3	c24
0.00209708409040949	-1.44276512738023	0.02	0.046	1	SLC35E3	c24
1.69152572743635e-18	-1.44102756763867	0.154	0.307	5.67303898467604e-14	MT1F	c24
0.00137714996748688	-1.44080539712462	0.016	0.041	1	ZFYVE16	c24
1.25425643326648e-06	-1.44017217523561	0.028	0.082	0.0420652522588914	C19orf48	c24
0.00173979307382901	-1.43975270499125	0.013	0.036	1	RAD51D	c24
9.13193772538509e-07	-1.43847501197513	0.03	0.084	0.0306266927433965	MDP1	c24
0.0321078819936919	-1.43846871693196	0.008	0.02	1	AMACR	c24
0.0284969693748702	-1.43759234128495	0.008	0.02	1	ZNF641	c24
0.0357065879974748	-1.43675844189231	0.008	0.019	1	TREX1	c24
0.00732764117393308	-1.43509387472088	0.025	0.048	1	FTX	c24
2.14894146823991e-06	-1.43484697351207	0.031	0.084	0.0720711989618301	DHRS13	c24
0.00231175541524278	-1.4339760200909	0.009	0.03	1	ZNF621	c24
0.0473917215784839	-1.43331180812815	0.005	0.014	1	PGAP3	c24
0.0927065911056041	-1.43173777821166	0.003	0.01	1	AC090825.1	c24
0.00814741823137631	-1.43024818651133	0.011	0.029	1	BEX3	c24
0.000462647981591549	-1.43003716783462	0.031	0.066	1	TAOK2	c24
3.02354970361303e-06	-1.42715616018135	0.049	0.104	0.101403809959774	PINK1	c24
9.29456771547557e-05	1.42711070964713	0.019	0.006	1	AC083880.1	c24
0.00114853734515647	-1.42568591761509	0.013	0.037	1	TRIT1	c24
0.000414912573510115	1.42520837110578	0.036	0.018	1	APP	c24
0.0763828524845766	-1.42480784974979	0.006	0.015	1	LRRCC1	c24
0.00256849424008913	-1.42395578791713	0.02	0.045	1	TRIM39	c24
1.96513616401417e-06	-1.42382451337234	0.025	0.075	0.0659067366687073	DTYMK	c24
3.58586544604953e-05	-1.42327178351508	0.028	0.071	1	NARFL	c24
0.0969236600524107	-1.42253858942178	0.006	0.014	1	ZNF74	c24
0.0113543323272959	1.42005385333185	0.022	0.011	1	CDC6	c24
0.0545921439278501	-1.41862954762738	0.008	0.018	1	CCDC120	c24
0.00152638081963042	-1.41806037347422	0.022	0.049	1	COLGALT1	c24
2.90608660900878e-05	-1.41732125613933	0.033	0.077	0.974643326929365	TRMU	c24
0.03736029954761	-1.41618773968093	0.009	0.021	1	PIDD1	c24
0.00150037606056266	-1.41535586378891	0.011	0.034	1	GEMIN2	c24
1.67760340187542e-14	-1.41489182668033	0.09	0.215	5.62634628920979e-10	XPC	c24
0.00112783515055787	1.41201572083898	0.014	0.005	1	ADGRE1	c24
8.73841321803291e-05	-1.41137881561259	0.019	0.054	1	UBE2T	c24
0.0451891437704547	-1.41098262055216	0.005	0.014	1	GSEC	c24
0.00199678208835913	-1.40875087711317	0.014	0.038	1	CCZ1	c24
0.000205956334732732	-1.40834139117384	0.017	0.049	1	PSMC3IP	c24
0.000755453972691093	1.40810371883174	0.017	0.006	1	NR2F6	c24
3.50261115029812e-05	-1.40497464945933	0.031	0.075	1	SP1	c24
4.4545197778002e-07	-1.4038838753794	0.063	0.13	0.0149395684307863	NBPF19	c24
0.00397937194245319	-1.40350139152689	0.009	0.029	1	GK5	c24
0.164267007924256	-1.40326030781816	0.008	0.014	1	MYO5B	c24
0.0001524946731905	-1.40305360798745	0.041	0.081	1	GIMAP1	c24
0.26210174401855	-1.4010964300284	0.008	0.013	1	TMEM63A	c24
2.16854454434422e-05	-1.39977706806815	0.041	0.088	0.727286469282164	LPCAT1	c24
0.0650145390661134	-1.39780814709093	0.005	0.013	1	ZNF559	c24
1.17381281899293e-07	-1.3971680326976	0.05	0.118	0.00393673343233849	SCAF1	c24
0.017564297483413	-1.3963913591625	0.016	0.032	1	ABHD15	c24
0.00174250949919652	1.39596720774219	0.02	0.009	1	OLFM2	c24
0.00358494877853838	-1.39590670871552	0.017	0.04	1	ENTPD6	c24
0.0112883020582178	-1.39326675550103	0.011	0.028	1	TAF4	c24
0.00247610642815133	-1.39161689203445	0.017	0.041	1	DNAJC16	c24
0.000327346499636806	-1.391425688351	0.017	0.048	1	C6orf203	c24
1.57988906345611e-15	-1.39040660483791	0.105	0.24	5.29863194101911e-11	CCDC115	c24
0.00778162811493132	-1.38982894961188	0.011	0.029	1	BDH1	c24
0.0163143173597637	1.38511224309121	0.016	0.007	1	MYBL1	c24
0.00259622245883702	-1.38244934640228	0.013	0.035	1	NFXL1	c24
0.0408103434223568	-1.38210599289294	0.005	0.014	1	TMOD2	c24
0.00842022635389551	1.38167849389957	0.013	0.005	1	STARD5	c24
0.000635740684828345	-1.38014360747071	0.027	0.058	1	PDCD11	c24
0.016431316094891	-1.37987676008362	0.017	0.035	1	SH3TC1	c24
5.06157318005525e-08	-1.37846673453883	0.046	0.115	0.00169755041312693	TBL3	c24
1.11432738714801e-09	-1.37773878461569	0.052	0.136	3.73723119101699e-05	ARHGAP1	c24
8.42950536012448e-05	-1.37757346347545	0.025	0.064	1	TASP1	c24
2.26365398210665e-11	-1.37747794766797	0.083	0.188	7.59184272518929e-07	TAOK1	c24
4.48644029303974e-07	-1.3770514606624	0.039	0.1	0.0150466234547967	CLSTN1	c24
0.00448621227282706	-1.37611583210388	0.013	0.033	1	N4BP3	c24
1.0914623497041e-06	-1.37335871017586	0.041	0.099	0.0366054642843762	NDUFV3	c24
0.000185241995345416	-1.37299971525584	0.036	0.075	1	ZC3H7B	c24
0.000982878283315915	-1.37294445073967	0.011	0.035	1	FAAP100	c24
8.39585796265532e-07	-1.37141681785605	0.042	0.102	0.0281580284351534	RPUSD1	c24
1.51461967566748e-05	-1.37136212682737	0.025	0.069	0.507973146825359	MVB12A	c24
0.0536599957133949	-1.37102897494863	0.006	0.016	1	EPN2	c24
0.00101934308832465	-1.37094086378297	0.024	0.053	1	SPECC1L	c24
0.000432109448137918	1.37037534160484	0.019	0.007	1	F5	c24
1.52644805245295e-05	1.37014676400005	0.039	0.017	0.511940147831671	ELOVL4	c24
0.0166861451375954	-1.36976318031517	0.016	0.033	1	ZFYVE26	c24
0.049362306318057	-1.36939030573344	0.003	0.011	1	SUOX	c24
0.00264766662126064	-1.36903838687925	0.014	0.037	1	TMPO-AS1	c24
7.98426615972425e-06	-1.36868692475386	0.041	0.092	0.267776318464832	TCP11L2	c24
0.00210710686366866	-1.36865554534735	0.011	0.033	1	ZNF786	c24
0.00155494022416798	-1.36832472288339	0.014	0.038	1	GRK4	c24
0.0780685555266688	-1.36811639329339	0.006	0.015	1	ADAL	c24
0.011261546788629	-1.36796763949699	0.017	0.036	1	UBN2	c24
0.000182774596329207	1.36697493181643	0.031	0.014	1	AC093484.3	c24
0.0206362557123493	1.36678654073787	0.017	0.009	1	ATP9A	c24
1.58826628020954e-12	-1.36664631605907	0.116	0.232	5.32672745056676e-08	GRAMD1A	c24
0.0110505747033851	1.36630420880981	0.011	0.004	1	AC023157.3	c24
8.16771376935425e-11	-1.36621255736455	0.06	0.154	2.73928784396603e-06	PAGR1	c24
9.60304656314887e-08	-1.36603423016359	0.071	0.144	0.00322066975634887	PHACTR4	c24
0.1473384805667	-1.36582178455569	0.006	0.013	1	RAB11B-AS1	c24
3.61330597521526e-05	-1.36561376679181	0.041	0.087	1	CENPT	c24
0.000334457279082667	-1.36473360266795	0.019	0.05	1	EIF2D	c24
2.48860640554995e-07	-1.36460988171265	0.06	0.127	0.00834628816293343	CHMP7	c24
0.00345640883076159	-1.36448604447084	0.024	0.049	1	PNPLA6	c24
0.0165699469634257	-1.36432464665131	0.008	0.022	1	CHN2	c24
0.0084649905705807	1.36427203245577	0.031	0.018	1	CERS6	c24
6.4058751048827e-05	1.36372856679551	0.033	0.014	1	BARX2	c24
0.0298996085247956	-1.36370862429815	0.002	0.01	1	ZNF449	c24
0.00404283955132775	1.36325079222529	0.016	0.006	1	CHST2	c24
0.0107819336912696	-1.36239996450956	0.016	0.034	1	POLG2	c24
4.38875131625314e-08	-1.36088661969721	0.075	0.153	0.00147189941644498	ODF2	c24
7.72099884112765e-13	-1.36046652207205	0.093	0.21	2.58946859133739e-08	EXOSC10	c24
0.537887252451277	-1.35922874551272	0.016	0.019	1	TRBV7-2	c24
0.0175145652450844	-1.35902220541015	0.008	0.022	1	SIDT2	c24
0.0479390175035295	-1.3583732274719	0.006	0.016	1	AARS2	c24
0.0302491630414115	-1.35752197793642	0.006	0.018	1	LRRC37A2	c24
0.000686095805979014	-1.35741660518762	0.019	0.048	1	AXIN1	c24
0.00279516913942297	-1.35638895879287	0.013	0.034	1	ZFP14	c24
0.0823012153144863	-1.35617052994593	0.005	0.012	1	ACVR1	c24
0.00104305756729728	-1.35545280296628	0.011	0.035	1	STK35	c24
0.0379965150880067	-1.35383193837481	0.005	0.015	1	C3orf62	c24
0.00314589141651004	-1.35232036989434	0.019	0.043	1	RAPGEF2	c24
5.54069631780461e-06	1.35229562864229	0.024	0.008	0.185823873106531	PLA2G4C	c24
0.137381461939214	-1.3507982946921	0.009	0.017	1	WDR81	c24
2.33502612318073e-06	1.34991243617545	0.061	0.03	0.0783121061192353	HIST1H3H	c24
0.00324037487140931	1.34896176445069	0.016	0.006	1	GLDC	c24
0.000549567496979492	-1.34882435205325	0.024	0.055	1	MVK	c24
0.0280941627943041	-1.34786561827284	0.005	0.016	1	CIDEB	c24
0.14757853468444	-1.34722853709493	0.008	0.015	1	TRBV6-6	c24
0.000299176747105783	-1.34658947497786	0.025	0.059	1	COQ6	c24
4.5025208562983e-05	1.34651124550423	0.036	0.016	1	AC007388.1	c24
0.0127778641396055	-1.34611629619625	0.022	0.042	1	TTC13	c24
0.010145327416534	-1.34605949900902	0.02	0.04	1	BAHD1	c24
0.00888215170168139	-1.34436414233387	0.013	0.03	1	ARHGEF18	c24
1.21562474300857e-56	-1.34402573301521	0.377	0.665	4.07696226310216e-52	FAM129A	c24
0.000800408374218642	-1.34342737268369	0.019	0.047	1	GEMIN4	c24
1.30690857951912e-06	-1.34210253906179	0.039	0.096	0.0438310999399124	ARFRP1	c24
6.87494495690532e-11	-1.34166674305843	0.137	0.244	2.3057190396469e-06	ITGA1	c24
0.0404409299492219	-1.34125890365376	0.019	0.033	1	TRAV12-1	c24
8.83189333423915e-06	-1.34123875618558	0.024	0.069	0.296204038643713	CPSF4	c24
7.57316112580674e-11	-1.34102305980212	0.063	0.159	2.53988677837306e-06	SKI	c24
2.28804925714327e-08	-1.34072683726554	0.055	0.129	0.000767365959860709	CBX1	c24
0.00206631330358751	1.34065606359384	0.016	0.006	1	PPM1N	c24
5.15530591929381e-12	-1.33960024142735	0.113	0.226	1.72898649921276e-07	PREX1	c24
6.85194640279502e-21	-1.33909693087001	0.137	0.31	2.29800578456939e-16	OGFR	c24
0.0058067090389778	1.33898048838716	0.011	0.004	1	ID1	c24
0.0882290919538051	-1.33796961390399	0.008	0.016	1	ZNF283	c24
0.0838477204109871	-1.33761811492808	0.008	0.017	1	LRFN4	c24
0.0209512920738926	-1.33759222381277	0.019	0.036	1	PLXNA3	c24
5.22941736639243e-05	-1.33700243483626	0.033	0.075	1	DGCR2	c24
0.111332983607516	-1.33675659627701	0.006	0.014	1	RHOQ	c24
2.70490564866085e-06	-1.33669136420759	0.038	0.092	0.0907171256447875	TEDC1	c24
2.31970829160257e-05	1.33552362633651	0.044	0.02	0.77798376683767	MZB1	c24
0.000146221197220815	-1.33436538486747	0.033	0.072	1	RBL1	c24
5.85505150374843e-05	1.33286832686627	0.038	0.017	1	TRAV4	c24
0.000434848807786445	-1.33209650728819	0.027	0.06	1	AGA	c24
1.251796230412e-06	-1.33118668022367	0.033	0.088	0.0419827419755576	UBAC1	c24
0.0916226674195179	-1.33113456431832	0.003	0.01	1	CEP72	c24
0.0152842951532755	-1.33014312872605	0.014	0.031	1	TRIM65	c24
0.0482881839095251	-1.32981581480835	0.003	0.012	1	GTSE1	c24
0.0449860440284137	1.32891077726639	0.013	0.006	1	RASL11A	c24
0.00104634097487322	1.3286487930347	0.017	0.007	1	TCTE3	c24
6.17099416534449e-16	-1.32804404819211	0.112	0.253	2.06962802317323e-11	GLOD4	c24
2.50852466381461e-05	-1.32599212565731	0.039	0.086	0.841309001750143	CC2D1A	c24
2.57438210628922e-05	-1.32583120728788	0.046	0.094	0.86339627080728	SLC30A7	c24
1.42699075165433e-06	-1.32565343086088	0.044	0.103	0.0478584158289828	ZBTB44	c24
0.000153525484641657	-1.32333408597673	0.028	0.066	1	WDFY1	c24
0.00461220028458142	-1.32326911245277	0.016	0.037	1	NTPCR	c24
5.70627779585007e-09	-1.32307584339186	0.053	0.133	0.00019137714471722	LRWD1	c24
0.000381102458719067	-1.32305121047062	0.03	0.064	1	TMEM184B	c24
0.00105579968535206	-1.32268497962316	0.013	0.037	1	PLA2G15	c24
0.00258687338845906	-1.32244256335109	0.028	0.055	1	SRD5A1	c24
0.0131675247460268	-1.3222494004285	0.014	0.031	1	GTF2H2	c24
0.0877646721448759	-1.32214331308851	0.003	0.01	1	TEPP	c24
0.000168292196652059	-1.32213645295446	0.036	0.075	1	SPIN1	c24
1.6292143026901e-12	-1.32127058995859	0.102	0.218	5.46405892836206e-08	HAGH	c24
0.0490820405012225	-1.32034351261858	0.013	0.025	1	P2RX5	c24
1.05046988166397e-06	-1.32013350894579	0.031	0.086	0.0352306588912462	MED11	c24
0.00312626401608184	1.31737870714633	0.02	0.009	1	NTRK1	c24
1.36227880457171e-05	-1.31728821212881	0.03	0.076	0.456881065477262	CLPTM1L	c24
0.0377864940522961	1.31641052646063	0.019	0.01	1	C2CD4D	c24
0.000140928626815247	1.31566768796783	0.028	0.012	1	PLOD1	c24
3.99748418260502e-10	-1.31562109284894	0.09	0.186	1.34067624516207e-05	PDPK1	c24
4.86109560540945e-05	-1.31555532614937	0.038	0.082	1	C21orf2	c24
0.00167917523481322	1.31428366174426	0.016	0.006	1	JSRP1	c24
0.000957655505385802	-1.31303788976435	0.027	0.057	1	HSH2D	c24
0.00644930898933315	-1.31286015870574	0.013	0.031	1	KIAA0930	c24
2.05034000880249e-06	-1.31224502459323	0.046	0.103	0.068764303215218	NUP93	c24
1.96810745715134e-05	-1.31168201138012	0.027	0.07	0.660063878979416	NACC1	c24
0.0369360125677158	1.31162445862123	0.022	0.013	1	MYLPF	c24
1.43801704948904e-07	-1.31157623181972	0.046	0.112	0.00482282158057634	MAP3K11	c24
0.000297004829711437	-1.31123517005666	0.03	0.065	1	EXOC6	c24
2.05131251442826e-05	-1.31070322015078	0.044	0.093	0.68796919108895	SLC9A8	c24
0.00032511419165666	1.30992253703766	0.016	0.005	1	ANO8	c24
0.00042916786370143	-1.3079603343465	0.027	0.06	1	ZNF33B	c24
0.000639912618581267	-1.30788665508818	0.02	0.051	1	ARHGAP35	c24
0.0240961695910704	-1.30748059527265	0.014	0.029	1	TSNAX	c24
5.96903642235132e-20	-1.30739472488891	0.159	0.329	2.00189543532818e-15	SIRT2	c24
0.00567194307366934	-1.30667921866126	0.016	0.036	1	MIER2	c24
0.0523268959801723	-1.30651032767685	0.011	0.022	1	MIPEP	c24
1.6067751146845e-22	-1.30590141697595	0.167	0.348	5.38880237962888e-18	VDAC3	c24
0.026624045602631	1.3058930680275	0.013	0.006	1	LANCL3	c24
3.51798800515938e-14	-1.3056078320289	0.102	0.23	1.17986281717035e-09	APLP2	c24
4.11053795322826e-11	-1.30524166195892	0.094	0.202	1.37859221875369e-06	HGS	c24
0.00265196163798841	-1.30469903291975	0.019	0.043	1	MRI1	c24
0.0192585477500644	-1.30407958895522	0.006	0.019	1	TMEM231	c24
0.0214352313562667	-1.30405899739734	0.009	0.023	1	LARS2	c24
0.00778997478156003	-1.30360809125726	0.011	0.029	1	RTL10	c24
1.62869841173438e-06	-1.30284918542073	0.042	0.099	0.0546232873327476	TPRG1L	c24
0.00261574716086521	-1.30276000921777	0.011	0.032	1	SLC39A3	c24
0.0291226491475075	-1.30198528857881	0.008	0.02	1	ZBTB14	c24
3.69714313797375e-06	-1.30163097488757	0.044	0.099	0.123994786561364	CPOX	c24
7.42852247426639e-06	-1.3015662121444	0.035	0.084	0.249137786741946	COPS7A	c24
0.0223061723788623	1.30135980533055	0.013	0.006	1	QPRT	c24
0.000262947358912728	-1.30025391693892	0.036	0.074	1	APBA2	c24
6.04577984299865e-08	-1.29986280783182	0.042	0.111	0.00202763364374489	ICMT	c24
6.55797720998039e-08	-1.29894450121202	0.083	0.162	0.00219941439668322	ARHGEF7	c24
0.00533495990724632	1.29864337131146	0.014	0.006	1	PXDC1	c24
1.61640423672739e-06	-1.29745344989359	0.035	0.089	0.0542109652913632	CASP2	c24
0.00365317638529482	-1.2973932171204	0.024	0.048	1	SETD1A	c24
0.000427191403339272	-1.29604424692227	0.02	0.052	1	JMJD4	c24
5.06800197955641e-05	-1.2947795704616	0.03	0.072	1	CNOT6	c24
0.119657158894043	-1.29462654767757	0.005	0.011	1	XYLT2	c24
0.0676150253858686	-1.29449441287641	0.005	0.013	1	ZNF747	c24
0.000724150412642919	-1.29442513133113	0.019	0.047	1	EEF1E1	c24
1.88354702937388e-05	-1.29326695179408	0.049	0.1	0.631704002711412	KIAA0100	c24
0.00776780590332435	-1.29262682306794	0.011	0.029	1	AP002490.1	c24
3.91774417303463e-06	-1.29130498452415	0.041	0.095	0.131393304075235	THOC1	c24
0.00483785368111001	-1.29014024772326	0.017	0.039	1	FBXW4	c24
0.000761109013271377	-1.28929743677039	0.028	0.06	1	ZNF746	c24
0.00289895511000404	-1.28820203252179	0.016	0.039	1	ATAT1	c24
0.000497813278490448	-1.28771264717522	0.03	0.064	1	AHCYL1	c24
0.306470691359774	-1.28697475426621	0.006	0.01	1	TTLL3	c24
0.000273513641059473	1.2866297456623	0.031	0.014	1	DNAJB5	c24
0.079739759911453	-1.28631468506459	0.003	0.01	1	KCNMB4	c24
8.90444419219959e-05	1.28535834960975	0.027	0.011	1	AC027644.3	c24
0.0245300958881474	-1.2849696961941	0.008	0.021	1	NATD1	c24
0.0831152149550984	-1.28413901162463	0.005	0.012	1	ZNF582	c24
0.00287161619544267	-1.28376346320593	0.017	0.041	1	E2F3	c24
6.7681052124379e-06	-1.28364129988472	0.041	0.093	0.226988712614742	TPRA1	c24
0.0136450358151037	-1.28337695520802	0.005	0.018	1	STRADB	c24
7.3730964738169e-05	-1.28296701466528	0.028	0.068	1	RPS6KA4	c24
0.0193872080906205	-1.2826935725376	0.02	0.038	1	TSPOAP1	c24
0.00582811310221375	-1.28181305426371	0.013	0.032	1	POLA2	c24
0.0144446937230994	1.28144738638935	0.02	0.011	1	SEPSECS-AS1	c24
0.0155941703006587	1.28097750883692	0.019	0.01	1	HIST1H2BD	c24
0.00017019969063889	-1.28078985937788	0.03	0.067	1	LFNG	c24
0.00106455608602116	-1.28045475562273	0.017	0.044	1	EEF2KMT	c24
2.25780011269151e-05	-1.28044967904773	0.05	0.101	0.757221001794478	ACBD6	c24
0.000246068261031123	-1.27926064821006	0.03	0.066	1	TAF1	c24
6.26405752990999e-09	-1.27913069690246	0.068	0.151	0.000210083961438121	LRRC41	c24
0.0103880566661855	-1.27876291363815	0.016	0.034	1	GOLGA1	c24
1.52001290335036e-05	-1.27767094322543	0.039	0.088	0.509781927525645	TRIM35	c24
0.00615743909496809	-1.27749250919197	0.017	0.038	1	NDC1	c24
0.000277790855498789	-1.27744322807905	0.027	0.062	1	UBQLN4	c24
0.0168377543775675	1.27739401186348	0.011	0.005	1	KCNH4	c24
0.000201431200230506	-1.27727761971393	0.019	0.052	1	ASL	c24
0.00210389672431431	-1.27628692821213	0.02	0.046	1	GEMIN5	c24
5.28995404434416e-06	1.27563806547328	0.042	0.018	0.177414478739215	SLC31A1	c24
1.34953272189054e-11	-1.27456093417405	0.088	0.195	4.52606284267649e-07	RETREG2	c24
0.000653867370341705	-1.27411736034199	0.039	0.075	1	PTPN23	c24
0.00629881982612285	-1.27183888376803	0.017	0.038	1	LPAR5	c24
0.000179351013810089	-1.27120650810545	0.02	0.055	1	POLD3	c24
0.00555603469105691	-1.27069971766685	0.016	0.036	1	KIAA0753	c24
0.00385712252051078	1.27043707977535	0.014	0.006	1	AC144652.1	c24
0.00218089069253653	-1.2702376982357	0.028	0.056	1	ORAOV1	c24
0.00676551491705295	-1.27006480732769	0.011	0.029	1	SZT2	c24
9.01670362536826e-13	-1.2696933810268	0.131	0.253	3.02402206187601e-08	DAPK2	c24
0.00537982047721623	-1.26834583472433	0.019	0.041	1	CHKB	c24
0.00185599909135707	-1.26803384268003	0.019	0.044	1	ZNRF2	c24
0.00142826293174077	-1.26607871948152	0.019	0.045	1	RNF123	c24
0.0319863696192325	-1.26548601544066	0.013	0.026	1	AC006504.5	c24
0.052383318057959	-1.2642488398122	0.011	0.022	1	TMEM163	c24
3.79390309694901e-05	-1.2639496892062	0.036	0.081	1	ZMIZ1	c24
1.09228782366243e-11	-1.26319835750746	0.086	0.192	3.66331490299906e-07	ZDHHC12	c24
0.00169549890643572	-1.26271705612684	0.014	0.038	1	KDM4A	c24
1.89562924314978e-16	-1.26236906742504	0.164	0.316	6.35756135567574e-12	FAM118A	c24
5.35248136146093e-09	-1.26225004834123	0.068	0.151	0.000179511519900677	UBE2Q2	c24
0.155549737053262	-1.26201603946932	0.006	0.013	1	SH3BP5-AS1	c24
0.0126425022376701	-1.26201436033939	0.017	0.036	1	CLUH	c24
0.00035419428750517	-1.26116452022424	0.028	0.063	1	MON1A	c24
0.0125163475703384	-1.2602579777191	0.022	0.042	1	IFFO1	c24
0.0913024874385617	-1.25994584019983	0.006	0.014	1	ZNF777	c24
0.012787230855815	1.25920098428102	0.019	0.009	1	PON3	c24
0.009149769788294	-1.25767532894629	0.008	0.024	1	FBXW9	c24
0.00112720141826532	-1.25751669445084	0.024	0.052	1	DNAL1	c24
0.000389001508740253	-1.25721809352739	0.057	0.098	1	IPO9	c24
0.074783170089029	-1.25699661822826	0.003	0.01	1	AC005261.3	c24
0.0597185755490641	-1.25649407186026	0.003	0.011	1	ZNF530	c24
0.000262556849605895	-1.25589374578506	0.03	0.066	1	HDHD3	c24
0.00618817041773536	-1.25535189980924	0.017	0.038	1	UTP15	c24
0.00067531541608661	-1.25462942063322	0.017	0.046	1	MSTO1	c24
6.6947361459588e-13	-1.25431198362999	0.131	0.254	2.24528060863166e-08	TNFRSF25	c24
0.0298983807643384	-1.25399802222128	0.006	0.018	1	KIFC1	c24
0.0264511065112423	-1.25388920679488	0.014	0.029	1	GAB2	c24
1.97593432305242e-10	-1.25269230915083	0.11	0.213	6.62688853265321e-06	TBCD	c24
0.00447301747204538	1.25072741675834	0.019	0.008	1	ITGB8	c24
0.00311727406254979	-1.25009078785902	0.022	0.047	1	ZNF398	c24
3.03522723634447e-09	-1.24938282575148	0.074	0.16	0.000101795451052521	UBTF	c24
6.3779578540651e-05	-1.24863529525347	0.035	0.077	1	MYCBP	c24
0.0283259749167765	-1.24861242528815	0.008	0.02	1	CCDC51	c24
7.64632732777529e-15	-1.24840413476381	0.137	0.273	2.56442525918928e-10	ZNF655	c24
0.058661953869466	-1.24775678007484	0.003	0.011	1	AVEN	c24
3.47236310001519e-11	-1.24766107866018	0.086	0.19	1.16456113648309e-06	ATXN10	c24
0.0142186343743354	-1.24658144001809	0.019	0.037	1	FAM193B	c24
1.39541060399905e-15	-1.24624470039694	0.112	0.251	4.679928083692e-11	CYB5A	c24
0.0477222546659422	1.24573834772978	0.011	0.005	1	CDKL3	c24
4.1563474324021e-08	-1.2438102508153	0.063	0.138	0.00139395580187902	RETREG3	c24
5.64894806120915e-11	-1.24361597945498	0.083	0.185	1.89454420076833e-06	TEX264	c24
0.0448071374398664	-1.24351086854781	0.009	0.021	1	TRDV1	c24
0.047773710384782	-1.24334544609302	0.006	0.016	1	GNAO1	c24
6.70993929291234e-08	-1.24320222644094	0.055	0.127	0.00225037944005694	CREBL2	c24
4.4718886677245e-06	-1.24308729527489	0.038	0.091	0.149978202138144	SPATA33	c24
0.00304512509715131	1.24294171070699	0.011	0.004	1	AL136987.1	c24
0.00050358928349924	-1.24255754095628	0.019	0.049	1	ZNF200	c24
0.0955221885154744	-1.24235423233005	0.016	0.026	1	ZNF587	c24
3.04152935528968e-08	-1.24208956110794	0.066	0.143	0.00102006811517705	CDC34	c24
3.83132735576948e-08	-1.24203819880931	0.063	0.139	0.00128495056857797	FAM102B	c24
0.0438000373049443	-1.24197720367149	0.005	0.014	1	ZBTB3	c24
1.18268841343497e-14	-1.24163162847687	0.085	0.214	3.96650040097819e-10	MRPS26	c24
0.0252318487035149	-1.24161077666366	0.016	0.031	1	GALNS	c24
0.00446513209336499	-1.24057446769628	0.019	0.041	1	RIPK3	c24
0.021842610311141	-1.24038850847494	0.02	0.038	1	INTS3	c24
0.101251717037998	-1.23991485910278	0.008	0.016	1	TRAV12-2	c24
0.00338344422759417	-1.23932761926382	0.03	0.057	1	AGPAT4	c24
0.00028440996378105	-1.2388514746884	0.02	0.053	1	ZWILCH	c24
1.13601657605763e-10	-1.2387893357783	0.068	0.164	3.80997239278208e-06	RAB5B	c24
0.0337768474676793	1.23830626072423	0.017	0.009	1	MAK	c24
0.00170308152711608	-1.23821380136146	0.019	0.045	1	FAM131A	c24
0.0131968608407996	1.23817309110165	0.022	0.011	1	CLIC4	c24
3.74712994301328e-09	-1.2380540700519	0.047	0.127	0.000125671244028779	NAE1	c24
0.0083979545324696	-1.23804264178427	0.009	0.026	1	AP3S2	c24
0.0505059198943698	-1.23651084071383	0.006	0.016	1	BPHL	c24
0.00766435012286708	-1.23562601254737	0.014	0.033	1	ANKRD26	c24
0.0407298444264044	-1.23425188288254	0.011	0.023	1	RAI1	c24
2.14323533562149e-12	-1.23424077796668	0.107	0.223	7.18798266860737e-08	FBXW5	c24
0.126560497548237	-1.23420554469979	0.006	0.013	1	TRAV1-1	c24
1.1843476957408e-05	-1.23401240343939	0.055	0.109	0.397206530197551	CSNK1G1	c24
1.24536433618466e-08	-1.23361390575467	0.066	0.147	0.000417670291069612	EIF3B	c24
0.0208269678968039	-1.23329371514709	0.009	0.023	1	GPSM2	c24
0.083655199723056	-1.23261124554321	0.003	0.01	1	ZNF417	c24
7.5157171681827e-05	1.23232041957708	0.03	0.012	1	FBXL14	c24
0.00059818926071799	-1.23033778948524	0.02	0.05	1	C1orf216	c24
0.433742297551299	-1.22932160875105	0.008	0.011	1	NAIP	c24
0.0001607877074687	1.22830207636074	0.035	0.016	1	ZNF692	c24
0.00230164272504116	1.22738902995688	0.016	0.006	1	CPNE8	c24
0.025494562896762	-1.22702448517573	0.013	0.027	1	WDR91	c24
8.10200584170266e-06	-1.22668648515748	0.05	0.105	0.271725071919024	DCAF15	c24
0.126093296181963	-1.22619860018539	0.006	0.013	1	DVL1	c24
0.0139886607774141	-1.22616972551124	0.017	0.035	1	CAPN15	c24
0.0050845797750656	-1.22591455512585	0.02	0.043	1	SLC35A5	c24
1.13432449807973e-09	-1.22512138082158	0.083	0.174	3.80429750165979e-05	TRIM27	c24
0.0117708583418904	-1.22480762760117	0.019	0.038	1	MOK	c24
0.147776058141069	-1.22473800916079	0.009	0.017	1	ABTB2	c24
2.97076018196451e-16	-1.22431721316797	0.179	0.331	9.96333549827257e-12	ANKRD11	c24
0.103573975192491	1.22339805409664	0.017	0.011	1	AP000787.1	c24
0.0260788165392504	-1.22320724866371	0.013	0.027	1	SLC35E2A	c24
5.08349556320304e-08	-1.22247067034091	0.061	0.137	0.00170490274198704	ARRDC2	c24
0.00286727276080673	1.2222861051702	0.017	0.007	1	AGBL3	c24
0.0148476487534379	-1.22219299163773	0.014	0.031	1	UNC119B	c24
0.0329093755519555	-1.22213863153688	0.016	0.03	1	LZTS2	c24
0.0416949478488271	1.22208104920612	0.011	0.005	1	MEX3B	c24
3.77394798483052e-08	-1.22197218670294	0.072	0.15	0.00126570667515246	PTTG1IP	c24
0.0861154017731228	-1.22155476664182	0.008	0.017	1	ZNF783	c24
4.6033862150859e-21	-1.22136300343959	0.222	0.404	1.54388366881551e-16	FMNL1	c24
1.88615354245768e-05	-1.22121300724877	0.044	0.093	0.632578175069457	PASK	c24
0.188174003844539	-1.21983896004907	0.005	0.01	1	ACACB	c24
0.00145696743895197	-1.21926189327081	0.017	0.043	1	DUS1L	c24
6.5339247709719e-19	-1.21883440005511	0.168	0.337	2.19134768968856e-14	RFTN1	c24
0.00255140587338259	-1.21817901162463	0.033	0.061	1	SGPL1	c24
0.0101898157026933	-1.21793639844947	0.009	0.026	1	DOLK	c24
0.000358697083979558	-1.21779370069056	0.03	0.065	1	PYGB	c24
0.0196434869099524	-1.21771295573399	0.009	0.024	1	SLC25A42	c24
0.0340440139188011	-1.21760983287192	0.005	0.015	1	RWDD2B	c24
0.000366988644084726	-1.21662991946722	0.041	0.079	1	SIPA1	c24
1.14449524437705e-28	-1.21661832747572	0.233	0.456	3.83840815059175e-24	LDLRAD4	c24
1.28597898044509e-06	-1.21558270777728	0.038	0.094	0.0431291630461674	ACSF3	c24
0.140708104020904	-1.21542401352738	0.006	0.013	1	USP31	c24
0.00395916219605344	-1.21539411428284	0.016	0.038	1	LIN7B	c24
1.3363101615959e-06	-1.21516293930138	0.052	0.113	0.0448171701996035	FAM76A	c24
0.000178120149955639	-1.2150874570054	0.033	0.071	1	MRGBP	c24
0.0659837422796444	-1.2136200234911	0.009	0.02	1	TECPR2	c24
0.000470478537798976	-1.21269372254859	0.044	0.082	1	RAB11FIP4	c24
4.03778868410745e-06	-1.21219870829648	0.05	0.107	0.135419356887596	STX2	c24
6.73886440869374e-07	-1.21217343736173	0.039	0.099	0.0226008034538771	MCM3	c24
0.0119148751758828	-1.21195966109809	0.022	0.042	1	MIGA2	c24
0.1010075707674	1.21147967607777	0.014	0.008	1	IL15	c24
0.0294451395536186	-1.21063518822405	0.011	0.024	1	SMUG1	c24
0.0539334068601222	-1.21020186867376	0.008	0.018	1	TRBV2	c24
2.1765666223131e-10	-1.20975188456656	0.069	0.164	7.29976913791366e-06	THOC3	c24
0.00153578336522712	-1.20939536317772	0.024	0.051	1	DNAJC11	c24
0.0815913438238274	-1.20908468624732	0.006	0.015	1	AP001610.1	c24
0.00162288225228607	-1.20883891321548	0.024	0.051	1	RITA1	c24
1.63998958576573e-11	-1.20844721366938	0.113	0.224	5.5001970727411e-07	BCL11B	c24
3.09857319516067e-08	-1.20836182319552	0.047	0.12	0.00103919947819299	MXRA7	c24
2.4007663014701e-05	-1.20812254797473	0.041	0.089	0.805169002187042	APOPT1	c24
0.0866036402320445	-1.20808055777087	0.006	0.014	1	FKRP	c24
0.000241849568127867	-1.20742107542884	0.025	0.06	1	ACP2	c24
0.00226778326037882	-1.20687707152031	0.028	0.056	1	MYBBP1A	c24
0.0132882914708593	-1.206700415666	0.016	0.034	1	PKD1	c24
0.0271419591550835	1.206555266245	0.011	0.005	1	AC007032.1	c24
0.060653029177651	-1.20568652859642	0.006	0.016	1	SEMA4B	c24
2.44625388387638e-09	-1.20540612880612	0.083	0.173	8.2042462757446e-05	PREB	c24
0.000782938479015675	-1.20399614271431	0.028	0.06	1	TAMM41	c24
0.000420455553295418	-1.203852286006	0.011	0.038	1	COQ2	c24
4.31222791423393e-15	-1.2026441599344	0.129	0.263	1.44623499787578e-10	MT1E	c24
3.89498130413833e-05	1.20119600233202	0.09	0.054	1	TRIB2	c24
0.0517463887368706	-1.20113285494158	0.011	0.022	1	DHX58	c24
3.50432090192077e-08	-1.20102557015762	0.069	0.147	0.00117527914408619	NAGK	c24
0.00455348684050592	-1.20100820678034	0.024	0.048	1	ZNF37A	c24
0.000593154171455071	-1.20098896119823	0.044	0.081	1	SELENOO	c24
6.68394340957849e-06	1.19898277002366	0.038	0.015	0.224166094070443	AC022916.1	c24
3.73398003843154e-08	-1.19868676030186	0.08	0.16	0.00125230222528917	RNF125	c24
2.1840000131895e-49	-1.19834817601869	0.421	0.668	7.32469924423495e-45	LIMD2	c24
1.07608908220301e-07	-1.19808613262339	0.063	0.136	0.00360898756389245	TAF6	c24
0.000566583506359205	-1.19790910729107	0.035	0.069	1	FBH1	c24
2.27470739561925e-06	-1.1968423096832	0.028	0.08	0.0762891366342784	CCDC92	c24
2.66543803163603e-06	-1.19620669730896	0.049	0.106	0.0893934607050091	ARMC1	c24
2.66245770768151e-83	-1.19578295468146	0.92	0.987	8.92935066002226e-79	MT-ND3	c24
0.0240374767862661	-1.19531436979191	0.011	0.025	1	NCS1	c24
1.49902633914342e-07	-1.1945810038266	0.068	0.14	0.00502743453621921	OSGEP	c24
4.66725596618943e-05	-1.19429829350859	0.033	0.076	1	RAVER1	c24
0.0924820572388589	-1.19205200604582	0.008	0.016	1	HIST1H1B	c24
0.00379767673353606	1.19176651994524	0.011	0.004	1	BTBD19	c24
0.00293074344899951	-1.19091506260365	0.024	0.049	1	HINT3	c24
0.000285571188992347	-1.19037797788671	0.019	0.051	1	MTMR10	c24
4.41113904165426e-09	-1.19033883247016	0.074	0.161	0.000147940781179001	TDP2	c24
1.0347288883451e-06	-1.19012332019604	0.053	0.116	0.034702737457318	GCDH	c24
7.73148195121442e-09	-1.19010805939698	0.097	0.185	0.000259298441679829	DCAF11	c24
3.0568847193118e-09	-1.18982604416352	0.088	0.179	0.000102521799716279	MVD	c24
0.000619656916137049	-1.18963267978409	0.042	0.079	1	ANKRD52	c24
0.00663963646478312	1.18899495657958	0.035	0.02	1	CAMK1	c24
0.037247814795974	-1.18860244807652	0.016	0.03	1	LSS	c24
4.76384904002949e-06	-1.1881982303028	0.057	0.115	0.159769969104509	XPO6	c24
0.000333790164114749	-1.18780220704434	0.035	0.071	1	CC2D1B	c24
0.00858998032840604	-1.18766228119523	0.022	0.043	1	TPCN2	c24
0.000114679997796657	1.18749510608913	0.025	0.01	1	ACTR3C	c24
5.52745774574098e-13	-1.1874368414384	0.145	0.27	1.85379877876661e-08	ARHGAP45	c24
0.000270398701547129	-1.18711618305729	0.042	0.082	1	TET2	c24
0.000941509943095144	-1.18705290947494	0.025	0.055	1	IPPK	c24
0.00176925136444469	-1.18699762536326	0.028	0.057	1	MEN1	c24
0.133193051481194	-1.1869208581444	0.005	0.011	1	AL162377.1	c24
0.00167825995170767	-1.18663131496278	0.017	0.043	1	BPNT1	c24
0.000899623935145801	-1.18636623432025	0.028	0.06	1	TMEM175	c24
0.148221203924195	-1.18629016487537	0.006	0.013	1	CD3EAP	c24
4.93166148514783e-14	-1.18556060522613	0.153	0.287	1.65398062888888e-09	ANAPC5	c24
0.00684312839333147	-1.18511236582597	0.019	0.04	1	TADA2A	c24
0.129136062124991	-1.18492893258274	0.005	0.011	1	GRAP	c24
0.0533939258261111	1.18455341767543	0.014	0.008	1	TXK	c24
4.01866638145539e-06	1.1841156618769	0.035	0.013	0.134778033101251	Z93930.2	c24
1.61931414648108e-05	-1.18289607498972	0.042	0.092	0.543085578446826	THOC5	c24
0.00342626142037848	-1.18229969047668	0.013	0.034	1	APPL2	c24
0.000141872294047098	-1.182247792691	0.038	0.078	1	L3MBTL2	c24
0.0473682881618325	-1.18214504327645	0.005	0.014	1	ZNF236-DT	c24
1.25585709533003e-05	-1.18200641122392	0.031	0.079	0.421189352631785	FN3KRP	c24
0.000810783282998391	-1.18191435972493	0.017	0.045	1	C3orf14	c24
0.00715106100419653	-1.18162334555916	0.019	0.04	1	B4GALT7	c24
0.00484107975420983	1.18057953677089	0.028	0.015	1	RIPK2	c24
0.00948348128048084	-1.18014696134938	0.024	0.045	1	ACAD9	c24
0.0963302027588159	1.17979275906903	0.019	0.012	1	XXYLT1-AS2	c24
0.0834036382394486	-1.17947172736975	0.008	0.017	1	CCDC138	c24
0.054858784351904	-1.17931104991145	0.011	0.022	1	FLYWCH1	c24
0.0297694850758504	-1.17919510927871	0.014	0.029	1	AACS	c24
0.000323759430379525	-1.1784708857688	0.041	0.079	1	SRCAP	c24
8.49950791034724e-06	-1.17756048689064	0.052	0.107	0.285056496297226	MTR	c24
0.00745508847685187	-1.17685036424089	0.009	0.027	1	PXN	c24
0.0187541900749872	-1.17383230916035	0.017	0.034	1	AC005261.1	c24
0.0961238769529217	-1.17368632546525	0.006	0.014	1	ZNF2	c24
7.64724317388887e-05	-1.17331891795018	0.044	0.089	1	BAP1	c24
0.0149661032597349	-1.17297645927734	0.016	0.033	1	TUBGCP5	c24
0.00565154102582166	-1.17290822175023	0.038	0.065	1	ATAD3B	c24
1.81525717539554e-17	-1.17284288269876	0.159	0.314	6.08800951484156e-13	SNX1	c24
0.00984310912566116	1.17221084326005	0.017	0.008	1	TUFT1	c24
6.732354149859e-10	-1.17219353531444	0.074	0.167	2.25789693477971e-05	OTULINL	c24
1.90384730070974e-07	-1.17211043639047	0.091	0.169	0.00638512307712034	MYO9B	c24
1.2950263828249e-05	1.1718145324364	0.057	0.028	0.434325948271815	TPD52	c24
1.48499830084483e-09	-1.17163746643389	0.077	0.167	4.98038730137338e-05	SAMM50	c24
0.00219496792986782	-1.17153192980302	0.019	0.044	1	TTLL12	c24
2.35390138374396e-05	1.17150423611506	0.049	0.023	0.789451446080051	AL137003.1	c24
5.06038638926903e-08	-1.17065505208513	0.069	0.146	0.00169715238723305	MFNG	c24
0.000927869254642182	-1.17038504063125	0.019	0.047	1	XXYLT1	c24
0.0507219974080618	-1.17016580030334	0.009	0.02	1	TIRAP	c24
0.00177174517150167	-1.16945261295886	0.025	0.053	1	RETSAT	c24
1.979808034796e-07	-1.16932241044277	0.053	0.121	0.00663988018709881	CYB561D2	c24
0.112189489731315	-1.16929069307977	0.008	0.016	1	CHTF18	c24
0.000579065700713087	-1.16914315131163	0.035	0.07	1	PI4KA	c24
1.4850114886093e-10	-1.16901591297907	0.093	0.194	4.98043153049788e-06	TTC3	c24
0.00374914118982386	-1.1687979260099	0.028	0.054	1	POLR1A	c24
2.91520327787584e-05	1.16849849376569	0.019	0.006	0.977700875334	IL21	c24
0.160558039391522	-1.16841312261878	0.009	0.017	1	DMPK	c24
0.00440411381779847	1.16818595146633	0.038	0.021	1	DCLRE1B	c24
0.000201331603602644	-1.16794531722202	0.031	0.069	1	ATRIP	c24
0.0153961074237507	-1.16639947017948	0.02	0.039	1	FAM210B	c24
4.50082943123671e-07	-1.16539249154276	0.079	0.149	0.0150948817464817	ABTB1	c24
0.0012256385828931	-1.16509849659257	0.031	0.063	1	CLEC16A	c24
0.00714217931720172	-1.1647930395107	0.025	0.048	1	ZBTB40	c24
7.99862194652794e-13	-1.16286936745007	0.134	0.261	2.68257782842654e-08	UBR4	c24
0.00112009210667325	-1.16259658414195	0.024	0.053	1	ELP3	c24
0.00321011290247768	-1.16166060989206	0.033	0.061	1	NRF1	c24
1.84671219126338e-11	-1.16161840528424	0.123	0.238	6.19350334705911e-07	ZC3H18	c24
5.01447465438833e-07	-1.16157275682304	0.06	0.127	0.0168175450958876	RFFL	c24
6.60425402048577e-11	-1.16147951085607	0.08	0.182	2.21493471339052e-06	KEAP1	c24
0.00294074559188425	-1.16100682978414	0.024	0.049	1	ELMOD3	c24
0.121805345434853	1.16089759186318	0.014	0.009	1	TRAF3IP2	c24
5.10958828103506e-08	-1.16078097285485	0.068	0.145	0.00171365371769354	CAPN1	c24
7.47472290162783e-05	-1.16048116312307	0.036	0.079	1	PITPNA	c24
0.0365565460985801	1.16046146687202	0.02	0.012	1	URB1-AS1	c24
1.52414993189387e-10	-1.1602686774123	0.091	0.194	5.11169404158565e-06	ZNF148	c24
0.0366691273313308	-1.1601062825264	0.006	0.017	1	GFPT2	c24
5.36351743571297e-06	-1.16008191326465	0.05	0.106	0.179881647758942	UNC50	c24
0.0090811569780744	-1.159832497968	0.025	0.047	1	SIMC1	c24
0.000198998813982995	-1.15942502578221	0.044	0.086	1	PEX26	c24
2.80251785569438e-05	-1.15934276060669	0.052	0.102	0.939908438442783	CDC16	c24
0.00457717015103432	-1.15926670200608	0.03	0.056	1	GIT1	c24
0.0554157606571825	-1.15923313248162	0.013	0.024	1	DDX51	c24
0.0031167961925882	-1.15894182791239	0.014	0.036	1	MGAT5	c24
0.00245719522448752	-1.15840768604313	0.025	0.052	1	FAM220A	c24
3.16002141687127e-07	-1.15816134162234	0.05	0.116	0.0105980798279029	RNPEPL1	c24
1.67626932374585e-18	-1.15782821554632	0.165	0.33	5.62187205797882e-14	WIPI2	c24
0.00120889799528885	-1.1573607651777	0.033	0.065	1	REXO1	c24
4.0040636170203e-07	-1.15663683239183	0.08	0.152	0.0134288285587627	PIK3R5	c24
1.85257095917893e-11	-1.15623967833704	0.132	0.245	6.21315248289429e-07	MX1	c24
0.0974999805501403	-1.15529317616002	0.006	0.014	1	PPIP5K1	c24
0.442333862692193	1.15463832226704	0.027	0.022	1	CLU	c24
0.0199926227826659	-1.15455764700606	0.03	0.05	1	UAP1L1	c24
2.29043166378025e-31	-1.15441561325756	0.294	0.519	7.68164971398621e-27	PAK2	c24
0.000111979947585312	-1.15435232047672	0.033	0.073	1	MNT	c24
1.70509668422154e-05	-1.15330114726253	0.033	0.08	0.571855325954219	ALKBH4	c24
0.000810706635060915	-1.15296702320692	0.046	0.082	1	KLHDC4	c24
0.0644366000998698	1.15258497138252	0.017	0.01	1	TRBV15	c24
2.27150778240823e-06	-1.15124792684415	0.047	0.106	0.0761818280064072	DDX41	c24
0.0095744182616346	-1.15106398088	0.013	0.03	1	MAPK9	c24
0.221196158462299	-1.15105687190551	0.008	0.013	1	AGAP6	c24
8.78961727195922e-13	-1.15093272312792	0.101	0.22	2.94786184066968e-08	MCM6	c24
2.75455501807693e-10	-1.14983224227983	0.123	0.225	9.2382266196264e-06	OGDH	c24
0.248897597487637	-1.14951319355381	0.006	0.011	1	VPS9D1	c24
0.0269150378671964	-1.14937221831975	0.009	0.023	1	ZNF500	c24
0.0199876283693783	-1.14915655998864	0.014	0.03	1	PPP1R3D	c24
0.00692182697613875	-1.14866044622668	0.038	0.063	1	CEP63	c24
2.41357319548692e-05	-1.14859594701193	0.047	0.097	0.809464178302403	ANKZF1	c24
3.16966590617491e-06	-1.14735582326123	0.061	0.122	0.106304255161294	ORAI2	c24
0.038070455013848	1.14688317161535	0.016	0.008	1	AZIN1-AS1	c24
1.7442649088062e-18	-1.14667347118886	0.286	0.446	5.84991565115423e-14	FLNA	c24
0.0022649529134277	-1.14660023733623	0.022	0.048	1	NPM3	c24
0.0462369278862425	-1.1456590707969	0.02	0.035	1	SRGAP2	c24
1.6748882935103e-05	-1.14492161131387	0.083	0.142	0.561724035877484	MLLT3	c24
1.57075206415222e-06	-1.14399893943116	0.052	0.113	0.0526798827275373	DPH7	c24
6.6611733498144e-06	-1.14371122149724	0.064	0.123	0.223402431806075	TCOF1	c24
0.000160379127963166	-1.14370813802302	0.038	0.078	1	DTWD1	c24
0.0116184054613278	-1.14300062827688	0.013	0.03	1	SSBP2	c24
0.266476780339572	1.14273807206144	0.014	0.01	1	HSBP1L1	c24
4.31621105874669e-19	-1.14158677660941	0.302	0.458	1.44757086488247e-14	CXCR6	c24
0.0020482004221277	1.14150835563461	0.035	0.018	1	ALCAM	c24
1.74572658473454e-06	-1.14073165338005	0.066	0.131	0.0585481781988271	MGRN1	c24
0.000142804684738099	-1.13989952797876	0.038	0.079	1	PLEKHG2	c24
7.41010582774379e-11	-1.139629620191	0.132	0.238	2.48520129250871e-06	KIF3A	c24
0.000106620248027684	-1.13859294295383	0.044	0.087	1	OSBP	c24
0.0179303013004064	-1.13842606913535	0.014	0.03	1	TMCO6	c24
0.0189533556859566	-1.13798308145405	0.02	0.038	1	ADAT1	c24
0.00404564683257811	-1.13792983664562	0.053	0.084	1	ATP9B	c24
2.35330318585294e-07	-1.1365634182338	0.063	0.131	0.00789250822471358	GLCCI1	c24
0.146250549510588	-1.13628367989249	0.005	0.011	1	LYRM9	c24
0.13502550041197	1.13589323191363	0.017	0.011	1	NRIP3	c24
0.108510563578398	-1.13504929953079	0.017	0.028	1	DDX47	c24
0.00129838111656759	-1.1342865927411	0.038	0.071	1	ARAP1	c24
0.00522235867055414	1.1336882998291	0.016	0.007	1	ATP6V1E2	c24
1.85992900305874e-06	-1.1334819506369	0.057	0.118	0.062378298904584	BCOR	c24
8.20294033254557e-06	1.13286463044358	0.075	0.041	0.275110212872913	MINPP1	c24
0.0219577178920049	-1.13258419958993	0.013	0.027	1	GYS1	c24
1.67804108283743e-05	-1.13153437530135	0.033	0.08	0.562781418362016	SPTSSA	c24
4.72640752780474e-22	-1.13138754976576	0.253	0.434	1.58514255667515e-17	USP11	c24
4.04666998987556e-08	-1.13094482622279	0.064	0.142	0.00135717218120446	RASSF7	c24
0.000316285868815528	-1.13081289444265	0.017	0.048	1	C8orf82	c24
0.0399534601547921	-1.12921915213133	0.008	0.019	1	CXorf57	c24
3.30094784056737e-05	1.12912677605303	0.044	0.02	1	PER3	c24
0.0370501934580629	1.12892991069214	0.011	0.005	1	LINC00513	c24
1.206796539596e-05	-1.12868576447562	0.049	0.102	0.404735423449706	GANAB	c24
4.49716111603441e-05	1.12862194938573	0.033	0.014	1	ENGASE	c24
0.00025008617436759	-1.12860251156234	0.03	0.066	1	HNRNPUL2	c24
0.290474503768416	-1.1285846596335	0.009	0.014	1	APOL1	c24
4.06826677634592e-10	-1.12818889148355	0.101	0.2	1.3644153114509e-05	HDAC1	c24
0.0647804055198537	-1.12818766537063	0.011	0.022	1	GTF2H2C	c24
0.0554421909122311	-1.12816139845535	0.013	0.024	1	AC060780.1	c24
2.60676402595681e-07	-1.12814564860908	0.064	0.134	0.00874256519025395	MTERF4	c24
0.000107114686051173	-1.12602569816777	0.063	0.111	1	ZZEF1	c24
0.00233951491540485	1.12568870152753	0.011	0.004	1	DUSP6	c24
0.0251201438573604	-1.12531371005742	0.016	0.031	1	ZNF232	c24
0.0974533623824025	-1.12472870643678	0.008	0.016	1	POU3F1	c24
0.0175511939200341	-1.12435669071787	0.006	0.019	1	TIMELESS	c24
0.00568880754464999	-1.12316384889447	0.02	0.043	1	PLEKHG1	c24
4.29018135999682e-05	-1.12314282445538	0.036	0.081	1	HSDL1	c24
2.67904028955094e-06	-1.12285539804175	0.074	0.139	0.0898496532309594	EP400	c24
0.0125601165146202	-1.12280421409067	0.022	0.042	1	ADCK2	c24
0.00406744384949442	-1.12211284278374	0.013	0.033	1	DPYSL2	c24
3.20020494316717e-06	-1.12183720442895	0.049	0.107	0.107328473383941	ASAP1	c24
0.00477254663060628	-1.12179336754605	0.02	0.043	1	GSR	c24
0.0120354450219492	-1.1215351524584	0.02	0.04	1	SPAG16	c24
0.0405623684688226	1.12130227190927	0.014	0.007	1	FAM72A	c24
0.00654005980943101	-1.12091861452649	0.016	0.036	1	NUDT19	c24
2.25770926048337e-05	-1.12087398387085	0.047	0.098	0.757190531780913	EML3	c24
0.0231153440202498	-1.1202515718915	0.011	0.025	1	ITPKC	c24
1.31343923917055e-12	-1.12014778599745	0.132	0.254	4.40501252033019e-08	CPNE1	c24
0.00995923216060688	-1.11926944085952	0.016	0.034	1	NBPF1	c24
8.02655876408682e-05	-1.11906976999267	0.035	0.077	1	NAT10	c24
0.0421419844233301	1.11865875930089	0.03	0.019	1	AC018816.1	c24
0.057019034344895	-1.11795751955887	0.006	0.016	1	AC012645.3	c24
4.86492405893128e-06	-1.11772517975183	0.058	0.117	0.163159823088437	PARP12	c24
1.17337454728665e-29	-1.11770502416586	0.244	0.465	3.93526355668997e-25	IL7R	c24
0.00243815511200546	-1.11756911457556	0.027	0.054	1	LIG1	c24
0.000348194205005317	-1.11639592230105	0.03	0.065	1	RNF141	c24
0.0207840654374024	1.11606962261203	0.019	0.01	1	CDCA7L	c24
6.96134191606712e-09	-1.11577050439367	0.075	0.161	0.000233469485181059	BRD3	c24
0.000201766195028201	1.11463612557694	0.047	0.024	1	TRAV38-1	c24
0.187776227365888	-1.11458357849703	0.006	0.012	1	APOBR	c24
1.07414526394868e-08	-1.1144476071894	0.09	0.178	0.00036024683862311	ARID1A	c24
0.000101194025936506	-1.11429770275656	0.042	0.086	1	CHPF2	c24
4.21224746267978e-05	-1.11403974068408	0.047	0.095	1	SUGP1	c24
0.00735109250287045	-1.11401496232366	0.022	0.044	1	HEG1	c24
0.00153738911315718	-1.11380947689188	0.016	0.041	1	FECH	c24
2.9660031797228e-07	-1.11368568805419	0.077	0.15	0.00994738146415432	JADE2	c24
1.56934162195913e-08	-1.11329520244342	0.041	0.113	0.000526325793172654	CEP104	c24
6.03351963228236e-05	-1.11305287343471	0.031	0.073	1	BNIP3	c24
0.00970959295041962	-1.11247651874162	0.009	0.026	1	FANCI	c24
4.13671268659834e-05	-1.11238293776736	0.047	0.095	1	DDHD2	c24
0.0812979084842371	-1.11217656945137	0.013	0.023	1	UTS2	c24
0.0528542203912761	-1.11141031331214	0.013	0.024	1	TRAV13-1	c24
0.000434348415260164	-1.11123228374691	0.057	0.098	1	ABCD4	c24
0.00432302062509065	-1.11099570375673	0.011	0.031	1	ZNF550	c24
0.499505380310326	-1.11090948886547	0.013	0.016	1	EPHA1-AS1	c24
3.09511613845236e-05	-1.11051878528692	0.052	0.102	1	EGLN2	c24
1.86728457147618e-41	-1.11050783970452	0.566	0.743	6.26249899581681e-37	LMNA	c24
0.000796977622665876	-1.11044974378257	0.024	0.054	1	RTL6	c24
0.0966971150349109	1.10983390578297	0.011	0.006	1	GCC2-AS1	c24
0.00111667759977428	-1.10975901602397	0.038	0.071	1	MTOR	c24
0.00415568014888372	-1.10936694420599	0.025	0.05	1	VPS35L	c24
4.52605133118323e-05	-1.10865480145692	0.041	0.086	1	BOP1	c24
1.54827017916407e-06	-1.10849391985975	0.058	0.121	0.0519258852688045	EIF2B1	c24
0.0125884966972186	-1.1080361472176	0.017	0.036	1	KIAA0586	c24
0.00216026649407732	-1.10741125056143	0.036	0.067	1	CDK10	c24
0.134154167064273	1.10708680295298	0.011	0.006	1	AC009779.2	c24
0.0318632002287217	-1.10665079140448	0.031	0.05	1	CLCN7	c24
0.0380793674652185	1.10661450159738	0.038	0.025	1	RPL39L	c24
0.0652324023836591	-1.10639271809562	0.028	0.043	1	SLC16A1-AS1	c24
8.03054280876782e-07	-1.10567112724665	0.053	0.118	0.0269328344720455	WRB	c24
8.34651020837727e-07	-1.10494847056274	0.072	0.141	0.0279925259368557	MAP2K7	c24
5.37530994702318e-05	-1.10429963561453	0.049	0.097	1	WDR60	c24
0.590173117046043	-1.10384167640484	0.008	0.01	1	AC092683.1	c24
3.37957222268443e-13	-1.10350709831618	0.134	0.263	1.1334409320439e-08	SETD2	c24
0.000254732134573852	-1.10149766884344	0.035	0.073	1	ZNF142	c24
0.0601103453505328	-1.1012656512925	0.009	0.02	1	CENPJ	c24
2.09832753526154e-09	-1.1012009591275	0.085	0.176	7.03737088776015e-05	ZGPAT	c24
5.60846617845168e-05	-1.10112126789568	0.05	0.099	1	STX7	c24
3.17579945249125e-06	-1.10059545793769	0.064	0.126	0.106509962037652	SCAMP1	c24
4.8373552093906e-60	-1.10037054339449	0.855	0.942	1.62235219012542e-55	MT-ND5	c24
0.00256880332830928	-1.09877792732805	0.028	0.056	1	GATC	c24
0.0772439864908799	-1.09826994863165	0.013	0.023	1	ZNF354B	c24
0.0382795465361049	1.09806999985652	0.014	0.007	1	AL139099.1	c24
0.185006334781958	-1.09776340880745	0.006	0.012	1	NSG1	c24
4.10536638551848e-07	-1.09774008156704	0.064	0.133	0.0137685777837519	DAPK3	c24
0.000241111144488755	-1.09762173889775	0.041	0.081	1	LPGAT1	c24
0.000601917398582658	-1.09747318625879	0.033	0.067	1	CCDC126	c24
0.0576027833768681	-1.09744118874827	0.013	0.024	1	ARL10	c24
3.99015426394298e-05	1.0973731799839	0.047	0.023	1	SPINDOC	c24
0.00106980047608739	-1.09690167573849	0.031	0.063	1	KIF23	c24
0.000900713621270039	-1.09643368816391	0.028	0.06	1	IFT43	c24
0.0140645771018173	-1.0962322683131	0.016	0.033	1	LIG3	c24
0.0355797767457093	1.09576017490334	0.016	0.008	1	CTSO	c24
5.13868326545042e-14	-1.09548104664433	0.108	0.24	1.72341159356676e-09	DPY30	c24
0.000468757929029127	-1.09548083755287	0.031	0.066	1	COG2	c24
0.00525898053965549	-1.09514179333998	0.042	0.071	1	SUGP2	c24
0.0845360560082081	-1.09495905981013	0.005	0.012	1	FOXM1	c24
4.48486270034643e-13	-1.09479188903427	0.143	0.268	1.50413325244219e-08	SLC10A3	c24
3.62194178742662e-10	-1.09479102446468	0.108	0.21	1.21472683666714e-05	GPR25	c24
0.00107882728366241	-1.09378046139649	0.031	0.063	1	TRIM52	c24
0.0768536216271805	-1.09333971137295	0.016	0.027	1	NPHP3	c24
1.45486912609563e-05	-1.09206040339572	0.082	0.139	0.487934007509953	TRAV21	c24
0.0824383091347929	-1.09133139692432	0.005	0.012	1	DYNC2LI1	c24
0.0134023055738253	-1.09130296044688	0.011	0.027	1	CLN6	c24
2.024614369586e-48	-1.09083639945394	0.514	0.739	6.79015167271752e-44	MYH9	c24
1.19676532603429e-09	-1.0907258159253	0.127	0.226	4.01371155045379e-05	GALNT11	c24
0.00672260268475581	1.09012550978292	0.02	0.01	1	LINC02099	c24
1.61377741872905e-05	-1.0898204923165	0.071	0.128	0.541228670693348	SAMHD1	c24
0.00309679588951367	-1.08972910081838	0.049	0.08	1	SAMD4B	c24
0.00146979150283859	1.08934693810581	0.02	0.009	1	CEP70	c24
0.0767915435495873	1.08849616415278	0.014	0.008	1	RAB43	c24
0.00207574118668909	-1.08813314614492	0.033	0.062	1	BRD3OS	c24
0.020637276968964	-1.08715686783947	0.014	0.03	1	BCS1L	c24
9.22137563717145e-06	1.08707851607541	0.044	0.019	0.309266496119456	STIMATE	c24
1.98698870619093e-05	1.08684443855877	0.044	0.02	0.666396272282314	MAP4K3	c24
4.00208329664798e-21	-1.0862714194055	0.215	0.398	1.3422186960298e-16	FAM102A	c24
0.00570496986934747	-1.0855642946218	0.02	0.043	1	MRS2	c24
4.70146770525927e-05	-1.08514085403071	0.03	0.071	1	ORC4	c24
4.75837952136653e-05	-1.08471734362652	0.046	0.093	1	COPS7B	c24
0.000863179777140663	-1.08433005878812	0.038	0.072	1	DUSP22	c24
1.87278177779526e-15	-1.08412024767253	0.159	0.304	6.28093552636975e-11	AP1M1	c24
8.61707578620097e-05	-1.08402261364128	0.044	0.089	1	PDPR	c24
0.0518256486544817	-1.08397485323987	0.019	0.033	1	FLVCR2	c24
3.92711669149538e-28	-1.08383214268465	0.511	0.68	1.31707639599372e-23	AHNAK	c24
4.04469119423984e-09	-1.08376557334186	0.102	0.195	0.000135650853272416	NARS	c24
1.67469379572837e-06	1.08354204039519	0.068	0.033	0.0561658805211382	RSPH3	c24
1.02033472731497e-06	-1.08352513535905	0.08	0.149	0.0342199860846895	UBE2G2	c24
7.82752597337567e-05	-1.08340862033397	0.042	0.086	1	CCR5	c24
0.112978052865843	1.08220958210563	0.014	0.008	1	LINC01215	c24
0.000173993013775698	-1.08159112863016	0.058	0.103	1	HIPK3	c24
0.00144493326488932	-1.08156988189503	0.052	0.088	1	CORO7	c24
0.0589563550816884	-1.08123591269801	0.011	0.022	1	ARL6	c24
6.79966181108886e-05	-1.08106639203195	0.052	0.099	1	DPH1	c24
9.2169344135387e-07	-1.08075477963326	0.061	0.127	0.0309117546361261	XRCC1	c24
0.0249407702568353	-1.08071773589736	0.013	0.027	1	ASF1B	c24
0.0876573609116259	-1.08070758895484	0.005	0.012	1	FAM222A	c24
0.00466234966919893	-1.08056739113764	0.035	0.062	1	ATP13A1	c24
0.0012292798467595	-1.08053384816539	0.022	0.05	1	PYCR2	c24
0.00245606816493643	-1.08040326698119	0.041	0.072	1	UBP1	c24
0.144526016106423	-1.08032557277832	0.014	0.023	1	AL669831.5	c24
3.00403810042678e-13	-1.08019915985627	0.126	0.253	1.00749429812113e-08	NDRG1	c24
0.0253871546955696	-1.07992621148489	0.02	0.037	1	PPOX	c24
6.67317934631733e-09	-1.07976990704516	0.061	0.143	0.000223805088916791	WRAP73	c24
0.17510825544756	-1.07897309300063	0.009	0.016	1	ADARB1	c24
0.000845788807792978	-1.07896612151741	0.028	0.06	1	AIFM1	c24
0.000116982637566287	-1.07877213312785	0.064	0.113	1	MCM3AP	c24
0.00239457125332332	-1.07819769215259	0.036	0.066	1	MEPCE	c24
3.20826983699257e-05	-1.07790337240282	0.071	0.125	1	MADD	c24
0.00167170911289372	1.07747854286278	0.025	0.012	1	AC103591.3	c24
0.0457263296286833	-1.0774306226584	0.009	0.021	1	ZNF16	c24
1.44731223036852e-15	-1.07650296741727	0.23	0.376	4.85399575820995e-11	HDLBP	c24
3.03665832332246e-06	-1.07583806251381	0.069	0.132	0.101843446847589	RRP1	c24
4.09654000795473e-05	-1.07581939224053	0.046	0.093	1	UCK1	c24
0.00152670407755187	-1.07559630365608	0.038	0.07	1	HPS4	c24
0.0802721783568602	-1.07549498168282	0.005	0.012	1	SLC37A4	c24
5.57043089440555e-07	-1.07529982710998	0.049	0.112	0.0186821111336573	TRAF7	c24
0.00230956915205621	-1.0752163683614	0.038	0.068	1	IFNAR2	c24
0.00337198912843444	-1.07474173209861	0.025	0.051	1	A1BG-AS1	c24
8.44567741668283e-11	-1.07461452445673	0.132	0.244	2.83251129200709e-06	PDXDC1	c24
0.0324908945538231	-1.07456861600243	0.011	0.024	1	TMEM187	c24
7.75988223325734e-06	-1.07427341500708	0.052	0.108	0.260250930338985	KLC2	c24
1.09272095734151e-06	-1.07425423150488	0.06	0.124	0.0366476754673197	MRPS11	c24
0.0731820399659777	-1.07425064718837	0.006	0.015	1	MYO1B	c24
0.038653401593872	-1.07415679927876	0.017	0.032	1	TAF1C	c24
0.000266047412643528	-1.07404354881034	0.042	0.082	1	ZNF236	c24
0.558403415511035	-1.07321978187715	0.009	0.012	1	TRBV13	c24
0.00330024417351727	-1.07318302434304	0.024	0.049	1	HOXB4	c24
0.000535419408919282	-1.07312271008085	0.039	0.076	1	ZNF444	c24
2.47419465390782e-16	-1.0729926858823	0.154	0.31	8.29795403027606e-12	ACD	c24
0.000300505607882272	-1.07278675429861	0.052	0.093	1	GIMAP6	c24
0.00520537260676924	1.07257443132996	0.036	0.021	1	APTR	c24
0.00623434202146942	-1.07241589127946	0.016	0.036	1	ZNF174	c24
0.0525129244835574	-1.07222965891038	0.016	0.029	1	SLC35A3	c24
9.80488465285436e-05	-1.07203729195307	0.046	0.09	1	PAK1IP1	c24
0.124080615897238	-1.07166554190095	0.006	0.013	1	TMEM161B-AS1	c24
0.00552941430419648	-1.07162165330451	0.022	0.045	1	HGH1	c24
0.000357714661052981	-1.0715093877252	0.035	0.071	1	B3GALT6	c24
0.00710148163832407	-1.07125653565175	0.017	0.038	1	CRTC1	c24
0.0343731347533436	-1.07101166245241	0.022	0.038	1	ANKS3	c24
5.97815286682066e-09	-1.07078816235064	0.086	0.176	0.000200495290847431	KIF22	c24
0.0783954367459425	-1.07073187758951	0.008	0.017	1	RAD51B	c24
0.0736321838721177	-1.07027486056032	0.019	0.031	1	PLD2	c24
4.6691476771537e-12	-1.06994772410021	0.101	0.217	1.56593874796381e-07	CERS2	c24
5.92104704387948e-06	-1.06925784388552	0.075	0.137	0.19858007575763	ESYT1	c24
0.000169156137086285	-1.06819740862939	0.039	0.08	1	EDC4	c24
1.04105807219546e-05	-1.06782782686233	0.049	0.103	0.349150056252912	UBE2Q1	c24
0.000278343177372169	-1.0676625295493	0.039	0.078	1	BMI1	c24
0.00113936666629056	-1.06718449446373	0.033	0.065	1	ZNF420	c24
0.000480983702769845	1.06705742298657	0.094	0.062	1	LMCD1	c24
1.12150635121172e-06	-1.06695042425118	0.057	0.12	0.0376130800069386	MRPL46	c24
0.126401225350954	1.0665510335011	0.027	0.019	1	PHGDH	c24
5.57348356906134e-06	-1.06633023787011	0.055	0.112	0.186923491939179	IFRD2	c24
0.0114284507946869	-1.06595348591605	0.017	0.036	1	PDIK1L	c24
0.0953031197083295	1.06535303638049	0.017	0.011	1	NFE2L3	c24
0.00671603625920957	-1.06490874781356	0.019	0.04	1	TELO2	c24
1.39094352094454e-18	-1.06442504385787	0.178	0.344	4.6649463805438e-14	MARCKSL1	c24
1.68682156694444e-05	-1.06432333334116	0.066	0.122	0.565726217121827	FEZ2	c24
2.22191413688276e-06	-1.06411946271509	0.06	0.121	0.0745185563227741	ELAC2	c24
1.41219877173773e-08	-1.06405929266102	0.09	0.176	0.0004736232240654	GLRX3	c24
0.0234727970993509	-1.06327108459568	0.017	0.034	1	ZNF316	c24
2.53966170726001e-09	-1.0626831693623	0.11	0.205	8.51751743380862e-05	VPS4A	c24
0.00321651861389942	-1.06246718494897	0.036	0.065	1	TRMT10B	c24
0.0557219591424941	-1.0624257139301	0.014	0.026	1	MTMR1	c24
0.000203174517111477	1.06195898066217	0.047	0.024	1	AC016065.1	c24
0.00571582691595463	-1.06171819815311	0.027	0.051	1	BRF1	c24
0.0114002432481276	-1.06169757060871	0.02	0.04	1	DCAF4	c24
0.456947809694291	1.06158222446544	0.011	0.008	1	NEIL3	c24
1.30339969198364e-09	-1.06077299622367	0.16	0.262	4.37134188697474e-05	CEP350	c24
0.0253837949589303	-1.06007078941694	0.104	0.133	1	NPIPB5	c24
3.3491700809471e-05	-1.05976450419661	0.052	0.102	1	PPP2R5D	c24
0.0117321687825976	-1.05955996367487	0.033	0.056	1	SLC23A2	c24
0.0752339177219799	-1.05934073281548	0.017	0.029	1	ZNF609	c24
0.0276155039327782	-1.05912550802596	0.011	0.025	1	HEBP1	c24
0.000269059470482476	-1.0590008449211	0.033	0.07	1	NIPA1	c24
0.000807816194482314	1.05897927401602	0.042	0.023	1	CD101	c24
2.56071123223597e-05	-1.05891374614829	0.046	0.095	0.858811333067299	JPT2	c24
0.199904771559029	-1.058837865394	0.008	0.014	1	LINC00294	c24
0.0181010887322134	-1.05879596865163	0.022	0.04	1	TRIOBP	c24
5.00043821467598e-07	-1.05824868894769	0.052	0.117	0.0167704696843803	CUTC	c24
0.000983194645997732	-1.05769614547571	0.044	0.079	1	ARFGAP1	c24
0.0301229297998091	-1.05716031934646	0.024	0.04	1	TTLL4	c24
1.65070584934412e-12	-1.05498210730236	0.233	0.357	5.53613727753033e-08	GGA2	c24
0.00020590329114081	-1.05487034775734	0.031	0.069	1	UBE2E1	c24
3.4802518362188e-06	-1.05466350897536	0.069	0.132	0.116720686083106	AP1G2	c24
4.00491205176605e-06	-1.05438474209909	0.044	0.1	0.13431674039213	TRUB2	c24
0.00133766701947023	-1.05435817559556	0.036	0.068	1	PEX14	c24
0.00177920884998892	-1.05408329219825	0.02	0.047	1	MAD2L1	c24
9.62348422573716e-15	-1.05400517817473	0.148	0.286	3.22752413962773e-10	RER1	c24
3.68720245918257e-18	-1.05384755907557	0.201	0.365	1.23661396076065e-13	RANBP1	c24
0.176254257346497	-1.05360853721902	0.014	0.022	1	CEP112	c24
4.29852159452542e-05	-1.05329942887654	0.088	0.144	1	WDR6	c24
1.51098290516609e-06	-1.05286011971082	0.083	0.153	0.0506753446734602	MTG1	c24
0.168564190128056	-1.05271391037118	0.005	0.01	1	DCLRE1A	c24
0.00139057839982392	-1.05255138596101	0.02	0.048	1	MARCH2	c24
0.0123316077278962	1.0510855123428	0.044	0.028	1	AGTRAP	c24
2.59933680701998e-08	-1.05054306754221	0.121	0.212	0.000871765578338361	BRD9	c24
0.0467536965468174	-1.05040019717829	0.013	0.025	1	MED22	c24
0.0240820597238319	-1.05038948295384	0.03	0.049	1	LSR	c24
8.3180465523089e-08	-1.04994506492841	0.086	0.166	0.00278970645271336	GPS1	c24
0.0511517280097923	-1.04963187174594	0.008	0.018	1	CENPP	c24
0.156767967086012	-1.04931885286371	0.011	0.019	1	SBK1	c24
1.27238234204637e-10	-1.04887870939643	0.127	0.237	4.26731589875513e-06	TRIM28	c24
4.32933847580788e-07	-1.04887517431984	0.069	0.14	0.0145197353801645	PHRF1	c24
9.94802763180546e-09	-1.04883603415587	0.074	0.159	0.000333636950715492	PRPSAP1	c24
5.17824975322414e-17	-1.04881864988931	0.215	0.376	1.73668140223631e-12	CHST12	c24
2.36995991635655e-05	-1.04867122108902	0.052	0.103	0.794837156747659	ZNF592	c24
0.00393805257506121	-1.04833355573109	0.035	0.062	1	NOTCH2	c24
0.0501103222927845	-1.04805984061956	0.008	0.018	1	FAM234A	c24
4.44912741800743e-08	-1.04803807032114	0.099	0.182	0.00149214835345133	UNC45A	c24
3.54476689346426e-09	-1.04745899412216	0.101	0.194	0.000118884392073004	FARSA	c24
0.0112634969345558	-1.04699669540468	0.022	0.042	1	CORO2A	c24
0.0650064834743887	-1.0469917581037	0.022	0.035	1	PHF2	c24
0.165222808656269	-1.04651239785538	0.005	0.01	1	VIPR2	c24
0.00128326949386578	-1.04633461825017	0.03	0.061	1	SAAL1	c24
6.67917519730269e-05	-1.04621813043792	0.027	0.067	1	NSDHL	c24
0.031384426008745	-1.04583691732966	0.014	0.028	1	HDHD2	c24
0.000359832881712642	-1.04580977950552	0.041	0.079	1	YTHDF1	c24
0.013453638498814	-1.04497383957494	0.025	0.046	1	ZNF569	c24
0.00030107800119289	-1.04437272893355	0.028	0.064	1	TUBG1	c24
0.00745941013223844	-1.04419905765079	0.008	0.024	1	GINS4	c24
0.00670333466161394	-1.04390495902573	0.028	0.052	1	ARHGAP27	c24
0.00011068472037611	-1.04347488276002	0.041	0.084	1	SMC6	c24
0.0150792897562296	-1.04343846602295	0.027	0.047	1	ZMIZ2	c24
3.63680078062197e-06	-1.04335287395835	0.08	0.144	0.121971024580499	GAK	c24
1.14354182059068e-10	-1.04315766327414	0.124	0.232	3.83521055789701e-06	ADSL	c24
0.00117210058067523	-1.04288417499299	0.027	0.057	1	MAPK7	c24
6.73550460250155e-05	1.04260682810676	0.057	0.03	1	HDGFL3	c24
0.000520054297522177	-1.04251394932017	0.038	0.074	1	PRKCI	c24
0.0043921838092409	-1.04156672292999	0.027	0.052	1	DBR1	c24
0.0741377741548738	-1.04090366952634	0.016	0.027	1	ZNF34	c24
0.0457997717633645	-1.04072592326007	0.016	0.029	1	WDR25	c24
0.00207337481127166	-1.04039269538313	0.047	0.08	1	ANAPC4	c24
5.98444830423181e-09	-1.040365306039	0.086	0.174	0.000200706427227326	SNAP29	c24
0.000103201246141544	-1.04011874773169	0.038	0.08	1	SCAP	c24
0.0575774295900011	-1.0400976720546	0.005	0.013	1	CDC14B	c24
0.0338949719198785	-1.04006274024866	0.011	0.024	1	TEX261	c24
0.000101463762003434	-1.03990130676262	0.044	0.088	1	PEX3	c24
0.0333527945786595	-1.0396195070709	0.008	0.02	1	TTBK1	c24
4.13351849114694e-11	-1.03933024912454	0.099	0.208	1.38629943156086e-06	RPS6KB2	c24
0.0698230604943633	-1.03925901201261	0.011	0.022	1	TRAV8-2	c24
0.00885677088909401	-1.03881613130361	0.019	0.039	1	GPATCH1	c24
7.30767054584297e-08	-1.03863209120376	0.08	0.159	0.00245084654766481	SMC1A	c24
0.0342490533162667	1.03821601406961	0.011	0.005	1	CDHR1	c24
0.0449650343356427	-1.03811549587366	0.02	0.035	1	CARS2	c24
0.0131125865584992	-1.03809016010181	0.033	0.055	1	KDM1A	c24
0.0109419462358762	-1.03798067036312	0.017	0.036	1	SMARCD3	c24
3.26858988567067e-11	-1.03797154376701	0.135	0.249	1.09621967585623e-06	ERICH1	c24
8.41988160522627e-11	-1.03781768965203	0.164	0.28	2.82385989276079e-06	PRRC2B	c24
0.0012835446124007	-1.03770094320156	0.028	0.058	1	ZNF71	c24
9.24115487421928e-66	-1.03727204812351	0.945	0.989	3.09929852171566e-61	MT-CO3	c24
0.0129009986213516	-1.03726893129055	0.028	0.05	1	TMEM131	c24
0.0220889819163621	-1.0372315700779	0.011	0.025	1	ZNF362	c24
1.85114025999841e-05	-1.03688857472982	0.069	0.126	0.620835420398268	GLYR1	c24
9.14726708023773e-06	-1.0368393471358	0.063	0.12	0.306781043337013	ZHX2	c24
1.01526987055975e-06	-1.03682664286572	0.072	0.14	0.0340501209188328	GOLGA2	c24
0.0163757666241697	-1.03663820932947	0.022	0.041	1	ALMS1	c24
0.00060647299275961	-1.03651701651068	0.036	0.072	1	KRI1	c24
0.00195082594736182	-1.03607448007873	0.025	0.053	1	PARP16	c24
0.00015017166731167	-1.03578050556648	0.044	0.086	1	TJAP1	c24
0.000440727307994731	-1.03554043005652	0.031	0.066	1	XPO5	c24
0.00020193394818447	-1.03534113113322	0.053	0.098	1	PDE7A	c24
0.02812545551252	-1.03490219190085	0.014	0.029	1	LIMD1	c24
2.23566421420258e-06	-1.0348975415566	0.083	0.151	0.0749797064159261	PHF12	c24
0.134928999670686	-1.03488110430952	0.006	0.013	1	PARPBP	c24
0.0172869513560629	1.03467141058033	0.031	0.019	1	AC012306.2	c24
0.17438382306785	-1.03445703469267	0.016	0.024	1	ZNF549	c24
0.024989133549176	-1.03388702016226	0.027	0.045	1	NBPF11	c24
1.87050384404453e-05	-1.03386644453768	0.044	0.094	0.627329579215656	KAT8	c24
0.00031247064135177	-1.03375880071436	0.041	0.08	1	MRPS27	c24
9.4643691326618e-05	-1.03352253012826	0.079	0.129	1	CDC25B	c24
2.32875653367153e-22	-1.03324349300695	0.253	0.441	7.81018366262756e-18	PSMD13	c24
2.28862548258324e-08	-1.03308452287719	0.082	0.166	0.000767559214348765	EIF2B4	c24
0.242563492310786	-1.03283868310883	0.008	0.013	1	TRAV29DV5	c24
5.51372680272045e-06	-1.03222279758902	0.063	0.122	0.184919369509638	SIPA1L1	c24
0.00462762643909089	-1.03172337658815	0.017	0.039	1	OTUD6B	c24
0.00514621175948159	1.03140747759934	0.047	0.029	1	ATP1B1	c24
1.21914604469788e-09	-1.03111327628303	0.113	0.212	4.08877200470774e-05	LCMT1	c24
1.80039640579252e-17	-1.03069468212641	0.234	0.406	6.03816946574695e-13	KDM6B	c24
3.0389913913792e-23	-1.03066091505078	0.253	0.452	1.01921693284076e-18	TMEM43	c24
0.220101907197746	1.03026117980667	0.014	0.009	1	DHCR24	c24
0.0430699015060554	-1.02970942208218	0.024	0.039	1	AGO1	c24
8.05961800264019e-05	-1.02953018529417	0.063	0.113	1	RUBCN	c24
7.37244161570538e-08	-1.02952130615772	0.105	0.189	0.00247256946907527	NOC2L	c24
0.0194194874451689	-1.02943158961907	0.016	0.032	1	ENDOG	c24
0.00290207336084721	1.02928616471813	0.039	0.022	1	AFAP1L2	c24
0.061691360540806	-1.02877114033964	0.011	0.022	1	ZNF527	c24
9.32576723916772e-06	-1.02834514641137	0.042	0.095	0.312767581667207	PARVB	c24
0.000204023714020768	-1.02806248385578	0.046	0.087	1	PPP2R5B	c24
3.5066382392488e-05	-1.02786678528525	0.064	0.118	1	ECPAS	c24
1.26541260576852e-07	-1.02786320458089	0.071	0.146	0.00424394079722647	TNFRSF1A	c24
9.36617019237569e-06	1.02782375078931	0.047	0.021	0.314122615911896	YES1	c24
0.0471627577633882	-1.02766974850255	0.042	0.061	1	SMG6	c24
0.000507509893139375	1.02764616542963	0.027	0.012	1	C1RL	c24
0.0051540896710595	-1.02743262088072	0.019	0.041	1	TNPO2	c24
0.0354072872812782	-1.02728943363929	0.016	0.03	1	GTPBP3	c24
9.07740469756092e-06	-1.02702404762567	0.06	0.117	0.304437998746798	CTBP1	c24
1.46862303030767e-14	-1.02673816741576	0.204	0.35	4.92546791904586e-10	ATP2B1	c24
0.0134419969991755	-1.02568932834211	0.057	0.083	1	RYR2	c24
9.37690222818763e-06	-1.02534139906444	0.053	0.109	0.314482546928957	ACTL6A	c24
0.107095559224872	-1.02514995964559	0.006	0.014	1	HOMER1	c24
0.00206333400553763	-1.02497253399682	0.033	0.063	1	CLIP4	c24
2.36626447049654e-21	-1.02468681720097	0.228	0.417	7.93597778115129e-17	PDCD5	c24
1.71276711737869e-06	-1.02451502803343	0.055	0.117	0.0574427835826466	UCHL3	c24
0.125190601622261	-1.02445584915317	0.005	0.011	1	MAN1B1-DT	c24
0.0910578276870789	-1.02366501334814	0.009	0.019	1	SSH3	c24
2.11169199905206e-05	-1.02328477930007	0.041	0.09	0.708219262642081	GFOD2	c24
2.72319537069815e-05	-1.0229279892073	0.041	0.089	0.913305263424746	PYM1	c24
0.0874112310774276	-1.02242290632337	0.016	0.027	1	PPP1R12B	c24
0.00119613484732397	-1.02208354557196	0.042	0.077	1	FCHSD1	c24
3.38100419129102e-06	-1.02195843310792	0.08	0.145	0.113392118567518	BRD8	c24
0.091230174120111	-1.02138247916573	0.011	0.021	1	PDP2	c24
1.68230922198462e-06	-1.02090025955793	0.064	0.13	0.0564212866869201	GMIP	c24
0.0133302864859252	-1.02068249071572	0.016	0.034	1	ZSCAN22	c24
0.193539269069767	-1.02023674563241	0.006	0.012	1	ADHFE1	c24
0.028906152502939	-1.01995144078624	0.006	0.018	1	ZNF419	c24
0.0363192441808979	1.01986269729102	0.019	0.01	1	TMEM217	c24
0.000731849192345425	-1.01952429968879	0.028	0.061	1	COQ8A	c24
0.000300606038419797	-1.01915025958785	0.035	0.072	1	RHOT1	c24
0.00214416705942805	-1.01904131108534	0.031	0.06	1	DTNBP1	c24
0.0597713539596121	1.01898166032954	0.017	0.01	1	SMAGP	c24
1.5820863479627e-11	-1.01892437561849	0.119	0.235	5.30600119379731e-07	SEC22C	c24
0.000841774602434647	-1.01807947007783	0.042	0.078	1	INPP4A	c24
2.04340563485473e-07	-1.01797953240566	0.06	0.131	0.0068531738181758	CALHM2	c24
0.00997669518544738	-1.01772744147048	0.03	0.052	1	ZNF585A	c24
1.45844186379293e-06	-1.0172854094227	0.05	0.111	0.0489132232278873	TOR2A	c24
1.63105457919859e-06	-1.01681184407392	0.099	0.172	0.0547023084771624	RAPGEF1	c24
0.0150644142047124	-1.01663059392704	0.014	0.031	1	MAP3K20	c24
0.0257840709315001	-1.01638074450486	0.017	0.033	1	NFS1	c24
0.00015223786759333	-1.01602566022087	0.044	0.086	1	TMEM189	c24
0.0129264905542771	1.015904780733	0.016	0.007	1	TRAV30	c24
0.391912139150528	1.01554319558211	0.02	0.016	1	RAB38	c24
5.01864279992833e-06	1.01445803612404	0.086	0.048	0.168315242223996	PHYH	c24
0.000106254501357963	1.01382884067058	0.042	0.021	1	AL450998.2	c24
0.100420235817385	-1.0137794523	0.017	0.028	1	MED26	c24
0.0598644614706348	1.01336328398192	0.022	0.013	1	AL096865.1	c24
0.00485851385874615	1.01331536835481	0.019	0.008	1	AL121944.1	c24
0.000343289087298374	-1.01324072310424	0.057	0.098	1	EDEM2	c24
1.80309325401017e-08	-1.01311088034751	0.118	0.21	0.000604721415529932	KLF13	c24
0.00131476143940492	-1.01289639195872	0.03	0.061	1	MARCH9	c24
0.000426085261559725	-1.01279245955486	0.042	0.081	1	USP20	c24
0.00593815343373799	-1.01174103078743	0.027	0.051	1	KIAA1671	c24
0.00163307958226586	-1.01173771027803	0.019	0.045	1	VPS33A	c24
0.000834434880454433	-1.01125981632172	0.035	0.068	1	USP5	c24
0.0847797853207439	-1.01123823991909	0.005	0.012	1	ELMO3	c24
0.02582365148547	-1.01111097379182	0.014	0.029	1	TGFBRAP1	c24
2.42569374352398e-07	-1.01092130479274	0.094	0.172	0.00813529167703071	EFTUD2	c24
7.28827152177685e-07	-1.01091409449732	0.08	0.15	0.0244434050297352	EFR3A	c24
5.11138745766849e-06	-1.0108113051976	0.066	0.127	0.171425712555286	YIF1B	c24
1.26973270243265e-11	-1.0106011977207	0.164	0.283	4.25842953741862e-07	PRRC2A	c24
4.53613804257546e-08	-1.01041700900315	0.077	0.16	0.00152132997671896	EPS15L1	c24
0.0478638162721952	-1.01027490109653	0.011	0.023	1	BLK	c24
0.00163944958449273	-1.01014975433442	0.042	0.076	1	DGCR8	c24
0.159893298714572	-1.00998851041227	0.009	0.017	1	POMT2	c24
0.216261861821404	-1.0094060799462	0.008	0.014	1	SCFD2	c24
1.73640869644592e-17	-1.00885104135966	0.288	0.445	5.82356748614031e-13	SLA2	c24
0.185897065780722	-1.00846623113604	0.013	0.02	1	NUP50-DT	c24
0.0093311070636637	-1.00839358671039	0.02	0.041	1	C7orf43	c24
0.0806752216268815	1.00833819926003	0.011	0.006	1	LINC02341	c24
0.0272444507283768	-1.00824776900281	0.011	0.025	1	CEP162	c24
6.58537054960227e-05	-1.00819365654864	0.052	0.1	1	CCDC43	c24
0.256259430725594	-1.00803858016647	0.006	0.011	1	AC078785.1	c24
0.0144467804059019	1.00764285803452	0.031	0.018	1	SPATS2	c24
0.000978892799380931	-1.00722942675291	0.035	0.067	1	EMC1	c24
0.0141858104889611	-1.00626238024299	0.024	0.043	1	GNL3L	c24
8.07061470937349e-06	-1.00576245507238	0.069	0.129	0.270672276122968	ATXN2	c24
0.194793875261484	-1.00552036278687	0.005	0.01	1	MCAM	c24
0.00691983679025431	-1.00527699067464	0.024	0.046	1	CAMKK2	c24
4.394836810243e-05	-1.00527442339329	0.055	0.105	1	RUFY1	c24
0.155280399476599	-1.0047509066237	0.019	0.028	1	TAPT1	c24
0.013077678560104	-1.00474357367544	0.022	0.042	1	KRBOX4	c24
0.0235435526564493	1.00468583458505	0.042	0.028	1	GAMT	c24
0.0415939561259503	-1.00466449848551	0.027	0.043	1	BTRC	c24
2.41521405628161e-09	-1.00459551116965	0.068	0.156	8.10014490195726e-05	NIPSNAP2	c24
4.46521526324848e-08	-1.00452669378635	0.082	0.163	0.00149754389498828	STK40	c24
2.56704070845592e-05	-1.00387997182824	0.052	0.104	0.860934112801947	GTPBP6	c24
0.00882023549612685	-1.00359405796534	0.052	0.08	1	TRIM56	c24
0.000136394942375772	-1.00355967633124	0.03	0.069	1	ZNF226	c24
0.112460885499986	-1.00348739072206	0.009	0.018	1	ADCK5	c24
1.16336506487153e-12	-1.00348249516434	0.173	0.304	3.90169375456615e-08	BPTF	c24
0.00296808388411644	-1.00299297274941	0.039	0.069	1	ZNF3	c24
0.434417620489852	1.00230318076185	0.024	0.019	1	TRBV7-3	c24
8.11833526654923e-05	-1.0021506446547	0.042	0.087	1	CDK5RAP1	c24
0.110436874558545	-1.00167324118032	0.035	0.048	1	NPIPB4	c24
4.52532494159601e-17	-1.00159099283641	0.245	0.413	1.51770347891247e-12	SPSB3	c24
1.36676182551492e-07	-1.00115758072543	0.097	0.176	0.00458384581041194	PDIA4	c24
0.00360058947755147	-1.00080381822225	0.035	0.063	1	POMT1	c24
0.00978494542615436	-1.00044017197449	0.006	0.021	1	HPGD	c24
0.123566112924601	-0.999248145522936	0.008	0.015	1	IPO4	c24
3.59214429070311e-09	-0.999130184249271	0.119	0.217	0.000120473335221601	KCTD20	c24
0.167112191762641	-0.997321150261286	0.008	0.014	1	SIRT5	c24
0.0144777440777186	-0.997150374027538	0.036	0.059	1	NBPF12	c24
0.104359245073725	-0.997012729042885	0.011	0.02	1	VMAC	c24
0.112662427186496	-0.996751777335019	0.005	0.011	1	BX890604.1	c24
2.69144048182071e-22	-0.996540722238347	0.256	0.449	9.02655308793028e-18	RNH1	c24
1.78063656414012e-08	-0.995718694026218	0.126	0.215	0.000597189890881313	MAZ	c24
1.31016547886884e-08	-0.995644779141865	0.093	0.18	0.000439403298303033	RNF220	c24
7.27322966223288e-30	-0.995391128765373	0.398	0.604	2.43929576411966e-25	PDCD4	c24
0.00125820282923606	0.995350012979957	0.039	0.021	1	NFIL3	c24
0.072386940439686	-0.99512888285158	0.008	0.017	1	AMPD3	c24
2.48544056522591e-09	-0.995033708109218	0.104	0.199	8.33567056765465e-05	CSRP1	c24
0.0541110294213389	-0.994942755466777	0.022	0.036	1	CCDC157	c24
1.754727823052e-18	-0.994292502313849	0.214	0.381	5.8850061729518e-14	CYB5R3	c24
0.000451198626745284	0.994209977366016	0.061	0.036	1	HOTAIRM1	c24
2.84182152990585e-19	-0.993989873500376	0.258	0.437	9.53090104699825e-15	ADAR	c24
1.64896964380418e-06	-0.993132472801783	0.101	0.174	0.0553031439139047	KLC1	c24
6.34971710855383e-09	-0.993129718539011	0.129	0.226	0.000212956812386678	SMARCC2	c24
6.10222349934108e-21	-0.993057117475513	0.22	0.414	2.04656371720901e-16	PPP1R16B	c24
0.258207723978435	-0.992681111411934	0.009	0.015	1	HLCS	c24
0.0955172891610271	-0.992662156078084	0.006	0.014	1	NCKAP5L	c24
2.71033287411525e-06	-0.992515087915616	0.077	0.143	0.0908991439320774	DCTN1	c24
0.000108836164414305	-0.992183061072959	0.041	0.084	1	NXPE3	c24
0.271316145899596	-0.991869426971549	0.011	0.017	1	ZBTB7B	c24
0.00176249631272507	-0.991746330779236	0.02	0.047	1	ZSCAN25	c24
0.000208283223589558	-0.991578875964742	0.063	0.109	1	MAPK8IP3	c24
0.000147223023517876	-0.991210657579683	0.071	0.119	1	ACSS1	c24
9.2831925501206e-06	-0.99112722825464	0.047	0.1	0.311339711745945	ZC3H3	c24
0.0002423122505578	-0.990735788015781	0.053	0.096	1	MRTO4	c24
5.41931968768884e-11	-0.990598843175951	0.173	0.286	1.81753143685708e-06	CD5	c24
0.172972387967001	-0.990099943419009	0.009	0.016	1	SH3PXD2A	c24
0.00641759855222051	-0.990054124985466	0.03	0.055	1	ENDOV	c24
0.0162188889732502	-0.989692933015917	0.05	0.075	1	HTT	c24
6.0497871141674e-15	-0.989373178641283	0.159	0.3	2.02897760234946e-10	MESD	c24
0.0268245870421043	-0.989296052211355	0.024	0.041	1	SMARCAL1	c24
2.0184625153886e-18	-0.989163845022073	0.231	0.399	6.76951958411028e-14	SARS	c24
3.80217473673406e-10	-0.989067231432004	0.154	0.261	1.27517336320587e-05	PTPRJ	c24
0.00129489901798095	0.989008397962849	0.075	0.048	1	LTA	c24
0.000362301060143894	-0.988933248515161	0.041	0.08	1	BICD2	c24
4.92883845173211e-05	-0.988868785985276	0.047	0.095	1	FBXO25	c24
0.0867903608667932	0.988816644090144	0.017	0.01	1	AP002360.1	c24
0.21445664706543	-0.988307339445734	0.005	0.01	1	EXT1	c24
0.0924668178338861	-0.987784831789615	0.013	0.023	1	BLM	c24
1.82550903588554e-06	-0.98767451413677	0.108	0.181	0.0612239220455294	METRNL	c24
0.0123391425724335	-0.98730643391367	0.027	0.048	1	PIP5K1C	c24
0.0200950592692211	0.987209097849986	0.013	0.006	1	IL23R	c24
0.00616488898701714	0.987107282831425	0.022	0.011	1	SLC16A11	c24
4.95841367479504e-05	-0.98690511425798	0.066	0.118	1	RXRB	c24
0.0204015322153368	0.986650507589043	0.02	0.011	1	LINC00115	c24
0.000568787203569527	-0.986326741154991	0.035	0.07	1	KDM4B	c24
2.42944163589102e-11	-0.986248079822132	0.124	0.24	8.14786135845131e-07	TSR3	c24
0.244484814662531	-0.985753768939064	0.006	0.011	1	C1RL-AS1	c24
3.17977268706899e-06	0.985660828336945	0.05	0.023	0.10664321637892	TRAV6	c24
0.088386492026002	0.985580761408878	0.014	0.008	1	AKAP2	c24
0.044188948025771	-0.985505483324535	0.017	0.031	1	DIS3L	c24
0.0603812014941011	-0.985008205240022	0.009	0.02	1	HLF	c24
0.0289773372426288	0.984840106269163	0.016	0.008	1	HVCN1	c24
0.000732152339880552	-0.984738535982809	0.036	0.071	1	CPSF3	c24
0.0840026390952918	0.984136915427165	0.019	0.012	1	HEMK1	c24
1.75927912090655e-06	-0.984083351726107	0.061	0.125	0.0590027031569638	ERAL1	c24
3.18559173764497e-06	-0.983661173973435	0.066	0.129	0.106838375697137	DDX1	c24
5.92966481164433e-07	-0.983515701825001	0.094	0.169	0.0198869098452928	UBASH3A	c24
0.0109590947748169	-0.9831529784005	0.041	0.066	1	TOP3A	c24
0.000496678158318828	-0.982629424159325	0.053	0.094	1	SLC7A1	c24
0.00139892160984887	0.981589112414548	0.042	0.023	1	MLLT11	c24
0.00136901086289105	0.981549757239565	0.066	0.041	1	GNGT2	c24
0.00382389707541256	-0.981231718293237	0.027	0.052	1	SMC2	c24
5.18658833003718e-10	-0.981225028210094	0.14	0.248	1.73947799412787e-05	IL4R	c24
7.40175775524603e-06	-0.981185352339914	0.047	0.101	0.248240151595441	NFE2L1	c24
0.00391285745044816	-0.981162569095995	0.036	0.065	1	TNRC18	c24
0.250217919595483	-0.980940317993722	0.008	0.013	1	ZNF470	c24
3.1514529582112e-08	-0.98061316165314	0.091	0.175	0.00105693429312487	CTCF	c24
0.000670710675197627	-0.980603759914999	0.039	0.075	1	SLF2	c24
1.43574529415746e-26	-0.980178193273685	0.31	0.522	4.8152025675453e-22	SELPLG	c24
0.108741601336242	-0.979541934686766	0.014	0.024	1	DUS4L	c24
0.00327286890721088	-0.97945421574042	0.041	0.071	1	ANKFY1	c24
1.96710143319847e-05	0.979251079404635	0.077	0.043	0.659726478666103	TRIB1	c24
0.0278482929146511	-0.979245139123032	0.02	0.037	1	TUBE1	c24
0.0154538205442946	-0.978804247363466	0.017	0.035	1	ULK1	c24
0.058230361512037	-0.978567473671939	0.014	0.026	1	ZNF202	c24
6.52017048615459e-05	-0.978529696108697	0.063	0.113	1	OSBPL2	c24
3.39239466127481e-05	0.978490557326997	0.072	0.04	1	UGDH	c24
0.0194626025813903	-0.978470233132517	0.014	0.03	1	NOL6	c24
0.00827495419519734	-0.978158382369523	0.038	0.064	1	STAT2	c24
1.51174182520694e-05	-0.977960716555244	0.039	0.089	0.507007973337904	TMEM203	c24
0.0648974326782032	-0.977816808319813	0.006	0.015	1	RMI2	c24
1.51345486898261e-13	-0.977508706936206	0.209	0.347	5.07582493959388e-09	CYTH1	c24
2.00361584599903e-10	-0.976510517711302	0.129	0.24	6.71972682431153e-06	ZBTB7A	c24
0.00220517787381902	-0.976153692580389	0.038	0.069	1	USP24	c24
0.0615598119430192	-0.975592855465818	0.003	0.011	1	DUSP7	c24
0.15210063914425	-0.975229061788863	0.005	0.011	1	ZNF814	c24
1.04724087065341e-36	-0.975211843880216	0.44	0.655	3.51223643199739e-32	RABAC1	c24
0.160766674147423	-0.975072594638945	0.005	0.01	1	DGCR6	c24
6.28275653588352e-06	-0.974844164741826	0.052	0.108	0.210711088700462	OAS2	c24
2.09998583144532e-06	-0.974663792644818	0.077	0.144	0.0704293248150132	MRPL38	c24
0.071167596763076	-0.974030344764857	0.009	0.019	1	ZNF761	c24
4.67130057441688e-05	-0.973008451661169	0.041	0.088	1	CSGALNACT1	c24
0.00776937110545587	0.97278503842288	0.247	0.21	1	XCL2	c24
0.000567176861889483	-0.971411035068745	0.039	0.076	1	GLE1	c24
0.000215303592139543	-0.971148850801003	0.057	0.101	1	FAM120B	c24
0.144268459410105	-0.970847243122006	0.011	0.019	1	UTP14C	c24
0.000319144484872269	-0.970511353769249	0.035	0.072	1	NCOA6	c24
0.0165758644666583	-0.970288365204047	0.02	0.039	1	NSMF	c24
0.00166097528595267	0.970160901041914	0.025	0.012	1	L2HGDH	c24
3.04937949795367e-08	-0.969991173738188	0.137	0.227	0.0010227008960237	RARA	c24
0.33504222160587	-0.969859782064078	0.008	0.012	1	AGRN	c24
3.99317880633325e-10	-0.96969974937342	0.124	0.229	1.33923230806804e-05	NUDT5	c24
4.78841265672635e-05	-0.969356507368015	0.039	0.085	1	TSC2	c24
9.96782833844558e-07	-0.969349058301906	0.071	0.139	0.0334301026814788	UFSP2	c24
0.00357103393120592	-0.969305726200891	0.039	0.068	1	AKAP1	c24
0.0182631015620191	-0.968641038184959	0.027	0.046	1	STK11	c24
0.000803809971684128	-0.968458391692529	0.024	0.054	1	ATAD3A	c24
4.00691617691222e-07	-0.968421236657379	0.074	0.146	0.0134383954741282	AGPAT2	c24
0.0482092345231295	0.968166546407292	0.013	0.006	1	CDKN1C	c24
1.6585092791682e-07	-0.968029771286315	0.082	0.159	0.0055623084204743	HRAS	c24
0.000290428848019308	-0.966911886173734	0.055	0.098	1	FURIN	c24
2.8895311688688e-08	-0.966614432056043	0.142	0.233	0.000969090963415218	DNM2	c24
1.97977382615125e-08	-0.965886969722217	0.11	0.2	0.000663976545814607	PPP1R14B	c24
0.0210599764878931	-0.965695843308884	0.017	0.034	1	AC067852.2	c24
0.0137371282754067	-0.96554725150353	0.008	0.022	1	TRAF3IP1	c24
2.77551561162861e-06	-0.965447283599632	0.074	0.14	0.0930852425828005	GGA1	c24
0.000184061152346961	-0.965286752337373	0.038	0.078	1	VRK2	c24
0.000339388130032603	-0.965280375103868	0.041	0.08	1	TARBP2	c24
0.00629896084180165	-0.965217167856163	0.041	0.068	1	GBA	c24
0.0319697551022779	-0.964581414503772	0.035	0.054	1	MTMR4	c24
0.0345403947605452	-0.964406637188465	0.022	0.038	1	C2CD5	c24
0.0274231554549334	-0.963711088383816	0.011	0.025	1	KNSTRN	c24
1.10761212709535e-08	-0.963608370390572	0.104	0.194	0.000371470955185239	KCNAB2	c24
5.68558956045654e-06	-0.9633687597694	0.17	0.244	0.190683302678592	ITGAL	c24
9.73413506001586e-06	-0.963340398423124	0.06	0.117	0.326463421642812	CKAP5	c24
0.000997004731609774	0.963284638788787	0.044	0.024	1	IFIT2	c24
0.0153537497907856	-0.963218933228924	0.035	0.057	1	WDR73	c24
0.184026012990461	-0.963042956432396	0.014	0.022	1	ZBTB41	c24
0.303896948157777	-0.962362960811828	0.016	0.022	1	MDGA1	c24
0.000138196088880924	-0.962344454799881	0.063	0.111	1	EMSY	c24
3.67506533231027e-09	-0.96228144066851	0.113	0.21	0.000123254341115022	NUBP2	c24
2.24559590267245e-08	-0.962122546039135	0.143	0.235	0.000753127953838285	RNF166	c24
0.00187325665427221	-0.96152287911278	0.066	0.103	1	FBXO9	c24
0.260764162230931	0.96137979976011	0.017	0.012	1	CCDC71L	c24
7.02541922863279e-05	-0.961376905387656	0.053	0.102	1	C7orf26	c24
2.48440268830366e-13	-0.961201547170963	0.173	0.309	8.3321897360328e-09	CCDC167	c24
0.0189685394461934	-0.9609914828348	0.03	0.05	1	ZNF561	c24
0.0268305771325949	-0.960990211898045	0.033	0.053	1	SLC35E2B	c24
0.00215644839660077	-0.960985324677669	0.042	0.074	1	NCOA5	c24
0.00155510977305562	-0.960830589506725	0.036	0.068	1	ZNF354A	c24
0.0448862826755525	-0.960567695671484	0.013	0.025	1	TRUB1	c24
8.69151781288947e-10	-0.960231231911534	0.153	0.258	2.91496124408687e-05	MYO1G	c24
0.0717321772533541	-0.960152448609464	0.013	0.023	1	BORA	c24
0.158229097444861	-0.95978612922652	0.009	0.017	1	MCF2L2	c24
3.4863289385744e-05	-0.959742821460065	0.071	0.126	1	OTUD5	c24
0.0225146034613576	-0.959700274669276	0.02	0.038	1	EXO5	c24
0.107299598950936	-0.959237079113274	0.009	0.018	1	AC020928.1	c24
1.38014305293367e-08	-0.959154510151458	0.132	0.228	0.000462872377092895	C6orf62	c24
0.000139207673354517	-0.958966000866586	0.069	0.117	1	COMT	c24
0.00135506314684857	-0.958793600078266	0.036	0.068	1	PAOX	c24
3.70744209599696e-05	-0.958763187141885	0.069	0.123	1	RUSC1	c24
7.25897622790214e-06	-0.958619980735665	0.097	0.165	0.243451544731382	BOD1L1	c24
0.00632901659623879	-0.958547148444408	0.031	0.056	1	HAGHL	c24
0.000147290560467497	-0.958397261721848	0.077	0.127	1	IL17RA	c24
4.209128068107e-06	-0.958238196944428	0.088	0.153	0.141165737148173	RCSD1	c24
0.00953347487387424	-0.957901083031001	0.02	0.041	1	NOP9	c24
2.53787710654155e-07	-0.957605381604989	0.085	0.161	0.00851153223991904	ATXN3	c24
0.0408720694264178	-0.957346840756853	0.022	0.037	1	LRRC37B	c24
0.000111943915576133	-0.957218979663038	0.063	0.111	1	COQ10A	c24
0.154976566221021	-0.956876052936747	0.011	0.019	1	ZFP30	c24
0.0617307531290328	0.95681622834382	0.08	0.063	1	SPRY1	c24
6.59726334893159e-07	-0.95652911140201	0.108	0.184	0.0221259018196468	SART1	c24
2.64732368968056e-06	-0.956415233031829	0.072	0.137	0.0887859419045066	SETD1B	c24
8.03637676528163e-06	-0.956151333251856	0.047	0.101	0.269524003954015	AKR7A2	c24
5.80853740738241e-08	-0.955473645881577	0.096	0.179	0.00194806727568791	SP3	c24
0.00914696270043769	0.955151584029604	0.028	0.015	1	CLN5	c24
0.000553757673004083	-0.954966559356213	0.039	0.076	1	CD320	c24
0.00282600250551557	-0.954896626251958	0.036	0.065	1	RRP9	c24
0.0272465859735528	-0.95478461807979	0.013	0.027	1	SLC26A2	c24
2.33721992606512e-46	-0.954610685412516	0.569	0.775	7.83856818803721e-42	FYN	c24
0.0104310927663065	-0.954539237805251	0.011	0.028	1	CETN3	c24
3.02560768622197e-06	-0.954062357521434	0.069	0.133	0.101472830580512	DDX42	c24
0.026233634335377	-0.953906272426557	0.036	0.057	1	ENOSF1	c24
0.0260067122816881	0.953887334135339	0.016	0.008	1	AP1S3	c24
0.164522360212583	-0.953774187374894	0.006	0.012	1	LRP8	c24
8.98483842699430e-09	-0.953432665982174	0.115	0.209	0.000301333511164535	ADD1	c24
0.0293713051502223	0.953378260714408	0.016	0.008	1	BRSK1	c24
0.177573388004132	-0.953352572000074	0.008	0.014	1	RPGRIP1L	c24
5.45041860586255e-05	-0.953294999231708	0.047	0.094	1	TRAPPC5	c24
0.00176298579763203	-0.953196731974136	0.035	0.066	1	MAP3K3	c24
0.000425491936715305	-0.952885882529932	0.014	0.043	1	MIS18A	c24
0.00401658366201504	0.952728799723588	0.025	0.012	1	UGT8	c24
0.0123101651414245	-0.952699674121813	0.033	0.056	1	LONP1	c24
0.0320664375316146	-0.952639954220575	0.036	0.055	1	SLC12A2	c24
0.399780459033536	0.952522669663236	0.02	0.016	1	TRAV8-4	c24
0.0315681864355828	0.95088823200556	0.014	0.007	1	AC007448.3	c24
4.29959841086912e-05	-0.950691512837097	0.052	0.101	1	SETD3	c24
0.0389521043340681	-0.950667052839451	0.013	0.026	1	MED18	c24
0.000724225019913103	-0.950561525705043	0.044	0.081	1	RNF20	c24
0.00048316094914811	-0.950473515418458	0.047	0.087	1	SIN3B	c24
0.0219738419061365	-0.950252729704661	0.006	0.019	1	CEP19	c24
0.0838250445863942	0.950053596945578	0.016	0.009	1	AC020765.2	c24
6.28604806276063e-13	-0.949815503839962	0.173	0.303	2.10821479928866e-08	TENT5C	c24
0.00420392703965965	-0.949745793569723	0.027	0.052	1	ORC5	c24
0.00225255144045197	-0.949289776954048	0.047	0.08	1	RAP2B	c24
0.0568754150319585	-0.949256544207809	0.009	0.02	1	TMEM150A	c24
0.00463057783276059	-0.948780214534815	0.102	0.142	1	MIAT	c24
0.000683717246427954	-0.948469021698181	0.06	0.1	1	TMEM214	c24
2.45039784662382e-09	-0.948351522539617	0.189	0.298	8.21814429800697e-05	TNRC6B	c24
8.13304688839563e-07	-0.948061544715989	0.079	0.149	0.0272766126543013	CCAR2	c24
0.000464341059303453	-0.947441277559609	0.031	0.066	1	SYNJ1	c24
0.00176698896802047	-0.947435916694389	0.041	0.073	1	NUP205	c24
0.00672806606776438	-0.946450284703932	0.016	0.036	1	TCEA2	c24
0.000843140726432664	-0.946350585650501	0.064	0.105	1	ZNF266	c24
2.06241580622102e-05	-0.946297486536954	0.086	0.145	0.691693013090404	TPGS2	c24
1.64721467080869e-06	0.945269668463953	0.143	0.092	0.0552442856295817	PDK3	c24
0.00753136046356276	0.945205175318533	0.031	0.017	1	CTTNBP2NL	c24
0.0134291984001733	-0.945012743632764	0.014	0.031	1	SARS2	c24
0.0623015059200632	-0.944952565314193	0.024	0.038	1	ZMYM6	c24
0.00291802497335336	-0.944788832366664	0.038	0.067	1	ARMC6	c24
0.000719875363837347	-0.944073090784256	0.053	0.093	1	NPLOC4	c24
0.00107815151791148	0.943998673539541	0.019	0.008	1	TRBV6-4	c24
0.0430634844467632	-0.943876473903959	0.028	0.045	1	RDH10	c24
0.000350777640557681	-0.943810120413293	0.036	0.074	1	VKORC1	c24
0.0004860255559497	-0.943703053552026	0.069	0.113	1	BRD1	c24
0.000165375106875953	-0.943493884718433	0.031	0.07	1	FLYWCH2	c24
8.52861931845804e-08	-0.943414658645191	0.134	0.22	0.00286032834702446	ACO2	c24
0.111202306258015	-0.943251458257604	0.008	0.016	1	SLC16A13	c24
0.00134781075412296	-0.943041917841504	0.025	0.054	1	TRAPPC11	c24
1.47012765036883e-05	-0.942628962198757	0.088	0.149	0.493051411380697	YLPM1	c24
0.008668801957607	-0.942615640451056	0.03	0.053	1	DDX31	c24
0.000241506226688761	-0.94252442927495	0.05	0.093	1	NUDT3	c24
0.0423979483038309	-0.942351893007536	0.025	0.041	1	ST3GAL2	c24
2.03417827752028e-55	-0.942126262338822	0.94	0.988	6.82222710714751e-51	MT-CYB	c24
0.00455180308764056	-0.941932113589074	0.024	0.048	1	LCLAT1	c24
0.00517424377956285	-0.941309801567898	0.022	0.045	1	HS2ST1	c24
0.0368762494084408	-0.941233528577946	0.014	0.028	1	NUP43	c24
0.0127168574979181	-0.94106454468694	0.028	0.05	1	DVL3	c24
0.00368908206481366	-0.941034608247274	0.042	0.073	1	PRR14L	c24
3.78971334382178e-06	-0.94084185696826	0.126	0.199	0.127099406125095	HERC1	c24
0.0128141945001064	-0.940128252161588	0.039	0.063	1	NBEAL2	c24
6.52465632234147e-05	-0.939943020854445	0.055	0.103	1	SPRYD3	c24
0.00357615489492947	0.939906796422786	0.042	0.025	1	NXT2	c24
0.00416696226798393	-0.93949036161211	0.038	0.066	1	IPO8	c24
0.00164618424825141	-0.939453780284143	0.036	0.068	1	SHPRH	c24
0.0101451263111039	-0.939452134397457	0.02	0.041	1	SUV39H1	c24
0.316737807480507	-0.939392185820682	0.008	0.012	1	USP54	c24
0.0016323794076153	-0.938931552701826	0.033	0.064	1	DHDDS	c24
1.00999521463636e-05	-0.938365032364368	0.101	0.166	0.338732195084743	METTL17	c24
2.11910225503703e-07	-0.937817953314065	0.127	0.211	0.00710704514294318	INTS11	c24
3.3583404121452e-06	-0.937434844905805	0.079	0.144	0.112632020742526	UTP4	c24
0.0412711675536207	-0.937087930772809	0.011	0.023	1	HIC2	c24
7.83875801616446e-55	-0.936922253410709	0.981	0.946	2.62896266346124e-50	FTH1	c24
2.07765835718376e-08	-0.93681649869489	0.102	0.191	0.000696805059832291	PES1	c24
0.583952513043424	-0.935760722564376	0.009	0.012	1	ZNF829	c24
0.115196906953464	-0.935747304116412	0.017	0.027	1	NDOR1	c24
0.115715980004383	-0.935641173343061	0.013	0.022	1	C16orf58	c24
0.0162612572846744	-0.935593665359053	0.024	0.043	1	CDYL2	c24
0.0352503153733936	-0.935471412092134	0.014	0.028	1	TARS2	c24
0.346475320855299	-0.935370897366401	0.552	0.553	1	NEAT1	c24
0.0744034189137807	-0.935207546174883	0.014	0.025	1	CLNK	c24
3.82903656199697e-07	-0.934624080571649	0.063	0.132	0.0128418228216255	EXOSC7	c24
0.0297456702421775	0.93434300383197	0.02	0.011	1	TBXAS1	c24
0.0038329336889441	-0.934055487122605	0.017	0.04	1	ROCK2	c24
0.00979662463900276	-0.933741321117715	0.022	0.043	1	XPO7	c24
0.00605982432670377	-0.933697001948892	0.022	0.045	1	ZNF862	c24
1.94094516299258e-06	-0.933696873058549	0.104	0.178	0.0650954188764451	TCIRG1	c24
0.0031821559616573	-0.93347802389084	0.02	0.045	1	TMEM129	c24
1.90161576078622e-07	-0.933228084695747	0.074	0.149	0.00637763893852482	UBL4A	c24
0.00159536901740339	0.933202357604861	0.255	0.219	1	PLIN2	c24
2.98175411168316e-11	-0.932714050887684	0.132	0.248	1.0000206939763e-06	REXO2	c24
0.0850856412597401	-0.932426503762831	0.03	0.044	1	GSE1	c24
3.97562359292289e-05	-0.932356176620678	0.072	0.126	1	WDR5	c24
0.0425099192049407	-0.932065166713127	0.044	0.064	1	ITPR3	c24
0.0367342205054873	-0.931625039286483	0.014	0.028	1	TMEM186	c24
0.000942968349554026	-0.931516024141294	0.055	0.093	1	NBPF26	c24
0.00299464575007326	0.931148705808237	0.044	0.026	1	C1orf112	c24
0.0943064832146452	-0.930553721087296	0.003	0.01	1	MDK	c24
0.000452043533185323	-0.930444318640722	0.044	0.083	1	APAF1	c24
0.0831319145830995	-0.930404779973564	0.009	0.019	1	ZKSCAN4	c24
7.71657852494195e-07	-0.929799606617611	0.09	0.162	0.0258798610569503	EBNA1BP2	c24
0.000135265923134366	-0.929592244686997	0.072	0.122	1	AP5Z1	c24
1.16966224357583e-18	-0.929394444328195	0.255	0.426	3.92281323250463e-14	LRPAP1	c24
0.258926360675977	-0.928761100908883	0.008	0.013	1	F11R	c24
0.0132287797172783	-0.928356040197289	0.024	0.044	1	HADH	c24
0.0655660136695413	-0.928306137584377	0.017	0.03	1	ZNF649	c24
0.000254175857698416	-0.92829353975467	0.052	0.095	1	FAM192A	c24
3.47268549119207e-07	-0.927890980144692	0.091	0.167	0.01164669260036	ITCH	c24
8.55300633086732e-14	-0.927756180340914	0.187	0.327	2.86850726324628e-09	RBBP7	c24
0.147415939217606	0.927529242239902	0.016	0.01	1	AC007216.4	c24
0.227650017363529	-0.927417885127064	0.009	0.015	1	ZNF700	c24
0.000465824179457714	-0.927101815379564	0.031	0.067	1	POLR3H	c24
1.48677581371219e-30	-0.926457991575154	0.393	0.601	4.98634872402795e-26	RBX1	c24
0.0142759419522116	0.926159389297314	0.02	0.01	1	NANOS3	c24
0.000905855748310821	-0.926085043234349	0.035	0.068	1	GEMIN6	c24
1.27566106137172e-05	-0.925933582260802	0.135	0.204	0.427831206762846	BIRC6	c24
0.10009574847854	-0.925582078482831	0.008	0.016	1	PICK1	c24
0.00734338204008924	-0.925105959364918	0.042	0.069	1	PITPNM1	c24
0.00228171087174424	-0.924992456332836	0.035	0.064	1	MAP4K2	c24
0.00239949777352088	-0.924967863140635	0.036	0.067	1	ZNF598	c24
0.000796032208584244	-0.924967409613265	0.049	0.087	1	ANAPC2	c24
2.81514238932442e-14	-0.924903115574312	0.275	0.414	9.44142454531623e-10	STMN1	c24
0.00107978180365672	-0.924684300676947	0.027	0.057	1	PDF	c24
0.0014395308282237	-0.924599490966431	0.028	0.058	1	IMPDH1	c24
5.3647056041952e-07	-0.924563456557471	0.09	0.165	0.0179921496553499	SLC25A24	c24
0.156245757402221	0.924393922647777	0.014	0.009	1	DHODH	c24
0.141772988950143	-0.924073311357996	0.006	0.013	1	IFT172	c24
1.26358611133184e-69	-0.923861911430516	0.978	0.998	4.23781510018474e-65	MT-CO2	c24
8.78335563708847e-06	-0.923629051024589	0.105	0.173	0.294576181356673	EPB41	c24
0.056774211501262	0.92335922414463	0.014	0.008	1	AC079922.2	c24
9.71146399942529e-16	-0.923330745192707	0.186	0.339	3.25703079612725e-11	R3HDM4	c24
0.171812073938163	-0.923273442061698	0.014	0.022	1	PEAK1	c24
0.00366018967920516	-0.923162500204228	0.044	0.074	1	TAF8	c24
3.4655128359251e-38	-0.923029547216278	0.528	0.716	1.16226369491256e-33	SRSF2	c24
0.000212767201925521	-0.922965049212272	0.071	0.119	1	PTCD3	c24
6.10023673109135e-06	-0.922665009773281	0.093	0.157	0.204589739487342	JAKMIP1	c24
2.36515034913496e-05	-0.922529089239406	0.082	0.141	0.793224124092883	AKT2	c24
4.7359394290809e-12	-0.922508265852349	0.165	0.293	1.58833936572515e-07	MTCH2	c24
0.0747330763167977	-0.922472266109817	0.017	0.029	1	NIFK-AS1	c24
0.000357750145390834	-0.921921310097325	0.042	0.082	1	OAS3	c24
0.077485739025332	-0.921885553307551	0.016	0.027	1	AC245060.5	c24
0.126920320114987	0.921592574942901	0.022	0.015	1	AKAP7	c24
2.31713815161948e-14	-0.921408840602038	0.23	0.372	7.77121793290143e-10	ANXA7	c24
0.278392207152813	-0.92099548826465	0.006	0.011	1	SLC38A7	c24
0.219531942252408	-0.920877837434271	0.016	0.023	1	NLRX1	c24
0.0017684913615909	-0.920834309798842	0.066	0.103	1	RBM28	c24
0.000289697032295956	-0.920734949602411	0.039	0.079	1	ASH2L	c24
0.0430210022936886	-0.920379148910783	0.017	0.031	1	ST7	c24
1.84211179089395e-05	-0.919718925186067	0.085	0.144	0.617807452430011	CERS5	c24
0.00339180035539649	-0.918708221692744	0.044	0.075	1	FCF1	c24
0.089863835419622	-0.918429982003576	0.009	0.019	1	TEX2	c24
0.260293377778547	-0.918351896522817	0.006	0.011	1	ZNF585B	c24
0.050918363491772	-0.918176210337353	0.016	0.029	1	AARSD1	c24
3.55020049993032e-11	-0.917878400945338	0.134	0.252	1.19066624366663e-06	UBE2J2	c24
2.92199460275291e-05	-0.917687770226812	0.06	0.113	0.97997854987127	ANKRD27	c24
0.00862278010476775	-0.91757654919011	0.039	0.065	1	ACTR5	c24
9.49223982535843e-16	-0.917568268832686	0.341	0.498	3.18350739262871e-11	SRRM2	c24
1.20807883863551e-05	-0.916706866064274	0.063	0.12	0.405165480901577	RGS14	c24
0.00788006429352807	-0.916640320609368	0.053	0.082	1	ZSWIM8	c24
0.000139017775275669	-0.915913606712189	0.044	0.087	1	PRKAR1B	c24
0.00800508494120696	-0.915180365504927	0.036	0.061	1	NAPRT	c24
0.0283765284298378	-0.91445585193969	0.025	0.043	1	TSHZ1	c24
8.61207494733814e-27	-0.914424482819648	0.377	0.575	2.88831769583827e-22	HNRNPUL1	c24
0.123472839151436	-0.914294678151575	0.008	0.015	1	AC078883.1	c24
5.83513013331737e-05	-0.914251061433807	0.072	0.126	1	NUP214	c24
8.64248388417406e-07	-0.914187552889929	0.096	0.171	0.028985162450743	IKBKG	c24
0.0456666762538523	-0.914126972905492	0.025	0.041	1	TUBGCP6	c24
9.77010247683129e-21	-0.913973641857606	0.363	0.53	3.27669696867968e-16	CLDND1	c24
6.9789953106641e-22	-0.913856601992812	0.289	0.476	2.34061544729053e-17	P4HB	c24
0.00209267357994019	0.913672266112149	0.052	0.031	1	HMSD	c24
9.18238701342032e-09	-0.913494579649755	0.123	0.218	0.000307958895656091	POR	c24
2.64622238292084e-13	-0.913252506458687	0.16	0.298	8.87490062783991e-09	TMEM179B	c24
1.26517503343728e-06	-0.913229011747498	0.123	0.2	0.0424314402714195	TTC17	c24
0.338190747625106	0.912838038136666	0.027	0.021	1	CIP2A	c24
0.231196789804101	0.912762169014908	0.013	0.008	1	TUBB4A	c24
0.0133294812952002	-0.912315930989603	0.022	0.042	1	UBE2W	c24
0.000234839346837542	-0.912114135560051	0.052	0.095	1	UBE3C	c24
6.30967623787234e-05	-0.9120328580137	0.049	0.096	1	NINJ2	c24
0.0145274511175075	-0.911824820597268	0.027	0.047	1	LONRF1	c24
0.000618685329863369	-0.911193158617028	0.053	0.093	1	SKIV2L	c24
0.00098626865114319	-0.911034517366282	0.042	0.078	1	DNAL4	c24
5.27731808541345e-07	-0.910970153527701	0.108	0.187	0.0176990693948596	NDE1	c24
9.53409076078577e-08	-0.910497169953355	0.11	0.196	0.00319754335935233	UPF3A	c24
0.151644895476877	-0.910044571784661	0.005	0.011	1	C17orf53	c24
2.11395229248955e-07	-0.909746067853	0.093	0.17	0.00708977319855144	MED27	c24
0.0217530860178356	0.909656136188837	0.035	0.021	1	AC124016.1	c24
0.0084119950314851	-0.909488764306015	0.031	0.055	1	CAPN10	c24
1.5019055926675e-06	-0.909315887339136	0.066	0.132	0.0503709097668827	AP1S2	c24
0.000228204255486538	-0.909233895897465	0.05	0.093	1	ELP6	c24
1.51675474927819e-06	0.909051032410691	0.091	0.05	0.0508689207812919	OSBPL3	c24
0.00292010519914752	-0.909047033275551	0.036	0.066	1	TARDBP	c24
2.04195354331408e-05	-0.90880832496482	0.091	0.152	0.684830379356676	SCFD1	c24
5.59014073574569e-13	-0.908714058363094	0.197	0.33	1.87482139995439e-08	DNAJC9	c24
0.000294926765995692	-0.908489807854589	0.066	0.112	1	KIF21B	c24
0.00213611466164171	-0.908458973881297	0.041	0.073	1	CAMK1D	c24
0.000247304330850342	-0.908449738992639	0.052	0.095	1	UBE4B	c24
1.00606441894996e-05	-0.908436074449103	0.126	0.193	0.337413884827438	NCKAP1L	c24
0.0210590155880985	-0.908108946281197	0.025	0.044	1	CERS4	c24
0.00174596221644765	0.907937836644181	0.042	0.024	1	AC017002.1	c24
0.00787813132031924	-0.907823645120854	0.046	0.073	1	IRF9	c24
0.0841479781391426	-0.90781236376113	0.035	0.049	1	ZXDC	c24
0.0859557878749536	-0.907699435070378	0.013	0.023	1	SNX25	c24
2.9375524339798e-13	-0.907582425461687	0.201	0.337	9.85196335308145e-09	ARHGAP30	c24
9.65946182124084e-07	-0.907460027093409	0.107	0.184	0.0323959030560775	AP3D1	c24
0.00462417573534879	-0.907458450718791	0.052	0.083	1	MMS19	c24
0.0156395816685348	-0.906674113600027	0.028	0.049	1	CTNNBIP1	c24
0.0202367624489011	0.906554906917693	0.019	0.01	1	SMTN	c24
0.0245305859126207	-0.906505359610306	0.036	0.057	1	PPP1R12C	c24
0.00220825344581638	-0.906372695840009	0.028	0.057	1	BSCL2	c24
0.000345371432690579	-0.90624412105706	0.046	0.086	1	GPATCH4	c24
0.147130176523546	0.906234317899397	0.02	0.014	1	ZNF563	c24
1.69130100816147e-07	-0.906104304902957	0.068	0.142	0.00567228532117192	MTHFS	c24
0.00212771750584606	-0.905851136059693	0.039	0.071	1	AMFR	c24
0.00375043419867736	0.905775318307632	0.025	0.012	1	MTX3	c24
0.0648688931441346	-0.905425105506935	0.025	0.039	1	IFT80	c24
8.62181942036438e-13	-0.905251462088356	0.231	0.373	2.89158579720181e-08	AGO2	c24
0.0175912982254409	-0.904550235599957	0.033	0.054	1	TRIM24	c24
0.0216877933293996	-0.903986164557886	0.016	0.032	1	SMCO4	c24
5.8759172072542e-09	-0.903794224167428	0.115	0.211	0.000197066511296891	THAP4	c24
0.223131692842763	-0.9033751714631	0.013	0.019	1	WDPCP	c24
0.0886525464948133	-0.903246563051098	0.014	0.025	1	CBY1	c24
0.0137573322841802	-0.903200643776845	0.02	0.04	1	TUBGCP3	c24
2.28820126095675e-05	-0.902692648126034	0.071	0.128	0.767416938899675	TBRG4	c24
0.0285459062109626	0.902603347922642	0.024	0.013	1	ERRFI1	c24
8.92863627557937e-05	-0.902504176728187	0.031	0.072	1	GEMIN8	c24
0.00044904063144755	-0.902423276770077	0.072	0.117	1	TRIM11	c24
1.12339887735108e-06	-0.90199848764029	0.09	0.161	0.0376765515486005	CCNQ	c24
0.0113781230843787	-0.901901786441837	0.024	0.044	1	RYK	c24
5.23111937821884e-07	-0.901871675656794	0.099	0.177	0.0175441281706703	NSUN2	c24
9.89778039722683e-08	-0.901741281323278	0.108	0.195	0.00331951758962193	MAEA	c24
0.00307947976860521	-0.901269107982014	0.038	0.067	1	DPH2	c24
0.000889588184690278	-0.901190222208706	0.061	0.101	1	TM9SF4	c24
6.76656317658645e-17	-0.901146421634972	0.321	0.476	2.26936995816356e-12	FKBP5	c24
4.46313979563491e-05	-0.901093445364822	0.075	0.13	1	SHLD2	c24
0.0270346595245878	-0.901038515360574	0.022	0.039	1	ZNF707	c24
1.10392486734945e-15	-0.900582354809252	0.286	0.431	3.70234322011658e-11	AP2M1	c24
9.2914981281053e-06	-0.900406112710859	0.083	0.146	0.311618264220396	SYVN1	c24
6.0372240746637e-12	-0.900328188950314	0.187	0.316	2.02476421016071e-07	SLC16A3	c24
6.43231837787454e-09	-0.900033912396224	0.127	0.223	0.000215727093757156	NDUFA11	c24
0.0036640829273194	-0.900027738222009	0.036	0.065	1	APOBEC3D	c24
1.28457126147084e-27	-0.900012419840067	0.425	0.625	4.30819509672089e-23	PBXIP1	c24
0.0080662653365466	0.89977009775247	0.017	0.008	1	DTX1	c24
0.0333372692558565	-0.899671185143469	0.033	0.052	1	TNK2	c24
0.0463485165782065	-0.899380839474633	0.017	0.031	1	TADA2B	c24
0.000102236966160004	-0.899281297576489	0.075	0.127	1	UCKL1	c24
0.0250858861059147	-0.899211326217914	0.016	0.031	1	MBD3	c24
0.000867280921362348	-0.89918306371471	0.038	0.072	1	CDIP1	c24
0.00875605003237322	-0.898846961697865	0.019	0.039	1	ZNF230	c24
5.51913959649834e-24	-0.898509660578261	0.649	0.737	1.85100903787361e-19	MT2A	c24
2.13227237501667e-06	-0.898090330403604	0.116	0.192	0.0715121509133091	ABHD17A	c24
0.0387243829399145	-0.897798798679506	0.019	0.034	1	USP9Y	c24
8.13425856158519e-05	-0.897773062402113	0.08	0.134	1	SACM1L	c24
3.9338333342325e-05	-0.897772243885965	0.049	0.098	1	ALG3	c24
0.0647662083364239	-0.89771730088182	0.016	0.028	1	NEMP1	c24
9.29685244621012e-08	-0.897160201083378	0.088	0.17	0.00311797837340995	MRPS2	c24
0.000482703455525517	-0.896754718159829	0.113	0.164	1	PCSK7	c24
0.0711771723123219	-0.896644635858548	0.013	0.023	1	RAB34	c24
0.0183010898384836	0.89633229361561	0.014	0.007	1	AL139089.1	c24
0.00351599993135014	-0.896234767933671	0.058	0.092	1	KMT2B	c24
3.6449647393135e-06	-0.896176883779024	0.085	0.152	0.122244827427096	FOXJ3	c24
0.117132557385054	-0.896069371127188	0.022	0.033	1	TTL	c24
6.58055853076969e-05	-0.895937478219937	0.077	0.131	1	KMT5B	c24
0.0064631941960582	-0.895889754039517	0.024	0.046	1	TCHP	c24
0.0504007470488484	-0.895788744905232	0.009	0.021	1	ZNF319	c24
0.00757537387247413	0.895666978111361	0.028	0.015	1	SPEF2	c24
0.866656263929473	0.895505048692795	0.071	0.071	1	MID1IP1	c24
4.14785049644653e-05	-0.895444916656984	0.042	0.089	1	TMEM216	c24
1.88170147341795e-13	-0.895204119354593	0.184	0.318	6.31085040154911e-09	TALDO1	c24
4.45592815171465e-15	-0.895090459062081	0.206	0.356	1.49442918352206e-10	ELOVL1	c24
0.00307920187104453	-0.894869756176265	0.033	0.062	1	ZNF302	c24
1.00882802953691e-06	-0.894223323144201	0.058	0.123	0.0338340744546089	PEX11B	c24
0.414069720234907	-0.894111902353761	0.044	0.051	1	TNFRSF4	c24
5.69454223012639e-08	-0.893989349354517	0.124	0.214	0.00190983557313979	GPS2	c24
0.135618182223408	-0.893870998564255	0.02	0.031	1	CCZ1B	c24
0.0106282240065934	-0.893573564724493	0.022	0.043	1	URGCP	c24
0.000248128759085423	0.893305786379759	0.086	0.055	1	TAPBPL	c24
0.00344934269303478	-0.893073785664093	0.014	0.036	1	HAUS8	c24
0.173813352119257	-0.892743140928504	0.009	0.016	1	DDX43	c24
1.32146072091262e-08	-0.892596942016028	0.119	0.212	0.000443191496579673	DNAJC19	c24
0.000229310036992395	-0.892429588860999	0.074	0.122	1	DDB2	c24
0.00553802864920544	-0.892261323797413	0.05	0.08	1	GCN1	c24
0.0103229992215966	-0.892200999266736	0.049	0.076	1	TSC1	c24
4.70466575805714e-07	-0.892190007937271	0.127	0.209	0.015778508019372	DHX30	c24
0.00258244405459231	0.892059946132738	0.02	0.009	1	EPS8	c24
0.088337496337857	-0.892039995857223	0.019	0.03	1	SCLY	c24
0.0128369156326571	-0.891672741026717	0.08	0.111	1	DDX39B	c24
6.93107188238598e-07	-0.891395490673269	0.091	0.166	0.0232454288791461	TCAF2	c24
0.00207753156179037	-0.891065874922835	0.035	0.065	1	KCTD17	c24
0.255174995926423	-0.890457109327378	0.006	0.011	1	TRBV7-4	c24
7.68144569387809e-06	0.890220882169398	0.094	0.054	0.257620325681283	TRAV19	c24
0.0568086734870939	-0.890103775444016	0.014	0.026	1	WIZ	c24
0.234399385865953	-0.890085839845266	0.009	0.015	1	SLC12A4	c24
8.03809664883451e-08	-0.889801548511803	0.131	0.22	0.00269581685408612	TSEN54	c24
0.00305248911572199	0.889602314160611	0.02	0.009	1	ADTRP	c24
0.0758768326291357	0.8895348273658	0.046	0.033	1	ARHGEF9	c24
0.24673642038547	-0.889532398516732	0.022	0.03	1	SGSM2	c24
0.000147349180825693	-0.889194984673536	0.053	0.099	1	METAP1	c24
1.23051055915903e-12	-0.889062802465711	0.182	0.313	4.12688631330756e-08	CYC1	c24
0.000950737420599053	-0.88900078066683	0.066	0.106	1	MX2	c24
0.000194884768102615	-0.888770651157678	0.069	0.117	1	INO80	c24
0.000320488389565851	-0.888564861263077	0.036	0.074	1	C1orf123	c24
5.00966568112452e-06	-0.888458295288826	0.072	0.136	0.168014167613554	PRKRIP1	c24
1.95183540392118e-10	-0.888087757057554	0.154	0.266	6.54606557767087e-06	PSIP1	c24
0.042605508899598	-0.887937393759844	0.038	0.056	1	ZDHHC17	c24
8.56555170732463e-05	-0.887401381305335	0.077	0.13	1	VHL	c24
1.46926983210195e-05	-0.88733410478478	0.086	0.148	0.492763716290351	SNX4	c24
0.00563944238575378	-0.887093937351431	0.038	0.065	1	FMR1	c24
0.0125441566365919	-0.886878475850088	0.022	0.042	1	SLC29A3	c24
3.41611339515876e-06	-0.886041412729385	0.09	0.157	0.114569611046834	IFT52	c24
0.0213900430410318	-0.884246960203206	0.019	0.036	1	TOMM40L	c24
0.509281077109704	-0.88402452367719	0.013	0.016	1	FADS3	c24
1.12550330744982e-05	-0.883643854278329	0.066	0.124	0.377471299252522	RAB3GAP1	c24
0.00128016521365187	-0.88351236739333	0.049	0.085	1	MAN1B1	c24
4.72890395685045e-05	-0.883322935153292	0.063	0.115	1	DOK1	c24
0.411968167599444	-0.883266338790174	0.009	0.013	1	SUMO4	c24
0.00255664606545318	-0.883035191348758	0.041	0.072	1	FBXO38	c24
0.0174566208779026	-0.883006644039602	0.031	0.053	1	LDB1	c24
0.301527621444019	-0.882905843789304	0.013	0.018	1	FGFRL1	c24
0.39551686391795	-0.88285730114746	0.006	0.01	1	ZFP57	c24
0.00622420667836837	-0.882437770382198	0.036	0.063	1	CEP164	c24
2.6828036756052e-05	-0.882396675431733	0.058	0.112	0.899758696724473	KHNYN	c24
4.05522934890347e-05	-0.882376497374323	0.071	0.125	1	ATP6V0A2	c24
0.00723472174130118	0.882360480518106	0.03	0.016	1	EAF2	c24
0.354746573373286	-0.882269739114009	0.013	0.017	1	KIF27	c24
0.00166227833847162	0.882185821467129	0.042	0.023	1	SCML1	c24
0.000970794162907686	-0.882172435201512	0.038	0.072	1	FAM160A2	c24
0.0117103176565692	-0.881659071014598	0.049	0.075	1	CLK2	c24
2.90638956649714e-07	-0.881619356487467	0.145	0.231	0.00974744932811812	NUMA1	c24
0.00529611953835064	-0.8815034779997	0.025	0.049	1	FAM69A	c24
1.12466251341414e-08	-0.881193111249431	0.168	0.267	0.000377189313748834	TRAF4	c24
0.00637618294283156	0.881153203508656	0.039	0.023	1	MYB	c24
0.00331483248963699	-0.880970842139152	0.058	0.091	1	DDX19A	c24
0.000656390425995421	-0.880955991111386	0.046	0.083	1	SAYSD1	c24
0.000337228925127652	-0.880552634058158	0.053	0.096	1	RABGAP1	c24
1.09169521740393e-14	-0.880222765048852	0.248	0.395	3.66132742012929e-10	CXCR3	c24
1.72702614167006e-07	-0.880130877747784	0.258	0.351	0.00579210027393306	BICDL1	c24
0.0101466258068793	0.880088183689501	0.038	0.023	1	SLC29A1	c24
0.00322750080400343	0.879800474068573	0.05	0.03	1	TNFRSF10A	c24
0.104389074878147	0.879763528794981	0.014	0.008	1	ZNF35	c24
0.0308830350485415	-0.879730853749383	0.017	0.033	1	SS18L1	c24
1.6751099460561e-06	-0.878936596973626	0.049	0.11	0.0561798373708296	RPA1	c24
0.751301089689766	0.878612396109349	0.011	0.01	1	SLC25A35	c24
0.0517029224533829	-0.878604641483572	0.031	0.048	1	ERLIN1	c24
0.120086605121794	0.878481965170919	0.025	0.017	1	TRABD2A	c24
2.54407714801083e-07	-0.878133415978116	0.127	0.213	0.00853232593899873	KDM2B	c24
4.1719496342091e-06	-0.877993647215738	0.068	0.13	0.139918846832105	R3HCC1	c24
4.27740868194645e-14	-0.877464438020634	0.206	0.353	1.4345573237512e-09	CYSTM1	c24
2.60533188989302e-19	-0.877304567659117	0.245	0.418	8.73776209232323e-15	MT1X	c24
0.0973314818012929	0.877036367588816	0.014	0.008	1	AL117332.1	c24
0.00057511855202747	-0.876783564240573	0.052	0.092	1	MIGA1	c24
0.0507643777391146	-0.876713718798841	0.017	0.031	1	TUBGCP4	c24
0.000636582152782611	-0.876611515475256	0.055	0.095	1	ESYT2	c24
0.00533219749684961	-0.876188434645599	0.057	0.087	1	MAN2B1	c24
0.0579322136092011	0.875848432037881	0.013	0.006	1	CTTN	c24
2.42985276480122e-06	-0.875713409299912	0.071	0.137	0.0814924020259032	TMEM222	c24
0.0587634021868378	0.875533748363589	0.022	0.013	1	ACP6	c24
0.0183069659697599	-0.875254403135751	0.005	0.017	1	MFHAS1	c24
0.000760494382686466	-0.874776953425071	0.047	0.084	1	HELZ2	c24
7.6407619514952e-07	-0.874445055673774	0.096	0.171	0.0256255874329246	MPC1	c24
0.130430921028851	-0.874388942078434	0.011	0.019	1	ERCC8	c24
0.0598890034464618	0.874313465421186	0.044	0.031	1	ASNS	c24
0.0970611181073207	-0.874295243642676	0.006	0.014	1	PRH1	c24
0.0828367205970672	0.874203509028433	0.011	0.006	1	HMGN5	c24
1.2318826881201e-07	-0.874011197884708	0.14	0.229	0.00413148815941718	GRAP2	c24
0.0092214560443215	-0.873599229115916	0.024	0.045	1	ARHGAP31	c24
0.00117313468250243	0.873466140725772	0.057	0.033	1	TMEM97	c24
1.82005620420179e-13	-0.87343832807541	0.219	0.361	6.10410449765196e-09	PWP1	c24
5.91148934265105e-06	0.873394796518467	0.108	0.065	0.198259529573831	NUP88	c24
0.0032045291524991	-0.873125056640419	0.03	0.057	1	TMEM39B	c24
0.0339569054022658	-0.872977772293983	0.024	0.04	1	METTL22	c24
0.010589215883485	-0.872772386128166	0.033	0.057	1	AP2A2	c24
6.09591589230531e-06	-0.872436858394346	0.097	0.166	0.204444827196135	CHD6	c24
3.14167203756278e-18	-0.872365201035897	0.244	0.414	1.05365396795781e-13	MRPL20	c24
0.00222983112491356	-0.872089280846876	0.044	0.076	1	XPOT	c24
1.41968879950124e-05	-0.871957974121187	0.047	0.099	0.476135229576727	TSFM	c24
5.14573628861627e-09	-0.871906502884991	0.137	0.24	0.000172577703647612	SHKBP1	c24
0.0422548961112674	-0.871873377816909	0.02	0.035	1	IRGQ	c24
0.0100911099113515	-0.871780452084289	0.042	0.068	1	TCF20	c24
0.0504624365063437	0.871590741769077	0.033	0.022	1	NIPAL4	c24
4.37396197992673e-05	-0.871540500566784	0.058	0.11	1	PTPMT1	c24
6.25075042788266e-09	-0.871291664890228	0.086	0.176	0.000209637667850329	THAP11	c24
0.025745528220307	-0.870988167978048	0.017	0.033	1	ZNF623	c24
7.59763222526228e-10	-0.870919080064723	0.184	0.293	2.54809389570846e-05	DDB1	c24
0.000101458862573348	-0.870232529654164	0.069	0.12	1	CD151	c24
0.128544549954392	-0.869997223294934	0.008	0.015	1	INKA1	c24
4.35056257509986e-07	-0.869950130940531	0.077	0.151	0.0145909167643699	IARS2	c24
1.01865295393796e-06	-0.869513954976349	0.096	0.17	0.0341635827691712	RPA2	c24
1.88406567386677e-06	-0.869257752581475	0.083	0.153	0.0631877945701436	LYPLA1	c24
1.02196213942562e-12	-0.869136784761764	0.222	0.357	3.42745662320564e-08	GLIPR1	c24
0.0638461689446674	-0.868565597934031	0.024	0.038	1	GATD1	c24
0.0420438307297598	-0.868418531582352	0.033	0.051	1	PRMT7	c24
0.00613060754942115	-0.868185568246857	0.052	0.081	1	HPS3	c24
0.00152347261570322	-0.868104576060471	0.074	0.113	1	CHMP4A	c24
0.00466526503847603	-0.868100577828251	0.035	0.062	1	GRK5	c24
0.0349864613182369	0.867251434568101	0.013	0.006	1	AP003108.2	c24
0.0995279341898487	-0.867161056970697	0.014	0.024	1	DNASE1	c24
5.72064159487345e-11	-0.867053644449551	0.173	0.292	1.91858877808866e-06	IMPDH2	c24
0.190180972228437	-0.86695434059651	0.005	0.01	1	C18orf54	c24
4.64390601632022e-05	-0.866951509424617	0.104	0.162	1	NGLY1	c24
0.0962150202174267	0.8667238921287	0.013	0.007	1	PIF1	c24
0.000130492240291535	-0.866597413319423	0.071	0.121	1	GRIPAP1	c24
1.33542559077188e-50	-0.866220214005641	0.928	0.952	4.47875034633074e-46	VIM	c24
0.000544051012347427	-0.866160832458493	0.079	0.123	1	LMBR1	c24
0.00959029527516617	0.866142995718703	0.025	0.013	1	FGGY	c24
0.0221758330614034	0.865708115108668	0.06	0.042	1	CD200	c24
0.00746908388038614	-0.865685856140118	0.031	0.056	1	KLF12	c24
0.000245582102136503	-0.865574893819255	0.074	0.121	1	GNB5	c24
4.0106744306379e-06	-0.865534291370668	0.088	0.155	0.134509999054734	RSU1	c24
0.000284604824234605	-0.865424085398579	0.068	0.113	1	TMX2	c24
0.0636549613526065	-0.864887150937576	0.025	0.039	1	C15orf39	c24
0.0616839274868312	0.864269866991477	0.013	0.007	1	FKBP7	c24
0.0711919807738085	0.864182574627136	0.046	0.033	1	NDC80	c24
0.041044152166529	-0.864130527373075	0.046	0.065	1	MLXIP	c24
0.236953950545248	-0.864129007568274	0.006	0.011	1	ALG10	c24
0.00571064879555608	-0.863837237765204	0.052	0.082	1	TAF1B	c24
0.0125374248618615	-0.863685291547713	0.027	0.048	1	WRN	c24
0.0194290635454192	-0.863622825746309	0.025	0.044	1	MDC1	c24
0.106609556417976	-0.863618332594972	0.019	0.03	1	SLC8B1	c24
0.000162003506584524	-0.863420652153578	0.072	0.122	1	AP2A1	c24
0.00258580452604817	0.86324763540351	0.047	0.028	1	LMAN2L	c24
4.13165806444357e-06	-0.863038904960498	0.14	0.215	0.138567548165308	USP36	c24
0.0132488432860108	-0.86290057447561	0.031	0.054	1	OCEL1	c24
1.28024392602173e-05	-0.862769022235269	0.168	0.242	0.429368207909167	RBM5	c24
6.49977015193642e-05	-0.862763154240161	0.099	0.157	1	LARP1	c24
0.000657657409291523	-0.862609268491568	0.038	0.074	1	HELQ	c24
0.101804704953198	-0.86248424626916	0.009	0.018	1	ARMCX5	c24
0.105088453703098	-0.86243640432493	0.022	0.034	1	DEPDC5	c24
0.198157091889078	0.86190785698955	0.013	0.008	1	FAM227B	c24
0.00610936284941199	-0.861270600729652	0.042	0.07	1	POLRMT	c24
0.134685573232203	-0.86106667340807	0.022	0.032	1	LRSAM1	c24
0.36186669847869	-0.860854205536478	0.006	0.01	1	IQCK	c24
3.21862263502803e-06	0.860806709569185	0.101	0.058	0.10794616593357	AC013394.1	c24
0.0026377022177294	0.860398363106921	0.06	0.037	1	TNFRSF10B	c24
1.85090314754226e-27	-0.859393759403735	0.417	0.606	6.20755897622723e-23	PPP1CA	c24
2.9918085722707e-05	-0.859153066517891	0.079	0.135	1	FBXO31	c24
0.00382854792611632	-0.859025396107708	0.053	0.086	1	NCOR2	c24
0.0145162884003137	0.858753377761184	0.019	0.009	1	NCEH1	c24
0.000481602866359928	-0.858719724018872	0.066	0.109	1	PGP	c24
0.0489787321748175	-0.858719150388718	0.02	0.035	1	ARID3A	c24
2.49727193081521e-05	-0.858712181351411	0.08	0.138	0.837535060156806	C6orf136	c24
1.34664760945358e-08	-0.858372097074121	0.121	0.215	0.00045163867525854	TMEM147	c24
2.70590486202436e-06	0.858199964279394	0.349	0.292	0.0907506372625728	GLUL	c24
1.63237105729279e-06	-0.85797606807422	0.137	0.213	0.0547464605194858	ICE1	c24
3.87461264604483e-07	-0.857917027330485	0.159	0.244	0.0129946758923052	ANKRD13D	c24
6.38891723880519e-07	-0.857855360655718	0.123	0.204	0.0214271506355048	RIF1	c24
2.46669345789551e-11	-0.857725101813106	0.153	0.272	8.27279651908995e-07	SLC52A2	c24
1.16328944055744e-09	-0.857544513088922	0.156	0.264	3.90144012574155e-05	INO80E	c24
3.27258287533854e-06	-0.857434166194944	0.083	0.15	0.109755884473104	ALG5	c24
5.79724634724653e-09	-0.857336706661289	0.108	0.202	0.000194428047993954	EIF4EBP1	c24
4.96558080001292e-09	-0.857160187744367	0.165	0.267	0.000166535648870833	NAA20	c24
1.68102960081518e-05	-0.857006543221677	0.14	0.208	0.563783707521395	SYNE1	c24
0.000226260406041979	-0.856809488729871	0.035	0.074	1	VRK1	c24
1.34664952231791e-05	-0.856428259635773	0.063	0.119	0.451639316794979	MRPL58	c24
3.88471077156098e-10	-0.85597664684229	0.222	0.341	1.30285429856612e-05	SNRNP200	c24
0.00668913654000727	-0.855916645338316	0.033	0.058	1	TBL2	c24
2.22369194775463e-24	-0.855748786081661	0.34	0.54	7.45781805437949e-20	CCSER2	c24
0.0388999949365838	-0.855458165183169	0.038	0.057	1	CEP250	c24
0.000109800312221826	-0.855073098913686	0.049	0.095	1	ZFPL1	c24
0.10821939067318	0.855023250105162	0.027	0.018	1	ASPM	c24
8.94832405191548e-06	-0.854907942528999	0.036	0.087	0.300108892053141	HMGB3	c24
0.0182795029109502	-0.854874802355086	0.019	0.037	1	ZNF668	c24
0.00037679306906422	-0.854201494226718	0.052	0.093	1	SDHAF1	c24
0.00011184697104648	-0.853739467639432	0.077	0.131	1	RALGAPB	c24
7.95842277586483e-16	-0.853194182910224	0.267	0.421	2.66909583056955e-11	RIC8A	c24
0.111901530300861	-0.853051248517788	0.03	0.042	1	HKR1	c24
0.0601912108333404	-0.853000265293199	0.036	0.053	1	PHKB	c24
0.00483052904946637	-0.852860922117991	0.036	0.064	1	COQ8B	c24
0.00201293903752138	-0.852119891663469	0.024	0.051	1	KIAA2013	c24
0.00013795037761747	0.851541233854247	0.168	0.122	1	CCL3L1	c24
0.00177323143885098	-0.851478711908719	0.033	0.064	1	FANCF	c24
0.0515132589221155	-0.851334814142257	0.024	0.039	1	NBPF10	c24
0.0334014928460498	0.85116513150814	0.03	0.019	1	FANCL	c24
0.00744000726742313	-0.851135663526259	0.053	0.083	1	CEP290	c24
0.00050297491599912	-0.85095247014054	0.068	0.112	1	CCP110	c24
0.000294692292065135	-0.850821868778922	0.053	0.096	1	MFSD14B	c24
0.122572264315114	-0.850435888801619	0.019	0.029	1	ZXDB	c24
4.8153440733324e-21	-0.850299555995654	0.907	0.935	1.61497009531422e-16	MT-ATP8	c24
7.24794641415861e-05	-0.850123589469035	0.063	0.113	1	ARFIP2	c24
0.000613385100001939	-0.849809149972355	0.028	0.061	1	EDC3	c24
0.197027501964049	-0.849716718029471	0.017	0.025	1	RDH13	c24
0.0289575176871378	-0.849296915111839	0.006	0.018	1	GINS2	c24
1.13567232579826e-05	-0.849243768363848	0.05	0.105	0.380881784626221	NDUFC2	c24
0.467114433883248	-0.849152247648632	0.02	0.025	1	GOLGA8A	c24
0.0520622461956074	0.84889307331277	0.02	0.012	1	AC002467.1	c24
0.215162014809213	-0.848736576016354	0.006	0.012	1	ZNF154	c24
4.38605709224372e-06	-0.848514120833411	0.108	0.179	0.14709958275967	VRK3	c24
0.0160569927576181	-0.847843987285461	0.055	0.081	1	KDM7A	c24
0.00337009909530804	-0.847818171467747	0.075	0.112	1	NLRP1	c24
1.84385409235752e-05	0.84778197838433	0.075	0.042	0.618391785494864	DAGLB	c24
0.0765084238902758	-0.84764558199497	0.009	0.019	1	ZNF589	c24
0.267421939551175	0.847549394463459	0.028	0.022	1	BUB1B	c24
0.00891476919036616	-0.847390554238317	0.055	0.083	1	BORCS7	c24
0.00586815034169245	-0.847344469581395	0.039	0.067	1	MFSD14C	c24
0.00575479749615406	-0.847332010186372	0.038	0.065	1	TTI1	c24
0.000239348624579751	-0.847050976569442	0.072	0.12	1	SEC16A	c24
0.000488400476060368	-0.846736471439606	0.071	0.114	1	AP4M1	c24
0.173917870411093	-0.846337074501823	0.008	0.014	1	FEZ1	c24
1.85247870934723e-06	-0.846205655393276	0.091	0.163	0.0621284309540874	ARRDC1	c24
0.308092407768616	0.846159172958921	0.011	0.008	1	AC133644.2	c24
0.00571341806832426	-0.845666131713986	0.046	0.074	1	PPP3CB	c24
7.65694610698194e-05	-0.84557536369873	0.069	0.12	1	DNASE2	c24
1.26695594569234e-05	-0.845389554070275	0.138	0.21	0.424911685066297	SPG7	c24
2.60219586318786e-05	-0.845067577740516	0.082	0.141	0.872724448595946	MAPKAPK5	c24
0.0558420945015582	-0.845004114003537	0.009	0.02	1	EXTL3	c24
0.00207656779388315	-0.844735382067898	0.053	0.088	1	RABEP2	c24
0.333034593379755	-0.844659813929312	0.006	0.01	1	MFSD13A	c24
2.72755775669899e-10	-0.844627147177503	0.228	0.345	9.14768320441708e-06	ACIN1	c24
4.12405738665068e-10	-0.844553091374163	0.156	0.266	1.3831263663349e-05	TPGS1	c24
9.68333656744148e-06	-0.844214711788855	0.055	0.112	0.324759741798852	XPA	c24
6.30988709897938e-16	-0.844207840888753	0.31	0.47	2.1162099352557e-11	MBP	c24
0.0117027259650298	-0.844154671149369	0.027	0.048	1	RFC4	c24
8.97331340189777e-10	-0.843411277010032	0.253	0.366	3.00946984872847e-05	STAT5B	c24
1.62491647656566e-15	-0.843392689246019	0.377	0.526	5.44964487910593e-11	SPTAN1	c24
0.000569872590763814	-0.843336106508788	0.047	0.086	1	EXOSC6	c24
2.14315954379669e-05	-0.842903969684949	0.069	0.126	0.718772847798535	SP2	c24
0.00766945598959367	-0.842825426690189	0.044	0.071	1	SPAST	c24
3.00022516387399e-14	-0.842767938329973	0.256	0.4	1.00621551546006e-09	PDCD6	c24
2.63679493686197e-07	-0.842637870197711	0.132	0.217	0.00884328285924768	ZNRF1	c24
0.000831149702250239	-0.842338959835197	0.044	0.08	1	SMARCD2	c24
0.12639793726138	-0.841794116467175	0.02	0.031	1	L3MBTL3	c24
1.99448408552801e-12	-0.841146268743084	0.219	0.347	6.68910072604383e-08	FKBP2	c24
0.0172249882871377	0.84067158768645	0.017	0.009	1	ZC3H11B	c24
1.94213781550695e-20	-0.840564273721851	0.456	0.607	6.51354180564719e-16	NAP1L4	c24
0.0310406246980927	-0.840317640643211	0.022	0.039	1	RXRA	c24
8.15192185477181e-06	-0.840210670181155	0.11	0.177	0.273399155165337	STK38	c24
0.00615791067679056	-0.840171259259626	0.031	0.057	1	ZNF576	c24
0.0187936094894205	-0.840108492777568	0.033	0.054	1	HIBADH	c24
0.00213683342909419	-0.839674707701444	0.039	0.071	1	ATP6V1C1	c24
0.0980558663752931	-0.839667733274288	0.016	0.026	1	LDLRAP1	c24
6.07069183938253e-08	-0.839398478024413	0.127	0.215	0.00203598862909211	NDUFA8	c24
0.00364939123487265	-0.83916985106883	0.03	0.057	1	AKIP1	c24
0.0106868781523377	-0.839075450389526	0.052	0.079	1	LEMD2	c24
0.129838923280041	-0.838712565479308	0.016	0.025	1	ZNF181	c24
0.173832923105923	-0.838396454112309	0.008	0.014	1	GAA	c24
0.00999686695772676	-0.838302498466151	0.022	0.043	1	LSM14B	c24
1.93187531284676e-06	0.838135600568413	0.124	0.075	0.0647912342422545	AIM2	c24
0.000210676255700354	-0.838026935121996	0.104	0.159	1	USP34	c24
0.000100743978971703	-0.837743187523515	0.068	0.118	1	TMEM138	c24
0.0252088379774072	-0.837458624952406	0.03	0.049	1	ZBED1	c24
0.0223064297969274	-0.837367190260953	0.039	0.061	1	TRMT61B	c24
0.00073081237736728	-0.837331116118995	0.047	0.085	1	DNAJC17	c24
6.90719623987877e-12	-0.837296970486207	0.248	0.373	2.31653547493054e-07	GIMAP7	c24
0.00189082701852691	-0.837249691604853	0.028	0.057	1	TRDMT1	c24
0.0313579567914041	-0.83658864417358	0.035	0.054	1	DENND6A	c24
0.0073250623178553	-0.836368211211436	0.017	0.038	1	LINC00957	c24
0.00777415932710836	-0.83631361735774	0.071	0.103	1	IKBKB	c24
2.12495610006379e-07	-0.836229225789492	0.149	0.239	0.00712667776839393	YPEL3	c24
1.79121884199485e-05	-0.836147666553499	0.121	0.187	0.600738975228234	ATG4B	c24
7.26877191963999e-27	-0.836058148277977	0.447	0.629	2.43780072640886e-22	FAM177A1	c24
0.00354858135138026	-0.835723055512027	0.058	0.091	1	PXK	c24
0.0219733933787784	-0.835619934862242	0.017	0.034	1	FAHD1	c24
0.0112556688575854	-0.835183163498883	0.036	0.06	1	ALDH18A1	c24
0.000140029807753291	0.835108263137375	0.104	0.067	1	FAM241A	c24
0.0505058323679898	-0.834722978822713	0.019	0.033	1	CMPK2	c24
9.54895892364718e-05	-0.834661961229266	0.055	0.103	1	UBIAD1	c24
0.065154884681794	-0.83417372794854	0.028	0.043	1	NFYA	c24
0.0401018218848258	-0.833999476310544	0.013	0.025	1	MCM2	c24
0.000100875690638675	0.833793587810061	0.112	0.073	1	NUCB2	c24
0.00100301844050722	-0.833394243829693	0.042	0.078	1	GTF3C2	c24
0.0761052294793568	-0.833375449737959	0.014	0.025	1	SPRYD4	c24
0.0095988825538422	-0.833114217421966	0.042	0.068	1	TGFBR3	c24
0.000275262018054838	-0.832717204959947	0.041	0.081	1	HIRIP3	c24
0.119163097788924	0.832671020154708	0.011	0.02	1	CYB5D2	c24
0.000477674642870629	-0.831784291164678	0.053	0.095	1	RCC2	c24
4.13845861942374e-18	-0.831633293358971	0.275	0.451	1.38795625178233e-13	PNPLA2	c24
0.0106126502969465	0.831049521758341	0.063	0.043	1	TMEM156	c24
1.97956156891592e-11	-0.830846290437543	0.344	0.458	6.63905358983023e-07	JAML	c24
0.00734438445198864	-0.830818159260768	0.035	0.06	1	GTPBP10	c24
3.53187461740226e-05	-0.830577318204259	0.083	0.14	1	PRR5L	c24
0.0621685292418069	-0.830518786853965	0.019	0.032	1	ZNF684	c24
0.133548310419528	-0.830497315678064	0.005	0.011	1	MCM8	c24
2.90058698183949e-05	-0.830480020144069	0.072	0.128	0.972798861969329	DDX49	c24
0.0137324938675264	-0.830192246889057	0.042	0.067	1	SH2B1	c24
0.410994100648389	-0.830099637662107	0.044	0.051	1	POLR2J3.1	c24
0.00165532337979698	-0.829709090110589	0.047	0.082	1	CHPT1	c24
0.000135843508062371	0.829587679362488	0.057	0.03	1	MAFF	c24
7.35031880394332e-06	0.829553508669225	0.11	0.067	0.246514992046651	CASS4	c24
3.06178923338289e-36	-0.829467157661034	0.888	0.949	1.02686287309195e-31	MT-ND1	c24
0.00284311897144459	-0.828842894214206	0.044	0.076	1	SEL1L3	c24
0.0225386030734089	-0.828800988640407	0.027	0.046	1	ZNF740	c24
0.0372889498236188	-0.828673134547645	0.061	0.084	1	ARHGAP26	c24
6.56031442212551e-16	-0.828350727047871	0.27	0.43	2.20019825089245e-11	PRKAR1A	c24
1.6526448131388e-17	-0.828202258909316	0.379	0.533	5.54264017430491e-13	KTN1	c24
3.84299155894889e-05	-0.828183524165669	0.11	0.172	1	HIVEP1	c24
0.151614930073392	-0.827532414208821	0.011	0.019	1	CCNF	c24
4.18466595983598e-07	-0.827485911610182	0.11	0.192	0.0140345326960979	STRIP1	c24
0.00127927827855345	-0.827174116207285	0.038	0.071	1	TMEM250	c24
0.0475894765236704	-0.827111592615508	0.017	0.031	1	TRMT61A	c24
0.00784606487543726	-0.826947434590061	0.046	0.073	1	WBP1L	c24
0.00615119344179503	-0.826574067071839	0.03	0.055	1	PGS1	c24
0.00211749934260968	0.826569586443631	0.113	0.082	1	NAF1	c24
1.86846342521368e-06	-0.826445391146453	0.129	0.204	0.0626645263548166	API5	c24
0.00304465360729603	-0.826377469433915	0.036	0.066	1	MED12	c24
0.000242531246257018	0.826298240426803	0.123	0.085	1	PI4K2B	c24
0.000445260460681547	0.826185649642808	0.08	0.05	1	ARHGAP18	c24
1.61503143438232e-08	-0.825874499654406	0.3	0.405	0.000541649242463143	DDX17	c24
8.89704066775804e-06	-0.825830227753742	0.135	0.204	0.298388949915269	ZNF638	c24
4.00444124323947e-06	-0.82563952819285	0.091	0.159	0.134300950415765	MCUR1	c24
0.000396994539665115	-0.825420695960401	0.057	0.099	1	DVL2	c24
0.00335225142932395	-0.825303499903785	0.047	0.078	1	MEMO1	c24
0.0356511021195987	-0.825272777970984	0.041	0.061	1	KDM3B	c24
0.000157762508518641	-0.825249575366071	0.072	0.123	1	TUBGCP2	c24
0.0421767093277829	-0.825216390011842	0.019	0.033	1	LIG4	c24
5.19221626597197e-05	-0.825075419793855	0.099	0.158	1	MCM7	c24
0.000801172882657261	0.825062295748281	0.042	0.023	1	LINC01588	c24
2.00905416592773e-16	-0.824724202664325	0.264	0.426	6.73796586168842e-12	MAF1	c24
1.87847149629457e-05	-0.824696694693699	0.101	0.164	0.630001770427273	KATNBL1	c24
0.0173480659888143	0.824355304502746	0.033	0.02	1	FAM216A	c24
8.29868734456903e-05	-0.824221251581057	0.113	0.169	1	HYOU1	c24
0.465095545462137	0.824145384238641	0.011	0.008	1	NET1	c24
0.00301088506238735	-0.824108427338865	0.031	0.06	1	NVL	c24
5.44724652158234e-09	-0.824070971948656	0.162	0.262	0.000182689753840829	CCR7	c24
0.0455433477868645	-0.823605526589072	0.038	0.056	1	GRAMD1C	c24
0.00063700871194838	0.823356801617474	0.077	0.049	1	ATF7IP2	c24
1.62988505893746e-19	-0.823162209362855	0.33	0.5	5.46630851066444e-15	TWF2	c24
1.19359044475207e-11	-0.822855822594876	0.217	0.347	4.0030636336095e-07	BIRC2	c24
0.000125226643268892	-0.822640821514924	0.088	0.142	1	FCHO1	c24
0.0147584751244564	-0.822564352444388	0.044	0.069	1	PCNX1	c24
0.186655170942103	-0.822533814323748	0.02	0.029	1	RELL2	c24
0.0247669631862363	0.822461321559596	0.055	0.038	1	ZSCAN2	c24
0.000298297511356752	-0.822340336872876	0.046	0.087	1	MFN2	c24
0.00480908091415336	-0.821924203805964	0.033	0.06	1	DLAT	c24
0.0391518687818113	0.821903763816345	0.011	0.005	1	AL627171.1	c24
0.000133645898647223	0.821429255677067	0.094	0.059	1	FGL2	c24
0.00116933273208172	-0.821371161752509	0.042	0.077	1	LAS1L	c24
0.0171918231004001	-0.821323908915281	0.024	0.043	1	CAMK2G	c24
1.40098035072274e-12	-0.82108142799823	0.336	0.469	4.69860790025392e-08	PDE3B	c24
7.53100185227482e-05	-0.821062483840243	0.124	0.186	1	CDK5RAP3	c24
0.00477021736427411	-0.820976595944171	0.019	0.041	1	WNT10A	c24
0.0685908981216913	0.820557074816836	0.017	0.01	1	DMTN	c24
3.60508909329594e-06	-0.820391655434761	0.129	0.202	0.120907478010959	CDK11B	c24
1.61058537882345e-06	-0.82034394942232	0.101	0.174	0.0540158124349808	SDAD1	c24
1.89389168409629e-05	-0.82023485269818	0.079	0.138	0.635173393012214	ZNF831	c24
6.08467421775266e-05	-0.820205926248442	0.05	0.099	1	MRPS9	c24
0.115123906109747	-0.820103326212562	0.009	0.018	1	HEXIM2	c24
0.153682166469279	-0.819914691983227	0.013	0.021	1	CARM1	c24
0.000102171054969712	-0.819883973924233	0.085	0.14	1	DHX38	c24
9.40559938283649e-09	-0.819851859016036	0.127	0.224	0.00031544499210157	ECI2	c24
3.45928430713502e-07	-0.81945433491822	0.142	0.226	0.0116017477092694	CDIPT	c24
8.859962164893e-30	-0.819421157948153	0.443	0.644	2.97145411086181e-25	UBE2I	c24
2.66764062079794e-06	-0.819299869920383	0.14	0.218	0.0894673311403213	GATAD2B	c24
0.00132368936879142	-0.819076974506792	0.047	0.082	1	MAGOHB	c24
0.235353162742309	-0.81884059195491	0.008	0.013	1	HIST2H2AB	c24
0.0903075916784484	-0.818801346949059	0.008	0.016	1	LIN9	c24
9.66244416228511e-16	-0.818354424936041	0.252	0.41	3.24059052314718e-11	PSMD2	c24
0.10033702733291	-0.818269462943733	0.011	0.02	1	EPHA1	c24
0.0272501616517085	-0.817944478256698	0.024	0.041	1	ALDH16A1	c24
0.0539177744065602	-0.817835167073588	0.014	0.027	1	RNF170	c24
0.0271701118869744	-0.817443042137813	0.035	0.054	1	KIAA0391	c24
0.0183604545131942	-0.817337112906703	0.022	0.041	1	TMEM191C	c24
2.52210093275418e-33	-0.817169016690387	0.626	0.773	8.45862210827097e-29	CRIP1	c24
0.000495392002920084	-0.817120339189746	0.074	0.118	1	IPO5	c24
3.08451810775908e-05	-0.81691084768634	0.104	0.164	1	PDCD7	c24
0.00614848673852771	-0.816881548616009	0.05	0.079	1	TTC5	c24
0.05313743258591	-0.816740817483301	0.025	0.04	1	INPP5B	c24
2.99456188358076e-07	-0.816489570498421	0.17	0.256	0.0100431616451532	CCAR1	c24
0.0300673772012392	-0.816361659747235	0.014	0.029	1	SAMD1	c24
0.000134874706304816	-0.816193336921003	0.124	0.184	1	TMEM259	c24
0.00163656245974889	-0.815917740789667	0.047	0.082	1	CWF19L1	c24
0.0168147452822671	-0.814879458664974	0.022	0.041	1	ARHGEF19	c24
0.132905977597789	-0.814649001492026	0.009	0.017	1	CCHCR1	c24
1.16282881941719e-16	-0.814173693748644	0.259	0.422	3.89989529456136e-12	SLC9A3R1	c24
0.282697142636454	-0.813983011399834	0.008	0.013	1	AC004922.1	c24
4.1089965707783e-07	-0.813777276999085	0.121	0.204	0.0137807526990763	E2F4	c24
0.0315571698144139	0.813749119019497	0.053	0.038	1	ZNF184	c24
7.80834785402e-05	-0.813743182767288	0.061	0.112	1	BID	c24
0.23886012829414	-0.813668143429739	0.016	0.023	1	ZNF429	c24
0.000364742017425781	-0.81358948413601	0.091	0.14	1	CENPF	c24
4.04773536075549e-07	-0.813493496969489	0.126	0.208	0.0135752948529018	PRKCQ	c24
1.77407314088326e-05	-0.813400086040243	0.09	0.152	0.594988649989426	RBM10	c24
0.296819790113126	-0.813329653874616	0.009	0.014	1	ALDH6A1	c24
0.0234467212738895	-0.813197151467945	0.016	0.032	1	FANCG	c24
0.00178159262850151	-0.813018886619343	0.075	0.115	1	CYTH4	c24
3.94373076272253e-05	-0.812996573059	0.099	0.158	1	UBL7	c24
2.73475579558407e-05	-0.812966593370111	0.085	0.145	0.917182398722985	NSRP1	c24
2.95074757582719e-06	0.812811991475435	0.085	0.046	0.0989621721980924	RELT	c24
0.0490740363525317	-0.812626237013872	0.044	0.063	1	P3H1	c24
8.45417676638168e-06	-0.81205577558218	0.091	0.156	0.283536180390909	THAP7	c24
0.00441976758924453	-0.812019534005646	0.046	0.076	1	PAN3	c24
0.00567479683893844	-0.811663469040133	0.035	0.061	1	MDM1	c24
0.0267811461324674	-0.811649514794905	0.042	0.064	1	NPRL3	c24
2.45254603752753e-07	-0.811385153699568	0.173	0.269	0.00822534890065982	STK10	c24
0.209674601269032	-0.811125721330908	0.006	0.012	1	SELENON	c24
0.00480436390497754	-0.81107919536313	0.035	0.062	1	FARSB	c24
0.00478776852771724	-0.810835689100108	0.053	0.085	1	QTRT1	c24
0.00187040057177307	-0.810781611217638	0.05	0.086	1	MTMR3	c24
0.000457272549262341	-0.810781167978644	0.064	0.108	1	FBXO42	c24
7.49508767056447e-08	-0.810698210284676	0.11	0.199	0.00251370250295391	BTF3L4	c24
0.00756812244124857	-0.810683926995585	0.042	0.07	1	KCTD13	c24
6.82095163934319e-05	-0.810413198494501	0.061	0.112	1	NSMCE4A	c24
0.00907191562739643	-0.810059898236427	0.024	0.045	1	SLC25A14	c24
0.00917853602589091	-0.809761493173697	0.05	0.078	1	ZCCHC2	c24
4.25253856122565e-31	-0.809616897276927	0.453	0.664	1.42621638266386e-26	POLR2L	c24
0.00268449458471874	0.809287655386341	0.066	0.042	1	AC017002.3	c24
1.64505004988609e-06	-0.808990811375311	0.099	0.172	0.0551716885730798	RNASEH2B	c24
0.0019538105830396	-0.808784341845201	0.044	0.077	1	PSMG3	c24
0.000170633504076127	0.808661997739986	0.119	0.08	1	C2orf69	c24
3.24522956647554e-09	-0.808598235373829	0.176	0.28	0.000108838509200457	MTMR14	c24
1.91757217142359e-05	-0.808540190672463	0.085	0.146	0.643115354852045	CUL1	c24
0.000462764166236232	-0.808208702507721	0.086	0.135	1	EHMT1	c24
0.000329532907000361	-0.808004468163324	0.116	0.168	1	CEP120	c24
0.0010775542094065	-0.807433339112615	0.061	0.1	1	PIGS	c24
0.072916672800129	-0.807412323784665	0.013	0.023	1	TRIP13	c24
0.00166220978505424	-0.807198664407928	0.063	0.101	1	GOLGA3	c24
0.104566007281026	-0.807057491636723	0.008	0.016	1	CDCA5	c24
0.000851601322085562	-0.806999753003451	0.03	0.063	1	CDKN2AIPNL	c24
0.122874153205306	-0.80691288662724	0.011	0.02	1	LRRC45	c24
0.000629233454651368	-0.80682635676889	0.061	0.104	1	VPS39	c24
0.000193554004822542	-0.806789823755292	0.074	0.123	1	SEC24B	c24
0.00522840493146833	-0.806643206602613	0.064	0.097	1	NCSTN	c24
0.00764901501691333	-0.806524542578589	0.024	0.046	1	ZNF235	c24
0.000213819663165618	-0.806245173015105	0.085	0.136	1	KIDINS220	c24
0.0375375459708894	0.805736424380397	0.025	0.015	1	TRGV8	c24
0.00710268674266442	0.805693411320601	0.072	0.05	1	LINC01934	c24
3.19119928539707e-36	-0.805664800444601	0.951	0.99	1.07026441633647e-31	MT-ND4L	c24
0.000145022154172966	-0.805328344961209	0.066	0.114	1	HDDC2	c24
0.000330292555693321	-0.805195178916062	0.108	0.161	1	RHOT2	c24
0.342882761568567	0.805172963772189	0.017	0.013	1	LST1	c24
0.0014562496495843	-0.804961216092249	0.035	0.067	1	NAT9	c24
0.168128824652647	-0.804911424786426	0.027	0.037	1	AGO4	c24
0.0364934861608802	-0.804394468736109	0.016	0.03	1	PAQR4	c24
0.0984238327980798	-0.804387353344163	0.017	0.028	1	SPICE1	c24
0.0728934506242316	-0.804338202394618	0.017	0.029	1	ISYNA1	c24
0.00640978517346018	-0.804222994600432	0.02	0.043	1	C11orf54	c24
0.0680177029220122	-0.80317391930419	0.016	0.028	1	MAST2	c24
0.125493532413099	-0.803114544411413	0.013	0.021	1	TMEM251	c24
0.0582823054596204	-0.802790385390675	0.036	0.053	1	TRIM25	c24
0.000121317567313135	-0.802525056605106	0.074	0.125	1	TRADD	c24
0.00102474152773116	-0.802517523239516	0.052	0.09	1	GGA3	c24
8.55501015868064e-05	-0.802469977040615	0.061	0.111	1	RNF13	c24
5.2303090275502e-09	-0.802406725855406	0.181	0.288	0.000175414104165979	CDS2	c24
0.340194520906428	-0.802342938369082	0.009	0.014	1	PHF7	c24
1.09754329303893e-12	-0.802220949722146	0.263	0.397	3.68094069619398e-08	ARPC1B	c24
7.86597964870539e-05	-0.802127621474968	0.086	0.142	1	LCOR	c24
0.0278691564096575	-0.801869705278676	0.041	0.062	1	CES2	c24
0.158015340904128	0.801156247970745	0.016	0.01	1	AC015982.1	c24
2.98121518219824e-12	-0.801155765904745	0.228	0.362	9.99839947805644e-08	MANF	c24
9.03724454613471e-07	-0.800943392131695	0.101	0.176	0.0303091107588266	KPNA3	c24
0.0392733265177842	-0.800822866912808	0.024	0.04	1	DDX28	c24
0.000292136943062015	-0.800760629453542	0.058	0.102	1	GTF2H5	c24
0.00180630326906504	-0.800524365654929	0.093	0.134	1	HIVEP2	c24
3.93512156951728e-05	-0.800397564523368	0.107	0.167	1	TGIF2	c24
2.80061703408413e-05	-0.800133452567593	0.132	0.198	0.939270940891137	GTF2I	c24
0.00081431572661229	-0.800004852704828	0.082	0.125	1	APEH	c24
0.0834046955694742	-0.79975119380238	0.02	0.033	1	ENTR1	c24
3.64529985081807e-12	-0.799145780079866	0.289	0.423	1.22256066396737e-07	AUP1	c24
0.000285521355513989	-0.799124488805781	0.071	0.117	1	CDCA7	c24
0.12978695921026	-0.79834131541902	0.013	0.021	1	SLC27A5	c24
0.0965069147634012	-0.798249081721947	0.014	0.024	1	ZNF771	c24
2.27682936071491e-07	-0.798114165774332	0.116	0.2	0.00763603030996567	PSENEN	c24
0.00287189413245919	0.797659101362077	0.033	0.017	1	EARS2	c24
0.239395121002962	-0.79755814024099	0.017	0.024	1	TRMT12	c24
0.0939216104798155	-0.797495830299813	0.011	0.02	1	CHST14	c24
6.07368581187129e-19	-0.797473161248618	0.403	0.574	2.03699274758539e-14	NFKB2	c24
0.222815926140278	-0.797440237462721	0.022	0.03	1	RABL2B	c24
0.0110436381766556	0.797424266088688	0.055	0.036	1	STARD4	c24
0.000324729437439542	0.797007814730544	0.055	0.03	1	CD244	c24
0.0505220782235245	-0.796935945881279	0.016	0.029	1	SLC12A6	c24
0.177191645275902	-0.796800012766884	0.017	0.026	1	RALGPS1	c24
0.0254634858638855	0.796338883706383	0.063	0.045	1	ZNF669	c24
0.125569605422848	-0.795432927657215	0.016	0.025	1	VARS	c24
4.12884112809777e-05	-0.795320461429451	0.058	0.11	1	HEBP2	c24
0.358915175068152	-0.795244713901692	0.011	0.015	1	FAM117B	c24
0.00242966306258632	-0.795194454526549	0.072	0.11	1	DCAF5	c24
0.32516200208874	-0.795179811200073	0.013	0.018	1	DCUN1D2	c24
0.0935118981781981	-0.794938867732304	0.008	0.016	1	FAM86C1	c24
0.00429548518977151	-0.794918655654664	0.046	0.076	1	NBPF14	c24
1.05388511168804e-10	-0.794369192572547	0.233	0.351	3.53451988757934e-06	RANBP2	c24
2.44314628304804e-05	-0.794176551256132	0.077	0.135	0.81938240040865	GLT8D1	c24
0.0189513378692091	-0.794116976976047	0.039	0.062	1	STX17	c24
0.000237493634286508	-0.793946362646319	0.06	0.105	1	SNX27	c24
0.468617545243026	-0.793925049426303	0.009	0.013	1	IFT122	c24
0.018724801170827	-0.793432522147521	0.033	0.055	1	MAVS	c24
0.00381671608529931	-0.792826671086055	0.033	0.061	1	TRAP1	c24
2.96119007877611e-06	-0.792771642850374	0.072	0.138	0.0993123928619933	ACLY	c24
0.0465769629204385	-0.792764406272849	0.008	0.019	1	SCO2.1	c24
0.000179156939158424	-0.792633997715906	0.053	0.099	1	AARS	c24
5.23813883617191e-06	-0.792603896680321	0.08	0.145	0.175676700287533	RDH14	c24
0.000717403652473278	-0.792546008431136	0.06	0.1	1	BMF	c24
1.56453490340818e-05	-0.792494304002058	0.116	0.183	0.524713715905034	U2AF1L4	c24
0.00814321331998228	-0.791951780579068	0.049	0.076	1	RACGAP1	c24
5.82009540380309e-05	-0.791789689720591	0.094	0.152	1	CREB1	c24
0.00214396993930244	-0.791525161967839	0.039	0.071	1	DCLRE1C	c24
0.0219261718925875	-0.791216641592078	0.025	0.044	1	HIGD1A	c24
4.01880720842802e-23	-0.791213166113274	0.615	0.753	1.34782756156259e-18	ZFP36L2	c24
1.83265572554158e-21	-0.791210138091993	0.473	0.62	6.14636077232134e-17	CD6	c24
1.27240554825198e-47	-0.791196419605273	0.975	0.998	4.26739372772751e-43	MT-CO1	c24
0.0861576751311547	-0.790902862081012	0.055	0.072	1	CTC1	c24
0.305617778930121	-0.790852133003697	0.006	0.01	1	PNPLA7	c24
0.00766546859374887	-0.790726479914311	0.033	0.058	1	KIAA0355	c24
9.06518863438761e-05	-0.790491946040718	0.05	0.097	1	APIP	c24
0.125634874755104	-0.790238639314805	0.013	0.021	1	KCNQ1OT1	c24
0.00300970904169936	-0.790042735472279	0.036	0.066	1	BRI3BP	c24
0.000608487402008632	-0.790022347047315	0.041	0.078	1	PSD4	c24
8.99095805151648e-06	-0.790013037773043	0.112	0.18	0.30153875113176	DNMT1	c24
0.191236533623303	0.78995510158931	0.013	0.008	1	NEURL1	c24
9.9994807233557e-07	-0.789902706020564	0.079	0.149	0.0335362584499903	AIDA	c24
0.00437548162489111	-0.789814102895512	0.041	0.07	1	SLC25A20	c24
0.0914646978247874	-0.78955600692287	0.013	0.023	1	C17orf58	c24
0.168556225488784	0.789469580113166	0.02	0.014	1	AC079341.1	c24
2.05102177440156e-07	-0.789247036869387	0.179	0.269	0.00687871682698795	CELF1	c24
4.3213025818523e-43	-0.789206251448384	0.717	0.855	1.44927845990162e-38	LDHA	c24
0.0190578751956575	0.788849102424892	0.03	0.018	1	PLD6	c24
0.477315309191416	0.788562520044235	0.011	0.008	1	GGACT	c24
0.290877392417095	-0.788154632355922	0.009	0.014	1	USP46	c24
0.00594807075287539	0.788114913187266	0.039	0.023	1	MORC4	c24
1.11955088727385e-10	-0.788034861463323	0.222	0.34	3.75474976573905e-06	RPS10	c24
0.000152625647293398	-0.787638842271194	0.052	0.098	1	ZFYVE21	c24
6.65332517413667e-08	-0.787607447031866	0.167	0.261	0.00223139219690196	CHMP1A	c24
0.000378178629459148	-0.787575882027366	0.046	0.086	1	TMEM14A	c24
0.00106096037439759	-0.787531048398459	0.064	0.104	1	C8orf33	c24
6.77917687352733e-15	-0.787439305788428	0.209	0.364	2.27360033984359e-10	C4orf48	c24
0.000502407494738748	-0.787402511537191	0.033	0.069	1	GTF3C4	c24
0.00827487754955343	0.787234034895788	0.063	0.042	1	MRPL53	c24
0.180810184736458	-0.787138715965534	0.008	0.014	1	FUT4	c24
0.000439832491131757	-0.787082438706352	0.135	0.189	1	TUT4	c24
0.309657250349798	-0.787032128938865	0.006	0.01	1	KIF7	c24
6.87302128573889e-07	-0.786990765383515	0.151	0.233	0.0230507387881111	UBA1	c24
0.00413301336367985	-0.786970674385336	0.036	0.064	1	ALG1	c24
0.0199919836543026	-0.786670817956725	0.025	0.044	1	MTFR1L	c24
0.0213595496765083	0.786443226319847	0.036	0.023	1	FO393401.1	c24
0.000164730143878869	-0.786400108684572	0.082	0.134	1	RAB3GAP2	c24
0.00223934191656576	-0.786103111393567	0.079	0.118	1	DOCK11	c24
3.16103571353864e-05	-0.785864938698994	0.132	0.196	1	WASHC4	c24
5.50087996907765e-06	-0.785464767949713	0.135	0.209	0.184488512402926	ARNTL	c24
0.00103431866891531	-0.785455190666075	0.083	0.127	1	RRBP1	c24
2.11056322678852e-14	-0.78530676085837	0.278	0.429	7.07840695000335e-10	SCAF11	c24
0.253812569292053	-0.785292444035919	0.014	0.021	1	CCDC142	c24
0.000306636396705482	-0.785147258080094	0.129	0.183	1	ZNF335	c24
5.50829644101295e-05	-0.785017439439202	0.066	0.119	1	C6orf47	c24
0.000191073569036776	-0.784653010693624	0.093	0.145	1	LSG1	c24
0.248553175049557	0.784568533190743	0.02	0.015	1	TCEAL1	c24
0.0457547284531722	-0.78437525824735	0.016	0.029	1	ZNF329	c24
0.00138778933858575	-0.784364629630998	0.042	0.076	1	FAM222B	c24
0.00162362320772411	-0.784297557046737	0.035	0.066	1	POLR3F	c24
4.51145807500356e-09	-0.783626414056326	0.198	0.308	0.000151305280919469	UPF2	c24
0.000746536601681704	-0.78355277947739	0.05	0.089	1	COP1	c24
0.102099560390547	-0.783505221732751	0.016	0.026	1	ZNF124	c24
4.42501558762815e-06	-0.783230921099445	0.096	0.164	0.148406172777873	PRPF19	c24
1.72430185535933e-05	-0.782292903818233	0.115	0.179	0.578296356250413	LY9	c24
0.0645522213967065	-0.782219155398931	0.028	0.043	1	ABCF2.1	c24
0.142551756397596	-0.782189403481149	0.011	0.019	1	HYLS1	c24
0.00389516645148219	-0.782144783325212	0.063	0.097	1	RNF111	c24
0.00544569271434317	-0.782117803521662	0.053	0.084	1	ANKH	c24
0.0368592340561947	-0.781692374408895	0.031	0.05	1	RCBTB1	c24
0.1385006615378	0.781393004245678	0.03	0.021	1	COPG2	c24
0.0104189663168672	0.780972094659408	0.024	0.012	1	AL590006.1	c24
0.00986524990025462	0.780960940529278	0.046	0.029	1	NLRP6	c24
0.00101321564257802	-0.780654139199945	0.053	0.091	1	UBE2O	c24
0.299029759318254	-0.780545465472089	0.011	0.016	1	TMEM201	c24
3.49463075160635e-05	-0.780087793759495	0.082	0.14	1	EXOSC3	c24
3.41670428770867e-13	-0.779842392353726	0.314	0.451	1.14589428401173e-08	SEPT2	c24
0.00366380734716559	0.779751777197316	0.091	0.064	1	PIGA	c24
0.00395842129788539	-0.779633803680376	0.046	0.076	1	DNLZ	c24
0.234548796079437	-0.779557142572536	0.008	0.013	1	ZNF852	c24
0.0737413136266959	-0.779361821643837	0.006	0.015	1	TRIM47	c24
0.000110447037423217	-0.779067312646881	0.053	0.101	1	BCKDHA	c24
0.00106776933628841	-0.778881950809335	0.093	0.138	1	MBTPS1	c24
0.00160876584986393	-0.778875153169499	0.031	0.062	1	GALC	c24
0.0132671862752825	-0.778697801965082	0.041	0.065	1	CEP83	c24
2.0236081849056e-10	-0.77815224381738	0.197	0.315	6.78677713053642e-06	UQCRC1	c24
0.0610806518887612	-0.77783008143591	0.027	0.041	1	MOSPD2	c24
0.00274511289421843	-0.777574195298993	0.069	0.106	1	PARP6	c24
0.00873080977195676	-0.777497496048891	0.028	0.052	1	HMG20A	c24
0.000170462417573848	-0.777426919828745	0.079	0.129	1	ARMC10	c24
0.194837081933512	0.777294480822171	0.014	0.009	1	TBC1D32	c24
0.000241898214150986	-0.7771907268484	0.071	0.119	1	LETM1	c24
0.139330614860709	0.776693162900608	0.014	0.009	1	STK3	c24
3.49637112115033e-07	-0.776637073911029	0.121	0.205	0.011726129466114	YIF1A	c24
0.000698238275536999	-0.776480890934484	0.115	0.163	1	DNAJC21	c24
0.0434049152491467	-0.776077810355176	0.058	0.08	1	SELL	c24
0.00100328311253641	-0.775644630236996	0.036	0.07	1	PARD6G	c24
0.391693926402295	-0.775631386390773	0.008	0.011	1	USP13	c24
0.120382964554561	-0.775522572788232	0.036	0.049	1	HMBOX1	c24
0.0874686076555434	-0.775266652504449	0.024	0.036	1	FOXK1	c24
0.00162644859938092	-0.774936194960647	0.05	0.086	1	PUSL1	c24
0.0443649392751902	-0.774925963179572	0.016	0.029	1	YPEL1	c24
0.031011751926045	0.774758973436063	0.014	0.007	1	ZNF483	c24
6.99547231032026e-08	-0.774645032198847	0.135	0.229	0.00234614150343521	MLX	c24
1.1368620549684e-15	-0.774348514688576	0.302	0.456	3.81280795995303e-11	TRAM1	c24
5.37149780031853e-05	-0.773693864060635	0.085	0.141	1	TOP2B	c24
0.0938245676769692	-0.773551867491418	0.028	0.041	1	RAD18	c24
1.38602291768697e-15	-0.773512688337544	0.305	0.465	4.64844366133857e-11	WASF2	c24
0.0755496542837408	0.773511453209597	0.033	0.023	1	HILPDA	c24
0.042955329147518	-0.77326812582362	0.019	0.033	1	FAM114A2	c24
4.87408955873984e-05	-0.77318024804846	0.079	0.135	1	RARS	c24
0.0303039100784276	-0.77316880130466	0.031	0.05	1	CBX4	c24
0.107490319271783	0.772843521648775	0.014	0.008	1	AC132192.2	c24
1.36180849860635e-09	-0.772797007158694	0.22	0.331	4.56723334262599e-05	TAF15	c24
0.0422547029505202	-0.772624414439171	0.009	0.021	1	BTBD2	c24
2.40076501526137e-14	-0.772387054257818	0.244	0.403	8.05168570818357e-10	ARL2BP	c24
0.00351758024983293	-0.772364328096324	0.044	0.075	1	ZBTB48	c24
0.132529955389841	-0.772278467563137	0.013	0.021	1	CHRNE	c24
0.0090786704878971	-0.772278064390252	0.031	0.055	1	INTS5	c24
0.194023160808788	0.772033856962564	0.055	0.045	1	CCDC28B	c24
9.63433115857517e-05	-0.771957924265693	0.069	0.12	1	DESI1	c24
1.1993465203289e-05	-0.771906128370052	0.119	0.188	0.402236835987908	IFNAR1	c24
5.37385776480799e-05	-0.771720928122926	0.121	0.183	1	UBA3	c24
0.0120463149832404	0.771436263241031	0.019	0.009	1	AC009061.2	c24
0.00375463729184401	-0.771328067077975	0.046	0.077	1	GTF2IRD2B	c24
6.29469965044428e-08	-0.7711994159522	0.14	0.232	0.002111116368766	SEC61A1	c24
1.04292977175513e-05	-0.771175355418639	0.115	0.183	0.349777786851234	BAG6	c24
0.00135808683056539	-0.771152558797141	0.031	0.063	1	MTERF3	c24
0.00765902053725878	-0.771148722183352	0.052	0.081	1	FUBP3	c24
0.0042938590144286	-0.770933386455304	0.035	0.063	1	HEXA	c24
4.9591611427493e-09	-0.770614025933716	0.189	0.293	0.000166320346405526	C19orf70	c24
0.168253833366568	-0.770135424138803	0.017	0.026	1	C2CD2L	c24
6.94326276177042e-05	-0.77009389022235	0.093	0.15	1	PELP1	c24
0.0012625528966042	-0.769932813960797	0.057	0.095	1	OAZ2	c24
0.000350967609804075	-0.769756480796848	0.107	0.159	1	UBAP2L	c24
0.036100585495352	-0.769491279744131	0.03	0.048	1	ZNF212	c24
0.000173004976003661	-0.769410305144853	0.09	0.142	1	LRCH3	c24
2.29046092279357e-05	-0.769351874052972	0.178	0.248	0.768174784286506	GON4L	c24
5.42110607462196e-06	-0.769286268069711	0.099	0.168	0.181813055530671	RRP1B	c24
0.877664120086352	0.769110438672155	0.016	0.015	1	FDXR	c24
0.00622995256164071	-0.768833227130999	0.071	0.104	1	DMAP1	c24
0.00153074054807094	-0.768798119418917	0.135	0.182	1	RBM6	c24
0.0428151441220957	-0.768733805843014	0.055	0.076	1	IKZF2	c24
5.99135262316584e-05	-0.768579585618749	0.085	0.141	1	USO1	c24
0.0213189349989094	-0.768421066602444	0.024	0.042	1	VPS41	c24
0.00487920282348257	-0.768419949062439	0.055	0.086	1	SPOUT1	c24
0.273804433523512	-0.768150993232327	0.006	0.011	1	LRFN3	c24
0.0444731012748459	-0.768150288730796	0.014	0.027	1	ZNF583	c24
7.27086745944862e-07	-0.767660229687192	0.123	0.202	0.0243850352854988	SMARCD1	c24
0.0412225525280731	-0.767631875303988	0.052	0.073	1	ANO6	c24
0.0895290059330412	-0.767398491186063	0.016	0.027	1	GATD3A	c24
0.246894077122441	0.767255152640756	0.016	0.011	1	PHOSPHO2	c24
0.18249650601491	-0.767166534682919	0.005	0.01	1	TRAV8-3	c24
0.121256803392315	-0.767159603106257	0.02	0.031	1	IPO11	c24
0.0634254450929353	-0.766926053841778	0.02	0.034	1	ZFAND4	c24
0.00306683794555447	-0.766313928576658	0.083	0.122	1	PRKDC	c24
0.157202123021287	-0.766035836624289	0.013	0.021	1	LYPLAL1	c24
3.55139138904365e-05	0.765685199703478	0.038	0.017	1	FXYD2	c24
0.0116397634890983	-0.765634080293604	0.035	0.058	1	FOXK2	c24
1.20729613081789e-08	-0.765529177613096	0.269	0.374	0.000404902976353702	RALGDS	c24
0.0309691253317303	-0.765297039098098	0.039	0.06	1	CMTR1	c24
0.098109732185849	0.765260827854768	0.019	0.012	1	SH3D21	c24
0.000223724305907218	-0.765070034084684	0.044	0.086	1	TBC1D10B	c24
0.251979054201145	-0.765026745202411	0.006	0.011	1	TTLL1	c24
0.000106397295550557	-0.764951975439938	0.038	0.081	1	REEP4	c24
0.304323911089649	-0.764939301473188	0.014	0.02	1	ZNF678	c24
0.000115191554645036	-0.764515742854603	0.112	0.17	1	PSMA3-AS1	c24
8.62059974453069e-12	-0.764450444541027	0.269	0.398	2.8911767423207e-07	DDX46	c24
0.240209467108508	-0.764388101973109	0.016	0.023	1	LY75	c24
0.00048705551941072	-0.764224382611384	0.121	0.173	1	ATP8A1	c24
0.0120928770131044	-0.764189893133846	0.097	0.131	1	LENG8	c24
0.101953945905296	0.764143717610609	0.016	0.009	1	DPP4	c24
9.52818766080595e-05	-0.764112384384984	0.094	0.151	1	KIFAP3	c24
0.0432538461241612	-0.763914246164677	0.009	0.021	1	ZMYM1	c24
0.0367645932624327	-0.763731104097605	0.057	0.079	1	MICAL1	c24
0.0836644356916462	-0.76356879574928	0.027	0.04	1	PIGF	c24
9.96944254204648e-14	-0.763559756156332	0.423	0.556	3.34355163975155e-09	EML4	c24
0.00930764838383264	-0.763378629426828	0.046	0.072	1	PRMT9	c24
6.19635028362513e-10	-0.763307888400633	0.176	0.29	2.0781319581222e-05	TMEM123	c24
0.0676389793668694	-0.763297994473099	0.039	0.056	1	ZNF282	c24
0.0135977625676647	-0.763233339297888	0.035	0.058	1	HPS5	c24
0.151673188372889	-0.763172835763615	0.02	0.03	1	C1orf21	c24
2.27979523830492e-11	-0.762999159876332	0.156	0.278	7.64597727022703e-07	XAB2	c24
0.0344093704242728	-0.762677375255914	0.035	0.054	1	FASN	c24
0.0367280796854789	-0.762164588328087	0.08	0.106	1	SFI1	c24
0.00238289868556866	-0.761955141704397	0.071	0.108	1	ING5	c24
1.16516861463678e-11	-0.761711143686076	0.228	0.358	3.90774249976882e-07	VPS35	c24
0.146339487222414	0.761614121115311	0.016	0.01	1	HIST2H2BF	c24
2.83237828584716e-05	-0.761494530150952	0.104	0.166	0.94992302950742	STXBP3	c24
0.0209113093944856	-0.761447103896945	0.055	0.08	1	TYK2	c24
0.282939175744538	-0.761131629393908	0.006	0.011	1	CFAP54	c24
3.6160029565023e-06	-0.760829238064445	0.164	0.243	0.121273507155174	RASGRP1	c24
0.0785054607437001	-0.760824807202799	0.016	0.027	1	MRPS17	c24
0.0583730684039736	-0.760677837643229	0.036	0.053	1	AL359220.1	c24
0.0291864486269949	-0.760442654388246	0.031	0.051	1	GBA2	c24
0.0522037681333818	0.760170717939926	0.024	0.014	1	MIR762HG	c24
0.0359264206783934	-0.759916060248729	0.016	0.03	1	RAB11FIP2	c24
9.76389083989758e-29	-0.759908306852815	0.538	0.703	3.27461370988485e-24	TAP1	c24
1.73992897100653e-08	-0.759690835292106	0.135	0.233	0.000583537378296169	ZNF22	c24
0.00058340900795822	0.759645608183133	0.068	0.041	1	RGS9	c24
0.159215828238857	-0.759600613614606	0.008	0.015	1	TNKS1BP1	c24
1.733438220004e-14	-0.759577255609826	0.31	0.459	5.8136051022494e-10	CCNDBP1	c24
0.104722075883228	-0.759322373097326	0.042	0.057	1	ST8SIA1	c24
0.0777708824781162	0.759039038456273	0.028	0.019	1	ERV3-1	c24
2.32391470843785e-06	0.758987868789576	0.105	0.061	0.0779394514915885	CD38	c24
0.0752790339028746	0.758468125907541	0.013	0.007	1	FXYD6	c24
0.000383117813592831	-0.758438178348708	0.091	0.14	1	ARFGEF1	c24
0.00790485762276602	-0.758332925105488	0.024	0.046	1	POMC	c24
7.42835324580479e-12	-0.758254530815414	0.236	0.364	2.49132111157801e-07	AP2S1	c24
0.0118979118663264	-0.758148203565284	0.035	0.058	1	ICAM2	c24
0.26968493294038	-0.757943736201373	0.013	0.019	1	GCNA	c24
8.58800445222555e-05	-0.757914578264059	0.064	0.114	1	ABRAXAS2	c24
1.37581052407463e-07	-0.757868106685952	0.124	0.211	0.0046141933356415	CASC3	c24
0.00010594428711717	-0.757714335484344	0.156	0.218	1	DOCK8	c24
0.00025423665847622	-0.757450114771174	0.042	0.083	1	CD8B2	c24
0.00621129257032333	-0.757269972849025	0.06	0.091	1	LRCH1	c24
0.000268955587153873	-0.756951820232703	0.096	0.147	1	UBA6	c24
0.00689389232975059	0.756898756158879	0.099	0.073	1	HIST1H2BC	c24
0.014309110241386	-0.756791331737415	0.038	0.061	1	POC5	c24
0.0132792802014026	-0.756480917118403	0.071	0.099	1	USF1	c24
0.207369368650703	0.756399963864322	0.017	0.012	1	AL355001.2	c24
0.0485414303854051	-0.756063750793108	0.035	0.052	1	POP1	c24
0.0108190764016008	-0.75605433673935	0.019	0.039	1	ZDHHC13	c24
0.000556474140473936	-0.755995659599435	0.052	0.092	1	PPME1	c24
0.0012952420968808	0.755419797776049	0.063	0.038	1	NDUFV2-AS1	c24
0.288714707105016	-0.755394386724743	0.019	0.025	1	FBXO46	c24
0.20504314853325	-0.755292450262596	0.022	0.031	1	ALDH3A2	c24
0.0289841201831983	-0.754960275699674	0.019	0.035	1	FBXO45	c24
1.5182312906768e-08	-0.754855694906475	0.201	0.304	0.000509184410267186	SF3A3	c24
0.0447967089571679	-0.754605939864413	0.041	0.06	1	STX16	c24
0.127973711718628	-0.754205173925791	0.017	0.027	1	IBA57	c24
3.58830573602031e-24	-0.754011448129817	0.585	0.703	1.20344597774649e-19	RBPJ	c24
0.257377519955636	0.75375723857372	0.014	0.01	1	ADARB2	c24
0.000606695229644108	0.753732372077069	0.151	0.112	1	SMIM4	c24
2.92803188107199e-24	-0.75372807284448	0.498	0.663	9.82003332273922e-20	ANXA2	c24
5.16229462555509e-05	-0.753657689426788	0.097	0.157	1	DBNL	c24
0.111166284500974	-0.753413144274484	0.008	0.016	1	DOLPP1	c24
0.0461133503827726	-0.753402489048781	0.02	0.035	1	CUX1	c24
0.176885132419023	-0.753392057359469	0.011	0.018	1	GATAD1	c24
6.47689194059806e-08	-0.753375589283148	0.131	0.223	0.00217222001903778	PRPF31	c24
9.68951909693266e-06	-0.75311415387911	0.082	0.145	0.324967091472928	NUDT22	c24
0.00256032390591567	-0.753075810803741	0.041	0.072	1	MIEF1	c24
1.17091461363859e-12	-0.752948149055263	0.316	0.453	3.92701343122109e-08	ROCK1	c24
0.000211514785214614	-0.752801431128086	0.038	0.078	1	CHRNB1	c24
7.20041685652486e-16	-0.752787982935798	0.456	0.596	2.41487580534131e-11	ITGAE	c24
0.00840955845770153	-0.752771307178235	0.031	0.056	1	TMEM19	c24
0.00638904060338506	-0.752654914252032	0.033	0.059	1	ANKRD40	c24
0.014751417345224	-0.752605704303657	0.047	0.072	1	BRPF1	c24
0.261549333611305	-0.752508826563751	0.006	0.011	1	NOTCH2NL	c24
0.100393546957549	-0.752286161876189	0.022	0.034	1	CACTIN	c24
0.000433367283797513	-0.752178726038334	0.069	0.114	1	CD2AP	c24
0.000338245129700321	-0.752123760398093	0.101	0.152	1	POLR3E	c24
0.00460806343749602	-0.751897962240139	0.036	0.064	1	HDGFL2	c24
8.07537364436043e-05	-0.751718877576999	0.088	0.144	1	USB1	c24
1.24050069456093e-05	-0.751326954361273	0.113	0.18	0.416039122941846	ESD	c24
0.000770046012872936	-0.751305969800399	0.068	0.11	1	DLGAP4	c24
7.43334505748542e-05	0.751136441434607	0.115	0.075	1	CDADC1	c24
7.99215473616826e-07	-0.750757001349199	0.102	0.179	0.0268040885541611	VIM-AS1	c24
0.00862394642769079	-0.750638195165848	0.025	0.048	1	ZSCAN32	c24
0.293304390558359	0.750438119812317	0.016	0.011	1	PTER	c24
0.0474337917345541	-0.750372653581144	0.025	0.041	1	EIF2B3	c24
0.144855781374214	0.750328903727555	0.02	0.014	1	TBC1D31	c24
0.000699597992547769	-0.750169785439306	0.072	0.115	1	CSPP1	c24
0.147665236732923	0.75002098087785	0.017	0.011	1	TMSB15B	c24
0.914720655578928	-0.749711783825891	0.019	0.019	1	DYNC2H1	c24
0.000673094003725207	-0.749570521815614	0.058	0.1	1	COG1	c24
8.35727492130923e-08	-0.74944098710945	0.178	0.271	0.00280286286310869	S1PR4	c24
0.0122254367331437	0.749344499933255	0.047	0.03	1	CD109	c24
0.391594208290226	-0.749303397793163	0.006	0.01	1	RNF227	c24
0.00113588226273009	-0.74923505656647	0.055	0.093	1	ATG9A	c24
3.36438653926194e-05	-0.749213973410786	0.094	0.155	1	MBD1	c24
0.000734484288679342	-0.748846734448855	0.046	0.084	1	DNAJA3	c24
0.000969656612331827	-0.748790988099339	0.044	0.081	1	AC008105.3	c24
0.0162863886567959	-0.748761906320166	0.042	0.066	1	MEGF9	c24
0.00708095699817565	-0.748751744968608	0.069	0.101	1	MLLT10	c24
0.0510158427241239	-0.748722664404253	0.024	0.039	1	LARP1B	c24
0.102296893672312	-0.748684299165556	0.013	0.022	1	ALS2	c24
6.48246333223806e-07	-0.748543846917712	0.127	0.21	0.02174088552366	IRF2	c24
0.00151717310840669	-0.748542036081025	0.064	0.103	1	POGK	c24
0.275184005454481	-0.748301122443915	0.031	0.04	1	KIAA0556	c24
0.0220960947577347	-0.748188857487784	0.069	0.096	1	ENTPD4	c24
0.000941228642199467	-0.747917622152768	0.041	0.076	1	UROS	c24
0.00234348952704248	-0.747756319544284	0.06	0.096	1	CCDC91	c24
4.72837541156539e-05	0.747726198173483	0.201	0.15	1	PDLIM4	c24
0.0005344745433979	0.747632039954063	0.064	0.038	1	SRGAP3	c24
3.27982503016354e-08	-0.747411522223222	0.197	0.296	0.00109998771861625	MAGED2	c24
0.0491628859080876	-0.747337045760044	0.013	0.025	1	ABCB10	c24
2.9745116049129e-05	-0.746907253502904	0.099	0.16	0.997591702055689	CDCA4	c24
8.10695313349641e-13	-0.746821814656148	0.27	0.405	2.71890994191203e-08	REST	c24
0.0789746645096434	-0.74647292366093	0.036	0.052	1	RUFY2	c24
5.80458058569931e-06	0.746225453038401	0.096	0.055	0.194674023683183	GTF3C3	c24
0.0717375707296423	0.746216801462829	0.03	0.02	1	LINC01358	c24
6.76657645271602e-05	-0.746066808181819	0.083	0.139	1	CCS	c24
8.85027506264975e-08	-0.745912838761796	0.201	0.295	0.00296820525051147	MVP	c24
0.000106163852334905	0.745270820998636	0.09	0.055	1	MAF	c24
0.116300281732784	0.745134492942852	0.022	0.015	1	AL139260.1	c24
5.92961420275308e-08	-0.745110220472369	0.126	0.221	0.00198867401131933	USF2	c24
0.145259466951918	-0.745014781806207	0.005	0.011	1	AC109826.1	c24
2.97175430994544e-05	-0.744963366363011	0.091	0.152	0.996666960469501	ARAF	c24
0.00121986214940931	0.744960351871929	0.241	0.199	1	NR4A2	c24
4.81681328094788e-05	0.744958724104616	0.108	0.068	1	FNDC9	c24
3.21698436242611e-08	-0.74480918444865	0.121	0.213	0.00107891221547047	TOLLIP	c24
1.83372591940555e-07	-0.744615552469222	0.182	0.275	0.00614994998850234	FBRS	c24
0.0569194465631898	-0.744583715871793	0.031	0.048	1	SLC2A6	c24
0.244994022295595	0.744561497568315	0.02	0.015	1	SRP14-AS1	c24
0.514634014124805	0.744510001608688	0.02	0.017	1	DHRS12	c24
0.00125109722813964	-0.744150655289602	0.036	0.069	1	NFKBIL1	c24
0.000136797022306839	0.743555603157306	0.08	0.048	1	KLF9	c24
0.00773989254193666	-0.743438895704208	0.052	0.081	1	TNKS	c24
2.38826447073314e-06	-0.743300789645633	0.164	0.243	0.080097613819448	VPS51	c24
0.428743211292658	-0.743289563225019	0.008	0.011	1	FAM149B1	c24
0.0022046023121935	-0.742971169528387	0.06	0.096	1	UROD	c24
0.000655672561324496	-0.742901336643151	0.091	0.138	1	PI4KB	c24
0.000452271495693639	-0.742550466372551	0.052	0.093	1	MNAT1	c24
7.29076970888024e-09	-0.742516574340834	0.165	0.266	0.000244517834496425	PSMD1	c24
0.100545846203243	0.742509630426939	0.027	0.018	1	KLHL15	c24
0.0390968301471916	-0.742285367508309	0.022	0.038	1	BOLA1	c24
0.105420843627805	0.742255831678161	0.016	0.009	1	AL050341.2	c24
0.000490406941685522	-0.741883393459854	0.101	0.15	1	AHCTF1	c24
0.000200945709357213	-0.741791872840975	0.079	0.128	1	GPR137	c24
0.0586826563886073	0.74175169325781	0.031	0.021	1	LINC01550	c24
0.0323067671372031	-0.741749822221549	0.041	0.061	1	UGGT1	c24
1.68610220327606e-06	-0.74174047579671	0.14	0.22	0.0565484956934726	SSRP1	c24
3.26138105241183e-05	-0.741565187543397	0.093	0.152	1	COPG1	c24
0.048407655408832	0.741484074682401	0.038	0.026	1	AL451165.2	c24
6.15423605522619e-07	-0.741324835174735	0.148	0.232	0.0206400768820176	TSN	c24
0.0204059853229391	0.741106819763642	0.275	0.244	1	RHOB	c24
0.0498083565057304	-0.741014987255598	0.022	0.037	1	GNPNAT1	c24
0.0531356027958512	-0.740925275614609	0.035	0.051	1	GID4	c24
1.03463494992421e-05	-0.74075797713222	0.115	0.184	0.346995869505582	BRD7	c24
0.00626827148194647	-0.740626730903841	0.039	0.067	1	NAXD	c24
2.3492844260508e-08	-0.740420331949054	0.156	0.256	0.000787903010808917	MRPS5	c24
0.0856899893589496	-0.740226579592668	0.019	0.031	1	TPPP	c24
0.000143667197669096	-0.739862303469978	0.05	0.096	1	RPUSD3	c24
0.00709280009965345	-0.739812807879675	0.049	0.077	1	ASAH1	c24
0.862381715990835	0.739618664426561	0.013	0.012	1	TRAV26-1	c24
0.000206463874168813	-0.739603950694946	0.134	0.193	1	GRK2	c24
0.00010293400295266	-0.739461163835068	0.088	0.142	1	SSBP4	c24
0.0100556753934339	-0.739385347564443	0.061	0.091	1	LRRC58	c24
0.0335084399097729	0.739228993119648	0.025	0.015	1	EFNA4	c24
0.00130872347792482	-0.739158792661283	0.041	0.075	1	TTC4	c24
0.295963265809415	-0.738943630859434	0.006	0.011	1	SMKR1	c24
5.77493715823939e-44	-0.738838060335079	0.836	0.891	1.93679842413033e-39	CD7	c24
8.7735787809013e-05	-0.73851262245126	0.129	0.193	1	KMT2C	c24
0.00227344664489504	0.738449813965081	0.074	0.048	1	STX8	c24
0.262899470588626	-0.73841177826836	0.03	0.038	1	TMEM71	c24
0.000629876105645515	-0.738315439123981	0.085	0.13	1	C19orf12	c24
0.00489547241572174	-0.738302723791575	0.057	0.088	1	TRAK2	c24
0.0701626406256273	-0.737898092978288	0.02	0.033	1	PEX10	c24
0.00736395973889905	-0.737786504065186	0.05	0.079	1	RMDN1	c24
0.00134036072376426	0.737483685245398	0.159	0.121	1	ZNF683	c24
8.45295753956605e-06	0.7373340237687	0.066	0.034	0.283495289961966	KLF7	c24
0.0188194605173012	-0.737313822839101	0.033	0.054	1	ZNF586	c24
0.0149387471997711	-0.737304586953337	0.053	0.079	1	CASP8AP2	c24
6.69114087915155e-05	-0.737205895503792	0.061	0.113	1	RPAP2	c24
0.00336604017339668	-0.736915994410516	0.049	0.081	1	SLC36A4	c24
0.000151126088544717	-0.736910833508153	0.124	0.182	1	PFKFB3	c24
0.0665735573067989	0.736904932810622	0.036	0.025	1	AC004865.2	c24
0.122088058120454	-0.736306271503647	0.022	0.033	1	ADPRM	c24
0.127387492289815	-0.736257923401863	0.013	0.021	1	CCR4	c24
0.00879688621881551	-0.736055561599036	0.09	0.123	1	APPBP2	c24
4.85672806117718e-08	-0.735800492928947	0.156	0.253	0.0016288494571576	PDHB	c24
0.036533298088273	-0.735772687158047	0.052	0.073	1	ABR	c24
0.0196204980907299	-0.735626651037183	0.046	0.069	1	STARD10	c24
1.42445235542287e-07	-0.735594626455202	0.184	0.277	0.00477732830961722	PTDSS1	c24
1.03996871252098e-10	-0.735495231153069	0.193	0.317	3.48784706805285e-06	ACTR1A	c24
0.000168051883430209	-0.735435865221022	0.058	0.105	1	SCCPDH	c24
0.000127746203038616	-0.735236510296838	0.091	0.144	1	C16orf54	c24
0.111782077603011	-0.735173410430423	0.028	0.041	1	POLR1B	c24
0.0196102667112251	-0.73517246044493	0.069	0.096	1	CALCOCO1	c24
0.27727514527508	-0.735129090098969	0.017	0.024	1	PABPC1L	c24
0.15266456925507	0.734812116634468	0.024	0.016	1	POLI	c24
0.227339862904442	-0.734075729219443	0.016	0.023	1	ZNF446	c24
3.20522338462182e-05	0.733935346203657	0.198	0.145	1	BCL10	c24
2.93683231903248e-05	-0.733885146582789	0.09	0.15	0.984954823157114	NUP62	c24
1.93331412519008e-06	-0.733779930346799	0.091	0.163	0.064839489130625	DIMT1	c24
0.0300965486210148	-0.7335316699012	0.044	0.065	1	MTG2	c24
0.132318771271735	-0.733427018346903	0.008	0.015	1	MECR	c24
0.0571364197143105	0.733423327594805	0.024	0.015	1	TSPAN32	c24
5.66876268921038e-12	-0.73339525530058	0.215	0.351	1.90118963070738e-07	PSMG2	c24
0.00143789731251158	-0.733313407968506	0.069	0.109	1	STXBP2	c24
0.1591169639777	0.733241093254889	0.011	0.006	1	MAP2K6	c24
0.127495598950083	-0.733189260248697	0.009	0.017	1	SCAMP1-AS1	c24
4.14606995723527e-15	-0.733114645494909	0.34	0.497	1.39050894225757e-10	CAPZA1	c24
0.374083835110574	0.733082329919344	0.024	0.019	1	AL392172.1	c24
0.00183061878810555	-0.732997981666203	0.061	0.099	1	STK25	c24
1.08159791693417e-21	-0.732997817451123	0.384	0.571	3.62746309381381e-17	TNIP1	c24
0.00258816632735157	0.732728022300426	0.08	0.054	1	MGMT	c24
9.87882284759432e-10	-0.732721175706575	0.187	0.298	3.31315960662618e-05	AATF	c24
0.00946824220185093	-0.732333086828933	0.035	0.059	1	ZNF383	c24
6.22482430455257e-07	-0.732274912302649	0.134	0.218	0.0208768157526084	KLHDC3	c24
0.18667430242707	-0.732135450903613	0.014	0.022	1	FBF1	c24
0.105473646031821	-0.732101790776048	0.022	0.034	1	RPP40	c24
0.0212097278514067	-0.731851255500693	0.061	0.087	1	PAPOLG	c24
0.0737021601743497	-0.731118647176423	0.011	0.021	1	GCSH	c24
0.000507071723034788	0.731083385869058	0.041	0.021	1	RORC	c24
0.0600142791486287	-0.73060077445823	0.039	0.056	1	DOPEY1	c24
6.68229131258034e-09	-0.730592126815636	0.171	0.275	0.00022411068604132	PRPF6	c24
0.44716012997415	0.730463584349402	0.022	0.018	1	MTHFD2L	c24
0.00709152799342461	-0.730417996077118	0.09	0.124	1	SCAF8	c24
0.0563616094478017	-0.730307722499274	0.02	0.034	1	NNT-AS1	c24
7.75946006695806e-06	-0.730116994356002	0.182	0.257	0.26023677172564	USP4	c24
0.205218254859566	0.73000660672504	0.027	0.02	1	C11orf71	c24
0.26902293266786	0.729956457439748	0.02	0.015	1	GLIDR	c24
0.0810105605750897	-0.729808418518319	0.009	0.019	1	LINC00954	c24
1.90946539275868e-07	-0.7297398730769	0.157	0.248	0.00640396503423405	SUCLG1	c24
0.00156346551440289	-0.729667794950674	0.044	0.079	1	ZFP90	c24
0.0188902324324725	-0.729376933339879	0.031	0.052	1	PUS7L	c24
0.198852456986312	0.729186766514886	0.011	0.007	1	AC040169.1	c24
0.00226420929864903	-0.728994253355306	0.063	0.099	1	ASTE1	c24
0.882094166523561	0.728941243739679	0.017	0.017	1	LINC01006	c24
0.126871664613442	-0.72839346303627	0.013	0.021	1	INTS2	c24
0.235841961958758	-0.728351078466215	0.024	0.032	1	TENT4A	c24
3.06503567598268e-05	-0.7282908718387	0.086	0.146	1	ZNF511	c24
0.0772276364239677	0.728158666138794	0.017	0.01	1	GM2A	c24
0.000739373550901945	-0.728054621608732	0.053	0.093	1	ANKRD39	c24
0.00795860930785822	-0.727878376038037	0.061	0.092	1	RELL1	c24
5.63486711333411e-07	-0.727710261942532	0.138	0.224	0.0188982173247	SF3B3	c24
5.92315953396752e-07	-0.727660876378964	0.143	0.228	0.0198650924450203	ARFGAP2	c24
0.0483772528275771	-0.727507500748588	0.016	0.029	1	ZNF468	c24
5.28740697097973e-05	-0.727498216133197	0.068	0.121	1	NFU1	c24
4.24601677633136e-08	-0.727475689427697	0.168	0.268	0.00142402910644601	ILKAP	c24
4.14465994891127e-16	-0.727359157877684	0.373	0.536	1.39003605366586e-11	THRAP3	c24
0.170980154494208	0.727164805030243	0.027	0.019	1	LACC1	c24
0.0687981203647654	-0.727091023082358	0.038	0.054	1	POLH	c24
0.295605451249754	-0.726763064587614	0.009	0.014	1	GLCE	c24
0.137659323651089	-0.726638138106487	0.014	0.023	1	TRAV10	c24
0.565675631667767	-0.726625177282095	0.02	0.024	1	ABCA7	c24
6.02982068423888e-12	-0.726399756127097	0.247	0.379	2.02228126108004e-07	SSU72	c24
2.47138868766719e-08	-0.726383607560571	0.14	0.237	0.000828854338069823	SNRNP40	c24
0.167786185079231	-0.726325211784635	0.006	0.012	1	ZNF782	c24
1.12189479974634e-16	-0.726291808743128	0.333	0.497	3.76261077938929e-12	CD247	c24
1.06721000197498e-05	-0.726265681912279	0.093	0.158	0.357920890462368	USE1	c24
0.204390299076752	-0.726242632894638	0.024	0.032	1	TFCP2	c24
0.172262111463535	-0.726199277563111	0.006	0.012	1	QPCTL	c24
0.02055730654627	-0.726183162855639	0.052	0.076	1	SLC35C1	c24
0.0300586496280499	-0.726049756727197	0.052	0.074	1	ZHX1	c24
1.60081317700052e-05	-0.725954405677681	0.088	0.151	0.536880723302434	UBE2V2	c24
0.234720924369284	-0.725884663070833	0.019	0.026	1	PGBD2	c24
0.00229983893914054	-0.725758729351552	0.068	0.105	1	SCAMP4	c24
3.43736962698632e-15	-0.725690455273382	0.302	0.459	1.15282502549867e-10	PPP2R1A	c24
0.00308923968554536	-0.725631030179569	0.044	0.075	1	MCAT	c24
1.1678962836369e-29	-0.725618183190009	0.601	0.776	3.91689055606144e-25	IDS	c24
0.00273138487734727	0.725597947276479	0.052	0.031	1	TMEM64	c24
0.607517111003542	-0.725559717259057	0.009	0.012	1	KDM8	c24
1.40123800415321e-05	-0.725249745334526	0.165	0.237	0.469947201832903	SMARCC1	c24
0.00284685826129592	0.725047207550761	0.057	0.035	1	HLA-DQB2	c24
0.0171377795045428	-0.725017188114205	0.104	0.136	1	DIP2A	c24
0.0010505432003435	-0.724973419560143	0.049	0.086	1	IFIT5	c24
0.0662799339431498	-0.72434036078991	0.009	0.02	1	ZNF251	c24
0.00424089986283461	-0.724211938121661	0.06	0.093	1	KHSRP	c24
0.00690137135911372	-0.723909144645687	0.036	0.063	1	HAUS6	c24
0.000420945661497917	-0.723809245656094	0.063	0.106	1	FLOT2	c24
0.115893604724679	-0.723554737303957	0.019	0.029	1	TMEM237	c24
0.0111285283606042	-0.72308629079454	0.02	0.041	1	C11orf68	c24
1.49017196663727e-07	-0.722906299193074	0.313	0.411	0.00499773874170809	DYNC1H1	c24
1.71051454239307e-15	-0.722392002965925	0.275	0.429	5.73672367227789e-11	SIVA1	c24
1.82900382666209e-06	-0.722337241119852	0.154	0.235	0.0613411303385932	KLHDC2	c24
1.61525593096594e-09	-0.722185544751814	0.281	0.391	5.41724534127356e-05	PARP8	c24
3.2523242663699e-06	-0.722172083758619	0.091	0.163	0.109076451245514	LRRC47	c24
2.99750241939858e-06	-0.722062041780254	0.127	0.203	0.10053023614179	TTC1	c24
0.000320378511569891	-0.721822734869809	0.104	0.155	1	SLC2A8	c24
0.00300509952244024	-0.721744430244151	0.022	0.047	1	CENPB	c24
0.0245678950567529	-0.721737303141701	0.022	0.04	1	C2orf74	c24
0.0574081219400354	-0.72147783198858	0.017	0.03	1	HSDL2	c24
0.125066660674907	-0.721417921691474	0.022	0.033	1	ZNF646	c24
9.46982977693107e-05	-0.721023686254329	0.112	0.171	1	GAPVD1	c24
0.00253564961395855	-0.720959942760781	0.061	0.097	1	AP5M1	c24
0.000118634852862439	-0.720849662675846	0.121	0.18	1	WDR46	c24
3.55912254047809e-06	-0.720808767416218	0.143	0.217	0.119365851762554	RBM38	c24
0.0754056974981577	-0.720761902221883	0.017	0.029	1	PLA2G12A	c24
0.014201639701541	-0.72076179872019	0.035	0.058	1	PHLPP2	c24
0.151202068196396	-0.720641709752134	0.017	0.026	1	GKAP1	c24
0.0101736656201258	-0.720560912722024	0.047	0.074	1	SCOC	c24
0.0552485253318147	-0.720422827157096	0.003	0.011	1	NMNAT1	c24
0.0034406973887392	-0.720400762054891	0.055	0.088	1	C1orf50	c24
2.02562797769311e-06	-0.720176968237064	0.116	0.192	0.0679355111158714	LAMTOR2	c24
0.0400488261854645	-0.720078843292907	0.025	0.042	1	C20orf194	c24
0.000237567119050078	-0.720017071956399	0.066	0.113	1	RFXANK	c24
0.219289386420206	-0.720009192212045	0.028	0.037	1	GNE	c24
0.0872808480479473	0.719778403392775	0.02	0.013	1	ABL2	c24
2.34578343816291e-10	-0.719673529539902	0.215	0.335	7.86728849491077e-06	CMTM3	c24
0.379322510431673	-0.719672443411539	0.118	0.129	1	TTN	c24
0.381981304680788	-0.719590946296737	0.027	0.033	1	URB1	c24
0.458786925663818	-0.719511155771208	0.013	0.016	1	FOCAD	c24
9.15885786006165e-05	-0.719268130353958	0.118	0.178	1	FBXL5	c24
0.00147435782512371	0.719246512772318	0.088	0.059	1	ACTA2	c24
0.00279212570657731	-0.719133227429115	0.039	0.07	1	LRR1	c24
0.0634834723273502	-0.719127503835246	0.044	0.062	1	TTC37	c24
0.0952322874687481	0.718567310616189	0.05	0.038	1	MORN2	c24
2.0629853489914e-06	0.718564674547562	0.204	0.143	0.0691884026344735	DDAH2	c24
0.00390395943346897	-0.718547002309011	0.027	0.053	1	SH2D3A	c24
1.28383384352066e-10	-0.718440294240146	0.244	0.367	4.3057219443996e-06	STUB1	c24
0.154092787696015	-0.718409531180505	0.022	0.032	1	NOL12	c24
0.000121281447323912	-0.718404204435369	0.099	0.155	1	TMEM134	c24
2.18137504484016e-12	-0.718232464998014	0.303	0.44	7.31589562538493e-08	TBCB	c24
0.00525579870618486	-0.718023982700788	0.072	0.107	1	SMARCAD1	c24
0.0824733783480202	-0.717372380334576	0.028	0.042	1	SMYD4	c24
5.5013733877175e-11	-0.717275192612294	0.222	0.353	1.84505060677269e-06	PSMD9	c24
0.0134850688104642	0.71725097121776	0.024	0.013	1	SLC19A2	c24
0.0673106746527581	-0.717139300537657	0.009	0.02	1	AL691432.2	c24
0.0134235431960595	-0.717028224327959	0.049	0.074	1	GLRX2	c24
6.30259293990482e-05	-0.716942356386866	0.105	0.165	1	TMEM115	c24
5.21286024382391e-15	-0.716915079768694	0.291	0.446	1.74828906857366e-10	SSNA1	c24
0.00339660327293787	-0.71682368456174	0.063	0.097	1	RFC2	c24
0.100700302499191	-0.716772399607137	0.038	0.052	1	DAG1	c24
1.37057850564902e-05	-0.716764744690931	0.097	0.163	0.459664619224568	SLC25A1	c24
0.00446416135251847	-0.71652349380898	0.074	0.109	1	DCTN5	c24
0.448325128996563	0.71650136037545	0.011	0.008	1	AGMAT	c24
0.00378394936171971	-0.716400400573585	0.228	0.276	1	NKTR	c24
0.123425698359706	-0.715808499804346	0.036	0.049	1	POLR3A	c24
0.000235162396272795	-0.715781026359252	0.079	0.129	1	SLC25A11	c24
0.104205398334527	0.715658532458463	0.013	0.007	1	SNTB1	c24
0.00683542674524062	-0.71534667662007	0.047	0.076	1	FAM118B	c24
1.73811656515703e-06	-0.71531878326581	0.148	0.23	0.0582929533622366	MAPKAPK2	c24
0.00641564939785695	-0.715044970585776	0.044	0.073	1	CMTR2	c24
0.0268807849539652	-0.714880247560029	0.022	0.039	1	BTBD6	c24
0.329753301366218	-0.71485589986687	0.009	0.014	1	TRAV27	c24
0.0340933320249551	0.714795411460403	0.041	0.027	1	ZNF846	c24
0.0515953062704617	-0.714749766142236	0.039	0.057	1	FXR2	c24
1.26119572532408e-05	-0.71435019969737	0.149	0.222	0.42297982235919	HELZ	c24
0.14331896701357	-0.714330241419368	0.035	0.047	1	CHID1	c24
0.191223075678789	0.714178123743777	0.013	0.008	1	THBS3	c24
0.0477291943407169	0.714055792417247	0.033	0.022	1	NRAV	c24
0.11283589643364	-0.713685425320004	0.031	0.045	1	HDAC4	c24
0.338108374143323	-0.71330392419346	0.008	0.012	1	POMGNT2	c24
0.0190868158895697	-0.713262777235841	0.03	0.051	1	CPT1A	c24
0.0018167117359149	-0.713218187769028	0.069	0.107	1	DRG2	c24
0.0260059845821099	0.713195817623236	0.027	0.016	1	ARL15	c24
8.47600095824747e-06	-0.712682802394849	0.182	0.261	0.284268120137703	CDK17	c24
0.00108336789904553	0.712532996648749	0.09	0.059	1	MAP1LC3B2	c24
2.41001768241167e-05	-0.712468166763328	0.108	0.173	0.808271730327225	NOP14	c24
0.263976850501364	-0.712425973191424	0.011	0.017	1	LINC00685	c24
0.291669241337618	-0.712387831226275	0.009	0.014	1	TPRG1	c24
0.0525858605956283	-0.712312852955566	0.041	0.059	1	MED14	c24
2.19075191838994e-07	-0.712243395015357	0.149	0.239	0.00734734378389617	ADH5	c24
0.0460384518014763	-0.712055030872123	0.024	0.039	1	ZFP64	c24
9.73416372840418e-06	-0.712030732586686	0.132	0.204	0.326464383123219	MAPK1	c24
0.0437139445488027	-0.711687851701249	0.046	0.065	1	ARFGEF2	c24
0.0186492295998213	-0.711590003711937	0.009	0.024	1	ITGA2	c24
3.09938389610951e-06	-0.711406171031755	0.115	0.191	0.103947137107721	DALRD3	c24
3.59122957649692e-13	-0.711178532364267	0.387	0.526	1.20442657536554e-08	RUNX3	c24
0.584280208537608	-0.711163957088889	0.011	0.013	1	SAV1	c24
0.00404308989215646	-0.711004656077754	0.047	0.078	1	TMEM185B	c24
0.103957025087842	-0.710925078243597	0.013	0.022	1	ZNF845	c24
0.0095867847743866	-0.71078898839239	0.046	0.072	1	RNF219	c24
0.000975890601565198	-0.71053925023989	0.108	0.158	1	NFATC2IP	c24
0.0107395617839236	-0.710486875943657	0.014	0.032	1	PUS7	c24
0.00855053522069656	-0.71023050050671	0.03	0.054	1	RAB33B	c24
0.00423690170239029	-0.710210024688842	0.112	0.152	1	CHFR	c24
0.104464144075448	-0.710174079512015	0.027	0.039	1	FBRSL1	c24
0.0521740166075897	-0.710074723185063	0.031	0.048	1	HMGCL	c24
0.415560102730311	-0.710029076200941	0.019	0.024	1	SLFN13	c24
2.33081847057464e-06	-0.709814612418179	0.175	0.253	0.0781709898661324	CHRAC1	c24
2.07431383994521e-08	-0.709792217370805	0.203	0.303	0.000695683375640823	IL2RB	c24
0.00273117048792391	-0.709772326154973	0.077	0.115	1	SEC24C	c24
0.133935343809069	-0.709707467028768	0.02	0.031	1	NOMO2	c24
0.00294020916424782	-0.709683603304435	0.077	0.116	1	TRIM33	c24
4.53409497205753e-09	-0.709654607348416	0.19	0.301	0.000152064477172865	HSF1	c24
0.00100830454767222	-0.709512648390529	0.083	0.127	1	DUSP18	c24
2.05057853275423e-05	-0.709465622724005	0.129	0.197	0.687723028315115	PUM2	c24
0.144988629953357	-0.70936675165717	0.013	0.021	1	TCEAL4	c24
0.117594758332237	-0.709345552042091	0.044	0.058	1	AKT1	c24
0.00191304838811436	-0.709300432631099	0.063	0.1	1	ELK1	c24
0.0141631810849697	-0.709292075397253	0.025	0.046	1	ZNF414	c24
0.000833034594676104	0.709245540927437	0.105	0.072	1	SDC4	c24
0.00049179328749849	-0.708957229102401	0.086	0.135	1	MVB12B	c24
0.0404076201491593	0.708828670828976	0.058	0.042	1	HIST1H2BJ	c24
1.69310245051429e-06	-0.708755999441143	0.146	0.227	0.0567832699853482	MXD4	c24
3.5599302167388e-12	-0.707924126856104	0.245	0.383	1.19392939608986e-07	XRN2	c24
0.000214609749489389	-0.707632213950697	0.086	0.139	1	CHERP	c24
0.149386908186055	-0.707595778609718	0.009	0.017	1	MFSD3	c24
0.00151619448367481	-0.707296789380745	0.085	0.128	1	STAT6	c24
0.000356810415452055	-0.707020993379921	0.091	0.142	1	ARL16	c24
0.0052917227742382	-0.706924371362142	0.072	0.106	1	SMIM19	c24
0.03071198611439	-0.706876714768139	0.042	0.063	1	WWP1	c24
1.25537111862837e-06	-0.706728367796918	0.189	0.278	0.0421026365765583	MED15	c24
0.000130677132614695	-0.706652268055443	0.083	0.137	1	FZR1	c24
0.138793661429523	-0.706510490868747	0.014	0.023	1	ZNF513	c24
6.75218729791967e-06	-0.706123253031046	0.131	0.205	0.22645485759763	PPCS	c24
2.17513523172742e-09	-0.706033193643913	0.258	0.372	7.29496854016742e-05	ILK	c24
6.61203028002492e-07	-0.705896092155261	0.212	0.3	0.0221754271531476	TPM4	c24
0.000302254293253933	-0.705699571086226	0.077	0.125	1	CYB5R4	c24
0.00150618710681577	-0.705657350746148	0.058	0.096	1	SLC35C2	c24
0.000876787771329703	0.705457291145223	0.115	0.08	1	LMO4	c24
0.179884988517545	0.705335917680479	0.022	0.015	1	IL23A	c24
0.0261146674434008	-0.705228234041574	0.041	0.063	1	TSTD2	c24
0.480213999202222	0.705122787159901	0.019	0.016	1	SUV39H2	c24
0.00336898613888443	-0.704755264858341	0.061	0.096	1	THAP3	c24
3.71871362246908e-08	-0.704638049892998	0.143	0.238	0.00124718217470368	CFAP298	c24
0.00508143427361611	-0.704504533616469	0.036	0.064	1	MSRB1	c24
0.000134890149130718	-0.704250673359053	0.149	0.208	1	CDC40	c24
0.0344379911526248	-0.704149726471647	0.013	0.026	1	CASTOR2	c24
0.166947355982531	-0.704027603851922	0.033	0.044	1	RBAK-RBAKDN	c24
0.00667126681905066	-0.70402634862989	0.042	0.07	1	SMIM20	c24
0.0603490911651363	-0.704008443482014	0.033	0.049	1	NT5C3B	c24
0.00239714278453031	0.703801179828612	0.074	0.048	1	FAM83D	c24
0.0041202070823694	-0.703799243621077	0.053	0.086	1	MAML1	c24
0.407195975068014	-0.703298623639355	0.011	0.015	1	ZNF605	c24
1.71201419577691e-06	-0.702864261712065	0.153	0.235	0.0574175320979661	VEZF1	c24
0.00650777126049179	-0.702727580566827	0.049	0.078	1	BCL2L13	c24
0.164556905127803	-0.702647248418585	0.017	0.026	1	RBM41	c24
0.234549153793607	-0.70247531067732	0.009	0.015	1	CRYBB2	c24
0.000242454324826974	-0.702328562236939	0.116	0.173	1	KPNA6	c24
0.0735299429429925	-0.70227090317318	0.019	0.031	1	CAMSAP1	c24
0.00245121170145622	-0.702199386623759	0.055	0.09	1	NUP133	c24
0.000976322295188893	-0.702062633489726	0.069	0.11	1	LINC00623	c24
0.0283361243182359	-0.70197304215009	0.038	0.058	1	TRAPPC12	c24
0.0707281662455245	-0.70195720856273	0.028	0.043	1	SNUPN	c24
0.29509645837308	-0.701853770108075	0.017	0.024	1	TRIM3	c24
0.000370271940380059	-0.701801156759172	0.079	0.126	1	CPTP	c24
0.0252423698226567	-0.701599253122404	0.057	0.081	1	SYMPK	c24
0.00236601387399347	-0.701501125673628	0.083	0.124	1	MARK2	c24
0.000195797564290966	-0.701497599186381	0.132	0.189	1	CFDP1	c24
0.000555943789542251	-0.701472071308719	0.102	0.151	1	TIA1	c24
0.00416529573326017	-0.701385113861812	0.057	0.09	1	SLC44A2	c24
6.5643128632926e-05	0.700842469959972	0.134	0.09	1	GPATCH3	c24
3.09128617622206e-06	-0.700829459573698	0.094	0.165	0.103675555778135	C1orf174	c24
0.00151551610320812	0.700309335013264	0.068	0.043	1	JAZF1	c24
2.92193406706445e-08	-0.700249083758059	0.274	0.38	0.000979958247412075	CAMK4	c24
7.70644609808096e-07	-0.700204029220433	0.11	0.19	0.0258458789237439	MRPL15	c24
0.147208408801791	-0.699955155401323	0.011	0.019	1	IFT46	c24
0.0093859482103613	-0.699877892743559	0.046	0.073	1	EXOSC5	c24
0.165855432526405	0.699852030589601	0.011	0.007	1	LINC01684	c24
0.00633550833383992	-0.699848834138804	0.03	0.055	1	ARMC7	c24
0.00529385487538323	-0.699799906161269	0.044	0.074	1	FBXO22	c24
0.097283711943409	-0.699706227875627	0.041	0.056	1	TSC22D2	c24
4.09868133661165e-05	0.699693561655611	0.14	0.095	1	SERTAD2	c24
0.0315930268385456	0.69966242392133	0.027	0.016	1	MTERF2	c24
0.00040048745219563	-0.699578910057064	0.086	0.135	1	NOC4L	c24
0.748732401768707	0.699300849564132	0.016	0.014	1	EBI3	c24
0.0358128450283313	-0.699267377959024	0.016	0.03	1	GPD1L	c24
5.07002754872724e-06	-0.699186822623826	0.09	0.158	0.170038583929214	NSUN5	c24
0.000868507240740718	-0.699066643852995	0.068	0.109	1	PFKL	c24
3.41537242048708e-08	-0.699060680605791	0.142	0.237	0.00114544760238296	HAX1	c24
0.0258496779709072	-0.698814475867122	0.082	0.109	1	CBL	c24
0.0700425186734978	-0.698694473720393	0.013	0.024	1	ETAA1	c24
0.0509646094312395	-0.698599529591744	0.009	0.021	1	CDCA8	c24
0.00314155120590762	-0.698543789598858	0.044	0.075	1	POLD2	c24
0.0206437426695972	-0.698354954668287	0.031	0.052	1	IRF2BP1	c24
1.0591112901239e-11	-0.698146017886264	0.336	0.464	3.55204744481754e-07	VPS28	c24
0.00748595303612959	0.698070460682397	0.066	0.044	1	SESN2	c24
0.00562082589619622	-0.69803353863039	0.061	0.093	1	PPP3CA	c24
0.0866800764075213	0.698008478668081	0.082	0.066	1	TNFSF8	c24
0.00463548583020767	0.697766891950222	0.038	0.021	1	MCTP2	c24
0.157261657973098	-0.697717521761898	0.009	0.017	1	MTRF1	c24
0.00339130445118401	-0.697575973342964	0.053	0.087	1	CRYZL1	c24
0.0893635666623608	-0.697426878899514	0.025	0.038	1	FBXO6	c24
0.00450486014325866	-0.696909142608543	0.11	0.149	1	MCM5	c24
0.00070298270721956	-0.696682055463229	0.069	0.111	1	ZNF524	c24
0.00045468571488883	-0.696623832259862	0.088	0.137	1	RIPK1	c24
0.0865762278455268	-0.696532377289979	0.008	0.017	1	OSER1-DT	c24
1.32932696799492e-08	-0.69638699010067	0.247	0.351	0.000445829678526135	UBA2	c24
1.09607651613155e-07	-0.696316011482254	0.186	0.285	0.003676021419802	DDX27	c24
0.826113570142136	0.696298388256683	0.134	0.132	1	XCL1	c24
0.52110041408034	0.696293976673464	0.014	0.011	1	ETNK2	c24
0.00918400346718272	-0.696262138627516	0.025	0.047	1	TRIM41	c24
0.16745018593186	-0.696224095271145	0.009	0.016	1	LAMP3	c24
0.0838178028272032	-0.696017091972454	0.019	0.031	1	RFT1	c24
4.73721538864433e-05	-0.695958218332201	0.118	0.181	1	MINDY2	c24
0.00238992400942096	-0.695914295309445	0.042	0.074	1	PEX19	c24
2.45506433625688e-10	-0.69574719668456	0.19	0.315	8.23379477093831e-06	TMEM160	c24
7.82055785799663e-06	0.695603706624012	0.283	0.221	0.262285869441491	CHCHD10	c24
9.06836827610487e-06	-0.695526884049132	0.146	0.218	0.304134935244005	TXNDC9	c24
7.75175709287038e-05	-0.695422610638229	0.071	0.124	1	PDE6D	c24
9.99717169230058e-05	-0.695133487504364	0.053	0.102	1	HCFC1	c24
2.39796441683861e-07	-0.694854063792705	0.182	0.272	0.00804229306119332	COX16	c24
0.188453759460386	-0.694767773855365	0.008	0.014	1	NEU3	c24
0.788798774459506	0.694621932319214	0.011	0.01	1	NAGS	c24
0.000457786274455891	-0.694447935373223	0.049	0.089	1	ANAPC13	c24
0.0458213322710698	-0.694445385491944	0.049	0.069	1	CPSF2	c24
0.0031434800100364	-0.693833937495719	0.09	0.13	1	DMTF1	c24
0.00257452746692353	-0.693743035738089	0.072	0.11	1	PGM1	c24
0.0377184505311954	-0.693714674348348	0.047	0.068	1	NF2	c24
0.000521673450690531	0.693656654896758	0.074	0.045	1	TIMM10B	c24
0.00500457290977371	0.693511997195801	0.08	0.055	1	SCPEP1	c24
0.0157413841944437	-0.69350546638426	0.05	0.076	1	NUDCD3	c24
6.01414530049259e-06	-0.693234431674524	0.112	0.183	0.201702405087921	PRKRA	c24
0.00678804958945815	0.693207719134981	0.063	0.042	1	CEACAM21	c24
0.0188141909718426	-0.692765511245432	0.041	0.064	1	HCFC2	c24
2.08812106063031e-07	-0.692463022803102	0.269	0.366	0.00700314041314193	AKAP9	c24
0.0146832979270735	0.692186819119638	0.08	0.058	1	PHF8	c24
2.25528099751334e-07	-0.692083158865273	0.167	0.263	0.00756376140946024	MARS	c24
0.000726960501713486	0.691715280784091	0.083	0.053	1	UBE2F	c24
0.0253691069430914	-0.6916980033022	0.036	0.057	1	RASSF3	c24
2.38249823136101e-05	-0.691659684367905	0.113	0.178	0.799042256833855	ZNF146	c24
0.122592913300199	-0.691620855919489	0.011	0.02	1	CNNM4	c24
0.0247215838851707	-0.691562261916801	0.042	0.064	1	CSNK2A2	c24
0.0457063899261794	0.691274230681258	0.028	0.018	1	NAP1L2	c24
0.0730592915926288	-0.691150377155782	0.027	0.041	1	ZNF780A	c24
0.131847660279944	-0.690502075564912	0.013	0.021	1	ZNF682	c24
0.0470021935837608	-0.690292309320489	0.025	0.041	1	MRPL30	c24
3.4354448624007e-05	-0.690194661883063	0.124	0.19	1	TERF1	c24
0.0565155687302432	-0.690124443771309	0.047	0.066	1	RPS6KC1	c24
0.0133689096641226	-0.690054807538726	0.06	0.087	1	HIF1AN	c24
0.0101011111738212	-0.6897609830324	0.044	0.071	1	RGP1	c24
5.14332220058207e-05	-0.689699166459964	0.119	0.182	1	ATG13	c24
0.0096230119214747	-0.689592716481043	0.055	0.084	1	ITPKB	c24
0.0156007301165023	-0.68953854358595	0.025	0.045	1	CDK5	c24
0.00751336897724506	-0.688975889561169	0.068	0.099	1	NCBP1	c24
0.139388971149084	-0.688811694201442	0.011	0.019	1	TRIM62	c24
2.79383387960363e-07	-0.688646452066974	0.219	0.311	0.00936996006541465	DHX9	c24
0.0379921773703741	-0.68861558296044	0.036	0.055	1	SLC30A6	c24
0.0140192276665931	-0.688456072115589	0.028	0.05	1	IRAK1	c24
0.0554390881550674	0.688374475046382	0.025	0.016	1	HIST1H2AL	c24
0.0273819484295035	-0.687828002442935	0.019	0.035	1	CENPU	c24
1.85187103140755e-11	-0.687394223097871	0.23	0.364	6.21080506513464e-07	AAMP	c24
0.00141548306407546	-0.687312783490754	0.047	0.083	1	DTD1	c24
1.31895628285541e-06	-0.687224803028065	0.237	0.326	0.0442351558144047	PRPF8	c24
0.113895498799423	-0.687206201948101	0.016	0.026	1	BEST1	c24
0.00349562354460604	-0.687059646290397	0.031	0.059	1	XPNPEP1	c24
1.64508563366344e-06	-0.686764385298889	0.193	0.281	0.0551728819818043	NPEPPS	c24
0.000155354931251473	-0.686534515938563	0.085	0.137	1	GART	c24
0.105887655021051	-0.686476190404788	0.027	0.039	1	DLG3	c24
1.687228656097e-06	-0.686458119057941	0.09	0.161	0.0565862746681813	CTNNBL1	c24
0.0387574379434947	0.686432922189272	0.05	0.035	1	GZF1	c24
0.0911864121972249	-0.686383453258627	0.013	0.023	1	TMEM53	c24
0.0105533979361488	-0.686256207616788	0.068	0.098	1	RNF44	c24
1.0226691558389e-08	-0.686033288296762	0.179	0.286	0.00034298278148525	COPS8	c24
1.51805615787218e-24	-0.685883527841813	0.943	0.981	5.09125674227171e-20	MT-ATP6	c24
0.0713062237245051	-0.685592535898659	0.035	0.05	1	ABCB8	c24
0.0956911703072645	-0.6855547828776	0.008	0.016	1	SORL1	c24
0.000456397866448667	-0.68533463302431	0.055	0.096	1	TMEM35B	c24
0.0293895063455541	-0.685244573421467	0.041	0.062	1	ATP7A	c24
0.323433399900777	-0.685095646524307	0.008	0.012	1	NACC2	c24
0.374634641075745	0.685019404297218	0.035	0.029	1	AC007952.4	c24
0.0956923594841345	-0.684940801202341	0.046	0.062	1	TEPSIN	c24
0.00109437912000603	-0.684761564790344	0.108	0.155	1	DPP8	c24
0.00143662777112729	-0.684758071587184	0.055	0.092	1	PTRH1	c24
0.0464775380144621	-0.68469363093793	0.035	0.052	1	EXT2	c24
8.14277438721256e-14	-0.684539962801869	0.269	0.431	2.73092367398335e-09	POLR2A	c24
0.00032422408525243	-0.684280296816973	0.108	0.162	1	FLII	c24
1.25045716261607e-41	-0.684032603263371	0.844	0.909	4.19378323198177e-37	TAGLN2	c24
0.00120179580076148	-0.684024313339229	0.176	0.226	1	CDK11A	c24
0.00129365468507878	-0.68392929180119	0.131	0.178	1	ELP2	c24
0.00616553948429152	-0.683723050558323	0.071	0.104	1	XPO4	c24
2.60058880483104e-06	-0.6836540398328	0.225	0.307	0.0872185473364234	EIF4G1	c24
2.2080801227394e-05	0.683623601641985	0.387	0.335	0.740545911564339	KPNA2	c24
0.000217232825233316	-0.683546785766214	0.195	0.261	1	ZC3H12D	c24
9.57992454719211e-07	-0.683492118815592	0.157	0.243	0.0321291509463729	TXNDC15	c24
5.69436585302715e-09	-0.683443424710071	0.159	0.268	0.000190977641978825	P2RY10	c24
1.7014638474262e-06	-0.683380950927227	0.137	0.216	0.0570636945149797	CCPG1	c24
0.00582185702072301	-0.683364534741981	0.046	0.075	1	VGLL4	c24
0.0179234337308233	-0.683345302675172	0.057	0.083	1	TMEM234	c24
7.51205906282033e-11	-0.683324625714101	0.181	0.305	2.51939436848868e-06	HMOX2	c24
0.00086786517245481	-0.683300946459105	0.107	0.154	1	TLE3	c24
0.0431612579529314	0.683204175898605	0.016	0.008	1	AL158071.4	c24
0.173043753414012	-0.682674003434878	0.024	0.033	1	CADM1	c24
0.00221061862831419	-0.682409685981232	0.09	0.131	1	MARF1	c24
0.000565470413226082	-0.682377869777163	0.077	0.121	1	NBN	c24
0.00183397264870844	0.682346132029239	0.113	0.081	1	DUSP5	c24
0.000427158090965043	-0.682327437095306	0.077	0.123	1	UXS1	c24
0.0175237531036991	-0.682150103159517	0.038	0.06	1	ARMT1	c24
0.00186988623078875	-0.682035199172941	0.058	0.095	1	TIMM9	c24
0.310348353780505	-0.681944661321783	0.016	0.022	1	BLOC1S3	c24
0.0159344959355221	0.681806366178737	0.057	0.039	1	KLRC4	c24
0.00494365090935832	0.681711979241385	0.025	0.013	1	TMEM117	c24
0.00111197088010114	-0.681573428666577	0.06	0.1	1	ELK4	c24
0.0315582524977932	-0.681442057396271	0.097	0.125	1	MAML2	c24
0.284114326363718	-0.681117843523621	0.011	0.016	1	AC135457.1	c24
2.65841975220926e-05	-0.681008753748258	0.108	0.172	0.891580816495941	ITPRIPL1	c24
0.00258155444432618	-0.680999698068802	0.057	0.092	1	WDR75	c24
0.137573920807218	-0.680616661803739	0.047	0.061	1	HECTD4	c24
5.51795210497257e-06	0.680411677784797	0.25	0.187	0.18506107769657	DNAJB9	c24
8.68284777875794e-06	0.680118416626927	0.162	0.109	0.291205348803984	C16orf87	c24
0.0149836737990196	-0.679938415832179	0.075	0.105	1	CBFA2T2	c24
0.166750799881321	-0.679860524497896	0.009	0.016	1	ANK3	c24
6.05166866085247e-13	-0.67979004565681	0.299	0.439	2.0296086354767e-08	APH1A	c24
0.00997521981359216	0.679641697215471	0.061	0.041	1	VDR	c24
0.0363636170607291	0.679626939139647	0.025	0.015	1	USP30	c24
0.0155020377864479	-0.679575787150581	0.05	0.076	1	HACD2	c24
0.0732997044422359	-0.679262874790879	0.044	0.061	1	MFN1	c24
0.0189127669087137	-0.678879259405182	0.042	0.066	1	MTA1	c24
1.46529282196662e-05	-0.678866808273613	0.131	0.198	0.491429906631164	SYPL1	c24
4.16393935461468e-06	-0.678768778098193	0.079	0.145	0.139650198075067	MYD88	c24
0.00137057496546073	-0.678523276584176	0.053	0.09	1	BCL2L12	c24
2.99428255851938e-06	-0.678263737206695	0.102	0.175	0.100422248447623	MCRS1	c24
2.26192304661523e-05	-0.678047589206995	0.113	0.177	0.758603751373816	C6orf89	c24
0.00923614116535057	-0.678040502841716	0.042	0.069	1	UBXN6	c24
0.0105344393225678	-0.677965721763861	0.06	0.089	1	MYO5A	c24
0.00999723791580169	-0.677914801986131	0.058	0.088	1	EZH1	c24
0.0613290449448971	-0.677834374770859	0.011	0.022	1	ORC6	c24
0.0805648788110024	-0.677803988474647	0.025	0.039	1	FBXL4	c24
0.153551849569601	-0.677197987150847	0.005	0.011	1	TPRN	c24
2.66871311829028e-12	-0.677103009436729	0.437	0.559	8.95033005612194e-08	NCOR1	c24
0.0226823749575886	-0.677076246996444	0.044	0.067	1	ZER1	c24
0.0122563729750399	-0.676947561200611	0.052	0.079	1	PPIL2	c24
0.0523624743720493	-0.676842926532669	0.027	0.042	1	SETD6	c24
0.181685981921559	-0.676725076915784	0.008	0.014	1	CCDC74A	c24
1.31087447140285e-05	-0.676614476254377	0.082	0.145	0.439641080219088	DCTPP1	c24
6.55942991469628e-09	-0.676451532401439	0.182	0.291	0.000219990160479084	CNPY3	c24
0.000244431350285412	0.67644570391382	0.171	0.127	1	KCNN4	c24
0.015529954248093	-0.676369747522926	0.038	0.061	1	ZFP91	c24
0.000264000495586444	-0.676298047226368	0.124	0.181	1	CDK16	c24
0.0340063744825856	-0.6761016112037	0.025	0.042	1	RNF214	c24
0.0250799064809347	-0.676060318552742	0.06	0.085	1	MED23	c24
1.36488387512379e-06	-0.676007823491252	0.151	0.235	0.0457754754039018	DDX50	c24
0.00734114261546449	-0.675856388704767	0.075	0.11	1	RPS6KA5	c24
0.0633689259028095	-0.675783637220635	0.016	0.028	1	EMG1	c24
0.0815304390863327	0.675498690551414	0.016	0.009	1	EXOC3-AS1	c24
0.000501611750143614	-0.675385963892323	0.06	0.103	1	ANKRD13A	c24
1.10843354748933e-05	-0.675383407820697	0.137	0.211	0.371746443156972	RABEP1	c24
0.00083403671192733	-0.675244976832442	0.086	0.133	1	NSMCE1	c24
2.11215849032989e-07	-0.67521286747421	0.28	0.373	0.0070837571448684	IL27RA	c24
0.0108669838153739	-0.674985362727423	0.033	0.057	1	TMBIM4	c24
0.0005650975350667	-0.674888443629047	0.116	0.167	1	RBL2	c24
3.92882154801273e-07	-0.674721414632841	0.204	0.299	0.0131764817077251	RAB6A	c24
0.0215884470028109	-0.674616539715184	0.064	0.09	1	USP25	c24
0.00043387073554038	-0.673995912028534	0.091	0.14	1	CCDC69	c24
0.000223483825987067	-0.67388641161117	0.091	0.143	1	PRKAG1	c24
0.142468799266305	-0.673882596773784	0.035	0.047	1	SARM1	c24
1.0268406499919e-06	-0.673131765094388	0.234	0.324	0.0344381817194283	ZAP70	c24
0.011221673365421	-0.67297035467546	0.061	0.09	1	CEP135	c24
0.0247702320143991	-0.672874847736826	0.009	0.023	1	CENPQ	c24
0.00177288008896552	-0.672826279791451	0.071	0.11	1	TMEM127	c24
0.102114314065073	-0.672808283443418	0.024	0.036	1	ATG7	c24
0.513101492670085	-0.672670111739661	0.008	0.01	1	GIN1	c24
1.14320102021007e-10	-0.672348570693673	0.426	0.544	3.83406758158054e-06	STAT5A	c24
3.81536533043094e-35	-0.67220545148679	0.739	0.851	1.27959722451993e-30	CD8A	c24
0.00085972954693937	-0.67206652827607	0.112	0.161	1	USP9X	c24
0.000180134197380402	-0.672059668425325	0.086	0.14	1	TMEM120A	c24
8.70608073940868e-08	-0.672022437410834	0.217	0.315	0.00291984535838288	NELFE	c24
0.00154166348179145	-0.671796743003928	0.075	0.116	1	IARS	c24
9.9490929418775e-06	-0.67177281100069	0.153	0.226	0.333672679084688	ATP6AP1	c24
1.34940857347462e-18	-0.671613294538719	0.409	0.574	4.52564647371918e-14	EIF5A	c24
0.0164381364003879	-0.67153528445	0.058	0.085	1	STRN	c24
0.0228015316194225	-0.671058787785112	0.044	0.067	1	INTS4	c24
0.00342408498924615	-0.67103790146158	0.097	0.137	1	AGPAT5	c24
0.209615809717363	-0.67103376536292	0.013	0.019	1	KHK	c24
0.425857995393698	-0.670940820576392	0.014	0.018	1	CHCHD6	c24
0.118865932380769	-0.670914775845833	0.024	0.035	1	SEC14L2	c24
0.017207484896124	-0.670736879583295	0.035	0.057	1	NQO2	c24
0.0194483236618103	-0.670723197899171	0.068	0.094	1	DEXI	c24
0.179005320917067	-0.670478523373299	0.005	0.01	1	MTAP	c24
0.000362185970070721	-0.670431581883847	0.058	0.102	1	AKTIP	c24
0.235219065555632	-0.6701778054531	0.013	0.019	1	IFT88	c24
0.04369492536907	-0.670092588219178	0.031	0.049	1	TERF2	c24
4.22907716706824e-39	-0.669990766581628	0.789	0.89	1.41834790029135e-34	PTPRC	c24
6.45341154673024e-05	-0.669906120747562	0.115	0.175	1	PPT1	c24
8.7666279923399e-05	-0.669795181858061	0.105	0.163	1	APBA3	c24
0.0242391639574897	-0.669771836381454	0.027	0.046	1	ZNHIT6	c24
7.25358893713052e-05	-0.669637814229212	0.123	0.185	1	ABCF3	c24
0.000184313573818564	-0.669583561147643	0.071	0.12	1	TRIP4	c24
0.438254719457201	-0.669494242829584	0.008	0.011	1	AMER1	c24
3.65676800005264e-05	-0.669353844333279	0.126	0.191	1	PDHA1	c24
0.101907663538829	-0.669223666814593	0.041	0.056	1	EIF4ENIF1	c24
0.0666532554688109	-0.669209247126485	0.02	0.034	1	FDX2	c24
3.96183566074083e-06	-0.66881459725304	0.182	0.264	0.132872044389926	GLG1	c24
0.000260443530748725	0.668715105861261	0.131	0.091	1	GMDS	c24
0.124386405306977	-0.668682023785325	0.017	0.027	1	ZBTB9	c24
0.139568717529916	-0.6686157965806	0.014	0.023	1	ZNF416	c24
0.0541518987915996	-0.66859426662183	0.033	0.05	1	JMJD8	c24
3.537613100613e-12	-0.668164056957281	0.269	0.406	1.18644468168359e-07	RELA	c24
0.13432702825263	-0.668105962675788	0.011	0.019	1	NAT1	c24
0.0912865322590607	0.66799757716066	0.033	0.023	1	PRKAG2-AS1	c24
2.5647351902781e-06	0.667791454087022	0.241	0.177	0.086016088811547	NANS	c24
0.0314979820543361	-0.667536768611329	0.031	0.05	1	TMEM181	c24
6.86077465267292e-05	-0.667290024231697	0.085	0.142	1	CAPG	c24
0.000105632516388756	-0.667207941012543	0.108	0.166	1	HIST1H1E	c24
0.204546214819444	0.667182597565923	0.011	0.007	1	ZNF439	c24
8.84303185575224e-22	-0.666673048120772	0.601	0.714	2.96577602378218e-17	PLP2	c24
4.21045078684389e-09	-0.666603615958765	0.197	0.306	0.00014121009848917	MAP3K2	c24
0.0013006691800757	-0.666502366570226	0.214	0.268	1	ASH1L	c24
0.180511140733031	0.666467449128941	0.027	0.019	1	STAU2	c24
1.62435549282103e-06	-0.666142749399581	0.181	0.271	0.0544776345182317	ZEB1	c24
0.221102981121788	0.666012574422283	0.039	0.031	1	FMC1	c24
0.023107460645425	-0.665999315733289	0.055	0.08	1	USF3	c24
3.06420328208511e-07	-0.665891980536802	0.215	0.309	0.0102767249674571	GARS	c24
0.000254021307489339	-0.665841653524947	0.096	0.147	1	POLR2H	c24
0.00191828225275725	-0.665810022598425	0.055	0.091	1	KATNB1	c24
0.00642605012584685	-0.665738415376306	0.064	0.097	1	ZC3H14	c24
1.00713943662606e-10	-0.66565394258992	0.305	0.429	3.37774424255649e-06	DCXR	c24
0.00418908719350435	-0.665493899322232	0.047	0.079	1	TLK2	c24
0.0036372591972007	0.665428772594034	0.066	0.043	1	OGFRL1	c24
6.48290139207296e-15	-0.665230720435134	0.403	0.552	2.17423546887343e-10	CAST	c24
0.328301249339006	-0.665227125344598	0.008	0.012	1	ZNF525	c24
5.51636370098045e-11	-0.664819804535144	0.318	0.445	1.85007805803482e-06	CNPPD1	c24
0.000834659762438858	0.664701980643615	0.066	0.04	1	KCNK5	c24
0.212256670730466	-0.664687810523912	0.011	0.018	1	ZNF765	c24
7.72653093564162e-05	-0.664680336728042	0.102	0.162	1	CTDNEP1	c24
0.000219410474257922	-0.664554254036338	0.151	0.213	1	EP300	c24
0.0139916663502751	-0.663875866794716	0.058	0.086	1	PANK4	c24
0.0517775953295321	-0.663828813624686	0.011	0.023	1	ERICH6-AS1	c24
0.000780530691824548	-0.663531456033247	0.11	0.158	1	PIAS4	c24
0.00103964974196591	-0.663304510463152	0.107	0.154	1	E4F1	c24
1.77125422750112e-08	-0.663116794866476	0.296	0.403	0.000594043242819325	DPP7	c24
0.0641960329768656	-0.663112725166435	0.02	0.034	1	ALKBH3	c24
0.000606762199034526	-0.662995522058412	0.057	0.098	1	FUT11	c24
0.082924254924756	-0.662802754601963	0.027	0.04	1	ZNF7	c24
0.0158450653078292	-0.662777472493905	0.064	0.092	1	ANKHD1	c24
0.0330372819989942	-0.662373608508759	0.036	0.056	1	ZNF507	c24
0.146338997300045	-0.662350249913129	0.03	0.041	1	MTHFR	c24
0.0524021821222661	-0.662325154104351	0.033	0.05	1	MED13L	c24
4.79809151159201e-05	-0.662235406933347	0.143	0.211	1	PRKAR2A	c24
0.0431238733142466	0.662164625401388	0.05	0.036	1	SLC39A14	c24
2.39117480775217e-06	-0.662158779217472	0.154	0.237	0.0801952207023924	DNPEP	c24
0.0297491725368377	-0.662099419442702	0.033	0.053	1	OPA3	c24
0.0723816415204772	-0.662098633914552	0.03	0.045	1	GALNT10	c24
3.04811630395487e-11	-0.662070774901413	0.31	0.436	1.02227724602038e-06	AES	c24
0.000755121606694953	-0.661696955404211	0.094	0.142	1	RNF40	c24
2.10872586965639e-05	0.661559079191765	0.347	0.291	0.70722448216536	BCAS2	c24
1.91092435378326e-08	-0.661495431548643	0.231	0.339	0.000640885809771831	GNB1	c24
0.00292159560884649	-0.661205774384877	0.145	0.19	1	PTK2B	c24
0.000285447740022078	-0.660972921448483	0.127	0.183	1	SIN3A	c24
0.282639896494443	-0.660952769404045	0.008	0.013	1	SNTA1	c24
0.0640799615476382	-0.660852390553892	0.02	0.034	1	FAHD2A	c24
0.119045309105448	-0.660687950862406	0.019	0.029	1	PRIM1	c24
0.0234904402859312	-0.660300350365838	0.049	0.072	1	EXOC8	c24
0.000438614563488861	-0.660201179520731	0.08	0.127	1	GTF3C5	c24
0.000593448669220898	-0.660189750722411	0.069	0.113	1	AAR2	c24
0.00033386387681897	-0.660182987354235	0.115	0.17	1	SPNS1	c24
0.00280811315667473	-0.660097351818161	0.305	0.357	1	MTRNR2L8	c24
3.30992654435194e-08	-0.65986640622554	0.307	0.412	0.00111008316444475	HP1BP3	c24
0.284982368588185	-0.659613155185178	0.028	0.036	1	TRGV9	c24
0.149004822918669	-0.659592238439854	0.017	0.027	1	ZNF345	c24
0.000490647614193531	-0.659591346903725	0.108	0.159	1	POLG	c24
0.0141906335895987	-0.659587535793239	0.046	0.071	1	AGAP2	c24
0.0587751359187355	-0.659508293021451	0.05	0.069	1	PPP1R37	c24
4.15909545751427e-06	-0.659235594893856	0.118	0.192	0.139487743454114	POLE4	c24
0.00910461970269261	-0.658676964404246	0.064	0.095	1	PPIP5K2	c24
0.000400390666819639	-0.658410150681041	0.079	0.126	1	DNAJC5	c24
0.0248410373911192	0.658351921530504	0.025	0.014	1	GGT7	c24
0.00202848611392272	0.658327099516534	0.102	0.071	1	MAL	c24
0.0076344793569715	0.65814398667322	0.055	0.036	1	CDK1	c24
3.55058320454288e-05	-0.658052140861952	0.119	0.183	1	TAF3	c24
0.320247662510573	0.657951501486405	0.011	0.008	1	DLGAP3	c24
0.0015250857348663	-0.657884330011119	0.091	0.135	1	CERK	c24
6.29043087455686e-17	-0.657845164052821	0.409	0.567	2.10968470670888e-12	SMAP2	c24
0.483254445474778	0.657821398226105	0.011	0.008	1	LINC01534	c24
0.0265638546162629	-0.65779183530234	0.101	0.129	1	PRPF3	c24
4.61771260948333e-05	-0.657646988767506	0.193	0.264	1	SUPT6H	c24
0.175407634096023	0.657482678047591	0.025	0.018	1	GSTM4	c24
0.0172267215415314	-0.657169869376347	0.046	0.07	1	PTPN9	c24
0.206833115034688	0.657118488480991	0.017	0.012	1	FGF22	c24
0.0441927140611857	-0.656963541052945	0.024	0.039	1	RPTOR	c24
3.49819030131425e-08	-0.656904040626104	0.255	0.355	0.00117322306325477	ARRB2	c24
0.162469490972386	-0.656768906857392	0.011	0.019	1	THAP8	c24
0.914368655423464	0.656579040897986	0.019	0.018	1	AC147651.4	c24
0.0327662397590754	-0.656400589464434	0.057	0.08	1	PCNT	c24
3.42535790411972e-07	-0.656289978893908	0.159	0.25	0.0114879653388367	USP3	c24
0.00403835421406123	-0.65623801996826	0.066	0.101	1	ATXN7L3B	c24
0.000595279057557817	-0.656203365256482	0.112	0.164	1	PIK3CD	c24
0.0769059579659735	-0.656190682387593	0.025	0.039	1	PXMP2	c24
0.000243330675189669	-0.655817623604637	0.108	0.162	1	DDX23	c24
0.440664185692343	0.655216124889914	0.02	0.017	1	TRAV3	c24
0.177590981235753	-0.654915423323513	0.033	0.044	1	ERCC6	c24
1.25686963413008e-07	-0.654883499116169	0.456	0.546	0.00421528937894546	HIST1H4C	c24
0.235196675965405	-0.654715463585665	0.013	0.019	1	MMAA	c24
0.0491970140448712	0.654580771443066	0.027	0.017	1	AL606807.1	c24
0.0923398358383578	-0.654553367885597	0.005	0.012	1	AURKB	c24
2.18858702015585e-06	-0.654499084561114	0.165	0.25	0.0734008314819869	QRICH1	c24
0.000159760366475644	-0.653740187941291	0.074	0.125	1	TM2D1	c24
0.0221384971442998	-0.653667339619103	0.068	0.095	1	ZNF276	c24
0.00806748248050202	-0.653562259652059	0.044	0.072	1	DDX55	c24
0.0618528022777299	-0.653469821345983	0.041	0.058	1	AMMECR1L	c24
0.000134604803162363	-0.65325756958748	0.181	0.246	1	FAM13B	c24
1.04589647535017e-06	-0.653071884911397	0.171	0.257	0.0350772759902939	MOB2	c24
0.00225086935650749	-0.652932630801808	0.049	0.083	1	ANGEL2	c24
0.0315965700697636	-0.652920876574428	0.031	0.05	1	INTS9	c24
0.0401884965864374	-0.652739129843249	0.036	0.055	1	MCM4	c24
0.40973111742759	-0.652265472644424	0.011	0.015	1	GLI4	c24
1.6361851153471e-06	-0.652237097762251	0.105	0.18	0.0548743763985109	NAXE	c24
0.000886061274681133	-0.65212612735357	0.064	0.106	1	DYNLL2	c24
0.0694352252468861	-0.652123303485101	0.028	0.043	1	VPS50	c24
3.92786534958541e-06	-0.652096685380797	0.16	0.24	0.131732748094396	C12orf65	c24
0.000873468975634476	-0.651990515600482	0.156	0.209	1	TRAF3IP3	c24
0.0757014629088333	-0.651852484245299	0.027	0.041	1	PER2	c24
0.00993769307557036	-0.651636358554809	0.093	0.126	1	GLMN	c24
1.21957559380305e-09	-0.651502524510449	0.263	0.375	4.09021262649667e-05	YIPF3	c24
0.179229052671377	0.651258019158785	0.017	0.012	1	RNF144A	c24
0.021707400978803	-0.651179068874731	0.027	0.046	1	PRKAB2	c24
3.25087420336053e-06	-0.651010038339714	0.149	0.23	0.109027819032305	EPN1	c24
0.0456769508555736	-0.650931483873622	0.022	0.037	1	NLE1	c24
0.000127769770845551	-0.650493750355903	0.113	0.171	1	SAE1	c24
0.209618303867223	-0.650463248063884	0.025	0.034	1	AC245297.3	c24
0.000531680282030496	-0.650125973675471	0.108	0.16	1	ANKRD17	c24
3.57557702712732e-08	-0.650083810184707	0.34	0.438	0.00119917702335796	LCK	c24
2.19933790630002e-06	-0.649895678053477	0.192	0.276	0.0737613947014901	ELAVL1	c24
0.000676964618060067	-0.649558345590447	0.137	0.193	1	NXF1	c24
0.00186141840319504	-0.649215176330241	0.08	0.122	1	TRANK1	c24
0.0161252266982098	-0.649084791234895	0.058	0.085	1	GRK6	c24
1.08290138295971e-08	-0.64872737285405	0.39	0.495	0.000363183465817026	ARHGEF1	c24
0.0328611146760601	-0.648588763267961	0.039	0.059	1	FAM206A	c24
0.119706891307919	-0.648410173794955	0.014	0.024	1	IDUA	c24
0.288836984597666	-0.648368779701719	0.011	0.016	1	PDLIM1	c24
0.177234555145944	-0.648323701239197	0.019	0.028	1	GPR35	c24
0.00492311812819038	-0.648015839641478	0.104	0.142	1	USP7	c24
0.000559421221599876	-0.647901670739992	0.096	0.144	1	BCKDK	c24
0.000783330497513778	-0.646751412748285	0.119	0.167	1	UTP18	c24
0.000176401738092983	-0.646748123980325	0.11	0.166	1	SARNP	c24
3.07426437954729e-08	-0.646719324105807	0.226	0.332	0.00103104678761257	PPP1CB	c24
0.000408538383674348	-0.64670399680715	0.072	0.118	1	LEO1	c24
0.0108895720168442	-0.646618274191585	0.069	0.1	1	NAA35	c24
3.77433531237377e-10	-0.646583867341275	0.252	0.376	1.26583657706391e-05	PSMC3	c24
0.0016843852143055	-0.646140060444486	0.06	0.098	1	NEDD1	c24
0.0623602824375783	-0.646109563316923	0.033	0.049	1	CEP170	c24
0.00120865097977653	-0.646004779475368	0.153	0.202	1	LRRN3	c24
4.69983434927504e-05	-0.645879915344569	0.116	0.181	1	HTRA2	c24
0.379569012437909	0.64560362803039	0.013	0.009	1	PPARG	c24
0.00328000089834238	-0.645583500899068	0.105	0.146	1	ESF1	c24
0.00169753425335683	-0.645578897536008	0.06	0.098	1	MPST	c24
8.46124568978361e-06	-0.645448755375799	0.178	0.254	0.283773257943963	SIRT7	c24
0.000985099460415993	-0.645411894161448	0.121	0.171	1	CREBBP	c24
0.0581564241870578	-0.644893642424712	0.03	0.046	1	ZNF180	c24
0.0075111452795938	-0.644866128661809	0.06	0.092	1	FAM208B	c24
0.0442275997784013	-0.644592382291755	0.024	0.039	1	AAAS	c24
0.000340680470779543	-0.644482391254822	0.119	0.174	1	CRELD2	c24
0.31907996580335	-0.644411648137964	0.016	0.021	1	MAN1C1	c24
0.00144801957165902	0.64414458957609	0.041	0.022	1	PAXIP1-AS1	c24
0.158213416965157	-0.644137034440204	0.013	0.021	1	GPR15	c24
0.00216753577167906	-0.644111670969338	0.131	0.177	1	AKAP8L	c24
0.0668293805048243	-0.644104712351986	0.041	0.058	1	AHDC1	c24
0.107638166378801	-0.644068395215248	0.025	0.037	1	TRMT13	c24
0.0213997065346019	0.643950224872399	0.071	0.051	1	PVT1	c24
0.000503222216852867	-0.643874949966839	0.049	0.089	1	DMAC2	c24
0.059111107222339	0.643766501606452	0.041	0.029	1	AC022075.1	c24
0.0463288533383565	-0.643710857227382	0.019	0.033	1	HS1BP3	c24
1.03724663463047e-07	-0.643633494425294	0.226	0.328	0.00347871776322366	LBR	c24
0.000132104071723349	-0.643603577582621	0.14	0.2	1	CPSF7	c24
2.61563252114914e-05	-0.643402634402375	0.132	0.201	0.877230834942998	USP39	c24
1.14841005827036e-27	-0.643036995809904	0.656	0.802	3.85153765342714e-23	SPOCK2	c24
7.59460832981847e-07	-0.643010678780416	0.272	0.366	0.0254707974165452	PHF1	c24
0.161988577364769	0.642927976849469	0.016	0.01	1	TOLLIP-AS1	c24
0.00675592590635481	0.642902896630454	0.116	0.088	1	PYCARD	c24
0.000176916239388499	-0.642846957675348	0.061	0.109	1	ISCA2	c24
0.00181530877409677	-0.642727180779566	0.093	0.135	1	PRDX4	c24
2.08065659999013e-13	-0.642496401903081	0.319	0.464	6.97810610504689e-09	TMED2	c24
5.21296178915222e-05	-0.642225490221166	0.19	0.259	1	PHF11	c24
0.0377784956558837	-0.642053850423896	0.06	0.082	1	UTP25	c24
0.0294469868778992	-0.641951690555288	0.02	0.037	1	ZNF346	c24
1.2921821878669e-06	-0.641862643217384	0.288	0.378	0.0433372062166801	BDP1	c24
8.91649509891527e-05	-0.641799690621777	0.11	0.171	1	S100PBP	c24
0.00696920576703198	-0.641771285179951	0.074	0.107	1	PPP4R1	c24
0.514082183431182	-0.641672977458182	0.02	0.024	1	STARD9	c24
0.114491550167993	-0.641574960398724	0.016	0.026	1	ZNF773	c24
0.000833306868522224	0.641289399260686	0.148	0.109	1	TMEM140	c24
0.000482023097829567	-0.641247089066242	0.057	0.099	1	PPFIA1	c24
0.10457141698331	-0.641158876903702	0.019	0.03	1	SLC25A43	c24
0.663099074235278	0.640934406102475	0.014	0.012	1	AP001816.1	c24
1.519652295917e-12	-0.640920909267403	0.302	0.444	5.09660987004644e-08	RBM17	c24
1.47263438300146e-09	-0.640803508137913	0.201	0.321	4.9389211937103e-05	TUSC2	c24
0.000618098336085724	-0.640798260038682	0.082	0.128	1	SFXN3	c24
0.00465666037246337	0.640716500757714	0.085	0.059	1	SERINC5	c24
0.108972627925623	-0.640633373858791	0.006	0.014	1	SLC16A6	c24
0.0211314913850702	-0.640413668228495	0.033	0.054	1	PDK2	c24
0.265865901762567	-0.640077150058986	0.022	0.029	1	AL662844.4	c24
0.0750722166132144	-0.639992939882295	0.049	0.066	1	TRIM23	c24
0.251154981714367	-0.639662927908549	0.006	0.011	1	IFI27	c24
0.0124235879085336	-0.639190584600444	0.09	0.122	1	NEK1	c24
0.00119678224346187	0.639119460432176	0.123	0.087	1	ID3	c24
0.294693141408651	-0.638749316894552	0.013	0.018	1	SLC26A6	c24
0.000680079463288101	-0.638720210571667	0.06	0.102	1	SCO2	c24
0.00328875111778958	-0.638503264670187	0.055	0.089	1	COMMD9	c24
0.0935489095294842	-0.638469776277856	0.014	0.025	1	AGBL5	c24
0.0214549577207573	-0.63846490996839	0.049	0.072	1	DEF8	c24
4.85413725172287e-05	-0.638173030966237	0.176	0.248	1	RNF216	c24
0.192248699088446	-0.638163558225533	0.008	0.014	1	FAM89A	c24
0.197290857609551	-0.638129970480009	0.058	0.071	1	VPS13D	c24
0.0227000359944502	-0.637958032447905	0.08	0.109	1	ATP2A3	c24
2.1988883334583e-05	-0.637803090715262	0.108	0.175	0.737463169275244	MRPS23	c24
0.106867146013903	-0.637634377206463	0.013	0.022	1	MMAB	c24
0.0307310344592499	-0.637610827030267	0.074	0.1	1	ARID1B	c24
1.38102552563838e-05	-0.637545610614483	0.244	0.324	0.463168340788601	SNRNP70	c24
1.44640308977468e-10	-0.637510153586072	0.344	0.467	4.85094668248631e-06	RTF1	c24
7.39600705093126e-07	-0.637453006156047	0.208	0.297	0.0248047284474133	NARF	c24
0.000577073949202647	-0.637234778578122	0.211	0.27	1	RALGAPA1	c24
0.635361781346983	0.637196209473238	0.017	0.015	1	APOBEC3B	c24
0.341941710611557	0.637158375580145	0.013	0.009	1	HIST2H2BE	c24
0.00984278819535621	0.636986317237858	0.03	0.017	1	DCUN1D3	c24
0.000882858398876143	-0.636982888782015	0.064	0.106	1	NR2C2AP	c24
0.0369285760570731	-0.63686231652339	0.006	0.017	1	C1orf54	c24
0.0138135364465797	-0.636475487176959	0.055	0.082	1	PLEKHA1	c24
0.0311209450401825	-0.636319660452298	0.075	0.101	1	NOL9	c24
0.000594777133326745	0.63628294428778	0.085	0.054	1	CD80	c24
0.000994061163410986	-0.636236084063032	0.127	0.179	1	PPP6R2	c24
0.000766478950941184	-0.635717518109307	0.044	0.082	1	C20orf27	c24
0.000307820295945063	-0.635661796140232	0.071	0.118	1	CMAS	c24
0.00445437818328028	-0.635660831583112	0.096	0.134	1	BMS1	c24
0.00127586498853372	-0.63561725872756	0.132	0.181	1	DYNC1LI2	c24
0.0757199719087229	-0.635595532591031	0.03	0.044	1	AC073111.5	c24
0.00136051988102731	-0.635489058360655	0.085	0.127	1	NDUFAF4	c24
5.08868108424633e-05	-0.635483440181894	0.131	0.196	1	DDX54	c24
0.162681555746155	-0.635394798444827	0.016	0.024	1	SDHAF3	c24
0.430496283498942	-0.635282774092334	0.009	0.013	1	MIR497HG	c24
0.00737759247318471	-0.635264143943213	0.057	0.087	1	TMEM206	c24
0.812769792523261	0.635165671338906	0.014	0.013	1	FUT10	c24
0.478419664794992	0.635075956607117	0.011	0.008	1	RILP	c24
0.00445182735425589	-0.63503861474168	0.05	0.082	1	EHMT2	c24
0.000301464045786539	-0.635003423256771	0.055	0.099	1	NIT1	c24
0.107698972128959	0.63495862900589	0.031	0.022	1	CEND1	c24
0.000307477433146568	-0.634888708397032	0.108	0.162	1	SLC30A5	c24
0.0032872369262237	-0.634751335597863	0.138	0.183	1	CSNK2A1	c24
0.0028146945004921	-0.63467674397578	0.079	0.116	1	RPAP3	c24
0.0562279792657392	-0.634645224295225	0.036	0.053	1	RMND1	c24
0.0240541103269884	-0.634563564887901	0.036	0.057	1	ZNF227	c24
0.0121717666831574	-0.634427621251562	0.058	0.086	1	HAUS1	c24
0.0292663833919756	-0.633796889052284	0.036	0.056	1	NEK4	c24
0.00159242683347748	-0.63366014023798	0.132	0.179	1	LNPEP	c24
2.89047806303495e-05	-0.633569536498996	0.112	0.178	0.969408532780662	SEPT11	c24
0.000137393455593827	-0.633491440508215	0.046	0.09	1	TACC3	c24
0.126381567001298	-0.633397893043497	0.042	0.056	1	PMS1	c24
2.43082376619105e-07	-0.63326154540535	0.225	0.324	0.00815249674705155	IRF7	c24
0.00690698280609521	-0.633243001213059	0.049	0.078	1	SURF6	c24
0.191436017189694	-0.633003056705417	0.011	0.018	1	FCRL3	c24
1.04792049757388e-09	-0.632919700754587	0.215	0.333	3.51451576476329e-05	KDELR2	c24
0.00105685416885562	-0.632663174030971	0.145	0.195	1	SUZ12	c24
0.0235580000340913	-0.632660872655637	0.041	0.063	1	MUTYH	c24
0.000430335480118339	0.632398734121081	0.113	0.077	1	SEMA4A	c24
0.168478528942411	-0.632380709718808	0.017	0.026	1	CHRM3-AS2	c24
0.00824051177042858	-0.632367637815486	0.126	0.165	1	TBC1D2B	c24
2.88603712162862e-05	0.632227616456555	0.093	0.055	0.967919129851808	ZNF143	c24
2.38746340352535e-09	-0.632122011879283	0.415	0.514	8.00707476274332e-05	LGALS3	c24
0.00044398846602564	-0.632029536891763	0.121	0.176	1	C19orf25	c24
0.0506690218282862	-0.632014866270237	0.013	0.025	1	RAB40B	c24
0.554838158061766	-0.631906492823248	0.02	0.024	1	PLA2G6	c24
0.12934452553611	-0.631882088879558	0.019	0.029	1	CTNS	c24
0.131515255751289	-0.631866038200937	0.035	0.047	1	FOXRED1	c24
0.082464386803789	0.631827607698874	0.016	0.009	1	EXTL2	c24
2.48357121851696e-09	-0.631772241859634	0.491	0.573	8.32940115266217e-05	HLA-DQB1	c24
0.000117170944860091	0.631479698050485	0.186	0.137	1	ANKRD10	c24
0.000947091593332145	-0.631477914151167	0.057	0.096	1	AP3M1	c24
0.000342683782141639	-0.631460314953944	0.129	0.184	1	TRIM8	c24
6.94765518159029e-05	-0.631275948468291	0.115	0.176	1	ZCCHC17	c24
0.0816499697935426	-0.631255933994364	0.033	0.048	1	FOXP4	c24
0.284778651637367	0.630903999967439	0.011	0.007	1	FAH	c24
0.0013500622662439	-0.630635215528424	0.064	0.104	1	SH3GL1	c24
0.00331837820529206	-0.630625122410108	0.116	0.16	1	GBF1	c24
7.16447974412013e-05	-0.630559563205668	0.108	0.169	1	METTL5	c24
0.0854486563659414	-0.630380435713629	0.014	0.025	1	ZNF286A	c24
0.104964209272918	-0.630323174870042	0.022	0.034	1	SNN	c24
0.000122674974390557	0.630007393611013	0.186	0.137	1	MED30	c24
0.00780942089508623	-0.630006966874271	0.057	0.086	1	NUP37	c24
0.0809688016073617	-0.629684512290315	0.013	0.023	1	SLC27A3	c24
0.491024916760429	0.629668619656446	0.014	0.011	1	ZNF599	c24
0.000152433507366765	0.629620880365552	0.126	0.085	1	TMCO3	c24
0.000901248033787798	-0.629248754727211	0.105	0.153	1	MTF2	c24
0.00482644337002236	-0.629192392730328	0.086	0.124	1	PMM1	c24
0.138240839884687	-0.629164831132904	0.011	0.019	1	FRAT1	c24
0.0779611669864994	0.628894709933822	0.046	0.033	1	MBNL1-AS1	c24
0.000418992463598998	-0.628821051544984	0.153	0.21	1	MAP2K2	c24
0.00136540549593734	-0.628715864358234	0.08	0.123	1	ZNF384	c24
0.168636470763641	-0.628415522181732	0.024	0.034	1	CLN3	c24
2.44445190524131e-11	-0.628218885129274	0.338	0.465	8.19820279979831e-07	TBCA	c24
0.00822224770669241	-0.628144944646335	0.049	0.077	1	TRIM14	c24
0.0209981861545794	-0.628101720538337	0.027	0.046	1	PIK3CA	c24
0.0858981476480907	-0.628095616161375	0.03	0.044	1	SLC37A1	c24
0.0424088252980669	-0.628025461664075	0.077	0.102	1	ZFYVE28	c24
2.0063603380281e-05	0.627926197975172	0.244	0.188	0.672893130167863	HMCES	c24
0.0051366581386732	-0.627816319017465	0.039	0.068	1	PNPT1	c24
0.00074992480821835	-0.627752659069706	0.082	0.128	1	GOPC	c24
0.00383196252968371	0.627648085704607	0.464	0.426	1	ID2	c24
8.3883571133934e-06	-0.627645171632294	0.154	0.232	0.281328720868988	NCBP3	c24
4.75578652562718e-19	-0.627530582457299	0.563	0.686	1.59499568496484e-14	SF3B2	c24
0.00143693045808166	-0.627352983555922	0.121	0.167	1	SPTBN1	c24
0.000557886150495255	-0.627075618596474	0.061	0.104	1	DDX59	c24
0.0213465491962699	-0.627066168537381	0.077	0.104	1	C12orf29	c24
0.0043616381199004	-0.6270057865225	0.077	0.114	1	ECE1	c24
0.000685380395636739	-0.626465361272171	0.107	0.156	1	SHMT2	c24
0.00674377753938584	-0.626358927617805	0.105	0.143	1	TBC1D17	c24
1.75484298680841e-05	-0.625915626731717	0.112	0.18	0.588539240915806	TM9SF1	c24
0.00116781826782284	-0.625348804775658	0.046	0.082	1	APEX2	c24
0.000415625303695061	-0.62528898632251	0.184	0.242	1	MAP4	c24
0.0115790689427288	-0.625202026577355	0.077	0.108	1	CGRRF1	c24
0.254346356582225	-0.625162687741877	0.009	0.015	1	PARL	c24
0.2444409845301	0.625083077898626	0.014	0.01	1	HS3ST1	c24
9.89861499078332e-07	-0.624426409441301	0.148	0.233	0.0331979749560891	LSM5	c24
0.00884342920941579	-0.624331707024578	0.101	0.136	1	CCDC93	c24
5.57092245074784e-07	-0.624081738126091	0.189	0.28	0.0186837597153181	MRPL43	c24
1.72579705361681e-05	-0.624074655843551	0.303	0.388	0.578797815842005	KMT2A	c24
0.000504641208784103	-0.623872460385087	0.112	0.164	1	UIMC1	c24
0.000655210566210947	0.623823753277628	0.08	0.05	1	KIAA1324	c24
3.26190870047091e-12	-0.623406130162061	0.313	0.456	1.09397893996394e-07	GADD45GIP1	c24
0.0043255883393239	-0.623082358675041	0.064	0.099	1	IBTK	c24
2.56181803054178e-13	-0.622934714683537	0.456	0.594	8.59182531083101e-09	PPP2R5C	c24
0.00662658890467576	-0.6228970283441	0.079	0.114	1	CUL2	c24
0.000164046676066951	-0.622673517185867	0.123	0.182	1	RING1	c24
0.254560427813664	0.622582539429763	0.044	0.036	1	CHEK1	c24
0.000148635714151347	-0.622351070982678	0.264	0.324	1	CAPN2	c24
0.00452052540695443	-0.622238610340551	0.069	0.104	1	ZNF699	c24
0.00769507839221521	-0.622099001611228	0.085	0.118	1	WDR13	c24
3.47909506246298e-05	-0.622056240912657	0.094	0.155	1	FKBP3	c24
0.146343529677531	0.621975685956899	0.022	0.015	1	ZNF57	c24
0.000530734288160414	0.621736705323674	0.134	0.095	1	PKNOX1	c24
0.139978066390449	-0.621695982190968	0.019	0.029	1	CTU1	c24
1.41177050140605e-06	-0.621670446039273	0.121	0.2	0.047347959076156	SPG21	c24
0.000989861513747924	-0.621483695671041	0.063	0.104	1	THOC6	c24
0.000603335235894104	-0.621223176388921	0.129	0.182	1	LMBR1L	c24
0.0415528146775242	-0.62114448151382	0.013	0.025	1	VEGFB	c24
0.0121441629761693	0.620868564002663	0.064	0.044	1	GPR89B	c24
0.00218765140951922	-0.620836467168846	0.123	0.17	1	FOXN3	c24
3.92138096445404e-12	-0.620663691057461	0.311	0.457	1.31515274785859e-07	OSBPL8	c24
1.79587179476844e-05	-0.620567894164914	0.134	0.205	0.602299482529441	OXSR1	c24
0.452015743352328	-0.620240189870868	0.061	0.069	1	KRT86	c24
0.0277279414299447	-0.620220638580438	0.057	0.081	1	R3HDM1	c24
0.00809051933885081	-0.620194838077333	0.024	0.046	1	SIRT3	c24
2.5780325149341e-06	-0.620058688983641	0.159	0.242	0.0864620544858597	TIMM13	c24
0.146673460562741	-0.619967913882776	0.014	0.023	1	ZC3H10	c24
1.72655052121101e-08	-0.619837032550189	0.283	0.39	0.000579050513803748	SDF4	c24
0.0152561599513152	-0.619832318806069	0.035	0.057	1	ZNF76	c24
0.053321243943563	-0.619776906863645	0.09	0.114	1	CLASP1	c24
1.6603484683645e-53	-0.619535676868424	0.885	0.91	5.56847669320086e-49	PPIA	c24
0.159850795272899	0.619339327481113	0.03	0.022	1	DHRS4L2	c24
5.59452596520489e-05	-0.619204314878588	0.156	0.226	1	NEMF	c24
0.00857639709771666	0.619030656894237	0.285	0.251	1	SERTAD1	c24
0.0133342018249511	-0.618972216657769	0.063	0.091	1	CBWD1	c24
2.76622316175832e-05	-0.618849322881362	0.176	0.251	0.927735923990505	OS9	c24
5.57828238747495e-05	-0.618821999669446	0.131	0.198	1	SECISBP2	c24
2.42633852996267e-12	-0.618796490035373	0.285	0.424	8.13745416178881e-08	PSAP	c24
0.00118875667203096	-0.618791106292252	0.057	0.095	1	ASB6	c24
6.09733511595949e-20	-0.61849219080206	0.546	0.701	2.04492425119049e-15	LEPROTL1	c24
0.544962923982953	-0.618423563043889	0.014	0.017	1	LZTS3	c24
0.279254523520165	0.618336583966121	0.057	0.048	1	UPRT	c24
0.116742267925362	-0.618278711046538	0.016	0.026	1	IQSEC1	c24
0.000141970938117948	-0.618263456243237	0.112	0.169	1	SS18	c24
0.0156519769007708	-0.61761388807515	0.024	0.044	1	LIMK2	c24
0.127583310626987	-0.617161571085171	0.046	0.06	1	SLC12A9	c24
0.18280853820454	0.617113317518616	0.016	0.01	1	FAM135A	c24
0.152076615598813	-0.616720498378889	0.019	0.028	1	AP5B1	c24
0.0439071139013315	-0.616678701889768	0.074	0.097	1	PPRC1	c24
0.0071379172265903	-0.616643020846435	0.077	0.111	1	SMPD1	c24
2.79443392385698e-05	-0.616332707090216	0.154	0.222	0.937197249383155	SDHC	c24
0.0584678252311121	-0.616020975593677	0.013	0.024	1	PINX1.1	c24
0.0246515508643194	-0.615945532444137	0.052	0.075	1	SNX11	c24
0.0829911041118978	-0.615917387207555	0.027	0.04	1	TATDN2	c24
0.102591356384031	0.615685652800546	0.058	0.045	1	C5orf30	c24
1.13720504780473e-05	-0.615673101525612	0.126	0.198	0.38139582893275	UBALD1	c24
0.169163037171236	0.615670692321646	0.041	0.032	1	CNIH2	c24
0.012834260438184	-0.615604527261644	0.143	0.18	1	AL138963.3	c24
0.190529214441124	-0.615347264562736	0.016	0.024	1	FOXO4	c24
8.26604779116399e-07	-0.615316167247622	0.25	0.344	0.0277226710820058	SAFB2	c24
0.297745015218779	-0.61507350054034	0.006	0.011	1	ERCC2	c24
0.0266764629264109	-0.615046614209163	0.05	0.073	1	APOL2	c24
0.236954842376977	-0.615032051976502	0.011	0.017	1	ZNF280C	c24
0.202964913272793	-0.61483200244539	0.008	0.014	1	AC009948.1	c24
8.60714375323535e-12	-0.614625866264971	0.277	0.414	2.88666387196007e-07	MLF2	c24
0.0487397611418823	-0.614586112705374	0.03	0.046	1	TAX1BP3	c24
0.0016731775874996	0.614539118527933	0.129	0.093	1	SLC27A2	c24
1.58887038789933e-06	-0.614151014622693	0.173	0.26	0.0532875350693677	DENR	c24
0.181272270282028	0.614074530645325	0.041	0.032	1	HSD17B8	c24
0.0113404606855214	-0.613729759899575	0.057	0.085	1	ZNF263	c24
1.338895812432e-09	-0.61372973307146	0.193	0.311	4.49038877573444e-05	IAH1	c24
4.66562999324297e-07	-0.613706537222043	0.132	0.219	0.0156475898713383	MLEC	c24
0.00398424671182242	-0.613645792930452	0.214	0.262	1	MUC20-OT1	c24
0.00245404442245401	-0.613423785423538	0.083	0.123	1	CAT	c24
0.0723082572303233	-0.613175736328256	0.038	0.054	1	TRIB3	c24
0.00262739934052027	-0.613146260765686	0.044	0.076	1	MRM2	c24
5.15787652590919e-07	-0.612592242659522	0.263	0.357	0.0172984862925943	FAM49B	c24
0.0587841323505348	0.61240178864549	0.061	0.046	1	MREG	c24
0.000102418504185721	-0.612389888859778	0.164	0.232	1	CCNL2	c24
0.0039647437009067	-0.612340990184354	0.082	0.119	1	TBP	c24
0.049894847925563	-0.612277741046895	0.036	0.054	1	NAALADL1	c24
8.44463049588286e-13	-0.612114632444935	0.341	0.486	2.83216017570919e-08	ANXA11	c24
0.113667861292999	-0.6121041073029	0.05	0.066	1	ZBP1	c24
0.0363044562762181	-0.612065426836861	0.105	0.133	1	PLEKHM1	c24
0.452199339204794	0.611952620622747	0.019	0.015	1	TRAV5	c24
0.053236499107665	-0.611542334099259	0.05	0.07	1	ZNF211	c24
0.12015894752678	-0.611510510853392	0.022	0.033	1	C19orf47	c24
0.143178189750219	0.611504913198617	0.041	0.031	1	ENPP4	c24
0.0476522470348014	0.611464373628036	0.025	0.015	1	ARSB	c24
0.00211178935659617	-0.611321813239609	0.057	0.093	1	GFI1	c24
0.000907576139227458	-0.611263306212878	0.099	0.145	1	MAP3K14	c24
0.72972750650106	-0.611181820908553	0.017	0.019	1	ABCA5	c24
0.0120938684007522	-0.611174094792008	0.042	0.068	1	ZBTB45	c24
0.0126523450277572	-0.610857641272032	0.053	0.081	1	IKZF4	c24
0.00805793866257084	0.610843937140673	0.06	0.039	1	LINC00426	c24
0.0105386937855057	-0.610814308675554	0.057	0.085	1	RMDN3	c24
0.10932974738899	-0.610724332368389	0.046	0.061	1	CEPT1	c24
0.829207929631658	0.610557696236789	0.011	0.01	1	TRIM61	c24
0.0142721019048249	-0.610404729346518	0.042	0.067	1	AGPS	c24
0.000930731477176281	-0.61034326924639	0.088	0.134	1	EIF4EBP2	c24
0.0741089568394836	-0.610308122495268	0.024	0.037	1	PLCD1	c24
1.39222414804103e-05	-0.610133873570002	0.151	0.224	0.466924134770002	NHP2	c24
1.58145859154076e-05	-0.610107556833547	0.173	0.248	0.53038958243094	TINF2	c24
0.0716240762684106	-0.610005519114485	0.057	0.075	1	MFSD8	c24
0.0562054237351396	0.609675377445002	0.013	0.006	1	PRSS23	c24
1.23269935042279e-07	-0.609649396428033	0.244	0.344	0.00413422708144795	DCTN2	c24
0.000714052116149557	0.60954232915394	0.127	0.09	1	STX6	c24
0.00437566237670492	-0.609520654366761	0.052	0.084	1	TMEM141	c24
0.00152247265157573	-0.608984152576724	0.149	0.2	1	CCDC88C	c24
0.0104592632129486	0.608816107952325	0.097	0.072	1	AL135925.1	c24
0.0958649611994138	-0.608803746879402	0.017	0.028	1	BORCS8	c24
0.0623949765156015	-0.6087055030944	0.044	0.062	1	FH	c24
0.121844197100633	-0.608452983434663	0.09	0.109	1	KIAA1109	c24
0.52194990385328	0.608409588420089	0.033	0.029	1	MASTL	c24
0.382852745165784	-0.608385150614392	0.022	0.028	1	NAPB	c24
1.9619986591989e-05	0.608339412388829	0.415	0.351	0.658015110322129	CTSC	c24
0.048857722830507	-0.608168170797176	0.104	0.13	1	GPATCH2L	c24
6.06626534342085e-05	-0.60812427921265	0.105	0.167	1	SGF29	c24
0.457646795812044	-0.607921298146135	0.008	0.011	1	AL109955.1	c24
0.000182943283062856	-0.607897014565872	0.102	0.157	1	CD81	c24
0.554561030859729	-0.607719502539402	0.008	0.01	1	MPZL1	c24
0.0152582122289313	-0.607643330249762	0.069	0.098	1	VAV1	c24
0.036062361118908	0.607559577952059	0.039	0.026	1	CENPV	c24
0.0164349482259929	-0.607441449044216	0.053	0.08	1	AREL1	c24
0.435138142568642	0.607300963264993	0.011	0.008	1	TK2	c24
0.0043431943503182	-0.607287234210487	0.071	0.106	1	LZIC	c24
0.02219136056653	-0.607205565552568	0.033	0.054	1	C11orf1	c24
7.10123601157568e-05	-0.60716718294705	0.171	0.24	1	KAT6A	c24
0.0129481165848522	-0.607158177544834	0.075	0.106	1	RPRD2	c24
0.181248148279965	-0.607072617451878	0.022	0.031	1	TCAIM	c24
0.00755206692268815	-0.606845068854733	0.091	0.126	1	MAPK8	c24
0.00315239368368776	-0.606829862481364	0.085	0.124	1	CHMP3	c24
0.0237066369493978	-0.606747051107776	0.064	0.09	1	ZCCHC7	c24
4.39660079035387e-11	-0.606610295837622	0.311	0.439	1.47453197306888e-06	APMAP	c24
0.00142280360105836	-0.606249865419152	0.071	0.111	1	GEMIN7	c24
0.00354655392344541	-0.606203309146355	0.074	0.11	1	PSMG1	c24
2.74739888636464e-05	-0.606094350692939	0.149	0.22	0.921422638508974	SLC25A46	c24
0.0102317724629165	-0.605928466443291	0.112	0.148	1	PPP6R1	c24
0.000623880724585776	-0.605775867833037	0.072	0.117	1	DIABLO.1	c24
0.555977235472173	-0.60549680643963	0.035	0.039	1	DENND4B	c24
0.129773349281893	0.605446584332145	0.019	0.012	1	GPD2	c24
0.126034079745191	-0.605324732776575	0.058	0.074	1	SYNE3	c24
0.392549020918501	-0.60527706417702	0.028	0.034	1	INPPL1	c24
0.0161818391394083	0.605248345944573	0.06	0.041	1	DRAM1	c24
0.190452376500088	-0.605039511192511	0.02	0.029	1	CEP128	c24
2.48294558170348e-07	-0.60503568747975	0.233	0.326	0.00832730289191712	TRAPPC3	c24
0.000509797511157423	-0.60499120059003	0.186	0.243	1	RASAL3	c24
0.138450586714748	-0.604820647707684	0.049	0.063	1	DOPEY2	c24
9.76984613858988e-06	-0.604803034942563	0.198	0.279	0.327661099796027	CAPRIN1	c24
0.000226704345202438	-0.604722053675018	0.162	0.224	1	PBRM1	c24
0.0572257103513077	-0.604596987907412	0.046	0.064	1	PIAS3	c24
0.0201467358889557	0.604538200636866	0.046	0.03	1	PCED1A	c24
3.08798892600415e-12	-0.604388084562668	0.432	0.566	1.03564972600327e-07	ETS1	c24
0.00104325758904041	-0.60428071959317	0.08	0.125	1	DNAJB12	c24
0.618217095485401	0.604272305380157	0.014	0.012	1	NEK6	c24
0.000967670829008	-0.604137362713755	0.102	0.149	1	KARS	c24
0.076791362210031	-0.604092246978392	0.038	0.053	1	DNAJC14	c24
5.64503780000881e-11	-0.604050748822234	0.338	0.458	1.89323277736696e-06	PIK3IP1	c24
0.0796447714365853	-0.604043455750682	0.049	0.065	1	ZNF324	c24
0.00749048007569588	-0.604022624067747	0.112	0.148	1	TRBV27	c24
0.174457303672115	-0.603933793790271	0.025	0.035	1	PAK1	c24
0.0265862754185149	-0.60389104012008	0.064	0.09	1	APC	c24
0.00295366479001874	-0.603878791215123	0.083	0.124	1	AP3B1	c24
0.0867317891115956	-0.603735986280041	0.009	0.019	1	METTL1	c24
0.000261024463799887	-0.603693167049299	0.16	0.221	1	HECTD1	c24
0.253173230946661	0.603627724176293	0.013	0.008	1	PKD2	c24
0.00407471248721958	0.603565698424085	0.088	0.061	1	ETFDH	c24
0.000936987393707987	-0.603509422892727	0.086	0.132	1	DYNC1I2	c24
0.0567076240982031	-0.603119253309331	0.031	0.048	1	SLC25A30	c24
0.00410025370501734	-0.603022076697554	0.047	0.078	1	PIGBOS1	c24
0.346795637223546	0.60288581302778	0.017	0.013	1	NADK2	c24
0.0544928725382791	0.602731190171095	0.118	0.097	1	NMB	c24
8.73641745837848e-05	-0.602698802966616	0.112	0.171	1	MRPL16	c24
2.04939518766696e-27	-0.602693715393779	0.667	0.786	6.87326158039744e-23	PPIB	c24
0.0026667652195798	-0.602675094667067	0.121	0.164	1	FLT3LG	c24
5.26626614675546e-12	-0.602370485404437	0.387	0.517	1.76620034029885e-07	ACTN4	c24
0.118966732951642	-0.602272355693454	0.039	0.053	1	MAP1A	c24
0.0261992820713598	-0.602259524568918	0.057	0.081	1	DLG1	c24
1.15271523445432e-08	-0.601794826646126	0.168	0.278	0.000386597635331291	PLEKHJ1	c24
0.171905959352173	-0.601614579496507	0.047	0.06	1	COG4	c24
0.00143508354296615	-0.60158249556238	0.082	0.125	1	ABHD16A	c24
0.00608555738184559	-0.601330018037658	0.108	0.147	1	DUSP16	c24
0.39705923778794	0.601141407191105	0.016	0.012	1	REEP2	c24
5.19980394412984e-07	-0.601068996567335	0.211	0.305	0.0174391024678227	RAB18	c24
0.0438308560657998	-0.600976317356618	0.068	0.091	1	SENP2	c24
1.04554446377982e-05	-0.600482839216783	0.115	0.187	0.350654702262478	GTF2E2	c24
0.142562806250817	-0.600376939140117	0.011	0.019	1	PUS10	c24
0.399679161247433	-0.60035246206498	0.022	0.028	1	FLCN	c24
8.11749141675294e-05	-0.600109634386999	0.083	0.14	1	DGCR6L	c24
0.039788120961538	-0.600036030648099	0.046	0.066	1	FAM199X	c24
0.0617740453083853	-0.600029864190639	0.041	0.058	1	IMPAD1	c24
0.000910531915755763	-0.599957415078525	0.094	0.141	1	PUM3	c24
0.025851344064489	-0.599838333915618	0.025	0.043	1	KNOP1	c24
0.0875695774406978	-0.599707828949222	0.017	0.029	1	CLN8	c24
0.00305530528487943	-0.599678732797417	0.297	0.354	1	SMG1	c24
0.014583890757652	-0.599587913016152	0.052	0.078	1	ANAPC10	c24
0.000263978473445919	-0.599554028876265	0.131	0.187	1	DCK	c24
0.0232291125849133	-0.599433597789788	0.027	0.046	1	HIPK2	c24
5.47913914723901e-05	0.599006055997648	0.197	0.143	1	GBP1	c24
0.000107822332262864	-0.59898093522916	0.107	0.166	1	COMMD5	c24
5.55066625457526e-06	-0.598842249250277	0.274	0.353	0.186158244845945	BRD4	c24
0.0330309055447512	0.598584708364371	0.031	0.02	1	FAM221A	c24
0.0799026997396996	-0.598309097394087	0.046	0.062	1	ATMIN	c24
0.0480565944850004	-0.598075181183252	0.019	0.033	1	KIF3C	c24
0.154607172572323	0.597904941821298	0.02	0.014	1	EHBP1	c24
0.00311984093440172	-0.597901626152353	0.077	0.115	1	PLPBP	c24
0.0584347327329064	-0.59788961813603	0.027	0.042	1	PCYOX1	c24
6.44653073632115e-13	-0.597701066302107	0.366	0.509	2.16203747834739e-08	VDAC1	c24
0.0687211950424343	-0.597627695431056	0.06	0.079	1	NOC3L	c24
4.08567691881886e-05	-0.597623010499089	0.132	0.2	1	SCYL1	c24
5.29681280197715e-05	-0.597383732012803	0.176	0.245	1	LGALS8	c24
0.00143504932314697	-0.597358563252496	0.127	0.175	1	SEC23B	c24
4.65677151459414e-05	-0.597344340690598	0.189	0.259	1	KIAA1191	c24
0.469046552446269	-0.597132859171748	0.011	0.014	1	FAM57A	c24
0.0510716765884912	0.596986951372776	0.022	0.013	1	SLC18B1	c24
0.0890587347667167	0.596896630103307	0.022	0.014	1	POMK	c24
0.000112421477223047	-0.596856503460994	0.112	0.172	1	NUTM2A-AS1	c24
0.612031767996351	0.596703690748417	0.028	0.025	1	CKAP2L	c24
0.0596685393032731	0.596624732695839	0.042	0.03	1	TRBV28	c24
1.83010583743994e-08	-0.596488127118852	0.231	0.344	0.000613780895760606	RPL7L1	c24
0.00300463867982919	0.596276304151939	0.212	0.171	1	FASLG	c24
0.000321106487920881	-0.596211285452874	0.097	0.151	1	CEBPB	c24
1.32307155615645e-13	-0.596160846746971	0.393	0.536	4.43731738503749e-09	ATP5MPL	c24
3.90249578067986e-07	-0.596073253374074	0.272	0.367	0.0130881903492441	NOSIP	c24
0.0028444076726348	-0.596072243552438	0.107	0.149	1	ITPA	c24
2.29854823575884e-05	-0.595937343883265	0.132	0.203	0.770887107308801	HADHB	c24
0.0181770980077385	-0.595734156029937	0.063	0.09	1	DENND4C	c24
0.030426500049596	-0.595418578253688	0.025	0.043	1	BCAT2	c24
0.000413352565330346	0.595402243106804	0.142	0.101	1	CCDC127	c24
0.119424369013248	-0.595190276664047	0.027	0.039	1	FKBPL	c24
0.0153523291385141	-0.595098948197565	0.044	0.069	1	NFRKB	c24
0.000106054161669449	-0.595025069151252	0.123	0.185	1	EPRS	c24
0.00666959081764464	-0.594856832606524	0.091	0.126	1	PQLC3	c24
0.522886391582286	0.594655119246745	0.011	0.009	1	AC002310.1	c24
0.0388412223329486	-0.594294889768527	0.063	0.086	1	RAD9A	c24
0.000994545551653339	0.594229741935961	0.113	0.079	1	SH3BP5	c24
0.18704237413122	-0.594103725517906	0.02	0.029	1	TCEANC2	c24
0.000208752547955015	-0.594098683859806	0.099	0.154	1	GUSB	c24
0.468316199481933	-0.593933249263848	0.022	0.027	1	ERC1	c24
8.69969478967921e-08	-0.593681240051206	0.261	0.366	0.00291770363856261	DIAPH1	c24
0.913631320469757	0.593608424265368	0.013	0.012	1	QPCT	c24
7.41758493853637e-16	-0.593605339794827	0.469	0.601	2.48770963668633e-11	PSMB6	c24
0.198763121204917	0.593409031858203	0.024	0.017	1	MMS22L	c24
1.80712406612115e-05	-0.593327311757199	0.173	0.247	0.606073269295711	CUL4A	c24
8.20980501084581e-09	-0.592855744511698	0.377	0.482	0.000275340440453747	YARS	c24
6.68319293043678e-10	-0.592805918502029	0.352	0.464	2.24140924500989e-05	XRCC5	c24
0.0589550102598884	-0.592710110880683	0.075	0.098	1	HERC4	c24
0.0264228963732765	-0.592452140165758	0.044	0.066	1	MRPS28	c24
0.156702756759302	0.59234661481373	0.017	0.011	1	AC019163.1	c24
0.658934434434495	0.591887263852835	0.011	0.009	1	FUK	c24
0.153359957306006	-0.591785898151333	0.013	0.021	1	SGO2	c24
0.0398872607336851	-0.591715748006739	0.038	0.057	1	RNF31	c24
0.234279409273442	-0.591552930316219	0.016	0.023	1	CHIC1	c24
0.00243499658227877	-0.591333425446743	0.064	0.102	1	B3GALT4	c24
2.0997788193447e-10	-0.591222905737188	0.296	0.424	7.04223820431826e-06	POLR2I	c24
0.0532166981577806	0.591141166816343	0.11	0.09	1	GMNN	c24
6.35228109755878e-14	-0.591072603940452	0.404	0.544	2.13042803449927e-09	COPE	c24
0.0518131386679139	-0.591040703951617	0.047	0.067	1	CBX7	c24
0.000143827150076566	-0.590940163765867	0.239	0.31	1	STAT4	c24
0.195911007638552	-0.590884119054426	0.025	0.035	1	ZBTB5	c24
2.04554921824774e-16	-0.590878324489256	0.426	0.577	6.86036296815927e-12	PPP4C	c24
2.02082909925008e-05	-0.590705672985564	0.16	0.235	0.677745663306493	ZC3H13	c24
5.24947738112535e-07	-0.590497088381642	0.217	0.314	0.0176056972408182	DYNLT1	c24
0.017135003268601	-0.590284753994053	0.042	0.067	1	USP21	c24
7.35690167840697e-08	-0.590092550317028	0.19	0.291	0.00246735768490413	FAM96A	c24
0.132846707491484	-0.590014762333372	0.016	0.025	1	ZNF155	c24
0.0180877757311942	-0.590003220714655	0.061	0.088	1	CD200R1	c24
0.120770912005085	0.589893608891086	0.016	0.01	1	COL6A3	c24
0.373356757581095	0.589848840380837	0.02	0.016	1	SNX16	c24
0.014355383831165	-0.589840579683218	0.053	0.081	1	MKNK1	c24
4.50628799939566e-05	-0.589649600430001	0.135	0.203	1	FTSJ1	c24
0.106334460366853	-0.589641994538701	0.052	0.068	1	USP32	c24
0.280611442315963	-0.589401438258681	0.009	0.015	1	PRNCR1	c24
0.0921164223373276	-0.5893933386348	0.019	0.03	1	ZSCAN21	c24
6.85875794749679e-05	-0.589309849497248	0.228	0.298	1	PHIP	c24
0.0256543842511894	-0.589232056461557	0.046	0.068	1	TMEM128	c24
7.24253521266887e-11	-0.589218699416038	0.374	0.499	2.42900145962488e-06	TUFM	c24
0.090732271375894	-0.588899518383124	0.049	0.066	1	CPSF1	c24
1.30927954245511e-07	-0.58889703311816	0.193	0.294	0.00439106172948594	EIF4E2	c24
0.00539020107296983	0.588691894145402	0.105	0.077	1	TRGV10	c24
0.0238909861880505	-0.58866804168075	0.049	0.072	1	ZNF264	c24
0.000852121674925564	-0.588627032191362	0.138	0.192	1	STARD3	c24
0.279875150563273	-0.588541041277773	0.009	0.015	1	TFAP4	c24
2.75886436872507e-06	-0.588403963396526	0.186	0.269	0.0925267931983014	ORMDL2	c24
0.00170983886061014	-0.588396835433473	0.099	0.142	1	MFSD6	c24
2.53851381381533e-29	-0.588234133397226	0.706	0.821	8.51366762877385e-25	PSMA7	c24
0.19959591756408	-0.58822889024399	0.022	0.031	1	ATP8B2	c24
0.00210287818665703	-0.588219842466812	0.145	0.192	1	KIF20B	c24
0.00128944847715366	0.588177806450922	0.143	0.105	1	SLC25A33	c24
0.0658008452188239	-0.588169571909959	0.022	0.036	1	SH2D3C	c24
0.274524361038466	-0.588134540417452	0.008	0.013	1	LINC00665	c24
3.23888018295357e-09	-0.588111540285363	0.285	0.404	0.000108625563575897	ADSS	c24
0.136140232874153	-0.587529046870319	0.044	0.058	1	NCLN	c24
0.000857043369473543	-0.587496854607842	0.101	0.149	1	TMEM39A	c24
0.248002642594947	-0.587313432093366	0.011	0.017	1	BMP2K	c24
0.0617476884663475	0.587169516281992	0.02	0.012	1	KAT2A	c24
0.224823332937546	-0.586808605851816	0.014	0.021	1	PSKH1	c24
0.174845739964153	-0.586760268581161	0.014	0.022	1	RTP5	c24
0.0991755087954043	-0.586699661949705	0.014	0.024	1	STK32C	c24
0.46974509385382	-0.586306599734824	0.019	0.023	1	STXBP4	c24
0.025312051350479	-0.586150607247479	0.08	0.108	1	PIP5K1A	c24
1.00553700287546e-05	-0.586094299891399	0.256	0.339	0.337237000024371	DDX39A	c24
0.0233261462102816	0.586078950647228	0.024	0.013	1	ZNF841	c24
0.000611680136960283	-0.585991125459446	0.138	0.193	1	ASXL2	c24
0.0960114716459637	0.585962441587515	0.02	0.013	1	FBXL17	c24
0.160462344266368	-0.58588037212444	0.075	0.091	1	HERC2	c24
0.270401394789619	0.585601006775559	0.02	0.015	1	CISH	c24
0.000194694846820125	-0.585590829596162	0.186	0.251	1	AP2B1	c24
0.0959325255351503	-0.585589139610333	0.041	0.056	1	PTBP2	c24
2.60595785265345e-05	0.585385458033012	0.33	0.27	0.873986144622914	RILPL2	c24
9.58778434299417e-07	-0.5853092370235	0.212	0.303	0.0321555111295339	SURF2	c24
0.242644207671742	-0.585242811772143	0.028	0.037	1	SYNGAP1	c24
0.145537502114714	-0.585117677167515	0.008	0.015	1	FLVCR1-DT	c24
0.15050772522203	-0.585104641858742	0.008	0.015	1	VPS37C	c24
1.01834419288608e-11	-0.585089799780907	0.462	0.582	3.41532275410135e-07	SYTL3	c24
0.000465030071724784	-0.585063280195658	0.119	0.174	1	FBXW2	c24
0.104557190177156	-0.584868425780557	0.019	0.03	1	SORD	c24
0.00529414825768355	-0.584850265652777	0.083	0.12	1	KDM5C	c24
0.782532943750411	-0.584721576393617	0.011	0.012	1	CSAD	c24
0.0375512532208034	-0.584592629073496	0.035	0.053	1	CENPL	c24
0.000375189452519971	-0.584470304200871	0.05	0.091	1	PARD6A	c24
0.00778989964677286	-0.584219210273686	0.233	0.277	1	AHI1	c24
0.766198439264089	0.583974630186486	0.013	0.011	1	TRAV35	c24
0.0486887556657902	-0.583885000330243	0.06	0.081	1	ZNF91	c24
2.22997898489168e-05	-0.58385916558384	0.267	0.339	0.747890351952973	SUN2	c24
4.12816329117331e-10	-0.5837919947493	0.305	0.436	1.3845034045937e-05	TMED9	c24
0.002620208776431	-0.583768894001042	0.101	0.144	1	SMPD4	c24
0.0429950404831944	-0.583673710267228	0.033	0.051	1	PHF10	c24
2.11131213618698e-15	-0.583596298978154	0.406	0.567	7.08091864234388e-11	PET100	c24
2.86468483848323e-07	-0.583224761726173	0.187	0.281	0.00960758001130504	SCNM1	c24
0.00822678352032741	-0.582936319292915	0.086	0.122	1	SDR39U1	c24
0.209393340474101	-0.582455372889305	0.006	0.012	1	ZNF169	c24
0.00297046392332982	-0.582450270666144	0.039	0.07	1	PCGF6	c24
0.0100640861334532	-0.582432194462307	0.134	0.171	1	STX12	c24
0.000895722791450509	-0.582430093972315	0.123	0.174	1	USP33	c24
8.71397411307206e-13	-0.58211351399678	0.464	0.602	2.92249263804211e-08	SF1	c24
0.141795719693586	-0.581923165553265	0.016	0.025	1	ALG9	c24
0.662385894880253	-0.581628297560052	0.011	0.013	1	SORBS1	c24
2.57880851013097e-07	-0.581601182282141	0.208	0.306	0.00864880798127725	USP14	c24
0.00872149008825172	-0.581560062175068	0.093	0.128	1	TOPBP1	c24
0.00767551010107268	0.581398959496159	0.035	0.02	1	TPM1	c24
0.347386221007943	0.581134644586903	0.013	0.009	1	ENOX1	c24
2.84638008720359e-06	-0.581089857997816	0.143	0.223	0.095461895364634	GCHFR	c24
0.0001454703878847	0.581074740504993	0.189	0.139	1	SIT1	c24
9.52814882728279e-05	-0.580988414207601	0.097	0.155	1	GLRX5	c24
0.00245593011869433	-0.580686400972073	0.077	0.116	1	NOA1	c24
0.000768243776693131	-0.580647746468106	0.135	0.187	1	ARCN1	c24
1.12747657866656e-05	-0.580470736526721	0.299	0.385	0.378133094953191	N4BP2L2	c24
0.000691442001377184	0.5804426566419	0.074	0.046	1	SLC9A9	c24
0.00972353987915782	0.580436528388735	0.119	0.092	1	NPDC1	c24
0.32890790392183	-0.580401099358103	0.025	0.032	1	KCTD7	c24
0.87095796397161	-0.580076534801517	0.014	0.015	1	LINC00672	c24
0.0102743089077038	-0.580042231993838	0.046	0.072	1	FAM98A	c24
0.166964554005029	0.579948923074708	0.014	0.009	1	CDKL1	c24
0.174327067222434	-0.579911043431442	0.039	0.051	1	SPATA20	c24
5.36750932015498e-18	-0.579897265319262	0.55	0.687	1.80015527579358e-13	SEPT7	c24
2.83496858063418e-05	-0.579810061841175	0.138	0.208	0.95079176257309	CCDC82	c24
0.0326392028515531	-0.579761707246803	0.022	0.039	1	C17orf80	c24
0.0382890530236857	-0.579659673002808	0.058	0.081	1	ZSWIM7	c24
0.449142580178269	-0.579546559246424	0.025	0.03	1	FAM185A	c24
0.000378916380674396	-0.579513301089666	0.09	0.14	1	MRPL3	c24
6.35188200913294e-09	-0.579209591783688	0.266	0.38	0.0002130294188223	IMP3	c24
0.0216642212704586	-0.57918677194383	0.082	0.11	1	RAD1	c24
0.0920251755678264	-0.5788491147801	0.028	0.042	1	FMNL3	c24
0.000345569374111184	-0.578649270760228	0.168	0.226	1	RCE1	c24
0.385630255640395	-0.578598363888634	0.024	0.029	1	AC097376.2	c24
0.152603989156786	-0.578497314123719	0.011	0.019	1	ZNF25	c24
0.134181052062552	-0.578444788498116	0.091	0.11	1	MON2	c24
0.227115352636001	-0.578432486617409	0.011	0.017	1	ZSWIM9	c24
0.0156040978096862	0.578396544586652	0.179	0.149	1	SIAH2	c24
0.102165408677229	-0.578391278135032	0.028	0.041	1	DHRS1	c24
0.320908594503563	-0.578323767939229	0.006	0.01	1	ZNF674-AS1	c24
0.0724478679597108	-0.578235955701155	0.047	0.065	1	ORC2	c24
0.43628765853762	-0.577904914183159	0.044	0.05	1	TULP4	c24
0.197349739749805	-0.577845193712219	0.005	0.01	1	OSCP1	c24
0.933587866144452	-0.577687599660941	0.009	0.01	1	AC145124.1	c24
2.52964889766995e-05	0.577621591885175	0.255	0.194	0.848393647300548	ZNF622	c24
0.088088258790517	-0.577587660803109	0.006	0.014	1	SLX4	c24
0.00026638465276799	-0.577365396492347	0.17	0.229	1	NDUFS2	c24
0.0135876774745042	-0.577272246907657	0.068	0.097	1	CCDC66	c24
7.07748198563393e-07	-0.577240817423762	0.291	0.386	0.0237364590834191	EMB	c24
0.0516956342375583	-0.57686234112608	0.082	0.106	1	NSD2	c24
0.0064024960919252	-0.576826250667254	0.036	0.063	1	WRAP53	c24
0.147466107298698	-0.57664421102805	0.058	0.073	1	NR2C1	c24
0.0927970528128453	-0.576523804622755	0.061	0.079	1	AMBRA1	c24
5.25687869407173e-05	-0.576478609998849	0.182	0.251	1	SSR1	c24
0.57394705568457	-0.576371004957313	0.057	0.062	1	TTLL5	c24
0.0772562710982429	-0.576346035919581	0.02	0.033	1	EFCAB2	c24
0.000122837403192489	-0.576342752282151	0.115	0.176	1	LPCAT3	c24
0.0646398085200008	-0.576307866197665	0.068	0.089	1	POGLUT1	c24
0.0633505114038797	-0.57617230749891	0.008	0.018	1	ZNF816	c24
0.223238829203776	-0.575963268240889	0.052	0.064	1	ATAD2B	c24
0.00325158310299183	-0.575896944329816	0.066	0.102	1	PSMG4	c24
0.111745784372318	-0.575853651985869	0.044	0.059	1	ZNF101	c24
4.73627671490387e-05	-0.575738916500509	0.186	0.257	1	GNL2	c24
0.000176746324388836	0.575636076445082	0.101	0.064	1	PHTF2	c24
0.0997894352894774	-0.575577816003308	0.014	0.024	1	ARHGAP11A	c24
0.000915573023676461	-0.57553142975878	0.107	0.156	1	ABCG1	c24
7.70558189155291e-06	0.575517868008314	0.154	0.101	0.258429805478902	NFATC1	c24
0.16378303851966	-0.575439392920056	0.02	0.03	1	SMN2	c24
0.161870383156405	-0.575199117388474	0.013	0.021	1	CACFD1	c24
0.000167521091196775	0.57514861347177	0.115	0.076	1	BARD1	c24
1.60836630008804e-05	-0.574998020710354	0.241	0.322	0.539413889723528	SUPT5H	c24
0.150016956141252	-0.574752959434374	0.03	0.041	1	FBXO5	c24
0.0145514275322675	-0.574733254210475	0.063	0.091	1	DCAF10	c24
0.141144107486726	-0.574729625632511	0.038	0.051	1	CEP295	c24
0.00139868662656567	-0.574624151921633	0.154	0.208	1	TRPM7	c24
2.60046792875528e-07	-0.574515910363564	0.157	0.252	0.00872144933945945	FUNDC2	c24
3.88239405344309e-06	-0.574395813236491	0.164	0.246	0.130207731764374	DAP3	c24
0.181374361581441	-0.574222387791117	0.016	0.024	1	MAPK8IP1	c24
0.0153229687280139	-0.574052287356073	0.066	0.094	1	RARS2	c24
0.000563802198430604	-0.573929456005751	0.118	0.172	1	GIT2	c24
1.41596895671968e-10	-0.573867668818598	0.336	0.456	4.74887668704647e-06	BSG	c24
0.0358612639771167	-0.573790696716631	0.036	0.055	1	RINL	c24
0.120017182377388	-0.573764440187108	0.038	0.052	1	PRKD3	c24
6.00445361160961e-07	-0.573713537292676	0.231	0.327	0.0201377365226163	PIN1	c24
0.00322940434462733	-0.573611834017861	0.077	0.116	1	ING4	c24
4.17218875945249e-05	0.573584196362137	0.173	0.121	1	LARP4	c24
0.073891500613725	-0.573561802583528	0.033	0.048	1	SLC38A9	c24
0.000133054790993273	-0.573508097709496	0.108	0.168	1	ASCC2	c24
3.69058455429373e-11	-0.573496186359059	0.319	0.455	1.23774824781903e-06	SYAP1	c24
0.00166193323948918	-0.573448997687057	0.105	0.15	1	WIPF3	c24
0.0702971107975015	-0.57339583853362	0.022	0.035	1	CYB561D1	c24
0.000648417205623512	-0.573145966367639	0.074	0.119	1	IGSF8	c24
0.318957463880533	0.57294659156254	0.011	0.008	1	CCNE1	c24
0.0642284431798518	-0.572821263945582	0.025	0.04	1	PCCB	c24
0.100807824896943	-0.572747928044572	0.013	0.022	1	IFT74	c24
0.000222910218175681	-0.572692813183526	0.151	0.212	1	RCAN3	c24
0.200586428724212	-0.572536532017314	0.017	0.025	1	ZNF789	c24
0.254692329390596	0.572403372096662	0.024	0.018	1	CCNE2	c24
1.07574825396543e-06	-0.572343216854943	0.209	0.301	0.0360784449414925	PSMD4	c24
0.0681699064029735	-0.572286062085938	0.031	0.047	1	SLC38A5	c24
0.208125101180232	-0.572209089867609	0.055	0.067	1	PIK3C2A	c24
0.255253496304157	-0.572046637834747	0.022	0.03	1	TRIM5	c24
2.12711294066794e-07	-0.571980277615035	0.239	0.34	0.00713391138041213	SERINC3	c24
0.0507569769663121	0.571965452064549	0.031	0.02	1	UBE2C	c24
0.0147686696381121	-0.571861412963027	0.028	0.05	1	PAICS	c24
0.00576800642310714	-0.571784545904631	0.072	0.106	1	BOD1	c24
0.224422178257977	-0.571662151810766	0.009	0.015	1	APOM	c24
0.000367468454162241	-0.571534452095272	0.116	0.171	1	NMT1	c24
0.000502053899914181	-0.571355706894104	0.116	0.17	1	FLI1	c24
0.03341097889248	-0.571164904254953	0.03	0.048	1	COQ5	c24
5.05137231436149e-06	-0.57115046996913	0.214	0.298	0.169412924679056	SCAMP3	c24
0.00876386988402303	-0.571143371629372	0.05	0.079	1	RBM34	c24
5.7466492555975e-11	-0.570805014710648	0.285	0.416	1.92731122734229e-06	SRP9	c24
0.0802357135846239	-0.570613874513745	0.028	0.042	1	SLC15A4	c24
0.151882699237424	-0.570594287275874	0.03	0.041	1	FARP2	c24
1.94608878985661e-05	-0.57053001078439	0.145	0.215	0.652679258342111	FYTTD1	c24
0.671494738341304	0.570414688980996	0.035	0.032	1	WDYHV1	c24
0.000977228977865597	-0.570370750197853	0.08	0.125	1	ZDHHC7	c24
0.0211142312127563	0.570330654327167	0.346	0.325	1	PRNP	c24
0.0008545420477783	-0.570293523682115	0.068	0.11	1	ACTR8	c24
0.00411678914190668	0.570117351048126	0.119	0.089	1	FLOT1	c24
0.00428277890153899	-0.570064821752143	0.068	0.103	1	ING3	c24
0.0463955580614067	-0.570055003532262	0.044	0.064	1	SMG9	c24
0.0196078551140009	-0.570009596108256	0.091	0.121	1	URI1	c24
0.279897878578516	-0.569993631258166	0.028	0.036	1	ZNF614	c24
0.2170420661474	-0.569822839321649	0.036	0.046	1	GUF1	c24
0.0245891120237059	-0.569756471870478	0.079	0.106	1	CABIN1	c24
1.81548462630965e-09	-0.569653680737978	0.294	0.415	6.0887723397173e-05	SCAMP2	c24
0.0181177638109117	-0.56944578535622	0.041	0.064	1	IL15RA	c24
6.85888956356091e-05	-0.569334556019241	0.153	0.219	1	ZFAND2B	c24
8.46713150116495e-05	0.569226882032899	0.204	0.151	1	CHMP1B	c24
0.313602472794104	0.568887685318278	0.016	0.011	1	TNFRSF14-AS1	c24
0.0721670273231965	-0.568885311518369	0.03	0.045	1	PLCL2	c24
0.00257563479265348	-0.568801772180834	0.225	0.275	1	CNTRL	c24
0.0460360585375969	-0.568768543470183	0.042	0.062	1	SETD4	c24
0.0045013393584957	-0.568768393957793	0.094	0.134	1	AAGAB	c24
1.18116356605475e-13	-0.568552334965934	0.519	0.638	3.96138636783443e-09	HSP90B1	c24
3.20511457008791e-09	-0.568539648606901	0.797	0.867	0.000107493132451608	MT-ND2	c24
0.0244788736583768	0.568443560101719	0.072	0.053	1	SENP1	c24
0.0113397302745232	-0.568236451959792	0.101	0.135	1	EML2	c24
0.0790600129564778	0.568155233794839	0.053	0.04	1	KMT2E-AS1	c24
0.00509780831539249	-0.568122026075343	0.071	0.106	1	RCC1	c24
0.0457681935884686	-0.568060863293536	0.028	0.045	1	ERCC4	c24
0.12541214407827	-0.567876191928586	0.064	0.081	1	NISCH	c24
0.0100303762763501	-0.567825346561452	0.036	0.061	1	IVD	c24
0.367477941692721	-0.567822413840058	0.028	0.035	1	VPS52	c24
0.000548316774220185	-0.567544688680758	0.112	0.163	1	GRHPR	c24
0.117338889987546	-0.567497957640071	0.024	0.035	1	ZNF790	c24
2.99991229874003e-07	-0.567313299775909	0.219	0.312	0.0100611058675143	TBCC	c24
0.0846525452756369	-0.567293049011217	0.019	0.031	1	MLYCD	c24
0.0188378677386709	-0.56725344522749	0.052	0.077	1	RUNDC1	c24
0.518396510346068	-0.567141701936611	0.011	0.014	1	THRA	c24
0.000790355328829508	-0.567115122523868	0.097	0.145	1	ASB8	c24
0.077433538480346	0.566937794043124	0.036	0.025	1	RHBDD3	c24
1.95100673662421e-05	-0.566909506927424	0.201	0.277	0.654328639329027	DCAF7	c24
0.0805346071293473	-0.56673232474306	0.058	0.076	1	WASHC2A	c24
4.2372119768892e-10	-0.566685593983253	0.272	0.392	1.4210761528091e-05	ANAPC11	c24
0.354055197391977	-0.566605990707462	0.006	0.01	1	AC244090.1	c24
9.84406411592427e-08	-0.566445952005069	0.291	0.401	0.00330150222319868	CCDC12	c24
0.00398220868849986	-0.566436558251897	0.112	0.153	1	EXOC5	c24
0.0609813274171204	0.566436106820697	0.049	0.035	1	ABHD17B	c24
1.90727213860591e-11	-0.566421892592016	0.349	0.485	6.39660929845649e-07	PCMT1	c24
0.214595507348022	-0.566375487411809	0.009	0.016	1	TNFAIP8L2	c24
0.0146983420352144	-0.566264581134967	0.041	0.065	1	VAC14	c24
0.00479744452589894	-0.566132751380307	0.072	0.107	1	WDR61	c24
0.0194967382290556	-0.566061827035872	0.036	0.059	1	WDTC1	c24
0.783155685699704	0.56591592299867	0.014	0.013	1	HMBS	c24
0.138254182639774	0.565898833793898	0.028	0.02	1	IRF2BPL	c24
0.282277057743226	0.565851375425471	0.019	0.014	1	FBXL8	c24
0.00803300222621919	-0.565844132231593	0.066	0.097	1	ADD3	c24
0.000543704804563125	-0.565793200380075	0.094	0.144	1	ALG2	c24
0.119152088757089	-0.565525803025583	0.006	0.013	1	CTBP1-DT	c24
0.0017156104528728	-0.565424848293521	0.082	0.123	1	CCDC25	c24
0.279410611129827	0.565314510634103	0.017	0.013	1	RGPD2	c24
7.00404522477986e-05	-0.565145518315176	0.105	0.165	1	NMI	c24
0.0132085437332985	-0.565133380941778	0.055	0.083	1	CCDC22	c24
0.16889777258185	-0.56507833919086	0.038	0.05	1	CIC	c24
0.210762922135596	0.565076731739323	0.049	0.04	1	SNTB2	c24
0.000343432613266164	-0.564665160498098	0.115	0.17	1	DUSP12	c24
0.00745778240443224	-0.564629512065396	0.096	0.132	1	LIN37	c24
0.00261804780961067	0.564273018349071	0.225	0.186	1	PEA15	c24
8.39971619524116e-11	-0.564153009550954	0.404	0.521	2.81709681755998e-06	PA2G4	c24
0.300039554581073	-0.564075640555102	0.017	0.024	1	AC091057.6	c24
0.000838241533633707	-0.564073992905654	0.116	0.166	1	NEPRO	c24
0.097092117163786	-0.563711378825387	0.027	0.04	1	ATP11C	c24
1.50245772896467e-12	-0.563603923715223	0.332	0.48	5.03894273140172e-08	NDUFAB1	c24
0.292570837605729	0.563194093784096	0.024	0.018	1	CCDC7	c24
0.000559322146576081	-0.563154160064249	0.107	0.159	1	NUDCD2	c24
0.00139718721439166	-0.56313091121757	0.175	0.227	1	PPM1K	c24
6.75074215785289e-05	-0.562840276817353	0.2	0.269	1	CARD19	c24
0.272458290961746	0.562756761926923	0.011	0.007	1	AC010226.1	c24
9.28486453170949e-05	-0.562598666771182	0.154	0.221	1	WDR48	c24
0.386998084375386	0.562134124145195	0.013	0.009	1	AC016727.1	c24
0.00984368088110377	-0.562005016526107	0.064	0.095	1	FAF2	c24
3.86114929876942e-07	-0.561770194044706	0.445	0.527	0.0129495225182129	TIGIT	c24
0.00613738766282509	-0.561645647514075	0.039	0.067	1	CETN2	c24
0.038579416518315	0.561638562121785	0.041	0.028	1	SLC16A7	c24
5.96238671667207e-10	-0.561311058352873	0.358	0.495	1.99966525703748e-05	CSNK1D	c24
0.000123994933773806	-0.561224521430166	0.214	0.283	1	DENND4A	c24
0.000340519710054964	-0.561025146787973	0.121	0.177	1	FIBP	c24
0.0191638321064406	-0.561017189087544	0.063	0.09	1	AKAP11	c24
0.00948744402668146	-0.561008926823349	0.05	0.078	1	ILVBL	c24
1.61651305506346e-18	-0.560909024983885	0.588	0.71	5.42146148407183e-14	ARHGDIA	c24
0.00473940106548172	-0.560896882315485	0.055	0.088	1	CRLS1	c24
0.0111863449955421	-0.560848136254446	0.057	0.085	1	PDP1	c24
0.360708517733176	0.560730194044055	0.011	0.008	1	AL009179.1	c24
0.0037832152581775	0.560631601212284	0.115	0.083	1	TSEN15	c24
4.68843381388577e-05	-0.560443564257551	0.159	0.226	1	PGD	c24
0.373697869337976	-0.560426477888565	0.006	0.01	1	LINC00921	c24
3.52386355844856e-05	-0.560306113767059	0.138	0.209	1	THYN1	c24
0.0840606529068739	-0.560174376322156	0.044	0.061	1	ATR	c24
0.0197046225973868	0.55997798214243	0.077	0.056	1	STK38L	c24
0.202380655350086	-0.559967019775931	0.033	0.043	1	ECHDC2	c24
0.0124366682516991	-0.559934837376438	0.077	0.108	1	PRRC1	c24
0.00262566805608284	-0.559913566983517	0.064	0.101	1	FOPNL	c24
8.93681743621899e-06	0.559466151993872	0.286	0.221	0.299722983175913	SPN	c24
0.101703547315199	-0.558926232419787	0.019	0.03	1	DHX35	c24
0.14169646310283	-0.558854785624	0.028	0.04	1	DHX33	c24
0.0540842490136066	0.55883058790941	0.047	0.034	1	SLC43A2	c24
0.00320201520989905	-0.55865414975423	0.097	0.139	1	TRIP11	c24
5.40691566649463e-06	0.558616558589553	0.219	0.156	0.181337137622897	FBXO32	c24
0.0135919789630952	-0.558558608131196	0.058	0.087	1	PITRM1	c24
0.0111418536586805	-0.558428903491167	0.082	0.114	1	MAGT1	c24
0.00813083822664035	-0.55837069556958	0.055	0.085	1	GSK3A	c24
6.30040605681432e-06	-0.5581928916755	0.142	0.217	0.211303018333439	CCDC90B	c24
0.00645614157585874	-0.558032436268224	0.119	0.161	1	UBR5	c24
0.000267746073366004	-0.557962440185084	0.182	0.243	1	C12orf75	c24
0.113265533543577	0.557937899448659	0.025	0.017	1	ABCD2	c24
0.137896595574799	0.557804635170569	0.024	0.016	1	NEIL2	c24
0.00513788040825723	-0.557795701471192	0.086	0.123	1	SLC39A7	c24
0.000291876591719604	-0.557703712689578	0.162	0.225	1	KAT6B	c24
0.0208796118376003	0.557524661098741	0.077	0.056	1	RRS1	c24
0.0288651215591909	-0.557503495099347	0.024	0.041	1	SMCR8	c24
0.0167631841269937	-0.557405255670517	0.099	0.131	1	NOL8	c24
0.0141287265437037	-0.557221172211699	0.082	0.113	1	CLIP1	c24
0.000245746050894001	0.55714688855065	0.217	0.168	1	CRIPT	c24
0.136041300132922	-0.556956468195141	0.031	0.044	1	EIF3C	c24
0.000153903294751452	-0.556706152229004	0.217	0.282	1	VOPP1	c24
4.02917499554803e-07	-0.556655839494573	0.215	0.31	0.013513047100069	NUTF2	c24
0.0138768232777956	-0.556655504856013	0.058	0.086	1	ECSIT	c24
0.000160206890911393	-0.556402410818707	0.165	0.229	1	PFDN1	c24
0.206666951557355	-0.55632813557361	0.009	0.016	1	AC027682.4	c24
9.39782147654794e-06	0.556047567281073	0.371	0.301	0.315184136680465	MAT2A	c24
0.449505715910729	-0.556037636046453	0.042	0.048	1	CDKAL1	c24
0.0130941435759647	-0.555911252470552	0.066	0.095	1	NME7	c24
0.0117800344985841	0.555900125072976	0.083	0.06	1	PPP2R2B	c24
3.12790296751952e-07	-0.555804934754321	0.462	0.56	0.010490360972467	TCF25	c24
0.000402687722836526	-0.555721394186105	0.101	0.153	1	RANGRF	c24
0.0922467122091084	-0.555700480087734	0.03	0.043	1	C9orf85	c24
0.237955264325207	0.555204504097969	0.053	0.044	1	DAPP1	c24
6.56725007736052e-05	-0.555201757955303	0.11	0.174	1	COQ4	c24
0.0204611864291682	-0.554955482628744	0.085	0.115	1	INTS6	c24
0.564421301108974	-0.55477275736307	0.02	0.024	1	MAN2A2	c24
0.0170887120681999	0.554761959977379	0.105	0.081	1	PTPA	c24
0.0196164370134009	-0.554713711751826	0.131	0.165	1	TP53BP1	c24
0.0618983202045017	-0.554679178437917	0.11	0.134	1	DCTN4	c24
5.68820336742722e-05	-0.554667443264231	0.195	0.27	1	TRPC4AP	c24
0.0683561974031906	0.55454825373831	0.042	0.03	1	CEP44	c24
0.0138595384535354	-0.55445342063747	0.068	0.097	1	MUS81	c24
0.00141231413458421	-0.554442503906417	0.131	0.18	1	PPP6R3	c24
0.0205872997180266	-0.554240947291995	0.055	0.08	1	RNF24	c24
0.311028229433557	-0.554125295940157	0.013	0.018	1	SPATA6L	c24
0.403129514855349	-0.554006859364508	0.024	0.029	1	RERE	c24
0.229584149132988	-0.553994297230142	0.035	0.044	1	ESRRA	c24
0.13363879671376	-0.553833163224008	0.028	0.04	1	ZNF480	c24
2.61738436410509e-06	0.553819625265107	0.16	0.103	0.0877818368033565	TOGARAM1	c24
0.065358906276523	-0.553816174891041	0.03	0.045	1	TAF5	c24
0.00129009588001726	-0.553800781516129	0.099	0.145	1	LIX1L	c24
0.373001239455133	-0.553771239354823	0.017	0.023	1	NRIP1	c24
0.0357023797550018	-0.553752945063029	0.036	0.056	1	ARMH3	c24
0.0297071973315384	-0.553517587590657	0.039	0.06	1	UNK	c24
0.0305870610479292	-0.553307476161355	0.052	0.075	1	SGCB	c24
0.00761428286629346	-0.553262427153665	0.072	0.106	1	ZNF195	c24
0.0034340406250157	-0.553259849332637	0.061	0.096	1	EEA1	c24
0.302442947136753	-0.553184497122419	0.008	0.012	1	ZFP69	c24
4.44349357302696e-05	-0.553035802151081	0.228	0.302	1	SAFB	c24
0.478805331040594	-0.553011614616252	0.008	0.011	1	SYCP2	c24
0.311516842841551	-0.552902706466155	0.022	0.029	1	TMEM94	c24
0.0616300705573379	-0.552789274565754	0.025	0.04	1	BCR	c24
3.79747456430048e-05	-0.552562380538322	0.178	0.25	1	EMC10	c24
0.291614372414955	-0.552521346238809	0.013	0.018	1	RBFOX1	c24
0.0369230588490737	-0.552226617107513	0.069	0.094	1	PIBF1	c24
0.717598439865192	-0.552133773249695	0.02	0.023	1	CARMIL2	c24
0.103066281442734	-0.551872306530692	0.022	0.034	1	OSBPL11	c24
0.0855685169679822	0.551864216273355	0.044	0.032	1	C20orf204	c24
0.00350753362404811	-0.551772102266063	0.072	0.109	1	TMED3	c24
3.18813980559994e-05	-0.551697227309933	0.176	0.247	1	STMP1	c24
0.0618605796183077	-0.551429137180581	0.066	0.086	1	CAAP1	c24
0.0451394968361174	-0.551292544179535	0.061	0.084	1	ANKIB1	c24
0.0378319966596599	-0.551245312649668	0.082	0.107	1	TRIM37	c24
0.00134933993906813	-0.551198286643998	0.061	0.101	1	NPRL2	c24
0.178012559328901	0.551063573627214	0.025	0.018	1	CD274	c24
0.0758244340038637	-0.550963796803159	0.028	0.043	1	FRAT2	c24
0.0175142283760536	-0.550925396287965	0.035	0.057	1	NDST2	c24
0.140707034390279	0.550721457030257	0.09	0.076	1	HACD4	c24
0.000740511542079605	0.550683430998946	0.255	0.207	1	STOM	c24
0.18787470717456	-0.550662156376134	0.05	0.063	1	DNAJC13	c24
0.0608469158502019	0.550509173799171	0.071	0.055	1	ARHGEF6	c24
0.993221242712257	0.550403833228743	0.036	0.037	1	TP53TG1	c24
9.20026377144141e-06	-0.550395518753158	0.203	0.284	0.308558446366602	TMEM208	c24
2.59583347919436e-05	-0.550266468501888	0.123	0.188	0.870590632252203	CPNE3	c24
0.00332284556382552	0.549861934697558	0.083	0.056	1	PRUNE1	c24
0.00019657740273941	-0.549850065285158	0.119	0.178	1	TPST2	c24
0.0109542259284495	-0.549791369316474	0.036	0.061	1	TNFAIP8L1	c24
0.34819704789272	-0.549556590967461	0.009	0.014	1	APBB3	c24
6.4732810708411e-06	-0.549532985844871	0.201	0.283	0.217100900553869	LASP1	c24
1.68651338887268e-05	-0.549438512534742	0.299	0.384	0.56562286036012	PBX4	c24
0.0655044809943786	-0.549282531188021	0.035	0.051	1	JAK2	c24
1.810423185242e-06	-0.548905164421893	0.222	0.309	0.0607179727866463	ARL6IP6	c24
0.169595157713389	-0.548830533995309	0.013	0.02	1	PIGK	c24
0.0012521474391634	0.54867167396307	0.138	0.101	1	P4HA1	c24
1.68752541671064e-10	-0.548639021436912	0.365	0.489	5.65962274256416e-06	SNRPD3	c24
1.24840382168331e-32	-0.548439086316927	0.792	0.905	4.18689673716147e-28	CD44	c24
0.012287774136781	0.54838585683082	0.105	0.08	1	UQCRHL	c24
0.00108652634950807	0.548236555471635	0.162	0.122	1	SDE2	c24
0.599541667601952	-0.54818813076105	0.025	0.028	1	ARHGEF12	c24
0.180452404772871	-0.548163899062612	0.035	0.046	1	MICU1	c24
0.000415624854128391	-0.548135923520153	0.115	0.169	1	ARMC8	c24
0.012951454177697	0.548097706588446	0.041	0.025	1	AC087239.1	c24
0.110165834511644	-0.548056042518753	0.013	0.022	1	ALAD	c24
0.00485488107644829	-0.547899843268031	0.052	0.084	1	IFT22	c24
0.0877085599344488	-0.547435836521138	0.011	0.021	1	ZNF28	c24
0.00960628943515436	0.547285905524283	0.027	0.014	1	KCTD11	c24
0.0260953949143698	-0.547218441682103	0.055	0.079	1	MSL2	c24
0.489373827558142	-0.546855133057538	0.024	0.028	1	SEPSECS	c24
0.037686094339374	-0.546845902189124	0.049	0.07	1	ZCCHC9	c24
1.99433973153979e-07	-0.546776814598172	0.296	0.394	0.00668861659163815	CD58	c24
0.697105780067593	0.546164630406371	0.024	0.022	1	DOK4	c24
0.00514421523691326	-0.545906366228399	0.149	0.191	1	WASHC1	c24
0.0460632282925452	-0.545821241899148	0.022	0.037	1	RNF26	c24
0.000864767605268275	-0.545432984807622	0.102	0.151	1	UTP6	c24
0.069549687619949	-0.545342736054893	0.03	0.045	1	SLC20A2	c24
0.0879371533605217	-0.545297119850162	0.02	0.033	1	ZMYND19	c24
5.49433707260764e-10	-0.545270824702459	0.255	0.377	1.84269076741115e-05	TXNDC17	c24
0.657371304793472	0.545151593836757	0.019	0.017	1	NRROS	c24
0.00018620079671469	0.545050220024471	0.108	0.071	1	ADNP2	c24
0.187754375717573	-0.544898514744691	0.017	0.026	1	CAD	c24
0.0995267484751191	-0.544708638856308	0.074	0.093	1	ADAM8	c24
0.0115872608160927	-0.54468114896142	0.137	0.175	1	ATF6B	c24
0.352166330860702	-0.544614892607816	0.011	0.016	1	ENTPD1-AS1	c24
0.189163288754975	-0.544444422923986	0.03	0.04	1	ACER3	c24
1.61153329635961e-06	0.544421244120664	0.204	0.14	0.0540476036933084	BCL2	c24
0.115422763083923	-0.544173664833717	0.061	0.078	1	CDK5RAP2	c24
0.358706878197532	0.544062886821154	0.022	0.017	1	LINC01184	c24
0.0313732271529917	-0.54380929195298	0.052	0.075	1	SLC25A12	c24
0.0113780457573279	-0.543711982279919	0.088	0.121	1	PHKG2	c24
0.17428777525346	-0.543677725021246	0.068	0.082	1	ITFG2	c24
0.0649640224574063	-0.543566517947931	0.039	0.056	1	ELP1	c24
4.0385777082971e-07	-0.543503909590606	0.255	0.348	0.0135445819180868	NUCKS1	c24
2.76619111018162e-05	0.543297557543481	0.25	0.189	0.927725174532712	CORO1B	c24
0.00227213373060781	-0.543138229837294	0.115	0.16	1	DHX16	c24
2.02900925858688e-06	0.543092701182374	0.398	0.326	0.0680489125144867	PPP1R18	c24
0.0193780126227553	-0.543073793664369	0.085	0.114	1	NUS1	c24
0.332344582569065	0.543064880601305	0.022	0.017	1	AC004812.2	c24
0.000137198746333129	-0.542981750480478	0.17	0.235	1	SKIL	c24
0.0184385982549607	-0.542823988167926	0.099	0.131	1	NDUFS1	c24
0.00584819017002794	-0.542737356042861	0.08	0.115	1	MPHOSPH6	c24
0.0364938103725787	-0.542659482632985	0.036	0.055	1	PPP1R9B	c24
0.000426603059140253	-0.542601816203185	0.132	0.189	1	PHYKPL	c24
0.0465230906170137	-0.542416805546431	0.157	0.186	1	SETX	c24
0.157547617558058	-0.542399386099347	0.079	0.095	1	FBXL20	c24
0.00240662609095053	-0.542360381350531	0.077	0.117	1	TRMT6	c24
7.98542136661725e-05	-0.542352649608486	0.296	0.365	1	NUP98	c24
1.6668549426687e-20	-0.542347436946042	0.8	0.844	5.5902981067223e-16	S100A6	c24
0.0380335531287491	-0.542215444087908	0.077	0.102	1	RALB	c24
0.000129573746288717	-0.541877185409335	0.145	0.208	1	PRKCD	c24
0.0455610945968722	-0.541755347811115	0.024	0.039	1	CUL4B	c24
1.3850534393049e-07	-0.541730259283964	0.253	0.358	0.00464519222474078	ZBTB1	c24
0.740147505393602	0.541696523616255	0.016	0.014	1	DTL	c24
0.220686280404822	-0.541555406076667	0.022	0.03	1	ZNF687	c24
0.365418014506736	-0.541427364412304	0.008	0.012	1	ENG	c24
2.70832948482991e-07	-0.541386453738783	0.299	0.392	0.00908319542622254	PSMC5	c24
0.000399268150306966	0.541359440558424	0.173	0.128	1	FAM45A	c24
0.418796481915993	0.541356064746169	0.013	0.009	1	DAB2IP	c24
0.0385998711013769	-0.541271391499342	0.061	0.085	1	CBWD5	c24
0.0636814127313225	-0.541140373026581	0.047	0.066	1	ZNF136	c24
0.0981663323992925	0.541094125588321	0.031	0.022	1	TIPARP-AS1	c24
1.19804777401865e-08	-0.540900385019582	0.332	0.444	0.000401801262450374	AURKAIP1	c24
0.8310262018768	0.540809595328286	0.014	0.013	1	LDOC1	c24
0.00015346155184626	0.540775830225919	0.129	0.088	1	CD226	c24
0.64897348042447	-0.540763583601646	0.009	0.011	1	TMCO4	c24
6.33572722137399e-06	-0.54050018387639	0.16	0.24	0.212487619550441	ASF1A	c24
0.00387796410021935	-0.539840930997583	0.173	0.221	1	SETD5	c24
2.86919805331384e-09	-0.539612883797846	0.365	0.474	9.62271643120397e-05	SELENOT	c24
0.00218425750162812	-0.539564025705809	0.052	0.087	1	GNG10	c24
0.00922036374642086	-0.539429838172558	0.132	0.17	1	TSTA3	c24
0.00413846770682197	-0.5390941788476	0.047	0.078	1	SLC50A1	c24
0.0282903820045512	-0.538519668971579	0.042	0.064	1	FASTKD1	c24
0.198674041694944	-0.538428256017352	0.05	0.062	1	R3HCC1L	c24
0.242462601285819	-0.538406958073667	0.008	0.013	1	CCDC191	c24
0.0926309372644766	-0.538388268734214	0.035	0.049	1	KCTD6	c24
0.000523625539085166	-0.53838541499701	0.09	0.138	1	TMEM18	c24
0.029217380325733	-0.53836507722057	0.025	0.043	1	DSTYK	c24
0.0138948420304784	0.538187872089571	0.047	0.03	1	GIPC1	c24
0.090374512127509	-0.538167074700262	0.03	0.044	1	SNAPC4	c24
0.0542269887627157	-0.537875050309398	0.014	0.026	1	ROGDI	c24
0.302164877706678	-0.537857285113613	0.008	0.012	1	SNHG22	c24
0.260964054248428	-0.537694528143769	0.097	0.112	1	ANKRD36C	c24
0.000383630970411003	-0.537658627640114	0.108	0.163	1	RIOK1	c24
0.000141795749378983	-0.537472431372859	0.09	0.145	1	ZMPSTE24	c24
0.0821887284298242	-0.537384867378383	0.014	0.025	1	RNF135	c24
0.0151657414148338	-0.537359727195276	0.11	0.144	1	PIK3C3	c24
0.134811654816929	-0.537168367883903	0.006	0.013	1	ZNF575	c24
0.0604418250893999	0.537098837610251	0.055	0.041	1	CENPK	c24
7.75743296263693e-05	-0.537027972046027	0.178	0.246	1	SMAP1	c24
0.121921947734862	-0.53694043388312	0.022	0.033	1	MAFK	c24
0.00505060732447013	-0.536936695614899	0.057	0.088	1	IER3IP1	c24
0.212064356101502	-0.5367719007581	0.014	0.021	1	SPSB2	c24
0.00261467557609757	-0.536627799034598	0.113	0.157	1	UPP1	c24
7.25995253278231e-06	-0.536451280045679	0.19	0.273	0.243484288044453	DPF2	c24
0.0121959257486038	-0.536333123437193	0.079	0.11	1	GOT2	c24
0.00151100886918737	-0.536209038913989	0.118	0.164	1	TM9SF3	c24
0.0419792977416524	-0.535981082573503	0.049	0.069	1	SMAD7	c24
0.000559494603962211	-0.535957597877674	0.11	0.162	1	UBLCP1	c24
0.000763989129279565	-0.535939462398257	0.132	0.186	1	G6PD	c24
0.000720917232047161	-0.535431931997273	0.124	0.178	1	GNPAT	c24
0.00242915061563246	-0.535369301313681	0.135	0.183	1	PTPN11	c24
0.00331542344623977	-0.535286450439962	0.074	0.112	1	CIAPIN1	c24
0.00315083901478198	-0.535265722294332	0.138	0.187	1	NRDC	c24
0.0557214605896264	0.535211157574393	0.069	0.053	1	SAMD3	c24
0.137587100280822	0.535001396604739	0.267	0.256	1	PNP	c24
0.00511989904422914	-0.534988844157248	0.05	0.081	1	LRRC8D	c24
0.421822105439569	0.534674354609106	0.027	0.022	1	HIST1H4H	c24
0.00983247160898513	-0.534671043103055	0.066	0.096	1	NCAPH	c24
0.0809815717159017	0.53454273332082	0.159	0.139	1	BZW2	c24
8.20077560279054e-05	-0.534274083989237	0.124	0.187	1	LSM6	c24
0.0238831784279341	-0.533922971435917	0.05	0.074	1	PRPSAP2	c24
0.0384069772192275	-0.533904024431515	0.085	0.112	1	SLFN12L	c24
4.11138788922263e-06	-0.533860851606835	0.215	0.303	0.137887727028749	BUD23	c24
1.73526284376827e-05	-0.533844300213578	0.107	0.176	0.581972452543001	POLDIP2	c24
0.128118812076951	-0.53362307454108	0.063	0.079	1	YTHDC2	c24
3.54765570542902e-05	-0.533539095778377	0.401	0.476	1	ATP2B4	c24
8.68424898955985e-07	-0.533380728430437	0.212	0.304	0.0291252342611858	SNX17	c24
0.297734082691114	-0.533260101569111	0.022	0.029	1	INVS	c24
0.773251848747962	-0.533038744778731	0.028	0.03	1	MKI67	c24
0.0427524611723729	-0.532725383486992	0.06	0.082	1	CEP89	c24
0.00176519957031338	0.532619596532125	0.118	0.084	1	LTBP4	c24
4.50632077225566e-05	-0.532602433921227	0.283	0.356	1	CNOT6L	c24
0.0019236153985737	-0.532555496143303	0.099	0.144	1	QARS	c24
3.66694016876922e-06	-0.532403361655668	0.272	0.363	0.122981839380182	TIAL1	c24
0.176332823110533	-0.532367466027122	0.013	0.02	1	USP45	c24
9.12759323420044e-14	-0.532243600158104	0.497	0.63	3.06121221888614e-09	GNB2	c24
4.87183091693931e-16	-0.532193814305936	0.524	0.673	1.63391465292311e-11	CAP1	c24
0.184407943202635	-0.532089634891894	0.024	0.033	1	TMEM106A	c24
0.114062838167545	-0.531801281621482	0.025	0.037	1	CEP192	c24
0.00667697858594165	-0.531724842886317	0.119	0.159	1	POM121C	c24
0.0350866897263519	-0.531592845275277	0.047	0.069	1	LRCH4	c24
0.0582290121170983	0.531530410043549	0.064	0.049	1	LRRC61	c24
0.00509158234518427	-0.531472973875292	0.085	0.123	1	ERCC3	c24
3.21935376870423e-07	-0.531425844565232	0.244	0.344	0.0107970686694802	OSTC	c24
0.236186294120199	-0.530981467022638	0.033	0.043	1	PCNX3	c24
0.000493690941352812	-0.530940560114057	0.126	0.18	1	DAZAP1	c24
5.10684319956952e-06	-0.53093958029357	0.22	0.306	0.171273307227162	METTL26	c24
0.00185552642367943	-0.530900194208671	0.283	0.338	1	PCM1	c24
0.448073838926309	0.530792885604169	0.011	0.008	1	AC021092.1	c24
2.56741916238608e-16	-0.530727080548673	0.648	0.734	8.61061038681043e-12	CORO1A	c24
0.00166211624139355	-0.53071568861909	0.16	0.212	1	C1orf35	c24
0.0261799483277412	-0.530490330513205	0.055	0.079	1	NOL10	c24
0.256942841813262	0.530286275046701	0.036	0.029	1	TGFBR1	c24
0.0473447584025933	-0.530196989503139	0.02	0.035	1	RTP4	c24
0.0439241987618709	0.530099908762026	0.112	0.091	1	HNRNPA1P48	c24
0.0114142353438447	-0.529944159141006	0.077	0.109	1	DCPS	c24
0.017972261552637	-0.529788098285889	0.086	0.118	1	CSE1L	c24
0.0334341953755261	-0.529619989997012	0.077	0.103	1	EXOC7	c24
0.0176764859878191	-0.529217680039749	0.167	0.203	1	LPIN1	c24
5.73988357779457e-05	-0.529196600827418	0.263	0.337	1	PHF3	c24
0.0327019963004801	-0.528932955413642	0.057	0.08	1	BTD	c24
3.09503638517327e-07	-0.528925979379557	0.212	0.309	0.0103801330285941	TXNL4A	c24
0.0377778561804999	0.528864055595095	0.058	0.042	1	DNAJC24	c24
0.00233356768825985	-0.528807341951952	0.157	0.206	1	PSPC1	c24
0.0175047144960205	-0.528758511458597	0.104	0.137	1	TTC7A	c24
0.161231920864723	-0.528580739167677	0.047	0.06	1	RABEPK	c24
0.000412364412797049	-0.528495521984229	0.132	0.188	1	TOR1A	c24
1.76066580296507e-06	-0.528483366680418	0.16	0.244	0.0590492096998425	OLA1	c24
1.46279127648309e-05	-0.528474154361843	0.203	0.284	0.490590938306897	FNTA	c24
0.109480084183274	-0.528422883361411	0.035	0.048	1	P2RX4	c24
4.13100379964655e-07	-0.52837843578423	0.3	0.395	0.0138545605432546	TMOD3	c24
0.30603888544877	-0.528365253738591	0.013	0.018	1	PHLDB2	c24
0.0713410366042142	0.528300412463683	0.058	0.044	1	TMEM107	c24
0.459499845366867	-0.528089474202932	0.022	0.027	1	WDR4	c24
0.158041240333615	-0.527983240862281	0.035	0.046	1	SIDT1	c24
0.000498106391505711	-0.527964716399504	0.159	0.218	1	RBM23	c24
0.000248515357420512	-0.527911872093079	0.156	0.217	1	NUB1	c24
0.0309726145220982	0.527890952388925	0.06	0.042	1	TAF13	c24
0.000610847721712625	0.527580767495768	0.102	0.068	1	N4BP2	c24
0.413322248700138	-0.527525570493383	0.011	0.015	1	CROT	c24
0.00264902555434925	-0.527432045295591	0.159	0.209	1	CHD8	c24
0.170099385902478	0.527418418096745	0.028	0.021	1	C22orf34	c24
1.38715209928482e-06	-0.527201414048216	0.245	0.339	0.0465223071058142	TMEM248	c24
0.134919883349187	-0.527045194867095	0.033	0.046	1	SCAI	c24
0.125429410840756	0.526775609753845	0.044	0.033	1	FAM8A1	c24
0.0725723845694298	-0.526702974521369	0.017	0.03	1	SFR1	c24
0.00171492484168467	-0.52667199699757	0.115	0.162	1	RBM48	c24
0.0114544436104816	0.526656710462432	0.085	0.061	1	MAN1A1	c24
0.0591998208017592	-0.526598881066926	0.063	0.084	1	MIR3142HG	c24
0.0407486221950528	-0.52651332419152	0.028	0.045	1	G6PC3	c24
4.72362478068167e-14	-0.526391700608863	0.605	0.693	1.58420927894502e-09	LSP1	c24
0.00588929452364129	-0.525993984145032	0.088	0.126	1	PPP1R21	c24
0.155042903586811	0.525986699625036	0.011	0.006	1	MMP9	c24
0.0452190196295735	0.525939824511757	0.055	0.04	1	AC006369.1	c24
1.86763103600711e-05	-0.525919679874678	0.192	0.269	0.626366096856063	TMEM14B	c24
0.0190977587354026	-0.525834967091234	0.047	0.072	1	ATG2B	c24
0.114642897462919	-0.525760689649141	0.024	0.035	1	PIGU	c24
0.000465878770809832	-0.525446199798275	0.132	0.188	1	RNF187	c24
0.000409886392397488	-0.525063552094872	0.124	0.179	1	ASNSD1	c24
0.00607931334421346	-0.524916793851351	0.068	0.102	1	YIPF2	c24
0.0133806492099959	0.524859532639169	0.096	0.072	1	LRRC57	c24
0.0630622791002651	-0.524856017162467	0.016	0.028	1	UBL7-AS1	c24
0.01741151189111	-0.524831662486069	0.119	0.153	1	ELF2	c24
1.09441308609624e-05	-0.52482945013929	0.219	0.299	0.367044260814957	NSFL1C	c24
0.000607618101543853	-0.524755323559284	0.297	0.357	1	PDE4D	c24
0.0516665673175199	-0.524303184802809	0.091	0.116	1	KLHL36	c24
0.000138374766886161	-0.524241127046004	0.189	0.253	1	TSG101	c24
0.0339731295417652	0.52423312336022	0.027	0.016	1	GAS7	c24
0.0702790651830707	-0.524210412857945	0.05	0.069	1	SETDB1	c24
0.000208766809961159	0.524050770199263	0.313	0.262	1	IDI1	c24
0.0900645493354708	-0.524038191671782	0.028	0.042	1	WDR12	c24
1.33144524790312e-07	-0.524034096589848	0.245	0.349	0.00446540107241747	VASP	c24
0.362044380947039	-0.52389311639933	0.009	0.014	1	GDF11	c24
3.94126678412256e-06	-0.523844104310106	0.212	0.3	0.132182205405902	RTN3	c24
0.00164527951348854	-0.523642778353373	0.101	0.145	1	COA3	c24
3.73541732509404e-08	-0.523631341231796	0.211	0.317	0.00125278426249004	MRPL14	c24
0.011460277324246	-0.523491413771854	0.058	0.087	1	ACAA2	c24
0.338017352480057	-0.523487526114481	0.03	0.037	1	RASGEF1A	c24
0.132999857546838	-0.523316920201008	0.057	0.072	1	BACH2	c24
0.63547016015543	0.523080060622726	0.017	0.015	1	WDCP	c24
2.60545779490161e-05	-0.522928568462345	0.16	0.235	0.873818435254101	MAP1S	c24
0.0490341775710669	-0.522866430840576	0.052	0.072	1	TMEM185A	c24
0.00163462376101075	-0.52277051827317	0.154	0.204	1	EIF2AK1	c24
3.36106734832391e-29	-0.522748839955127	0.756	0.864	1.12723476728087e-24	ARPC2	c24
0.0903140851351455	-0.522513870629664	0.047	0.064	1	NEK9	c24
0.379210146806563	-0.522492738279355	0.031	0.038	1	L1CAM	c24
7.97618078981684e-07	-0.522474901917084	0.263	0.349	0.0267505151328877	BIN1	c24
0.263737592774733	-0.522323540918206	0.016	0.022	1	CCNYL1	c24
1.87785354908354e-08	-0.522239497875795	0.266	0.371	0.000629794523291638	SNRPC	c24
8.50606831888754e-08	-0.522181210064413	0.409	0.504	0.0028527651927885	TNFRSF1B	c24
0.00068132532479605	-0.522151774123671	0.058	0.1	1	FAM207A	c24
0.0258276979171178	-0.522088221802925	0.031	0.051	1	LINC00847	c24
0.0434829406730595	-0.522040230054136	0.024	0.039	1	NIF3L1	c24
2.05848092535919e-09	-0.521997317308674	0.355	0.472	6.90373332746965e-05	ATP5F1C	c24
0.235667276277297	-0.521969673635089	0.028	0.037	1	SUFU	c24
0.142891386021964	-0.521887739792806	0.05	0.065	1	AGL	c24
0.582221787227538	0.521788361609165	0.019	0.016	1	AC137767.1	c24
0.0143555204536416	-0.521656135954847	0.097	0.131	1	ATG4D	c24
1.49201769756306e-06	-0.521386625521124	0.239	0.331	0.05003928954087	GNAI2	c24
0.0085036142266353	-0.521289474805071	0.068	0.099	1	RBM15B	c24
0.0190109826934576	-0.521117391883427	0.046	0.07	1	VAT1	c24
0.214962380446838	0.521026196787686	0.011	0.007	1	JMJD7	c24
0.0469934684627471	-0.520992564702619	0.127	0.156	1	FRYL	c24
0.0267460664590929	-0.520854710730376	0.031	0.051	1	CYB561A3	c24
0.818363133107951	0.520638422165866	0.013	0.012	1	JAM3	c24
0.0177444411774064	0.52053290025813	0.197	0.168	1	SMS	c24
0.128529661331742	-0.520248870662878	0.028	0.04	1	QRSL1	c24
0.105161413496362	-0.519913550144776	0.027	0.039	1	AL357060.1	c24
0.0801967049294393	-0.519892397353319	0.055	0.074	1	FAM219B	c24
0.0574102303165729	-0.51987413040455	0.028	0.044	1	IRS2	c24
0.000298919522544265	-0.519812892321672	0.135	0.195	1	AKAP5	c24
0.441497046344824	-0.519752034524116	0.008	0.011	1	C1orf56	c24
0.0165222064816048	-0.519622816053523	0.055	0.081	1	SIK2	c24
2.05743511339056e-06	0.51961510445726	0.423	0.352	0.0690022588328928	JMJD6	c24
0.0124025665425349	-0.519593864377374	0.099	0.135	1	SBF1	c24
0.13130936267016	-0.519515065005494	0.033	0.045	1	ZW10	c24
0.116711468240637	0.519298654675954	0.03	0.021	1	CASK	c24
0.00153323134576916	-0.519207626342904	0.119	0.169	1	TNPO1	c24
1.23164282338648e-06	-0.519201983714412	0.192	0.285	0.0413068370107357	MRPS15	c24
0.0162700888957705	0.519150321194784	0.151	0.122	1	SERTAD3	c24
0.149104344836341	-0.519031147952503	0.016	0.025	1	MARS2	c24
0.0702642756382364	-0.518947314335392	0.046	0.063	1	EDEM1	c24
0.0590550085489677	-0.518909896775077	0.036	0.053	1	CDK8	c24
0.184987733341447	0.518754355133164	0.038	0.029	1	OSGIN2	c24
0.0625604114542619	-0.518446239121161	0.025	0.04	1	TATDN3	c24
3.87141858903832e-08	-0.518394180547055	0.214	0.322	0.00129839636639167	ACP1	c24
2.35627742724086e-42	-0.518183496305406	0.936	0.952	7.90248323548039e-38	SARAF	c24
0.00209746890622408	0.518152094738836	0.082	0.054	1	ZNF493	c24
0.217598069231399	0.517894829330702	0.038	0.03	1	CEP152	c24
0.139404912833562	-0.517850371144107	0.02	0.031	1	SHMT1	c24
0.500006301368362	-0.51783613247635	0.008	0.011	1	ZGRF1	c24
0.00279988895932285	-0.517802449192718	0.148	0.194	1	EFCAB14	c24
0.128947746375645	-0.517775258930575	0.027	0.038	1	RFX7	c24
3.6470243944719e-11	-0.517680540050829	0.461	0.572	1.22313904141799e-06	RNPS1	c24
7.9569500616839e-05	0.517591319320296	0.261	0.205	1	LAMTOR3	c24
0.0227667484812891	-0.5175403262233	0.11	0.142	1	PCF11	c24
0.0641111007332257	-0.517443652861505	0.027	0.042	1	METTL18	c24
0.150660465121615	0.517211329648402	0.038	0.028	1	PARP3	c24
0.0191254487131795	-0.517059750552434	0.064	0.092	1	INSIG2	c24
0.00427200893670947	-0.516957095343291	0.088	0.127	1	PMPCA	c24
0.0324381539154298	0.516877664916025	0.138	0.114	1	CBR1	c24
0.156609045654104	-0.51659129540761	0.038	0.05	1	ATXN7L2	c24
0.0357973063062122	-0.516568350171196	0.072	0.097	1	ABHD18	c24
0.416802133904277	0.51630466286154	0.016	0.012	1	GATB	c24
0.00593006224821598	-0.51625451068723	0.097	0.135	1	LIME1	c24
0.00609578012368896	-0.516000518108773	0.069	0.103	1	MRPL40	c24
0.109242209586392	-0.515912368030375	0.036	0.05	1	TBCCD1	c24
4.0467514281722e-06	-0.515849184247769	0.325	0.415	0.135719949398039	NFKB1	c24
0.0346773818886565	-0.515759433269635	0.041	0.062	1	TBC1D22A	c24
0.000555370038536617	-0.515715857973571	0.142	0.197	1	GLTP	c24
5.18159338040797e-12	-0.515711575270794	0.464	0.585	1.73780278792123e-07	WDR1	c24
0.674356801084135	0.515691953882404	0.019	0.017	1	AURKA	c24
0.0277692002331262	-0.515682412262132	0.049	0.072	1	METTL16	c24
0.00108963392927174	-0.515633999835979	0.064	0.105	1	ACADM	c24
0.222474637063088	0.515624816868149	0.071	0.06	1	TXNL4B	c24
0.000723185879523177	-0.515277494283554	0.075	0.121	1	AL662899.2	c24
0.00753792341514498	-0.515067239482177	0.038	0.065	1	SEH1L	c24
0.0242894158269804	0.515062831231186	0.072	0.053	1	TSPAN31	c24
0.00126159919553708	-0.515031954394947	0.105	0.153	1	RWDD4	c24
0.0029381722500785	-0.514954127595051	0.105	0.148	1	TOMM40	c24
0.463498679002421	-0.514524097769407	0.008	0.011	1	NPIPB11	c24
4.76378727700386e-06	-0.514456747135265	0.211	0.296	0.159767897696155	ABT1	c24
0.216570399399982	0.514452717978238	0.014	0.009	1	AC087164.1	c24
0.0573633597170729	-0.514437845377571	0.035	0.052	1	CCDC9	c24
0.0700941797466536	-0.514364116574126	0.064	0.084	1	GTF2A1	c24
0.00011563942503798	-0.514191005745136	0.198	0.266	1	MED25	c24
0.0651113413085904	-0.514134127011022	0.017	0.03	1	OGFOD2	c24
2.74269384489401e-08	-0.514044651012868	0.467	0.569	0.000919844661700553	CDC37	c24
0.0123083225717025	-0.513942013659201	0.044	0.07	1	SRF	c24
8.68682292128092e-23	-0.513880709574421	0.728	0.855	2.91338667133919e-18	ADGRE5	c24
0.0231976012112633	-0.513880383211307	0.016	0.032	1	GPR34	c24
0.00300894713192679	-0.513679140616851	0.096	0.138	1	HEXIM1	c24
0.243393511237764	-0.513552307778261	0.033	0.042	1	FUZ	c24
5.92108008418825e-07	-0.51353883616375	0.261	0.359	0.0198581183863506	AAED1	c24
0.532732238773354	0.513440018538928	0.035	0.031	1	USP30-AS1	c24
0.000802179616093433	-0.512900067799821	0.138	0.193	1	LARP7	c24
0.0203717463212107	-0.512777108465901	0.061	0.088	1	DDX20	c24
0.219801476908466	-0.512638384691194	0.02	0.029	1	PCBP4	c24
0.358898496044697	-0.512594227425875	0.049	0.057	1	TRERF1	c24
0.86958108012755	0.51259208480975	0.027	0.026	1	HIST1H2AE	c24
0.736813121421794	0.512462054503797	0.009	0.011	1	TRBV11-2	c24
0.313284722905496	-0.512233349737967	0.017	0.023	1	GALE	c24
3.02344053555472e-08	-0.512144928554876	0.439	0.532	0.00101400148681434	ZYX	c24
0.00153019792445387	-0.512073536421862	0.137	0.188	1	TRIP12	c24
0.408704359549554	0.511934543108451	0.014	0.011	1	FKBP1C	c24
4.6009279033677e-06	-0.511866332423018	0.327	0.41	0.154305920023146	DDX18	c24
0.00397657606713871	-0.511777864312051	0.066	0.102	1	KYAT3	c24
0.000113684002399702	-0.511553797098193	0.171	0.24	1	PIGT	c24
0.00983725552208922	-0.511313969273125	0.072	0.104	1	C5orf51	c24
1.83446926011016e-09	-0.511272076132302	0.381	0.498	6.15244300455746e-05	MRPL41	c24
0.1011390388094	-0.51120637405146	0.055	0.072	1	MAD1L1	c24
0.075927860065464	-0.511149448725172	0.107	0.131	1	PGM2L1	c24
3.4199378397449e-08	-0.511083524017221	0.363	0.471	0.00114697875269364	RAD23A	c24
0.0641309823346669	-0.510986178799671	0.025	0.04	1	AC021188.1	c24
0.106238472272408	0.51088296677411	0.064	0.051	1	TBC1D22B	c24
1.59373750483401e-13	-0.510764721699561	0.642	0.731	5.34507684371232e-09	EMP3	c24
0.00277132378048872	0.510623534097812	0.187	0.147	1	CMTM7	c24
0.0970074469566914	-0.510494616772062	0.044	0.06	1	RAD17	c24
0.0282789739769104	-0.510323562704904	0.088	0.116	1	AGGF1	c24
0.387064733806112	0.510193575607041	0.047	0.041	1	SPNS3	c24
0.0694848344249232	-0.510030468613932	0.027	0.041	1	MED20	c24
0.00964874753843152	-0.509970706515566	0.167	0.208	1	MARK3	c24
0.0426281841482617	-0.509951270463477	0.149	0.18	1	MCOLN2	c24
1.28897131680919e-06	-0.509848685900139	0.242	0.337	0.0432295200231465	LAMTOR1	c24
5.04715614247555e-05	0.509694418405757	0.068	0.037	1	DGKH	c24
0.00480910430577325	-0.509617747897838	0.09	0.128	1	MKRN2	c24
0.220070892804976	-0.509515112572181	0.016	0.023	1	DPH5	c24
0.00996117085740737	-0.509496277127321	0.082	0.115	1	ELK3	c24
0.000948785001745413	-0.509190200777192	0.127	0.18	1	RNF41	c24
0.0120274105584733	0.50910021034589	0.215	0.182	1	STAT1	c24
5.41073827991204e-05	-0.50895348388108	0.142	0.209	1	HSD17B10	c24
0.224985181694195	0.508865120996434	0.041	0.033	1	ITGB3BP	c24
0.0480481292323277	-0.508859148238995	0.06	0.081	1	PGM2	c24
0.00113895585603615	-0.508813420229498	0.074	0.116	1	ZNF593	c24
0.00134218946115437	-0.508647492959972	0.159	0.21	1	MRPL28	c24
1.04077958816296e-16	-0.508600380156477	0.607	0.728	3.49056658278093e-12	ISCU	c24
0.00135587362238155	-0.508427838718672	0.211	0.268	1	TLN1	c24
7.90248424377887e-05	-0.508402431504146	0.198	0.273	1	TSC22D4	c24
0.0066680324161841	-0.508308727882322	0.143	0.184	1	NFYC	c24
0.00758665475827169	-0.508215551129441	0.083	0.118	1	SMG5	c24
0.270432685870606	-0.508180720685548	0.016	0.022	1	C1orf159	c24
0.00358718046966142	-0.508180385605849	0.157	0.203	1	UHMK1	c24
0.246759477532948	-0.508130452770453	0.058	0.07	1	AGTPBP1	c24
0.294374543823626	-0.508028371083766	0.014	0.02	1	ZBTB11-AS1	c24
0.166652691352649	-0.507608714794947	0.024	0.034	1	PAXIP1	c24
0.152971268849896	-0.507519454066332	0.047	0.061	1	TC2N	c24
0.186538154171871	0.507504974863183	0.028	0.021	1	SETD9	c24
0.000425089225222071	-0.507495108013242	0.137	0.193	1	PTRHD1	c24
0.0712230130762007	-0.507396294432997	0.052	0.071	1	SNX13	c24
0.915114299388394	0.507308434020328	0.014	0.014	1	LY96	c24
0.0384868171168599	0.507218050017664	0.184	0.159	1	UAP1	c24
0.0520100103965619	-0.507046948917151	0.036	0.054	1	MAN2B2	c24
0.0289009998778307	-0.506928737623619	0.088	0.117	1	JARID2	c24
0.192345080330943	-0.506917198555632	0.039	0.051	1	KSR1	c24
4.19143195245588e-07	-0.506862066295547	0.255	0.354	0.0140572244821465	C1QBP	c24
0.00717205349442083	-0.506703775357919	0.088	0.124	1	SCML4	c24
0.000891457983492489	-0.506611194173887	0.088	0.134	1	MRPS10	c24
0.0465111720657796	-0.506572985741434	0.074	0.098	1	TRNT1	c24
0.0154683088515408	-0.506417531621159	0.072	0.102	1	KMT5C	c24
0.00302370308822346	-0.50634343664872	0.112	0.156	1	PCMTD1	c24
8.53505301645826e-05	0.506210159106741	0.215	0.16	1	TMEM126A	c24
0.406103723492446	-0.506115202130114	0.025	0.031	1	RRAGB	c24
0.377377831191924	-0.505887779868164	0.008	0.012	1	CHML	c24
0.00311851302000312	-0.505862888437967	0.233	0.281	1	NDUFV1	c24
0.00142606402524399	-0.505679799593841	0.085	0.129	1	CAPNS1	c24
0.231278305268701	-0.505657937436324	0.008	0.013	1	TDRKH	c24
0.974539312758658	-0.505555200886311	0.011	0.011	1	PCCA	c24
0.232681064281025	-0.505365619328354	0.033	0.043	1	TCF3	c24
0.000454665781004723	0.505255731485332	0.153	0.11	1	ETV1	c24
0.669249115791235	0.505181703911922	0.016	0.014	1	BFSP2-AS1	c24
0.52209142624974	0.504633847287815	0.027	0.023	1	TRGC1	c24
0.000131151935176935	-0.504515277510055	0.167	0.234	1	C19orf24	c24
0.0051239285687734	-0.504440875216785	0.047	0.078	1	TLNRD1	c24
0.0292848019798809	-0.504176779655059	0.042	0.064	1	CHCHD4	c24
0.00030488889609549	-0.504126681637474	0.195	0.256	1	ORMDL1	c24
0.0926945665503264	-0.503986440649674	0.028	0.042	1	CARNMT1	c24
0.712066863035879	0.503868818260662	0.033	0.031	1	C4orf46	c24
4.44789736205374e-06	0.503827381157193	0.341	0.278	0.149173581728558	DNAJC7	c24
1.56108163488574e-55	-0.503747084676796	0.997	0.964	5.23555558707979e-51	PTMA	c24
2.51609623214637e-06	-0.503737775113351	0.272	0.365	0.0843848354337249	RPN2	c24
0.0533476004818701	-0.503730093737539	0.031	0.048	1	MTM1	c24
0.00335651454963217	-0.503642181962185	0.104	0.146	1	ZKSCAN1	c24
0.00140107780482148	0.503546871777264	0.159	0.12	1	TRIM69	c24
0.121632845695529	-0.503325244630334	0.011	0.02	1	FICD	c24
0.00917549716587193	-0.503289830011829	0.2	0.244	1	LUC7L	c24
0.0131614835643713	-0.502921744894744	0.082	0.114	1	GTF2F2	c24
0.00191118439594105	-0.502427556446254	0.164	0.216	1	CRTC2	c24
0.000705040185004297	-0.502380723261854	0.08	0.127	1	MPDU1	c24
0.0926789027932558	-0.502244494446264	0.053	0.071	1	C5orf22	c24
0.00118846322114884	-0.50211585289219	0.09	0.135	1	KIAA1143	c24
0.38734276441721	-0.50209514500591	0.039	0.046	1	PEX1	c24
0.00144651670846462	-0.501873260874651	0.132	0.182	1	CSNK2B	c24
0.726539831727247	-0.501847497632363	0.013	0.014	1	ZNF304	c24
0.171160347743087	0.501826975885452	0.031	0.023	1	ZXDA	c24
0.00597815831815721	0.501732052161461	0.108	0.079	1	KCNA3	c24
0.00122629396499439	-0.50137196045193	0.086	0.131	1	SVBP	c24
0.0325153849725927	0.501244144918401	0.129	0.105	1	APOBEC3H	c24
0.00387921914923506	-0.501226159716348	0.077	0.114	1	INO80C	c24
0.000281949287491184	-0.501179926284981	0.115	0.172	1	COA4	c24
0.00601002864793908	-0.501078508537891	0.088	0.126	1	MRPS31	c24
0.000259086113378152	-0.501078314334884	0.138	0.198	1	AFG3L2	c24
0.0148384080758065	-0.500926112372104	0.091	0.124	1	BTBD10	c24
0.56866095713234	0.500782408717617	0.009	0.012	1	FAM241B	c24
0.0242019945462855	-0.500761279475152	0.11	0.14	1	CUEDC2	c24
0.00713779483319963	-0.500735785091439	0.096	0.133	1	BTBD1	c24
0.401091564684432	0.500642898657827	0.011	0.008	1	ST6GALNAC3	c24
0.000226492464680431	-0.500506734060433	0.165	0.23	1	PSMD3	c24
0.629591292366219	0.500341598976097	0.017	0.015	1	ZCCHC18	c24
0.0324324295237427	0.500205792434479	0.053	0.037	1	EPAS1	c24
0.189940122868799	-0.500081303169791	0.03	0.04	1	SLC35F6	c24
0.00538738741283727	0.50000714898391	0.101	0.072	1	IL12RB1	c24
0.072176683355992	-0.49983037543599	0.107	0.13	1	PKN2	c24
0.0228637889838575	0.499767383542525	0.115	0.09	1	ACOT7	c24
0.00180952986243289	0.499695385134286	0.101	0.069	1	PLOD3	c24
0.00135177024813865	-0.499694890398249	0.108	0.156	1	HSPBP1	c24
0.00728334616589309	-0.499579550731819	0.121	0.161	1	CCDC130	c24
0.300096389903993	-0.499572904453565	0.02	0.027	1	KNL1	c24
0.0834363717924095	-0.499560910901977	0.049	0.066	1	SOS2	c24
0.081510555677467	-0.499536808469955	0.038	0.054	1	CYHR1	c24
0.0742419212149977	0.499512667330654	0.088	0.071	1	ODF3B	c24
0.229048345859044	-0.499480628548724	0.08	0.094	1	ADAM19	c24
0.0780284036797847	0.499156830984108	0.036	0.025	1	MAP3K6	c24
0.0560820623099168	-0.499087131670322	0.071	0.093	1	LTN1	c24
0.032197865207586	-0.499056434782206	0.038	0.058	1	MRPL35	c24
0.000120286302833328	0.499024423532058	0.171	0.122	1	ARHGEF3	c24
0.453830575358213	0.498829305406371	0.046	0.04	1	TIMM8A	c24
8.67616349535533e-07	-0.498818733439174	0.23	0.326	0.0290981171307227	GID8	c24
0.00330022888152153	-0.498791667455012	0.171	0.22	1	XRN1	c24
0.00102268318733761	-0.498755389517969	0.085	0.131	1	VAMP7	c24
0.142653350223845	-0.49865754041002	0.038	0.051	1	CTSZ	c24
0.24224761521299	0.498643549171725	0.019	0.013	1	AC091271.1	c24
1.61256362112981e-07	-0.498635622172186	0.291	0.393	0.00540821587254515	SSBP1	c24
4.13797019012621e-05	-0.498502109106949	0.192	0.265	1	RPP21	c24
0.0110538399037823	-0.498370941775235	0.058	0.087	1	CBR3	c24
1.90047356685382e-11	-0.498273589717672	0.368	0.508	6.37380824851434e-07	NAPA	c24
0.00315623952051858	-0.498225419328993	0.146	0.192	1	PPP1R7	c24
0.00495955076692298	0.498182167428983	0.123	0.091	1	GADD45G	c24
1.11101244961748e-12	-0.497947980059334	0.557	0.658	3.72611355352712e-08	GUK1	c24
0.268782735206337	0.497443255849282	0.019	0.014	1	ACAD11	c24
0.152277324669921	-0.497427431323694	0.088	0.106	1	CEP95	c24
3.79746512240238e-05	-0.497088736917987	0.228	0.302	1	SPAG7	c24
0.0177214095691182	-0.497077458803557	0.115	0.149	1	CXXC1	c24
0.000220408266020789	-0.497020047349467	0.127	0.188	1	HDAC3	c24
0.0708276190249927	-0.496968193033808	0.071	0.092	1	MSL1	c24
0.0562686343080925	-0.496789301517325	0.039	0.057	1	OGFOD3	c24
0.0517092953874304	-0.496510774697724	0.053	0.074	1	PRAF2	c24
0.00369031245775671	-0.496356356519461	0.131	0.174	1	IDH3G	c24
0.00185725562612565	-0.496289828972441	0.09	0.133	1	COMTD1	c24
0.0736819769112758	-0.496173086775025	0.028	0.043	1	SMIM30	c24
0.0301673368729766	-0.496171059844164	0.047	0.069	1	COMMD3	c24
5.22095040880435e-05	-0.496082445987505	0.214	0.289	1	SMARCB1	c24
1.77525540268771e-05	-0.496059160361355	0.175	0.253	0.595385156953405	MRPL4	c24
0.0769184741594365	0.496044650602045	0.049	0.036	1	PGAM5	c24
1.47285021306823e-11	-0.49601569770557	0.487	0.602	4.93964504458822e-07	SH2D2A	c24
0.000136646305879069	-0.496001075881955	0.173	0.24	1	NT5C	c24
0.0102872415199974	-0.495610259709426	0.035	0.059	1	MAPKAPK3	c24
2.36728227399244e-06	-0.495598565097934	0.261	0.346	0.0793939129051584	MEA1	c24
0.0015557017313756	-0.495502750510925	0.175	0.23	1	GPATCH8	c24
0.0331595269888252	-0.495411579227222	0.08	0.106	1	EXOG	c24
0.065087326742603	-0.495389848925705	0.164	0.191	1	BRAF	c24
0.00512231632869806	-0.495222224630432	0.068	0.102	1	METTL14	c24
9.29654001453096e-06	-0.495056300012538	0.204	0.288	0.311787359007339	CNOT7	c24
0.000741583065507542	-0.49502401441067	0.093	0.142	1	MRPS18A	c24
0.165526505740769	-0.494989793207192	0.005	0.01	1	BRCA1	c24
0.064318639173388	-0.494815555560525	0.066	0.087	1	LRRC40	c24
0.163292515747773	-0.494766796453797	0.011	0.019	1	AL121603.2	c24
0.0698064458505239	-0.494458641058928	0.052	0.07	1	CORO1C	c24
0.0163093966091145	0.494248264478701	0.049	0.032	1	TRBV29-1	c24
0.199198962299582	-0.493861802463791	0.02	0.029	1	TMEM254	c24
0.00290044172384511	0.493766947405847	0.077	0.051	1	BRWD3	c24
0.088825745401444	-0.493248489809565	0.06	0.078	1	THAP12	c24
0.000466938142145589	-0.492989895538656	0.129	0.185	1	TIMM50	c24
0.00250332547276737	-0.492965205522673	0.096	0.138	1	SHARPIN	c24
0.000647639654086048	-0.492791333456986	0.223	0.287	1	ATXN2L	c24
0.061423593133816	-0.492688898458089	0.148	0.174	1	CBX6	c24
0.00116454854358663	-0.492504283482073	0.167	0.221	1	FERMT3	c24
0.000349157230236559	-0.492458562415649	0.198	0.263	1	ODF2L	c24
0.156728203140799	-0.492396508397401	0.042	0.055	1	FAM98B	c24
4.63412726609997e-06	-0.492384098780249	0.294	0.38	0.155419360250461	NFATC2	c24
0.0037921493418489	-0.492334654181327	0.094	0.135	1	COPS4	c24
2.74690094532989e-06	-0.492090033748378	0.423	0.512	0.092125563904474	GABARAPL1	c24
0.136089211575022	-0.492045200034612	0.024	0.034	1	ECI1	c24
0.2135648981895	-0.491803343901483	0.014	0.021	1	ZNF865	c24
0.676339891471877	-0.491749702923601	0.03	0.033	1	TEP1	c24
0.0011152099320185	-0.491526845683919	0.142	0.195	1	SFSWAP	c24
0.0304975297607979	-0.491388829390797	0.064	0.089	1	STYX	c24
0.000104955806915002	-0.49130258358324	0.203	0.273	1	IFI6	c24
0.162872170004344	-0.490842777967115	0.025	0.036	1	HIST1H2BN	c24
7.80850860768453e-10	-0.490777174725081	0.453	0.564	2.61881761684524e-05	DYNLRB1	c24
0.000775334941770156	-0.490669508944758	0.138	0.193	1	NDUFAF8	c24
0.0491234293729109	0.490653610893139	0.083	0.065	1	NSMCE2	c24
0.570976387512837	0.490630470880001	0.011	0.009	1	SLC33A1	c24
0.00109274774290859	-0.490510062370602	0.126	0.176	1	NELFA	c24
0.437073833410363	-0.490509999619637	0.035	0.041	1	SLC41A2	c24
0.0454460545748719	-0.490503551919658	0.208	0.242	1	YPEL2	c24
0.00766297700909372	-0.490318530172883	0.09	0.125	1	VPS25	c24
0.295522177737577	0.490273794707823	0.03	0.024	1	NCAPG	c24
2.36551817863377e-09	-0.49025551959937	0.36	0.474	7.93347486750195e-05	ERH	c24
0.0864708847245004	-0.490013111027606	0.036	0.051	1	KTI12	c24
0.00809417902260763	-0.489979694444062	0.053	0.083	1	UBA5	c24
0.200062566757764	-0.489972211235652	0.038	0.049	1	ZNF26	c24
0.000533354938146038	-0.48957409300586	0.077	0.123	1	ZNF574	c24
0.0018224032879404	-0.489529416685885	0.137	0.187	1	ADPGK	c24
0.000304710443597765	-0.489508813742859	0.189	0.252	1	PPP4R3A	c24
0.102623265655141	-0.489443569117438	0.14	0.163	1	TRPS1	c24
0.156780398578759	-0.489043302819488	0.02	0.03	1	ZNF615	c24
0.123852973312212	0.489004242169274	0.016	0.01	1	ABCD1	c24
0.120133147957939	-0.48885723812542	0.055	0.071	1	ACAD8	c24
0.00076201357498525	-0.488793028410565	0.083	0.13	1	ARL1	c24
0.00823809498360805	-0.488718905970948	0.082	0.116	1	MIIP	c24
0.000154418175374253	-0.488673147816197	0.197	0.263	1	NCOA4	c24
0.423000142991642	0.488379291535826	0.013	0.009	1	AK4	c24
0.262813043016791	-0.488336939354521	0.009	0.015	1	TCTEX1D2	c24
2.404876244932e-05	-0.488256641403466	0.115	0.184	0.806547395025296	DKC1	c24
6.57919419790821e-05	0.488146705788743	0.104	0.065	1	CCDC141	c24
0.0573177398133302	-0.488049107203674	0.014	0.026	1	TMEM267	c24
0.000172903959372321	-0.488004996938017	0.195	0.263	1	USP10	c24
0.0355983448768234	-0.487817470264784	0.052	0.074	1	ACOX1	c24
0.156303817632985	-0.487710226874891	0.055	0.069	1	TRAPPC8	c24
0.158644793933353	-0.48767158778318	0.006	0.013	1	PPP1R3F	c24
0.324958761063637	-0.48758570522231	0.02	0.027	1	LNX2	c24
0.0625238810649102	-0.487523282889342	0.069	0.091	1	USP37	c24
0.403044688997672	-0.487514822850918	0.036	0.043	1	HERC6	c24
0.000754045005894488	0.487460652101043	0.19	0.146	1	TBX21	c24
0.214281109614282	-0.487372572575323	0.091	0.107	1	MDM4	c24
0.0557591225616915	-0.487322862339224	0.05	0.07	1	NCF4	c24
0.00965803815051997	-0.487122920987124	0.119	0.158	1	FBXO21	c24
0.307284293538389	0.487108788687091	0.011	0.007	1	AC027682.1	c24
0.0261902103628305	-0.487108751845734	0.066	0.092	1	RRP36	c24
0.405798931351421	-0.487064814600959	0.006	0.01	1	PLCXD1	c24
0.296794202937328	-0.486806453946198	0.027	0.034	1	SEC61A2	c24
0.0058821043913747	-0.486759227488317	0.077	0.113	1	COA1	c24
0.0524868398638129	-0.486758194169984	0.047	0.067	1	RPS6KA1	c24
0.351608118070094	0.486734776698302	0.047	0.04	1	WDR76	c24
7.76760414459875e-06	-0.486627052095374	0.22	0.303	0.260509907801553	MRPL34	c24
0.0559244870080468	-0.486596822221537	0.033	0.05	1	COMMD10	c24
0.0180164444303623	-0.486497324911298	0.151	0.189	1	SREBF2	c24
2.16821924183313e-09	-0.486416219268198	0.412	0.522	7.27177369325996e-05	NDUFB2	c24
0.502388036088618	-0.486386179259132	0.008	0.011	1	UBE3D	c24
0.416473101165942	-0.486309190617762	0.011	0.015	1	AC020659.1	c24
0.00222891901617642	-0.486226270996509	0.107	0.153	1	APPL1	c24
5.57177436374267e-05	-0.486015778084059	0.212	0.287	1	CARHSP1	c24
0.00130606418649598	-0.485743725090257	0.164	0.217	1	MBD4	c24
0.150501566175155	-0.485741780294322	0.014	0.023	1	DNAJC25-GNG10	c24
0.0355899923007664	-0.485720024187911	0.072	0.097	1	SNAPC2	c24
0.257555167671518	-0.485630124885964	0.022	0.03	1	HAUS5	c24
4.9068528132841e-11	-0.485540413855102	0.619	0.694	1.64566029651922e-06	FXYD5	c24
0.073592848355379	-0.485515055028744	0.058	0.078	1	MAPK14	c24
0.000637899456223343	-0.485420192536	0.088	0.136	1	BCAP29	c24
0.123243358148541	-0.485202233510361	0.057	0.073	1	SNX14	c24
0.0112397184782978	-0.48506391917659	0.193	0.232	1	TLK1	c24
0.255572201262331	-0.485061675072172	0.022	0.03	1	CEP97	c24
0.0205504964869779	-0.48485413406837	0.157	0.192	1	SUDS3	c24
0.0454693178282917	-0.484406320538574	0.058	0.08	1	USP18	c24
0.0223311764840833	-0.484275292779293	0.017	0.034	1	FAIM	c24
6.88121338162484e-08	-0.484247629550631	0.277	0.375	0.00230782134392934	AP3S1	c24
0.400374397766964	-0.484220526493535	0.016	0.02	1	JHY	c24
0.37059326852514	-0.484129022829317	0.022	0.028	1	NAGA	c24
0.111504717155654	-0.483882153559164	0.035	0.048	1	SNX19	c24
0.0928333111367449	-0.483851936687605	0.044	0.06	1	CSNK1E	c24
0.0470410958782994	-0.483711526379275	0.115	0.142	1	NCOA3	c24
0.0149494928322309	-0.483551759641417	0.046	0.071	1	PEPD	c24
0.221201321695813	-0.483415281587475	0.064	0.078	1	YEATS2	c24
3.26351717148873e-05	-0.483396791938814	0.989	0.989	1	MTRNR2L12	c24
0.114218395025953	-0.483359981715786	0.025	0.037	1	ZNF250	c24
0.000336400278348615	-0.483305515402747	0.181	0.24	1	UBN1	c24
2.66484416815845e-06	-0.483149456178578	0.384	0.469	0.0893735437116981	TPR	c24
0.021871580931075	-0.483140126405971	0.108	0.139	1	PJA2	c24
0.000964726254202875	0.483023483060547	0.134	0.097	1	HELB	c24
9.1111378617216e-05	-0.482866578710814	0.28	0.357	1	NIPBL	c24
0.163838522125551	-0.482579124851961	0.033	0.044	1	MOSPD1	c24
0.0837148763345176	-0.482408471918902	0.022	0.035	1	ZNF438	c24
0.0249789619480115	-0.482362267197907	0.05	0.074	1	ZDHHC16	c24
0.458376356650233	-0.482242571483913	0.008	0.011	1	PVRIG	c24
0.000899184400730083	0.481871053010833	0.223	0.177	1	SLC39A6	c24
0.000152679155242942	-0.48178049117435	0.142	0.205	1	AK6	c24
0.0813638611139286	-0.481692312532588	0.113	0.137	1	MAN2A1	c24
0.0358421091293447	-0.481658107504482	0.091	0.119	1	MPPE1	c24
0.0043302326598324	-0.48165152203176	0.077	0.114	1	FAM208A	c24
0.1283716272994	-0.481614536510092	0.069	0.086	1	NAA25	c24
0.120764840763128	0.481336481761291	0.011	0.006	1	ASTL	c24
0.293149738778236	0.481181918297377	0.063	0.054	1	ZNF490	c24
0.233652377395403	0.480898979724043	0.039	0.031	1	MAP2K5	c24
0.153963370552618	-0.480739390406593	0.027	0.038	1	PPARA	c24
0.000326884814903081	-0.480656101271548	0.165	0.231	1	ARHGAP17	c24
0.00215806873538068	-0.480576958975147	0.093	0.136	1	STX10	c24
5.32303659129922e-05	-0.480569982085477	0.104	0.165	1	THOC7	c24
0.0115837340436745	-0.480505863369674	0.094	0.129	1	PPP2R2D	c24
2.23215186111564e-16	-0.480481441981939	0.568	0.704	7.48619091180965e-12	MORF4L1	c24
0.874583937941171	-0.480203551300812	0.017	0.018	1	VWA8	c24
0.0155049672725221	-0.480197879070754	0.075	0.106	1	PAPSS1	c24
0.184993222008064	-0.479856052459443	0.039	0.051	1	MRE11	c24
0.0146457435468702	-0.479782494863323	0.083	0.115	1	SPTLC2	c24
0.139416633611852	-0.479756860524102	0.052	0.067	1	SLFN11	c24
0.220242364328648	-0.479704802235849	0.053	0.065	1	AFAP1	c24
3.19575885656218e-05	-0.479469971823016	0.344	0.424	1	ARL4C	c24
0.334392706141282	-0.4793598951122	0.031	0.039	1	RFXAP	c24
0.0282918958431023	0.479259351872237	0.101	0.078	1	SPSB1	c24
0.114177629680479	-0.479175539019336	0.046	0.061	1	SLC39A8	c24
0.686869026301721	-0.47902797742047	0.044	0.047	1	PLCG2	c24
0.0870784230414982	0.47896075956416	0.042	0.031	1	PIK3R3	c24
0.176809276438808	0.478923361315913	0.017	0.012	1	CD72	c24
0.159973471881059	-0.478842696631798	0.041	0.053	1	ABHD6	c24
0.363202309642008	-0.478729482109193	0.022	0.028	1	AP4E1	c24
1.06787605413296e-07	-0.478675773070136	0.347	0.452	0.00358144271035111	SAP30BP	c24
0.536460675528629	-0.478461539360907	0.028	0.033	1	PRDM10	c24
4.30771515719419e-06	-0.478398803238634	0.245	0.335	0.144472150941979	KIF2A	c24
0.00350651663657725	-0.478182443207106	0.374	0.425	1	SMCHD1	c24
0.013742451773496	-0.478167994969476	0.05	0.077	1	ZBTB32	c24
0.000281298578811462	-0.478138183447209	0.223	0.286	1	UBE2E3	c24
0.332874899585584	-0.477985724691731	0.063	0.072	1	RCOR1	c24
0.00115463909505225	0.477761068852986	0.148	0.109	1	FBXO28	c24
2.22808837610809e-06	-0.477643695221661	0.233	0.321	0.0747256279579133	POLR2F	c24
0.033251447303518	-0.477493119248654	0.064	0.089	1	COMMD7	c24
0.258822002812422	0.477468614660738	0.019	0.014	1	MIR9-3HG	c24
0.218876087603466	-0.477400153295275	0.071	0.085	1	GOLGA8B	c24
0.0341489158794469	-0.477361673301094	0.058	0.082	1	FASTKD2	c24
0.0287325937767934	-0.477224568053888	0.094	0.124	1	SUPT20H	c24
0.00132555620805217	-0.477205692587505	0.153	0.206	1	EMC8	c24
2.1108098397087e-10	-0.477193220240943	0.472	0.584	7.07923404041503e-06	JTB	c24
0.0103465296489401	-0.476936573612972	0.06	0.09	1	MAP3K1	c24
9.14125451271873e-05	-0.47691551629351	0.14	0.207	1	TMX1	c24
0.0143976328103131	-0.476674205444378	0.088	0.12	1	MTF1	c24
0.363821709673502	0.476662250657358	0.027	0.022	1	LACTB2	c24
0.0753111612272877	0.476571754605409	0.02	0.013	1	COLGALT2	c24
0.00532221667831173	0.476481241740716	0.226	0.19	1	ARMCX3	c24
0.316986662502331	-0.476374076608119	0.02	0.027	1	ZNF652	c24
0.0059674774996024	-0.476139034115549	0.093	0.131	1	POP7	c24
0.000377990459005242	-0.476129937360338	0.17	0.229	1	ECH1	c24
0.000156182652962874	-0.476079294635988	0.173	0.238	1	NOB1	c24
1.29855183011786e-06	-0.476035321575364	0.329	0.417	0.0435508312784928	SELENOF	c24
0.0455446361625985	0.476005954281465	0.333	0.314	1	INSIG1	c24
0.0230374194160893	0.475665391330836	0.077	0.057	1	AC025164.1	c24
0.00217207236547156	-0.475566264284477	0.211	0.263	1	BTN3A2	c24
0.154035707791959	-0.475501759729728	0.038	0.05	1	ZMAT3	c24
0.294307137051027	-0.475498898727368	0.027	0.035	1	WDR7	c24
0.112513155502538	-0.475484513059276	0.055	0.072	1	CHD9	c24
6.72260980745442e-27	-0.47519484780265	0.869	0.897	2.25462887722406e-22	PABPC1	c24
0.0805162121926758	0.47515748000388	0.063	0.048	1	KIAA1211L	c24
0.752266209177387	0.475003640702897	0.014	0.013	1	AL139011.1	c24
0.000111896904783906	-0.474770457163397	0.239	0.309	1	MACO1	c24
0.00222849321486926	-0.474748027818054	0.127	0.175	1	SNAPIN	c24
0.000325135350956801	-0.474727596185481	0.211	0.273	1	LRP10	c24
0.000346019693296348	-0.474586263946621	0.223	0.286	1	UBE3A	c24
8.08147840181213e-08	-0.474576819980739	0.319	0.425	0.00271036622639975	NINJ1	c24
0.185061812760194	-0.474552399863215	0.033	0.044	1	ATPAF2	c24
2.07181907381298e-05	0.474380753699102	0.434	0.368	0.694846680975396	AMD1	c24
0.140949915388026	-0.474243627537114	0.042	0.056	1	MED9	c24
0.00083556679735846	-0.47407168498814	0.126	0.179	1	MED8	c24
2.95673449822656e-05	-0.473998695881951	0.296	0.374	0.991629616015222	COPB1	c24
0.404596216166146	-0.473984908967338	0.022	0.027	1	PCTP	c24
0.0300972916170727	-0.473865197936092	0.02	0.037	1	METTL6	c24
0.0725253670269109	0.473706831537621	0.075	0.059	1	FAM126A	c24
0.0596373651167366	-0.473664720798266	0.075	0.097	1	ZNF770	c24
0.284526667671625	-0.473620943830715	0.041	0.05	1	LMTK2	c24
0.515256703982497	-0.473530276847778	0.013	0.016	1	ZFP69B	c24
0.205693890966296	-0.473417145584713	0.028	0.038	1	STAM2	c24
0.840686042059963	0.473308914462459	0.03	0.029	1	PDCD4-AS1	c24
0.0440992209572902	-0.473221083850485	0.066	0.089	1	KLHL20	c24
4.87378308529134e-05	-0.473091214762349	0.22	0.3	1	GDI1	c24
0.340242835295426	0.473070648191889	0.025	0.02	1	LY6G5C	c24
0.125489654552006	0.472958689217755	0.047	0.036	1	PSPH	c24
0.0030884012571195	-0.472893195150645	0.149	0.197	1	PPP2R3C	c24
0.00155822951544342	-0.472728306729947	0.077	0.119	1	HPS6	c24
0.00522090694271157	-0.472727003178613	0.077	0.113	1	DUS3L	c24
0.283347438012606	0.472518836781168	0.075	0.066	1	ANXA2R	c24
1.25763478941059e-09	-0.472436149183929	0.374	0.5	4.21785555672522e-05	MEAF6	c24
9.85603093053034e-22	-0.472386131032356	0.752	0.842	3.30551565348126e-17	YWHAB	c24
0.0828077347087933	-0.472115600828087	0.178	0.204	1	HUWE1	c24
0.0345813963433715	-0.472092342833633	0.118	0.147	1	ACOT9	c24
0.0646970808232267	-0.472029176639002	0.039	0.057	1	CRELD1	c24
0.0782758690642761	-0.472004453382231	0.033	0.048	1	NUDT18	c24
6.38437318743504e-05	-0.471723215448935	0.182	0.257	1	MRPS12	c24
0.15419544528511	-0.471710530020482	0.035	0.047	1	SCYL3	c24
1.33725375270154e-05	-0.471667858663109	0.36	0.45	0.448488163581043	MPHOSPH8	c24
0.0935630059105116	-0.47161757657515	0.02	0.032	1	C8orf58	c24
0.0329486031744861	-0.471350952123521	0.074	0.099	1	RFX5	c24
0.693408172327537	-0.471240903856681	0.014	0.016	1	ZNF571	c24
0.688246943709296	-0.471220453113539	0.017	0.019	1	NOCT	c24
0.0185031110164487	-0.471171300023493	0.105	0.139	1	AGFG1	c24
0.198370001510449	-0.471166648160647	0.022	0.031	1	KLHDC7B	c24
0.00047981612560931	-0.470942686312567	0.143	0.201	1	TES	c24
0.446536135374054	-0.470911205663107	0.024	0.029	1	GMDS-DT	c24
0.00656453209497017	-0.470642194482178	0.143	0.185	1	FBXL3	c24
3.35877603978774e-06	-0.470340251563441	0.266	0.353	0.112646630822401	DCTN3	c24
0.0187339193129328	-0.470327510436108	0.069	0.098	1	DYRK1A	c24
0.0934614632737644	0.470249071714504	0.053	0.041	1	BATF3	c24
6.06403295662684e-05	-0.470133491994433	0.263	0.34	1	SYNCRIP	c24
0.0868494759382951	-0.470110303969927	0.091	0.113	1	DDHD1	c24
0.056651005134141	-0.469981307640655	0.105	0.131	1	SMARCA4	c24
1.30382873209885e-17	-0.469789423256132	0.637	0.754	4.37278080171312e-13	NDUFS5	c24
2.62736652487208e-12	-0.469631466101515	0.574	0.691	8.81166185111597e-08	XRCC6	c24
0.134285539493654	0.469568177439918	0.014	0.009	1	MATN1-AS1	c24
9.11232631627168e-08	-0.468900165371699	0.392	0.499	0.0030560919999512	OTUB1	c24
0.012704348915413	-0.468729049365038	0.074	0.105	1	ABHD13	c24
3.36027364005416e-11	-0.468410976371778	0.662	0.745	1.12696857340136e-06	CXCR4	c24
0.159475891060325	-0.468404520701986	0.06	0.075	1	BTBD7	c24
0.000235525563572836	-0.468340916647383	0.131	0.19	1	CYP20A1	c24
0.0106695319349163	-0.468333340657106	0.099	0.135	1	NPAT	c24
0.914810228088181	-0.468091958434677	0.025	0.024	1	PILRB	c24
3.09652935327623e-05	-0.46806441422185	0.256	0.336	1	YIPF5	c24
1.15879531891726e-07	-0.468062802013879	0.409	0.503	0.00388636774058471	DEK	c24
1.24683860361214e-05	-0.467993219404478	0.201	0.281	0.418164730879441	BAD	c24
4.18639859502494e-11	-0.467757336269751	0.531	0.624	1.40403436079947e-06	NAP1L1	c24
0.135436089503856	-0.46770630141257	0.074	0.091	1	MON1B	c24
0.00177027486239907	-0.467445399011572	0.119	0.168	1	RSPRY1	c24
2.51201052298458e-05	0.467386805240843	0.223	0.164	0.842478089198567	TNIP3	c24
0.03170262733356	-0.467272010142119	0.142	0.175	1	DNM1L	c24
0.000168516985392517	-0.467241716051765	0.219	0.291	1	SBNO1	c24
0.525176039366996	-0.466771627315262	0.016	0.019	1	PATJ	c24
0.122226579500225	-0.46660721118163	0.085	0.103	1	SAMD9L	c24
0.254723573249793	0.466477736816005	0.031	0.025	1	TRBV4-2	c24
0.107398446215314	0.466477582796936	0.086	0.071	1	TACO1	c24
1.83851181822152e-11	-0.466427569417388	0.516	0.622	6.16600093595134e-07	UQCR10	c24
0.0358943345032352	-0.466420712273371	0.044	0.065	1	ZNF689	c24
0.196491662431973	-0.466319533205632	0.038	0.049	1	TTC21B	c24
0.48749444358524	0.466252920272303	0.025	0.021	1	KLRC1	c24
0.0619427661115083	-0.465889229258613	0.071	0.093	1	ZFYVE27	c24
0.000896260993384283	-0.465796517107143	0.157	0.212	1	PIH1D1	c24
0.241438478860254	-0.465638456649958	0.049	0.06	1	MARK4	c24
0.132448762881363	-0.465562135136671	0.033	0.046	1	THAP6	c24
9.68573197173321e-07	-0.465535646633964	0.248	0.345	0.0324840078867988	STAG2	c24
0.000783016021816557	-0.465343292906017	0.192	0.248	1	CLNS1A	c24
0.624036755511247	0.46533826975908	0.046	0.042	1	PRR34-AS1	c24
0.486963425363817	-0.465335270807404	0.009	0.013	1	PAXIP1-AS2	c24
0.0337881808410903	-0.465287363003563	0.035	0.054	1	TGDS	c24
0.0988547728300041	-0.465223919399465	0.027	0.04	1	SH3YL1	c24
3.56201389266455e-09	-0.46491651116586	0.454	0.557	0.000119462821932184	PSMD8	c24
0.000109343071831458	0.464856405227973	0.253	0.199	1	ST8SIA4	c24
0.0129436491382105	0.464704653572144	0.079	0.056	1	SPAG1	c24
0.400446576763792	-0.46460697177172	0.014	0.019	1	ELAC1	c24
0.130493013713034	-0.464386026909609	0.088	0.107	1	KIAA0319L	c24
0.00963882896162902	-0.464335892652413	0.127	0.167	1	STT3B	c24
0.0119233943500264	-0.464325103896772	0.083	0.116	1	MCFD2	c24
1.20922961741228e-12	-0.464152142893719	0.654	0.747	4.05551429087731e-08	IQGAP1	c24
0.0193984308817569	-0.46405878037711	0.06	0.086	1	FUCA1	c24
0.00929687323331203	-0.464011862248945	0.049	0.077	1	GLB1	c24
0.00122473026182078	-0.463789686144503	0.175	0.229	1	DEDD	c24
0.00010011006616601	-0.463716995919108	0.108	0.17	1	RGS19	c24
0.0719157122804787	0.46360749450016	0.05	0.037	1	CENPE	c24
0.0139046583350375	-0.46360133267828	0.088	0.12	1	EXOSC4	c24
1.73843324453242e-06	-0.463503421188731	0.267	0.365	0.0583035741551284	FOXP1	c24
0.00577856723478213	-0.463413121665019	0.091	0.128	1	MEI1	c24
3.34536979708393e-09	-0.463406644768553	0.335	0.453	0.000112197012254601	SELENOS	c24
0.0529716490103771	-0.463360910674228	0.058	0.079	1	SLC25A19	c24
0.254089802577392	-0.463217715821484	0.061	0.073	1	SUN1	c24
0.0415535401706415	-0.46313349787762	0.072	0.097	1	KCTD10	c24
0.0587250745239389	-0.463051851440627	0.055	0.075	1	MIOS	c24
0.00394990971358348	-0.463016650327432	0.082	0.12	1	MIF4GD	c24
1.54602068803188e-05	0.462987087190322	0.472	0.421	0.518504418352132	CCT8	c24
0.0336993882301966	-0.462929287658734	0.025	0.043	1	C17orf75	c24
0.0395950086211783	-0.462651759276289	0.039	0.059	1	TRMT2A	c24
6.27438533300141e-06	-0.462640563486775	0.307	0.396	0.210430335298201	PDCD10	c24
0.37112376082192	-0.462612756203661	0.014	0.019	1	TMEM116	c24
0.0191105171805496	-0.462574528737346	0.031	0.053	1	LEF1	c24
0.00136366147541555	-0.462549885122217	0.099	0.147	1	CDK13	c24
0.0148162190634181	-0.462532490285181	0.14	0.179	1	RASA2	c24
0.00544630934912105	-0.462267644010734	0.102	0.141	1	MED1	c24
0.00216619230993135	-0.462105553899297	0.068	0.107	1	UCHL5	c24
0.0103370216022913	-0.461976563143711	0.086	0.121	1	ERVK3-1	c24
0.00103284305972249	-0.461937332149604	0.195	0.254	1	CCDC47	c24
0.0788107054752309	-0.461903084795833	0.083	0.105	1	NR2C2	c24
0.522116276213225	-0.461838778007109	0.008	0.01	1	NUBPL	c24
0.00444074192487617	-0.461826981489237	0.097	0.137	1	ADI1	c24
0.000182077353167883	0.461804974722072	0.261	0.205	1	TICAM1	c24
0.0210533730756255	-0.461496106628853	0.105	0.137	1	VPS37A	c24
0.487110473660885	-0.461467769919581	0.011	0.014	1	HNRNPA1L2	c24
0.00672000786834447	-0.461412042435253	0.069	0.103	1	PIGH	c24
0.0772001394329557	-0.461384619682184	0.009	0.019	1	STPG1	c24
1.92349809946305e-08	-0.46119779374787	0.44	0.541	0.000645102792597916	GSPT1	c24
4.75517713088628e-07	-0.461193821674793	0.357	0.459	0.0159479130615664	TCEA1	c24
0.031075468475847	-0.461028176449893	0.027	0.045	1	TEFM	c24
0.708924634939067	0.460981359846324	0.011	0.013	1	AP003774.4	c24
0.0431541850081469	-0.460971214396938	0.042	0.062	1	WRNIP1	c24
0.00192914763206501	-0.460791037251172	0.175	0.227	1	HARS	c24
8.10533786022772e-05	-0.460669169448858	0.211	0.287	1	TM9SF2	c24
0.0466129796766652	-0.460619600221234	0.009	0.021	1	PRKACA	c24
0.00365781478051229	-0.460606013134739	0.09	0.129	1	CNOT3	c24
0.20457776719787	-0.460512434989668	0.013	0.02	1	METTL25	c24
0.198782049997201	-0.460510008855531	0.022	0.031	1	SLC39A4	c24
0.00206515668164601	-0.46045697833681	0.124	0.174	1	SRSF6	c24
0.000100375100110516	-0.460421091779913	0.255	0.327	1	U2SURP	c24
0.161458603915621	-0.460408768007248	0.039	0.052	1	KLHL5	c24
0.119633882390483	-0.460194605121022	0.038	0.051	1	ATL2	c24
0.055958038742308	0.460116467713189	0.186	0.163	1	ERG28	c24
0.376700005457221	-0.460003452737644	0.027	0.033	1	MBTD1	c24
0.0161199643346481	0.459847511951694	0.159	0.129	1	TESPA1	c24
0.00395488106529926	-0.459619221199816	0.083	0.123	1	MTMR6	c24
0.0424580552867729	-0.459545605617847	0.115	0.143	1	DLEU2	c24
0.00275960717848395	-0.45948795190812	0.134	0.182	1	BET1L	c24
0.215423270699236	-0.459327822561381	0.033	0.043	1	FAM83G	c24
0.0695537104784724	-0.459315216104005	0.082	0.104	1	TNRC6A	c24
0.00171694058282797	-0.459160332348053	0.09	0.134	1	SNRNP35	c24
1.71252539563137e-06	0.459131180980063	0.203	0.137	0.057434676718685	FNIP1	c24
0.000128313369762279	0.459001048023484	0.437	0.382	1	ARID5B	c24
0.0733005390012106	-0.458986632246062	0.055	0.074	1	ZNF766	c24
0.132174716044764	-0.458651804816057	0.079	0.097	1	MTMR9	c24
0.0355231135195584	0.458632075231444	0.03	0.019	1	TRGV7	c24
0.0854220804990736	-0.458617881370421	0.025	0.038	1	AAMDC	c24
0.000503492491283239	-0.458531705908245	0.124	0.177	1	AMZ2	c24
0.128549702399606	-0.458450570185939	0.033	0.046	1	EXOSC2	c24
0.00199223266062332	-0.458397110942067	0.101	0.146	1	OSBPL9	c24
0.00143767654153892	-0.458292787957519	0.118	0.167	1	POP4	c24
5.29003637391806e-05	-0.458010484416323	0.343	0.413	1	GGNBP2	c24
0.549121707448059	-0.457943490036402	0.03	0.034	1	ZNF805	c24
0.00849833222213253	-0.457913642680693	0.094	0.13	1	ARL8A	c24
0.327694295458227	-0.457792450957286	0.008	0.012	1	GGPS1	c24
0.114316368940756	0.457774172225502	0.014	0.008	1	MPP5	c24
0.00464298070546795	-0.457726246126298	0.104	0.146	1	MFSD11	c24
2.3652336512801e-11	-0.457705519943253	0.599	0.713	7.93252061966319e-07	AKAP13	c24
9.19603273343516e-06	-0.45769264700214	0.28	0.368	0.308416545813948	HNRNPL	c24
0.545204881773815	-0.457656176032359	0.009	0.012	1	RREB1	c24
0.352207300730396	-0.457621947177756	0.014	0.019	1	TLDC1	c24
0.137566065628745	-0.457454417881284	0.011	0.019	1	RAD51AP1	c24
0.0388339411928152	-0.457392390645282	0.121	0.151	1	CYBC1	c24
7.90387235452187e-08	-0.457262391741028	0.412	0.518	0.00265080071025954	IK	c24
9.73473623361956e-11	-0.456995918310658	0.67	0.728	3.26483583803133e-06	APOBEC3G	c24
3.50726085338507e-08	-0.456967186631068	0.376	0.487	0.00117626514500828	RWDD1	c24
0.274275160648125	0.456956318982072	0.047	0.039	1	KIF11	c24
0.00206858222783261	-0.456880652917973	0.193	0.246	1	COPS6	c24
0.375433898335054	-0.456850501760649	0.02	0.026	1	FAM189B	c24
0.000756222896345412	-0.456594604626066	0.214	0.275	1	F2R	c24
7.88654147556714e-07	-0.456421520589362	0.415	0.5	0.0264498828007571	TRBC1	c24
0.26477139247735	0.456314409461166	0.014	0.01	1	PKP4	c24
0.147901478750057	-0.456311856524916	0.027	0.038	1	NUDT16	c24
0.292285179330542	-0.456166501020813	0.036	0.045	1	POMZP3	c24
0.296258402834761	0.456148163733368	0.025	0.019	1	MTMR8	c24
0.0372186783808831	-0.456022241574193	0.025	0.042	1	ABHD10	c24
0.00305292749510344	-0.455907327794943	0.131	0.177	1	TMEM245	c24
8.62344740393707e-05	-0.45588984442076	0.2	0.273	1	WDR82	c24
0.000984690338007741	-0.455835351001161	0.197	0.258	1	KPNA1	c24
0.00377779892320797	-0.45554039473457	0.123	0.167	1	VPS72	c24
1.22680442825127e-10	-0.455514088331881	0.503	0.603	4.11445669146911e-06	EIF3G	c24
0.317973373656382	-0.455303726918209	0.047	0.056	1	DTNB	c24
0.120083353572049	-0.455288967449401	0.024	0.035	1	DHTKD1	c24
0.123030696388249	-0.455031499632214	0.049	0.064	1	QTRT2	c24
0.0328923114247279	-0.454703722894137	0.079	0.106	1	MAP4K4	c24
0.0929120907239498	-0.454685170099169	0.035	0.049	1	HIP1R	c24
5.36172432725404e-08	-0.454576337295823	0.297	0.408	0.00179821510487446	PSMD11	c24
0.307633520787714	-0.454550638883528	0.011	0.016	1	GSPT2	c24
1.13445522288412e-05	-0.45416398326543	0.347	0.436	0.380473592650878	NASP	c24
0.0655130740561876	-0.453991902173316	0.074	0.096	1	NUP107	c24
0.00518901298045199	-0.453920606621449	0.255	0.306	1	ATRX	c24
0.184292149744498	-0.45391565076037	0.019	0.028	1	TRIM32	c24
0.0806891767196487	0.453852741524699	0.075	0.06	1	BOLA2B	c24
0.131154084286722	-0.453851609789727	0.038	0.051	1	SHLD1	c24
0.0260776120514305	-0.453754320961914	0.06	0.085	1	BET1	c24
0.0123230154862296	-0.453591431622429	0.236	0.281	1	AAK1	c24
0.111754072275022	-0.453575721061895	0.041	0.056	1	CRACR2A	c24
0.00480554871935649	-0.453546320472816	0.096	0.136	1	ACAA1	c24
0.719532483829167	0.453456786096876	0.014	0.013	1	PLEKHB1	c24
0.194267643715094	-0.453455324158417	0.013	0.02	1	SHLD3	c24
0.0607445723976543	0.453386637936395	0.129	0.108	1	CPNE2	c24
0.00518604730105458	-0.453360418222799	0.266	0.318	1	CEMIP2	c24
0.177716007269694	-0.453151669542569	0.046	0.058	1	MAP3K5	c24
6.8709917937667e-05	-0.452985328377544	0.159	0.228	1	TIMM17B	c24
0.205862710416903	-0.452888789412484	0.019	0.027	1	PLAGL1	c24
0.000197554427778628	-0.452841715131184	0.2	0.266	1	MRPL22	c24
0.00526174442518342	0.452824619442733	0.16	0.126	1	KLHL18	c24
0.0178991303851446	-0.452680788816382	0.11	0.143	1	ENO2	c24
3.7442689975469e-18	-0.452675942895238	0.66	0.8	1.25575293639728e-13	GNG2	c24
0.05857809317232	-0.452615999692107	0.082	0.104	1	UFL1	c24
0.0286862851746819	-0.452147195218918	0.035	0.055	1	PARN	c24
0.478227155687036	-0.451931112140046	0.017	0.021	1	DGKQ	c24
0.473842653791013	-0.4517672907288	0.05	0.057	1	RANBP10	c24
0.00043054392085765	-0.451471789705152	0.215	0.282	1	HNRNPD	c24
0.0754946395120847	0.45135662839419	0.198	0.179	1	MFAP1	c24
0.197359491882578	-0.451334733940328	0.071	0.085	1	MAP3K7	c24
0.0423110621376085	-0.451324791601748	0.058	0.08	1	DDX10	c24
0.67871856065519	-0.451256881346206	0.009	0.011	1	MUC16	c24
0.0261430357517504	0.451235704241201	0.112	0.088	1	RHOC	c24
1.19672952708804e-05	-0.451099770023666	0.289	0.376	0.401359148794786	SEC14L1	c24
4.85136280520535e-05	-0.450969327891057	0.258	0.335	1	DERL2	c24
0.0396120971080263	0.450936063737446	0.028	0.017	1	KLHL26	c24
0.251606880723513	-0.450728961696873	0.017	0.024	1	ABHD11	c24
0.0428877619771053	-0.45071233380362	0.053	0.075	1	PHF19	c24
0.0405381385659832	0.450286018805287	0.242	0.219	1	TMEM70	c24
0.00222090092632139	-0.450269598803636	0.17	0.22	1	EIF2S3	c24
0.0141654324860487	-0.4502372626816	0.068	0.097	1	ATIC	c24
0.0462664196277219	-0.45015355347379	0.033	0.051	1	SNAPC3	c24
4.00461640559386e-05	-0.450116026585326	0.278	0.356	1	RPS17	c24
0.00062017560695327	-0.450062431589294	0.11	0.162	1	GFER	c24
0.0385156467722153	-0.449979004380343	0.146	0.179	1	MKLN1	c24
0.00596396717745254	-0.449516638194378	0.14	0.182	1	ZBTB8OS	c24
0.014214677107654	-0.449295273417526	0.157	0.197	1	SLC6A6	c24
4.51920671711168e-07	-0.449115454789146	0.263	0.369	0.0151565154878491	GTF2A2	c24
0.233983901381711	-0.449088323556811	0.108	0.125	1	MYO1F	c24
0.170488593018651	-0.44900419220983	0.03	0.041	1	IKBKE	c24
0.0094601469097721	0.44894352295472	0.097	0.071	1	RAB24	c24
0.000164664503958091	0.448262229936921	0.167	0.118	1	ARRDC3	c24
0.00351066864031802	-0.448183994596374	0.108	0.151	1	HMGXB4	c24
0.769421622653511	-0.448167386906605	0.017	0.019	1	SSBP3	c24
0.0103117888535486	0.448030666291953	0.113	0.086	1	DCAF16	c24
3.55844502034341e-12	-0.447937003692487	0.568	0.667	1.19343129092277e-07	RBM3	c24
0.12414395634623	-0.447845460426956	0.091	0.11	1	NFX1	c24
0.00154639395633464	-0.447785480082776	0.178	0.23	1	PTBP3	c24
0.000708515795074522	-0.44775595158049	0.116	0.169	1	ACTR1B	c24
0.312452170874405	-0.447420702681355	0.017	0.023	1	TRGV5	c24
0.0389112297658866	-0.447305078098112	0.038	0.057	1	DHRS4	c24
0.130219152198273	-0.447233576637828	0.033	0.046	1	AC006064.4	c24
0.0729285396417983	-0.447008969553697	0.08	0.102	1	TSR1	c24
0.111712234094858	-0.446956919726984	0.105	0.127	1	FNDC3A	c24
0.00813092832110946	0.446746798770482	0.186	0.153	1	ZNF326	c24
0.228571375027656	0.446652833163923	0.064	0.054	1	B4GALT4	c24
3.07830211863724e-05	-0.44654161910012	0.228	0.309	1	LSM10	c24
0.759009320489931	0.446432430857183	0.016	0.017	1	RNASEH1-AS1	c24
0.0467532804938443	-0.446339904965178	0.047	0.067	1	MUT	c24
2.8910490548208e-08	-0.446192987728888	0.388	0.497	0.000969600032005801	EIF3D	c24
0.0106628477220386	0.446159206625329	0.083	0.06	1	RNFT1	c24
0.000125051816225112	0.445878014938227	0.256	0.2	1	ZNF394	c24
0.0711317739940698	0.445761622597276	0.075	0.059	1	ZNF260	c24
0.634422164721708	-0.445519981957618	0.011	0.013	1	ADAP1	c24
0.101245408674743	-0.445511096460526	0.049	0.065	1	MTHFD1	c24
0.000151691138447011	-0.445176832400775	0.146	0.209	1	NCBP2	c24
1.85507649395434e-09	-0.444874540885146	0.462	0.567	6.22155554542408e-05	COX5A	c24
0.000185749602048356	-0.444788091188633	0.193	0.262	1	RNF4	c24
1.97090384540571e-07	-0.444744604958485	0.338	0.442	0.00661001731672166	PSMC4	c24
0.00019653985838674	0.444643751587167	0.241	0.188	1	ATF2	c24
1.47447653951033e-05	-0.444608749653832	0.244	0.328	0.494509941820975	SEC13	c24
0.00520990869811651	-0.444540915035408	0.137	0.182	1	C5orf24	c24
0.355354805624927	0.444428262452052	0.035	0.029	1	MTIF2	c24
0.528035490958656	-0.444137396845101	0.027	0.031	1	NAA40	c24
0.000302760716982228	-0.444057553856689	0.272	0.347	1	CHD4	c24
0.00764113456274495	-0.443986787577368	0.132	0.173	1	SPOP	c24
1.90737235356228e-05	0.443960846843843	0.406	0.337	0.639694539937718	CTLA4	c24
1.455477542713e-08	-0.443532504281351	0.472	0.565	0.000488138058275088	UQCR11	c24
0.00491158474600884	0.443529226521357	0.03	0.016	1	PMCH	c24
0.0026508662207413	0.443471071893654	0.272	0.228	1	GATA3	c24
2.2836586554221e-05	-0.44342077860584	0.2	0.281	0.765893439855464	NENF	c24
0.160016550780074	-0.443327988700678	0.052	0.066	1	NBAS	c24
1.2692153453156e-05	-0.443318473179521	0.244	0.33	0.425669442511947	TMEM9B	c24
1.2743217884435e-05	-0.443265243722193	0.259	0.344	0.427382041408179	NDUFA5	c24
1.6974490041751e-09	-0.443226131571562	0.387	0.507	5.69290447020246e-05	PRELID1	c24
0.0294150435188543	-0.443220199826763	0.083	0.111	1	ANKRD54	c24
0.0183189031039607	-0.443059445740731	0.142	0.176	1	PIP4P1	c24
0.0173220937075759	-0.442983073831118	0.094	0.127	1	PIP4K2A	c24
0.00128602308043327	-0.442911961430358	0.266	0.327	1	NOP56	c24
0.0964026691981279	-0.442744628846506	0.145	0.167	1	ARHGAP4	c24
0.00605502113629282	0.442736980591372	0.093	0.066	1	CARD11	c24
0.000357159307347182	-0.442732819224481	0.146	0.207	1	JAGN1	c24
0.18212429683937	-0.442699055481222	0.047	0.06	1	BIK	c24
0.000134417607590403	0.442698261667997	0.379	0.332	1	DNTTIP2	c24
0.592428664830125	-0.44264122128837	0.008	0.01	1	GPAT2	c24
0.000822836903762762	-0.442578118446764	0.181	0.24	1	TCERG1	c24
2.4964428952433e-05	-0.442511835514019	0.149	0.224	0.837257018206699	PEX16	c24
0.0783157336048383	0.442453616469062	0.049	0.036	1	ANKMY2	c24
0.0641214428074461	-0.442397867390875	0.038	0.055	1	YIPF1	c24
0.00057480860880103	-0.442309609438752	0.299	0.356	1	SEPT9	c24
0.000299862501931858	-0.442303744822895	0.159	0.222	1	PSME3	c24
0.0126728558599108	-0.442268596348097	0.055	0.083	1	COQ9	c24
0.557419964753268	0.44217038743669	0.041	0.037	1	NUDT14	c24
0.000901699936220438	-0.44214590420743	0.195	0.257	1	IMP4	c24
0.0462462801701075	-0.44205087352105	0.039	0.059	1	NFIC	c24
0.000916985081449668	-0.441993102051757	0.167	0.221	1	GTF3C1	c24
0.63933230738385	-0.441945463921242	0.052	0.056	1	MDN1	c24
0.0695291225889542	-0.441829471149371	0.041	0.058	1	EVA1C	c24
7.70721338479459e-11	-0.441826878755326	0.549	0.641	2.58484522499241e-06	PSMB1	c24
0.0616130430870596	-0.441823139544764	0.041	0.058	1	RUVBL1	c24
0.000154958352348941	-0.441670684001665	0.248	0.317	1	BNIP2	c24
0.0186807108802718	-0.441658999678535	0.038	0.06	1	PPIL1	c24
0.00691870819088362	-0.441328117276111	0.137	0.177	1	COMMD8	c24
0.0313964660840525	-0.441157182846135	0.064	0.09	1	GGCX	c24
0.0178945853019229	-0.441154968401944	0.077	0.107	1	TTF1	c24
0.25843756430678	-0.440930032390029	0.039	0.049	1	D2HGDH	c24
3.3154770490759e-07	-0.440227398099093	0.382	0.481	0.0111194469271908	PSMA5	c24
0.061836060870582	0.439999393974588	0.041	0.029	1	DIXDC1	c24
0.0256559658786313	-0.439861207109491	0.042	0.065	1	HSD17B12	c24
0.000243772267405018	-0.439793915649253	0.113	0.17	1	TRBV19	c24
6.99731119493115e-11	-0.439707501500728	0.502	0.626	2.34675822855601e-06	EMD	c24
0.197179594645118	-0.439657350627779	0.006	0.012	1	DLK2	c24
0.0995208431526177	-0.439569296100042	0.014	0.024	1	MYL5	c24
2.12531263384038e-08	-0.439453619845312	0.414	0.518	0.000712787351137387	UFC1	c24
0.147160174630251	-0.439397518144865	0.019	0.029	1	CHAF1A	c24
0.0562937334924927	-0.43929405251317	0.052	0.072	1	CASC4	c24
0.00500051459563738	-0.439228063042229	0.132	0.176	1	FGD3	c24
1.42769729081807e-07	-0.439192942260853	0.34	0.449	0.00478821117394565	PUF60	c24
0.178563957342116	-0.439104991867742	0.055	0.068	1	EMC2	c24
0.45912154649067	-0.439074618752493	0.011	0.015	1	S1PR2	c24
0.129254997850766	-0.438828433618559	0.049	0.064	1	SDCCAG8	c24
0.18836801573562	0.438821626179838	0.041	0.032	1	CCDC159	c24
0.113195670628272	-0.438688242425848	0.074	0.092	1	KRIT1	c24
0.00463946342686887	-0.438680693790564	0.165	0.212	1	CHTOP	c24
0.294235383447012	-0.43864591873031	0.02	0.027	1	TRAV14DV4	c24
0.0992177610919442	0.438458666538295	0.063	0.049	1	GPR89A	c24
0.13960372870448	-0.4384158227141	0.057	0.072	1	SLC17A5	c24
0.395338849820744	0.438389696947663	0.028	0.023	1	RUFY3	c24
0.182226684426826	-0.43838004793878	0.02	0.03	1	TMEM168	c24
0.255731620265171	-0.438225820156736	0.016	0.022	1	CASD1	c24
4.9054061503739e-07	-0.438129601098989	0.403	0.495	0.016451751147124	ATP5F1A	c24
0.523050876999202	-0.438046546848476	0.046	0.051	1	RFX3	c24
0.0691209586223	-0.4380115033425	0.05	0.069	1	FAM111A	c24
0.770005559454092	-0.437951375288787	0.016	0.017	1	ATRN	c24
0.00122526577645843	0.43786999946917	0.146	0.107	1	ADGRG1	c24
3.44364391108032e-11	-0.437851135357494	0.676	0.757	1.15492929489812e-06	PRRC2C	c24
9.68430133458781e-05	-0.437722470229608	0.321	0.393	1	ANP32A	c24
0.0303071857680403	-0.437616717663558	0.069	0.095	1	POLR3K	c24
0.0161242405815913	-0.437570229743167	0.09	0.121	1	MUL1	c24
0.46382251681288	-0.437406992639171	0.033	0.039	1	MYO1C	c24
0.0254548945603868	-0.437276415009972	0.143	0.177	1	SEL1L	c24
0.238012264289316	-0.437221787259105	0.069	0.082	1	DPM2	c24
0.0177245598684618	-0.43713262136519	0.068	0.096	1	BEX4	c24
0.0231004421500109	-0.43681101362381	0.119	0.153	1	MICU2	c24
0.169907556553203	-0.436798642733458	0.027	0.037	1	PARG	c24
0.0147708110431432	-0.436762830072834	0.077	0.107	1	SLC2A1	c24
0.0169456349492365	0.436613456792931	0.052	0.034	1	TRBV4-1	c24
3.41802354589455e-05	0.436387074297776	0.403	0.344	1	BCAP31	c24
0.0417753280210873	-0.436282886769821	0.064	0.087	1	SPPL3	c24
0.000475743837789179	-0.43624947328026	0.195	0.259	1	EPS15	c24
0.0559046848934323	-0.436003895661486	0.083	0.107	1	SLK	c24
0.343920910738225	-0.435988828646654	0.006	0.01	1	ZNF681	c24
0.0186780404017343	-0.435937372407188	0.069	0.098	1	VPS11	c24
0.314717105436625	-0.435913382180521	0.061	0.072	1	PIKFYVE	c24
0.0166937829773754	-0.43587731132011	0.101	0.134	1	BLMH	c24
0.568710207369922	0.43567352023548	0.031	0.028	1	DNAJC25	c24
0.027752159954104	-0.435660683621298	0.093	0.121	1	COIL	c24
0.0615362664928957	-0.435504232764553	0.058	0.079	1	LARS	c24
0.083723845968317	-0.435303385150383	0.058	0.077	1	THOP1	c24
0.00188177468730392	0.435280566898867	0.168	0.128	1	AC116366.3	c24
0.00782514785633961	0.435226354952106	0.324	0.292	1	C6orf48	c24
0.111043643589929	-0.435142812010444	0.038	0.052	1	RFWD3	c24
0.432176231103732	-0.435025026326376	0.016	0.02	1	ALKBH8	c24
1.19705371943473e-05	-0.434847404683268	0.242	0.334	0.40146787642402	C14orf119	c24
0.198678591858756	-0.43483763215654	0.016	0.024	1	FLVCR1	c24
0.00234455795706327	0.434833458236471	0.142	0.106	1	TRAF6	c24
4.05837072153279e-05	-0.434747760940491	0.208	0.286	1	RAB8A	c24
1.25782759773916e-17	-0.434301904496605	0.715	0.81	4.2185021972976e-13	TMBIM6	c24
0.000377390541507298	-0.434111343773894	0.351	0.419	1	DDX6	c24
0.106573796358448	-0.433980918377846	0.036	0.051	1	UBA7	c24
0.180658221717975	-0.433726693975758	0.055	0.069	1	ATP13A3	c24
0.000105152775093387	-0.43338666401351	0.325	0.4	1	KIAA1551	c24
0.249382073154173	-0.433367623843983	0.039	0.049	1	LZTFL1	c24
0.408103170537689	0.433211510066545	0.03	0.025	1	UEVLD	c24
5.84799718853596e-05	-0.433192334439949	0.256	0.332	1	ITM2C	c24
0.568227855678937	0.433142938702193	0.019	0.016	1	SPIN2B	c24
0.000138338501568299	-0.43313404761092	0.206	0.279	1	VTI1B	c24
0.0146590176196458	-0.433079393131619	0.118	0.155	1	RPS6KB1	c24
0.256672105495036	-0.433070025573763	0.069	0.082	1	ZNF224	c24
0.0711417304194072	-0.432754438086533	0.069	0.09	1	OSTM1	c24
0.0225093115704956	-0.432678732084797	0.077	0.105	1	APBB1	c24
0.276827464612737	0.432665579828869	0.022	0.016	1	RYR1	c24
0.127176495661836	-0.432481468057562	0.042	0.056	1	ZSCAN16	c24
0.0286192497418631	-0.432457398480601	0.061	0.086	1	TEX30	c24
0.112648832139754	-0.432058882284924	0.042	0.057	1	SIGMAR1	c24
0.000228928784888611	-0.432025465760497	0.291	0.36	1	GRSF1	c24
0.170254242558115	0.431993474016414	0.061	0.05	1	TUBD1	c24
0.65113752917603	-0.431806727486387	0.027	0.03	1	EEF2K	c24
0.309235129353094	-0.431716767858708	0.009	0.014	1	CDAN1	c24
0.089707978907642	-0.431696035949854	0.041	0.057	1	VIPAS39	c24
0.320680040751783	-0.431481963154647	0.031	0.039	1	WDR41	c24
0.358097851726385	-0.431410117021577	0.05	0.059	1	TMEM106B	c24
0.516320081297896	0.430943214896848	0.019	0.016	1	THEM6	c24
0.0810978013496999	-0.430700372672965	0.061	0.081	1	PPIL3	c24
0.259870281746594	-0.430313972389628	0.028	0.037	1	ZNF45	c24
0.0562214427646625	-0.43027489916478	0.024	0.038	1	GNA12	c24
2.18670708487562e-06	-0.430239513142328	0.2	0.293	0.0733377822125586	TKT	c24
5.44032753566449e-18	-0.429707376665585	0.711	0.818	1.82457704891116e-13	SKP1	c24
0.00131254590123038	-0.429651423024988	0.234	0.293	1	TNKS2	c24
0.279394913658542	0.429579819628565	0.027	0.021	1	IPP	c24
0.00375721749791586	-0.42953796066591	0.226	0.28	1	BRWD1	c24
0.0781786379570907	-0.429511886706498	0.022	0.035	1	CCNB1	c24
3.03783334891189e-06	-0.429453568168645	0.343	0.436	0.101882854855807	HNRNPR	c24
0.115630249755551	0.429379038480257	0.437	0.439	1	EIF4A3	c24
0.057191606434446	-0.429361511040028	0.063	0.084	1	STX18	c24
0.08815304701079	0.429354970357199	0.17	0.148	1	KLF10	c24
0.113894906632895	-0.429187630452026	0.019	0.03	1	TK1	c24
0.207539128479881	-0.429122018654816	0.088	0.103	1	WDR59	c24
1.70089859678343e-05	-0.429104119810974	0.223	0.308	0.570447371389227	MRPS34	c24
0.0756197745233261	0.428630120344139	0.058	0.044	1	PRKCA	c24
0.993759267641587	0.428591678695828	0.009	0.01	1	KHDC1	c24
0.40687414027275	-0.428515630945547	0.047	0.055	1	DOT1L	c24
0.217042382093768	-0.428126855502651	0.053	0.065	1	PPA2	c24
0.0279500879547798	-0.428110891440437	0.097	0.127	1	PABPC4	c24
0.143631948526613	0.427933545601083	0.044	0.034	1	CREB3L2	c24
0.0553809144727758	-0.42785475424046	0.028	0.044	1	PIGQ	c24
0.000322591336265906	-0.427723477387741	0.274	0.336	1	PQBP1	c24
0.131704310318853	-0.427680280969404	0.058	0.074	1	C11orf49	c24
0.0616651580764543	-0.427597975582648	0.044	0.062	1	LANCL1	c24
0.0231200423267012	0.427596415451141	0.086	0.065	1	IL18RAP	c24
0.323033790581481	0.427405590276387	0.014	0.01	1	UNC93B1	c24
0.0010059806268198	0.427369305344055	0.25	0.206	1	DCP2	c24
0.163381343919204	-0.427044501882071	0.091	0.109	1	UVRAG	c24
0.00089287890372536	-0.427043811612243	0.186	0.244	1	MRPL9	c24
0.235022343011633	0.426882770478037	0.075	0.065	1	SGPP2	c24
0.00146199181499705	0.426828145568491	0.236	0.193	1	OTULIN	c24
0.0938817854469066	-0.426561500196611	0.025	0.038	1	ZC3HC1	c24
0.0194265330799737	-0.426325292065526	0.028	0.049	1	PET117	c24
0.0645935657064886	-0.426297098819436	0.05	0.069	1	UTP14A	c24
0.303264015469845	0.426226296282318	0.05	0.042	1	LPAR6	c24
0.00105100837176245	-0.426007588411466	0.175	0.232	1	POLR2B	c24
0.0985367446078376	-0.425985294095711	0.027	0.04	1	WDR3	c24
0.00164909023724936	0.425942820564178	0.292	0.248	1	OSER1	c24
0.008784843805129	-0.425927981331735	0.126	0.166	1	RC3H2	c24
0.00028393906238175	-0.425857140969289	0.231	0.295	1	RNF126	c24
0.0295741617518294	-0.425607618695279	0.201	0.237	1	CYFIP2	c24
0.415318389950505	0.42555078992133	0.11	0.102	1	PCNA	c24
0.934223805047272	-0.425519497180747	0.014	0.014	1	IL1RN	c24
0.18840810272967	-0.425486402891313	0.011	0.018	1	RIC3	c24
0.00190524298843075	-0.425422030501048	0.096	0.142	1	CTDSP2	c24
0.0322950250465012	-0.425293805143579	0.094	0.122	1	SFT2D1	c24
0.000202958895883742	-0.425249576770186	0.241	0.311	1	NDUFA13	c24
0.000869358028116222	-0.425236906266707	0.148	0.204	1	CXorf40B	c24
9.7269357711942e-06	-0.425151208489517	0.204	0.291	0.326221971894311	ATG3	c24
4.18631820120466e-06	-0.424807943652503	0.379	0.469	0.140400739832002	PAFAH1B1	c24
0.00186081658273737	-0.424359924716142	0.264	0.322	1	SPPL2A	c24
0.194333678500548	-0.424207905195233	0.03	0.04	1	ALOX12-AS1	c24
2.11625990351933e-08	-0.424032721290286	0.599	0.693	0.000709751246442312	STK4	c24
0.00506011223079235	-0.423987979579003	0.154	0.201	1	SLC4A7	c24
0.27227459922441	-0.423984625738715	0.038	0.047	1	DROSHA	c24
0.294570822183166	-0.423961022247693	0.017	0.024	1	CDHR3	c24
0.776128539669865	0.423960346614077	0.014	0.016	1	CCDC189	c24
0.000484186870977951	-0.423955633481444	0.234	0.298	1	ACAP2	c24
0.062651348549702	-0.423883494224174	0.019	0.032	1	CPT2	c24
0.47550788783064	0.423756729122057	0.022	0.018	1	ARHGAP5	c24
1.79921756190544e-05	-0.423729700359292	0.816	0.871	0.603421585911847	MT-ND4	c24
0.00218574279083041	-0.423667728400564	0.131	0.178	1	SRPRB	c24
8.55766672915824e-05	-0.423617823542869	0.149	0.218	1	HTATSF1	c24
0.190854499992715	-0.423428662457875	0.066	0.081	1	NNT	c24
0.116438255254075	-0.42338730678159	0.099	0.12	1	AGO3	c24
0.00021423899167328	0.42332320048259	0.314	0.259	1	TMED5	c24
3.44686482265707e-05	-0.423156487387479	0.275	0.352	1	DDOST	c24
0.0925721678434	-0.422878087374491	0.156	0.181	1	ITGB7	c24
0.253818971051446	-0.422862552664259	0.014	0.021	1	NME4	c24
0.000137415161577032	-0.4224931162149	0.27	0.348	1	VPS4B	c24
0.00203319577845131	-0.422401713540725	0.376	0.435	1	ILF3	c24
0.450324728334427	-0.422393891383517	0.013	0.016	1	AC008915.2	c24
0.459112732644372	-0.422363555634444	0.024	0.028	1	POMGNT1	c24
0.0396849441336781	0.422188561218034	0.072	0.054	1	PANX1	c24
0.0385807757467937	-0.422170366879002	0.075	0.1	1	FOSL2	c24
0.726349256671736	-0.422115724525433	0.03	0.032	1	ZNF701	c24
0.145429733570555	-0.422038331697166	0.038	0.051	1	MKKS	c24
1.30406148940324e-07	-0.422005447251927	0.291	0.405	0.00437356142316059	CLTB	c24
1.62629307158863e-06	0.421945262209893	0.59	0.53	0.0545426170349394	ZFP36L1	c24
0.153614560122517	0.421825566752804	0.013	0.008	1	NFYC-AS1	c24
0.0166614799330868	-0.421815583828401	0.057	0.083	1	PTPN18	c24
0.000226611825378703	-0.421502654502858	0.187	0.253	1	TMED4	c24
0.265100913409068	-0.421499344294559	0.074	0.086	1	EDRF1	c24
0.0620641390185401	0.421160198562794	0.03	0.02	1	FLNB	c24
0.0171367596458997	-0.421119587582725	0.164	0.201	1	TXNRD1	c24
0.655494489338141	0.421088177293845	0.011	0.009	1	TDRKH-AS1	c24
0.200081461149828	-0.42107306313513	0.049	0.061	1	APH1B	c24
0.0153519621654063	-0.420850938562728	0.222	0.268	1	PDE4DIP	c24
0.544905666512834	-0.42069416021739	0.053	0.059	1	COG7	c24
0.550375027136435	-0.420683637148772	0.05	0.055	1	LRIG1	c24
4.66809188515922e-05	0.420476170348186	0.319	0.257	1	COQ10B	c24
0.0313987379215644	-0.420355252215405	0.046	0.067	1	FAM98C	c24
0.509736824440136	0.420299467360851	0.097	0.092	1	CD83	c24
0.18594617349684	-0.420295333866841	0.031	0.042	1	RAD54L2	c24
7.08575726311631e-09	-0.420107391774114	0.461	0.564	0.000237642127090395	ATP5MF	c24
0.0467727859198017	-0.419988785239408	0.035	0.053	1	CCDC58	c24
0.299929905337558	-0.419859451695148	0.013	0.018	1	ZNF93	c24
0.256254886065147	0.41983461005033	0.044	0.036	1	SEPHS1	c24
0.00034703380102851	-0.419671275178938	0.259	0.329	1	RB1CC1	c24
0.0153976996026199	-0.419658230372463	0.245	0.292	1	RORA	c24
0.120179756461337	0.419546158147246	0.055	0.042	1	RSAD2	c24
1.83882919723186e-05	-0.419367883662208	0.292	0.379	0.616706536167622	RAB1B	c24
0.273262161021765	0.419197126556686	0.031	0.025	1	C4orf33	c24
2.20371357638876e-06	-0.418766598605729	0.431	0.514	0.0739081459249263	UBXN4	c24
0.0102705613291952	-0.418730668138581	0.118	0.156	1	WDR45	c24
0.00541666615151752	-0.418592875394674	0.127	0.169	1	ALDH9A1	c24
0.183237886402136	0.418492539516722	0.042	0.033	1	TMEM135	c24
0.026965702714201	-0.41810405047672	0.049	0.072	1	SERPINB8	c24
0.00129984154124592	-0.41779056835962	0.154	0.209	1	TXNDC12	c24
0.043890347262936	-0.417714060263818	0.063	0.086	1	SLC41A3	c24
0.0384826684862517	-0.417648904340345	0.068	0.092	1	KCTD9	c24
0.32096967008073	-0.417466264461476	0.011	0.016	1	RASGRP3	c24
0.846650251974736	0.417358034366271	0.016	0.015	1	ZNF776	c24
1.21818904927256e-06	-0.417144639484821	0.387	0.484	0.040855624334503	C9orf78	c24
0.298577696695008	-0.417065101340038	0.024	0.031	1	ZNF189	c24
0.00435345648966137	0.416931575857196	0.211	0.173	1	HBS1L	c24
0.0507450531522111	-0.416714200442971	0.028	0.045	1	EEPD1	c24
0.253928454278109	-0.416652224615723	0.028	0.037	1	TMEM8A	c24
1.23814055399969e-05	-0.416537654046058	0.252	0.337	0.415247579000415	ZNHIT3	c24
0.270041300545939	-0.416134330163295	0.028	0.037	1	PBX2	c24
0.0515625243575313	-0.416008379094445	0.066	0.088	1	CNEP1R1	c24
0.0739261429666129	0.415978999629927	0.075	0.059	1	MAP3K4	c24
0.0132752684930177	-0.41597137720901	0.096	0.13	1	PRPF4	c24
3.8090367343823e-24	-0.415956196633471	0.866	0.886	1.27747473997714e-19	EEF2	c24
0.883921192477977	0.415949945958439	0.022	0.021	1	MIATNB	c24
0.00849337315725024	0.415706429214244	0.42	0.382	1	SLC2A3	c24
0.0285413690010252	-0.41570169599201	0.063	0.089	1	DCUN1D1	c24
0.0738407149282801	0.415529418544992	0.068	0.052	1	TMEM41A	c24
0.353923580900515	-0.415500316313088	0.011	0.016	1	SPATC1L	c24
0.0116952159931397	0.415497106397288	0.131	0.101	1	UGCG	c24
0.482694155397342	0.415438488900511	0.019	0.015	1	CBX8	c24
0.0439263785737906	-0.415317821578353	0.077	0.102	1	CCDC57	c24
0.00700101283238987	-0.415212633833	0.091	0.129	1	MAPKAPK5-AS1	c24
6.08119950745201e-05	-0.415025850275147	0.112	0.176	1	C12orf10	c24
0.184541719791222	0.414998954533867	0.016	0.01	1	CD300A	c24
1.24929080096835e-06	-0.414641933141137	0.407	0.509	0.0418987148828765	PPP1R12A	c24
0.340183425968844	0.414485054595413	0.071	0.062	1	TCEAL8	c24
0.145930991264859	-0.414482697251257	0.008	0.015	1	SRR	c24
3.62331901640271e-05	0.414408735022731	0.325	0.26	1	IFI27L2	c24
0.257358399838354	-0.414402168746663	0.097	0.111	1	POFUT2	c24
0.0489401709619507	0.414397741695592	0.052	0.037	1	SGPP1	c24
0.18054308082136	0.414331756880816	0.082	0.069	1	RNF169	c24
0.000836942077559916	-0.414051031990321	0.253	0.313	1	EHD1	c24
2.17050648436962e-05	-0.413958470389363	0.322	0.412	0.727944464727883	TSPAN14	c24
0.226176184063981	0.41387577388008	0.025	0.019	1	ZDHHC21	c24
0.075369337925876	-0.41378086764605	0.005	0.013	1	RRM2	c24
0.0549581553579173	0.413575483096717	0.17	0.146	1	UTP11	c24
0.0535274700396911	-0.413561780952436	0.101	0.127	1	FAR1	c24
0.706036837752368	0.413407953471948	0.035	0.032	1	CENPW	c24
2.70292479878151e-06	-0.413351603741227	0.346	0.438	0.0906506919015343	TRAPPC1	c24
0.107014810545507	-0.413276170476169	0.072	0.091	1	KLRK1	c24
3.58714056025557e-06	-0.413274790981141	0.236	0.324	0.120305520109851	RTF2	c24
0.00241641331203221	-0.41308292468278	0.105	0.151	1	SGTA	c24
0.000411577774804783	0.412982449438777	0.237	0.182	1	GNLY	c24
0.0047208324032245	0.412928624207596	0.102	0.073	1	APOL3	c24
0.0731104062438994	-0.412881694245679	0.074	0.095	1	AOAH	c24
0.135354750459895	0.412826252438227	0.038	0.028	1	FARS2	c24
0.0291400559207374	-0.412683925218235	0.099	0.129	1	B4GALT5	c24
0.0894624064636006	-0.412654280379462	0.146	0.172	1	MED13	c24
0.630510047002347	0.412500354070466	0.013	0.011	1	KIAA1522	c24
0.387085620749948	-0.412370516645492	0.028	0.035	1	MAMLD1	c24
0.000397091812223537	-0.412291641721074	0.164	0.226	1	AIMP1	c24
0.450725380754667	-0.412029717480125	0.033	0.039	1	GMPPA	c24
0.041088563040878	-0.411982520438426	0.047	0.068	1	MSH2	c24
7.34966261458218e-05	0.411969165398595	0.423	0.366	1	SDCBP	c24
0.38874109698352	-0.411929491368292	0.027	0.033	1	AC098484.3	c24
0.00113141815164234	0.411904602048759	0.343	0.29	1	CSRNP1	c24
0.00141441914283193	0.411890938586397	0.17	0.128	1	RASGEF1B	c24
0.0420436613197652	-0.411625845984894	0.053	0.075	1	CNOT11	c24
0.129680708526946	-0.411350573519537	0.047	0.062	1	SOS1	c24
0.000454339554529765	-0.411329510309741	0.22	0.286	1	UFD1	c24
0.153191515850631	0.411278454129562	0.119	0.104	1	IFIH1	c24
0.543483573676377	-0.411250891350711	0.03	0.034	1	DMWD	c24
0.00195814657228026	-0.410929821834685	0.234	0.29	1	TMEM87A	c24
0.058289523309994	0.41090178960727	0.036	0.024	1	NR1D1	c24
0.580193386192744	-0.410603782999218	0.022	0.025	1	MZF1	c24
0.161268145157726	-0.410438706350223	0.083	0.099	1	OAS1	c24
0.084609686097704	-0.410250152015446	0.153	0.177	1	RMC1	c24
0.221247164029637	0.410232862296232	0.064	0.054	1	SLC9B2	c24
6.22639611510599e-06	-0.410171219734317	0.351	0.437	0.208820872908425	SRSF9	c24
0.751717094218656	-0.409608064592156	0.022	0.024	1	PIP4K2B	c24
0.00298036527179431	-0.409557210396988	0.225	0.282	1	CLTC	c24
0.155614222842505	-0.409486072892508	0.061	0.076	1	PEX13	c24
0.525800430910715	0.409409329953809	0.013	0.01	1	ITPRIPL2	c24
0.463884126367952	-0.409328309555742	0.041	0.047	1	DCAF17	c24
0.148160301678479	0.408568736955522	0.079	0.065	1	DMAC1	c24
5.13128547878405e-05	-0.408547153773571	0.211	0.289	1	RALBP1	c24
6.54432315804501e-06	0.408447771882368	0.318	0.248	0.219483510074514	SLC5A3	c24
0.0224261953626859	-0.408410494847717	0.101	0.132	1	ASMTL	c24
0.000993964181974137	0.408381282996417	0.116	0.081	1	TIAM2	c24
0.00269305264294746	-0.408167874349955	0.28	0.336	1	GALNT2	c24
0.0490598621104724	0.407782344818418	0.069	0.052	1	METTL21A	c24
0.0903796676510328	-0.407654117606827	0.036	0.051	1	BICRAL	c24
0.304786308120413	-0.407467557831047	0.038	0.046	1	DYRK2	c24
0.0298257427241264	-0.407381595694874	0.072	0.099	1	RNF14	c24
0.0033213052928931	-0.406953676834898	0.209	0.26	1	H2AFY	c24
0.172438551894656	0.406951774768691	0.033	0.025	1	PAQR3	c24
7.2172388308085e-05	-0.406933125317652	0.219	0.292	1	NDUFAF3	c24
0.00435869450407456	-0.406932098078343	0.186	0.235	1	RAD23B	c24
0.35333623577768	0.406850915623706	0.075	0.067	1	ING1	c24
0.000243440211449671	-0.406824395464508	0.215	0.287	1	NDUFS7	c24
0.272748420653628	0.406821934103647	0.035	0.027	1	DBNDD2	c24
0.00926410666226073	-0.406702234466216	0.417	0.448	1	IKZF3	c24
0.0688723437434218	-0.406699013663802	0.075	0.098	1	ANAPC1	c24
0.328420631569288	-0.406624480410659	0.017	0.023	1	SCRN3	c24
0.00596914034647619	-0.40658166876601	0.151	0.195	1	IKBIP	c24
0.00324570286440744	-0.406552456799169	0.233	0.285	1	PIK3R1	c24
0.00303880590851825	-0.406521789695037	0.099	0.142	1	PKN1	c24
0.101376439446561	0.406500477221201	0.099	0.082	1	NCDN	c24
0.0281744681554394	0.406436040038368	0.102	0.079	1	KANSL1-AS1	c24
0.128612293145565	-0.406407881497656	0.069	0.086	1	WDR83	c24
0.210364660508354	0.406402675747966	0.047	0.038	1	TBC1D7	c24
0.000131937883014688	0.406376107313047	0.442	0.398	1	RHEB	c24
0.193226137497523	-0.406321500519046	0.042	0.054	1	HEATR6	c24
0.0655348131049544	-0.406194061843244	0.074	0.095	1	UNG	c24
0.194459353669284	0.406173762488858	0.142	0.128	1	HIST3H2A	c24
3.36788524721327e-05	0.406165713804005	0.458	0.398	1	ARPC5L	c24
0.0440797420270365	-0.406148024577265	0.281	0.323	1	HNRNPH1	c24
0.148705342850189	-0.406118854310015	0.028	0.04	1	TMEM80	c24
0.00239122272600979	-0.405982984092977	0.127	0.175	1	DDX56	c24
0.00928506360549065	-0.405904051837359	0.052	0.081	1	AHCY	c24
8.99878784585583e-05	-0.405896777459279	0.234	0.309	1	SEPT6	c24
0.0139376266963105	0.405741752605052	0.052	0.034	1	TRAV1-2	c24
0.605982218237694	-0.405562503963314	0.022	0.025	1	B3GNT5	c24
0.000726139370939445	-0.405424237503625	0.156	0.215	1	ATRAID	c24
0.00290211821142584	-0.405405347692886	0.079	0.119	1	PURA	c24
0.000201385728605199	0.405394382809546	0.219	0.166	1	ACP5	c24
0.0323054556080098	0.405364019659488	0.058	0.041	1	IER5L	c24
0.00137238534559653	-0.405225799858395	0.14	0.194	1	MINOS1	c24
0.445962726693058	-0.405197191471301	0.014	0.018	1	PDSS2	c24
0.00108148711969459	-0.405190831494154	0.182	0.24	1	PRCC	c24
0.0245992454963538	-0.405181956763751	0.159	0.193	1	CRLF3	c24
0.276288651182543	0.404846157926405	0.014	0.01	1	TIGD7	c24
0.557828457644334	0.404791292086168	0.035	0.031	1	PEMT	c24
0.248948305191375	0.404676872219201	0.091	0.08	1	TTF2	c24
0.034980263784718	-0.404179089685775	0.135	0.169	1	POGZ	c24
0.0119878986475808	0.404123934530373	0.126	0.097	1	HACL1	c24
0.18730899660352	-0.404053016221637	0.061	0.075	1	ZRANB1	c24
0.45098214424827	-0.404034941223128	0.047	0.054	1	AP1AR	c24
0.122247759395802	-0.403829820019773	0.074	0.092	1	RAB28	c24
1.98549451476344e-12	-0.403793705875508	0.676	0.774	6.65895150361364e-08	TMEM50A	c24
7.39019685090655e-06	-0.403693530737362	0.437	0.521	0.247852421985704	EIF5B	c24
0.0181884082314787	0.403503722991746	0.217	0.188	1	ACAT2	c24
0.541935072002464	0.403435569155986	0.031	0.028	1	EPOR	c24
0.225294293565404	-0.40339265403571	0.03	0.039	1	RBM27	c24
0.000416220082111627	-0.403309257442119	0.269	0.335	1	GTF2F1	c24
0.0075411248840142	-0.403305859896713	0.151	0.194	1	WIPF2	c24
0.00109026039679888	-0.403205986020197	0.256	0.32	1	BAZ2A	c24
0.510779821117239	0.40316346299422	0.033	0.029	1	MSH3	c24
2.27708388163918e-06	-0.403022786415975	0.259	0.36	0.076368839222415	NEDD8	c24
1.23419068470775e-05	-0.402946255091115	0.307	0.398	0.413922871837284	PRMT2	c24
0.0076256246714174	-0.402936082999671	0.181	0.227	1	TAF11	c24
0.00175743935959828	0.402913194249441	0.215	0.171	1	HERC5	c24
0.404171403979156	-0.402871079701941	0.02	0.026	1	SFXN2	c24
0.000318186440567997	0.402747212970775	0.27	0.216	1	PTOV1	c24
0.834978395492479	0.402742324635295	0.017	0.016	1	EVA1B	c24
0.00447082211119778	-0.402495050651451	0.167	0.215	1	DLD	c24
0.815919872818876	-0.402453827577031	0.009	0.01	1	AC105446.1	c24
0.018281868486471	-0.402295309971555	0.16	0.199	1	THOC2	c24
0.000186721457248285	0.40228101139149	0.325	0.27	1	COPS2	c24
0.613711247348465	0.402280097831998	0.049	0.045	1	AC100810.1	c24
0.000150359018738789	-0.402171332031182	0.363	0.442	1	SLTM	c24
1.51786024716264e-06	-0.402116838995215	0.467	0.554	0.0509059969693406	ATP1B3	c24
0.318849692024946	0.4019741185854	0.024	0.018	1	ZNF197	c24
4.53390016943284e-06	-0.401971692537537	0.47	0.54	0.152057943882438	ENSA	c24
0.0609013890775919	-0.401947404320428	0.063	0.084	1	ALG12	c24
0.501937683735279	-0.40193520291487	0.013	0.016	1	ACO1	c24
0.12043641273062	-0.401735919900848	0.022	0.033	1	CDC7	c24
0.0998882463287337	-0.401636668667698	0.039	0.054	1	ZNF584	c24
0.932761945422926	-0.401598342041994	0.02	0.021	1	TOGARAM2	c24
0.36071890029904	-0.401591589271407	0.085	0.096	1	ANKRD36	c24
0.37790427519162	0.40153262690737	0.031	0.026	1	EID2B	c24
0.00348323560812413	-0.401532410400151	0.094	0.135	1	PPIE	c24
0.266521404311905	-0.401526399057289	0.064	0.076	1	MAFG	c24
0.0812311937164521	-0.401519082292046	0.049	0.066	1	B3GLCT	c24
0.396501998618339	0.401424174679148	0.053	0.046	1	ENC1	c24
0.00996200465539745	-0.401399458058717	0.071	0.103	1	MTRR	c24
0.0581986455054467	-0.401351301636482	0.077	0.099	1	TOX2	c24
0.0764702014414773	0.401063510887896	0.132	0.113	1	OTUD6B-AS1	c24
0.0751224101049028	-0.40095009543662	0.038	0.054	1	TFB1M	c24
0.149719676623068	-0.400945492513432	0.017	0.027	1	DHRS7B	c24
0.0664708181944142	-0.400875898747671	0.052	0.071	1	IL10RB	c24
0.747171456842818	-0.400748430316296	0.075	0.078	1	KDM5D	c24
0.385384199611733	-0.400735590181124	0.013	0.017	1	NUGGC	c24
0.0194838983194876	-0.400697153076917	0.066	0.094	1	TMEM101	c24
0.002273540227565	-0.400618838752358	0.123	0.172	1	PLEKHO1	c24
0.0404313145877838	0.400491330152777	0.143	0.119	1	PTS	c24
0.289110819468462	-0.400340431284563	0.016	0.022	1	MIEF2	c24
0.0177483541963838	-0.400281225146989	0.142	0.18	1	LMF2	c24
0.0308037291770502	-0.400063432712529	0.115	0.145	1	LPAR2	c24
0.0274401875706598	-0.399931406469103	0.079	0.107	1	RTL8A	c24
0.159904063643493	-0.399844011719836	0.025	0.036	1	FASTKD3	c24
1.4173638748755e-22	-0.399578895895549	0.866	0.9	4.75355496355745e-18	ARHGDIB	c24
0.323609328593057	-0.399526803573696	0.03	0.037	1	KIF1C	c24
0.042206721578249	-0.399403452553945	0.077	0.102	1	INIP	c24
0.0104469852102054	-0.399351581861379	0.186	0.227	1	TMEM50B	c24
0.0407146330168709	0.399071479289801	0.131	0.108	1	ETFB	c24
0.00326339882530874	-0.398982051623704	0.148	0.199	1	VPS26C	c24
0.0506475922663333	-0.398871610939493	0.077	0.102	1	AQR	c24
0.106173664082443	-0.39878025616719	0.104	0.125	1	DCAF6	c24
0.324071897082084	0.398701231404067	0.028	0.023	1	SUMF1	c24
0.00182668799440936	0.398670851153742	0.414	0.381	1	PTPN1	c24
0.530041207159092	-0.398653103415711	0.014	0.017	1	PTPN12	c24
0.203739628708231	-0.398636213404118	0.05	0.063	1	MRNIP	c24
3.45159432801331e-05	0.398443682881706	0.321	0.257	1	TNFRSF14	c24
0.209773673185738	-0.398244753823643	0.082	0.096	1	ZBTB24	c24
0.363343129275624	-0.398158362989347	0.009	0.014	1	MAP3K9	c24
0.021791424152178	0.398087567104948	0.086	0.065	1	KLHL6	c24
0.0747078007419043	0.397948550293992	0.041	0.029	1	DDX19B	c24
0.000414056521622707	-0.397896003298854	0.234	0.3	1	PCIF1	c24
0.0222522009514878	0.397743435271189	0.079	0.057	1	MICA	c24
0.960463383979607	0.39771513148173	0.028	0.029	1	ACOT4	c24
0.000678442842800907	0.397654901867583	0.208	0.162	1	ATP2A2	c24
0.142312095930654	-0.397619401339506	0.013	0.021	1	GSTZ1	c24
0.003737510931572	-0.397457519965038	0.208	0.257	1	NBL1	c24
0.139762926300092	-0.397309032458042	0.019	0.029	1	ZNF18	c24
0.0215615435350225	-0.397251617633976	0.104	0.137	1	DCAF8	c24
0.0811271151183034	-0.397048911120216	0.039	0.055	1	SERGEF	c24
0.000485806805449808	-0.396836893492283	0.167	0.23	1	RECQL	c24
0.203860006651352	0.396741841218828	0.042	0.034	1	ZC3H12C	c24
0.106978067141249	-0.396400441988996	0.064	0.083	1	SSFA2	c24
0.0590103295035522	0.39617353403381	0.142	0.118	1	GCNT1	c24
0.198592553085146	0.396173473893174	0.019	0.013	1	TXNDC16	c24
0.0444141589283926	-0.396145997603657	0.071	0.094	1	ZDHHC5	c24
0.156194402576213	-0.396076273983308	0.06	0.075	1	PROSER1	c24
0.00899036820948328	0.395944464178974	0.134	0.103	1	PRPF18	c24
0.0375352583514248	-0.395905529694417	0.09	0.117	1	SMIM7	c24
0.468906444554756	-0.395812384594183	0.013	0.016	1	PARD6B	c24
0.124702855967878	-0.395807563374156	0.061	0.078	1	SLC37A3	c24
0.000384396578310331	-0.395750142121285	0.245	0.314	1	RAB11B	c24
0.141348014047108	-0.395633852299307	0.066	0.083	1	AKAP10	c24
0.615247714626847	-0.395631142263033	0.039	0.043	1	VPS8	c24
0.047998520289761	-0.395334573934326	0.058	0.08	1	PQLC1	c24
0.506242058530701	-0.395068510162985	0.008	0.011	1	RIDA	c24
0.197039013299413	-0.395047879501424	0.019	0.027	1	ZNF41	c24
0.192211903194936	0.394736969392489	0.366	0.355	1	CITED2	c24
0.0833226760537435	-0.394405051089432	0.091	0.114	1	KIAA1468	c24
1.77437789144728e-06	-0.394290403273207	0.329	0.424	0.059509085723359	NDUFC1	c24
0.000772935714870296	-0.394272053948533	0.219	0.282	1	POLR2C	c24
4.51393772119112e-07	-0.394058983353166	0.363	0.46	0.0151388443293308	BRK1	c24
0.003715280208532	0.394032920111667	0.215	0.176	1	TMEM263	c24
0.160216644560931	-0.393839810080728	0.038	0.05	1	ZNF12	c24
0.0187037271476601	-0.393706293607636	0.173	0.213	1	SENP6	c24
0.270969235078218	-0.393611781938803	0.042	0.052	1	SLC25A22	c24
0.00266679985642669	-0.393558970242563	0.124	0.172	1	MRPS24	c24
0.132293518942874	-0.393517543542892	0.061	0.077	1	ZBTB4	c24
0.150326701862418	0.393513411338688	0.104	0.09	1	NOP14-AS1	c24
8.52840434293991e-05	-0.393482736931318	0.193	0.266	1	DSTN	c24
0.662121919887618	-0.393366809934832	0.008	0.01	1	PLCD3	c24
0.082658138769274	-0.393339938703203	0.052	0.07	1	CRTAP	c24
4.09268681814093e-05	-0.3932558513315	0.259	0.341	1	PSMA4	c24
0.00394954865106122	0.393200244250731	0.182	0.145	1	TFRC	c24
0.0109968227936204	-0.393196883518849	0.176	0.219	1	NUP50	c24
0.52535062938284	0.393152268876023	0.028	0.024	1	SPRYD7	c24
0.000493405988954214	-0.393139457256134	0.245	0.313	1	PSMC1	c24
0.245941209561304	-0.392988499248583	0.096	0.111	1	PCNX4	c24
0.61182914618402	-0.392800895417525	0.009	0.012	1	TMEM91	c24
0.225358974267664	0.392583010334985	0.013	0.019	1	IRF5	c24
0.30848911039466	0.392543904303541	0.101	0.09	1	ADA	c24
0.527382973365306	-0.392477417837751	0.017	0.021	1	B3GNTL1	c24
1.90672217724649e-06	-0.392254678535078	0.656	0.705	0.0639476483804929	CST7	c24
0.543852343558026	-0.392204553277705	0.011	0.014	1	MKL2	c24
0.0629969343017606	-0.392090760736624	0.145	0.172	1	KAT5	c24
0.147530812921852	-0.392062184889777	0.019	0.029	1	MYO18A	c24
5.14669062103589e-06	-0.392045874850228	0.357	0.449	0.172609710048302	LSM14A	c24
0.183272401483101	0.392000079982329	0.123	0.109	1	ACSL4	c24
0.0135338749489754	-0.391946992596652	0.083	0.116	1	MRPL19	c24
0.436319448235021	0.391793198268282	0.014	0.011	1	THAP7-AS1	c24
0.0162854237452951	-0.391588794667761	0.099	0.132	1	VAMP3	c24
0.000312055751820132	-0.39151821877855	0.349	0.419	1	IVNS1ABP	c24
0.0110664358394773	-0.391449500617413	0.038	0.063	1	LINC00909	c24
0.44301646721779	-0.391372822539451	0.075	0.083	1	ZDBF2	c24
0.254541106622588	-0.391220489276625	0.008	0.013	1	C16orf46	c24
1.6384119841516e-05	-0.391208226798003	0.324	0.418	0.549490611244764	ABCF1	c24
0.000137027686223899	-0.391059288801935	0.335	0.406	1	TMED10	c24
0.802021314209255	-0.391052113202217	0.011	0.012	1	FAM43A	c24
0.108439416077296	-0.391032303822281	0.126	0.148	1	SPATA13	c24
0.57249037419569	0.390982388708244	0.025	0.022	1	APOLD1	c24
0.0105516350239081	-0.390956855352497	0.086	0.121	1	TIGAR	c24
0.0850437824116338	-0.390927367952795	0.02	0.033	1	TDRD3	c24
0.00253700855043035	-0.390793750336594	0.233	0.288	1	MARCH7	c24
0.000314211001259653	0.390693346443391	0.115	0.077	1	AC020916.1	c24
0.260884380378935	-0.390571649210068	0.06	0.071	1	PCYT1A	c24
0.000698902077364816	-0.390560351072126	0.307	0.366	1	SNHG12	c24
0.00568672439583264	-0.390433278462705	0.105	0.146	1	MRPL49	c24
0.158718657798123	-0.390430411827654	0.058	0.073	1	KIF5C	c24
0.25592868958196	-0.390429039132745	0.017	0.024	1	TM7SF2	c24
0.00463505997899543	-0.39039468234535	0.082	0.12	1	DAP	c24
0.510713068259456	0.390290721391237	0.014	0.011	1	SESTD1	c24
0.573619725244179	-0.389933001220674	0.008	0.01	1	ITFG2-AS1	c24
0.0179386250437688	-0.389878521071885	0.08	0.109	1	LRRC42	c24
8.02525765809662e-06	-0.389653365870609	0.456	0.531	0.269151091337244	CD96	c24
0.00159575431495419	0.389269526823407	0.22	0.176	1	TOPORS	c24
3.0287792242564e-27	-0.389212208272697	0.92	0.92	1.01579197623111e-22	CFL1	c24
0.0100361763586715	0.388905262776016	0.146	0.115	1	BROX	c24
0.0136844822723605	0.388843667053131	0.2	0.165	1	MRPS30	c24
0.0247983560093803	-0.388535065501648	0.138	0.173	1	MIDN	c24
0.433649247751318	-0.387905547092061	0.036	0.043	1	IGFBP4	c24
0.0228879605015054	-0.387904053967361	0.203	0.244	1	PDCD6IP	c24
0.00100853814012058	-0.387876676592256	0.124	0.179	1	RNASEH2C	c24
0.00186232886930115	0.387857686239897	0.173	0.133	1	PYHIN1	c24
0.33581509531358	-0.387544368351943	0.042	0.051	1	METTL2A	c24
0.00242457963505115	-0.38742767321134	0.165	0.217	1	PHAX	c24
0.0928980278224928	-0.387408742746481	0.039	0.055	1	PHACTR2	c24
0.155564941805379	-0.387384854951758	0.097	0.117	1	INPP5D	c24
0.113997986803338	-0.387082188544797	0.138	0.162	1	PSEN1	c24
0.597028578125504	-0.387059166094713	0.019	0.022	1	SLC38A6	c24
0.688944078384531	-0.386961902081766	0.013	0.014	1	ZNF891	c24
4.23016922734799e-06	0.386739508632771	0.278	0.205	0.141871415546797	PTGER4	c24
0.855994528300111	0.386540989296416	0.027	0.028	1	AL441992.1	c24
0.271303680830382	-0.386475856936959	0.042	0.052	1	ERI3	c24
0.175679701925464	-0.386410017513917	0.014	0.022	1	FAM161B	c24
0.00780242885726413	-0.386260928438766	0.168	0.213	1	GINM1	c24
0.0868506508798755	0.386088071730557	0.116	0.098	1	LINC00649	c24
4.97918079594551e-13	-0.386060991460616	0.851	0.899	1.6699176553442e-08	EZR	c24
2.5990298931684e-07	-0.38585790503532	0.569	0.639	0.00871662645570817	WIPF1	c24
0.531037608937303	0.38584970565522	0.049	0.044	1	HIST2H2AC	c24
0.0338494684364354	-0.385546444185772	0.105	0.135	1	ARPC4	c24
0.191032069776614	-0.385335443867257	0.038	0.049	1	TTI2	c24
0.0335284817083365	0.385311551328937	0.049	0.034	1	EPG5	c24
0.33955037078746	-0.385174395854119	0.017	0.023	1	CLUAP1	c24
0.00262344218117962	-0.384844783647767	0.222	0.279	1	RBMS1	c24
0.145832045455576	-0.384817894517875	0.072	0.089	1	VPS18	c24
0.455075767848361	-0.384618572214652	0.027	0.032	1	CDYL	c24
0.0210167936247964	0.384488434590317	0.108	0.083	1	RRAS2	c24
0.0387711135752314	0.384429524006691	0.074	0.056	1	FNDC3B	c24
0.0223519352955751	0.384250720671314	0.182	0.152	1	GCH1	c24
0.439481709414147	-0.38423821612085	0.02	0.025	1	EID3	c24
0.0125359790046232	-0.384005961387412	0.182	0.227	1	TRNAU1AP	c24
0.00010596993673303	-0.3839886756989	0.292	0.365	1	PRMT1	c24
0.0805384554341651	0.383922613639722	0.074	0.058	1	SPATA2	c24
5.47484724017974e-05	-0.383744702718506	0.266	0.346	1	RBBP4	c24
0.111016715740678	-0.383725398902935	0.096	0.117	1	BTN3A1	c24
0.228906654409376	-0.383682536786943	0.011	0.017	1	ZBTB34	c24
3.5120165361117e-13	-0.383593443640521	0.676	0.773	1.17786010588114e-08	DDX24	c24
0.423040183586841	-0.383483134753212	0.02	0.025	1	TNFRSF13C	c24
0.00646738844605395	-0.383413456218096	0.179	0.227	1	MORC3	c24
0.759643786068206	0.383405621400667	0.014	0.016	1	AC027097.1	c24
0.0200973001615625	-0.383398027123983	0.094	0.127	1	TTC14	c24
0.254046460464888	-0.382945806500645	0.033	0.042	1	AGPAT1	c24
0.390640691036623	-0.382715198400785	0.025	0.031	1	LMBRD2	c24
0.0588203510489795	-0.382620254682857	0.19	0.22	1	ACADVL	c24
2.70494542200994e-05	-0.382179134612066	0.324	0.408	0.907184595633694	ARID5A	c24
0.60175870969155	0.382127977729607	0.016	0.019	1	KBTBD6	c24
0.651895274370481	0.382126041430948	0.047	0.044	1	MR1	c24
0.0177618144633338	-0.381835980909433	0.107	0.142	1	LRPPRC	c24
0.377088068360873	-0.381757794096504	0.006	0.01	1	RNF130	c24
0.00984032823473368	-0.38165936005837	0.105	0.142	1	SURF1	c24
0.00916875443262925	0.381529309016326	0.203	0.169	1	NDUFB5	c24
0.118939876424533	0.381419331090958	0.017	0.011	1	DMGDH	c24
0.000620165015188717	0.381316325176102	0.443	0.4	1	RHOF	c24
1.67308145405077e-12	-0.381192809390861	0.679	0.777	5.61118058059546e-08	LRRFIP1	c24
0.0227572168504144	-0.381168272957627	0.063	0.09	1	TIMM44	c24
0.19786746815793	-0.381146104196016	0.02	0.029	1	ZNF337	c24
0.318004548709566	-0.381062348398975	0.046	0.055	1	WDR70	c24
0.318072719382618	-0.381035063052876	0.011	0.016	1	IMPACT	c24
0.0764127706583437	-0.380955433670031	0.036	0.052	1	TMEM62	c24
0.911561735417939	-0.380800156405946	0.014	0.015	1	ADAM9	c24
0.773049456218563	0.380731563310172	0.035	0.033	1	ZSCAN26	c24
1.07262328217947e-07	-0.380707579074431	0.546	0.65	0.0035973639637735	JAK1	c24
0.17619108774958	-0.380655316931731	0.069	0.084	1	ATF7	c24
0.000142824878047233	-0.38049212964536	0.252	0.324	1	RRAGC	c24
1.24982493306761e-09	-0.380360183910372	0.723	0.787	4.19166286052214e-05	NR3C1	c24
0.634810489640557	-0.380290026129639	0.024	0.027	1	SMAD5	c24
0.463083513621001	-0.380264991784497	0.008	0.011	1	C10orf143	c24
0.102080153864705	-0.380148818028893	0.069	0.088	1	PRCP	c24
3.80276247087537e-07	-0.3799260557457	0.555	0.655	0.0127537047748218	FNBP1	c24
0.0126631137435418	-0.379432199900409	0.083	0.115	1	UQCC2	c24
0.030729171080292	-0.379223768816771	0.069	0.096	1	AP1B1	c24
0.124927613329654	-0.379133489596811	0.086	0.105	1	PWWP2A	c24
1.89137193153149e-08	-0.379067870290576	0.516	0.618	0.000634328318397031	NDUFA4	c24
1.03394576909682e-33	-0.37897043082079	0.973	0.946	3.46764732039691e-29	RPS25	c24
0.246475312507079	-0.378918466125835	0.025	0.034	1	TRAPPC9	c24
2.49669139405892e-05	-0.378904614381531	0.352	0.439	0.837340359739482	ERP29	c24
0.144073755735156	-0.378880376119743	0.042	0.056	1	COMMD4	c24
0.0997261766062254	0.378755043444771	0.046	0.034	1	FCHSD2	c24
0.239484775304434	-0.378633715760607	0.031	0.041	1	AC103702.2	c24
0.0284460695380572	-0.378423514209219	0.118	0.15	1	TRIM21	c24
0.000397141663055817	-0.378393778131083	0.324	0.392	1	SRPRA	c24
0.284276973827678	-0.378163009375081	0.016	0.022	1	VARS2	c24
0.0273301950691926	-0.378157570766598	0.085	0.114	1	TP53I13	c24
0.000140401643471967	-0.378063036348762	0.247	0.322	1	DUSP11	c24
0.397939830909682	-0.377905343696193	0.024	0.029	1	TRMT2B	c24
0.6247316962847	0.377825401653988	0.132	0.128	1	ALAS1	c24
0.153906872182553	-0.377721529738037	0.035	0.047	1	ST3GAL4	c24
0.784752493207352	-0.377500935437518	0.014	0.013	1	NOL4L	c24
0.0638938024838384	-0.377445366632899	0.068	0.09	1	UPF1	c24
0.00138353765445861	-0.377441482868563	0.322	0.383	1	TMBIM1	c24
0.0186316699956867	-0.377396077917059	0.115	0.15	1	ATL3	c24
0.373377120342705	-0.377339935403517	0.03	0.037	1	SRGAP2C	c24
0.428062028099863	-0.377236187516777	0.046	0.053	1	MCCC1	c24
9.1953900115688e-06	-0.377220790277353	0.443	0.531	0.308394990207994	SPCS2	c24
0.0156961808100744	-0.37717338177047	0.187	0.228	1	PHF20L1	c24
0.0311670021434744	-0.377150472087156	0.193	0.232	1	OGT	c24
0.000292419524078865	-0.377070952097028	0.352	0.424	1	KPNB1	c24
0.263172044149298	-0.377013549697422	0.057	0.068	1	ATXN7L3	c24
0.000338365265735148	-0.376946372024011	0.256	0.332	1	NT5C3A	c24
0.0147122740455231	-0.376910275681343	0.099	0.134	1	SND1	c24
0.103555596619547	0.376856224506017	0.033	0.023	1	AC006449.6	c24
0.00214362105446001	-0.376749795256909	0.179	0.233	1	KIF21A	c24
0.0207263294229669	0.37641463413013	0.123	0.096	1	CYP51A1	c24
0.00273157093484096	-0.376293873553464	0.226	0.28	1	SHISA5	c24
0.0338749335810424	0.376241708554202	0.126	0.101	1	NKIRAS2	c24
0.0860942803031737	-0.376213696691719	0.173	0.199	1	CLK4	c24
9.79541332287268e-05	0.376012733963617	0.491	0.439	1	PSMA6	c24
0.190592595424434	-0.375993524790356	0.093	0.108	1	ADNP	c24
0.552787539743774	-0.375857388950567	0.013	0.015	1	FBXO10	c24
0.0374051040714275	-0.375819716373191	0.137	0.168	1	NELFCD	c24
1.30584469633318e-16	-0.375787100001861	0.778	0.854	4.37954194256222e-12	CCNI	c24
8.5129441568337e-05	-0.375690294521345	0.269	0.348	1	DGUOK	c24
0.000732978012162413	-0.375685306297456	0.198	0.257	1	SMU1	c24
0.0307476234487862	-0.375647785901589	0.06	0.084	1	RNF8	c24
0.0986341184582591	-0.375539282383338	0.025	0.038	1	TAF6L	c24
0.000103307880253577	-0.375437284519846	0.272	0.349	1	HADHA	c24
0.00555340039088546	0.375251451171707	0.242	0.204	1	KLHL28	c24
0.0796512561203386	-0.375210844702506	0.069	0.09	1	EFL1	c24
0.116352123012663	-0.374914354806243	0.074	0.092	1	YARS2	c24
0.269516522380294	0.374903163023886	0.03	0.023	1	ELP4	c24
0.00156738559382786	-0.374694465639435	0.173	0.228	1	LAGE3	c24
0.000987381176849552	-0.374311097604783	0.105	0.155	1	KLHL7	c24
2.51900621471327e-05	-0.374163356897236	0.495	0.56	0.844824304290535	PSMB9	c24
0.434569676289086	-0.373849962793003	0.082	0.09	1	KIAA2026	c24
0.0115927772669156	0.373842311171598	0.212	0.179	1	RABGGTB	c24
0.0930585572896401	-0.373778629329884	0.08	0.101	1	TMX3	c24
0.15408818421797	-0.373754111490868	0.101	0.119	1	CYTH3	c24
0.236614609658567	-0.373592321916625	0.063	0.076	1	PLCXD2	c24
0.575690377633881	0.373440380253673	0.014	0.012	1	TRAV22	c24
9.29995501996651e-05	-0.373299993208547	0.299	0.374	1	PSMF1	c24
0.0809891339600006	-0.372969123369971	0.148	0.174	1	FAM160B1	c24
0.230321485335237	-0.37290635482023	0.02	0.028	1	NDUFA7	c24
0.00747115731056177	-0.372531796558736	0.214	0.265	1	GLS	c24
0.0813353606971318	-0.37165709098605	0.178	0.205	1	LYAR	c24
0.0186781366165234	-0.37142963825386	0.09	0.121	1	MIA2	c24
0.0378973560410002	-0.37136153338971	0.085	0.112	1	FEM1B	c24
0.07851606983077	-0.371329707790293	0.129	0.155	1	CCNT1	c24
0.0751002769576882	-0.371282995382766	0.071	0.091	1	SNRNP48	c24
7.22130633737785e-07	-0.37126421263026	0.36	0.46	0.0242188171942978	NDUFB9	c24
0.36432511101057	-0.371146582353282	0.044	0.052	1	HDAC10	c24
0.00111260414710544	-0.371010713369762	0.267	0.327	1	SUMO3	c24
0.356955567901347	-0.370955849337188	0.072	0.082	1	DNAJC10	c24
0.299108560541848	-0.370904200402534	0.019	0.026	1	ST6GAL1	c24
0.571761202724603	-0.370545685242514	0.014	0.017	1	WDR19	c24
0.085274720836399	-0.370538639451328	0.132	0.157	1	INTS10	c24
0.220771247129676	-0.370391306285439	0.041	0.052	1	ZNF708	c24
0.287201533402737	-0.370367302635427	0.102	0.115	1	TRAPPC6B	c24
0.000787288567891328	-0.370347533100721	0.222	0.287	1	APEX1	c24
0.283280424653228	-0.370110899235588	0.014	0.02	1	XRRA1	c24
3.13167088533771e-05	-0.370102812450792	0.28	0.368	1	MDH1	c24
0.0882086861764832	-0.369835203494507	0.132	0.156	1	ANKRD49	c24
0.0226778525269597	0.369704765820678	0.097	0.074	1	WEE1	c24
0.301096732797995	-0.369452921814878	0.041	0.05	1	ZNF720	c24
0.470399373117482	-0.369332146231645	0.022	0.027	1	HIP1	c24
0.00502039224546393	-0.368682325372944	0.226	0.278	1	PDCD2	c24
0.000101069973790551	-0.368562973235604	0.289	0.368	1	NFE2L2	c24
0.0134875607965202	-0.368527542748822	0.101	0.135	1	GRWD1	c24
0.0228132956728732	-0.368523326113372	0.105	0.137	1	SLC43A3	c24
0.463380678093329	0.368517855247258	0.022	0.018	1	LINC01137	c24
0.00431941153116596	-0.368436529252523	0.192	0.239	1	PTPN2	c24
0.0864708009607105	0.368431448280351	0.035	0.024	1	TYW1B	c24
0.294634296843871	-0.368405701557168	0.024	0.031	1	ZMYM4	c24
0.377456478853164	0.36800076572628	0.014	0.011	1	TSNARE1	c24
0.669567595730761	-0.36799602861798	0.068	0.064	1	PGGHG	c24
0.0738038772305232	-0.367975893888203	0.063	0.083	1	CIZ1	c24
4.22501923737925e-05	-0.367939614564492	0.318	0.397	1	SEC11C	c24
0.000909780355144405	0.367838835483852	0.156	0.114	1	ZBTB11	c24
0.0614809999689991	0.367454651247795	0.069	0.053	1	CLSPN	c24
0.252342736986643	-0.367296197063848	0.024	0.032	1	TTC38	c24
0.0134384673907841	0.367156687784378	0.516	0.509	1	RAB27A	c24
0.000105008594541047	-0.367148839343864	0.349	0.425	1	RNF181	c24
0.0160703584648608	-0.367110688969341	0.047	0.073	1	RPUSD4	c24
0.375316568948095	-0.367096903774165	0.039	0.047	1	CSRNP2	c24
1.53264980483638e-13	-0.36707501970571	0.814	0.882	5.14020091546025e-09	DDX5	c24
0.000101900943027118	-0.366962957599596	0.307	0.384	1	SRI	c24
0.000408604940515205	-0.366812183740746	0.355	0.42	1	LMAN2	c24
0.522462938217531	0.36666822773413	0.022	0.019	1	TRBV5-4	c24
0.0149463501141101	-0.366554180818076	0.131	0.169	1	ARHGEF2	c24
0.00248084608387692	-0.366497121044823	0.203	0.258	1	PLSCR1	c24
0.115896633287974	0.366337800951631	0.02	0.013	1	RORB	c24
0.182720616403856	-0.366227488477344	0.02	0.029	1	PSTK	c24
0.014143881485038	-0.36595520764552	0.154	0.194	1	SEC31A	c24
0.00275567879998781	-0.365765008258556	0.204	0.259	1	CCDC107	c24
0.00608329437372897	-0.365557292567165	0.101	0.142	1	SPTLC1	c24
0.0150054028803852	0.365470775743706	0.156	0.125	1	MRPL1	c24
0.182640461504149	-0.365286879110317	0.061	0.076	1	WDFY2	c24
0.320791080189104	-0.36524951705562	0.049	0.058	1	RASA1	c24
0.617538034831135	0.365174377655407	0.057	0.053	1	SAP30	c24
0.311953176502915	-0.365125212342768	0.019	0.025	1	AMMECR1	c24
0.0309222702748174	-0.365086271435631	0.053	0.077	1	ALYREF	c24
0.0388172514128705	-0.365029368791127	0.055	0.078	1	SMYD2	c24
0.827395920156106	0.365005161623813	0.011	0.012	1	LINC00239	c24
0.242990146803256	-0.364968453129319	0.063	0.076	1	TRRAP	c24
0.643126520201651	-0.364536822475907	0.028	0.032	1	TET3	c24
0.00231652115723238	-0.364532957325556	0.217	0.277	1	ZC3H7A	c24
0.0719890632438249	-0.364482995166687	0.121	0.147	1	ATAD1	c24
8.79457641912372e-07	-0.364452530235711	0.443	0.55	0.0294952503944571	FAM96B	c24
0.00665164158362084	-0.364444990733934	0.162	0.207	1	BBC3	c24
3.25392019318859e-06	-0.364381788342225	0.546	0.613	0.109129975439159	CD8B	c24
0.000223549436470162	-0.364361129128505	0.277	0.353	1	ORAI1	c24
0.295215959126578	-0.364319533084068	0.066	0.077	1	AP3M2	c24
0.396347960837766	0.364279995946303	0.031	0.026	1	THBS1	c24
0.0263760215283918	-0.364202516696168	0.094	0.125	1	EXOSC8	c24
0.317010528878355	-0.3641635746261	0.038	0.046	1	HSPBAP1	c24
0.358948734232654	-0.364155193951633	0.068	0.077	1	TYW1	c24
0.512938456727365	-0.364023606697518	0.05	0.056	1	ZNF75A	c24
0.336062633704686	-0.364023497347331	0.064	0.074	1	ATXN7L1	c24
0.0547506119257738	-0.363942199950637	0.094	0.121	1	REXO4	c24
0.13374529049725	-0.363789642243619	0.031	0.044	1	RFC5	c24
1.12824926216235e-06	-0.363765947322925	0.465	0.554	0.037839223754401	CIB1	c24
0.000939908533075945	0.36340201016744	0.264	0.216	1	SEMA4D	c24
0.0619506250089847	0.363366746989336	0.316	0.297	1	DHRS7	c24
0.406027683349613	-0.363289134137339	0.019	0.024	1	SH3GLB2	c24
0.000428175465860204	-0.363243728659342	0.535	0.582	1	EVL	c24
0.322485422002835	-0.363241563105326	0.027	0.034	1	BAZ2B	c24
0.228489749098899	-0.362881883636674	0.025	0.034	1	DHX57	c24
0.116370343687131	-0.362685575762715	0.064	0.082	1	TAZ	c24
0.0164729615345573	0.362652872302182	0.234	0.202	1	TMEM256	c24
2.18388325994312e-06	-0.362498122311518	0.401	0.489	0.0732430767719722	PEBP1	c24
0.0275102975964463	-0.36241260538341	0.097	0.128	1	ARL14EP	c24
0.0988173427177057	-0.362212343065862	0.064	0.083	1	JADE1	c24
0.00182331805122309	0.362109212062964	0.28	0.234	1	CCND2	c24
0.0466615899385625	0.36206979854339	0.066	0.049	1	DUSP3	c24
0.345309262853813	0.362011264934146	0.049	0.042	1	DIS3L2	c24
0.0666091065885667	-0.362001897157837	0.093	0.117	1	MTREX	c24
0.0338626445986788	-0.361941558178071	0.292	0.338	1	LUC7L3	c24
0.392764518194208	0.361871972310161	0.025	0.02	1	TPTEP2-CSNK1E	c24
0.433696375579304	-0.361661265378222	0.05	0.058	1	EYA3	c24
0.0133152981730936	0.361555866684247	0.237	0.204	1	TOX	c24
0.00590935778209186	-0.361542918128622	0.063	0.097	1	GPANK1	c24
0.0175656086808888	-0.361447653138074	0.322	0.364	1	PRPF4B	c24
0.000145764623846665	-0.36125374790107	0.311	0.389	1	WAC	c24
0.00210353917829076	0.360683665481024	0.414	0.372	1	MTHFD2	c24
0.000271756778853134	-0.360499474369352	0.451	0.516	1	NDFIP1	c24
0.180361516440485	-0.36044786917998	0.044	0.057	1	C16orf70	c24
0.484957456001022	-0.36032470604699	0.017	0.021	1	POT1	c24
0.000675581516991825	-0.360158331676009	0.247	0.312	1	TSSC4	c24
0.000290628015769184	-0.360134879904515	0.494	0.557	1	HCLS1	c24
0.268316450424576	0.360101289587119	0.066	0.056	1	CENPN	c24
0.0109325015537417	-0.35991641550823	0.107	0.144	1	PSMB8-AS1	c24
0.0844460501263651	-0.359829205770791	0.027	0.04	1	NHEJ1	c24
0.0575529066201027	-0.359739715727813	0.097	0.123	1	MED21	c24
0.0831804340851461	-0.359613412161515	0.149	0.176	1	GPR132	c24
0.117740475079426	-0.35953554309945	0.071	0.089	1	ST3GAL5	c24
0.431947778273436	-0.359529110872416	0.011	0.015	1	ACTR3B	c24
7.81087180710909e-08	-0.359183682299637	0.483	0.598	0.00261961018666825	MRPS6	c24
0.00012295916677956	0.359167773524777	0.453	0.389	1	ABRACL	c24
0.00221557888684984	-0.358734085329363	0.157	0.211	1	SEPHS2	c24
0.0559127609235387	-0.35846923187685	0.028	0.044	1	BEX2	c24
0.153272767408213	-0.358439575126726	0.06	0.076	1	FAM91A1	c24
0.0153370657388852	-0.358291205256527	0.118	0.155	1	B3GAT3	c24
0.0109952268285328	-0.358243249960173	0.228	0.275	1	PITPNB	c24
0.297900863333636	0.358131814993619	0.025	0.019	1	RBKS	c24
0.155550638154052	-0.35798049052983	0.105	0.125	1	DGKA	c24
0.0335515423208873	-0.357849522943053	0.112	0.143	1	VPS26B	c24
0.0014452268409791	-0.357774456851395	0.2	0.257	1	BRMS1	c24
0.0693626386339057	-0.357713062300793	0.077	0.1	1	KATNAL1	c24
0.447575053035315	0.357701293782787	0.019	0.015	1	ARIH2OS	c24
0.285337617132491	-0.357698810556867	0.013	0.018	1	AC116407.2	c24
0.330577411556336	-0.357669268128747	0.027	0.034	1	DERA	c24
0.0703657862297469	-0.357437574178891	0.094	0.118	1	YIPF6	c24
0.0899760204336256	-0.35712125455877	0.057	0.075	1	RABGGTA	c24
0.813148380899265	-0.357112936164553	0.019	0.02	1	ATXN7.1	c24
0.000856499082819444	-0.357058087439143	0.219	0.282	1	RAB5C	c24
0.00473188929005915	0.356973008251045	0.277	0.236	1	TSTD1	c24
0.10133349128004	-0.356918623147918	0.049	0.065	1	MLST8	c24
0.0422745635155359	-0.356876385618628	0.102	0.129	1	WBP4	c24
0.197188905414712	0.356832123270311	0.132	0.12	1	ABCB1	c24
0.407422101976479	0.356716086542423	0.057	0.05	1	COX10	c24
0.160164330529197	0.356711178334247	0.05	0.039	1	CFL2	c24
0.288363756060206	-0.356664693505714	0.05	0.06	1	TM7SF3	c24
0.329840290550723	0.356560170297025	0.178	0.167	1	PHPT1	c24
0.0106415626874081	-0.356531553196293	0.096	0.133	1	MTIF3	c24
0.00674117769551338	-0.356316660094254	0.217	0.265	1	YY1AP1	c24
0.290703450952046	-0.356214415077675	0.027	0.034	1	TMEM120B	c24
0.121148446711001	-0.356173697006722	0.104	0.124	1	CTDP1	c24
0.00106577677426443	-0.356156019136406	0.3	0.364	1	DEGS1	c24
0.000116189412973721	-0.356086211862038	0.274	0.351	1	FBL	c24
0.169683067622847	-0.355895364320666	0.038	0.05	1	CCDC102A	c24
0.206765221437089	-0.355886061812363	0.075	0.09	1	PACS1	c24
0.0593071332797766	0.355850893707406	0.184	0.16	1	EBP	c24
0.00874829941662764	-0.355829448582165	0.187	0.232	1	SRPK1	c24
0.0901151686773369	-0.35569490144512	0.145	0.171	1	MEF2D	c24
0.323023973323475	0.355651290538384	0.011	0.008	1	C4orf47	c24
0.11261600280821	-0.355558576937004	0.064	0.082	1	RDX	c24
0.810927125354269	-0.355541669452422	0.011	0.012	1	DBH-AS1	c24
0.0971672474124715	-0.3555414666095	0.121	0.144	1	CCDC97	c24
0.00261528215758519	-0.355536681948812	0.171	0.226	1	CTNNB1	c24
0.00081954210847698	-0.355397560640293	0.149	0.208	1	MRPL32	c24
0.33089799962424	0.355324731275812	0.019	0.014	1	CDKN2B	c24
0.0116577088793789	-0.355291653435359	0.113	0.151	1	ZDHHC3	c24
0.2246072694252	-0.355199895490211	0.014	0.021	1	RTTN	c24
0.00276382919502929	-0.355167036224557	0.283	0.339	1	TMX4	c24
0.495379750442065	-0.35513592630059	0.013	0.016	1	GATD3B	c24
0.0675661853632364	0.355018604629814	0.355	0.331	1	KLRB1	c24
1.9197560062483e-05	-0.354916498050544	0.403	0.493	0.643847769375553	APRT	c24
0.0519328292821574	-0.354871386358157	0.05	0.071	1	NDUFAF2	c24
0.265221942179144	-0.354846069213553	0.009	0.015	1	AMZ1	c24
0.0240697495582775	0.354800749077983	0.167	0.139	1	VCPKMT	c24
0.0735037351537848	0.354717072985077	0.074	0.057	1	CEP68	c24
0.292774020023913	0.354658118008443	0.024	0.018	1	DHX34	c24
0.021596426440922	0.354607331460022	0.393	0.377	1	BAZ1A	c24
0.0555036267228742	-0.354513680106487	0.108	0.136	1	ITPR1	c24
0.0233774963983354	-0.354438718474076	0.102	0.134	1	SUMF2	c24
1.09268462488964e-06	-0.354430594296885	0.432	0.523	0.0366464569495487	MAGOH	c24
0.00692393098408085	-0.354286195604091	0.146	0.189	1	PFDN6	c24
0.0822589665032821	-0.354230925014244	0.107	0.131	1	GNPTAB	c24
0.459241484813854	-0.354184541889256	0.016	0.02	1	PIGM	c24
0.136842413419479	-0.354011026031673	0.008	0.015	1	NQO1	c24
0.0774189075467087	0.353911687229028	0.198	0.177	1	USP12	c24
0.0342765097112005	-0.353709308172121	0.061	0.086	1	VAV3	c24
0.0815908739434908	-0.353655717444663	0.003	0.01	1	H2AFY2	c24
0.602536438631238	0.353468952199524	0.02	0.018	1	PBX3	c24
0.770601290405373	-0.353415499335535	0.017	0.019	1	NBPF3	c24
0.0361412475706514	0.353385293310874	0.168	0.142	1	IFT57	c24
0.000830148626862862	-0.353356554523133	0.505	0.563	1	RBM25	c24
0.186402537730236	-0.352934883398807	0.017	0.026	1	ATG10	c24
0.396194813237796	0.35265976407189	0.085	0.078	1	PLAGL2	c24
0.942121876361619	0.352635665406481	0.013	0.012	1	ARHGEF5	c24
0.65764381977179	0.352185622296799	0.022	0.02	1	UBTD2	c24
0.484121677521066	-0.352097915517243	0.03	0.035	1	TAF5L	c24
7.18817993763263e-06	-0.352093092154922	0.357	0.464	0.241077178748323	PPIG	c24
0.14740735540415	-0.351851398763568	0.006	0.013	1	FANCE	c24
0.529934855795148	-0.351394782683816	0.077	0.085	1	ATM	c24
0.00603494886665256	-0.351333601617871	0.123	0.167	1	CBWD2	c24
0.11046838678478	0.351325915383082	0.055	0.042	1	ALDOC	c24
0.0105965755674078	0.351202943764821	0.41	0.369	1	MPC2	c24
0.0558196688985751	-0.351189339160944	0.214	0.245	1	CD46	c24
0.233721648180531	-0.350951557561267	0.041	0.052	1	TTBK2	c24
0.591177402140983	-0.350883320090736	0.146	0.152	1	CD84	c24
0.00200846025645384	-0.350866715454515	0.211	0.268	1	NIPA2	c24
0.45392987383576	-0.350713727009054	0.014	0.018	1	SYCE1L	c24
0.190059779985811	0.350694060705324	0.03	0.022	1	C15orf53	c24
0.713524520727175	0.350642834256409	0.011	0.01	1	TRIM66	c24
0.00243081427836645	-0.350638486756186	0.198	0.256	1	BECN1	c24
0.207509185037073	-0.350631945331338	0.129	0.147	1	PAM	c24
2.19035003785306e-10	-0.350595293575931	0.761	0.808	7.3459959569516e-06	PGK1	c24
0.0219515870824008	-0.350537538433577	0.118	0.152	1	COMMD1	c24
0.103456964884429	0.350457878152246	0.064	0.05	1	ARL5B	c24
0.0058913522186251	-0.350451229281643	0.132	0.177	1	ESCO1	c24
0.068077522560987	-0.350407831729975	0.077	0.099	1	CNOT10	c24
0.00358359427786171	-0.350270927653629	0.143	0.191	1	NOP16	c24
0.374537743587739	-0.350238639461395	0.079	0.089	1	SESN3	c24
0.0796224748860772	-0.350194979889593	0.042	0.059	1	BRCC3	c24
0.485213491112927	0.350169777077878	0.017	0.014	1	AP002748.3	c24
0.479522093782832	-0.350133260054747	0.042	0.049	1	PCNX2	c24
0.0505896925943207	-0.350019149749391	0.044	0.064	1	TNFAIP1	c24
0.149707329182326	-0.349970291204152	0.058	0.074	1	SMAD4	c24
0.184479559341565	-0.34989859596492	0.072	0.087	1	ZFYVE1	c24
0.984843153618606	-0.349847963628759	0.025	0.025	1	LLGL2	c24
0.137163394249259	-0.349799182570965	0.044	0.058	1	PRADC1	c24
0.0254591097199079	-0.349689166442354	0.066	0.093	1	MSH6	c24
0.0120041705620484	-0.349680288000347	0.09	0.125	1	KBTBD2	c24
0.000200863047749667	-0.349442186256663	0.434	0.502	1	PTPN22	c24
0.263060649542052	-0.349387828840504	0.036	0.046	1	POLL	c24
0.373073121257403	-0.349139135351493	0.008	0.012	1	SLC45A4	c24
0.0818725396718373	-0.349043003055263	0.096	0.119	1	IRAK4	c24
0.933219024212841	-0.348763224612131	0.011	0.011	1	NPEPL1	c24
0.348235257834311	-0.348699403193298	0.049	0.057	1	DDX60	c24
0.00110623528958881	-0.348672491079782	0.281	0.344	1	OSTF1	c24
0.0162626950687408	-0.348663810686518	0.075	0.107	1	EBLN3P	c24
0.758182438045919	0.348608243291347	0.047	0.045	1	HAUS4	c24
0.0733165991365152	0.348471822549568	0.027	0.017	1	GIPR	c24
0.650111722210228	0.348361657009607	0.024	0.021	1	RHBDD1	c24
0.238655873074509	-0.348278402616657	0.068	0.08	1	EMC9	c24
0.0924720656200277	-0.34826960599075	0.149	0.173	1	IRF3	c24
0.0169002191006482	-0.348262262468278	0.146	0.184	1	DAXX	c24
0.530529313300061	0.348202540224325	0.036	0.032	1	NAP1L5	c24
0.0332046599169877	-0.347782642611983	0.105	0.136	1	FBXO3	c24
0.0923671716041975	-0.347779907002399	0.057	0.075	1	RBM4B	c24
0.0102816787793454	0.347509835186067	0.302	0.269	1	LRRFIP2	c24
0.0933055077455578	-0.347397712037593	0.075	0.095	1	NDUFA9	c24
0.0250167106495872	-0.346998436640284	0.204	0.247	1	SREK1	c24
0.231922493306934	0.346818085728724	0.011	0.007	1	HIST1H3A	c24
0.0181298225321129	-0.346816311811498	0.108	0.143	1	MRPL2	c24
0.00516670505810173	-0.346740557363706	0.145	0.192	1	RCN2	c24
0.421371991843875	-0.346713500313836	0.027	0.032	1	BBS9	c24
0.254315908186526	-0.34668766099916	0.025	0.033	1	ZNF280D	c24
3.13437357386134e-05	-0.346386795758145	0.406	0.486	1	MAT2B	c24
0.964053612863137	-0.346288106143547	0.024	0.024	1	CUL9	c24
0.0592651796790847	-0.346233443627952	0.05	0.07	1	PTEN	c24
0.170621439035835	0.346003040717926	0.042	0.033	1	MGME1	c24
0.0218133300931614	-0.345940903368541	0.176	0.214	1	SRP68	c24
0.331182194375326	-0.345916031346106	0.008	0.012	1	AGER	c24
0.425600236620679	-0.345906253362474	0.025	0.031	1	ARRDC1-AS1	c24
0.000743613851437574	-0.345903105881758	0.263	0.33	1	TMUB1	c24
0.262694388920152	-0.345860729888399	0.083	0.096	1	EBAG9	c24
0.329589964973476	-0.345845168625923	0.031	0.039	1	LRIG2	c24
0.00279676767269723	-0.345730468275139	0.201	0.257	1	CD47	c24
0.00536219205499858	-0.345655607272635	0.066	0.101	1	ABCB7	c24
0.163591627451042	0.345563018347436	0.151	0.136	1	DPM3	c24
0.0309159057146089	-0.345540845264119	0.204	0.238	1	FAM204A	c24
0.0513836128139924	-0.345526143516289	0.27	0.306	1	ZNF292	c24
0.00237067002280586	-0.345314175969104	0.124	0.174	1	MRPS35	c24
0.163235008299407	-0.345185684911088	0.063	0.078	1	CDKN2D	c24
0.679808330164328	0.345137887018029	0.063	0.06	1	DNAJC30	c24
0.00773455600890045	0.344676010782918	0.324	0.287	1	MRPL47	c24
0.829628469587374	-0.344624796245684	0.085	0.083	1	CCDC88B	c24
0.0376679953190397	0.34450469233773	0.108	0.086	1	TNFRSF12A	c24
0.746141134129455	-0.344501958415036	0.013	0.014	1	TTC22	c24
0.821420481137293	-0.344317244818191	0.047	0.049	1	PIEZO1	c24
0.000706589620837117	-0.344255736244144	0.392	0.454	1	CDKN1B	c24
0.0598419183248299	-0.344206398724589	0.105	0.131	1	ADIPOR2	c24
0.0138544413771854	0.344203160438437	0.047	0.03	1	TRGV2	c24
0.453494323220433	-0.344192379501111	0.017	0.022	1	NARS2	c24
0.331448918688722	0.343946338706731	0.058	0.05	1	KIAA1586	c24
0.00558602048333533	-0.343892208596798	0.247	0.3	1	SECISBP2L	c24
0.253196669205232	-0.34384145181947	0.119	0.136	1	SLMAP	c24
0.143559589662629	-0.34377845323569	0.214	0.241	1	ATF7IP	c24
0.000170606801304982	-0.343715806978101	0.274	0.353	1	STAU1	c24
0.338665768597004	0.343692455018077	0.011	0.008	1	P2RX7	c24
2.01779767741233e-06	-0.343544285927811	0.473	0.556	0.0676728985050546	ARF5	c24
0.246836584655286	-0.343223353148108	0.014	0.021	1	ZNF613	c24
0.164810660060866	0.343202123645539	0.074	0.061	1	RP2	c24
0.020909865587999	-0.342999622596054	0.146	0.184	1	SRSF1	c24
1.61967303383293e-08	-0.342986727360751	0.583	0.675	0.000543205942086887	ENO1	c24
0.033894410428353	-0.342985282224774	0.175	0.209	1	TOB2	c24
1.69854734110494e-05	0.342865431010576	0.642	0.612	0.569658807259776	SERP1	c24
0.169215152223867	-0.342718655324456	0.041	0.053	1	NSUN4	c24
0.111922089535411	-0.342640668162215	0.031	0.045	1	NDRG3	c24
0.0192394876457314	-0.342635306728766	0.131	0.167	1	SNAP47	c24
0.509644326712438	-0.342554370719794	0.03	0.035	1	ZNF564	c24
0.00276845296303929	0.342413024990541	0.739	0.711	1	SAP18	c24
0.859781380292372	0.342323646539678	0.014	0.013	1	CLIP3	c24
0.0722530585825605	-0.342275379795983	0.094	0.119	1	HMG20B	c24
0.614387637580361	0.342180465261986	0.022	0.019	1	TNFSF12	c24
0.00645480574637788	-0.342176014498115	0.181	0.229	1	CCDC28A	c24
0.679544955673292	0.34206330864495	0.041	0.038	1	CASP9	c24
0.000354581257121379	-0.342023880647126	0.313	0.382	1	MAX	c24
0.00194285448844319	0.342013171093651	0.426	0.392	1	AKIRIN2	c24
0.175627520551499	0.342004733330148	0.072	0.06	1	ETS2	c24
0.714180175709418	-0.341934566105623	0.014	0.016	1	TUBG2	c24
4.02165482300414e-23	-0.341701433135896	0.899	0.923	1.34878259453913e-18	CALM1	c24
0.842948660420966	-0.341700996470128	0.024	0.025	1	RMI1	c24
0.325318211017103	-0.341685979082568	0.019	0.025	1	BYSL	c24
0.0676734380848989	-0.341606491859923	0.173	0.203	1	POLDIP3	c24
0.693249145285296	0.341458854342007	0.016	0.014	1	ZBTB26	c24
0.284891659038476	-0.341454331167046	0.035	0.043	1	PAK4	c24
0.00632025820927703	0.341369808383901	0.256	0.215	1	TOR1AIP1	c24
0.0834797882408167	-0.341302794339724	0.049	0.066	1	CD9	c24
0.198719613989547	-0.341213788042367	0.126	0.144	1	ST3GAL1	c24
0.1179116810638	0.341123658136913	0.058	0.045	1	PTPRN2	c24
0.0801267145937009	0.340929313287746	0.063	0.048	1	PI4K2A	c24
0.00043439385766151	-0.340928443939566	0.343	0.412	1	FBXO7	c24
0.633215224969319	-0.340870636052516	0.02	0.023	1	ZNF597	c24
0.0363745270780494	-0.340751574844088	0.121	0.152	1	IFI35	c24
0.123691653965681	-0.340749399157762	0.075	0.094	1	AC022706.1	c24
0.116143239162115	-0.340687495475176	0.082	0.101	1	TAF2	c24
0.314724098806032	-0.340427545105052	0.082	0.093	1	SLC7A6OS	c24
0.586995342883743	0.340393498900941	0.036	0.033	1	LYRM7	c24
0.0470605194360716	-0.340306903997694	0.049	0.07	1	DHRSX	c24
0.0191412887422824	-0.340120812902031	0.142	0.178	1	AKR1A1	c24
0.000648397226053318	-0.340025982226108	0.351	0.418	1	GTF3A	c24
0.115609116536091	-0.340020523429741	0.033	0.046	1	MMD	c24
0.00528968073899236	-0.339829493826714	0.17	0.217	1	PRR14	c24
0.260654117376493	0.339761466821924	0.069	0.059	1	FAM174A	c24
2.79265539017959e-18	-0.339742788081	0.858	0.899	9.36600764758431e-14	YWHAZ	c24
0.246139002460998	-0.339672965181229	0.093	0.107	1	SNRK	c24
0.0002936279480263	-0.339622657960496	0.274	0.342	1	UQCRC2	c24
0.212691468099711	-0.339609701937015	0.024	0.033	1	MARCH3	c24
0.258422943320996	-0.339577176684533	0.039	0.049	1	MAP9	c24
0.0151750067227561	0.339384904342755	0.236	0.203	1	UBQLN1	c24
0.00907544200204909	-0.339327009518764	0.167	0.211	1	NKAP	c24
0.248539828278693	-0.339267829157963	0.239	0.26	1	KANSL1	c24
0.000902298079731434	0.339202310407156	0.494	0.455	1	SH3GLB1	c24
0.00424001246572547	-0.338913879821066	0.234	0.284	1	COPB2	c24
0.00928766835489234	0.338891582084002	0.105	0.078	1	C18orf25	c24
0.0837967036393695	0.338871881603859	0.05	0.037	1	OTUD7B	c24
0.00246459063939624	-0.338766140619062	0.327	0.391	1	RSF1	c24
0.0762882555966215	-0.338710552125957	0.024	0.037	1	CCRL2	c24
0.392587364910955	-0.338673392789056	0.052	0.06	1	PMF1	c24
7.81010293504115e-09	-0.338375482252156	0.654	0.723	0.00026193523223541	CALR	c24
0.257677946246637	0.338293405004304	0.036	0.029	1	CHSY1	c24
0.00734662983611078	-0.338280348571978	0.173	0.219	1	PEF1	c24
0.197237272384182	0.337887822578377	0.119	0.105	1	TMEM173	c24
0.146132459570997	-0.337864099367609	0.049	0.063	1	ZNF749	c24
0.516571645739522	-0.337595446003473	0.038	0.043	1	ADCY3	c24
0.235679256253292	-0.337592787055826	0.236	0.256	1	NIN	c24
0.0587268377449244	-0.337282043815893	0.127	0.156	1	ABCE1	c24
0.145176076515692	0.337127353036973	0.156	0.14	1	HAUS2	c24
5.89301965948384e-05	-0.337061344226948	0.305	0.386	1	NDUFA12	c24
0.644350269196318	0.336994114678363	0.036	0.033	1	PHLDB3	c24
7.36720956052389e-08	-0.336809482254838	0.533	0.629	0.0024708147424085	PDIA3	c24
0.100070907216628	-0.336798640293045	0.127	0.151	1	USP42	c24
0.000224627317651652	-0.336771941195274	0.33	0.408	1	POLR2E	c24
0.0334989623255307	-0.336770834007589	0.047	0.07	1	KLHL9	c24
0.311438686599164	0.336643268467477	0.042	0.035	1	TECPR1	c24
0.191986556492847	-0.336433725172593	0.074	0.089	1	PLD3	c24
0.00068894686713387	-0.336393028561069	0.255	0.321	1	SDHB	c24
0.000186348715346643	0.33617484383016	0.263	0.207	1	PSTPIP1	c24
0.182203258033395	0.336041434455125	0.061	0.05	1	MSC-AS1	c24
0.00997978348416388	0.335947892596236	0.118	0.089	1	GFOD1	c24
0.0430763586704619	-0.335876013810361	0.082	0.108	1	YJU2	c24
0.00244159870210648	-0.33580943884832	0.233	0.292	1	RABIF	c24
0.0862229147157065	-0.335763831690299	0.063	0.082	1	CSTF2T	c24
0.00569731194148404	-0.335699844588084	0.108	0.151	1	MTX1	c24
0.998697739177405	-0.335581935861891	0.013	0.013	1	EPHX2	c24
0.212725218181345	-0.335547714411709	0.06	0.073	1	FOXO3	c24
6.99415691589831e-06	-0.335488319687874	0.511	0.587	0.234570034645398	RHOG	c24
0.0439825820655034	-0.335485615841614	0.154	0.186	1	NBR1	c24
4.21553968042331e-06	0.335469422757767	0.673	0.624	0.141380769802037	PRR13	c24
1.28452536104844e-05	-0.335349543447867	0.557	0.647	0.430804115588427	SRSF11	c24
0.0312021074284752	-0.335211642722826	0.187	0.223	1	YBX3	c24
5.98893931694289e-11	-0.335096260401403	0.715	0.784	2.00857046811631e-06	TPM3	c24
0.000859313726456585	-0.335067053427015	0.278	0.343	1	METTL9	c24
0.446749313546743	-0.335048735679748	0.143	0.153	1	VPS13C	c24
0.332518470532166	-0.334890235495327	0.013	0.018	1	FGFR1	c24
0.0786717290689512	-0.334724609633574	0.075	0.096	1	TMEM106C	c24
0.12945176715522	-0.334631175267448	0.047	0.062	1	TMA16	c24
0.763986132529772	0.334496013114841	0.024	0.026	1	LINC01003	c24
0.00124722819861847	-0.334441097007497	0.28	0.346	1	OXA1L	c24
0.333858468346632	-0.334331936520515	0.031	0.039	1	HACE1	c24
0.362214548293581	-0.334149175067381	0.041	0.049	1	INPP5E	c24
0.166355238565852	0.333981323227282	0.159	0.144	1	MPLKIP	c24
0.0349286230256868	-0.333935674997101	0.179	0.215	1	MAST4	c24
0.139088190545447	-0.333921000051062	0.052	0.067	1	TMEM9	c24
0.000592616014270139	0.333888351675491	0.451	0.408	1	ATP5IF1	c24
9.17570325721324e-07	-0.333673454597056	0.462	0.562	0.0307734735840418	ATP6V0B	c24
0.199080289249401	0.333587236884867	0.013	0.008	1	NLRP3	c24
0.000413737067603693	-0.33337630145294	0.252	0.32	1	USP16	c24
0.0177381710594552	-0.333309958764057	0.05	0.076	1	COA5	c24
0.36686729860798	-0.333232898314774	0.028	0.035	1	HDAC6	c24
0.000310820566633599	-0.333147106538171	0.392	0.456	1	LAT	c24
0.117313966503023	-0.332989646678519	0.077	0.096	1	BCAT1	c24
0.000365817286875638	-0.332977924787928	0.165	0.225	1	PPIF	c24
0.0119194073761549	-0.332948932318669	0.099	0.135	1	MAD2L1BP	c24
0.332355970639658	-0.332757317840539	0.129	0.143	1	INO80D	c24
0.617172762059564	0.332682408579632	0.013	0.011	1	AP004609.3	c24
0.337052562890375	0.332479178365736	0.03	0.024	1	RBM43	c24
0.765456727841049	-0.332249741776003	0.017	0.019	1	KNTC1	c24
0.00185348572919973	-0.332133542664405	0.208	0.267	1	POLR2G	c24
0.145987534067854	-0.332040662343596	0.107	0.127	1	PRKAA1	c24
0.0809437730578966	-0.331744985145422	0.129	0.155	1	TFPT	c24
0.16596561382083	0.331653282806979	0.063	0.051	1	ITGA5	c24
0.000682146632740342	-0.331596054858461	0.226	0.29	1	SNRPA1	c24
0.0199006595375262	-0.331590949796569	0.097	0.131	1	POLR1E	c24
0.118497485394003	-0.331585497371684	0.044	0.059	1	SH3BP5L	c24
0.0145367424111674	-0.331331023269712	0.131	0.168	1	MPG	c24
0.0149215001158975	-0.331177203005619	0.154	0.195	1	PGLS	c24
0.0400894238444322	-0.331175072021265	0.168	0.202	1	IWS1	c24
0.624154570580701	-0.331034299584243	0.406	0.415	1	SYNE2	c24
0.00247081135607274	-0.33082816098502	0.59	0.626	1	SLC7A5	c24
0.179430974459341	-0.330675048978144	0.055	0.069	1	CCDC85C	c24
0.424044195372124	-0.330474549602472	0.017	0.022	1	SLC25A28	c24
0.376392846851947	-0.330430385503315	0.038	0.045	1	PPP2CB	c24
0.00488508809132729	-0.330297866059898	0.198	0.248	1	MRPL21	c24
1.41415480037044e-07	-0.330271057120126	0.487	0.596	0.00474279236948238	PPM1G	c24
0.127735510880855	0.33018906471414	0.14	0.122	1	PTPRE	c24
0.0922297512289839	0.329946280636826	0.149	0.13	1	BBIP1	c24
0.609508958372276	0.329743524175545	0.019	0.016	1	ZDHHC9	c24
0.102734111986484	-0.329743102964393	0.091	0.112	1	MCTS1	c24
0.0351452446009621	-0.329674282766284	0.025	0.042	1	EIF4E3	c24
0.0134682044501244	-0.329660847908232	0.245	0.289	1	PSMB7	c24
0.0024770815309732	-0.329650064489125	0.41	0.469	1	WNK1	c24
0.767761089239902	-0.329644307368812	0.009	0.011	1	ZNF558	c24
0.785824921586767	0.329606288013064	0.027	0.025	1	ARV1	c24
0.0544841198714157	-0.329568506776984	0.083	0.108	1	PYGO2	c24
0.570638600992578	-0.329312577840032	0.024	0.027	1	TRBV9	c24
0.0222951203866631	0.329198996696341	0.101	0.077	1	SEC24D	c24
0.143931711581964	-0.329156550021177	0.09	0.108	1	POLK	c24
0.0238985523069603	0.328913241795944	0.14	0.112	1	YTHDF3	c24
0.43073990884363	-0.328899198171377	0.025	0.031	1	TMTC3	c24
4.53743614281195e-25	-0.328865068201092	0.983	0.942	1.52176533357627e-20	RPL3	c24
0.899514128817404	-0.328831415543549	0.019	0.02	1	DOCK9	c24
0.0506738322616781	0.328814267123133	0.365	0.339	1	PHLDA1	c24
3.49221125657415e-07	-0.32873982701219	0.579	0.658	0.0117121781122984	SNRPB	c24
0.00238452206676595	-0.328722429217326	0.189	0.244	1	PDAP1	c24
0.358184425759238	0.328508140354844	0.016	0.012	1	GAREM2	c24
0.00913061229467296	-0.328508019929021	0.091	0.129	1	CSTF1	c24
0.773177929205424	0.328386319534023	0.011	0.01	1	ZNF440	c24
0.0197381142613681	-0.328380769586532	0.075	0.106	1	ZNF277	c24
0.0168268675500832	0.328359393762931	0.291	0.261	1	PHB	c24
0.0699621417461992	-0.32831182922713	0.175	0.204	1	COL4A3BP	c24
4.99642224925798e-18	-0.32827193435091	0.884	0.896	1.67570009395614e-13	COX4I1	c24
2.29487514677309e-05	-0.328222694958627	0.464	0.547	0.76965522672476	APBB1IP	c24
0.615702774078436	-0.328068102939485	0.009	0.012	1	PCOLCE	c24
0.61742784568335	-0.327937987301048	0.019	0.022	1	SLC22A18	c24
0.265926466773035	-0.32788467018931	0.112	0.125	1	TDP1	c24
0.0969437665392518	-0.327811119120334	0.178	0.206	1	USP48	c24
0.000481838189923261	-0.327602749498937	0.281	0.35	1	RNF5	c24
0.0396710113754489	0.327587318716192	0.031	0.02	1	MIR29B2CHG	c24
0.409368171948094	-0.327562575955572	0.123	0.133	1	VCPIP1	c24
0.181190959180842	-0.327534348702312	0.182	0.204	1	IPO7	c24
0.207795119222728	0.327277255168523	0.176	0.163	1	NAA38	c24
0.154593280800192	-0.326830259724613	0.061	0.077	1	TRAPPC10	c24
0.820493199860626	0.326798546467187	0.038	0.036	1	TCTA	c24
0.000183772367524715	-0.326795629222469	0.343	0.427	1	SNX6	c24
4.94858557870614e-11	-0.326607948514049	0.772	0.823	1.65965663138647e-06	CYBA	c24
0.247043135642337	-0.326585421009137	0.132	0.149	1	DDI2	c24
0.0159418092536309	-0.326581160900234	0.121	0.159	1	CLINT1	c24
0.500433350721212	-0.326532422027971	0.046	0.052	1	TRIM44	c24
0.00336003292671628	-0.32646310467035	0.167	0.219	1	GPR65	c24
0.345660819667412	-0.326434536815624	0.027	0.033	1	TAF1A	c24
0.984440735276584	-0.326394733612712	0.047	0.047	1	AC016831.1	c24
0.241117274325101	-0.326366501192058	0.027	0.035	1	KLHL42	c24
0.346161265242442	-0.326346813495253	0.068	0.077	1	WSB2	c24
0.118873602003519	-0.326335576063515	0.017	0.028	1	LINC02210-CRHR1	c24
4.11814420926659e-05	0.326168552320705	0.693	0.641	1	HERPUD1	c24
0.0144889152601572	0.326071903561086	0.27	0.237	1	LRRC59	c24
0.12729966463277	-0.325858458666379	0.028	0.04	1	POFUT1	c24
0.104852241362297	0.325753782008499	0.116	0.098	1	AC090152.1	c24
0.0492686751296986	-0.325582989845469	0.107	0.134	1	PNKD	c24
0.000559389455618369	0.325501205661219	0.126	0.087	1	IGF2R	c24
0.00258578674420057	0.325362551033314	0.19	0.149	1	SLAMF7	c24
0.0146829918933498	-0.325213407550163	0.149	0.189	1	VTA1	c24
0.0521056704092352	-0.325205943676002	0.064	0.087	1	FGFR1OP	c24
0.0322946069208996	-0.32511403590255	0.099	0.128	1	CFAP36	c24
0.042055994845043	-0.325066566774392	0.105	0.134	1	RPP38	c24
0.387372483133079	0.324868912774848	0.052	0.045	1	ANKS1B	c24
0.939451163562117	0.324752294359905	0.02	0.02	1	ADO	c24
0.253786649158809	-0.324706027473071	0.074	0.087	1	MYSM1	c24
0.00046414166482553	-0.32456450228511	0.291	0.358	1	DAD1	c24
0.0250307554132935	0.324451068281066	0.233	0.201	1	IRF4	c24
0.0379954763049397	-0.324431843459057	0.082	0.109	1	C18orf21	c24
0.0530359052397277	-0.324259998461207	0.044	0.063	1	IZUMO4	c24
0.323127652075898	-0.324198368143357	0.072	0.084	1	VPS53	c24
0.011508417800994	-0.324197946286103	0.237	0.283	1	ERP44	c24
0.160038919157954	-0.324114821412441	0.027	0.038	1	DSN1	c24
0.0346615816304314	-0.324067101346674	0.08	0.107	1	DCTD	c24
0.202308724539715	-0.323957252263547	0.064	0.078	1	SC5D	c24
0.00142697302572325	-0.323946641705882	0.244	0.303	1	GOLPH3	c24
0.195248853214411	-0.323692206201371	0.031	0.042	1	RAD50	c24
0.133285968843807	0.323658112682438	0.178	0.16	1	RIT1	c24
0.000746072123058333	-0.323573194080535	0.355	0.416	1	CANX	c24
0.0728083478347686	-0.323350241209259	0.061	0.082	1	MED6	c24
6.56685451299848e-05	-0.323270295381572	0.387	0.46	1	SEC11A	c24
0.0105010064828415	0.322930989148081	0.149	0.118	1	TIAM1	c24
1.92779532885243e-12	-0.322827434805947	0.865	0.891	6.46543997390528e-08	HMGB1	c24
0.769523439117123	0.322790701364258	0.017	0.016	1	PPCDC	c24
0.152236674893588	0.322745976800469	0.02	0.014	1	MFSD2A	c24
0.16245983662033	0.322443372640098	0.112	0.097	1	RBM14	c24
0.010406660048508	-0.322297561087966	0.212	0.259	1	MCRIP1	c24
0.0701593549802803	-0.322234251941567	0.107	0.132	1	JOSD2	c24
0.0320281418145099	-0.322203791996014	0.052	0.075	1	WASHC5	c24
0.000621129253889009	-0.322170745975537	0.288	0.357	1	CDC123	c24
0.783536599393456	-0.322141900716295	0.044	0.042	1	ADAT2	c24
0.00161341584673861	0.32212556425166	0.327	0.277	1	JMJD1C	c24
0.204901350706402	-0.321847020501706	0.036	0.047	1	GGT1	c24
0.00550859375490468	0.321618274875925	0.091	0.064	1	FEM1C	c24
0.0972373599384813	-0.321497300030196	0.129	0.153	1	SLAIN2	c24
0.122863837080846	-0.321496027999942	0.104	0.124	1	ALKBH5	c24
0.0477046469919892	0.321414267423979	0.36	0.336	1	COX20	c24
0.620341569048351	-0.320897572697199	0.016	0.018	1	WDR24	c24
0.833295882585301	0.32086125470715	0.024	0.022	1	AL136454.1	c24
0.00341229042454315	0.320860581541837	0.351	0.312	1	GPR137B	c24
0.327071369287786	-0.320749572458116	0.042	0.051	1	KCTD18	c24
0.0377576939334936	-0.320625011588444	0.14	0.171	1	NUDT16L1	c24
0.00891784876231648	-0.32048908464443	0.17	0.216	1	SVIP	c24
0.0592715117195881	0.320464384104092	0.193	0.17	1	PELO	c24
0.0683505263529542	-0.320105065106869	0.079	0.102	1	SLC30A9	c24
0.423354476793245	0.320038430809781	0.27	0.264	1	TIFA	c24
0.576612033658433	-0.320034086436459	0.011	0.014	1	HIST1H4F	c24
0.425234568474197	-0.319955955472074	0.039	0.046	1	BRMS1L	c24
0.952368753191805	0.319911325387395	0.011	0.011	1	PECR	c24
0.430174301574237	-0.319661996359317	0.053	0.061	1	ZBTB49	c24
0.298056888758273	0.319646160095284	0.033	0.026	1	PPARD	c24
0.149870948847153	-0.31960436080811	0.099	0.118	1	SATB1	c24
0.18572740636842	-0.319505204898795	0.241	0.266	1	ATXN1	c24
0.000501150743643274	-0.319485491598027	0.369	0.433	1	PHB2	c24
0.000730577608272109	-0.319335420605926	0.289	0.354	1	PCNP	c24
0.535642065640414	-0.319253766344934	0.008	0.01	1	CENPBD1	c24
0.0046964271937754	0.31923628426292	0.165	0.128	1	GTPBP1	c24
0.641222510409873	-0.319228052688724	0.077	0.071	1	NRDE2	c24
5.01701546693798e-09	-0.319171603487973	0.621	0.71	0.000168260664730166	UBE2D2	c24
0.219072618786409	-0.319133109688899	0.135	0.152	1	PERP	c24
0.106911496131782	-0.319128022970834	0.305	0.331	1	ITGA4	c24
0.000495793840499464	0.319120072175604	0.393	0.341	1	DERL1	c24
0.0663376891323085	0.319078725631919	0.121	0.1	1	CTSH	c24
0.00766759857841992	0.318782076307703	0.253	0.215	1	PPP2R2A	c24
0.046976337593514	-0.318643195006423	0.069	0.093	1	BIN3	c24
0.000279633018654759	-0.318638310198886	0.335	0.412	1	YY1	c24
0.142396147973907	-0.318527363421035	0.123	0.143	1	WDR54	c24
0.00502517387885858	-0.318358665492876	0.193	0.242	1	TAB2	c24
0.516925128405206	-0.318287979250007	0.035	0.04	1	ZNF611	c24
0.0513597581173668	-0.318220305374226	0.058	0.08	1	TMEM60	c24
0.0281450267238841	-0.318124785785313	0.108	0.14	1	PRDX2	c24
0.49249331436826	-0.318110633450717	0.057	0.063	1	NOM1	c24
0.331561591905123	-0.318046448227917	0.113	0.125	1	WDR55	c24
3.08042265757238e-07	-0.317845507328207	0.539	0.619	0.0103311215089662	COX6C	c24
0.256204010060818	-0.317756663542212	0.024	0.032	1	ZNF318	c24
0.0303275364116261	-0.317667858844759	0.132	0.167	1	CREBZF	c24
0.000162976146010197	0.317652223014762	0.632	0.596	1	UBE2A	c24
0.481532791535169	-0.317581577633702	0.068	0.075	1	MINK1	c24
0.100933528453533	0.317578038422953	0.134	0.116	1	RAPGEF6	c24
0.57664696341575	-0.317281151798581	0.102	0.109	1	FAM214A	c24
2.59164419371454e-05	-0.317195032324043	0.432	0.51	0.869185629687983	KRTCAP2	c24
0.00470020632424392	-0.317152821940168	0.259	0.313	1	ATP6AP2	c24
0.00277681679134012	-0.317034981617023	0.211	0.269	1	LYPLA2	c24
0.101181033409686	-0.316965497923999	0.099	0.121	1	BUD13	c24
0.763614954336515	-0.316954952599426	0.011	0.012	1	TSEN2	c24
0.00585693223832966	0.31693507721652	0.247	0.205	1	MKNK2	c24
0.576927907677603	-0.316907085233341	0.064	0.07	1	MBD6	c24
0.000144581178578479	0.316882804239448	0.374	0.31	1	ATG12	c24
0.00905062219236297	-0.316656583219847	0.25	0.297	1	SFXN1	c24
4.77001107753153e-05	-0.316565266347899	0.58	0.644	1	CLEC2D	c24
0.488971884707648	0.316484292815622	0.017	0.014	1	ZNF616	c24
0.046458543098578	0.316421280279519	0.33	0.311	1	RRP7A	c24
0.00378035928591983	-0.316420087663338	0.259	0.318	1	PITHD1	c24
0.0289261982433483	-0.316365885084686	0.124	0.159	1	SLC25A39	c24
0.253084988682791	0.316286056419181	0.129	0.116	1	CLIC3	c24
0.605615974991627	-0.316126563170334	0.008	0.01	1	SMN1	c24
0.34893538588103	-0.315815390720097	0.044	0.052	1	NUDCD1	c24
0.00014678259108945	-0.315707352098792	0.349	0.428	1	COPS9	c24
0.000258588023126365	-0.315699969030342	0.248	0.323	1	OCIAD2	c24
0.00068009673144903	-0.315691879577691	0.217	0.283	1	FIP1L1	c24
0.62074254614521	-0.31563663782391	0.025	0.028	1	HERC3	c24
0.217863494600165	-0.31562995544691	0.011	0.017	1	HIST1H2AK	c24
0.984538650163413	-0.31559507177163	0.027	0.027	1	WWC3	c24
0.00219698992768772	0.315592125452851	0.252	0.209	1	SKAP1	c24
0.833745751376271	-0.315513302481944	0.135	0.138	1	NLRC5	c24
0.446592196771593	-0.315460064285375	0.047	0.054	1	POLM	c24
0.0882811938467824	-0.315397111882104	0.124	0.15	1	STK24	c24
0.13462647147009	-0.315053470986818	0.028	0.04	1	KIF1BP	c24
0.277318058540825	-0.31503110401056	0.022	0.029	1	CKB	c24
0.409207707314331	-0.315008737044313	0.058	0.066	1	OXR1	c24
0.0839703967706148	-0.314864460844372	0.041	0.057	1	PRMT5	c24
0.0148208594506743	-0.314798423846012	0.086	0.12	1	SUCLA2	c24
0.647926591859949	0.314676103555009	0.016	0.018	1	ARPC1A	c24
0.852769330575588	0.3146202152275	0.016	0.015	1	NECTIN3	c24
0.465320303334772	0.314572764452261	0.06	0.054	1	GOLPH3L	c24
0.0116938130091781	-0.314502318759192	0.195	0.239	1	UBE2G1	c24
0.581897358795231	-0.314485685886647	0.028	0.032	1	AP5S1	c24
0.788052818352332	-0.314426186338699	0.057	0.059	1	ATP10D	c24
0.000438231181165895	-0.314401844735421	0.308	0.383	1	PTBP1	c24
0.184876136054694	-0.314379347906274	0.093	0.109	1	ZDHHC20	c24
2.5881404952007e-05	0.314378374252345	0.555	0.491	0.868010559280412	ROMO1	c24
0.43651696662155	-0.314083100668327	0.069	0.077	1	SETDB2	c24
0.36965292630596	-0.314039144566459	0.088	0.099	1	VPS13A	c24
0.125281962308678	-0.313984352287982	0.069	0.087	1	QKI	c24
0.22871677176753	-0.313952857768725	0.019	0.027	1	MICALL1	c24
0.25512669515255	-0.313455604499659	0.053	0.065	1	CCDC71	c24
0.0936201187761381	-0.313183654795716	0.077	0.097	1	GMPR2	c24
0.428161282570168	-0.31314702374297	0.053	0.061	1	ALKBH6	c24
0.0508061710690764	-0.312906742888919	0.085	0.11	1	THAP1	c24
1.51578100688504e-05	-0.312730876805797	0.296	0.39	0.508362634089105	G3BP1	c24
0.0227546354325468	0.312690781930379	0.294	0.26	1	ANP32E	c24
0.363290125015049	-0.312541339096647	0.116	0.128	1	UBAP2	c24
0.0905019027432775	-0.312006229431758	0.124	0.148	1	PPM1A	c24
1.73404272910451e-05	0.311813945752737	0.642	0.605	0.581563250487071	BZW1	c24
0.000742074291701657	-0.311557163692462	0.421	0.48	1	MZT2B	c24
0.0978769833343418	-0.311539505647643	0.108	0.131	1	SLC39A1	c24
0.0592567908900794	-0.311288332925055	0.11	0.137	1	HPS1	c24
0.813452534763388	0.311166642358951	0.033	0.032	1	LINC02084	c24
4.82082517723669e-05	0.311138481264995	0.45	0.378	1	PTMS	c24
0.492726457177387	0.311108028481339	0.058	0.053	1	ZFP1	c24
0.199300188599195	-0.310984865179046	0.036	0.047	1	SLC25A40	c24
0.0465541003008521	-0.310966051290485	0.088	0.115	1	PCID2	c24
0.170405290464559	0.310964934810271	0.06	0.048	1	RNF103	c24
0.214171479505296	-0.310757999559378	0.017	0.025	1	EID2	c24
0.13150002939183	-0.310576942581215	0.047	0.062	1	HPF1	c24
0.063943415737399	-0.310496007316946	0.046	0.065	1	UQCC3	c24
0.928233178328922	-0.3102094471954	0.011	0.011	1	AC074032.1	c24
0.365223509253644	-0.310112113687497	0.083	0.094	1	DYM	c24
0.236486238843848	-0.310076037355255	0.017	0.025	1	GGH	c24
0.108537722483563	-0.309952622318458	0.028	0.041	1	PDGFA	c24
0.205065684428516	-0.309623118335618	0.082	0.097	1	CFAP97	c24
0.0642409479409188	-0.309572712306332	0.09	0.114	1	FASTK	c24
0.0617421589367254	-0.309293159983232	0.149	0.179	1	AZI2	c24
0.0446743586663488	-0.309231387178053	0.132	0.163	1	SMAD2	c24
0.221905532406499	-0.309182656529047	0.027	0.036	1	AIFM2	c24
0.0916212939207972	-0.309164060310543	0.055	0.073	1	PJA1	c24
0.0179359340689068	-0.309105258509395	0.225	0.267	1	DDRGK1	c24
0.467361711629414	-0.309056397174893	0.036	0.042	1	DCUN1D4	c24
0.0437111336011666	-0.309034529642769	0.097	0.127	1	GIGYF2	c24
0.434995703998152	0.308867990198734	0.027	0.022	1	SNHG21	c24
0.144704012588787	-0.308859752956019	0.086	0.105	1	TTC33	c24
0.0301603851599351	-0.308465294345174	0.064	0.09	1	RNF2	c24
3.32362831984811e-43	-0.308419971348258	0.998	0.984	1.11467846591066e-38	HLA-C	c24
1.25839789665891e-05	-0.308379329650238	0.64	0.699	0.422041486581465	BRD2	c24
0.798204266992212	0.308292235106139	0.036	0.034	1	CHAC2	c24
0.99195433226337	0.308058483921962	0.077	0.079	1	WAC-AS1	c24
0.183950539252287	-0.307903762084128	0.038	0.05	1	KIF9	c24
0.00966503429981028	-0.307884813599619	0.245	0.293	1	ZNF24	c24
0.14005935438443	-0.307807628802756	0.061	0.077	1	NBPF15	c24
0.703889050253927	0.307632714709142	0.075	0.073	1	TESC	c24
0.199941142656289	-0.307445206635936	0.077	0.093	1	SEC23IP	c24
0.218101144964468	-0.3073715623625	0.039	0.05	1	ZC2HC1A	c24
6.27841993540288e-05	-0.30731204676111	0.39	0.471	1	NDUFB10	c24
0.0345965658536363	-0.307264266409853	0.215	0.253	1	CCDC174	c24
0.223353403919182	-0.307186708498354	0.112	0.128	1	SEC23A	c24
0.637133276704253	0.307124705385402	0.027	0.024	1	AC139530.1	c24
0.0322542121514162	-0.306802683408893	0.055	0.079	1	MOSPD3	c24
0.0200982118019182	-0.306792396908716	0.072	0.102	1	GGCT	c24
0.0193964356918302	-0.306746931927741	0.153	0.192	1	SNF8	c24
0.0330337475240633	0.306538896263919	0.099	0.077	1	AFF1	c24
0.776106115495816	-0.306439709708542	0.036	0.038	1	FAM214B	c24
0.187667439086289	-0.306353616597571	0.108	0.128	1	UBXN7	c24
0.00408371482390391	-0.306077423347203	0.209	0.264	1	CCDC124	c24
0.196310105992027	-0.306006228649646	0.101	0.118	1	CLASRP	c24
0.35775438655639	-0.305958854968914	0.02	0.026	1	ZDHHC2	c24
0.0311949802222449	-0.30588982549663	0.192	0.228	1	NDUFA10	c24
0.353611037062725	-0.305836760060987	0.057	0.066	1	TMIGD2	c24
0.0870294988917036	-0.305784208338669	0.068	0.087	1	PDLIM5	c24
0.525661189529329	0.305771019922302	0.017	0.014	1	ANKRD33B	c24
0.0314528397536265	-0.305583417679819	0.149	0.184	1	MPZL3	c24
0.123613729521434	-0.305522000467477	0.116	0.137	1	CANT1	c24
0.918168739782623	-0.305493352458752	0.027	0.026	1	SLFN12	c24
0.941650359451401	0.305376078921295	0.014	0.014	1	ABHD8	c24
0.310723365444866	-0.305343103802664	0.017	0.023	1	CLPB	c24
0.0565471134636816	-0.305201913105937	0.086	0.112	1	VIRMA	c24
0.581820849636409	-0.305166970472431	0.025	0.029	1	MFSD9	c24
0.0501063335047818	0.305161294843361	0.203	0.176	1	CFAP20	c24
0.0398535198725278	-0.305081849613277	0.164	0.198	1	NDEL1	c24
3.71010709111315e-19	-0.304967025280244	0.994	0.957	1.24429571621753e-14	TMSB4X	c24
0.00507829340662375	-0.304920787266374	0.274	0.332	1	SDHA	c24
0.589538437588721	-0.304726837735763	0.013	0.015	1	ZSCAN29	c24
0.357557886578362	0.304678911072604	0.057	0.049	1	PRR3	c24
2.70014410701843e-19	-0.304605479356337	0.928	0.928	9.0557433061184e-15	MYL6	c24
0.071049635698653	-0.304555617901897	0.075	0.097	1	PDRG1	c24
9.92572388849952e-07	-0.304340078579822	0.745	0.767	0.0332888927772497	RPL36A	c24
0.199170296480279	-0.304284664692802	0.022	0.031	1	LXN	c24
0.114012770129196	-0.304272753418585	0.074	0.093	1	FAM76B	c24
0.00125705617787604	-0.304135558598633	0.233	0.299	1	FAM32A	c24
0.0001532532749787	0.304085274745631	0.492	0.43	1	WTAP	c24
0.0263378583123461	0.303940410760728	0.208	0.175	1	DCUN1D5	c24
0.484165432245243	0.303897921224395	0.038	0.033	1	SFXN4	c24
0.602818656864051	-0.303816704204451	0.017	0.02	1	AL590764.1	c24
0.136798416940895	-0.303718675915267	0.024	0.035	1	DIAPH2	c24
0.052287466595081	-0.303653618619052	0.142	0.172	1	HDAC5	c24
0.115798811093192	-0.30324902424093	0.101	0.122	1	NOP2	c24
0.00098904249196698	-0.303122716302803	0.47	0.531	1	SLC38A1	c24
0.639376022553707	-0.302819508940416	0.008	0.01	1	CCNI2	c24
0.000781688178903223	-0.302680074776716	0.215	0.279	1	SRP72	c24
0.0245735188696283	-0.302660405613139	0.241	0.286	1	MECP2	c24
0.0121625560218721	0.30255661128908	0.123	0.094	1	TRAF5	c24
0.290489486413271	0.302418001313079	0.159	0.148	1	PMVK	c24
0.47410199261029	-0.30230526870488	0.033	0.039	1	ZFAT	c24
0.0258696813882413	0.302290111483934	0.307	0.274	1	EVI2B	c24
0.199836301537825	-0.302110977491365	0.055	0.069	1	KCNK6	c24
0.190243624910606	-0.302109198062518	0.113	0.13	1	OXCT1	c24
0.0230236791293416	-0.302053207833945	0.203	0.243	1	INPP5K	c24
0.372814363178565	-0.301926675204003	0.042	0.05	1	NUP35	c24
0.127002838527632	-0.301704947618101	0.063	0.08	1	TFDP2	c24
0.25307440166521	-0.301675219886588	0.03	0.039	1	SKP2	c24
0.555625561101812	-0.301543464059093	0.063	0.069	1	PIGB	c24
0.273092941622949	0.301382093630392	0.016	0.011	1	PTPRF	c24
0.144693289095401	-0.301357938031444	0.064	0.081	1	FEN1	c24
0.0219837375733177	0.301092676947596	0.239	0.206	1	ZNF131	c24
0.594393754783547	-0.301007424599801	0.039	0.044	1	CAMTA2	c24
0.916021484346297	0.30092437389955	0.105	0.106	1	SLC35B2	c24
0.233884342084419	0.300883092026541	0.042	0.034	1	NSUN3	c24
0.198281623501309	-0.30077344884874	0.041	0.052	1	TTPAL	c24
0.846952892582916	0.300727563197302	0.038	0.037	1	CCR6	c24
0.592364068988016	0.3007129489636	0.044	0.04	1	KBTBD3	c24
0.208741942863695	-0.300649858011082	0.016	0.023	1	SASS6	c24
0.0925305236520472	-0.300557360942787	0.137	0.163	1	CHURC1	c24
0.610672839408246	-0.300481671425585	0.014	0.017	1	TMEM44-AS1	c24
0.367132515683644	-0.300471766784137	0.113	0.125	1	NCOA1	c24
0.386355429080516	-0.300466826916053	0.058	0.067	1	EXOC4	c24
0.478022221011605	-0.300465291346867	0.024	0.028	1	H6PD	c24
0.224583432309702	-0.300395555011182	0.099	0.114	1	PLPP5	c24
0.274294812020663	-0.300373873913413	0.047	0.057	1	FAM89B	c24
0.193964958901871	-0.300321517764782	0.28	0.296	1	WAPL	c24
0.580775024409146	-0.300248268613476	0.075	0.081	1	SFMBT1	c24
0.417998780513399	-0.300091024672257	0.038	0.044	1	WDR89	c24
0.779321534941056	-0.300076858992191	0.027	0.029	1	PIK3C2B	c24
0.464405245104135	-0.300051368605503	0.06	0.067	1	CRY2	c24
0.248471651548598	0.299957040856071	0.03	0.023	1	SESN1	c24
0.588880641932066	0.299927654480373	0.108	0.103	1	TWISTNB	c24
0.071859204765664	-0.299883382204626	0.074	0.095	1	SLC25A4	c24
0.0595684651670088	-0.299881156834198	0.137	0.166	1	SNRPN	c24
0.017285467805148	0.29987702529736	0.381	0.35	1	HSBP1	c24
0.484342225853897	-0.299831680745394	0.014	0.018	1	AC027290.1	c24
0.184222291638713	-0.299737690972038	0.096	0.113	1	DTX3L	c24
0.0344621044375065	-0.299526696562785	0.17	0.206	1	HDGF	c24
0.161414654987352	-0.299463577018981	0.006	0.013	1	KLRC2	c24
0.00105652719692242	-0.299389158304243	0.303	0.372	1	MZT2A	c24
0.705115164535329	-0.29910866773661	0.013	0.014	1	JRKL	c24
0.38504160519035	0.299073190838382	0.031	0.026	1	TTC32	c24
0.0341253561826023	-0.299061908444296	0.101	0.13	1	MTA2	c24
0.200903404940397	-0.29902074572388	0.05	0.063	1	XPR1	c24
0.968459285757605	0.299001414353784	0.066	0.067	1	RNPEP	c24
0.0212082407051859	-0.298926298997671	0.066	0.094	1	GOLGA5	c24
0.00433132644592138	-0.298891644375189	0.171	0.223	1	RNF34	c24
0.0818011946674549	-0.298868631627448	0.108	0.133	1	ELMO2	c24
0.770591896556713	0.298760095488782	0.025	0.023	1	MLH3	c24
0.0288697359707738	0.298679652603653	0.278	0.25	1	DPH3	c24
0.0356643503833137	0.298564403728426	0.736	0.718	1	SAT1	c24
0.0438400873495549	-0.298337742570641	0.011	0.023	1	HIRA	c24
0.396146030244995	-0.298263552837805	0.016	0.021	1	PRR5	c24
0.0224451728198098	-0.298148532542305	0.382	0.423	1	SH3KBP1	c24
0.311610068601978	-0.297933747690045	0.071	0.082	1	CWC27	c24
0.331640606476475	-0.297734260516798	0.028	0.036	1	ZCCHC3	c24
0.0261565134526026	-0.297608718765016	0.308	0.343	1	LAMP1	c24
0.0163080915908207	-0.297124182863088	0.182	0.223	1	HDAC2	c24
0.0195999535763041	-0.297118869532722	0.11	0.145	1	KATNA1	c24
0.109305112735344	-0.296957342528354	0.03	0.043	1	IMMP1L	c24
0.833278954253407	0.296945721423192	0.027	0.026	1	RAB37	c24
0.0450697492888869	-0.296699713366627	0.116	0.148	1	SEC63	c24
0.00104819250499272	0.296628150191398	0.447	0.402	1	GPSM3	c24
0.402301894801495	-0.296555852751571	0.041	0.048	1	RPP14	c24
0.84824309913321	-0.296544527327702	0.019	0.02	1	TRAV16	c24
0.28469221213947	0.296528423293896	0.159	0.148	1	RUVBL2	c24
3.0675623339881e-12	-0.296459730672493	0.766	0.848	1.02879905557293e-07	CALM2	c24
0.168093140034667	-0.296299605065631	0.072	0.088	1	MOGS	c24
0.592257566731958	0.296214962980172	0.112	0.108	1	PPM1M	c24
0.00144900963631941	0.29596638206486	0.385	0.34	1	SBDS	c24
4.71809204690329e-10	-0.295943993583007	0.717	0.79	1.58235371069043e-05	ATP5F1B	c24
0.518147481238844	-0.295930945595209	0.035	0.04	1	SMURF1	c24
0.00142644634065221	-0.295887832779877	0.371	0.437	1	SF3A2	c24
2.21486876012464e-07	-0.295847759190859	0.604	0.69	0.00742822684770603	GPX4	c24
6.19523782519141e-09	-0.295773136731243	0.725	0.778	0.000207775886181269	EDF1	c24
0.0126757561627721	0.295764090460796	0.505	0.478	1	NOP10	c24
7.99778894723598e-08	-0.295731519806794	0.654	0.755	0.002682298457124	ISG20	c24
0.000425146770665692	-0.295667893467927	0.503	0.565	1	CD3G	c24
0.387596308255194	-0.295564418580481	0.017	0.022	1	TMEM155	c24
0.491381518915097	-0.295541451081716	0.03	0.035	1	KMT5A	c24
0.000782580067543364	0.295457469046895	0.527	0.496	1	HSPA9	c24
0.863262054477764	-0.295344600439142	0.112	0.113	1	MLLT6	c24
7.88159363836749e-07	-0.295095799843288	0.888	0.896	0.0264332887443569	ACTG1	c24
0.0575235026720107	-0.295074350613961	0.028	0.044	1	AC093323.1	c24
0.402675742562	-0.29499520032662	0.108	0.119	1	HECA	c24
0.0949992026753999	-0.294918574661627	0.195	0.226	1	NUP58	c24
0.0919316927599026	0.294908744077576	0.086	0.07	1	FKBP15	c24
0.00313052788926933	-0.294896821269678	0.305	0.361	1	TRAC	c24
0.0115674054919846	-0.294864315253261	0.077	0.11	1	KLF2	c24
0.072628666306989	-0.294777061988136	0.113	0.139	1	SCYL2	c24
0.10642647626095	-0.294756082146105	0.09	0.11	1	COX11	c24
0.172079710342405	-0.294731138665956	0.102	0.119	1	CDKN2A	c24
0.000156168974848286	-0.294703503777257	0.316	0.396	1	NDUFS6	c24
0.000940020210506622	-0.294657590184005	0.358	0.424	1	SF3A1	c24
0.390036971076885	-0.294647544504886	0.121	0.132	1	ERCC5	c24
0.397119573957394	-0.294539203924417	0.036	0.043	1	SMPD2	c24
0.00879663587209117	-0.294505415659295	0.201	0.248	1	PRDX3	c24
0.0724637706854006	-0.29439999703628	0.088	0.111	1	SKA2	c24
0.387211570198188	-0.294362221978268	0.086	0.097	1	ANKRD13C	c24
0.000804630798027985	0.294239239195826	0.45	0.402	1	HNRNPH3	c24
0.0335891332371594	-0.294233706041134	0.105	0.137	1	ABHD12	c24
0.1161766962006	-0.29404348216207	0.079	0.098	1	ATE1	c24
0.237396559950035	-0.294026852688556	0.027	0.035	1	FAM50B	c24
0.0387996748031677	-0.293820876277162	0.107	0.136	1	POM121	c24
0.104437444357388	-0.29362451211677	0.006	0.014	1	CCNB2	c24
0.820426181290669	-0.293610494875654	0.014	0.015	1	FBXL19	c24
0.0281749765082487	-0.293428903503123	0.355	0.403	1	PRPF38B	c24
0.224819451657832	-0.293294194414933	0.011	0.017	1	HSD17B4	c24
0.558850219464944	-0.29311764984401	0.119	0.127	1	CWF19L2	c24
0.00185087243392229	-0.292995477498584	0.283	0.349	1	GNL1	c24
0.279939983678579	-0.292837133896379	0.031	0.04	1	SLC35B4	c24
0.339238723026516	-0.292737332685511	0.042	0.051	1	THADA	c24
0.00024783271497458	-0.2927129370642	0.385	0.462	1	ARF6	c24
0.08419402252575	-0.292695456343989	0.05	0.068	1	ASPSCR1	c24
0.126141505074297	-0.292383042027939	0.071	0.089	1	RRP15	c24
0.000914550213361509	-0.292137080266692	0.321	0.388	1	MRPS36	c24
0.000585596489731483	-0.292100279626595	0.184	0.25	1	AC004687.1	c24
0.575069997822343	-0.292081699153253	0.008	0.01	1	HYAL2	c24
0.387141536068363	-0.29206231761252	0.042	0.05	1	MOB3C	c24
0.28375032849106	0.292061889361128	0.068	0.058	1	AMIGO2	c24
0.481319452252048	-0.291902703893149	0.016	0.02	1	GTPBP2	c24
0.0160142991196991	-0.291878269304019	0.299	0.352	1	MFSD10	c24
0.0690236183832336	-0.291751941151813	0.094	0.118	1	B9D2	c24
0.303518059814942	-0.29148301188362	0.11	0.123	1	PTPN4	c24
0.93639725313958	0.291395842896234	0.025	0.026	1	CRYL1	c24
0.623069338434291	-0.291358239003237	0.028	0.032	1	MOCS3	c24
0.139751386435384	-0.291193932667372	0.082	0.1	1	ZNF33A	c24
0.0339069037324452	0.291186689227181	0.041	0.027	1	IFIT3	c24
0.0803873887184259	0.291015450042876	0.129	0.108	1	TSPAN5	c24
0.141472755156015	0.290936597720233	0.093	0.078	1	SRFBP1	c24
0.0404154779133549	-0.290546505975146	0.215	0.255	1	USP47	c24
0.360533347360305	-0.290536104909893	0.071	0.081	1	HINFP	c24
0.421421415774585	-0.290486946601969	0.101	0.111	1	STAG1	c24
0.219660433923486	-0.290442215304368	0.013	0.019	1	EXD3	c24
0.137257396766127	-0.290328236516656	0.008	0.015	1	TRBV5-1	c24
0.0143664727704144	-0.290193538868914	0.184	0.225	1	CDC5L	c24
0.00791157915285697	-0.290134849071658	0.164	0.21	1	BRI3	c24
0.496163631095493	0.28991535359194	0.044	0.039	1	ZNF473	c24
0.0150007888157372	-0.289786055330924	0.162	0.203	1	NSMCE3	c24
0.292484751839425	-0.289506101500403	0.134	0.149	1	RB1	c24
0.000757321259883446	-0.289441215435147	0.248	0.319	1	TRAPPC4	c24
0.362876632282054	0.289355718024616	0.108	0.1	1	ATOX1	c24
0.0891193007977011	-0.289284235411548	0.138	0.166	1	ZNF451	c24
0.715510018700209	-0.289251389325097	0.132	0.125	1	DTHD1	c24
0.0038631312287177	-0.289194661373053	0.363	0.412	1	MAP2K3	c24
0.0147658970005864	0.289157165643916	0.294	0.257	1	LMAN1	c24
0.000908557636514522	-0.28892295102073	0.296	0.366	1	SERPINB1	c24
0.131253712655881	0.288853215035921	0.146	0.129	1	ERCC1	c24
0.605433064825836	0.288723392679621	0.075	0.071	1	ERF	c24
0.481107665791074	0.288629889488772	0.017	0.014	1	SLC10A7	c24
0.469949338156247	-0.288615439072105	0.058	0.065	1	ZNF567	c24
0.195323376987238	0.288590647769556	0.208	0.191	1	ARL4A	c24
0.463625191546665	0.288577846051583	0.079	0.072	1	ASCC1	c24
0.0673938400877077	-0.288413977128951	0.113	0.14	1	SASH3	c24
0.0802416738820015	-0.288309313868158	0.11	0.136	1	LTA4H	c24
0.310465741192682	0.288284360614524	0.049	0.041	1	ZADH2	c24
0.301138326491433	0.288263740679461	0.022	0.017	1	VCL	c24
0.666425462950118	0.288129918341723	0.016	0.014	1	C14orf93	c24
0.130903979414905	-0.287965770910345	0.212	0.241	1	TGOLN2	c24
0.281355401232326	-0.287737018059084	0.093	0.106	1	SLC25A26	c24
0.0112926383606906	-0.287500964947744	0.22	0.268	1	MAP7D1	c24
0.182556274912926	0.28746134091783	0.064	0.053	1	AC058791.1	c24
0.105634872105105	-0.287431830799274	0.028	0.041	1	GTF2E1	c24
0.640800972306611	-0.287279568140471	0.017	0.02	1	EPHB6	c24
0.114064421488523	-0.287268945560584	0.151	0.175	1	RPS6KA3	c24
0.0447836738594007	-0.287156420708503	0.068	0.092	1	SARDH	c24
0.00711920272363742	-0.287143042733052	0.108	0.149	1	GLO1	c24
3.37904327989885e-10	-0.286976271907865	0.8	0.833	1.13326353521248e-05	SLC25A3	c24
8.93033334429142e-06	-0.286975479188523	0.33	0.423	0.299505519700846	EMC7	c24
0.0816239503295899	-0.28696659219721	0.088	0.111	1	PRKAG2	c24
0.0219573506338054	-0.286966582571054	0.129	0.166	1	MRPL50	c24
0.0219399592866484	-0.286925386753823	0.179	0.217	1	CAB39	c24
0.317984045999787	-0.286799750102587	0.016	0.022	1	PLPP6	c24
0.11517934700344	-0.286643726101944	0.146	0.172	1	RASSF1	c24
0.15267641336877	0.286486481629146	0.063	0.05	1	DLGAP1-AS1	c24
0.17964247550119	-0.286382075397162	0.124	0.144	1	POLR1C	c24
0.000185620778959045	-0.286373910123649	0.467	0.542	1	SURF4	c24
0.0667392607654081	-0.286289799945104	0.234	0.268	1	CEP57	c24
0.471850321326807	0.286253020693322	0.011	0.008	1	CCDC122	c24
0.152510961409558	-0.286148809936774	0.124	0.145	1	DIDO1	c24
0.283611255532906	0.286147247604108	0.031	0.04	1	IFIT1	c24
0.219480700098413	0.286033302806602	0.097	0.085	1	TOMM34	c24
0.275175709069931	-0.285989531505489	0.033	0.042	1	UTP20	c24
0.289066400367387	0.285965539876202	0.077	0.067	1	GPN2	c24
0.536010995902286	0.285835351501961	0.053	0.048	1	AC073332.1	c24
0.094279829453488	0.285806325521329	0.058	0.044	1	SLC41A1	c24
0.309358299591008	-0.285747282299836	0.108	0.123	1	HCG18	c24
0.226873507141617	-0.285694995687698	0.053	0.065	1	EIF5A2	c24
0.0564026664050837	-0.285623946032648	0.085	0.11	1	SNAPC5	c24
0.00218156749154411	-0.28556980115653	0.17	0.225	1	POLE3	c24
0.185607601033315	-0.285513040493898	0.192	0.216	1	MYCBP2	c24
0.0159233953266687	0.285494919355791	0.25	0.215	1	EED	c24
0.343622687666752	0.285460381566277	0.083	0.075	1	MANBA	c24
0.133933558005957	-0.285453101880422	0.134	0.157	1	STX4	c24
0.000134851351331638	-0.285378432467971	0.369	0.45	1	ARPC5	c24
0.401045296654956	-0.285282673058516	0.052	0.06	1	GCC1	c24
0.0175339441700224	-0.28528032974618	0.127	0.163	1	CRKL	c24
0.673227682870404	0.285128481344304	0.013	0.011	1	AL590399.1	c24
0.0724579208170571	-0.284988621427138	0.123	0.149	1	JKAMP	c24
0.139921563570178	0.284854842407575	0.119	0.102	1	SEC24A	c24
0.952892983448464	-0.284847148837428	0.02	0.021	1	SSX2IP	c24
0.0289739503554407	-0.284816581721586	0.09	0.12	1	HARS2	c24
0.00229260583673329	-0.284799953995204	0.197	0.254	1	NDUFB7	c24
0.160596334062418	0.284685119342782	0.162	0.145	1	RNF139	c24
0.6607894240913	0.284612634275093	0.024	0.021	1	ZNF543	c24
0.15947739540201	-0.284399754576619	0.069	0.086	1	PHF21A	c24
0.0474956221805238	-0.284250552879777	0.14	0.172	1	POLR2D	c24
0.124305141222984	-0.284220022520694	0.222	0.249	1	B4GALT1	c24
0.314061403151155	-0.284189842586418	0.107	0.121	1	TBL1XR1	c24
0.251791244122488	-0.284109629227009	0.039	0.049	1	CDK2	c24
0.0751137875458444	0.284059253945889	0.11	0.09	1	BLVRB	c24
0.00480436845063925	0.28375757336178	0.464	0.428	1	RNF7	c24
0.403377536776844	0.283690006086225	0.053	0.047	1	PDHX	c24
0.47435128671472	0.283684102178259	0.035	0.03	1	EFCAB7	c24
0.00973599810236195	-0.283608435361778	0.146	0.187	1	CDK4	c24
0.0881088137226591	-0.283510185454187	0.137	0.162	1	FAM120AOS	c24
0.34708916714316	-0.283501580792746	0.017	0.023	1	KLC4	c24
0.105304217423762	-0.283454933316453	0.03	0.043	1	SWI5	c24
0.778702262822899	0.283360491463847	0.03	0.032	1	THEM4	c24
0.0738118096462538	-0.283107329384872	0.175	0.201	1	FDPS	c24
0.030437858291541	-0.283037484875436	0.047	0.07	1	ZBED4	c24
0.670425689010863	0.28302451944414	0.053	0.051	1	ZNF836	c24
0.843912925414947	-0.283013131025895	0.024	0.025	1	MPP6	c24
0.977753909322225	-0.282978977155275	0.009	0.01	1	KIFC3	c24
0.694721812850894	0.282957795075919	0.03	0.027	1	CRAT	c24
1.05883536203123e-28	-0.282922348091686	0.984	0.951	3.55112203718033e-24	RPL14	c24
0.469139187716765	-0.282916740412375	0.036	0.042	1	ZNF141	c24
1.22573968416025e-05	-0.282870079226708	0.307	0.406	0.411088575273665	SS18L2	c24
0.205068033529595	0.282772090483302	0.074	0.062	1	MAGEH1	c24
0.0304652853052182	0.282762572675933	0.368	0.341	1	SLIRP	c24
0.0431108807436217	0.28265414981883	0.181	0.155	1	GBP4	c24
0.11362722734172	0.282487128930698	0.429	0.427	1	ELOC	c24
0.0727606119340887	-0.282383198461749	0.14	0.168	1	ISG20L2	c24
0.208589286827476	0.282373203554043	0.082	0.069	1	MAIP1	c24
0.412266463172791	0.282358135047514	0.055	0.048	1	NIPSNAP1	c24
0.152909135443591	-0.282320476567789	0.099	0.117	1	NUPL2	c24
0.0319754631752299	-0.282231014366591	0.121	0.154	1	TPD52L2	c24
0.0431390099963537	-0.282173881269951	0.066	0.09	1	ZNF688	c24
0.181133897793466	-0.282006302407282	0.049	0.062	1	SNX18	c24
0.268247531575035	-0.281757662144992	0.013	0.019	1	TRBV7-6	c24
0.000147789290257484	-0.281715511784364	0.527	0.583	1	SPCS1	c24
0.00254208652641928	0.281699803364238	0.464	0.425	1	G3BP2	c24
0.00630418445245107	0.281649518700919	0.226	0.186	1	SLF1	c24
0.917017022572917	-0.281551107291368	0.02	0.021	1	EPB41L5	c24
0.0755293320649901	0.281546253150026	0.123	0.102	1	PRPF39	c24
0.0193939437578226	-0.281484952199431	0.108	0.144	1	FADD	c24
0.441049288896737	0.281378619873608	0.011	0.008	1	IL6R	c24
0.18963404589297	-0.281367905369331	0.113	0.132	1	DPP9	c24
0.00706539418269961	-0.281344377066336	0.195	0.244	1	PARP1	c24
0.577587104806111	0.281321089602632	0.022	0.019	1	TMEM79	c24
0.222824932227504	-0.281187683155506	0.263	0.289	1	PRDM2	c24
0.0323563329052812	-0.281092830885463	0.069	0.095	1	NAA30	c24
0.460655595704816	-0.281030281396231	0.011	0.015	1	ZNF225	c24
0.753480679513422	0.281022110526806	0.017	0.016	1	ZNF222	c24
0.165218218225531	-0.280877535877095	0.08	0.098	1	FBXO33	c24
0.650521680168049	-0.280754531837092	0.033	0.036	1	TCAF1	c24
0.525024090824322	-0.280685812476871	0.024	0.028	1	URB2	c24
0.124924837834368	0.280620319617688	0.094	0.078	1	MLH1	c24
0.194841804647799	0.280441571451169	0.061	0.05	1	GLMP	c24
0.463317941634307	-0.280289772473648	0.011	0.015	1	ZNF565	c24
0.742743880510721	-0.280213368539542	0.091	0.095	1	NECAP1	c24
0.0421942551268541	-0.280040730212731	0.115	0.147	1	FPGS	c24
0.27738629003905	-0.279885555737762	0.178	0.197	1	PNKP	c24
0.222621951882733	-0.279804196277774	0.046	0.057	1	CLASP2	c24
0.680965876033777	0.279760150969027	0.038	0.042	1	MYC	c24
0.152122857845005	-0.279540370602915	0.086	0.105	1	BLZF1	c24
0.333792910858807	-0.279420128153935	0.395	0.408	1	NELL2	c24
0.204483391066002	0.279273085401932	0.049	0.039	1	MIB1	c24
0.0156889765996083	0.279114424188103	0.423	0.397	1	TOP1	c24
0.11053627326119	0.279106177134514	0.005	0.012	1	REG4	c24
0.556555882347126	-0.278896651159996	0.042	0.048	1	PIK3CB	c24
0.00526462742047654	-0.278858025530636	0.267	0.319	1	HMGN4	c24
0.0451328153592816	-0.278689254532352	0.088	0.116	1	MYNN	c24
0.419901612941376	-0.278597169358348	0.03	0.036	1	BMPR2	c24
0.51540326356739	-0.278554953381197	0.044	0.05	1	METTL2B	c24
0.481822478826171	0.27847820548893	0.033	0.028	1	AL139246.5	c24
0.0500409725928711	-0.278403746502577	0.178	0.214	1	PPP1R10	c24
0.000173438799168195	0.27829927980282	0.343	0.283	1	RIOK3	c24
0.442591782698932	-0.278246525339499	0.009	0.013	1	U2AF1	c24
0.330215009543401	-0.278217526415737	0.035	0.043	1	ZNF48	c24
0.148329637592036	0.278203966300673	0.064	0.052	1	PARP10	c24
0.5343996472227	0.278172805940696	0.011	0.009	1	CA11	c24
0.956108524015652	-0.278168242992356	0.058	0.057	1	MTMR12	c24
0.0994268612307242	-0.278059378029941	0.072	0.092	1	HEATR1	c24
0.517911668908942	0.277971188672009	0.011	0.009	1	AC005037.1	c24
0.478032149958549	0.277932550915295	0.022	0.018	1	FUCA2	c24
0.229462254142561	-0.277898197560297	0.061	0.074	1	PIGG	c24
0.29719069939713	0.277628361515827	0.027	0.021	1	ZNF548	c24
0.276290881975137	-0.277508084070684	0.132	0.148	1	DDX52	c24
0.00435643578754152	-0.277278923598161	0.149	0.199	1	HACD3	c24
0.530770497618115	-0.27725878796591	0.009	0.012	1	YPEL4	c24
6.10698378460767e-18	-0.277033318381988	0.97	0.94	2.04816022168172e-13	RPS16	c24
0.0687869490834749	0.276967165254363	0.245	0.222	1	TMEM243	c24
0.669168726743475	-0.27694775329652	0.017	0.02	1	DPY19L1	c24
0.438132767068142	-0.276761037539507	0.035	0.041	1	SLC35D1	c24
0.0300073622378634	0.276711989676049	0.352	0.323	1	PPHLN1	c24
0.1472510601932	0.276631350186114	0.22	0.203	1	STAM	c24
0.167966263759139	-0.276596317579359	0.046	0.059	1	FAM217B	c24
1.50246343894323e-06	-0.276500254005034	0.585	0.662	0.050389618815278	COX5B	c24
0.33977176339179	-0.27644863855248	0.033	0.041	1	SPATA5L1	c24
0.418640714179833	-0.276156315071692	0.016	0.02	1	PRICKLE3	c24
0.0155840792351268	-0.276020977840338	0.077	0.109	1	FBXL15	c24
0.018026526951528	-0.275881475729185	0.175	0.216	1	MRPS18B	c24
0.0891919997721573	-0.275854857702304	0.049	0.066	1	NPTN	c24
0.202945873162286	-0.275815682981348	0.086	0.102	1	NUDT1	c24
0.0864325871508785	-0.275709465060206	0.208	0.241	1	CAND1	c24
0.00888543878050759	-0.275300838452944	0.075	0.108	1	ZMYND11	c24
0.481930932898659	-0.275120676356755	0.09	0.098	1	WASHC2C	c24
0.32760176401096	0.274971841836157	0.02	0.016	1	LRP12	c24
0.0464916348249504	-0.27494279887543	0.17	0.202	1	TIMM23	c24
0.361615737073547	-0.274881388482046	0.083	0.094	1	GTDC1	c24
0.0371450501322396	-0.274776155249388	0.308	0.346	1	RNF145	c24
0.0450943704862435	-0.274755805527099	0.093	0.12	1	PPIH	c24
0.219294036840266	-0.274734171262214	0.057	0.07	1	ARID3B	c24
0.170808285968938	-0.274588182968559	0.071	0.087	1	PLCG1	c24
0.381110312451392	0.274444795844933	0.055	0.048	1	FANCA	c24
0.397373182166151	0.274277098922954	0.02	0.016	1	GAL3ST2	c24
0.912811576962941	0.274272368635006	0.031	0.031	1	GCA	c24
5.18746486626948e-06	-0.274066878057146	0.783	0.788	0.173977196684946	CD99	c24
0.904624391257563	-0.274030790843821	0.013	0.012	1	NLK	c24
9.33082098957776e-05	-0.273931066536135	0.329	0.414	1	IER2	c24
0.08598041773763	-0.27392577598581	0.14	0.166	1	AK3	c24
0.00511079304697111	0.273873295356938	0.327	0.284	1	WDR33	c24
0.748189643769041	-0.273625185501567	0.027	0.029	1	C11orf80	c24
0.289387698183748	-0.273598790594749	0.121	0.137	1	C16orf72	c24
0.112821193004806	0.27339805110598	0.072	0.058	1	FRS2	c24
0.0810512050682769	-0.273243284578807	0.145	0.171	1	GRINA	c24
0.232592587487926	-0.273196737922198	0.11	0.127	1	GMFB	c24
0.0537253387957395	-0.27294451390915	0.121	0.148	1	GSKIP	c24
0.462172240026743	0.272698083266013	0.058	0.052	1	PUS3	c24
0.2162250109783	-0.272542423689904	0.079	0.094	1	RPGR	c24
0.00526259798409891	-0.272538736741359	0.214	0.267	1	ARFGAP3	c24
0.162469296774099	-0.272494579962595	0.027	0.037	1	GCLC	c24
0.00633977966419324	-0.272470442205201	0.316	0.369	1	BCL7B	c24
0.713259819231968	0.272331940824857	0.024	0.022	1	FSCN1	c24
0.341366062486637	-0.272300493554379	0.063	0.073	1	ZFY	c24
0.283024964721801	-0.272212861443981	0.008	0.013	1	C19orf44	c24
0.0795350486275944	0.272166570918068	0.193	0.17	1	MGAT2	c24
0.270363663683999	-0.272127096973418	0.08	0.094	1	MPRIP	c24
0.41384303084057	-0.271961251073591	0.055	0.063	1	KLHL12	c24
0.141217086404985	0.271862797144903	0.052	0.04	1	ULK4	c24
0.0172315119324216	0.27181314085328	0.48	0.446	1	RPL22L1	c24
7.0037123803599e-05	-0.271753861259655	0.55	0.619	1	PSMB8	c24
0.105216931521554	-0.271745476959449	0.154	0.178	1	RFX1	c24
0.0765720338191921	-0.271743654888871	0.2	0.231	1	GPBP1L1	c24
0.527880395595511	0.27174211190022	0.019	0.016	1	ARPC4-TTLL3	c24
0.0812445500104529	-0.271650507336262	0.484	0.519	1	ITK	c24
0.00039780091427095	-0.271410718386414	0.157	0.222	1	NOLC1	c24
0.496753619662926	-0.270958841403535	0.08	0.088	1	NOTCH1	c24
0.450782891738402	-0.270838676810013	0.028	0.034	1	SLC25A53	c24
0.0175479302867153	0.270792030003885	0.129	0.101	1	TMC8	c24
0.290316184791809	0.270784518486777	0.074	0.064	1	CTNNA1	c24
0.000901472483319975	-0.270772186200439	0.404	0.474	1	GYPC	c24
0.0108872952018468	-0.270628103811273	0.138	0.18	1	MRPL37	c24
0.00141594919883655	-0.270584452065188	0.274	0.336	1	ERGIC3	c24
0.00736670952847969	0.270358146885581	0.357	0.321	1	ZNF267	c24
0.27860400733504	0.270306756675884	0.209	0.2	1	RBM18	c24
0.0588237295509059	-0.270241936932746	0.025	0.04	1	C1orf109	c24
0.371665364379835	0.270199767624319	0.182	0.174	1	HMGN3	c24
0.41212150940167	-0.269802157291292	0.088	0.099	1	ANKRD36B	c24
0.0876900902634002	0.269635121860119	0.27	0.248	1	DNAAF2	c24
0.116042767137228	-0.269624477727203	0.064	0.083	1	SYNGR3	c24
0.00600093036667398	-0.269381671164322	0.329	0.383	1	NR1H2	c24
0.905431664830809	-0.269191468371922	0.042	0.043	1	TAP2	c24
0.887004586349121	-0.269017942064443	0.02	0.02	1	CACNB1	c24
0.821394807750513	0.268996560624905	0.025	0.027	1	PARP2	c24
0.204906520899138	-0.268983766949702	0.143	0.164	1	VPS36	c24
0.0270479513397634	-0.268630188219983	0.197	0.237	1	SYNRG	c24
0.00337832950349284	-0.268618507743128	0.308	0.365	1	DDT	c24
0.329035190619861	-0.268606279318149	0.086	0.098	1	WDR36	c24
0.0288107823634181	-0.268591443086555	0.115	0.148	1	GCLM	c24
0.575304504408131	-0.268430769479034	0.09	0.096	1	SNIP1	c24
0.186047187675377	0.268430410326442	0.132	0.117	1	IMPA1	c24
0.0136811009708498	-0.268236017141693	0.577	0.603	1	SF3B1	c24
0.000454985023885077	-0.268154649580958	0.483	0.544	1	SET	c24
0.248690777662494	-0.268149962798919	0.071	0.084	1	CNPY2	c24
0.27686743426989	-0.26808803181894	0.053	0.064	1	CDC23	c24
0.309746997882247	0.268053051152354	0.086	0.076	1	APTX	c24
0.859561060508364	-0.267714946376151	0.019	0.018	1	FAM215B	c24
0.00444766814081383	0.26766467395789	0.354	0.309	1	RAB8B	c24
0.00832967954296156	0.267635887437081	0.156	0.121	1	TP53INP1	c24
0.0792867878300838	-0.267521194429465	0.074	0.095	1	TIMM29	c24
0.145205347613659	-0.267508994687221	0.209	0.232	1	RAB22A	c24
3.90966840397688e-05	-0.26745821942497	0.434	0.522	1	PSMB3	c24
0.888531061916938	-0.267427759046972	0.013	0.012	1	CIITA	c24
0.0591066210041165	-0.267409352353456	0.138	0.169	1	SLC35B1	c24
0.00390603282562121	0.26733825917186	0.314	0.27	1	RNASEK	c24
0.126962504827181	-0.267180736745639	0.135	0.16	1	UBXN2A	c24
0.414635862488954	0.267152056994112	0.074	0.067	1	ATP5S	c24
0.00814934640794339	-0.266927097003284	0.25	0.296	1	TNFSF10	c24
0.35916042309038	0.2668687387283	0.112	0.101	1	SOCS3	c24
0.824033490936013	-0.266562028669579	0.017	0.018	1	MOSMO	c24
0.68461256622415	-0.266526936608418	0.058	0.062	1	VPS16	c24
0.717257716960418	-0.266250230072842	0.02	0.023	1	CPM	c24
0.103381640321259	-0.266150673238275	0.009	0.018	1	CCNA2	c24
0.00596428710974431	-0.266148133192723	0.34	0.4	1	YME1L1	c24
0.0982028994712911	0.26611649962648	0.197	0.175	1	ABHD14B	c24
0.7596788951716	0.266099919594981	0.014	0.016	1	OPN3	c24
0.00638906557886762	-0.266088311439631	0.236	0.288	1	DNPH1	c24
0.133481792861828	-0.266059234329344	0.066	0.083	1	PEX2	c24
0.000404893413881159	-0.265964296519245	0.267	0.339	1	HMGA1	c24
0.477117351389102	0.265919207525632	0.03	0.025	1	FCGRT	c24
0.0299643749808173	-0.265872434868526	0.145	0.178	1	WDR45B	c24
0.658339989776189	-0.265597651601257	0.072	0.077	1	ZNF460	c24
7.26093343959945e-05	-0.265558221670251	0.487	0.564	1	CSTB	c24
4.95579369761888e-06	-0.265550484676264	0.34	0.445	0.166207409030742	LAPTM4A	c24
0.0376778650797701	-0.265435545807727	0.198	0.236	1	SIGIRR	c24
0.0984397420578729	-0.265127884349791	0.08	0.101	1	RNF168	c24
0.0120661353854198	-0.265065742166434	0.17	0.216	1	THUMPD1	c24
0.043296033167116	-0.265063001335706	0.299	0.34	1	PRKCH	c24
0.109219523296634	-0.264961220841133	0.135	0.159	1	YEATS4	c24
0.00319580185248793	-0.264914935633492	0.325	0.386	1	SSR3	c24
0.0526495857378672	-0.26491045530971	0.146	0.18	1	TTC19	c24
0.705577727279506	0.264874513888026	0.011	0.01	1	ZNF395	c24
0.197153933315098	-0.2647786964151	0.16	0.183	1	ANKRD44	c24
0.14213619545723	-0.264770179457218	0.115	0.135	1	TMEM199	c24
0.399411879850999	0.264711009970097	0.064	0.057	1	AC083798.2	c24
0.276685720085225	-0.264673733839109	0.033	0.042	1	ZNF518B	c24
0.00980141222746379	-0.264666743610484	0.343	0.399	1	ACTR2	c24
0.146257429200813	0.264624784072922	0.162	0.145	1	RPF1	c24
0.122896870060585	-0.264543863241924	0.192	0.217	1	CRBN	c24
0.0278085023475333	-0.264531887438343	0.168	0.207	1	FAM136A	c24
0.0697673695264852	-0.264440557483983	0.113	0.141	1	BORCS5	c24
0.627734414496478	-0.264070761866272	0.009	0.011	1	AC025171.3	c24
0.129616420990986	0.263981258449541	0.044	0.033	1	LRRC8B	c24
0.349980193274444	-0.263843535180475	0.047	0.056	1	STRADA	c24
0.118293014016573	0.263579614251672	0.321	0.308	1	GSTO1	c24
0.002204089590435	0.263449422634086	0.236	0.187	1	EOMES	c24
0.730016134288672	-0.263158245935693	0.047	0.05	1	PCGF3	c24
0.179492380541646	-0.263124289650457	0.031	0.043	1	PATZ1	c24
0.794845477688539	-0.2630289393554	0.017	0.019	1	COL9A2	c24
0.103502130697626	0.26295901815418	0.23	0.21	1	UBE2J1	c24
0.440375134048158	-0.262924900638163	0.02	0.016	1	ZNF407	c24
0.172072159490717	-0.262822195613846	0.101	0.119	1	TRAFD1	c24
0.328661082794988	-0.262662762325676	0.068	0.078	1	EGLN1	c24
0.544884724978653	-0.262591530522608	0.011	0.014	1	THNSL1	c24
0.125319448760621	-0.262507867648223	0.093	0.113	1	AKAP8	c24
0.492676669519428	0.262429554199829	0.083	0.076	1	SNAPC1	c24
0.274429244045264	-0.262056658789312	0.153	0.17	1	NSD1	c24
0.0402361400519205	-0.26199020701619	0.17	0.203	1	SMIM29	c24
0.324023127801683	-0.261919084966844	0.033	0.041	1	TMEM209	c24
0.43264592676321	0.261864004060276	0.085	0.078	1	LIMA1	c24
0.315315458108063	-0.26183586145725	0.159	0.172	1	KDSR	c24
0.000645804986399644	-0.2618041136768	0.489	0.544	1	ATP5ME	c24
0.0751183093418898	-0.261668388721129	0.255	0.289	1	FKBP11	c24
0.000635401603849565	0.261576341817984	0.296	0.242	1	CENPC	c24
0.738657343657979	-0.26143753524021	0.031	0.034	1	PEX6	c24
0.975812158410718	-0.261394945955772	0.025	0.025	1	DENND1A	c24
0.0773201452701189	0.260932740353316	0.052	0.038	1	LPP	c24
0.364433928593923	-0.260923769662548	0.022	0.028	1	USP28	c24
0.409287271979803	0.260899316469144	0.046	0.039	1	SLC25A37	c24
0.106689148093906	-0.26088952967989	0.492	0.527	1	PNISR	c24
0.620705231902357	-0.260684302385369	0.137	0.145	1	PHC3	c24
0.243452780064798	-0.260631045196296	0.049	0.06	1	TESK1	c24
0.137270613894155	-0.260610009145983	0.061	0.077	1	CISD3	c24
0.0785507058274739	-0.260555452199656	0.121	0.148	1	CDC27	c24
0.134823312529033	-0.260489208839364	0.083	0.102	1	GUCD1	c24
0.713703221807336	-0.260178391566965	0.038	0.041	1	SLC35B3	c24
0.457858325467807	-0.26015482679777	0.008	0.011	1	ZNF77	c24
0.138713574981541	-0.260154561779085	0.248	0.272	1	NAB1	c24
0.540531278757071	0.260142643477514	0.053	0.048	1	SPON2	c24
0.049401300037207	0.259972447831185	0.549	0.55	1	TRAT1	c24
0.069393227807843	-0.259933335166903	0.055	0.074	1	NFYB	c24
0.0250772759637514	-0.259790920243387	0.182	0.224	1	CLPTM1	c24
0.391312160460573	-0.259529888915739	0.027	0.033	1	DGLUCY	c24
0.798836665326344	-0.259523189432379	0.011	0.012	1	AK9	c24
0.559272211589808	-0.259036355073698	0.052	0.057	1	DXO	c24
0.103984153395428	0.258999711503933	0.157	0.136	1	LAX1	c24
0.0840853417876727	-0.258667665903148	0.097	0.122	1	GFM1	c24
0.54847367063963	0.258627466942908	0.038	0.033	1	EIF2AK4	c24
0.085690197894069	-0.258523169404584	0.118	0.144	1	BIN2	c24
0.484766630528508	0.258444564497913	0.093	0.086	1	GOLIM4	c24
0.0167997606487486	-0.258442799940095	0.23	0.277	1	NDUFS8	c24
0.346347712103269	0.25843259940854	0.039	0.033	1	SLC39A10	c24
0.833330821756934	0.2584089772969	0.094	0.094	1	ZDHHC24	c24
0.332146866969707	-0.258406147489127	0.013	0.018	1	TMEM218	c24
0.0019455891897454	0.258287486067852	0.184	0.144	1	CHD3	c24
0.0606774590472527	-0.258034418476604	0.412	0.443	1	GCC2	c24
0.638333439443272	0.257982419839839	0.014	0.017	1	SMIM3	c24
0.0338573549853686	-0.257815358653584	0.173	0.208	1	RAB29	c24
0.990807374112892	0.257750940689002	0.097	0.1	1	ING2	c24
0.625984358549232	-0.257738919726116	0.09	0.095	1	ARHGAP25	c24
0.000785544880884376	-0.257694399581126	0.41	0.477	1	C1orf43	c24
0.109318507228389	-0.257650175093119	0.072	0.092	1	GSS	c24
0.226484690556435	-0.25744248570093	0.006	0.011	1	MTA3	c24
0.025127177995057	-0.257343713241922	0.19	0.231	1	MFF	c24
0.0215024629604676	-0.257336330552327	0.351	0.398	1	ARIH2	c24
0.000921817926668258	-0.25729716788737	0.403	0.473	1	GDI2	c24
0.531300622895633	0.257239357506056	0.259	0.26	1	PBDC1	c24
0.910495309004537	0.257230622397381	0.058	0.058	1	FASTKD5	c24
2.48470155730742e-05	-0.257172967737521	0.536	0.615	0.833319208289764	C11orf58	c24
0.00310808343198793	0.257157115889193	0.215	0.174	1	CDK6	c24
0.151900077029238	-0.257121433075877	0.116	0.137	1	RNASEH1	c24
0.743026747647295	-0.257070135583969	0.046	0.048	1	DGKD	c24
0.0594830278774665	0.256987839412654	0.558	0.55	1	SEM1	c24
0.000252989408710726	-0.256911014781505	0.412	0.487	1	DNAJC8	c24
1.59747251655633e-05	-0.256833809785442	0.597	0.669	0.535760332602663	SSR4	c24
0.27282349617864	-0.256760265954788	0.082	0.095	1	RPL26L1	c24
0.281896355217468	-0.256716933115925	0.099	0.112	1	TM2D2	c24
0.462908540387003	0.256645151391139	0.024	0.02	1	TIMP1	c24
0.480837058899722	-0.256643575954434	0.223	0.233	1	MARCH6	c24
0.151466498483724	-0.256638965257026	0.066	0.082	1	ERO1A	c24
0.0228996419538653	-0.256237868585501	0.175	0.214	1	CREB3	c24
0.691713283373625	0.255973926246979	0.02	0.018	1	SPAG5	c24
0.243350427934405	-0.255893608800822	0.104	0.119	1	BAG5	c24
0.539095969190427	0.255822110093345	0.145	0.139	1	BORCS6	c24
0.118910158246329	-0.255807005366444	0.038	0.052	1	RANBP6	c24
0.00327332256617202	-0.255806282036901	0.409	0.472	1	ATP5PB	c24
0.187829997239696	-0.255732007677328	0.124	0.144	1	TBC1D25	c24
0.427761844937838	-0.255720275191889	0.049	0.056	1	IDH1	c24
0.0204136243917091	0.255701411133262	0.179	0.15	1	TENT2	c24
0.168794341252351	-0.255668428994611	0.068	0.083	1	SIRT6	c24
0.0271800731568566	-0.255665807807325	0.116	0.148	1	PHF23	c24
0.00133578995397973	-0.255255189972493	0.316	0.389	1	STARD7	c24
0.0404991571294203	-0.255128645494729	0.126	0.158	1	TBC1D20	c24
0.218144787147749	0.254627023294383	0.041	0.032	1	TRBV3-1	c24
0.471537649778634	-0.254554763908476	0.025	0.03	1	ZNF397	c24
0.250675976836898	-0.254274598940096	0.016	0.023	1	LDAH	c24
1.73640504067616e-13	-0.254235524655928	0.931	0.943	5.8235552254197e-09	HLA-E	c24
0.2456085287996	-0.254111812260592	0.094	0.11	1	ACBD5	c24
0.113768953187168	0.254080198514377	0.126	0.108	1	XAF1	c24
0.000306632923526795	-0.253960647735052	0.486	0.547	1	SYNGR2	c24
0.819834619202425	-0.253781913402206	0.038	0.04	1	ATG16L2	c24
0.542613456702947	0.253763143573139	0.121	0.115	1	TNS3	c24
0.0490279321399578	0.253589104820118	0.237	0.209	1	MARCH5	c24
0.743911305514361	-0.253463230394592	0.03	0.032	1	CDK19	c24
0.928844208755091	0.253185021606478	0.057	0.057	1	MICAL2	c24
0.161752557406494	0.253023631933253	0.038	0.028	1	B3GALNT2	c24
2.54824898073039e-13	-0.252901451841288	0.953	0.918	8.54631743157357e-09	RPL22	c24
0.468694144763574	-0.252831331248506	0.074	0.082	1	MYO7A	c24
0.000866661462953961	-0.252806879407463	0.299	0.371	1	RPS19BP1	c24
0.0535395634768894	-0.252575067218005	0.47	0.51	1	FUS	c24
0.586525194350395	-0.252452947024757	0.047	0.043	1	MAN2C1	c24
0.219355985724134	-0.252306260969457	0.105	0.122	1	LINS1	c24
0.119581658167577	-0.252050472617975	0.099	0.121	1	TFE3	c24
0.256077567672936	-0.251880174132155	0.038	0.048	1	ZC3H4	c24
0.0361896243087772	-0.251837720573073	0.432	0.484	1	ZNF207	c24
0.363185663557121	-0.251834467167659	0.176	0.188	1	TBC1D10C	c24
0.027641957237724	-0.251817424968443	0.113	0.146	1	PPWD1	c24
0.00431122431184358	0.251478620797832	0.41	0.365	1	NAMPT	c24
0.057985777887591	0.251367069473149	0.057	0.041	1	HAPLN3	c24
0.431468407308259	-0.251201414333346	0.086	0.096	1	OXLD1	c24
0.0521667731871014	-0.25114234211393	0.127	0.158	1	YKT6	c24
0.0120216860362939	-0.251073131967361	0.237	0.293	1	PSMC2	c24
0.516007057540928	-0.251063944067654	0.06	0.066	1	TBC1D9B	c24
0.194480798554229	-0.251019656567878	0.019	0.027	1	MSANTD2	c24
0.65128794482124	-0.251004818244589	0.016	0.018	1	PQLC2	c24
0.274095127981358	-0.250955534355443	0.091	0.104	1	CCNG2	c24
2.48710617194135e-05	-0.250883266326059	0.547	0.626	0.834125667945689	NDUFA6	c24
0.0178610896234632	0.250873475145337	0.288	0.254	1	TDG	c24
0.787207326270614	0.250788513697445	0.016	0.014	1	SFXN5	c24
0.0186949968525119	0.250474842320349	0.423	0.388	1	CD63	c24
0.0674793303783895	-0.250375530563602	0.178	0.209	1	NORAD	c24
0.545244753022996	-0.2503435716661	0.02	0.024	1	LHPP	c24
0.0039748570919473	-0.250135042841308	0.267	0.329	1	MED4	c24
0.375707376431725	-0.250096493069003	0.046	0.054	1	GRAMD4	c24
0.0732269121710888	-0.249960030617257	0.236	0.27	1	PMPCB	c24
3.77502133191533e-05	-0.249892753653827	0.39	0.484	1	CDK2AP2	c24
0.0832384377268398	0.249811937097635	0.079	0.062	1	GRAMD1B	c24
0.00113802786853136	-0.249622092695257	0.599	0.647	1	TRBC2	c24
0.0405087150061854	-0.249605255763528	0.146	0.18	1	EI24	c24
0.165864317195432	-0.249503082279568	0.203	0.228	1	VPS37B	c24
0.0687698294213734	-0.249318447445512	0.154	0.184	1	TMEM126B	c24
0.293730801758781	0.249103661122186	0.077	0.067	1	R3HDM2	c24
0.0043500587573451	-0.248966380288514	0.308	0.37	1	CD164	c24
0.484037641352728	-0.248964281985312	0.06	0.067	1	EIPR1	c24
0.74576930497654	0.248910315354163	0.066	0.063	1	RNF185	c24
0.107020960935294	-0.248907588723392	0.086	0.107	1	LTV1	c24
2.31331896121271e-06	0.24857743493397	0.305	0.224	0.0775840913211519	ENTPD1	c24
0.954290128518111	-0.248130894289302	0.041	0.041	1	EIF4G3	c24
0.093555414629671	-0.248125861990018	0.16	0.186	1	MED31	c24
0.103053244717268	-0.248025450380191	0.096	0.119	1	NSF	c24
0.278955938128935	-0.247969158079074	0.105	0.12	1	CRK	c24
0.505373560709441	-0.247928588575727	0.011	0.014	1	MRPL12	c24
0.728249115941183	0.247926030815843	0.017	0.016	1	MBNL3	c24
0.574950551886819	-0.247794441037554	0.047	0.052	1	SLC25A16	c24
0.707213800539152	0.247790785079253	0.041	0.038	1	IL18R1	c24
0.21483320377845	0.247739305656414	0.05	0.041	1	AC011603.2	c24
0.941740140370826	-0.247698496906156	0.044	0.043	1	SNX29	c24
1.34881763224035e-12	-0.247684155755906	0.961	0.933	4.5236645750077e-08	RPL26	c24
0.0387251116447679	-0.247424738501556	0.091	0.119	1	LMNB2	c24
0.3547331043585	-0.247314695280406	0.017	0.023	1	GPAT3	c24
0.540638226731471	-0.247250200977481	0.009	0.012	1	PAN2	c24
0.57243690144909	0.246969157114151	0.058	0.054	1	MAPKAP1	c24
0.119953339008324	-0.246946510264349	0.088	0.108	1	TOR1B	c24
0.0870075418444265	0.246898103718764	0.132	0.111	1	TPP1	c24
0.861728975376369	0.24678539139749	0.02	0.02	1	LINC00476	c24
0.26927452859011	0.246484732982152	0.116	0.104	1	TRAPPC2B	c24
0.0175264009535539	-0.246385606362472	0.498	0.543	1	CREM	c24
0.312739911248143	0.246384893667666	0.153	0.141	1	C3orf38	c24
0.240567556690289	-0.246348187834109	0.016	0.023	1	ASPHD2	c24
0.547237880879472	0.246347043070839	0.042	0.038	1	CCDC184	c24
0.0461563050562858	-0.245857855477479	0.162	0.197	1	EXOSC1	c24
0.0773948756526896	-0.245744227019945	0.119	0.147	1	DAAM1	c24
0.0296695118338778	0.245574130829498	0.244	0.216	1	XPO1	c24
0.429485905765186	0.245500568794959	0.03	0.025	1	ZNF737	c24
9.66249011995111e-08	-0.245403808860926	0.785	0.836	0.0032406059364292	NCL	c24
0.879394245233418	-0.245132436620499	0.009	0.01	1	SEPT8	c24
0.125899441885368	-0.244902262554096	0.042	0.057	1	NAGPA	c24
0.635989781752589	-0.244841249273508	0.027	0.03	1	COX15	c24
0.494770776482774	-0.244837650420156	0.031	0.037	1	DHX37	c24
0.463117057493524	-0.244748544978526	0.02	0.025	1	DSE	c24
0.138502332419506	-0.244547892847461	0.069	0.086	1	KCTD5	c24
0.779013818342454	0.244525352036386	0.052	0.05	1	TADA1	c24
0.0228118187843743	0.244372479294656	0.228	0.193	1	BCL2L11	c24
0.367433744452153	-0.244322136201393	0.219	0.235	1	BACH1	c24
0.913757736702306	-0.244293341923652	0.06	0.058	1	ZNF274	c24
0.621551562429291	-0.24425674496358	0.046	0.05	1	ERGIC1	c24
0.888932930572335	0.244165273396677	0.024	0.023	1	AGAP3	c24
0.3111708109761	0.243849418444881	0.058	0.05	1	ZNF529	c24
0.458087343858222	0.243827553439414	0.069	0.062	1	NUDT15	c24
0.0374927320308131	-0.243518850401879	0.149	0.185	1	ARL5A	c24
0.519897253790415	0.243425028084632	0.036	0.032	1	TRIP6	c24
0.257243786218515	0.243404317090779	0.055	0.046	1	SMG8	c24
0.754271420788484	0.243343983963337	0.013	0.011	1	TBX19	c24
0.268781505209389	0.243328646480045	0.024	0.018	1	EVC	c24
0.608750674431966	-0.243282393626278	0.049	0.053	1	SLC9A6	c24
0.361318766482632	0.243275530305721	0.165	0.156	1	RAE1	c24
0.10546516206721	-0.243219608510274	0.153	0.177	1	HAT1	c24
0.0112093048515332	-0.243164446751231	0.164	0.208	1	DRG1	c24
0.00155810482875129	-0.242988837992706	0.184	0.243	1	CEBPG	c24
0.108225064882425	-0.242976600494014	0.134	0.159	1	CASZ1	c24
0.0770545942814897	0.242847335163789	0.214	0.188	1	SP110	c24
0.163981245630432	-0.24278811520634	0.082	0.099	1	ST6GALNAC4	c24
0.124983014350093	-0.242741818763573	0.105	0.127	1	WDR43	c24
0.000209592196563072	-0.242617771194716	0.48	0.57	1	ADRM1	c24
0.808591093655447	-0.242604527199241	0.017	0.019	1	TWNK	c24
0.000700850292807011	-0.24253896690879	0.354	0.431	1	GTF3C6	c24
0.71168670578411	-0.242526288789946	0.009	0.011	1	ENO3	c24
0.0329179661179332	-0.242342803308099	0.261	0.298	1	CALCOCO2	c24
0.712408945162824	0.242292232648174	0.013	0.011	1	TRIM36	c24
0.0836690198555877	-0.242213881561227	0.22	0.252	1	U2AF2	c24
0.925816745432127	0.242180646296865	0.014	0.014	1	FSIP1	c24
0.0283133604139418	-0.242037608952233	0.135	0.171	1	PFKP	c24
0.000911865294258331	-0.242000353166858	0.522	0.576	1	ANXA5	c24
0.00208465432220823	-0.241825117808124	0.478	0.532	1	NSA2	c24
0.00209849520142142	-0.241815545120686	0.44	0.501	1	CDC42SE2	c24
0.189413122447399	-0.241709677290288	0.154	0.174	1	MRPL27	c24
0.29198279090583	0.241548726882659	0.09	0.079	1	AP4B1	c24
0.0806529032313132	-0.241522734590811	0.261	0.297	1	PRKX	c24
0.398127160947728	0.241460657653897	0.035	0.029	1	USP35	c24
0.00809107938180353	-0.241165311027608	0.17	0.219	1	ATG5	c24
0.162855507971299	0.240937579797429	0.086	0.072	1	CPNE7	c24
0.022519896940306	0.240378699814672	0.176	0.146	1	DHX8	c24
0.00773628879802194	-0.240345519996168	0.222	0.273	1	RPAIN	c24
0.00155619718502871	-0.240328081083141	0.616	0.664	1	GNAS	c24
0.208541738068149	0.240316292993367	0.162	0.145	1	RBMX2	c24
0.131296976333586	-0.240231748000781	0.052	0.067	1	PLSCR3	c24
0.255196492204958	0.240040679406852	0.058	0.048	1	CYP4V2	c24
0.321736249839944	-0.239928761113138	0.033	0.041	1	FUNDC1	c24
0.177948191049532	-0.239784132864293	0.022	0.031	1	AC008555.5	c24
0.886415165956322	0.23978108623755	0.028	0.029	1	STAG3	c24
0.408792473318089	-0.239765121263671	0.039	0.046	1	CCNY	c24
0.681685605630767	0.239692590237097	0.011	0.009	1	ACTL10	c24
0.00296166185847989	0.239685552724211	0.7	0.665	1	SLC25A5	c24
0.777791593187378	0.239675927264476	0.064	0.063	1	MPV17	c24
0.208468835683665	-0.239606667386703	0.116	0.135	1	SLC7A6	c24
0.504315638971478	-0.239559333017183	0.042	0.048	1	MOV10	c24
0.0695831332688326	-0.239386852359941	0.181	0.214	1	NCK1	c24
0.0227929836073265	-0.238916301634491	0.131	0.168	1	MALSU1	c24
0.762307668532559	0.238604478079414	0.157	0.158	1	KBTBD4	c24
0.159689613797359	-0.238567906882122	0.14	0.162	1	TBC1D15	c24
0.0577425655717307	-0.238463926362356	0.075	0.099	1	ATP6V0E2	c24
0.15108309175495	-0.238388555739464	0.14	0.163	1	ATP6V1A	c24
0.151732828467552	-0.238386488507716	0.134	0.155	1	CLPX	c24
0.0170785352787275	0.238357629281303	0.673	0.647	1	ARL6IP5	c24
0.0452130852237944	0.238014452974265	0.737	0.728	1	H2AFZ	c24
0.490566814182023	-0.237990197377008	0.046	0.052	1	NUP155	c24
0.25801034990923	0.237948179467043	0.035	0.027	1	ASH1L-AS1	c24
0.337381962183563	0.237947925694237	0.08	0.071	1	TMEM205	c24
0.936336257229469	-0.237877473939139	0.033	0.034	1	SERAC1	c24
0.39069441230171	-0.237835947718243	0.038	0.045	1	TMED7	c24
0.932844756646745	-0.237818938943894	0.039	0.038	1	BMPR1A	c24
0.613724149274347	0.237799378392941	0.06	0.056	1	C12orf73	c24
0.294849731093841	0.237754074528937	0.017	0.013	1	ZNF628	c24
0.104290038418053	-0.237683244896047	0.123	0.147	1	DHPS	c24
0.769108374395862	-0.237680150698306	0.03	0.032	1	FIG4	c24
0.0274027518690525	-0.237674348847914	0.248	0.295	1	MRPS7	c24
0.000528177913208613	-0.237469166560842	0.503	0.571	1	CAPZB	c24
0.00536995559769853	-0.237391864696543	0.392	0.45	1	FKBP8	c24
0.974376346845463	0.237391444500071	0.03	0.03	1	DBN1	c24
0.0053748962037934	-0.237375373289441	0.242	0.296	1	PPP1R11	c24
0.170987617351898	0.237369750777416	0.173	0.157	1	DCAF13	c24
0.879644626674596	-0.237336616635762	0.025	0.026	1	RBM12B	c24
0.1488860299394	-0.237189090840598	0.105	0.125	1	TMEM223	c24
0.218525067940722	-0.237170921656172	0.086	0.102	1	C11orf98	c24
5.36475381899343e-05	-0.237170259440183	0.552	0.639	1	ATP6V0E1	c24
0.11788095887059	-0.237076268539247	0.058	0.076	1	ZNF672	c24
0.100139577866406	-0.236930028638163	0.162	0.19	1	CDC37L1	c24
0.244614996324034	-0.236705564909048	0.024	0.032	1	MTERF1	c24
0.149996732157047	-0.236692213027182	0.135	0.157	1	SINHCAF	c24
0.0832865646348932	0.236357236025235	0.102	0.083	1	PHF13	c24
0.000104758386831598	-0.236265143199733	0.624	0.663	1	SERBP1	c24
0.652409674114404	-0.236148198708955	0.02	0.023	1	ANKAR	c24
0.520119832389899	0.235937878253207	0.031	0.037	1	TAF4B	c24
0.0156899019781946	-0.235877029376283	0.142	0.183	1	OVCA2	c24
0.490928029494788	0.235866127272746	0.127	0.121	1	CASP7	c24
0.0909501988224936	-0.23585584320636	0.226	0.256	1	CNOT8	c24
0.245782410031723	0.235826904109286	0.053	0.044	1	ATN1	c24
0.415866321094025	0.235749277895729	0.06	0.053	1	GCFC2	c24
0.0800971080083103	0.235680340321283	0.535	0.516	1	LITAF	c24
0.583841499482771	-0.23567135949215	0.079	0.085	1	ASCC3	c24
0.0533656527355929	-0.235644944614981	0.107	0.134	1	MRPL11	c24
0.609108562965813	0.235466091551274	0.019	0.016	1	ZNF256	c24
0.020547413262621	0.235458365606429	0.263	0.227	1	VPS26A	c24
0.570995231306649	0.235173307416156	0.027	0.023	1	SWSAP1	c24
0.509444996391597	0.234464587145067	0.039	0.035	1	GBE1	c24
0.454502854034541	-0.234363609769608	0.022	0.027	1	C12orf4	c24
0.360430908771264	-0.23387895110395	0.008	0.012	1	ZNF653	c24
0.0021856603177767	0.233862813518872	0.726	0.689	1	CYTIP	c24
0.242852775478351	-0.233561235312498	0.168	0.188	1	RMND5A	c24
0.661317855306635	-0.233518745804603	0.011	0.009	1	MICU3	c24
0.649925288576692	-0.233461921380256	0.019	0.022	1	CFAP45	c24
0.611724421438759	-0.233451660617525	0.039	0.043	1	UBXN2B	c24
5.33690531138387e-05	-0.233439446427012	0.77	0.797	1	HNRNPDL	c24
0.126210835452974	0.233398809398266	0.038	0.028	1	NSUN6	c24
0.501268383561489	0.233296961113525	0.017	0.014	1	TMEM164	c24
0.11540102998614	0.233168068130587	0.145	0.125	1	ELL2	c24
0.0107017291157409	0.233138214910887	0.575	0.532	1	CTSW	c24
0.00149657561579802	-0.233096717658944	0.384	0.456	1	RPS27L	c24
0.934435409098766	0.232978094000788	0.027	0.026	1	YAE1D1	c24
0.98228340085302	-0.232900384665048	0.009	0.01	1	IL18BP	c24
0.0128243439866127	-0.232834881528815	0.187	0.23	1	GNL3	c24
0.655876254061771	-0.232707189836015	0.008	0.01	1	FAM173B	c24
2.09799710735824e-15	-0.232682952352771	0.983	0.95	7.03626269865807e-11	RPS18	c24
0.0996469669782047	-0.232580401075077	0.09	0.111	1	RHNO1	c24
0.350465930652508	0.232526238314325	0.08	0.071	1	DRAM2	c24
0.342239493132449	-0.232386920490867	0.06	0.07	1	SLC2A4RG	c24
0.248703339876813	-0.232383102729376	0.024	0.032	1	ZNF43	c24
0.424834186612996	-0.232308357928626	0.011	0.015	1	RMND5B	c24
0.046852319456825	0.232181122898074	0.214	0.186	1	KIF13B	c24
0.830486097617061	0.232149694929999	0.014	0.015	1	DNASE1L1	c24
0.554995544611152	0.232030340856248	0.047	0.043	1	MAPK13	c24
0.262140580602196	0.231985191044894	0.013	0.008	1	AL355075.4	c24
0.195233561978791	-0.231977922366647	0.17	0.191	1	DLST	c24
0.0436504949774315	-0.231886981459195	0.093	0.121	1	GPKOW	c24
0.0520727749161452	-0.231829503198948	0.039	0.058	1	AGK	c24
0.0272118195040831	-0.231792218963725	0.154	0.191	1	SCP2	c24
0.124641633156773	-0.231785753698122	0.105	0.127	1	NSL1	c24
0.494902873351152	-0.231629230613299	0.083	0.091	1	RPRD1B	c24
0.780959741395334	-0.231522361429742	0.009	0.011	1	FAM169A	c24
0.518275184864658	0.231439982907025	0.041	0.036	1	GPR180	c24
0.111202879192827	-0.231437802940876	0.403	0.439	1	CELF2	c24
0.326161770278486	-0.231374189335569	0.085	0.097	1	MAP2K4	c24
0.183233566927749	-0.231371829281069	0.204	0.228	1	MMP24OS	c24
0.0132409268497227	-0.231367674142856	0.195	0.24	1	SDF2L1	c24
0.069287256052145	0.231360673236106	0.19	0.165	1	LTB	c24
0.504883454118469	-0.231340788802005	0.083	0.092	1	PAXBP1	c24
0.128359555686151	-0.231326595527059	0.247	0.275	1	N4BP1	c24
0.905751762858383	-0.231315244461552	0.011	0.012	1	RNF139-AS1	c24
0.810391913165472	0.231130481311759	0.009	0.01	1	MXD3	c24
0.633840089604043	0.230804203551214	0.23	0.229	1	GRPEL1	c24
0.0592850280215215	0.230679094126996	0.06	0.044	1	PTPRK	c24
0.0675529162609335	-0.230659292375302	0.094	0.12	1	TRIAP1	c24
0.129217799059699	-0.230227501179621	0.132	0.156	1	HK1	c24
0.453214640360504	-0.23016172793587	0.014	0.018	1	MORN3	c24
0.758499443010705	0.230129324424369	0.042	0.04	1	GRN	c24
0.096977222227917	0.230061211535951	0.077	0.061	1	TMEM131L	c24
0.355738536018133	-0.229959181507055	0.09	0.101	1	NMD3	c24
0.163749610017248	-0.229774631121808	0.176	0.2	1	KPNA4	c24
0.256756698705921	-0.22970539223347	0.107	0.121	1	BCL7C	c24
0.244320138880482	-0.229639955629208	0.118	0.135	1	SLC25A32	c24
0.393030657617463	0.229607791603527	0.088	0.079	1	EBPL	c24
0.198718025097302	0.229500826052973	0.031	0.024	1	TESK2	c24
0.675165242650847	0.229500278637784	0.013	0.015	1	CCDC152	c24
0.0237428231778814	0.229428029455371	0.142	0.114	1	GK	c24
0.325396353138212	0.229424745727774	0.066	0.057	1	HLA-G	c24
0.000212978368700877	-0.22935991710708	0.325	0.407	1	EMC4	c24
0.0871017629693007	-0.229217844657945	0.16	0.189	1	PATL1	c24
0.76094172044377	-0.229074459201565	0.033	0.035	1	ZNF496	c24
0.317090369325075	0.228879665577038	0.047	0.039	1	MTMR2	c24
0.162796173913333	0.228749115594157	0.086	0.072	1	YRDC	c24
0.217237910427177	-0.22865997580793	0.11	0.127	1	ZRSR2	c24
0.419189865797368	-0.228647741219318	0.028	0.034	1	ZNF671	c24
0.00300001498483796	-0.228552706993381	0.478	0.541	1	RAB5IF	c24
0.000131469700089557	0.228526825989801	0.351	0.29	1	RABGAP1L	c24
0.310074042115215	0.228329362935509	0.079	0.069	1	FAM200B	c24
0.33549261770908	0.228114119226651	0.079	0.07	1	POP5	c24
0.880284341116938	0.228080098360931	0.017	0.018	1	AMN1	c24
0.013168475986013	-0.22800648449165	0.459	0.517	1	SRSF10	c24
0.742653757101794	0.227732649460853	0.027	0.025	1	AC020915.3	c24
0.0368491290809055	-0.227673347379878	0.126	0.157	1	GNPTG	c24
0.139849780006719	0.227660733322419	0.079	0.064	1	ABCA2	c24
7.9386156729381e-20	-0.227643896145851	0.989	0.95	2.66245292438998e-15	RPLP2	c24
0.189734523205229	0.227610972116326	0.11	0.096	1	RBM12	c24
0.192584467495806	-0.227481860596851	0.181	0.204	1	CCDC186	c24
0.175406613811618	0.227413905543334	0.072	0.06	1	IFT27	c24
0.000336289281743221	-0.22724108964274	0.533	0.596	1	RPN1	c24
0.0257082787138724	-0.227153118861468	0.211	0.257	1	USP8	c24
0.106109067558916	-0.227132280016462	0.064	0.083	1	NAAA	c24
7.34263642612495e-25	-0.227093864171495	0.995	0.963	2.46257340459379e-20	RPL13	c24
0.148883026826908	-0.227081480600601	0.063	0.079	1	LYRM4	c24
0.0968199838278387	-0.226955721228431	0.108	0.132	1	NTAN1	c24
0.254930604787088	0.226913742868008	0.025	0.019	1	TARBP1	c24
0.0582706492500123	-0.226873027158859	0.142	0.172	1	RDH11	c24
0.0992261456708271	0.226688798641598	0.083	0.067	1	KDM4C	c24
0.736186905759441	-0.226659023793262	0.115	0.119	1	SENP5	c24
0.434135521138436	-0.226627766304801	0.101	0.111	1	REV1	c24
0.814102192767811	-0.226600887504472	0.028	0.03	1	ZNF518A	c24
0.0219385577807714	-0.22654210537508	0.289	0.334	1	CMPK1	c24
0.198042671576471	0.226461923460412	0.055	0.044	1	DUSP28	c24
0.00154593079929065	0.22635049870659	0.577	0.545	1	ELF1	c24
1.43877160440015e-11	-0.226325356503011	0.989	0.947	4.82535220683721e-07	RPLP0	c24
0.397068113587091	-0.226299624456041	0.061	0.07	1	AP1S1	c24
0.294720440278967	0.226138296707737	0.042	0.035	1	SLC2A13	c24
0.431107428915875	0.225513559317662	0.028	0.024	1	TRAV13-2	c24
0.328132003524203	-0.225359884917507	0.05	0.06	1	METTL3	c24
0.460191774525565	0.225229182140477	0.333	0.335	1	MMADHC	c24
0.0633918887805411	-0.225167688462616	0.197	0.23	1	ELOF1	c24
0.509978975112253	-0.225015413438558	0.025	0.03	1	ANXA4	c24
0.0563086014806267	-0.224907441570238	0.335	0.371	1	PSMB4	c24
0.158606032033888	-0.224875351022825	0.063	0.078	1	DCP1B	c24
0.332773510844722	-0.224809628185834	0.094	0.107	1	RCOR3	c24
0.000684493527987231	-0.22479515620494	0.454	0.534	1	UQCRFS1	c24
0.240488291465438	-0.224668739400889	0.06	0.072	1	ELF4	c24
0.657558873097267	-0.224408629323399	0.024	0.026	1	ALG6	c24
0.0618807634446084	-0.224251124669899	0.03	0.046	1	PDK1	c24
0.232428374319494	-0.224248136032416	0.013	0.019	1	TMEM104	c24
0.0539292424949488	-0.224219697502983	0.237	0.275	1	DHX15	c24
0.895145447032807	-0.224159694532544	0.031	0.032	1	TRBV18	c24
0.202773785274405	-0.224077995364709	0.203	0.223	1	DYNC1LI1	c24
0.121789188842954	-0.223992569983174	0.101	0.122	1	CLIC5	c24
0.269683782020762	-0.223964607245007	0.096	0.11	1	TBC1D23	c24
0.981329737994052	0.223926165138226	0.035	0.035	1	APOO	c24
0.283535194212292	0.223836558864523	0.052	0.043	1	SCAPER	c24
0.366726858052627	0.223803863878199	0.091	0.082	1	CENPM	c24
0.480067930667552	-0.22380372940579	0.187	0.199	1	FAM126B	c24
0.0435102080926079	0.22342166748409	0.475	0.451	1	GMFG	c24
0.227405226753207	-0.223367195152727	0.168	0.189	1	UBE4A	c24
0.388075278619593	-0.223037717835958	0.022	0.028	1	C7orf31	c24
0.178447500855344	-0.222931109729443	0.392	0.413	1	TBRG1	c24
0.115271294727849	-0.222883531204037	0.197	0.225	1	PRKCSH	c24
5.16098323412099e-05	-0.222870987987706	0.536	0.614	1	DBI	c24
0.0570324190933743	0.222795272800885	0.451	0.428	1	COX17	c24
0.447759588471836	-0.222762722702774	0.118	0.13	1	PSME4	c24
0.412375355514838	-0.222628280493275	0.072	0.081	1	RAB2B	c24
0.000549525438823806	-0.222602485688038	0.495	0.561	1	RAD21	c24
0.631938309444797	-0.222171972928332	0.123	0.129	1	LATS1	c24
0.699785757642074	-0.222112099606476	0.014	0.016	1	PACS2	c24
0.15991152131032	0.221910472922337	0.057	0.045	1	HECTD2	c24
0.743163997249682	0.22179933281959	0.019	0.017	1	CCSAP	c24
7.00175094984735e-06	0.221672846384318	0.851	0.821	0.234824723355981	CLIC1	c24
0.209919420356919	-0.221642791649936	0.259	0.284	1	SRP54	c24
0.354125205787533	-0.221604990011623	0.075	0.086	1	NMRAL1	c24
0.0243254350011759	-0.221594840620828	0.16	0.201	1	PRPF38A	c24
0.603913311794957	-0.221537810581795	0.013	0.015	1	GIMAP8	c24
0.397119985077979	-0.221510449248223	0.074	0.084	1	PTGES2	c24
0.164794907420731	-0.221169769618441	0.178	0.202	1	CS	c24
0.940211876072766	0.221032125653893	0.105	0.108	1	GTPBP8	c24
0.366223234038893	-0.220810058757829	0.013	0.017	1	TCTN2	c24
0.325204767078987	-0.220671655767529	0.083	0.095	1	POLR2M	c24
0.721387608812813	0.220569691338714	0.013	0.011	1	PPM1F	c24
0.227701311496271	-0.22044637206534	0.014	0.021	1	PCLAF	c24
0.27274264419736	-0.220423086281667	0.083	0.097	1	SYTL1	c24
0.131422750418343	-0.220401999996897	0.269	0.299	1	ARID4A	c24
0.227139113853555	-0.220228276544566	0.101	0.118	1	TMEM87B	c24
0.0838484174964711	-0.220224402376743	0.34	0.371	1	CDV3	c24
0.444331540273132	-0.220219535665231	0.031	0.037	1	LCORL	c24
0.735464282439499	0.22021800388289	0.186	0.186	1	NRBF2	c24
0.00507403311259157	0.220217430781704	0.604	0.571	1	FAS	c24
0.924083243046795	0.220193147868657	0.03	0.031	1	XPNPEP3	c24
0.154458495197573	-0.219993111832055	0.096	0.115	1	GMEB1	c24
0.0603745722369979	0.219981935354285	0.261	0.237	1	NCOA7	c24
0.434344183875017	-0.219965979596369	0.058	0.066	1	UBE3B	c24
0.717093866248602	0.219934769982517	0.061	0.059	1	LYRM1	c24
0.134798417967314	0.219855428942977	0.373	0.363	1	WBP2	c24
0.00454549005421793	-0.219851814844533	0.165	0.214	1	CD55	c24
0.148801376242506	0.219791627755258	0.344	0.329	1	ICAM3	c24
0.124695385408602	0.219739566827431	0.41	0.396	1	ARF4	c24
0.112429861755539	0.219719703921102	0.145	0.125	1	WDR44	c24
0.0367182891159383	-0.219658533833723	0.182	0.222	1	CDC73	c24
0.357650119465435	0.219548888350692	0.153	0.143	1	ZNF330	c24
0.0806199020155254	-0.219498558461015	0.116	0.143	1	TPRKB	c24
0.559484324626438	-0.219421990387642	0.028	0.033	1	SH3BP2	c24
0.463004780141636	-0.219322104214352	0.016	0.02	1	ZNF544	c24
0.751363935912914	-0.219207042295205	0.022	0.024	1	UHRF1BP1	c24
0.0681724781320522	-0.219022770222949	0.16	0.192	1	MRPS22	c24
0.124457029195902	0.218845073646094	0.371	0.349	1	CUTA	c24
0.845715496370687	-0.218804372238804	0.041	0.042	1	ALG11	c24
0.0306000018003804	-0.218562561926459	0.252	0.292	1	SPCS3	c24
0.00942082562132987	-0.218561938937407	0.292	0.348	1	SMC3	c24
0.0974974994638141	-0.218343997270752	0.146	0.173	1	MRPL55	c24
0.353625172724619	-0.218208285840321	0.036	0.044	1	HSF2	c24
0.0788259637449507	-0.218104846543525	0.127	0.155	1	MAD2L2	c24
1.59696918554192e-05	-0.218020631587665	0.593	0.679	0.535591525447048	SNU13	c24
0.172749612275273	-0.218017839927583	0.079	0.096	1	PPP5C	c24
0.524121591390904	0.21801274163679	0.132	0.126	1	PGRMC1	c24
0.0748277481790877	-0.217950999675899	0.038	0.054	1	FAM78A	c24
0.220534134291061	0.217927950001333	0.031	0.024	1	LHFPL6	c24
0.000394064324519221	-0.217909741826355	0.645	0.691	1	HMGN1	c24
0.799926627648325	-0.217842026935832	0.027	0.028	1	VNN2	c24
0.138791608022581	0.21779857623397	0.212	0.192	1	EXOSC9	c24
0.0186505507777008	-0.217626816475258	0.305	0.351	1	NDUFS3	c24
0.0144377158051692	-0.217616051611224	0.27	0.324	1	GORASP2	c24
0.0620346892065081	-0.217406809425174	0.167	0.198	1	BBX	c24
0.133718341433399	-0.217221381506623	0.168	0.196	1	UBE2Z	c24
0.022315449396787	-0.217182221040542	0.393	0.437	1	LCP2	c24
0.0376800790533452	-0.217111576774007	0.437	0.474	1	SRSF4	c24
0.262814412665529	-0.216897341739028	0.445	0.461	1	PAXX	c24
0.181209654020862	-0.216833121724222	0.049	0.062	1	RPP25L	c24
0.0793824065645189	-0.216776390279125	0.057	0.076	1	MRPL24	c24
0.0856529511665781	0.216754018401345	0.313	0.293	1	PSMB10	c24
7.82176356074227e-08	-0.21672295029488	0.862	0.876	0.00262326306300174	SUMO2	c24
0.000134538830484163	-0.216493821277856	0.539	0.62	1	SRRM1	c24
0.651217068117563	-0.21620552430363	0.046	0.042	1	UBR3	c24
0.0823328671429691	0.216156763418657	0.195	0.172	1	ZDHHC6	c24
0.264426713343863	-0.216100164054208	0.006	0.011	1	PEX7	c24
0.130727609142625	-0.216094914653408	0.024	0.035	1	NCAPD2	c24
1.26700085421404e-24	-0.216037967139353	0.994	0.956	4.24926746486303e-20	RPL32	c24
0.0187532664011962	-0.215994985179907	0.409	0.45	1	SRRT	c24
0.67555911066892	-0.215881752573425	0.02	0.023	1	SHISAL2A	c24
0.257510689757365	0.215742928134899	0.371	0.353	1	GZMK	c24
0.756178643715991	-0.215513818856288	0.011	0.012	1	C5orf34	c24
0.0327053880063138	-0.215383353277583	0.415	0.455	1	LSM7	c24
0.72770966129653	-0.215352327278011	0.091	0.095	1	SUSD6	c24
0.0168415504090171	-0.215345444345892	0.355	0.405	1	MRPL51	c24
0.0152401553691432	-0.215261198091407	0.36	0.413	1	CDC42SE1	c24
0.387695851985266	0.215205951128819	0.035	0.029	1	DUSP8	c24
0.124636615266626	0.21510766999032	0.189	0.169	1	MFSD14A	c24
0.0157193880896353	-0.215020570753038	0.28	0.331	1	MRPL52	c24
0.00022619532125261	-0.214985495996518	0.555	0.621	1	HNRNPA0	c24
0.705086780066284	-0.214973597338763	0.083	0.087	1	ERBIN	c24
0.93591572736631	0.214584967626855	0.025	0.026	1	ZNF552	c24
8.40889337985338e-20	-0.2145319690454	0.991	0.953	2.82017466173523e-15	RPS21	c24
0.0561033480028754	-0.214452593009096	0.168	0.204	1	RAF1	c24
0.0155866215888918	-0.214431587612344	0.428	0.474	1	EIF2S2	c24
0.103896744716324	0.214124959235103	0.33	0.308	1	FDX1	c24
0.238244613490678	-0.214008247248705	0.071	0.084	1	NIPAL3	c24
0.0300163502656717	0.214003774673724	0.319	0.289	1	IKZF1	c24
0.620785118454977	-0.213891462009056	0.041	0.045	1	AKT1S1	c24
0.634708584909147	-0.213616361280864	0.02	0.023	1	BICRA	c24
0.488646519846413	-0.213574743266841	0.101	0.109	1	C6orf106	c24
0.78273941688485	0.213467917656512	0.019	0.02	1	EPOP	c24
0.272783278366368	-0.213381805151761	0.09	0.104	1	AC118549.1	c24
0.332616571506476	-0.213306002161116	0.132	0.146	1	SUPT7L	c24
0.124036450983827	-0.213290604902848	0.186	0.213	1	PNMA1	c24
0.583912604237345	-0.213266720509248	0.031	0.036	1	LINC01089	c24
0.827098799991864	-0.213163955546595	0.013	0.014	1	SRBD1	c24
0.794581153329352	0.213083245123297	0.154	0.154	1	PHTF1	c24
0.143903154608599	0.212952056262902	0.307	0.289	1	RAB9A	c24
0.0429271893932077	-0.212892850357473	0.275	0.316	1	KDELR1	c24
0.880278128664094	0.212783076992688	0.088	0.088	1	MRM3	c24
0.180490293541525	0.212745686713201	0.358	0.346	1	DR1	c24
0.0574744527761342	-0.212670192022606	0.223	0.259	1	RTCB	c24
0.0942282704670296	-0.212641126548283	0.099	0.122	1	BLVRA	c24
0.0553682330759409	-0.212595608321937	0.217	0.255	1	C1D	c24
0.000754567684402825	-0.212520049606141	0.697	0.734	1	EIF4G2	c24
0.825055485515794	0.212458694572523	0.127	0.127	1	SYNJ2	c24
0.15282493393053	0.212443324941805	0.058	0.046	1	FAAH2	c24
0.262703798256282	-0.212422675755618	0.061	0.074	1	KIZ	c24
0.452582039152736	0.212367917946073	0.079	0.072	1	HELLS	c24
0.33146104458665	-0.212293653829219	0.033	0.041	1	PLEKHM2	c24
0.858889530019326	0.212248033822638	0.024	0.023	1	LINC00265	c24
0.0746016738073938	-0.21220115931019	0.362	0.404	1	ITSN2	c24
0.384657372219463	0.212127029865853	0.203	0.194	1	VAMP5	c24
0.0186652803359789	-0.212113043044513	0.14	0.179	1	CHTF8	c24
0.292481645049955	-0.212100521461761	0.046	0.056	1	KLHL11	c24
0.605962027017935	-0.212004457263266	0.027	0.03	1	ZNF880	c24
0.35924585512653	0.211980275286569	0.017	0.013	1	KANTR	c24
0.535038419747655	0.21178370126127	0.187	0.18	1	HIST1H1C	c24
0.208283256442642	-0.211627232935726	0.077	0.092	1	PTRH2	c24
0.610042776768178	-0.211562342627799	0.119	0.126	1	DOCK2	c24
0.423673101691447	-0.2115238061938	0.102	0.112	1	CTPS1	c24
2.5665712587195e-05	-0.211477758651368	0.586	0.685	0.860776668749346	HNRNPF	c24
0.00484360339325227	-0.211442644907751	0.288	0.351	1	COX14	c24
0.382988786052127	0.211238858096832	0.079	0.071	1	ATAD2	c24
0.987110023801503	0.211061222069733	0.074	0.075	1	SUCLG2	c24
0.964475567050114	0.211049222069794	0.058	0.059	1	MRPL23	c24
0.287633345557019	0.210967621580403	0.055	0.046	1	ZNF83	c24
1.95575403894193e-25	-0.210914930769046	0.997	0.954	6.55920789580346e-21	RPS28	c24
0.0161971596381771	-0.210842395550642	0.316	0.366	1	CAPZA2	c24
0.226333456521519	-0.210761289975005	0.365	0.385	1	SERPINB9	c24
0.948892451792818	-0.210699159357468	0.058	0.059	1	METTL15	c24
0.474308810935409	-0.21058948331232	0.022	0.027	1	ZNF714	c24
0.00857511613349827	-0.210538021452127	0.294	0.347	1	CHMP4B	c24
0.0306336079424808	-0.210481033591454	0.201	0.24	1	ATP6V1E1	c24
1.14601795239782e-19	-0.210454770169582	0.997	0.985	3.84351500875182e-15	HLA-A	c24
0.376343897022532	-0.210370172214829	0.011	0.015	1	MAP3K14-AS1	c24
0.466843639277501	-0.210021381586871	0.085	0.094	1	G2E3	c24
0.785794255411032	-0.209966072219351	0.042	0.045	1	ALKBH1	c24
0.355866653225078	-0.209952049038534	0.046	0.054	1	CPPED1	c24
0.364713843462046	-0.209710029412635	0.022	0.017	1	AP000311.1	c24
0.345939663129143	-0.209543155114023	0.14	0.155	1	CACUL1	c24
0.375480972102742	-0.209457378287684	0.075	0.086	1	ACBD3	c24
0.643561455190203	-0.209427687775452	0.077	0.082	1	GPR107	c24
0.550817436089321	-0.209345167249661	0.11	0.117	1	DDX58	c24
0.833431933181115	-0.209198604443909	0.025	0.027	1	CLCN6	c24
0.160045948606341	-0.209046739671878	0.101	0.119	1	TTC9C	c24
0.0295285200877655	-0.209040980253914	0.219	0.261	1	ALKBH7	c24
0.0732378819462101	-0.209026539880716	0.278	0.309	1	IL10RA	c24
0.433046661923869	-0.208920689502859	0.079	0.088	1	EXOC2	c24
0.243877151706424	0.208684026390009	0.187	0.173	1	LINC01943	c24
0.320052285953283	-0.208642779716874	0.063	0.074	1	TRMT1	c24
0.000688582782210014	-0.208621795250262	0.53	0.61	1	MSN	c24
0.00999646594924397	0.208604587615084	0.59	0.565	1	NDUFV2	c24
0.23443577113113	-0.20844825550449	0.05	0.062	1	EEF1AKMT2	c24
0.0940276260505681	-0.208355025320476	0.085	0.108	1	C15orf40	c24
0.533934626956983	-0.208305243903727	0.082	0.089	1	TMEM41B	c24
0.933430505391711	-0.208240264803402	0.042	0.043	1	AEN	c24
0.143699101039434	-0.208237887532263	0.173	0.197	1	MED19	c24
0.505416123651684	-0.208201121321004	0.077	0.085	1	PANK3	c24
0.53467113135046	-0.207992437737289	0.058	0.064	1	COPRS	c24
0.256046840073631	-0.207900303417851	0.093	0.108	1	INTS14	c24
0.000254362750034248	-0.207863646965115	0.299	0.381	1	GYG1	c24
0.00123261757082715	-0.207768683885192	0.59	0.644	1	TMEM59	c24
0.38071230457215	-0.207628374374393	0.042	0.05	1	ETFRF1	c24
0.186480883185288	-0.207554570807629	0.108	0.126	1	RPP30	c24
0.565180655748742	-0.207549359383459	0.02	0.024	1	ARMC2	c24
4.72138432953826e-15	-0.207415138660481	0.986	0.945	1.58345787644054e-10	RPL36	c24
0.329187146236062	-0.207370030146567	0.049	0.058	1	MARCH8	c24
0.965961440303985	-0.207213927160651	0.055	0.055	1	C2CD3	c24
1.65479563139641e-14	-0.206904874814298	0.989	0.954	5.54985358857727e-10	RPS2	c24
0.422226090948461	-0.206790811049216	0.035	0.041	1	DRAIC	c24
1.20268622704745e-05	0.206669933479426	0.884	0.857	0.403356906827173	RAN	c24
0.216911609996952	-0.206498111149989	0.022	0.031	1	TMEM42	c24
0.613369746956369	-0.206225464707367	0.013	0.015	1	ZNF341	c24
0.450273209895291	0.206204708492496	0.039	0.034	1	AC131971.1	c24
0.0560628320829611	-0.205837080517332	0.164	0.196	1	KXD1	c24
0.00446358516853189	-0.205790892677376	0.219	0.276	1	POLR2J	c24
0.195471665323272	-0.205725309446989	0.206	0.231	1	TRAF3	c24
0.799892000269112	0.205663777433699	0.011	0.01	1	ALG14	c24
0.226121313971661	-0.205563876071033	0.107	0.124	1	EIF2B5	c24
0.179681626066243	-0.205536539758776	0.377	0.403	1	RNF10	c24
0.302161921531395	-0.205417316029594	0.189	0.204	1	BSDC1	c24
0.343230210357782	-0.20538562628359	0.083	0.096	1	CRTC3	c24
0.353487584753295	-0.205377916563179	0.101	0.113	1	PIP4K2C	c24
0.407204994206851	0.205367711263935	0.204	0.198	1	ATG101	c24
2.27801835728785e-10	-0.205267127459077	0.926	0.919	7.640017966672e-06	HNRNPA1	c24
0.426178045924737	-0.205259860564681	0.009	0.013	1	PTPDC1	c24
0.245174136841221	-0.205182033550494	0.064	0.078	1	RAD51C	c24
0.044603058576768	0.205014725838048	0.099	0.077	1	TENT4B	c24
0.155820444451945	-0.205007318097323	0.072	0.088	1	REEP3	c24
0.597064425007282	-0.205004177898646	0.071	0.076	1	RIOK2	c24
0.0870148185303637	0.204930810093414	0.313	0.293	1	SSB	c24
0.588358641397135	-0.204840665869956	0.027	0.031	1	CPEB2	c24
0.892780092712929	-0.204839260255169	0.011	0.012	1	PHLPP1	c24
0.0678502836760109	-0.204773527435178	0.153	0.185	1	URM1	c24
0.307943915758474	0.20469990257826	0.134	0.122	1	PDXK	c24
0.315747845794515	-0.204593819211986	0.313	0.341	1	ZEB2	c24
0.088929591707742	-0.20453057214847	0.236	0.268	1	EPB41L4A-AS1	c24
0.0268303098952859	-0.204521308447965	0.316	0.364	1	CLPP	c24
0.373658271753672	0.204447486881535	0.049	0.042	1	MSANTD4	c24
0.190876185095134	-0.204404879163258	0.097	0.115	1	ISOC1	c24
0.30461017588151	-0.204340174582549	0.077	0.089	1	CHP1	c24
0.0182072675638068	0.204176110351241	0.514	0.491	1	STRAP	c24
0.0554070563281883	-0.204012547079323	0.05	0.071	1	AP002387.2	c24
0.0814231235336153	0.203951600004323	0.042	0.03	1	EVC2	c24
0.00458932085058312	-0.203904759703545	0.266	0.325	1	TMCO1	c24
0.56515907081933	0.203796091832432	0.042	0.038	1	TCEAL3	c24
0.195324510884602	0.203717585653548	0.046	0.036	1	ZSWIM6	c24
0.886729487992633	0.20371484828595	0.055	0.054	1	SNX10	c24
0.405597042282071	-0.2036433975318	0.088	0.098	1	NAA10	c24
0.630959137785144	-0.203616389107831	0.025	0.028	1	CCDC173	c24
0.605269808033577	0.203381588010789	0.046	0.042	1	GALK1	c24
0.0979062667969166	-0.203345152302584	0.156	0.185	1	TGS1	c24
0.362648835816653	-0.203217942305547	0.006	0.01	1	ADRB2	c24
0.549847802263286	0.203189382606291	0.042	0.038	1	NMT2	c24
0.508890498476969	-0.203094292164999	0.086	0.095	1	NADSYN1	c24
0.0831924350334932	0.203057912312682	0.119	0.099	1	PIK3CG	c24
0.405802739636329	0.202959852507366	0.031	0.026	1	AL365361.1	c24
0.0151971813902319	-0.202941575219755	0.778	0.811	1	SON	c24
0.126010059931034	-0.202771670706554	0.041	0.055	1	AC084033.3	c24
0.764040790833359	0.202691131798483	0.178	0.18	1	TMEM219	c24
0.223523849690686	-0.202663647265491	0.115	0.132	1	GLIPR2	c24
0.0970233837625831	-0.202586313072764	0.101	0.124	1	RAB4A	c24
0.0139188322390312	-0.202503375542704	0.357	0.407	1	EFHD2	c24
0.0731672630547276	-0.202436964056348	0.102	0.129	1	CARD8	c24
0.0634502627857481	-0.202431286846661	0.146	0.178	1	DNTTIP1	c24
0.0649452846453925	0.2023765585205	0.267	0.243	1	RAB5A	c24
0.000964398223160924	-0.202364209020212	0.657	0.702	1	ATP5MD	c24
0.512976779317086	-0.202326418447293	0.046	0.051	1	ZNF426	c24
0.370836719439627	-0.202312467043756	0.035	0.042	1	WASL	c24
0.925729909988065	0.202275889889513	0.038	0.039	1	NME1	c24
0.133811013801195	-0.20213339978023	0.253	0.284	1	TMEM165	c24
0.38739195042901	0.202090957152634	0.044	0.037	1	ZNF627	c24
0.577389871881019	0.201850863016963	0.038	0.042	1	HDDC3	c24
0.931639599011461	-0.201785816057921	0.022	0.021	1	AC243829.1	c24
0.0174503702590947	-0.201757689813782	0.428	0.47	1	EIF3I	c24
0.913623898894811	-0.201552064008889	0.049	0.05	1	ASB3	c24
0.193425630866687	0.201547499165856	0.252	0.234	1	TM2D3	c24
0.978018402592701	0.201435796339611	0.066	0.066	1	LEPROT	c24
0.172415863626013	-0.20131191497238	0.121	0.142	1	FTSJ3	c24
0.907645605260686	0.201185770197554	0.013	0.012	1	LMF1	c24
0.310888456685773	-0.201146664103172	0.013	0.018	1	ALKBH2	c24
0.155873355218045	-0.201056633678039	0.142	0.164	1	HIST1H2BK	c24
0.58705779552949	0.200849316800047	0.294	0.291	1	LSM2	c24
0.465215567758016	-0.200679593492973	0.011	0.015	1	MIR4458HG	c24
0.081793774269898	-0.200556592545931	0.137	0.163	1	OGFOD1	c24
0.214707738366836	-0.200513926269474	0.197	0.219	1	FAM50A	c24
0.364017134345896	-0.200361342367417	0.025	0.032	1	ORAI3	c24
0.677983360265397	-0.200045223889035	0.031	0.035	1	ATL1	c24
0.000370963218426568	0.199925559659242	0.541	0.475	1	EIF3A	c24
0.15566095437099	0.199869726448301	0.101	0.085	1	ACSL5	c24
0.252368206297103	-0.199840342909048	0.41	0.437	1	FNBP4	c24
0.643602657283878	-0.199813472050827	0.03	0.033	1	TTC24	c24
0.0275379772627515	-0.199733859719059	0.324	0.369	1	ISCA1	c24
1.05162471481776e-07	-0.199723905180691	0.888	0.902	0.00352693896855581	PCBP2	c24
0.000672678779322723	0.199627247768802	0.275	0.222	1	NFAT5	c24
0.579069083977498	0.199490541754753	0.063	0.058	1	DONSON	c24
0.403532064835233	-0.199474737753531	0.074	0.084	1	FAM120A	c24
0.000482705438718149	0.199418616445304	0.399	0.337	1	THEMIS	c24
0.00052364050284036	-0.199328065173295	0.484	0.563	1	SEC61G	c24
0.382578485369156	0.199187678322168	0.039	0.033	1	PON2	c24
0.545373158649184	-0.199048652691483	0.02	0.024	1	NUDT8	c24
0.268894506116192	0.199029047990031	0.129	0.116	1	TRAF2	c24
0.315004900361159	0.198950258542995	0.107	0.096	1	RBM19	c24
0.14683929773592	0.198872886363527	0.082	0.068	1	SELENOI	c24
0.00939260087552158	0.198741961776992	0.563	0.522	1	SUMO1	c24
0.819358135122456	-0.198618767449376	0.041	0.043	1	ZNF100	c24
0.524567248273511	0.198375081537182	0.028	0.033	1	RRM2B	c24
0.0232135387035198	-0.198325550917479	0.604	0.636	1	PIM3	c24
0.0238782924207274	-0.198255380072846	0.355	0.399	1	ARL6IP4	c24
0.825053121800209	-0.19812844687914	0.066	0.063	1	ZNF134	c24
0.205751544955185	-0.197919393823303	0.261	0.283	1	PCGF5	c24
0.620444255564609	-0.197915491810538	0.176	0.186	1	SPEN	c24
0.033677788812589	-0.197875128119974	0.167	0.204	1	BAK1	c24
0.00258698842901326	0.197835016298439	0.659	0.626	1	YWHAQ	c24
0.0390486160940022	0.197745101780697	0.308	0.279	1	SLU7	c24
0.320289457046353	-0.197740427543367	0.275	0.294	1	TACC1	c24
0.0514016676558367	-0.197646753384639	0.374	0.416	1	UBE2L6	c24
0.038747047339217	0.197641524661877	0.525	0.5	1	LY6E	c24
0.339640672626213	0.197626324324438	0.119	0.109	1	POLR3C	c24
0.0174449383511151	0.197621470805911	0.409	0.375	1	ANAPC16	c24
0.0702672157776481	-0.197585338310255	0.024	0.038	1	ACADS	c24
0.418125201460616	-0.197585061390587	0.016	0.02	1	ZSWIM3	c24
0.139384710051899	-0.19751857659557	0.093	0.112	1	SEC22B	c24
0.0656849927907534	-0.197438581474295	0.129	0.157	1	UBE2D1	c24
0.0599527374848524	-0.197403854716149	0.682	0.697	1	MBNL1	c24
0.445985484301556	0.197312172591186	0.068	0.061	1	NT5C2	c24
0.892758719645305	-0.197213375118104	0.016	0.015	1	PRDM15	c24
0.0079509566052584	-0.197106322724518	0.491	0.533	1	EIF3E	c24
0.188213342741956	-0.197076780059112	0.101	0.118	1	RRP12	c24
0.133118816313229	-0.197061798931211	0.135	0.159	1	C5orf15	c24
0.107892139466931	0.197029188222543	0.495	0.483	1	RSL24D1	c24
0.082742505747754	-0.197006966386615	0.168	0.198	1	CAPN7	c24
3.02393561392609e-07	-0.196949030758824	0.833	0.855	0.0101416752619853	YBX1	c24
0.556044821864028	-0.196855653629509	0.053	0.059	1	EPM2AIP1	c24
0.185322091457446	0.19682967527126	0.171	0.155	1	JMY	c24
2.44297645795773e-05	-0.196818619218571	0.454	0.556	0.819325444469863	RALA	c24
0.700635216548501	0.196792481306794	0.033	0.031	1	ATP23	c24
0.359416000810826	-0.196681954147375	0.102	0.114	1	GSK3B	c24
0.0319771548635373	0.196389077655287	0.178	0.148	1	IL6ST	c24
0.831460961324041	0.195822971117138	0.013	0.012	1	CYB5D1	c24
0.154009666654664	0.195822822460104	0.046	0.035	1	ZNF526	c24
0.723034215324121	-0.195687597276929	0.088	0.092	1	NR4A3	c24
0.0852179028207043	-0.195682909937591	0.162	0.19	1	TSR2	c24
0.160918815857414	-0.195681961075787	0.058	0.073	1	HCCS	c24
0.0813864112290817	-0.195615991965269	0.527	0.57	1	WSB1	c24
0.812811993456643	-0.195560070475046	0.017	0.019	1	CAPRIN2	c24
0.205352696418372	-0.195364068294672	0.167	0.189	1	SUPT3H	c24
0.450124452344799	-0.195261527413256	0.063	0.071	1	NUP210	c24
0.66578609998732	-0.19525005893601	0.008	0.01	1	AL035071.1	c24
0.0319080681077616	-0.195195816947914	0.182	0.22	1	CYB5B	c24
0.306214749966855	0.195167203886742	0.121	0.109	1	FBXL12	c24
0.283711408849903	-0.195159649298532	0.256	0.275	1	TMPO	c24
0.0628994063328717	-0.195109186105031	0.061	0.083	1	TEN1	c24
0.0538972121625267	-0.195108980491938	0.168	0.201	1	WDR74	c24
0.0748747391502976	0.195089155380112	0.487	0.473	1	PFDN2	c24
0.606221168626346	0.195051896842676	0.102	0.097	1	CEBPD	c24
0.00849828069566856	0.195047211743095	0.574	0.539	1	TANK	c24
0.385644276605555	0.19495036681407	0.042	0.036	1	CSTF3	c24
0.647650135862175	0.194929360289512	0.024	0.021	1	PACRGL	c24
0.0366058756651984	-0.194914788000729	0.047	0.07	1	RPUSD2	c24
0.954528764712499	-0.194905108967662	0.079	0.078	1	COG5	c24
0.315366561125178	-0.194783454567427	0.036	0.045	1	KLHDC10	c24
0.484236307846222	0.194781874682521	0.09	0.082	1	KIAA0040	c24
0.0086609606166058	-0.194742665001918	0.278	0.331	1	MGST3	c24
0.336756456075488	0.194736018589507	0.108	0.098	1	NPC2	c24
0.0880284195312577	-0.19470312759309	0.061	0.081	1	KIAA0513	c24
0.00619760531156167	-0.194669311534015	0.701	0.75	1	MYADM	c24
0.0678188359794942	-0.194408418341399	0.237	0.276	1	CYTH2	c24
0.160015845039464	0.194281201418271	0.014	0.009	1	ZBTB46	c24
0.522964320589258	-0.194266022925935	0.035	0.04	1	ZNF322	c24
0.125942827445505	-0.194184536925345	0.094	0.116	1	TXLNA	c24
0.428465333502153	-0.194089118810643	0.03	0.036	1	PLCB2	c24
0.65813068118235	0.194041976353475	0.047	0.044	1	TRBV6-5	c24
0.013249149227554	0.193994043844738	0.297	0.261	1	CREBRF	c24
0.554720364882167	0.19369279745231	0.03	0.035	1	LINC00324	c24
0.446199950134274	0.19354454837341	0.058	0.052	1	FBXO44	c24
0.274072673603589	0.193324078369428	0.162	0.149	1	HSPA13	c24
2.00264121928086e-07	-0.193224590578001	0.814	0.847	0.00671645812122415	MYL12B	c24
0.00287518413370403	-0.19319634100727	0.319	0.386	1	ZMAT2	c24
0.00832719099772499	0.19317840197261	0.148	0.114	1	RIPOR2	c24
0.0656250214708325	-0.193022978261147	0.079	0.102	1	CKS1B	c24
0.701678261036974	-0.192982114036924	0.148	0.155	1	MSI2	c24
0.30731981176502	0.192877877900262	0.245	0.235	1	CCNG1	c24
8.77241850030055e-06	-0.192803808719825	0.788	0.816	0.29420937166308	HINT1	c24
0.0707170458829997	-0.19262775773439	0.061	0.082	1	NCK2	c24
0.453551261823372	0.192389645053211	0.008	0.011	1	C22orf46	c24
0.746505655988633	-0.192286039498931	0.049	0.052	1	TYW5	c24
0.355750558133533	-0.192269471777959	0.019	0.025	1	LGALS3BP	c24
0.0395335415671617	-0.192148968845096	0.316	0.367	1	GOLGA7	c24
0.217819539221672	-0.191981917704058	0.097	0.114	1	TBC1D1	c24
0.0957298266249702	-0.191955644867984	0.107	0.13	1	TFDP1	c24
0.720384537716189	0.191873736705271	0.035	0.038	1	NRM	c24
0.986670179828329	-0.191868632743746	0.031	0.032	1	SLC11A2	c24
0.0264978792389012	-0.191851119935282	0.189	0.232	1	NIFK	c24
0.136265209316292	-0.191708862705301	0.075	0.094	1	TRPV2	c24
0.778739799101233	0.191670158180999	0.096	0.095	1	LTBP3	c24
0.689597206552088	0.191660911561317	0.016	0.014	1	BCLAF3	c24
0.0815964049519578	-0.191653239814495	0.093	0.117	1	CBFB	c24
9.84741868454288e-12	-0.191643490716332	0.994	0.953	3.30262727842199e-07	RPS8	c24
0.407311559216792	0.191605550567103	0.338	0.343	1	CHIC2	c24
0.209717483628549	-0.191582645475995	0.156	0.177	1	NKAPD1	c24
0.680326960463703	0.191553908821386	0.085	0.081	1	ANKRA2	c24
0.800395812435674	0.191347893481075	0.143	0.143	1	GTF2H1	c24
0.00601018554673311	-0.1910689731745	0.248	0.302	1	FDFT1	c24
0.0297207472277946	0.191052183827195	0.425	0.394	1	PIM1	c24
0.0660116239175363	-0.191027865395466	0.653	0.655	1	PKM	c24
0.0139310318977174	-0.191008262120464	0.253	0.302	1	COX7A2L	c24
0.879153886950229	0.190920294868447	0.027	0.026	1	RABL3	c24
0.531122313985675	-0.190702741286374	0.066	0.073	1	SH3BP1	c24
0.985639578302644	0.190683101808255	0.011	0.011	1	FAM92A	c24
3.04084080814963e-07	-0.190674402619248	0.887	0.884	0.0101983719023722	H3F3A	c24
0.559011883377475	0.19061986454697	0.156	0.152	1	RRN3	c24
0.304296283057013	-0.190582538810595	0.08	0.094	1	RIC1	c24
0.639718049543225	-0.190580305968113	0.053	0.058	1	ZC3H6	c24
1.035735728595e-12	-0.190403284859577	0.976	0.943	3.47365048656191e-08	RPS29	c24
0.112109113192582	0.19013163460018	0.16	0.139	1	METTL8	c24
0.741758751379901	0.189993387961118	0.178	0.177	1	SNX5	c24
0.481685786404878	-0.189981714077232	0.068	0.075	1	SLC35F5	c24
0.342662251627567	0.189967470424957	0.107	0.097	1	UBE2R2	c24
0.277825488926606	0.189776386887085	0.645	0.65	1	YPEL5	c24
0.397870420327189	-0.189625052754825	0.088	0.099	1	DELE1	c24
0.0445393153975429	-0.189616119251948	0.318	0.358	1	RBM42	c24
0.413879205944197	-0.189584818754142	0.099	0.11	1	BTN3A3	c24
0.814041018610216	0.189439230523031	0.047	0.045	1	SHQ1	c24
0.479849551591391	0.189426937731032	0.025	0.021	1	CEP131	c24
0.788421574725023	0.18940266208964	0.016	0.014	1	PXMP4	c24
0.583776392492419	0.189397368637562	0.013	0.01	1	STX3	c24
0.0686441328443016	0.189387044147854	0.377	0.355	1	AKIRIN1	c24
0.899934809568765	0.189312335324263	0.119	0.12	1	FAM210A	c24
0.587280056611256	-0.189274367070022	0.027	0.031	1	PRIM2	c24
0.734077923329878	0.189232334634192	0.055	0.052	1	RCAN2	c24
0.322011050265335	-0.188836047541503	0.008	0.012	1	AP006621.3	c24
0.716127776200084	-0.188758389744372	0.02	0.023	1	BRPF3	c24
0.353190589306763	0.188746139557488	0.153	0.142	1	RTCA	c24
0.657828334341828	0.188696608532448	0.064	0.07	1	GON7	c24
0.613151534293207	-0.188612069022359	0.013	0.015	1	IDNK	c24
0.0123250270675809	-0.188480563151264	0.98	0.952	1	ACTB	c24
0.447635279571028	-0.188276138601917	0.082	0.091	1	RINT1	c24
0.00483717427499764	-0.188204354966916	0.024	0.048	1	LANCL2	c24
0.00811064735826426	-0.187870643263353	0.283	0.343	1	SNRPE	c24
0.0075332041416836	-0.187858307893427	0.541	0.583	1	H2AFV	c24
0.950853426321654	0.18782634992237	0.033	0.033	1	SREBF1	c24
0.91284969844148	0.187702213899241	0.102	0.103	1	LAMP2	c24
0.810419847889856	-0.187683186915564	0.068	0.065	1	ZNF600	c24
1.4832569793591e-17	-0.18743956817386	1	0.959	4.97454725737455e-13	RPS12	c24
0.94267363823766	0.187431635778545	0.017	0.018	1	BOLA3-AS1	c24
0.890313254972735	0.187425610841175	0.176	0.18	1	COA6	c24
0.262006015564079	0.187404208073866	0.131	0.118	1	BRAP	c24
0.57516160140397	-0.187321145244545	0.008	0.01	1	CDK5R1	c24
0.126798283030781	0.18731806197507	0.5	0.495	1	SNHG8	c24
0.201040887794275	-0.187303661235874	0.107	0.125	1	GPAA1	c24
0.150811889781953	-0.187170431682484	0.046	0.06	1	INTS8	c24
0.20867806446804	0.187136506329855	0.028	0.021	1	NBPF9	c24
0.555187031213102	0.187116139840379	0.025	0.022	1	ZCCHC4	c24
0.0218875938443057	-0.186985361965969	0.299	0.35	1	ADIPOR1	c24
0.0536683795525344	0.186982079009099	0.14	0.116	1	PARVG	c24
0.642813481554521	0.186786420556882	0.031	0.035	1	TRIP10	c24
0.000307592568228517	0.186738139475042	0.671	0.6	1	RAC2	c24
0.0758401763507574	0.186705693727028	0.519	0.501	1	C9orf16	c24
0.29546112844118	0.186653436768957	0.327	0.318	1	NECAP2	c24
0.449844867797377	-0.186538267584422	0.11	0.121	1	RBM26	c24
0.0105024972450572	-0.186404808535563	0.706	0.723	1	NOP53	c24
0.430855999630634	0.186350663416374	0.173	0.165	1	TMEM170A	c24
0.3050382080266	-0.186102040712679	0.058	0.069	1	TAB3	c24
0.337357093196719	0.185935206138343	0.209	0.199	1	TRMT10C	c24
5.76317804696407e-05	-0.185714009912265	0.44	0.529	1	GHITM	c24
0.18741894367146	-0.18554239388105	0.028	0.039	1	ATPAF1	c24
0.375777629676168	0.185447016224496	0.119	0.11	1	ECD	c24
0.0126580060238814	-0.185432124842462	0.385	0.437	1	ATP5PF	c24
0.120230016026057	-0.18512435326233	0.421	0.446	1	CSNK1A1	c24
0.319366219714355	-0.185086412064325	0.11	0.124	1	CCNC	c24
0.733745168560565	0.18500791055317	0.047	0.045	1	ZNF487	c24
0.416552998543915	-0.18490114711495	0.11	0.122	1	NUMB	c24
0.24626714532894	-0.184900420051559	0.05	0.062	1	FAM122A	c24
0.490859208701722	0.18486632985511	0.088	0.081	1	FAM53C	c24
0.85441190002372	-0.184755194357543	0.042	0.044	1	STYXL1	c24
0.0459489677334736	-0.184734511880273	0.077	0.103	1	TRPT1	c24
0.585191137944223	0.184515810800087	0.011	0.009	1	TMEM191B	c24
0.0649034782877121	-0.184467863547055	0.242	0.278	1	PLEKHB2	c24
0.803173472940464	-0.184353975003432	0.025	0.024	1	OTUD3	c24
0.2066076197848	-0.184311382864228	0.105	0.122	1	DCAF12	c24
0.610254424853707	-0.184283889188109	0.093	0.099	1	SHC1	c24
0.0423001484527731	-0.18425089736135	0.09	0.118	1	MRPS14	c24
0.868066553386648	-0.184190111288208	0.039	0.041	1	CCDC14	c24
1.43461904067504e-11	-0.184133135768423	0.981	0.938	4.81142533861593e-07	RPL37A	c24
2.21018098766107e-10	-0.184092258542814	0.969	0.937	7.41250499641769e-06	RACK1	c24
0.00991611843941224	-0.183889933764371	0.387	0.455	1	TOMM5	c24
0.131496578188456	0.183741548641855	0.066	0.053	1	MINDY3	c24
0.115244167521039	-0.183739294944846	0.154	0.181	1	FAM110A	c24
0.0595522609581105	-0.183675658005208	0.458	0.499	1	VAPA	c24
0.627272801822038	-0.183567198104643	0.009	0.012	1	ACBD4	c24
0.113695397449449	-0.183557239358053	0.162	0.19	1	SCAF4	c24
0.366971662020896	-0.183551961883757	0.053	0.063	1	NDUFAF7	c24
0.15431850006414	-0.183348799811404	0.134	0.156	1	HCFC1R1	c24
0.00389218527660658	-0.183338161062052	0.357	0.422	1	KRT10	c24
0.360178792941134	-0.183074050762079	0.102	0.115	1	ADK	c24
0.045228113873109	-0.182832879558299	0.436	0.481	1	EIF4B	c24
2.0207495077512e-23	-0.182627782444744	1	0.967	6.77718969909596e-19	RPLP1	c24
0.415032327066212	0.182499233553632	0.211	0.202	1	NIP7	c24
0.446033211609159	-0.182470627770265	0.057	0.064	1	ZNF92	c24
0.280235772457957	0.182372539515257	0.039	0.032	1	ZNF432	c24
0.123519413759776	-0.182345549236792	0.129	0.152	1	TADA3	c24
0.307318443713466	-0.1821006253858	0.099	0.114	1	MCPH1	c24
0.505592696554087	-0.182044397307905	0.061	0.068	1	SBNO2	c24
0.143056425782431	0.181994089550725	0.17	0.152	1	TP53BP2	c24
0.520401383734935	0.181991562752003	0.619	0.653	1	ATP6V1G1	c24
0.480830914936965	-0.181859617717958	0.024	0.028	1	LIAS	c24
0.539007313270217	-0.18178833373013	0.108	0.116	1	NUBP1	c24
0.418158159565183	-0.181698134117947	0.038	0.045	1	DPAGT1	c24
0.0948720008184312	-0.181659443747061	0.06	0.079	1	OARD1	c24
0.00120919188585649	-0.181612018798605	0.137	0.191	1	HTATIP2	c24
0.50418370257545	0.181606257996251	0.215	0.211	1	LPIN2	c24
0.748592602899328	-0.181590355678106	0.014	0.016	1	LINC01806	c24
0.791331047939072	0.181438073566365	0.275	0.277	1	ZNF331	c24
7.79748129445079e-16	-0.181437551711806	1	0.974	2.61511927653291e-11	EEF1A1	c24
0.0123606824349189	-0.181018891490796	0.189	0.236	1	RASSF5	c24
0.744168045577541	-0.18073551850171	0.052	0.055	1	ABI2	c24
0.585143709000578	-0.180725233893181	0.013	0.015	1	EFNB1	c24
0.156505897292624	-0.180518349505433	0.068	0.084	1	ICE2	c24
0.0574110211896217	-0.180512533710756	0.366	0.409	1	LSM8	c24
0.941393862745206	0.180361145151676	0.097	0.1	1	AQP3	c24
0.383377686088783	0.180236585588604	0.138	0.128	1	TMEM30A	c24
0.492016582145303	-0.180187760567254	0.011	0.014	1	NBPF20	c24
0.018717959385483	-0.180139173581914	0.665	0.721	1	KMT2E	c24
0.816389044094292	0.179760007962768	0.036	0.035	1	IFNLR1	c24
0.000556399919756245	0.179754286282806	0.836	0.805	1	CNBP	c24
0.000283734472017534	-0.179434405801598	0.302	0.381	1	BTG2	c24
0.0884462416602013	-0.179364699935314	0.222	0.254	1	BCCIP	c24
0.667718716191169	0.179224691747356	0.05	0.047	1	LINC02001	c24
4.40893599038201e-20	-0.1790693530853	1	0.99	1.47866895245432e-15	HLA-B	c24
0.188146878571263	0.178825053055243	0.31	0.294	1	CIR1	c24
0.117936412828623	-0.178623385212627	0.094	0.116	1	SNX20	c24
0.00533675091696547	-0.178448394021938	0.247	0.304	1	EIF2S1	c24
0.872857263969745	-0.17834585875857	0.027	0.026	1	ARHGAP10	c24
0.110583410527789	-0.178290620955878	0.506	0.536	1	SP100	c24
0.00917603416040349	0.178287492786551	0.439	0.403	1	DDX3X	c24
0.661419267463437	-0.178239541633711	0.038	0.041	1	ORC3	c24
0.15235116842511	-0.177931659508222	0.063	0.079	1	TATDN1	c24
5.7664605629796e-07	-0.17779642710478	0.969	0.943	0.019339555436121	SRGN	c24
1.34127209902681e-14	-0.177559924494165	0.994	0.952	4.49835836571612e-10	RPL37	c24
0.56164074941269	0.177276183453753	0.053	0.049	1	SAP130	c24
0.0596719830624888	-0.176950361196089	0.142	0.172	1	ASB1	c24
0.985973548521854	-0.176916602519557	0.041	0.041	1	CNTROB	c24
0.274070027110379	-0.176844600397975	0.112	0.127	1	LYRM2	c24
0.310128073807956	0.176812943977695	0.085	0.074	1	MTSS1	c24
0.160204900421726	-0.176614341402574	0.025	0.036	1	TCF19	c24
0.489478419982753	-0.176585360736931	0.05	0.057	1	HIST1H1D	c24
0.818601507494149	-0.176549188504173	0.046	0.044	1	DNMT3A	c24
0.126338496566056	-0.176537575505736	0.131	0.154	1	SIKE1	c24
0.484292343416769	-0.176531484147356	0.299	0.314	1	ARAP2	c24
0.493727613208079	-0.176500873744056	0.016	0.019	1	NETO2	c24
0.54134067726712	0.176495964077241	0.064	0.059	1	PITPNA-AS1	c24
0.0127629129801019	0.176435283190211	0.285	0.249	1	AFF4	c24
0.0630424252993646	-0.176297756602215	0.476	0.494	1	NME2	c24
0.00374335810100308	-0.175785895636518	0.766	0.773	1	COTL1	c24
0.131067874555697	0.17572863653969	0.278	0.258	1	RBBP6	c24
0.926341086188423	-0.175544614883718	0.085	0.083	1	AVL9	c24
0.68494570406574	-0.175292722595485	0.031	0.034	1	ZKSCAN5	c24
0.00539996942786306	0.175266123675835	0.527	0.494	1	NSD3	c24
0.120118530865387	-0.175228373181435	0.064	0.082	1	SOX4	c24
0.285946079701547	-0.175224696253606	0.017	0.024	1	MTFR1	c24
0.310669475693522	0.175003338040975	0.05	0.042	1	MANEA	c24
0.0177565981866202	0.174891169912083	0.498	0.469	1	SCAND1	c24
0.00275362584443796	-0.17475426405909	0.797	0.814	1	IFITM1	c24
0.277222614927764	-0.174749016085672	0.097	0.112	1	POLB	c24
0.0555548152458932	-0.174618360918747	0.487	0.522	1	SERINC1	c24
0.623770057791314	-0.174577666246805	0.028	0.032	1	AASDH	c24
0.134052780385263	0.174502892786706	0.252	0.233	1	TFG	c24
8.23162108279101e-05	0.174444267116253	0.91	0.864	1	CD3E	c24
0.0939514223551076	-0.174406585655232	0.09	0.112	1	UTP3	c24
0.00954748184066006	0.174361391117901	0.558	0.528	1	CD82	c24
0.260813193282296	-0.174314090220555	0.077	0.09	1	CDK7	c24
0.527608737820661	-0.174193267897306	0.028	0.033	1	DENND6B	c24
0.618986648702862	-0.174024409118215	0.02	0.023	1	ZNF254	c24
0.169258188354211	-0.173977329671808	0.204	0.232	1	UPF3B	c24
0.80735672578976	0.173974631415015	0.107	0.105	1	TIMMDC1	c24
0.486308113129113	-0.173965532901567	0.116	0.126	1	FGD5-AS1	c24
0.495045311099201	-0.17395976493898	0.082	0.09	1	KLHL2	c24
0.389838657683353	0.173881639173063	0.241	0.232	1	ATP6V1D	c24
0.0148068037241157	0.173861563991583	0.308	0.269	1	GNA13	c24
0.0747440388249922	0.17383954363385	0.307	0.284	1	GOLT1B	c24
0.350263061468396	0.173821354269817	0.08	0.071	1	GPATCH11	c24
0.0260305139007987	-0.173763063479117	0.723	0.722	1	S100A11	c24
0.730926193383552	-0.173563042123178	0.113	0.118	1	SMG7	c24
0.879027811353396	0.173542096275638	0.052	0.051	1	SLC35F2	c24
0.0577764273365244	-0.17346328558147	0.322	0.364	1	EAPP	c24
0.106594376127889	0.173267603949553	0.253	0.229	1	ZCRB1	c24
0.71394574690187	-0.173181733597387	0.033	0.036	1	VPS45	c24
0.0128558134427047	0.173135596755577	0.629	0.593	1	EIF3H	c24
0.34876014180627	-0.173133679466043	0.101	0.114	1	ZBTB17	c24
0.0149536662649934	-0.17303903597997	0.362	0.415	1	IFI16	c24
0.84500443413583	-0.17294799042198	0.151	0.149	1	BTAF1	c24
0.0866521900998835	0.172881284876471	0.055	0.041	1	GPHN	c24
0.423224573090213	0.172803410461973	0.286	0.281	1	NDUFB1	c24
0.789462945387453	0.172701918494	0.028	0.027	1	CNNM2	c24
0.00300653103159374	-0.172461043626641	0.616	0.671	1	HNRNPA3	c24
0.045002981278722	-0.172312939869312	0.487	0.519	1	RALY	c24
0.0528570116707226	0.172167313510787	0.396	0.367	1	PPP2CA	c24
0.897447491496564	-0.172046750613005	0.019	0.02	1	OXSM	c24
0.0021923357373896	-0.171921813015988	0.638	0.672	1	COX6B1	c24
0.0281478078803499	-0.171881136978282	0.201	0.243	1	CISD2	c24
0.0931769361610266	-0.171860607894329	0.009	0.018	1	ANGEL1	c24
0.493506468788852	-0.171859575911786	0.151	0.163	1	RNF38	c24
0.512351090335014	-0.171828981453993	0.041	0.047	1	RPE	c24
0.0497598613936654	-0.17171126695155	0.203	0.242	1	CHMP2A	c24
0.570764191404434	-0.171647958641234	0.17	0.18	1	NOL11	c24
0.478666152954427	-0.171617120364819	0.008	0.011	1	AL365205.1	c24
0.227786602152396	-0.171404479659148	0.079	0.094	1	CXorf40A	c24
0.895945716863111	-0.171378153921886	0.011	0.012	1	C12orf66	c24
0.208377675009194	-0.171364352902452	0.022	0.031	1	GPX7	c24
0.197756686728424	-0.171363191567057	0.091	0.107	1	WARS	c24
0.457563891181701	-0.171330105117991	0.129	0.14	1	GMPS	c24
0.31103712466737	-0.171313010892924	0.053	0.064	1	SLC35E4	c24
0.0890833026462021	0.171138762525566	0.138	0.118	1	RIN3	c24
0.729949952371271	0.171135095636799	0.019	0.017	1	LIPE-AS1	c24
0.130653197952733	-0.170958201360861	0.145	0.17	1	MRPS16	c24
0.59428376572791	0.170870454822441	0.042	0.038	1	CREG1	c24
0.359738974230715	-0.170756491510955	0.259	0.278	1	RNMT	c24
0.391975639671548	-0.170656081958537	0.053	0.062	1	RAP2A	c24
0.202547735044563	-0.170614885312517	0.396	0.422	1	TAPBP	c24
0.183425732664171	-0.170518458009405	0.102	0.121	1	HUS1	c24
0.32479375061158	0.170353114865983	0.178	0.164	1	GPR183	c24
0.761384416938595	-0.170147625931043	0.016	0.017	1	AC008083.2	c24
0.978213431388706	-0.170060047490211	0.079	0.079	1	UNC13D	c24
0.0184327186209108	-0.170038059525137	0.458	0.508	1	CD53	c24
0.094251660179787	-0.169948037309919	0.231	0.266	1	RRAGA	c24
0.154578218610695	-0.169817232308383	0.283	0.313	1	RBMX	c24
0.387599786476708	0.169602280180666	0.014	0.011	1	LINC02328	c24
0.814749453076362	-0.1695212451799	0.047	0.049	1	POC1B	c24
0.378726893176599	-0.169508895917039	0.079	0.089	1	ZNF664	c24
0.898159751511545	-0.169297373267873	0.058	0.057	1	VPS13B	c24
0.357838382131435	0.169238508670865	0.055	0.065	1	AC010642.2	c24
0.211121881529959	0.16917628184721	0.146	0.131	1	TOMM70	c24
0.491351158312829	0.168883173908471	0.014	0.011	1	SOX5	c24
0.766709781096292	-0.168871351251676	0.027	0.029	1	TBCK	c24
0.614190102252798	-0.168868925663475	0.02	0.024	1	CXXC5	c24
0.654053034582996	0.168820207602049	0.027	0.03	1	TYSND1	c24
0.061573062539458	0.168612659253614	0.171	0.147	1	NUFIP2	c24
0.466760893038559	0.168575422350411	0.099	0.092	1	HLTF	c24
0.469262894864701	0.16854532391557	0.182	0.175	1	DNAJC15	c24
0.212292560757654	-0.16852173687302	0.214	0.24	1	PUM1	c24
0.0680536314514585	-0.168513414757417	0.131	0.161	1	WASHC3	c24
0.0228977761789387	-0.168407898743663	0.296	0.346	1	PPP6C	c24
0.107679057289142	0.168307847268017	0.318	0.306	1	RC3H1	c24
0.0429060715442631	-0.168273633839686	0.343	0.385	1	SUPT4H1	c24
0.321305951325454	-0.168179799210485	0.014	0.02	1	RBAK	c24
0.019369958838987	-0.16793469051374	0.222	0.269	1	SZRD1	c24
0.134079147312901	-0.167460436071005	0.341	0.37	1	ATF4	c24
0.972219551915075	-0.167429048137668	0.171	0.171	1	GPCPD1	c24
0.151283229672384	-0.167385295595187	0.009	0.017	1	ETV2	c24
0.219315832766878	0.167317602191985	0.063	0.052	1	SENP7	c24
0.972966852760782	-0.167305816003763	0.046	0.046	1	KLRC3	c24
3.6592987671145e-11	-0.167129584133851	0.998	0.947	1.22725562051486e-06	RPS13	c24
0.00440099425094089	-0.16705356090569	0.704	0.718	1	EIF3K	c24
0.686955439070817	0.16689137075452	0.19	0.187	1	PLA2G16	c24
0.336809188440542	-0.166708450503819	0.044	0.053	1	HABP4	c24
0.965608190274517	0.166662656553665	0.052	0.052	1	YBEY	c24
0.42478193317593	0.166641072642975	0.033	0.04	1	MANBAL	c24
0.163562567737346	-0.166211381732689	0.013	0.021	1	TXNRD2	c24
0.13856282001725	-0.166159253214933	0.206	0.231	1	VBP1	c24
4.94112864669557e-16	-0.166148986269096	0.998	0.968	1.65715572552876e-11	RPL10	c24
0.959022291096124	-0.166051193247091	0.05	0.051	1	GOSR2	c24
0.362252992876581	-0.166012005920299	0.009	0.014	1	KBTBD7	c24
0.549647951233616	0.165869890644587	0.17	0.166	1	METTL23	c24
0.261910205074925	-0.165849375684391	0.203	0.224	1	IL2RG	c24
0.459886926849358	0.165759734088549	0.028	0.034	1	AL138724.1	c24
0.249698617401988	-0.165676520940323	0.072	0.086	1	RBM7	c24
0.0210446337653167	0.1656548525073	0.352	0.317	1	ETF1	c24
0.186019670191646	-0.165627786414902	0.149	0.172	1	HOOK3	c24
0.264043170523022	-0.165626026621338	0.066	0.079	1	IFI44L	c24
0.995075824939353	0.165517469749822	0.156	0.158	1	MSMO1	c24
0.791710352371594	0.165508821923859	0.175	0.173	1	PML	c24
0.361263973352121	-0.165465435395159	0.094	0.107	1	KCMF1	c24
0.993155620829849	-0.165401503749933	0.014	0.014	1	ZNF80	c24
5.63324120783652e-10	-0.165341550285439	0.986	0.95	1.88927643628421e-05	RPL8	c24
0.601034530792867	-0.165327463095894	0.145	0.153	1	DOCK10	c24
0.200453876361304	-0.165243069004227	0.068	0.082	1	CLP1	c24
0.146339496390576	-0.165200250036704	0.02	0.03	1	HOMEZ	c24
0.871283334645302	0.165060575836172	0.206	0.211	1	TIMM8B	c24
0.0272677645546044	-0.164862986213938	0.181	0.219	1	TMEM11	c24
0.516515383463105	-0.164752397184394	0.072	0.08	1	ZNF350	c24
0.254551989135369	-0.164628871187552	0.074	0.087	1	DPP3	c24
0.00400139315383645	-0.164499425051778	0.769	0.782	1	RPL17	c24
0.491063351022764	-0.164498236618224	0.068	0.075	1	LNPK	c24
0.219162816072664	0.164405049100476	0.101	0.087	1	NCOA2	c24
0.945319259053104	0.164396292186618	0.16	0.163	1	BRIX1	c24
0.0626947244097294	0.164205248998335	0.358	0.336	1	YTHDC1	c24
0.316047041557799	0.164202199942586	0.064	0.055	1	LIPA	c24
0.000155878178077829	-0.164032130787325	0.621	0.695	1	SEC61B	c24
0.871776026488421	0.163999532930882	0.016	0.017	1	TMLHE	c24
0.152545599270599	-0.163923247217485	0.261	0.288	1	ERLEC1	c24
0.0739884813481264	-0.16380515246712	0.097	0.122	1	IDH3A	c24
0.791904557411223	-0.163796852975231	0.101	0.104	1	AKT3	c24
0.923144978665371	-0.163720813585213	0.035	0.035	1	STX1A	c24
0.820777496557434	-0.163657229770902	0.077	0.08	1	RFX2	c24
0.384177008544389	-0.16363735424436	0.127	0.141	1	MSL3	c24
0.415259291525402	-0.163546966101135	0.204	0.22	1	PTPRA	c24
0.979460187836463	-0.163442760213875	0.063	0.063	1	DPYD	c24
0.598835544087781	-0.163399563582631	0.02	0.024	1	PIGV	c24
0.310508916669854	-0.163387285836542	0.228	0.247	1	CLK3	c24
0.703710100094012	0.163352528235452	0.097	0.094	1	GIMAP2	c24
0.0558947089575851	-0.163260630090189	0.206	0.246	1	FAM104A	c24
0.701585719371591	0.163247562997112	0.052	0.049	1	ENDOD1	c24
0.25492004430858	-0.163189276076758	0.061	0.074	1	ACOX3	c24
0.563328055290145	-0.163136101421824	0.013	0.015	1	UQCC1	c24
0.00673918273374188	-0.163116485214594	0.571	0.629	1	SEC62	c24
0.222846593778124	0.163100017945212	0.019	0.013	1	PLEKHM3	c24
0.970198374250692	-0.163071851602545	0.038	0.038	1	TRMT11	c24
0.754085844974857	-0.16301873571863	0.019	0.021	1	DIRC2	c24
0.329566730064527	-0.16296600288019	0.041	0.05	1	NT5DC1	c24
0.131652399158456	-0.162947507166609	0.046	0.061	1	UMPS	c24
0.141230839313761	-0.162919877215089	0.151	0.175	1	ORMDL3	c24
0.929910438670085	-0.162903886909462	0.063	0.064	1	DZIP3	c24
0.328591246572228	0.162826679822781	0.069	0.06	1	GALK2	c24
0.226297934397692	0.16274173007757	0.299	0.285	1	IDH2	c24
0.0986361952397078	-0.162683137343941	0.288	0.324	1	FRG1	c24
0.188404354283241	-0.162605100658824	0.072	0.088	1	RAB33A	c24
0.355072118633337	-0.162564072184898	0.028	0.035	1	PAM16	c24
0.946833676204136	0.162404203773671	0.061	0.061	1	TFB2M	c24
0.1512238172921	-0.162341653385002	0.072	0.09	1	WARS2	c24
0.0542253826918515	-0.162149274990182	0.22	0.262	1	DDA1	c24
0.562421509177345	-0.162016301775803	0.046	0.051	1	ZNF568	c24
0.840146711134395	-0.161916627246894	0.02	0.022	1	PPP1R13B	c24
0.722500777707125	0.161863242182549	0.193	0.195	1	LIMS1	c24
0.168293928848228	0.161842195965844	0.019	0.013	1	CPEB3	c24
7.02268182403935e-08	-0.161757057906112	0.964	0.936	0.00235526703014632	RPL5	c24
0.390950933502578	-0.161648801666786	0.02	0.026	1	CRADD	c24
0.362054999507252	-0.161614481901095	0.079	0.09	1	SCO1	c24
0.570523754975928	-0.161544988007351	0.02	0.024	1	HLA-DOA	c24
0.241716695631976	-0.161454851574978	0.503	0.529	1	HLA-F	c24
0.828227741843109	-0.161453915065788	0.127	0.13	1	HMGXB3	c24
0.219248846194003	-0.161194348958605	0.014	0.021	1	CXorf21	c24
0.364777836679642	0.161168392355178	0.091	0.082	1	ZDHHC18	c24
0.305199836410472	0.161154409039306	0.03	0.038	1	CDKN3	c24
0.595081924802027	0.160950062247927	0.075	0.071	1	EAF1	c24
0.0463770713634402	-0.160843646278283	0.206	0.245	1	PYURF	c24
0.000160919444639071	-0.160833422171749	0.777	0.807	1	TRIR	c24
0.419402275901247	-0.16075728656203	0.03	0.036	1	CASP6	c24
0.0522076095658948	-0.160731255489984	0.28	0.321	1	TIPRL	c24
0.0291522255717885	0.160717549703877	0.423	0.391	1	HERPUD2	c24
0.965516708855051	0.160647427578146	0.049	0.049	1	ABCD3	c24
0.17044952146292	0.160511839820419	0.208	0.19	1	ZNF430	c24
0.688411845738938	0.160462487761746	0.151	0.149	1	N4BP2L1	c24
0.315355144022705	0.160338593229248	0.126	0.115	1	LEMD3	c24
0.429128742658616	0.160334366451117	0.009	0.013	1	CRNDE	c24
0.146192089224899	-0.160280467257486	0.064	0.081	1	ACOT2	c24
0.985158307362114	-0.160146290688474	0.121	0.12	1	ACSL1	c24
3.93003565314072e-06	-0.159931124740056	0.904	0.903	0.131805535735033	RPL38	c24
0.420735974866444	-0.159920379314093	0.135	0.147	1	MRPL44	c24
3.27496252360231e-07	-0.159813397236253	0.939	0.914	0.0109835693116574	RPL10A	c24
0.703858882458739	0.15979695799495	0.016	0.014	1	ZNF540	c24
0.400619533625074	-0.159752018282091	0.09	0.1	1	MRPL39	c24
0.00273459746858485	-0.159381862513821	0.687	0.719	1	UBXN1	c24
0.546030923739275	-0.159346833877686	0.038	0.043	1	EPS8L2	c24
0.758396641069675	-0.15933724602492	0.047	0.05	1	THAP5	c24
0.241205397052586	-0.159320200631633	0.178	0.2	1	ARHGAP15	c24
1.86335068614204e-09	-0.15931775216144	0.978	0.936	6.24930553118318e-05	RPS9	c24
0.0371491566053086	-0.159289951209703	0.303	0.347	1	MRPL54	c24
0.80797839575021	-0.159100353221673	0.013	0.012	1	QSER1	c24
0.857372303111562	-0.158974650704999	0.039	0.038	1	RIC8B	c24
0.519942010531818	-0.158944317947311	0.093	0.101	1	RLIM	c24
0.88154253097921	0.158665284918746	0.019	0.018	1	ICA1	c24
0.346628231459094	-0.158563799746646	0.11	0.123	1	UBR7	c24
0.0442548408897656	-0.158405595914592	0.214	0.253	1	SREK1IP1	c24
0.187378746528294	-0.158364853506173	0.061	0.076	1	NDUFAF6	c24
0.573316458549406	-0.158332303387066	0.022	0.026	1	SLC36A1	c24
0.153991798875959	-0.158193206515825	0.17	0.196	1	MITD1	c24
0.168968463160457	-0.157861190360386	0.167	0.191	1	DUT	c24
0.57953045278258	-0.157830860065391	0.085	0.092	1	KPNA5	c24
0.417552829405843	-0.15781881231581	0.017	0.022	1	MAPKBP1	c24
0.200791591785917	-0.157810433441972	0.115	0.133	1	FRMD8	c24
0.398269525970645	-0.157435313847804	0.278	0.301	1	BAZ1B	c24
0.839122413372081	-0.157435050423619	0.025	0.026	1	RARG	c24
0.0181229926534612	-0.157434313115024	0.341	0.399	1	BCLAF1	c24
0.0169239014251109	-0.157390263795263	0.242	0.295	1	SDF2	c24
0.384057216835274	-0.157330276451972	0.028	0.035	1	RXYLT1	c24
8.70883037337717e-07	-0.157309139717689	0.962	0.929	0.0292076753062324	RPL36AL	c24
0.750568970008666	0.157270264666022	0.024	0.022	1	FP565260.1	c24
0.0804885138204065	-0.157215532938997	0.214	0.251	1	ACTR10	c24
2.11475331704262e-06	-0.15719203788285	0.91	0.906	0.0709245967469754	PFN1	c24
0.652756645260639	-0.157147041499377	0.008	0.01	1	AL139423.1	c24
0.48368345194501	0.157138575773685	0.019	0.015	1	CPLANE1	c24
0.481626586625777	-0.15691409289402	0.088	0.098	1	ITGAV	c24
0.404090104482758	-0.156880483634886	0.44	0.465	1	ARGLU1	c24
0.530710066416923	0.156803133333681	0.077	0.071	1	PPP1R35	c24
0.907537869718689	0.156547264730549	0.047	0.047	1	SLC35D2	c24
0.715415044133381	-0.156537566272385	0.009	0.011	1	MORC2	c24
0.345511908172483	0.156410776999837	0.384	0.375	1	RAP1A	c24
0.0790232371065566	0.156286567121966	0.204	0.18	1	EIF2AK2	c24
0.672305435193998	0.156136320147339	0.038	0.041	1	SRRD	c24
5.54306857228902e-16	-0.156069250586922	0.998	0.959	1.85903433777429e-11	RPS15A	c24
0.456654155812291	-0.156022333678048	0.064	0.072	1	SP4	c24
0.171691283026045	-0.155960752063195	0.052	0.066	1	MED7	c24
0.058195179382141	-0.155943810675918	0.223	0.263	1	COPS5	c24
0.948630872706865	-0.155928835215447	0.156	0.155	1	NUP153	c24
0.621283465944023	0.155707554831128	0.013	0.011	1	AC022126.1	c24
0.468810325061165	-0.15566447928047	0.124	0.135	1	STT3A	c24
0.335788002842174	-0.155563366259355	0.121	0.135	1	TBC1D10A	c24
0.801212092834582	-0.155458838228221	0.03	0.032	1	GNPDA2	c24
0.197223219891509	-0.155458288977294	0.261	0.291	1	PSMC6	c24
0.657431891310042	-0.155452412851678	0.052	0.056	1	ZNF121	c24
0.58047912020373	-0.15536977734701	0.102	0.11	1	PSMD5	c24
0.734130352743348	0.155254946358737	0.014	0.016	1	PNPO	c24
0.14338199637302	0.15524409224664	0.132	0.115	1	OPA1	c24
0.0375450076257244	-0.155199470305356	0.45	0.494	1	EIF4H	c24
0.502272745845078	0.155185708385415	0.035	0.03	1	CHKA	c24
0.776934378962971	0.155175317247128	0.058	0.056	1	FOXJ2	c24
0.610593383252971	-0.155171113913513	0.149	0.157	1	PPP2R5E	c24
0.846132336583534	-0.155165615830278	0.033	0.032	1	SLC26A11	c24
0.287827711644355	-0.155103256077917	0.068	0.08	1	HMGCR	c24
0.134834955701859	-0.15509737414081	0.186	0.214	1	AASDHPPT	c24
0.120601426888467	-0.155080936232653	0.09	0.111	1	MAN1A2	c24
0.111359371136885	-0.155074645704382	0.151	0.178	1	TFAM	c24
0.546307660951578	0.154824525369363	0.319	0.316	1	EIF4E	c24
0.046923316584486	-0.154795131599644	0.629	0.648	1	HMGN2	c24
0.0988436827206715	0.154791016022066	0.369	0.349	1	FIS1	c24
0.469101032559561	-0.1547063562133	0.008	0.011	1	AL162231.1	c24
0.18969164066572	-0.154649886086173	0.068	0.083	1	SDHAF2	c24
0.899844055446381	0.154567343851109	0.016	0.015	1	N6AMT1	c24
0.991835948012605	-0.154562196949678	0.022	0.022	1	MTURN	c24
0.7311386303298	-0.154365002678577	0.03	0.032	1	ICK	c24
0.0335646105019795	0.154311766050646	0.355	0.322	1	PHF20	c24
0.947969004292485	0.154295239314697	0.102	0.104	1	FAM168B	c24
0.476960661308527	-0.154036264124305	0.072	0.08	1	SNRNP25	c24
0.0202722246634866	-0.153866277072205	0.121	0.159	1	RPIA	c24
0.256668775053808	-0.153852753381192	0.082	0.096	1	ITFG1	c24
0.228062923201727	-0.153726007015803	0.151	0.17	1	GET4	c24
0.521534783686088	0.153663945628121	0.061	0.056	1	TIMM21	c24
0.0221739208287116	0.153341138480012	0.668	0.613	1	LDHB	c24
0.00954912095772196	-0.153225992709018	0.697	0.742	1	RELB	c24
0.0131835906496071	-0.153040796079435	0.577	0.631	1	NDUFB11	c24
0.339843631184972	-0.153037214089121	0.049	0.058	1	INTS13	c24
0.29031429258846	0.152886628538444	0.143	0.128	1	ZNF410	c24
0.984851603331728	-0.152726909754549	0.072	0.072	1	TFEB	c24
0.20370820063185	-0.152724632884291	0.347	0.38	1	RNF115	c24
0.576703846374611	0.152670186450612	0.116	0.111	1	REC8	c24
0.137359660988846	-0.152590061739794	0.288	0.323	1	MRFAP1L1	c24
0.168332768290336	-0.152505719286635	0.118	0.14	1	C7orf50	c24
0.0208913354902894	-0.152466164898908	0.149	0.189	1	CHCHD7	c24
0.312824468875946	-0.152125533785722	0.223	0.244	1	UBAP1	c24
0.800240605024923	0.152073864532924	0.027	0.025	1	TMEM65	c24
0.583751901751581	-0.151982415601436	0.384	0.4	1	GOLGB1	c24
0.713647754545347	-0.151939989294702	0.179	0.174	1	UTRN	c24
0.000833896709332715	-0.151843970670679	0.78	0.795	1	OST4	c24
0.401924593312625	-0.151771630118129	0.146	0.16	1	BANP	c24
0.778928134949724	0.151744233638853	0.025	0.027	1	SNHG19	c24
0.960064982828406	0.151709688196369	0.014	0.014	1	TIGD5	c24
0.594682891582497	-0.151592684866611	0.102	0.109	1	MRPL42	c24
0.0220489083547056	0.151537857972781	0.775	0.741	1	PSME1	c24
0.787531640216469	0.151466108807848	0.016	0.017	1	ZNF367	c24
0.483737865167818	-0.151176013920367	0.016	0.02	1	TRIM68	c24
0.248569418912925	-0.151065048096123	0.057	0.069	1	C12orf45	c24
0.577489886005972	-0.151044245042149	0.011	0.014	1	TRIM73	c24
0.404648279064698	0.150992050660256	0.127	0.118	1	CALU	c24
0.073801235567338	0.150964240629007	0.451	0.416	1	CALM3	c24
0.320299837719679	0.150938932038746	0.071	0.062	1	RCL1	c24
0.693483159416321	-0.15068596762982	0.011	0.009	1	USP53	c24
0.478180349969017	0.150471285798137	0.236	0.23	1	ITGB1BP1	c24
0.192985104855671	-0.15026399155573	0.252	0.274	1	PFDN4	c24
0.0952221001283843	0.150121094111667	0.259	0.236	1	GPRIN3	c24
0.340606666398162	0.150097369750108	0.068	0.059	1	POU2F1	c24
0.154283105658769	-0.150078720206708	0.105	0.125	1	TVP23B	c24
0.584371494508217	0.150030287842618	0.019	0.016	1	NKIRAS1	c24
0.587664307459201	0.150024247205272	0.014	0.012	1	TBC1D2	c24
0.516585408204635	0.149979866667505	0.055	0.05	1	HDAC8	c24
0.0520425765297312	-0.149906967448837	0.41	0.457	1	ENY2	c24
0.836135817014803	0.149783579947976	0.024	0.025	1	NR5A2	c24
0.255925596133515	-0.149508730211512	0.035	0.044	1	MAK16	c24
0.204902630827312	-0.149465429331307	0.162	0.181	1	RNF113A	c24
0.360886558718714	-0.1493152846779	0.263	0.282	1	CNIH1	c24
0.106718141826507	-0.148745373489888	0.164	0.192	1	CBLL1	c24
0.331089737561032	0.148558533973233	0.226	0.215	1	EZH2	c24
0.358388235343261	-0.148546678565026	0.19	0.209	1	SSH2	c24
0.58946766389981	0.148545345292721	0.027	0.024	1	GABPB2	c24
0.135687194978179	-0.148461026487146	0.135	0.162	1	CUL3	c24
0.103297268864833	-0.148431813750781	0.27	0.31	1	ZFR	c24
0.525858791579474	-0.14839292484199	0.035	0.04	1	CHM	c24
0.411924079694743	-0.148284004801219	0.154	0.169	1	TPP2	c24
0.360549151309424	-0.148218937626847	0.009	0.014	1	HIST1H4J	c24
0.562949395355652	0.148068590773103	0.129	0.14	1	PSMD10	c24
0.694151338813583	0.147977874128622	0.022	0.025	1	NEMP2	c24
0.0137022302708751	-0.147882204601816	0.745	0.767	1	COX6A1	c24
0.361436140425593	-0.147804025016393	0.088	0.099	1	TSPAN17	c24
0.374286396877641	-0.147691037342081	0.08	0.091	1	PIGC	c24
0.0488455266852881	-0.147530849837977	0.198	0.235	1	ZFAND6	c24
0.229584388403962	-0.147499236906768	0.09	0.105	1	CEBPZOS	c24
0.325631343620201	-0.147492801335379	0.267	0.285	1	TIMM17A	c24
0.812244358193358	-0.147445486348532	0.019	0.02	1	YOD1	c24
0.746045952933564	0.147430255048527	0.049	0.052	1	WDSUB1	c24
0.715459900817734	0.147263208763252	0.011	0.013	1	AC097534.2	c24
0.61022778306947	0.147212446594962	0.094	0.09	1	ZNF431	c24
0.319277116281572	-0.147132601063354	0.171	0.19	1	SART3	c24
0.551836020784348	-0.146972430883635	0.099	0.107	1	TTTY15	c24
0.477176285158631	0.146748153395148	0.112	0.104	1	ZFX	c24
0.490861467708911	0.146624751967293	0.126	0.118	1	RCHY1	c24
0.529666092476107	0.146499555687163	0.038	0.033	1	STRBP	c24
0.0641927328536907	0.146293912660728	0.189	0.161	1	PPP1R15B	c24
0.68517390488173	-0.146289780831236	0.049	0.053	1	FYCO1	c24
0.0413140941982672	-0.14622874150706	0.223	0.267	1	SAR1B	c24
0.259852932872648	0.146185022446515	0.231	0.218	1	HAUS3	c24
0.0489801663196847	-0.146142111259712	0.464	0.515	1	JPT1	c24
0.725694813359372	0.146102952270688	0.376	0.394	1	ATP6V0D1	c24
0.297451493423735	-0.146061696746363	0.049	0.059	1	ULK3	c24
0.337940891903885	0.146044720857832	0.223	0.212	1	FUBP1	c24
0.539721883381083	0.145980914138682	0.042	0.038	1	RBSN	c24
0.655249409420979	-0.145934754627846	0.05	0.046	1	TEX10	c24
0.146125409681049	-0.145888707687241	0.135	0.159	1	RP9	c24
0.656647913911082	-0.145829522533936	0.069	0.075	1	MGA	c24
0.670809483903608	-0.145756839386223	0.332	0.342	1	KDM5A	c24
0.613424192220444	0.145643035586071	0.028	0.025	1	AL390728.5	c24
0.792631771033427	-0.145516692873863	0.06	0.057	1	ADCY7	c24
0.561866695302084	0.145340010860131	0.157	0.15	1	RTL8C	c24
0.377366402669243	-0.145253501880924	0.11	0.123	1	MRPS25	c24
0.160249027951519	-0.145055894521035	0.005	0.01	1	INO80B	c24
0.493325845422287	-0.144910317663363	0.799	0.793	1	ZFP36	c24
0.899205748003762	0.144739862739988	0.241	0.248	1	NDUFB3	c24
0.716247049299746	0.14464326961927	0.031	0.029	1	TMCC1	c24
0.746140914276732	-0.144637362868532	0.071	0.074	1	DOHH	c24
0.471082661025642	-0.144567048903047	0.02	0.025	1	LINC02539	c24
0.871697247593157	-0.144562079459524	0.058	0.06	1	TBC1D14	c24
0.581476568197328	-0.14446644655247	0.267	0.276	1	MATR3.1	c24
3.84944477690175e-12	-0.144375621002601	0.995	0.956	1.29102678927731e-07	RPL19	c24
0.612757358640144	0.144358240414816	0.013	0.011	1	FANCB	c24
0.609811640417347	-0.144287385767123	0.159	0.168	1	ARIH1	c24
0.767579603478062	-0.144214827015999	0.016	0.017	1	B4GAT1	c24
0.811281516240127	-0.144182369455407	0.319	0.315	1	SMARCA2	c24
0.609969330427305	-0.144142131940766	0.314	0.327	1	SEPT1	c24
0.206741919714957	-0.144122895712957	0.02	0.029	1	CCDC34	c24
0.199855195359269	0.143873781933714	0.025	0.018	1	ZNF551	c24
0.275330842913177	-0.143592112503571	0.085	0.099	1	TRG-AS1	c24
0.477237945674241	0.143534638252214	0.434	0.432	1	PDIA6	c24
0.148478996926052	0.143467820511068	0.219	0.198	1	COX19	c24
0.62409986825293	-0.143448044405082	0.14	0.148	1	WDR26	c24
0.432709331855904	-0.143445574063208	0.019	0.024	1	AC005332.5	c24
0.649564135825024	-0.143440148011703	0.307	0.32	1	PNN	c24
0.203902978468464	-0.143316802380528	0.017	0.025	1	SMYD5	c24
0.419947225813234	0.143161838851288	0.269	0.261	1	SELENOH	c24
0.403091575149368	-0.143089016243165	0.058	0.067	1	NDUFAF5	c24
4.49797296006896e-12	-0.142964821374648	1	0.958	1.50853017134793e-07	RPL11	c24
0.644093941354465	0.142930488740706	0.253	0.248	1	SAR1A	c24
0.00287559431548184	-0.142846976068206	0.763	0.793	1	HNRNPK	c24
0.2783723758578	-0.142820674433216	0.035	0.044	1	FHOD1	c24
0.0746874153472308	-0.142811741108719	0.05	0.069	1	SNX12	c24
0.0855312013312349	0.142782630265827	0.272	0.251	1	DNAJB14	c24
0.746023351710929	0.142725199866502	0.047	0.045	1	SIRT1	c24
0.531250803647724	-0.142674876691186	0.019	0.023	1	SGSM3	c24
0.24339631312256	-0.142590423079389	0.039	0.05	1	CARD8-AS1	c24
0.479939401965915	0.142413424956654	0.019	0.015	1	CAB39L	c24
0.559890426347969	-0.142352320915839	0.088	0.081	1	GDAP2	c24
0.26873752788371	0.142345798537295	0.09	0.078	1	PDS5B	c24
0.812839259067339	-0.142321376169476	0.053	0.056	1	CXorf56	c24
0.556861366959767	-0.142319795328644	0.041	0.036	1	SLC9A1	c24
0.196691054730255	0.142274580785152	0.028	0.039	1	CENPH	c24
0.00436070991559471	-0.142223609068143	0.632	0.687	1	SSR2	c24
0.465691070971819	-0.142189132459851	0.195	0.21	1	SIK3	c24
0.963859648206755	0.142088587239049	0.082	0.083	1	SIAH1	c24
0.429543766140953	0.141950924956216	0.09	0.081	1	LYSMD3	c24
0.970949986736524	-0.141935442366235	0.184	0.187	1	RICTOR	c24
0.00135076336334881	-0.141821446454257	0.626	0.681	1	RAC1	c24
0.145691253564855	0.141687468190669	0.322	0.308	1	NGDN	c24
0.000257519651703694	-0.141617708893532	0.876	0.866	1	RPL4	c24
0.472460109626139	-0.141527522554211	0.044	0.05	1	ZNF808	c24
0.493409581464682	-0.141487235549184	0.017	0.021	1	PRC1	c24
0.0078236755634049	0.141374727321962	0.709	0.649	1	ALOX5AP	c24
0.296057778385878	-0.141281117690639	0.352	0.379	1	SMARCA5	c24
0.000845479395519973	-0.141219879743321	0.267	0.343	1	ZNRD1	c24
0.346500250976599	-0.141213402177122	0.014	0.019	1	TRAF3IP2-AS1	c24
0.596185580430488	-0.141125500242669	0.272	0.279	1	PANK2	c24
0.000242780541077791	-0.141109519315872	0.876	0.86	1	RPL7	c24
0.432739398244488	0.141083056649478	0.131	0.121	1	FLAD1	c24
0.692069350242985	-0.141056437690206	0.044	0.047	1	ABHD4	c24
0.430209538709242	0.141039001612386	0.046	0.039	1	C16orf45	c24
0.217153508003074	-0.140929941178403	0.039	0.051	1	ISOC2	c24
0.441704348739016	-0.140858787921718	0.061	0.07	1	ZSCAN16-AS1	c24
0.000137973990465556	-0.140658697281564	0.901	0.893	1	RPL31	c24
0.150930089733251	0.140646960489605	0.583	0.565	1	ILF2	c24
0.342958068780799	-0.140547431863683	0.145	0.16	1	DHX29	c24
0.713021379865037	-0.140399396456351	0.009	0.011	1	CD68	c24
0.0036980223370414	-0.140382000426333	0.59	0.642	1	ITM2A	c24
0.189138825006708	-0.14036281690202	0.138	0.159	1	IFNGR1	c24
0.227775899678102	-0.140360250924503	0.146	0.166	1	ZCCHC10	c24
0.281624394736633	-0.140338192246612	0.2	0.218	1	C17orf49	c24
0.727703592821363	0.140250871609183	0.143	0.14	1	STAMBP	c24
0.182808880860812	-0.140237844409151	0.079	0.095	1	PPP1R8	c24
0.96302272889177	0.140217976499141	0.184	0.191	1	NCBP2-AS2	c24
0.00245720265510802	-0.140073552580273	0.714	0.77	1	ATP6V0C	c24
0.0878198897431627	-0.139894290543288	0.212	0.246	1	MRPL10	c24
2.11491933824732e-05	-0.139887184895815	0.962	0.929	0.709301647661387	RPL13A	c24
0.582841074305255	-0.139651488923141	0.143	0.152	1	TOM1	c24
0.474911545821827	0.139624294919452	0.05	0.045	1	BICD1	c24
0.660990831558435	-0.139550410146795	0.138	0.146	1	CNST	c24
0.622437030418681	-0.139430165398978	0.075	0.081	1	FAM173A	c24
0.0277508490501941	-0.139368645750808	0.357	0.413	1	BNIP3L	c24
0.00154083181257364	-0.139335812077858	0.604	0.667	1	ATP5MC3	c24
0.853992855490607	-0.139281857484578	0.102	0.105	1	DENND1B	c24
3.27096663607806e-06	-0.139239994920465	0.969	0.934	0.109701679040786	RPS5	c24
0.0137673284526924	-0.139215985370202	0.425	0.488	1	KRAS	c24
0.832975771556923	-0.139190766955709	0.094	0.097	1	TCP11L1	c24
0.597262221873163	-0.139176662180531	0.072	0.078	1	TLE4	c24
0.0859590390217082	-0.13891662988905	0.322	0.362	1	TOX4	c24
0.879020070509323	-0.138883606189371	0.058	0.06	1	ODR4	c24
0.6082126646298	-0.138780849366597	0.121	0.128	1	ADAM10	c24
0.11262038728651	-0.138635555350461	0.173	0.2	1	MFSD5	c24
2.4174705172983e-08	-0.138619255311911	0.998	0.961	0.000810771262091504	RPS26	c24
0.910996597606442	-0.13838940706349	0.135	0.138	1	CNDP2	c24
0.986289369529722	0.138327169445882	0.035	0.035	1	OGG1	c24
0.71802585378499	-0.138315326311624	0.25	0.261	1	SPAG9	c24
0.111336975162989	-0.138256364885008	0.135	0.161	1	CKAP2	c24
0.570526766430847	-0.138209774095546	0.14	0.149	1	GOSR1	c24
0.6099873191006	0.138070879285468	0.014	0.012	1	PTPN13	c24
0.00982505318285688	-0.1379374854933	0.605	0.654	1	OPTN	c24
0.831847572515065	-0.137768317018535	0.024	0.025	1	RAB30-AS1	c24
3.07968401190103e-18	-0.137549986866267	1	0.97	1.03286442391137e-13	RPL41	c24
0.247477802920578	0.137434411460804	0.193	0.177	1	RNF138	c24
0.256953016037488	-0.137195743346258	0.311	0.342	1	LUC7L2	c24
0.327196874875556	-0.137163900531999	0.013	0.018	1	NTHL1	c24
0.0272453975691724	0.137149132794089	0.336	0.303	1	SH2D1A	c24
2.01305940900006e-09	-0.137110482948307	0.992	0.951	6.75139864590439e-05	RPS23	c24
0.391576610215164	-0.136954988721641	0.009	0.013	1	SV2A	c24
0.96063647701704	-0.136953768520769	0.486	0.494	1	RNF19A	c24
0.592088230449782	0.136820955695635	0.035	0.031	1	ZNF268	c24
0.613050732801152	-0.136778511258978	0.014	0.017	1	MSANTD3	c24
0.276089380782125	-0.136643173043788	0.184	0.203	1	TARSL2	c24
0.0477518484158624	-0.136637769054348	0.341	0.391	1	GPI	c24
0.840681522077252	0.136623577509158	0.066	0.065	1	FCMR	c24
0.799619764495033	-0.136561659656236	0.025	0.024	1	CD99L2	c24
0.60671632579514	-0.136425717044152	0.033	0.037	1	AC044849.1	c24
0.375371594315482	-0.136349662401093	0.127	0.142	1	BOLA3	c24
0.610912370082659	-0.136261430696032	0.101	0.108	1	NCAPH2	c24
0.0775546105499329	-0.136119843928761	0.393	0.436	1	EIF6	c24
0.210441097682875	-0.135997434137175	0.233	0.258	1	LAMTOR4	c24
0.720052234281988	-0.135963034193578	0.091	0.095	1	SYS1	c24
0.355122897732454	-0.135950013540196	0.101	0.113	1	CXorf38	c24
0.219522068867592	-0.135892500773889	0.116	0.135	1	NAPG	c24
0.054096574931169	-0.135823514840947	0.376	0.424	1	MAPRE1	c24
0.290590094747028	-0.13578156852547	0.05	0.061	1	ACAT1	c24
0.649125740389168	0.13567790254681	0.025	0.028	1	MCRIP2	c24
0.291626395684416	-0.135429867023754	0.149	0.165	1	C15orf61	c24
0.206623730006264	-0.135142489170806	0.099	0.116	1	CNP	c24
0.26791905744121	0.135087890014135	0.17	0.155	1	KANSL2	c24
0.715050863373593	0.135043246342364	0.014	0.016	1	PRKCE	c24
0.35703305639795	-0.134992968744399	0.168	0.183	1	IDH3B	c24
0.436501099134821	-0.134857401975449	0.116	0.106	1	ITPRIP	c24
0.127124621951136	0.13480483937827	0.2	0.179	1	TUT7	c24
0.618609066667183	-0.134778882933126	0.053	0.049	1	BTBD9	c24
0.96468258792546	0.134755184866786	0.014	0.014	1	ZSCAN9	c24
0.574657245603725	-0.134674458856009	0.033	0.037	1	TIPIN	c24
0.960755672881064	-0.134664482490997	0.074	0.073	1	PRKCB	c24
0.00411072602262348	-0.134640296282075	0.417	0.482	1	ATP6V1F	c24
0.591489654525032	-0.134504267662338	0.033	0.037	1	PPAT	c24
0.144265357921577	0.134466532275041	0.302	0.28	1	CGGBP1	c24
0.973980222123467	-0.134340529436105	0.025	0.026	1	RALGAPA2	c24
0.760935860859511	-0.134251601992904	0.118	0.123	1	GATAD2A	c24
0.231517105230021	-0.134109238314157	0.259	0.287	1	TMEM183A	c24
0.200339670219762	0.133926764446222	0.472	0.443	1	UCP2	c24
0.722769797778391	-0.13382633555435	0.014	0.016	1	HOXB-AS1	c24
0.958567205903323	0.133818091921798	0.058	0.059	1	HLA-DMB	c24
0.797927977970461	-0.133808662168395	0.016	0.017	1	ERLIN2	c24
0.0319632587803322	0.133648950698466	0.352	0.313	1	CHN1	c24
0.559917639613086	-0.133628244383067	0.08	0.087	1	MYO6	c24
0.895043185351033	0.13357585522022	0.031	0.031	1	SNHG10	c24
0.202651972850957	0.133572821970044	0.146	0.129	1	SMIM15	c24
0.935629446609206	-0.133445425244219	0.06	0.06	1	PCSK1N	c24
0.510114119526388	-0.133143394823338	0.244	0.258	1	C19orf66	c24
0.702444061344466	0.133111528866056	0.036	0.034	1	ASPH	c24
0.22186678544202	-0.133013310288624	0.134	0.153	1	DCTN6	c24
0.689653624564484	-0.13295800873223	0.058	0.062	1	RCC1L	c24
0.324537030519319	-0.132907988380467	0.061	0.072	1	MTFMT	c24
0.165995535527917	-0.132895362342861	0.544	0.561	1	ANP32B	c24
0.137465720280647	-0.132886865431039	0.602	0.637	1	VCP	c24
0.0591489971009087	-0.13288525494858	0.448	0.491	1	NRBP1	c24
0.753819976690113	-0.132784887841413	0.011	0.012	1	TMEM268	c24
0.0129423227022512	0.132717303125363	0.679	0.624	1	MYL12A	c24
0.808688187834311	0.132664700222401	0.009	0.01	1	SLC22A5	c24
0.897867552910696	-0.132525523687453	0.157	0.159	1	TMUB2	c24
1.60820727731611e-06	-0.132452348550524	0.961	0.922	0.0539360556666277	UBA52	c24
0.0840102810031575	-0.132199138111304	0.415	0.46	1	RSL1D1	c24
0.248040471167363	-0.132055916190566	0.173	0.193	1	NME3	c24
0.288741618254419	-0.132031994185777	0.179	0.196	1	TIMM10	c24
0.140828749134904	-0.131979526396613	0.145	0.169	1	DESI2	c24
0.736342581615696	0.13150356062767	0.042	0.04	1	HOOK2	c24
0.0722782669130264	-0.131476244750138	0.223	0.26	1	MRPS18C	c24
0.503284092188906	-0.131367789631477	0.086	0.095	1	DENND1C	c24
0.468915342925552	0.131327805451006	0.112	0.123	1	CKLF	c24
0.95237667678886	-0.131192830644617	0.27	0.273	1	ANKRD28	c24
0.596544450558676	-0.131176582564399	0.022	0.025	1	CHAF1B	c24
0.13526691777951	-0.131169365181538	0.118	0.14	1	TAF12	c24
0.52621458396425	0.131153366032547	0.22	0.215	1	RBCK1	c24
0.658592144286783	-0.131101870016724	0.044	0.048	1	TMEM69	c24
0.612763599917476	0.131077088606174	0.388	0.422	1	CMTM6	c24
0.344992794412511	0.13098815570581	0.187	0.174	1	CDKN2AIP	c24
0.799043869397845	-0.130959518949697	0.016	0.017	1	KDM1B	c24
0.851836970058442	-0.130874274340072	0.164	0.167	1	ATP11B	c24
0.984172874607031	-0.13058882094996	0.038	0.037	1	COG6	c24
0.745644920542486	-0.130295632088922	0.047	0.05	1	ERCC6L2	c24
0.31027703903193	-0.130286333446272	0.116	0.131	1	C2orf49	c24
0.864410057023692	0.130163906881156	0.153	0.157	1	TCTN3	c24
0.316508129355238	-0.130156870690027	0.302	0.32	1	CWC15	c24
0.700450567980068	-0.130120465515575	0.035	0.038	1	FAM24B	c24
0.749419519203469	-0.130014466274728	0.009	0.011	1	CCDC61	c24
0.109535663711778	-0.130009047762421	0.2	0.23	1	EIF1AY	c24
6.83725504543319e-07	-0.129945728633486	0.984	0.946	0.0229307859713738	RPS6	c24
0.28467822281863	-0.129885761839905	0.561	0.584	1	SFPQ	c24
0.932664319991698	-0.12980702269303	0.019	0.019	1	SNURF	c24
0.770500613226055	-0.129789114211396	0.027	0.025	1	ZNF75D	c24
0.134865201423962	-0.129691823657484	0.119	0.142	1	TIMM22	c24
0.970791306820327	0.129598473472181	0.066	0.066	1	FAM122C	c24
0.000357652503732594	-0.12942553510301	0.819	0.855	1	SUB1	c24
0.568578636083664	-0.129412312888855	0.038	0.042	1	DHCR7	c24
0.975807200058543	-0.12915462927885	0.162	0.163	1	SUCO	c24
0.36660824983383	-0.129045247237531	0.06	0.07	1	MPHOSPH9	c24
0.878716832371867	0.128969731858669	0.033	0.032	1	SNX8	c24
0.27249963679786	0.128707084806138	0.231	0.215	1	ABI3	c24
0.508500780496612	-0.128401874105955	0.027	0.031	1	QDPR	c24
0.588558942854339	-0.128336509023134	0.631	0.639	1	SAMSN1	c24
0.705137880919712	0.128321525024464	0.014	0.016	1	AL022328.4	c24
0.973243223815159	0.128299650254094	0.03	0.03	1	MPV17L2	c24
0.709475500572738	0.128299203541467	0.083	0.08	1	SLC25A17	c24
0.363432368396811	-0.128164301723501	0.094	0.106	1	UBALD2	c24
0.512524637560188	-0.12808641277969	0.017	0.021	1	INCENP	c24
0.191431567536841	-0.128034821820976	0.214	0.238	1	COPZ1	c24
0.796573802622497	-0.127836869389746	0.148	0.152	1	DYRK1B	c24
0.00742056881622107	0.127538824689514	0.871	0.828	1	PNRC1	c24
0.922346018884218	0.127500575984882	0.025	0.025	1	ZNF566	c24
0.595745224427126	-0.127486488261607	0.036	0.041	1	PHC2	c24
0.295281248908297	0.127465753785961	0.017	0.024	1	MCEE	c24
0.275516769470989	-0.127431008990693	0.208	0.228	1	CRYBG1	c24
0.00296752225696283	-0.127364449037706	0.862	0.856	1	TMA7	c24
0.424706776133606	0.127315381544922	0.248	0.242	1	RFC1	c24
0.735987818114039	-0.127276957356659	0.022	0.02	1	MFAP3	c24
0.727297207967077	-0.127167985735061	0.069	0.066	1	ATXN1L	c24
0.548056998034196	-0.127147657682864	0.035	0.039	1	PORCN	c24
0.20628671313075	-0.1270314805156	0.165	0.19	1	PABPN1	c24
0.390681639132466	-0.12700236301777	0.195	0.211	1	SLC1A5	c24
0.788253586802496	0.126976047692561	0.069	0.067	1	ZNF107	c24
0.0380099401559724	-0.126845478078198	0.351	0.401	1	YTHDF2	c24
0.42070422346976	-0.126513773089776	0.113	0.125	1	VAPB	c24
0.058027900297064	-0.126310771076796	0.462	0.499	1	EIF3L	c24
0.457028794117713	-0.126290820954368	0.064	0.073	1	C12orf43	c24
0.301711460270695	-0.126267671629043	0.104	0.118	1	DECR1	c24
0.854649913407347	-0.126209636325858	0.855	0.799	1	HLA-DRB1	c24
0.563306115563824	-0.126175597374185	0.027	0.031	1	MSRA	c24
0.256679636770654	-0.125961426449876	0.031	0.041	1	WDR11	c24
0.533411857127641	-0.125845874581627	0.077	0.084	1	NIT2	c24
1.3397978590331e-05	0.125788056885402	0.987	0.952	0.44934140596252	TPT1	c24
0.0997923932840686	0.125716819904779	0.476	0.448	1	EIF1B	c24
0.559326710733813	-0.12563997029712	0.047	0.053	1	ILF3-DT	c24
0.367284356349657	-0.125537002321797	0.075	0.086	1	RAP1GDS1	c24
0.243236564402858	-0.125531324245196	0.113	0.13	1	TRIM4	c24
0.475038576064835	-0.125395258590957	0.02	0.025	1	AC016876.1	c24
0.334173675878579	-0.125285202773049	0.153	0.169	1	VEZT	c24
0.800539801598934	-0.125224955929149	0.016	0.017	1	ZNF680	c24
0.102676689097703	0.1251268759501	0.186	0.163	1	KIAA0232	c24
0.154409437867259	-0.12508295366784	0.354	0.386	1	APOBEC3C	c24
0.812899582514931	-0.124866080534462	0.046	0.048	1	LIN52	c24
0.868686097130408	0.124774485431692	0.113	0.113	1	PTPN6	c24
0.00130434477686243	-0.124715171621665	0.533	0.582	1	PRDX6	c24
0.570065645469894	0.124700798914153	0.462	0.461	1	UQCRQ	c24
0.462152216317413	-0.124695265334352	0.072	0.081	1	ISY1	c24
0.641845207209454	0.124597890673191	0.055	0.051	1	MAP3K13	c24
0.244110409996495	-0.124494798136107	0.198	0.221	1	SLC25A38	c24
0.576682530848913	0.124028636630688	0.025	0.022	1	KIAA1328	c24
0.0385662044513754	-0.123852962924531	0.327	0.373	1	MGAT1	c24
0.884381015717349	0.123793706206999	0.041	0.04	1	ZNF557	c24
4.11933115886974e-10	-0.123793653254296	0.998	0.955	1.38154128406173e-05	RPL34	c24
0.507838906714572	-0.123747757723629	0.506	0.513	1	KHDRBS1	c24
0.920660586202829	-0.1236955132711	0.014	0.015	1	SETMAR	c24
0.0704356363499095	-0.123661218652374	0.016	0.028	1	ZNF287	c24
0.360512458308907	0.123542217241291	0.055	0.047	1	HSCB	c24
0.566155274238974	-0.123525958057622	0.086	0.094	1	ZNF639	c24
0.899730207031416	0.123498510397033	0.159	0.164	1	TBPL1	c24
0.373652116135338	0.123351527314483	0.074	0.065	1	INTS6L	c24
0.0600293127711874	0.123345436687726	0.619	0.58	1	UQCRH	c24
0.238856412447922	-0.123333870825112	0.022	0.03	1	ZNF827	c24
0.0697822106680456	-0.123284104768237	0.223	0.261	1	TROVE2	c24
0.430176636116419	-0.123233980954282	0.069	0.078	1	LRRC23	c24
0.270043527865871	-0.123180614414492	0.006	0.011	1	ZNF888	c24
0.24779562795029	-0.123166900479929	0.223	0.248	1	TRAPPC2L	c24
0.456637881582795	-0.123021176354008	0.112	0.123	1	CHCHD3	c24
0.717476877894393	-0.122942628605707	0.192	0.188	1	ZMYM2	c24
0.721006183445115	0.122839802285713	0.019	0.021	1	FAM161A	c24
0.141744184224388	0.122755512283886	0.264	0.243	1	TFIP11	c24
0.362344896922307	-0.122729405785127	0.079	0.09	1	RAB3IP	c24
0.0985978472463837	-0.122641872745855	0.156	0.185	1	LSM12	c24
0.998845223476087	-0.122580961216903	0.02	0.02	1	ZNF787	c24
0.689138014758455	-0.122547673070393	0.167	0.161	1	JAK3	c24
0.61571537097425	0.122351282421293	0.118	0.113	1	C12orf49	c24
0.130863021466687	0.12233980578085	0.376	0.358	1	PNRC2	c24
0.851902415463645	-0.122331435752293	0.036	0.038	1	SLC9A3	c24
0.72795056180312	0.122236068712416	0.066	0.063	1	FAM3A	c24
0.57140466231942	0.12220571122833	0.113	0.108	1	CTDSPL2	c24
0.0769247697777588	-0.122113459253256	0.425	0.459	1	GSTP1	c24
0.795275443350153	-0.122046325445496	0.069	0.072	1	PPP2R1B	c24
0.372306479529915	-0.121890670780375	0.069	0.08	1	STK16	c24
0.925642844928628	-0.121810095846242	0.035	0.035	1	IL2RA	c24
0.195892455929451	0.121762966800359	0.217	0.2	1	USP22	c24
8.43505183587214e-12	-0.121654803255379	0.998	0.96	2.8289476847148e-07	RPL30	c24
0.109319582500552	-0.121614934141095	0.352	0.386	1	ATP5PD	c24
0.910527937402674	-0.121547330303684	0.046	0.045	1	KIF1B	c24
0.66336937226373	-0.121361059393573	0.019	0.021	1	RPAP1	c24
0.37968838574179	-0.121275997436345	0.068	0.078	1	ZNF506	c24
0.405970213129201	-0.121258918156936	0.083	0.094	1	RFK	c24
0.635346028614314	0.121256492571555	0.047	0.043	1	ADORA2A	c24
0.643904936525479	-0.121223609557413	0.009	0.011	1	KDELC1	c24
0.825818637295021	-0.121223029799064	0.027	0.025	1	GHDC	c24
0.0562261370363004	-0.121165801162106	0.044	0.064	1	ARMH1	c24
0.242131372420747	-0.121122972276901	0.137	0.154	1	LAYN	c24
0.316729338803817	0.120927289540553	0.231	0.218	1	ABCC1	c24
0.309960836580431	0.120912456396319	0.332	0.322	1	TRAF1	c24
0.277691455469872	0.120843799974243	0.055	0.046	1	KAT2B	c24
0.899506134116702	0.120705754484047	0.105	0.106	1	GPR108	c24
0.613573594571018	-0.120340396452229	0.302	0.316	1	HM13	c24
0.779619547350173	0.120307634564059	0.042	0.04	1	ELMOD2	c24
0.600920544826087	0.12021786000516	0.129	0.14	1	CTSA	c24
0.0203858388322213	0.120163936110614	0.428	0.388	1	BHLHE40	c24
0.160378783823523	-0.120069076938758	0.381	0.405	1	MDH2	c24
0.887791937423279	0.120039902827823	0.02	0.021	1	NAT14	c24
0.848273418387984	-0.120027363197116	0.052	0.054	1	RBMXL1	c24
0.55218440039498	0.119870121983977	0.44	0.44	1	SNX9	c24
0.554815015329253	-0.11985735336272	0.281	0.301	1	CWC25	c24
0.210082426622341	-0.119829263977127	0.599	0.624	1	STAT3	c24
0.735528488285768	0.119789688598383	0.086	0.084	1	THG1L	c24
0.318566684355731	-0.119787047173043	0.121	0.136	1	TMEM33	c24
0.736705014536788	0.119596104109342	0.094	0.091	1	CTSD	c24
0.201318535100784	0.119506274546635	0.096	0.082	1	MEF2A	c24
0.181336128155493	0.119417565656631	0.344	0.32	1	SMDT1	c24
0.930340494732069	0.119352419766763	0.153	0.156	1	ATP5PO	c24
0.729439590531039	-0.119261868370532	0.035	0.037	1	ZBTB33	c24
0.429055859613509	-0.11924173121545	0.168	0.181	1	GABPB1	c24
0.0214852967566298	0.119199121243271	0.708	0.671	1	HLA-DPB1	c24
0.540327874246521	-0.118747821374375	0.071	0.078	1	ZNF675	c24
0.207019724838929	-0.118626474473103	0.118	0.137	1	TMEM167B	c24
0.860487413682186	-0.118231006985676	0.071	0.073	1	MBD5	c24
0.918781046703985	0.11817701529408	0.024	0.024	1	ADGRG5	c24
0.0876662053645979	0.118172373804691	0.392	0.368	1	HIF1A	c24
0.674687739907977	0.11806416727368	0.044	0.041	1	PRKCZ	c24
0.0675158138206375	0.117955594750933	0.324	0.297	1	SMNDC1	c24
0.809796123145012	-0.117943477496363	0.184	0.188	1	SFT2D2	c24
0.537286516542553	-0.11790890354102	0.143	0.152	1	SDHD	c24
0.118841416015801	0.117831208633346	0.657	0.641	1	IFITM2	c24
0.805184197389887	0.117708017704071	0.042	0.041	1	ERI1	c24
0.0195599090315371	-0.117700040199541	0.887	0.847	1	EEF1B2	c24
0.943140467053931	0.117671876176174	0.02	0.021	1	SOCS7	c24
0.0738511597868622	-0.117642584645948	0.347	0.382	1	SNRPD1	c24
0.917227328704806	0.117620706448871	0.013	0.013	1	KLRG1	c24
0.0373604106205698	0.117525939741464	0.588	0.539	1	LCP1	c24
0.43334285123102	0.117474300416502	0.36	0.357	1	PSMA3	c24
0.941169267915823	-0.117407120733433	0.038	0.038	1	SCARB2	c24
0.983075331294373	-0.117260278268907	0.135	0.137	1	KDM3A	c24
0.553331517895198	-0.11721615232908	0.033	0.038	1	ZNF17	c24
0.536405082040072	-0.117109833981812	0.013	0.016	1	ZNF823	c24
0.99413347196758	-0.117069440325436	0.033	0.033	1	LETM2	c24
0.726963810316764	0.117047214661997	0.039	0.037	1	MOB1B	c24
0.672793621152921	0.116960074362974	0.017	0.015	1	CRIM1	c24
0.755908254435569	-0.11687091574326	0.079	0.082	1	MCCC2	c24
0.173955703560029	-0.116855214996298	0.154	0.177	1	SNX2	c24
0.568974900117443	-0.116812261590304	0.009	0.012	1	CARF	c24
0.974288347792012	-0.116781191196793	0.027	0.027	1	FTO	c24
7.46155078793596e-08	-0.116492288475942	0.998	0.954	0.00250245490325796	RPS3	c24
0.501961515078662	0.116242806367559	0.266	0.256	1	PDE4B	c24
0.533893854744635	0.116113978065628	0.009	0.012	1	GINS3	c24
0.345337357556139	-0.115911816724922	0.476	0.494	1	EIF3M	c24
0.605030415563122	-0.115818947178461	0.119	0.126	1	PARP9	c24
0.981127512952282	-0.11576979338478	0.053	0.054	1	PURB	c24
0.462259438898361	0.115742217552701	0.03	0.036	1	ZNF138	c24
0.431849303665832	-0.115737316990099	0.055	0.063	1	STRN4	c24
0.328562668601121	-0.115704807746892	0.055	0.065	1	SMIM13	c24
0.031722291735304	-0.115674987077064	0.486	0.528	1	SF3B6	c24
0.872617007237133	0.115591854699765	0.131	0.135	1	RAP2C	c24
0.745773822031762	0.115564451522237	0.03	0.032	1	GRPEL2	c24
0.933778682379249	-0.115542247445132	0.03	0.031	1	BCL6	c24
0.748402889319389	-0.115485580876847	0.071	0.075	1	RSRC1	c24
0.11344735023262	-0.115346939183996	0.481	0.514	1	PSMD7	c24
0.484878756930499	0.115308420842785	0.058	0.052	1	NUFIP1	c24
0.0581389873890294	-0.115294666784147	0.357	0.398	1	VAMP8	c24
0.681087851322375	-0.115282889187827	0.03	0.027	1	PGM3	c24
0.723348906521458	-0.115231312224813	0.094	0.089	1	NR1D2	c24
0.649597437317031	0.115183018761135	0.333	0.334	1	EVI2A	c24
0.367665626179423	-0.11518115434198	0.208	0.225	1	IP6K1	c24
0.76989150739831	0.115013169183235	0.044	0.047	1	TMEM68	c24
0.427460337334793	-0.114985897776269	0.236	0.251	1	USP1	c24
0.509734514038218	-0.114980467444844	0.011	0.014	1	BCKDHB	c24
0.395329213320851	-0.114952951577274	0.069	0.078	1	RPF2	c24
0.67520822362031	0.114596823587731	0.096	0.092	1	C6orf226	c24
0.74462732004298	0.114536751698298	0.291	0.312	1	LAP3	c24
0.354577215022936	0.11389211229609	0.278	0.268	1	CTR9	c24
0.388200255047247	-0.113467849902565	0.332	0.349	1	SLA	c24
0.455304107689401	0.113452877488797	0.149	0.14	1	SELENOM	c24
0.974739540494866	0.11330586242953	0.302	0.308	1	OAT	c24
0.401313671891611	-0.113221089983077	0.131	0.144	1	RNF25	c24
0.381623326418978	-0.113174311456405	0.093	0.104	1	RBBP5	c24
0.653655797205029	-0.113117317303136	0.019	0.021	1	FBXO4	c24
0.00171098346194286	0.112985336598203	0.462	0.41	1	CHD2	c24
0.550764291091372	-0.112923357747572	0.031	0.036	1	ACOT13	c24
0.381482497602764	0.112917622293422	0.03	0.025	1	BRCA2	c24
0.336267904059793	-0.11285726432805	0.149	0.167	1	CSGALNACT2	c24
0.951711590331853	0.112817321816227	0.083	0.084	1	HNRNPH2	c24
0.607993740785679	-0.112798328392738	0.274	0.285	1	FAM133B	c24
0.108408918687819	-0.112793292005334	0.233	0.271	1	PRPS1	c24
0.263445441403197	-0.112691577310436	0.329	0.357	1	METAP2	c24
0.951439888761505	-0.112513363866582	0.009	0.01	1	PCYOX1L	c24
0.441601661924552	-0.112443285885688	0.031	0.038	1	ZMYND8	c24
0.00414871130758374	-0.112304318665298	0.517	0.582	1	SRSF3	c24
0.873149140683758	-0.112292706295076	0.201	0.201	1	DGKZ	c24
0.0390197339956436	-0.112147564192183	0.731	0.767	1	SLC3A2	c24
0.136436616321848	-0.11212044646264	0.42	0.455	1	ITGB1	c24
0.810387094984591	-0.112114187417082	0.016	0.017	1	AC012360.3	c24
0.338841041533116	0.112012166575152	0.009	0.014	1	MELK	c24
0.357301498231918	0.111996360990089	0.228	0.216	1	LMBRD1	c24
0.725467790517901	-0.111949117843853	0.022	0.024	1	PIGN	c24
0.203305288163561	-0.111827445151434	0.063	0.077	1	TMEM242	c24
0.444566941104931	-0.111811051923582	0.333	0.359	1	PSMA1	c24
0.390886037645373	-0.111701062700908	0.061	0.07	1	ABAT	c24
0.518244216090489	-0.11168819071119	0.014	0.011	1	PLXND1	c24
0.705299197993366	0.111652348682558	0.058	0.055	1	TP53INP2	c24
0.656644174419033	-0.111649556632508	0.094	0.089	1	ZBTB20	c24
0.227426580485801	0.111513496328171	0.56	0.561	1	IRF1	c24
0.284641398161099	-0.111257533877091	0.142	0.159	1	PPP3R1	c24
0.507797690507111	0.111182014497027	0.208	0.207	1	SMC5	c24
0.747746700836163	-0.111180413037919	0.028	0.031	1	VILL	c24
0.0983593855033913	-0.111174426103887	0.049	0.066	1	DCAF1	c24
0.384511931270835	-0.111172784567627	0.017	0.023	1	OMA1	c24
0.354232678028845	-0.111017189110648	0.035	0.042	1	DYRK4	c24
0.975590430693269	-0.110807806027843	0.329	0.323	1	LINC01871	c24
0.813172875007364	-0.110711806235096	0.126	0.129	1	NAA15	c24
0.772961018812378	-0.110709719995371	0.009	0.011	1	LINC00467	c24
0.376055961825963	0.110594644015732	0.791	0.793	1	TPI1	c24
0.206006020409462	0.110547137396572	0.154	0.138	1	ZNF281	c24
0.784640046892903	0.110490481045377	0.066	0.07	1	LGALS9	c24
0.201901066296018	-0.110399450904129	0.137	0.157	1	MTFP1	c24
0.167965476469746	-0.110352140570229	0.396	0.428	1	YWHAE	c24
0.185109829323335	0.11032684696241	0.156	0.14	1	KAT7	c24
0.483618044646359	-0.110314597953124	0.181	0.194	1	TXN2	c24
0.754855834250175	0.110241028814622	0.063	0.066	1	CHPF	c24
0.727168802822716	0.11003921787077	0.035	0.032	1	FRMD6	c24
1.36365589272894e-05	-0.10987196208856	0.991	0.946	0.457342913303433	RPS4X	c24
0.0738625433390576	-0.109840718272847	0.075	0.098	1	HPCAL1	c24
0.714388620520175	0.109833543967686	0.027	0.025	1	KCNK12	c24
2.65782258713775e-09	-0.109777106226583	0.995	0.952	8.91380539274257e-05	RPL35A	c24
0.952698822084303	-0.109619874211137	0.101	0.1	1	EXOC1	c24
0.311077664427997	-0.109278008811126	0.162	0.18	1	COMMD2	c24
4.264123784908e-05	-0.109070455295591	0.983	0.937	1	RPL9	c24
0.248914811762654	-0.10905678562358	0.275	0.301	1	IGBP1	c24
0.265592539213681	-0.108964964558851	0.039	0.049	1	TPMT	c24
1.2858768387091e-05	-0.108912781746527	0.972	0.936	0.431257374166259	RPL21	c24
0.760448750192817	0.108747676265909	0.124	0.123	1	KIN	c24
0.28983240785582	-0.108646610898143	0.09	0.078	1	ZBED2	c24
0.607529708616137	0.108628128526142	0.063	0.069	1	HENMT1	c24
0.575004196446567	0.108572821582652	0.022	0.026	1	ST7L	c24
0.44621374118744	-0.108560230453609	0.096	0.107	1	UBQLN2	c24
0.360276991581629	-0.108383977980417	0.091	0.103	1	STIM2	c24
0.902171440549063	0.10807844797903	0.024	0.023	1	C10orf88	c24
0.873817619417015	-0.108013096063367	0.181	0.177	1	GFPT1	c24
0.0511016322009223	0.107833659847802	1	0.961	1	RPS19	c24
0.586748941087503	0.107775092616775	0.097	0.092	1	INTS12	c24
0.329478170557879	0.107579699357092	0.046	0.038	1	FSD1	c24
0.961263328145496	0.107545744961991	0.014	0.014	1	MPP1	c24
0.201389932979969	-0.107452285212118	0.33	0.368	1	GZMM	c24
0.902360558645781	-0.107424834142664	0.211	0.212	1	IGFLR1	c24
0.554460740471241	0.107403275207622	0.233	0.228	1	PPIL4	c24
0.408154796287922	-0.107329393103839	0.091	0.103	1	VTI1A	c24
0.024998731907567	0.107326276996498	0.316	0.282	1	ASXL1	c24
0.884022865917981	-0.107291540965155	0.14	0.142	1	ALG13	c24
0.385783002894922	0.107280361418152	0.069	0.061	1	E2F6	c24
0.466244332338141	0.107193254327239	0.05	0.058	1	RNF146	c24
0.233292385351415	-0.107106413793327	0.14	0.16	1	DNAJC4	c24
0.940588848187993	0.107087344955477	0.069	0.07	1	BABAM1	c24
0.488460182332763	-0.106789365399547	0.321	0.313	1	OGA	c24
0.800220400644909	0.106730661023389	0.198	0.198	1	FAAP20	c24
0.282440853554284	-0.106688449076901	0.514	0.523	1	ATP5F1D	c24
0.459655044104775	-0.106499061181822	0.063	0.071	1	SPG11	c24
0.52951856627209	0.106487762302361	0.142	0.134	1	RNF6	c24
0.300717118539093	-0.106191137552526	0.085	0.099	1	COASY	c24
0.371654593595235	-0.106111621590862	0.025	0.031	1	RMRP	c24
0.308267325730811	0.106001038610324	0.068	0.058	1	VAMP1	c24
0.539133776957778	-0.105943811801779	0.025	0.03	1	TMEM260	c24
0.722395503533922	0.105826399320085	0.019	0.017	1	UBTD1	c24
0.25927172527286	-0.105620382048466	0.475	0.508	1	NONO	c24
0.930827139418694	0.105465641821639	0.25	0.256	1	CRY1	c24
0.574503328729289	-0.10519949610024	0.08	0.087	1	SCRN2	c24
0.920531942802432	0.105183721984477	0.101	0.101	1	BOLA2-SMG1P6	c24
0.152123656376583	-0.105144359689219	0.189	0.218	1	ADPRHL2	c24
0.434607204242066	-0.105050112228815	0.072	0.081	1	GABPA	c24
0.930268914542238	-0.104978705702386	0.093	0.092	1	SFMBT2	c24
0.818062087228679	0.104926029980407	0.069	0.068	1	EIF3J-DT	c24
0.0980440439728687	-0.104865117588303	0.079	0.1	1	BBS7	c24
0.487587446878052	0.104847988815505	0.116	0.109	1	SGTB	c24
0.109567061218149	-0.104828406170241	0.302	0.335	1	SH3BGRL	c24
0.0554487611540274	-0.104739808251627	0.451	0.491	1	NDUFA3	c24
0.973499211214643	0.104696756052787	0.031	0.032	1	MPI	c24
0.0384327597506203	-0.104645598716574	0.741	0.777	1	DAZAP2	c24
0.783221362547831	-0.104508073141827	0.14	0.136	1	REV3L	c24
0.464866001346739	-0.104472409787497	0.072	0.081	1	UNC119	c24
0.920514765435688	0.104414907535167	0.336	0.353	1	GTF2B	c24
0.357155860820553	-0.104411859264448	0.233	0.255	1	AFTPH	c24
0.00336840994175261	0.104350912336909	0.492	0.455	1	CCNL1	c24
0.908036568816828	0.104345196881496	0.256	0.259	1	RAMMET	c24
0.0904005657799685	0.104285209773137	0.698	0.672	1	C12orf57	c24
0.741379398300282	-0.104272498568732	0.055	0.058	1	BABAM2	c24
0.736244474450533	0.104203461489657	0.225	0.227	1	CSNK1G3	c24
0.240743451274119	-0.104167633064964	0.236	0.265	1	RAB35	c24
0.891108957943032	-0.104131644679783	0.013	0.012	1	ABCC4	c24
0.110700676386251	0.104066912533538	0.514	0.499	1	RAB11A	c24
0.852306763186764	-0.103979598759394	0.047	0.049	1	EOGT	c24
0.50763501850969	0.103949360571045	0.008	0.011	1	LIPE	c24
0.374726120195177	-0.103806880946201	0.22	0.239	1	IMMT	c24
0.017098993089305	-0.103699325828813	0.668	0.691	1	ELOB	c24
0.127352931125336	-0.10367352297284	0.156	0.182	1	LSM4	c24
0.684631781646818	-0.103595231430095	0.041	0.045	1	PGPEP1	c24
0.0851985499502734	-0.103505460123431	0.704	0.728	1	CIRBP	c24
0.902862073180228	0.103325125390527	0.241	0.252	1	MRPL36	c24
0.322238991542381	-0.103198591826502	0.347	0.374	1	RAB14	c24
0.387424128052801	0.103005830268766	0.118	0.109	1	LONP2	c24
0.34172808241136	-0.10297316877681	0.325	0.348	1	MRPL57	c24
0.484620047226566	-0.102893054907027	0.088	0.097	1	MBIP	c24
0.182476759607949	-0.102776275750878	0.516	0.549	1	VDAC2	c24
0.0163633313761311	-0.102735425752546	0.208	0.253	1	CDC26	c24
0.910614219774322	-0.102681065099214	0.057	0.058	1	AMPD2	c24
0.199065131593942	0.102129523775291	0.536	0.52	1	NDUFB4	c24
0.265966171944252	-0.102007735947189	0.091	0.106	1	BAIAP2	c24
0.524024660155215	-0.10198882468493	0.016	0.019	1	ZNF718	c24
0.666544170594438	-0.101859148622888	0.489	0.499	1	CBLB	c24
0.504274703852786	-0.101757315529821	0.019	0.023	1	OTUD1	c24
0.254438989293462	-0.101719131600231	0.14	0.125	1	CDC14A	c24
0.496710020952777	-0.101611709574717	0.09	0.099	1	KHDC4	c24
0.741558519610709	-0.101603553666656	0.286	0.295	1	TYMP	c24
0.434642132276401	-0.101560147259552	0.083	0.094	1	PAFAH1B3	c24
0.0884843818154468	0.1012491221251	0.003	0.01	1	KIF2C	c24
0.106364271988132	-0.101228302506046	0.681	0.711	1	COMMD6	c24
0.206107563503585	0.101174753354481	0.228	0.209	1	MOB4	c24
0.186020971813561	-0.101082548490462	0.184	0.208	1	NAA60	c24
0.508362966581404	0.100911912750686	0.575	0.587	1	POMP	c24
0.240607748449183	-0.10079989257181	0.06	0.073	1	UMAD1	c24
0.00335479565196587	-0.100751185752828	0.95	0.922	1	RPSA	c24
0.970565363750157	-0.100688628453472	0.121	0.122	1	CEP85L	c24
0.291829741632413	-0.100629398549263	0.341	0.373	1	PPP1CC	c24
0.8226546210379	0.100625149942352	0.014	0.013	1	MMP23B	c24
0.386875622558781	-0.100617009399595	0.186	0.203	1	BLOC1S1	c24
0.845417725606039	-0.100578172591207	0.176	0.18	1	SRPK2	c24
0.776017399067266	-0.100299650858639	0.011	0.012	1	ZIK1	c24
0.430356706830994	-0.100044104467335	0.118	0.13	1	PLEKHA3	c24
0.529992837384622	0.100015010505946	0.157	0.149	1	CHCHD5	c24
