# factor-levels: seurat_clusters=c1|c2|c3|c4|c5|c6|c7|c8|c9|c10|c11|c12|c13|c14|c15|c16|c17|c18|c19|c20|c21|c22|c23|c24|c25|c26|c27

p_val	avg_log2FC	pct.1	pct.2	p_val_adj	gene	seurat_clusters
6.12198337967079e-216	4.61585304109402	0.055	0.005	2.05319078587399e-211	ASCL1	c5
1.24351822256426e-61	4.10674193723323	0.012	0.001	4.17051141483602e-57	BTNL9	c5
2.03928183250646e-285	4.09341001347238	0.06	0.004	6.83934340986016e-281	FXYD6	c5
0	3.95687547617186	0.112	0.011	0	PMCH	c5
1.96193159958016e-185	3.81583839081018	0.04	0.003	6.57992619867194e-181	CBFA2T3	c5
0	3.79975934107005	0.08	0.005	0	ADTRP	c5
8.09549526136305e-220	3.6608394981591	0.054	0.004	2.71506720075594e-215	AL391056.1	c5
1.78515107327648e-58	3.61289743381275	0.018	0.002	5.98703966955467e-54	TIMD4	c5
4.62102372742975e-36	3.59798958137607	0.013	0.002	1.54979893770539e-31	RASD2	c5
3.34183339737904e-55	3.54239898246815	0.014	0.001	1.12078408481298e-50	SATB2	c5
4.55879692956369e-43	3.46802777902325	0.012	0.001	1.52892931423707e-38	GNG12	c5
9.64957532037218e-161	3.44524891164598	0.039	0.003	3.23627457094642e-156	PPP2R3A	c5
1.23005557384276e-82	3.40012768170745	0.02	0.002	4.12536038355386e-78	CLSTN2	c5
4.10472214205362e-57	3.38055853301754	0.013	0.001	1.37664171200194e-52	TMEM74B	c5
6.01850328112776e-79	3.2234459210892	0.021	0.002	2.01848563042463e-74	PACSIN1	c5
0	3.18405246137274	0.356	0.05	0	HMOX1	c5
1.67986453341918e-187	3.18334395850156	0.084	0.013	5.63392967218126e-183	FXYD2	c5
7.62871037313972e-163	3.17264749395458	0.046	0.005	2.5585168849436e-158	TLL1	c5
2.33278111497208e-63	3.09538126035982	0.022	0.003	7.82368130339336e-59	MCEMP1	c5
7.48472834193873e-31	3.0748330721421	0.011	0.001	2.51022819131941e-26	H1F0	c5
1.81731552068166e-31	3.06818525525805	0.012	0.002	6.09491279326216e-27	EPDR1	c5
1.40773862766281e-176	2.92667169423138	0.075	0.011	4.72127380945554e-172	BARX2	c5
3.28413765603437e-58	2.88841785613744	0.019	0.002	1.10143408708081e-53	PHF21B	c5
1.31025249243168e-57	2.87934391339666	0.023	0.003	4.39432480911737e-53	NUDT10	c5
0	2.87178019362728	0.305	0.065	0	ZBED2	c5
8.2058071273959e-244	2.77641671747124	0.129	0.023	2.75206359438604e-239	CAV1	c5
4.99143927248413e-44	2.75678226388951	0.017	0.002	1.67402890320573e-39	BAIAP2L1	c5
3.42201396955694e-65	2.53037537862088	0.024	0.003	1.14767504511001e-60	AFF3	c5
5.78414431648883e-211	2.49551939731861	0.132	0.028	1.93988632086402e-206	CADM1	c5
7.44487215519495e-17	2.47780656970253	0.01	0.002	2.49686122340928e-12	KRT81	c5
5.36994150140216e-224	2.46521492478229	0.211	0.061	1.80097098074026e-219	KRT86	c5
4.80872112451556e-253	2.43558730239477	0.157	0.033	1.61274889074003e-248	CHI3L2	c5
1.42285555186906e-21	2.43012448859857	0.041	0.017	4.77197294985846e-17	TRBV5-4	c5
1.36610264268908e-202	2.40044284904121	0.103	0.018	4.58163504305062e-198	TMEM155	c5
5.66012861134284e-114	2.27840902506319	0.068	0.013	1.89829393367216e-109	GOLM1	c5
3.52236080148558e-61	2.23861552930228	0.038	0.008	1.18132936560223e-56	PON3	c5
0	2.2179389201287	0.241	0.057	0	TMEM9	c5
0	2.21500786765801	0.193	0.038	0	ENC1	c5
3.38689235004036e-160	2.18716780010907	0.122	0.03	1.13589595635654e-155	HES4	c5
1.52774259782338e-98	2.1455182644253	0.064	0.014	5.12374312458006e-94	RAB38	c5
2.7395848156093e-79	2.14206747134133	0.051	0.011	9.18801955459047e-75	GNB4	c5
3.93354776068769e-13	2.11893339582203	0.013	0.004	1.31923324797944e-08	TSPAN13	c5
8.23344398303234e-41	2.11144388188194	0.026	0.005	2.76133244302939e-36	MMP9	c5
1.43693883747003e-66	2.10978776058366	0.038	0.007	4.81920547310697e-62	ATP9A	c5
8.95546007300999e-32	2.09216374662517	0.021	0.005	3.00348219928609e-27	PLPP2	c5
9.87399499913897e-24	2.08758722263582	0.014	0.003	3.31154044281123e-19	RGS4	c5
1.14512128864812e-17	2.08636545613529	0.011	0.002	3.84050777786808e-13	EVA1A	c5
2.45736364272855e-42	2.08404218454465	0.03	0.007	8.24150618498302e-38	KCNK1	c5
2.91207609414058e-47	2.05788425448872	0.022	0.004	9.76652080452867e-43	MIR4422HG	c5
6.40708422806769e-26	2.03851482462879	0.021	0.005	2.14880790840934e-21	NUDT11	c5
0	2.02263198959103	0.692	0.33	0	VCAM1	c5
3.51967214521903e-31	2.01398249452399	0.018	0.004	1.18042764406356e-26	RASAL1	c5
3.91265144841732e-24	2.00754557005354	0.016	0.004	1.3122250427702e-19	PLS3	c5
1.7978728819583e-126	1.99422821783133	0.079	0.016	6.02970607151176e-122	FLNB	c5
4.70574565696873e-68	1.96786168987693	0.044	0.009	1.57821297843417e-63	AMER1	c5
6.7057821438683e-58	1.96606026705583	0.036	0.007	2.24898521541055e-53	ZBTB46	c5
2.83271161459612e-50	1.95843669860209	0.048	0.013	9.50034821303248e-46	TRGV8	c5
4.12139382439664e-63	1.93451939648063	0.049	0.012	1.38223306082615e-58	MPP1	c5
4.69882760090575e-22	1.92174776943693	0.016	0.004	1.57589280079177e-17	PTHLH	c5
4.39922273103242e-12	1.90659497807062	0.011	0.003	1.47541131953365e-07	ASCL5	c5
3.94292579760649e-105	1.90187668387994	0.105	0.031	1.32237845400127e-100	ATL1	c5
1.11544561140682e-154	1.89572365572027	0.118	0.028	3.74098149153618e-150	IGFBP2	c5
1.04795813792498e-52	1.88636185274552	0.037	0.008	3.51464200297279e-48	LINC02099	c5
3.33142876694883e-14	1.86560168082429	0.011	0.003	1.1172945798593e-09	MTUS1	c5
4.55100327910831e-16	1.84793216184973	0.014	0.004	1.52631547974735e-11	ABHD17C	c5
8.50592318947092e-16	1.84364285974716	0.015	0.004	2.85271651928476e-11	ADGRE1	c5
7.88783442481637e-38	1.84029100867873	0.063	0.024	2.64542190939491e-33	TRBV12-4	c5
0	1.83195574848638	0.335	0.102	0	TSC22D1	c5
2.46535874043434e-125	1.82714499273811	0.102	0.025	8.2683201436687e-121	SERP2	c5
1.92825518699453e-122	1.80416733749566	0.111	0.03	6.46698224614224e-118	PLEK	c5
2.72908444741973e-29	1.80132466389869	0.021	0.005	9.1528034197563e-25	QPRT	c5
1.5887718071988e-10	1.79888972871912	0.01	0.003	5.32842288698333e-06	LAIR2	c5
8.80579631528955e-58	1.77430316197627	0.063	0.019	2.95328796822181e-53	TRAV41	c5
4.52795341932887e-24	1.77397372183844	0.032	0.011	1.51858501777452e-19	CCL18	c5
6.64675964386498e-35	1.75876760779169	0.029	0.007	2.22919024935944e-30	CDH1	c5
5.40994079028058e-25	1.75568188568207	0.023	0.007	1.8143859422443e-20	RTKN2	c5
3.94560686448148e-57	1.7543579291602	0.046	0.011	1.3232776302098e-52	MMP23B	c5
1.68062698068361e-41	1.74732347865704	0.042	0.012	5.63648676781668e-37	KIR2DL4	c5
2.90167955667773e-22	1.73911714344032	0.02	0.006	9.73165289718577e-18	ZACN	c5
7.42979178605442e-45	1.73431299310117	0.037	0.009	2.49180356920693e-40	SLC16A11	c5
2.39979215774432e-139	1.72910007102606	0.141	0.041	8.04842293864289e-135	FAAH2	c5
8.58354951902059e-75	1.7231121207378	0.087	0.027	2.87875083768912e-70	TRGV2	c5
5.2782320918522e-100	1.71945168303044	0.11	0.034	1.77021347896539e-95	EPAS1	c5
0	1.71513642621396	0.395	0.135	0	MCM5	c5
3.94728633526043e-161	1.71111557998043	0.177	0.055	1.32384089111964e-156	GNG4	c5
8.33957641659138e-14	1.70366826006807	0.014	0.004	2.79692713859642e-09	ENPP2	c5
7.15207407546684e-25	1.70166052250828	0.025	0.007	2.39866260343007e-20	TUBB4A	c5
2.13928610251111e-16	1.68554227126541	0.013	0.003	7.17473773060175e-12	DMD	c5
2.38702492199712e-11	1.67733375146593	0.012	0.004	8.00560418339394e-07	TTC9	c5
1.4877331782459e-11	1.67611537404632	0.013	0.004	4.9895595332011e-07	KIR3DL1	c5
1.86329264066017e-23	1.67255430578988	0.021	0.006	6.24911085824607e-19	CHST2	c5
1.20401981527789e-103	1.67133781253928	0.124	0.04	4.03804165647899e-99	RDH10	c5
2.32916339514526e-10	1.66998893075183	0.012	0.004	7.81154819463817e-06	GCAT	c5
1.63131925368694e-12	1.66893155704946	0.012	0.003	5.47111851301524e-08	TTTY14	c5
2.38057816563376e-13	1.66834511986396	0.012	0.003	7.98398305190249e-09	SHB	c5
0	1.66569908829902	0.673	0.335	0	GZMK	c5
2.92119161371303e-14	1.6619691838514	0.01	0.002	9.79709243407075e-10	AC124798.1	c5
3.26557704180588e-34	1.65588418291854	0.027	0.007	1.09520922828086e-29	DTX1	c5
7.07707457214169e-16	1.65443919253984	0.019	0.006	2.37350927000488e-11	FAIM2	c5
2.73347467672866e-73	1.65023509200956	0.076	0.022	9.16752737081257e-69	B3GNT5	c5
2.96138742084531e-10	1.6382156238375	0.012	0.004	9.93190113203101e-06	CYBRD1	c5
1.67782931511924e-19	1.63174679760832	0.02	0.006	5.62710395704691e-15	RTKN	c5
1.13606727955744e-21	1.62918265018863	0.014	0.003	3.81014244217974e-17	GRK3	c5
3.11520360906383e-92	1.6288479492909	0.09	0.025	1.04477698640783e-87	NLRP6	c5
5.3319300060373e-291	1.62340942918254	0.357	0.123	1.78822268542479e-286	HAVCR2	c5
6.19221048650839e-23	1.62324934338887	0.025	0.008	2.07674355296518e-18	BTNL8	c5
9.5188403076344e-27	1.61881268544834	0.022	0.006	3.19242866237442e-22	CTTN	c5
1.54771810379485e-41	1.61258159715824	0.053	0.018	5.19073697650717e-37	CAMK2N1	c5
5.21309557428841e-13	1.59532785757062	0.011	0.003	1.74836799370485e-08	AC012368.1	c5
5.72281250307773e-45	1.59226687467472	0.041	0.011	1.91931685728221e-40	PCBP3	c5
1.450215820426e-13	1.59122792713178	0.016	0.005	4.86373381854473e-09	TCEAL9	c5
3.24718678603152e-232	1.59028775702626	0.287	0.097	1.08904150429925e-227	ADGRG1	c5
3.50832890264327e-38	1.58650232184604	0.047	0.015	1.1766233473685e-33	VANGL1	c5
1.21655586917686e-22	1.5862592445342	0.021	0.006	4.08008507404535e-18	TMTC2	c5
6.1865352361506e-167	1.58446287780571	0.216	0.074	2.07484018750019e-162	DUSP5	c5
8.19673593009479e-46	1.57837480117929	0.038	0.01	2.74902129623519e-41	PTPRF	c5
4.01290207573147e-59	1.57595881296223	0.05	0.013	1.34584709815882e-54	NOD2	c5
1.04114560527995e-23	1.57119876850419	0.022	0.006	3.49179413098789e-19	HHAT	c5
6.28223870568616e-87	1.56392890834869	0.106	0.034	2.10693721711302e-82	GNA12	c5
1.4215763104974e-31	1.56219188606767	0.024	0.006	4.76768263014618e-27	RIMS3	c5
2.28894026161031e-08	1.56062010041303	0.011	0.004	0.000767664784938867	SLC12A5	c5
6.9289858411116e-48	1.55947141808359	0.066	0.023	2.32384327139201e-43	CKAP2L	c5
9.65660062640197e-44	1.54074080637346	0.05	0.015	3.23863071808269e-39	ELOVL4	c5
2.13058156020796e-13	1.52907527870889	0.018	0.006	7.14554443662544e-09	LAT2	c5
8.83173571363724e-16	1.52383963216537	0.015	0.004	2.96198752363966e-11	PTK7	c5
1.12699776167487e-12	1.52381945869309	0.013	0.004	3.77972509310517e-08	JAM2	c5
3.41766409173093e-68	1.50025382836111	0.067	0.019	1.14621618308472e-63	MCTP2	c5
1.2590770661584e-29	1.49128306198764	0.038	0.013	4.22269266448203e-25	ZNF80	c5
9.54429115554492e-198	1.49044119327867	0.411	0.195	3.20096436774666e-193	CMC1	c5
4.82647523204922e-58	1.48811544823539	0.053	0.014	1.61870326332467e-53	GAS7	c5
1.00393534877865e-72	1.47256176563299	0.099	0.034	3.36699837273383e-68	CSF1	c5
2.37274850502926e-23	1.46316199792663	0.03	0.01	7.95772393616712e-19	AL359834.1	c5
7.71800644718788e-87	1.46041865254358	0.12	0.042	2.58846500225787e-82	KLRC3	c5
7.79644116282627e-58	1.44838442859618	0.059	0.017	2.61477043718868e-53	MTMR8	c5
2.17217132113758e-12	1.44344507164816	0.017	0.006	7.28502817683121e-08	METRN	c5
1.09724488834752e-07	1.44181502507363	0.013	0.006	0.00367993990653993	NPB	c5
1.26629085769051e-16	1.42926098673277	0.014	0.004	4.24688627852245e-12	IL10	c5
2.37721916320751e-18	1.42755540521227	0.022	0.007	7.97271762956534e-14	SHF	c5
1.72722281864517e-130	1.41745954754348	0.182	0.064	5.79275988917217e-126	ABAT	c5
1.8381007897443e-32	1.41591895661001	0.036	0.011	6.16462242864445e-28	S1PR5	c5
4.06445499684893e-47	1.40777215017254	0.06	0.02	1.36313691684319e-42	AFAP1L2	c5
2.25953177669407e-67	1.39380360221653	0.089	0.03	7.57801767267658e-63	PON2	c5
3.82107200184749e-12	1.38973763829744	0.018	0.007	1.28151112797961e-07	AC133644.2	c5
1.70374699416399e-19	1.38820435520262	0.027	0.009	5.7140266690272e-15	CD300A	c5
2.87608789244539e-290	1.38606607912875	0.474	0.198	9.64582357368334e-286	IGFLR1	c5
1.70863273145056e-116	1.38526731638812	0.182	0.069	5.73041245473888e-112	MTSS1	c5
4.86050646093038e-15	1.37687087267855	0.038	0.018	1.63011665686683e-10	TRBV7-2	c5
2.46595235595474e-14	1.36284152136643	0.018	0.006	8.270311011401e-10	C8orf88	c5
1.04627124334505e-120	1.35775762988072	0.196	0.075	3.50898449593063e-116	CHPT1	c5
3.68591489738319e-85	1.35731187491634	0.137	0.051	1.23618213828437e-80	AD000671.2	c5
1.53500777641812e-29	1.35142150451493	0.038	0.013	5.14810908055109e-25	AC079341.1	c5
4.37751641530004e-79	1.35123947293799	0.129	0.049	1.46813145536333e-74	ABHD6	c5
8.05722682609609e-15	1.34893726389934	0.021	0.008	2.7022327329361e-10	SLC1A1	c5
5.92191748171645e-12	1.34643816636284	0.012	0.004	1.98609268501806e-07	WNT1	c5
5.83329889077762e-174	1.33621588916813	0.352	0.157	1.956371781989e-169	ACP5	c5
0	1.33573271531772	0.96	0.691	0	NKG7	c5
0	1.32780994941369	0.762	0.44	0	TNFRSF9	c5
1.68345137629589e-27	1.31329163863935	0.041	0.015	5.64595922582116e-23	TRAV8-4	c5
1.09980361317609e-15	1.31327688723657	0.019	0.006	3.68852135786997e-11	NEBL	c5
7.65224573348746e-29	1.30947016051397	0.051	0.02	2.56641017409703e-24	DOK4	c5
3.63019236942626e-07	1.28129307930017	0.017	0.008	0.0121749391685818	FOXP3	c5
4.65877539513302e-11	1.2792937168936	0.014	0.005	1.56246009201971e-06	ZC4H2	c5
7.34636663748741e-44	1.27509021179098	0.051	0.016	2.46382444288053e-39	FCRL3	c5
6.2816979979708e-76	1.27297817876707	0.131	0.051	2.10675587455945e-71	MAF	c5
3.5927950421705e-10	1.27287831400037	0.017	0.007	1.20495160124314e-05	C9orf3	c5
5.15669794680008e-16	1.26762939369077	0.013	0.003	1.72945335739781e-11	LGR6	c5
1.76668190282893e-212	1.26453458943713	0.455	0.216	5.92509776570765e-208	APLP2	c5
3.6231704083746e-18	1.26438726211726	0.034	0.014	1.21513889156067e-13	TRBV5-1	c5
8.11444485014024e-79	1.26280461596714	0.103	0.034	2.72142251384003e-74	L1CAM	c5
2.2130396027555e-246	1.26249134913164	0.381	0.148	7.42209221972139e-242	BANP	c5
3.39754667236134e-44	1.25855629154375	0.081	0.032	1.13946920297655e-39	SEC14L2	c5
2.87434090372573e-94	1.25513936648523	0.175	0.071	9.63996452291534e-90	ZBTB32	c5
2.84160354817236e-15	1.25428215733038	0.016	0.005	9.53016997986045e-11	SETD7	c5
1.16546976124376e-100	1.24995188427403	0.18	0.072	3.90875248525933e-96	SEMA4A	c5
2.04234279809321e-09	1.24625215727597	0.014	0.006	6.849609276245e-05	WDR86	c5
2.71197041335922e-103	1.23844435244406	0.161	0.06	9.09540637232415e-99	AFAP1	c5
2.16756553626181e-36	1.23754840316835	0.049	0.017	7.26958129551487e-32	ALCAM	c5
0	1.23677162096399	0.592	0.259	0	ZNF331	c5
9.08280993781647e-18	1.23634789420728	0.021	0.007	3.04619279694489e-13	TENT5A	c5
1.89887552886046e-171	1.23097603084185	0.421	0.211	6.36844874869221e-167	SPN	c5
1.144112167165e-24	1.22604105047549	0.014	0.003	3.83712338623797e-20	AC009093.2	c5
1.38384384526615e-49	1.22241028369923	0.091	0.037	4.64113548825361e-45	C16orf45	c5
2.63042413090625e-283	1.22066829184224	0.71	0.413	8.82191645023339e-279	LAG3	c5
2.68241293719999e-12	1.22022730246743	0.037	0.018	8.99627650878134e-08	TRBV7-3	c5
1.01343516468588e-10	1.2140634222404	0.019	0.008	3.39885885532351e-06	MN1	c5
3.00399163937265e-15	1.21225337031309	0.033	0.015	1.0074787160128e-10	TGFBR3L	c5
1.30338728129739e-10	1.21123808638483	0.014	0.005	4.37130026401519e-06	ADAMTS6	c5
7.44463098470443e-09	1.2104218622245	0.033	0.018	0.000249678033965017	TRGV7	c5
2.4919260907466e-13	1.2029094585238	0.022	0.009	8.35742172314595e-09	PLXNC1	c5
5.02499302061402e-22	1.19842104499666	0.047	0.021	1.68528215925353e-17	TMEM121	c5
5.27187041860352e-29	1.19842051778048	0.04	0.014	1.76807990099125e-24	FGFBP2	c5
9.62203819640851e-12	1.19405665895391	0.016	0.006	3.22703917031148e-07	JSRP1	c5
4.92085380298172e-08	1.19276836460769	0.014	0.006	0.00165035594844401	TRAV2	c5
1.57673441157644e-16	1.19266651281565	0.03	0.012	5.28805186954506e-12	BHLHE40-AS1	c5
1.43010582518494e-74	1.18830029988938	0.128	0.05	4.79628891650525e-70	GRAMD4	c5
5.70887887646995e-83	1.17046492479351	0.198	0.091	1.91464379759049e-78	NMB	c5
3.08772440060074e-48	1.1657289871769	0.074	0.027	1.03556100947348e-43	FAM184A	c5
2.48490817039883e-124	1.16443533956476	0.201	0.077	8.33388502188361e-120	ZDBF2	c5
6.12928689034237e-18	1.15618777223826	0.024	0.008	2.05564023728302e-13	FAM49A	c5
2.41929153943433e-27	1.15430081118535	0.053	0.022	8.11381996495485e-23	MYB	c5
3.59003640573267e-39	1.14478592027241	0.088	0.039	1.20402640975462e-34	DRAM1	c5
0	1.13989480524941	0.944	0.691	0	CST7	c5
6.06696864200942e-40	1.13284224260787	0.074	0.03	2.03473994315712e-35	FLVCR2	c5
1.13970082157189e-21	1.13092957244001	0.045	0.019	3.82232861538782e-17	EPOP	c5
1.99908665643165e-15	1.12602621715737	0.04	0.019	6.70453682834046e-11	HPSE	c5
1.97889065718571e-50	1.11885230802715	0.076	0.027	6.63680348606943e-46	C1orf21	c5
8.97272736369685e-17	1.11263487124533	0.063	0.034	3.00927330323665e-12	TRGV9	c5
9.7852813757513e-268	1.11152930789142	0.701	0.406	3.28178766779947e-263	CD27	c5
4.41576303970693e-42	1.11098731351332	0.075	0.029	1.48095860825691e-37	PIK3AP1	c5
4.70347015941619e-230	1.10322040498328	0.63	0.36	1.577449822065e-225	CHST12	c5
2.27763061884544e-24	1.102821663142	0.062	0.029	7.63871756948383e-20	PHLDA2	c5
1.76400572169752e-101	1.1027553893808	0.282	0.14	5.91612238942913e-97	CMTM7	c5
4.01370880474917e-09	1.10092738118421	0.024	0.012	0.000134611765893678	KLRC2	c5
5.3511579479042e-107	1.09900547857046	0.311	0.159	1.79467135256811e-102	SNAP47	c5
2.71829540002974e-12	1.09575629436436	0.025	0.011	9.11661911261973e-08	XXYLT1-AS2	c5
9.9816094337931e-12	1.09383682306774	0.059	0.035	3.34763217190553e-07	TRGV3	c5
4.50271918105742e-16	1.08080524111052	0.03	0.012	1.51012195894304e-11	CLIP3	c5
8.63832290025284e-60	1.07835671686378	0.181	0.091	2.8971207342868e-55	BCAT1	c5
1.00212381366682e-09	1.07371309186363	0.016	0.007	3.36092284627579e-05	GCSAM	c5
1.98453370652105e-09	1.06673001892782	0.02	0.009	6.65572914493031e-05	STXBP1	c5
2.02495957250168e-24	1.06468014620787	0.044	0.018	6.79130941425613e-20	HS6ST1	c5
1.63912201947443e-07	1.0643346670345	0.013	0.006	0.00549728742891335	ZNF579	c5
2.92989403003419e-22	1.06381993894325	0.059	0.028	9.82627859792866e-18	DBN1	c5
5.88820763861963e-108	1.06044798142793	0.361	0.199	1.97478707784025e-103	CTSB	c5
1.35414748530003e-08	1.0535039547764	0.019	0.009	0.000454153983619923	CFAP57	c5
1.17943013602905e-45	1.04991435558879	0.11	0.049	3.95557279021424e-41	BPGM	c5
3.14344620854576e-24	1.0491770410558	0.042	0.016	1.05424898942208e-19	CTTNBP2NL	c5
8.54439604949081e-144	1.04882213081648	0.359	0.172	2.86561954707823e-139	U2AF1L4	c5
6.10960352167944e-08	1.04344034881526	0.014	0.006	0.00204903882910085	CPNE8	c5
5.16651565128581e-08	1.04138102695869	0.019	0.009	0.00173274601912823	NTRK1	c5
2.90228077987818e-14	1.03495005830902	0.051	0.027	9.73366927955543e-10	BEX3	c5
1.10338691565347e-221	1.03361131530838	0.663	0.386	3.70053903771862e-217	PRF1	c5
3.78724989650985e-131	1.03249621478035	0.307	0.139	1.27016787029147e-126	AC243829.4	c5
7.21333259137506e-21	1.02814606840224	0.244	0.18	2.41920748449537e-16	GNLY	c5
1.19542642116106e-14	1.02734333392907	0.044	0.022	4.00922113128998e-10	CXXC5	c5
2.0456373738895e-18	1.02727725808111	0.028	0.011	6.86065862455062e-14	SESTD1	c5
3.25390772603643e-33	1.02590407952779	0.079	0.036	1.0912955731581e-28	ATP8B4	c5
4.43927080120393e-22	1.0200319331721	0.037	0.014	1.48884264130777e-17	CRIM1	c5
2.50769615661998e-103	1.01885193219299	0.18	0.07	8.4103113700721e-99	IKZF2	c5
1.36232701880603e-39	1.01737280047951	0.089	0.039	4.56897235567168e-35	WNT10A	c5
7.85701717287081e-16	1.00778988306188	0.037	0.017	2.63508641943741e-11	AC027290.1	c5
1.05170349129434e-68	1.00669268362733	0.255	0.139	3.52720316910296e-64	TNFSF4	c5
1.47148673933239e-141	1.00207440094109	0.424	0.224	4.93507222637296e-137	CCND2	c5
3.21024018009508e-21	1.00091077876054	0.042	0.018	1.07665035160029e-16	TMEM231	c5
1.368022904336e-35	1.00089623439216	0.078	0.034	4.58807521656206e-31	SLC39A14	c5
3.56581692085674e-07	0.999212924949424	0.013	0.006	0.0119590367891693	LANCL3	c5
3.67376485692379e-32	0.998128473374882	0.083	0.039	1.2321072577151e-27	PDGFA	c5
0	0.992416999425715	0.907	0.605	0	DUSP2	c5
1.17372720266896e-63	0.990171609210921	0.172	0.082	3.93644629231114e-59	PRR7	c5
7.1631504308482e-09	0.988144464507562	0.016	0.007	0.000240237739149787	C17orf107	c5
3.05859151922433e-65	0.987217551712705	0.154	0.069	1.02579042371746e-60	ACOX3	c5
3.50783533364171e-131	0.985396119411374	0.475	0.274	1.17645781419676e-126	CARD16	c5
9.29452857097725e-08	0.98463127715275	0.015	0.007	0.00311719899213435	PHLDA3	c5
4.85729812703607e-47	0.984546691064576	0.123	0.058	1.62904064584536e-42	CD38	c5
1.60841265429273e-59	0.984493335053793	0.179	0.089	5.39429435996695e-55	SLC27A2	c5
2.01588710247266e-11	0.984247418136925	0.019	0.007	6.76088216427281e-07	SPRY2	c5
9.40876066787517e-208	0.984130722850295	0.747	0.503	3.15551015279197e-203	LITAF	c5
3.55077628997862e-14	0.983289805915086	0.029	0.012	1.19085935213303e-09	LDOC1	c5
6.41224606533953e-144	0.981769394205034	0.487	0.275	2.15053908539357e-139	CARHSP1	c5
1.54419988559269e-58	0.976719286704656	0.169	0.083	5.17893757630076e-54	ID3	c5
1.43126707883702e-08	0.974058804338312	0.019	0.009	0.000480018352900358	ZNF607	c5
6.42283597719093e-08	0.971694861969188	0.024	0.012	0.00215409073003029	MYLPF	c5
7.53155682228434e-13	0.96573228939821	0.02	0.008	2.52593352705772e-08	IL15	c5
3.07849871268033e-57	0.964631584631067	0.167	0.081	1.03246689825873e-52	CCR5	c5
9.9369026765746e-25	0.961823366161603	0.085	0.044	3.33263841966959e-20	ST3GAL4	c5
5.50448289335983e-08	0.960702580815542	0.014	0.006	0.00184609347277502	PRDM8	c5
7.4317673043741e-15	0.954216521590414	0.035	0.016	2.49246611854099e-10	GFPT2	c5
2.91057309604249e-19	0.949898923531361	0.036	0.015	9.7614800495073e-15	PRKCE	c5
4.63453298148586e-13	0.948412843526319	0.022	0.009	1.55432967133073e-08	EXT1	c5
1.85536631439212e-14	0.945779759652245	0.029	0.012	6.22252754520829e-10	SV2A	c5
9.81067489140831e-36	0.943779792229329	0.154	0.087	3.29030414508052e-31	BLVRB	c5
5.65692675512972e-32	0.939506676565552	0.11	0.057	1.89722009513541e-27	BIK	c5
1.40003817563575e-25	0.939295849110326	0.056	0.024	4.69544803344718e-21	GSTM3	c5
6.11644296321625e-18	0.937501033590264	0.04	0.018	2.05133264100347e-13	COL9A2	c5
1.61559070064982e-40	0.93724513591529	0.126	0.063	5.41836809183936e-36	CHPF	c5
2.58457001449087e-09	0.936245927732522	0.015	0.006	8.66813091459947e-05	ASTL	c5
4.28818505531692e-30	0.935242155296404	0.091	0.045	1.43817150385219e-25	AC010616.1	c5
6.91945260800619e-13	0.932788695739533	0.03	0.013	2.32064601567312e-08	FEZ1	c5
3.54098446616019e-12	0.932204867060945	0.016	0.006	1.1875753702608e-07	FER	c5
4.30126677489011e-16	0.93063840183807	0.04	0.019	1.44255885096265e-11	LINC00158	c5
4.51634990504373e-100	0.930206082372284	0.294	0.147	1.51469343115357e-95	SLC2A8	c5
7.4862944045611e-23	0.9290221497448	0.069	0.034	2.5107534174017e-18	CXCL16	c5
4.75978222175975e-41	0.927858229606649	0.1	0.046	1.59633576153378e-36	TRGC2	c5
1.32788673886178e-36	0.924649499814204	0.078	0.033	4.45346654479464e-32	ATG7	c5
1.2159971422438e-39	0.923219594784603	0.109	0.052	4.07821121565727e-35	AIF1	c5
6.45590259294295e-10	0.921546974239323	0.038	0.021	2.16518061162121e-05	NIPAL4	c5
6.96673017819435e-29	0.905631614571047	0.054	0.022	2.33650196716282e-24	CDHR3	c5
4.87470638560932e-196	0.903913878920756	0.623	0.361	1.63487902760566e-191	SEC14L1	c5
1.3475206790916e-246	0.903142065960963	0.834	0.588	4.5193148535374e-242	SH2D2A	c5
1.13888795694665e-15	0.900559634583486	0.053	0.027	3.81960243000767e-11	DIXDC1	c5
1.4013251575439e-32	0.899996985753847	0.111	0.058	4.69976431337072e-28	PCSK1N	c5
1.33555167382501e-53	0.899132078657512	0.152	0.073	4.4791732036743e-49	DKK3	c5
4.98525778890925e-149	0.897947312455321	0.429	0.216	1.67195575724438e-144	VPS37B	c5
1.69631068692057e-91	0.894906886076405	0.278	0.139	5.68908678179419e-87	DUSP16	c5
5.09882345559764e-82	0.89453301188353	0.324	0.182	1.71004341053834e-77	TERF1	c5
1.93836326884397e-26	0.893309755039307	0.085	0.043	6.50088273104892e-22	CLECL1	c5
3.38785685872185e-60	0.890824715797232	0.257	0.148	1.13621943327813e-55	LAYN	c5
5.05997180166029e-10	0.889106619434685	0.031	0.016	1.69701334284083e-05	LAMP3	c5
2.94277961824827e-118	0.885678958119018	0.385	0.205	9.86949428368106e-114	TNFRSF18	c5
5.29243282589264e-246	0.884632978515269	0.823	0.582	1.77497612114787e-241	PPM1G	c5
6.23430935486121e-94	0.880873359116304	0.334	0.18	2.09086267143335e-89	EOMES	c5
2.862177447103e-155	0.880025002293861	0.341	0.151	9.59917072209403e-151	WHRN	c5
3.44559676376799e-174	0.878305544679791	0.483	0.249	1.15558424263251e-169	GEM	c5
4.75062320122362e-60	0.875314874592881	0.11	0.044	1.59326400922638e-55	PLCG2	c5
1.75418778886963e-110	0.873272318690401	0.459	0.272	5.88319500631097e-106	CNIH1	c5
2.52991119593511e-15	0.871874498178404	0.043	0.021	8.48481616892716e-11	HIST1H4H	c5
2.33934409238588e-17	0.869865859522694	0.072	0.04	7.84569221704375e-13	VDR	c5
1.37527313904465e-207	0.869152618516782	0.779	0.529	4.61239105372796e-203	CREM	c5
6.89560439586853e-09	0.865252123294575	0.015	0.006	0.000231264780228639	CARMIL3	c5
1.36515263429343e-10	0.864937746843272	0.032	0.016	4.57844890489332e-06	PGBD1	c5
1.40686777435413e-08	0.86337894049212	0.016	0.007	0.000471835314162889	CXCR5	c5
2.44259515142816e-72	0.858110466316944	0.295	0.166	8.19197561885978e-68	GLA	c5
4.44845423549965e-15	0.846845835754123	0.055	0.029	1.49192258150187e-10	GPX7	c5
3.60886643509747e-17	0.845112963305309	0.056	0.029	1.21034162500299e-12	CHKA	c5
1.2500889590894e-18	0.842895213181799	0.067	0.036	4.19254835099403e-14	CD59	c5
1.15682640524157e-52	0.838281243666893	0.18	0.094	3.87976439789916e-48	CPOX	c5
4.17852010754774e-08	0.835099285701264	0.031	0.017	0.00140139207366936	TRGV4	c5
4.1279206252591e-09	0.834130764845797	0.024	0.012	0.00013844220192994	YPEL4	c5
2.88761922979192e-15	0.83095991179579	0.031	0.013	9.68449737287614e-11	CDKN2B	c5
9.48707472194491e-24	0.830018661093914	0.078	0.04	3.18177512024588e-19	PDE4A	c5
2.897732379142e-119	0.82799423253678	0.346	0.171	9.71841485316645e-115	METRNL	c5
2.68027598684507e-149	0.826195618003395	0.745	0.536	8.98910960468101e-145	SYNGR2	c5
1.10815786204171e-151	0.823930506186238	0.598	0.367	3.71653983771548e-147	PTMS	c5
1.93323354279316e-08	0.823693192389927	0.024	0.012	0.000648367865581971	CASTOR1	c5
8.82114312538732e-17	0.82345784254295	0.049	0.024	2.9584349813924e-12	FCGRT	c5
6.27349913258716e-08	0.819785334150834	0.021	0.01	0.00210400613908708	AC078785.1	c5
5.37657330749526e-07	0.816038527181369	0.024	0.013	0.0180319515586776	FAM89A	c5
9.62827021942866e-11	0.812934128753473	0.053	0.031	3.22912926619198e-06	TRBV3-1	c5
9.60148393178327e-07	0.811710540396176	0.019	0.01	0.0322014568104147	FAM135A	c5
8.88995275476147e-14	0.809851087190965	0.036	0.017	2.9815123548919e-09	SLC25A13	c5
2.10243027634081e-11	0.808146279781625	0.037	0.019	7.0511306607918e-07	CAMK1	c5
1.89842437121052e-07	0.807637073892717	0.011	0.004	0.00636693565616584	AC074366.1	c5
2.80520652810979e-80	0.80567437139001	0.259	0.133	9.40810165397463e-76	PRR5L	c5
5.21350777495401e-184	0.80285052699088	0.608	0.342	1.74850623756407e-179	GGA2	c5
5.54315056999826e-22	0.801982681659167	0.06	0.028	1.85906183816602e-17	HDGFL3	c5
2.10520529811311e-39	0.794995506699123	0.119	0.059	7.06043752881176e-35	SNX18	c5
5.54856576111e-09	0.790966110357897	0.028	0.015	0.000186087798496107	IL23A	c5
5.43930403055936e-36	0.790762457013885	0.1	0.048	1.824233785769e-31	ZNF79	c5
1.28769346942269e-08	0.785122149433092	0.016	0.007	0.00043186663577498	RBMS2	c5
8.7365235560371e-10	0.784617405042054	0.022	0.01	2.93005527022372e-05	PLEKHA5	c5
1.79974149659252e-43	0.783491493850093	0.114	0.053	6.03597303127199e-39	TYMS	c5
1.04635188197e-26	0.781906210145146	0.082	0.041	3.50925494175099e-22	TPCN2	c5
8.66913551923049e-57	0.781358227903666	0.206	0.11	2.90745467043952e-52	GK	c5
3.71709797501096e-153	0.778201995871268	0.667	0.431	1.24664031885918e-148	SLA2	c5
1.34604853255431e-32	0.777139447196632	0.174	0.104	4.51437756848064e-28	GTPBP8	c5
1.51745061035687e-45	0.776871008902782	0.178	0.096	5.08922585701488e-41	BOLA2-SMG1P6	c5
1.57510336517981e-08	0.774754805962275	0.015	0.006	0.000528258166614005	RGS12	c5
9.937649290759e-13	0.774677291820542	0.028	0.013	3.33288881913475e-08	ERRFI1	c5
4.79701468223367e-07	0.774283579298261	0.017	0.008	0.0160882278412753	ZNF529-AS1	c5
3.59799541638571e-10	0.773510675134866	0.04	0.022	1.20669570274744e-05	RAB34	c5
1.74972539434165e-09	0.76992138088079	0.016	0.007	5.86822902754301e-05	AC120193.1	c5
3.1230067552798e-141	0.769752352887926	0.626	0.408	1.04739400558574e-136	RIC8A	c5
2.63304665043853e-14	0.767395325933429	0.036	0.017	8.83071185624074e-10	EVC	c5
4.16188313151041e-28	0.765529783558108	0.109	0.059	1.39581236464596e-23	GRK5	c5
3.16555190876754e-07	0.765225275371622	0.016	0.007	0.0106166279916246	AL009179.1	c5
3.09527591782371e-18	0.763842789177053	0.062	0.032	1.03809363731971e-13	CREB3L2	c5
1.00524841802653e-25	0.760606044260694	0.071	0.034	3.37140214437736e-21	HIST1H2BN	c5
5.6626395544342e-10	0.758837403798772	0.059	0.037	1.89913605376614e-05	CDKN3	c5
4.09962770802044e-10	0.757329178122425	0.037	0.02	1.37493314071589e-05	CHRNE	c5
6.88314007913899e-07	0.755865559428742	0.022	0.011	0.0230846751974163	PLOD1	c5
1.35700773355454e-07	0.751077787832666	0.026	0.014	0.00455113253679522	TRBV6-6	c5
1.00744236099477e-133	0.748231704081622	0.601	0.377	3.37876019030427e-129	STARD7	c5
7.1854357261716e-48	0.747544884328789	0.117	0.053	2.40985143384343e-43	ENOSF1	c5
5.22251794955648e-09	0.744117223341035	0.022	0.011	0.000175152806992225	SOX5	c5
3.7892743139806e-63	0.740001955861126	0.259	0.143	1.27084681942281e-58	WIPF3	c5
2.52187552866511e-110	0.735945124598471	0.447	0.259	8.45786614803705e-106	PMAIP1	c5
3.29589795988219e-07	0.734774055960274	0.02	0.01	0.0110537825778529	PNPLA7	c5
1.07812418973788e-60	0.732408623827733	0.287	0.167	3.61581290754291e-56	CRELD2	c5
6.87235048285347e-32	0.732188679089238	0.163	0.097	2.3048489049394e-27	FOSL2	c5
2.81364530571858e-26	0.732154602788675	0.175	0.112	9.43640362631896e-22	TNS3	c5
6.81355299196166e-85	0.725085595459609	0.443	0.277	2.2851294024441e-80	UBE2E3	c5
3.25032045168824e-22	0.724922078712098	0.04	0.016	1.0900924730872e-17	GIPR	c5
6.52878786357389e-20	0.723813387505527	0.088	0.049	2.18962487368541e-15	JMJD4	c5
3.55384495343201e-101	0.718830171746275	0.44	0.26	1.19188852048203e-96	RANGAP1	c5
4.98789068257001e-17	0.716534124863613	0.052	0.026	1.67283877712033e-12	NCALD	c5
2.94990893693903e-65	0.715145717902009	0.308	0.18	9.89340459270611e-61	PLA2G16	c5
6.09526394287943e-14	0.714719310303562	0.045	0.023	2.0442296211629e-09	LHFPL6	c5
4.57309220537199e-08	0.706520696828465	0.021	0.01	0.00153372366383766	NFE2L3	c5
8.06857295212002e-18	0.706050130273207	0.064	0.034	2.70603799668201e-13	AIFM2	c5
3.86634592661519e-18	0.705073661295688	0.1	0.06	1.2966950968682e-13	LMCD1	c5
6.91114824775067e-07	0.704454470161512	0.024	0.013	0.0231786089933062	MIR9-3HG	c5
1.11502174231083e-36	0.703765849310385	0.139	0.074	3.73955991936206e-32	WSB2	c5
1.02211750155094e-10	0.703321090640084	0.037	0.02	3.42797767670155e-06	GPR15	c5
6.02209424984065e-07	0.703152360826183	0.02	0.01	0.0201968996951156	FBXO2	c5
2.00548832490181e-09	0.700749882222943	0.039	0.022	6.7260067440557e-05	PRKAG2-AS1	c5
2.22422515442042e-07	0.698152817736561	0.026	0.014	0.0074596063228952	AFMID	c5
2.35348363977922e-15	0.695879310197089	0.079	0.047	7.89311343109155e-11	FAM83D	c5
9.71113880007665e-13	0.694770006059579	0.035	0.017	3.25692173076971e-08	NAP1L2	c5
2.31461494051987e-16	0.693903373389706	0.071	0.04	7.76275558751555e-12	GNGT2	c5
4.25253337358684e-20	0.693241254614537	0.122	0.075	1.42621464283355e-15	LIMA1	c5
4.03308168714407e-18	0.692077439857353	0.124	0.079	1.35261493623438e-13	SOX4	c5
4.07438580015507e-16	0.691388138335945	0.069	0.039	1.36646750965601e-11	GRN	c5
1.38246619653837e-13	0.690567067892202	0.039	0.019	4.63651512995038e-09	CACFD1	c5
2.34465186484979e-09	0.690156524864758	0.047	0.028	7.86349342433323e-05	ACOT4	c5
2.32352200594693e-22	0.684831179443206	0.087	0.047	7.79262810354483e-18	LTA	c5
2.11405394211394e-45	0.68427716363549	0.228	0.134	7.09011411106172e-41	METTL8	c5
9.24509962275151e-41	0.683127733983944	0.231	0.142	3.1006215114784e-36	ACOT9	c5
2.00361616046243e-09	0.681604643809219	0.035	0.019	6.71972787895889e-05	DPY19L1	c5
4.17136468246992e-108	0.681574775729623	0.624	0.429	1.39899228720676e-103	PSMD13	c5
1.59355087196768e-29	0.678987304093991	0.115	0.062	5.34445091440521e-25	CTNNA1	c5
3.02082704486619e-60	0.678905680352778	0.252	0.141	1.01312497430722e-55	PAM	c5
2.52487995824214e-10	0.678770344800554	0.023	0.011	8.46794240395248e-06	MICAL3	c5
3.86562696112218e-07	0.677630278684958	0.03	0.017	0.0129645397022116	CCNA2	c5
1.03236049246805e-06	0.67543175270156	0.014	0.006	0.0346233061963934	PRSS23	c5
6.73807767697387e-51	0.674059973379407	0.197	0.106	2.2598164913035e-46	PRKAG2	c5
2.86562029437327e-11	0.672639496932049	0.041	0.022	9.61071734326908e-07	UTS2	c5
5.55605882055606e-11	0.671966754403684	0.034	0.018	1.86339100723809e-06	SSH3	c5
1.07931897397758e-07	0.669613070658069	0.012	0.005	0.00361981997492601	CDHR1	c5
9.47880999227094e-07	0.663507775582727	0.038	0.024	0.0317900329520783	REPIN1	c5
1.38908541805973e-13	0.662396299984207	0.054	0.03	4.65871467508871e-09	SPHK1	c5
1.64084336372947e-67	0.66185160564437	0.286	0.16	5.50306047327591e-63	SPTBN1	c5
2.09180182219854e-15	0.660876022167278	0.059	0.032	7.01548495128947e-11	ZC3H12C	c5
5.97667087187004e-13	0.657771026389774	0.101	0.067	2.00445587700777e-08	FNDC9	c5
3.11463851887872e-18	0.656722959375392	0.103	0.063	1.04458746646155e-13	FCMR	c5
9.48123929504857e-24	0.656025251782274	0.126	0.075	3.17981803477339e-19	RAD51C	c5
3.42509309229395e-28	0.655996146809522	0.135	0.078	1.14870772129354e-23	IKZF4	c5
6.23776729301752e-36	0.655577546253741	0.19	0.113	2.09202239473221e-31	SATB1	c5
3.94522882498675e-11	0.655393880582879	0.053	0.031	1.32315084332406e-06	PRMT6	c5
5.15633088751818e-10	0.655259717460631	0.036	0.02	1.72933025305585e-05	NATD1	c5
3.31595190755842e-49	0.653358577554812	0.311	0.198	1.11210395075694e-44	CXorf40B	c5
2.56992637208719e-15	0.652522561025162	0.075	0.044	8.61901906670601e-11	AC100810.1	c5
7.9069544491116e-11	0.651174770484608	0.048	0.028	2.65183438314305e-06	CLN8	c5
8.36034560408746e-07	0.651160352214895	0.034	0.02	0.0280389270869885	KLRC1	c5
3.77884210265996e-48	0.650699697887097	0.319	0.204	1.2673480643901e-43	SEPHS2	c5
4.89932765496865e-08	0.64993857739231	0.025	0.013	0.00164313650892338	HOMER1	c5
4.70734212681776e-17	0.644664550622675	0.056	0.029	1.57874840249214e-12	ARHGEF18	c5
1.59875497519577e-08	0.643298244147693	0.026	0.014	0.000536190443581158	MYO5B	c5
1.18248611283046e-06	0.640172052837735	0.034	0.02	0.0396582192521079	NFIL3	c5
2.06973133020978e-74	0.639588837778644	0.432	0.275	6.94146493525755e-70	ZBTB38	c5
4.22996913426606e-26	0.638509468131781	0.104	0.057	1.41864704825015e-21	ZNF260	c5
9.1627214312419e-41	0.638221027691197	0.307	0.203	3.07299351360991e-36	SLC1A4	c5
6.72423524911868e-08	0.638211273546393	0.033	0.019	0.00225517401784942	NETO2	c5
2.50232586743766e-43	0.638133837631264	0.249	0.152	8.39230049421243e-39	MTFP1	c5
1.43690170958433e-81	0.636304868662105	0.375	0.217	4.81908095360393e-77	GALNT11	c5
2.96744032579777e-07	0.63422811974028	0.02	0.01	0.00995220136466055	KIF7	c5
9.76652579354464e-17	0.633504719957456	0.079	0.045	3.275497420639e-12	RBBP9	c5
4.04442575806134e-49	0.633488997904475	0.27	0.163	1.35641951073861e-44	HYOU1	c5
2.22477604683056e-07	0.632494642960855	0.019	0.01	0.00746145390586033	KCNMB4	c5
2.84952808326242e-10	0.630343125288806	0.025	0.012	9.55674728564549e-06	TMEM117	c5
5.51385549274727e-07	0.630056527364988	0.037	0.023	0.0184923685515758	TRGV5	c5
1.32785462078671e-40	0.628777665698067	0.165	0.09	4.45335882719446e-36	ACSF3	c5
1.63574917445407e-167	0.62619660897926	0.826	0.612	5.48597558128405e-163	STAT3	c5
8.13422104438591e-21	0.624939971238919	0.074	0.039	2.72805505386615e-16	PER2	c5
4.19266284206302e-25	0.620375364078958	0.139	0.083	1.4061352639711e-20	CASP1	c5
3.40037161090369e-71	0.619637444170387	0.487	0.327	1.14041663086488e-66	GALNT2	c5
4.01409717286399e-53	0.619517538298734	0.273	0.161	1.34624790983513e-48	CEP120	c5
1.16628677690487e-56	0.619071029476841	0.311	0.188	3.91149259238356e-52	AKAP5	c5
1.23650741148765e-34	0.618683322408995	0.196	0.118	4.14699855664727e-30	SFT2D1	c5
7.46019157401726e-22	0.617831723853031	0.137	0.085	2.50199905009391e-17	CD200R1	c5
2.03891234351821e-07	0.617137367257828	0.039	0.024	0.00683810421769137	ADGRG5	c5
1.55493320819564e-13	0.617035951429278	0.031	0.014	5.21493499364654e-09	GGT7	c5
3.27826491568189e-84	0.615681933983219	0.614	0.446	1.09946448742139e-79	LAT	c5
2.23810929133946e-27	0.615491469255686	0.149	0.089	7.50617094129427e-23	SARDH	c5
1.43773514270352e-09	0.615196108445532	0.051	0.031	4.82187612159905e-05	NAP1L5	c5
5.66268009017755e-59	0.61491260768857	0.306	0.182	1.89914964864375e-54	HMCES	c5
2.09366704895798e-15	0.613126836901302	0.074	0.043	7.02174054879527e-11	FAM131A	c5
1.1051278501534e-91	0.613019790854721	0.732	0.545	3.70637778384446e-87	RALA	c5
1.82384357843066e-121	0.612118226131776	0.653	0.428	6.11680659334073e-117	SNX9	c5
1.9148025917403e-24	0.610821321342916	0.098	0.053	6.42186493217862e-20	LRIG1	c5
6.12294584773687e-16	0.609226953804135	0.043	0.021	2.05351357841399e-11	YES1	c5
1.43555245970585e-96	0.608245322106791	0.614	0.413	4.81455583936149e-92	NINJ1	c5
3.42751879293634e-07	0.607755246630131	0.028	0.016	0.0114952125277499	GAL3ST2	c5
8.89789423095312e-08	0.606231252709109	0.04	0.024	0.00298417576717706	AC004865.2	c5
8.01124108828034e-19	0.605110766239306	0.064	0.033	2.68681003618746e-14	ARID3A	c5
1.27591175187817e-52	0.602874344375569	0.34	0.218	4.27915283344902e-48	PACSIN2	c5
8.49936917167417e-36	0.602836143326901	0.182	0.106	2.85051843279608e-31	ETV1	c5
1.72930226499619e-58	0.601931942998326	0.669	0.533	5.79973393634422e-54	CYCS	c5
5.45093717314062e-08	0.601620849755147	0.035	0.02	0.0018281353091279	SLC27A5	c5
4.8031835651279e-24	0.60079069934056	0.076	0.038	1.6108917040726e-19	BCR	c5
1.29875971098261e-07	0.599544681682519	0.034	0.02	0.00435578031869347	EPB41L2	c5
1.09624716068783e-25	0.597906839330756	0.129	0.075	3.67659372751483e-21	GADD45A	c5
8.06694859341085e-10	0.592170942139183	0.032	0.017	2.70549321925813e-05	HIST1H2AK	c5
4.94737277931785e-80	0.591193656281375	0.5	0.335	1.65924988272762e-75	HSPB1	c5
1.08301842387755e-104	0.58549932854656	0.635	0.427	3.63222719000051e-100	APMAP	c5
4.26745978106303e-37	0.585341008344022	0.259	0.166	1.43122066137292e-32	GRINA	c5
1.52590458193833e-24	0.584515986222204	0.155	0.096	5.11757878690476e-20	ELK1	c5
1.94110203567219e-17	0.584271513466467	0.084	0.049	6.51006800723738e-13	KIAA1324	c5
5.46433906024308e-69	0.58336079511309	0.544	0.38	1.83263003402432e-64	PDCD1	c5
1.9873636315128e-26	0.58288600103166	0.15	0.091	6.66522014736763e-22	ASB2	c5
1.1842354398143e-06	0.582645385267834	0.032	0.019	0.0397168881804921	LY6G5C	c5
7.47513978490640e-12	0.580861766582686	0.071	0.044	2.50701238106191e-07	C5orf30	c5
8.80640105497536e-18	0.580131008528821	0.082	0.046	2.95349078581764e-13	RIPOR1	c5
1.91942612621179e-10	0.579326791244645	0.038	0.02	6.43737134208909e-06	NAT14	c5
1.44404164859685e-19	0.576093004478747	0.132	0.083	4.8430268810641e-15	NUP37	c5
6.3404323703498e-28	0.57522257052267	0.165	0.1	2.12645420836792e-23	TSPAN3	c5
2.45157236645656e-14	0.574393465890128	0.072	0.042	8.222083402622e-10	SLC37A1	c5
4.72683457753996e-36	0.573772976184784	0.154	0.085	1.58528578061535e-31	GFOD1	c5
9.42321046746501e-19	0.571739400474788	0.109	0.066	3.16035632657842e-14	KCNK6	c5
1.99686781400382e-81	0.570769644914293	0.54	0.358	6.69709527460602e-77	DDIT4	c5
6.13127660482643e-33	0.570118862742666	0.15	0.084	2.05630754772669e-28	PEX3	c5
5.39654627890803e-76	0.568896747000952	0.527	0.355	1.80989369102017e-71	LBH	c5
2.9036958727535e-31	0.568653341613775	0.192	0.119	9.7384152180407e-27	PDXK	c5
4.95381317724532e-15	0.568652028559368	0.062	0.035	1.66140986338454e-10	SMARCD3	c5
5.75487296487651e-28	0.567898096082321	0.17	0.104	1.93006929496029e-23	WARS	c5
3.527645196235e-35	0.566292035138915	0.134	0.071	1.18310164591329e-30	ZC3H7B	c5
1.47344203143713e-17	0.565635922310124	0.061	0.032	4.94162988503384e-13	ARHGEF9	c5
1.20130828458286e-67	0.565394599551651	0.507	0.343	4.028947724834e-63	CYSTM1	c5
2.02794023166036e-37	0.562383432454018	0.191	0.111	6.80130594894252e-33	GCDH	c5
4.85147507040087e-24	0.561389383531444	0.133	0.079	1.62708770911105e-19	NCDN	c5
6.14796921651958e-07	0.561112439274638	0.042	0.027	0.0206190591583634	EPOR	c5
4.8606039226898e-23	0.56073014225407	0.107	0.061	1.6301493435917e-18	IZUMO4	c5
3.39065700842704e-16	0.559503682009718	0.074	0.042	1.13715854748626e-11	MBOAT7	c5
3.50377580947547e-10	0.558171298122452	0.076	0.049	1.17509633098188e-05	RITA1	c5
3.50506497145279e-40	0.557736040968085	0.288	0.187	1.17552869012584e-35	EXOSC9	c5
7.88088904683256e-136	0.552389564558715	0.756	0.531	2.6430925685267e-131	STAT5A	c5
2.41419537321116e-70	0.550667916797559	0.504	0.339	8.0967284426756e-66	IQGAP2	c5
8.94338628895139e-123	0.54992204187714	0.811	0.614	2.99943289358852e-118	EMD	c5
4.84365520364574e-12	0.548758532609973	0.06	0.035	1.62446508219871e-07	TCAF1	c5
1.08607932847745e-80	0.548657968773423	0.48	0.308	3.64249285184768e-76	CEMIP2	c5
5.85459880780175e-10	0.547788935975043	0.041	0.023	1.96351534816055e-05	TM7SF2	c5
4.99155335327812e-08	0.547350040521993	0.034	0.019	0.00167406716362242	TPM1	c5
1.61611872528539e-11	0.547055420512815	0.072	0.045	5.42013898086213e-07	CDKN2C	c5
1.20263359608463e-25	0.547038616988452	0.138	0.082	4.03339255454865e-21	GRK6	c5
5.92624267856936e-22	0.546785066340727	0.231	0.161	1.98754326953859e-17	LTB	c5
1.4136253703029e-10	0.544926191375682	0.051	0.03	4.74101676692187e-06	GCA	c5
2.97184261305237e-14	0.544636949954718	0.087	0.054	9.96696575565505e-10	ZNF282	c5
4.16734488270429e-12	0.544598594966019	0.066	0.04	1.39764412676136e-07	HAPLN3	c5
2.44153178898089e-20	0.544489096317899	0.154	0.101	8.18840931388411e-16	CHST7	c5
3.86944051824807e-45	0.543018729816479	0.284	0.175	1.29773296101004e-40	BET1L	c5
1.10019537997571e-10	0.542668220448435	0.071	0.045	3.68983526536252e-06	CHID1	c5
1.11357523390862e-157	0.541264496968816	0.932	0.801	3.73470861948274e-153	DUSP4	c5
5.37751785271177e-12	0.540775299412941	0.062	0.037	1.80351193744247e-07	RXRA	c5
1.09161138271461e-39	0.540397522190735	0.383	0.271	3.66104625534825e-35	GIMAP4	c5
3.76774155760678e-33	0.53872715618969	0.205	0.126	1.26362516359016e-28	GNPTAB	c5
7.68342638246887e-18	0.538021202225621	0.134	0.086	2.57686754015241e-13	TMEM216	c5
3.33272579030224e-74	0.538005159947557	0.651	0.487	1.11772957555156e-69	CD247	c5
4.09509691318631e-18	0.536894965686932	0.146	0.096	1.37341360274443e-13	OAS1	c5
4.07464860688577e-08	0.535559055434858	0.049	0.031	0.00136655564977735	ORAI3	c5
5.80250346958273e-11	0.534390748832778	0.055	0.032	1.94604361362865e-06	SLC43A2	c5
4.31444932896805e-17	0.534303214364385	0.112	0.07	1.44698001594931e-12	TMEM185A	c5
1.16726618385983e-14	0.532719853091728	0.065	0.037	3.9147773274291e-10	SPAG4	c5
4.64589841595957e-82	0.53252628938984	0.658	0.473	1.55814141074452e-77	CDK2AP2	c5
3.85491358204162e-38	0.532510502738837	0.264	0.168	1.29286091714512e-33	LINC01943	c5
2.45164750538343e-21	0.530905365471108	0.138	0.086	8.22233540355495e-17	TMED1	c5
1.38671405842783e-46	0.530858415470874	0.233	0.135	4.65076160915525e-42	BCL2	c5
2.7419085519368e-20	0.528973275573373	0.16	0.105	9.19581290148565e-16	ZMYND11	c5
2.78229550073085e-08	0.528455411246722	0.038	0.022	0.000933126265035111	ZNF597	c5
1.23421557114656e-10	0.527337604185877	0.059	0.036	4.13931218251135e-06	CCRL2	c5
3.11160795544682e-43	0.524627701745685	0.308	0.198	1.04357107609775e-38	NBDY	c5
3.79826810250167e-20	0.524311359504618	0.123	0.076	1.27386315621701e-15	DCP1B	c5
6.32263818890354e-41	0.524165342324146	0.211	0.125	2.12048639579447e-36	RHBDF2	c5
1.35566610642489e-13	0.523195239858645	0.071	0.042	4.54663298772779e-09	CERS4	c5
3.86427911379364e-09	0.522382263485448	0.033	0.018	0.000129600192918411	ZFP30	c5
6.20975791102573e-69	0.522195346584877	0.551	0.383	2.08262860819981e-64	ISG15	c5
5.28354656565391e-28	0.522185508113329	0.121	0.067	1.77199584718901e-23	DENND3	c5
2.96937271607045e-12	0.521448494556958	0.068	0.041	9.95868221515707e-08	ALDOC	c5
5.91908191526541e-56	0.520620210228064	0.535	0.388	1.98514169274171e-51	SEC11C	c5
1.02635603280328e-103	0.51996261305516	0.815	0.626	3.44219286281565e-99	PIM3	c5
1.74453774841688e-25	0.519147018464186	0.158	0.098	5.85083070064054e-21	TMX3	c5
8.15131463628616e-37	0.519059635746686	0.314	0.213	2.73378790271765e-32	GPR65	c5
5.48146020911695e-68	0.516943057790227	0.457	0.293	1.83837212493364e-63	TENT5C	c5
1.34162411746806e-09	0.513940085702478	0.033	0.017	4.49953896516439e-05	ARHGAP5	c5
2.14669046767478e-44	0.513750326891435	0.325	0.211	7.19957049048768e-40	NDFIP2	c5
7.74669486347329e-240	0.512096822660818	0.994	0.921	2.59808652331167e-235	OAZ1	c5
1.0658827886836e-38	0.511882995161862	0.33	0.222	3.57475769668705e-34	ATP6V1B2	c5
3.70963958427154e-14	0.510988440271817	0.076	0.045	1.24413892377299e-09	GGT1	c5
2.27698891091361e-72	0.510323015191897	0.325	0.186	7.63656540942208e-68	TSHZ2	c5
2.03211279838366e-15	0.51010067015852	0.078	0.046	6.81529990321913e-11	SLC2A6	c5
8.57247950757243e-12	0.508495885160559	0.068	0.041	2.87503817724964e-07	ZNF48	c5
2.41881882320694e-08	0.508412419445158	0.031	0.017	0.000811223456927145	APP	c5
6.16517360815067e-59	0.508204610996777	0.48	0.328	2.06767592470157e-54	KPNA2	c5
1.54975052114256e-07	0.507958844081889	0.043	0.027	0.00519755329780792	DBNDD2	c5
3.14751355500639e-43	0.507675555151144	0.431	0.308	1.05561309607804e-38	SLC16A3	c5
4.29335034987936e-36	0.506358546782275	0.26	0.167	1.43990384034254e-31	ASB1	c5
4.84072135258797e-15	0.505631021467546	0.089	0.055	1.62348112723095e-10	AGPAT4	c5
2.72546092933949e-38	0.505466938500342	0.316	0.21	9.14065086481877e-34	ABI3	c5
2.68822147475064e-101	0.504803960566186	0.775	0.586	9.01575718201869e-97	TUBA4A	c5
5.16382341621112e-89	0.504475431186037	0.552	0.361	1.73184309732889e-84	LYST	c5
1.0974666284521e-11	0.504164783546024	0.051	0.029	3.68068357850265e-07	EEF2K	c5
5.06146225141354e-26	0.502188924314709	0.178	0.112	1.69751320987907e-21	SNX20	c5
1.86885544567117e-24	0.500294309568211	0.079	0.04	6.26776739369196e-20	ADAT2	c5
9.76591444821173e-48	0.50019919982912	0.415	0.282	3.27529238764125e-43	RAB9A	c5
4.56361579475498e-15	0.499935644281121	0.109	0.07	1.53054546524493e-10	CDIP1	c5
2.68027898556493e-07	0.497898381176518	0.048	0.031	0.00898911966178767	TTC38	c5
4.42354572230582e-44	0.496576690214758	0.397	0.274	1.48356876434693e-39	HLA-DMA	c5
2.02814436027677e-82	0.495439810786777	0.677	0.494	6.80199055549623e-78	TNFRSF1B	c5
3.50171223781522e-71	0.492583024955101	0.595	0.423	1.17440425031847e-66	USP11	c5
2.89038287594359e-26	0.491952345032282	0.17	0.105	9.69376608933961e-22	ACSL3	c5
5.73171132114225e-13	0.491139141951706	0.096	0.062	1.92230134288469e-08	COPRS	c5
8.6934644283023e-11	0.490010706640296	0.051	0.03	2.91561409996403e-06	MAFF	c5
1.68958705824284e-109	0.489003048722749	0.862	0.679	5.66653707593483e-105	GPX4	c5
1.08348115241362e-24	0.488541594107699	0.19	0.124	3.6337790889648e-20	RBBP8	c5
5.62446432175184e-11	0.485837551021649	0.048	0.027	1.88633284422913e-06	NCR1	c5
3.98516899961051e-65	0.485673767237417	0.515	0.369	1.33654597908937e-60	RGS1	c5
3.80682826663498e-26	0.484275392356121	0.228	0.154	1.27673406406404e-21	CD70	c5
4.9989101510583e-28	0.483087861525692	0.216	0.141	1.67653448646193e-23	HIST1H2AC	c5
1.29575773975641e-32	0.483019190628335	0.275	0.183	4.34571230759506e-28	CPNE3	c5
4.44348800605566e-17	0.482135924466472	0.111	0.07	1.49025700747095e-12	MAL	c5
2.65722898752318e-19	0.48210024617277	0.135	0.085	8.91181457835525e-15	PGRMC2	c5
1.31662377000312e-47	0.480935101573328	0.444	0.308	4.41569279983646e-43	PTP4A1	c5
1.22373163208874e-123	0.480335906073929	0.98	0.887	4.10415114769923e-119	FTL	c5
6.06723630069631e-15	0.480218798986567	0.104	0.066	2.03482971052753e-10	PEX14	c5
1.40042423973755e-24	0.479611172475396	0.184	0.118	4.69674281523181e-20	BCL7C	c5
8.83802226151053e-10	0.479346555976014	0.075	0.049	2.9640959060654e-05	GLMP	c5
1.90374642718148e-99	0.478939171627371	0.825	0.657	6.38478476748126e-95	BATF	c5
6.02939523344403e-19	0.477167923482553	0.148	0.096	2.02213857339246e-14	ST6GALNAC4	c5
8.59771151310239e-20	0.477048048600282	0.132	0.083	2.88350048726428e-15	TULP3	c5
2.8441949542092e-07	0.476932106789275	0.044	0.028	0.00953886103742682	MCRIP2	c5
7.78138579840644e-07	0.474520985408107	0.038	0.024	0.0260972116906955	KCNK12	c5
9.64754838103389e-50	0.473849272215162	0.513	0.366	3.23559477603114e-45	AP3S1	c5
1.77204281521886e-26	0.47350347130003	0.235	0.16	5.94307719368101e-22	RGS2	c5
6.39689179348442e-09	0.472681931355809	0.029	0.015	0.00021453895696988	EPN2	c5
1.94001073829847e-41	0.472470606924701	0.43	0.31	6.50640801410541e-37	EIF4E	c5
4.50376177504682e-17	0.472403378800569	0.123	0.079	1.5104716241152e-12	FAM173A	c5
3.70680345886941e-20	0.471206239205002	0.14	0.089	1.24318774403562e-15	PPME1	c5
1.32931582605064e-22	0.46992161305649	0.156	0.098	4.45825941740862e-18	SOCS3	c5
1.81055797659779e-16	0.467242035718167	0.069	0.038	6.07224934191367e-12	ZNF611	c5
1.93324366660651e-07	0.46571975070704	0.037	0.022	0.00648371260906491	TTYH3	c5
1.55334676844883e-15	0.464915566092514	0.086	0.052	5.20961439202368e-11	RBMXL1	c5
1.47152669664544e-10	0.464574649234603	0.076	0.049	4.93520623520949e-06	A1BG-AS1	c5
6.00833566089021e-62	0.464393278794153	0.539	0.38	2.01507561394936e-57	BHLHE40	c5
3.88693576539976e-73	0.46392840533268	0.458	0.287	1.30360051699977e-68	PRKX	c5
1.53562594665946e-11	0.462990616076262	0.052	0.03	5.1501822999065e-07	GAN	c5
1.38319360467073e-12	0.461497298873225	0.077	0.048	4.6389547113447e-08	PRR3	c5
5.29212328128533e-12	0.461480987200533	0.065	0.039	1.77487230607747e-07	SLC41A2	c5
1.55901166908821e-07	0.460850005429993	0.035	0.02	0.00522861333578804	EPB41L5	c5
2.46255054889373e-52	0.460625843900301	0.684	0.545	8.25890203087978e-48	ATP1B3	c5
7.02883822114509e-36	0.460520453761369	0.178	0.103	2.35733176260764e-31	ITPRIP	c5
8.58497877798201e-18	0.459497464553165	0.157	0.106	2.87923018255961e-13	TSPAN5	c5
8.13407714340408e-09	0.458067017262936	0.018	0.008	0.000272800679235486	FRMD4A	c5
7.8389367961664e-32	0.457628048677367	0.295	0.201	2.62902262269829e-27	TICAM1	c5
6.47665085508096e-16	0.457037417499434	0.136	0.091	2.17213916377705e-11	PAFAH1B3	c5
5.60358366931501e-12	0.456846827822037	0.097	0.065	1.87932989101487e-07	OXR1	c5
2.22305316203898e-50	0.456282216368384	0.554	0.409	7.45567569484633e-46	CALM3	c5
3.77071847842691e-16	0.455439646428653	0.08	0.046	1.26462356329482e-11	PI4K2A	c5
4.36289508941242e-54	0.454062725312338	0.585	0.43	1.46322775508714e-49	FKBP1A	c5
4.87316510686346e-48	0.45274079381268	0.715	0.597	1.63436211353987e-43	GZMB	c5
1.19159416877298e-45	0.452490496220283	0.339	0.221	3.99636852323082e-41	CSNK1G3	c5
7.01232595385625e-47	0.451422678246858	0.418	0.288	2.35179387840431e-42	IL21R	c5
7.64176179536276e-20	0.451249336557912	0.154	0.1	2.56289407092876e-15	LAMP2	c5
4.30593437682698e-16	0.449898491025378	0.074	0.042	1.44412427130023e-11	DNMT3A	c5
1.25810192726643e-14	0.449849469150038	0.092	0.057	4.21942224366614e-10	ZNF101	c5
1.51733792928199e-13	0.449803757323838	0.114	0.076	5.08884794722595e-09	BMI1	c5
1.5367139315875e-11	0.44876588499366	0.084	0.054	5.15383118375817e-07	INPP1	c5
1.00353022956954e-10	0.448184687631074	0.116	0.082	3.36563968393031e-06	THG1L	c5
4.73790684921301e-79	0.447148821742174	0.699	0.528	1.58899919908906e-74	NOP58	c5
1.86878981610008e-20	0.446323892862423	0.163	0.106	6.26754728523646e-16	TMEM140	c5
1.44313946256918e-44	0.445047162120299	0.383	0.26	4.84000112956453e-40	ARFGAP3	c5
2.82883263391756e-15	0.444984132022445	0.176	0.125	9.48733888763273e-11	LMNB1	c5
3.65541448431262e-17	0.444905710484404	0.163	0.111	1.22595290974877e-12	INO80C	c5
4.62537366679668e-44	0.44445087479313	0.278	0.172	1.55125782037027e-39	PRDM1	c5
9.48672515126324e-57	0.443632919762484	0.524	0.375	3.18165788123067e-52	ARID5B	c5
6.53194598825993e-27	0.442339243141771	0.227	0.15	2.19068404554262e-22	TFPT	c5
3.69476967356677e-22	0.442086524104897	0.169	0.109	1.23915185312082e-17	CTPS1	c5
8.18485057259845e-118	0.440049831523551	0.963	0.859	2.74503518503807e-113	SQSTM1	c5
3.79596737242608e-38	0.439782512553591	0.406	0.29	1.27309153736426e-33	TNFSF10	c5
1.22384758228602e-49	0.439437192614108	0.744	0.633	4.10454002147086e-45	SAMSN1	c5
1.55679080540753e-12	0.439177229346829	0.071	0.043	5.22116500317576e-08	ATN1	c5
9.79179668231274e-14	0.439157129138122	0.086	0.054	3.28397277131405e-09	EIF4ENIF1	c5
5.33861307256024e-12	0.437894303971	0.105	0.071	1.79046405227525e-07	HIST1H2BC	c5
2.01545406933565e-09	0.437377798142704	0.104	0.074	6.75942985773792e-05	TPX2	c5
5.00962854047373e-66	0.436788889591372	0.607	0.441	1.68012921990408e-61	SRRT	c5
1.46172719752242e-23	0.435835456052493	0.233	0.16	4.90234067505071e-19	HIST1H2BK	c5
1.16833294207595e-28	0.435811605152524	0.44	0.336	3.91835502113433e-24	UQCRC2	c5
2.48602544324248e-60	0.435114276310405	0.642	0.482	8.33763213154662e-56	NRBP1	c5
7.37328969364988e-18	0.434987088147441	0.135	0.087	2.4728538974563e-13	GGCX	c5
9.48851631514959e-07	0.433318411733008	0.036	0.022	0.0318225860177487	NRIP1	c5
6.06983357591116e-08	0.432866979874039	0.04	0.024	0.00203570078468908	ZNF155	c5
3.85985766521399e-42	0.432340012624439	0.327	0.214	1.29451906375947e-37	GTF3C1	c5
1.89391067024574e-09	0.431886164732019	0.057	0.035	6.35179760587015e-05	STARD4	c5
1.0853099532904e-09	0.430958501792014	0.083	0.056	3.63991252134533e-05	FHL3	c5
1.46157858434382e-07	0.428729349385743	0.058	0.039	0.00490184225617231	MTMR2	c5
6.97325209004724e-34	0.428235516306393	0.286	0.189	2.33868928596004e-29	RETREG2	c5
5.05794605454381e-10	0.427286338200129	0.056	0.034	1.6963339477729e-05	ABHD17B	c5
1.48047156882497e-15	0.426911312012434	0.107	0.067	4.96520554752517e-11	DHRSX	c5
6.63388024431098e-57	0.426587613967988	0.479	0.33	2.22487075633702e-52	CTLA4	c5
9.30257819805129e-19	0.424516673730177	0.186	0.129	3.11989867606244e-14	WDR18	c5
9.5035177667385e-77	0.423938501913481	0.59	0.402	3.18728978860876e-72	PPP1R16B	c5
1.32882374813578e-24	0.423547132833678	0.174	0.11	4.45660908649779e-20	ECE1	c5
6.5271110348714e-47	0.423131558070221	0.251	0.149	2.18906249887517e-42	MSI2	c5
2.48050292707639e-15	0.422854928484042	0.064	0.036	8.31911071682878e-11	DNAJA4	c5
1.073918862796e-17	0.422011384108848	0.163	0.11	3.60170908204521e-13	TM2D2	c5
4.5335936303981e-76	0.421211991130122	0.863	0.715	1.52047663176292e-71	CALR	c5
6.96613238671418e-93	0.421138457898415	0.938	0.845	2.3363014798562e-88	CD8A	c5
5.86734118685628e-13	0.420678016911163	0.153	0.11	1.96778888724786e-08	MYL6B	c5
4.09743349023543e-32	0.420244635333503	0.353	0.253	1.37419724395516e-27	ITGB2	c5
2.21592435010795e-43	0.419881078489768	0.448	0.324	7.43176708539203e-39	ITGA4	c5
1.42120209936528e-36	0.419758715007877	0.341	0.232	4.76642760085127e-32	CMIP	c5
1.54846284122432e-32	0.41927170714825	0.249	0.16	5.19323467689811e-28	HIST1H1E	c5
5.02167777661475e-09	0.418495590775098	0.058	0.036	0.000168417029272106	ZNF627	c5
1.24542834132935e-07	0.417671264793151	0.057	0.037	0.00417691757115038	BMPR1A	c5
5.18430435692789e-26	0.417637648171605	0.22	0.147	1.73871199522648e-21	HMGXB4	c5
1.71936736009114e-44	0.417429979828051	0.326	0.209	5.76641425227366e-40	APOL6	c5
2.86584131316628e-32	0.415960061225817	0.316	0.218	9.61145859609707e-28	YBX3	c5
1.33840719226015e-07	0.415655021129537	0.07	0.048	0.00448875004140209	LRRC61	c5
1.61865853015979e-07	0.415515635854795	0.06	0.04	0.00542865697844989	MAGED1	c5
6.85358414938159e-27	0.415440606422894	0.114	0.063	2.2985550520196e-22	CCDC141	c5
2.87679813883604e-08	0.414421409014154	0.069	0.046	0.000964820559802832	ABHD4	c5
4.96724759023497e-13	0.414161013275274	0.093	0.06	1.665915496813e-08	MAN1A1	c5
2.95297883909622e-20	0.412800336689452	0.139	0.087	9.90370043056091e-16	RNF121	c5
2.12036233229846e-13	0.412650094810682	0.114	0.076	7.11127119006258e-09	CHMP6	c5
3.03050721960698e-10	0.412575549560666	0.05	0.029	1.01637151131179e-05	EVC2	c5
7.16892849223554e-07	0.412466938840606	0.053	0.035	0.0240431523772596	ZNF174	c5
1.77961342764017e-09	0.411810660908857	0.089	0.061	5.96846751361959e-05	TMEM159	c5
3.55628376276224e-31	0.411334994389117	0.23	0.147	1.1927064483552e-26	POLR3E	c5
5.90935825254177e-35	0.411200876694269	0.397	0.282	1.98188057073746e-30	DNPH1	c5
5.02691302468434e-07	0.409827755619508	0.046	0.03	0.0168592609021863	ALDH3A2	c5
3.60949666275498e-15	0.407707261824927	0.169	0.119	1.21055299075477e-10	BLVRA	c5
4.47970803258238e-39	0.407666743620133	0.389	0.268	1.50240447996748e-34	STX5	c5
9.13705241531192e-40	0.407569556466267	0.349	0.237	3.06438463904731e-35	RASGRP1	c5
9.01940274521016e-20	0.405894222989938	0.239	0.172	3.02492729268858e-15	PDIA4	c5
4.13811361324761e-60	0.405668529748286	0.692	0.533	1.38784054361098e-55	SURF4	c5
1.05415712247246e-49	0.404673489841064	0.488	0.341	3.53543215734814e-45	GNL1	c5
2.06648109416143e-11	0.404502498809383	0.091	0.06	6.9305642935986e-07	LRRC14	c5
1.08528150982686e-19	0.4043764239021	0.178	0.12	3.63981712765733e-15	CAT	c5
2.29493462851472e-34	0.403934145014372	0.239	0.152	7.69675175711268e-30	SSH1	c5
4.61354296119085e-39	0.40318119852472	0.239	0.145	1.54729003832419e-34	SLAMF7	c5
3.49636462754102e-36	0.402109019344107	0.461	0.339	1.17261076878471e-31	NDUFB6	c5
1.20283125493618e-06	0.402011260803696	0.038	0.023	0.0403405546280496	HOPX	c5
1.32710845954377e-07	0.401644978216174	0.023	0.012	0.00445085635161791	NUMBL	c5
7.54423559304995e-28	0.401070656586863	0.192	0.121	2.53018573319709e-23	NCOA1	c5
6.54325739304144e-07	0.400652864187158	0.032	0.019	0.0219447766447824	VPS54	c5
1.01620118775118e-06	0.399022412384451	0.036	0.022	0.0340813554347989	TRGC1	c5
6.17662880983795e-24	0.397975242196378	0.24	0.165	2.07151777024345e-19	PPP2R5A	c5
1.0795312663942e-06	0.397877715778248	0.049	0.032	0.0362053196123285	LETM2	c5
6.59500481494668e-48	0.397614069971026	0.668	0.543	2.21183271483682e-43	TRAT1	c5
1.08195584492669e-70	0.397551249293476	0.692	0.515	3.62866351271514e-66	RUNX3	c5
2.26437418587978e-28	0.397482627892507	0.189	0.118	7.59425814460359e-24	NUMB	c5
1.11107916635566e-06	0.397236143172877	0.051	0.034	0.037263373081236	MAMLD1	c5
1.02939233656262e-10	0.397204320401014	0.092	0.062	3.45237601836373e-06	RNF185	c5
1.74019833242058e-35	0.395594409293878	0.391	0.274	5.83627716727213e-31	BAD	c5
1.54717833637611e-49	0.395455301623099	0.644	0.5	5.18892670453819e-45	GABARAPL2	c5
6.77118226157798e-19	0.394228632512111	0.167	0.111	2.27091910688802e-14	DOK1	c5
3.07301091262101e-22	0.393407250932671	0.266	0.19	1.03062639987483e-17	VAMP5	c5
2.87674416058307e-07	0.3930685287955	0.036	0.022	0.0096480245657635	TRAF3IP1	c5
9.28624328347634e-16	0.392795218328615	0.118	0.076	3.1144202724123e-11	EGLN1	c5
1.27030951690405e-11	0.392711186153345	0.102	0.069	4.26036405779281e-07	CORO1C	c5
3.58551658853828e-33	0.392453093466829	0.299	0.2	1.20251055346397e-28	MKNK2	c5
3.43737322295966e-33	0.392301347407027	0.256	0.166	1.15282623151621e-28	HIVEP1	c5
1.18204886668324e-08	0.391839350089804	0.126	0.094	0.000396435548908226	BEX4	c5
5.76590201160951e-18	0.391486961426612	0.135	0.087	1.9337682166536e-13	KLHL2	c5
4.55606736698263e-61	0.391423136341244	0.696	0.544	1.52801387353864e-56	HSPD1	c5
9.34779862188679e-10	0.390974100726801	0.086	0.058	3.13506470180839e-05	BOLA2B	c5
3.65461169289129e-27	0.390148576037236	0.29	0.201	1.22568366956188e-22	GDE1	c5
7.0266266817279e-07	0.389473197337596	0.075	0.054	0.023565900565179	PHACTR2	c5
4.70166764180735e-15	0.387399464310558	0.143	0.097	1.57684529370935e-10	ATOX1	c5
1.11485023944496e-30	0.387373894099843	0.278	0.189	3.7389847330505e-26	OTULIN	c5
1.04345692316775e-20	0.386518226996198	0.129	0.079	3.49954582892002e-16	RAB11FIP4	c5
1.07468655746635e-40	0.386483110086982	0.43	0.301	3.60428377643065e-36	CD2BP2	c5
1.09590143226742e-07	0.386131256752349	0.059	0.039	0.00367543422353849	ZNF557	c5
5.14977998082525e-07	0.385967588895187	0.052	0.034	0.0172713320996917	CRYZ	c5
1.42343878458605e-16	0.385731709006081	0.181	0.127	4.7739289957447e-12	C19orf12	c5
2.95086380377274e-08	0.385432413140153	0.106	0.077	0.000989660702509302	PRPS2	c5
3.62359969689671e-07	0.38503807668149	0.057	0.038	0.0121528286634522	FAM210B	c5
2.1379297385659e-40	0.384893804664654	0.537	0.41	7.17018875720231e-36	CYLD	c5
1.21307671499467e-80	0.382442744121652	0.897	0.762	4.06841668674913e-76	ATP6V0C	c5
1.97136702392297e-81	0.38240082372358	0.526	0.34	6.61157072483286e-77	BICDL1	c5
2.19764250814772e-35	0.382042546206311	0.332	0.227	7.37045344382583e-31	TLK1	c5
2.51398117146649e-40	0.381962562638942	0.301	0.195	8.43139005286433e-36	DGKZ	c5
2.77288147729378e-10	0.3805424273682	0.054	0.032	9.29968989854789e-06	ASPH	c5
5.89705063791358e-08	0.380064909033244	0.07	0.048	0.00197775284294346	ZBED1	c5
1.99863007104516e-17	0.379719667199914	0.073	0.04	6.70300553227125e-13	GPHN	c5
4.555804314182e-28	0.37965208372492	0.605	0.493	1.52792565089036e-23	TRBC1	c5
1.50200367046307e-39	0.379526691344444	0.639	0.523	5.03741990999904e-35	CLDND1	c5
5.15953372224928e-20	0.379205587066066	0.154	0.099	1.73040441976796e-15	SEC24A	c5
2.87575208040619e-10	0.37838919365738	0.097	0.066	9.64469732726629e-06	ZBTB45	c5
5.14902744447828e-47	0.377910490125026	0.646	0.494	1.72688082432913e-42	C9orf16	c5
1.94770074882291e-19	0.377790854756218	0.219	0.153	6.53219877140226e-15	IFT52	c5
1.01250440071986e-61	0.376053963591474	0.739	0.564	3.39573725913425e-57	HNRNPUL1	c5
3.03798287811501e-34	0.375969186595683	0.236	0.147	1.01887869766221e-29	TOM1	c5
8.86248931422947e-09	0.374680734720377	0.077	0.052	0.000297230166620628	NAALADL1	c5
1.34512645334538e-53	0.374358662456286	0.53	0.377	4.51128509922973e-49	SERPINB9	c5
6.71676867882388e-16	0.374238646737141	0.162	0.112	2.25266987950395e-11	PCID2	c5
2.71096685208715e-27	0.374231894161866	0.157	0.094	9.0920406285299e-23	PDE7A	c5
3.02038712433225e-19	0.374178902790426	0.215	0.151	1.01297743375855e-14	SPATS2L	c5
2.6272258985118e-31	0.37363226680637	0.313	0.215	8.81119021842888e-27	MAP1LC3A	c5
6.3147070524951e-38	0.373305504639802	0.37	0.256	2.11782645126581e-33	LRMP	c5
2.89303429742892e-08	0.372392785542112	0.087	0.061	0.00097026584267171	TCEAL8	c5
8.08671860878173e-09	0.371785744194496	0.072	0.048	0.000271212368701322	LZTFL1	c5
8.27652286467799e-10	0.370869846601915	0.051	0.03	2.77578023835571e-05	LINC02084	c5
2.22615621540771e-14	0.370572554430906	0.167	0.118	7.46608271523439e-10	NFU1	c5
1.69237777272477e-11	0.370276426885043	0.123	0.086	5.67589657416434e-07	PLIN3	c5
1.0299446334232e-26	0.369888903142596	0.168	0.103	3.45422831157473e-22	KIAA0319L	c5
4.11846442396108e-24	0.369674715233014	0.306	0.221	1.38125059850807e-19	ATP6AP1	c5
1.6989894909635e-40	0.369381372964101	0.571	0.437	5.69807095479338e-36	LAPTM4A	c5
8.7416728254933e-11	0.368487130689806	0.088	0.059	2.93178223221394e-06	TESK1	c5
4.03958358238196e-11	0.368167747814246	0.079	0.051	1.35479554185926e-06	SLC25A22	c5
5.27239570955114e-53	0.368163633075467	0.408	0.27	1.76825607306926e-48	AHI1	c5
2.53178088522857e-27	0.36803497894894	0.292	0.203	8.49108673287959e-23	NAA60	c5
2.34430447067087e-25	0.367476882382643	0.3	0.214	7.86232833373597e-21	MLEC	c5
6.84699048225666e-25	0.367338045537188	0.227	0.153	2.29634366793924e-20	JAKMIP1	c5
1.97328418284171e-38	0.36731234243266	0.497	0.368	6.61800049241454e-34	PIM2	c5
8.36037393956431e-09	0.367129285921035	0.077	0.052	0.000280390221185108	OCEL1	c5
9.73347304778192e-13	0.366762080468278	0.118	0.08	3.2644121907651e-08	LRIF1	c5
2.05431253194257e-33	0.366621412027279	0.645	0.527	6.88975336962898e-29	CTSW	c5
2.55731615995788e-13	0.366335045311844	0.081	0.05	8.57672693726675e-09	TRIM44	c5
1.49764120338954e-73	0.365718191881502	0.955	0.848	5.02278906792784e-69	LDHA	c5
9.75758033605863e-13	0.365560256710401	0.137	0.096	3.27249729310734e-08	SPATA2L	c5
1.41976134187312e-14	0.36514248953109	0.084	0.051	4.76159558837406e-10	DTX3	c5
2.80166671648393e-57	0.364987379147016	0.814	0.67	9.39622983374381e-53	SNU13	c5
7.74835692571271e-31	0.364841917450258	0.471	0.354	2.59864394574553e-26	CNN2	c5
3.19478939503528e-07	0.364711526853441	0.067	0.046	0.0107146846730693	LONRF1	c5
2.75594699863131e-07	0.364134557639318	0.057	0.038	0.0092428950440097	ZFP64	c5
5.17453107848712e-23	0.364016955358834	0.246	0.17	1.73543423310301e-18	SEC23B	c5
3.25476311364422e-31	0.363760618379047	0.314	0.218	1.091582453054e-26	BCL11B	c5
5.08885668937662e-19	0.362996283753285	0.138	0.088	1.70670075648313e-14	CLSTN3	c5
4.92345472911599e-30	0.362920670911089	0.325	0.228	1.65122824705092e-25	CIAO1	c5
2.12380153143315e-45	0.362683081047599	0.765	0.636	7.12280557612049e-41	PARK7	c5
5.84237550202529e-12	0.362504744716121	0.181	0.134	1.95941589586924e-07	ADI1	c5
4.22402376466081e-19	0.362201972079419	0.205	0.142	1.41665309019194e-14	AGPAT2	c5
9.64990249463189e-18	0.361924067006965	0.151	0.1	3.23638429864964e-13	TRPT1	c5
2.65335056439038e-12	0.361268622624412	0.107	0.071	8.89880712285246e-08	APOL2	c5
4.06535915681632e-20	0.36110793002899	0.196	0.133	1.36344015401306e-15	ABHD12	c5
1.67482883974449e-07	0.360819293330412	0.051	0.033	0.00561704096273508	KLF7	c5
1.28688863685489e-17	0.360669217817706	0.22	0.158	4.31596711028392e-13	GFER	c5
5.20923725959128e-15	0.360589798013494	0.222	0.164	1.74707399212172e-10	PHPT1	c5
2.20080010103761e-11	0.360517875039256	0.108	0.074	7.38104337885994e-07	ZNF444	c5
5.70258916544793e-07	0.359810417323778	0.074	0.052	0.0191253435430793	RTL6	c5
1.30172399158299e-12	0.359760276197269	0.132	0.091	4.36572192297102e-08	CXorf40A	c5
1.11837452273239e-06	0.358290789995565	0.057	0.039	0.0375080447433989	ZNF322	c5
3.67058488622453e-28	0.357615734918331	0.29	0.199	1.23104075914198e-23	BAK1	c5
5.19686082869262e-29	0.357009725228206	0.404	0.297	1.74292318472693e-24	SURF2	c5
4.73946303146984e-20	0.356680014828468	0.269	0.197	1.58952111149435e-15	TXNRD1	c5
4.48976245667817e-53	0.356587604746594	0.74	0.591	1.50577653272072e-48	PSMB6	c5
3.25753390529614e-08	0.356411148421864	0.083	0.058	0.00109251172115822	MAPKAPK3	c5
3.49000946455131e-08	0.355948047251904	0.069	0.047	0.00117047937422122	FANCA	c5
5.96840647436736e-19	0.355609419124376	0.24	0.173	2.00168416337332e-14	FIBP	c5
1.79668400661886e-11	0.355286001222033	0.075	0.047	6.02571882139835e-07	CEP170	c5
3.1560482315952e-07	0.355108618632713	0.064	0.044	0.010584754559124	MTHFD1L	c5
4.9663589288868e-29	0.354626610647405	0.346	0.247	1.66561745757005e-24	JOSD1	c5
1.98069068113233e-20	0.354590630087841	0.54	0.451	6.64284040638161e-16	CXCR6	c5
2.75432571902539e-41	0.354565770208681	0.596	0.452	9.23745759646735e-37	SEC11A	c5
3.57300061404088e-22	0.353900632458385	0.258	0.181	1.19831294593703e-17	G6PD	c5
2.02935151740258e-07	0.352932116707415	0.034	0.02	0.00680603911906476	CARM1	c5
1.19862768731035e-11	0.352881022404885	0.102	0.069	4.01995753770145e-07	ETV6	c5
2.24440011849009e-57	0.35266881510357	0.759	0.618	7.52726911739208e-53	SLC7A5	c5
4.65858581371566e-10	0.351909691303997	0.126	0.091	1.56239651020396e-05	SDHAF1	c5
1.36313951398529e-39	0.351832725080115	0.315	0.206	4.57169730200387e-35	KDM2B	c5
8.41029321690036e-21	0.351794450679571	0.272	0.195	2.82064413908404e-16	PSENEN	c5
3.96811519942405e-15	0.351746660591223	0.127	0.084	1.33082647558284e-10	RASA3	c5
1.60611215403599e-27	0.35166005178983	0.248	0.166	5.38657894220591e-23	MEF2D	c5
4.26300383116597e-35	0.351637612558674	0.409	0.294	1.42972622489644e-30	SECISBP2L	c5
6.32640278340272e-51	0.35116103667076	0.4	0.262	2.1217489654976e-46	TRPC4AP	c5
2.8020560705253e-13	0.350994080851954	0.113	0.075	9.39753564932774e-09	RUNDC1	c5
2.47439160588969e-09	0.350651170230125	0.074	0.049	8.29861456783283e-05	ZNF561	c5
3.15163275439987e-26	0.349272192453404	0.301	0.212	1.05699459317063e-21	PTOV1	c5
1.80368697685772e-14	0.349186886113154	0.167	0.117	6.04920538298544e-10	EXOSC4	c5
2.7537509277322e-36	0.348303899195629	0.816	0.713	9.23552986142825e-32	SAT1	c5
1.8063132242418e-44	0.346997328416351	0.645	0.499	6.05801329146216e-40	NAPA	c5
2.78233059675197e-33	0.346576860491693	0.469	0.35	9.33138035538676e-29	ZBTB1	c5
9.90007348268859e-25	0.345557779567958	0.326	0.234	3.3202866446241e-20	CCDC115	c5
2.03125939275314e-08	0.345278567110821	0.071	0.048	0.000681243775141549	SAP130	c5
2.48225611027211e-10	0.344272101652219	0.087	0.058	8.32499054263062e-06	ACP2	c5
2.94555340695033e-10	0.344186749817259	0.129	0.093	9.87879701623e-06	UNG	c5
2.05756203776384e-22	0.344177923725468	0.29	0.207	6.90065156225238e-18	TOLLIP	c5
2.13927507253377e-15	0.344169405414877	0.168	0.117	7.17470073826376e-11	TRIM69	c5
2.70526000685762e-25	0.343476756044524	0.185	0.118	9.07290101099909e-21	PISD	c5
3.68888678166623e-19	0.34322468234542	0.229	0.164	1.23717884883522e-14	RRP1B	c5
2.42372452758416e-14	0.343197254063146	0.205	0.151	8.12868732061177e-10	PIGX	c5
7.15468150257968e-24	0.343142616495268	0.229	0.155	2.39953708233517e-19	EPS15L1	c5
2.93394031603206e-09	0.343085906874748	0.058	0.037	9.83984903190834e-05	ZNF184	c5
6.53309345684624e-09	0.34304660542301	0.077	0.052	0.000219106888355709	AMDHD2	c5
3.40526465410665e-43	0.342803606009107	0.714	0.576	1.14205765969429e-38	RARRES3	c5
1.2936679135703e-12	0.342286154223397	0.119	0.081	4.33870344853208e-08	SYNGR3	c5
4.93111799776237e-07	0.341269733524283	0.062	0.042	0.0165379835408954	UBXN2B	c5
7.55370392423774e-09	0.340959829928762	0.116	0.084	0.000253336122211085	HMGB3	c5
1.8376492693314e-16	0.339894938510082	0.219	0.159	6.16310811948366e-12	PAIP1	c5
1.04699632922729e-20	0.339881305989465	0.3	0.222	3.5114162889625e-16	PGD	c5
7.02616836955604e-29	0.339799676059612	0.292	0.201	2.35643634778171e-24	ETNK1	c5
1.87109693897537e-40	0.338886187027308	0.631	0.484	6.27528491393558e-36	ROMO1	c5
8.90266718715202e-07	0.338773291747654	0.04	0.025	0.0298577652122704	ZNF552	c5
1.43824541229972e-10	0.337965075895651	0.104	0.071	4.82358746377081e-06	PJA1	c5
1.24387672578319e-16	0.337928636251182	0.224	0.162	4.17171376293167e-12	COMMD5	c5
1.28751021213808e-19	0.337872748966788	0.26	0.189	4.31805174946868e-15	CASP3	c5
3.51286090574227e-29	0.337814963662396	0.343	0.244	1.17814329056784e-24	EMC10	c5
1.20186156415532e-11	0.337236249696112	0.112	0.076	4.0308033138641e-07	SRFBP1	c5
6.53634551517454e-12	0.336247757571039	0.172	0.127	2.19215955887924e-07	SMIM15	c5
3.89602285362021e-17	0.335653640696835	0.181	0.125	1.30664814464715e-12	TMEM30A	c5
1.74163050409925e-07	0.335219132223656	0.068	0.046	0.00584108038464807	LANCL2	c5
3.02736912128317e-25	0.334510767196085	0.196	0.127	1.01531905589595e-20	PARP4	c5
1.29039870329137e-18	0.334460960404413	0.31	0.235	4.32773917109859e-14	PIGT	c5
2.90419491645543e-32	0.333118484170729	0.445	0.326	9.74008891080823e-28	KDELR2	c5
5.7317902118921e-18	0.332510802923696	0.132	0.084	1.92232780126437e-13	BTN2A2	c5
1.31385158953543e-08	0.332185292258691	0.105	0.076	0.000440639546098393	TLNRD1	c5
6.2166292558086e-18	0.332156742189762	0.153	0.101	2.08493311981309e-13	IFIH1	c5
5.85265185258547e-20	0.331449640376827	0.305	0.226	1.96286237832012e-15	HPRT1	c5
4.71424058655137e-24	0.331337403620508	0.442	0.345	1.5810620079176e-19	CUTA	c5
2.46709289533728e-33	0.329613779554283	0.349	0.242	8.27413615238218e-29	ERICH1	c5
1.10716013855733e-21	0.328459698186049	0.533	0.432	3.71319367269356e-17	CARS	c5
1.66135579378053e-28	0.328359449339033	0.479	0.367	5.57185506118115e-24	PSMF1	c5
1.20575268733266e-23	0.328121606594097	0.23	0.156	4.04385336277627e-19	UBTF	c5
1.67133429565725e-16	0.327783056069781	0.163	0.112	5.60532096077529e-12	PLPP5	c5
3.51219274340208e-08	0.327194819103856	0.097	0.069	0.00117791920228219	B3GALT6	c5
3.22772654030266e-16	0.326908052462293	0.207	0.149	1.08251492708671e-11	COMMD1	c5
9.43564421438280e-11	0.326857206722301	0.09	0.06	3.1645263566197e-06	NT5C2	c5
2.59238840986569e-39	0.326644779347932	0.547	0.421	8.69435224900754e-35	CRTAM	c5
5.13483856528284e-28	0.326593288733829	0.305	0.215	1.72212215802456e-23	SLC25A46	c5
2.31140362528096e-14	0.326484235487754	0.219	0.163	7.75198547846728e-10	POP4	c5
1.23273156607088e-11	0.325853617144684	0.148	0.106	4.13433512628851e-07	DCPS	c5
4.24874125393774e-10	0.325635226311431	0.046	0.027	1.42494284174564e-05	MAST2	c5
6.60628257539894e-14	0.32532940369648	0.095	0.06	2.2156150501373e-09	GALC	c5
2.57176986202759e-11	0.324973620695343	0.127	0.089	8.62520176326815e-07	PARD6A	c5
5.00030928014799e-22	0.324203971148474	0.308	0.223	1.67700372637603e-17	LAGE3	c5
7.01036102847496e-16	0.323984403019302	0.239	0.177	2.35113488172993e-11	HIST1H1C	c5
7.3495393570769e-19	0.323580879666778	0.09	0.051	2.46488850957645e-14	DIP2B	c5
1.3142021573069e-07	0.323131647406231	0.05	0.032	0.00440757119517587	PRDM10	c5
1.42490023883119e-40	0.322941276957195	0.589	0.446	4.77883042099203e-36	SYAP1	c5
1.18644754240432e-07	0.322848693351087	0.072	0.049	0.00397910776771562	ZNF836	c5
8.89124628975238e-10	0.322614695418559	0.168	0.128	2.98194618065715e-05	POLR1E	c5
7.89193652466713e-27	0.322464013118479	0.411	0.307	2.64679767164286e-22	PSMC1	c5
4.15153966372712e-52	0.322208124888601	0.719	0.551	1.3923433724208e-47	PSMB9	c5
2.08678367523105e-24	0.321803817729652	0.222	0.148	6.99865508998991e-20	RRN3	c5
6.67709779497064e-51	0.321746371241086	0.687	0.532	2.23936505847725e-46	GSPT1	c5
5.13642287528117e-09	0.321419795644725	0.176	0.138	0.00017226535039118	PRDX2	c5
8.17977893423474e-07	0.321310061092983	0.058	0.04	0.0274333425896365	UGDH	c5
2.94604355363193e-11	0.320956316799965	0.097	0.065	9.88044087017077e-07	FAM122C	c5
5.15575074602485e-18	0.320677089649031	0.122	0.076	1.72913568520181e-13	SIPA1	c5
5.32569206844612e-12	0.319975970548855	0.078	0.048	1.78613060591546e-07	ZMAT3	c5
2.28908476119385e-09	0.319639626567395	0.063	0.04	7.67713247209195e-05	IER5L	c5
1.59048777787728e-33	0.319381785655696	0.56	0.43	5.33417790944481e-29	ARPP19	c5
1.65985168276914e-17	0.319343623156709	0.171	0.116	5.56681057367113e-13	MED29	c5
4.40283018138516e-18	0.3192207824542	0.278	0.206	1.47662118623296e-13	BRI3	c5
4.95567907893993e-07	0.318882063649373	0.047	0.03	0.0166203564949488	KIAA0930	c5
3.52857500679874e-07	0.318627079132751	0.082	0.059	0.0118341348578016	MAP1LC3B2	c5
1.92507029028401e-17	0.318365110699252	0.286	0.214	6.45630073955452e-13	C17orf49	c5
2.50972080646407e-26	0.318067210192357	0.261	0.177	8.4171016407192e-22	TXNDC11	c5
6.75064544445345e-40	0.316482369997242	0.698	0.568	2.2640314691608e-35	TERF2IP	c5
1.21028893419053e-11	0.314824893911112	0.099	0.066	4.0590670274882e-07	NF2	c5
1.26964868833968e-22	0.314438256519255	0.35	0.262	4.25814777095361e-18	TRAF4	c5
1.78732866734219e-36	0.314168508516733	0.509	0.375	5.99434288453225e-32	GZMA	c5
1.01405832903877e-20	0.313858178887955	0.337	0.254	3.40094882393021e-16	RTCB	c5
5.60523835753389e-07	0.313492016619079	0.086	0.062	0.0187988484034972	MSRB1	c5
2.14564306310632e-25	0.312984049803188	0.409	0.307	7.19605770504597e-21	GPR137B	c5
9.98162146683827e-39	0.312378534518969	0.578	0.439	3.34763620754822e-34	TECR	c5
2.15559780268142e-17	0.312032813480277	0.223	0.16	7.22944391063294e-13	RAB5B	c5
2.35018404032787e-23	0.311734148205847	0.249	0.174	7.88204723445162e-19	MVD	c5
6.5741263086962e-21	0.311670960315479	0.194	0.132	2.20483048141053e-16	ITPR1	c5
5.78099969497965e-36	0.311106961564774	0.482	0.353	1.93883167770227e-31	DNAJC1	c5
3.09059051581057e-48	0.311083490335748	0.361	0.237	1.03652224719255e-43	ITGAL	c5
1.13425253346434e-16	0.310982975139199	0.119	0.076	3.80405614673269e-12	PLEKHG2	c5
2.01126762819581e-28	0.31027243719411	0.445	0.336	6.74538937144311e-24	ARL6IP1	c5
1.8205884214426e-12	0.31011521469739	0.115	0.077	6.10588944783418e-08	MSL2	c5
6.47612156826185e-17	0.310094401335647	0.242	0.178	2.17196165156366e-12	KEAP1	c5
1.55434280423526e-22	0.310042459444526	0.297	0.214	5.21295489684421e-18	ELP5	c5
1.75491197060952e-27	0.309726473269794	0.667	0.563	5.88562376703021e-23	BIRC3	c5
5.56162594516405e-15	0.309672455891357	0.239	0.178	1.86525810948912e-10	LSM4	c5
3.15022036958845e-12	0.309287617283538	0.185	0.137	1.05652090755258e-07	SIT1	c5
6.80198252650961e-17	0.309201340102819	0.137	0.09	2.28124889974079e-12	NPLOC4	c5
1.50953293736252e-29	0.308440027410218	0.611	0.493	5.06267156532644e-25	RAB11A	c5
4.28042144494328e-12	0.308078303019695	0.108	0.073	1.43556774420508e-07	MANBA	c5
2.10114233563697e-07	0.307508143639042	0.054	0.036	0.00704681116525925	TRMT44	c5
7.13231384123786e-11	0.306502370232076	0.109	0.075	2.39203541607435e-06	SLC25A44	c5
1.42658245247462e-12	0.306476589686088	0.166	0.12	4.78447222910937e-08	DCAF12	c5
2.98898910717918e-25	0.3061758196105	0.386	0.286	1.00244716676575e-20	NDUFAF3	c5
6.16926840656832e-26	0.305822789680521	0.446	0.34	2.06904923819488e-21	FKBP2	c5
2.80358149663042e-34	0.305805051523408	0.599	0.467	9.40265162339911e-30	P4HB	c5
4.43798858996096e-34	0.305600190843403	0.852	0.73	1.48841261330111e-29	MT2A	c5
6.13011233910599e-32	0.305579438934662	0.438	0.32	2.05591707628937e-27	LBR	c5
5.836639685348e-08	0.305512033120455	0.088	0.062	0.00195749221767201	TNFAIP1	c5
1.12567871977603e-21	0.305380780130673	0.215	0.145	3.77530129038484e-17	TMEM39A	c5
5.33929802665569e-15	0.30484613264546	0.213	0.156	1.79069377217978e-10	STARD3NL	c5
2.28116339647551e-82	0.3045975788596	0.994	0.955	7.65056579909958e-78	TMSB4X	c5
7.57017571982182e-17	0.3044420128355	0.272	0.203	2.53888553291384e-12	TMX1	c5
1.0377850866185e-25	0.304397462340094	0.488	0.379	3.48052362350111e-21	C4orf3	c5
6.79493216318957e-27	0.304300990680391	0.233	0.155	2.27888434889052e-22	CASZ1	c5
2.54465954404097e-14	0.304295082087458	0.295	0.231	8.53427917880462e-10	RAD23B	c5
1.43234428903695e-20	0.304047747077508	0.275	0.2	4.80379627657213e-16	TOX	c5
4.9033326543757e-14	0.303861476244582	0.165	0.116	1.64447970562452e-09	IGSF8	c5
8.29800854229621e-29	0.303300968290651	0.357	0.255	2.7829861049153e-24	PTPRJ	c5
1.34752539884331e-27	0.303153571052078	0.347	0.247	4.5193306826407e-23	SAT2	c5
1.1372702239459e-34	0.303053463191247	0.511	0.382	3.81417687706977e-30	SDF4	c5
5.5488113925078e-23	0.302865160660248	0.2	0.133	1.86096036481927e-18	MAN2A1	c5
1.9968472151615e-13	0.302799330015698	0.215	0.161	6.69702619020865e-09	PRPF19	c5
8.03035357035103e-14	0.302657561907539	0.11	0.072	2.69321998042433e-09	ATXN7L1	c5
3.33093861468295e-17	0.301957072734741	0.251	0.183	1.11713019259237e-12	PEA15	c5
2.66436226586854e-07	0.301810281896127	0.083	0.059	0.00893573816726989	SLC39A8	c5
3.39415161594914e-12	0.301454542309627	0.212	0.161	1.13833056895702e-07	ERG28	c5
6.7121517322607e-12	0.301170457465718	0.158	0.115	2.25112144796559e-07	DIABLO.1	c5
9.72800461206339e-15	0.300990688902213	0.213	0.156	3.26257818679382e-10	PPP3R1	c5
4.42037837271535e-09	0.300902320378878	0.096	0.067	0.000148250649864127	MVB12A	c5
1.20072517854585e-18	0.300630727725034	0.175	0.118	4.02699210380706e-14	MIA2	c5
3.25924761902382e-09	0.30036202254517	0.065	0.042	0.000109308646646821	JAZF1	c5
2.00424715369236e-18	0.299919655075715	0.179	0.121	6.72184410405345e-14	MIB2	c5
7.60306961776289e-09	0.299587615099178	0.117	0.086	0.000254991748840532	SCRN2	c5
2.06554290890879e-11	0.299175418884118	0.161	0.118	6.9274178078983e-07	AL662899.2	c5
5.60576815119351e-37	0.299067549308628	0.628	0.499	1.88006252254728e-32	HSPE1	c5
4.35863330911994e-10	0.298446111387771	0.137	0.1	1.46179843921264e-05	CKS1B	c5
2.18663497802892e-32	0.297776366751246	0.397	0.285	7.33353638931339e-28	FKBP4	c5
5.91506474105729e-56	0.297355258419459	0.847	0.707	1.9837944128558e-51	SRSF2	c5
1.70075975153262e-18	0.297347303981046	0.215	0.151	5.70400805469009e-14	PHTF1	c5
1.2253290441514e-30	0.296823666626456	0.53	0.409	4.10950854827497e-26	CANX	c5
1.29214499594263e-18	0.296255887386566	0.28	0.205	4.33359588739238e-14	HSD17B10	c5
2.4518213548491e-07	0.294946176995117	0.1	0.074	0.00822291845989292	MCAT	c5
1.37982354057726e-21	0.29396790152094	0.356	0.267	4.62765219038803e-17	IFI6	c5
1.86266928798109e-67	0.293720610171426	0.976	0.891	6.24702025803098e-63	CCL5	c5
6.51312633055508e-07	0.29319916109915	0.117	0.089	0.0218437230874156	PXK	c5
1.09522569233561e-07	0.293037567774901	0.076	0.053	0.00367316792695517	ZNF584	c5
7.20090308408851e-21	0.292860010464719	0.149	0.094	2.4150388763416e-16	GBP3	c5
1.46078511108287e-12	0.292610874540658	0.163	0.117	4.89918110554973e-08	DNASE2	c5
1.09985752127435e-16	0.29200427142527	0.224	0.163	3.68870215484992e-12	AK3	c5
8.46273476275987e-16	0.291811927491813	0.177	0.124	2.8382319847344e-11	OTUD4	c5
1.02601877949243e-49	0.291474287366368	0.851	0.738	3.44106178266171e-45	CXCR4	c5
8.31149979602432e-12	0.289893196891184	0.159	0.116	2.78751080159064e-07	YIPF6	c5
7.12847443626452e-17	0.289499354543052	0.245	0.18	2.39074775643439e-12	BRD7	c5
1.52780079832047e-12	0.288466642554549	0.113	0.076	5.12393831740719e-08	TENT4B	c5
7.7223514186254e-200	0.288140287141053	1	0.99	2.58992221877858e-195	HLA-B	c5
2.09032214328178e-17	0.287840614594833	0.151	0.101	7.01052240413844e-13	WDR59	c5
7.27642800221432e-15	0.28745552661077	0.273	0.209	2.44036842338264e-10	SQLE	c5
6.50109558362129e-26	0.287360376190716	0.501	0.387	2.18033743683491e-21	MYDGF	c5
1.48356105944501e-17	0.287121947636572	0.236	0.17	4.97556708116667e-13	CCDC32	c5
5.88808698432119e-10	0.286972429319499	0.102	0.071	1.97474661280164e-05	IL12RB1	c5
5.14237249560325e-15	0.286709836813492	0.205	0.149	1.72464888757542e-10	COPG1	c5
2.61373777345982e-12	0.285854079017501	0.139	0.097	8.76595374462955e-08	ZC3H3	c5
3.87517410950032e-09	0.285326531381868	0.15	0.113	0.000129965589284422	PLPBP	c5
6.27762420566869e-13	0.28524980105844	0.153	0.109	2.10538960609717e-08	TPP1	c5
1.05990376729388e-24	0.285243718938108	0.457	0.351	3.55470525475021e-20	PSMA3	c5
4.17425889056091e-07	0.284950005041656	0.123	0.094	0.0139996294671632	NCAPH	c5
2.86594979001571e-34	0.283782908810606	0.652	0.531	9.61182240575467e-30	CACYBP	c5
1.75585337207075e-29	0.283397253951546	0.608	0.482	5.88878103925087e-25	EID1	c5
6.05282506957115e-11	0.28298383711408	0.184	0.139	2.02999647183277e-06	MRPS18A	c5
1.66007324059331e-12	0.282613237803794	0.146	0.103	5.56755363430185e-08	GALNT1	c5
3.0424916686318e-22	0.282550672502671	0.386	0.291	1.02039085582573e-17	TMEM179B	c5
1.9047192113464e-13	0.282121567487629	0.133	0.091	6.38804729101355e-09	ATG9A	c5
6.37400569319969e-11	0.281652005083818	0.167	0.123	2.13771402938531e-06	CPTP	c5
1.3004165336763e-08	0.281402075866243	0.145	0.109	0.000436133697064359	RHNO1	c5
6.29189229743775e-13	0.280842933595664	0.237	0.182	2.11017483871467e-08	TIMM50	c5
4.65452095381831e-07	0.280663031137569	0.109	0.082	0.0156103323749159	PEX2	c5
8.72487283446207e-34	0.280220404037991	0.329	0.224	2.92614785122189e-29	NUMA1	c5
5.58720651431291e-20	0.279355204530035	0.184	0.123	1.87383732077026e-15	RRBP1	c5
2.41796135153038e-07	0.279191679535354	0.073	0.05	0.0081093587807626	RANBP6	c5
1.46193395188154e-09	0.278831156744361	0.077	0.051	4.90303408782032e-05	TBL1X	c5
7.20679198549461e-23	0.27876331386003	0.223	0.151	2.41701389609518e-18	CCNT1	c5
5.35060046641151e-08	0.278667729223783	0.089	0.063	0.00179448438442509	ZNF420	c5
8.45283076078187e-28	0.278547114988561	0.3	0.209	2.83491038055102e-23	USP36	c5
1.79345333240201e-12	0.278167927029734	0.116	0.079	6.01488378620987e-08	KDM7A	c5
1.34098378130836e-07	0.27801979039414	0.118	0.088	0.00449739140575198	GMNN	c5
5.7200924160156e-16	0.277683689921823	0.192	0.136	1.91840459448331e-11	PJA2	c5
2.29117074231552e-22	0.277528613898746	0.257	0.18	7.68412843557778e-18	DCAF11	c5
9.51094661156195e-22	0.277525230076393	0.407	0.31	3.18978127458565e-17	KDELR1	c5
7.9456244663203e-15	0.277310925436066	0.309	0.239	2.6648035335145e-10	CISD2	c5
4.66126055519716e-23	0.276778786892761	0.486	0.38	1.56329356500202e-18	ZMAT2	c5
1.83654805118823e-09	0.276351321957092	0.124	0.09	6.15941485407509e-05	PDK3	c5
6.98170000969962e-28	0.276222550224602	0.759	0.64	2.34152254925306e-23	TRBC2	c5
1.44296206360022e-08	0.275853352399313	0.113	0.082	0.000483940616890241	NIPAL3	c5
1.13459809441186e-29	0.275798345792931	0.561	0.437	3.8052150890385e-25	CNPPD1	c5
2.78767154144697e-19	0.275720965988575	0.273	0.198	9.34929281570484e-15	BLOC1S6	c5
3.27111620439735e-42	0.275606043921273	0.767	0.629	1.09706695263078e-37	SELENOK	c5
1.78280314592194e-07	0.275557493414305	0.052	0.034	0.00597916519079301	ZNF564	c5
1.22115461574966e-26	0.275383572946194	0.292	0.202	4.09550835030121e-22	PRKCQ	c5
9.05036983626309e-25	0.275261283816175	0.25	0.17	3.03531303568591e-20	CBX6	c5
4.05257872732282e-07	0.274428059480164	0.054	0.036	0.0135915385356953	MOB1B	c5
2.58252947892376e-14	0.274007381621316	0.21	0.154	8.6612873664145e-10	TCTN3	c5
8.22567083323183e-14	0.273941398547109	0.125	0.084	2.75872548404929e-09	VAV3	c5
2.59270237448632e-16	0.273559793286432	0.188	0.132	8.69540522355222e-12	NAPG	c5
9.99868352675112e-15	0.273325025916403	0.222	0.162	3.35335848120179e-10	SNRPN	c5
1.40530772909801e-14	0.273141736086634	0.214	0.157	4.71312106184892e-10	DNAJC4	c5
3.01843829436427e-07	0.273014123201584	0.048	0.031	0.0101232383516389	ZNF318	c5
9.62954842379153e-07	0.27280537762099	0.12	0.092	0.032295579503712	TMEM101	c5
6.34655510255797e-19	0.272645818498918	0.382	0.303	2.12850765029589e-14	ABLIM1	c5
7.66614001983286e-31	0.272506832708679	0.478	0.361	2.57107003985154e-26	NFE2L2	c5
5.42415662924691e-20	0.272409207359474	0.333	0.248	1.81915365031683e-15	A1BG	c5
2.12450005344571e-08	0.272311895967027	0.112	0.082	0.000712514827924621	SIRT6	c5
3.20268783927245e-20	0.27206185310274	0.313	0.23	1.07411744753519e-15	MAP1S	c5
3.06030221595178e-09	0.271231325449218	0.074	0.049	0.000102636415718591	ERGIC1	c5
7.15387524993403e-08	0.271158114073962	0.08	0.055	0.00239926668132288	RNF31	c5
7.26937688346152e-18	0.271145318639053	0.199	0.138	2.43800361917532e-13	RNF40	c5
3.11284886814245e-10	0.270994273467271	0.101	0.069	1.04398725339761e-05	CNOT6	c5
1.44348366364636e-10	0.270987048913699	0.091	0.061	4.84115551113715e-06	XPR1	c5
2.10932203671789e-10	0.270513451165637	0.123	0.088	7.07424424674444e-06	P4HTM	c5
7.57588601809423e-12	0.27037089152304	0.119	0.082	2.54080065274844e-07	ALG12	c5
1.89748831553379e-11	0.270009973163525	0.236	0.184	6.36379631263722e-07	CTNNAL1	c5
3.24981588746305e-07	0.269871702783403	0.102	0.075	0.0108992325233736	ASAH1	c5
4.31683387054471e-11	0.269865105231843	0.123	0.087	1.44777974350329e-06	VPS18	c5
1.32625918373522e-26	0.269557983022418	0.286	0.197	4.44800805041119e-22	FAM53B	c5
1.39834139791249e-29	0.269438297239602	0.714	0.59	4.68975738031892e-25	MRPS6	c5
4.17562491603142e-54	0.26939080323792	0.657	0.495	1.40042108433862e-49	TSPYL2	c5
1.43532717952806e-06	0.269266933322709	0.118	0.091	0.0481380029470121	TYW3	c5
2.93689187217371e-27	0.2689385447904	0.499	0.385	9.84974796089619e-23	SRPRA	c5
4.9229814927336e-08	0.268632661678236	0.09	0.064	0.00165106953303299	SGPP2	c5
7.8810148385494e-23	0.268406055561166	0.393	0.297	2.6431347565527e-18	MAT2A	c5
2.98289234443716e-76	0.268046043623003	0.974	0.892	1.00040243447734e-71	ACTG1	c5
5.7537205628772e-18	0.267879535458938	0.258	0.188	1.92968280237775e-13	SNF8	c5
6.06917230768959e-35	0.267773870031462	0.774	0.651	2.03547900855293e-30	TRMT112	c5
3.74816842181527e-09	0.267622559296885	0.069	0.045	0.00012570607253084	ZNF83	c5
3.34422584546924e-25	0.267427117733761	0.576	0.457	1.12158646405347e-20	PRDX5	c5
1.4511354141825e-11	0.267288480426827	0.206	0.156	4.86681795208525e-07	C5orf15	c5
1.02421504319363e-16	0.266912352085064	0.201	0.142	3.43501241186278e-12	SYVN1	c5
2.9983487374103e-15	0.266752545599504	0.282	0.215	1.00558619955267e-10	STX11	c5
5.79526031744062e-12	0.26665838134869	0.112	0.075	1.94361440526324e-07	ZBTB4	c5
4.76012723161345e-08	0.266392525088839	0.114	0.084	0.00159645147093852	PUSL1	c5
3.2763377009459e-18	0.265926677559431	0.294	0.221	1.09881813814323e-13	ENTPD1	c5
5.22271905075416e-07	0.265853933726731	0.103	0.077	0.0175159551524193	PIGBOS1	c5
3.84207195765922e-31	0.265784287780284	0.862	0.768	1.28855409315975e-26	COTL1	c5
6.57596370168986e-08	0.265471622605114	0.11	0.081	0.00220544670627274	UBA5	c5
1.19164281089853e-24	0.265179144724612	0.527	0.417	3.99653165919149e-20	PSAP	c5
1.88413361748957e-14	0.265003928949414	0.303	0.236	6.31900732633651e-10	SDF2L1	c5
9.29262181908703e-28	0.265001876956793	0.645	0.516	3.11655950568541e-23	SUMO1	c5
9.43169345300989e-29	0.264989660662778	0.599	0.478	3.16320135027046e-24	ANXA11	c5
1.21456652824813e-25	0.264966237133006	0.458	0.35	4.07341322243857e-21	SEPT9	c5
3.33300900416391e-14	0.26471414623547	0.1	0.063	1.11782455981649e-09	ZNF600	c5
5.46077174554573e-36	0.264576564631978	0.751	0.638	1.83143362802113e-31	CLEC2D	c5
4.64929987207802e-15	0.263695986442817	0.253	0.191	1.55928219109753e-10	LIMS1	c5
2.4691230428051e-99	0.263486456248824	1	0.955	8.28094486095975e-95	RPL12	c5
1.29970999959411e-29	0.263434166639699	0.672	0.548	4.35896739663874e-25	ARF5	c5
1.56026199217309e-08	0.263403321391212	0.073	0.049	0.000523280666935012	CPT1A	c5
2.43994330153916e-30	0.263400268266789	0.666	0.537	8.18308184470205e-26	RHBDD2	c5
1.37044499879154e-08	0.263378513545016	0.122	0.09	0.000459619843694707	PTRH1	c5
9.92272617675504e-24	0.263319054574375	0.409	0.307	3.32788390516011e-19	RAB11B	c5
1.29551244600781e-13	0.262549324343762	0.221	0.165	4.34488964142099e-09	SLC35B1	c5
6.98288765150631e-13	0.262451067625893	0.233	0.177	2.34192086056219e-08	NAXE	c5
2.90739487117301e-07	0.262426331351763	0.061	0.041	0.00975082091894003	LPAR6	c5
1.17865471509653e-12	0.262322953867153	0.229	0.174	3.95297218349075e-08	AKR1B1	c5
1.60967268927641e-12	0.26219227350441	0.189	0.139	5.39852026529522e-08	FTSJ3	c5
4.14790408158104e-12	0.262002550356189	0.12	0.082	1.39112407088065e-07	APOBEC3F	c5
1.15655118660258e-29	0.260786753594457	0.546	0.417	3.87884136962773e-25	MAF1	c5
5.15603449436534e-12	0.260467672387507	0.103	0.068	1.72923084872025e-07	RGP1	c5
5.53092298969724e-07	0.259921808090542	0.105	0.079	0.0185496095228466	SMARCD2	c5
1.37813380901381e-11	0.259400909450365	0.133	0.094	4.62198516867051e-07	PCYT2	c5
6.08784868358796e-24	0.259155140999262	0.365	0.27	2.04174269150173e-19	TMPO	c5
3.77447198088657e-09	0.259053890240834	0.084	0.057	0.000126588241294974	PHF8	c5
2.08455916388534e-22	0.257892605584237	0.613	0.503	6.99119452383866e-18	RAB27A	c5
1.31289386715663e-12	0.257868618826056	0.223	0.168	4.40318345166992e-08	NUDT16L1	c5
7.84690007826133e-22	0.257763311391053	0.435	0.332	2.63169334824728e-17	TMEM248	c5
2.63926482063409e-54	0.257192755252419	0.995	0.956	8.85156635544263e-50	GAPDH	c5
1.96380564926622e-23	0.257039723185456	0.426	0.322	6.58621138650904e-19	PAF1	c5
2.72025575532199e-16	0.256946145986872	0.339	0.263	9.12319375219889e-12	SLC10A3	c5
2.1691263100102e-17	0.256742342725666	0.539	0.451	7.27481581851221e-13	RPS27L	c5
1.29763788653354e-12	0.25620189721062	0.191	0.141	4.35201794385617e-08	CERS5	c5
4.33634031576189e-17	0.256082628502456	0.334	0.256	1.45432181510022e-12	IFI27L2	c5
5.81131120750458e-23	0.255314963218925	0.421	0.318	1.94899755277289e-18	RTF2	c5
3.53127792282016e-14	0.25493354631445	0.221	0.163	1.18431998975543e-09	TGIF2	c5
3.20910193784733e-08	0.254906803324247	0.058	0.037	0.00107626860791524	FBXO30	c5
8.06266480601825e-36	0.253803609361027	0.796	0.661	2.7040565226424e-31	SSR4	c5
2.20362779923578e-08	0.253658638504797	0.089	0.062	0.000739052691307695	ZNF134	c5
1.97602157960338e-19	0.253595969325674	0.243	0.173	6.62718117367381e-15	SEL1L	c5
8.34319673381714e-15	0.253426805138836	0.198	0.143	2.79814132058759e-10	SUPV3L1	c5
7.06677425381399e-16	0.253334710387126	0.235	0.171	2.37005474924414e-11	ORMDL3	c5
4.65749168366371e-10	0.253163896392488	0.086	0.058	1.56202956086713e-05	MAP3K4	c5
1.97090550102056e-19	0.252750436996926	0.323	0.239	6.61002286932275e-15	MKRN1	c5
4.40463922937415e-10	0.252679955062336	0.213	0.166	1.4772279047475e-05	ALDH9A1	c5
1.98494736917228e-31	0.252028107400551	0.582	0.462	6.65711648672998e-27	WNK1	c5
2.35946419331544e-08	0.251974715114368	0.073	0.049	0.000791317101154132	PRMT7	c5
3.54542689121598e-15	0.251927828789827	0.143	0.097	1.18906527077602e-10	TMEM214	c5
5.57103304874913e-16	0.251820664975423	0.367	0.287	1.86841306388949e-11	LSM2	c5
6.24660586824631e-47	0.251612528291158	0.897	0.771	2.09498667609245e-42	EDF1	c5
6.84072817100287e-16	0.251584999286099	0.681	0.609	2.29424341399094e-11	CD8B	c5
1.3993920195003e-23	0.250941129049486	0.573	0.456	4.69328095500011e-19	CLTA	c5
3.46788702171093e-15	0.250814221309642	0.227	0.168	1.16305994934141e-10	PFKP	c5
1.95653280923956e-08	0.250038039204061	0.124	0.092	0.000656181973562763	DEXI	c5
8.23808593340994e-25	0.250016097586969	0.568	0.451	2.76288926034702e-20	CCNDBP1	c5
3.09864113117687e-47	0.249839530888218	0.649	0.499	1.0392222625741e-42	AKNA	c5
2.83825200214163e-13	0.249543374928444	0.28	0.216	9.5189295647826e-09	PEF1	c5
1.72208432202854e-07	0.249277745785636	0.147	0.114	0.00577552639921933	CNP	c5
1.25505450381301e-28	0.249198785018401	0.58	0.448	4.20920179488806e-24	BSG	c5
6.23802763617412e-27	0.248911892729158	0.641	0.514	2.09210970862008e-22	PSMB3	c5
1.43558352881584e-06	0.24886791964561	0.075	0.054	0.0481466003894256	IPPK	c5
2.57588141565254e-17	0.248842744950291	0.337	0.259	8.63899109181549e-13	IDI1	c5
6.29163214579699e-23	0.248702077605329	0.643	0.535	2.1100875890574e-18	RAB5IF	c5
6.87356922552047e-13	0.248605519340228	0.252	0.193	2.30525764685505e-08	GLTP	c5
9.18003561183092e-15	0.24853110218987	0.238	0.176	3.07880034349586e-10	TM9SF1	c5
3.18641328215332e-09	0.248445744640923	0.134	0.098	0.000106865928656858	FOPNL	c5
1.75502534548884e-19	0.248373902306623	0.453	0.357	5.88600400370046e-15	NUDT21	c5
1.69032707350309e-20	0.24827582949184	0.443	0.346	5.66901893911467e-16	DDOST	c5
9.22111509937969e-11	0.247573417648009	0.21	0.161	3.09257758202996e-06	TMEM115	c5
1.15186618068328e-06	0.247479755699197	0.117	0.09	0.0386312879677557	HNRNPA1P48	c5
1.95345233697628e-07	0.247383904279683	0.128	0.097	0.00655148844775106	TRG-AS1	c5
3.40441219861837e-10	0.247149223634033	0.166	0.124	1.14177176317263e-05	CREBL2	c5
3.86285013298642e-25	0.247029277359797	0.522	0.406	1.29552267760099e-20	MRPL20	c5
1.22732883176037e-30	0.246958125061948	0.69	0.555	4.11621543595793e-26	LAMTOR5	c5
6.69073475470148e-09	0.246141930523116	0.155	0.117	0.000224393862203178	TTC9C	c5
6.30074897932375e-07	0.24601841748784	0.081	0.058	0.021131451926856	IFT43	c5
3.98295925317916e-47	0.2460176459656	0.916	0.786	1.33580487433123e-42	TPI1	c5
7.53691519822238e-07	0.24564554544035	0.102	0.077	0.0252773061917982	FN3KRP	c5
3.47911438297603e-12	0.245343665015378	0.209	0.156	1.1668253817625e-07	UAP1	c5
1.19274589948431e-24	0.245293415377504	0.555	0.435	4.00023119769048e-20	PSMC4	c5
4.70260964779434e-11	0.245198783944375	0.174	0.13	1.57716122367727e-06	ASMTL	c5
4.07377266636104e-12	0.245125521665164	0.182	0.133	1.36626187684417e-07	BCAP29	c5
2.16968365210033e-19	0.245099065411052	0.38	0.289	7.27668503241407e-15	RNF11	c5
1.2646851839745e-12	0.244826618000938	0.166	0.12	4.24150117001369e-08	ERCC3	c5
4.75527931022308e-57	0.244739270431063	0.968	0.871	1.59482557506262e-52	SUMO2	c5
6.51845746897947e-10	0.243884536224591	0.161	0.12	2.18616026594633e-05	SERTAD3	c5
2.63543646636493e-23	0.243303965051084	0.517	0.408	8.8387268208947e-19	SCAMP2	c5
7.60065031584544e-23	0.243273130397706	0.099	0.055	2.54910610292824e-18	TNFSF9	c5
7.46268405662742e-17	0.243200281442821	0.3	0.224	2.50283497891171e-12	CCDC28A	c5
2.47388129365048e-20	0.243056552271484	0.367	0.276	8.29690308264497e-16	DNAJB11	c5
3.4894018838327e-24	0.242903800817186	0.502	0.388	1.17027560379981e-19	ATP6V0D1	c5
1.25426671101959e-10	0.242136438745226	0.233	0.181	4.20655969541751e-06	ARL5A	c5
5.53896563605939e-09	0.242119697623843	0.15	0.113	0.00018576582950216	ISOC1	c5
2.95854194972695e-16	0.242019423951157	0.18	0.125	9.92235799099426e-12	ADAM10	c5
7.70956769184651e-23	0.241672784766254	0.595	0.481	2.58563481249148e-18	TMEM258	c5
6.29767713430748e-26	0.240389370584777	0.762	0.649	2.11211495730404e-21	PKM	c5
3.90757495189567e-16	0.239459978125689	0.338	0.262	1.31052248736677e-11	SAR1B	c5
4.0277748578689e-28	0.239446708869115	0.723	0.617	1.35083513183207e-23	PPP1R2	c5
1.12836323257014e-29	0.239220977293784	0.774	0.656	3.78430460939373e-25	PRDX1	c5
1.10766669014849e-16	0.239097348556676	0.354	0.274	3.71489254542001e-12	VTI1B	c5
1.23423975293423e-15	0.238587210137794	0.254	0.188	4.13939328339083e-11	CTSS	c5
4.73249557164033e-08	0.238554780320344	0.078	0.054	0.00158718436481673	TP53INP2	c5
1.31167106841658e-12	0.238385502654634	0.199	0.148	4.39908242925552e-08	ZDHHC3	c5
1.09247068618972e-23	0.238344981250738	0.437	0.329	3.66392818734307e-19	GTF2F1	c5
1.33033337259119e-37	0.238269856511425	0.762	0.629	4.46167206499634e-33	VCP	c5
9.88427525383983e-30	0.238066966621545	0.223	0.142	3.3149882346328e-25	ATG2A	c5
1.90059131130092e-12	0.237751976232666	0.129	0.089	6.37420313984102e-08	GMDS	c5
1.70468658675894e-08	0.237530143882249	0.164	0.126	0.000571717787467212	SLC25A11	c5
5.2536329023623e-19	0.23751971420555	0.397	0.304	1.76196340279427e-14	NUTF2	c5
1.4345222521499e-09	0.237274306211893	0.135	0.099	4.81110072926034e-05	RPUSD1	c5
9.74998829456323e-35	0.237128409454354	0.709	0.574	3.26995107423062e-30	SYTL3	c5
2.51388400277434e-12	0.237028029338938	0.2	0.149	8.43106416850457e-08	YWHAG	c5
1.88737273408198e-21	0.237006901295434	0.33	0.244	6.32987067556414e-17	B4GALT1	c5
3.31592069289068e-11	0.236499626553429	0.07	0.043	1.11209348198168e-06	HDAC4	c5
3.43380384099474e-10	0.23607876987666	0.128	0.092	1.15162913219282e-05	RCC2	c5
5.52851578458639e-08	0.2356166391142	0.086	0.06	0.00185415362383458	ATP7A	c5
5.32965678112624e-07	0.235603111770186	0.081	0.058	0.0178746029125412	FAM174A	c5
3.48014768993055e-20	0.235382959339352	0.339	0.253	1.16717193224891e-15	LMAN1	c5
9.66417001080567e-33	0.235322295061722	0.788	0.658	3.24116933822401e-28	UBE2B	c5
6.61553581549978e-10	0.235292527379753	0.185	0.141	2.21871840180232e-05	BCKDK	c5
6.55090505397465e-20	0.235145574384438	0.532	0.429	2.19704253700202e-15	TMED9	c5
1.63292430345987e-14	0.235092035119343	0.327	0.255	5.47650152894372e-10	CCDC107	c5
7.99362774675534e-09	0.235061946002138	0.132	0.098	0.000268090287370681	BBS7	c5
7.67562829881052e-16	0.234539726914518	0.253	0.186	2.57425221885507e-11	CDC37L1	c5
2.73626403733246e-07	0.234350861550058	0.124	0.095	0.0091768823284056	NCSTN	c5
5.17809608043605e-11	0.234280629350564	0.148	0.107	1.73662986345664e-06	PGM1	c5
1.44860103981566e-29	0.234265627811389	0.813	0.688	4.85831816733377e-25	SEC61B	c5
5.71373978942116e-21	0.234147142531028	0.489	0.385	1.91627405057607e-16	CMC2	c5
4.40695555942319e-10	0.234086003863188	0.197	0.151	1.47800475551935e-05	TPD52L2	c5
1.78254348568754e-25	0.233754662727375	0.608	0.487	5.97829434229886e-21	ATP5F1A	c5
5.88782443355451e-09	0.233737043662058	0.084	0.058	0.000197465855852551	SH3BP5L	c5
8.51647118380217e-10	0.23371429746245	0.087	0.059	2.85625410562357e-05	GIMAP5	c5
6.08601767254623e-10	0.233345703732162	0.136	0.1	2.04112860701855e-05	NFATC1	c5
6.83697400777587e-23	0.233311546660202	0.7	0.575	2.29298434272787e-18	PRDX6	c5
2.32861248261071e-09	0.233271784963322	0.123	0.089	7.80970054417982e-05	KATNB1	c5
1.0718710855095e-09	0.233234413617113	0.142	0.105	3.59484124658177e-05	KLC2	c5
2.19853165571797e-22	0.232726529283804	0.656	0.547	7.37343546694692e-18	GZMH	c5
6.4110256356747e-12	0.232708022527595	0.162	0.117	2.15012977769258e-07	ZHX2	c5
2.54924770076593e-24	0.232479795298766	0.628	0.499	8.54966693882877e-20	PRELID1	c5
6.83270396398329e-25	0.232105723125182	0.572	0.453	2.29155225544072e-20	GSTP1	c5
4.36818937801657e-16	0.231743412381876	0.4	0.315	1.4650033535992e-11	TUSC2	c5
6.24411506302512e-28	0.2315676160586	0.293	0.201	2.09415130983736e-23	USP48	c5
2.23756423545621e-13	0.231366689431977	0.193	0.141	7.50434293287305e-09	CAPN1	c5
1.27103603814228e-06	0.231322749477871	0.364	0.32	0.0426280066472157	LINC01871	c5
1.38296863345776e-19	0.230996989543685	0.464	0.365	4.63820020289063e-15	ANXA7	c5
3.45333884247519e-21	0.230950226534437	0.512	0.407	1.15818078098933e-16	MLF2	c5
7.52346089189066e-11	0.230921677654993	0.146	0.105	2.52321831392229e-06	PRRC1	c5
2.37861614148083e-07	0.230791308042505	0.135	0.104	0.00797740281529841	SLC25A33	c5
5.70905699119944e-07	0.230731309230187	0.145	0.113	0.0191470353370847	NDUFS4	c5
1.37613806530878e-13	0.230380417779214	0.232	0.174	4.6152918434326e-09	TOPORS	c5
1.09206003475638e-06	0.230065371658767	0.068	0.047	0.0366255094456596	ZNF200	c5
1.31719475967627e-19	0.230044601502567	0.462	0.366	4.41760778500227e-15	PSMB4	c5
2.53831024168359e-09	0.229743474822703	0.179	0.138	8.51298488855841e-05	CTSA	c5
2.24139151092618e-20	0.229742185257173	0.456	0.352	7.51717884934422e-16	RBM42	c5
4.17394751364444e-14	0.229414087032576	0.139	0.095	1.39985851712607e-09	ITGAV	c5
1.25905283118681e-13	0.229344595440681	0.237	0.179	4.22261138523433e-09	RING1	c5
5.42007201232178e-19	0.229177804302378	0.245	0.175	1.81778375149248e-14	RASA2	c5
4.9979088287859e-17	0.229152609080747	0.337	0.257	1.67619866299822e-12	CASP4	c5
8.66616167944208e-07	0.22870049422348	0.132	0.102	0.0290645730405129	NDUFC2	c5
1.1451926317654e-08	0.228570021709367	0.143	0.108	0.000384074704841481	SNAPC5	c5
1.08293270350045e-09	0.228506857408612	0.359	0.3	3.63193970099982e-05	SH2D1A	c5
2.4756216758247e-10	0.228435818568006	0.146	0.107	8.30273997638087e-06	PFKL	c5
5.66450659513553e-22	0.227766622315382	0.674	0.557	1.89976222187655e-17	CSTB	c5
1.34965097935922e-29	0.227665003341171	0.756	0.63	4.52645945457495e-25	HSP90B1	c5
8.70032838222029e-11	0.227476572261744	0.091	0.061	2.91791613282904e-06	R3HCC1L	c5
3.15122712590129e-07	0.227228991045242	0.134	0.103	0.0105685855348478	PCBD1	c5
3.01295495774795e-09	0.22687041470904	0.173	0.131	0.000101048483372951	DUSP14	c5
4.10577230352119e-12	0.226745026484507	0.307	0.242	1.37699391515494e-07	MRPL10	c5
1.47750946157797e-14	0.226744278101858	0.128	0.085	4.9552712322402e-10	IGF2R	c5
7.40076133688262e-11	0.22672883038254	0.108	0.074	2.48206733716369e-06	MAFG	c5
3.0380029431993e-21	0.226698234270276	0.589	0.48	1.01888542709018e-16	MAT2B	c5
2.73016432206592e-15	0.226665409775133	0.291	0.221	9.15642510334468e-11	CDIPT	c5
1.86989508480143e-07	0.226357685224692	0.047	0.03	0.00627125413540703	PIK3R3	c5
2.55908953281869e-26	0.226008409460597	0.807	0.694	8.58267447516732e-22	LEPROTL1	c5
1.53953830133168e-19	0.225996795344795	0.332	0.248	5.16330355500619e-15	PPM1B	c5
2.44751584011841e-07	0.225960674922725	0.034	0.02	0.00820847862458913	TOGARAM2	c5
3.62247791873674e-11	0.225910582626903	0.107	0.073	1.21490664438593e-06	MGA	c5
9.92662190863741e-23	0.225653516673309	0.52	0.406	3.32919045571881e-18	BNIP3L	c5
1.1120454547544e-06	0.225342760023835	0.111	0.084	0.0372957804615531	ACBD3	c5
2.0953134408182e-12	0.225156504212602	0.173	0.126	7.02726221781608e-08	CFAP36	c5
2.18212713313863e-09	0.225008212640929	0.057	0.035	7.31841797912034e-05	SRGAP2C	c5
4.12343044331689e-22	0.225006779822696	0.487	0.38	1.38291610207962e-17	APOBEC3C	c5
4.37390412622298e-14	0.224524753460461	0.24	0.177	1.46691996585266e-09	TSEN34	c5
4.45483428555727e-08	0.224458119068059	0.077	0.053	0.0014940623226902	PARN	c5
4.53973356000133e-11	0.224358592075249	0.102	0.07	1.52253584135325e-06	NUP210	c5
1.3647033289498e-12	0.22411228667903	0.12	0.082	4.57694202463182e-08	HELZ2	c5
9.21399307761539e-16	0.223972892508156	0.115	0.074	3.09018899837065e-11	PLCXD2	c5
1.74501774623483e-09	0.223851005880429	0.07	0.045	5.85244051732238e-05	SIDT1	c5
1.80112510833089e-16	0.223188978142351	0.419	0.33	6.04061338832015e-12	PQBP1	c5
1.82836865446795e-17	0.222971639288661	0.354	0.272	6.13198279335461e-13	SMARCE1	c5
2.14389679975493e-17	0.222890922526332	0.444	0.354	7.19020108701808e-13	GRSF1	c5
7.74688009417189e-17	0.222496987709066	0.214	0.153	2.59814864598337e-12	LARP1	c5
7.56704806047198e-69	0.222437006414929	1	0.959	2.53783657852109e-64	RPS26	c5
9.63583078639908e-09	0.221522972362734	0.127	0.094	0.000323166492914252	ARFRP1	c5
1.40398212696426e-25	0.219546927243524	0.792	0.674	4.70867525741272e-21	PGAM1	c5
4.91375795548201e-12	0.219527357689293	0.145	0.103	1.64797614310956e-07	SCAMP4	c5
7.32929227421575e-23	0.219186656718538	0.686	0.567	2.45809804292648e-18	WDR83OS	c5
3.33123065716596e-08	0.21845444066003	0.123	0.091	0.00111722813780032	GIMAP6	c5
3.35046237035486e-33	0.218453699693282	0.875	0.761	1.12367806976961e-28	SLC3A2	c5
5.07952332849073e-14	0.218171373621079	0.248	0.187	1.70357053390922e-09	SART3	c5
1.31185025986294e-07	0.217497755995226	0.131	0.1	0.00439968340152834	CD28	c5
6.15505024619547e-07	0.21731927204071	0.046	0.03	0.0206428075156904	L3MBTL3	c5
7.13532017131139e-15	0.217302971467857	0.196	0.141	2.39304367905441e-10	MAP3K14	c5
1.30743233574014e-06	0.217122467482897	0.076	0.054	0.0438486656760527	SERGEF	c5
5.32280171080502e-20	0.217049029174237	0.509	0.401	1.78516123776979e-15	POLR2E	c5
2.47237279888814e-13	0.216453969232965	0.335	0.265	8.29184389291103e-09	ORMDL2	c5
5.06684260506062e-16	0.216342369837166	0.138	0.092	1.69931767288523e-11	TRAF5	c5
2.98526826919665e-07	0.215622361133181	0.15	0.116	0.0100119927212317	B9D2	c5
2.09384230821109e-32	0.215616715314639	0.816	0.694	7.02232833327834e-28	HSPA5	c5
7.10155170038412e-14	0.215509164748143	0.286	0.221	2.38171840927483e-09	PRKCSH	c5
2.57298056317376e-10	0.21525026096433	0.252	0.2	8.62926221277216e-06	TMEM256	c5
1.67631024006592e-12	0.215193400727165	0.278	0.216	5.62200928313307e-08	TMEM70	c5
8.44214676901395e-19	0.214976427292431	0.239	0.17	2.8313271833919e-14	FAM160B1	c5
1.6429952003693e-13	0.214867300255655	0.547	0.464	5.51027730299856e-09	SF3B5	c5
2.15209464892377e-07	0.214844130378232	0.095	0.069	0.00721769503356054	AMFR	c5
7.74947531178811e-16	0.214401335120809	0.223	0.161	2.5990190300675e-11	TNIP3	c5
6.31649382460018e-11	0.214119939908945	0.18	0.135	2.11842569889441e-06	ACLY	c5
6.61114096334919e-19	0.21359022100391	0.368	0.282	2.21724445628805e-14	CDS2	c5
1.41934818936252e-32	0.213390633700026	0.863	0.745	4.76020995748402e-28	GABARAP	c5
3.80514280506278e-22	0.21324901622499	0.502	0.391	1.27616879396196e-17	TOP1	c5
4.15334342216019e-15	0.21312362057976	0.321	0.248	1.39294831692409e-10	MRPL4	c5
1.16054100811141e-09	0.213116953789245	0.159	0.119	3.89222243300406e-05	CASP7	c5
3.79566972089617e-21	0.212956291193656	0.533	0.418	1.27299171099416e-16	RNF181	c5
1.11928038106667e-16	0.212898268195799	0.352	0.27	3.75384254202138e-12	ELAVL1	c5
3.84335428478184e-47	0.21276230892993	0.986	0.916	1.28898416003013e-42	HNRNPA1	c5
2.1661066008873e-13	0.212761388968581	0.398	0.321	7.26468831805583e-09	GID8	c5
1.75597008377145e-09	0.212720614383768	0.111	0.079	5.88917246695268e-05	QSOX1	c5
3.78029284980228e-07	0.212688700153639	0.136	0.105	0.0126783461596669	WDR61	c5
5.11132892323433e-12	0.212686471966737	0.157	0.112	1.71423749427433e-07	TBL3	c5
7.92225320411441e-10	0.212600610824567	0.148	0.11	2.65696527959589e-05	POLB	c5
2.48465336215635e-08	0.21246448769295	0.239	0.194	0.000833303044599995	TIMM10	c5
2.23517104209349e-07	0.211818540306326	0.162	0.127	0.00749631664097313	ARL1	c5
3.79865059293635e-34	0.211166978257681	0.901	0.789	1.27399143585899e-29	OST4	c5
7.17645986081254e-08	0.21092186062701	0.696	0.639	0.00240684110811931	IFITM2	c5
1.64339904099838e-20	0.210895805847752	0.671	0.561	5.51163170370037e-16	TXN	c5
1.13015114280362e-16	0.210722600914609	0.306	0.232	3.79030090273478e-12	DNPEP	c5
1.36253013749649e-20	0.210559005159956	0.482	0.376	4.56965357513573e-16	NR1H2	c5
2.87694802557006e-09	0.210426273524813	0.13	0.095	9.64870828815686e-05	HEXB	c5
1.25436090354482e-09	0.210397846366688	0.133	0.097	4.20687559830863e-05	RFX5	c5
4.32395505626525e-07	0.209964939117844	0.144	0.112	0.0145016804677024	HDDC2	c5
1.86758391436695e-25	0.209930994677964	0.781	0.667	6.26350293200386e-21	C12orf57	c5
4.32936894649148e-24	0.209770429544854	0.728	0.597	1.45198375727431e-19	PPP1CA	c5
3.61627117321895e-25	0.209741960806985	0.772	0.651	1.21282502607417e-20	GUK1	c5
1.35377867330747e-06	0.209569138563684	0.106	0.08	0.045403029145386	PTPA	c5
2.68516282623737e-13	0.209366659736606	0.312	0.243	9.0054990866349e-09	TINF2	c5
8.53891671830387e-26	0.209067941180618	0.702	0.575	2.86378188898475e-21	SRSF3	c5
8.01104124031079e-08	0.208724398938149	0.141	0.108	0.00268674301117543	DLGAP4	c5
9.79635163206004e-07	0.208720144565382	0.123	0.095	0.032855004103603	PDCL	c5
1.00410679208455e-12	0.208623035639804	0.327	0.257	3.36757335929315e-08	BANF1	c5
6.60279557090222e-07	0.208511403745153	0.072	0.05	0.0221444557856919	ZNF426	c5
2.81532747653037e-13	0.208461178596001	0.18	0.13	9.44204529078755e-09	SACM1L	c5
2.48417191893706e-14	0.208084697176239	0.198	0.143	8.3314157817311e-10	NAGK	c5
1.87270675440962e-20	0.208069188978758	0.32	0.237	6.28068391293897e-16	PTPN7	c5
9.14243684024219e-10	0.208023432260235	0.201	0.155	3.06619046748043e-05	USE1	c5
1.15671312259136e-07	0.20792249372091	0.12	0.09	0.00387938447054691	RAB28	c5
5.02688542638622e-13	0.207757650982279	0.129	0.088	1.68591683430141e-08	UBE2O	c5
1.18527502938407e-12	0.207474020005249	0.203	0.15	3.97517539354829e-08	DCTN6	c5
1.4524523958794e-14	0.20724758768482	0.361	0.283	4.87123484530032e-10	TMEM183A	c5
1.07585686281353e-07	0.206841023532542	0.321	0.27	0.00360820874650403	PTTG1	c5
1.09254162883232e-10	0.206650838898588	0.199	0.152	3.66416611477782e-06	TMEM134	c5
2.32663986522912e-09	0.205994515527878	0.161	0.122	7.80308478000544e-05	DNAJB12	c5
4.24146170339907e-08	0.205955508869427	0.129	0.096	0.00142250142608598	NIT1	c5
1.5329895134775e-20	0.205842739103858	0.518	0.406	5.14134023030085e-16	MAP2K3	c5
5.4596321316234e-10	0.204397437860021	0.182	0.139	1.83105142430386e-05	ARL16	c5
6.64274954743224e-32	0.204245606647529	0.881	0.765	2.22784534321782e-27	ARF1	c5
6.93740456246978e-08	0.204085959650604	0.128	0.097	0.00232666674216112	NAA10	c5
1.62906925377397e-07	0.204056500684658	0.093	0.067	0.00546357246330713	CPSF4	c5
4.22950730070518e-12	0.203981994047497	0.23	0.175	1.4184921585105e-07	RNASEH2C	c5
1.13532633881344e-12	0.203681290085836	0.304	0.238	3.80765747511252e-08	TXNDC15	c5
4.23565357170087e-13	0.203550759264074	0.265	0.203	1.42055349487704e-08	NUCB1	c5
8.93506117087926e-14	0.203109500170848	0.202	0.148	2.99664081548949e-09	HGSNAT	c5
6.99046761195724e-07	0.202869675962443	0.083	0.06	0.0234446302769822	E2F6	c5
9.94895072399788e-19	0.202810721458049	0.538	0.43	3.33667909381441e-14	EIF6	c5
5.23791464632984e-13	0.202793205487016	0.145	0.101	1.7566918140861e-08	SOAT1	c5
5.99558611292567e-12	0.202567990946441	0.223	0.169	2.01079967055301e-07	MRPL55	c5
1.32198366642661e-17	0.202548507107649	0.397	0.306	4.43366882046158e-13	RRP7A	c5
5.12209897332865e-10	0.202403423954777	0.263	0.21	1.71784955367496e-05	MRPS26	c5
1.44853638306332e-08	0.202239092178806	0.165	0.126	0.000485810132151776	ARMC10	c5
2.88699481368173e-18	0.201913948556955	0.533	0.43	9.68240320612579e-14	SRSF9	c5
2.38162709331157e-12	0.201607584528998	0.125	0.086	7.98750094554836e-08	RABEP2	c5
3.31271433791093e-16	0.201519056861173	0.247	0.181	1.11101813464857e-11	PDPK1	c5
4.11685161174081e-13	0.201289357440415	0.271	0.207	1.38070969354563e-08	LCMT1	c5
9.86645975864457e-11	0.201260755051481	0.139	0.1	3.30901327385421e-06	ARNT	c5
1.31125363343729e-15	0.201227245402834	0.503	0.414	4.39768243582199e-11	LMAN2	c5
8.91298713111012e-10	0.201196684282683	0.195	0.15	2.98923762403171e-05	GCH1	c5
2.70824794784768e-19	0.200998588911315	0.379	0.289	9.08292196749155e-15	MVP	c5
8.5154664513477e-09	0.200907573713835	0.097	0.068	0.000285591713845299	ZNF211	c5
4.71796176181929e-09	0.200805664677117	0.187	0.145	0.000158231001567895	SNX4	c5
2.0644085963032e-18	0.200763356220751	0.416	0.324	6.92361355028166e-14	CNOT2	c5
1.36014637347141e-07	0.200754552055257	0.14	0.107	0.00456165890734843	PTPMT1	c5
9.40333057595622e-18	0.200721172617988	0.126	0.08	3.1536890085642e-13	RYR2	c5
2.64485756898599e-12	0.200390435917942	0.272	0.21	8.8703233148652e-08	CREB3	c5
2.92375677004806e-14	0.200248623567956	0.365	0.289	9.80569545538718e-10	EIF4E2	c5
1.62546755731163e-20	0.200128608532522	0.606	0.493	5.45149309371174e-16	MEAF6	c5
7.47975393685299e-10	0.199977977848537	0.133	0.097	2.50855987534175e-05	DVL2	c5
1.67086677535409e-14	0.199918056697247	0.427	0.348	5.60375299118253e-10	CTSC	c5
3.10776466707112e-20	0.199730414888284	0.365	0.27	1.04228211404231e-15	CYTH2	c5
6.2626536282977e-07	0.199729500850686	0.074	0.052	0.0210036877385848	TSPAN31	c5
1.48916595196434e-08	0.199716893165087	0.081	0.055	0.0004994364769698	RANBP10	c5
2.656946465562e-23	0.199611732596587	0.745	0.632	8.91086705620184e-19	WIPF1	c5
5.40214381155253e-17	0.199411949544617	0.484	0.391	1.81177099151849e-12	ARF4	c5
2.3315092448162e-16	0.199149574620138	0.34	0.261	7.81941570526458e-12	YY1AP1	c5
8.23267371659997e-08	0.199019869101854	0.13	0.098	0.0027610741110733	PIK3CG	c5
1.12562101035763e-09	0.198901378150214	0.186	0.142	3.77510774453743e-05	MYD88	c5
3.49230908788407e-17	0.198900065037313	0.587	0.483	1.17125062189456e-12	PEBP1	c5
5.71293847984838e-07	0.198887529442489	0.124	0.095	0.0191600530737155	AP5M1	c5
2.55813460820614e-09	0.198742938780502	0.23	0.182	8.57947184900176e-05	NBEAL1	c5
3.36304362767286e-09	0.19873890709081	0.129	0.095	0.000112789757184892	RBM19	c5
4.73959724900498e-10	0.19854887642113	0.316	0.257	1.58956612537129e-05	ALKBH7	c5
1.99811112267064e-15	0.198320645696616	0.281	0.212	6.7012650832128e-11	KCTD20	c5
4.84870080853156e-18	0.197673270620788	0.457	0.358	1.62615727716531e-13	WBP2	c5
3.64790711462537e-08	0.197484956536948	0.075	0.051	0.00122343508810306	SENP7	c5
1.12144600033177e-07	0.197339916434607	0.056	0.037	0.00376110559591268	PPARA	c5
1.5535486211559e-10	0.197023970702277	0.193	0.146	5.21029136563265e-06	PHF23	c5
1.14563296786177e-06	0.196941140529707	0.095	0.071	0.0384222384761479	ZNF264	c5
1.20795830094877e-26	0.196744523790245	0.806	0.674	4.05125054972197e-22	RAC1	c5
1.11304818680437e-17	0.196184583843211	0.428	0.338	3.73294100890451e-13	LAMP1	c5
2.59663703476465e-07	0.196141268273615	0.178	0.141	0.00870860128719369	PSMB8-AS1	c5
9.39782954573862e-15	0.195930219720397	0.396	0.312	3.15184407304982e-10	TALDO1	c5
6.88857696417699e-14	0.195357555521044	0.463	0.381	2.31029094224568e-09	SSR3	c5
1.62798904022629e-27	0.195109664916643	0.838	0.721	5.45994964311094e-23	ISCU	c5
3.03063740667508e-08	0.19509018353312	0.082	0.057	0.00101641517345069	FOXK2	c5
4.0663893479732e-17	0.194870020998185	0.289	0.215	1.36378565952325e-12	FAM50A	c5
3.88986738034976e-09	0.194750995786701	0.17	0.129	0.00013045837220217	SLC39A1	c5
3.36821052215793e-13	0.19450189608782	0.234	0.175	1.12963044492133e-08	TPST2	c5
1.10238156124981e-28	0.194136014306867	0.762	0.648	3.69716728011962e-24	FNBP1	c5
4.80081608570339e-11	0.194121152751711	0.228	0.175	1.6100976988232e-06	SLC39A6	c5
2.21572993347067e-12	0.193726929226524	0.165	0.118	7.43111505087394e-08	ERVK3-1	c5
1.12590225877603e-25	0.193662761670778	0.88	0.768	3.77605099548306e-21	SLC25A6	c5
5.20684132187604e-10	0.193638789469024	0.208	0.16	1.74627044253079e-05	CRKL	c5
2.46232061685573e-11	0.193562556115713	0.205	0.154	8.25813088481076e-07	CD81	c5
1.61551333464063e-19	0.193446528285385	0.407	0.318	5.41810862171775e-15	TRAF1	c5
9.99778024898769e-14	0.193213882086216	0.4	0.319	3.35305553990549e-09	GORASP2	c5
2.29256858308776e-09	0.193188834273736	0.11	0.079	7.68881651395974e-05	TTF2	c5
4.25504301408521e-15	0.192965936877025	0.322	0.248	1.4270563260639e-10	NDRG1	c5
1.71295783172733e-15	0.192813334407997	0.368	0.288	5.74491797604711e-11	SPCS3	c5
1.05023691680994e-12	0.192704328290044	0.326	0.257	3.52228457159718e-08	MED28	c5
4.11390316036469e-08	0.192692682264188	0.147	0.111	0.00137972084192311	CD2AP	c5
2.39356755958749e-07	0.19241856041699	0.138	0.107	0.00802754688134452	FBXL15	c5
1.66577578361342e-11	0.192269066614182	0.219	0.166	5.58667882308267e-07	CRIPT	c5
1.20525818713605e-07	0.192176336277974	0.121	0.091	0.0040421949080169	UCK1	c5
9.95764058290258e-22	0.191973854254383	0.753	0.635	3.33959349869387e-17	ALDOA	c5
1.26084804941962e-15	0.191857875077567	0.426	0.338	4.22863218814352e-11	NDUFA5	c5
1.18046973997265e-07	0.191678374418441	0.168	0.132	0.00395905941392026	SNRNP35	c5
4.80294835709733e-33	0.191659266595754	0.853	0.721	1.6108128200033e-28	APOBEC3G	c5
7.21068827771841e-08	0.191619807128994	0.082	0.057	0.0024183206345812	ZNF274	c5
1.0543746610007e-06	0.191550339121319	0.084	0.061	0.0353616173806414	ATMIN	c5
4.30318361579835e-30	0.191313625271646	0.928	0.827	1.44320172106645e-25	SLC25A3	c5
1.38353190691164e-13	0.19111147104949	0.262	0.198	4.64008930940026e-09	EIF4EBP1	c5
2.0653227950178e-22	0.191000360471683	0.737	0.622	6.92667958993069e-18	PDIA3	c5
9.2505735892775e-25	0.190972205715177	0.928	0.842	3.10245737037189e-20	CALM2	c5
1.30577928062306e-17	0.190932125125227	0.418	0.326	4.37932255135362e-13	SDHA	c5
7.31380135220572e-10	0.190608406011847	0.193	0.147	2.45290269750275e-05	LRRC41	c5
2.0316210193131e-25	0.19038412511211	0.801	0.683	6.81365057457229e-21	XRCC6	c5
2.16513650565017e-18	0.190177588720333	0.471	0.367	7.26143481264953e-14	MGAT1	c5
5.70352725979663e-09	0.189990752727679	0.188	0.146	0.00019128489723906	RUVBL2	c5
2.14550441796796e-11	0.189613151536335	0.228	0.174	7.19559271698095e-07	DNTTIP1	c5
7.48440776558031e-12	0.189552618309542	0.101	0.067	2.51012067642032e-07	PITPNM1	c5
2.0309357282973e-19	0.18935191529599	0.697	0.578	6.81135224556348e-15	C19orf53	c5
1.8808344265492e-16	0.189198493344165	0.451	0.358	6.30794249976071e-12	AAMP	c5
6.81874482245615e-07	0.189094469825405	0.186	0.151	0.0228687063855534	LYPLA1	c5
6.51704574009379e-20	0.188989901854318	0.657	0.543	2.18568680031265e-15	FAM96B	c5
5.81108558899476e-18	0.188834996332717	0.482	0.386	1.94892188483706e-13	PSMC5	c5
8.73526011072701e-18	0.188753732202401	0.443	0.348	2.92963153593562e-13	BAX	c5
2.41692273147254e-14	0.188646816363747	0.876	0.811	8.10587545681259e-10	IFITM1	c5
1.35797616767774e-15	0.188630449600942	0.467	0.374	4.5543804711576e-11	IMP3	c5
4.2498077762731e-35	0.188605430788834	0.959	0.866	1.42530053200647e-30	SERF2	c5
1.82897211186649e-14	0.188598380145247	0.146	0.1	6.13400666877782e-10	CDC16	c5
1.16963377186407e-11	0.188559439736604	0.224	0.17	3.92271774407771e-07	FBXW2	c5
2.88858806663979e-28	0.188327576150268	0.821	0.694	9.68774665789654e-24	TAP1	c5
3.03774974238248e-15	0.188225103408545	0.39	0.308	1.01880050860024e-10	LAP3	c5
1.238538965505e-14	0.187564738302021	0.432	0.346	4.15381198251068e-10	HSBP1	c5
9.15765367357959e-14	0.18733500034438	0.22	0.163	3.07129388904512e-09	SNAP23	c5
3.27784895624447e-09	0.187111437506924	0.095	0.066	0.000109932498294527	PIK3C2A	c5
1.88242291869377e-10	0.186703296875643	0.292	0.234	6.31326998471516e-06	COPZ1	c5
9.9216092412707e-17	0.186605776946391	0.598	0.493	3.32750930733737e-12	TWF2	c5
7.97001202357465e-12	0.186604961213283	0.129	0.09	2.67298263246647e-07	SFMBT2	c5
2.22110072125961e-13	0.186584519819923	0.325	0.255	7.44912759896048e-09	MCRIP1	c5
3.53527689125307e-07	0.186344144812716	0.069	0.048	0.0118566116378845	PROSER3	c5
1.1633821665641e-19	0.186117780325529	0.261	0.187	3.90175111022267e-15	ABHD17A	c5
1.44448066943357e-19	0.185991377834456	0.255	0.183	4.8444992691463e-15	ATG4B	c5
2.32468328402018e-15	0.185957262973318	0.187	0.132	7.79652279794688e-11	EML2	c5
8.7715611819122e-14	0.185947372204033	0.325	0.254	2.94180618918971e-09	TNFRSF14	c5
1.11231095231004e-06	0.185939277591317	0.181	0.146	0.037304684718574	IL9R	c5
1.17828627117888e-11	0.185917830703724	0.237	0.183	3.95173649627974e-07	NBR1	c5
1.25936614372481e-07	0.185801423087712	0.252	0.208	0.00422366217282426	UBE2J1	c5
1.14262662258129e-31	0.185776922644928	0.928	0.83	3.83214116681312e-27	NCL	c5
8.32773319269063e-13	0.185422369476704	0.177	0.128	2.79295515816458e-08	ADIPOR2	c5
4.00718437094605e-16	0.185305365145602	0.222	0.163	1.34392949432789e-11	CREBZF	c5
6.80884795517651e-10	0.185225662599175	0.103	0.071	2.2835514272071e-05	ABR	c5
1.46079666287617e-09	0.185182736450025	0.235	0.185	4.8992198479541e-05	TOR1A	c5
8.38403967441682e-11	0.185172971169311	0.32	0.259	2.81183922600591e-06	SRA1	c5
5.1481524853822e-09	0.184950107791088	0.131	0.096	0.000172658738054748	RBM15	c5
5.45873616264381e-15	0.184774949473748	0.376	0.295	1.83075093422748e-10	RTN3	c5
9.9529640129276e-20	0.18458828386977	0.745	0.625	3.33802507065566e-15	NDUFB11	c5
2.73316976147301e-08	0.184367092068193	0.102	0.073	0.000916650474602817	HIBCH	c5
6.58647855201685e-11	0.184355139746675	0.115	0.08	2.20897317677541e-06	TET2	c5
1.97222749187605e-07	0.183945498559245	0.054	0.035	0.00661445656225388	ZSWIM6	c5
2.54049201350305e-19	0.183737515840469	0.445	0.35	8.52030211488654e-15	CNOT6L	c5
2.54751314999284e-15	0.183660118475118	0.264	0.195	8.543849602446e-11	HACD3	c5
1.1968895295766e-13	0.183562224274088	0.613	0.524	4.01412810429399e-09	CD82	c5
2.29234615921173e-13	0.183429431186587	0.353	0.28	7.6880705487643e-09	COPB2	c5
5.84307780105673e-10	0.18336667813741	0.231	0.181	1.95965143291841e-05	NFYC	c5
3.71278510611824e-12	0.183199668712947	0.387	0.314	1.24519386888993e-07	HMGN4	c5
1.92923377900674e-08	0.182524057218954	0.091	0.063	0.000647026424803281	FMR1	c5
1.21283157901064e-18	0.182467291073127	0.521	0.416	4.0675945496859e-14	CMTM6	c5
1.38653368549984e-08	0.182154562969207	0.149	0.113	0.000465015667442935	SPTLC2	c5
8.4281560331847e-14	0.182063418460189	0.459	0.371	2.82663497040949e-09	TXNDC17	c5
1.33184990603118e-06	0.181848364050353	0.095	0.07	0.0446675821484737	RHOT1	c5
5.25429850112592e-07	0.181660377660751	0.086	0.062	0.0176218663130761	WWP1	c5
4.14787555187727e-15	0.181652576721257	0.39	0.307	1.3911145025886e-10	CYC1	c5
6.78837034373128e-14	0.181385174303756	0.368	0.29	2.2766836458806e-09	SDF2	c5
4.878744330576e-14	0.181336564410551	0.46	0.376	1.63623327358858e-09	TGIF1	c5
7.37208569441913e-18	0.181323439871288	0.545	0.448	2.47245010019429e-13	CDKN1B	c5
1.25499025935531e-10	0.181172326849148	0.192	0.146	4.20898633182585e-06	PREP	c5
4.28492880639924e-19	0.181107003248413	0.526	0.418	1.43707942309018e-14	LRPAP1	c5
1.16816915988283e-33	0.181042895769836	0.981	0.909	3.91780572841504e-29	NPM1	c5
3.10301117837103e-11	0.180740462180343	0.347	0.279	1.04068788900208e-06	TMEM208	c5
2.72138348403185e-14	0.180588817243617	0.092	0.057	9.126975928746e-10	COG7	c5
3.200174501115e-09	0.180547835163943	0.225	0.178	0.000107327452418395	HTRA2	c5
1.23591900364759e-11	0.17996848060327	0.178	0.131	4.14502515443328e-07	SND1	c5
3.89731758178793e-25	0.179864548831042	0.885	0.779	1.30708237058003e-20	PPIB	c5
3.20054205109241e-12	0.179843286960495	0.418	0.34	1.07339779309537e-07	BCAP31	c5
3.2133145454466e-14	0.179690211427484	0.368	0.289	1.07768143225188e-09	PSMB10	c5
7.03113736740764e-13	0.179569530749095	0.395	0.316	2.35810285028118e-08	POLR2F	c5
1.70509112962059e-07	0.17932706659046	0.157	0.123	0.00571853463052152	CYB5R4	c5
8.97293394713801e-07	0.179087212086165	0.062	0.042	0.0300934258719114	PAK4	c5
4.17038936216086e-07	0.179015268596988	0.151	0.118	0.0139866518428151	WBP1	c5
5.01344556490498e-11	0.178924349596614	0.244	0.19	1.68140937355783e-06	FARSA	c5
1.58336173738298e-10	0.178862044378378	0.196	0.148	5.31027859483504e-06	LENG1	c5
7.48139245823171e-08	0.178824066137091	0.178	0.139	0.00250910940264175	CWC22	c5
1.30458321132602e-07	0.178648048107324	0.106	0.078	0.00437531117414519	SH3BP5	c5
1.32419713822037e-11	0.178580612256979	0.408	0.335	4.44109236216347e-07	TMX4	c5
6.14812028244284e-23	0.178314385558423	0.665	0.541	2.06195658032568e-18	HMGB2	c5
2.56633858649079e-15	0.178201272359386	0.392	0.309	8.6069863513728e-11	NELFE	c5
5.44046202040819e-07	0.178134539449632	0.213	0.173	0.018246221524045	ABHD14B	c5
8.31307558615247e-14	0.17808523572154	0.433	0.344	2.78803929008381e-09	ADIPOR1	c5
7.2379161577896e-18	0.177693162880569	0.63	0.523	2.42745232099948e-13	GHITM	c5
6.71716826835652e-08	0.177675686586324	0.114	0.084	0.00225280389384141	TMCO3	c5
9.82335353296711e-12	0.177669220413018	0.355	0.287	3.29455630788651e-07	IMPDH2	c5
2.18777521760413e-23	0.176968210625289	0.663	0.542	7.33736052480073e-19	TAX1BP1	c5
3.15430630878585e-07	0.176825784592945	0.096	0.07	0.010578912498406	FBXO38	c5
9.41260846786928e-26	0.17590340063353	0.888	0.783	3.156800627954e-21	ATP5F1B	c5
3.56157314160786e-07	0.175766108476518	0.13	0.1	0.0119448040023245	GANAB	c5
3.18661752198926e-17	0.175344063224613	0.579	0.474	1.06872778452476e-12	PSMA5	c5
3.56664513287251e-20	0.175198431859628	0.229	0.16	1.19618144466278e-15	BOD1L1	c5
2.64081267138254e-19	0.174973190520301	0.726	0.607	8.85675753728276e-15	DBI	c5
1.14263221407877e-12	0.174639140891882	0.665	0.577	3.83215991957737e-08	YWHAH	c5
4.1003441275266e-09	0.174584990761279	0.24	0.191	0.000137517341348987	SSSCA1	c5
1.98589670773585e-25	0.174515046621504	0.9	0.803	6.66030037840451e-21	TMBIM6	c5
2.30855216207138e-08	0.174440555902244	0.142	0.107	0.0007742422241155	PGP	c5
4.58216304917788e-12	0.174321478476246	0.294	0.23	1.53676584343328e-07	C19orf24	c5
1.23797746546104e-09	0.174261026549352	0.283	0.227	4.15192882366322e-05	ELOF1	c5
1.63655492890968e-08	0.173832881918148	0.217	0.173	0.000548867792057727	DCUN1D5	c5
1.97511444923481e-16	0.173781315097477	0.531	0.427	6.6241388398437e-12	PSMB2	c5
2.48712875843916e-13	0.173417333155123	0.233	0.174	8.34133243005325e-09	GFPT1	c5
2.15412606897229e-63	0.173353308968224	1	0.984	7.22450801011925e-59	HLA-A	c5
6.91178317183514e-10	0.17333142736707	0.237	0.184	2.31807384017007e-05	CDK4	c5
1.4044411896695e-21	0.173308311264791	0.426	0.321	4.71021486191357e-17	SIRT2	c5
2.67190659028829e-13	0.172890589492966	0.516	0.427	8.96104032250886e-09	PDIA6	c5
1.85524697237035e-23	0.172686404882762	0.44	0.343	6.22212729593567e-19	SLA	c5
3.83448097848659e-08	0.172617478488908	0.191	0.15	0.00128600823056483	RWDD4	c5
4.3910071615519e-15	0.172588690512347	0.506	0.41	1.47265598184128e-10	UBE2L6	c5
1.34361250193814e-13	0.172586251366985	0.283	0.218	4.50620760900012e-09	EHD4	c5
1.82553802523632e-12	0.172368740119941	0.47	0.384	6.12248942903758e-08	CD63	c5
1.37984779479429e-07	0.171657234872743	0.143	0.11	0.00462773353418109	TRAF7	c5
4.04253407356566e-26	0.171253335677515	0.73	0.612	1.35578507759245e-21	CD6	c5
1.60716133683561e-08	0.171230063948395	0.255	0.207	0.000539009769147926	MRPL28	c5
2.29449870653354e-11	0.171204404307652	0.312	0.248	7.69528976197219e-07	GLOD4	c5
1.52795684684121e-15	0.171167889072766	0.175	0.121	5.12446167293604e-11	MADD	c5
1.40940948565987e-12	0.171107192210144	0.303	0.236	4.72687753300607e-08	PRCC	c5
1.84536874496684e-15	0.171029562134949	0.591	0.488	6.18899769686979e-11	RAB7A	c5
7.53595423165315e-20	0.170956330123542	0.676	0.557	2.52740833021183e-15	DYNLRB1	c5
2.70622599672872e-07	0.170939517361482	0.161	0.127	0.00907614074782879	ZNF410	c5
2.01600900848271e-12	0.170910650699285	0.398	0.323	6.76129101264933e-08	SEC13	c5
6.75087377397363e-08	0.170431059209506	0.227	0.183	0.00226410804631528	H1FX	c5
6.61582916116056e-39	0.170365429013471	0.997	0.939	2.21881678407003e-34	RPL15	c5
2.70285942813324e-12	0.170047459771396	0.174	0.126	9.06484995007325e-08	GTPBP1	c5
2.66193341487148e-07	0.169953500737834	0.058	0.039	0.00892759228679598	ARHGAP21	c5
8.69496375911262e-15	0.169915280403287	0.349	0.27	2.91611694553119e-10	F2R	c5
6.14173537624239e-07	0.169879596433867	0.076	0.054	0.0205981521048417	GIT1	c5
1.04854105094759e-06	0.169873232730627	0.134	0.104	0.0351659697666802	BAIAP2	c5
1.39590964260651e-07	0.169725852841861	0.247	0.203	0.00468160175937371	EMC8	c5
1.12401109990399e-14	0.169704706260353	0.337	0.261	3.76970842685799e-10	PSMD1	c5
1.96825068212634e-12	0.169440370897242	0.252	0.192	6.60111913771531e-08	DDX54	c5
2.74256060384108e-07	0.169420691826856	0.197	0.158	0.00919799975316221	EBP	c5
2.11341429327884e-15	0.16938253301504	0.665	0.55	7.08796885679856e-11	PSMD8	c5
3.96099955212159e-14	0.168894010488092	0.445	0.359	1.32844002979054e-09	CLPP	c5
1.40214339566356e-12	0.168197012151432	0.354	0.28	4.70250852037644e-08	COPS8	c5
2.28836196393429e-12	0.168113912241422	0.189	0.139	7.67470835464283e-08	MFSD6	c5
2.99459017039795e-08	0.16797310752888	0.145	0.109	0.00100432565134806	BID	c5
1.3343721173544e-14	0.167917316218016	0.282	0.214	4.47521720718319e-10	RBM23	c5
1.65981748259786e-16	0.167876232111388	0.457	0.361	5.5666958731367e-12	STUB1	c5
3.63111059607232e-15	0.167665415140912	0.373	0.293	1.21780187171073e-10	SCAMP3	c5
2.43693595058468e-09	0.167542451732365	0.222	0.174	8.17299579107089e-05	HAT1	c5
4.22149308993089e-13	0.167317782125618	0.446	0.358	1.41580435250102e-08	AP2S1	c5
1.08199682782883e-06	0.167224828355949	0.179	0.144	0.0362880096117232	UTP11	c5
2.27522426977542e-15	0.167211672495534	0.341	0.263	7.63064715597282e-11	DDRGK1	c5
1.86141790841625e-11	0.167145172637966	0.3	0.237	6.24282338124643e-07	ATP6V1E1	c5
6.24621424340694e-08	0.16688422042804	0.114	0.084	0.00209485533295382	CHPF2	c5
7.64566921717757e-07	0.166557317303067	0.116	0.088	0.0256420454205701	CHP1	c5
2.63907520390267e-15	0.166539186272402	0.705	0.588	8.85093041884876e-11	COX7B	c5
1.99952886473209e-09	0.166531279836344	0.258	0.205	6.70601990653847e-05	TXNDC12	c5
9.20777561887066e-10	0.166500097715667	0.237	0.186	3.08810378705684e-05	CHMP2B	c5
1.0208450878469e-06	0.16639776998788	0.157	0.125	0.0342371025562094	MPDU1	c5
1.86917107096616e-14	0.166381629021002	0.428	0.343	6.26882593780631e-10	HADHA	c5
5.27721658218831e-11	0.166344459929052	0.315	0.251	1.76987289733432e-06	C1D	c5
1.39147383722812e-06	0.166336191786167	0.139	0.108	0.0466672495529568	GOT2	c5
2.81341651661801e-10	0.166187567106116	0.375	0.31	9.43563631343349e-06	INSIG1	c5
7.77257534204982e-18	0.166154680348641	0.676	0.566	2.60676631821667e-13	ST13	c5
2.23626498288746e-14	0.165903284363907	0.32	0.247	7.49998549960795e-10	SERTAD1	c5
7.08995125123596e-13	0.165899618059223	0.294	0.228	2.37782785063952e-08	UBA1	c5
1.0730650521772e-08	0.165761512032979	0.088	0.061	0.000359884557199188	P3H1	c5
1.41591122999027e-10	0.165506716493396	0.11	0.075	4.74868308314135e-06	SEC24D	c5
1.08488684963103e-10	0.165480091143096	0.251	0.196	3.63849351629256e-06	SCYL1	c5
2.09060941470139e-14	0.165395053168637	0.363	0.283	7.01148585502552e-10	CNOT7	c5
1.64841999984464e-11	0.164482761873593	0.387	0.314	5.52847099547894e-07	TRAPPC4	c5
4.42851413749406e-09	0.164373245930672	0.298	0.243	0.000148523507143276	STMP1	c5
3.47526629443208e-13	0.164004546424448	0.423	0.339	1.16553480982663e-08	BAG1	c5
2.93514178293445e-07	0.163782697450997	0.204	0.164	0.00984387851160556	MRPL50	c5
8.69049032460727e-17	0.163559192167185	0.557	0.451	2.91461664506679e-12	ENY2	c5
1.0671391020362e-08	0.163448247222637	0.162	0.125	0.0003578971120409	GIGYF2	c5
1.81473784832853e-19	0.163366104213072	0.81	0.684	6.08626779572422e-15	ELOB	c5
5.53017265365381e-14	0.163219622985923	0.194	0.139	1.85470930458242e-09	P2RY8	c5
2.021244407775e-17	0.16299647519669	0.303	0.227	6.7788494947958e-13	NCBP3	c5
5.54253101239001e-07	0.162718851865099	0.119	0.09	0.0185885405093536	THOC5	c5
8.19490604903605e-08	0.162010462074692	0.183	0.143	0.00274840759072571	MRPL49	c5
1.28283373667433e-07	0.161927851819181	0.101	0.073	0.00430236778605837	VGLL4	c5
9.32006014389228e-16	0.161781707845612	0.641	0.537	3.12576177105859e-11	COPE	c5
7.02720268535437e-09	0.161698422266116	0.189	0.147	0.000235678323661415	N4BP2L1	c5
1.67464495856233e-21	0.161638355635938	0.891	0.773	5.61642426202634e-17	SNRPD2	c5
1.81348036488068e-09	0.161586210193251	0.182	0.139	6.08205044773684e-05	C3orf38	c5
5.47220898965783e-25	0.161478545389384	0.613	0.487	1.83526945095144e-20	CSNK1D	c5
9.84957613114563e-07	0.161400911651825	0.126	0.097	0.0330335084286362	RIOX1	c5
8.66219107979067e-14	0.161068396073345	0.269	0.204	2.90512564434019e-09	RPS6KB2	c5
7.52965713796846e-09	0.160986598599929	0.234	0.186	0.000252529641093186	PFDN6	c5
1.04223171181806e-07	0.160892156383435	0.902	0.889	0.0034954367150954	CD7	c5
1.00465934681991e-06	0.16075853851196	0.133	0.103	0.033694265173646	RBBP5	c5
2.49516327426002e-21	0.160579069820836	0.937	0.841	8.36827858921325e-17	COX7C	c5
3.88359080860812e-17	0.160531562654704	0.186	0.128	1.30247868539099e-12	SMARCA4	c5
5.43400041933443e-18	0.160531221258948	0.364	0.28	1.82245506063638e-13	PIK3R1	c5
2.45420776062127e-08	0.160306449797986	0.179	0.139	0.000823092198757161	PLEKHF2	c5
4.95063897362136e-14	0.160292530883218	0.207	0.15	1.66034529897313e-09	EXOC5	c5
8.12400170704623e-14	0.160115375965364	0.48	0.392	2.72462769250916e-09	MRFAP1	c5
7.16320375258919e-08	0.160065881243743	0.133	0.1	0.00240239527454336	KYAT3	c5
3.75084970184021e-19	0.159721464080298	0.865	0.764	1.25795997300317e-14	DYNLL1	c5
1.63994277659193e-12	0.15957861736428	0.344	0.272	5.50004008413402e-08	NGRN	c5
2.90972400922188e-13	0.159291140044351	0.363	0.291	9.75863238212836e-09	TYMP	c5
1.35068388801963e-09	0.159162196028773	0.138	0.101	4.52992362364025e-05	GTPBP6	c5
1.06886059092584e-14	0.158784827707416	0.164	0.114	3.58474464984708e-10	JARID2	c5
3.64245560401864e-17	0.15863880303918	0.771	0.655	1.22160676047577e-12	COX5B	c5
4.2370158149863e-12	0.158326580177881	0.444	0.365	1.42101036403011e-07	CD164	c5
6.31541148120142e-15	0.158193194893319	0.275	0.207	2.11806270256533e-10	CASC3	c5
3.60537610546898e-10	0.157856595651523	0.44	0.365	1.20917103825219e-05	NDUFA2	c5
1.95966196887616e-16	0.157633396743202	0.311	0.234	6.57231431121688e-12	SHKBP1	c5
2.46696898107992e-10	0.157480096259948	0.169	0.126	8.27372056874585e-06	PPP2R2D	c5
1.11088598907691e-07	0.157334907644999	0.081	0.057	0.00372568943016614	FRS2	c5
3.75118622107973e-10	0.156938102656587	0.192	0.146	1.25807283482572e-05	CCAR2	c5
5.11269506853987e-11	0.156918695045824	0.39	0.318	1.7146956720869e-06	BST2	c5
1.18743836112464e-11	0.15686582273044	0.354	0.284	3.98243077553983e-07	ERLEC1	c5
4.69407142385019e-10	0.156768985351802	0.203	0.156	1.57429767413088e-05	PRPSAP1	c5
8.18260696926085e-07	0.156729175161031	0.179	0.142	0.027442827253507	FAM3C	c5
4.4889095377392e-09	0.156617473635716	0.243	0.194	0.000150549048076697	EXOSC1	c5
2.82193365298253e-09	0.156493730090475	0.191	0.147	9.46420108537281e-05	HSPA13	c5
3.93385882541567e-11	0.156411498733127	0.376	0.305	1.31933757286791e-06	OAT	c5
5.90753916651155e-16	0.156136608783566	0.463	0.367	1.98127048566464e-11	RNF114	c5
4.51918055523534e-07	0.156085602985588	0.216	0.176	0.0151564277461483	MED8	c5
1.57391061125607e-10	0.156011194244324	0.332	0.268	5.27858140803061e-06	COX16	c5
6.51787356563325e-09	0.155899951325107	0.27	0.219	0.000218596443644208	SDHC	c5
1.7466545532608e-14	0.155842934228394	0.548	0.452	5.85793004072608e-10	PPP2R1A	c5
1.6167919881772e-09	0.155782364601796	0.131	0.095	5.42239696994868e-05	PRKD2	c5
1.5250345872663e-16	0.155593236748651	0.738	0.625	5.11466099877371e-12	COX8A	c5
4.20546628258196e-09	0.15476337475699	0.228	0.181	0.000141042928185234	SART1	c5
4.70653321265629e-07	0.154734235224155	0.064	0.044	0.0157847710886067	BICD1	c5
1.90290747631917e-15	0.15467283313767	0.503	0.406	6.38197109407925e-11	FBXO7	c5
8.34673314750881e-12	0.154659414094696	0.42	0.339	2.79932736301151e-07	OSTC	c5
4.61582393092495e-14	0.15454558985981	0.251	0.189	1.54805502995361e-09	ASXL2	c5
2.9641930248606e-09	0.154387158678201	0.217	0.169	9.94131056677749e-05	PREB	c5
3.93156684272093e-10	0.154149603457237	0.176	0.133	1.31856888771174e-05	GMCL1	c5
7.9170031779342e-07	0.154146806534835	0.17	0.136	0.0265520452581557	ZNF281	c5
1.27915889893535e-24	0.154026357080962	0.937	0.838	4.29004311524939e-20	CHCHD2	c5
7.02854915407054e-19	0.153849820601972	0.853	0.743	2.35723481529218e-14	UBL5	c5
6.07404339718376e-16	0.153725684154513	0.416	0.331	2.03711267454749e-11	RFTN1	c5
4.83333067913957e-13	0.153624048692618	0.521	0.425	1.62100244316983e-08	GTF3C6	c5
1.52482396977299e-28	0.153374945996448	0.848	0.741	5.11395462982465e-24	MCL1	c5
3.11267341349061e-14	0.153217171454697	0.292	0.223	1.04392840941648e-09	HARS	c5
2.38060236964758e-16	0.153145041840417	0.189	0.132	7.98406422732404e-12	SLC7A6	c5
2.20457081520398e-12	0.152984915000228	0.484	0.401	7.39368960003112e-08	SS18L2	c5
2.91563881321140e-09	0.152930478326539	0.395	0.327	9.77846945174838e-05	MRPL52	c5
2.65126386482334e-10	0.152682959267942	0.209	0.16	8.89180874984453e-06	FAM120AOS	c5
1.76123923905499e-08	0.152482310996201	0.197	0.154	0.000590684415994261	ENOPH1	c5
7.40221255892882e-08	0.152363151592973	0.111	0.082	0.00248255404801355	LUZP1	c5
9.52061156367424e-19	0.152277994164053	0.673	0.559	3.19302270622507e-14	ETS1	c5
1.25544849701187e-08	0.152106512033917	0.117	0.085	0.000421052316927842	HIF1AN	c5
6.45852020668778e-14	0.152092885810284	0.432	0.345	2.16605850691895e-09	FIS1	c5
1.39593396848834e-11	0.151965649667049	0.464	0.389	4.68168334351621e-07	CXCR3	c5
3.1005252104502e-13	0.151499859725317	0.244	0.185	1.03985414508079e-08	NOC2L	c5
7.79008494083576e-09	0.151454676960163	0.336	0.277	0.00026126386874575	NENF	c5
7.01997575300992e-07	0.151429992078579	0.099	0.074	0.0235435946804447	SLC35F5	c5
7.87502346402565e-07	0.151164299006304	0.219	0.178	0.0264112536936492	PSMB5	c5
3.59310642215848e-10	0.151137717219564	0.284	0.227	1.20505603186351e-05	GNL3	c5
1.02544581166782e-07	0.150952912177109	0.205	0.163	0.00343914016317154	ZCCHC10	c5
2.25203843042462e-12	0.150645959664575	0.292	0.228	7.55288648795809e-08	SEC61A1	c5
2.47799309100797e-07	0.150643676550479	0.207	0.166	0.00831069322862252	ZNF428	c5
2.45778185275495e-08	0.15056223343649	0.106	0.077	0.000824290877776954	ZFP90	c5
1.20668678474255e-12	0.150234432562316	0.236	0.18	4.04698613866957e-08	ELMO1	c5
6.62265994533716e-08	0.150208425295617	0.073	0.05	0.00222110769246718	KSR1	c5
1.55668034098954e-07	0.149713041488941	0.164	0.127	0.00522079452761072	AC116366.3	c5
9.04664970184174e-14	0.149660328293177	0.571	0.471	3.03406537700368e-09	C1orf43	c5
5.75898000992302e-10	0.149517658825356	0.258	0.206	1.93144671572798e-05	MAP2K2	c5
4.17967576365219e-13	0.149273562317895	0.487	0.402	1.40177965761367e-08	ARID5A	c5
1.99110027867166e-12	0.149254972921305	0.298	0.233	6.67775211460902e-08	KIF3A	c5
5.86998804547223e-07	0.149148153226352	0.162	0.128	0.0196867659069048	OXCT1	c5
8.83695591253205e-21	0.14898924143604	0.712	0.6	2.963738273945e-16	NAP1L4	c5
7.09192100833526e-17	0.148694663651315	0.82	0.709	2.37848846777548e-12	EIF3F	c5
5.11539594384306e-14	0.148371393430362	0.352	0.277	1.71560149164609e-09	PRRC2A	c5
1.3897472190512e-06	0.148290394631236	0.178	0.143	0.0466093422325391	LPAR2	c5
5.20064797094715e-11	0.148286225217745	0.317	0.253	1.74419331649626e-06	BRMS1	c5
5.39760165922968e-18	0.148074340234121	0.623	0.525	1.81024764447245e-13	SLC38A1	c5
8.34202796055307e-16	0.148029531473187	0.591	0.485	2.79774933741029e-11	NDUFA3	c5
2.20173926040496e-13	0.147854193422803	0.472	0.385	7.38419313154614e-09	XBP1	c5
9.10278577053348e-08	0.147811363973325	0.188	0.148	0.00305289229172152	RTL8C	c5
1.29411114365951e-06	0.14725622026541	0.056	0.038	0.0434018995360528	MYO1C	c5
1.46180169996512e-17	0.147255380179454	0.826	0.713	4.90259054134301e-13	UBXN1	c5
5.33572805444685e-11	0.146917381348034	0.162	0.118	1.78949647490038e-06	REXO4	c5
4.58948588554444e-07	0.146912647228312	0.332	0.282	0.0153922177629389	RER1	c5
3.68097095315005e-12	0.146838284057886	0.29	0.226	1.23452403826746e-07	PSMD3	c5
2.88939201712205e-15	0.146637293072752	0.6	0.491	9.69044294702392e-11	MRPL41	c5
4.13843812809684e-16	0.146589516151381	0.45	0.359	1.38794937940112e-11	NUP98	c5
8.11782969787478e-20	0.14617052925509	0.678	0.56	2.72255772407324e-15	DRAP1	c5
7.40119932895517e-21	0.145669446512118	0.974	0.892	2.48221423094498e-16	COX4I1	c5
2.55402363604745e-11	0.145445080226801	0.313	0.249	8.56568447057595e-07	PDHB	c5
9.11919073194912e-11	0.1452948768532	0.411	0.338	3.05839418768109e-06	SLIRP	c5
1.74931030561923e-13	0.145145248652169	0.384	0.304	5.86683690298578e-09	ACD	c5
1.62429223289864e-10	0.145004982632466	0.282	0.222	5.44755129069546e-06	RCE1	c5
5.58435954559382e-10	0.14494621096996	0.12	0.085	1.87288250440126e-05	ZFYVE1	c5
2.40469867057873e-07	0.144689416731677	0.147	0.114	0.00806487840138693	ING4	c5
7.93217832121154e-08	0.14466259493116	0.176	0.139	0.00266029396536793	USO1	c5
1.03532969939893e-13	0.144610043119282	0.524	0.422	3.47228874584414e-09	SIVA1	c5
4.81332596713382e-07	0.144289311533598	0.207	0.167	0.0161429326285734	MRPS2	c5
9.96357524177212e-14	0.143912061959416	0.137	0.094	3.34158386458553e-09	CALCOCO1	c5
1.42216624480378e-19	0.143762406668982	0.945	0.854	4.76966115182291e-15	SRP14	c5
1.2101659059153e-09	0.143560208923346	0.251	0.2	4.05865441525875e-05	UHMK1	c5
1.10057012616688e-14	0.143556931917919	0.578	0.476	3.69109208913849e-10	EIF4B	c5
1.2815253003218e-10	0.143402532412077	0.309	0.247	4.29797955221925e-06	UBE2J2	c5
2.70400885410133e-17	0.143365771938107	0.997	0.937	9.06870489488505e-13	RPS16	c5
2.35847141235952e-14	0.143203819781395	0.629	0.518	7.90984142277136e-10	ATP5F1D	c5
3.53060842511382e-11	0.143013263822799	0.422	0.345	1.18409545361467e-06	RNF5	c5
3.13829752644441e-07	0.142789506524613	0.243	0.2	0.0105252222441893	STOML2	c5
3.74370973871463e-15	0.142739628788338	0.658	0.56	1.25556537217011e-10	SMAP2	c5
2.51240176355763e-09	0.142545742156646	0.158	0.118	8.42609303461957e-05	PHKG2	c5
2.34353555995122e-07	0.142445291642463	0.144	0.111	0.0078597495609644	TMX2	c5
2.10309243608937e-08	0.142410087900164	0.248	0.199	0.000705335141215652	TTC1	c5
4.60928740097825e-17	0.142362966220779	0.471	0.373	1.54586280854009e-12	SMARCA5	c5
5.51001296428815e-07	0.141615022039895	0.117	0.088	0.0184794814796296	OSTM1	c5
3.37672055249884e-08	0.141578374254512	0.241	0.194	0.00113248453889706	TAF10	c5
8.46930696950412e-10	0.141524798125121	0.306	0.247	2.84043617143229e-05	SSR1	c5
1.46385226761683e-14	0.141450017608449	0.669	0.558	4.90946773513332e-10	UQCR11	c5
8.76607426791152e-07	0.141448718433442	0.27	0.225	0.0293996598797216	TIMM17B	c5
2.24806926888761e-10	0.141388211231435	0.431	0.36	7.53957471399528e-06	EAPP	c5
1.52537784989052e-08	0.141382813846243	0.232	0.186	0.000511581223296283	ATXN10	c5
2.70937340724609e-07	0.141376387219199	0.107	0.079	0.00908669653322193	FUBP3	c5
3.72646512121024e-08	0.141313370098108	0.152	0.116	0.00124978187235149	HMG20B	c5
1.60364900250401e-17	0.141205793660361	0.527	0.424	5.37831802459796e-13	POLR2A	c5
3.90810869523585e-09	0.141205430137664	0.349	0.289	0.00013107014942082	PSMC2	c5
1.77981628894025e-08	0.141008199194545	0.203	0.159	0.000596914786984783	CTDNEP1	c5
2.18074648326316e-09	0.140919912333243	0.344	0.281	7.31378755556799e-05	MRPS15	c5
1.10003899619066e-12	0.140713352639851	0.569	0.468	3.68931078542424e-08	PFDN2	c5
2.33315707937367e-07	0.140711292784271	0.152	0.117	0.00782494221280343	HPS6	c5
1.3336211759413e-07	0.140607184645083	0.072	0.049	0.00447269869987195	TULP4	c5
9.47355766205055e-13	0.140542122652573	0.265	0.205	3.17724176869851e-08	PSTPIP1	c5
3.37019624751465e-11	0.140410379738596	0.437	0.358	1.13029641749146e-06	C8orf59	c5
1.70319140319665e-12	0.140318845564211	0.385	0.303	5.71216332804092e-08	LSM10	c5
6.26859838010392e-14	0.140258987221944	0.653	0.545	2.10236252471925e-09	BUB3	c5
2.62612186071368e-11	0.139933227094361	0.218	0.165	8.80748749646153e-07	UBASH3A	c5
6.37219362410437e-10	0.139878542300911	0.399	0.329	2.13710629765212e-05	AIP	c5
9.08868720140749e-15	0.139813697628414	0.768	0.681	3.04816391360804e-10	SEPT7	c5
2.91210945491351e-13	0.13977378509721	0.683	0.576	9.76663268988893e-09	SPCS1	c5
4.99196048125724e-09	0.139757937406165	0.321	0.262	0.000167420370620405	MRPL33	c5
1.12976473137876e-08	0.139637076944241	0.167	0.128	0.000378900495609809	MTA2	c5
2.71321354954061e-08	0.139624746811384	0.158	0.121	0.000909957560244929	SLC39A7	c5
1.67703316456674e-12	0.139522965069338	0.483	0.393	5.62443382732393e-08	VAMP8	c5
2.35812267644448e-11	0.139445899867227	0.548	0.457	7.90867183225949e-07	TMED2	c5
3.01315505796655e-15	0.13931736076262	0.729	0.612	1.01055194334082e-10	PSMB8	c5
3.69521279545464e-12	0.139305359967892	0.593	0.494	1.23930046733958e-07	EIF3L	c5
1.61384791797207e-11	0.139252638768403	0.658	0.557	5.41252314729471e-07	SEC61G	c5
1.84601469587543e-20	0.139202208163087	0.91	0.811	6.19116408702702e-16	SKP1	c5
3.25261936874928e-12	0.139178482571037	0.298	0.232	1.09086348389113e-07	SIGIRR	c5
1.86144935010938e-12	0.13893741735612	0.556	0.465	6.24292883039685e-08	EIF3I	c5
5.68010953771165e-10	0.138761366261869	0.344	0.278	1.90499513675773e-05	POLR2C	c5
1.64990605719937e-10	0.138598952950054	0.236	0.183	5.53345493463524e-06	H2AFX	c5
1.36769551258545e-11	0.13859726427764	0.49	0.402	4.58697721010909e-07	PSMD11	c5
7.56706203708167e-08	0.138566428792419	0.279	0.228	0.00253784126599645	VBP1	c5
2.50104328358514e-19	0.138562936581085	0.512	0.413	8.38799896448784e-15	DDX6	c5
2.58970507062721e-08	0.138483934867158	0.263	0.212	0.000868535286586955	SVIP	c5
3.12307102588883e-14	0.138225703975468	0.481	0.386	1.0474155606626e-09	GPI	c5
1.08832133740063e-23	0.138169174170814	0.991	0.924	3.65001210137423e-19	MYL6	c5
7.17750933419512e-07	0.138026757483452	0.229	0.187	0.0240719308050236	TSR2	c5
1.26598952824562e-08	0.137704200778903	0.206	0.162	0.000424587567983018	TCAF2	c5
2.64142722512267e-15	0.137636636096376	0.617	0.508	8.85881862761642e-11	PSMD7	c5
2.68308017997263e-12	0.137235175595076	0.53	0.438	8.99851430759221e-08	AURKAIP1	c5
7.83028996670026e-14	0.137002937467023	0.608	0.511	2.62612264903193e-09	PAK2	c5
8.19830618427978e-09	0.136995918706764	0.394	0.332	0.000274954792808375	ERGIC3	c5
5.73351928509458e-12	0.136974926898703	0.446	0.368	1.92290769783502e-07	GIMAP7	c5
3.07343399582421e-07	0.136944365778367	0.182	0.143	0.0103076829351952	RNF139	c5
2.97003149482663e-15	0.136944325093856	0.599	0.494	9.96089162734956e-11	NUDC	c5
1.55193430398847e-15	0.136769954767138	0.799	0.685	5.20487726871654e-11	HMGN1	c5
1.30814633102676e-10	0.136722556196953	0.383	0.312	4.38726116499756e-06	ACTR1A	c5
6.71769753447942e-11	0.136710644081962	0.512	0.425	2.25298139911371e-06	TSPO	c5
1.8147991013511e-12	0.136598903226478	0.34	0.269	6.08647322611132e-08	LRP10	c5
2.54748984046525e-17	0.136460997970814	0.788	0.658	8.54377142695235e-13	SLC25A5	c5
3.83509469148652e-08	0.135888625311331	0.245	0.198	0.00128621405763075	USP39	c5
9.16652854433548e-10	0.135660968742164	0.1	0.069	3.07427034319923e-05	CC2D1B	c5
2.41177112845917e-07	0.135627253797817	0.276	0.229	0.00808859801062637	TSN	c5
2.70516950223405e-07	0.135410840671798	0.149	0.115	0.00907259747659256	CKAP5	c5
2.28856680968863e-21	0.135084569050426	0.952	0.883	7.67539536633373e-17	HSP90AB1	c5
2.57487392543302e-12	0.134918588285837	0.725	0.611	8.63561217111725e-08	NDUFA4	c5
1.38687653233235e-06	0.134855223183434	0.166	0.131	0.0465130651413625	EIF4EBP2	c5
1.57459146001104e-10	0.134413767999351	0.542	0.455	5.28086483858502e-06	BRK1	c5
7.80806167758026e-12	0.134328826902695	0.515	0.425	2.61866772542687e-07	AP2M1	c5
1.97530916048857e-09	0.134065224843093	0.378	0.308	6.62479186244658e-05	PRELID3B	c5
1.60460181994529e-10	0.133828192263058	0.47	0.391	5.3815135837325e-06	NDUFS6	c5
1.58962011328174e-09	0.133727763127747	0.185	0.141	5.33126793592432e-05	CCDC97	c5
1.35695543238516e-07	0.133540244880575	0.191	0.152	0.00455095712913336	NFATC3	c5
6.39544880969082e-17	0.133504261915558	0.42	0.333	2.14490562179411e-12	CHD1	c5
5.43964870368679e-08	0.13304737392178	0.192	0.152	0.00182434938224248	SIKE1	c5
1.63759236643798e-10	0.132976695164172	0.513	0.43	5.49215727855968e-06	SELENOW	c5
2.43604487916855e-07	0.132879634239545	0.095	0.069	0.00817000731575547	PTPN9	c5
1.47885740029894e-10	0.132876488669145	0.355	0.288	4.9597919491226e-06	TKT	c5
5.92087185251471e-08	0.132716974404598	0.345	0.287	0.00198574200189638	FAM96A	c5
1.72949826826977e-12	0.13257273876463	0.287	0.221	5.80039129212316e-08	IP6K1	c5
8.7636116898279e-07	0.13237198874868	0.23	0.188	0.0293914008853448	SCP2	c5
4.25919107623031e-07	0.132350377048825	0.204	0.164	0.0142844750314612	SAMM50	c5
2.98872623297748e-12	0.132330584282369	0.522	0.433	1.00235900401599e-07	APH1A	c5
2.59517931354949e-08	0.131974671388295	0.092	0.065	0.000870371238178228	MFSD14C	c5
5.09062105500597e-07	0.131956892659234	0.096	0.07	0.017072924894279	CASC4	c5
5.45355265143156e-13	0.131812748927088	0.25	0.188	1.82901248823712e-08	SUDS3	c5
4.9812968436026e-11	0.131739829802828	0.503	0.418	1.67062733540744e-06	EMC7	c5
9.7877526096273e-08	0.131717820750296	0.232	0.188	0.0032826164702168	ARMCX3	c5
3.04617283226662e-14	0.131701373614001	0.588	0.488	1.02162544448558e-09	LPXN	c5
1.30976026260124e-08	0.131555474592659	0.235	0.186	0.000439267396871203	CHCHD7	c5
5.12421956496343e-11	0.131479562961736	0.483	0.399	1.71856075769743e-06	CLTB	c5
3.50042430691925e-08	0.131337262341076	0.203	0.162	0.00117397230405458	PDCD7	c5
1.26358787819249e-12	0.131073923996264	0.506	0.419	4.23782102588197e-08	SF3A1	c5
2.14840864194633e-09	0.130956099365848	0.399	0.332	7.20533290335959e-05	ZNHIT3	c5
1.2634210765265e-10	0.130890662243562	0.457	0.377	4.23726160645458e-06	TXNL1	c5
3.30408873501674e-11	0.130875470015019	0.732	0.635	1.10812527994991e-06	PSMB1	c5
3.02743820557829e-12	0.130791296317511	0.155	0.11	1.01534222538685e-07	RUBCN	c5
6.47311582650216e-07	0.130319482733176	0.129	0.099	0.0217095358589229	TAF2	c5
1.16624234181862e-07	0.13031010144379	0.131	0.099	0.00391134356599129	FAM120B	c5
1.00119722886918e-10	0.12998580619554	0.424	0.346	3.35781526618146e-06	NDUFS3	c5
2.95747401223423e-15	0.129752337852185	0.755	0.636	9.91877634223115e-11	UBE2I	c5
8.81605307458854e-07	0.129661064605125	0.165	0.13	0.029567278801555	LRWD1	c5
5.91641780420367e-09	0.129550245530586	0.396	0.327	0.000198424820317383	ASNA1	c5
2.07420903405645e-14	0.12952251530182	0.575	0.467	6.95648225841851e-10	PSME2	c5
1.38622026642841e-20	0.129466154712472	0.989	0.918	4.64910552954762e-16	RPSA	c5
4.46073163206356e-13	0.129163551652319	0.518	0.423	1.49604017476148e-08	DCXR	c5
8.57565315089116e-13	0.128969558461228	0.356	0.281	2.87610255374588e-08	WDR33	c5
2.29599561557895e-11	0.128910450903687	0.518	0.432	7.70031009552867e-07	TRAPPC1	c5
1.62248090157956e-07	0.128831489658834	0.109	0.081	0.00544147644771753	MCCC2	c5
7.7337487615577e-07	0.128827034178574	0.173	0.138	0.0259374465965122	BORCS5	c5
1.18508322982694e-45	0.128777919750366	0.999	0.96	3.97453213619361e-41	H3F3B	c5
1.01601189075662e-06	0.128725017071705	0.185	0.148	0.0340750067921955	SGTA	c5
9.64714051712536e-13	0.128549922183742	0.586	0.483	3.2354579866335e-08	SNRPD3	c5
1.73102229709195e-07	0.128378489597316	0.129	0.097	0.00580550257998699	TPRG1L	c5
1.90287695256427e-09	0.128206080912015	0.112	0.079	6.38186872351006e-05	SIK2	c5
4.88272107472855e-07	0.127999600560283	0.172	0.135	0.0163756699404246	MED30	c5
6.60701038859259e-26	0.127879925199734	0.997	0.944	2.21585914412618e-21	RPS25	c5
6.14527501203727e-16	0.127866816456473	0.758	0.646	2.06100233353706e-11	RABAC1	c5
6.79421589079676e-11	0.127308119223367	0.4	0.324	2.27864412545542e-06	MED4	c5
1.49173181410884e-09	0.127193025483753	0.156	0.116	5.00297015815824e-05	LETM1	c5
4.58083487783657e-10	0.127147869049666	0.419	0.341	1.53632040132883e-05	MEA1	c5
1.49482005098751e-13	0.127131509281836	0.38	0.3	5.01332748700191e-09	USP14	c5
1.68228825412055e-13	0.12691115612064	0.763	0.652	5.64205834666952e-09	SNRPB	c5
1.20930964399652e-08	0.126893105034813	0.532	0.45	0.000405578268403551	TOMM5	c5
1.79704339199611e-12	0.126816599179825	0.54	0.447	6.02692412807656e-08	SELENOS	c5
8.07553917974717e-08	0.126734075177757	0.223	0.18	0.00270837433010361	PCED1B	c5
2.29426366879812e-14	0.126479279093791	0.536	0.442	7.69450149241512e-10	RNH1	c5
1.55290637051943e-07	0.126174054710178	0.075	0.052	0.00520813738544807	TRIM25	c5
6.80434191376671e-11	0.126173298803462	0.559	0.465	2.28204019103908e-06	NDUFB10	c5
8.8747081318621e-07	0.126074098024384	0.155	0.122	0.0297639961326391	ALKBH5	c5
5.73960121979791e-07	0.126037480882104	0.15	0.117	0.0192494745709582	TRAFD1	c5
8.68624658908585e-09	0.125516938901986	0.267	0.213	0.000291319338104761	CERS2	c5
3.87039605266063e-09	0.125393041678121	0.253	0.201	0.000129805342814132	VPS4A	c5
1.88238346501963e-14	0.12534967771399	0.573	0.473	6.31313766498282e-10	BCL3	c5
2.30324249623237e-16	0.125038124206793	0.88	0.786	7.72461468386412e-12	SOD1	c5
4.40438863985027e-13	0.124805515724164	0.69	0.59	1.47714386203298e-08	RPN1	c5
1.83589607408545e-10	0.124797152073425	0.415	0.338	6.15722825326778e-06	ZNRD1	c5
1.78907465308482e-25	0.124764101973113	0.773	0.641	6.00019857151587e-21	HMGN2	c5
9.2332925773421e-11	0.123952348083421	0.141	0.102	3.09666166458899e-06	TNRC6A	c5
9.19951991498104e-12	0.123783321338047	0.534	0.443	3.08533498908634e-07	LSM14A	c5
9.8622051173403e-12	0.123587350683117	0.65	0.543	3.30758635225359e-07	VDAC2	c5
3.38196026617247e-11	0.123160555665001	0.445	0.363	1.13424183406892e-06	MDH1	c5
1.14470331155373e-19	0.123086471364009	0.184	0.122	3.83910596628889e-15	DTHD1	c5
1.02680430515891e-12	0.122747060515303	0.682	0.578	3.44369627864196e-08	JTB	c5
1.37988487866341e-15	0.122568486319363	0.27	0.202	4.62785790606135e-11	SLC20A1	c5
9.92530758233753e-12	0.122568283928536	0.471	0.389	3.32874965696436e-07	CEBPZ	c5
4.27242031982671e-12	0.122495294108321	0.691	0.597	1.43288432686348e-07	EIF3G	c5
5.40388315420084e-12	0.122491763935986	0.698	0.61	1.81235433225588e-07	NDUFA1	c5
1.41002687572582e-12	0.122459575369004	0.518	0.43	4.72894813580924e-08	HNRNPR	c5
4.58190915532606e-07	0.122275406595727	0.233	0.19	0.0153668069251325	NDUFAF8	c5
3.56099193437119e-07	0.122175682986501	0.136	0.105	0.0119428547494941	SMARCAD1	c5
2.28307214364519e-12	0.122131066648338	0.774	0.665	7.65696735535723e-08	HNRNPA3	c5
6.1243577160315e-10	0.122110003560068	0.5	0.418	2.05398709080265e-05	POLR2I	c5
2.84315090056238e-07	0.121964278339981	0.161	0.126	0.00953535949030611	ARF3	c5
1.5208834629925e-10	0.121934175849639	0.167	0.124	5.10073895818425e-06	TRIM38	c5
1.3203188959058e-07	0.121843084968507	0.1	0.072	0.00442808551308888	ACOX1	c5
5.80481966613548e-12	0.121832224284831	0.267	0.206	1.94682041962852e-07	NORAD	c5
7.15912642098734e-16	0.121799923688987	0.345	0.265	2.40102781907073e-11	LRRFIP2	c5
4.29013203286531e-10	0.121571663906663	0.365	0.299	1.43882448118237e-05	BUD23	c5
6.00967576531653e-16	0.121093892400373	0.388	0.301	2.01552505817186e-11	EIF4G1	c5
5.35221362782009e-11	0.12094380522884	0.679	0.581	1.7950254064983e-06	POMP	c5
1.83541598438846e-07	0.120855923836721	0.211	0.169	0.00615561812844201	FASLG	c5
3.43108693270073e-12	0.120204172222379	0.639	0.538	1.15071793548917e-07	ATP5ME	c5
3.61348202315661e-09	0.120178819287576	0.267	0.214	0.000121188960092626	CAB39	c5
6.69058058228378e-12	0.119922652664111	0.188	0.139	2.24388691568634e-07	USP7	c5
5.63376537978101e-14	0.119826563219734	0.932	0.85	1.88945223307096e-09	SUB1	c5
3.70943529857771e-11	0.119792163649834	0.662	0.557	1.24407041043699e-06	ATP5MF	c5
3.10841298558632e-08	0.119743510198975	0.168	0.13	0.00104249954710594	DYNC1I2	c5
2.28629272526363e-11	0.119547139522772	0.235	0.181	7.66776854198917e-07	SRSF1	c5
7.52415479632951e-10	0.11940976968417	0.337	0.274	2.52345103559299e-05	PLEKHB2	c5
9.30138417492978e-13	0.1193468784726	0.264	0.201	3.11949822458795e-08	OXSR1	c5
2.40445239935672e-10	0.119255923178587	0.382	0.31	8.06405245696256e-06	UQCRC1	c5
1.85691248170123e-08	0.118871040159313	0.548	0.47	0.000622771308112958	UXT	c5
2.05839709333763e-11	0.118822546139594	0.739	0.633	6.90345217163574e-07	SNRPG	c5
4.57010038486166e-09	0.11870561465948	0.085	0.058	0.00015327202670749	SLC12A9	c5
6.28006895456816e-12	0.118678681651631	0.547	0.453	2.10620952598307e-07	TCEA1	c5
2.07030320257437e-11	0.118634364714457	0.429	0.348	6.94338288079391e-07	ORAI1	c5
1.20460608265477e-06	0.118471639004113	0.197	0.159	0.0404000788000757	UBLCP1	c5
1.10810659154204e-13	0.118442485412461	0.662	0.555	3.71636788671371e-09	ATP6V0B	c5
3.5955096669503e-08	0.118379329209251	0.355	0.295	0.00120586203210179	MESD	c5
9.77077413917984e-07	0.118371023208756	0.163	0.128	0.0327692223079814	VAMP7	c5
2.83681751992096e-08	0.118259689148011	0.11	0.08	0.000951411859831091	ITFG2	c5
4.13487341071243e-08	0.118252628240444	0.223	0.177	0.00138675384448473	MFAP1	c5
1.7352699501089e-10	0.118035231569292	0.313	0.251	5.81974835867523e-06	TDG	c5
9.06165067196783e-14	0.117804699245769	0.302	0.233	3.03909640236457e-09	KDM5B	c5
1.35709761134068e-10	0.117772023037675	0.366	0.297	4.55143396891437e-06	SPAG7	c5
1.61644461117742e-09	0.117765657466408	0.314	0.255	5.42123193696684e-05	KIAA1191	c5
2.34473853870303e-08	0.117595671543173	0.129	0.096	0.000786378411110223	TRNT1	c5
3.55187136293336e-08	0.117235347742855	0.248	0.2	0.00119122661770059	NSMCE3	c5
5.10114927520324e-08	0.117211315654038	0.426	0.359	0.00171082344391766	C4orf48	c5
4.41362589126032e-12	0.117205924514424	0.329	0.257	1.48024185141089e-07	RNF4	c5
1.48982939270949e-07	0.117083047114676	0.335	0.282	0.0049965898172691	CD5	c5
4.39387472541031e-16	0.116931463387018	0.985	0.906	1.47361770540811e-11	PPIA	c5
3.08815145486074e-09	0.116562379822098	0.192	0.148	0.00010357042349312	UTP6	c5
7.56578041009862e-07	0.116440216522974	0.172	0.136	0.0253741143393888	UFSP2	c5
1.74014787556541e-08	0.116213758035597	0.267	0.214	0.000583610794507128	KLHDC3	c5
6.20074294114675e-07	0.116044938408757	0.251	0.207	0.020796051676018	NUBP2	c5
1.18811372679786e-21	0.11592017767376	1	0.951	3.98469581693467e-17	RPL7A	c5
1.22067211321172e-09	0.115854574124743	0.523	0.445	4.09389013328946e-05	PNPLA2	c5
3.40149220521171e-09	0.115786151932666	0.309	0.252	0.00011407924557839	AFTPH	c5
3.66514789786093e-10	0.115706800089032	0.217	0.168	1.2292173019846e-05	GAPVD1	c5
2.42731050381851e-09	0.115499931191039	0.272	0.216	8.14071396770651e-05	CYB5B	c5
5.88754177990873e-09	0.115154077540119	0.446	0.374	0.000197456376214579	RAB1B	c5
4.81485705860059e-15	0.115069317465278	0.907	0.815	1.61480676031347e-10	PSMA7	c5
1.39426196269285e-08	0.115030442590466	0.383	0.317	0.000467607577047927	SDHB	c5
2.29653700289395e-09	0.114954688803864	0.098	0.068	7.70212580030573e-05	KDM4B	c5
8.58023440714645e-12	0.11473789850044	0.419	0.337	2.87763901546878e-07	DERL1	c5
1.47082134542622e-21	0.114544692824084	0.999	0.944	4.93284062829044e-17	RPLP0	c5
1.00951569672036e-11	0.114096011290702	0.703	0.608	3.38571374366076e-07	SERP1	c5
1.15711504072284e-11	0.11399515903639	0.659	0.56	3.88073242357625e-07	PET100	c5
1.85650429662223e-10	0.11364853135926	0.304	0.243	6.22634411001163e-06	PLEKHA2	c5
3.966652300131e-16	0.113616937042361	0.174	0.12	1.33033584841793e-11	HCG18	c5
1.03523592727069e-10	0.113543781941445	0.446	0.365	3.47197425288044e-06	ISCA1	c5
3.70435237173922e-08	0.113467511390086	0.602	0.515	0.0012423656984339	NDUFB4	c5
5.67764261297295e-13	0.113294470082591	0.678	0.569	1.90416777953887e-08	PPP4C	c5
1.33219611613266e-12	0.113207475265105	0.828	0.728	4.46791933428572e-08	CORO1A	c5
6.75342423816897e-07	0.11319792847362	0.294	0.245	0.0226496342099711	CLNS1A	c5
4.71153812248591e-08	0.113075880083252	0.466	0.395	0.00158015565551932	PDCD6	c5
8.45918800222591e-07	0.112950096124549	0.083	0.06	0.0283704247218652	MFN1	c5
6.96623603435701e-07	0.112866291831847	0.257	0.212	0.0233633624120266	AASDHPPT	c5
1.48885631474445e-11	0.112669428235777	0.37	0.294	4.99332630838995e-07	NSFL1C	c5
2.03178462239978e-07	0.112409327256337	0.073	0.051	0.00681419926660439	ZNF708	c5
1.5402377769699e-12	0.112345097607102	0.335	0.264	5.16564945640164e-08	CEP57	c5
1.15659219995318e-12	0.11211180693448	0.891	0.802	3.87897892020298e-08	TRIR	c5
6.87668890714232e-07	0.112099651667493	0.07	0.049	0.0230630392567739	CBX4	c5
5.90000115271385e-13	0.111962084373385	0.533	0.436	1.97874238659717e-08	HNRNPM	c5
3.29010571720511e-07	0.11192797936457	0.124	0.094	0.0110343565543625	CRTC3	c5
4.46543636084262e-08	0.111590558601644	0.221	0.177	0.0014976180466994	RABGGTB	c5
1.26947967832622e-07	0.1115633976698	0.358	0.298	0.00425758094517048	COX7A2L	c5
4.23292718249375e-09	0.111415640065142	0.17	0.128	0.000141963911846476	KMT5B	c5
6.18787911617479e-14	0.11131945542026	0.891	0.793	2.0752908979827e-09	CD3D	c5
5.91683345117771e-15	0.1111050569104	0.867	0.788	1.98438760285598e-10	ZFP36	c5
5.69792851612297e-19	0.111018740601188	0.293	0.216	1.91097126573732e-14	ACADVL	c5
1.67515314035787e-17	0.110822415541868	0.998	0.942	5.61812860213221e-13	RPL23A	c5
1.86665193534348e-11	0.110724418162308	0.781	0.681	6.26037726075497e-07	SSR2	c5
3.40257026173975e-07	0.110618406287654	0.249	0.203	0.0114115401438228	HDGF	c5
4.76665796699798e-16	0.110550116172295	0.249	0.182	1.59864174897178e-11	SETX	c5
1.43766188788837e-08	0.110548095334268	0.526	0.45	0.000482163043960003	TRAM1	c5
2.94990465767997e-08	0.110314156481574	0.293	0.241	0.000989339024092709	MX1	c5
9.78682230413692e-13	0.11028738472653	0.757	0.661	3.28230446436144e-08	PAIP2	c5
2.40186265622549e-22	0.110086331902219	0.788	0.662	8.05536697644905e-18	JUNB	c5
5.57632376132286e-07	0.109941079643067	0.187	0.148	0.0187018746307246	TP53RK	c5
1.99706341666109e-12	0.109816645917428	0.279	0.216	6.69775128679795e-08	PTPRA	c5
1.36815262303758e-09	0.10948911218316	0.539	0.455	4.58851026714344e-05	MOB1A	c5
3.04820907402501e-08	0.109160052783103	0.213	0.169	0.00102230835924651	EFTUD2	c5
1.11460400838856e-06	0.109152896561131	0.079	0.057	0.0373815892333354	RASA1	c5
8.94767598221343e-10	0.109065921234958	0.45	0.371	3.00087157091474e-05	PSMC3	c5
1.4801216725502e-14	0.108979573096912	0.372	0.295	4.96403206539885e-10	GDI1	c5
1.81892494143476e-07	0.108776810593529	0.17	0.134	0.00610031046858389	ACAA1	c5
2.21331203801097e-07	0.108729550425278	0.182	0.144	0.00742300591308118	FPGS	c5
5.14894046311924e-11	0.108603152834477	0.336	0.269	1.72685165252093e-06	DPF2	c5
4.18785297736595e-09	0.108549358877275	0.691	0.594	0.000140452213154899	RBX1	c5
1.07173707815256e-06	0.108486102419168	0.138	0.107	0.0359439181270807	ZDHHC20	c5
8.32372194317997e-09	0.108418551588734	0.407	0.339	0.00027916098653037	MARCKSL1	c5
1.9475192324064e-07	0.108256477890394	0.316	0.262	0.00653159000164459	TPGS1	c5
1.36239692497062e-15	0.108124941474095	0.417	0.325	4.56920680696647e-11	SNHG15	c5
1.09276898759236e-10	0.108079976858394	0.579	0.492	3.66492863058727e-06	HSPA9	c5
1.23718675562532e-07	0.107985152264965	0.182	0.143	0.00414927694101621	PAFAH1B2	c5
2.42070634504641e-08	0.107883375771064	0.314	0.258	0.000811856494001665	SELENOH	c5
2.73638591836558e-10	0.107834170837486	0.636	0.54	9.17729109301449e-06	SYF2	c5
1.84719649984487e-08	0.107747218611648	0.151	0.114	0.000619512762117974	TRIM11	c5
7.1390656168035e-12	0.107711236220025	0.405	0.336	2.39429982656356e-07	PRKCH	c5
8.54055881117436e-14	0.107614535898532	0.51	0.418	2.86433261409166e-09	GRB2	c5
1.07324592725368e-08	0.107450119658458	0.201	0.156	0.000359945219082338	TMUB2	c5
3.52896153117291e-08	0.107240056840992	0.274	0.223	0.00118354311832477	CTNNB1	c5
3.15259489294653e-10	0.107220130936696	0.216	0.167	1.05731727519641e-05	SPNS1	c5
5.59926302920549e-10	0.107163336208325	0.483	0.401	1.87788083473494e-05	TMED10	c5
3.26663353258152e-10	0.106836668504313	0.774	0.666	1.09556355415719e-05	COX6B1	c5
2.48830549862257e-10	0.106515189633843	0.154	0.113	8.34527898128036e-06	SEC24C	c5
2.32457978935377e-13	0.106341775324977	0.954	0.882	7.79617569753468e-09	EEF2	c5
6.82531672758814e-09	0.106022783349192	0.312	0.253	0.000228907472409851	SMU1	c5
8.38166685742395e-11	0.105788355908436	0.854	0.759	2.81104343064284e-06	RPL23	c5
1.51958602218187e-11	0.10572952895468	0.185	0.137	5.09638760119356e-07	OSGEP	c5
1.00099213012372e-08	0.105721506522506	0.39	0.322	0.000335712740600892	TRAPPC3	c5
2.04982312828089e-18	0.105544980244963	0.868	0.767	6.87469680762845e-14	DDX24	c5
1.91119030693159e-09	0.105469994177825	0.809	0.712	6.40975005138718e-05	EIF3K	c5
9.5340244476254e-08	0.105419503080525	0.293	0.241	0.00319752111924461	PDAP1	c5
9.91329307501629e-11	0.105410104786563	0.719	0.615	3.32472023149896e-06	UQCR10	c5
2.57447869240263e-07	0.104704168516101	0.234	0.191	0.00863428663857993	TRIM26	c5
1.58204406763103e-08	0.104695037227331	0.264	0.211	0.000530585939402096	SNRNP27	c5
6.07523064070152e-10	0.104428820987553	0.372	0.303	2.03751085227848e-05	MRPS34	c5
7.8347580261057e-07	0.104383062009504	0.14	0.108	0.0262762114679533	TMEM127	c5
8.6235975569763e-13	0.104212315497365	0.237	0.179	2.89218214865871e-08	ZNF335	c5
6.41441837384585e-09	0.104137255010167	0.283	0.227	0.000215126763422042	ARHGAP17	c5
2.27391416415398e-14	0.104034778208838	0.366	0.286	7.62625332373961e-10	CSRNP1	c5
1.18958029693706e-06	0.103986326801404	0.14	0.109	0.039896143998675	COQ10A	c5
6.35847055797736e-09	0.103772266939687	0.176	0.135	0.000213250385573445	CNDP2	c5
6.51499444271212e-07	0.10360413487144	0.279	0.234	0.0218499883619679	PITPNC1	c5
1.14544148798305e-07	0.103383508254312	0.319	0.263	0.00384158166239756	NAA20	c5
1.09233060861336e-08	0.103355575453295	0.479	0.401	0.000366345839516748	MDH2	c5
4.09555266089908e-13	0.103190470726871	0.3	0.233	1.37356645141233e-08	ZC3H18	c5
8.12398743449857e-08	0.103142098737655	0.237	0.192	0.00272462290578213	SUZ12	c5
8.29354321317348e-07	0.103088509899126	0.078	0.056	0.0278148852283412	PHLPP2	c5
1.07965270054408e-09	0.102922160609055	0.326	0.265	3.62093922708474e-05	CTR9	c5
8.36068992409572e-09	0.102904943519337	0.541	0.456	0.000280400818674322	UQCRQ	c5
1.03977934531277e-11	0.102885954216769	0.206	0.154	3.48721196830995e-07	STX4	c5
6.92767812593399e-12	0.102849498026321	0.59	0.486	2.32340468987574e-07	STRAP	c5
5.30036861150607e-13	0.102687267326665	0.426	0.341	1.7776376249269e-08	RBBP4	c5
4.54272058671841e-13	0.102638149776642	0.893	0.792	1.52353763037362e-08	MIF	c5
2.49397925481133e-09	0.10253761286315	0.396	0.33	8.36430762478624e-05	EMC3	c5
9.40334671719475e-17	0.10246119790132	0.999	0.948	3.15369442201278e-12	RPL6	c5
2.8968634768211e-09	0.102251423288326	0.26	0.207	9.71550072856259e-05	MOB4	c5
5.78425410148363e-08	0.1021713252063	0.186	0.145	0.00193992314055558	TOMM40	c5
1.2824389579223e-07	0.102055622923155	0.09	0.065	0.00430104377707982	SOS2	c5
3.36958307163441e-08	0.101997796042179	0.283	0.229	0.00113009077056475	ATP6V1D	c5
3.82098595840046e-07	0.101890293964519	0.229	0.185	0.0128148227072835	DNAJB9	c5
2.84486545700576e-10	0.101871816171149	0.487	0.408	9.5411097697059e-06	CDC42SE1	c5
1.26550777724261e-14	0.101774450506037	0.394	0.31	4.24425998331627e-10	COPA	c5
1.34973031808997e-08	0.10164927819754	0.56	0.473	0.000452672554081015	NDUFAB1	c5
6.24699580573812e-11	0.101627473285996	0.524	0.432	2.09511745332845e-06	SF3A2	c5
9.93663027368563e-07	0.101624402470895	0.187	0.15	0.0333254706118869	IFI35	c5
2.53602389493086e-13	0.10145805578059	0.396	0.317	8.50531693881911e-09	ZNF267	c5
1.69018706603426e-08	0.101405781231303	0.149	0.112	0.000566854938206571	ZBTB11	c5
3.94108909990452e-09	0.101238988388986	0.243	0.191	0.000132176246232598	EFCAB14	c5
6.32932518146741e-15	0.101194587207595	0.987	0.917	2.12272907936054e-10	CFL1	c5
7.63971289976598e-09	0.101050967317654	0.391	0.323	0.000256220691232351	SUMO3	c5
4.73829347366159e-09	0.101033225060436	0.439	0.364	0.000158912886519663	GTF2A2	c5
9.06423745067355e-11	0.101005972097568	0.227	0.175	3.03996395620689e-06	MAP3K8	c5
8.02145302085155e-10	0.100837961014328	0.165	0.123	2.69023491413319e-05	ELL2	c5
4.49405075983237e-19	0.10063225373385	0.93	0.85	1.50721474383258e-14	ADGRE5	c5
2.52846925050989e-09	0.100577117476399	0.677	0.601	8.47998017236006e-05	BZW1	c5
1.01855335300069e-11	0.100446557070249	0.341	0.27	3.41602423529372e-07	PRPF6	c5
1.28114519378156e-07	0.100427756915774	0.153	0.119	0.00429670475090459	ACSL1	c5
4.41527134077608e-08	0.100424730978448	0.482	0.402	0.00148079370226948	EMC4	c5
1.0865768362911e-07	0.10036357510384	0.267	0.216	0.0036441613935531	SSRP1	c5
6.75886555304804e-07	0.100297891232382	0.191	0.153	0.0226678832918125	GBP4	c5
9.43702565633274e-10	0.100028596992683	0.195	0.149	3.16498966462087e-05	IREB2	c5
8.59778753667917e-08	-4.94326390356058	0	0.01	0.00288352598405146	CTSL	c5
0.00450817975483011	-4.05607173817772	0.007	0.013	1	HSPA6	c5
5.89205061266992e-09	-3.95804343052733	0	0.012	0.000197607593447724	GTSE1	c5
1.10602492310592e-21	-3.75243869275824	0.004	0.038	3.70938638711265e-17	CCR6	c5
1.45258543989323e-07	-3.41468627573716	0.001	0.012	0.00487168104831391	C1orf162	c5
1.25232362953115e-10	-3.34728703141235	0.002	0.017	4.20004298872156e-06	PKMYT1	c5
1.10555830473957e-17	-3.31991854368622	0.009	0.04	3.70782144243558e-13	CCL20	c5
6.64933516254247e-11	-3.09139571850374	0.002	0.018	2.23005402681349e-06	TRABD2A	c5
1.79214784552976e-23	-3.00129597880148	0.009	0.049	6.01050544433771e-19	S1PR1	c5
1.55574906576802e-06	-2.99503286349658	0.001	0.01	0.052176712167728	PPARG	c5
3.20796174475946e-26	-2.8125633069396	0.01	0.055	1.07588620995743e-21	LEF1	c5
1.93122541706771e-07	-2.79225666865088	0.002	0.012	0.00647694380376168	BIRC5	c5
1.58484334169e-10	-2.718328108358	0.006	0.024	5.31524759935994e-06	TRAV10	c5
1.29529346996313e-19	-2.64595365331844	0.007	0.04	4.34415523956236e-15	IL18R1	c5
2.47012697692393e-11	-2.63997708381332	0.005	0.023	8.28431185520747e-07	CLU	c5
1.035056819165e-07	-2.62334023395659	0.001	0.012	0.00347137356011558	CDC45	c5
1.73616374965158e-06	-2.59876073063745	0.002	0.011	0.0582274598358146	TROAP	c5
1.38447639821548e-33	-2.5059478247184	0.073	0.148	4.64325694433507e-29	FOS	c5
4.94999966188496e-05	-2.49593300047708	0.002	0.01	1	MBOAT1	c5
4.17174290322004e-08	-2.49265101376219	0.002	0.015	0.00139911913488194	IL26	c5
1.91681520793963e-22	-2.45745418709286	0.016	0.058	6.42861484438794e-18	GRAMD1C	c5
1.71351108457179e-144	-2.43504072061653	0.085	0.303	5.74677347543686e-140	RORA	c5
5.54768122174028e-15	-2.42578084367168	0.007	0.033	1.86058132814726e-10	GPR34	c5
4.59531172996149e-08	-2.36058145967317	0.002	0.014	0.00154117564799448	CCNB2	c5
1.65863193243672e-19	-2.32003359487807	0.029	0.072	5.56271977500629e-15	ATF3	c5
3.69429815639549e-07	-2.22116508645834	0.002	0.012	0.0123899371569192	AURKB	c5
1.05741575980014e-08	-2.21581103781835	0.003	0.017	0.000354636097521773	CDCA5	c5
1.42220046325383e-05	-2.21025204181544	0.003	0.011	0.476977591366069	IL12RB2	c5
4.13159013564717e-07	-2.19630218758651	0.006	0.019	0.0138565269969335	MIR222HG	c5
3.41143829108319e-07	-2.19135075567529	0.002	0.013	0.0114412817406348	RRM2	c5
0.000103242336700739	-2.16197263258495	0.003	0.01	1	DDIT4L	c5
0.000183762669044178	-2.10684167000982	0.003	0.01	1	CDK5R1	c5
1.00878624379083e-08	-2.10457270493624	0.007	0.023	0.000338326730442569	TMEM163	c5
1.8157665461514e-05	-2.09731844443919	0.004	0.013	0.608971784248257	BCAR3	c5
5.508110068034e-05	-2.03485009430284	0.003	0.011	1	FXYD7	c5
5.43962431143429e-17	-2.02976162942853	0.012	0.043	1.82434120156883e-12	MYC	c5
2.11672680242555e-24	-1.98558975098828	0.02	0.068	7.09907834997481e-20	TMIGD2	c5
0.186261929035547	-1.97986627705964	0.104	0.109	1	HSPA1B	c5
3.4027321309769e-06	-1.97250805953121	0.009	0.021	0.114120830208703	UBE2C	c5
8.31813439941626e-35	-1.9607983715006	0.031	0.098	2.78973591487623e-30	TNFSF14	c5
8.99666331113391e-10	-1.94714814770772	0.009	0.027	3.01730094128809e-05	PXN	c5
3.62448170133244e-202	-1.90501487343294	0.327	0.574	1.21557867299287e-197	ANXA1	c5
0.00473450108007465	-1.90131424546979	0.023	0.033	1	AC016831.5	c5
9.75232483199666e-06	-1.87222746181738	0.002	0.011	0.327073470215504	SHCBP1	c5
9.21028450442557e-09	-1.86022913902058	0.005	0.021	0.000308894521709425	HLF	c5
1.17947152984476e-05	-1.8369409919453	0.002	0.01	0.395571161679335	KIF2C	c5
6.37340145507942e-07	-1.83106619166946	0.005	0.017	0.0213751138000454	RASGRP3	c5
6.73964136133073e-24	-1.82996566407526	0.079	0.141	2.2603409197631e-19	FOSB	c5
0.000212067969293868	-1.81184364381832	0.003	0.01	1	DPP4	c5
1.22392946298628e-11	-1.78298747307873	0.014	0.037	4.10481463296338e-07	RGS16	c5
0.000266960053169467	-1.78060323593346	0.004	0.011	1	HIST1H3B	c5
8.79149806789883e-06	-1.77208748526008	0.005	0.016	0.294849262201191	STK39	c5
5.95865663579623e-08	-1.76971788570039	0.007	0.022	0.00199841426251334	PCLAF	c5
1.02214690811178e-37	-1.75821968491148	0.049	0.127	3.42807630042529e-33	ARHGEF3	c5
2.40801860862335e-06	-1.75809829774509	0.005	0.016	0.0807601280960099	UHRF1	c5
1.69466441555242e-09	-1.74712545924843	0.01	0.029	5.68356551687969e-05	BTLA	c5
0.0282530155279941	-1.74675078580925	0.006	0.011	1	Z93241.1	c5
5.27488785087972e-15	-1.74290270419157	0.019	0.05	1.76909188742804e-10	TRAV9-2	c5
0.0182806182065985	-1.73664845084499	0.006	0.01	1	AC092683.1	c5
1.67953217303953e-06	-1.73193883139061	0.004	0.015	0.0563281500193996	DTL	c5
1.47865583744822e-08	-1.72851273641203	0.006	0.021	0.000495911594763382	ZWINT	c5
2.38930183429436e-16	-1.69690526917211	0.041	0.082	8.01324049185642e-12	SELL	c5
0.00123049939817657	-1.69264038271666	0.004	0.01	1	LINC002481	c5
0.00294916109306391	-1.68641608207134	0.005	0.01	1	HIST2H2BF	c5
2.1315906395569e-24	-1.65917005227437	0.04	0.096	7.14892868694594e-20	PASK	c5
4.44001750575099e-37	-1.65883446816686	0.047	0.125	1.48909307107877e-32	ZNF683	c5
1.17864820595303e-20	-1.64328639273441	0.03	0.076	3.95295035312527e-16	APBA2	c5
1.09210073858839e-87	-1.61937437637336	0.11	0.272	3.66268745707773e-83	TIFA	c5
4.06531875105765e-05	-1.61467532265192	0.012	0.023	1	C15orf53	c5
2.71684962495188e-05	-1.60852927142268	0.003	0.012	0.911177027216363	TBXAS1	c5
2.16503591366162e-19	-1.60377775345602	0.025	0.067	7.26109744723834e-15	IL18RAP	c5
6.14051292791825e-05	-1.59841925942883	0.007	0.017	1	GNAO1	c5
4.95136256648046e-08	-1.59777509127535	0.008	0.024	0.00166058797754622	HILPDA	c5
0.000312441102227834	-1.58183374029937	0.043	0.058	1	TNF	c5
2.35214342269014e-07	-1.5754019100962	0.012	0.028	0.00788861861101819	ZNF652	c5
9.21543410462321e-11	-1.57045383997624	0.021	0.046	3.09067229000853e-06	DAPP1	c5
0.00118584576851741	-1.56957362989104	0.005	0.012	1	C9orf72	c5
3.04467573696771e-39	-1.56885246111233	0.153	0.25	1.02112334866423e-34	IFNG	c5
0.000336672893262978	-1.56873143244337	0.004	0.011	1	WWTR1	c5
1.84308126398555e-28	-1.56146742269121	0.041	0.104	6.18132594315475e-24	CTSH	c5
7.49482457966156e-06	-1.55253160971755	0.012	0.024	0.251361426752689	SCML1	c5
8.37591352458272e-05	-1.53328601073019	0.003	0.011	1	CDC20	c5
0.0022898341019389	-1.52652371749653	0.006	0.012	1	KIFC2	c5
3.34715749206154e-16	-1.51530815300247	0.02	0.055	1.1225696796876e-11	TNFSF13B	c5
2.17328623112823e-07	-1.51425169650319	0.005	0.018	0.00728876736195786	GINS2	c5
1.88371785020257e-09	-1.50882512000044	0.009	0.027	6.31761292600937e-05	CHRM3-AS2	c5
3.52719740414088e-07	-1.5071164119413	0.007	0.021	0.0118295146540077	CDCA8	c5
6.49896729781054e-05	-1.50632250208958	0.007	0.016	1	LRP12	c5
2.49646932295259e-06	-1.49020424539457	0.006	0.018	0.0837265881531839	KIFC1	c5
0.000988907716554637	-1.48066976058544	0.005	0.011	1	MCM8	c5
1.84248218895285e-06	-1.46068101952012	0.009	0.022	0.0617931676531008	RORC	c5
1.32322902850238e-06	-1.45837385639189	0.011	0.025	0.0443784551579129	TRAV38-1	c5
3.48092291987118e-05	-1.45610568915393	0.006	0.016	1	CISH	c5
1.43606703314724e-11	-1.45270651224059	0.02	0.046	4.8162816157692e-07	LINC02384	c5
7.40875250824618e-108	-1.45004760581206	0.294	0.472	2.4847474162156e-103	IL7R	c5
1.17530824752473e-07	-1.44857451107886	0.016	0.034	0.00394174880054845	TRAV12-1	c5
5.19039126969945e-05	-1.44647869247928	0.004	0.012	1	CDC6	c5
4.85422480588396e-05	-1.4429333609337	0.003	0.011	1	MYBL2	c5
1.68416363518658e-05	-1.44236370252984	0.01	0.022	0.564834799968875	CCR4	c5
5.09170575544307e-05	-1.43233792782491	0.006	0.015	1	AC020659.1	c5
3.63802017992889e-05	-1.43131426674201	0.007	0.018	1	NUGGC	c5
4.28638619550979e-05	-1.42103783069068	0.015	0.027	1	HIP1	c5
1.78896920224693e-19	-1.42056734955257	0.05	0.099	5.99984491049577e-15	CEBPD	c5
0.000370429292271686	-1.41436086031385	0.011	0.02	1	NPW	c5
8.53896372308121e-05	-1.41150746620065	0.005	0.014	1	LST1	c5
4.72812314204746e-29	-1.40832326225195	0.059	0.127	1.58571793937988e-24	SCML4	c5
0.00283951298177981	-1.40449065396981	0.012	0.02	1	EGR1	c5
6.76543040319153e-06	-1.40055897442941	0.009	0.021	0.226899004862238	EPHA1	c5
2.27421534408911e-62	-1.40018918594204	0.146	0.28	7.62726342100605e-58	ANKRD28	c5
0.00847379485375482	-1.38893973477112	0.005	0.01	1	RNF130	c5
0.000543407360001247	-1.38590234972893	0.008	0.017	1	PDLIM1	c5
8.72063404682841e-06	1.38312451545601	0.013	0.006	0.292472624662531	KIR3DL2	c5
9.07044005768668e-08	-1.38145559939133	0.023	0.044	0.00304204418654696	IGFBP4	c5
3.28467744800781e-36	-1.372776386973	0.063	0.146	1.10161512251286e-31	CAPG	c5
0.000105379840891943	-1.3654586384757	0.003	0.01	1	STIL	c5
1.95323859648417e-09	-1.36453592497388	0.018	0.039	6.55077160488862e-05	FSD1	c5
0.00306565927242853	-1.36147065020661	0.007	0.013	1	TRAV1-1	c5
2.38636298479901e-08	-1.35223664624449	0.022	0.043	0.00080033841784189	RASGRP2	c5
0.000707517619927813	-1.35169776669616	0.005	0.011	1	IRAK2	c5
1.3168450390791e-17	-1.3516319350616	0.045	0.09	4.4164348920635e-13	CD226	c5
6.17182596408322e-08	-1.34822712885755	0.011	0.028	0.00206990699183423	ASF1B	c5
1.16464783251265e-137	-1.34014452567863	0.257	0.48	3.90599590068091e-133	MBP	c5
0.0152414362299506	-1.3378161919159	0.006	0.011	1	AL021453.1	c5
0.000632080826152915	-1.33443393625122	0.005	0.012	1	CYB561	c5
0.00892257636346486	-1.32678912155322	0.005	0.01	1	PCYOX1L	c5
0.00119868678312611	-1.32537914068544	0.004	0.01	1	ADARB2	c5
3.06861510225054e-05	-1.32188997335553	0.019	0.033	1	C20orf204	c5
1.95971653203686e-06	-1.31223150677246	0.005	0.016	0.0657249730514522	RMI2	c5
6.52601276801266e-54	-1.31208130224533	0.138	0.259	2.18869416213609e-49	TNFRSF25	c5
3.94821939585875e-16	-1.30910257049915	0.039	0.08	1.32415382098311e-11	CDKN2D	c5
0.000319887410055443	-1.30742257183373	0.004	0.011	1	BRCA1	c5
2.25385813742623e-05	-1.30410769995513	0.005	0.014	0.755898942130009	NUF2	c5
7.0748445784219e-48	-1.29933445251149	0.122	0.232	2.37276137471114e-43	RARA	c5
0.00373224904775315	-1.29633459454369	0.016	0.025	1	IFIT2	c5
1.93035690265856e-11	-1.28646382811557	0.036	0.067	6.47403098013629e-07	KLHL6	c5
2.90096701808583e-05	1.28122634612274	0.011	0.005	0.972926318525626	RAB31	c5
1.01828165922506e-11	-1.28081750110039	0.049	0.083	3.415113028709e-07	TIAM2	c5
5.82193060333673e-25	-1.28072110962628	0.099	0.167	1.95255908574707e-20	GPR183	c5
6.72191270331195e-05	-1.28042519513232	0.008	0.019	1	LMO7	c5
0.000410230729650769	-1.27691520819724	0.005	0.012	1	LINC00239	c5
1.63556451195928e-10	-1.27472230323688	0.02	0.045	5.48535626020905e-06	TMEM200A	c5
1.32124238402903e-18	-1.27370803079229	0.065	0.117	4.43118270755655e-14	CYTH4	c5
8.87939924268022e-46	-1.26636158007071	0.149	0.258	2.97797291801009e-41	DAPK2	c5
4.94390886566783e-08	-1.26337285890554	0.052	0.079	0.00165808815536768	AC020916.1	c5
0.000157110795856626	-1.2611874211916	0.007	0.015	1	ZCCHC18	c5
5.22093250976026e-24	-1.26058678051251	0.09	0.156	1.7509963451234e-19	DOCK10	c5
4.39044858303649e-212	-1.25552065339628	0.713	0.824	1.47246864577878e-207	KLF6	c5
0.00321394108403402	-1.25440977745841	0.005	0.01	1	H2AFY2	c5
4.16804246938794e-19	-1.25261092195261	0.057	0.108	1.39787808338333e-14	TMEM173	c5
0.000770501349253084	-1.25043435278426	0.008	0.016	1	CHTF18	c5
9.4509819235769e-11	-1.24917444262654	0.048	0.081	3.16967031752922e-06	MICAL1	c5
0.028580555510241	-1.24474581561874	0.01	0.015	1	LINC00672	c5
0.81954304372423	-1.23086270155552	0.459	0.414	1	CCL4	c5
1.31515293721594e-18	-1.22942918678298	0.044	0.091	4.41075992083482e-14	LINC02195	c5
0.00519965075191076	-1.22900544961647	0.008	0.014	1	TRIM73	c5
9.17814656686037e-21	-1.22853970065641	0.089	0.148	3.07816679559363e-16	TCF7	c5
1.84526234288914e-30	-1.22532359960577	0.076	0.152	6.18864084558161e-26	KLF10	c5
0.106444351668912	-1.22374173031301	0.007	0.011	1	CLDN15	c5
5.16938069129373e-31	-1.22257983973348	0.128	0.211	1.73370689624609e-26	PTGER4	c5
0.00198136605526336	-1.2126974569634	0.008	0.015	1	TPRG1	c5
1.90890355635899e-10	-1.21252982422904	0.033	0.061	6.4020807473168e-06	FGL2	c5
0.00284026118139772	-1.20960479854205	0.007	0.013	1	AC020571.1	c5
1.78459221735139e-06	-1.20809613209056	0.019	0.035	0.0598516537855308	CDT1	c5
3.70557981056253e-07	-1.20800345347393	0.177	0.135	0.0124277735686646	CCL4L2	c5
1.81168202135048e-05	1.20562678369773	0.013	0.006	0.607601916320524	MYO1E	c5
5.34901019169028e-104	-1.20527514838284	0.366	0.527	1.79395103808909e-99	ITK	c5
0.25760138831549	-1.19871608818195	0.011	0.013	1	SUMO4	c5
6.31646426427364e-07	-1.1950789894055	0.031	0.051	0.0211841578495209	GAB3	c5
0.00228023243235544	-1.19436123572381	0.007	0.014	1	CTBP1-DT	c5
2.92793302313093e-53	-1.19009955687323	0.176	0.299	9.81970177297652e-49	GLUL	c5
2.07770797341652e-07	-1.18561119136887	0.016	0.033	0.00696821700124431	BUB1	c5
6.10634181640223e-12	-1.18236033244568	0.037	0.069	2.04794491838498e-07	FAM241A	c5
4.14453620645819e-34	-1.18220809702019	0.175	0.265	1.38999455292195e-29	CCR7	c5
0.00413177681969217	-1.18035786544607	0.037	0.048	1	AC016831.1	c5
0.00464186501705529	-1.17678200611764	0.008	0.015	1	ZBTB10	c5
4.16044078113157e-08	-1.16836674366912	0.038	0.062	0.00139532862917591	AC026979.2	c5
0.00292731097882015	-1.15962754471585	0.009	0.017	1	SORL1	c5
2.7889045041829e-18	-1.15309632241598	0.054	0.103	9.3534279261286e-14	AQP3	c5
2.12707118620223e-25	-1.1529859852396	0.121	0.191	7.13377134428505e-21	CA5B	c5
0.00272436478520674	-1.14691520970807	0.006	0.012	1	PTPN13	c5
0.00043827163264835	-1.14674980626088	0.007	0.015	1	PLXDC1	c5
0.0142900657916032	-1.14498483280367	0.008	0.014	1	AL096865.1	c5
0.000933848185058408	-1.14437535406764	0.273	0.237	1	HSPA1A	c5
8.65004447883033e-06	-1.14380769665353	0.008	0.02	0.290105191731011	RAD51AP1	c5
8.65927169458595e-70	-1.14228359740531	0.226	0.372	2.90414654093023e-65	FOXP1	c5
4.18896743831893e-13	-1.13992562548421	0.213	0.257	1.4048958994634e-08	DUSP1	c5
0.186239901077346	-1.1387390285079	0.01	0.013	1	TMEM63A	c5
9.95447560331524e-14	-1.13864809895254	0.047	0.085	3.33853202783987e-09	TSPAN2	c5
1.17184837001404e-05	-1.13666983138593	0.027	0.043	0.39301450633531	MIR181A1HG	c5
0.283518539885384	-1.12872216959022	0.019	0.021	1	KCNQ1OT1	c5
0.0202026886714116	-1.1258957592449	0.016	0.022	1	MDGA1	c5
1.41326852241091e-15	-1.12453043673202	0.072	0.119	4.73981997046172e-11	CDCA7	c5
0.00699894550284255	-1.12400570401618	0.016	0.024	1	SESN1	c5
0.000189800336502947	-1.12155626099901	0.013	0.023	1	TRAV6	c5
8.67078648170424e-14	-1.12025489176369	0.053	0.093	2.90800837023397e-09	ADA	c5
7.20229736583779e-09	-1.11933956501377	0.036	0.062	0.000241550649055468	CHD7	c5
0.000264895281419908	-1.11747564654955	0.022	0.035	1	KLF3	c5
9.19978592372662e-05	-1.11243527618003	0.014	0.026	1	CLNK	c5
4.20129583102648e-05	-1.10785473075276	0.018	0.031	1	TNFRSF10A	c5
0.0607171912641788	-1.10234944401971	0.008	0.012	1	ATP10A	c5
1.35144579687045e-05	1.10195690453729	0.013	0.006	0.453247891354413	CARD6	c5
0.0393124434577807	-1.09712980048691	0.006	0.01	1	AC145124.1	c5
0.0772414416906497	-1.09620038172195	0.017	0.021	1	ARL17A	c5
7.0862251509606e-10	-1.0942644025857	0.032	0.059	2.37657819112916e-05	IMPDH1	c5
0.388573796926546	-1.0941605176127	0.01	0.009	1	AC004951.1	c5
1.04394151325504e-05	1.0917021133214	0.012	0.006	0.350117104715474	DEPDC7	c5
8.33104641974021e-28	-1.09034545566937	0.136	0.213	2.79406634825247e-23	GPR25	c5
4.06210720956505e-05	-1.08627641919823	0.014	0.027	1	CRADD	c5
2.33854639857259e-05	-1.0774027260336	0.021	0.035	0.784301691153275	SH3TC1	c5
0.0339602847588164	-1.07552429444992	0.006	0.01	1	ADRB2	c5
0.00323518113663082	-1.07085142757254	0.017	0.026	1	AC087239.1	c5
0.102037333222614	-1.07004950992298	0.008	0.011	1	SOX12	c5
4.62711491531989e-05	-1.06998780829737	0.013	0.024	1	PIGV	c5
6.17998923328534e-23	-1.06962218086095	0.111	0.178	2.07264478905924e-18	SLAMF1	c5
2.53230529121015e-44	-1.06910130913894	0.186	0.294	8.4928454856606e-40	FKBP11	c5
6.02116925018148e-07	-1.06775238240825	0.016	0.032	0.0201937974312587	SMCO4	c5
6.91636230165418e-11	-1.06681936250232	0.061	0.096	2.31960958872878e-06	ADAM19	c5
0.023596188648066	-1.05958864484084	0.006	0.01	1	TRBV10-3	c5
4.13049441601005e-12	-1.05812980722698	0.086	0.127	1.38528521724145e-07	CDC14A	c5
2.75000373897067e-05	-1.05708110062768	0.021	0.035	0.922296253975982	MHENCR	c5
0.264737057941177	-1.05438455752593	0.009	0.011	1	NPIPB11	c5
0.262650115006478	-1.05366453748058	0.047	0.051	1	POLR2J3.1	c5
1.65645827796012e-93	-1.05251506948242	0.44	0.602	5.55542977262267e-89	JUN	c5
0.00330429837150248	-1.05064160401303	0.009	0.016	1	AC022916.1	c5
0.0636882739599749	-1.05063493145517	0.006	0.01	1	HS3ST1	c5
0.00121124184450926	-1.04962864254346	0.007	0.014	1	MELK	c5
3.19134733625976e-24	-1.04797049168866	0.127	0.197	1.0703140696348e-19	TNFAIP8	c5
3.87774036936742e-09	-1.04675445390471	0.04	0.068	0.000130051656507845	TNFSF8	c5
8.79339225408593e-06	1.04583832149459	0.01	0.004	0.294912789417534	HIST1H3E	c5
5.8772193208223e-18	-1.04152827457155	0.06	0.11	1.97110181581738e-13	CPNE2	c5
9.36387577333193e-06	-1.04016041309451	0.009	0.021	0.314045665686006	DHFR	c5
6.71839853603491e-19	-1.03963699927762	0.085	0.142	2.25321650101539e-14	TRAV21	c5
0.00040239618641358	-1.03863399447747	0.009	0.018	1	AMPD3	c5
0.00522206572716696	-1.0354403344722	0.008	0.014	1	ZYG11B	c5
0.000998395360979605	-1.03510555399418	0.009	0.018	1	ZNF367	c5
3.32969178332041e-06	1.032649809668	0.014	0.006	0.111671203029	TMEM241	c5
7.29237422653655e-34	-1.03094197285671	0.254	0.345	2.44571646809583e-29	ZEB2	c5
8.51865767114214e-09	-1.02930613020462	0.061	0.091	0.000285698740974765	SMURF2	c5
0.0109850012109471	-1.02927180902593	0.007	0.013	1	PPP1R3F	c5
0.000949619295540445	-1.02789508848701	0.016	0.025	1	PAQR3	c5
1.00909018047945e-23	-1.02179237292212	0.185	0.257	3.38428664729199e-19	NFKBIZ	c5
0.00109151399353689	-1.01997204114868	0.088	0.105	1	BAG3	c5
2.44002949914375e-05	-1.01821593395379	0.023	0.038	0.818337093422829	LINC00957	c5
0.0190378193439252	-1.01562255705989	0.01	0.016	1	CYB561D2.1	c5
2.03163680550046e-05	-1.01540121603212	0.034	0.051	0.681370351828744	MSC-AS1	c5
0.0879025761898823	-1.01537713478649	0.025	0.03	1	SGSM2	c5
3.60277934097215e-07	-1.01466723836803	0.041	0.064	0.0120830013537524	NAA16	c5
0.0112732384563628	-1.0141245099579	0.017	0.024	1	AC017002.1	c5
0.000535743091234053	-1.00914033399548	0.016	0.026	1	C1orf112	c5
0.40314986395048	-1.0075170429875	0.012	0.014	1	AC091271.1	c5
3.66522799591508e-05	1.00691662780619	0.012	0.006	1	AP000704.1	c5
0.103949945443294	-1.00566983237242	0.013	0.017	1	LRFN4	c5
0.000214738182641744	-1.00563778352028	0.012	0.022	1	NCAPG2	c5
0.0200974434179048	-1.0048018412643	0.013	0.018	1	EGR2	c5
0.00831656952271343	-1.00463939268221	0.005	0.01	1	MCAM	c5
5.7224214001703e-06	-1.00422971224731	0.023	0.04	0.191918568918911	TOP2A	c5
0.013670783616433	-0.999295373259085	0.006	0.011	1	SEPSECS-AS1	c5
4.44957023904945e-06	0.992172062834832	0.012	0.005	0.14922968667724	NPTXR	c5
0.00667451392016359	-0.991951208477532	0.008	0.014	1	MFSD2A	c5
1.05310650574587e-12	-0.991740380647674	0.037	0.071	3.53190859897049e-08	NCF4	c5
8.33633256953411e-06	0.983151403486429	0.012	0.005	0.279583921717035	E2F5	c5
3.48111550774016e-11	-0.97750067626043	0.041	0.073	1.1674965189859e-06	MID1IP1	c5
0.014164534033455	-0.976465020699891	0.005	0.01	1	ZFHX3	c5
1.06111407513294e-07	-0.976398387618254	0.035	0.058	0.00355876438518085	TRERF1	c5
1.00636046063315e-63	-0.97328699825118	0.424	0.536	3.37513171287146e-59	ZFP36L1	c5
8.08203415611712e-06	0.972997773731052	0.022	0.013	0.271055261527856	FAM174B	c5
8.20629748227629e-10	-0.970406024195063	0.047	0.077	2.75222804960582e-05	AIM2	c5
0.0223697305474984	-0.969187673460726	0.008	0.013	1	ADAP1	c5
2.28861942284793e-06	-0.969019071291232	0.024	0.042	0.0767557182034738	AC103702.2	c5
0.0108972053472827	-0.968252551801794	0.007	0.012	1	GGPS1	c5
0.0782800159035636	-0.968043439403638	0.008	0.012	1	CARF	c5
0.17367204940939	-0.967447366000913	0.009	0.012	1	PLCH2	c5
0.001905080109663	-0.966819199344285	0.005	0.011	1	MXD3	c5
0.00211240920025043	0.965118029477318	0.01	0.006	1	MPND	c5
0.00426031793931257	-0.963562512097408	0.019	0.028	1	IFIT3	c5
0.00865893057527497	-0.962180542214544	0.026	0.035	1	FCHSD2	c5
0.00819020154042886	-0.961951398824153	0.013	0.019	1	TMEM116	c5
3.46608159644158e-05	0.961416627094407	0.011	0.005	1	C7orf25	c5
1.63420323639113e-24	-0.961333367137889	0.192	0.266	5.48079081420856e-20	CASP8	c5
0.484513210859189	-0.960995155495854	0.011	0.012	1	GSDMB	c5
2.10170545648495e-12	-0.959292617103846	0.122	0.166	7.04869975995923e-08	NEDD9	c5
0.0466016221093917	-0.957406973334647	0.007	0.011	1	AC027644.3	c5
3.43120497893427e-07	-0.950776868350319	0.094	0.123	0.0115075752583497	NLRC3	c5
0.000443012900640283	0.944816324558856	0.014	0.008	1	CD79B	c5
1.09369388190231e-18	-0.944564770923036	0.109	0.167	3.66803054112396e-14	FLT3LG	c5
0.34231281221977	-0.943748752592845	0.027	0.03	1	MKI67	c5
0.0263775167390647	-0.941138235612133	0.02	0.027	1	CCDC88A	c5
1.7979021540919e-05	0.940478604372649	0.015	0.008	0.602980424439342	FZD6	c5
0.0158385176912349	-0.935579708510303	0.011	0.016	1	ACO1	c5
2.97685675776114e-10	-0.934700283340764	0.076	0.112	9.98378219417932e-06	KLF2	c5
0.0584611261245311	-0.932133599091428	0.007	0.01	1	MPZL1	c5
5.05867600393314e-05	0.931049096624042	0.011	0.005	1	TUBB6	c5
0.0396906356732554	-0.928652103602346	0.008	0.012	1	AP006621.3	c5
0.0160344815343353	-0.928549741267763	0.007	0.012	1	AC004556.1	c5
8.59006946756338e-09	-0.927852682364378	0.023	0.011	0.000288093749803141	IGKC	c5
1.04867652825622e-07	-0.924864119704325	0.055	0.081	0.00351705134046572	KCNA3	c5
6.98564496988649e-07	-0.923594508848296	0.042	0.065	0.0234284561000053	SPRY1	c5
2.0828398713642e-05	-0.921929684224055	0.024	0.04	0.698542836058125	KIF11	c5
0.000185375354818972	-0.921410936098681	0.014	0.025	1	LGALS3BP	c5
0.31698392283101	-0.91791982527132	0.01	0.012	1	AC245014.3	c5
0.0140635496244459	-0.917401280834291	0.009	0.014	1	THRA	c5
0.0101725382346441	-0.917054631997838	0.005	0.01	1	ZNF681	c5
2.05192326075693e-28	-0.914898740540206	0.189	0.271	6.8817402319266e-24	MCUB	c5
1.97102512297818e-57	-0.914254435065851	0.626	0.676	6.61042405744424e-53	NFKBIA	c5
0.201663749063076	0.912491557729815	0.01	0.008	1	RASD1	c5
0.000294426014648079	-0.911747477057221	0.013	0.023	1	BUB1B	c5
0.0004131452163625	-0.911372333038498	0.012	0.022	1	CIP2A	c5
7.47445185481878e-08	-0.910292721818536	0.095	0.126	0.00250678166306912	MYO1F	c5
0.837025040284672	-0.909602888329423	0.05	0.048	1	NPIPB4	c5
9.22158418189763e-08	-0.906049797347006	0.047	0.073	0.00309273490292483	MPP7	c5
1.28884358702335e-10	-0.9053422889175	0.08	0.117	4.32252362215891e-06	ELK3	c5
0.00402949111827868	-0.902417485760312	0.012	0.019	1	KNTC1	c5
0.00030656535503023	-0.901498769633738	0.019	0.031	1	ATAD5	c5
0.0501016402496136	-0.901067691196816	0.01	0.014	1	FBXL8	c5
0.0650792157173352	-0.900767385310543	0.012	0.017	1	ANK3	c5
0.00104676412657138	-0.900094423810802	0.011	0.019	1	AC147651.4	c5
6.10221325710904e-23	-0.899298027986215	0.16	0.231	2.04656028216923e-18	GRAP2	c5
0.014128793753069	-0.896211816763091	0.019	0.027	1	AL365361.1	c5
0.488617701002836	-0.895097700507472	0.023	0.025	1	GOLGA8A	c5
4.71658098350847e-08	-0.893401186542985	0.078	0.108	0.00158184693024907	RUNX1	c5
0.000158581822413791	-0.893082635728401	0.015	0.026	1	FANCI	c5
0.00212246583372749	-0.890549256535491	0.023	0.034	1	ATP2B1-AS1	c5
9.64841795325023e-14	-0.890218583657586	0.108	0.154	3.23588641316106e-09	PERP	c5
1.19607308874353e-05	0.890053363919004	0.01	0.004	0.401138992502804	RNF157	c5
0.0139332251370113	-0.886298186379172	0.006	0.011	1	AC109826.1	c5
7.40508463869045e-31	-0.885580217593327	0.258	0.342	2.483517286124e-26	THEMIS	c5
0.0148010746952373	-0.884819769003646	0.006	0.011	1	ZGRF1	c5
0.000929782468298145	0.883488761293592	0.011	0.006	1	CTXN1	c5
2.75181475854548e-15	-0.883482728712244	0.11	0.161	9.22903633720985e-11	CLINT1	c5
0.168039045308543	-0.882955269018527	0.009	0.012	1	AC103591.3	c5
2.60197550904004e-05	-0.881703039877245	0.009	0.02	0.87265054622185	TIMP1	c5
5.45124808699724e-06	-0.879868815552255	0.031	0.05	0.182823958341713	HOXB4	c5
2.89126371163941e-12	-0.87809671458496	0.062	0.101	9.69672023609626e-08	TOX2	c5
0.51284489101168	-0.877658049554884	0.01	0.011	1	VPS9D1	c5
0.00975914890839541	-0.87581687899879	0.014	0.021	1	ZNF787	c5
8.25514371868667e-14	-0.87580860366438	0.161	0.211	2.76861010037314e-09	TRAF3IP3	c5
0.00135857028915954	-0.874800096403646	0.03	0.042	1	RGS9	c5
0.007693580285284	-0.870880027109441	0.018	0.025	1	DSE	c5
0.147107244936665	-0.869343288319469	0.011	0.014	1	SCFD2	c5
0.101845932734068	-0.868498477322774	0.007	0.011	1	NUBPL	c5
0.00218242050889224	-0.863424790124811	0.039	0.051	1	THADA	c5
0.00995468076680132	-0.863142139675778	0.007	0.013	1	AC097534.2	c5
1.93741225147558e-14	-0.863006506835309	0.131	0.182	6.49769320899882e-10	PLK3	c5
0.113626500591957	-0.861146622449251	0.136	0.142	1	MIAT	c5
3.23188813720564e-06	0.859097420018895	0.024	0.013	0.108391064345603	ZSCAN9	c5
0.0102260474549779	-0.857987887925302	0.014	0.02	1	ZNF512	c5
0.287363644052895	-0.857912519822287	0.008	0.01	1	RAD52	c5
0.0960321308497629	-0.85720084414985	0.01	0.014	1	LINC01480	c5
0.0396051405023072	-0.855558820026015	0.011	0.015	1	SRP14-AS1	c5
0.0429905784872724	-0.85477106609608	0.009	0.014	1	RORB	c5
0.000593889909594104	-0.85463488954877	0.024	0.036	1	CENPU	c5
0.00066015458176967	-0.854319555317993	0.03	0.042	1	LRRC2	c5
0.000543834481160582	0.854077531221448	0.012	0.007	1	TRAV12-3	c5
2.77861178104293e-10	-0.853029430405954	0.089	0.127	9.31890819126179e-06	MAML2	c5
3.16012010697721e-68	-0.85289151581759	0.597	0.683	1.05984108147802e-63	AHNAK	c5
2.82511334229797e-09	-0.852475235112612	0.114	0.151	9.47486512739894e-05	IL6ST	c5
0.0709770905868951	-0.851230291390994	0.011	0.015	1	SIRT5	c5
0.000369934720049449	0.85007996059334	0.014	0.008	1	LINC02416	c5
0.00213191525459336	-0.848570763016743	0.017	0.026	1	RAB37	c5
6.68939795199499e-06	-0.848159441114831	0.025	0.042	0.224349028514008	BATF3	c5
1.11446648234953e-20	-0.847762232855111	0.219	0.285	3.73769768850385e-16	DENND4A	c5
0.0800039353220554	-0.847589057725362	0.008	0.012	1	GEN1	c5
6.40271569411088e-06	0.846459587801742	0.011	0.005	0.214734278949091	TLR3	c5
0.00124944797587226	-0.846355474412881	0.027	0.039	1	ZFAT	c5
0.303815486251784	-0.845887096705606	0.018	0.02	1	IER3	c5
3.99252843647272e-29	-0.844554397653104	0.228	0.313	1.33901418702422e-24	STAT4	c5
0.00224385890021794	-0.843002399458951	0.016	0.024	1	ARMC2	c5
0.0146648147302324	-0.840973212683234	0.017	0.024	1	ITGA2	c5
1.03541288810151e-05	0.84007179819728	0.04	0.027	0.347256774411485	TRBV9	c5
9.69100692017853e-11	-0.839254521774437	0.137	0.178	3.25016990088947e-06	STK38	c5
0.232139926666537	-0.835774902727349	0.021	0.025	1	P2RX5	c5
0.00907308705677777	-0.835570078387966	0.014	0.02	1	ECT2	c5
0.00445837493120583	-0.835156395741456	0.016	0.024	1	ARSG	c5
0.190378366082563	-0.835146198201467	0.008	0.011	1	DMGDH	c5
6.372533538403e-94	-0.834713292392261	0.553	0.649	2.1372202981096e-89	STK17A	c5
0.00105596277990374	-0.832802026285525	0.018	0.028	1	GPR35	c5
0.00211399008250995	-0.831320880358111	0.019	0.029	1	SAMD1	c5
0.38191201830383	-0.8282118274975	0.01	0.012	1	ADHFE1	c5
2.65653229705899e-17	-0.828080276191404	0.121	0.18	8.90947801787645e-13	ETV7	c5
8.32251492374901e-20	-0.827285717133727	0.195	0.26	2.79120505512694e-15	CRY1	c5
1.18454558060564e-12	-0.826824201113212	0.13	0.177	3.9727289682352e-08	RPS6KA3	c5
0.000611559991307751	0.826513883605993	0.013	0.007	1	AC010226.1	c5
1.2356940283248e-56	-0.825571060824755	0.557	0.621	4.14427063219572e-52	S100A4	c5
5.9230720991994e-05	-0.82322798841893	0.029	0.045	1	IRS2	c5
0.01125589907209	-0.822222916929785	0.018	0.026	1	ST6GAL1	c5
0.0214130437729152	-0.822120537266855	0.021	0.028	1	FAM228B	c5
0.000304205863587696	-0.821844120301084	0.006	0.014	1	SGO1	c5
0.000405950231369521	-0.821274157612324	0.045	0.061	1	CRIP2	c5
1.30687641947209e-05	0.820855384246164	0.012	0.006	0.43830021356255	ARSD	c5
0.000154917348395266	-0.820702305102032	0.022	0.035	1	CCNB1	c5
0.0735861515580049	-0.819630456164408	0.012	0.016	1	HIST1H1B	c5
5.76599322254011e-18	-0.817202141966569	0.091	0.148	1.9337988069755e-13	TMEM14C	c5
1.76806663126208e-50	-0.816698543492591	0.245	0.374	5.92974186792675e-46	GZMM	c5
9.12901021303504e-13	-0.816355871795166	0.19	0.239	3.06168744524769e-08	GPRIN3	c5
0.0124391466141904	-0.815158896224272	0.03	0.039	1	NDUFV2-AS1	c5
7.53386980873041e-05	-0.814665038070416	0.037	0.053	1	ILF3-DT	c5
0.00045726131395839	0.813831345284762	0.049	0.036	1	LRRC28	c5
3.51439762170821e-06	-0.81369541325082	0.035	0.055	0.11786586743685	TRIB2	c5
0.00313514523958025	-0.813644110647325	0.018	0.027	1	RARG	c5
1.82715633500011e-20	-0.812127450547879	0.212	0.278	6.12791691632336e-16	MSC	c5
0.00377467973155669	-0.811747115408285	0.023	0.033	1	N4BP3	c5
4.51922262973939e-06	0.811636922878257	0.016	0.008	0.1515656885562	NHS	c5
0.000246882021007601	0.811005719929093	0.012	0.006	1	ZNF223	c5
0.630810102114565	-0.810189023062263	0.014	0.015	1	C3orf62	c5
8.36816644997672e-08	-0.808816784993708	0.049	0.074	0.00280651566399319	TESC	c5
0.000119694773958756	-0.807370401967694	0.074	0.094	1	PPP3CA	c5
0.00415118635389142	-0.805327231814701	0.008	0.015	1	PLK4	c5
0.0430163087246896	-0.804333514771984	0.024	0.031	1	CPEB2	c5
2.39746819411674e-05	0.80375530284828	0.01	0.005	0.804062882942871	RASSF4	c5
0.554843705182747	-0.803570069032701	0.023	0.024	1	DNASE1	c5
0.000181389353281504	-0.802444425556315	0.034	0.049	1	MTM1	c5
0.000302146253571358	-0.802153463183827	0.053	0.069	1	CAMK2D	c5
9.78380455913691e-08	-0.801770720019314	0.074	0.103	0.00328129237304334	PECAM1	c5
4.9575724381827e-06	-0.801666863174523	0.036	0.055	0.166267064431771	STN1	c5
0.000421360475704392	0.801558998471591	0.012	0.007	1	HIST1H4I	c5
0.312600215759399	-0.80118165944764	0.022	0.025	1	STARD9	c5
0.000840428545109579	-0.800738464629829	0.015	0.025	1	NR1D1	c5
0.00153720418089526	-0.800145531352896	0.032	0.044	1	OGFRL1	c5
0.000161801556839152	-0.800081361147814	0.052	0.069	1	PCNX1	c5
0.0281355901729925	-0.799714990121735	0.075	0.085	1	ATM	c5
0.000219202323479199	0.799591685242227	0.023	0.015	1	NQO1	c5
4.98532945029934e-05	-0.799252578275913	0.036	0.052	1	PVT1	c5
2.89444643214254e-06	0.798904365219637	0.011	0.005	0.0970739444411966	NCKAP1	c5
1.60267443042408e-06	-0.79652503775644	0.08	0.106	0.0537504950475627	DENND1B	c5
2.02762460150318e-08	-0.796355211182315	0.059	0.089	0.000680024738852137	CSGALNACT1	c5
0.329332251279697	-0.795851847504223	0.008	0.01	1	USP53	c5
0.00828833852630564	-0.795303783976368	0.126	0.139	1	NLRC5	c5
1.65146520081254e-08	-0.792364585128657	0.095	0.129	0.000553868399048511	SAMHD1	c5
3.78831791443089e-21	-0.792235535492413	0.235	0.303	1.27052606214183e-16	AHR	c5
0.004352520251852	-0.79123064227467	0.035	0.046	1	SLC35E3	c5
0.0414892538600251	-0.789954949013909	0.017	0.023	1	SNHG21	c5
0.0218311050991262	-0.789622969268558	0.01	0.015	1	SRD5A3	c5
4.41524952387641e-05	-0.784976719780444	0.028	0.043	1	CAMK2G	c5
0.0926369055989699	-0.784025573440621	0.018	0.022	1	MAPKBP1	c5
0.004606773373408	-0.784008830635	0.013	0.02	1	LINC01358	c5
0.100989904985736	-0.780034875532358	0.125	0.132	1	XCL1	c5
0.0552452940898538	-0.779959388947929	0.044	0.052	1	TNK2	c5
0.10806506677626	-0.779040460210853	0.019	0.024	1	GABPB2	c5
0.362533940111177	-0.778927025857997	0.029	0.032	1	TENT4A	c5
3.93601164543291e-08	-0.778503463418378	0.461	0.385	0.00132005958564529	DNAJB1	c5
0.0196555260592942	-0.777820238148205	0.028	0.036	1	STX1A	c5
3.69987423271858e-09	-0.776918595774096	0.069	0.102	0.000124086382016916	IFI44	c5
0.113780391853556	-0.776683859311406	0.008	0.011	1	PCCA	c5
0.03439503181002	-0.775882110022592	0.008	0.012	1	APOBR	c5
0.000246930171387071	-0.77552618916388	0.012	0.022	1	ORC6	c5
0.0274151558663313	-0.775353718763806	0.017	0.024	1	GPSM2	c5
0.00930625031232995	-0.77496852077891	0.032	0.041	1	AL118516.1	c5
0.0015037113411003	-0.774556118420942	0.047	0.061	1	COG4	c5
0.000482587933226435	-0.774458540008824	0.047	0.062	1	TMEM131L	c5
9.17451235708293e-07	-0.773807510650416	0.055	0.08	0.0307694795431847	IFI44L	c5
0.00241508536344891	-0.773529639068045	0.007	0.014	1	BFSP2-AS1	c5
6.47454479928867e-48	-0.770972220612365	0.427	0.518	2.17143283478543e-43	LGALS3	c5
0.108744065364417	-0.770694715483252	0.029	0.035	1	AC245297.3	c5
9.33750341547361e-05	0.76959644271606	0.012	0.006	1	SLC9A7	c5
0.102980228451656	-0.76762891079567	0.01	0.013	1	CCDC191	c5
0.00128635576455603	-0.767445280574512	0.06	0.075	1	LDLR	c5
5.16667547063045e-05	-0.766853797640953	0.066	0.086	1	ME2	c5
0.00725447892302235	-0.764622521500175	0.029	0.038	1	RBSN	c5
0.106236735306177	-0.764292721765293	0.019	0.024	1	OTUD3	c5
0.113381382208149	-0.763806933513063	0.013	0.016	1	POU3F1	c5
0.0509680623978052	-0.763035636789801	0.013	0.017	1	KDM1B	c5
0.00985274281251046	-0.762148586779248	0.039	0.049	1	KLF9	c5
1.14325297570575e-09	-0.761545071031091	0.152	0.19	3.83424182992193e-05	TBC1D10C	c5
0.0133046072469348	-0.761363446340814	0.01	0.016	1	TRBV6-1	c5
9.49863801928136e-07	-0.760828559066969	0.351	0.367	0.0318565321890658	CD69	c5
0.0225864694258558	-0.760710937420254	0.008	0.013	1	AP001816.1	c5
0.0100558699868035	-0.759889660901295	0.012	0.019	1	SPAG5	c5
3.75133645478972e-05	0.757946068615527	0.012	0.006	1	LPL	c5
0.000437741078111701	-0.757418210438222	0.01	0.019	1	PHGDH	c5
0.00311053593063102	0.7543417961541	0.018	0.012	1	TRBV13	c5
3.14807446898814e-06	-0.753708663081555	0.096	0.123	0.105580121540924	DDB2	c5
0.014267666000831	-0.752574606855413	0.012	0.018	1	SMIM8	c5
0.129361339425128	-0.751715163843154	0.035	0.04	1	KMT2E-AS1	c5
4.76927326694504e-26	-0.751599253229623	0.168	0.251	1.59951886826803e-21	KLRD1	c5
0.00723270796337468	-0.750941404709636	0.021	0.03	1	NIFK-AS1	c5
0.00186367809388353	-0.7501188029702	0.02	0.03	1	GTPBP3	c5
0.139704923514918	-0.749466678374956	0.008	0.011	1	IMMP2L	c5
0.0276784173291144	-0.747526671848734	0.006	0.01	1	TRBV15	c5
2.31158116416149e-09	-0.747275894698777	0.118	0.155	7.75258090836482e-05	RCSD1	c5
0.052135110165965	-0.746213813263132	0.014	0.018	1	PDSS2	c5
6.16544760612164e-05	-0.745246978035909	0.035	0.051	1	ZC2HC1A	c5
0.00482355960228657	-0.745038848553589	0.018	0.027	1	ZNF85	c5
0.000130553168901322	-0.744341047858905	0.073	0.093	1	KPNA5	c5
0.000190535010030089	-0.744064352177436	0.017	0.029	1	AL441992.1	c5
1.64906068124326e-09	-0.744015916523037	0.639	0.548	5.53061971275366e-05	NEAT1	c5
0.0466970817015921	-0.743946437568925	0.011	0.016	1	CLN5	c5
0.00107748911409114	-0.74391640651708	0.03	0.042	1	CARNMT1	c5
1.45327680391868e-12	-0.743726500340278	0.126	0.172	4.87399974498247e-08	SUSD3	c5
0.0387967619856327	-0.743309442613745	0.013	0.018	1	CD274	c5
0.100492153142011	-0.742909251510102	0.009	0.013	1	AL590006.1	c5
0.00490806177455214	-0.742534247223495	0.035	0.046	1	GPR155	c5
8.53780999930801e-08	-0.742153004146128	0.163	0.196	0.00286341071756792	TGFBR2	c5
0.000532591829891202	-0.741946558087301	0.044	0.059	1	ZC3H6	c5
0.000143472304520702	0.74190344588789	0.027	0.018	1	CCDC50	c5
0.588051319034531	-0.740361899526081	0.019	0.018	1	FAM215B	c5
0.208797600064576	-0.739090434409746	0.024	0.028	1	NAPB	c5
2.83637117014137e-34	-0.739036100762417	0.29	0.38	9.51262163042012e-30	RAP1A	c5
5.05212793918601e-05	-0.738216942638493	0.019	0.033	1	CENPW	c5
9.76808446540833e-10	-0.737818279222435	0.078	0.113	3.27602016800865e-05	GPR68	c5
2.48234004822086e-05	-0.737628570441121	0.09	0.114	0.832527205372314	DDHD1	c5
0.00163886475758512	-0.73651491285041	0.059	0.073	1	CAMK1D	c5
1.92246388919439e-06	0.734634517690976	0.021	0.011	0.0644755939158014	PHLPP1	c5
1.61262546218383e-05	-0.734267445918858	0.07	0.093	0.540842327507214	GADD45G	c5
0.000386054120473402	-0.733874508531855	0.026	0.039	1	ZNF296	c5
0.00270891758483098	0.731184015637221	0.011	0.006	1	SDR42E1	c5
6.25513396003495e-54	-0.730999172332512	0.348	0.482	2.09784682751652e-49	FKBP5	c5
1.43739529019909e-06	-0.73083084402704	0.155	0.184	0.048207363242697	ANKRD44	c5
0.000752244594857979	0.728928843143183	0.01	0.005	1	CTH	c5
0.0256174989303172	-0.728593029331068	0.054	0.064	1	DOPEY2	c5
2.699372339649e-22	-0.728212320850469	0.133	0.205	9.0531549527148e-18	LRRN3	c5
7.22587568481466e-28	-0.728092899134831	0.325	0.4	2.42341418717314e-23	FAM102A	c5
0.0741519845587952	-0.727912049032648	0.022	0.028	1	DDX47	c5
0.0837344830366948	-0.727477423975421	0.015	0.02	1	DOCK9	c5
0.265402443820826	-0.726688009536035	0.01	0.012	1	ABCC4	c5
0.788107707334375	-0.725685002544102	0.013	0.013	1	AGAP6	c5
0.00757577408764858	0.723746501812719	0.01	0.006	1	ZNF547	c5
0.00323744608202875	0.723615603000288	0.01	0.006	1	SNX22	c5
0.295589214343136	-0.722546666631549	0.008	0.01	1	MTAP	c5
3.96176164955727e-06	0.722504924359993	0.026	0.016	0.132869562202852	GSPT2	c5
0.000569753358427495	0.722131473226504	0.013	0.007	1	ZNF284	c5
0.111584246253631	-0.721539359569714	0.028	0.033	1	EFCAB2	c5
0.0927376275041477	-0.720782213483985	0.01	0.014	1	SH2B3	c5
0.000102810860002052	0.719178480797555	0.015	0.008	1	SLC35G2	c5
0.0761172300593549	-0.719045525683101	0.041	0.047	1	SCUBE1	c5
0.94053786501962	-0.71894640997273	0.011	0.01	1	TTLL3	c5
0.00479498523386144	-0.718730679156396	0.04	0.052	1	TDRD7	c5
0.0157979554281255	-0.718184987607517	0.006	0.011	1	FANCB	c5
7.57473810991949e-06	0.718064617888918	0.015	0.007	0.25404156673048	SCD	c5
0.000178212583146141	0.718054260396792	0.027	0.017	1	CERS6	c5
1.59320115087415e-05	0.716640293532451	0.012	0.005	0.534327801980172	ABCB6	c5
0.0260026053200736	-0.716625027502161	0.023	0.031	1	RABL2B	c5
1.76627942401368e-10	-0.716421901363744	0.187	0.23	5.92374793225708e-06	CRYBG1	c5
6.37016882177396e-10	-0.71397122594326	0.094	0.132	2.13642721944655e-05	CALHM2	c5
1.69800536431263e-08	-0.713374526026592	0.136	0.172	0.000569477039083169	S100PBP	c5
0.0030289677588064	-0.71275170070051	0.034	0.045	1	PLCL2	c5
0.00152305135479735	0.712320824500368	0.016	0.01	1	TMEM217	c5
9.90454640941722e-07	-0.712109865195252	0.149	0.178	0.0332178677479035	SGMS1	c5
1.25021811905675e-07	-0.711656811281887	0.154	0.188	0.00419298152769253	INPP5F	c5
0.0195084113094366	-0.711582054407016	0.022	0.029	1	ZNF609	c5
0.0171294918898783	-0.711578161162847	0.014	0.02	1	POLD1	c5
0.01768115279053	-0.711314022375255	0.009	0.014	1	E2F7	c5
0.04672400548987	-0.70936460692689	0.007	0.011	1	STX3	c5
0.000503840441878868	-0.708292705669856	0.037	0.051	1	ARHGAP18	c5
0.012948006702844	-0.706778893190868	0.018	0.025	1	BRCA2	c5
0.0147350430717872	-0.706292934808086	0.077	0.089	1	SESN3	c5
0.00173836915641738	-0.70511379685097	0.023	0.034	1	CDC7	c5
1.32812178141075e-05	-0.704828812582148	0.054	0.075	0.445425483049538	PRKCI	c5
1.14254127010601e-15	-0.703947026742381	0.258	0.31	3.83185491168153e-11	MIR4435-2HG	c5
0.00138103886738258	-0.70392397753916	0.041	0.054	1	UBXN11	c5
3.82694504571869e-07	-0.70301802286143	0.085	0.114	0.0128348082943314	COA1	c5
1.88578781574416e-06	-0.702995603492256	0.135	0.165	0.0632455517644277	PIK3CD	c5
0.0131900023824925	0.702469187910327	0.014	0.009	1	RPP25	c5
1.79779703447874e-09	-0.702176718420469	0.163	0.205	6.0294516942348e-05	LPIN1	c5
0.000560441151152998	-0.702060409675834	0.063	0.08	1	BCL2A1	c5
2.59752173314667e-06	0.700219266512342	0.014	0.007	0.087115683886273	PVR	c5
0.0741816750426929	-0.700064774902619	0.013	0.017	1	SLC35A1	c5
6.02475539501859e-09	-0.699886597242641	0.127	0.164	0.000202058246438133	EPSTI1	c5
0.35094917446681	-0.699290053564624	0.025	0.028	1	POLE	c5
2.84114406150813e-06	0.69924297338734	0.016	0.008	0.0952862895348597	ADAM22	c5
0.0787379536002429	-0.69918477173651	0.037	0.043	1	SLC16A1-AS1	c5
7.89917505941287e-05	-0.698872945111047	0.03	0.046	1	C3orf14	c5
2.34739260203157e-06	-0.69883658329598	0.147	0.176	0.0787268530869348	UTRN	c5
4.08358159059491e-06	-0.697479642653341	0.238	0.262	0.136955159385372	ZC3H12D	c5
0.22881978111249	-0.697050985218638	0.014	0.017	1	CIPC	c5
0.0187696225449358	-0.696617914635912	0.017	0.023	1	CD101	c5
0.443587158079461	-0.693313558689654	0.013	0.015	1	PLXNA1	c5
0.0122633235320544	-0.693039584267845	0.013	0.02	1	LRRC45	c5
0.000161423122853298	-0.69286947612536	0.054	0.072	1	BACH2	c5
1.56475262481177e-06	-0.692190392070257	0.026	0.045	0.0524786735309371	TRBV6-5	c5
0.000994679837564662	-0.69087087305323	0.044	0.058	1	TRDMT1	c5
0.157835353256878	-0.688775304174468	0.01	0.013	1	SLC19A2	c5
5.18401712447585e-05	-0.688339780720308	0.075	0.096	1	AOAH	c5
0.000576827347440397	-0.687797905693385	0.058	0.074	1	STAMBPL1	c5
1.12828498730975e-06	-0.686760139563257	0.058	0.083	0.0378404219043943	NCK2	c5
0.000544754819818749	0.685140606974959	0.014	0.008	1	ZNF844	c5
0.978180801464249	-0.684027946079872	0.016	0.016	1	EPHA1-AS1	c5
2.28357847815151e-09	-0.682303828545358	0.18	0.217	7.65866550002453e-05	CDC42EP3	c5
0.00515481543064846	-0.682067680341705	0.006	0.012	1	REG4	c5
2.20984569007893e-119	-0.681824472693353	0.966	0.951	7.41138047538672e-115	VIM	c5
0.214977379096462	-0.681400282523009	0.007	0.01	1	TRIM66	c5
0.825804981355406	-0.680975253827582	0.071	0.071	1	SUGP2	c5
5.27270659323145e-06	0.680735701004559	0.018	0.01	0.176836033723796	SKAP2	c5
2.40413727287945e-22	-0.680390990295325	0.292	0.359	8.0629955857831e-18	GLIPR1	c5
0.00394765144002068	-0.680273460102492	0.013	0.02	1	CENPJ	c5
0.00153895692341677	-0.67980199782258	0.014	0.023	1	CENPQ	c5
8.14519590280634e-25	-0.679699391351975	0.308	0.383	2.73173580188319e-20	CAMK4	c5
9.36513544706623e-06	0.678674863891581	0.013	0.006	0.314087912623707	ZDHHC14	c5
0.00098592370418557	0.678452534865536	0.012	0.007	1	ALDH5A1	c5
0.645583368656261	-0.678245719433552	0.012	0.012	1	LINC00893	c5
0.00257115661155112	-0.678031816341234	0.032	0.044	1	SMPD2	c5
0.202653827196882	-0.677964552367678	0.009	0.012	1	NSG1	c5
0.0551840588390796	-0.677400358824593	0.016	0.021	1	LYPLAL1	c5
0.336272104075619	-0.675769417844139	0.009	0.011	1	C22orf46	c5
0.00162978073290406	0.674832258916746	0.011	0.006	1	VSIG10	c5
0.130036916121086	-0.674621714294927	0.013	0.016	1	DBP	c5
0.053062248515543	-0.674418981051521	0.013	0.018	1	LINC01184	c5
2.39118007752054e-06	0.67381719221646	0.017	0.008	0.0801953974398837	CA11	c5
0.0110420527332895	0.67148095010341	0.012	0.007	1	TXK	c5
0.0281160016316624	-0.671332405178275	0.01	0.015	1	RIPK2	c5
0.000329335943337098	0.670795535526655	0.024	0.016	1	NAPA-AS1	c5
2.19806812866199e-09	-0.670354598971555	0.156	0.195	7.37188088990658e-05	BCL2L11	c5
0.409719336206429	-0.669090570290956	0.025	0.027	1	AC245060.5	c5
0.000697370000602653	-0.668975362209429	0.03	0.043	1	CORO2A	c5
0.000238022096611255	-0.6686960007428	0.05	0.066	1	NUP88	c5
0.000347256983262548	-0.668454095993928	0.115	0.135	1	HIVEP2	c5
0.000112839011159732	-0.667436438781184	0.055	0.074	1	KIF5C	c5
8.99385236827249e-06	-0.666604156090764	0.074	0.098	0.301635820727123	SYTL1	c5
0.0115550948849243	-0.66645051519649	0.023	0.031	1	MAP3K20	c5
0.00102873451086909	-0.665775420650546	0.069	0.085	1	ANKH	c5
0.025277296668901	0.665130075043025	0.015	0.011	1	FKBP1C	c5
0.198828636043005	-0.665117108233559	0.031	0.035	1	DIAPH2	c5
6.74433246762563e-06	0.665069452580426	0.016	0.008	0.226191422299228	ZKSCAN3	c5
0.277531389711242	-0.663298857527558	0.011	0.013	1	AC093010.2	c5
0.0725917161772442	-0.663051247148441	0.01	0.014	1	ZNF74	c5
0.0230250054002847	-0.662738924130856	0.009	0.014	1	TRAV27	c5
0.00138465546838815	0.662021989852451	0.017	0.011	1	AL445471.1	c5
4.64509725459517e-06	0.662009390170169	0.015	0.007	0.155787271724613	NCR3LG1	c5
0.00780950148591183	-0.660606600092886	0.009	0.015	1	TRBV14	c5
0.000813548498270018	-0.660257466052952	0.032	0.045	1	PTPRK	c5
0.000146292503270165	0.660002269718774	0.014	0.008	1	SNPH	c5
1.3983585460699e-08	-0.6596419679576	0.091	0.125	0.000468981489180922	CKLF	c5
0.0344201068274708	-0.659596468002752	0.028	0.036	1	RAD51D	c5
0.0129135242708269	-0.659294792724521	0.052	0.062	1	SOS1	c5
1.78421223350805e-05	0.658421598497222	0.015	0.007	0.598389098873928	PLA2G4C	c5
1.11403751414775e-06	-0.658338220329717	0.17	0.201	0.0373625901494872	CCDC88C	c5
3.16602972987654e-06	0.658321253951645	0.016	0.008	0.106182305080599	CDKL2	c5
7.79903485243789e-06	-0.65774618245389	0.082	0.107	0.261564030881062	SMAD3	c5
1.41545975661682e-60	-0.657311900953244	0.708	0.732	4.74716893174149e-56	EMP3	c5
0.0831253789544403	-0.656481439443384	0.022	0.028	1	EFHC1	c5
0.138849555334943	-0.656170648277274	0.009	0.012	1	RRAS	c5
6.26373005643592e-06	-0.655763685833585	0.071	0.095	0.210072978632748	AC022706.1	c5
0.141547530574861	-0.654328410497238	0.026	0.03	1	PCED1A	c5
0.00516647463102405	-0.653837293708505	0.02	0.029	1	AC022075.1	c5
0.708936361209402	-0.653333296489736	0.019	0.02	1	ATXN7.1	c5
8.21110491829958e-05	0.653104010217972	0.022	0.013	1	CLCF1	c5
0.785583042481301	-0.65293003278421	0.016	0.017	1	POMT2	c5
4.57739309543133e-06	-0.652889075448738	0.078	0.104	0.153516609634576	ANKRD13A	c5
0.0104088536511197	-0.652520325838479	0.049	0.059	1	ATP10D	c5
0.000156526333093331	-0.651378831973342	0.152	0.173	1	EPB41	c5
0.847384172297816	-0.651142443252009	0.023	0.023	1	UVSSA	c5
0.0004181027676759	-0.65108643300596	0.111	0.13	1	CDC25B	c5
0.000215203829283773	0.650497210313857	0.019	0.012	1	REEP2	c5
0.223321570109632	-0.649395311079584	0.015	0.018	1	ZNF213-AS1	c5
6.14906626357118e-68	-0.649359342730392	0.701	0.752	2.0622738434765e-63	MYADM	c5
0.000272998515104883	-0.649236456192716	0.067	0.085	1	CBWD5	c5
0.2223702527016	-0.647951474118809	0.025	0.029	1	PIK3C2B	c5
0.985954311709118	-0.646765488278426	0.014	0.014	1	HIST4H4	c5
0.196868067104574	-0.646219234667034	0.008	0.011	1	SMKR1	c5
1.13183544373205e-103	-0.645040613912133	0.747	0.791	3.79594971118855e-99	CD99	c5
0.0602369457841368	-0.644640389943391	0.275	0.275	1	NKTR	c5
5.44776191312852e-57	-0.644399224656791	0.694	0.724	1.82707039042504e-52	S100A11	c5
1.06931754582013e-21	-0.642886761570534	0.387	0.442	3.58627718517156e-17	CELF2	c5
0.0941216336635105	-0.642315074492259	0.007	0.011	1	CDC42EP2	c5
0.00599017080654536	-0.642314753016585	0.046	0.057	1	RASSF3	c5
0.0010367560172227	-0.641439425692914	0.057	0.072	1	AP002387.2	c5
0.0300066440551131	-0.641381039678002	0.025	0.033	1	THEM4	c5
4.24072165357723e-06	-0.641047321737315	0.132	0.161	0.142225322817673	RNF125	c5
1.51156794218893e-26	-0.64066902645614	0.341	0.416	5.06949656451325e-22	ZC3H12A	c5
0.86503055876568	-0.640339128503078	0.01	0.01	1	ACACB	c5
0.0628967547912629	-0.638908338965227	0.014	0.019	1	ASPM	c5
0.0863062909499752	-0.638859491527168	0.042	0.049	1	DGKD	c5
0.942277740687436	-0.63835825157127	0.012	0.012	1	ZNF169	c5
0.03196921265528	-0.638025986120279	0.016	0.021	1	NXPH4	c5
0.00120649987775668	0.637809353517551	0.014	0.008	1	ITGB8	c5
9.26947813221031e-08	-0.637385890254625	0.208	0.242	0.00310879757598069	ATF7IP	c5
4.63724957808973e-65	-0.636904275719293	0.401	0.556	1.55524076349973e-60	LINC02446	c5
0.000373473878339034	0.636728472377889	0.018	0.011	1	ETNK2	c5
0.220849342860006	-0.634441691403153	0.013	0.016	1	HOXB-AS1	c5
0.0967592678662481	-0.633004974826072	0.019	0.024	1	TAB1	c5
0.297671434688735	-0.631690544039325	0.014	0.016	1	FOCAD	c5
4.52329214834553e-05	-0.631276417555577	0.092	0.115	1	ZBTB17	c5
0.000237657012888312	-0.630960254128882	0.076	0.096	1	ESYT2	c5
0.0434619817778802	-0.630120175620457	0.012	0.016	1	MTERF2	c5
0.0158016766239417	-0.62983667478744	0.041	0.051	1	CYP2R1	c5
0.935219509718733	-0.629475355592159	0.034	0.034	1	USP9Y	c5
0.456638638912841	-0.628990382679556	0.015	0.017	1	CCDC138	c5
0.000516811516564094	0.628811230395607	0.018	0.011	1	SUOX	c5
0.313138278664386	-0.627825277204388	0.009	0.012	1	PLXND1	c5
0.000279504809047043	0.627567424130951	0.014	0.008	1	AZIN1-AS1	c5
1.02706101705858e-83	-0.627440321957432	0.731	0.789	3.44455723901108e-79	NR3C1	c5
0.112549369350991	-0.627316387958543	0.014	0.017	1	DHRS12	c5
0.345974208236206	-0.627252799970325	0.029	0.032	1	KCTD7	c5
0.0502885159209976	-0.627100063225286	0.011	0.015	1	MECR	c5
0.00893098656248402	0.625359474380762	0.014	0.009	1	CCNI2	c5
4.33715524623161e-05	-0.624548213453681	0.189	0.213	1	TBCD	c5
0.0116105786186734	0.624289619413951	0.012	0.008	1	TUFT1	c5
0.00918327382986842	-0.624071076921973	0.081	0.094	1	MPRIP	c5
0.000100558406993973	-0.623172710836347	0.047	0.064	1	MATK	c5
0.002468489102228	-0.623035548832604	0.086	0.102	1	MLLT10	c5
1.84992678146135e-05	0.622579846856743	0.038	0.025	0.620428443966507	THBS1	c5
1.53571668135641e-05	-0.622518736382563	0.111	0.137	0.515048660593312	ARRDC2	c5
0.776668521673615	-0.622477972009175	0.038	0.039	1	DENND4B	c5
0.148123594894282	-0.622261186680566	0.015	0.019	1	ZDHHC21	c5
4.1609259324948e-05	0.621047505347526	0.014	0.007	1	DECR2	c5
1.56211911732005e-08	-0.618768413018085	0.111	0.146	0.000523903509566797	C16orf54	c5
0.001309209737907	-0.618217661156539	0.064	0.08	1	AP4B1	c5
0.00371165627442606	-0.617468578983863	0.062	0.076	1	SEL1L3	c5
4.84161115331467e-05	0.617131394349685	0.013	0.006	1	LINC01678	c5
0.314486108853778	-0.616949828413633	0.01	0.012	1	LMF1	c5
0.00555718690211714	-0.616596961806951	0.057	0.07	1	SMAD7	c5
0.0408556032307459	-0.615984053405644	0.028	0.035	1	RXYLT1	c5
1.94713265104309e-06	-0.615383519154152	0.171	0.202	0.065302934850683	ARHGAP15	c5
0.0508889907595991	-0.615176809665899	0.015	0.02	1	IRF2BPL	c5
0.144101341852643	-0.61446188786987	0.018	0.022	1	SLC25A45	c5
4.53040026612375e-32	-0.614198573639805	0.492	0.548	1.51940564125258e-27	ELF1	c5
9.6646087732147e-13	-0.613398260654419	0.173	0.225	3.24131649036075e-08	GCHFR	c5
0.0579395288722538	-0.612695460428087	0.013	0.018	1	CCNE2	c5
0.0733204395541518	-0.612169122521316	0.052	0.06	1	SPIDR	c5
0.273963078911056	-0.611625983268835	0.016	0.019	1	ERV3-1	c5
0.128928588917513	-0.611615796881497	0.008	0.012	1	TSGA10	c5
0.341677366468101	-0.61138147955109	0.016	0.018	1	CCDC7	c5
0.390303073244908	-0.611249255295482	0.015	0.017	1	POLI	c5
0.0518549970571259	-0.610775110908969	0.097	0.107	1	MDM4	c5
0.115006660467613	-0.610767272820652	0.077	0.084	1	ARHGAP26	c5
0.486748851983439	-0.610653270557122	0.016	0.018	1	TRIM46	c5
0.000199664557428617	-0.610597237392988	0.088	0.108	1	TRAV38-2DV8	c5
0.0507798693172954	-0.610346708646804	0.01	0.014	1	PGLYRP2	c5
4.61694187627642e-06	0.60878896465597	0.035	0.022	0.154842996646559	C17orf58	c5
6.25387897408791e-08	-0.60780989816609	0.139	0.174	0.0020974259303296	UBAC2	c5
0.000292474225464179	-0.607422115067213	0.189	0.208	1	SYNE1	c5
0.0930630325409368	-0.60723317392735	0.012	0.016	1	BPHL	c5
0.298722810514764	-0.606474926291503	0.014	0.017	1	MTRF1	c5
1.93245206385171e-05	-0.605876027840795	0.145	0.17	0.648105773174586	VSIR	c5
0.000498610192461015	-0.60574680105747	0.024	0.037	1	PSPH	c5
0.767281426399168	-0.605473731913226	0.017	0.017	1	AP000311.1	c5
0.0035774177961949	-0.605093011108903	0.082	0.096	1	CCDC91	c5
9.55835554583025e-41	-0.604089272036239	0.5	0.574	3.20568128296055e-36	FAM107B	c5
1.11257241081232e-07	-0.603864414518965	0.179	0.213	0.00373134535138235	LPIN2	c5
0.976433698554162	-0.603662006276436	0.014	0.014	1	MANEA-DT	c5
0.283710126503309	-0.603281032893109	0.009	0.012	1	SLC39A11	c5
0.0517032206513665	-0.603209822770925	0.063	0.072	1	CHD9	c5
0.000509918598500693	0.602314953005488	0.017	0.01	1	AL162231.1	c5
0.000427210017653103	-0.602007500887857	0.046	0.062	1	FARSB	c5
0.010938398661509	0.601887894605432	0.015	0.01	1	TRBV6-2	c5
5.00790160305128e-12	-0.601431000064492	0.315	0.358	1.67955003963134e-07	TAGAP	c5
0.970842157892373	-0.600913554267265	0.041	0.041	1	TUBGCP6	c5
0.0879891646887555	-0.600513329995482	0.014	0.019	1	WDR24	c5
0.29208515434729	-0.600400127231096	0.037	0.04	1	IFIT1	c5
0.062220732232673	-0.599529891126281	0.161	0.169	1	MYO9B	c5
0.00783783300894506	-0.599333315870898	0.032	0.041	1	SPNS3	c5
0.0916019371107636	-0.599320354413936	0.066	0.073	1	SUN1	c5
0.00212395501431976	0.598991956869106	0.019	0.013	1	TRAV29DV5	c5
5.13128874344538e-08	-0.598841469038892	0.317	0.343	0.00172093161877671	ZC3HAV1	c5
5.75084035579609e-08	-0.598072136973239	0.166	0.202	0.00192871683852689	OXNAD1	c5
0.168077931431343	-0.597679987253727	0.062	0.067	1	BCL9L	c5
4.83762127373115e-05	0.597611864230595	0.023	0.014	1	ZBTB3	c5
0.285258844184566	-0.597529531836925	0.022	0.025	1	AL390728.5	c5
0.0595890801391312	-0.597285131825323	0.033	0.04	1	C15orf39	c5
0.111273766422403	-0.596251902783892	0.099	0.106	1	MAP4K4	c5
1.15360303786794e-05	0.595601133653672	0.017	0.009	0.386895386840149	AL139423.1	c5
0.185437497486287	-0.593939118457927	0.084	0.09	1	ZBTB20	c5
0.000111400709104546	0.593592986260953	0.023	0.014	1	EFNA4	c5
0.252414886485263	-0.593493818273556	0.008	0.011	1	UBE3D	c5
0.160099817794206	-0.593203724925894	0.068	0.074	1	SYNE3	c5
1.52107801546885e-47	-0.592261900059712	0.615	0.659	5.10139144827944e-43	CD52	c5
0.000409118904468321	0.591591136305382	0.016	0.009	1	ZNF620	c5
0.417914673799303	-0.591101020475887	0.06	0.063	1	NBEAL2	c5
0.843772179824088	-0.59096084050327	0.088	0.087	1	CORO7	c5
0.0305257618617232	-0.590686582998813	0.023	0.03	1	YPEL1	c5
0.0144799809167487	-0.590249117462592	0.022	0.029	1	WWOX	c5
5.80769644058085e-05	0.590045101540493	0.021	0.013	1	FUT10	c5
4.27242431423254e-26	-0.588930088334558	0.315	0.398	1.43288566650731e-21	PIM1	c5
0.0390654069994665	-0.588907721822038	0.009	0.014	1	FGGY	c5
0.00641544763692125	-0.588819254270152	0.014	0.021	1	GSTZ1	c5
0.404713537664124	-0.588775477856572	0.01	0.011	1	L3HYPDH	c5
0.211302618843532	-0.588590050183686	0.025	0.029	1	TMCC1	c5
0.0416523801421053	-0.588227591231495	0.031	0.024	1	SERPINH1	c5
0.0247683682899658	0.588044827912174	0.011	0.007	1	WFS1	c5
0.168909444297053	-0.588008059509193	0.01	0.013	1	ZNF382	c5
0.182519614615594	-0.587706689132481	0.051	0.056	1	PTBP2	c5
0.167171035343655	-0.587401298219665	0.014	0.017	1	MMS22L	c5
0.103692547182133	-0.586827805850259	0.124	0.131	1	PGM2L1	c5
0.062435234527713	-0.586734507263837	0.073	0.081	1	USP20	c5
2.89074650364943e-06	-0.586687420062414	0.097	0.124	0.0969498562393946	DEAF1	c5
0.279592985978902	-0.586300739863382	0.047	0.051	1	ITGA5	c5
2.9927063483096e-12	-0.586078948166412	0.347	0.382	1.00369385509607e-07	GYG1	c5
0.00251678761152713	-0.586036084997671	0.048	0.062	1	ACAT1	c5
2.96901652903002e-11	-0.585699367762512	0.267	0.311	9.95748763506087e-07	PAG1	c5
0.00123609567031177	0.585230877889128	0.012	0.007	1	HK2	c5
0.82212023962008	-0.585098621419044	0.029	0.03	1	SLC8B1	c5
0.210492943983863	-0.584999624789727	0.033	0.038	1	TRMT13	c5
0.495333063783122	-0.584924211280121	0.03	0.032	1	TET3	c5
0.0571275094718102	-0.584323794145893	0.03	0.036	1	MGAT5	c5
0.128069403957233	-0.584323169422619	0.014	0.018	1	LRRC37A2	c5
0.407060534893909	-0.583635797367479	0.01	0.011	1	MTA3	c5
0.806929799470705	-0.583323165014619	0.015	0.014	1	TMOD2	c5
0.54542524452783	-0.583110471380645	0.01	0.011	1	LINC00115	c5
0.644758298671699	-0.582812891669343	0.025	0.024	1	SLFN13	c5
0.109516895489191	-0.582077647688465	0.013	0.017	1	OSER1-DT	c5
0.591400868074764	-0.581768797335431	0.164	0.163	1	PCSK7	c5
1.86660707653994e-10	-0.580673917544273	0.081	0.12	6.26022681329964e-06	GNA15	c5
6.72540789506949e-06	-0.580389298637158	0.121	0.148	0.225556729984841	PRKACB	c5
0.226675200961821	-0.579900652185325	0.154	0.14	1	CCL3	c5
0.488447016557224	-0.57978731343241	0.011	0.012	1	TBC1D2	c5
1.29586204260476e-07	-0.579617124989733	0.181	0.216	0.00434606211848786	TUBB2A	c5
0.168538715699646	-0.579449818487848	0.036	0.041	1	AL117339.5	c5
0.00114292179041235	-0.579320213190481	0.039	0.053	1	SMC2	c5
0.172545929798576	-0.579226543271179	0.019	0.023	1	C10orf88	c5
0.000860364864793896	0.57889171730049	0.014	0.008	1	ZNF441	c5
0.372102464642041	-0.57844692460069	0.019	0.021	1	PIDD1	c5
0.230403442287844	-0.578429662604308	0.031	0.027	1	FLCN	c5
7.57209554209522e-06	-0.578063943580206	0.165	0.131	0.253952940290789	NPIPB5	c5
0.191919831906658	-0.577225821058672	0.014	0.017	1	SCAMP1-AS1	c5
0.025663709791333	-0.577175120092982	0.08	0.091	1	FBXO11	c5
0.532654094500542	-0.577117419452342	0.011	0.012	1	AGER	c5
0.0927086721379955	-0.576702935337805	0.011	0.015	1	FLVCR1-DT	c5
0.010107462620021	-0.576386794897679	0.073	0.085	1	IFFO2	c5
0.000133717277642296	0.576127445263054	0.019	0.011	1	TRAV35	c5
0.224986630526231	-0.575720322580231	0.042	0.037	1	FAM193B	c5
0.143586895753515	-0.574903929937184	0.058	0.064	1	SMG9	c5
0.922801964532546	-0.574793612706784	0.041	0.041	1	C20orf194	c5
0.162045634965774	-0.574572042240287	0.135	0.139	1	NPC1	c5
0.0708984052969412	-0.57423317892762	0.023	0.029	1	C11orf80	c5
0.0347707329211989	-0.573764100011515	0.039	0.047	1	MREG	c5
0.112136478921303	-0.573760041931659	0.018	0.022	1	SLC46A3	c5
0.0821120503750716	-0.573330993076378	0.03	0.024	1	PILRB	c5
0.635695967411445	-0.573253524060363	0.01	0.011	1	NAIP	c5
5.59140147417895e-05	0.572864526159147	0.018	0.01	1	ZNF888	c5
5.74467587777251e-05	0.572814951211884	0.015	0.008	1	ZNF347	c5
0.050643524718993	-0.571813534572557	0.016	0.021	1	LINC01550	c5
0.218814338955718	-0.571782515529407	0.027	0.031	1	ATP8B2	c5
0.0307848041520961	-0.571216490429257	0.035	0.043	1	RSAD2	c5
8.56265155590114e-22	-0.570771541376182	0.27	0.342	2.87174207881813e-17	HMGA1	c5
0.008612333827501	-0.5706807932285	0.039	0.05	1	KIF9	c5
8.2364198501164e-05	-0.570618566948738	0.249	0.268	1	CCNH	c5
0.0021596569771047	-0.56985852952529	0.037	0.05	1	KCTD6	c5
0.0016307751123803	-0.569223750309206	0.151	0.168	1	ARHGAP4	c5
0.00255203868454664	0.569195242321064	0.016	0.01	1	GPR146	c5
0.00644100560735683	-0.567946849874876	0.08	0.094	1	SLC25A25	c5
0.185257439266891	-0.567576973086164	0.207	0.211	1	XCL2	c5
0.564425137566409	-0.567462205985454	0.077	0.079	1	KDM5D	c5
0.00291384027288331	-0.567244877547675	0.076	0.091	1	KLRK1	c5
0.002499107779117	-0.566260372028161	0.072	0.087	1	RASSF2	c5
0.0371920891101065	-0.566128155541708	0.085	0.095	1	ZNF276	c5
0.918855788723529	-0.565946866100595	0.05	0.049	1	PIEZO1	c5
0.345230465398878	-0.56534033988931	0.031	0.034	1	EPG5	c5
0.118013519492465	-0.565264801944724	0.032	0.037	1	PLCD1	c5
0.00147915223456622	-0.565039356264285	0.11	0.127	1	RFFL	c5
0.171716374018421	-0.564752907340112	0.079	0.085	1	GABPB1-AS1	c5
0.123827149584916	-0.56473350274527	0.008	0.012	1	FAM229B	c5
0.0504488177363207	-0.564372686498506	0.041	0.049	1	STX8	c5
8.31224947628726e-05	-0.56424000313605	0.062	0.081	1	LMO4	c5
0.00623353294860642	-0.563456936690907	0.029	0.039	1	AAMDC	c5
0.0206097386396211	-0.56310280358285	0.015	0.022	1	PRC1	c5
0.213125245995271	-0.563056887423533	0.029	0.033	1	URB1	c5
0.0583175082050959	-0.562271137417284	0.027	0.034	1	EIF2AK4	c5
7.68482291604149e-06	0.561649821388047	0.021	0.011	0.257733590958199	FAM241B	c5
2.66460713883697e-47	-0.561213247393687	0.865	0.862	8.93655942223142e-43	TSC22D3	c5
0.175384315671633	-0.560508329887007	0.041	0.036	1	PLXNA3	c5
0.460664326507594	-0.560398679683683	0.037	0.039	1	ITGB2-AS1	c5
0.146747156196739	-0.560379834332036	0.117	0.123	1	CCL3L1	c5
0.978832246224742	-0.560191800599946	0.061	0.061	1	SMG6	c5
3.11237842754174e-11	-0.559814172994297	0.246	0.29	1.04382947702895e-06	CCND3	c5
0.00277084982737189	-0.558837747696888	0.054	0.068	1	CASS4	c5
0.106498999651683	-0.558698646975017	0.022	0.027	1	KNL1	c5
0.000607915779486696	-0.557208961290719	0.041	0.055	1	MCM4	c5
0.104430198992326	-0.556801638112743	0.032	0.038	1	SMYD3	c5
0.0333656638198966	-0.556508335966416	0.033	0.041	1	KCNK5	c5
0.00380172473564821	-0.555082185252605	0.016	0.025	1	PSAT1	c5
2.60375165381197e-06	-0.554222224120455	0.187	0.216	0.0873246229655459	DEF6	c5
1.65201907398176e-31	-0.554036428965337	0.613	0.631	5.54054157032004e-27	TUBA1A	c5
0.0582910265839595	-0.553264171197224	0.02	0.026	1	KLF11	c5
0.0438278620374536	-0.553244454411672	0.049	0.057	1	NAGPA	c5
0.00367380913265746	-0.552307634431467	0.053	0.066	1	WDFY1	c5
0.485670909907095	-0.550179390821787	0.014	0.016	1	AC138150.1	c5
0.022865649682551	-0.549805929864278	0.014	0.02	1	TIMELESS	c5
5.04934259094331e-09	-0.549150244929603	0.141	0.181	0.000169344851815057	LY9	c5
8.61392619764867e-05	-0.549112644217498	0.1	0.123	1	CLIC5	c5
0.733052129761689	-0.548661844230862	0.012	0.011	1	NOTCH2NL	c5
6.7512031511198e-07	-0.548395742282826	0.221	0.25	0.0226421851282256	USP3	c5
0.0151170398411567	-0.548184482104832	0.128	0.14	1	CENPF	c5
0.103308673672968	-0.547282052827408	0.043	0.05	1	DDX11	c5
0.886974683269724	-0.547130328966182	0.012	0.012	1	AC008764.8	c5
0.254209098225452	-0.54695462144208	0.055	0.06	1	TMEM175	c5
0.115787801937344	-0.546213809069438	0.092	0.082	1	CCDC88B	c5
0.0278183909478709	-0.546140014180119	0.08	0.091	1	USP25	c5
0.107688674033598	0.546134506667645	0.01	0.008	1	NDNF	c5
0.788576541236726	-0.546071702101853	0.012	0.012	1	C5orf34	c5
0.265559760013967	-0.545745336911802	0.023	0.026	1	LDLRAP1	c5
0.000274676610054632	-0.544659903832916	0.062	0.081	1	KANSL1-AS1	c5
0.00105119434160614	0.543813956333499	0.025	0.017	1	MAGEF1	c5
0.811434379025253	-0.543694469062487	0.073	0.071	1	GIGYF1	c5
4.88548398315556e-11	-0.542397348868796	0.325	0.363	1.63849361827071e-06	PPP3CC	c5
0.0674121099338906	-0.541827840392763	0.024	0.03	1	COX15	c5
0.607003880327169	-0.541687050817526	0.019	0.02	1	SPATA5	c5
0.00260446953101774	-0.541338090532479	0.125	0.142	1	PCF11	c5
0.998267560239412	-0.540938797475333	0.019	0.019	1	TLDC1	c5
0.0579915120103972	-0.540915363802128	0.027	0.034	1	RPP40	c5
0.164697754239922	-0.540139980181545	0.012	0.015	1	MYO1B	c5
0.0173297831750233	-0.539736801852278	0.045	0.055	1	TRAV19	c5
0.0622306332204225	-0.539168469661335	0.01	0.014	1	BCKDHB	c5
4.49204327982219e-06	-0.539102665462735	0.152	0.18	0.150654147518677	PLEKHF1	c5
5.22361014455833e-15	-0.53907021926629	0.304	0.358	1.75189437028197e-10	CITED2	c5
0.583596399310113	-0.538539386979985	0.013	0.012	1	ZBTB37	c5
0.859873410715151	-0.538440867902289	0.017	0.016	1	ZNF407	c5
0.00132162536187921	0.537580278890757	0.018	0.012	1	NEK6	c5
0.077131103517895	-0.537448304598422	0.009	0.013	1	POLA1	c5
0.00146795901719337	-0.537383840797645	0.126	0.144	1	GPR174	c5
0.0195469556685519	0.536599447317285	0.01	0.007	1	H3F3C	c5
0.0047551925890806	-0.536241272011957	0.045	0.058	1	STMN3	c5
0.12219731074966	-0.535971272225897	0.014	0.018	1	STRADB	c5
0.224148604118643	-0.535856199178811	0.017	0.02	1	CYB5D2	c5
9.95493935174463e-06	0.535606316383735	0.031	0.019	0.333868755978811	AVPI1	c5
0.0565110727194905	-0.535474533024797	0.02	0.026	1	OTUB2	c5
0.0162945527910891	-0.535368357899755	0.027	0.036	1	FAM50B	c5
0.715527639357188	-0.535342251396158	0.013	0.014	1	GDF11	c5
0.334731461598007	-0.535001299765706	0.064	0.067	1	KDM4C	c5
0.961723236674235	-0.534877125014304	0.014	0.014	1	JRK	c5
0.092382247311912	-0.534626103131911	0.013	0.017	1	RAD51B	c5
1.61643064117508e-06	0.534562151599769	0.063	0.045	0.0542118508437297	AC006064.4	c5
0.000496800217929632	-0.534406537900197	0.125	0.145	1	BIN2	c5
0.0193454770966931	-0.534377464241926	0.111	0.122	1	TP53INP1	c5
0.0798992212913869	-0.534345438583018	0.018	0.023	1	SUMF1	c5
0.461270279774764	-0.533797495585814	0.027	0.03	1	SSBP2	c5
0.0252283837340609	-0.53357360151022	0.041	0.05	1	FAM69A	c5
0.620146775818077	-0.533191028395908	0.028	0.03	1	ZNF518A	c5
0.511728162842243	-0.53293620947957	0.009	0.011	1	FBXO41	c5
0.369017606676659	-0.532786086353666	0.075	0.078	1	INPP4A	c5
0.0105836639520507	-0.532634267019902	0.065	0.077	1	SNAPC1	c5
0.000415719388095878	0.532355778603836	0.019	0.012	1	FAM43A	c5
0.732915628530792	-0.532290829062706	0.049	0.047	1	EHBP1L1	c5
0.00195435612443233	-0.531505025508753	0.1	0.117	1	UCHL3	c5
0.0416494161482887	-0.53150384918623	0.191	0.199	1	HERC1	c5
9.94783768807918e-21	-0.531348873998349	0.664	0.67	3.336305803828e-16	PPP1R15A	c5
0.34277733803857	-0.531142109890536	0.03	0.033	1	HEXDC	c5
0.495382289659301	-0.530528683292676	0.175	0.174	1	PARP14	c5
0.276268907590831	-0.53052187897713	0.014	0.016	1	ZBTB22	c5
0.785562815381669	-0.530468739442227	0.069	0.069	1	PI4KA	c5
0.812011599466307	-0.53045129503413	0.011	0.012	1	HEMK1	c5
1.71971539236289e-05	-0.530444660957025	0.237	0.261	0.576758148290666	CDK17	c5
5.6118907639678e-05	0.530425221674954	0.021	0.012	1	C19orf44	c5
0.0731634417842906	-0.530167718955128	0.026	0.032	1	FANCG	c5
0.719624015482144	-0.52893406942668	0.012	0.011	1	MUC16	c5
0.945579633474459	-0.528844564089304	0.098	0.096	1	ANKRD36	c5
0.00117899854837195	-0.52880709086435	0.075	0.092	1	CBWD1	c5
0.000139415394713661	-0.528706641070138	0.132	0.155	1	LRRC8C	c5
0.0275401041962818	-0.528583835364231	0.183	0.191	1	DUT	c5
0.194249048593308	-0.528454993821355	0.108	0.114	1	CLASP1	c5
2.07079857659236e-06	-0.528277200501426	0.144	0.174	0.0694504426617546	KDSR	c5
0.00567474584428818	-0.528252333413396	0.099	0.114	1	PTPN6	c5
0.602636834294749	-0.528180022665489	0.034	0.036	1	UBN2	c5
0.940943793111784	-0.528156460600254	0.055	0.055	1	NFKBID	c5
7.805086765244e-06	-0.527326460806363	0.455	0.456	0.261766999932753	CCNL1	c5
0.227737462599805	-0.527269837736458	0.008	0.011	1	CAMSAP2	c5
1.12486302131556e-06	-0.527254653245893	0.117	0.147	0.0377256560088812	TNFRSF1A	c5
0.982153594251086	-0.527190294406508	0.038	0.038	1	MOK	c5
1.074027061249e-05	0.526943030086691	0.019	0.01	0.360207195801691	FAM169A	c5
0.375697454232881	-0.526890809770242	0.076	0.079	1	EDARADD	c5
0.188913238084271	-0.526086498352899	0.025	0.029	1	AC007952.4	c5
0.0375558367851854	-0.525842709071744	0.05	0.059	1	AMMECR1L	c5
0.187982728944439	-0.525138111657642	0.008	0.01	1	TRMT10A	c5
2.13853268551051e-05	0.525090736141381	0.036	0.024	0.717221092066514	ZNF771	c5
0.735701430088492	-0.524791038664589	0.031	0.03	1	LSS	c5
0.0796649577774494	-0.524373732783808	0.031	0.037	1	PPOX	c5
0.0558846878476607	-0.524269973197908	0.05	0.058	1	FAM89B	c5
0.0180356852317528	-0.524021840538991	0.021	0.028	1	FARS2	c5
0.92411890076425	-0.522903837543729	0.013	0.012	1	KAT2A	c5
0.00761153916110119	0.522717016829416	0.013	0.009	1	DDIT4-AS1	c5
4.40689363609369e-17	-0.522451289275368	0.228	0.292	1.4779839876731e-12	TMEM123	c5
0.03261777176589	-0.522446370026608	0.047	0.056	1	CRACR2A	c5
0.455411535732774	-0.522310094104784	0.073	0.076	1	DGCR8	c5
0.0271761607933297	-0.522306014891496	0.067	0.078	1	SETDB2	c5
0.822178761007266	-0.522271523731849	0.03	0.03	1	ZNF621	c5
0.000330260931901138	0.522258119411068	0.022	0.014	1	FAM57A	c5
0.0599422646309668	-0.522138236972701	0.012	0.016	1	FAM13A	c5
6.68478739054922e-05	0.521769797524877	0.025	0.016	1	EVA1B	c5
0.348600351028048	-0.521007638646167	0.011	0.012	1	SLC37A4	c5
0.345211208269081	-0.520694786447698	0.015	0.017	1	ZFP28	c5
0.0383580927816627	-0.520642106544637	0.015	0.021	1	KIF18A	c5
0.0948825840139752	-0.520605743182249	0.023	0.028	1	ZNF287	c5
0.912955028719481	-0.519740101305544	0.065	0.064	1	ABCA2	c5
9.93003956958807e-20	-0.518897490658931	0.339	0.402	3.33033667084845e-15	ARPC5L	c5
0.530337719038113	-0.518848753787088	0.014	0.015	1	DNASE1L1	c5
0.263326819426071	-0.518613973904726	0.014	0.017	1	VCL	c5
0.292408446895674	-0.518419393801795	0.034	0.038	1	ZMYM6	c5
7.34946093895283e-06	-0.517045611172349	0.187	0.214	0.2464862209706	SPTY2D1	c5
0.000498684224110116	0.516397820754009	0.016	0.009	1	KIFC3	c5
0.512720781545914	-0.516370119078783	0.049	0.051	1	RFX3	c5
0.475952925720684	-0.515830602701667	0.026	0.029	1	HERC3	c5
0.397497846613044	-0.515300004969212	0.137	0.138	1	CCNT2	c5
8.52888048690876e-05	0.514891924655119	0.013	0.007	1	PRDM11	c5
0.178839766243396	-0.514674884120528	0.06	0.065	1	ANAPC7	c5
9.84498664023663e-36	-0.513912066935445	0.68	0.709	3.30181161940256e-31	ANKRD12	c5
0.0326489421753183	0.513813738914085	0.014	0.01	1	ITPRIPL2	c5
0.382354276857496	-0.513192074649749	0.17	0.17	1	ZFC3H1	c5
0.00917341567804462	-0.51283529549487	0.071	0.084	1	SMC6	c5
0.2984092867013	-0.512717363873771	0.013	0.015	1	N6AMT1	c5
0.0776402898671077	-0.512402927569372	0.021	0.026	1	GNPDA1	c5
0.0827925840807491	-0.511562873588022	0.025	0.031	1	SNHG10	c5
0.621790612259322	-0.511471011211014	0.033	0.034	1	GALT	c5
7.25107112726315e-05	-0.511235728871319	0.066	0.087	1	TNFRSF12A	c5
0.181691036704498	-0.511189969946812	0.122	0.128	1	STAT6	c5
0.729785159002132	-0.510787984848277	0.013	0.013	1	TMEM161B-AS1	c5
0.0330765944552564	-0.510732227553109	0.079	0.068	1	NR4A1	c5
0.0128330743947321	0.510565056935111	0.012	0.007	1	DHX32	c5
0.000703519111101939	-0.510511149884175	0.126	0.145	1	UBE2H	c5
1.65358362171849e-06	-0.50999097503907	0.187	0.218	0.0554578875051948	SEMA4D	c5
0.249806549149012	0.509732247087364	0.01	0.008	1	AGMAT	c5
0.178521122053692	-0.509416812395806	0.026	0.03	1	FAM185A	c5
0.754474763152404	-0.509360755071911	0.012	0.012	1	AC009961.1	c5
0.00496833831155391	-0.508593830107364	0.113	0.13	1	NBPF19	c5
0.610724066485084	-0.508417835044132	0.053	0.05	1	ARHGAP35	c5
2.520979846475e-14	-0.508359836921998	0.534	0.556	8.45486220910784e-10	EML4	c5
0.0286529175471235	-0.508320161840214	0.029	0.036	1	PAQR8	c5
0.004260086826943	0.508247577292309	0.021	0.015	1	PRRG4	c5
0.0196542431412572	-0.508245167262323	0.049	0.059	1	NFIC	c5
0.161028286811833	-0.507810476744779	0.01	0.013	1	CD3EAP	c5
0.163603526779609	-0.50743644021852	0.037	0.042	1	UTP20	c5
0.0932851646723177	-0.507326757203198	0.03	0.035	1	TAF5L	c5
0.00276933177891846	0.507083207585752	0.012	0.007	1	FAM72A	c5
0.09058610585494	-0.506566065611901	0.066	0.073	1	FOXO3	c5
0.177032682851894	-0.506562628072587	0.026	0.031	1	BCL6	c5
0.01910180116847	-0.506091659519225	0.103	0.115	1	RIPOR2	c5
0.202801027514194	-0.50586116607389	0.025	0.029	1	PLA2G12A	c5
0.671746007392241	-0.505827174507348	0.036	0.037	1	CEP192	c5
0.000111681718085777	0.505618320397589	0.012	0.006	1	LINC01684	c5
0.224000592584897	-0.505403294257981	0.034	0.038	1	MCM9	c5
0.609945010747931	-0.505061304661667	0.02	0.021	1	ZMYM1	c5
0.131692371825774	-0.50477176113035	0.06	0.066	1	ZBP1	c5
0.0250442574684206	-0.504409989177728	0.197	0.205	1	ZFAND2A	c5
0.0512012064815459	-0.504323349837527	0.033	0.04	1	AC006369.1	c5
0.00118747478247372	-0.503689256493328	0.265	0.28	1	PRRC2B	c5
3.64369432965094e-17	-0.503632317925639	0.571	0.582	1.22202220427833e-12	EVL	c5
0.804702035291497	-0.503340431072811	0.047	0.048	1	ZBTB40	c5
0.721997024208124	-0.50321328981188	0.018	0.018	1	GCNA	c5
1.63239759977869e-05	0.503123795901671	0.029	0.018	0.547473507013777	SLC31A1	c5
0.73886773506176	-0.503116525526342	0.013	0.014	1	BCLAF3	c5
0.0537937941433249	0.502230229423389	0.01	0.007	1	RPS10-NUDT3	c5
0.0652416801785925	-0.502196330389561	0.046	0.054	1	AP1AR	c5
0.0273342534696064	-0.501927528572709	0.032	0.04	1	SH3YL1	c5
0.00174280124093358	0.501913011453139	0.028	0.02	1	PRICKLE3	c5
0.163287221282772	-0.501891623638667	0.019	0.023	1	DHX58	c5
0.00060094648858241	0.501849224639919	0.023	0.015	1	CBX8	c5
0.129622759089877	-0.50174867594141	0.072	0.078	1	TLE4	c5
0.32226926164327	-0.501579855725188	0.039	0.042	1	DAGLB	c5
2.7279879813711e-14	-0.501385993340631	0.38	0.417	9.14912609192239e-10	GSTK1	c5
0.0802770057602073	-0.50127817951794	0.02	0.025	1	HEBP1	c5
0.240692688877834	-0.500996530043592	0.014	0.016	1	DDX43	c5
0.703974203778215	-0.500599423608119	0.022	0.023	1	AL669831.5	c5
7.68681545974647e-06	0.500583390391477	0.015	0.008	0.257800416888977	BRSK1	c5
2.56287642993361e-27	-0.500399357593347	0.675	0.698	8.59537497071135e-23	MBNL1	c5
0.27119421443853	-0.500282772942382	0.015	0.012	1	SAP25	c5
1.43301191897552e-05	-0.499959495385093	0.198	0.225	0.48060353738601	OGDH	c5
5.10145032082468e-19	-0.499664209841376	0.717	0.715	1.71092440859818e-14	RGCC	c5
0.0245225804467182	0.499643265450237	0.013	0.009	1	DNAJC28	c5
0.210608935018891	-0.499578863010067	0.052	0.057	1	AC025164.1	c5
0.216982407166854	-0.499428055409244	0.01	0.013	1	RAB11B-AS1	c5
4.11670303008401e-06	0.499380201139903	0.024	0.013	0.138065986222957	ZNF540	c5
4.47584713443773e-06	0.499011614969906	0.023	0.013	0.150110961194772	RHOQ	c5
0.0728415792078526	-0.498910901595067	0.03	0.036	1	CDK1	c5
4.6495595345417e-09	-0.498774366523464	0.17	0.21	0.000155936927669459	STOM	c5
0.0052957592339316	-0.498526589716699	0.029	0.039	1	SGK1	c5
1.18278761787954e-10	-0.498276441684998	0.35	0.383	3.96683311284441e-06	PTPN1	c5
8.62685762665963e-06	0.498264252142191	0.032	0.02	0.289327551082911	TCEAL4	c5
0.000913765968960984	0.498037162871278	0.011	0.006	1	AC008105.1	c5
0.523983658861433	-0.497830709383118	0.027	0.029	1	SLC12A6	c5
3.1160374449568e-05	0.497459489239717	0.034	0.022	1	FO393401.1	c5
0.0466319444696979	-0.497417142381585	0.032	0.039	1	KLRC4	c5
2.17097043235158e-17	-0.497251197161771	0.561	0.575	7.28100063602072e-13	CYTOR	c5
0.0907337204039191	-0.497085955915886	0.009	0.013	1	DPH6	c5
0.722981083145451	-0.496757476594349	0.011	0.01	1	AC138969.1	c5
1.71988626277582e-05	0.496692300029407	0.031	0.02	0.576815454809753	TIRAP	c5
0.00571294405776031	-0.496580231242113	0.124	0.14	1	AGFG1	c5
0.593195386154454	-0.496372099807248	0.035	0.036	1	FOXK1	c5
0.418088982846658	-0.496129654945167	0.021	0.024	1	AC091057.6	c5
3.35300214121852e-05	-0.496028137843677	0.465	0.463	1	RSRP1	c5
0.00030908808862555	0.495402688935657	0.018	0.011	1	PVRIG	c5
0.0437383974493971	-0.494942342226792	0.007	0.011	1	POLE2	c5
0.133178888829961	-0.494877942547421	0.054	0.061	1	PPP2R2B	c5
0.450101003950813	-0.494820784299542	0.016	0.018	1	VWA8	c5
3.26421620831209e-06	-0.494638395621218	0.989	0.988	0.109475283194371	MTRNR2L12	c5
3.75453274267157e-05	0.494285241005956	0.013	0.007	1	ZNF483	c5
0.00488228828407559	-0.494267842715203	0.107	0.123	1	ZNF217	c5
0.0911500699969282	-0.493987641955687	0.092	0.1	1	KATNAL1	c5
0.30277237147015	-0.493958168738381	0.025	0.029	1	VNN2	c5
0.0743303080453909	0.493424289828521	0.011	0.008	1	HES6	c5
0.55996386625094	-0.493371679440716	0.014	0.015	1	ERMARD	c5
0.233037479440797	-0.492874963035495	0.009	0.011	1	MAN1B1-DT	c5
0.711052348050973	-0.4924695248468	0.04	0.041	1	CCDC14	c5
0.0733769721323489	-0.491909870209292	0.047	0.055	1	TFB1M	c5
0.888335162746928	-0.491759477497347	0.018	0.018	1	AC005332.7	c5
5.52720192656731e-49	-0.491101670912037	0.647	0.705	1.85371298213214e-44	RBPJ	c5
0.585494790834958	-0.491099761418008	0.116	0.111	1	DDX39B	c5
0.841472598914587	-0.491008178642279	0.118	0.114	1	UTY	c5
0.860932177211869	-0.49100554850166	0.064	0.062	1	HEXA	c5
8.08819728920481e-05	0.490673535295575	0.026	0.016	1	NRL	c5
0.071015825283228	-0.490598683750292	0.07	0.078	1	CDK5RAP2	c5
7.7062381578665e-06	0.490453028014813	0.039	0.026	0.258451815338527	ADAM15	c5
0.000100608102962771	-0.489943661701577	0.238	0.259	1	EPS15	c5
0.541806752983637	-0.489729400019374	0.144	0.144	1	CHD3	c5
0.0127864982508517	0.489458622595004	0.011	0.007	1	LINC00987	c5
0.376674029987843	-0.489339762500623	0.06	0.064	1	DZIP3	c5
0.000842305586286186	-0.489208595445777	0.084	0.102	1	FAM117A	c5
0.79321442435884	-0.488958304925861	0.03	0.028	1	MYO18A	c5
0.000470423710372006	0.488556076323915	0.018	0.011	1	CD72	c5
0.000442219654790578	-0.488210793158266	0.16	0.181	1	EIF2AK2	c5
0.884280130779628	-0.48813297960869	0.019	0.02	1	MFSD4B	c5
0.00222301570980119	-0.4879896139515	0.307	0.315	1	ARAP2	c5
0.000570797111171832	-0.487531718571423	0.274	0.29	1	TXNIP	c5
0.117070089595749	-0.486709529950387	0.04	0.046	1	HIVEP3	c5
0.0669482690632243	-0.486674180401395	0.007	0.011	1	C17orf53	c5
0.654528300780167	-0.486592080823729	0.011	0.011	1	ZNF599	c5
0.00282087836304369	0.486391066393161	0.022	0.015	1	LINC01806	c5
0.711389158466128	-0.486006593690419	0.018	0.019	1	PATJ	c5
0.225857591461953	-0.485764933564598	0.034	0.038	1	RRNAD1	c5
0.790217759023068	-0.485462103198739	0.01	0.009	1	TDRKH-AS1	c5
9.91724528541342e-21	-0.485387433040838	0.507	0.532	3.32604572382195e-16	ZYX	c5
0.386633114655432	-0.48484001146808	0.014	0.012	1	CSAD	c5
0.460778896363874	-0.484268345210208	0.009	0.011	1	AL162377.1	c5
0.0490410181135544	0.484121706918794	0.011	0.008	1	PDXP	c5
0.0679192986060953	-0.484016064164596	0.027	0.033	1	ENTR1	c5
0.260437498710453	-0.483713153277589	0.13	0.133	1	PHF14	c5
0.316461996458667	-0.483474453812816	0.026	0.03	1	AL662844.4	c5
0.00078040898856735	0.483089749644547	0.026	0.017	1	TP53I11	c5
0.0111828874266684	-0.482977764736477	0.384	0.381	1	PLEC	c5
6.18496659093656e-06	0.48296139059954	0.033	0.02	0.20743140952683	CD79A	c5
0.674130992805099	-0.482404718333072	0.041	0.043	1	PLEKHG1	c5
0.003862761994363	0.481939986721939	0.016	0.01	1	CEP57L1	c5
0.0570596081591385	-0.481802701369159	0.066	0.074	1	WEE1	c5
0.458427563839695	-0.480763795600599	0.021	0.019	1	ABCA5	c5
0.138964408231615	-0.480703608743683	0.171	0.177	1	TCIRG1	c5
0.257619113282023	-0.480197566300964	0.112	0.117	1	PARP12	c5
0.000463382103456886	0.479943202930674	0.02	0.013	1	SORBS1	c5
0.0390519795103647	-0.479811783916352	0.03	0.037	1	NTPCR	c5
0.298227692585225	-0.479792067550438	0.009	0.011	1	SYCP2	c5
3.98954764515385e-08	-0.479451568505888	0.063	0.093	0.0013380144892317	CD83	c5
0.12299870020717	-0.479137735789086	0.085	0.092	1	RELL1	c5
0.0507618288637175	-0.479115555918041	0.04	0.048	1	HMGCL	c5
2.55171337184181e-08	-0.478904643405659	0.365	0.391	0.000855793630648305	PARP8	c5
8.69263898002319e-08	-0.478856890696896	0.389	0.409	0.00291533726112018	NELL2	c5
0.0109946386269318	-0.47869020831431	0.135	0.149	1	DDI2	c5
0.100313265507828	-0.477922978753814	0.066	0.074	1	APOL3	c5
0.525148147203434	-0.477249268672166	0.075	0.077	1	TRIM14	c5
0.704474778098689	-0.4766727910248	0.016	0.016	1	FAM120C	c5
1.73497902662496e-06	0.476583017636497	0.032	0.019	0.0581877265949479	EPHB6	c5
0.298594709949099	-0.476303336373626	0.064	0.068	1	HDAC7	c5
0.740251592032397	-0.475851397306642	0.035	0.033	1	PKD1	c5
0.573409796557113	-0.475408012948004	0.094	0.095	1	NECAP1	c5
0.395073349192352	-0.475044534130619	0.062	0.065	1	MLXIP	c5
0.736210143693679	-0.474929923372702	0.026	0.027	1	NPHP3	c5
0.146887564857433	-0.474327212975836	0.024	0.028	1	SEPSECS	c5
0.0190505392071651	-0.473630108885015	0.028	0.036	1	TCF19	c5
5.5923602653338e-06	-0.473185304463802	0.314	0.339	0.187556578578765	PCM1	c5
0.358993834860012	-0.472858761331387	0.008	0.01	1	AC015912.3	c5
0.0809327350078453	-0.472370647702036	0.054	0.061	1	MDM1	c5
4.24896156928547e-05	-0.47178009941937	0.186	0.213	1	GBP5	c5
0.174649177224813	-0.471642025022377	0.031	0.036	1	BCDIN3D	c5
0.200700409942581	-0.471149946446847	0.023	0.02	1	MIR29B2CHG	c5
0.27789331661347	-0.471109389226631	0.02	0.023	1	NLRX1	c5
0.156048558922331	-0.470777455411791	0.036	0.041	1	CENPK	c5
0.0195020988299358	-0.470710575470254	0.177	0.189	1	SREBF2	c5
1.14439410280823e-05	0.470096429868944	0.043	0.029	0.383806894199824	CKB	c5
0.874477361194042	-0.469715207647624	0.024	0.023	1	ANKAR	c5
0.00454160894932142	0.469691908485886	0.018	0.012	1	ZFP69	c5
0.264842257773131	-0.469479761210048	0.036	0.04	1	DHX33	c5
0.00188774765470614	0.469470885831005	0.015	0.009	1	NCEH1	c5
0.000202997327598315	-0.469136340584391	0.157	0.179	1	VIM-AS1	c5
0.0894311712523941	-0.469117014683413	0.063	0.071	1	GPR18	c5
0.00431220399962036	0.468423705727431	0.015	0.009	1	MDK	c5
0.112206391589549	-0.468263868041234	0.021	0.025	1	ARV1	c5
0.00935708627561373	-0.468171416268402	0.168	0.181	1	ITGB7	c5
0.000864255660589581	-0.46797807382192	0.059	0.076	1	SUCLG2	c5
0.0590682372620564	-0.46773409622572	0.037	0.044	1	ATPAF2	c5
4.03651873815622e-06	0.467481162847608	0.043	0.028	0.135376765440283	OSGIN2	c5
0.530392626024932	-0.467063715670923	0.023	0.025	1	ZNF737	c5
0.00892520429540355	0.466629961864102	0.017	0.011	1	CLIC4	c5
0.491173232871914	-0.466453337046099	0.056	0.052	1	FAM160B2	c5
0.468807517744606	-0.466011953948669	0.022	0.02	1	GTF2IRD2	c5
0.28673500866627	-0.465521888855545	0.039	0.035	1	ANO9	c5
0.849130555076259	-0.465368742510577	0.111	0.107	1	PARP15	c5
1.11658827413589e-07	-0.464683615397315	0.312	0.337	0.00374481375379694	YIPF5	c5
0.0160494989649604	-0.463948583321586	0.084	0.097	1	EEA1	c5
0.0020148795283566	0.463648094670605	0.02	0.014	1	ABHD8	c5
0.246663335031968	-0.463527057350637	0.02	0.023	1	LINC01588	c5
0.00535046039547079	-0.46350022697998	0.196	0.21	1	SSH2	c5
0.000369282738927405	0.462835233718396	0.026	0.017	1	TRBV2	c5
0.00154811990419339	0.462706305134573	0.016	0.01	1	GPAT2	c5
0.348809877314986	-0.462173064690274	0.041	0.044	1	HSF2	c5
0.728929651644011	-0.46201434149107	0.085	0.085	1	NCOR2	c5
0.353169799961715	-0.461983603554961	0.023	0.025	1	EID3	c5
0.690678768122569	-0.461976455631335	0.033	0.032	1	SLC26A11	c5
0.744045657059218	-0.461973250431071	0.031	0.029	1	AC097376.2	c5
0.233616501596178	-0.461834624433511	0.015	0.018	1	PLD6	c5
7.12441532840663e-05	0.461345845903811	0.024	0.015	1	TCEAL1	c5
0.523505750820733	-0.461280770974774	0.055	0.057	1	DXO	c5
0.0127311643342316	-0.460899556863641	0.03	0.039	1	CENPH	c5
2.66800308469402e-15	-0.460593114569822	0.366	0.43	8.94794874544679e-11	ID2	c5
0.0393224347502335	-0.460370846062534	0.022	0.028	1	GAMT	c5
4.75337487441053e-06	-0.460211529154784	0.151	0.181	0.15941868653798	ESD	c5
0.817318275706997	-0.459824031287545	0.016	0.017	1	TMEM44-AS1	c5
0.883788676141205	-0.459500470780069	0.027	0.027	1	CLCN6	c5
0.094442507219057	-0.458885569760636	0.053	0.06	1	NAA80	c5
0.138200561721015	-0.458316797453155	0.062	0.068	1	PAOX	c5
0.176991602863821	-0.458146321146934	0.029	0.033	1	SFXN4	c5
0.718868502358852	-0.458129267300988	0.076	0.072	1	AL135925.1	c5
0.00502891028513824	-0.458058984358209	0.038	0.049	1	SPON2	c5
0.0594268937482116	-0.458035075737058	0.081	0.091	1	REPS1	c5
0.759631839409955	-0.457588247045154	0.018	0.019	1	TARBP1	c5
0.122229356883681	-0.45749361971574	0.023	0.028	1	UBL7-AS1	c5
0.484265284860149	-0.45672354587695	0.085	0.087	1	PLCG1	c5
0.0215126336508524	-0.456651031703028	0.102	0.114	1	TP53I13	c5
0.000150636464273326	0.456526318108521	0.015	0.008	1	CAMKK1	c5
0.437863506624053	-0.456423973188978	0.009	0.011	1	AP004609.3	c5
0.250743015941432	-0.456137039963586	0.129	0.133	1	INPP4B	c5
0.0310879652962195	-0.456115238881476	0.064	0.074	1	TRMT1	c5
0.141167818561219	-0.45590901791982	0.012	0.015	1	SLC43A1	c5
0.0138110644885904	-0.455902339562442	0.069	0.08	1	RNF24	c5
0.0474694584770022	-0.45587219489007	0.046	0.055	1	CPPED1	c5
0.327960773702063	-0.455642540809169	0.018	0.021	1	AL450998.2	c5
0.769792285509994	-0.455188433937465	0.049	0.047	1	ZMIZ2	c5
2.00803542510945e-05	0.454814441337947	0.031	0.019	0.673454920873206	TOP1MT	c5
0.000434727939684341	0.454643052094663	0.015	0.008	1	AC078846.1	c5
0.797516095460618	-0.45459284555156	0.198	0.19	1	MACF1	c5
0.000608215798168651	-0.453908730364956	0.124	0.145	1	ST3GAL1	c5
0.476830077341017	-0.45387086050999	0.032	0.034	1	GOLGA1	c5
3.52598587314295e-06	-0.453782107924606	0.794	0.756	0.118254514213468	TNFAIP3	c5
0.899625188259823	-0.452918291894493	0.066	0.066	1	INTS6L	c5
0.96402223098372	-0.452755310226824	0.065	0.064	1	REXO1	c5
0.124235277315169	-0.45245266157449	0.257	0.256	1	NIN	c5
0.000211226847343583	0.452194413209717	0.023	0.014	1	BCORL1	c5
0.488864403996298	-0.452111316801012	0.019	0.021	1	CASK	c5
0.312121603139003	-0.452023015351058	0.036	0.033	1	TEP1	c5
5.55807928772671e-06	0.451883421325873	0.025	0.014	0.186406863151778	RMND5B	c5
0.575264245466717	-0.451649610331022	0.025	0.024	1	ABCA7	c5
0.103449549978975	-0.451370749454847	0.055	0.062	1	ZNF302	c5
0.000104092478356975	0.451274792088444	0.035	0.024	1	KNSTRN	c5
6.68626983911661e-05	0.451198302463136	0.037	0.025	1	HIST1H2AE	c5
0.0277079237752074	0.451016827789027	0.012	0.008	1	VWA5A	c5
3.49428163287909e-09	-0.451012041811685	0.392	0.42	0.000117191217403499	IVNS1ABP	c5
0.000350527584501384	0.450754607344141	0.03	0.02	1	ZNF28	c5
0.338540762735327	-0.450754550791846	0.009	0.011	1	ENTPD5	c5
0.165497907378264	-0.450318012383577	0.013	0.016	1	DBT	c5
0.831321833115939	-0.450218459004054	0.053	0.053	1	AC058791.1	c5
0.529735397089682	-0.449695877969196	0.187	0.185	1	CDK5RAP3	c5
0.260087562247187	-0.449609921680654	0.009	0.011	1	TMSB15B	c5
0.0121017612320496	-0.449562055470059	0.035	0.045	1	EEPD1	c5
0.727228360425666	-0.449511649738142	0.122	0.121	1	TRANK1	c5
0.295058685715715	-0.449341534070375	0.026	0.029	1	MSH3	c5
2.24479379272784e-06	-0.449035367877159	0.105	0.134	0.0752858942205063	NSMCE1	c5
0.466192454106592	-0.448889417547424	0.037	0.04	1	ENTPD6	c5
0.548226266333564	-0.448807739241912	0.057	0.059	1	METTL15	c5
0.0942177380089808	-0.448723383700253	0.093	0.1	1	BMF	c5
0.102978958720362	-0.448214005426051	0.049	0.055	1	ARHGEF6	c5
0.0222686613382212	-0.448151881799841	0.088	0.099	1	AC090152.1	c5
0.000272196582278063	0.44792226983115	0.025	0.016	1	ABTB2	c5
0.66698697516036	-0.447805577466004	0.011	0.01	1	AC007216.4	c5
0.0176696235765759	-0.447686006676823	0.128	0.14	1	TMEM120A	c5
0.000127114343237246	0.447636879206485	0.036	0.024	1	RNF135	c5
0.271843029513742	-0.447217670686359	0.012	0.014	1	THNSL1	c5
0.86129301490771	-0.446966724810234	0.01	0.01	1	TPRN	c5
6.31001552168447e-07	-0.446545417224244	0.285	0.309	0.0211625300566254	ARL6IP6	c5
0.322128942396142	-0.445315608164775	0.084	0.088	1	NCOA2	c5
0.485012667571437	-0.4453028379755	0.019	0.021	1	IPP	c5
0.626617560429159	-0.444904849660129	0.012	0.013	1	ST3GAL3	c5
0.384089303754535	-0.444696880096239	0.009	0.01	1	DTD2	c5
0.742479125178795	-0.444346250800791	0.249	0.243	1	ITGA1	c5
0.0389453999155308	0.443783940680473	0.013	0.009	1	HIST2H2BE	c5
0.858071361796114	-0.442900599359543	0.041	0.041	1	ITPR2	c5
0.555335478516142	-0.442738000557017	0.028	0.03	1	TMCO6	c5
0.00246474879437023	-0.442695424260093	0.153	0.172	1	GIT2	c5
0.000972497988790099	-0.442286494455794	0.998	0.988	1	MT-CO3	c5
0.00017054135311221	0.442159454404393	0.016	0.009	1	ZNF793	c5
0.00851638001627537	-0.441989872920099	0.062	0.075	1	TMED8	c5
5.95848222314278e-05	0.441551016385404	0.034	0.023	1	EMILIN2	c5
0.490431941703365	-0.441055567118823	0.01	0.009	1	AC124312.1	c5
0.000864953434295265	-0.440785898029041	0.183	0.201	1	TES	c5
0.00402181795065202	-0.440735581029233	0.206	0.222	1	CPD	c5
0.660249244522757	-0.440455270575684	0.012	0.013	1	FANCE	c5
0.0342627173899085	-0.44041252311802	0.161	0.171	1	PELO	c5
0.0680808724495453	-0.440359971913079	0.087	0.096	1	NUP107	c5
0.630715210599476	-0.440176262709955	0.012	0.013	1	USP31	c5
0.00827529805915225	-0.440125287637727	0.401	0.354	1	MTRNR2L8	c5
0.150063076183385	-0.440098691870614	0.093	0.099	1	ASTE1	c5
0.453076566058235	-0.44002047934684	0.03	0.033	1	BISPR	c5
0.606724778622539	-0.439566012532921	0.02	0.021	1	MIATNB	c5
0.099350898898438	-0.439471021412399	0.052	0.058	1	INTS13	c5
0.649155317308229	-0.439470772337015	0.023	0.024	1	ARHGAP11A	c5
0.0347208223436005	-0.439057354988137	0.114	0.125	1	C21orf91	c5
0.0233038268966756	-0.439046465085013	0.083	0.094	1	GTDC1	c5
0.058994999202569	-0.438881283941027	0.031	0.037	1	NUDT14	c5
3.97737803246149e-05	0.438624568465727	0.025	0.015	1	CCDC189	c5
1.43705257674922e-32	-0.438279409140772	0.595	0.652	4.81958693190153e-28	ALOX5AP	c5
0.379681563857031	-0.43826854329538	0.016	0.018	1	AP005482.1	c5
0.459716245274288	-0.437342574071732	0.02	0.022	1	CEND1	c5
0.104936829113314	-0.437041196238185	0.089	0.097	1	POU2F2	c5
0.516912435398054	-0.43669235630647	0.018	0.02	1	STAU2	c5
0.467686342703683	-0.436603246899154	0.141	0.142	1	MLLT3	c5
0.464548184643185	-0.436430479663428	0.028	0.031	1	ARRDC1-AS1	c5
0.115621016630645	-0.436423790303434	0.06	0.067	1	TRIM23	c5
0.652832336246394	-0.436334399185801	0.032	0.03	1	RAB11FIP2	c5
0.138529532128935	-0.436245658727122	0.135	0.141	1	PPTC7	c5
0.546271929263345	-0.436162606479501	0.009	0.01	1	SMN1	c5
0.0440469121892409	-0.43612880289103	0.104	0.115	1	ADK	c5
0.393803344476801	-0.43579457567706	0.027	0.03	1	GLYCTK	c5
9.04164509887808e-05	-0.435549159307372	0.304	0.324	1	ZAP70	c5
0.255475853898872	-0.435053714552669	0.016	0.019	1	STPG1	c5
0.0116405830004496	0.434981112735313	0.02	0.015	1	RWDD2B	c5
0.317857214311936	-0.434802426552367	0.047	0.051	1	KIAA1671	c5
0.0208072107590886	-0.434635969501559	0.056	0.067	1	ACYP2	c5
0.0739506047273286	-0.434610754359749	0.034	0.04	1	KLRC4-KLRK1	c5
0.574800760107703	-0.434466811222113	0.119	0.119	1	ARRDC3	c5
0.834153947585221	-0.434417337136274	0.08	0.08	1	PCNT	c5
0.250594542827114	0.43432403344225	0.05	0.046	1	TRBV20-1	c5
0.295025880379797	-0.434234331786253	0.124	0.127	1	CWF19L2	c5
2.97567286797305e-07	-0.434109152285301	0.164	0.2	0.00997981166460802	PPP1R14B	c5
5.06311912092216e-05	0.43340998334106	0.027	0.017	1	ZNF816	c5
0.0307139563632863	0.433302690708569	0.015	0.01	1	NANP	c5
0.122322206688977	-0.433294631383182	0.268	0.268	1	STK10	c5
0.0877103798782355	-0.43278195657716	0.042	0.049	1	AC073332.1	c5
6.30902295214758e-13	-0.432618584982927	0.419	0.459	2.11592011769126e-08	PIK3IP1	c5
0.385470915979548	-0.432213242009388	0.011	0.013	1	ZNF559	c5
0.840876353392667	-0.432205713252052	0.01	0.01	1	ZNF449	c5
0.226806910203602	-0.43193655344372	0.194	0.196	1	UHRF2	c5
1.25709172227771e-10	-0.431709859021189	0.41	0.44	4.21603421817498e-06	MGAT4A	c5
0.630860470537167	-0.431674153206209	0.012	0.013	1	AL359915.2	c5
0.514151009132536	-0.431529252708286	0.026	0.024	1	DDX51	c5
0.0153607567476884	0.431469020870877	0.037	0.03	1	TRBV28	c5
0.3340814215927	-0.431048642622356	0.06	0.064	1	SLC35E4	c5
0.388742159513741	-0.431037639843296	0.009	0.011	1	FAM149B1	c5
0.495840335836547	-0.430556294302545	0.014	0.015	1	ZNF341	c5
0.0722250634571001	0.430541164120788	0.017	0.013	1	HMBS	c5
7.41030129281686e-05	0.430329350405239	0.017	0.01	1	ZNF440	c5
0.00589276832583063	0.429694099059667	0.012	0.008	1	HYAL3	c5
0.824342978322516	-0.429653968927971	0.135	0.131	1	LENG8	c5
0.605432555571824	-0.429436082513786	0.036	0.037	1	PPAT	c5
6.02240292566608e-05	0.429282836471723	0.027	0.017	1	RIC3	c5
0.203639199896718	-0.429160838356103	0.077	0.083	1	AKAP10	c5
0.0107348814455279	-0.428734699142057	0.141	0.155	1	RSU1	c5
0.000395870705522258	-0.42873033622059	0.182	0.204	1	MAPK1	c5
0.022845182815195	-0.428540710786402	0.034	0.043	1	C17orf75	c5
0.0130281563975753	-0.428537602410492	0.112	0.125	1	EXOSC8	c5
0.24309106207427	-0.428486323454129	0.051	0.056	1	EPC2	c5
0.730965527479397	-0.42831937368288	0.196	0.192	1	KMT2C	c5
0.122394904777413	-0.428304099274395	0.035	0.041	1	EIF2B3	c5
0.112803761821989	-0.42828685081825	0.036	0.042	1	RAD50	c5
0.132166831710183	-0.428050748478206	0.142	0.148	1	SPATA13	c5
0.000671515718963687	0.427594766060951	0.021	0.014	1	ZNF777	c5
5.06707551943271e-05	0.427211691684687	0.034	0.022	1	DNAJC25-GNG10	c5
0.293097276753993	-0.426986250961312	0.014	0.016	1	PPCDC	c5
4.27584706041978e-06	0.426888482697258	0.05	0.034	0.143403358712359	GBE1	c5
0.206613742214902	-0.426780547162645	0.034	0.038	1	TBC1D7	c5
0.758788404723911	-0.426629948359031	0.251	0.24	1	UBR2	c5
0.0125096064593704	-0.426400635730079	0.224	0.234	1	WHAMM	c5
0.682305461918903	-0.426364338349396	0.024	0.025	1	MMP25-AS1	c5
0.414492130572304	-0.426139167650241	0.025	0.028	1	URB2	c5
0.65830687251109	-0.42604578387718	0.025	0.024	1	PABPC1L	c5
0.397883668050757	-0.425941439545229	0.01	0.012	1	MINCR	c5
0.755292711352231	-0.425671400870272	0.252	0.242	1	RASAL3	c5
0.714698766135721	-0.425429600772979	0.028	0.029	1	RELL2	c5
0.947702858424264	-0.425263721464639	0.03	0.029	1	TMEM260	c5
0.737686838325081	-0.425093422709224	0.048	0.049	1	ELMOD3	c5
0.000103648982735559	0.424779551867217	0.029	0.019	1	ZNF761	c5
0.380064944116228	-0.424568642919508	0.068	0.072	1	RBL1	c5
0.77248898097439	-0.424308540694481	0.027	0.028	1	ANKMY1	c5
0.161260720834986	-0.424212719907291	0.028	0.033	1	DPYSL2	c5
0.297278459716854	-0.424050027175486	0.035	0.038	1	TMEM71	c5
0.60591141753008	-0.424009308906228	0.22	0.208	1	SPG7	c5
0.00291773199533526	0.423656649559945	0.02	0.014	1	TTC22	c5
0.27328099629236	-0.423471913360094	0.091	0.095	1	SERTAD2	c5
0.813984403387027	-0.423452231286576	0.099	0.098	1	STX7	c5
0.12198192694835	-0.423214992864517	0.021	0.025	1	LINC02539	c5
0.993561863854716	-0.423154214763516	0.026	0.026	1	SCMH1	c5
0.00489713223389611	0.423055705663539	0.018	0.012	1	NECAB3	c5
0.0329651606956748	-0.423053914089652	0.106	0.117	1	CTBP1	c5
0.252768140095921	-0.422899476583845	0.032	0.036	1	KIAA0586	c5
8.51204328289897e-05	0.42167896524735	0.052	0.038	1	TAF9B	c5
0.0231338248534457	0.421152401494953	0.02	0.015	1	TRAV8-6	c5
0.213513840408233	-0.421081943071768	0.134	0.138	1	ZNF831	c5
0.663786354075579	-0.420961317198969	0.018	0.019	1	KBTBD6	c5
6.88074356228594e-06	-0.420856067313558	0.243	0.269	0.230766377591946	CARD19	c5
0.0100393976542872	-0.420839208706869	0.07	0.083	1	RDX	c5
1.19841825439447e-09	-0.420560943920236	0.547	0.547	4.01925514158819e-05	STK17B	c5
0.942483204009787	-0.420557601734317	0.059	0.059	1	NBPF12	c5
0.3035332404431	-0.420490270474688	0.008	0.01	1	AC093249.6	c5
0.420928229918475	-0.420387982035127	0.015	0.017	1	MSANTD3	c5
0.000951514451355155	0.420381201504939	0.025	0.017	1	HEXIM2	c5
4.2310890054534e-61	-0.420038969634531	0.944	0.892	1.41902263064896e-56	SH3BGRL3	c5
0.0382137888890011	-0.419951700147534	0.056	0.065	1	KCTD17	c5
0.0544837903061054	-0.419734588233765	0.027	0.034	1	ALKBH3	c5
0.0057790310261733	-0.419094940065675	0.28	0.29	1	IKZF1	c5
0.597240535796344	-0.419065854280939	0.074	0.076	1	SACS	c5
0.137823443813995	-0.418782957772222	0.044	0.05	1	METTL2B	c5
4.17419590266158e-06	0.418569837765038	0.064	0.045	0.139994182183464	TAX1BP3	c5
0.00637640083460738	0.418330546485527	0.013	0.008	1	ZNF20	c5
0.435949068452773	-0.418065232599347	0.009	0.011	1	LYRM9	c5
0.962583636883389	-0.417530770032131	0.034	0.034	1	POLG2	c5
0.0199888968879282	-0.417402194034357	0.114	0.127	1	PARP9	c5
0.331375286233593	-0.417398869078373	0.064	0.068	1	IFNAR2	c5
0.000177549298612924	0.417080449689983	0.015	0.009	1	SLC33A1	c5
1.01769013325767e-11	-0.41668880777685	0.508	0.527	3.41312916891956e-07	TIGIT	c5
0.0411988413301979	-0.416554630731688	0.023	0.03	1	PRIM1	c5
8.07012767481528e-05	-0.416334438489485	0.296	0.316	1	SMARCA2	c5
0.947220510705085	-0.416118194897038	0.017	0.017	1	ZNF280C	c5
3.81332441992643e-10	-0.415750959073255	0.531	0.536	1.27891274395493e-05	SP100	c5
0.494994112722461	-0.415725404576285	0.009	0.011	1	AP000787.1	c5
0.707246490423589	-0.415594608414271	0.009	0.01	1	DPY19L4	c5
0.27219135391755	-0.41538454862679	0.067	0.072	1	KRI1	c5
0.0983064407519572	-0.415310148994501	0.289	0.258	1	KANSL1	c5
0.0984463096518726	-0.414761445557279	0.146	0.154	1	PICALM	c5
0.241094605577218	-0.414247312430343	0.007	0.01	1	DHCR24	c5
0.362338464863591	-0.413939213317755	0.036	0.032	1	BBS9	c5
0.0106220579022776	-0.413891993991809	0.047	0.059	1	SAC3D1	c5
0.0263051852438566	-0.413713562147517	0.288	0.291	1	RABGAP1L	c5
0.0774116137197415	-0.413710875785025	0.024	0.03	1	OGFOD2	c5
0.559621224295699	-0.413600943241821	0.085	0.086	1	LPCAT4	c5
0.000805039117814052	0.413505119700978	0.021	0.013	1	HIST1H4J	c5
0.982733413994503	-0.413068411901514	0.014	0.014	1	ZNF236-DT	c5
0.0166063172540187	-0.41295597748475	0.151	0.163	1	ATP6V1A	c5
0.914711012851797	-0.412627975755944	0.058	0.057	1	ADCY7	c5
0.055198689103828	-0.412412613021124	0.052	0.06	1	HLA-DMB	c5
0.480553494602721	-0.411893291910123	0.106	0.108	1	POLK	c5
0.856286761373333	-0.411676781919116	0.039	0.04	1	LINC00426	c5
0.185531263438622	-0.41154013895821	0.028	0.033	1	CMPK2	c5
7.27953696286581e-06	-0.411275682567679	0.327	0.35	0.244141110660594	ATP2B1	c5
0.040712698712707	0.411154803302219	0.022	0.017	1	TRMT5	c5
3.98564269051105e-12	-0.411120828390892	0.475	0.502	1.33670484554359e-07	CDC42SE2	c5
0.736446767367016	-0.411071640180539	0.012	0.013	1	ANKDD1A	c5
0.0239309978386787	-0.410787477946577	0.038	0.047	1	MAD2L1	c5
0.359212482262471	-0.410389650250521	0.023	0.025	1	DENND1A	c5
0.427333589222226	-0.410372507296231	0.11	0.102	1	RNPC3	c5
0.0757971942309286	-0.410275746860824	0.115	0.124	1	RAB3GAP1	c5
0.00355139192784196	-0.410193914467193	0.995	0.987	1	MT-CYB	c5
0.041853559490577	-0.410171277769188	0.046	0.055	1	MGMT	c5
0.00149845216132038	0.41012106755351	0.018	0.012	1	FAM222A	c5
0.862832803626346	-0.409657556992639	0.089	0.088	1	EZH1	c5
0.258187214318983	-0.409509188935602	0.035	0.039	1	RAB30	c5
0.744752432134831	-0.409474980537368	0.068	0.065	1	CPSF1	c5
0.620055013871079	-0.409407684844884	0.089	0.085	1	PEX26	c5
0.618294005739461	-0.409376728964334	0.021	0.023	1	SGSM3	c5
0.383369480157567	-0.408806243451473	0.063	0.067	1	CARD11	c5
2.3265105834264e-05	0.408733084372398	0.043	0.03	0.780265119469546	CD109	c5
1.20734160192742e-05	-0.408533155921649	0.209	0.237	0.404918226454417	RASSF5	c5
3.84743814632384e-08	-0.4084647580732	0.443	0.456	0.00129035380551409	OSBPL8	c5
0.311302611206053	-0.408270275088629	0.013	0.015	1	FBXW8	c5
0.000469055940102271	-0.408099563155641	0.232	0.249	1	DNAAF2	c5
0.245290006563436	-0.408034913677283	0.046	0.051	1	ETFRF1	c5
0.0046359470954006	0.40784863506607	0.022	0.015	1	OPN3	c5
0.025415958226345	-0.407426765704555	0.041	0.05	1	EIF2D	c5
0.997559003496676	-0.407349011880418	0.06	0.06	1	SERINC5	c5
0.293181806848933	-0.406543594454212	0.142	0.147	1	CDK13	c5
0.000167062451692709	-0.406472901902207	0.236	0.259	1	PLSCR1	c5
0.49862773238055	-0.405497994418992	0.025	0.027	1	WDR4	c5
0.927005561490759	-0.405229498753192	0.019	0.019	1	NKD1	c5
0.919185613620407	-0.405072851495251	0.02	0.02	1	XRRA1	c5
0.147393318847678	-0.404737820800781	0.037	0.043	1	HDDC3	c5
0.697877474992933	-0.404637480206615	0.018	0.019	1	AC012306.2	c5
0.100329576865111	-0.404619463139404	0.08	0.087	1	PDLIM5	c5
0.130151247683398	-0.404323872722075	0.035	0.041	1	IKBKE	c5
0.392271787824766	-0.404308071692172	0.032	0.035	1	LINC00324	c5
0.386046486965953	-0.40427505392821	0.016	0.014	1	ENGASE	c5
0.661494749594674	-0.40426158503307	0.109	0.11	1	RPS6KA5	c5
0.334472709752603	-0.404230753882724	0.028	0.031	1	GTF2H2	c5
0.00513850634703698	0.403898001853547	0.011	0.007	1	ZNF704	c5
0.0730102650476029	0.4038896844086	0.011	0.008	1	ABHD14A	c5
2.55304904160318e-05	0.403862178111991	0.035	0.023	0.856241587572875	ZNF254	c5
0.606072073395717	-0.40382031006421	0.066	0.063	1	ATAD2B	c5
0.833650168959922	-0.403295275477014	0.037	0.038	1	GATD1	c5
0.668077572152044	-0.40321446033883	0.02	0.021	1	TRDV1	c5
0.646971302627368	-0.403165763353599	0.023	0.024	1	RIOX2	c5
0.311744109347493	-0.403155660532801	0.02	0.017	1	SRGAP2B	c5
0.0149364678784961	0.402948990406522	0.011	0.007	1	RARA-AS1	c5
8.37582265761208e-18	-0.402687510509503	0.57	0.596	2.80908340290994e-13	FABP5	c5
0.781668644308665	-0.402197880808992	0.052	0.05	1	ERCC6L2	c5
0.000537386283139745	-0.401907463191526	0.273	0.285	1	IDH2	c5
0.0517290314830933	-0.401812709040877	0.093	0.102	1	PCNA	c5
0.482625770085861	-0.401758689529941	0.052	0.054	1	ZNF586	c5
0.468640933023449	-0.401600316442166	0.012	0.014	1	SLC25A29	c5
1.96691587461255e-05	0.401599872323462	0.021	0.012	0.659664246027557	QPCTL	c5
0.689269830939931	-0.401457872111375	0.012	0.011	1	C1RL-AS1	c5
0.845324331867692	-0.401426476366389	0.24	0.231	1	OGT	c5
0.227319950408415	-0.401223325556357	0.068	0.073	1	UMAD1	c5
0.194755225320244	-0.401138622793853	0.061	0.066	1	ANXA2R	c5
0.689476435894211	-0.401103724406573	0.024	0.023	1	MROH1	c5
0.222192319758556	-0.401102726481025	0.132	0.136	1	ESYT1	c5
0.858211086482879	-0.400921653510012	0.024	0.025	1	ALG9	c5
0.018725727308615	-0.400786531361265	0.062	0.073	1	SH3BP1	c5
0.717221011577805	-0.400732276274319	0.043	0.044	1	PIGL	c5
0.0153852747986007	-0.400674056326112	0.04	0.05	1	PSMC3IP	c5
0.000491210829295281	0.400334295623981	0.093	0.076	1	TRGV10	c5
0.482743793410791	-0.400255073870283	0.019	0.017	1	WDR81	c5
0.832968026844228	-0.399603532796649	0.174	0.17	1	RAPGEF1	c5
0.613160480005018	-0.399499423149349	0.02	0.021	1	FANCD2	c5
0.00412871002322543	0.399421272504102	0.016	0.011	1	ZNF77	c5
0.662472264831559	-0.399170308468808	0.057	0.058	1	AC013394.1	c5
0.802913072382222	-0.399022032683728	0.016	0.016	1	ZBTB7B	c5
0.509016921672846	-0.398982152386756	0.024	0.022	1	SENP3	c5
0.692431143399893	-0.39853878749025	0.024	0.023	1	LINC00265	c5
0.893117977659718	-0.398213213142244	0.057	0.056	1	DOPEY1	c5
0.129642487643028	-0.398015014938271	0.05	0.057	1	PMS1	c5
0.00194059460896602	0.397981117929827	0.018	0.012	1	FGF22	c5
0.00392680720500065	0.397900757835	0.023	0.016	1	PSD	c5
3.81143757833762e-16	-0.397454518489369	0.574	0.6	1.27827993502287e-11	FYB1	c5
0.690719487451376	-0.397131102791204	0.012	0.013	1	ZNF628	c5
0.374380295377886	-0.396893831504795	0.124	0.127	1	PRKAA1	c5
0.0010038166019403	0.396629336300196	0.025	0.017	1	UBTD1	c5
6.07575468895033e-12	-0.396606281453633	0.687	0.669	2.03768660758016e-07	TUBA1B	c5
0.52194214585112	-0.396188804044975	0.034	0.036	1	TTC27	c5
0.193688353280146	-0.395950732195685	0.156	0.161	1	FOXN2	c5
0.0180470414975182	0.395700428103501	0.014	0.009	1	AC016773.1	c5
0.0381101238291355	-0.395666108536249	0.016	0.021	1	HPGD	c5
0.730231079780713	-0.395653532302594	0.055	0.056	1	TSC22D2	c5
0.255243158931913	-0.395575686544591	0.039	0.043	1	LIMK2	c5
0.153250347136252	-0.395089202374835	0.053	0.059	1	XPNPEP1	c5
0.545736488401974	-0.394956116440456	0.013	0.014	1	PHF7	c5
0.838257592315196	-0.394888772925216	0.065	0.063	1	NOM1	c5
0.718179082245782	-0.394886743730325	0.034	0.033	1	SLC39A10	c5
0.700551109647604	-0.39486755566571	0.017	0.018	1	MORN3	c5
0.267886295489875	-0.394563610834605	0.023	0.027	1	TRBV5-6	c5
0.0463440638102246	0.394349809001846	0.012	0.008	1	TRAF3IP2	c5
0.000791558351885849	-0.394335309354961	0.24	0.257	1	PNP	c5
0.650492171751798	-0.394233789353848	0.052	0.05	1	MED13L	c5
0.000168023229009093	-0.394230022813969	0.277	0.294	1	SSB	c5
0.606277651603175	-0.393756172087986	0.05	0.052	1	RFWD3	c5
0.482096660380148	-0.393695742700477	0.202	0.199	1	FAM126B	c5
0.198886583310313	-0.393687408015937	0.692	0.634	1	MT-ND6	c5
0.290619282228173	-0.393673051650711	0.023	0.026	1	AP3S2	c5
0.991285588252821	-0.393550190468423	0.193	0.186	1	RICTOR	c5
4.14165429138287e-06	0.392969466463688	0.042	0.028	0.138902801624399	AP002490.1	c5
0.611097995910249	-0.392696891492363	0.012	0.011	1	BIVM	c5
0.492545821790631	-0.392598885876509	0.038	0.041	1	ELMOD2	c5
0.670655422590544	-0.392496480951453	0.043	0.045	1	GALNT10	c5
0.61120918125755	-0.39247657069857	0.03	0.032	1	HIST1H2AG	c5
0.0371321564145714	-0.392297642603505	0.1	0.11	1	LINC00623	c5
0.296957453113333	-0.392231126472355	0.049	0.053	1	PARP16	c5
0.00344127860531562	0.39216915107781	0.036	0.027	1	NAGA	c5
0.314036706461356	-0.391994730339045	0.045	0.049	1	PHYH	c5
0.858100580885198	-0.391993247135332	0.013	0.012	1	USP54	c5
0.222307565254239	-0.391708310672644	0.027	0.031	1	TRMT61A	c5
0.00281010598996104	0.39169794439851	0.02	0.013	1	LY96	c5
0.453005040005964	-0.39152172342936	0.031	0.033	1	LRRC8B	c5
0.590744496801718	-0.391463163309261	0.043	0.041	1	ALMS1	c5
0.678951932061239	-0.391369822279935	0.028	0.027	1	SLC35E2A	c5
0.000385688516356834	0.391309883438812	0.031	0.021	1	DHRS4L2	c5
0.0804799757376298	-0.391229829041489	0.044	0.038	1	TSPOAP1	c5
0.478436165861647	-0.391134825395798	0.152	0.152	1	MAP4K5	c5
0.0539686590979386	0.390606051168648	0.011	0.008	1	AC024592.3	c5
0.234686478652569	-0.3901479045167	0.082	0.075	1	TRRAP	c5
8.61480785273071e-12	-0.390146416246154	0.531	0.555	2.88923425764883e-07	ARHGAP9	c5
0.0004085326068833	0.390067938576597	0.024	0.016	1	SPIN2B	c5
0.511545678277395	-0.390044386024112	0.009	0.01	1	AC105446.1	c5
0.697752588807929	-0.390011105460057	0.028	0.029	1	INVS	c5
0.140578482279699	-0.389758075380301	0.079	0.085	1	RMDN3	c5
0.67869300420755	-0.389284617307196	0.052	0.054	1	CYHR1	c5
0.0590604162091603	-0.38927813422484	0.071	0.08	1	ANAPC15	c5
0.434522604900688	-0.389044946495018	0.021	0.019	1	CRAMP1	c5
0.0370033531986341	-0.388747502474972	0.257	0.263	1	ODF2L	c5
0.504609462763429	-0.38863691025258	0.089	0.084	1	TSC2	c5
1.30417998742096e-09	-0.388065265392386	0.506	0.522	4.37395884181242e-05	HNRNPLL	c5
0.0795725644950694	-0.38800789763898	0.073	0.064	1	ATAD3B	c5
0.00292550507494626	-0.387363400097444	0.144	0.161	1	WASHC3	c5
0.333044539219862	-0.387316910309626	0.036	0.033	1	MBTD1	c5
0.000515490606040832	-0.387218313310357	0.173	0.194	1	MINOS1	c5
0.000870329724154853	0.387102143619216	0.033	0.023	1	CHST10	c5
0.43774558699326	-0.386972184102861	0.019	0.021	1	KIAA1841	c5
0.615489458573193	-0.386841971120178	0.017	0.016	1	LRP5L	c5
0.00620081426728064	-0.386838519336345	0.972	0.947	1	MT-ND1	c5
0.0171313771354766	0.385650649773229	0.016	0.011	1	APLF	c5
0.377599592405977	-0.385562203510769	0.021	0.024	1	MAPK8IP1	c5
0.0255630560022777	-0.385152982562534	0.063	0.073	1	BNIP3	c5
0.748592087660925	-0.385125981007456	0.08	0.077	1	AP3M2	c5
0.26727689258194	-0.384974993011064	0.04	0.044	1	RBAK-RBAKDN	c5
0.0898657182039013	0.384950482489923	0.014	0.011	1	PECR	c5
0.241852320192175	-0.384547732053903	0.111	0.116	1	BROX	c5
0.345680497873846	-0.384432009206635	0.117	0.121	1	TBL1XR1	c5
1.84010740912438e-05	0.384301545623169	0.045	0.031	0.617135222872134	GNPDA2	c5
0.000623075985130455	0.384063734638368	0.026	0.017	1	ZNF419	c5
0.101014051899571	-0.383961420571686	0.542	0.508	1	FUS	c5
0.0945684567392161	-0.383934777441636	0.018	0.014	1	PRH1	c5
0.488288748601765	-0.383910932327669	0.026	0.028	1	NUP43	c5
0.365729978637423	-0.383881558502448	0.081	0.085	1	LTBP4	c5
8.08598059569112e-05	0.383771453622888	0.018	0.01	1	KIAA1522	c5
0.741723233815282	-0.383304117453945	0.017	0.018	1	CDPF1	c5
0.785102696745418	-0.383266704934281	0.025	0.026	1	TTC32	c5
0.00295355643076442	0.383073070454659	0.017	0.011	1	C1orf56	c5
0.934874328421619	-0.382557158527576	0.108	0.106	1	CABIN1	c5
0.0800497014210356	-0.382517820075513	0.275	0.278	1	JMJD1C	c5
0.0970231199689381	-0.381976069527161	0.174	0.157	1	USP34	c5
0.980954862883559	-0.381960050938177	0.013	0.013	1	RGPD2	c5
0.00066197152027037	0.381877878035462	0.023	0.015	1	FBXL19	c5
0.000446792189503812	0.381872250568606	0.015	0.009	1	SETBP1	c5
0.484744045302314	-0.381782867559776	0.019	0.021	1	PRKACA	c5
0.973093378667789	-0.381658301402725	0.298	0.279	1	AAK1	c5
0.863173361435492	-0.3816526980636	0.014	0.014	1	EHBP1	c5
0.0707379227958879	-0.381593464411996	0.042	0.049	1	TPMT	c5
0.693264367279011	-0.381573073775836	0.013	0.014	1	ACSF2	c5
0.459796307640768	-0.381564219898304	0.026	0.029	1	MTIF2	c5
0.000171778199296965	0.381500106662744	0.024	0.015	1	TUBG2	c5
0.43243843727744	-0.381496731314279	0.012	0.014	1	ACP6	c5
0.929906998399819	-0.381419834495627	0.013	0.013	1	FBXL17	c5
0.0230853461877145	-0.381300803370452	0.042	0.052	1	MAP3K13	c5
0.129978094300045	-0.381270269891195	0.105	0.112	1	ZBTB25	c5
0.815619385599061	-0.381226024372213	0.022	0.021	1	BTBD2	c5
0.738501107814172	-0.381005104125613	0.028	0.027	1	ASH1L-AS1	c5
0.0673927925348441	-0.38096267061749	0.151	0.135	1	DIP2A	c5
0.310936922622122	-0.380923466729823	0.042	0.038	1	ANKS3	c5
0.0751033550885448	-0.380841268276205	0.029	0.035	1	NCAPD2	c5
0.102477160364866	-0.380731081167297	0.381	0.37	1	AGO2	c5
0.564879777062974	-0.380687665653571	0.019	0.02	1	ALKBH8	c5
0.408574297025722	-0.380662118159661	0.031	0.034	1	PEX6	c5
0.269417109891574	-0.380537316048032	0.081	0.086	1	ACSL5	c5
6.45049587867256e-06	0.38047979150801	0.045	0.03	0.21633673077892	USP30-AS1	c5
0.0159377182937987	0.38024347460655	0.014	0.01	1	HCN3	c5
0.820494730947987	-0.380114188995734	0.042	0.041	1	TTC13	c5
7.25487435638373e-28	-0.37950802700298	0.783	0.774	2.43313976164397e-23	IDS	c5
0.67282018649458	-0.37933506964943	0.011	0.011	1	CYP2U1	c5
0.393958915129679	-0.379032423114668	0.139	0.131	1	AP1G2	c5
0.600354358649691	-0.378848322533583	0.088	0.09	1	PACS1	c5
0.199112829365093	-0.378735485897035	0.146	0.151	1	USP42	c5
0.300095666002732	-0.378439187187865	0.079	0.084	1	MIR3142HG	c5
0.364302626018065	-0.378301636385415	0.339	0.329	1	ANKRD11	c5
0.133027153260737	-0.378067611596107	0.032	0.037	1	NLE1	c5
0.743840349170982	-0.377785612830285	0.037	0.038	1	NMT2	c5
0.0614587572721168	-0.377768682218278	0.588	0.543	1	TUBB	c5
0.15254034607886	-0.377747665172592	0.047	0.053	1	CNPY4	c5
0.0468983453322996	-0.377699355899339	0.125	0.111	1	ANKRD36C	c5
0.805922015525583	-0.377180834872251	0.017	0.017	1	MFHAS1	c5
0.000721704788371798	0.376822281891235	0.02	0.013	1	KLRG1	c5
0.736905758269564	-0.376658750934406	0.022	0.021	1	RTTN	c5
0.766276261475219	-0.376438664605515	0.045	0.044	1	LINC00861	c5
0.671528063191791	-0.37640646520373	0.02	0.021	1	MAN1C1	c5
0.19002886953444	-0.376309341821517	0.147	0.152	1	TNIK	c5
3.00265676449902e-05	0.376243509552717	0.035	0.023	1	FOXO4	c5
0.696816220403751	-0.376202010316382	0.062	0.06	1	ZNF33B	c5
0.434558499562525	-0.376172857586122	0.038	0.035	1	VPS52	c5
0.0792367804016945	0.376032931344978	0.018	0.014	1	EBI3	c5
0.66510556059329	-0.37596281794805	0.045	0.043	1	VPS8	c5
1.93277930513361e-12	-0.375753577784199	0.569	0.565	6.48215523355708e-08	NDUFV2	c5
0.0174532890646132	0.375737611334194	0.01	0.007	1	ZNF813	c5
0.0738872922395245	0.375491823547678	0.013	0.009	1	CHRNA5	c5
0.528464407314719	-0.375443160862218	0.065	0.061	1	TBC1D22A	c5
4.22201172236239e-06	0.375412431216937	0.037	0.023	0.14159782914459	UHRF1BP1	c5
0.484886038200447	-0.375235018217614	0.014	0.016	1	UQCC1	c5
0.00447875814445721	0.375234264936545	0.024	0.017	1	LIPE-AS1	c5
0.00421526655797158	-0.37506282565793	0.401	0.35	1	SMG1	c5
0.704533730780959	-0.375051667663987	0.189	0.186	1	MIS18BP1	c5
0.0251752185188695	-0.374961024273896	0.054	0.064	1	CHCHD4	c5
0.0516356265071572	0.374866635701241	0.01	0.007	1	JMJD7	c5
0.436901422480162	-0.374619419589764	0.092	0.094	1	RARS2	c5
0.0229275635449353	-0.374551862885303	0.074	0.063	1	STAT2	c5
0.644998569812594	-0.374536304526411	0.103	0.098	1	ANKRD36B	c5
0.482268891429251	-0.37427211721966	0.024	0.026	1	AL451165.2	c5
0.308629843929097	-0.374226183138267	0.039	0.042	1	FUZ	c5
0.875744416301734	-0.374152022443501	0.195	0.186	1	SLF1	c5
0.745413862649849	-0.374151694633595	0.014	0.015	1	SIPA1L3	c5
1.64003949311829e-14	-0.373977953847356	0.676	0.66	5.50036445202012e-10	ANXA2	c5
0.268163632011384	0.373541561994487	0.01	0.008	1	HYI	c5
4.49178838052804e-06	0.372949407461538	0.021	0.012	0.15064559870615	ATP11A	c5
0.0304448627522733	-0.372925932698142	0.124	0.136	1	RAP2C	c5
0.0174840857750245	0.372910927526538	0.021	0.015	1	FBXO10	c5
0.785807573625711	-0.372887244441266	0.013	0.014	1	TBC1D31	c5
0.152839112661388	-0.372632866125493	0.344	0.338	1	LUC7L3	c5
0.775448867393783	-0.372515247101728	0.011	0.011	1	CFAP54	c5
0.0118179117154381	-0.372263714089498	0.126	0.108	1	KIAA1109	c5
0.517416230933633	-0.372170503758361	0.043	0.045	1	FAM104B	c5
0.688100451751892	-0.372017771783371	0.01	0.011	1	C2CD4D	c5
0.180478364180127	-0.371999088001142	0.093	0.099	1	MCM3	c5
0.182674391434053	-0.371735321427894	0.076	0.082	1	UTP25	c5
0.878862114085297	-0.37164694138856	0.023	0.024	1	DUS4L	c5
0.658094523565512	-0.371546786500684	0.015	0.014	1	FBXL18	c5
0.231560870483286	-0.371293110152822	0.071	0.076	1	XPOT	c5
0.447311171480094	-0.371097569378193	0.038	0.04	1	C1orf109	c5
0.275234028130109	-0.371009758828301	0.01	0.012	1	POMGNT2	c5
0.0580819161031884	-0.370944363630443	0.036	0.043	1	MIS18A	c5
0.00884284458976918	-0.370898856605839	0.186	0.198	1	SYPL1	c5
0.605758974557491	-0.370735631763475	0.014	0.013	1	IFT172	c5
0.163061895053168	-0.370659827837953	0.059	0.052	1	SLC35E2B	c5
0.24738584261107	-0.370654136342405	0.018	0.021	1	MZB1	c5
0.000106040068881798	-0.37059817604283	0.236	0.258	1	CD47	c5
0.0692073396200301	-0.370538923067414	0.031	0.025	1	RALGAPA2	c5
3.74799800888476e-05	0.370509274336734	0.051	0.036	1	RASGEF1A	c5
0.0251030961973481	-0.37026436978186	0.12	0.132	1	AP1S2	c5
0.757568271866946	-0.370243262009575	0.053	0.053	1	AGPAT3	c5
0.566116743168308	-0.370218995777412	0.052	0.049	1	MYO19	c5
1.08363697161114e-05	0.370197382512262	0.06	0.043	0.363430167538943	BEX2	c5
0.564349162848103	-0.369836386942612	0.278	0.268	1	ARHGAP45	c5
1.76049717560394e-08	-0.369813380471624	0.579	0.567	0.000590435542754049	TUBB4B	c5
0.551470465756789	-0.369802642629932	0.117	0.119	1	IRAK4	c5
0.0437796432429627	-0.369723724503333	0.386	0.377	1	ACAP1	c5
0.486924367908771	-0.36938279796636	0.02	0.022	1	IFT74	c5
4.78257774818065e-21	-0.369195055629637	0.711	0.708	1.60398092518483e-16	RAP1B	c5
0.16173856691949	-0.369080843394773	0.115	0.105	1	NSD2	c5
0.112445864453671	-0.368623149058136	0.17	0.176	1	KIF22	c5
0.353626043287144	-0.368570642625974	0.022	0.025	1	RAB30-AS1	c5
0.0116414458409556	0.368448243026108	0.017	0.012	1	ARHGEF5	c5
0.462978054990703	-0.368383343388643	0.043	0.046	1	MICU1	c5
0.0481596864615797	0.368269299609249	0.02	0.015	1	APOM	c5
0.0147765590291675	-0.367862056329406	0.115	0.129	1	FAM45A	c5
0.703832087397706	-0.367577451146479	0.08	0.082	1	MYO7A	c5
0.232566770468515	0.3675218336732	0.02	0.017	1	TRAV4	c5
0.458542412030855	-0.36750885284403	0.051	0.054	1	POLH	c5
0.348757544399124	-0.367377221624177	0.057	0.052	1	PHKB	c5
0.861098377019547	-0.36715034225493	0.015	0.015	1	GLI4	c5
0.000869643768795439	-0.367138390820066	0.263	0.279	1	RBMS1	c5
0.114311152335342	-0.367101788727612	0.03	0.025	1	LZTR1	c5
0.0206666415129429	-0.367018121135825	0.147	0.159	1	IL16	c5
1.62597255191754e-05	0.366962364395464	0.038	0.025	0.545318674462105	SLFN12	c5
0.967736199289109	-0.36694437191963	0.223	0.215	1	MYCBP2	c5
0.910129779134792	-0.366942843877465	0.016	0.016	1	PPAN	c5
0.115032311374471	-0.366874389615608	0.203	0.209	1	ARNTL	c5
0.0515948699229358	-0.366621546421771	0.117	0.128	1	SYNJ2	c5
0.48808485706756	-0.3664028558088	0.025	0.027	1	LNX2	c5
0.412058255687922	-0.366250304303584	0.089	0.092	1	TEDC1	c5
0.786813430325303	-0.365996454899161	0.06	0.061	1	TNFAIP8L1	c5
0.0838942685272185	-0.365543223736747	0.128	0.137	1	SLC43A3	c5
0.0309468680545758	-0.365331848705776	0.029	0.036	1	CHEK1	c5
0.754267642148533	-0.365261284360503	0.089	0.087	1	CENPT	c5
0.360067546721012	-0.364244554511005	0.046	0.042	1	HERC6	c5
0.000398505882204989	0.36404733369905	0.023	0.015	1	ZNF555	c5
0.513021608207807	-0.363810854759199	0.05	0.046	1	CSRNP2	c5
0.480530477461722	-0.36364751141713	0.057	0.054	1	DENND6A	c5
0.262375448801172	-0.363535601506585	1	0.998	1	MT-CO2	c5
0.629783908723419	-0.362859852040366	0.042	0.04	1	PCMTD2	c5
0.182747387553017	-0.362646627010048	0.102	0.108	1	PYGO2	c5
0.940794315201742	-0.362347921012145	0.035	0.035	1	CARS2	c5
0.855492038236605	-0.362310700920013	0.015	0.014	1	ZNF565	c5
0.780079532830408	-0.362222653357229	0.061	0.06	1	STX16	c5
0.0111347275305772	0.362130309444263	0.021	0.015	1	FAM219A	c5
0.188509359790885	-0.361994922143183	0.128	0.133	1	HOXB2	c5
0.551708834612928	-0.361700791634069	0.013	0.014	1	SLC2A11	c5
0.735903121727641	-0.361697716857957	0.013	0.012	1	ELMO3	c5
0.12949966428071	-0.361647105231035	0.142	0.149	1	ELL	c5
0.453200316833613	-0.361370131715922	0.082	0.077	1	FAM193A	c5
0.282109138856371	-0.36134439437313	0.228	0.226	1	PPM1K	c5
0.359035632032624	-0.361342362791019	0.028	0.031	1	ATP23	c5
0.142388154867831	-0.361316388732356	0.035	0.04	1	PIGF	c5
1.17560312257019e-05	0.361184201621264	0.052	0.036	0.39427377524759	ZNF250	c5
0.693701125615613	-0.361012289097387	0.045	0.046	1	ETV3	c5
0.531614056391155	-0.360953482326965	0.05	0.052	1	KLHL5	c5
0.761930004960312	-0.360530554091476	0.023	0.024	1	IDUA	c5
0.713375548318359	-0.360510812045546	0.014	0.013	1	PTCD1	c5
0.327770661660739	-0.360452638598996	0.02	0.023	1	SLC27A3	c5
5.27647143558077e-06	0.360337651282423	0.054	0.038	0.176962299006508	AREG	c5
0.201396847090363	-0.360327034132084	0.027	0.032	1	QDPR	c5
0.033003252685578	-0.360293222299639	0.051	0.042	1	MAN2C1	c5
0.315359914112423	-0.36019694695976	0.037	0.034	1	ACAP3	c5
0.632608784065449	-0.360173810310815	0.113	0.108	1	FAM214A	c5
0.222006671909164	-0.359972167832788	0.452	0.413	1	SYNE2	c5
0.246621639843006	-0.359888341093243	0.027	0.024	1	MAN2A2	c5
0.188759685545412	-0.359556013820457	0.037	0.042	1	KRBOX4	c5
0.901985855114618	-0.359486847219578	0.043	0.044	1	DDX60L	c5
0.23479392179404	-0.359409998726707	0.157	0.16	1	ATXN3	c5
0.103108985338874	-0.359171566413529	0.045	0.051	1	SHLD1	c5
0.0025445927622835	0.35913634057689	0.021	0.014	1	TNKS1BP1	c5
0.0168463085162365	-0.358899795847028	0.482	0.464	1	ARGLU1	c5
0.425340907203497	-0.358717344821711	0.02	0.022	1	DCAKD	c5
0.471022958514403	-0.358515603800072	0.079	0.075	1	HTT	c5
0.852326482658584	-0.358472076150767	0.056	0.055	1	WDR70	c5
0.239295020617268	-0.358382232130561	0.112	0.117	1	CBFB	c5
0.200724118843959	-0.358335872057129	0.172	0.177	1	TMEM245	c5
1.88326690167412e-05	-0.358301755927456	0.659	0.634	0.631610053483467	CXCL13	c5
0.000208708390809279	-0.358288772442241	0.41	0.411	1	TSPAN14	c5
0.401054331972759	-0.358276080281477	0.044	0.041	1	PLEKHM2	c5
0.000113445583063542	0.358144262808383	0.06	0.045	1	POMC	c5
7.00072841600884e-20	-0.35777620196115	0.797	0.775	2.34790429616104e-15	LRRFIP1	c5
0.000165566141792368	-0.357743392402221	0.229	0.251	1	CYB5A	c5
2.92918032887348e-06	0.357736710492019	0.031	0.018	0.0982388498697587	ZNF589	c5
7.32346363889709e-05	0.357566303453068	0.06	0.044	1	CCDC28B	c5
0.299367393435291	-0.357534363021087	0.116	0.107	1	TTTY15	c5
0.432169128461831	-0.357354261202929	0.014	0.016	1	IMPACT	c5
0.0648072940690641	-0.357336013105376	0.074	0.083	1	MRPL45	c5
0.246662063297971	-0.357335042876859	0.062	0.067	1	FAM98C	c5
0.0120745387149263	0.357328195240984	0.02	0.014	1	AC017083.2	c5
0.0902109132747867	-0.357284514629671	0.214	0.218	1	HAUS3	c5
0.636307338419221	-0.357058684780525	0.034	0.032	1	TOP3B	c5
0.59991188200554	-0.356839132534389	0.03	0.032	1	AASDH	c5
0.0184316472926297	-0.356830240934319	0.104	0.117	1	CLIC3	c5
0.000407280680182342	-0.356807181509554	0.129	0.151	1	CEBPB	c5
0.0278949977213392	0.3566125696581	0.018	0.013	1	SAV1	c5
0.0357979913816119	0.356490954203696	0.01	0.007	1	ATG4C	c5
0.533096178339707	-0.356316915760263	0.111	0.112	1	FAM76A	c5
0.152103511692067	-0.356258532625131	0.176	0.16	1	UBR5	c5
0.866552108203395	-0.356147710948775	0.02	0.021	1	PER3	c5
0.00136650065450452	0.356035351092877	0.27	0.245	1	LGALS1	c5
0.67821602242007	-0.355921349684157	0.014	0.013	1	PTPDC1	c5
0.0320337838756743	0.355762918790738	0.013	0.009	1	DPCD	c5
0.00484103621896878	0.355620140778171	0.015	0.009	1	HIST1H2BD	c5
0.552095928172349	-0.355613432511844	0.039	0.041	1	ULK4	c5
0.575936177550262	-0.355424234334905	0.028	0.03	1	CEP85	c5
0.390983136556781	-0.355382699316608	0.015	0.017	1	B4GAT1	c5
6.23610665839228e-07	-0.355367544783676	0.338	0.359	0.020914654510916	DAD1	c5
0.172622051892956	-0.355042879828629	0.064	0.07	1	HENMT1	c5
0.0149038732064602	0.354983331221923	0.013	0.008	1	AC091959.3	c5
0.336367718554536	-0.354723259802395	0.036	0.04	1	TMEM80	c5
0.0814565223191712	-0.354619778215574	0.102	0.091	1	HERC2	c5
0.52386407898195	-0.354536841298937	0.035	0.037	1	AC044849.1	c5
0.187216223947541	-0.354533249092923	0.502	0.471	1	AC016831.7	c5
0.522002301152923	-0.354324863003149	0.034	0.036	1	PLCB2	c5
0.00115811007464376	0.354098693059074	0.023	0.015	1	ARSB	c5
0.283864184636198	-0.353883052411482	0.067	0.071	1	GPATCH11	c5
0.940565281117798	-0.353519005300789	0.104	0.102	1	PRPF39	c5
0.0168950073520495	0.3534849460006	0.01	0.006	1	AC003681.1	c5
0.00934147469976805	-0.353271066787063	0.458	0.442	1	UCP2	c5
0.786078762691667	-0.3531934430076	0.046	0.047	1	PUS1	c5
0.469820405205552	-0.353019049399024	0.115	0.118	1	CLASRP	c5
6.84844028693788e-13	-0.353001416328942	0.438	0.475	2.29682990343323e-08	GYPC	c5
0.779949252266882	-0.352709443720355	0.127	0.125	1	GLMN	c5
0.0794530146062798	-0.352463142700256	0.111	0.12	1	RGS14	c5
0.376287419074414	-0.352442750249468	0.022	0.02	1	PHKA2	c5
2.45080313480482e-06	0.352145025069269	0.041	0.026	0.0821950355350839	ZBTB9	c5
0.170148710407866	-0.351636867188359	0.065	0.072	1	DUSP22	c5
0.014927943617918	-0.351517573146706	0.165	0.177	1	COMMD8	c5
9.54176438746944e-06	0.351317740363252	0.021	0.012	0.32001169402695	MTX3	c5
0.0245011815023872	0.351312700163448	0.01	0.006	1	NR2F6	c5
0.103168568784271	-0.351147035879914	0.11	0.099	1	ARID1B	c5
0.366601968743433	-0.350990740486691	0.017	0.015	1	ZNF700	c5
0.556387707838564	-0.350490698961845	0.071	0.074	1	PRKCB	c5
0.273098286259499	-0.35046581863765	0.109	0.113	1	DTX3L	c5
0.785795493968366	-0.350376213728852	0.058	0.056	1	HEATR5B	c5
0.000267191374700825	0.349881985303334	0.04	0.028	1	DDX19B	c5
0.0287286406059922	-0.349776694461805	0.217	0.226	1	UBL3	c5
0.00524823126040834	0.34952784177206	0.022	0.016	1	AC007388.1	c5
0.216118695241755	-0.349502536619223	0.067	0.073	1	CPNE7	c5
0.576282060588399	-0.34927084271274	0.113	0.108	1	ATP2A3	c5
0.00635088876709652	0.349231510877334	0.027	0.02	1	FAM216A	c5
0.705012247627555	-0.34911786211502	0.011	0.01	1	C18orf54	c5
0.859428778308504	-0.349043375833996	0.125	0.122	1	LINS1	c5
0.213154071662458	-0.349028005426394	0.106	0.097	1	HELB	c5
0.7065792223121	-0.348961980368697	0.017	0.018	1	ZNF765	c5
0.349303824563519	-0.348922274909546	0.128	0.131	1	COG3	c5
0.770715399516696	-0.348864279433749	0.037	0.035	1	CLUH	c5
0.157667916883256	-0.348723354358291	0.018	0.022	1	DCLRE1B	c5
0.709018682044543	-0.348693831591532	0.068	0.069	1	FAM111A	c5
0.022563906459439	0.348246676573464	0.013	0.009	1	PAFAH2	c5
0.703751144952	-0.347673903807154	0.068	0.069	1	AC243960.1	c5
0.000452693056938892	0.346848069773409	0.027	0.018	1	PLBD2	c5
0.0602129590572562	-0.346803245891987	0.095	0.105	1	UFL1	c5
0.79121609947369	-0.346656957284269	0.08	0.077	1	AFF1	c5
0.0211869147257637	-0.346544161346771	0.117	0.13	1	TESPA1	c5
0.591099729907719	-0.346165920021001	0.175	0.175	1	DNM1L	c5
0.00786141193340028	0.346147110057351	0.013	0.008	1	LINC01534	c5
0.540031058081099	-0.346068037833386	0.026	0.028	1	TARS2	c5
0.425312483790978	-0.345935756758346	0.035	0.032	1	TMEM161B	c5
1.89346648268883e-05	0.345691773941792	0.035	0.022	0.635030788964179	HIRA	c5
0.511432469681135	-0.345653058626087	0.064	0.066	1	EEFSEC	c5
0.0295424359035085	-0.345531204648459	0.04	0.049	1	RFC4	c5
0.680951600529653	-0.345223062010573	0.248	0.241	1	ZRANB2	c5
8.27424770134875e-09	-0.345167214151507	0.519	0.519	0.000277501719407834	SELPLG	c5
0.000997280321587183	0.345033259655692	0.034	0.024	1	RCN1	c5
0.485503923944838	-0.344983863287244	0.035	0.038	1	FIGNL1	c5
0.565045441998918	-0.344262356975978	0.039	0.041	1	WDR76	c5
0.74518011483922	-0.344197911746286	0.325	0.305	1	ZNF292	c5
0.283903335970473	-0.344191394959573	0.13	0.135	1	IPCEF1	c5
0.000795025317241175	0.344149898673171	0.025	0.017	1	AC012360.3	c5
0.340742372255007	-0.344047482392648	0.176	0.178	1	LNPEP	c5
0.705326414895469	-0.34351548780632	0.03	0.028	1	AL139246.5	c5
0.54802059007733	-0.343470252927942	0.009	0.01	1	UNC93B1	c5
0.911143534103063	-0.343110758741177	0.017	0.017	1	LINC00685	c5
0.649906282045308	-0.343090916354586	0.017	0.018	1	ADCK5	c5
0.643400288049958	-0.342784234051126	0.041	0.039	1	FBXW4	c5
0.778262725073809	-0.342628569871618	0.02	0.02	1	CACNB1	c5
0.32318207532988	-0.342422924286039	0.159	0.162	1	CUL3	c5
0.520512228246991	-0.342154498618914	0.017	0.018	1	RBFOX1	c5
0.980034442010787	-0.3421083881654	0.25	0.239	1	CHORDC1	c5
0.593346989002095	-0.341987263881534	0.016	0.017	1	AC004812.2	c5
0.186283320951062	-0.341978355238005	0.997	0.989	1	MT-ND4L	c5
0.00113781061008424	-0.341940424241802	0.451	0.448	1	IKZF3	c5
5.76241512895031e-06	0.341884176273659	0.044	0.03	0.193259878594736	TUBGCP4	c5
0.923565434446845	-0.341810567291534	0.107	0.104	1	AKT3	c5
6.89832681976528e-05	0.34155039205086	0.03	0.019	1	PIGM	c5
0.0334494970047247	0.341532557043324	0.016	0.011	1	ZCCHC24	c5
0.00326610689323674	0.341347825767414	0.031	0.023	1	GALE	c5
0.514656286403314	-0.341023464267665	0.032	0.034	1	NCF1	c5
0.749503793085702	-0.340980306923053	0.027	0.028	1	NEMP1	c5
0.406383379209044	-0.340915243624581	0.088	0.082	1	ZNF821	c5
0.849004462287383	-0.340630203240254	0.141	0.136	1	DCAF8	c5
0.594870026967969	-0.340520485969864	0.026	0.028	1	LINC02210-CRHR1	c5
0.772237448242455	-0.339913545142549	0.057	0.055	1	C2CD3	c5
0.8660113858312	-0.339778023227264	0.009	0.01	1	TEPP	c5
0.632383176835367	-0.339735763998321	0.083	0.079	1	DDX10	c5
0.953670911742265	-0.339733906010982	0.02	0.02	1	CUL7	c5
0.0185974684552903	0.339645836094594	0.022	0.016	1	AC135457.1	c5
9.50878907374713e-05	0.339588894276306	0.038	0.026	1	CNNM2	c5
0.00655380029211543	0.339531197224249	0.021	0.015	1	USP30	c5
0.616154111069958	-0.339424691274982	0.075	0.071	1	UBP1	c5
0.672998404433987	-0.33939754898344	0.031	0.029	1	USP35	c5
0.0025403399707736	-0.339244242104562	0.06	0.047	1	FTX	c5
0.357645758808458	0.338783802406605	0.011	0.01	1	CREB3L4	c5
0.915811621614352	-0.338511361912829	0.094	0.092	1	SLC9A8	c5
0.753768351923264	-0.338176344933753	0.027	0.028	1	BORCS8	c5
0.789131718837214	-0.338034460014743	0.014	0.014	1	KCTD11	c5
0.592473811846948	-0.337906177829283	0.099	0.094	1	DYM	c5
0.0576534327113018	-0.337790715489289	0.417	0.403	1	DDX3X	c5
0.315072333848991	-0.33712852602755	0.323	0.312	1	IFRD1	c5
0.423460305739258	-0.337088928922121	0.115	0.118	1	BCOR	c5
0.527957915803224	-0.33683998531068	0.012	0.011	1	PHOSPHO2	c5
0.894894164148346	-0.336417218016915	0.074	0.072	1	USPL1	c5
9.64043218011958e-15	-0.336395033756158	0.754	0.727	3.2332081445685e-10	H2AFZ	c5
7.09723538324129e-11	-0.336288121800972	0.724	0.711	2.38027080283146e-06	AKAP13	c5
0.141900963392195	0.336232657624875	0.011	0.008	1	RILP	c5
0.984949272299554	-0.336210455722777	0.098	0.097	1	RNF111	c5
0.347196319699044	-0.335364201610207	0.079	0.083	1	NAAA	c5
0.68636433046847	-0.33532249458786	0.093	0.089	1	UPF1	c5
0.000730575642572598	0.335196052361655	0.017	0.011	1	CD68	c5
0.000371854615562034	0.334975618449101	0.025	0.016	1	RYR1	c5
0.022251647322782	-0.334930614328601	0.088	0.1	1	ATP6V0E2	c5
0.188269844074485	-0.334879450407697	0.092	0.083	1	AVL9	c5
0.031012759774433	-0.334721921560136	0.116	0.128	1	NDUFAF4	c5
0.341787542116493	-0.334614193666267	0.074	0.078	1	SLC50A1	c5
0.0106149791278048	0.334547384024988	0.014	0.009	1	EXTL2	c5
0.0154075103184739	0.334284126534125	0.014	0.01	1	ZNF784	c5
0.527380509350394	-0.334233760751497	0.044	0.046	1	DYRK2	c5
0.0141977017953408	-0.334083896074108	0.965	0.933	1	MT-ATP8	c5
0.2033407909297	-0.334050431247904	0.245	0.247	1	IL4R	c5
0.724058604818787	-0.333957341538254	0.018	0.018	1	TEX2	c5
0.419427198820393	-0.333837096920369	0.011	0.009	1	LMLN	c5
0.717700766042346	-0.333800448349719	0.009	0.01	1	BEND4	c5
7.45910632490298e-06	0.333788890494282	0.053	0.037	0.250163507924596	EXO5	c5
0.420551443331762	-0.333772135865041	0.009	0.01	1	GM2A	c5
0.854207319876971	-0.333719991802142	0.014	0.015	1	ADAL	c5
0.400489651289407	-0.333697272658972	0.02	0.022	1	CEP112	c5
0.569751624006544	-0.333404115760674	0.028	0.026	1	SEMA7A	c5
1.31712308338983e-12	-0.333394555917531	0.995	0.95	4.41736739707281e-08	ACTB	c5
0.377417516170855	-0.333228570860592	0.056	0.051	1	PRKD3	c5
0.250269334981497	-0.333220134942399	0.016	0.019	1	ANGEL1	c5
0.0162734247138372	0.333083837009189	0.021	0.016	1	GATD3B	c5
7.8848267642561e-05	0.332888284998555	0.045	0.032	1	FRMD6	c5
0.328702769760815	-0.332736737357192	0.067	0.062	1	CLEC16A	c5
0.487275938715867	-0.332723590030503	0.08	0.083	1	JADE1	c5
0.404935929990336	-0.332691754797036	0.026	0.023	1	MLH3	c5
0.384293261797984	-0.332606001728622	0.185	0.173	1	KLC1	c5
0.230165529764251	-0.332581433250515	0.043	0.048	1	SLC25A30	c5
0.236545303143865	-0.33245810956123	0.014	0.012	1	C1RL	c5
0.457615853983048	-0.332300409712587	0.144	0.135	1	KIDINS220	c5
0.947056374388006	-0.33225717534136	0.011	0.011	1	ARHGAP33	c5
0.831240795346591	-0.332225715956515	0.12	0.116	1	RAPGEF6	c5
0.679416066592464	-0.332159604887627	0.024	0.025	1	AC020915.3	c5
0.000147726052033049	0.332124747738625	0.045	0.032	1	ZSCAN26	c5
0.586475523546594	-0.331950862147516	0.07	0.067	1	EXOC4	c5
0.719913970984037	-0.3318187731939	0.068	0.066	1	RPS6KC1	c5
2.69015408552549e-05	0.331710106295033	0.047	0.033	0.902223877203539	AC067852.2	c5
0.899224453019446	-0.331698646625737	0.1	0.098	1	DYRK1A	c5
0.760001332093489	-0.33146281581713	0.053	0.052	1	TTBK2	c5
0.818351167350103	-0.330995780314448	0.07	0.071	1	ATAD2	c5
0.471413874521508	-0.330745862049291	0.042	0.039	1	AL357060.1	c5
0.920056121105536	-0.330524778452951	0.018	0.018	1	KLHL15	c5
0.15229082892821	-0.330385860113183	0.041	0.035	1	LINC01089	c5
0.719202653635953	-0.330280370968094	0.047	0.045	1	SIRT1	c5
1.77169894458142e-05	0.330279381683285	0.045	0.031	0.594192392033716	TRIP6	c5
0.469165377954563	-0.330216795141346	0.05	0.052	1	YBEY	c5
0.212220157686393	-0.330079267554709	0.995	0.986	1	MT-ND3	c5
3.31503678701937e-06	0.329967668639319	0.079	0.058	0.111179703763056	DLAT	c5
0.0649345228867188	0.329956344480247	0.013	0.009	1	CEP72	c5
0.525392462633109	-0.329886050936901	0.404	0.383	1	N4BP2L2	c5
0.682598810877971	-0.329849152643421	0.025	0.024	1	PIGN	c5
0.721841660705995	-0.329804311095998	0.02	0.021	1	POT1	c5
0.00167332851979237	-0.329415373693137	0.447	0.436	1	LCK	c5
0.781666626187844	-0.329386797390005	0.043	0.042	1	DIS3L2	c5
0.802950697350624	-0.329281851419694	0.126	0.125	1	DCAF6	c5
0.0289158503503901	0.329251007626746	0.012	0.008	1	TEF	c5
0.97692459354172	-0.329154854653712	0.045	0.044	1	ZNF862	c5
1.83441905082776e-05	0.328903243037745	0.02	0.012	0.615227461266613	AGRN	c5
0.528690623561825	-0.328856277169447	0.162	0.162	1	TRPS1	c5
0.627947070666333	-0.328748292505282	0.049	0.046	1	PEX1	c5
0.549322337058542	-0.328670413888138	0.047	0.049	1	MAP9	c5
0.155214522217282	-0.328660589491927	0.068	0.061	1	TTLL5	c5
0.255845665738892	-0.32836941640888	0.056	0.06	1	RABEPK	c5
0.106561698023025	-0.328119517752206	0.007	0.01	1	AC090825.1	c5
0.687574229201543	-0.328000427660432	0.062	0.06	1	ODR4	c5
0.944037413633767	-0.327748096321708	0.031	0.031	1	IPO11	c5
0.664266090956902	-0.327740454928432	0.016	0.015	1	ZNF605	c5
0.853430393603602	-0.327708247941211	0.064	0.064	1	HCFC2	c5
0.0027300705620438	-0.327672855792446	0.365	0.369	1	AMD1	c5
0.849469078176405	-0.327611341449368	0.012	0.011	1	AC025171.3	c5
0.49767956811413	-0.327504439302741	0.055	0.052	1	ATG14	c5
0.784095187086139	-0.327466637287186	0.011	0.012	1	CYB5D1	c5
0.567384175168228	-0.32739668850247	0.046	0.048	1	KIAA1211L	c5
0.747785338751345	-0.327296712446351	0.073	0.073	1	SMAD4	c5
0.210154823048745	0.327046742328844	0.015	0.012	1	GINS3	c5
1.66074494565272e-11	-0.327019634887343	0.699	0.691	5.56980639873008e-07	STK4	c5
0.000616405383878924	-0.326915062401139	0.517	0.501	1	PTPN22	c5
0.000436794528322688	-0.326913276592264	0.453	0.45	1	TMEM43	c5
0.00546557329736523	0.326581718137131	0.03	0.022	1	FAM167A	c5
0.0781135184260217	-0.326468057279217	0.02	0.026	1	CHAF1B	c5
0.269910390468348	-0.326456062082084	0.035	0.039	1	SKP2	c5
0.0840108034635569	0.326422971350675	0.015	0.012	1	F8A1	c5
0.453420727408184	-0.326363477468822	0.06	0.064	1	FAM3A	c5
0.939306046918009	-0.326247657843708	0.035	0.034	1	SEC61A2	c5
0.724753204257549	-0.326228740506133	0.01	0.01	1	GIN1	c5
0.625993996415227	-0.325944993133376	0.064	0.062	1	ZBED5	c5
0.502419919405853	-0.325715118362953	0.064	0.06	1	TC2N	c5
0.658183690906972	-0.325503553702578	0.015	0.016	1	AC137767.1	c5
0.940262460813978	-0.325140902053179	0.032	0.032	1	CDYL	c5
0.000233129636323689	0.325102514499564	0.043	0.031	1	ZFP82	c5
0.167482179189434	-0.324860292240922	0.026	0.031	1	MSRA	c5
0.447931882205768	-0.32465103006101	0.094	0.097	1	CFAP97	c5
0.0784411051024921	-0.324381508304211	0.117	0.126	1	PQLC3	c5
1.4717478419107e-05	0.324316940198681	0.042	0.028	0.49359479122001	C1orf198	c5
0.0287344219775792	-0.32420355761052	0.235	0.245	1	RHOB	c5
0.0717367240383504	-0.324164656863327	0.114	0.102	1	IKBKB	c5
0.805701752039444	-0.324071356666749	0.01	0.01	1	COL6A3	c5
0.0677219831539517	0.324034916321723	0.01	0.007	1	MAMSTR	c5
0.926260849059745	-0.324026370696698	0.054	0.054	1	LIG1	c5
0.761490354998284	-0.323903647978818	0.054	0.055	1	SRD5A1	c5
0.0911972621114204	-0.323833322621711	0.168	0.152	1	VPS13C	c5
0.389790414708951	-0.323567612427006	0.419	0.386	1	KMT2A	c5
0.369281333578505	-0.322710974623568	0.032	0.029	1	SZT2	c5
0.799829716799627	-0.322688072729779	0.089	0.087	1	CDK5RAP1	c5
0.171837729467324	-0.32264790068556	0.103	0.093	1	PIBF1	c5
0.854656112763617	-0.322379839348498	0.027	0.028	1	EMG1	c5
0.276914988147405	-0.322081966449988	0.427	0.409	1	CHD2	c5
1.83662018355459e-07	-0.322044987336606	0.429	0.441	0.00615965677160539	PPA1	c5
0.754638216168677	-0.322031449471741	0.09	0.09	1	LRRC58	c5
0.154009103501793	-0.32183735893357	0.055	0.049	1	BTBD9	c5
0.742525433410412	-0.321726997258259	0.014	0.013	1	HIST2H2AB	c5
3.28799460295582e-05	-0.321647871160115	0.297	0.324	1	SNHG7	c5
0.00495199448342846	0.321265646591783	0.052	0.042	1	DYRK4	c5
0.466092552269931	-0.321067473768492	0.03	0.032	1	ARMC5	c5
0.289944941392895	-0.320976746345889	0.07	0.074	1	MFSD1	c5
0.138871372696175	-0.320741127501959	0.061	0.067	1	LFNG	c5
1.70434616300437e-06	-0.320426812645795	0.511	0.501	0.0571603616148404	DEK	c5
0.0515133426145835	-0.32039576487041	1	0.997	1	MT-CO1	c5
0.697747515854382	-0.320378795522411	0.027	0.026	1	CENPV	c5
0.023377206965219	0.320371623726085	0.012	0.008	1	C11orf95	c5
0.559184306863552	-0.320220883402283	0.008	0.01	1	TPK1	c5
0.285970390513848	-0.319986749936119	1	0.999	1	MALAT1	c5
0.0050492204188827	0.319636320053879	0.015	0.01	1	VIPR2	c5
0.00506752240809105	0.31953026424284	0.015	0.01	1	ZNF417	c5
2.29112565762311e-05	0.319405714795647	0.074	0.056	0.768397723053638	AKIP1	c5
0.539866181415226	-0.319285922406041	0.014	0.015	1	ARIH2OS	c5
0.638181122504462	-0.319211649428474	0.039	0.04	1	KIF1BP	c5
0.00546480217116079	0.319128637968599	0.021	0.015	1	EFNB1	c5
0.88922963629692	-0.319051171656489	0.033	0.033	1	C3orf58	c5
0.361413809182394	-0.318739182860099	0.019	0.017	1	ABCD2	c5
0.599233251828318	-0.318687070882966	0.043	0.045	1	ARHGAP31	c5
0.3331125099757	-0.318526912582429	0.018	0.02	1	ADO	c5
0.456912579425973	-0.318420456963349	0.079	0.074	1	CLK2	c5
6.68585026197534e-05	0.318386513354803	0.038	0.026	1	MICALL1	c5
0.602672411635951	-0.318078227054472	0.261	0.253	1	HIPK1	c5
0.861983071606693	-0.318001729367434	0.032	0.032	1	SLC11A2	c5
8.58172980686934e-05	0.317963282870276	0.026	0.017	1	ZBTB34	c5
0.945945786030922	-0.317918260572522	0.114	0.112	1	RPAP2	c5
0.516691903262543	-0.317907757084683	0.177	0.167	1	ARIH1	c5
0.158479389715254	-0.317881633096322	0.093	0.099	1	RNF14	c5
0.0331059907534382	-0.317751471804537	0.119	0.131	1	SVBP	c5
0.00334581765400686	0.317677252462699	0.023	0.016	1	AC008915.2	c5
5.10973509601908e-16	-0.317665439184952	0.101	0.062	1.71370295650288e-11	PGGHG	c5
0.00654455154319135	0.317477805729128	0.01	0.006	1	CAPN10-DT	c5
0.94610019839127	-0.317390300236982	0.038	0.038	1	SCARB2	c5
0.565724729642131	-0.317057074288316	0.039	0.041	1	PHC2	c5
0.00242236629738915	0.316482146606836	0.012	0.007	1	AC010654.1	c5
0.962217074766884	-0.316480485380687	0.018	0.018	1	PHC1	c5
0.213491402948404	-0.316381915043302	0.033	0.028	1	TBCK	c5
0.157499762428745	0.316308445027279	0.01	0.008	1	SLAIN1	c5
0.00162962848556902	-0.316278946505358	0.328	0.338	1	MIER1	c5
0.962796701316962	-0.316260808635007	0.054	0.054	1	HIBADH	c5
0.90192219241025	-0.316083963089996	0.116	0.113	1	MYLIP	c5
0.661196280126009	-0.315978132899888	0.156	0.155	1	NUP153	c5
0.954218328633628	-0.315721867058777	0.035	0.035	1	KMT5A	c5
0.584686461608119	-0.315692507658368	0.053	0.05	1	TMEM181	c5
0.838464843398019	-0.315556044083744	0.155	0.152	1	MICU2	c5
0.45143623259833	-0.315333234274939	0.016	0.018	1	INAFM1	c5
0.623089952786323	-0.315299126300367	0.145	0.139	1	GGA1	c5
0.365359142183768	-0.315145841505718	0.056	0.052	1	HDAC10	c5
0.164524926541272	-0.31510304062981	0.171	0.177	1	AMZ2	c5
0.587758617641989	-0.315070446164762	0.073	0.069	1	TAB3	c5
0.339431690212682	-0.314894029776104	0.049	0.045	1	HECTD2	c5
0.981019049773428	-0.314815767932954	0.131	0.129	1	LATS1	c5
0.759905718641321	-0.314682788568235	0.082	0.079	1	ANAPC4	c5
0.00654972999270505	0.314522645998932	0.012	0.007	1	DLGAP3	c5
0.00719150705298195	0.314394349385114	0.015	0.01	1	PKP4	c5
0.0307369686277523	0.314389681136946	0.011	0.007	1	AL592295.4	c5
0.797465852136137	-0.31438539638324	0.023	0.022	1	KIAA1328	c5
0.835659968055799	-0.313810928764094	0.083	0.081	1	FAM53C	c5
0.960145191569277	-0.313686727667523	0.107	0.105	1	BLZF1	c5
0.30648329010724	-0.313643776390758	0.076	0.07	1	MPHOSPH9	c5
0.978446896684588	-0.313459219947765	0.009	0.01	1	ZFP57	c5
0.208760864573742	-0.313214699597776	0.021	0.017	1	NPIPA1	c5
0.143420424529893	-0.312756965519302	0.019	0.024	1	SASS6	c5
0.306378193991583	-0.312591212720906	0.08	0.084	1	RNF8	c5
0.116444924674299	-0.31237459762406	0.188	0.171	1	HERC5	c5
0.576846471544776	-0.312302266458627	0.026	0.024	1	AC060780.1	c5
0.523795963626794	-0.312256923143731	0.013	0.014	1	AC099063.4	c5
0.910290230303029	-0.312144853754634	0.043	0.043	1	HEG1	c5
0.280045707856773	-0.31211197278293	0.213	0.214	1	XPC	c5
0.000345933630267805	-0.311896862009844	0.4	0.405	1	ELOVL5	c5
0.296518030318063	-0.311877447318012	0.019	0.016	1	SH3PXD2A	c5
0.18060857253531	-0.311635340330595	0.055	0.06	1	ETS2	c5
0.596329297200846	-0.3115977713604	0.047	0.049	1	ABCD3	c5
0.447708289308606	-0.311264293015824	0.068	0.064	1	TNRC18	c5
0.254422815964533	-0.311179953590668	0.092	0.098	1	FBXO33	c5
0.509807809657135	-0.310972798943484	0.108	0.111	1	STAG1	c5
0.593969466196355	-0.310756525679287	0.011	0.01	1	RNF227	c5
0.457786525961465	-0.310747834939866	0.099	0.101	1	CCDC127	c5
0.849587693649034	-0.31053485063402	0.032	0.033	1	PLEKHO2	c5
0.644605091210126	-0.310486761008972	0.169	0.167	1	RBL2	c5
0.895459203566058	-0.310275574474994	0.117	0.116	1	INPP5D	c5
0.0305137700656616	-0.310236113744368	0.177	0.189	1	GPR171	c5
8.63028495427304e-06	0.310019405878386	0.041	0.027	0.289442496796409	USP28	c5
0.537544114191135	-0.309975669225778	0.014	0.015	1	NECTIN3	c5
0.689397657924029	-0.309733359950371	0.259	0.251	1	DNAJB14	c5
0.58102862562064	-0.309720366802652	0.014	0.015	1	APOBEC3B	c5
0.350781389699382	-0.309629269119041	0.209	0.209	1	KLF13	c5
0.592258375549629	-0.30946719450835	0.069	0.066	1	MTA1	c5
3.27295580414707e-18	-0.309434755171444	0.783	0.754	1.09768391759484e-13	ITM2B	c5
0.982220760695277	-0.309423579942498	0.012	0.012	1	KDM8	c5
0.709357450102091	-0.309326097571183	0.011	0.012	1	PCOLCE	c5
0.585892754664166	-0.309156881647477	0.058	0.06	1	NVL	c5
0.629943030639519	-0.309133567286825	0.118	0.119	1	HECA	c5
0.758448449097689	-0.30903351514729	0.011	0.012	1	TRAV22	c5
0.379945032559312	-0.308959096713234	0.063	0.058	1	WDTC1	c5
0.754857913445473	-0.308748796207811	0.027	0.026	1	NOD1	c5
0.0294029852450628	-0.308633656377664	0.17	0.149	1	ERO1B	c5
0.555115053028079	-0.308461381544038	0.044	0.046	1	PDK1	c5
0.846600234148418	-0.308375716712352	0.062	0.062	1	TMA16	c5
0.402974939674079	-0.30833616157971	0.495	0.474	1	ATP2B4	c5
5.19946399558463e-05	0.307963636964085	0.039	0.027	1	ANTXR2	c5
0.996972810063076	-0.307916637988155	0.015	0.015	1	TMTC4	c5
0.166207416030312	-0.307862007406301	0.126	0.133	1	MTIF3	c5
0.864082745001082	-0.307791070645	0.093	0.091	1	LRCH1	c5
0.286594708016002	-0.307755491990304	0.087	0.081	1	NISCH	c5
0.302002847363458	-0.307512730392155	0.017	0.015	1	AL139260.1	c5
0.123965518778309	-0.307382355811659	0.027	0.032	1	POLA2	c5
0.694756815509193	-0.307327572555878	0.171	0.164	1	VPS36	c5
0.467237645443161	-0.307316265967986	0.032	0.034	1	NNT-AS1	c5
0.791007323995748	-0.307302351397434	0.084	0.082	1	CEP290	c5
0.000942296077102058	-0.307292550852777	0.436	0.436	1	LCP2	c5
0.0483053179486546	-0.307201161258647	0.174	0.184	1	TRIM8	c5
0.963638358081505	-0.307124285511702	0.011	0.01	1	SLC22A5	c5
5.59335731160377e-37	-0.307076722948457	0.943	0.906	1.87590017516567e-32	TAGLN2	c5
0.0122546816708408	-0.30706551518208	0.179	0.156	1	NFATC2IP	c5
4.24053827262972e-05	0.306747161005586	0.088	0.068	1	COMMD3	c5
0.830192089613168	-0.306663047345962	0.148	0.145	1	DIDO1	c5
0.985097167046555	-0.306555437873786	0.013	0.013	1	ENTPD3-AS1	c5
0.601631996241765	-0.306552739849971	0.052	0.054	1	POLM	c5
0.266426533083868	-0.306505453288449	0.019	0.022	1	TIPARP-AS1	c5
1.05105567438571e-22	-0.306248772774118	0.895	0.841	3.5250305207548e-18	S100A6	c5
0.00924916992607046	-0.305661739334517	0.351	0.354	1	ARRB2	c5
0.694272805715233	-0.305637513221379	0.052	0.05	1	CIC	c5
0.544429641363402	-0.305635002773461	0.308	0.297	1	PHIP	c5
0.665045886779755	-0.305411861340743	0.047	0.045	1	STRN3	c5
0.914894175200058	-0.3053861096385	0.019	0.019	1	TRIM62	c5
0.925486654982303	-0.305330297820616	0.203	0.197	1	SECISBP2	c5
0.0406176249946572	-0.305239318155597	0.16	0.143	1	GAK	c5
4.81315124436768e-06	0.305219962790053	0.076	0.056	0.161423466433603	OGFOD3	c5
0.490315920398186	-0.305117935012241	0.249	0.244	1	LGALS8	c5
0.825672069914947	-0.305054481364836	0.056	0.055	1	CAPN10	c5
0.326758110247047	-0.304866609543568	0.084	0.078	1	C18orf25	c5
0.300545966664043	-0.304834200374428	0.028	0.025	1	MZF1	c5
0.0483461408261521	-0.304606705275553	0.37	0.365	1	SNHG12	c5
0.162077089214817	-0.304551876750667	0.129	0.135	1	LIME1	c5
0.000883512780248054	0.30449504073151	0.026	0.018	1	GATAD1	c5
0.524305012741144	-0.304370311950238	0.013	0.012	1	CIITA	c5
0.316490701194066	-0.304251164688427	0.085	0.09	1	AKAP11	c5
0.735756049047106	-0.304178858633685	0.046	0.047	1	NHLRC2	c5
0.0193421341184884	-0.304149997994435	0.264	0.271	1	S1PR4	c5
0.928042606837212	-0.304146006773811	0.041	0.041	1	EIF4G3	c5
0.45220406142268	-0.304016238646381	0.07	0.066	1	NBAS	c5
3.26179145534598e-05	0.303922477486704	0.05	0.035	1	GORAB	c5
0.788650427020571	-0.303889978961685	0.06	0.061	1	IVD	c5
0.813716416577729	-0.303887805092738	0.013	0.013	1	RFNG	c5
0.640539367284907	-0.303559744567529	0.159	0.151	1	TP53BP2	c5
0.532861686730005	-0.303428775134468	0.035	0.032	1	SS18L1	c5
0.831628492989464	-0.303384925677324	0.012	0.012	1	L2HGDH	c5
0.00330593524703705	0.303293727150077	0.035	0.026	1	FKBP1B	c5
1.63456399439088e-05	0.303290252036064	0.063	0.046	0.548200072438814	SLC25A40	c5
0.00013280569880241	0.302608412950748	0.029	0.019	1	SNURF	c5
0.16082157724884	-0.30249300764534	0.095	0.086	1	NAA25	c5
0.744894693210689	-0.302305341805926	0.019	0.019	1	KHK	c5
0.181174159866158	-0.302205213717865	0.069	0.075	1	PHF19	c5
0.931606519876792	-0.302024700730396	0.046	0.046	1	TCHP	c5
0.797207580993295	-0.302007267512736	0.074	0.074	1	SP1	c5
0.387613233016683	-0.301869258356459	0.06	0.056	1	ELP1	c5
0.688540092707809	-0.301602178471708	0.044	0.045	1	RNF123	c5
0.413898397759278	0.301553637287832	0.011	0.009	1	ACTL10	c5
0.0612554468345736	0.301408462971828	0.012	0.009	1	ZNF792	c5
0.393768200647843	-0.301361335220774	0.023	0.026	1	LINC01003	c5
0.239521517329888	-0.301351993323069	0.012	0.015	1	TCTEX1D2	c5
0.57550751449411	-0.301290894558194	0.037	0.039	1	LPP	c5
0.507001089936161	-0.300997384978243	0.07	0.066	1	FAM172A	c5
0.389547102401979	-0.300973890594516	0.073	0.068	1	USP32	c5
6.97685415053029e-12	-0.300777978538781	0.725	0.691	2.33989734500485e-07	FXYD5	c5
0.989198780676878	-0.300761063819647	0.062	0.062	1	STX17	c5
0.236819573710345	-0.300640632208521	0.08	0.073	1	MBD5	c5
0.476044462992866	-0.300579975318295	0.024	0.022	1	SCRIB	c5
0.843392973280817	-0.300303920844405	0.09	0.09	1	ZCCHC7	c5
0.126876506066864	-0.299866681627574	0.119	0.108	1	MAPK8IP3	c5
0.0540926384947788	-0.299863689427988	0.375	0.367	1	HIF1A	c5
0.39034278233081	-0.299837826636393	0.101	0.094	1	ARHGAP25	c5
0.383859534204645	-0.299623875114412	0.06	0.056	1	ZNF507	c5
0.276651267499458	-0.299527293192692	0.014	0.012	1	PAN2	c5
0.738668230417239	-0.299456265724383	0.031	0.03	1	ZNF827	c5
4.75452391618882e-05	0.299319920716579	0.046	0.032	1	ZNF786	c5
0.521378897597905	-0.299271980289169	0.06	0.062	1	HAUS6	c5
0.096116512597356	-0.299077924087195	0.015	0.02	1	RFC3	c5
0.37139952353902	-0.298817582698202	0.21	0.209	1	SKAP1	c5
0.161878644461382	-0.298619355804118	0.032	0.037	1	GNPNAT1	c5
0.11805659911824	-0.298523440961457	0.1	0.09	1	KIAA2026	c5
0.232889613137563	-0.298516540506534	0.099	0.091	1	PAXBP1	c5
0.721801545010543	-0.298490902353522	0.01	0.011	1	ERCC2	c5
0.299916954215104	-0.298451435054379	0.027	0.024	1	CUL9	c5
0.688122901117661	-0.298326127832096	0.098	0.094	1	NADSYN1	c5
0.00943027497249747	0.298297130979146	0.01	0.006	1	TCF7L2	c5
8.47207967572666e-06	0.298188500090597	0.072	0.053	0.284136608164521	UBE2F	c5
0.000563309224398771	0.298098233890991	0.058	0.045	1	PTPRN2	c5
0.567834262510061	-0.298077092473978	0.031	0.029	1	ZNF445	c5
0.768037478792863	-0.297921480773491	0.027	0.026	1	MTMR1	c5
0.00146458782206349	-0.297443685345681	0.42	0.418	1	GTF3A	c5
0.412739776537366	-0.297206797555697	0.025	0.022	1	CARMIL2	c5
0.126033998968991	-0.296880830891734	0.2	0.205	1	REX1BD	c5
0.584845697134177	-0.296730847468591	0.301	0.282	1	KDM2A	c5
0.494845184750332	-0.29663278520023	0.044	0.041	1	PATL2	c5
9.07505225124287e-05	0.296581223643756	0.035	0.024	1	TRMT12	c5
0.00344917329821881	0.296499496786108	0.026	0.018	1	SLC31A2	c5
0.000102268714210564	0.296364107355037	0.055	0.04	1	ZNF780A	c5
0.229272862415955	-0.296109311778422	0.079	0.072	1	CTC1	c5
0.749531614147801	-0.29604146883815	0.021	0.022	1	ZNF436	c5
0.645568350393597	-0.296003160506894	0.18	0.178	1	RFX1	c5
0.435972489692373	-0.295952831045926	0.026	0.024	1	MAST3	c5
0.55416563174195	-0.295780755303057	0.008	0.01	1	KHDC1	c5
0.000118908503955785	-0.295600990130212	0.555	0.547	1	GLUD1	c5
0.858587210231784	-0.295572795867435	0.03	0.03	1	TYSND1	c5
0.996397115237938	-0.295518198293022	0.017	0.017	1	ZSWIM9	c5
0.339798126988379	-0.295460991003714	0.917	0.868	1	MT-ND4	c5
0.602454249121532	-0.295442921213298	0.129	0.129	1	WBP4	c5
0.365257830650122	-0.295408195158479	0.184	0.184	1	FBXL3	c5
0.514668020241992	-0.295401745713581	0.033	0.03	1	SCLY	c5
0.455631532261719	-0.295239551048141	0.149	0.15	1	SIAH2	c5
0.584107491439631	-0.295158231784742	0.037	0.034	1	SPOPL	c5
0.875679652358359	-0.295142296396175	0.05	0.049	1	ZNF26	c5
0.00176426595633313	0.294909433601266	0.04	0.03	1	HOMEZ	c5
0.107476427165179	-0.294868556368636	0.041	0.035	1	TECPR1	c5
0.921514752506836	-0.294828507906128	0.209	0.199	1	NUSAP1	c5
0.505396509219785	-0.294715318189072	0.316	0.305	1	MAP3K2	c5
0.135265851057741	-0.294667568365545	0.031	0.026	1	ZNF587	c5
3.00863826383187e-06	0.29466585638585	0.064	0.045	0.100903710092393	ADA2	c5
0.408033235070454	-0.294551497701011	0.191	0.179	1	MCOLN2	c5
0.99037567132097	-0.294548773484195	0.027	0.027	1	JAKMIP2	c5
0.402410577565522	-0.294341460485541	0.094	0.097	1	RBM14	c5
0.496771367368423	-0.294172509746819	0.076	0.079	1	LARS	c5
0.801685916932709	-0.29401560622711	0.038	0.037	1	DHX37	c5
0.00388434010610694	0.293859763942152	0.018	0.012	1	UGT8	c5
0.272049434423846	-0.29378479396198	0.063	0.058	1	PDCD11	c5
0.00113650572284764	-0.293741671354641	0.298	0.314	1	EHD1	c5
6.64903548719191e-05	0.293740440096308	0.041	0.029	1	TCEANC2	c5
0.162617225992227	-0.293652203637613	0.121	0.11	1	KDM6A	c5
0.195789344844607	-0.293568809765575	0.225	0.206	1	TRPM7	c5
0.214154304176816	-0.293311457817824	0.119	0.126	1	MRPS31	c5
0.210202822576696	-0.293256936195885	0.096	0.088	1	NOTCH1	c5
0.135456757496743	-0.293139742907637	0.28	0.279	1	PANK2	c5
0.365608540437304	-0.293004338723452	0.198	0.186	1	SPEN	c5
0.92158375625702	-0.292760961127505	0.027	0.026	1	ALG6	c5
0.913246800002593	-0.292721371542863	0.031	0.031	1	RRAGB	c5
0.00214911671249285	0.292619859176491	0.021	0.014	1	ZNF304	c5
0.892546826281199	-0.292353978462691	0.019	0.019	1	CXorf57	c5
0.476015030645118	-0.292350252813018	0.031	0.028	1	AARSD1	c5
0.106567133693251	0.292279785165729	0.013	0.01	1	DGCR6	c5
0.528702668228378	-0.292234325995237	0.073	0.069	1	ARID3B	c5
0.199128526757035	0.292182673866521	0.01	0.008	1	AL445686.2	c5
0.104610083472039	-0.292114341731096	0.09	0.081	1	SYMPK	c5
0.0200041024826074	-0.29192462703499	0.259	0.267	1	P2RY10	c5
0.575087893046356	-0.291913995889987	0.04	0.042	1	CEACAM21	c5
0.984130783019434	-0.291673599171508	0.024	0.024	1	SEC22A	c5
0.74260874819823	-0.291475741011189	0.041	0.042	1	MANEA	c5
0.996386468833125	-0.291459608051352	0.021	0.021	1	INTS2	c5
0.134096863718283	-0.291170260775506	0.007	0.01	1	FAM111B	c5
0.748607499770403	-0.291032785014704	0.114	0.11	1	JPX	c5
0.689828014568585	-0.290866622622944	0.012	0.011	1	PPM1F	c5
0.149677433372098	-0.290843837520504	0.039	0.033	1	ZBED6	c5
0.00451427746287253	-0.290819306983531	0.483	0.475	1	EIF3A	c5
0.322403132132121	-0.290771971196287	0.279	0.275	1	N4BP1	c5
0.162477181950868	-0.290611519021159	0.135	0.142	1	CTDSP2	c5
0.992997141508404	-0.290321556625283	0.12	0.118	1	FBXW7	c5
0.727353519956513	-0.290294006473688	0.066	0.064	1	RPRD1A	c5
0.401927751852498	-0.290279347568969	0.04	0.043	1	TRIB1	c5
0.723498673581305	-0.289720360820554	0.023	0.024	1	C17orf67	c5
0.617331264220182	-0.289664798420261	0.056	0.053	1	SAMD3	c5
0.710698222940545	-0.289642753888489	0.108	0.107	1	INTS14	c5
0.0631132573641001	-0.289514128893428	0.263	0.268	1	MAP7D1	c5
0.429171715913314	-0.289386722531866	0.388	0.375	1	USP15	c5
0.93921560554021	-0.289103705793005	0.03	0.029	1	ISYNA1	c5
0.00343226922737184	-0.288847187564547	0.053	0.041	1	MTRNR2L1	c5
0.904982592864817	-0.288578815407119	0.221	0.212	1	GPAT4	c5
0.751299467967237	-0.288411044498572	0.104	0.101	1	RLIM	c5
0.759699310704322	-0.288333810092437	0.022	0.023	1	OMA1	c5
0.544419179270311	-0.288277194013838	0.066	0.063	1	TANGO2	c5
0.813314916069881	-0.288235785352823	0.016	0.015	1	PRDM15	c5
0.994691110637366	-0.288133809257049	0.028	0.028	1	TPD52	c5
0.619057208613111	-0.287847821576665	0.017	0.018	1	CENPP	c5
0.0146544185960778	0.287803430217654	0.024	0.018	1	SPATS2	c5
0.345475940814813	-0.287757796353626	0.038	0.034	1	INPPL1	c5
0.799350528436848	-0.287644062059976	0.075	0.073	1	BRAT1	c5
0.0655481985271547	-0.28755834119821	0.234	0.24	1	MRPL18	c5
0.00718793065892567	-0.287433424329428	0.22	0.235	1	TM2D3	c5
0.196577890780553	-0.287187218387202	0.095	0.087	1	MYSM1	c5
0.00849731666076945	0.287027377692547	0.022	0.016	1	ZDHHC9	c5
0.435407579534603	-0.286844671628358	0.017	0.015	1	AC009403.1	c5
0.471938495704926	-0.286832565939949	0.104	0.107	1	UCHL5	c5
1.97223955232167e-06	0.286799665535561	0.058	0.04	0.0661449701057641	PRKCZ	c5
0.593962936881366	-0.286750820266755	0.012	0.013	1	PARPBP	c5
0.932352415634576	-0.286649984931393	0.09	0.089	1	EFL1	c5
0.388861625365233	-0.286499949405679	0.087	0.082	1	TAZ	c5
0.785948958635484	-0.28649389678178	0.02	0.019	1	IFT88	c5
0.778082603166565	-0.286422067981799	0.014	0.015	1	MIR4458HG	c5
0.0182397908281861	0.286369629409422	0.019	0.013	1	IL1RN	c5
0.492058315531439	-0.286267443209097	0.024	0.026	1	AC006504.5	c5
0.0425743502601656	0.286218754321047	0.011	0.008	1	AL096678.1	c5
0.43560695093875	-0.285998414008474	0.18	0.17	1	CREBBP	c5
0.0196711543136794	-0.285994885678747	0.048	0.039	1	ATG16L2	c5
0.0808912931773976	-0.285739523944867	0.07	0.061	1	TEPSIN	c5
0.564028778132066	-0.285714498563942	0.136	0.13	1	HMGCS1	c5
0.446599651918279	-0.285670722461876	0.104	0.098	1	WASHC2C	c5
0.203333630184046	-0.28558879724193	0.021	0.024	1	SDHAF3	c5
0.214542084992436	-0.28549107310068	0.094	0.086	1	EDRF1	c5
0.00761267442549369	-0.285486279694809	0.485	0.471	1	GBP2	c5
0.350659181848877	-0.28540578335638	0.233	0.218	1	ABCC1	c5
0.0220381299278905	0.285400241980848	0.013	0.009	1	ZNF799	c5
0.998270612606727	-0.285338559389504	0.682	0.613	1	DNAJA1	c5
0.906983334268179	-0.285286236532674	0.074	0.074	1	ZUP1	c5
0.34178740451855	-0.285256804787685	0.182	0.183	1	UGP2	c5
0.0365548440599654	-0.285032986114478	0.329	0.327	1	PPP1R18	c5
0.890846713024692	-0.284788656718615	0.04	0.039	1	BTBD6	c5
0.997034616335921	-0.284615023643383	0.131	0.128	1	CARD8	c5
0.850882109169718	-0.284583415786876	0.179	0.174	1	CDKN2AIP	c5
0.0380325952580866	0.284559973814919	0.038	0.032	1	HSD17B8	c5
0.679952509125955	-0.284484278309439	0.15	0.143	1	GBP1	c5
0.304539952931013	-0.284383625229263	0.153	0.142	1	EDEM3	c5
0.831929081611562	-0.284216824230198	0.223	0.215	1	PPP2R2A	c5
0.808325023056822	-0.284163950416802	0.011	0.01	1	ZNF354C	c5
0.548731927481889	-0.283935216231118	0.19	0.179	1	TUT7	c5
0.333789097301253	-0.28386779184155	0.012	0.01	1	ACHE	c5
0.257217606406699	-0.283794229036842	0.027	0.024	1	PLA2G6	c5
0.0296689681406336	-0.283688286294613	0.329	0.295	1	TNRC6B	c5
0.685219565771824	-0.283683395451381	0.108	0.104	1	DCAF15	c5
0.000714616888097671	-0.283662753652733	0.511	0.502	1	RNF149	c5
0.60433914145075	-0.283654968220661	0.011	0.01	1	AC005261.3	c5
0.243265432086876	-0.283492069214162	0.915	0.863	1	MT-ND2	c5
0.158078045765991	-0.283320407932667	0.178	0.163	1	CSNK1G2	c5
0.21690504600884	-0.283174486758366	0.157	0.145	1	TFRC	c5
0.0697872989617199	-0.282989974444139	0.078	0.087	1	CBR3	c5
0.540585342770807	-0.282928747480664	0.029	0.027	1	TRAV14DV4	c5
0.395450733121742	-0.282683608031062	0.066	0.061	1	TTC37	c5
0.37236337526127	-0.28263556616686	0.141	0.133	1	RAB3GAP2	c5
0.209804724432904	0.282606742932473	0.012	0.009	1	SRXN1	c5
0.320507405031262	-0.28218296646034	0.065	0.06	1	CSNK1E	c5
0.29518990837968	-0.282134347377014	0.117	0.108	1	WDR37	c5
0.00206379711326791	0.282083790419559	0.023	0.016	1	ZNF256	c5
0.47635918072309	-0.282004018564226	0.108	0.103	1	VTI1A	c5
0.0114880021922315	0.28199452505976	0.016	0.011	1	HNRNPUL2-BSCL2	c5
0.574207356299962	-0.28188277897151	0.019	0.02	1	SPDL1	c5
0.668632585465482	-0.281626692241384	0.045	0.043	1	MRI1	c5
0.0944517367927464	-0.281476037250351	0.155	0.164	1	NAA38	c5
0.0203809066587219	-0.28144646161786	0.375	0.372	1	IL27RA	c5
0.0126553348231575	0.281375457459476	0.02	0.014	1	SETMAR	c5
0.373198392089992	-0.281337869121407	0.165	0.167	1	IER5	c5
0.275981379971343	-0.281118724469982	0.089	0.082	1	MMS19	c5
0.73966649695262	-0.281086674831592	0.014	0.015	1	CCDC152	c5
0.265084548558232	-0.281053469036028	0.043	0.047	1	EEF1E1	c5
0.465359188933925	-0.280910615217091	0.08	0.083	1	DNAJA3	c5
0.302344985797707	-0.280737264859571	0.034	0.038	1	TIPIN	c5
0.583833833141085	-0.280612769814549	0.009	0.011	1	MBOAT2	c5
8.7011051483738e-05	0.280545196117237	0.073	0.056	1	ZNF576	c5
0.000304277198384705	0.280335356658012	0.038	0.027	1	PCTP	c5
0.135917192038969	-0.280255511973677	0.011	0.008	1	AL445472.1	c5
0.0131153740037126	0.280180557621512	0.019	0.014	1	HIST1H2BH	c5
0.25545830147183	-0.28012572261544	0.201	0.187	1	PHYKPL	c5
1.81120421672936e-14	-0.280014979122018	0.73	0.712	6.07441670206691e-10	PLP2	c5
0.521135204279871	-0.279802177635219	0.015	0.016	1	LIN9	c5
0.595003685383688	-0.279796948315232	0.131	0.126	1	PPP1R21	c5
0.393301863871439	-0.27976701245584	0.035	0.038	1	GRK4	c5
0.528112035854269	-0.27962969744113	0.038	0.04	1	NIPSNAP3A	c5
0.79493330507156	-0.279311122112519	0.036	0.037	1	CENPE	c5
0.000523461629241326	0.279258557563039	0.04	0.029	1	PPP1R3D	c5
0.567590518055593	-0.279220990599544	0.025	0.023	1	HIC2	c5
0.892280746834928	-0.279128503749443	0.026	0.025	1	TMEM65	c5
0.0042975158560614	0.278980297405336	0.018	0.012	1	NLK	c5
0.290083513684483	-0.278653520104005	0.126	0.13	1	SHLD2	c5
0.812944371672535	-0.278624440302752	0.072	0.07	1	POLRMT	c5
0.906160862723087	-0.278572178419099	0.229	0.221	1	HELZ	c5
0.00921145211609056	-0.278526818438973	0.351	0.311	1	OGA	c5
0.369439218122618	-0.27843086998663	0.011	0.009	1	VPS33B	c5
0.084186635166391	0.278063264198196	0.014	0.011	1	SLC19A1	c5
0.0852989248366091	-0.278028655380887	0.965	0.94	1	MT-ND5	c5
5.30290843769309e-09	-0.277997910425503	0.559	0.573	0.000177848943183351	HLA-DQB1	c5
0.857648388262165	-0.277676382690313	0.129	0.127	1	ZRSR2	c5
0.00505893153559663	0.277184351359264	0.033	0.024	1	GDAP1	c5
0.877347050802977	-0.277148431429192	0.162	0.156	1	FBXO32	c5
0.310080261534625	-0.277135254285362	0.022	0.019	1	U2AF1L5	c5
0.850402161699188	-0.277056839187589	0.01	0.01	1	DCLRE1A	c5
4.53204440995571e-09	-0.277048769945721	0.643	0.623	0.000151995705421095	MYL12A	c5
0.00152262245242783	0.277039597626827	0.019	0.012	1	LRP8	c5
0.835505265366855	-0.277029595329155	0.207	0.198	1	CLK4	c5
0.00361241422904961	-0.277025638526157	0.404	0.4	1	RHOF	c5
0.0706688295243193	-0.276913075895637	0.276	0.247	1	NUTM2B-AS1	c5
0.000192901829356231	0.276819222079653	0.038	0.026	1	PLAGL1	c5
0.0961220075337035	-0.27681773971752	0.02	0.016	1	ADARB1	c5
0.808329906665813	-0.276766138650366	0.055	0.053	1	SENP1	c5
0.220273804788988	-0.276711550026843	0.042	0.046	1	RGL4	c5
0.00389683775003923	0.276698917438783	0.063	0.051	1	PUS3	c5
0.0071739060569144	-0.276635045883864	0.53	0.507	1	PPP1R12A	c5
0.400389284970075	-0.276572100494467	0.085	0.088	1	RHOC	c5
0.569210544180856	-0.276507371778848	0.04	0.042	1	ADCK2	c5
0.525971685526278	-0.276165362546883	0.131	0.133	1	COMTD1	c5
0.437934863248867	-0.276147339018473	0.178	0.169	1	PSMA3-AS1	c5
0.957731720163454	-0.276108776252729	0.087	0.086	1	WDR47	c5
0.746646427449354	-0.275689247206876	0.277	0.26	1	CREBRF	c5
0.0652134308111888	-0.275643541168435	0.161	0.171	1	MPC1	c5
0.251487910597594	-0.275329466884664	0.014	0.012	1	ZNF785	c5
0.0200604911006359	-0.275319234199645	0.074	0.087	1	TMEM14A	c5
0.694782086209159	-0.275040575125043	0.051	0.053	1	CLSPN	c5
8.2526903177778e-05	0.274935402662308	0.058	0.043	1	STYXL1	c5
2.30895137624314e-05	0.274896294412161	0.053	0.037	0.774376112564425	LPAR5	c5
0.489574548035095	-0.274872588172746	0.052	0.048	1	CDKAL1	c5
0.201371747398262	-0.27481458610364	0.238	0.219	1	SETD5	c5
0.485879847661522	-0.274724604418732	0.015	0.016	1	GPC1	c5
0.385594772063516	-0.274638244958563	0.042	0.039	1	PRR12	c5
0.354830308494496	0.274527569842722	0.012	0.01	1	TMEM244	c5
2.43014019482355e-05	-0.274468220447864	0.593	0.568	0.815020418539921	TNIP1	c5
0.122253936202266	-0.274441076138267	0.107	0.096	1	CCDC66	c5
0.189584290974835	-0.274403000581677	0.051	0.045	1	ABCC10	c5
0.41599403639432	-0.274273084873335	0.063	0.066	1	MRPS28	c5
0.548620026750086	-0.274223187309654	0.044	0.042	1	SMYD4	c5
0.275456350360506	-0.274065986402428	0.024	0.028	1	SERPINB6	c5
0.927706889855743	-0.274035819809166	0.052	0.052	1	ACACA	c5
0.34826469271654	-0.273896565362654	0.145	0.136	1	SETD1B	c5
0.115179299888834	-0.273861418712443	0.192	0.198	1	BTF3L4	c5
0.33143522881562	-0.273793131047026	0.036	0.033	1	DGLUCY	c5
0.493615242524413	-0.273778305333948	0.011	0.009	1	MICU3	c5
0.734961038227111	0.273657832226824	0.024	0.023	1	TRIP13	c5
0.720989851282724	-0.27359608117415	0.051	0.049	1	D2HGDH	c5
0.00982980155393621	-0.273575577246624	0.257	0.268	1	TMEM14B	c5
0.883211447596307	-0.273379973965193	0.098	0.098	1	ANAPC1	c5
0.263015191224945	-0.27326987074016	0.211	0.196	1	SLC6A6	c5
0.00103113553287386	-0.273096955890057	0.392	0.395	1	CD48	c5
0.506311034630448	-0.272926260632585	0.107	0.11	1	ACBD5	c5
0.624717808331799	-0.272814019338548	0.101	0.102	1	PSMG4	c5
0.681724791123504	-0.272731589252084	0.011	0.01	1	AC010618.3	c5
0.0578694568507938	-0.2725560134562	0.139	0.124	1	DGKA	c5
0.00174974200867503	-0.272357314564861	0.588	0.57	1	FAS	c5
0.000170044583208212	0.272319006977093	0.042	0.03	1	ZSCAN21	c5
0.0111732393734502	0.272244611890899	0.027	0.02	1	LINC02361	c5
0.0846897089677486	-0.272219707857781	0.139	0.125	1	NUP214	c5
0.674268071211329	-0.272176163935187	0.01	0.011	1	ENO3	c5
0.730659871476427	-0.272080669154587	0.021	0.02	1	JHY	c5
0.912293665814719	-0.271899361836553	0.108	0.105	1	PARP6	c5
0.0907195751172276	0.271852092348587	0.012	0.009	1	SCARB1	c5
0.545045306798081	-0.271841441673987	0.034	0.031	1	TAF1C	c5
0.984928396341952	-0.271821975896849	0.015	0.015	1	ZSCAN29	c5
1.43083093444386e-08	-0.271800122325271	0.643	0.647	0.000479872078793783	ARL6IP5	c5
0.000117827155442678	0.271749683694967	0.028	0.018	1	MMAA	c5
0.740716344130062	-0.271451273563876	0.016	0.015	1	CRYBB2	c5
0.71771841246323	-0.271089313659886	0.026	0.025	1	MAP3K6	c5
0.00278677795039097	-0.270975692212026	0.13	0.11	1	ZZEF1	c5
0.196741581533581	-0.270906359415224	0.118	0.108	1	UVRAG	c5
0.135648427813361	-0.270877077125879	0.079	0.086	1	NMRAL1	c5
0.110125701588122	-0.270858765391131	0.088	0.096	1	MRTO4	c5
0.161508603509805	-0.270857547433544	0.186	0.191	1	NOP16	c5
0.854429284827564	-0.270795951771215	0.089	0.089	1	CASP2	c5
0.642109387175599	-0.270754678710386	0.021	0.02	1	USP45	c5
0.646970751444984	-0.270753784877943	0.294	0.276	1	MED15	c5
0.00010683495883826	0.270722822265132	0.051	0.036	1	C9orf64	c5
0.307880520045159	-0.270668432373099	0.12	0.124	1	KBTBD2	c5
0.598597292361675	-0.270555488027679	0.021	0.022	1	FAM161B	c5
0.935023517008083	-0.270516688564767	0.035	0.035	1	ZNF438	c5
0.294718717192133	-0.270440224401595	0.307	0.299	1	VAMP2	c5
0.0216388165852712	-0.270401445815542	0.321	0.323	1	OCIAD2	c5
0.924472932334759	-0.270157396178283	0.031	0.031	1	TMEM42	c5
0.412362303066692	-0.270141155729276	0.233	0.231	1	SRPK1	c5
0.003082028255619	-0.27012742722207	0.08	0.096	1	NINJ2	c5
0.729693653463548	-0.270102180460427	0.035	0.036	1	CASP6	c5
0.128224534581979	-0.269970256750414	0.073	0.081	1	HIRIP3	c5
0.82600142696067	-0.269908847916476	0.057	0.056	1	STRADA	c5
3.58018090966484e-06	0.269881422367192	0.057	0.04	0.12007210734834	ARHGEF19	c5
0.0711745927394346	-0.269881201863773	0.123	0.11	1	PCNX4	c5
0.29127952329266	-0.26964820960854	0.014	0.011	1	RNF139-AS1	c5
0.838461470932	-0.269587853969585	0.054	0.052	1	RCAN2	c5
0.739343747293994	-0.269524306678391	0.015	0.014	1	TMEM164	c5
0.951216395305211	-0.269511397678525	0.105	0.103	1	NMRK1	c5
0.0528676808674631	-0.269261820573232	0.04	0.048	1	RNASEH2A	c5
0.905689514710215	-0.269242235489355	0.115	0.114	1	TBC1D1	c5
0.667394924033377	-0.269166008770444	0.074	0.071	1	ATG16L1	c5
0.00482999221424877	0.269158181616241	0.042	0.032	1	C19orf47	c5
0.00151591470123659	0.269148468892665	0.049	0.037	1	COQ2	c5
0.0530993552783836	-0.269083368079426	0.041	0.034	1	SRGAP2	c5
0.045174335830935	-0.268969146904243	0.047	0.04	1	CPEB4	c5
0.844313314277525	-0.268926164533458	0.04	0.041	1	ALDH16A1	c5
0.9707468899992	-0.268914650482019	0.125	0.123	1	PTPN4	c5
4.28053662606255e-05	-0.268841324307135	0.543	0.537	1	CCSER2	c5
8.94102503303925e-06	0.268751583249744	0.052	0.036	0.29986409755807	ZNF45	c5
0.000163908138782666	0.268596031771289	0.054	0.039	1	TIMM8A	c5
0.0582838400451252	0.268590067534967	0.015	0.011	1	PARS2	c5
0.976000154324552	-0.268561582080802	0.03	0.03	1	HSDL2	c5
0.687459076933204	-0.268542586451471	0.217	0.214	1	MAST4	c5
0.100544806009749	-0.26814732446847	0.318	0.314	1	TUBA1C	c5
0.616824547795372	-0.267905707976161	0.071	0.067	1	EIF3J-DT	c5
0.0593770853885347	-0.267829640899996	0.349	0.345	1	RNF145	c5
0.00043599002816265	-0.267759888551383	0.492	0.487	1	KRAS	c5
0.0279501402151463	-0.267701012875199	0.163	0.144	1	PHC3	c5
0.78577701539764	-0.267405732274717	0.054	0.055	1	RINL	c5
0.720919810496494	0.26736405728641	0.01	0.011	1	TRBV11-2	c5
0.184512285020865	0.26733078691757	0.01	0.008	1	CCT6B	c5
0.172653930467171	-0.267148064259037	0.021	0.025	1	RPL39L	c5
0.0103749240421358	0.267094677013696	0.024	0.018	1	PHLDB2	c5
4.56434865578851e-08	-0.266868979086166	0.995	0.979	0.00153079125217835	MT-ATP6	c5
0.0357598859450089	0.266851606321308	0.015	0.011	1	HSPA1L	c5
0.0453253987076831	-0.266504894387676	0.288	0.258	1	UBR4	c5
0.501159398847908	-0.266312936864705	0.016	0.015	1	HLCS	c5
0.853026027456517	-0.266310105919063	0.11	0.109	1	POLR3C	c5
0.621552153481723	-0.266230630229613	0.199	0.19	1	WASHC1	c5
0.16414779689198	0.266186237842443	0.02	0.017	1	TLCD1	c5
0.751934001295375	-0.266176523976892	0.023	0.024	1	SH3GLB2	c5
0.876102378401796	-0.266160235841645	0.098	0.095	1	ZBTB24	c5
0.965057627544819	-0.266145040287758	0.076	0.076	1	WASHC2A	c5
0.305416965217836	-0.266094375286633	0.037	0.033	1	DEPDC5	c5
0.448934151104296	-0.265933823957957	0.013	0.015	1	TRIM47	c5
5.30709106003678e-13	-0.265881085547975	0.941	0.895	1.77989219971514e-08	HSPA8	c5
0.0978359574938876	-0.265843065578627	0.346	0.341	1	SBDS	c5
0.718965914800014	-0.265839312424306	0.066	0.067	1	C12orf76	c5
0.556923710666936	-0.265807040087124	0.022	0.023	1	BORA	c5
0.576442523850017	-0.265673040781445	0.078	0.074	1	SLC25A12	c5
0.692372631418177	-0.265598780538856	0.206	0.203	1	TARSL2	c5
2.04011166097019e-06	0.265554034782314	0.081	0.059	0.0684212648856181	DNAJC30	c5
0.00371767481135899	0.265499189524308	0.015	0.009	1	IL18BP	c5
0.115076825251328	-0.265472704450259	0.134	0.142	1	BOLA3	c5
0.948178246511873	-0.265446019440568	0.145	0.141	1	MSL3	c5
0.685324014047308	-0.265436841297851	0.463	0.435	1	FNBP4	c5
0.975106193124947	-0.265412337628579	0.454	0.42	1	CLK1	c5
0.0033955860636272	0.265314048414512	0.027	0.019	1	FICD	c5
0.0298924031606902	0.265312174461855	0.015	0.011	1	XYLT2	c5
0.613592038087696	-0.265126813156909	0.096	0.097	1	ATIC	c5
0.899253505093181	-0.265117341722988	0.055	0.054	1	SNX10	c5
0.131191842478214	-0.264961725255938	0.282	0.283	1	DARS	c5
0.717566755531802	-0.264904454800102	0.053	0.054	1	FAM78A	c5
0.166974624983146	-0.264804674527262	0.155	0.142	1	DLEU2	c5
0.537194169889273	-0.264617901512487	0.121	0.115	1	RNPEPL1	c5
0.815287863018101	-0.26445916658227	0.193	0.188	1	NEK7	c5
0.000445748247367436	0.264393114671484	0.055	0.042	1	MRPL53	c5
0.499389982186485	-0.264251934938872	0.043	0.041	1	C7orf43	c5
0.742999211450011	-0.264243475201313	0.044	0.043	1	XPO7	c5
0.0286589876967549	0.26407077205247	0.013	0.009	1	C17orf97	c5
0.364406340808753	-0.263952723592324	0.082	0.077	1	YEATS2	c5
0.29960999274022	-0.263866019302798	0.044	0.048	1	C6orf203	c5
0.994566178243505	-0.263846735435857	0.043	0.043	1	TMEM156	c5
0.635378296695823	-0.263801448774744	0.014	0.013	1	IFT122	c5
9.16129760315592e-05	0.263792039518939	0.057	0.042	1	HIST1H2BJ	c5
0.177960744584092	-0.263547479822978	0.064	0.058	1	AKT1	c5
0.837917204753718	-0.26353496178295	0.148	0.146	1	DAAM1	c5
0.552899097030263	-0.263533921165718	0.049	0.046	1	PRKAB2	c5
0.248294274542037	-0.263467327126859	0.027	0.023	1	TRIM3	c5
0.856289181852789	-0.263416188287616	0.147	0.145	1	KATNA1	c5
2.68351369480359e-06	0.263302639063154	0.102	0.078	0.0899996822963228	ALKBH4	c5
0.0280581430823228	0.263300344579386	0.012	0.008	1	ATP1A3	c5
0.690075639637439	-0.26321883678509	0.516	0.478	1	NEU1	c5
0.671413836553745	-0.263198651175868	0.195	0.191	1	NCBP2-AS2	c5
0.453897459777614	-0.263068958816316	0.021	0.024	1	PRIMPOL	c5
0.661667281526061	-0.263014275646629	0.156	0.15	1	PHF12	c5
9.04896592117354e-08	-0.262866368452491	0.645	0.621	0.00303484219064318	NAP1L1	c5
0.869744128579801	-0.262833773432093	0.29	0.274	1	DHX15	c5
5.60158522944736e-06	-0.262391314212075	0.674	0.661	0.187865965425206	FAM129A	c5
0.32797269233386	-0.262390495662207	0.033	0.03	1	ZNF397	c5
0.950601903013456	-0.262220482886808	0.033	0.033	1	LYRM7	c5
0.999545647780696	-0.262200443345124	0.011	0.011	1	AL590399.1	c5
0.183358027386208	-0.262151418451631	0.039	0.044	1	HADH	c5
0.169268034277294	-0.262129896462572	0.08	0.087	1	ACAA2	c5
0.280973297008774	-0.261999307953882	0.4	0.384	1	EMB	c5
0.00109883921681953	-0.261427748599324	0.385	0.39	1	ABRACL	c5
0.0013769039079361	0.261424308663224	0.028	0.02	1	MAP4K3	c5
0.96160223239838	-0.261246760920323	0.08	0.079	1	BICD2	c5
0.391472921757276	-0.26121063366816	0.123	0.127	1	WDR43	c5
0.401756053891726	-0.261185685491092	0.012	0.014	1	AL031777.3	c5
0.0560707039959555	-0.261077028092486	0.072	0.082	1	LRRC8D	c5
0.944906238805091	-0.260918367602804	0.033	0.033	1	CCDC18	c5
0.539462982896266	-0.260851772617665	0.045	0.042	1	SLC15A4	c5
0.338690983214358	-0.260824866971191	0.037	0.033	1	CLN3	c5
0.389249427522684	-0.260821914553462	0.06	0.055	1	KLF12	c5
0.863095257488412	-0.260794050961303	0.01	0.01	1	DAB2IP	c5
0.174850598673999	-0.260788514415252	0.108	0.098	1	KHDC4	c5
0.771996473823214	-0.260679250800543	0.27	0.256	1	MYO1G	c5
0.47996442578456	-0.260521960862311	0.034	0.031	1	MBD3	c5
0.401309811258548	-0.26050366969901	0.022	0.024	1	AC139530.1	c5
0.114489673582188	-0.260475097345003	0.058	0.066	1	AC010642.2	c5
0.570185682793191	-0.260467794668117	0.043	0.041	1	RIPK3	c5
0.0748748320110954	-0.26042249306008	0.047	0.04	1	TNPO2	c5
0.450000146281611	-0.260415183524645	0.189	0.189	1	ATF2	c5
0.980076105152733	-0.260372719828085	0.073	0.072	1	MXI1	c5
0.989645670521313	-0.260367220726992	0.073	0.072	1	GEMIN8	c5
0.989296784353762	-0.260296662551583	0.04	0.039	1	TUBGCP3	c5
0.0373310399808004	-0.260024552298383	0.098	0.085	1	CC2D1A	c5
0.547499202106983	-0.259960990339972	0.183	0.173	1	IRF3	c5
0.669253807974	-0.259851779808504	0.067	0.069	1	CPSF2	c5
8.09202076976945e-05	0.259849993608425	0.037	0.025	1	AJM1	c5
0.00302295366361395	0.259709422912569	0.026	0.018	1	HS3ST3B1	c5
0.751877220025508	0.259680586821593	0.012	0.011	1	FAM92A	c5
0.211406092411415	-0.259655879146481	0.312	0.308	1	SEPT6	c5
0.0400710273805812	-0.25965511336725	0.073	0.063	1	ITPR3	c5
0.0962973083011663	-0.259567916283018	0.148	0.134	1	SBF1	c5
0.122384116053202	0.259565047156736	0.02	0.017	1	AL606807.1	c5
0.550827153698226	-0.259502786767183	0.068	0.064	1	TRMT10B	c5
0.798740927988392	-0.259370804262635	0.132	0.131	1	CENPX	c5
0.195356459632862	-0.259366456750464	0.044	0.039	1	GPATCH1	c5
3.56046704418327e-06	0.259208967212627	0.034	0.021	0.119410943727818	PPP1R13B	c5
0.136240697039958	-0.25915742011119	0.087	0.078	1	LEMD2	c5
0.437626792851128	-0.258878773763723	0.108	0.111	1	SKA2	c5
0.380577750497586	-0.258751495775271	0.024	0.022	1	LACTB2	c5
0.604069665751907	-0.258689460398032	0.044	0.042	1	EIF4E3	c5
9.38884361456429e-06	0.258652286185657	0.083	0.062	0.314883037145257	TMEM184C	c5
0.949188734677664	-0.25848009849379	0.038	0.038	1	LARP1B	c5
0.453977132009177	0.258351336024216	0.017	0.015	1	IDNK	c5
0.0955122097412971	0.258342460645839	0.018	0.014	1	DNAJB5	c5
0.792430322589771	-0.258267060255157	0.035	0.033	1	MBNL1-AS1	c5
4.69031198096217e-06	0.258259924692845	0.07	0.051	0.157303683217509	ASL	c5
0.611609616915326	-0.258253305075837	0.238	0.234	1	RNF166	c5
0.961847214542309	-0.257874372645237	0.016	0.016	1	PICK1	c5
0.150347405726323	-0.257846271476169	0.849	0.778	1	S100A10	c5
0.450550430730718	-0.2578393833324	0.08	0.075	1	MIOS	c5
0.0177815640060014	-0.257714372760723	0.626	0.592	1	ITGAE	c5
0.0635887531642567	0.25760941279704	0.015	0.011	1	KDELC1	c5
0.382257648741949	-0.257540342499251	0.278	0.26	1	SETD2	c5
1.88475289806814e-05	0.257486769690201	0.064	0.046	0.632108426954094	LINC02001	c5
0.287275701170805	-0.257442668732519	0.014	0.017	1	LINC01006	c5
0.358729567313424	-0.257380714732614	0.054	0.058	1	ICAM2	c5
0.387467202719867	-0.257112924185427	0.061	0.065	1	HSD17B12	c5
0.00287352776017191	0.257110072134329	0.059	0.047	1	TMEM204	c5
0.0043358955933129	0.257021872536202	0.021	0.015	1	GIMAP8	c5
0.0484952652922259	-0.25692443134382	0.081	0.07	1	ANKFY1	c5
0.301243842511009	-0.256884631651776	0.192	0.179	1	LMF2	c5
0.00216013003288011	0.256738982844328	0.036	0.026	1	SMARCA5-AS1	c5
0.140281891711876	-0.256544134721295	0.311	0.283	1	FAM133B	c5
0.00550003989698688	-0.256508993830117	0.532	0.48	1	RNF213	c5
0.72329327395609	-0.255861543012366	0.098	0.099	1	USF1	c5
0.774864161637376	-0.255857293549831	0.05	0.049	1	NABP1	c5
0.414750963342998	-0.255746728857171	0.084	0.079	1	SRCAP	c5
0.119908552912963	-0.255685445080638	0.02	0.016	1	PACS2	c5
0.834365795769231	-0.255543752226858	0.041	0.04	1	TMEM191C	c5
0.379859585056345	-0.255533409166519	0.016	0.014	1	LINC00294	c5
0.0228589467876883	0.255524062344343	0.029	0.022	1	ZNF273	c5
0.607370235370816	-0.255516562117143	0.057	0.059	1	COQ6	c5
0.702644683913943	-0.255199520846855	0.042	0.043	1	AEN	c5
0.473014862338585	-0.255073956215419	0.099	0.093	1	RPGR	c5
0.839768871657823	-0.255026807607297	0.028	0.027	1	ZNF34	c5
0.00264359435753731	0.254839495679156	0.03	0.021	1	MIEF2	c5
0.791085837199017	-0.254786093858053	0.023	0.024	1	ABL1	c5
0.574081351190917	-0.25464997990274	0.436	0.411	1	IER2	c5
0.382823387988797	-0.254407676346334	0.103	0.097	1	EML3	c5
0.638939924792917	-0.254381892672892	0.034	0.036	1	NUDT19	c5
0.156172103649576	-0.254208196139657	0.225	0.206	1	RBM33	c5
0.927814387090004	-0.254154447730782	0.03	0.029	1	STAG3	c5
0.981504515822509	-0.254040372733191	0.018	0.018	1	TMEM218	c5
0.717474225640899	-0.253846279547833	0.216	0.206	1	ZNF131	c5
0.0117310685970472	0.253659487909131	0.016	0.011	1	ZNF585B	c5
0.219757740442118	0.253497482202122	0.018	0.015	1	MAP3K14-AS1	c5
0.848263032654889	-0.253384488062591	0.019	0.019	1	AL691432.2	c5
0.158531249091223	-0.253222351746516	0.066	0.059	1	EPM2AIP1	c5
0.114682098739682	0.253212487416325	0.011	0.008	1	ZNF257	c5
0.217044298257422	-0.253082227730385	0.139	0.145	1	MFNG	c5
0.373988396888525	-0.253048560556705	0.156	0.159	1	RP9	c5
0.164932253184251	-0.253040912561655	0.093	0.085	1	ASCC3	c5
7.4438865401158e-06	0.252935937965996	0.046	0.031	0.249653066782404	MIER3	c5
0.841990951492111	-0.25284116767606	0.015	0.014	1	POMK	c5
0.40324904224019	-0.252785186750706	0.074	0.077	1	CISD3	c5
0.0146542745633966	0.252761478497679	0.032	0.025	1	EID2	c5
0.298323455386907	-0.252701188926906	0.122	0.113	1	FAM208A	c5
0.134925004452868	-0.252629601852658	0.063	0.056	1	PPP1R12C	c5
0.16697151601563	-0.252465880139447	0.072	0.064	1	STIM1	c5
0.624600538839806	-0.252464631583875	0.403	0.384	1	RHOH	c5
0.0308737589107997	-0.252424387202549	0.104	0.116	1	ZNF593	c5
6.95593045352007e-06	0.252361867527244	0.046	0.031	0.233287995550156	ZNF234	c5
0.351323328411301	-0.252331007509913	0.075	0.079	1	LYRM4	c5
1.36965443627351e-05	0.252204601481746	0.056	0.039	0.459354704837411	NHEJ1	c5
5.62444600359712e-06	0.252180540047856	0.092	0.07	0.18863267006864	TMEM205	c5
0.000341831761373143	0.251994219820329	0.046	0.034	1	ZKSCAN5	c5
0.619465761395957	-0.251843192749088	0.042	0.04	1	ACER3	c5
0.150314540960387	0.251767463381278	0.033	0.029	1	CCDC34	c5
0.0636713437828459	-0.251524261070927	0.078	0.087	1	PRKAR1B	c5
0.00302741629283609	-0.251512662488957	0.543	0.53	1	CD96	c5
0.00359880937508525	-0.25148895309153	0.101	0.084	1	GOLGA8B	c5
0.268000010433222	-0.251189992428504	0.325	0.301	1	BPTF	c5
0.33837666734728	-0.251163428050347	0.024	0.021	1	SIDT2	c5
0.0074175853338879	0.251050838197176	0.021	0.015	1	CAB39L	c5
0.218459171263998	-0.25092262074256	0.105	0.097	1	HERC4	c5
0.9369482335412	-0.250567302834622	0.1	0.098	1	RANBP9	c5
0.00500807371415807	0.250542317277715	0.031	0.022	1	SHISAL2A	c5
0.435608545076099	-0.250454221157725	0.01	0.011	1	TMCO4	c5
0.461698801766165	-0.250365216329119	0.017	0.019	1	PWP2	c5
0.675396396974295	-0.250302939255584	0.115	0.111	1	REC8	c5
1.64438505492862e-05	0.250287983112204	0.086	0.065	0.551493859721961	NSDHL	c5
0.0676360933636847	-0.250047126374479	0.08	0.071	1	SPG11	c5
0.366894821571346	-0.250019036654478	0.063	0.058	1	MED14	c5
0.866432931465446	-0.249991360781553	0.072	0.071	1	ORC4	c5
0.929803534081899	-0.249955160374381	0.138	0.135	1	ARPC4	c5
0.0115226208106799	0.249917297423443	0.031	0.023	1	TESK2	c5
0.00337111650707337	0.249888056722358	0.061	0.049	1	LINC01934	c5
0.78607635332797	-0.249877180423709	0.074	0.074	1	TBC1D5	c5
0.813386992852246	-0.249831392842798	0.028	0.027	1	IBA57	c5
0.352952095124002	-0.249752324067304	0.05	0.046	1	PIK3CA	c5
0.359615953031627	-0.249712861657128	0.032	0.029	1	TRMT2B	c5
0.559051801967869	-0.249564922712263	0.162	0.162	1	CHURC1	c5
0.426078372247714	-0.249362624707718	0.067	0.063	1	EDEM1	c5
0.987865239442835	-0.249210881837125	0.048	0.048	1	LIN52	c5
0.392253405659318	-0.249105281827465	0.55	0.514	1	EPC1	c5
0.116142535704326	-0.249068227621125	0.038	0.032	1	TRBV18	c5
0.132310297918919	-0.248919866057987	0.055	0.049	1	ZXDC	c5
0.899034988254095	-0.248871859709989	0.022	0.022	1	PAXIP1-AS1	c5
0.351362495609129	-0.248820163085186	0.137	0.141	1	SSBP4	c5
0.976626218136838	-0.248662003473131	0.387	0.364	1	DIAPH1	c5
1.31102615912559e-05	0.248389466395273	0.039	0.026	0.439691953247542	PGBD2	c5
0.732919635668314	-0.248335691114487	0.094	0.095	1	TNRC6C	c5
5.89879818582811e-05	0.248307687842024	0.058	0.042	1	ADCY3	c5
0.0501230071312779	0.248301727181087	0.016	0.012	1	GORASP1	c5
0.891638677318747	-0.248271417432734	0.024	0.024	1	SPRYD7	c5
0.00128887438053633	-0.24804930635338	0.415	0.423	1	ARL4C	c5
0.243119419984607	-0.248017671773465	0.142	0.131	1	THUMPD3-AS1	c5
0.0319520680474842	0.247987207104761	0.043	0.036	1	SEPHS1	c5
0.717771740061336	-0.247916895536613	0.198	0.189	1	SCAF4	c5
0.0250819823758221	0.247893506346577	0.019	0.014	1	AP001610.1	c5
0.000589181221788478	0.247793133228142	0.021	0.014	1	NCKAP5L	c5
0.591467604598128	-0.247560787287027	0.022	0.024	1	FLVCR1	c5
0.00434187586172359	-0.247538448127205	0.128	0.109	1	MON2	c5
0.797801975369012	-0.247501622614642	0.088	0.088	1	PYCARD	c5
0.0685236130157436	-0.247451348313523	0.172	0.154	1	JMY	c5
0.333306496294538	-0.247379449906878	0.037	0.041	1	TMEM154	c5
0.524170976006818	-0.247061237690345	0.01	0.011	1	IFI27	c5
0.018308759629323	0.247010178354571	0.025	0.019	1	AMACR	c5
0.444069508873245	-0.246772312887909	0.03	0.032	1	MPI	c5
0.283898837689519	-0.246706565548331	0.239	0.239	1	TCERG1	c5
0.919442748182394	-0.24668188597797	0.097	0.095	1	DENND1C	c5
0.0183703327893987	0.246676798743565	0.011	0.007	1	PTPRM	c5
0.771643921812777	-0.246610180846484	0.026	0.026	1	ATG10	c5
0.000100858969961297	0.246597145213957	0.099	0.079	1	PPIL3	c5
0.43159109895551	-0.246393938136075	0.126	0.118	1	MDM2	c5
0.721772108696373	-0.246332242787141	0.057	0.055	1	CD80	c5
0.0123615159294079	0.246141437131503	0.013	0.008	1	MPP5	c5
0.173842479651028	-0.245981455073083	0.133	0.122	1	TUBGCP2	c5
0.0102682042701705	-0.245952523452827	0.043	0.034	1	AC005261.1	c5
0.489961599346265	-0.245829087187524	0.021	0.02	1	GTPBP2	c5
0.58172718569547	-0.2457170995425	0.091	0.087	1	AEBP2	c5
0.794592898457497	-0.245700273541199	0.088	0.085	1	PI4K2B	c5
0.0522157595615239	-0.245556644109627	0.13	0.142	1	MTHFS	c5
0.759944546671559	-0.245497754250535	0.034	0.032	1	GRPEL2	c5
0.859859456633886	-0.245425892749926	0.181	0.177	1	USP12	c5
0.189565569744272	-0.245337959794948	0.058	0.052	1	SH2D3A	c5
0.756424883554527	-0.245314240869347	0.011	0.011	1	TSNARE1	c5
0.520485439658041	-0.245286310264835	0.021	0.019	1	TMEM79	c5
0.000317005571080196	0.245238561007445	0.047	0.034	1	MAPK3	c5
0.0233935652387667	0.245220739433213	0.035	0.028	1	HDHD2	c5
0.4033192713716	-0.245220729367966	0.092	0.086	1	PITRM1	c5
0.571902901613113	-0.245151390233238	0.273	0.269	1	ICOS	c5
0.00314331775356051	-0.244954719118241	0.303	0.265	1	ASH1L	c5
0.123751466965528	-0.244931204442586	0.045	0.039	1	SMURF1	c5
0.833333598267536	-0.244827322854217	0.027	0.027	1	C12orf4	c5
0.6184516230107	-0.244811870170176	0.012	0.011	1	DPY19L3	c5
0.0463360542956863	0.244802650785361	0.029	0.023	1	SWSAP1	c5
0.354117003141949	-0.244704668458568	0.181	0.169	1	FOXN3	c5
0.000334256300593788	0.244607487669942	0.025	0.016	1	DCUN1D3	c5
0.405428388708363	-0.244540671738771	0.224	0.209	1	KLHL24	c5
0.476162763517098	-0.244382508930508	0.105	0.099	1	COG1	c5
0.70952387633118	-0.244356442867155	0.016	0.017	1	CCHCR1	c5
0.185203059957461	-0.244347262748591	0.426	0.411	1	GGNBP2	c5
0.178414906009163	-0.244285294340655	0.033	0.028	1	SLC35A3	c5
0.651225201394339	-0.244236518654233	0.045	0.043	1	FHOD1	c5
0.749787097996546	-0.244204811699332	0.093	0.09	1	RINT1	c5
0.00346077824365673	0.243993438027459	0.015	0.009	1	LINC00921	c5
0.841400772460245	-0.243967088450648	0.097	0.095	1	SLC35C2	c5
0.122966741769571	-0.243750593281232	0.043	0.037	1	INTS3	c5
0.139216155344301	0.243540140061244	0.011	0.009	1	KIAA0825	c5
0.0354502563476804	0.243294662110451	0.02	0.015	1	ZNF823	c5
0.14058663828386	0.243284445167212	0.011	0.009	1	AC104078.1	c5
4.30176850269967e-05	0.24323510000108	0.047	0.033	1	AC131971.1	c5
0.180379866898259	-0.243226301502893	0.117	0.106	1	SLK	c5
0.000102674845372505	0.243208460587974	0.085	0.067	1	GEMIN6	c5
0.37072234878888	-0.243192969791957	0.582	0.524	1	PNISR	c5
0.857315441963683	-0.243151123946999	0.093	0.091	1	GPATCH2	c5
0.0841342319380773	-0.242977431235041	0.325	0.323	1	RRAGC	c5
0.847712685184557	-0.242966166663865	0.02	0.021	1	FANCM	c5
0.100054364521316	0.242942484245101	0.011	0.008	1	PRRT3	c5
0.908878831393694	-0.242467118843203	0.012	0.012	1	RNF144A	c5
0.926574048173315	-0.242438059726414	0.188	0.182	1	UBA3	c5
0.339169385547786	-0.242293186336747	0.178	0.18	1	COA6	c5
0.0906951698399099	-0.242267626695381	0.079	0.07	1	MTOR	c5
0.814542636573371	-0.242163290707085	0.047	0.048	1	PSMA2	c5
0.0707106950851337	-0.242152696718632	0.219	0.198	1	THOC2	c5
0.593412246920564	-0.242084399923002	0.027	0.026	1	CAD	c5
0.43586939687847	-0.241996227133982	0.017	0.019	1	CEP19	c5
0.00825281676720396	-0.241994573086536	0.094	0.079	1	TRIM56	c5
0.907015781688379	-0.241829619959216	0.024	0.025	1	RMI1	c5
0.155587346036486	-0.241780122700907	0.171	0.156	1	MCM7	c5
5.2740824334568e-06	0.241628508592522	0.088	0.066	0.176882176653274	RNPEP	c5
0.942760449466227	-0.241493010719978	0.076	0.076	1	NBPF14	c5
0.057964031360249	0.241433139050223	0.015	0.011	1	SLC45A4	c5
0.909880621188512	-0.241348339625903	0.01	0.01	1	SMAGP	c5
0.0718050261637657	-0.241290864016305	0.018	0.023	1	GPAT3	c5
0.375398076643606	-0.241159823943044	0.013	0.011	1	AP002495.2	c5
0.906694412184645	-0.241149189362795	0.827	0.736	1	LMNA	c5
0.00963541277590463	-0.241070190493184	0.049	0.039	1	KIAA0556	c5
0.36921549282259	-0.241063724030201	0.074	0.069	1	TRAPPC8	c5
0.292515935289038	-0.24102119112167	0.022	0.019	1	ABCC5	c5
0.379385747799589	-0.241017736903244	0.088	0.082	1	DMXL1	c5
0.00275933259989087	0.240788896508211	0.06	0.048	1	CTNNBIP1	c5
0.632412608673345	-0.240483396103163	0.127	0.128	1	KCNN4	c5
0.613680142207262	-0.240461488997476	0.188	0.179	1	DAZAP1	c5
0.789256928789104	-0.240322615184728	0.026	0.026	1	IQSEC1	c5
0.759094892622868	-0.240159230150379	0.054	0.055	1	ZNF143	c5
0.591332264911411	-0.240153069769435	0.311	0.304	1	SLFN5	c5
0.858675606394031	-0.240042640413975	0.064	0.063	1	LINC00909	c5
0.574532858433706	-0.239981434517011	0.048	0.045	1	THAP6	c5
0.85549889941831	-0.23990848613747	0.181	0.175	1	GPR132	c5
0.165857749541416	-0.239907804824573	0.09	0.081	1	ZNF236	c5
0.269007715602642	-0.239815505394046	0.236	0.236	1	HAX1	c5
0.945610709854005	-0.23975896125354	0.04	0.04	1	POLR1B	c5
0.0252126558989919	-0.239709152369671	0.215	0.191	1	NXF1	c5
0.295115849279975	-0.239648486145876	0.109	0.114	1	LETMD1	c5
0.248056001915271	-0.239417589090579	0.091	0.097	1	ADD3	c5
0.518949031264599	-0.239386818461718	0.031	0.033	1	HS1BP3	c5
0.000327783002273482	0.2392779833201	0.043	0.031	1	TMEM64	c5
0.432253690215872	-0.239236206156642	0.197	0.186	1	KIF13B	c5
0.00623640032255817	0.239233481602615	0.022	0.016	1	NKIRAS1	c5
0.398039654114213	-0.239172208835784	0.049	0.052	1	ORC5	c5
0.00146785548004134	0.23914047877515	0.022	0.015	1	IPO4	c5
0.0033490435759472	0.2390701600669	0.048	0.037	1	NUDT16	c5
0.830207382285337	-0.238789053588163	0.021	0.02	1	TXNRD2	c5
0.742117874999538	-0.23876314037063	0.026	0.025	1	TNFRSF13C	c5
0.683013373281091	-0.238718908201679	0.203	0.194	1	CCDC6	c5
0.0550151195951124	-0.238705431822757	0.143	0.128	1	ATXN2	c5
0.164748230068512	-0.238655876792754	0.133	0.121	1	CEP85L	c5
0.443238702294387	-0.238615372357866	0.077	0.072	1	SP4	c5
1.77279700557614e-05	0.238614121919217	0.048	0.033	0.594560659730125	RSPH3	c5
0.351206714902954	-0.238586143968067	0.049	0.045	1	VPS33A	c5
1.65754057268427e-06	0.238490377691542	0.133	0.104	0.0555905957266849	PAPSS1	c5
0.0428773001436552	-0.238468443997508	0.255	0.23	1	CCNL2	c5
0.689802034951313	-0.238351540144671	0.074	0.075	1	GLE1	c5
0.0959135007113008	-0.238086957462502	0.198	0.205	1	AK6	c5
0.0431401290135537	-0.238081943817554	0.341	0.339	1	RPS10	c5
0.00873344645249781	0.238058755409531	0.049	0.039	1	MANBAL	c5
3.57096415544418e-06	0.237833475762808	0.046	0.031	0.119762995845287	NKRF	c5
0.435585892904356	-0.237680891580827	0.131	0.133	1	RPP38	c5
0.398128143443231	-0.237598445661599	0.08	0.075	1	PAN3	c5
2.58361334153562e-05	0.237354976811538	0.097	0.075	0.866492242484217	GMPPB	c5
0.645504317601308	-0.237217382827855	0.202	0.192	1	ZNF148	c5
0.413650255749742	-0.237061492481127	0.097	0.091	1	ZNF654	c5
0.00237046717358686	0.236787003939275	0.031	0.022	1	BASP1	c5
0.231693939458313	0.236630497269203	0.01	0.008	1	AC107959.1	c5
0.271447009917456	-0.236577401955233	0.026	0.023	1	ELP4	c5
3.08148317735246e-06	0.23654266991272	0.084	0.063	0.103346782802047	HDGFL2	c5
0.034373995576174	0.236476230648669	0.039	0.032	1	ICK	c5
0.0126140942298125	-0.236422226912465	0.068	0.056	1	WDR73	c5
0.0452131184159651	0.236260221416427	0.025	0.019	1	PIGW	c5
0.844179032658185	-0.236251533114755	0.104	0.104	1	DDX59	c5
0.257083852988593	-0.236199823998639	0.162	0.152	1	MTG1	c5
0.450320852226035	-0.236114197110898	0.02	0.023	1	BLM	c5
4.33250347647343e-19	-0.236069848970555	0.188	0.126	1.45303501593966e-14	TTN	c5
0.421584060516821	-0.236025158528228	0.043	0.04	1	TADA2A	c5
0.334812990528646	-0.235974879591327	0.074	0.068	1	SETDB1	c5
6.40539606709051e-05	0.235962497656126	0.086	0.066	1	ITPK1	c5
0.00142769069265321	0.235900234523857	0.018	0.012	1	RREB1	c5
0.267838409103161	-0.235828176643262	0.025	0.022	1	FBF1	c5
0.523912769923678	-0.235754936055887	0.234	0.231	1	AL133415.1	c5
0.545951089793405	-0.235708514249882	0.02	0.018	1	SBK1	c5
0.398448765992575	-0.235694107617746	0.082	0.077	1	MAPK14	c5
0.479695115468177	-0.235648474856098	0.057	0.053	1	SLC9A6	c5
0.146697603730856	-0.235618571735403	0.013	0.01	1	NEURL4	c5
0.752864431633043	-0.235573158276138	0.055	0.056	1	LIPA	c5
0.570444568873057	-0.235457654096881	0.015	0.014	1	TIGD1	c5
0.150845149199091	-0.235382061355051	0.094	0.085	1	PHF21A	c5
0.461680084872865	-0.235375882442218	0.108	0.102	1	RBM28	c5
0.964270917192657	-0.235368681834548	0.119	0.117	1	CSE1L	c5
0.175942892721977	-0.235340743275733	0.012	0.009	1	SIK1B	c5
0.708187042033921	-0.235279099999787	0.086	0.084	1	ITPKB	c5
0.404654090837232	0.23525960011979	0.011	0.009	1	ANKRD35	c5
0.238151077778321	-0.235132303633334	0.063	0.057	1	EYA3	c5
0.514372861828978	-0.234954922119815	0.041	0.043	1	IMMP1L	c5
0.292727011989077	0.234939366938934	0.011	0.009	1	LAPTM4B	c5
0.946582884432774	-0.234916023198759	0.238	0.229	1	RECQL	c5
0.00143259307484161	0.234730125371125	0.033	0.024	1	ZBTB39	c5
0.385996707347741	-0.234712884682416	0.082	0.076	1	TYW1	c5
0.564039086829603	-0.234580717682639	0.075	0.078	1	SMYD2	c5
0.0175432947446112	0.234573292766761	0.031	0.024	1	MYL5	c5
0.399604664364649	-0.23453235281101	0.454	0.423	1	SMCHD1	c5
0.946024310641704	-0.234467508493205	0.014	0.014	1	SLC10A7	c5
0.853545342598192	-0.234305259866489	0.019	0.019	1	NBPF3	c5
0.395283737862043	-0.234222332721441	0.044	0.041	1	ZADH2	c5
0.983484258971492	-0.234175806424597	0.033	0.033	1	ZNF623	c5
0.051145779766653	-0.234007480138173	0.178	0.16	1	ARHGEF7	c5
0.778053798287313	-0.233965095167251	0.162	0.156	1	INTS10	c5
0.00568034546619928	-0.2339376170418	0.47	0.464	1	MED10	c5
0.331103938113239	-0.233929515406392	0.054	0.058	1	AUTS2	c5
0.293321050597422	-0.233764140508375	0.218	0.219	1	PLIN2	c5
0.672417887925518	-0.233726587233106	0.011	0.01	1	ABCD1	c5
0.386057520285326	-0.233647610805851	0.025	0.023	1	SNX25	c5
0.98034517185679	-0.233576730579787	0.038	0.037	1	BOLA1	c5
0.930771128140105	-0.233290812444491	0.024	0.023	1	ETAA1	c5
2.3313658836161e-26	-0.233286717352653	0.895	0.861	7.81893490047167e-22	ARPC2	c5
0.245904420696811	-0.233127397516259	0.184	0.17	1	NUTM2A-AS1	c5
0.229689338990473	-0.232847057476809	0.078	0.071	1	PCYT1A	c5
0.259702139978657	-0.232735266513823	0.352	0.345	1	BIRC2	c5
0.0888045361532216	-0.23267900239565	0.059	0.051	1	RUFY2	c5
0.151770223789801	0.232592056717697	0.033	0.028	1	NDUFA7	c5
0.406340317947775	-0.232566931587227	0.016	0.018	1	FUCA2	c5
2.02306406593535e-06	0.232479076355992	0.053	0.036	0.0678495226433398	SYNGAP1	c5
0.267368164393253	-0.232371546330726	0.068	0.073	1	VRK1	c5
0.000886471154388191	-0.232259300717817	0.085	0.068	1	CCDC84	c5
0.528021091684104	-0.232167832515744	0.035	0.033	1	ZNF646	c5
0.084174923889237	-0.232138006869125	0.164	0.147	1	MED17	c5
0.570026903937618	-0.231985332255126	0.011	0.012	1	TP73	c5
1.44106242527358e-05	0.231727909670318	0.089	0.067	0.483303516188253	C12orf45	c5
0.0944234721005806	-0.231615514769618	0.071	0.062	1	DNAJC13	c5
0.0178943507759369	0.231552237631883	0.027	0.021	1	TMEM251	c5
0.30705904534653	-0.23147703319103	0.046	0.042	1	RAD54L2	c5
0.117286817699941	-0.231403572753689	0.042	0.036	1	DNAJB4	c5
0.00323873578326444	0.231203180036756	0.034	0.025	1	CRYL1	c5
0.000376785857320451	0.231117377139944	0.031	0.021	1	FP565260.1	c5
0.474208040130301	-0.231109003549878	0.168	0.169	1	RGS19	c5
0.535885854884192	-0.230961930142204	0.211	0.198	1	C1orf52	c5
0.216787136240207	-0.230909207190072	0.541	0.492	1	RNF19A	c5
0.10454372410345	-0.230833792615455	0.077	0.068	1	ATP13A3	c5
3.23220488161079e-05	0.230822671483178	0.097	0.076	1	THOP1	c5
0.256825495629432	-0.230703691982296	0.13	0.121	1	SDR39U1	c5
0.0677246258899465	-0.230701711028124	0.068	0.058	1	CSKMT	c5
0.762217895172838	-0.23059846540959	0.053	0.052	1	DBR1	c5
0.137077153967614	-0.230542239732475	0.063	0.056	1	CEP250	c5
0.927794046002751	-0.230523456160069	0.082	0.08	1	ZSWIM7	c5
0.351249685624515	-0.230210665441397	0.047	0.051	1	RWDD3	c5
0.237467682991577	-0.230070329868655	0.123	0.114	1	XPO6	c5
0.764510528663545	-0.23000564462719	0.189	0.186	1	MCMBP	c5
0.256293086897413	-0.22987199423729	0.054	0.049	1	TMEM131	c5
0.256604436490948	-0.229870569554014	0.033	0.029	1	ANKRD42	c5
0.000405862410427154	0.229830552983111	0.086	0.069	1	FLYWCH2	c5
0.589881381664825	-0.229815732740883	0.113	0.115	1	ZC3H8	c5
0.472425216613997	-0.229724233169252	0.122	0.116	1	INO80	c5
4.32950721615689e-06	0.229710158406537	0.054	0.037	0.14520301301547	TAF6L	c5
0.838426055286028	-0.229602993942303	0.022	0.021	1	ZNF691	c5
0.346316165140492	-0.22957631469502	0.098	0.091	1	MIGA1	c5
0.000311610759324239	0.229480576467666	0.084	0.067	1	TGFBR3	c5
0.576949212101328	-0.229465359867507	0.25	0.236	1	NCOA7	c5
0.249988922899582	-0.229352987482081	0.028	0.025	1	LLGL2	c5
0.943264077965951	-0.229170203753857	0.073	0.072	1	HDHD5	c5
0.816629001835501	-0.229133813457098	0.285	0.27	1	RILPL2	c5
2.41091273033415e-06	0.229091692062095	0.101	0.076	0.0808571911499468	ILVBL	c5
0.922222828352141	-0.229069284450781	0.024	0.024	1	ARL10	c5
0.000412002694695295	0.228797680045822	0.029	0.02	1	YOD1	c5
0.965908258704315	-0.22873906172327	0.044	0.044	1	AC093323.1	c5
1.61920529616001e-06	0.228735675427028	0.089	0.065	0.0543049072226143	LEPROT	c5
0.621145972811103	-0.228733348309024	0.024	0.023	1	COX18	c5
0.000255638991570897	0.228728241024759	0.051	0.037	1	CASP9	c5
0.000113327009229972	0.228721673868829	0.073	0.056	1	MICAL2	c5
3.55262335820869e-05	0.228664856330854	0.104	0.082	1	RRAS2	c5
0.877289632651849	-0.22858944033478	0.109	0.108	1	ACTL6A	c5
0.00150045680114028	-0.228320975547053	0.063	0.049	1	CLCN7	c5
0.354443118502687	-0.228258357888657	0.135	0.126	1	CGAS	c5
0.315849310675004	-0.228209185512402	0.103	0.096	1	DENND2D	c5
0.568610261595297	-0.228032380050219	0.062	0.059	1	HSPA14.1	c5
0.019741979951867	-0.228003444111015	0.059	0.049	1	HMBOX1	c5
0.0343434001667272	-0.22782560357274	0.08	0.069	1	AGTPBP1	c5
0.00212726327100501	-0.227616959875763	0.232	0.202	1	BIRC6	c5
0.0120933399629806	0.227542969231882	0.022	0.016	1	ZNF182	c5
0.982276249359502	-0.227494317260289	0.197	0.192	1	CCM2	c5
0.492095259840358	-0.227399072479061	0.038	0.035	1	SH2D3C	c5
0.242060162656283	-0.227366672443266	0.123	0.113	1	MCPH1	c5
0.565070216778908	-0.22730329838786	0.047	0.045	1	ALKBH1	c5
0.198847699867382	-0.227246384657998	0.154	0.161	1	POLR3GL	c5
0.362735457587245	-0.22708620128321	0.046	0.043	1	VPS50	c5
0.0348867455202269	-0.226952013910425	0.135	0.119	1	AGO3	c5
0.896371353757392	-0.22687362149858	0.145	0.141	1	DNAJB2	c5
0.315816465984102	-0.226783521668551	0.034	0.031	1	DIS3L	c5
0.0165050565168884	0.226721540711869	0.027	0.021	1	PACRGL	c5
0.549153584049048	-0.226275999034599	0.035	0.033	1	TUBGCP5	c5
0.624845245737624	-0.226111052199615	0.111	0.106	1	KCMF1	c5
0.00111581519469657	0.225893527699641	0.059	0.046	1	RPE	c5
0.0653475540242898	-0.225753170751718	0.189	0.171	1	MED13	c5
0.95522940301793	-0.225569605639151	0.033	0.033	1	ANKRD26	c5
0.632344765761293	-0.225351673637273	0.111	0.106	1	RTL8A	c5
0.486807095372524	-0.225193537471855	0.077	0.08	1	RAP2B	c5
0.0161057719526942	0.225175145664224	0.018	0.013	1	CDC14B	c5
0.995876631876351	-0.225148890559595	0.067	0.067	1	CHD1L	c5
0.590486538490011	-0.225128083249516	0.053	0.055	1	PLGRKT	c5
0.456407176249918	-0.225088011090853	0.066	0.062	1	GRAMD1B	c5
0.810446757035454	-0.224937342712299	0.014	0.014	1	CCDC74A	c5
0.495767561825582	-0.224864406556437	0.022	0.02	1	ZNF641	c5
0.0585870315026719	-0.224740453464673	0.057	0.048	1	INPP5E	c5
0.732771820006618	-0.224739884107424	0.257	0.243	1	UBAP1	c5
0.00107358288342643	0.224731920776686	0.04	0.029	1	ANXA4	c5
0.657100275603833	-0.224435283105748	0.071	0.068	1	TCF12	c5
0.396083293700176	-0.224376379145295	0.071	0.066	1	SLFN11	c5
4.40391347811604e-05	-0.224133911814684	0.317	0.267	1	RALGAPA1	c5
0.361601667398594	-0.2240191767602	0.386	0.369	1	ATF4	c5
0.46227699142186	-0.223829348143497	0.011	0.012	1	AL355001.2	c5
0.0091257129429824	-0.223784124578842	0.069	0.057	1	VPS13B	c5
0.75769769540676	-0.223732518448473	0.03	0.029	1	PDCD4-AS1	c5
0.751182183264318	-0.223544554806632	0.042	0.043	1	MAPK13	c5
0.0104984529529696	0.223319549214294	0.042	0.033	1	FAIM	c5
0.36525136320646	-0.223306590891029	0.109	0.102	1	ADAM17	c5
0.741034450537416	-0.223291558396972	0.056	0.054	1	MVK	c5
0.0145860400756596	-0.223204570196364	0.033	0.025	1	RALGPS1	c5
0.193633815431445	-0.223190780384583	0.072	0.065	1	MAP3K3	c5
2.85647889578892e-06	0.223176210630408	0.029	0.017	0.0958005892069687	DCUN1D2	c5
0.381207622966551	-0.222903765204802	0.368	0.356	1	FAM49B	c5
0.850089100991082	-0.222894731638306	0.022	0.021	1	CFAP45	c5
0.913749571215945	-0.222812123463027	0.059	0.059	1	NAB2	c5
0.992995326142685	-0.222803846288888	0.022	0.022	1	SLC22A18	c5
0.396098152418706	-0.222770055121337	0.136	0.14	1	DGCR6L	c5
0.531229130208505	-0.222710126284694	0.093	0.088	1	NDUFB8	c5
0.0882453415445901	-0.222690275247567	0.333	0.299	1	CWC25	c5
2.97356129511627e-05	0.222579143132489	0.065	0.048	0.997272987156095	TERF2	c5
0.000184470641628211	-0.222527987001825	0.63	0.599	1	RAC2	c5
0.711448943441142	-0.222393746644752	0.055	0.057	1	NQO2	c5
0.127537774443916	-0.222217122179516	0.218	0.2	1	IRF4	c5
0.235020101304475	-0.222167387384748	0.377	0.366	1	HNRNPL	c5
0.940747737948862	-0.222116314537527	0.016	0.016	1	EAF2	c5
0.17743790933635	-0.222108788539743	0.069	0.062	1	TRIM52	c5
0.72813239636091	-0.222089997406299	0.02	0.019	1	TECPR2	c5
0.644163024972898	-0.222082885751066	0.085	0.082	1	CEP89	c5
0.519685197222376	-0.222066665239692	0.087	0.089	1	PAK1IP1	c5
0.276355157004058	-0.222039273679024	0.072	0.066	1	ZNF598	c5
0.506366374652125	-0.221725987234072	0.061	0.058	1	WDR35	c5
0.228343677733535	-0.221683172778054	0.081	0.074	1	BTBD7	c5
0.000679280040602187	0.221625716545709	0.049	0.036	1	SGPP1	c5
0.801184048147827	-0.221492271834567	0.045	0.044	1	SGK3	c5
4.3799959627054e-05	0.221482978803663	0.069	0.051	1	IRF2BP1	c5
0.220782663828183	-0.22141641314258	0.327	0.32	1	SMDT1	c5
0.557558284907332	-0.221389623818047	0.297	0.288	1	SNRPA1	c5
0.012709006946855	-0.221356042722693	0.09	0.076	1	FCHSD1	c5
0.285012420613822	-0.221355474166957	0.114	0.12	1	PPIH	c5
0.919075825907623	-0.221300258011917	0.117	0.115	1	AGGF1	c5
0.0158281617171114	-0.221295909342856	0.148	0.129	1	RALGAPB	c5
0.00674266203905944	0.221160481088514	0.055	0.045	1	G6PC3	c5
0.999698427738045	-0.221106854465179	0.165	0.16	1	CKAP2	c5
0.144597145448224	0.221007023960327	0.019	0.015	1	FAM117B	c5
0.114993225279282	-0.220888258858568	0.127	0.115	1	KLHL36	c5
0.642670392027735	-0.220791137043549	0.02	0.019	1	LINC00954	c5
0.20172007131717	-0.220768744679061	0.132	0.122	1	TCOF1	c5
0.393972016656026	-0.220735080588824	0.239	0.239	1	PTPN2	c5
0.000994700575808252	0.220704249127242	0.041	0.03	1	UNC119B	c5
0.23583688393321	-0.220684958336755	0.101	0.093	1	G2E3	c5
0.904216740122605	-0.220660220695895	0.02	0.02	1	ZNF624	c5
0.00121126498957676	0.220631001326348	0.02	0.013	1	PLEKHM3	c5
0.0559427881065707	-0.22061704224337	0.052	0.044	1	GPR89B	c5
0.972671458205453	-0.22030535738897	0.07	0.069	1	FAM200B	c5
0.0161424987024633	0.220291670672665	0.02	0.014	1	ZNF225	c5
0.000107269739848603	0.22006043866442	0.102	0.081	1	TEN1	c5
0.0931106296071522	-0.220015158097758	0.084	0.075	1	WDFY2	c5
0.00318432195026515	0.219972701282501	0.039	0.029	1	GRAMD2B	c5
0.431306354368628	-0.219916091126597	0.031	0.028	1	POMGNT1	c5
0.0506236593589358	-0.219902686260965	0.187	0.167	1	POGZ	c5
0.0403191282301708	-0.219841694037785	0.132	0.116	1	BTN3A1	c5
0.417445459715095	-0.219813801411614	0.094	0.098	1	DUSP23	c5
0.86816073959081	-0.21981040837257	0.084	0.082	1	MED6	c5
0.0255424665258779	0.219722154519958	0.013	0.009	1	AC092329.3	c5
0.290953856332304	-0.219573571226674	0.055	0.05	1	GOSR2	c5
0.00501139538400042	-0.21952864859939	0.035	0.026	1	ERC1	c5
0.900283532110241	-0.219526462521772	0.013	0.013	1	PLEKHB1	c5
0.00536635364178803	-0.219366406755317	0.64	0.61	1	EIF4A2	c5
0.0745854871653467	-0.21934723687489	0.136	0.122	1	AP3B1	c5
0.509280586321147	-0.21931719829415	0.054	0.051	1	DNAJC11	c5
0.260212432753545	0.21927472341795	0.01	0.008	1	ZNF35	c5
2.47249034561426e-06	0.219254828656313	0.148	0.117	0.0829223812112111	MXRA7	c5
0.237090185560215	-0.21925210593784	0.052	0.047	1	DROSHA	c5
0.0117139067615437	0.21915048377161	0.023	0.017	1	ATRN	c5
0.896300689940036	-0.219146246459288	0.026	0.026	1	ARHGAP10	c5
0.785516554339852	-0.218992823951947	0.025	0.026	1	RABL3	c5
0.00326674212930568	0.218990007453612	0.043	0.033	1	SNN	c5
0.204621069530199	-0.218868419249764	0.088	0.08	1	MKNK1	c5
0.353544079967743	-0.218754090987108	0.023	0.026	1	ST7L	c5
0.0217530550382102	0.218682331366638	0.019	0.014	1	GTF2H4	c5
0.720700450821353	-0.218658546047632	0.067	0.065	1	EXOC6	c5
0.607587844232069	-0.218586509454922	0.04	0.038	1	CCDC184	c5
0.124507867316805	-0.218324012830004	0.481	0.432	1	ILF3	c5
0.429049302085103	-0.218314969156676	0.045	0.042	1	FMNL3	c5
0.00162527715252794	0.218151214455762	0.057	0.044	1	ZNF669	c5
0.111240562567603	-0.217908176067772	0.084	0.075	1	FAM91A1	c5
0.887181552123313	-0.21789289655632	0.082	0.083	1	CENPM	c5
0.0216948583892247	-0.217779755652541	0.103	0.089	1	ZNF431	c5
8.53642755485904e-06	0.217774701929613	0.098	0.075	0.286294707334863	RAVER1	c5
0.414125949181273	-0.217731056702101	0.08	0.075	1	NUDCD3	c5
5.89042537122686e-05	0.217510087208611	0.108	0.086	1	GNG10	c5
1.3664742946234e-05	0.217356606723336	0.088	0.066	0.458288148930795	GBA	c5
0.747141586665718	-0.217300240137506	0.2	0.191	1	ARL4A	c5
0.482667555517744	-0.217253758674831	0.064	0.06	1	NRF1	c5
0.644120009908792	-0.217234111371297	0.047	0.048	1	CCDC86	c5
0.0159094175171999	-0.217190628294599	0.248	0.221	1	NFAT5	c5
0.616094541801542	-0.217067014438604	0.142	0.136	1	GART	c5
2.61120239143929e-14	-0.217024285959087	0.94	0.902	8.7574505804091e-10	CD44	c5
0.881045106634458	-0.217008593451747	0.082	0.081	1	SLC36A4	c5
0.107929924100883	-0.216924714330533	0.127	0.115	1	IARS	c5
0.49332915221999	-0.216860273686508	0.057	0.054	1	PURB	c5
0.00449491971062987	-0.216751272966381	0.13	0.111	1	NLRP1	c5
6.10638321876742e-06	0.216695843988682	0.096	0.073	0.204795880391022	ZDHHC16	c5
0.662451045977594	-0.216656658948176	0.015	0.016	1	SPATC1L	c5
0.894165926814405	-0.216540920447486	0.026	0.026	1	RECK	c5
0.250235898721689	-0.216442926179114	0.147	0.136	1	KDM3A	c5
0.205289680800012	-0.216423485174004	0.368	0.358	1	AAED1	c5
0.562864894657807	-0.216169555219186	0.238	0.235	1	CSK	c5
0.132701076067294	-0.216033854773513	0.161	0.17	1	DUSP12	c5
0.627533072675996	-0.216003335688194	0.014	0.013	1	AC004922.1	c5
0.00011743677259451	0.21597993716123	0.062	0.046	1	TMEM68	c5
0.0101819363916805	-0.215942916263859	0.082	0.069	1	KANSL3	c5
0.682091647551132	-0.215917625286372	0.047	0.045	1	SLC20A2	c5
0.167951148658191	-0.215910936897854	0.044	0.039	1	HACE1	c5
0.892349954599949	-0.215833854136589	0.25	0.242	1	C12orf75	c5
0.426476795344384	-0.215678041297882	0.042	0.039	1	BCAS3	c5
0.159636083229429	-0.215668737466966	0.136	0.124	1	GLYR1	c5
0.606199247221855	-0.21546259524177	0.047	0.049	1	RCBTB1	c5
0.0111480973508396	0.21514816619878	0.013	0.008	1	AC005037.1	c5
0.00152278723525996	0.214814514197029	0.028	0.02	1	EXTL3	c5
0.000991796070015925	0.214765623142809	0.026	0.017	1	CCDC120	c5
0.813423853295988	-0.214669717589259	0.053	0.053	1	PMS2	c5
0.825655089378768	-0.214589098879859	0.205	0.197	1	MED19	c5
0.793744005456059	-0.214526127641964	0.057	0.058	1	BABAM2	c5
0.614121280528196	-0.214310583748953	0.026	0.025	1	NEMP2	c5
0.596017757784249	-0.214122934367185	0.038	0.039	1	C2orf74	c5
0.323421540229794	0.214069527068762	0.01	0.008	1	LIPT2	c5
0.246025774960358	-0.214063260263173	0.076	0.069	1	PLOD3	c5
0.942664874442279	-0.213984827381452	0.015	0.015	1	VPS37C	c5
0.0778363811870963	-0.213960274844351	0.531	0.506	1	CD53	c5
0.170294456005556	-0.213927758264688	0.069	0.062	1	MXD1	c5
0.562608955966285	-0.21390714714045	0.028	0.026	1	ZDHHC2	c5
0.0904105820493697	0.213899670294806	0.019	0.015	1	TRAV5	c5
0.775733181308373	-0.213879418893173	0.155	0.15	1	KIFAP3	c5
0.0435161195238156	-0.213778642259116	0.139	0.123	1	SCAF8	c5
0.365478300434266	-0.213673930178898	0.055	0.051	1	ATL2	c5
0.00800806143154189	0.213625330873497	0.036	0.028	1	POLR3B	c5
0.746397295388264	-0.21346345009697	0.125	0.121	1	FEZ2	c5
3.63320088227595e-06	0.213304615149051	0.125	0.098	0.121850291189771	TRUB2	c5
0.092319028808035	-0.213294760212672	0.114	0.102	1	MBNL2	c5
0.879676087746974	-0.213288261070132	0.138	0.136	1	C1GALT1	c5
0.000170905267827951	0.213209651451315	0.048	0.035	1	ZNF496	c5
0.315015840973409	-0.212975946200846	0.072	0.066	1	USP21	c5
8.00222467721253e-07	-0.212737042221101	0.554	0.476	0.0268378611224354	HSPH1	c5
0.103929668136588	0.212727977576415	0.019	0.015	1	FDXR	c5
0.00954045994587395	-0.212683930186211	0.145	0.125	1	TTC14	c5
0.597062901083977	-0.212630509586589	0.021	0.02	1	SHLD3	c5
0.0145949576054985	-0.212512585949017	0.422	0.415	1	SNX3	c5
0.000572248466030019	0.212381495092809	0.063	0.049	1	CARD8-AS1	c5
0.803635847595519	-0.212381464938375	0.034	0.033	1	TDRD3	c5
0.245529508617506	-0.212339933391727	0.45	0.408	1	SPSB3	c5
0.00292492476020076	0.212280755883155	0.025	0.018	1	FAM234A	c5
0.818565722017705	-0.212208932852902	0.035	0.036	1	PGAM5	c5
0.50661518255485	-0.212116840829244	0.012	0.011	1	GRAP	c5
0.963871606573119	-0.212114506236772	0.1	0.099	1	IQCB1	c5
0.231336135441425	-0.212085211615661	0.021	0.018	1	ARMCX5	c5
0.346569076503421	-0.212018437666084	0.155	0.145	1	MFSD11	c5
0.706497202207985	-0.211998886243911	0.2	0.198	1	COX19	c5
0.660291373257776	-0.211955476866556	0.041	0.039	1	CUL4B	c5
0.217795589896201	-0.211891967831001	0.161	0.148	1	ERAP2	c5
0.000117380555764747	0.211885051107087	0.082	0.064	1	ZNF689	c5
0.00943433186113585	0.211853688998552	0.038	0.03	1	ZNF880	c5
0.3127917724371	-0.211743181216312	0.106	0.099	1	CNOT10	c5
0.512123297371838	-0.211690261133977	0.198	0.186	1	IFNAR1	c5
0.49995150921901	-0.211568951915888	0.019	0.017	1	WDR19	c5
7.08947902755716e-06	0.2115507196114	0.134	0.106	0.237766947626212	CGRRF1	c5
0.261644948079439	-0.211478357500085	0.078	0.072	1	TFEB	c5
0.00653635968704606	0.211462637821183	0.112	0.097	1	HPCAL1	c5
0.434812154741882	-0.211394138806945	0.174	0.163	1	SLC25A24	c5
0.493789637720511	-0.211333761508911	0.302	0.282	1	RIOK3	c5
0.227993658521304	-0.211322510126094	0.043	0.038	1	ZNF562	c5
0.0407980084171755	0.211048574505028	0.015	0.011	1	BX890604.1	c5
0.0486388209753225	-0.210884595949818	0.267	0.24	1	CAND1	c5
0.0947256971782328	-0.210588735731956	0.025	0.021	1	SPPL2B	c5
0.000150835825487102	0.210561617820081	0.071	0.054	1	FAM98B	c5
0.0465056429716456	-0.210527898711415	0.07	0.06	1	MARCH9	c5
0.322667337301631	-0.210491615533787	0.028	0.025	1	SLC36A1	c5
0.589309274880916	-0.210454037014145	0.01	0.009	1	HOXC4	c5
0.808810895099587	-0.210341159234431	0.348	0.324	1	PRNP	c5
0.739510578740546	-0.210329130145177	0.04	0.039	1	GMPPA	c5
0.249856359370485	-0.210312842270266	0.552	0.514	1	NDFIP1	c5
0.211634013599402	-0.210288678901141	0.089	0.081	1	PLEKHA1	c5
0.0974056294239891	-0.210133158483234	0.086	0.076	1	TRMU	c5
0.265183245216583	-0.210068665270483	0.507	0.479	1	YARS	c5
0.208119869846863	-0.209691747858465	0.097	0.089	1	SLC44A2	c5
0.000138896925506896	0.209554231160724	0.08	0.062	1	KIF23	c5
0.305969059495771	-0.209550595554951	0.085	0.079	1	BMT2	c5
0.777231064470738	-0.209460741690514	0.031	0.032	1	CNIH2	c5
0.618259484867308	-0.209228770557147	0.019	0.017	1	AC234582.1	c5
0.959979029490675	-0.209134511044759	0.21	0.203	1	BLOC1S1	c5
0.993497745375397	-0.20907395413224	0.42	0.398	1	KIAA1551	c5
0.0544320849043924	-0.208997234833936	0.143	0.128	1	RASGEF1B	c5
0.661376249144942	-0.208960157385341	0.032	0.031	1	XPNPEP3	c5
0.120196459075989	0.208958609102408	0.017	0.014	1	AC009948.1	c5
0.00182643013001847	0.208893312790097	0.042	0.032	1	ABHD15	c5
0.0670226716122571	0.208892694623044	0.03	0.024	1	MPP6	c5
6.26658344876592e-05	0.20887119580045	0.022	0.013	1	PXYLP1	c5
0.0027268761196329	-0.208825083459188	0.258	0.224	1	CDK11A	c5
0.28406934168525	-0.208679442077211	0.214	0.198	1	ST8SIA4	c5
0.404906847954411	-0.208630705479155	0.022	0.019	1	KRBA1	c5
0.00037623291115348	0.208488022933242	0.065	0.05	1	KTI12	c5
0.23079832623902	-0.208013737242694	0.339	0.309	1	ZFAND5	c5
0.305411940694382	0.208001521610212	0.014	0.012	1	TRAV26-1	c5
8.47780727972361e-05	0.20786467058397	0.042	0.029	1	ZNF649	c5
0.276050980074184	-0.207802583507142	0.046	0.042	1	WASL	c5
0.103051166399924	-0.207593206987504	0.02	0.025	1	GGH	c5
0.0205823537943975	0.207592801484157	0.05	0.041	1	MINPP1	c5
0.0495412339472743	-0.207509610133806	0.184	0.164	1	METTL17	c5
0.514885029519051	-0.207460337224762	0.167	0.157	1	UTP23	c5
0.977852801346979	-0.207449830417524	0.093	0.092	1	KCTD9	c5
0.538646946820046	-0.207388762852437	0.071	0.067	1	R3HDM2	c5
0.509693953871664	-0.20727526005325	0.063	0.065	1	EIF5A2	c5
0.00756804073388348	-0.207264156780038	0.352	0.312	1	FAM118A	c5
0.288015853665894	-0.207163708840418	0.032	0.028	1	GMDS-DT	c5
0.000884463708458547	0.207012279440508	0.051	0.039	1	DDX28	c5
0.6111300747121	-0.206874255328959	0.072	0.069	1	SLC2A4RG	c5
0.769246787675817	-0.206866793889465	0.056	0.057	1	TMBIM4	c5
0.169415182981747	-0.20681419376373	0.16	0.147	1	WDR26	c5
0.000558151916886704	0.206776436156285	0.051	0.038	1	ZNF230	c5
0.000164734541896378	0.206693476649283	0.098	0.078	1	SLC25A19	c5
0.692468099109621	-0.206542563130404	0.037	0.039	1	FKBPL	c5
0.918783411476435	-0.206518535626236	0.015	0.015	1	WDCP	c5
0.337784171067612	-0.206506465924456	0.009	0.011	1	THAP7-AS1	c5
0.874860600287195	-0.206493593429691	0.174	0.168	1	DESI2	c5
0.412195543218911	-0.206418773794187	0.038	0.035	1	MLLT1	c5
0.0941063890162684	-0.206400497412726	0.492	0.472	1	PTP4A2	c5
0.152848056467906	0.206345783157469	0.014	0.011	1	LRRC75A	c5
2.92587029468973e-05	0.206281220416763	0.067	0.049	0.981278379433042	TADA1	c5
0.307862018069813	-0.206225574145074	0.041	0.037	1	GNE	c5
0.592889905082812	-0.206224168433436	0.024	0.022	1	CCNYL1	c5
0.000393837039093847	0.206127174690717	0.059	0.045	1	ZNF180	c5
1.8448830125353e-06	0.206087419892643	0.093	0.069	0.061873686474409	UBFD1	c5
7.87410300364215e-05	0.206056581433523	0.104	0.082	1	IFT22	c5
0.137378134937219	-0.206001320856976	0.082	0.074	1	RSRC1	c5
0.000132154629974596	0.205861698932246	0.042	0.029	1	SORD	c5
0.479741459966069	-0.205846067533311	0.128	0.121	1	URI1	c5
0.000591224966392941	0.205832322538734	0.068	0.053	1	DNAJC14	c5
0.000787729609732312	0.205744186415232	0.072	0.057	1	MRPL35	c5
0.84079898948008	-0.205658943562646	0.067	0.067	1	ING1	c5
0.0940518770258794	-0.205526287285362	0.119	0.107	1	PIP5K1A	c5
0.088782023724587	-0.205519769798413	0.089	0.079	1	GCN1	c5
0.0624370447890304	-0.205344720833371	0.104	0.092	1	FAM76B	c5
0.00073934631848195	-0.205328903630995	0.664	0.624	1	YWHAQ	c5
0.982352928692519	-0.205080887782309	0.236	0.227	1	NDUFS2	c5
0.3990797387396	-0.205017430117133	0.098	0.092	1	ADAM8	c5
0.208818457975228	-0.204984011316812	0.292	0.29	1	ATG3	c5
0.201378036975431	-0.204934802827217	0.146	0.134	1	CERK	c5
0.125822466031806	-0.204799173835281	0.111	0.1	1	ATXN7L3B	c5
0.252381124780407	-0.204739295536733	0.042	0.038	1	C2CD5	c5
0.00405953147018094	-0.204676651712827	0.691	0.662	1	GNAS	c5
0.808608574464605	-0.204641482290729	0.013	0.012	1	TMEM268	c5
0.425436001640579	-0.204447912809372	0.036	0.033	1	TRAV17	c5
0.842784693753235	-0.204257514924335	0.015	0.015	1	AC078883.1	c5
0.000245577775958629	0.204220618706545	0.033	0.022	1	ZNF513	c5
0.493309514411929	-0.203791809397087	0.059	0.062	1	TFB2M	c5
0.959224431927665	-0.203786001676109	0.045	0.045	1	TWSG1	c5
0.86511662251156	-0.203727344936934	0.11	0.109	1	ISCA2	c5
0.0351735941199479	-0.203721975353733	0.017	0.012	1	SNHG22	c5
1.0459270304254e-05	0.203665186282247	0.059	0.042	0.350783007464072	TCF3	c5
0.00208108992069735	0.203663125507154	0.022	0.015	1	BBS1	c5
0.77433938568059	-0.203638822307636	0.151	0.15	1	ATL3	c5
0.172211161546815	-0.203570845325213	0.072	0.065	1	ARFGEF2	c5
0.14327312671729	-0.203541308550519	0.112	0.101	1	ZBTB44	c5
4.60609049880135e-06	-0.203487082229137	0.286	0.239	0.1544790631488	RBM5	c5
0.111266836269631	-0.203452472607643	0.103	0.093	1	PTAR1	c5
0.196114603348085	0.203426994409263	0.014	0.017	1	SMIM3	c5
0.0716226819882948	-0.203290061535552	0.349	0.314	1	SLC38A2	c5
0.879955523573365	-0.203211811652514	0.556	0.507	1	RSRC2	c5
0.818754563288985	-0.20311984681473	0.055	0.053	1	RAB33B	c5
0.788040400065588	-0.203116106946797	0.014	0.014	1	MRPL12	c5
0.247560245579342	-0.203115566943198	0.052	0.047	1	TRIM41	c5
2.99422313721047e-05	-0.203000998691016	0.217	0.179	1	RBM6	c5
6.74247771945586e-22	-0.2029022300807	0.996	0.944	2.26129217755111e-17	TMSB10	c5
0.465179658712918	-0.202846342748448	0.191	0.191	1	POLE4	c5
0.108804636094516	0.202674999177499	0.012	0.009	1	AC073254.1	c5
0.00068397473919974	0.202642761195369	0.05	0.037	1	ZNF17	c5
0.451570310370502	-0.20261419316382	0.094	0.088	1	SAMD8	c5
0.91291644629454	-0.202572774546647	0.026	0.026	1	EID2B	c5
0.732118423282596	-0.202532776654198	0.013	0.012	1	NEK8	c5
0.699605688987454	-0.202455767552615	0.029	0.028	1	TAPT1	c5
0.239434742234394	-0.202213288519776	0.204	0.189	1	ZNF430	c5
0.828644316412442	-0.202166214425152	0.045	0.044	1	FRA10AC1	c5
2.55028414389844e-05	0.202111454112323	0.044	0.03	0.855314296180659	ENPP4	c5
0.0773903604050749	0.202092349392696	0.011	0.008	1	AC021092.1	c5
0.397018988378	-0.201818736580754	0.039	0.035	1	TCEA2	c5
0.857958335597097	-0.201570655168148	0.02	0.019	1	ERCC8	c5
2.74327221763951e-06	0.201556987857305	0.079	0.058	0.0920038636351939	ZNF383	c5
9.80829086333946e-05	-0.201438387892016	0.235	0.196	1	PER1	c5
0.139739368971874	-0.20136523441025	0.147	0.134	1	MKL1	c5
1.85904948529076e-06	0.201266719153338	0.15	0.119	0.0623488016376816	LACTB	c5
0.0536798436055611	-0.201243722833449	0.021	0.016	1	MCF2L2	c5
2.06624210128822e-05	0.20113397424546	0.086	0.066	0.692976275930043	EIPR1	c5
0.338092492578113	-0.201025953424345	0.014	0.012	1	MAP3K12	c5
0.000660351784678308	0.201025309784703	0.054	0.041	1	RAD18	c5
0.674840181972667	-0.200952286044993	0.012	0.011	1	AC019163.1	c5
0.920292219551176	-0.20093966768079	0.014	0.014	1	DFFB	c5
0.110134030641652	-0.200849929866836	0.044	0.038	1	RFX7	c5
0.0966704218367975	-0.200772651955019	0.15	0.136	1	TTC7A	c5
0.31979902952499	-0.200584775454332	0.065	0.07	1	SMIM20	c5
0.157106717811549	-0.200534621638733	0.026	0.022	1	SLC25A28	c5
0.980714306436594	-0.200388528184802	0.236	0.228	1	PPIL4	c5
0.665742111624949	-0.200162131453195	0.246	0.233	1	SKIL	c5
0.00141633397262534	-0.200129514637467	0.304	0.264	1	ATXN1	c5
0.919744240467379	-0.200011416896472	0.023	0.022	1	PCBD2	c5
0.659550701711276	-0.199978057720213	0.018	0.017	1	CCSAP	c5
0.002118320697685	0.19988394183224	0.027	0.019	1	STIMATE	c5
1.71446537191996e-06	0.199860925886485	0.133	0.104	0.0574997396434518	RCC1	c5
0.714622175870464	-0.199828058025361	0.185	0.183	1	TEX264	c5
0.41516266192283	0.199814266593328	0.011	0.009	1	CCR1	c5
0.391150060668746	-0.199728973276927	0.344	0.333	1	SNW1	c5
0.708980639604364	-0.199696469704486	0.094	0.091	1	CTSD	c5
0.0419306900435493	-0.19946643201338	0.197	0.178	1	TMC6	c5
0.105218071996301	-0.19922687455113	0.674	0.624	1	FAM177A1	c5
0.178947290489776	-0.199219198505889	0.044	0.05	1	PAICS	c5
0.271586166427803	-0.199113247628255	0.034	0.03	1	CD244	c5
0.05231965493956	0.198996197780074	0.021	0.016	1	FAM86C1	c5
7.23508179163717e-06	-0.198979715960651	0.133	0.104	0.242650173127927	SFI1	c5
0.942997778587491	-0.198908322561906	0.025	0.024	1	CBY1	c5
0.95296150956044	-0.198880338242457	0.122	0.12	1	HUS1	c5
0.536180405167122	-0.198822133385062	0.322	0.3	1	SAFB	c5
0.243072696044709	-0.198612699486729	0.058	0.053	1	CDK8	c5
0.717001924459385	-0.198610121527648	0.137	0.132	1	NTAN1	c5
0.0883663218819209	-0.198568512606215	0.187	0.17	1	STX12	c5
0.245736167396915	-0.198548805913848	0.623	0.59	1	PPP2R5C	c5
0.700758253849234	-0.198435029429817	0.094	0.091	1	WDR75	c5
3.37775433027935e-06	0.198432654625671	0.034	0.021	0.113283124728909	MTURN	c5
0.0732342683602772	-0.198377478660077	0.138	0.124	1	TNPO3	c5
0.425162115964284	-0.198361263453098	0.201	0.188	1	SUPT3H	c5
0.239101602254543	-0.198358311936123	0.128	0.134	1	MRPL11	c5
6.827254156677e-05	0.198346777664531	0.04	0.028	1	BBS4	c5
0.0106471397063079	-0.19830675362221	0.765	0.718	1	KMT2E	c5
0.155600271006158	0.198299373926788	0.01	0.008	1	NPHP1	c5
0.390689519583876	-0.198162833235408	0.222	0.222	1	CHCHD10	c5
0.631805612094767	-0.198108601524015	0.035	0.033	1	TMEM135	c5
0.565307492033654	-0.197906407374927	0.083	0.08	1	CCDC92	c5
0.000966349948660904	-0.197873411194257	0.141	0.118	1	ARID2	c5
0.203447669656112	-0.197809242173695	0.037	0.033	1	TMEM106A	c5
0.147786892155642	-0.197720170481712	0.473	0.453	1	ITGB1	c5
0.0796268444696329	0.19768231041556	0.022	0.018	1	LINC01137	c5
1.76102567942607e-06	0.197572064168816	0.141	0.111	0.0590612792365915	RFXANK	c5
0.340643517624437	-0.197459696783737	0.102	0.096	1	ANKZF1	c5
0.0232031711568148	0.197457060817078	0.015	0.01	1	RENBP	c5
0.133659712063087	-0.197400336473255	0.063	0.056	1	DTNB	c5
0.962845845469114	-0.197392266383134	0.046	0.046	1	ARL2	c5
0.851497048130804	-0.197389038799603	0.059	0.058	1	RNF146	c5
0.0711755865146237	-0.197379739355826	0.168	0.151	1	ODF2	c5
0.260245360090859	-0.197354157696169	0.015	0.012	1	ZNF782	c5
0.148943073541898	-0.197198515065229	0.2	0.183	1	TIPARP	c5
0.930275638002762	-0.19714513070192	0.061	0.06	1	TRAP1	c5
0.0751708685210711	-0.197111537908438	0.59	0.554	1	HCLS1	c5
0.496732001884747	-0.197000098198675	0.033	0.035	1	PIGU	c5
0.672165935013929	-0.196798072400844	0.047	0.045	1	TIMM10B	c5
0.0158864829753407	0.196777370969382	0.027	0.021	1	ALG8	c5
0.598785433648915	-0.196749452068594	0.088	0.084	1	NIT2	c5
0.873096652076817	-0.196738759733381	0.05	0.05	1	COX10	c5
0.0562987241882053	-0.196597673433515	0.039	0.032	1	ZFYVE26	c5
0.853475542643531	-0.196553911159098	0.232	0.222	1	TMEM243	c5
0.327112166922522	-0.196485849299949	0.019	0.016	1	ZNF283	c5
0.158284438876438	-0.196389407139188	0.079	0.072	1	HELLS	c5
0.673672572668427	-0.196292288296168	0.011	0.012	1	URB1-AS1	c5
0.115028220349639	-0.196251000388228	0.128	0.116	1	MTREX	c5
0.820358285686916	-0.196234009534037	0.078	0.079	1	WAC-AS1	c5
0.576587343524974	-0.196027547884793	0.013	0.014	1	AP002748.3	c5
0.472254104293869	0.195806547941483	0.012	0.01	1	BORCS8-MEF2B	c5
0.876607715818384	-0.19569208184342	0.14	0.137	1	RIPK1	c5
0.834380833162552	-0.195663918518334	0.328	0.312	1	RBMX	c5
0.0176483314700028	-0.195619813080927	0.111	0.096	1	MTMR9	c5
0.302697350014528	-0.195569757206409	0.036	0.033	1	AC098484.3	c5
0.000798772856106535	0.195458073021873	0.056	0.042	1	UCK2	c5
0.629507759142845	-0.195455673014999	0.011	0.012	1	KAT14	c5
0.348924914057444	-0.195389496570737	0.009	0.011	1	AVEN	c5
0.516361067418197	-0.195367269735125	0.012	0.013	1	AL512625.3	c5
0.131316653177273	-0.195346015312198	0.15	0.137	1	PI4KB	c5
0.231519338502776	-0.195329886115313	0.538	0.491	1	ARHGEF1	c5
0.30008081231787	-0.195262798592862	0.034	0.03	1	VILL	c5
0.0458703367617413	-0.195205182920312	0.342	0.305	1	UPF2	c5
0.819212715609155	-0.195147666216567	0.023	0.024	1	BAG2	c5
0.0682792965806859	-0.195128553120221	0.093	0.082	1	RNGTT	c5
0.615557048121928	-0.195122240028479	0.489	0.459	1	PAXX	c5
0.0987029295590751	-0.195003974722879	0.068	0.06	1	ATR	c5
8.59687483433464e-05	0.195003044235337	0.064	0.048	1	EOGT	c5
0.000250498319663244	0.194914064206089	0.043	0.031	1	ZNF43	c5
0.688496721610445	-0.194904519512556	0.037	0.039	1	PXMP2	c5
0.210644506654537	-0.194759457161422	0.414	0.398	1	RHEB	c5
0.230459744139724	-0.194714327162859	0.105	0.097	1	TRIM13	c5
0.0165163551411646	-0.194700968296217	0.084	0.071	1	ATG2B	c5
0.493004159766287	-0.194532524208743	0.046	0.043	1	FAM83G	c5
0.000439862655302385	0.194305963712459	0.057	0.043	1	MR1	c5
6.24678770822863e-05	0.194286068600001	0.081	0.062	1	ZNF749	c5
7.94803620616488e-06	-0.194218122083677	0.807	0.769	0.266561238282358	CRIP1	c5
0.616131374512045	-0.194213595675338	0.012	0.011	1	AC022126.1	c5
0.0281093126592018	-0.194198804371712	0.076	0.065	1	TOP3A	c5
0.266390033274582	-0.194189492174464	0.011	0.009	1	XYLT1	c5
0.186843870650055	-0.194136697058156	0.015	0.019	1	TRBV7-6	c5
0.00202482561738681	-0.194127077098548	0.134	0.113	1	KIAA1468	c5
0.069903353051698	-0.19405292174273	0.209	0.189	1	PABPN1	c5
0.888867815005071	-0.193876859462423	0.035	0.034	1	NSUN3	c5
0.00415355524280443	-0.193830079934569	0.091	0.075	1	TSC1	c5
0.0464676571589185	-0.193812526552629	0.208	0.187	1	TRIP12	c5
0.243844301575834	-0.193812371995097	0.049	0.044	1	PGGT1B	c5
0.249531248443269	-0.193784279334935	0.664	0.616	1	CFLAR	c5
0.545409273011483	-0.193772404393149	0.036	0.034	1	TRAV1-2	c5
0.0853061109467104	-0.193748390577418	0.083	0.074	1	PTPN23	c5
0.0151418271799404	-0.193743947788028	0.194	0.171	1	ATP8A1	c5
0.418324572461916	-0.193743541295116	0.112	0.106	1	ABHD3	c5
0.13809145572161	-0.193553136010785	0.153	0.14	1	MAPKAPK5	c5
0.745224465197444	-0.193377247389547	0.012	0.012	1	TMEM91	c5
0.0297634088543302	-0.193366239644069	0.303	0.273	1	CNTRL	c5
1.84339828514692e-05	0.19333178323321	0.044	0.03	0.618238916872574	NOMO2	c5
0.119743878755139	-0.193300336844793	0.138	0.126	1	FAR1	c5
0.376806842912874	-0.193275937519342	0.449	0.42	1	KRT10	c5
0.0958245067688236	-0.193160197743483	0.265	0.241	1	CENPC	c5
0.01901297820737	-0.193051672004613	0.232	0.207	1	CHD8	c5
6.74736050250527e-06	0.193040787157575	0.12	0.094	0.226292976533022	CHAMP1	c5
0.900531517986127	-0.192911884290809	0.195	0.188	1	SOD2	c5
0.427039091152335	-0.192785071888937	0.153	0.156	1	ATP5PO	c5
0.13206547145125	0.192763830154094	0.024	0.02	1	SGO2	c5
0.203455342506786	-0.192713831473661	0.129	0.135	1	PRDX4	c5
0.00170131589164683	-0.192698531604142	0.186	0.159	1	RHOT2	c5
0.00761199207612232	0.192538053395071	0.026	0.019	1	FAM221A	c5
0.0514072233015736	-0.192512309910662	0.049	0.041	1	UBR3	c5
0.215411670714147	0.192402741557045	0.035	0.031	1	PEMT	c5
0.0130551223833373	0.192341865897081	0.016	0.011	1	ZNF154	c5
0.869071899878515	-0.192312651811978	0.012	0.012	1	SLC12A7	c5
0.0941857287036166	-0.192156072847118	0.071	0.063	1	STRN4	c5
0.0633353404129468	0.192002407056568	0.019	0.014	1	DUS2	c5
0.291639061342494	-0.191865723456648	0.335	0.331	1	PPP1CB	c5
0.541778801991842	0.191836209642992	0.011	0.009	1	PLCXD1	c5
0.0728472358529289	0.191817403339237	0.026	0.021	1	NRAV	c5
0.319815578379157	-0.191730741477024	0.231	0.232	1	LSM5	c5
0.829692087327973	-0.191722960376488	0.038	0.037	1	TRIT1	c5
0.0207549654741788	-0.191640006222145	0.113	0.098	1	VPS13A	c5
3.48311881939079e-05	0.19162219917357	0.145	0.118	1	TRIAP1	c5
0.951305513984816	-0.191445501296242	0.227	0.221	1	CDC73	c5
0.00385989527486758	0.191421915878454	0.03	0.022	1	ZNF8	c5
0.997754948640725	-0.191270509254239	0.109	0.107	1	C15orf40	c5
0.577930772403163	-0.19126475282416	0.101	0.096	1	PPRC1	c5
0.9334601889296	-0.191263954250563	0.146	0.144	1	NSRP1	c5
0.518803178635673	-0.191156607328339	0.065	0.062	1	NOTCH2	c5
1.6558338746042e-06	0.19108542303037	0.158	0.126	0.0555333564864756	MKRN2	c5
0.0164113643306945	0.190943881958856	0.03	0.023	1	AC006449.6	c5
0.921824368104446	-0.190912570992129	0.066	0.065	1	SMIM13	c5
8.511233344451e-05	0.190685339739378	0.041	0.028	1	RERE	c5
0.510811035983592	-0.190625859073933	0.158	0.151	1	CREB1	c5
0.320121340095816	-0.190483397081997	0.054	0.05	1	PCGF3	c5
0.31814693130284	-0.190448765134608	0.043	0.039	1	CFL2	c5
0.760025668207401	-0.19024214382295	0.043	0.042	1	RNF214	c5
2.0671959882259e-05	0.190170962981241	0.075	0.056	0.693296190531204	PRMT5	c5
0.678079345286885	-0.190145381419308	0.288	0.272	1	RBM22	c5
0.970779594056647	-0.189949375850401	0.063	0.062	1	NUDT15	c5
0.093060420484198	0.189758325683233	0.022	0.018	1	ZNF197	c5
4.38213932285506e-06	0.189744675003113	0.068	0.049	0.146968188609913	ZNF720	c5
0.503166370042574	-0.189659166430073	0.034	0.031	1	RMRP	c5
0.341313362564147	-0.189562807082925	0.068	0.063	1	ARMH1	c5
0.172236513852941	-0.189553689327614	0.012	0.015	1	SRR	c5
0.051358761349363	-0.189228472653848	0.159	0.142	1	ENO2	c5
0.290001866272807	-0.189213466151648	0.027	0.024	1	PINX1.1	c5
0.159553392565571	-0.189172415888609	0.055	0.049	1	POLR3A	c5
0.466599219377273	-0.189136386701614	0.543	0.51	1	GABARAPL1	c5
0.214209707457287	-0.189063391277738	0.384	0.35	1	BRD4	c5
0.983628490718856	-0.189047618052583	0.027	0.027	1	CLN6	c5
6.88982605285011e-06	0.189007676402458	0.098	0.074	0.231070986160487	ZNF672	c5
0.626241371823967	-0.188956588417215	0.032	0.03	1	DHX35	c5
0.00364421032109273	-0.188833728903714	0.097	0.081	1	ZSWIM8	c5
0.769630100326328	-0.188833067142297	0.046	0.045	1	ACAD9	c5
0.288115195267894	-0.188759802348891	0.185	0.189	1	MRPL15	c5
0.689170333869001	-0.18862753236444	0.01	0.011	1	NANOS3	c5
0.000494358926823633	0.188596421667369	0.063	0.049	1	CDK2	c5
0.362169912387834	-0.188421255845437	0.12	0.112	1	DUS3L	c5
0.275491263479704	-0.188307719596655	0.07	0.064	1	ACTR5	c5
0.260552840158786	-0.188244268815552	0.143	0.134	1	MVB12B	c5
0.777553724882155	-0.188188658326697	0.379	0.354	1	PPP4R2	c5
0.306990199683068	-0.188159575983948	0.069	0.064	1	FEM1C	c5
0.769487969797387	-0.188155517043971	0.756	0.7	1	RBM39	c5
0.838490957500838	-0.188149674557588	0.185	0.181	1	FAM110A	c5
0.0720867525062887	0.188083150249673	0.044	0.038	1	PGAP2	c5
0.843712071983823	-0.188061407665282	0.193	0.186	1	NRBF2	c5
0.834827914579294	-0.187922424399332	0.034	0.033	1	PAXIP1	c5
0.702699102664765	-0.187816630260799	0.161	0.16	1	CDCA4	c5
0.200527654856631	0.187787995453651	0.018	0.015	1	GLIDR	c5
0.158250749585989	-0.187601223408895	0.034	0.029	1	CEP128	c5
0.263791112366391	-0.187585905919464	0.08	0.074	1	PIGG	c5
0.000277775800732791	-0.187467026880775	0.176	0.146	1	AP1G1	c5
0.759694285219778	-0.187402845668447	0.175	0.173	1	MRPS35	c5
0.737803692437335	-0.187175435277636	0.086	0.084	1	QTRT1	c5
0.00132210054413662	0.187062735160812	0.029	0.02	1	IDE	c5
0.408378645784056	-0.187000052462893	0.084	0.079	1	CASP8AP2	c5
0.62268382545875	-0.186825124747774	0.055	0.057	1	AC025159.1	c5
0.000133760584774708	0.186650011717572	0.073	0.056	1	VIPAS39	c5
0.109433050437976	-0.186624762712117	0.023	0.019	1	QSOX2	c5
0.69104186793928	-0.186586488158987	0.061	0.059	1	TRMT2A	c5
0.798591740508694	-0.186445946473991	0.042	0.04	1	MRPL30	c5
0.459558957649554	-0.186371029942769	0.018	0.016	1	TMLHE	c5
0.112652122272213	-0.186323529663994	0.076	0.067	1	PNPT1	c5
0.305947091587215	-0.186304194284527	0.205	0.191	1	LARP7	c5
0.13383088464111	-0.186300436539661	0.085	0.077	1	NBPF15	c5
0.815625891552583	-0.186272932400889	0.05	0.05	1	BNIP1	c5
0.252583954077545	-0.186262975806279	0.047	0.042	1	C11orf54	c5
0.186260056222253	-0.186260417835441	0.154	0.141	1	RASSF7	c5
0.491714600117637	-0.186109655387515	0.171	0.162	1	APBA3	c5
0.00816227901673354	-0.186021156284192	0.771	0.75	1	ZFP36L2	c5
0.0439678649687541	-0.185733759034154	0.154	0.138	1	TRIP11	c5
0.0133731299738671	0.185728754913151	0.019	0.014	1	ACAD11	c5
0.521508558304574	-0.185677558654724	0.021	0.02	1	CBR4	c5
2.67419434090786e-06	0.185677281565072	0.098	0.074	0.089687129805368	CDADC1	c5
1.196900982263e-05	0.185627643453478	0.125	0.099	0.401416651431367	BCKDHA	c5
0.473981910080279	-0.185329611684812	0.055	0.052	1	THAP9-AS1	c5
0.0992674622261888	-0.185305939408591	0.129	0.116	1	TBK1	c5
0.0635540324222914	-0.185272186767211	0.357	0.321	1	CAPN2	c5
0.527512485846012	-0.185252884423654	0.125	0.119	1	IKZF5	c5
0.78016382860984	-0.18515833358501	0.012	0.012	1	CENPS	c5
0.841936570011829	-0.18512313572768	0.041	0.041	1	SLC35B3	c5
9.4159602658721e-05	0.185086818535827	0.136	0.112	1	ECHS1	c5
2.87014725990673e-06	0.185041934325231	0.14	0.111	0.0962589988027518	AAR2	c5
9.75528021985491e-05	0.185031334903492	0.053	0.038	1	RBM27	c5
0.00191089909779142	-0.184953132255116	0.124	0.103	1	ZNF266	c5
0.767475742770322	-0.184895611849414	0.035	0.034	1	PAAF1	c5
0.259094914865561	-0.18485967478181	0.683	0.644	1	SRSF11	c5
8.49272036743062e-06	0.184770296615636	0.132	0.104	0.284828855682888	SLC35B2	c5
0.00290301809709021	-0.184678672859511	0.325	0.285	1	ATXN2L	c5
0.0398751712140076	0.184579637874087	0.018	0.014	1	NEU3	c5
3.35426454108456e-05	0.184571688015742	0.036	0.024	1	PDE7B	c5
0.136972237845049	-0.184365181878134	0.231	0.212	1	CD55	c5
0.316669579872486	-0.184341056241088	0.044	0.04	1	SLC35B4	c5
0.0435207874584387	-0.184302885853541	0.124	0.109	1	ECD	c5
0.00762548294044261	0.184246628179833	0.034	0.026	1	SMAD5	c5
0.478692149776291	-0.184234096195564	0.145	0.137	1	C6orf136	c5
0.385428979881394	-0.184198850745102	0.02	0.018	1	ENKD1	c5
0.125703331656895	-0.18416342562789	0.176	0.161	1	PPP1R15B	c5
0.0001059558111152	-0.184124511634526	0.533	0.467	1	OASL	c5
3.21659927392572e-05	0.183998222013534	0.061	0.044	1	TRIM39	c5
0.0156104206083236	0.18395905436419	0.022	0.016	1	DARS2	c5
0.538713444139307	-0.183924898973178	0.017	0.018	1	ICA1	c5
0.466644515914147	-0.183861396282878	0.531	0.481	1	ZNF207	c5
0.193105014039341	-0.183766311395142	0.022	0.018	1	ASB16-AS1	c5
0.0392528860719263	0.183713407426562	0.011	0.007	1	FBXO36	c5
0.0108552222922444	-0.183647495923986	0.272	0.242	1	LUC7L	c5
0.66268889894586	-0.18359034583761	0.014	0.013	1	CRNDE	c5
0.333934846142823	-0.183571569111879	0.416	0.395	1	ARPC1B	c5
7.03833301601501e-05	0.183470610419162	0.068	0.05	1	LINC00847	c5
0.00046048949950863	0.18341839599964	0.044	0.032	1	SREBF1	c5
0.541836477405944	-0.183285786796203	0.068	0.065	1	PPA2	c5
0.500781163429725	-0.183208184875836	0.048	0.045	1	PPP2CB	c5
2.93416687684917e-07	-0.183129977260211	0.849	0.813	0.00984060887157674	HNRNPA2B1	c5
0.381825722739629	-0.182934813778999	0.023	0.02	1	PDP2	c5
0.197748904672026	-0.182872774838409	0.057	0.052	1	FBXL6	c5
0.300735730012116	-0.182832569863823	0.032	0.028	1	CEP76	c5
1.59910248503706e-05	0.182830785757412	0.11	0.086	0.53630699143173	PRCP	c5
0.000674662922785314	0.182698825447981	0.049	0.036	1	SUFU	c5
0.00428063001441727	0.182649723597539	0.046	0.036	1	ZBTB6	c5
0.451002880134388	-0.182574253562513	0.11	0.103	1	PINK1	c5
0.00117836477758743	0.182546065162159	0.051	0.039	1	PCCB	c5
0.612391133225868	-0.182542484598819	0.122	0.117	1	NUPL2	c5
0.643095526690055	-0.182501772261864	0.047	0.045	1	ZNHIT6	c5
0.397973203234153	-0.182459659004071	0.049	0.045	1	MSTO1	c5
0.927075812152678	-0.182388919676852	0.096	0.095	1	RPUSD3	c5
0.0244044628964893	0.182370521461276	0.019	0.014	1	S1PR2	c5
0.460465601038859	-0.182357592547845	0.177	0.179	1	CDKN1A	c5
0.922150258369941	-0.182336232170976	0.029	0.028	1	BDH1	c5
8.09686857811512e-05	-0.182033370918886	0.776	0.745	1	IQGAP1	c5
0.410200809806908	-0.182014685426489	0.148	0.139	1	SLC4A1AP	c5
0.699347687677803	-0.181958471304344	0.028	0.03	1	NCR3	c5
0.000261877933099688	0.181787992355109	0.097	0.078	1	EBPL	c5
0.441465532112911	-0.181763758588158	0.393	0.37	1	MZT2A	c5
0.6432089791288	-0.181644312335071	0.015	0.014	1	HNRNPA1L2	c5
0.0906387570014513	-0.181560878209934	0.053	0.046	1	STK11	c5
0.240495108025934	-0.181549192322434	0.022	0.019	1	NOCT	c5
2.40709981723928e-06	0.181428605869374	0.097	0.073	0.0807293136705708	PEX19	c5
0.221348029765646	-0.181205255536728	0.019	0.016	1	ZNF783	c5
0.00597694374650989	-0.181139373944722	0.113	0.096	1	IPO9	c5
0.806405183536606	-0.180862901169644	0.022	0.023	1	ZNF333	c5
0.220617336116749	-0.180859910527173	0.198	0.183	1	EPRS	c5
0.000363996322633112	0.180834728048603	0.046	0.034	1	ZNF764	c5
0.521161301170485	-0.180814487450137	0.096	0.099	1	TSFM	c5
0.0900030051784368	-0.180795756533103	0.041	0.035	1	STK35	c5
0.918522323687136	-0.180764971274751	0.34	0.324	1	AHSA1	c5
0.80491353378592	-0.180704641121348	0.1	0.097	1	ALG3	c5
0.757566800052675	-0.18067413749472	0.092	0.092	1	NPDC1	c5
0.000518747298155198	-0.180660896799285	0.088	0.07	1	VPS13D	c5
0.00288263734686331	0.180643892508856	0.035	0.026	1	RBM41	c5
0.548903541251896	-0.180625580462448	0.016	0.014	1	SLX4	c5
0.727168784809323	-0.180603042530443	0.03	0.029	1	GAB2	c5
0.531578936658944	-0.180398342766757	0.07	0.066	1	POLR3H	c5
0.360160406613103	-0.180375832517407	0.078	0.072	1	RPUSD4	c5
0.00607730880738152	-0.180351405590048	0.117	0.099	1	GOLGA3	c5
1.6732366101151e-05	0.180295897263924	0.119	0.094	0.561170094300402	POLR2M	c5
0.0116982314420126	-0.180268434616012	0.046	0.037	1	CCZ1	c5
0.86316922469208	-0.180121835877048	0.041	0.04	1	DCAF4	c5
0.465156208195345	-0.180111358194874	0.372	0.36	1	TRAC	c5
0.00546278750403273	0.180070203719923	0.028	0.021	1	ZNF543	c5
0.792646478595048	-0.180052018200368	0.02	0.02	1	TRIM68	c5
0.97663854382125	-0.180030243044758	0.046	0.046	1	ZNF414	c5
7.66856337036445e-05	0.179960469089385	0.054	0.039	1	HOOK2	c5
1.68857658262197e-06	0.17965044511631	0.119	0.092	0.0566314814279757	RAB39B	c5
0.0172402216960588	-0.179557330239823	0.113	0.098	1	PPFIA1	c5
0.368659282841834	-0.179544774542976	0.164	0.154	1	RPS6KB1	c5
0.187374075765922	-0.179415294759373	0.166	0.152	1	ELF2	c5
0.177208645445496	-0.179315092226077	0.036	0.032	1	NOL12	c5
0.202462199346694	-0.179300454085977	0.215	0.199	1	YAF2	c5
0.1474007101324	-0.179248171928081	0.246	0.226	1	ARFGAP2	c5
0.176671610938753	-0.179165158474342	0.145	0.133	1	MTERF4	c5
0.372902415796401	-0.1791251084679	0.928	0.873	1	HSP90AA1	c5
6.08596534938863e-05	0.179107064554769	0.103	0.082	1	COQ9	c5
0.132411436674018	0.1789848379218	0.014	0.011	1	AL365205.1	c5
3.89353213648795e-05	0.178982497567517	0.117	0.094	1	TIMM29	c5
0.130104878981461	-0.178973160298622	0.019	0.015	1	AC009133.1	c5
0.000340415409683747	0.178864390241634	0.064	0.049	1	CCDC102A	c5
0.617051584929116	-0.178804169361166	0.131	0.126	1	RPP30	c5
0.0188925507433846	0.17864802266392	0.034	0.026	1	THTPA	c5
0.408144450650464	-0.178630779808282	0.091	0.094	1	TIMM9	c5
0.874322661216174	-0.17861754104952	0.066	0.065	1	MTHFD1	c5
0.00250317592877429	0.17858942135679	0.052	0.04	1	ERI1	c5
0.00143468574722153	0.17854506703637	0.064	0.05	1	MYPOP	c5
0.58916893782446	0.178424960398123	0.023	0.021	1	TKFC	c5
2.12225687810482e-05	0.178332325958686	0.075	0.056	0.711762511778794	HIST1H1D	c5
0.478108644372499	-0.178320249150729	0.01	0.009	1	MBLAC1	c5
0.121598261434851	0.178270868862932	0.01	0.007	1	ZBTB42	c5
0.000607006770013208	-0.178119085988004	0.087	0.069	1	ARAP1	c5
0.442799010775356	-0.178105158591233	0.056	0.059	1	MRPL23	c5
3.87524734698654e-05	0.178077190020056	0.07	0.052	1	NSUN4	c5
0.101730839969194	-0.178068805727831	0.115	0.104	1	NR2C2	c5
0.534121396594615	-0.178031227840662	0.062	0.059	1	MICB	c5
0.209319466122035	-0.17792680891227	0.096	0.087	1	TRIM35	c5
0.673687936400064	-0.177805604111921	0.125	0.126	1	KRCC1	c5
0.000312534174379916	0.177335616722581	0.073	0.057	1	FASTKD5	c5
0.791941630605261	-0.17730774690734	0.022	0.021	1	KDELC2	c5
0.0178912911494378	-0.177261582817236	0.203	0.179	1	RLF	c5
0.0120651650310338	0.177206871937194	0.011	0.007	1	ITGA3	c5
0.76503939123746	-0.17719742378576	0.013	0.014	1	TMEM99	c5
0.464305430827456	-0.176970676539782	0.166	0.158	1	UBAP2L	c5
0.227569258579325	-0.176940684920971	0.025	0.022	1	C1orf159	c5
0.218108953270128	-0.176929292366406	0.036	0.032	1	LRSAM1	c5
0.0858716451712223	-0.176739858943512	0.02	0.016	1	ZNF248	c5
0.63303801940553	-0.176735532489968	0.124	0.125	1	CCDC137	c5
0.234374007141027	-0.176614374171469	0.044	0.04	1	ALOX12-AS1	c5
0.942861091853101	-0.176557840420051	0.015	0.015	1	HARBI1	c5
0.0875746127702188	-0.176503225152039	0.03	0.025	1	ZNF75D	c5
2.18861217946028e-05	0.176477977216098	0.104	0.081	0.734016752747389	CSTF2T	c5
0.917201652520238	-0.176431713811356	0.014	0.014	1	C14orf93	c5
0.00383489106669062	0.176330074420824	0.031	0.022	1	PEX5	c5
0.439353884872432	-0.176250374520778	0.269	0.252	1	CCDC174	c5
0.168650620335727	-0.176217759445286	0.155	0.143	1	SMPD4	c5
0.799403584422182	-0.176103736875159	0.046	0.045	1	ZNF487	c5
0.040066183153248	-0.176084639119846	0.076	0.066	1	CDK10	c5
0.00376151817189079	0.175997803560271	0.042	0.032	1	NFS1	c5
0.301007644398892	-0.17599032683079	0.051	0.046	1	SCYL3	c5
0.245151473817165	-0.175973109259444	0.205	0.192	1	KCNAB2	c5
0.245648129652219	-0.175926676099054	0.246	0.229	1	PTBP3	c5
0.824225296181346	-0.175908148675261	0.034	0.033	1	TAF1A	c5
6.43705552107763e-05	0.175872657536111	0.098	0.077	1	SPSB1	c5
0.0366059197795676	0.175861932235375	0.02	0.015	1	SLC16A13	c5
0.0135940279208722	0.175860804070114	0.025	0.018	1	ZKSCAN4	c5
0.000358759918938206	0.175816353516538	0.077	0.061	1	FAF1	c5
0.00242821517551393	0.175643072387961	0.031	0.022	1	ZNF253	c5
0.000160681209959434	0.175622592692842	0.099	0.079	1	PQLC1	c5
0.347224948858775	-0.175614020440338	0.079	0.074	1	TAF8	c5
0.0582478715854026	0.175588189447905	0.011	0.008	1	TRDC	c5
0.0153428306142018	-0.175457065021034	0.253	0.224	1	NUP58	c5
0.00298686282229809	0.175372171442431	0.012	0.007	1	HIST1H3A	c5
0.765442015066369	-0.175353182896864	0.063	0.064	1	WDR77	c5
0.0022805519977	0.17530960339292	0.059	0.047	1	HSCB	c5
0.542769657887656	-0.175247554538616	0.258	0.243	1	PARP1	c5
1.66558171916921e-05	0.175159838213449	0.034	0.022	0.558602796974971	CPM	c5
0.580893115843379	-0.175156592359637	0.024	0.022	1	LY75	c5
0.0115526787932832	0.174918744516774	0.049	0.04	1	KBTBD3	c5
5.22405578518673e-05	0.174815590820925	0.094	0.073	1	RBM4B	c5
0.000211689133150312	0.17475973259592	0.04	0.028	1	ZNF329	c5
0.969463732162496	-0.174732872400498	0.062	0.062	1	RCL1	c5
0.0181811410330478	-0.174712768362075	0.166	0.146	1	UBA6	c5
0.0021329340801172	0.174409385084271	0.012	0.007	1	B3GAT1	c5
0.361524858503707	-0.174169722797752	0.135	0.139	1	BZW2	c5
0.496074169037256	-0.174041008121131	0.041	0.038	1	FAM214B	c5
5.28079599142389e-05	0.174032378972728	0.079	0.061	1	CES2	c5
0.564347459302868	-0.174005313045167	0.196	0.186	1	DCK	c5
0.347056432788619	-0.173916740089865	0.098	0.091	1	TCP11L2	c5
0.000149295961153477	0.173830334210629	0.091	0.071	1	EXOSC5	c5
0.0132816399157526	0.173809023400956	0.015	0.01	1	DMTN	c5
0.111614315813725	-0.173594464015826	0.294	0.302	1	IL2RB	c5
0.71956363297643	-0.173548147129113	0.265	0.25	1	USP1	c5
0.000571895789452599	-0.173546257529972	0.286	0.245	1	GON4L	c5
0.535905945467897	-0.173532425974217	0.023	0.025	1	C4orf33	c5
0.251174790224002	-0.173514303319401	0.186	0.172	1	ZDHHC6	c5
0.414102982013376	-0.173465018047646	0.154	0.157	1	UPP1	c5
1.31480261009225e-05	0.173396773480585	0.163	0.134	0.44095849937274	TMEM33	c5
0.594793069021234	0.173392366016397	0.037	0.035	1	IL2RA	c5
0.227650158466883	-0.173340433498233	0.1	0.092	1	CRCP	c5
0.664623434686027	-0.173277344866917	0.339	0.327	1	SUGT1	c5
0.630106716290999	-0.173244617824285	0.089	0.086	1	MED11	c5
0.000169334900734048	-0.173105034116541	0.155	0.128	1	DMTF1	c5
0.0471216822806371	-0.173096199566183	0.202	0.181	1	SIN3A	c5
0.966738717165637	-0.173085858571162	0.055	0.055	1	TAPBPL	c5
0.728414823966677	-0.17292074839225	0.054	0.052	1	ELP3	c5
0.0727721665559464	-0.172883937433765	0.133	0.119	1	CRK	c5
1.32942755558968e-05	0.172801996818631	0.099	0.076	0.445863413593667	BCL2L13	c5
0.0857958152074626	0.172757261013532	0.028	0.023	1	C2orf76	c5
0.25691105884495	-0.17261134373443	0.148	0.137	1	ANKRD10	c5
0.117739417610354	-0.172570401996257	0.366	0.332	1	ZNFX1	c5
0.000433419677841878	0.172496473210483	0.042	0.03	1	TADA2B	c5
0.094033543777687	-0.17248252244494	0.081	0.072	1	NR2C1	c5
0.628969476379549	-0.172435519268177	0.288	0.269	1	COPS3	c5
1.68209093951309e-06	0.172399342681331	0.088	0.065	0.0564139659293901	MED7	c5
0.00133699124908555	-0.17225936338122	0.157	0.134	1	EHMT1	c5
0.326749272211623	-0.172246708919106	0.103	0.096	1	TBC1D4	c5
0.426567756603256	-0.172173951101634	0.034	0.031	1	BBS12	c5
0.0186488987555802	-0.172160018087326	0.117	0.102	1	EXOC7	c5
0.0949737873992719	0.17207655958545	0.011	0.008	1	PPP2R3B	c5
0.217894535486711	-0.171842210806176	0.041	0.037	1	AHCYL2	c5
0.254835708118741	-0.171812474273502	0.055	0.049	1	TUBD1	c5
0.00158755347280101	0.171768191331788	0.069	0.055	1	CYREN	c5
0.114790913085731	-0.171766954519241	0.064	0.057	1	DDX60	c5
2.33408083541103e-16	-0.171561452534436	0.945	0.898	7.8280403058015e-12	ARHGDIB	c5
0.685101406465572	-0.171450469700676	0.412	0.38	1	TMBIM1	c5
0.0253750578504383	-0.171426477792458	0.103	0.089	1	APC	c5
0.752834131655031	-0.171418783527381	0.196	0.194	1	PGLS	c5
0.026619003811067	-0.171406093610794	0.07	0.06	1	ATP13A2	c5
0.465329747978022	-0.171383739228403	0.082	0.077	1	GTF3C2	c5
0.402643888978261	-0.171370699653671	0.083	0.078	1	MEMO1	c5
0.0074785979327517	-0.17122690639041	0.148	0.127	1	SEC23A	c5
0.380298053559243	-0.17121738290739	0.027	0.025	1	PYCR3	c5
0.537999366922834	-0.1711904422749	0.06	0.057	1	HSH2D	c5
0.265456343966098	-0.171159119808947	0.028	0.025	1	ZNF789	c5
0.904033517660567	-0.171153422411392	0.051	0.05	1	MKKS	c5
0.0897706728097954	-0.171024201522363	0.034	0.028	1	TMEM94	c5
0.118064412902589	-0.171013751982582	0.279	0.254	1	SYTL2	c5
0.925877313503015	-0.17099822594647	0.103	0.102	1	CCDC57	c5
0.0918352574635695	0.170928483627047	0.015	0.011	1	AC074032.1	c5
8.47834106879926e-05	-0.170900334981198	0.178	0.147	1	BTAF1	c5
0.197183918527747	-0.170881570578768	0.044	0.039	1	ATP11C	c5
2.60686405319316e-05	0.170843892670595	0.086	0.066	0.874290066159923	CETN2	c5
0.00625910758699065	-0.170734246725315	0.344	0.304	1	RC3H1	c5
0.452861144115846	-0.170730861413507	0.011	0.009	1	AK4	c5
0.136506542163645	-0.170694024322174	0.455	0.443	1	ATP1A1	c5
0.00734548924443862	0.170610574348783	0.028	0.021	1	ZNF682	c5
0.232113471547446	-0.170505042095936	0.089	0.082	1	ERO1A	c5
0.629773892827899	-0.170438742637952	0.026	0.027	1	KCTD21	c5
7.18559053465729e-06	0.17041536172351	0.155	0.125	0.240990335351336	PGRMC1	c5
0.0250557500998698	0.170411837074676	0.014	0.01	1	TIGD7	c5
0.161160315912207	0.170371309779244	0.016	0.013	1	TRBV21-1	c5
0.572828963653254	-0.170354322875444	0.108	0.103	1	THOC6	c5
0.0124844171105231	0.170317733594067	0.028	0.022	1	ALAD	c5
0.433361943240617	-0.170309856227186	0.05	0.046	1	MMD	c5
0.00858547810365663	-0.170217759950163	0.127	0.109	1	DCAF5	c5
0.0214953917957113	0.170176775866346	0.029	0.022	1	BLK	c5
8.07203575956894e-12	-0.170129671888145	0.645	0.54	2.70719935304423e-07	HIST1H4C	c5
0.00197724774821974	0.17010226465239	0.072	0.058	1	LYRM1	c5
1.98907990428248e-06	0.169958586229792	0.149	0.118	0.0667097618298259	DESI1	c5
0.827330506054653	-0.169844685084584	0.078	0.076	1	RIOK2	c5
0.131206706155625	-0.169743855606617	0.216	0.197	1	VPS26C	c5
0.00706435456369843	-0.169657633268404	0.098	0.083	1	VPS53	c5
0.0122259271789687	-0.169656479697637	0.043	0.034	1	PPP1R3E	c5
0.120938706549384	0.169645022898014	0.022	0.018	1	FANCL	c5
0.000946379826893263	0.169561994842618	0.057	0.044	1	AC073111.5	c5
0.151364169223131	-0.169550235795012	0.117	0.106	1	SNRK	c5
0.000170859389716705	0.169547158928727	0.06	0.045	1	ZNF569	c5
0.0101760517156413	-0.169506366352595	0.188	0.165	1	RC3H2	c5
0.68517618744418	-0.169489972864928	0.119	0.115	1	MIIP	c5
0.207499711331873	-0.169480591538701	0.047	0.042	1	VPS41	c5
0.164945966898219	-0.169218329615256	0.069	0.062	1	VPS16	c5
0.138245343496503	0.169208361061208	0.022	0.018	1	SCO2.1	c5
0.274416843965436	-0.169160171011844	0.01	0.008	1	RECQL5	c5
0.000305624274451801	0.16908851236563	0.103	0.083	1	NUDT2	c5
0.00107607333959416	0.168957070830039	0.03	0.021	1	NAPEPLD	c5
0.153925963349692	-0.168926323924283	0.029	0.034	1	AL138724.1	c5
0.000113491223469653	0.16886614045781	0.069	0.052	1	RMND1	c5
0.46110480704767	-0.168824785940686	0.163	0.154	1	B3GAT3	c5
0.000532797148443565	0.16879409111981	0.075	0.059	1	ARMT1	c5
0.00263836998489776	0.168771415777028	0.041	0.031	1	ZNF432	c5
0.00119098606587486	-0.168759175870955	0.23	0.197	1	TTC17	c5
0.689599936395586	-0.168741508291558	0.082	0.079	1	TRMO	c5
0.0562464727504525	-0.16872768547088	0.115	0.102	1	NSMAF	c5
0.735365009241359	-0.168563593452606	0.077	0.075	1	PROSER1	c5
0.0319471053424622	0.168560431492239	0.01	0.007	1	L3MBTL1	c5
0.597530541535512	-0.168515391215048	0.251	0.238	1	C12orf65	c5
0.632588472965592	-0.168473758432014	0.113	0.109	1	SGTB	c5
0.182077970043751	-0.168303648468834	0.17	0.157	1	PPP2R5E	c5
0.956563957261651	-0.168293595524377	0.021	0.021	1	GCSH	c5
0.907355438864016	-0.168287842323547	0.097	0.097	1	PDRG1	c5
0.117575280550337	0.167921839097597	0.015	0.011	1	ZNF780B	c5
0.788580437252773	-0.16788866435081	0.018	0.017	1	ERLIN2	c5
0.778679441978646	-0.167879048608848	0.019	0.019	1	TNFSF12	c5
0.00151437751591629	-0.167822825727088	0.135	0.113	1	INTS6	c5
0.000278419756567718	0.167810890249027	0.108	0.088	1	ANAPC13	c5
0.990087664006603	-0.167779419986673	0.647	0.587	1	HLA-DRA	c5
0.000338199342225356	0.16771664275847	0.081	0.064	1	ACOT8	c5
1.85013627382079e-05	0.16755202676942	0.064	0.047	0.620498703514016	LCLAT1	c5
0.138682811308154	-0.167517863971617	0.101	0.091	1	HLTF	c5
2.28295457559879e-05	0.167427920936077	0.057	0.041	0.765657305564322	UBE2W	c5
0.896728645510324	-0.167422908446752	0.04	0.04	1	QRSL1	c5
0.0371819960453758	0.167306914649643	0.06	0.051	1	FAM220A	c5
0.0278390519707187	-0.167295002538483	0.127	0.112	1	CLIP1	c5
0.392262018408853	-0.167278971560953	0.07	0.065	1	MLST8	c5
0.700958255020545	-0.167265071855809	0.062	0.06	1	MEX3C	c5
0.639939467742673	-0.167242401972491	0.05	0.052	1	ERI3	c5
0.849321309828255	-0.167151614970213	0.115	0.115	1	LLPH	c5
0.353271650534761	-0.167144378698358	0.056	0.051	1	TYW5	c5
0.65978339960491	-0.167097874685282	0.166	0.16	1	BRD3	c5
0.00052986222027401	-0.167080281856125	0.112	0.091	1	KRIT1	c5
0.50752361510405	-0.167080233039489	0.027	0.025	1	RDH13	c5
0.0521461723137241	-0.167048668303065	0.05	0.042	1	PCNX3	c5
0.0754864909589589	-0.167023037370389	0.305	0.313	1	CHN1	c5
0.114470373829045	-0.16702258289509	0.08	0.071	1	FAM160A2	c5
0.0118863584230278	-0.166983639115094	0.234	0.21	1	BRD9	c5
0.0969446298742396	0.166961229430894	0.017	0.013	1	MTHFSD	c5
0.207561433052513	-0.166929181612629	0.126	0.116	1	TWF1	c5
0.0600810793924857	-0.166871643930482	0.018	0.014	1	PPIP5K1	c5
0.824278992465002	-0.166860425488864	0.017	0.016	1	AL022328.4	c5
0.748596483034806	-0.166855735998619	0.124	0.12	1	TFE3	c5
0.147478278641911	-0.166667711489072	0.013	0.01	1	ZNF674-AS1	c5
0.566988702358928	-0.166536066530204	0.143	0.137	1	HPS1	c5
0.569179012833719	-0.166511879534308	0.154	0.148	1	ABTB1	c5
0.0229724698909673	-0.166451608853095	0.051	0.042	1	HKR1	c5
0.0146416635841352	-0.16622368614092	0.145	0.125	1	FNDC3A	c5
0.16763745756191	-0.166150603033839	0.061	0.055	1	GTF3C3	c5
0.295115836097369	-0.166147325735551	0.058	0.054	1	MAPKAP1	c5
0.0224701596320993	-0.166110799694468	0.109	0.094	1	UBE3C	c5
0.411699935612945	-0.166020132254729	0.046	0.043	1	DUS1L	c5
0.206680245232034	0.166017810778221	0.018	0.015	1	INKA1	c5
0.867584775650587	-0.165950321539888	0.085	0.085	1	HINT2	c5
0.811998133639233	-0.165876789019721	0.12	0.117	1	RRP8	c5
0.616268797252494	-0.165797590850856	0.072	0.074	1	GLRX2	c5
0.0187121942192448	-0.165796125787283	0.256	0.225	1	MORC3	c5
0.983008826919002	-0.165734100410419	0.359	0.343	1	STAG2	c5
0.646154503926454	-0.165622452728204	0.038	0.036	1	TRMT1L	c5
0.811038446166653	-0.165622250069397	0.011	0.01	1	ITFG2-AS1	c5
0.49358171175807	-0.165548140973382	0.071	0.067	1	CCDC126	c5
0.720189205706583	-0.165541174479543	0.079	0.081	1	C19orf48	c5
0.635654176269028	-0.165518544664102	0.086	0.083	1	TMEM141	c5
0.0015291452917656	0.165507382502424	0.073	0.059	1	AIFM1	c5
0.000181446796484681	0.165485085047553	0.07	0.053	1	B4GALT4	c5
0.843111138343837	-0.165474987024452	0.283	0.268	1	PSMD14	c5
0.694626825493823	-0.16544317175119	0.092	0.089	1	CTBS	c5
0.230602332911316	-0.165403372878729	0.151	0.14	1	FCHO1	c5
0.486204452674483	-0.165364488882843	0.02	0.018	1	ZNF551	c5
0.489632591325629	-0.165275141343635	0.034	0.032	1	CCDC159	c5
0.435903060171505	-0.165266118430261	0.133	0.126	1	XRCC1	c5
0.00011653107961916	0.165187345611351	0.028	0.018	1	RAB4B	c5
0.0049054815465711	-0.16510788990747	0.095	0.079	1	TYK2	c5
0.395911156315255	-0.165104362708071	0.027	0.025	1	ZNF66	c5
0.245563590027712	-0.165017933585749	0.043	0.039	1	FBRSL1	c5
0.376854329739844	-0.164909886654351	0.042	0.039	1	IFT80	c5
0.0974881169659173	-0.164750136510099	0.079	0.07	1	SPAST	c5
0.977810394979758	-0.164726516582637	0.034	0.034	1	OSBPL11	c5
0.732451457107115	-0.164706989795655	0.023	0.022	1	ZCCHC4	c5
0.913797266376917	-0.164645870690383	0.397	0.379	1	NFATC2	c5
0.696676672257272	-0.164622308106237	0.091	0.087	1	DDX20	c5
0.0680195717669315	-0.164603488361047	0.197	0.179	1	DNMT1	c5
3.73680425567626e-06	0.164587785916671	0.18	0.147	0.125324941126871	ETFA	c5
4.88267236140909e-05	0.164424416305549	0.095	0.074	1	SNX11	c5
0.634956442689875	-0.164409501124834	0.01	0.009	1	TTC39C-AS1	c5
0.6872817368663	-0.164366591426735	0.127	0.122	1	RUSC1	c5
0.852208161711867	-0.164354914992273	0.039	0.04	1	TATDN3	c5
7.10527399194464e-08	-0.164240975839597	0.915	0.91	0.00238296679141839	BTG1	c5
0.871554572880563	-0.164226403840415	0.073	0.071	1	MAD1L1	c5
0.595048646164998	-0.164221091547968	0.511	0.472	1	EIF2S2	c5
8.62918234046445e-06	0.164199144081379	0.098	0.075	0.289405517334497	AUH	c5
0.433660382116869	-0.164195999087741	0.168	0.159	1	MDFIC	c5
0.340856224863316	-0.164178702645609	0.058	0.053	1	SLC39A9	c5
0.00137455221153275	0.164134832779858	0.037	0.027	1	MSANTD2	c5
0.635202951920114	-0.164069214930165	0.009	0.01	1	NAGS	c5
0.00157364951397687	0.164044354906853	0.079	0.064	1	LIN7C	c5
0.604453322997704	-0.164002081959021	0.478	0.439	1	SLTM	c5
0.946506871611365	-0.163893213365875	0.031	0.031	1	RFT1	c5
0.633105520384912	-0.163673527102394	0.012	0.011	1	TRBV7-4	c5
0.025808024081887	0.163652292793299	0.036	0.028	1	CHSY1	c5
0.469427312482623	-0.163573905869441	0.607	0.555	1	NCOR1	c5
0.0534737431013614	-0.163542187433547	0.115	0.102	1	RSAD1	c5
5.01774619383322e-06	0.163489381331432	0.11	0.084	0.168285171848779	TJAP1	c5
0.0194753268467603	0.163430786523624	0.051	0.042	1	SNUPN	c5
0.407686508452743	-0.163387188647714	0.468	0.438	1	PSMA6	c5
0.0644649525931363	-0.163348638357613	0.049	0.042	1	DCUN1D4	c5
0.835673043101337	-0.163190444272719	0.025	0.024	1	RBM43	c5
0.565743217681758	-0.162958756074914	0.067	0.07	1	LGALS9	c5
0.000398042466458664	0.162870682803883	0.108	0.088	1	TACC3	c5
0.633822105835439	-0.162814367608672	0.09	0.087	1	LRRC40	c5
0.000747711150188201	0.162802893653721	0.07	0.055	1	SCPEP1	c5
0.00108508917694368	0.162735052384073	0.046	0.035	1	NDUFAF1	c5
0.260836791862701	-0.162727006290686	0.018	0.015	1	SLC12A4	c5
0.329734918110662	-0.162719241318587	0.113	0.106	1	EBLN3P	c5
0.684296111871788	-0.162708106614536	0.157	0.151	1	IFT20	c5
0.768847846721839	-0.162630889891136	0.194	0.187	1	RNF187	c5
0.713163087775574	-0.162549085148982	0.024	0.023	1	CLPB	c5
0.878891224039359	-0.162525512892011	0.472	0.441	1	RBM17	c5
0.76237451036692	-0.162501816289315	0.029	0.03	1	MPV17L2	c5
0.0471088189837527	-0.162477769022515	0.142	0.125	1	PIP4K2A	c5
1.99684957061813e-06	0.162435521023736	0.105	0.079	0.0669703408993908	ZNF91	c5
0.000462907283880893	0.162375892153211	0.051	0.038	1	C17orf80	c5
0.12170318289032	-0.162350158738857	0.449	0.408	1	HP1BP3	c5
0.0250201974631196	-0.162245160242907	0.617	0.59	1	CSDE1	c5
0.0999228899908182	-0.162191702405707	0.045	0.039	1	ZNF473	c5
0.104679890067185	-0.16215412415663	0.081	0.072	1	MNT	c5
0.997956369141617	-0.162057079843018	0.028	0.029	1	CHAF1A	c5
0.00011879629747518	0.162045342006897	0.03	0.019	1	ADAM28	c5
0.00239552577418916	0.161960566862338	0.059	0.047	1	ZNF212	c5
2.23253778503595e-06	0.161925277788508	0.105	0.08	0.0748748522345356	C21orf2	c5
0.69830014495373	-0.161663304411053	0.117	0.113	1	EIF2B2	c5
0.0453618446447365	-0.161507478136695	0.078	0.067	1	SELENOI	c5
0.436062213693757	-0.161285035049962	0.034	0.031	1	ASNS	c5
0.228712604214804	-0.16122849493024	0.021	0.018	1	SLC26A6	c5
0.952016853880842	-0.161184744225367	0.058	0.058	1	EVA1C	c5
0.043726090351328	-0.161161475168965	0.291	0.261	1	MARS	c5
0.00069351056626424	-0.161154586031743	0.162	0.137	1	EP400	c5
0.656109356304237	-0.160976717143082	0.016	0.015	1	TSPAN32	c5
0.459555930949964	-0.160845699358485	0.108	0.102	1	MTRR	c5
0.327174201086412	-0.160825700744867	0.026	0.03	1	SFR1	c5
0.000786846486013768	0.160820335379807	0.07	0.055	1	FNDC3B	c5
0.00192942562315433	-0.160760272280853	0.192	0.164	1	ZNF451	c5
0.993223545033049	-0.16075235347306	0.096	0.096	1	OXLD1	c5
0.324741846326408	-0.160740866923784	0.032	0.028	1	GALNT7	c5
0.014702077533272	-0.160717177004287	0.428	0.381	1	PBX4	c5
0.412881308132568	-0.160671975096602	0.043	0.04	1	ZNF480	c5
0.0157285885881291	-0.16048986076095	0.082	0.07	1	SNX13	c5
0.0026938610122872	0.160485424594661	0.056	0.044	1	NDRG3	c5
0.678531335439447	-0.16031418182381	0.1	0.102	1	NUDT1	c5
0.0454221880050749	-0.160300154475752	0.435	0.388	1	RSF1	c5
0.5939331561897	-0.160195472657448	0.017	0.016	1	FADS3	c5
0.0205248181825462	0.160192794939323	0.022	0.016	1	NRROS	c5
0.0406107129663821	-0.160180600786506	0.04	0.033	1	TMEM67	c5
0.0807939907184625	-0.160161103995841	0.046	0.039	1	AC021188.1	c5
0.454175586390545	-0.160135336173731	0.08	0.076	1	GTF2IRD2B	c5
0.125710581153802	-0.160090911504401	0.194	0.179	1	TTC19	c5
3.5695734677009e-05	-0.160084435925644	0.217	0.181	1	TMEM259	c5
0.306856123903295	-0.159981112250068	0.043	0.039	1	SNTB2	c5
0.0734097134325485	-0.159945458407603	0.085	0.075	1	ATP2C1	c5
0.0707037462233031	-0.159944560385114	0.197	0.177	1	SP3	c5
0.167194805126761	-0.159905264586614	0.015	0.019	1	E2F1	c5
0.0229717816607018	-0.15986615914573	0.165	0.147	1	NUFIP2	c5
0.966200323819719	-0.159814005106533	0.028	0.028	1	H6PD	c5
0.146806869013194	-0.159768199286078	0.128	0.117	1	C1orf131	c5
0.00021848217796222	0.159761133720917	0.065	0.049	1	ZNF12	c5
0.269945001396834	-0.15973233889609	0.185	0.173	1	CTCF	c5
0.938682820095573	-0.159688753325074	0.071	0.07	1	BABAM1	c5
0.0103662320855227	-0.159683260293415	0.125	0.108	1	CSNK1G1	c5
0.546809103300217	-0.159608435939538	0.061	0.058	1	AGK	c5
4.56505431454935e-05	0.159557197919824	0.082	0.062	1	FANCF	c5
0.0277825751280031	-0.15950576802868	0.256	0.229	1	GRAMD1A	c5
2.86746185649132e-06	0.159486743164704	0.108	0.082	0.0961689357430059	PTGES2	c5
0.0312652048227317	-0.159476774174422	0.049	0.04	1	SMCR8	c5
0.109455796434521	-0.159474795672929	0.044	0.038	1	ATAT1	c5
0.0294395846591563	-0.159473166276083	0.165	0.146	1	PPP6R1	c5
0.78670875935742	-0.159421943912689	0.211	0.202	1	TMEM230	c5
0.126002092572135	-0.159330169258255	0.777	0.718	1	HLA-DRB5	c5
0.629728169645425	-0.159286074316307	0.612	0.559	1	RBM25	c5
0.824903306192004	-0.159176674829911	0.009	0.01	1	AL445524.1	c5
0.0259137472491942	-0.15912144262447	0.145	0.127	1	UBAP2	c5
0.139430020170043	-0.159117694297298	0.086	0.078	1	TLK2	c5
0.14020248308951	-0.159041989122354	0.065	0.059	1	POU2F1	c5
0.806709256665056	-0.158973722343259	0.039	0.038	1	ZC3HC1	c5
0.668132011264174	-0.158913695768366	0.026	0.027	1	ZNF583	c5
0.00171436449639939	-0.158744262936752	0.123	0.103	1	UBR1	c5
0.557693985982212	-0.15864063015674	0.159	0.151	1	SDHD	c5
0.367003338176927	-0.158616430259704	0.095	0.089	1	MAP3K1	c5
0.972733189350267	-0.158446241924219	0.041	0.041	1	SRRD	c5
0.0323889276551835	-0.158440500618554	0.217	0.194	1	WASHC4	c5
0.328922290767516	-0.158389131276155	0.405	0.376	1	BAZ1A	c5
0.989992470811185	-0.158376995900797	0.086	0.086	1	HAUS1	c5
0.11224302965335	-0.158324144904293	0.107	0.096	1	MUS81	c5
0.576344038919097	-0.158148710787771	0.081	0.083	1	PTPN18	c5
0.88374691780082	-0.15808127538368	0.042	0.041	1	FBXO5	c5
0.0722065030469325	-0.158069766368661	0.228	0.206	1	CCDC82	c5
0.0447789425231801	0.158051315803666	0.022	0.017	1	AC008083.2	c5
0.00632887961663654	0.158001007824616	0.03	0.022	1	AGAP3	c5
0.0761111594795013	-0.15789495239682	0.112	0.1	1	RNF168	c5
0.288916603383185	-0.157864359278128	0.295	0.271	1	RPAIN	c5
0.000233615580607322	0.157823535051936	0.085	0.067	1	AKAP1	c5
0.26505025420578	-0.157790642213418	0.158	0.147	1	CDC27	c5
0.380489654412579	-0.157777043571421	0.042	0.039	1	AAAS	c5
0.0690984628838569	-0.15773900139608	0.096	0.086	1	RAP1GDS1	c5
0.634570037008654	-0.157690476020946	0.023	0.022	1	ZNF527	c5
0.400953613533664	-0.157489230003608	0.167	0.157	1	MCUR1	c5
0.111742402374508	-0.157311641881299	0.03	0.025	1	AMMECR1	c5
0.00109367045055585	0.157268497905771	0.083	0.067	1	MSH2	c5
4.26340379467176e-06	0.15726706151776	0.082	0.06	0.142986036465702	NADK	c5
0.677310492188932	-0.157187717823591	0.023	0.022	1	RCBTB2	c5
0.393872033242634	-0.157160816111293	0.63	0.574	1	DNAJB6	c5
0.0730012848250104	-0.15708460476427	0.045	0.038	1	SRGAP3	c5
0.000241724832514087	-0.1570167530722	0.338	0.29	1	TRA2A	c5
0.115877972561114	-0.156927199228815	0.068	0.06	1	ZNF44	c5
0.0153463065894587	0.156915206467161	0.025	0.019	1	WDPCP	c5
0.738792609193085	-0.15686891520193	0.557	0.518	1	EIF5B	c5
0.00686336835639966	-0.15671126067057	0.403	0.354	1	NIPBL	c5
0.0890502091957133	-0.156671800324989	0.311	0.284	1	ANAPC5	c5
2.99659987868163e-05	0.156602066165269	0.081	0.061	1	BRD3OS	c5
7.86497962886503e-06	-0.156545613282735	0.176	0.141	0.263775686792875	INO80D	c5
1.97999366046771e-06	0.156517625729819	0.19	0.154	0.0664050273847662	HSPBP1	c5
0.753472539221771	-0.156470179333287	0.447	0.421	1	SH3KBP1	c5
0.0233582923459328	-0.156358683138656	0.091	0.078	1	YTHDC2	c5
0.414608787687968	-0.156353889498399	0.027	0.025	1	MED22	c5
0.0594480695026557	-0.156331567039962	0.105	0.093	1	TRPV2	c5
0.583320733733108	-0.156323626305122	0.171	0.164	1	TBPL1	c5
0.155952864274341	-0.156322935947468	0.039	0.034	1	DMWD	c5
0.142183817849889	-0.156291382616434	0.147	0.134	1	FBXO31	c5
0.0667076996163377	0.156276921645306	0.03	0.025	1	NR5A2	c5
1.63982441332546e-06	0.156271170398183	0.127	0.098	0.0549964311741092	RBM15B	c5
0.572782237323016	-0.156157114439721	0.09	0.086	1	BOP1	c5
0.00229243669667776	0.156149402737706	0.023	0.015	1	ZNF222	c5
0.116483694647136	-0.156050978022026	0.015	0.012	1	NACC2	c5
0.976764059665259	-0.155943802918515	0.095	0.094	1	GPN3	c5
4.25103531466022e-06	0.155919078342547	0.043	0.028	0.142571222383075	DUSP8	c5
0.0394192826424862	-0.155889155907811	0.083	0.072	1	ZNF142	c5
0.410724611794795	-0.15579596099098	0.16	0.152	1	APPL1	c5
0.755289352605727	-0.155676652178292	0.024	0.025	1	AC016876.1	c5
0.56414709446687	-0.155578882536483	0.256	0.243	1	SNRPA	c5
0.00066231542827872	0.155557871776835	0.107	0.088	1	DMAC2	c5
0.00444645675591797	-0.155437710921697	0.171	0.147	1	CXXC1	c5
0.298861696003909	-0.155434926216795	0.034	0.03	1	TRIM65	c5
0.182730078761081	-0.155362055978413	0.339	0.309	1	ATG12	c5
0.018916948038017	0.155335125373988	0.069	0.058	1	PITPNA-AS1	c5
0.903451713424896	-0.155307628570094	0.452	0.421	1	RAB2A	c5
0.552548717693924	-0.155282238162234	0.227	0.215	1	MRPS18B	c5
0.000228979211569214	-0.155235663430813	0.169	0.14	1	LRCH3	c5
0.058340519308279	-0.155216284813809	0.202	0.182	1	PDS5A	c5
0.878083831755131	-0.155193190276645	0.021	0.021	1	FAM161A	c5
0.018974393648969	0.155181938727395	0.051	0.042	1	EPS8L2	c5
0.743612026289635	-0.154971084254507	0.019	0.018	1	COA7	c5
0.000842679865421712	0.154781186334576	0.074	0.059	1	RAD17	c5
0.0593022075023587	0.154765668714714	0.018	0.014	1	ZNF2	c5
0.357102096463193	-0.154740659049013	0.113	0.105	1	LZIC	c5
0.669149943227841	-0.154678625073402	0.023	0.022	1	MIPEP	c5
0.0516512146154461	-0.154612087998466	0.059	0.05	1	ARL5B	c5
0.000781362100989513	0.154522164701413	0.05	0.037	1	TRMT11	c5
0.8802886213072	-0.154477803235276	0.148	0.145	1	RPF1	c5
1.65298561883515e-06	0.154466421819927	0.098	0.073	0.0554378316844931	DGCR2	c5
0.04446527624479	-0.154359452804405	0.138	0.123	1	EIF2B5	c5
0.607306457075142	-0.154354741259039	0.246	0.233	1	VPS29	c5
0.907506113293101	-0.154193299128921	0.274	0.265	1	DSTN	c5
0.139432442008285	-0.154175355372713	0.026	0.022	1	FLYWCH1	c5
0.0640554459355305	-0.154154842626347	0.122	0.11	1	SP140L	c5
0.0148719230656399	0.154082416039571	0.031	0.023	1	TEX261	c5
2.42360015210961e-05	0.153980136971737	0.113	0.089	0.812827019014521	SPATA33	c5
0.11854402980846	-0.153907701312662	0.572	0.513	1	SRSF10	c5
0.000833694355206813	0.153764146980333	0.079	0.063	1	CDC23	c5
0.21836111891013	-0.153737570255095	0.062	0.056	1	WWP2	c5
0.97608352196054	-0.153736336961445	0.161	0.158	1	NUDCD2	c5
0.208301019118657	-0.153696224307715	0.196	0.182	1	TAF3	c5
1.25927502530275e-05	0.153695527829756	0.084	0.063	0.422335657986036	ZNF92	c5
0.183017879126635	-0.153649504969271	0.021	0.018	1	DHX34	c5
0.000138092282543837	0.153643695590277	0.041	0.029	1	CEP97	c5
0.00580892914900391	-0.153507067482641	0.162	0.14	1	LCOR	c5
0.0170268180760491	-0.153445798470002	0.406	0.361	1	PRPF4B	c5
0.000157087629704539	0.15332103977042	0.055	0.04	1	NOP9	c5
0.00626419680671072	-0.15328592476852	0.298	0.26	1	TOB1	c5
0.880703403412393	-0.153214987097246	0.094	0.094	1	RPL26L1	c5
0.659858601678169	-0.153032302236913	0.04	0.039	1	RFXAP	c5
0.107210919501598	-0.152983976496223	0.546	0.514	1	RGS10	c5
0.988652222434838	-0.152982860424564	0.103	0.102	1	GTF2H5	c5
0.326817012093725	-0.152957581615441	0.055	0.051	1	MRE11	c5
0.00842641583473869	0.152824171036084	0.044	0.034	1	HIST2H2AA4	c5
0.177991732036803	0.152764860428356	0.016	0.013	1	NOL4L	c5
0.0108572512040224	0.15269676365161	0.043	0.034	1	RTP4	c5
0.725014333883561	-0.152603106228318	0.42	0.392	1	TCP1	c5
0.000213288687754705	0.152580928758695	0.058	0.043	1	PRKCA	c5
0.530964433280276	-0.152412878446242	0.016	0.015	1	PARL	c5
0.311676347341394	-0.15236848189321	0.055	0.05	1	CEP295	c5
0.82203495362204	-0.152325125479427	0.037	0.037	1	DSN1	c5
0.0171908164512062	-0.152309477751111	0.165	0.145	1	CNST	c5
0.0300339826346103	-0.152302965096761	0.287	0.256	1	PHF11	c5
0.0125897712564317	-0.152227180720362	0.042	0.033	1	CACTIN	c5
0.0332933374026234	-0.152108264213013	0.169	0.15	1	RBM10	c5
0.00094627421102966	-0.152037230368614	0.298	0.259	1	MUC20-OT1	c5
0.2340182641949	-0.152004087667112	0.259	0.241	1	TAB2	c5
0.615421343215819	-0.151885661594307	0.054	0.051	1	GID4	c5
0.111708644357228	-0.15184416373651	0.113	0.102	1	ZNF592	c5
0.613329927322036	-0.151834157532503	0.014	0.013	1	ABL2	c5
0.195414479076354	-0.151682653874716	0.128	0.118	1	MPPE1	c5
8.53275041818849e-05	-0.151680055545202	0.079	0.06	1	HECTD4	c5
0.825030818909769	-0.151671039382772	0.043	0.042	1	MRS2	c5
0.0183415790359725	0.151662712518882	0.026	0.02	1	ZNF319	c5
0.471445923537175	-0.151659836201772	0.221	0.209	1	IRF2	c5
0.0207553350036336	0.151658120252799	0.091	0.079	1	SPTSSA	c5
0.0127022723665529	-0.151536076906759	0.098	0.084	1	MED23	c5
0.000554556730983661	0.15150609221695	0.1	0.082	1	CD8B2	c5
0.336224033840229	-0.15143472040796	0.019	0.017	1	ZNF680	c5
0.00916833029919161	0.151276307567385	0.034	0.026	1	YAE1D1	c5
0.163912144018935	-0.151266822375383	0.09	0.081	1	KIAA0040	c5
0.0338785647811514	-0.151188172681183	0.182	0.162	1	UIMC1	c5
0.355046137797291	-0.151115281198767	0.184	0.173	1	COQ4	c5
0.220704115989299	-0.151095943087263	0.243	0.226	1	C6orf62	c5
0.360245584795439	-0.151084595261103	0.628	0.586	1	ACTR3	c5
0.00383707466559388	-0.150716991857885	0.153	0.131	1	PLEKHM1	c5
0.000149236253950003	0.150553380816536	0.083	0.065	1	B3GLCT	c5
7.11765238834041e-05	-0.150546064800984	0.158	0.128	1	PKN2	c5
4.88472418355376e-06	0.150411439054401	0.178	0.145	0.163823879668026	POLR2H	c5
1.45971075665614e-05	0.150381555623595	0.109	0.085	0.489557793567335	KCTD5	c5
0.00248343049429646	-0.150208388077474	0.317	0.277	1	BRWD1	c5
0.0364100043602344	0.150172017954817	0.039	0.032	1	ENDOG	c5
0.175350788063755	-0.150171896594949	0.203	0.185	1	GTF2E2	c5
0.0634377952078034	-0.150033992295738	0.111	0.099	1	ELK4	c5
0.063373627811273	0.150015293289111	0.031	0.025	1	RHEBL1	c5
0.990221360490689	-0.150013065801914	0.023	0.023	1	DPH5	c5
0.0606689327575449	0.149800330154325	0.014	0.01	1	ZNF324B	c5
0.562781668991807	-0.149788626717171	0.063	0.06	1	TBC1D14	c5
0.377858521706126	-0.149688585581869	0.084	0.079	1	NOC3L	c5
3.56524764406306e-05	0.149566052401421	0.095	0.073	1	FUOM	c5
0.0843485425106563	-0.149488862121374	0.16	0.145	1	ESF1	c5
0.00929959533647901	-0.149481306690609	0.231	0.202	1	COL4A3BP	c5
0.237170634620305	0.149419107600755	0.012	0.01	1	MFSD13A	c5
0.000584856524706075	0.149335406296845	0.071	0.055	1	MAPK7	c5
0.228232649043499	-0.149243944458775	0.097	0.088	1	STYX	c5
0.00329006358428634	0.149225790832547	0.091	0.076	1	ALYREF	c5
0.433228890134621	-0.149186266725459	0.021	0.019	1	FRAT1	c5
0.00194012228580569	0.149155428418054	0.053	0.041	1	ABHD10	c5
2.08297032260078e-06	0.149123716590945	0.142	0.111	0.0698586586793851	PIP4K2C	c5
0.0739126526178861	-0.149040019182434	0.066	0.057	1	AMPD2	c5
0.00085167973175164	0.148967121516784	0.13	0.109	1	GEMIN7	c5
0.222648084231604	-0.148934498864223	0.481	0.438	1	KIF5B	c5
0.000206190860066324	0.148915948087488	0.086	0.068	1	CCDC85C	c5
0.0543489068496365	0.148906897549798	0.017	0.013	1	CCDC134	c5
0.48735002335008	-0.148860513372149	0.061	0.057	1	HLA-G	c5
0.323494401677163	-0.148739087554853	0.103	0.097	1	UBE2R2	c5
0.000394361038601365	-0.148637144446894	0.368	0.317	1	PNN	c5
2.18406724505587e-06	0.148624039343426	0.149	0.118	0.0732492472646837	ABCB1	c5
0.591898733429429	-0.148595369681603	0.098	0.094	1	KAT8	c5
0.385553267542861	-0.148585918446484	0.033	0.03	1	SMN2	c5
0.598551989599899	-0.14852771923611	0.398	0.369	1	ILK	c5
0.0100389184127539	-0.148524927309897	0.083	0.069	1	MBD6	c5
6.55156862559375e-05	-0.148514229141791	0.211	0.176	1	PPP6R2	c5
0.0467589535811953	0.148485893194343	0.026	0.021	1	ZNF865	c5
0.132644667411503	-0.148455919452167	0.205	0.187	1	CKS2	c5
0.781199011855593	-0.148397303300742	0.011	0.01	1	CENPBD1	c5
1.91645547451762e-06	0.148335400046068	0.16	0.128	0.0642740837043721	ERCC1	c5
0.163597374003934	-0.14833049618532	0.182	0.168	1	VEZT	c5
8.90233852414907e-05	0.148315441964894	0.082	0.063	1	ZNF140	c5
0.201102502549414	-0.148280380775522	0.028	0.024	1	CEP162	c5
0.110852900525256	0.148244659197716	0.021	0.017	1	C1orf54	c5
0.000210287701842715	0.148217388309189	0.061	0.046	1	ZSCAN25	c5
4.98366765915577e-06	0.148180608019716	0.187	0.153	0.167142245952766	MAD2L2	c5
0.103584029366402	-0.148147065943803	0.025	0.021	1	PTDSS2	c5
0.00721599872606694	-0.148117865198347	0.17	0.147	1	ZCCHC8	c5
0.780307109323568	-0.148111747565308	0.033	0.034	1	MTX2	c5
0.0219020966885721	0.14807302062468	0.016	0.012	1	GAREM2	c5
0.000357488206952676	0.14806115688806	0.089	0.071	1	RAB24	c5
0.261658030857203	-0.14801276447457	0.256	0.237	1	PSMD12	c5
0.776858904483656	-0.147990939891394	0.03	0.029	1	CTU1	c5
3.20711882442842e-05	0.147961785137231	0.158	0.13	1	EXOSC7	c5
0.104897430502808	-0.147845465421689	0.123	0.111	1	UTP3	c5
0.000752027116460481	-0.147752920349652	0.082	0.065	1	UNKL	c5
0.000749491450438504	0.147730928874077	0.108	0.089	1	BCL2L12	c5
0.00323342721812583	0.147621889090936	0.036	0.027	1	GYS1	c5
0.0831693925109221	-0.147574658587622	0.058	0.05	1	MTMR10	c5
0.00906907072493993	-0.147532315488343	0.241	0.212	1	PPP1R10	c5
0.724242943431672	-0.147490884354129	0.063	0.065	1	CCDC71	c5
0.354221853278216	-0.147439949441434	0.056	0.052	1	SLC25A16	c5
0.498144820398621	-0.147315505188605	0.06	0.064	1	TUBG1	c5
0.000892588091609339	0.147315434801148	0.031	0.021	1	ZNF845	c5
0.728866770054681	-0.14718373565964	0.086	0.084	1	STX18	c5
0.0178151239349996	0.147075812354635	0.072	0.061	1	FH	c5
0.432339803534075	-0.146982419332263	0.054	0.05	1	ZFYVE19	c5
0.118865811495515	-0.146939322674229	0.037	0.032	1	CDK19	c5
0.775864211716852	-0.146931867199355	0.027	0.027	1	ZNF714	c5
0.549139819785501	-0.146892476379929	0.516	0.481	1	C9orf78	c5
0.227163554919618	-0.146872052832634	0.01	0.012	1	GATB	c5
0.642300164429089	-0.146865638064687	0.022	0.024	1	NCAPG	c5
0.0906733089010996	-0.14684266448177	0.104	0.094	1	UBE4B	c5
0.0704592838396804	-0.146755863286291	0.107	0.096	1	WDR60	c5
0.24096184657741	-0.146727336031129	0.077	0.07	1	AGAP2	c5
0.00202934861210838	0.146719867096429	0.053	0.041	1	MOSPD2	c5
0.0437533768784085	-0.14659962811911	0.244	0.221	1	MAP4K1	c5
0.916525071677088	-0.146529541433951	0.585	0.549	1	CAST	c5
0.347749833152662	-0.146429261043761	0.249	0.233	1	SEC22C	c5
0.0756745971775794	-0.146413935538592	0.2	0.184	1	TAOK3	c5
0.416851369216593	-0.146375707368405	0.13	0.123	1	CCDC25	c5
0.104311492761007	0.146364961976169	0.023	0.019	1	MFGE8	c5
0.695522974330745	-0.146362077494083	0.094	0.095	1	SMIM27	c5
0.0215961465999849	-0.146331737172211	0.037	0.029	1	TMEM168	c5
0.492767972190191	-0.146298159779666	0.026	0.024	1	AGBL5	c5
0.867770654359523	-0.14625379556834	0.395	0.373	1	RAB14	c5
2.25655318744465e-06	0.146187147264739	0.061	0.043	0.0756802808005188	CAMTA2	c5
0.297977871227831	-0.146147480782117	0.177	0.166	1	CSGALNACT2	c5
0.663149049280376	-0.146144550456614	0.503	0.46	1	VPS28	c5
0.823340454301186	-0.146103035476019	0.019	0.018	1	GSTM4	c5
0.808912535514924	-0.146090360816813	0.083	0.084	1	RETREG1	c5
1.36840895209071e-05	0.146029407733796	0.135	0.108	0.458936994352183	MRPL42	c5
0.198892180299658	-0.145991184179641	0.07	0.064	1	CSNK2A2	c5
0.00766984800789932	-0.145861481090053	0.075	0.062	1	TSTD2	c5
0.00764261405330936	0.145741432572738	0.038	0.03	1	HSPA14	c5
0.405811008351526	-0.145699391061945	0.065	0.061	1	UBQLN4	c5
0.48913071261537	-0.145652499561526	0.177	0.168	1	METTL5	c5
0.51081379347219	-0.14559518264847	0.047	0.045	1	LIN54	c5
0.184523988539464	-0.145523362986125	0.059	0.053	1	DDX31	c5
0.00251594576499669	-0.145399747943577	0.203	0.175	1	ARID1A	c5
0.0927509639065568	0.145269316021375	0.024	0.019	1	OXSM	c5
0.492037571024703	-0.145163455202971	0.364	0.335	1	R3HDM4	c5
0.00466929421251662	0.14515667606461	0.062	0.05	1	ISOC2	c5
1.89460055394951e-05	0.145156161285963	0.068	0.049	0.635411133783587	ZNF808	c5
0.0551835899296145	-0.14511141782904	0.043	0.036	1	PPP1R16A	c5
0.508679867746428	0.145110271712854	0.021	0.019	1	AC018816.1	c5
1.15957139102017e-05	0.145056921048902	0.141	0.113	0.388897053120343	MTRF1L	c5
0.103793356975573	-0.144945696054549	0.11	0.099	1	ACBD6	c5
0.712394309541541	-0.144930041480174	0.031	0.032	1	WDYHV1	c5
0.211255000284399	-0.144906818885316	0.175	0.162	1	KATNBL1	c5
0.82984388985021	-0.144781362950926	0.061	0.06	1	SAAL1	c5
0.00433595814201356	-0.144741870036663	0.171	0.147	1	RB1	c5
0.039001377627677	0.144677667197826	0.036	0.029	1	TMEM237	c5
0.195482877897484	-0.144629125589249	0.03	0.026	1	ZNF510	c5
0.963985308580141	-0.144560393117233	0.081	0.081	1	FEN1	c5
0.548492670281293	-0.144186567155495	0.056	0.053	1	MAP1A	c5
0.017597630340913	-0.144127498784696	0.094	0.081	1	FUT8	c5
2.4051994124638e-05	-0.14403600956127	0.12	0.095	0.80665577895211	ENTPD4	c5
0.0023071885787033	-0.143820316337427	0.019	0.012	1	SH3BP5-AS1	c5
0.000435425912642929	0.143803131361402	0.06	0.046	1	ZNF398	c5
0.401877389566296	-0.143675297827099	0.101	0.095	1	SYS1	c5
0.00060944536685402	-0.143649662591789	0.154	0.128	1	MGRN1	c5
0.602429970905972	-0.143562758706795	0.014	0.012	1	FBXL14	c5
0.000367960247444316	0.143550735441806	0.098	0.079	1	BTD	c5
0.245188494363629	-0.14348942937915	0.03	0.026	1	ROGDI	c5
0.062648274161297	0.1433871744486	0.038	0.032	1	AP5S1	c5
0.625317260856888	-0.14324870916855	0.019	0.017	1	RNASEH1-AS1	c5
0.00022527295943461	0.143214621216506	0.095	0.075	1	SLC35A2	c5
0.0484998039679394	0.14318069884887	0.023	0.018	1	ARPC1A	c5
4.55269386253377e-05	0.143067085200313	0.168	0.139	1	VMA21	c5
0.558196060977454	0.143004117624501	0.014	0.012	1	AL162258.2	c5
0.000219752926080072	0.142938637946498	0.076	0.059	1	RNFT1	c5
0.00081667701419286	0.142877985622043	0.042	0.031	1	GANC	c5
0.674390795479106	-0.142875600993483	0.011	0.012	1	JAM3	c5
0.541589620540648	-0.142817139850107	0.143	0.145	1	DCTPP1	c5
0.0981114317421454	0.142797852778184	0.017	0.013	1	ZNF852	c5
0.82227332771004	-0.142769820099529	0.053	0.054	1	C11orf1	c5
0.516680083031923	-0.142764309614485	0.308	0.287	1	RALBP1	c5
0.19998254467639	-0.142624759127955	0.41	0.374	1	MTCH1	c5
0.000311523491399229	0.142481875903184	0.092	0.073	1	DOHH	c5
0.0403537570460112	-0.14243661239853	0.26	0.236	1	CYFIP2	c5
0.00797334662495972	-0.142318741832193	0.082	0.068	1	LRCH4	c5
0.0386096334064413	-0.14213083012332	0.115	0.102	1	FBXO9	c5
8.01623796428792e-06	-0.142126182659966	0.191	0.154	0.268848588846288	FRYL	c5
0.140651130671198	-0.142117985579855	0.195	0.179	1	NOL11	c5
1.85668769828423e-58	-0.142102505291596	1	0.95	6.22695920250565e-54	RPL39	c5
0.000294224931075963	0.142082577865676	0.12	0.098	1	MRPL39	c5
0.403785416730603	-0.141935547705432	0.635	0.58	1	H2AFV	c5
0.0501312511141391	-0.141909355795312	0.079	0.069	1	HPS4	c5
0.341890069503688	-0.141901443602415	0.069	0.064	1	SEH1L	c5
0.0348052093514954	-0.14189966128616	0.057	0.048	1	COLGALT1	c5
0.243431736845523	-0.141881323311175	0.027	0.024	1	KIAA1147	c5
0.470612500267403	-0.141844328302945	0.47	0.432	1	AES	c5
9.00272696832818e-06	0.141584768329035	0.086	0.064	0.30193345706379	LINC00667	c5
6.17228606918923e-05	-0.141570986768458	0.266	0.223	1	NEMF	c5
0.0849157386477822	-0.141498742951991	0.071	0.063	1	DPYD	c5
0.10179505431568	-0.141423737933078	0.135	0.122	1	ZNF384	c5
0.0131129787810117	0.141407058857628	0.03	0.023	1	RAI1	c5
2.91650386609994e-06	0.141343552956229	0.123	0.096	0.0978137066612599	VPS11	c5
0.968590635206188	-0.141341535329907	0.103	0.102	1	ATF5	c5
0.0605264492875517	-0.141286643812692	0.031	0.025	1	RHBDD3	c5
0.36602312706243	-0.141273874759761	0.048	0.044	1	TMEM129	c5
0.284941294398274	-0.141215828636835	0.041	0.037	1	TMEM8A	c5
3.99512611288167e-06	0.141044365075798	0.114	0.088	0.133988539573825	SLC5A6	c5
0.965808490374184	-0.141038864454272	0.032	0.032	1	SLC39A3	c5
0.573337938073682	-0.140950725317493	0.08	0.076	1	RACGAP1	c5
0.861065147155022	-0.140912154083737	0.651	0.591	1	SRSF5	c5
0.777788862295956	-0.14089957384616	0.031	0.03	1	HAUS5	c5
0.000239804860477946	-0.140794478851961	0.323	0.278	1	NPEPPS	c5
0.013077782146672	-0.140714482219927	0.198	0.174	1	FGD3	c5
0.588369877703295	-0.140675648941476	0.347	0.325	1	RBBP7	c5
0.00204778339383437	0.140577341964147	0.023	0.016	1	ZFPM1	c5
0.0172667799959507	-0.140509871534177	0.034	0.026	1	PPP1R12B	c5
0.114920365360464	-0.140483845739101	0.059	0.052	1	RETSAT	c5
0.204850672365439	0.140481924936059	0.016	0.013	1	ZNF575	c5
0.0639392290748059	0.140289155915835	0.027	0.022	1	TMEM53	c5
0.0256950143214416	0.1402036975593	0.066	0.057	1	SIGMAR1	c5
0.018029200569564	-0.140138021511369	0.075	0.063	1	DHDDS	c5
0.123383013887944	-0.140133297562779	0.056	0.049	1	ZNF529	c5
0.993361704026492	-0.139904068583973	0.414	0.391	1	AKIRIN2	c5
3.54640600597052e-06	0.139864225612072	0.175	0.142	0.118939364628239	USB1	c5
0.622155874837464	-0.139849321256237	0.059	0.056	1	BSCL2	c5
0.13072479798657	-0.139830730281874	0.094	0.085	1	IFIT5	c5
0.281359864108409	-0.139660348825089	0.029	0.033	1	ITGB3BP	c5
0.161007058078564	-0.13960333089365	0.169	0.155	1	THAP7	c5
0.0637054179395362	-0.139584567606199	0.112	0.099	1	EXOC1	c5
0.0213147823107482	-0.13950279282711	0.054	0.045	1	TOM1L2	c5
3.99970335620915e-06	0.139434894061123	0.102	0.078	0.134142051160543	YTHDF1	c5
0.20403617138766	-0.139431713425991	0.052	0.046	1	SLC38A5	c5
0.43398804122736	-0.13933384197947	0.055	0.052	1	LINC00662	c5
0.641097070560915	-0.139301654276719	0.034	0.033	1	SAP30L	c5
0.00921298282276455	-0.139292473291036	0.21	0.182	1	MPZL3	c5
0.154612408939114	-0.139276756731164	0.026	0.022	1	ZNF429	c5
0.477051503311162	-0.139250367989165	0.049	0.045	1	EXOSC2	c5
0.067587423083422	-0.139201187199929	0.358	0.325	1	SEPT1	c5
0.476446034476354	-0.139174302205877	0.065	0.062	1	RAP2A	c5
0.191701266983335	-0.139155962789679	0.019	0.016	1	ZNF692	c5
0.000809410612042155	0.139143933550735	0.063	0.049	1	IRAK1	c5
0.301238471272715	-0.139085619428028	0.02	0.018	1	AC020928.1	c5
0.0863967651582052	-0.139046919068989	0.123	0.111	1	XPA	c5
0.0509238395357727	-0.138963118908704	0.117	0.104	1	ZFX	c5
0.0267177091967339	-0.13896164931118	0.291	0.263	1	GLS	c5
0.26617787392431	-0.138940175834805	0.11	0.102	1	STIM2	c5
0.647870060153191	0.13886575984542	0.018	0.017	1	SLC25A15	c5
0.00576599465928952	0.138809676016435	0.06	0.048	1	DUSP3	c5
0.00828406644653564	0.138799106589034	0.033	0.025	1	SPRYD4	c5
0.00435708039282462	-0.138651021155588	0.245	0.214	1	XPO1	c5
0.00601099541307211	-0.138603773337006	0.181	0.157	1	SKI	c5
0.000419927865224829	-0.138522549426058	0.242	0.205	1	CNOT4	c5
0.0455922031578002	-0.138493234424625	0.131	0.117	1	DDX58	c5
0.137762889281046	-0.138472902275108	0.197	0.182	1	BAG6	c5
0.0174477748635395	-0.138396863644159	0.128	0.112	1	AKAP8	c5
0.651054168712577	-0.1383612132044	0.015	0.016	1	MBNL3	c5
1.30769836103005e-05	0.138314627783817	0.14	0.112	0.438575876322259	C12orf49	c5
0.0043567630413052	-0.138285703394407	0.158	0.136	1	MBTPS1	c5
0.0409843637998122	-0.13817533755348	0.255	0.228	1	MAPKAPK2	c5
0.0121889824246007	0.138150880010406	0.047	0.038	1	DNAJC18	c5
0.00230402391420759	-0.138148235999735	0.045	0.034	1	WDR7	c5
0.860207137648063	-0.138039151938982	0.084	0.083	1	SDHAF2	c5
0.873905094745922	-0.138017049909622	0.409	0.384	1	CBX3	c5
0.00102059778247832	-0.138012787098013	0.452	0.397	1	GOLGB1	c5
0.49461490702702	-0.137992420972017	0.031	0.029	1	ATP1B1	c5
3.50866639831698e-06	0.137969321080204	0.153	0.122	0.117673653666755	PDE6D	c5
0.0163023042923878	0.137900246877059	0.036	0.029	1	TMEM254	c5
0.00431144357192803	-0.1378854843418	0.126	0.107	1	XAF1	c5
0.0692173358772453	-0.137872283964935	0.082	0.072	1	ANO6	c5
0.000283769365410294	0.137778619457187	0.092	0.073	1	SGCB	c5
0.311852043947316	-0.137755752191178	0.356	0.348	1	BIN1	c5
4.31577138074104e-05	0.137708150436298	0.194	0.163	1	THOC7	c5
0.0313266308870388	-0.137599522510339	0.189	0.168	1	MFSD14A	c5
0.64574284040233	-0.137597888389956	0.043	0.041	1	METTL18	c5
0.0109049467313314	0.13757824530078	0.09	0.077	1	TMEM242	c5
0.029991524615845	-0.137548377658234	0.504	0.447	1	SEPT2	c5
0.157801286206117	-0.137486696881629	0.257	0.236	1	FAM204A	c5
0.51659587953493	-0.137481767748009	0.635	0.58	1	WDR1	c5
0.0025651388277341	0.137386791292085	0.047	0.036	1	PLA2G15	c5
0.235205014490055	-0.137361519575629	0.163	0.152	1	SLAIN2	c5
0.150955702016654	-0.137256338927295	0.14	0.129	1	NAA15	c5
0.502355941631496	-0.137135169794525	0.055	0.052	1	WDSUB1	c5
0.796218156919058	-0.13696853604177	0.257	0.246	1	REXO2	c5
0.261375900612202	-0.136950801911698	0.025	0.022	1	ZNF500	c5
0.0505595577652696	-0.136949854676446	0.108	0.096	1	SNIP1	c5
0.0564348606877125	-0.136879666383241	0.208	0.188	1	CYP20A1	c5
0.798877430126509	-0.136865742653817	0.216	0.208	1	GPN1	c5
0.328136333744526	0.136754889194796	0.016	0.013	1	TRAV26-2	c5
0.0021734073030296	-0.136750520953319	0.232	0.202	1	RIF1	c5
0.000856300196034516	0.136741990483787	0.12	0.101	1	GGCT	c5
0.0036400594862779	0.13671878950916	0.17	0.149	1	PDLIM4	c5
0.580296093046232	-0.136705667401923	0.032	0.033	1	PUDP	c5
1.68680995956714e-06	-0.136604859974965	0.426	0.362	0.0565722324239626	AKAP9	c5
0.292623842245287	-0.136508609121163	0.035	0.032	1	KLF16	c5
0.345235401926025	-0.136481912491257	0.018	0.016	1	TMEM201	c5
3.72702120313159e-05	0.13634421379358	0.136	0.11	1	CIAPIN1	c5
0.000326695678216665	0.13622508385531	0.103	0.083	1	BET1	c5
0.0356525316500576	-0.136165278701635	0.171	0.152	1	ZNF326	c5
0.00119537520637969	-0.136107863169203	0.18	0.153	1	DPP8	c5
0.00268810853355204	0.136076683986066	0.089	0.073	1	NFYB	c5
0.000216092144946817	-0.136039784874258	0.135	0.11	1	KIF21B	c5
0.213909456361121	-0.135973574054601	0.204	0.189	1	PDHA1	c5
0.677411409634634	-0.135874890485759	0.349	0.33	1	NT5C3A	c5
0.100510248976246	-0.135836123269919	0.124	0.112	1	YTHDF3	c5
0.822982822354217	-0.135784372264559	0.406	0.379	1	EIF1AX	c5
0.0580088817973547	-0.135776420469612	0.088	0.077	1	PSD4	c5
0.288570481628849	0.135702433794222	0.038	0.034	1	ECI1	c5
2.98492168689098e-05	0.135508116849161	0.062	0.045	1	BRMS1L	c5
0.275077341672115	-0.135393911623615	0.047	0.043	1	IPO13	c5
0.0128909443946721	-0.135298792913718	0.14	0.122	1	SEC24B	c5
0.152659734257818	-0.135220411517056	0.042	0.036	1	SGSH	c5
0.177306478014606	-0.135215300955448	0.303	0.279	1	CGGBP1	c5
0.0852441716052461	-0.135161992648902	0.36	0.324	1	NOP56	c5
0.13408242363631	-0.135140754840027	0.028	0.023	1	AL137003.1	c5
0.818109039498897	-0.135079930874256	0.011	0.01	1	AC105020.6	c5
0.0240639398504196	-0.135046844728364	0.204	0.181	1	ZBTB8OS	c5
4.44459634289818e-06	0.13501571906743	0.088	0.065	0.149062872148119	NAT9	c5
0.684620645653285	-0.134974304866091	0.009	0.01	1	HSBP1L1	c5
0.247297302127765	-0.134959778698384	0.133	0.124	1	TM2D1	c5
0.00176439619994074	0.134933339259734	0.084	0.069	1	XKR8	c5
0.409616552442059	-0.134857187809352	0.048	0.044	1	DUSP28	c5
0.18683932352848	-0.134754707838094	0.02	0.017	1	LZTS3	c5
0.128244394525702	-0.134728467494588	0.5	0.454	1	JAML	c5
0.00495158491853693	0.134658300276966	0.086	0.072	1	NUCB2	c5
0.0186013010547759	0.134655982067204	0.04	0.032	1	SNX8	c5
0.00036341657059498	0.134577895487149	0.085	0.068	1	NFKBIL1	c5
0.0903127616357798	-0.134490091544512	0.1	0.089	1	DENND4C	c5
0.000645591431582123	0.134470978670142	0.039	0.028	1	BBS2	c5
0.0634241468562161	-0.134466070160807	0.281	0.256	1	RBBP6	c5
0.0217941733967382	-0.134414674163906	0.082	0.07	1	FKBP15	c5
0.0426874147932602	-0.134354050623798	0.074	0.064	1	PHTF2	c5
0.0203278290931463	-0.134344464165017	0.364	0.324	1	U2SURP	c5
0.32174488771864	-0.134309259089103	0.088	0.082	1	NAF1	c5
1.99393682004192e-06	0.134273841469573	0.172	0.137	0.0668726530705659	BORCS6	c5
0.00603421647711536	0.134261542354056	0.033	0.024	1	ZNF286A	c5
0.993439853132873	-0.134142992920567	0.231	0.223	1	NHP2	c5
0.431824515869501	-0.134096096494456	0.033	0.03	1	CCZ1B	c5
0.0210164812798292	-0.134018140244265	0.103	0.089	1	SCO1	c5
0.000947944186612021	-0.134007412891898	0.203	0.173	1	ATF6B	c5
0.949443772499753	-0.133987080173947	0.101	0.1	1	ING2	c5
0.79194726622053	-0.133961380510617	0.018	0.017	1	HSD17B4	c5
5.38369802861621e-06	0.133955659247872	0.065	0.046	0.180558464483731	AXIN1	c5
0.459016345015798	-0.133883693562256	0.042	0.039	1	WDR41	c5
0.790693371636367	-0.133820845028525	0.037	0.036	1	ABRAXAS1	c5
2.91171734032033e-06	0.13374189310382	0.094	0.07	0.0976531761596632	ERF	c5
3.71755894624621e-06	0.133737367421567	0.122	0.096	0.124679491939205	ABHD18	c5
0.237829171432005	-0.133598721852699	0.118	0.109	1	HEBP2	c5
0.294330012876828	-0.133582896418519	0.234	0.218	1	ATG5	c5
3.09053897948421e-05	0.13357403749071	0.084	0.064	1	ZNF567	c5
1.97968650533802e-05	0.133562316786813	0.128	0.102	0.663947260160267	SPRYD3	c5
0.000526091907873414	0.133560094360105	0.037	0.026	1	WWC3	c5
0.00536326721284092	-0.133349462032486	0.22	0.193	1	SFSWAP	c5
8.24985750294864e-10	-0.133316461915332	0.999	0.971	2.76683720933891e-05	UBC	c5
0.0044657186322652	0.133237328635604	0.058	0.046	1	PDHX	c5
0.00203156238840485	-0.133231728545745	0.274	0.237	1	ZBTB7A	c5
0.871702568262075	-0.133196332370508	0.573	0.529	1	KTN1	c5
0.652572091890135	-0.133191547523154	0.565	0.537	1	TANK	c5
0.609239062332378	-0.133172610572091	0.022	0.021	1	PSKH1	c5
0.000900678370484416	0.133074661294541	0.039	0.028	1	ZNF468	c5
0.123402386909114	-0.133023769877272	0.3	0.275	1	GALM	c5
3.56463444890533e-06	0.13290695237212	0.157	0.126	0.119550710147387	ARL14EP	c5
0.513106068840428	-0.132739958601885	0.029	0.027	1	SNHG19	c5
0.00645905364012643	0.132726388333466	0.012	0.008	1	RHPN1	c5
1.57722822141199e-05	0.132715302943655	0.219	0.184	0.528970800897154	FAM162A	c5
0.152012636340182	0.132640472846741	0.017	0.013	1	KBTBD7	c5
0.0038625201842621	-0.13256471804843	0.068	0.054	1	ABI2	c5
1.7140844677823e-06	0.132535804999667	0.208	0.173	0.0574869648804828	CDK6	c5
0.0627508451685837	-0.132502239314547	0.097	0.086	1	CRYZL1	c5
0.402374039182464	-0.132482539764627	0.063	0.059	1	FAM206A	c5
0.067162866056244	-0.132477617071368	0.117	0.105	1	ASAP1	c5
0.170429327125612	-0.132473995980847	0.023	0.019	1	CLOCK	c5
0.186963742799685	-0.132433150164172	0.172	0.158	1	NUDT4	c5
0.880163302052302	-0.132382234705797	0.391	0.368	1	MPC2	c5
0.00199292902604163	-0.132348875820564	0.086	0.07	1	NRDE2	c5
0.393865488047294	-0.132307825701686	0.011	0.009	1	FUK	c5
0.813739201480532	-0.132300297201779	0.148	0.144	1	MPLKIP	c5
0.944043221775599	-0.132285816706754	0.158	0.156	1	HCFC1R1	c5
0.718878479081907	-0.132283664847961	0.171	0.165	1	METTL23	c5
0.751273203328204	-0.132254272404883	0.011	0.011	1	LINC00467	c5
6.50705536384396e-06	0.132175288288008	0.082	0.061	0.218233622792599	LANCL1	c5
0.752535362533166	0.132132777837743	0.012	0.012	1	FOXM1	c5
0.0495846092895532	-0.131929515500091	0.251	0.225	1	TMEM50B	c5
0.00404844246263395	-0.131752618209191	0.052	0.041	1	IFFO1	c5
0.423126373731494	-0.131729569762159	0.224	0.212	1	GINM1	c5
0.215736668047561	-0.131685076640076	0.03	0.026	1	PPARD	c5
0.761147257865396	-0.131671123787	0.069	0.067	1	ATP5S	c5
7.37656803417989e-06	0.131660911269717	0.154	0.124	0.247395338730325	YIF1B	c5
0.00949776821422758	0.131646279089123	0.032	0.024	1	NCS1	c5
0.0130536547439856	-0.131602724798962	0.019	0.013	1	APBB3	c5
0.221374281257883	-0.131575783163884	0.291	0.268	1	GNA13	c5
0.0567492253790647	0.13157527211721	0.007	0.01	1	TRBV24-1	c5
0.00129036336034366	-0.131483969831258	0.282	0.245	1	SREK1	c5
0.232598293672021	-0.131464163848564	0.028	0.025	1	ZNF181	c5
0.0011512301283359	0.131342849219935	0.048	0.036	1	ZNF346	c5
0.515292314128226	-0.131192773262508	0.024	0.022	1	VARS2	c5
0.0056602476856719	-0.131126943116031	0.266	0.233	1	DDIT3	c5
3.42649516497249e-06	0.131046415537621	0.195	0.159	0.114917794842847	EBNA1BP2	c5
0.027072757364951	-0.131030037124082	0.074	0.063	1	NEK9	c5
0.000611092995977826	0.130786501008334	0.042	0.03	1	ZNF268	c5
0.00198284981625552	-0.130769706838202	0.102	0.084	1	DGKE	c5
0.807331809699215	-0.130737455928551	0.018	0.018	1	NOMO1	c5
0.528675624968288	-0.130627068780982	0.272	0.258	1	DENR	c5
0.320611109130279	-0.13061897384538	0.258	0.239	1	NXT1	c5
0.216545705964697	-0.130607956321156	0.152	0.141	1	SPTLC1	c5
0.146361745543717	-0.130527860329145	0.138	0.127	1	TOPBP1	c5
0.0168484200605583	-0.130526853322685	0.312	0.279	1	NDUFV1	c5
0.00457708939138747	0.130525521555804	0.068	0.055	1	CXorf56	c5
7.24217717812573e-06	0.130430149503249	0.033	0.021	0.242888138199981	NBPF9	c5
0.0102877802476616	-0.130227681694662	0.117	0.101	1	AQR	c5
0.616656282894052	-0.130200662412941	0.039	0.037	1	RNF26	c5
0.0735767807917072	-0.130176608585876	0.133	0.121	1	PRKDC	c5
0.0588609883747902	-0.130157749930929	0.225	0.203	1	CCDC186	c5
2.33722261146305e-05	0.130152708993167	0.132	0.106	0.783857719432476	LTV1	c5
0.955066573740182	-0.130137632143484	0.027	0.027	1	MRPS17	c5
3.67071452672629e-06	0.130095286709831	0.155	0.123	0.123108423797346	TVP23B	c5
4.26022061261224e-05	-0.130088704128254	0.37	0.32	1	HNRNPH1	c5
0.00198667538998744	-0.130084695366334	0.237	0.205	1	SMC5	c5
0.205653541796357	-0.130040878375079	0.192	0.178	1	RNF220	c5
0.616245202417628	-0.129931713465052	0.122	0.118	1	CMAS	c5
0.115524050341272	0.129927984014463	0.02	0.016	1	ZNF213	c5
0.519138993050356	-0.129916462570348	0.026	0.024	1	HLA-DOA	c5
0.294780378937766	-0.129772613782174	0.056	0.051	1	NUP155	c5
0.875753291496864	-0.129761470678017	0.15	0.149	1	GLO1	c5
0.0442740732307312	-0.129749963951401	0.11	0.097	1	ATE1	c5
0.146976403390507	0.129619099015125	0.016	0.013	1	NEU4	c5
0.00257395118096146	0.129498107137958	0.066	0.053	1	PDK2	c5
0.00350974636593163	0.129484573907854	0.07	0.056	1	ZNF227	c5
0.00170395096687168	-0.129459329011619	0.321	0.28	1	ASXL1	c5
0.312317764467334	-0.129428519817997	0.212	0.197	1	ATG101	c5
7.86429063671063e-05	-0.129423615785295	0.274	0.232	1	BACH1	c5
0.0437283526296717	-0.129305402203853	0.166	0.148	1	GOSR1	c5
0.00132612069004291	0.12928548871752	0.028	0.02	1	ZSCAN18	c5
0.0789191992613386	-0.129250977950726	0.091	0.081	1	TAF1B	c5
0.954009291762143	-0.129229778047038	0.19	0.186	1	LSM6	c5
2.98333567376517e-05	0.129210785509692	0.06	0.043	1	ESRRA	c5
0.000245212107549267	0.129134013852701	0.112	0.09	1	RRP36	c5
8.5309408234975e-06	0.129049705076794	0.069	0.05	0.286110693338459	C2orf68	c5
0.0347758287975353	-0.129017109109787	0.089	0.077	1	ZC3H11A	c5
0.0439052988831927	-0.128980256578195	0.046	0.039	1	CROCC	c5
0.884899157495031	-0.128901321689764	0.334	0.315	1	MRPL14	c5
0.00442028333548752	-0.128762403866751	0.846	0.794	1	HNRNPDL	c5
0.0150763441119005	-0.128746602458706	0.33	0.295	1	SFXN1	c5
4.35342905998321e-05	-0.128707317621045	0.301	0.254	1	PDE4B	c5
0.000346155820819701	0.12863719518514	0.077	0.06	1	EDC3	c5
0.0139000906266807	-0.128627452104738	0.12	0.104	1	CBFA2T2	c5
6.79137194338516e-05	0.128562009932235	0.128	0.104	1	ZNF277	c5
0.971193005358614	-0.128529434315384	0.072	0.071	1	TACO1	c5
0.0159723596286038	-0.128486990118788	0.106	0.091	1	ANKHD1	c5
0.528854551727831	-0.128397074306501	0.069	0.065	1	DCAF1	c5
0.489019751560799	-0.128369484655447	0.623	0.567	1	CAPZB	c5
0.752991954393974	-0.128368719351433	0.096	0.093	1	RFK	c5
0.610364211202594	-0.128317810959737	0.043	0.041	1	SMARCAL1	c5
0.38300118931613	-0.128237570416927	0.041	0.037	1	ACADS	c5
0.707659415013944	-0.128205624433509	0.074	0.071	1	ODF3B	c5
4.6073537925267e-05	0.128184074684679	0.055	0.039	1	TTLL4	c5
1.94801470326891e-06	0.128134743949204	0.111	0.085	0.0653325171182326	SIN3B	c5
0.765225224564659	-0.127906441443439	0.072	0.07	1	CRTAP	c5
0.0197522621739227	0.127838911381784	0.043	0.035	1	PAK1	c5
0.396898662048986	-0.127745541328653	0.054	0.05	1	LRRC8A	c5
2.86477329478195e-07	-0.127741238174037	0.165	0.128	0.00960787667603969	GPATCH2L	c5
0.000152304524585264	0.127513483414833	0.091	0.072	1	WBP1L	c5
0.000260400869437639	0.127436849568147	0.084	0.066	1	NDUFAF5	c5
0.10577236926261	-0.127396653582277	0.171	0.156	1	GNPTG	c5
0.0169476876645094	-0.127391656962711	0.201	0.178	1	AZI2	c5
0.00947149933306228	-0.127361981762843	0.124	0.107	1	FBXO42	c5
0.35310831009244	-0.127360356568106	0.034	0.03	1	ZNF550	c5
0.940663746717427	-0.127301637315963	0.185	0.18	1	MRPL37	c5
0.329000469938005	-0.127264268860792	0.712	0.663	1	LIMD2	c5
0.0122278199642695	0.12724813050058	0.038	0.029	1	NOL6	c5
0.000202338923349232	0.127233039944544	0.094	0.075	1	HACD2	c5
2.39485143434545e-06	0.127201423567216	0.211	0.173	0.0803185274050778	THAP11	c5
0.000598392840096533	0.127153735544119	0.053	0.04	1	E2F3	c5
1.48274501933712e-05	0.127147877150864	0.147	0.119	0.497283024585283	BCL2L1	c5
0.000117244765725634	0.127041879925168	0.02	0.012	1	AC136475.3	c5
0.00311874535498253	0.126908575338917	0.046	0.035	1	MIER2	c5
0.040089957316104	0.126876440488322	0.029	0.023	1	MLLT11	c5
1.03861111631658e-05	-0.126839624847662	0.949	0.894	0.348329396190255	PABPC1	c5
0.0412627138947214	0.126838244181287	0.046	0.039	1	PDCD2L	c5
0.532261798397333	-0.126832060172486	0.037	0.035	1	FBXO45	c5
0.312384083056679	-0.126811640088179	0.227	0.213	1	NCK1	c5
0.0408917104139279	-0.126799578992129	0.092	0.08	1	HINFP	c5
9.79736067350456e-06	0.126798311267264	0.096	0.073	0.328583882267996	NCOA5	c5
0.131697076660044	0.126695859481865	0.012	0.009	1	TBC1D32	c5
2.94503869653139e-05	-0.126663614299136	0.121	0.096	0.987707078042699	ABCD4	c5
0.970761614697373	-0.126650040406265	0.022	0.022	1	MMAB	c5
0.489919921244732	-0.126618928356663	0.01	0.009	1	NFIA	c5
0.89835497775214	-0.126608413680636	0.127	0.124	1	RAB4A	c5
0.0796764811822907	-0.126445026700144	0.117	0.105	1	ZNF195	c5
0.0592204302732542	-0.126359424348207	0.099	0.088	1	EXOC2	c5
0.0360248859679749	-0.126316409989349	0.03	0.024	1	TANGO6	c5
6.25194423517288e-08	-0.126303067496831	0.495	0.408	0.00209677705759228	STMN1	c5
7.48226367090703e-05	-0.126263088801699	0.236	0.198	1	SLC4A7	c5
0.105056946790484	-0.126250476579624	0.366	0.334	1	YTHDC1	c5
0.0113885839033845	-0.126205200999528	0.141	0.123	1	SUPT20H	c5
0.0484649734579878	-0.126078365617454	0.247	0.223	1	IL2RG	c5
0.00163472339029352	-0.126040023734591	0.191	0.164	1	CHD6	c5
7.14749887401254e-05	0.125977076820336	0.145	0.119	1	TIGAR	c5
0.177552593091404	0.125932971919258	0.022	0.018	1	THAP8	c5
0.293589438626882	-0.125922987157797	0.037	0.034	1	FAHD1	c5
1.94469319259458e-05	0.125876414692608	0.156	0.127	0.652211202932369	DDX1	c5
0.101027979021688	0.125820646443882	0.017	0.014	1	ZNF563	c5
0.023313809828643	-0.125816821087525	0.074	0.063	1	TASP1	c5
1.90078364042163e-06	-0.125694757033585	0.142	0.111	0.0637484817324606	MLLT6	c5
0.188437717012945	-0.125654317476367	0.092	0.085	1	NUP85	c5
2.13107678182868e-15	-0.125597541222474	0.302	0.229	7.14720531089702e-11	GADD45B	c5
0.106408641729589	-0.125550609879611	0.099	0.089	1	MTO1	c5
0.628534139066039	-0.125518463666289	0.107	0.103	1	PRPF18	c5
0.00514527689007126	-0.12549839746261	0.206	0.179	1	UNC45A	c5
0.000407671279940061	0.125424149816054	0.07	0.054	1	KDM1A	c5
0.317493906790952	0.125417074328232	0.014	0.012	1	DYNC2LI1	c5
0.0229431559705129	-0.125386719570164	0.322	0.29	1	TNKS2	c5
0.0389216540032248	0.125352546856788	0.038	0.031	1	SARS2	c5
0.961321171977577	-0.125347079877039	0.034	0.034	1	SLC25A53	c5
0.609542128355924	-0.125206384759617	0.156	0.15	1	MTX1	c5
8.58773529129034e-05	0.125205162857698	0.044	0.031	1	CAMSAP1	c5
0.220547676176538	-0.125176727265642	0.218	0.202	1	SMIM29	c5
0.0498111300862746	0.125172698685064	0.043	0.036	1	ZNF668	c5
0.0578351929815193	-0.125082092708274	0.11	0.097	1	STK25	c5
0.0218966951030937	0.125081999269128	0.014	0.01	1	SMTN	c5
0.592767061636278	-0.12502679398831	0.109	0.104	1	CEBPZOS	c5
0.200473339970363	-0.125018610423135	0.213	0.196	1	UBALD1	c5
7.7069889607008e-06	0.12500741842329	0.127	0.1	0.258476995763983	SLC30A9	c5
0.16478877833085	-0.124984958808414	0.026	0.022	1	APOLD1	c5
0.602861900059576	-0.124970133453142	0.289	0.274	1	EVI2B	c5
0.0864626299009854	-0.124898992694934	0.193	0.175	1	TMEM263	c5
0.0606488848684121	-0.124875123816773	0.343	0.306	1	NGDN	c5
0.0416106913519355	-0.124848659171286	0.065	0.055	1	KLHL11	c5
0.000801250220051389	0.12480160015538	0.035	0.025	1	GHDC	c5
0.0110543404470727	-0.124703934509867	0.19	0.167	1	ARHGEF2	c5
0.00257140638980286	-0.124702555182265	0.227	0.199	1	HGS	c5
0.028328419752823	-0.124647043324938	0.075	0.063	1	PIGA	c5
0.420381716396136	-0.124646092112143	0.07	0.066	1	FAM199X	c5
0.00720085127165328	-0.124635379703006	0.053	0.042	1	BTRC	c5
0.277888139145026	-0.124585699670474	0.045	0.041	1	C14orf28	c5
5.80069364411473e-05	0.124576221678236	0.11	0.087	1	DCUN1D1	c5
0.0659192669082885	-0.124538062734961	0.026	0.021	1	SOCS7	c5
0.0797657640916715	-0.124456300401795	0.075	0.066	1	MEGF9	c5
0.154487625250527	-0.12440224199562	0.09	0.082	1	NCAPD3	c5
0.798913347799764	-0.124383102411238	0.046	0.045	1	TAF5	c5
0.00188863519397788	0.124309561803208	0.054	0.042	1	ZNF100	c5
5.11076172531381e-05	-0.124293835898171	0.03	0.019	1	DYNC2H1	c5
0.822232952852151	-0.124278664800551	0.631	0.573	1	ANXA5	c5
0.203132299671922	-0.12426044560391	0.062	0.056	1	MEN1	c5
0.000391354064861034	0.124208195874754	0.07	0.054	1	ARFIP1	c5
0.131052902879133	-0.124162708200628	0.243	0.222	1	DYNC1LI1	c5
0.173509079992756	-0.124161164747358	0.123	0.114	1	FASTK	c5
0.271833693012118	-0.124157503967591	0.075	0.068	1	ZDHHC4	c5
1.48824720617151e-05	0.124134330672775	0.116	0.091	0.499128348005802	PMM2	c5
0.00694666024966597	-0.124120904121819	0.45	0.399	1	PRPF38B	c5
0.261129955578657	-0.124107865524063	0.086	0.08	1	AC008105.3	c5
0.0949710834971639	-0.124079756249317	0.096	0.085	1	MFN2	c5
0.0379325959905807	-0.12404533345795	0.189	0.168	1	MED27	c5
0.238190967980722	-0.12401659212896	0.04	0.035	1	ZCCHC3	c5
0.0011469128843974	-0.124004127930156	0.287	0.249	1	PPP4R3A	c5
0.000216941504439178	0.123982924981946	0.054	0.04	1	LINC00944	c5
0.0014611372146067	-0.123957157260856	0.053	0.041	1	CNTROB	c5
0.216460125537834	0.123901882943039	0.033	0.029	1	MASTL	c5
0.197612212637532	-0.123875262597793	0.018	0.015	1	CPLANE1	c5
0.000142542989562788	-0.12386789491491	0.298	0.251	1	SIRT7	c5
0.00737647024288	0.123784051543475	0.04	0.031	1	CCDC77	c5
0.0656885290744883	-0.123710904380599	0.166	0.149	1	IARS2	c5
0.245802593097022	-0.123679839059757	0.046	0.042	1	DNAJC24	c5
0.090099199222012	0.123678757684214	0.05	0.043	1	RFC5	c5
0.530528384314201	-0.123666582185658	0.088	0.091	1	ACOT7	c5
0.00392166944499668	-0.123666039114632	0.192	0.168	1	TPP2	c5
0.563902841850214	0.123628891026509	0.011	0.01	1	ACY1	c5
0.0273525762905664	-0.123519768784642	0.102	0.088	1	ST3GAL5	c5
0.115963736125233	-0.123490755052879	0.396	0.357	1	PWP1	c5
0.231748240881705	0.123470276718323	0.027	0.024	1	SMUG1	c5
0.406572412381675	-0.123447216854573	0.073	0.069	1	STARD10	c5
0.211429840666087	-0.123364735338882	0.109	0.101	1	ABHD5	c5
0.00230738979049785	-0.123342496400394	0.128	0.107	1	CBL	c5
0.77293040023358	-0.123288613493306	0.06	0.058	1	RUVBL1	c5
0.0285586821634771	-0.12328533759562	0.043	0.035	1	TBC1D19	c5
0.00665195603814615	-0.123273564799216	0.098	0.083	1	ANKIB1	c5
0.849249338114887	-0.123255698498074	0.381	0.363	1	RANBP1	c5
0.0028836980440531	-0.123179605189117	0.245	0.213	1	ZNF644	c5
0.000880656389372321	-0.123178724396992	0.387	0.336	1	DDX39A	c5
0.169494309289186	-0.123163257836444	0.246	0.227	1	RNASET2	c5
2.07890138924196e-05	-0.123133642429141	0.084	0.064	0.697221947923968	OSBPL7	c5
0.025356027202632	-0.123010184096903	0.118	0.103	1	XPO4	c5
0.746670216802863	-0.122982978741172	0.009	0.01	1	HYAL2	c5
0.119037138047486	-0.122982249654016	0.032	0.027	1	HEATR3	c5
0.261841024760898	0.122903595455369	0.027	0.024	1	GINS4	c5
0.000564486982064776	0.12289263379814	0.053	0.039	1	BAHD1	c5
0.000194685285504799	-0.122874982802633	0.944	0.887	1	HMGB1	c5
9.29955179622896e-14	-0.122862500316071	0.99	0.95	3.11888368141927e-09	SARAF	c5
0.000892392630847378	0.122819955772953	0.045	0.033	1	ZFP14	c5
0.00124658874164654	0.122816210712042	0.044	0.033	1	FAM8A1	c5
0.732197857383605	-0.122636821904329	0.059	0.06	1	PPIL1	c5
2.10810470636347e-05	0.122610008432161	0.044	0.03	0.707016156420179	PLD2	c5
0.0815544090710324	-0.122566005605811	0.547	0.494	1	TRA2B	c5
1.62680159126464e-06	0.12250180266263	0.212	0.173	0.0545596717678335	C12orf10	c5
0.00245116940575449	0.122487208304271	0.685	0.637	1	CLEC2B	c5
0.00212329253381334	0.122451439991119	0.116	0.097	1	NPC2	c5
1.66884615048656e-05	0.122422151198839	0.085	0.064	0.559697621950181	ZNF324	c5
0.083335396336806	-0.122396451994565	0.037	0.031	1	LMBRD2	c5
0.56360208846824	-0.122340465912799	0.147	0.141	1	ATF1	c5
0.0193834789691148	-0.122272239979858	0.011	0.007	1	SND1-IT1	c5
0.128775857763726	-0.122270999670627	0.144	0.131	1	GLIPR2	c5
0.189824957246704	-0.122214820008056	0.072	0.065	1	HDHD3	c5
1.54440400827781e-05	0.122157141858278	0.205	0.172	0.517962216296212	HMGN3	c5
0.664914866899315	-0.122035359258891	0.02	0.019	1	PUS10	c5
0.0100221169475328	-0.122025341712113	0.364	0.326	1	RB1CC1	c5
2.4129708203593e-06	0.121970381208794	0.123	0.095	0.0809262153732101	CYP51A1	c5
3.544700827505e-05	0.12196722558619	0.117	0.093	1	GIMAP2	c5
0.161310602671041	-0.121925136072254	0.283	0.26	1	TROVE2	c5
0.907649202538304	-0.121907159093865	0.066	0.066	1	MOCS2	c5
0.000741839851588474	-0.121839339707597	0.178	0.15	1	FOXJ3	c5
0.175792936586457	-0.121687050099385	0.03	0.026	1	C2CD2L	c5
0.700545898763824	-0.121631969463541	0.651	0.599	1	PDCD4	c5
0.0516492849171212	-0.121521518515492	0.211	0.19	1	KIF20B	c5
0.136947908059765	-0.121515271748832	0.128	0.117	1	RXRB	c5
0.00896969107487089	0.121503686653636	0.063	0.052	1	METTL21A	c5
0.733543338734653	-0.121475396467381	0.079	0.077	1	PSMG3	c5
1.02831108546459e-05	0.12139809179558	0.072	0.052	0.344874971843114	MTMR4	c5
0.000716417219106294	-0.121393257431085	0.283	0.245	1	RNF216	c5
0.631502929897361	-0.121345941827931	0.044	0.042	1	URGCP	c5
0.533362758200926	-0.12127462417136	0.046	0.044	1	TMEM107	c5
0.859313889889167	-0.121243281711822	0.049	0.048	1	COQ5	c5
8.18313815065236e-05	0.12124025158528	0.111	0.088	1	ZNF664	c5
0.14219767520618	-0.121232745059999	0.185	0.171	1	RNASEH2B	c5
0.00951036115600652	-0.121118384696762	0.276	0.244	1	ZNF800	c5
0.0494374550630928	0.121088882521629	0.024	0.019	1	METTL25	c5
0.214954755640285	0.121060836686963	0.019	0.016	1	LINC00539	c5
0.00772181041962375	-0.121059939171754	0.124	0.106	1	STX2	c5
0.000111223454745602	-0.121029987779743	0.24	0.202	1	HUWE1	c5
0.000149872696420109	0.121025344338741	0.09	0.071	1	FAM98A	c5
0.129812647639845	-0.121024514338922	0.09	0.081	1	EHMT2	c5
0.695932970492077	-0.12102211874695	0.335	0.321	1	TTC39C	c5
0.0254833565613944	-0.120923744681018	0.06	0.05	1	OSBPL3	c5
1.38075603251599e-05	0.120893990863233	0.179	0.146	0.463077958185213	GSKIP	c5
0.000433732156416938	-0.120867548289966	0.097	0.078	1	ARFGAP1	c5
0.938600700626615	-0.120826231666503	0.22	0.214	1	ATRAID	c5
0.00148589675752351	-0.120819253402212	0.174	0.148	1	AHCTF1	c5
0.237899615630896	0.120811962715497	0.011	0.008	1	INF2	c5
2.11635320579935e-06	0.120708828251982	0.291	0.245	0.0709782538160986	MRPL21	c5
0.244162310991926	-0.120689252163767	0.101	0.094	1	FAM192A	c5
0.0665943016077321	0.120588244032429	0.023	0.019	1	HYLS1	c5
0.00078797909084779	-0.120571990010669	0.904	0.888	1	PTPRC	c5
0.293566234779806	-0.120560276357234	0.118	0.109	1	THAP1	c5
0.0144015746770591	-0.120541658618152	0.081	0.068	1	FBH1	c5
0.00121026413463491	0.120504734312894	0.066	0.052	1	GCFC2	c5
0.00659810471353302	-0.120470840550241	0.075	0.062	1	CLIP4	c5
0.00520426115566944	-0.120447803961905	0.231	0.202	1	RAF1	c5
0.000484066526462934	0.120408509764099	0.083	0.066	1	PLSCR3	c5
0.00715793771133116	0.120385433904572	0.031	0.023	1	MTFR1	c5
3.77148302166491e-06	0.120370061168385	0.169	0.136	0.126487997580598	TMEM18	c5
0.106786095280584	0.120366542952128	0.04	0.035	1	TRIP10	c5
0.0137652601600538	0.120318176655513	0.049	0.04	1	FECH	c5
0.0595308220035257	-0.120226380544061	0.053	0.045	1	ZNF235	c5
0.148602190900039	-0.120168746222902	0.049	0.043	1	NFYA	c5
0.497516243698116	-0.120153120520652	0.235	0.224	1	GTPBP4	c5
5.14733984268364e-05	-0.11992382594578	0.233	0.195	1	GTF2I	c5
0.0348017736309318	-0.119922928617789	0.092	0.079	1	LPGAT1	c5
0.865203709063635	-0.119770202453283	0.077	0.077	1	ACYP1	c5
0.00267260962513248	-0.119660266615476	0.147	0.125	1	IL17RA	c5
0.000316438833024803	-0.119642448513721	0.115	0.094	1	FBXL20	c5
0.259020483227067	-0.119612402003746	0.09	0.083	1	ATF6	c5
0.562469702627575	-0.119583019564267	0.033	0.031	1	ZNF232	c5
0.000237699946353267	0.119572639580628	0.087	0.069	1	NACC1	c5
0.0133964649735248	-0.119540801464266	0.297	0.263	1	MED25	c5
0.138776482345675	-0.11947973535123	0.449	0.412	1	NFKB1	c5
0.119785331448444	0.119363639343065	0.02	0.017	1	NAIF1	c5
0.765559286693329	-0.119340350733137	0.241	0.239	1	SRM	c5
0.753838900511109	-0.119245838610891	0.017	0.018	1	ZNF93	c5
0.000900985777050186	0.119241043249524	0.097	0.079	1	EMC9	c5
0.00568500053173318	-0.119114846797646	0.186	0.16	1	RBM48	c5
4.94606566767249e-05	0.11903997277399	0.151	0.124	1	MRPL1	c5
0.00479916064044144	0.118976906535701	0.059	0.047	1	C8orf82	c5
0.572138840151211	-0.118957110571691	0.813	0.753	1	PRRC2C	c5
0.00676340495354392	-0.118905224824442	0.29	0.256	1	C19orf66	c5
1.22586116174845e-05	0.118877033827164	0.175	0.143	0.411129316427196	SQOR	c5
6.16152410135154e-06	0.118865031851193	0.147	0.117	0.206645195311128	C6orf47	c5
0.0209820630162228	-0.11874047584245	0.133	0.117	1	SMG5	c5
0.00391921395517499	-0.118618762994791	0.214	0.187	1	FBXW11	c5
0.0156339223123645	-0.118522293156261	0.21	0.186	1	UHRF1BP1L	c5
0.307530403052442	-0.118516927469965	0.025	0.023	1	MAPK11	c5
0.684246102891889	-0.118515213206056	0.045	0.043	1	ADORA2A	c5
0.388516469499596	0.118468866413349	0.02	0.018	1	ALKBH2	c5
1.39083520843683e-05	0.118419505924351	0.097	0.074	0.466458312205545	CNOT11	c5
0.770183097480916	-0.11818125978294	0.058	0.056	1	VKORC1L1	c5
0.0256239455184645	0.118140679668792	0.06	0.051	1	SLC35F2	c5
0.269429520234979	-0.118114794549675	0.031	0.027	1	PIGO	c5
0.670256313405664	0.118108043812711	0.012	0.011	1	UBASH3B	c5
4.5181080331178e-06	0.117971743831899	0.062	0.044	0.151528307214705	NBPF11	c5
0.000999983368058518	0.117903299647902	0.047	0.036	1	GPR180	c5
2.35769640153692e-08	-0.117900283812268	0.477	0.399	0.000790724219147453	DDX17	c5
0.00539655333884836	-0.117894477790535	0.09	0.074	1	ZRANB1	c5
0.00214192160095046	-0.117821688829054	0.082	0.067	1	SHPRH	c5
2.71340964810328e-05	0.117791704591861	0.068	0.05	0.910023327780877	SNAPC3	c5
0.738557630580692	-0.117762873036441	0.044	0.042	1	PRR34-AS1	c5
7.93143930968002e-05	0.117709663383068	0.111	0.089	1	WARS2	c5
0.0309026425330197	0.117707859150978	0.025	0.02	1	TMEM150A	c5
0.0511478340440575	-0.117690443941141	0.484	0.488	1	HLA-DQA2	c5
2.90344505924023e-05	0.117649241054727	0.206	0.172	0.97375740396799	IDH3G	c5
1.60104148147913e-06	0.117588086128492	0.212	0.173	0.053695729205847	POLDIP2	c5
0.211169615331491	-0.117558448695834	0.045	0.04	1	INPP5B	c5
0.0772973563355115	-0.117510330800426	0.08	0.07	1	MRRF	c5
0.24225241261067	-0.117471975975135	0.015	0.013	1	F11R	c5
0.0602497680087976	-0.117430665834244	0.427	0.386	1	WAC	c5
0.010217335711137	0.117427963692844	0.044	0.035	1	ZNF526	c5
0.205906856722754	0.117353729519488	0.014	0.011	1	NRIP3	c5
0.00134179706241292	0.117352060564012	0.038	0.028	1	AP5B1	c5
0.00270390562997181	-0.117307505327996	0.301	0.262	1	PIAS1	c5
0.074058440331183	0.117299096565894	0.032	0.026	1	MTPAP	c5
0.278977465605347	0.117226520492697	0.01	0.008	1	EIF4EBP3	c5
0.0453022074121018	-0.117223803464625	0.104	0.092	1	KHSRP	c5
3.4465649821746e-06	-0.117116121352327	0.142	0.111	0.115590896372172	MCM3AP	c5
0.645793734546329	-0.117072469262849	0.012	0.011	1	NPEPL1	c5
0.182049506865075	-0.117034093893369	0.15	0.138	1	VCPKMT	c5
0.00350029947010065	-0.116999448821065	0.388	0.339	1	LUC7L2	c5
0.851121908155817	-0.116958885682813	0.012	0.013	1	SNTA1	c5
0.69510333963922	-0.11691786415966	0.032	0.03	1	ZNF738	c5
0.0228705766766981	0.116901086784472	0.025	0.019	1	TMEM104	c5
0.157982071738475	-0.116891001702588	0.274	0.251	1	RNF167	c5
0.17543481580303	-0.116750356356468	0.09	0.082	1	CLP1	c5
0.0104552607505338	-0.116719826298623	0.059	0.048	1	TTC21B	c5
0.00459448103705133	-0.116694004785261	0.13	0.11	1	POFUT2	c5
9.8251680610837e-05	0.116654993681413	0.159	0.132	1	ZNF580	c5
0.0207011761588591	-0.116539781643329	0.845	0.796	1	GNG2	c5
0.000946898653406105	-0.116510877566398	0.232	0.202	1	ZNF638	c5
0.0971020285901336	-0.116459638950604	0.026	0.021	1	RPAP1	c5
0.13688170727358	-0.116413027417639	0.08	0.072	1	PPP2R1B	c5
0.24510018547661	-0.116410863124764	0.021	0.025	1	TRBV4-2	c5
1.18111540722088e-05	0.116326930179231	0.167	0.135	0.396122485273739	TMEM167B	c5
0.567350930897761	-0.116317250369139	0.01	0.009	1	PPP1R13L	c5
0.380859670032508	-0.116284354395924	0.015	0.013	1	AL139011.1	c5
3.76509548021137e-05	0.116229051884862	0.104	0.081	1	CCDC22	c5
0.567687335591558	-0.116190026796462	0.022	0.02	1	ULBP2	c5
0.00619648905077846	-0.11617041666313	0.477	0.419	1	AUP1	c5
0.41632116285303	-0.116119786573201	0.048	0.044	1	SESN2	c5
0.132584529370513	-0.116117453977836	0.033	0.028	1	LIMD1	c5
0.00782780583129206	0.11602931836803	0.035	0.026	1	WDR91	c5
0.0118152997237211	-0.115877568971531	0.238	0.212	1	GPS2	c5
0.000410252655388342	0.115850659415506	0.079	0.062	1	PIK3R4	c5
0.527360107399924	-0.115780029598922	0.081	0.084	1	HNRNPH2	c5
0.000220638065743875	-0.115770688114617	0.282	0.24	1	PDXDC1	c5
0.0532232190008328	-0.115759066650938	0.054	0.046	1	SLC9A9	c5
9.89333923823037e-06	0.115715725763462	0.206	0.17	0.33180281137177	COA4	c5
0.0293049566799177	-0.115694805384264	0.285	0.254	1	MRPS5	c5
0.000297714656915086	0.115633647086408	0.063	0.048	1	NT5C3B	c5
0.120151945317026	-0.115632780680519	0.058	0.051	1	GPALPP1	c5
0.000992788998160835	-0.115582974756534	0.275	0.238	1	KAT6A	c5
0.497305072666098	-0.115518656624807	0.486	0.461	1	UBE2N	c5
0.0303086681961618	-0.115497456955872	0.092	0.08	1	R3HDM1	c5
0.044185081721674	-0.115497239751723	0.186	0.169	1	RUNX2	c5
0.336388807334572	-0.115490141422193	0.029	0.026	1	ZNF124	c5
0.000101560423478163	0.115435786900437	0.15	0.123	1	TMEM223	c5
0.240532934666304	-0.115416079065579	0.056	0.05	1	DLGAP1-AS1	c5
0.014985425199051	-0.115340677208841	0.061	0.05	1	BRF1	c5
0.487982073083365	-0.115338888776547	0.027	0.025	1	VARS	c5
0.00511435583228001	-0.115324940308134	0.252	0.222	1	PBRM1	c5
0.137011293120511	-0.115320866747813	0.054	0.047	1	ERLIN1	c5
8.55573640626488e-06	0.115305846095757	0.244	0.205	0.286942287593312	DRG1	c5
0.221756644697906	-0.115295372175338	0.138	0.128	1	MAPKAPK5-AS1	c5
0.201006671695644	-0.115286967870082	0.061	0.055	1	ARMH3	c5
0.0220109907637939	-0.11523406041864	0.224	0.199	1	ZNF394	c5
1.50315610431659e-06	0.115213260007757	0.078	0.056	0.0504128494265697	MTMR12	c5
1.02875486349222e-05	0.115211365021367	0.135	0.107	0.345023806118019	MOAP1	c5
0.0113898213023591	0.115167502443126	0.026	0.019	1	LACC1	c5
2.59288215755533e-06	0.115155907630833	0.113	0.086	0.0869600818000905	LPCAT1	c5
0.00415037991134093	0.115018182849475	0.075	0.061	1	HPF1	c5
3.81329693111333e-05	0.114895690607062	0.225	0.191	1	PTRHD1	c5
0.0172016714715428	0.114819587889455	0.039	0.031	1	ST7	c5
0.069873103523074	-0.114722824298976	0.024	0.019	1	CNNM4	c5
0.0405715089660985	-0.114688158784261	0.085	0.074	1	SLF2	c5
2.68380875642056e-06	0.114676928084033	0.216	0.177	0.0900095780728326	CHTF8	c5
0.00796861435262324	-0.114667504319158	0.158	0.138	1	PHRF1	c5
0.0212773789847663	0.114646197229321	0.051	0.042	1	SMIM30	c5
0.0197883166044151	-0.114636534028328	0.165	0.145	1	SUPT7L	c5
0.000886696092909442	0.114631360767335	0.097	0.079	1	STK26	c5
0.634206497134144	-0.114630512903095	0.064	0.061	1	SETD4	c5
3.91156570518797e-05	0.114554579529206	0.197	0.166	1	MPG	c5
0.193952629712897	-0.114406947648318	0.506	0.46	1	PPIG	c5
1.9902656852348e-06	0.114406536234124	0.138	0.108	0.0667495305514047	ACTR8	c5
5.63933758046874e-05	0.114367006794176	0.154	0.127	1	MEI1	c5
0.0613566773930141	-0.114353947613092	0.838	0.769	1	TMEM50A	c5
2.42418138894446e-05	0.114338824545702	0.163	0.134	0.813021954224192	GOT1	c5
0.0671952609880413	-0.11432002295618	0.065	0.057	1	ZNF76	c5
0.633168315972918	-0.114305510741993	0.537	0.493	1	CAPZA1	c5
1.83539876780302e-05	0.114295382042219	0.158	0.128	0.615556038745777	TFDP1	c5
0.000640115138599184	-0.114277333773337	0.153	0.128	1	PSME4	c5
0.00801147350707394	-0.114253597264461	0.166	0.144	1	ZKSCAN1	c5
0.242146517038741	-0.114146753643423	0.037	0.033	1	ZNF280D	c5
1.6415659765101e-05	0.114118731535675	0.118	0.093	0.550548397201956	OAZ2	c5
0.133759614951181	-0.113973336389204	0.128	0.116	1	WRB	c5
7.49727591817841e-06	0.113970927696672	0.085	0.064	0.251443639743867	CEP83	c5
0.34100874783285	-0.113963545296118	0.327	0.302	1	HMOX2	c5
0.0137477924938185	0.113946742079468	0.027	0.021	1	RHBDD1	c5
0.360968251028824	-0.11389117885963	0.021	0.018	1	CLCC1	c5
0.000329742681228458	0.113822456983672	0.086	0.069	1	PCGF6	c5
0.00511030674983512	-0.113767185277839	0.049	0.038	1	IPMK	c5
0.19865734609985	-0.113720062010787	0.125	0.115	1	NOA1	c5
0.016132682317	-0.113717088129523	0.137	0.12	1	GNB5	c5
0.0278350139675202	-0.113687848076931	0.133	0.117	1	BRAP	c5
0.670593524005963	-0.113638513764028	0.014	0.013	1	LINC00665	c5
0.0242946096399926	-0.113582729025669	0.113	0.098	1	NCBP1	c5
0.000342651202101637	0.113277709275148	0.046	0.033	1	DHX57	c5
0.626014564236367	-0.113224081402786	0.425	0.403	1	MRPL51	c5
0.428353892436545	-0.113197784933555	0.114	0.108	1	PPM1M	c5
0.297512927929407	0.113167871534414	0.053	0.049	1	IFI27L1	c5
0.489710109014478	-0.113082640403822	0.133	0.127	1	NSL1	c5
0.0668784711227111	-0.113046002503325	0.123	0.11	1	RNF13	c5
0.00365759304472429	0.112969714141515	0.045	0.034	1	ZNF790	c5
0.00823789074536782	0.112929706051149	0.086	0.073	1	PRAF2	c5
6.78199676970056e-05	0.112885370598379	0.064	0.047	1	GFM2	c5
0.0247616491495662	-0.112729217131343	0.05	0.041	1	DHRS1	c5
0.000134779472817966	0.112699497862109	0.099	0.079	1	ZMIZ1	c5
0.323869367965579	-0.11265319630597	0.055	0.051	1	KCTD18	c5
0.256028797671017	-0.112520367801026	0.068	0.062	1	MAP7D3	c5
0.105750573642957	-0.112509068479634	0.16	0.145	1	BCL10	c5
0.00043066243056374	-0.112477530938928	0.265	0.227	1	GPATCH8	c5
0.28992857417295	0.112450700554755	0.018	0.015	1	AC012645.3	c5
0.583083359682056	-0.112430440775462	0.161	0.154	1	FKBP3	c5
0.0026783087635009	0.11239644733421	0.076	0.061	1	RCC1L	c5
0.0455009298492237	0.112342988909326	0.027	0.021	1	PLPP6	c5
0.38061263680581	-0.112337642295142	0.112	0.105	1	UBALD2	c5
9.87552407378252e-05	0.112330238320906	0.076	0.058	1	FAM217B	c5
0.500388327151501	-0.112260664551567	0.017	0.016	1	ZFP69B	c5
0.00454249299232228	0.112251912581245	0.032	0.024	1	MLKL	c5
0.104064473858737	-0.112187620662044	0.056	0.049	1	ENDOD1	c5
0.00393979663017548	0.112186466454396	0.071	0.057	1	TBL2	c5
0.0022424774106695	-0.112119235148482	0.198	0.171	1	HDAC5	c5
0.268785189020729	-0.112012172353406	0.168	0.158	1	SMC1A	c5
0.000526809040358453	0.111914724230249	0.04	0.029	1	TRIM5	c5
2.08837829943953e-06	0.111854087606368	0.208	0.169	0.070040031406603	RDH11	c5
0.801218527698413	-0.111751833688568	0.022	0.023	1	SLC29A1	c5
0.0400587532887491	0.111732258034938	0.028	0.023	1	ZNF416	c5
0.000252349080786685	0.111716362812464	0.058	0.043	1	RYK	c5
0.435513829697497	-0.111683979825362	0.013	0.011	1	TRIM36	c5
0.230995789173349	-0.11161492977665	0.05	0.045	1	HS2ST1	c5
0.718125275020401	-0.111589396805842	0.523	0.477	1	MZT2B	c5
0.898123848352889	-0.111571335551655	0.009	0.01	1	NCK1-DT	c5
7.84572343262334e-06	0.111484867082671	0.146	0.117	0.263129872483322	ECHDC1	c5
0.594184168577857	0.111437397838968	0.014	0.013	1	ZNF747	c5
0.0403134910768609	-0.111392829283361	0.133	0.118	1	CYTH3	c5
0.129627610681981	0.111356554963391	0.015	0.012	1	ZIK1	c5
0.00403153142761185	0.111336290159886	0.068	0.056	1	SPAG1	c5
0.0962678023504994	-0.111268778077192	0.053	0.046	1	HSPBAP1	c5
0.000433524500122444	0.111262124203214	0.134	0.112	1	HSD17B11	c5
0.196703287421386	-0.111216473637678	0.236	0.218	1	POLD4	c5
0.103786191412348	0.111216463407342	0.016	0.013	1	C16orf46	c5
8.11513834946015e-05	0.111194682962902	0.073	0.055	1	FOXJ2	c5
3.58823050138937e-05	0.111193852229166	0.079	0.06	1	ALKBH6	c5
0.134613812716395	-0.11115093545772	0.105	0.095	1	PKNOX1	c5
0.0549757660768186	-0.111144225813539	0.046	0.039	1	RPTOR	c5
0.157440856637049	-0.111127013297723	0.17	0.156	1	SINHCAF	c5
0.0809254380353129	-0.111087946265128	0.088	0.078	1	MLH1	c5
0.469012205626394	-0.111008125719866	0.068	0.064	1	FEM1A	c5
0.00105657231536272	0.110933274047384	0.019	0.012	1	MYO1D	c5
0.00480576095808066	-0.110920347934037	0.135	0.115	1	PARVG	c5
0.0225409555760751	0.110875878235981	0.016	0.011	1	QSER1	c5
0.000184895563089021	0.110872804475794	0.116	0.094	1	THAP3	c5
0.404496447273478	-0.110831593087355	0.39	0.362	1	DEGS1	c5
0.0279761308113131	-0.110823115640594	0.161	0.142	1	WDR20	c5
0.0855908878002701	-0.110740136422043	0.038	0.032	1	C8orf58	c5
0.0734620861446777	-0.110653810071199	0.13	0.117	1	TMEM87B	c5
0.936167055350068	-0.110568336898128	0.019	0.019	1	FBXO48	c5
0.00086321705462325	-0.110520473022949	0.07	0.055	1	MDN1	c5
0.142235550605599	-0.110505005146711	0.421	0.385	1	FGFR1OP2	c5
0.132550568640762	-0.110498580892236	0.078	0.07	1	AGFG2	c5
0.0183385560657724	0.110467075953246	0.037	0.03	1	LZTS2	c5
2.51601561095726e-05	0.110346010011083	0.172	0.141	0.843821315602847	ZNF330	c5
0.00835974592345752	-0.110270398831635	0.092	0.077	1	ZNF506	c5
0.411761774467453	-0.110264040881559	0.097	0.092	1	C6orf226	c5
0.00290316592821655	0.110240769635242	0.046	0.035	1	BMPR2	c5
0.121469141652194	0.110088327561333	0.017	0.014	1	GSEC	c5
0.0756216629921544	-0.110065390722363	0.082	0.073	1	ZFY	c5
0.0216633887400172	-0.1100563819157	0.173	0.153	1	E4F1	c5
1.03776722426607e-05	0.110012306129233	0.14	0.112	0.348046371674355	MAGT1	c5
0.00210728513381644	-0.10998048105225	0.306	0.268	1	ZEB1	c5
0.0805140427242667	0.109973795303853	0.04	0.034	1	CHAC2	c5
1.01605432682605e-05	0.109957151410019	0.193	0.158	0.340764300130922	CCNQ	c5
0.420420395696764	0.10993556390626	0.026	0.024	1	TMEM187	c5
0.0213164168036971	0.109854678675305	0.029	0.022	1	BRPF3	c5
0.00155237435293103	0.109818347848297	0.143	0.171	1	TRBV19	c5
0.0382871491036476	-0.109780928596153	0.066	0.057	1	HPS5	c5
0.857044838541611	0.109776186207672	0.011	0.011	1	RIDA	c5
0.00381712577115185	-0.109710480607323	0.18	0.155	1	ANKRD49	c5
0.162550394920775	0.109670550935744	0.029	0.025	1	ZNF362	c5
0.687742334602954	-0.109554936860008	0.012	0.011	1	USP13	c5
0.0266201113578787	-0.10947132743583	0.401	0.359	1	TIAL1	c5
0.0304117512440664	-0.109422857271823	0.135	0.12	1	ELAC2	c5
6.69719008418778e-05	0.109261841299323	0.115	0.092	1	CDR2	c5
0.0246934452917862	-0.109211880079408	0.161	0.143	1	LSG1	c5
0.000419364143247194	-0.109065852343403	0.107	0.087	1	PDPR	c5
0.151683061027301	-0.10900656486757	0.808	0.771	1	FYN	c5
0.868478663955014	-0.108992568788151	0.08	0.081	1	ACOT2	c5
0.000191658604849607	0.108929752370947	0.095	0.076	1	NFKBIE	c5
5.27443542982969e-05	0.108907905172631	0.146	0.119	1	NBN	c5
0.197892369650817	-0.108901660368288	0.171	0.158	1	RPIA	c5
4.49619393310777e-05	0.108898944698303	0.108	0.085	1	TBC1D10B	c5
0.120779834072871	-0.10885892481591	0.23	0.21	1	SLC1A5	c5
0.00157970369207822	-0.1088002307325	0.277	0.241	1	PDCD6IP	c5
0.000350628319837898	-0.108685081993817	0.268	0.23	1	DNM2	c5
0.0111723006178837	-0.108678805201967	0.14	0.121	1	APPBP2	c5
5.4164957993116e-06	-0.10863458951445	0.114	0.087	0.181658436117312	MYO5A	c5
0.000253154230542699	0.108622398444744	0.135	0.111	1	SMIM4	c5
0.00271939885196504	0.108612456363292	0.093	0.077	1	UBE2M	c5
3.19270772920207e-06	0.108577618343156	0.3	0.253	0.107077031821979	MRPS12	c5
0.324301494769603	-0.10847902675892	0.159	0.149	1	UBE2V2	c5
0.036168665197826	-0.108468558379551	0.069	0.059	1	CMTR1	c5
0.0122577386147149	-0.108429259111707	0.116	0.1	1	NOL9	c5
0.208843916854543	-0.108378262862797	0.036	0.032	1	HEATR5A	c5
0.294803502235527	-0.108373690302601	0.093	0.086	1	TMEM206	c5
0.0133746513781819	0.108344879137767	0.054	0.044	1	TMED7	c5
3.36874517016304e-05	0.108319538474468	0.16	0.132	1	AAGAB	c5
0.281016663588053	-0.108162311571401	0.036	0.032	1	ZMYND19	c5
0.202736197277419	-0.108149524175248	0.06	0.054	1	SLC9B2	c5
0.000558803663886727	-0.108103965336157	0.114	0.093	1	MAU2	c5
0.000859438361518626	0.108059152392248	0.157	0.134	1	MAD2L1BP	c5
0.331161097271529	-0.108035614438751	0.113	0.106	1	FLOT2	c5
7.16795307304825e-06	0.108001054325394	0.151	0.12	0.240398810163892	IDH3A	c5
0.0030077361669429	-0.107983014755712	0.112	0.094	1	DDHD2	c5
0.00405174756073464	0.107828009799772	0.047	0.036	1	RNASEL	c5
0.231905761516638	-0.10780259168394	0.046	0.042	1	WDR12	c5
0.41610856536374	-0.107699841309043	0.129	0.122	1	UXS1	c5
0.270045439070208	-0.107678059742837	0.12	0.112	1	FBXO34	c5
0.000278664618443287	-0.107668107888369	0.251	0.216	1	DOCK8	c5
0.87855971206163	-0.107650744015161	0.021	0.021	1	NME4	c5
0.847857231750523	-0.107614904720501	0.796	0.734	1	MYH9	c5
0.485095724134758	-0.107401703764627	0.038	0.036	1	PDIK1L	c5
0.210290386839778	-0.107309235933282	0.247	0.23	1	ITGB1BP1	c5
0.136920701679254	-0.107301180698939	0.051	0.045	1	POLL	c5
0.151597894780464	-0.107259310536672	0.129	0.118	1	TBP	c5
0.00619236442038194	0.107258489140236	0.053	0.043	1	GSR	c5
0.10785353323501	-0.107246882087268	0.497	0.451	1	LDLRAD4	c5
0.228344318216094	0.107197858423282	0.053	0.049	1	LSR	c5
0.481340478163639	-0.107184657418266	0.402	0.372	1	POLR2K	c5
0.0139533328551695	-0.10717902283899	0.103	0.088	1	GGA3	c5
0.303066398943167	-0.107136994142743	0.136	0.128	1	B4GALT5	c5
0.00666937774484998	-0.107122692045328	0.078	0.064	1	TAOK2	c5
0.000132469696967098	0.107058144750452	0.082	0.064	1	MTG2	c5
0.000772384639374522	-0.107053662927659	0.147	0.122	1	DIS3	c5
0.279307568092772	-0.107009152687818	0.084	0.078	1	MOSPD3	c5
0.0135694904796003	-0.106876828555329	0.045	0.036	1	AGO4	c5
0.129742882546644	-0.106826777334376	0.04	0.035	1	HDAC6	c5
0.548201355865651	-0.106778532817503	0.112	0.108	1	ETFB	c5
0.382681740262731	-0.106773631503416	0.032	0.029	1	ZNF18	c5
0.893821852996893	-0.106733462648743	0.021	0.021	1	IRF8	c5
0.00377036570803101	0.106725701541597	0.03	0.022	1	ALS2	c5
0.000352015054548847	0.106713537723744	0.151	0.127	1	HIST3H2A	c5
3.01787024657896e-05	-0.106688121950331	0.293	0.247	1	AFF4	c5
0.0175780057614724	-0.106545588371455	0.192	0.17	1	ELOA	c5
0.00988228934039347	0.106526691285395	0.082	0.069	1	ZCCHC9	c5
0.591818630157939	-0.106503444995295	0.073	0.07	1	AP1S1	c5
0.578522877930534	-0.106501072213976	0.294	0.278	1	SHISA5	c5
0.571002545892699	-0.106445840255836	0.58	0.537	1	LCP1	c5
0.562326886862877	-0.106415218264813	0.025	0.027	1	PARP2	c5
0.0328379458883983	-0.106274555695878	0.059	0.049	1	ATXN7L2	c5
0.00112230374117218	0.106223173371647	0.037	0.027	1	ZNF846	c5
6.35672895693108e-05	0.106092967822168	0.115	0.092	1	BIN3	c5
0.024339638392249	-0.106082457589067	0.673	0.597	1	SF1	c5
0.272622050235195	-0.106062729763829	0.095	0.088	1	REEP3	c5
0.0738237045750485	-0.105980196734408	0.135	0.122	1	PTPRE	c5
0.178670793889313	-0.105926749090715	0.083	0.076	1	APTX	c5
0.617742285060393	-0.105925665687843	0.056	0.054	1	UBE2T	c5
0.000406289456653219	-0.105906473161141	0.273	0.234	1	SYNRG	c5
0.0148432195353946	-0.105770010538881	0.199	0.177	1	GNPAT	c5
0.141811769811378	-0.105748097957328	0.078	0.07	1	PRKAB1	c5
0.10774357115416	-0.105674339538612	0.057	0.05	1	JAK2	c5
5.0777503519402e-05	0.105585656947608	0.095	0.074	1	WASHC5	c5
0.46940272027578	-0.105477546286631	0.031	0.029	1	TGFBRAP1	c5
0.117307255111431	-0.105444208914758	0.171	0.157	1	NSUN5	c5
0.000492655669021709	0.105403261250815	0.075	0.059	1	GCC1	c5
0.0275062110796719	-0.105391027915916	0.127	0.112	1	CEP104	c5
0.330153735123459	-0.105347285991143	0.065	0.06	1	TRMT61B	c5
0.465496775619074	-0.105267294655828	0.094	0.089	1	FLOT1	c5
0.37733748939599	-0.105212802106524	0.269	0.251	1	MRPL36	c5
0.0287479739634792	-0.10520471421878	0.175	0.156	1	SIRPG	c5
0.480870887523595	-0.105077718166169	0.025	0.023	1	SCRN3	c5
1.29100301647631e-07	-0.104997056987584	0.207	0.162	0.00432976591665825	TBC1D2B	c5
0.850915993728114	-0.104979692073365	0.066	0.065	1	RNF141	c5
0.0224203811143771	0.104901354373826	0.041	0.033	1	LIG4	c5
0.00356785820513387	-0.104893760631598	0.245	0.215	1	GATAD2B	c5
0.000238609460472589	-0.104876719265307	0.486	0.424	1	SCAF11	c5
0.324168255386513	-0.104791726822292	0.064	0.059	1	TAMM41	c5
0.0825884098031163	-0.10461891968885	0.323	0.29	1	C19orf70	c5
0.8156586738955	-0.104569744892554	0.055	0.054	1	KIAA0391	c5
0.0100786465439192	-0.104545327652585	0.313	0.277	1	CCNK	c5
0.00124373599171985	0.104519475364745	0.074	0.059	1	PMF1	c5
1.54252083294638e-06	0.104500202463477	0.237	0.195	0.0517330636953557	ATP5MC1	c5
0.296332748227992	-0.104452915033562	0.046	0.042	1	PATZ1	c5
1.87117892193174e-05	0.104437276811304	0.19	0.157	0.627555986837466	MRPL17	c5
0.0454908024760912	0.104408409024499	0.016	0.012	1	GPD2	c5
0.0128389209810177	0.104355428268271	0.04	0.031	1	ADPRH	c5
1.6654327392144e-05	0.104309138185539	0.278	0.236	0.558552832077726	LRRC59	c5
0.0430943067018779	0.104283679751706	0.08	0.07	1	IL10RB	c5
0.00572612868596419	0.104278691894309	0.026	0.019	1	AC012615.1	c5
0.000617839509241318	0.104195102522608	0.132	0.11	1	C1orf122	c5
0.451627782443585	-0.104189050015639	0.02	0.018	1	KLHL25	c5
0.0261307358226164	-0.104034571678181	0.057	0.048	1	MOV10	c5
0.122956085092454	-0.103887623159345	0.088	0.079	1	MRPS27	c5
0.000732057877243288	0.103886401901943	0.072	0.057	1	ATG4A	c5
0.0796854003213587	-0.103866814338716	0.055	0.048	1	SNX19	c5
0.000334730853682332	-0.103813387592807	0.309	0.266	1	CELF1	c5
0.397458489227782	-0.103787530772432	0.226	0.213	1	TMEM147	c5
0.329594117699572	-0.103701171799528	0.036	0.032	1	MARCH3	c5
0.354831321235165	-0.103663638205135	0.05	0.046	1	GEMIN5	c5
0.0532717970063932	0.103595672929305	0.03	0.024	1	ABCB10	c5
0.0490034788325886	0.103552157806651	0.023	0.018	1	AC116407.2	c5
0.0554162885746844	-0.10351152047476	0.054	0.046	1	TSPOAP1-AS1	c5
0.000353761125638908	0.103460971067838	0.063	0.048	1	HINT3	c5
0.0891951858308012	-0.10341501959421	0.054	0.047	1	ZSCAN32	c5
4.66641065514967e-05	0.103342397165233	0.071	0.053	1	TRAPPC11	c5
0.536511739094287	-0.103298350973112	0.036	0.034	1	NBPF1	c5
0.000307842049270712	0.103266721439151	0.07	0.053	1	TMEM63B	c5
0.192884970219801	-0.1031915600231	0.017	0.014	1	SFXN5	c5
0.000589057364113809	-0.103163902304379	0.43	0.374	1	BDP1	c5
0.000935693235590179	0.103126434784517	0.062	0.048	1	ATF7IP2	c5
0.0117294367745557	0.103104158297581	0.119	0.104	1	SCCPDH	c5
0.128022728414352	-0.103101450796538	0.266	0.245	1	CLK3	c5
5.55880140562506e-05	0.103083713771814	0.411	0.363	1	SERPINB1	c5
0.0323212676234693	-0.103076386100754	0.255	0.231	1	KIF21A	c5
0.401273860331092	0.103037344134871	0.012	0.011	1	ZNF677	c5
0.000130714543378926	0.10299111073586	0.144	0.118	1	PTS	c5
0.0017635540593934	-0.102964151249827	0.13	0.109	1	EMSY	c5
0.00833636309474925	0.102916314434657	0.056	0.045	1	SMG8	c5
0.788059792739287	-0.102914090787539	0.08	0.081	1	C20orf27	c5
0.100768119849432	0.102854532710878	0.03	0.025	1	KLHL22	c5
0.00026203589952667	0.102836377082226	0.101	0.081	1	DTD1	c5
0.230466642683266	-0.102747768949845	0.047	0.042	1	LSM14B	c5
0.000201680314942552	0.102739353869625	0.143	0.118	1	DAP	c5
0.600848095842689	-0.10269116471338	0.021	0.019	1	TRAF3IP2-AS1	c5
0.0886295577373197	-0.102653046541183	0.128	0.115	1	TRMT6	c5
0.00354240553271202	-0.102582430889511	0.098	0.081	1	GPR107	c5
3.96097152300724e-06	0.102511999488812	0.099	0.075	0.132843062938617	NAT10	c5
0.000958199901951295	0.102377804578143	0.138	0.116	1	MRPS14	c5
0.0245420512147178	0.102282900021806	0.041	0.033	1	ZSCAN22	c5
0.0449821205259547	-0.102267723315085	0.02	0.016	1	ARL15	c5
0.0626248369272644	0.102230840068911	0.03	0.024	1	ZNF566	c5
0.0116597970574769	0.102197629835865	0.065	0.054	1	YIPF1	c5
0.110055998560489	-0.102177895298652	0.05	0.043	1	SNAPC4	c5
0.0012895876315016	-0.102177245516576	0.281	0.244	1	CUL4A	c5
0.484246564428436	-0.102122795667997	0.075	0.071	1	DRAM2	c5
0.260977045657974	0.102070949109188	0.018	0.016	1	TMEM177	c5
0.183915436186046	-0.102063013742528	0.118	0.108	1	LRRC42	c5
0.0302418540236783	0.101988540438181	0.011	0.007	1	PLEKHA8	c5
0.00352866153326656	0.101983871717712	0.105	0.088	1	ZNHIT2	c5
0.749855623188333	-0.101947310855805	0.011	0.01	1	TRAV8-3	c5
0.981793030021099	0.101941016493464	0.016	0.016	1	DOLPP1	c5
0.147758743501355	-0.101891189571048	0.117	0.107	1	NCAPH2	c5
0.00374236841728383	-0.101852296745564	0.069	0.055	1	ZDHHC17	c5
0.479883970771717	-0.101839119890635	0.079	0.082	1	MAGOHB	c5
0.000402492292236307	0.101837753017085	0.067	0.052	1	FYCO1	c5
0.515438431755894	-0.101803782287254	0.082	0.078	1	RPF2	c5
0.979447001314754	-0.101793230875509	0.012	0.012	1	SELENON	c5
0.0276342830997337	0.101775900729947	0.025	0.02	1	ZBTB14	c5
0.328658569636664	0.101751852640679	0.029	0.026	1	TMEM267	c5
0.0614500546180017	-0.101724717227948	0.203	0.183	1	DEDD2	c5
0.308354851509096	-0.101641834124794	0.029	0.026	1	ARHGAP12	c5
0.257210297720095	-0.101633574242251	0.36	0.332	1	ABI1	c5
0.0143732127520556	-0.10162136651491	0.069	0.057	1	TIMM23B	c5
0.0552248758149457	-0.101616505270153	0.088	0.077	1	THAP12	c5
0.16868226854577	-0.101571782021299	0.206	0.191	1	PPP1R7	c5
0.932817539059382	-0.1015634857223	0.041	0.041	1	FUNDC1	c5
0.865719891325103	0.101493807091803	0.011	0.011	1	LIPE	c5
0.110173779920747	-0.10145249974391	0.12	0.109	1	RAD1	c5
0.207661755395646	-0.101326871791583	0.247	0.229	1	ZCRB1	c5
0.577816198176953	-0.101308871080915	0.079	0.075	1	MRPL24	c5
0.00883712181857959	0.101283346203732	0.022	0.016	1	ZNF571	c5
0.0420794075844581	-0.101148935611008	0.065	0.056	1	ZNF75A	c5
0.000201233145537387	0.10113721656237	0.071	0.054	1	SLC12A2	c5
0.0909754230968558	0.101127388915911	0.035	0.029	1	PSTK	c5
0.000868564116764375	0.101103693139907	0.088	0.071	1	BRPF1	c5
0.0478202790620841	-0.101058120171163	0.095	0.084	1	GTF2A1	c5
0.870537193623604	-0.101015167340896	0.041	0.041	1	AC011603.2	c5
0.0019747127179958	-0.100992289015113	0.068	0.054	1	ZNF493	c5
0.0671250607456956	-0.100965778091367	0.046	0.039	1	SLC27A4	c5
8.31496914110305e-05	-0.100945346253068	0.19	0.157	1	POLG	c5
0.024654529864064	-0.100940647529175	0.329	0.297	1	ARID4A	c5
4.4030831814451e-05	-0.100876252192532	0.086	0.066	1	CBX7	c5
0.0111527736314918	-0.100761379599783	0.063	0.052	1	MINDY3	c5
0.19712450646705	-0.100756297605453	0.423	0.391	1	CD58	c5
0.054523957564568	0.10062356395581	0.057	0.049	1	CISD1	c5
2.24683911435613e-15	-0.100526820159019	0.989	0.928	7.5354490217276e-11	RPL35	c5
7.72385792952974e-06	0.100464365930299	0.199	0.163	0.259042747240568	NMI	c5
0.0147854026749473	-0.100459129536524	0.06	0.05	1	UBA7	c5
0.719895956812021	-0.100455015232467	0.036	0.038	1	NRM	c5
0.0854193249264377	0.100444366727231	0.034	0.029	1	TSNAX	c5
0.398184009833319	-0.100439363095225	0.016	0.014	1	RPGRIP1L	c5
0.0623856030595447	-0.100425838293311	0.071	0.062	1	PHF6	c5
0.0174759601119433	-0.100420737353581	0.141	0.124	1	VAPB	c5
0.185900032027636	-0.100404465038497	0.215	0.199	1	TRMT10C	c5
0.00842360683241432	-0.100393839570785	0.218	0.192	1	SEC31A	c5
6.09348083860193e-08	-0.100370775345175	0.293	0.239	0.00204363160365032	MAP4	c5
0.000209399778582731	0.100361286527078	0.067	0.051	1	FBXO44	c5
0.0303832141365115	-0.100350485924657	0.177	0.158	1	POM121C	c5
0.000205130691698632	0.100276321963745	0.053	0.039	1	TTN-AS1	c5
0.00101874640856087	0.10021509307336	0.077	0.061	1	EEF1AKMT2	c5
7.89073667635415e-06	0.100156455197749	0.156	0.126	0.264639526651565	DDX49	c5
