# factor-levels: seurat_clusters=c1|c2|c3|c4|c5|c6|c7|c8|c9|c10|c11|c12|c13|c14|c15|c16|c17|c18|c19|c20|c21|c22|c23|c24|c25|c26|c27

p_val	avg_log2FC	pct.1	pct.2	p_val_adj	gene	seurat_clusters
0	4.7707945690718	0.062	0.003	0	CAVIN3	c15
1.00897160457738e-108	4.63991128558468	0.017	0.001	3.38388896743161e-104	FAM131C	c15
4.49108218909249e-209	4.60025224616386	0.036	0.001	1.50621914457784e-204	TNFRSF8	c15
0	4.50330176848461	0.191	0.012	0	NPW	c15
1.37246786336199e-95	3.79386924465197	0.028	0.002	4.60298272014346e-91	CSF2	c15
1.81989596673437e-57	3.78417742473474	0.011	0.001	6.10356709323371e-53	SNCB	c15
6.4984136850084e-51	3.63552012401112	0.01	0.001	2.17943798167812e-46	KIF26B	c15
9.59860230120105e-45	3.63538160363964	0.01	0.001	3.21917923977681e-40	KRT7	c15
3.10798388879656e-50	3.46637296774056	0.011	0.001	1.04235563662459e-45	CAV2	c15
0	3.32562457193412	0.114	0.01	0	EBI3	c15
5.72397886810966e-94	3.26772082305683	0.023	0.002	1.91970803278662e-89	ADORA2B	c15
9.57225750548237e-208	3.23509972874242	0.052	0.004	3.21034372218868e-203	LINC02341	c15
0	3.1520013644661	0.371	0.047	0	GNG4	c15
0	3.06553045790286	0.186	0.022	0	AC022075.1	c15
8.94879106573595e-38	3.03921118331417	0.011	0.001	3.00124554762652e-33	GRIK4	c15
2.47910455474491e-47	3.01565142295394	0.014	0.001	8.31442085570349e-43	COL6A1	c15
0	3.00410580264285	0.267	0.041	0	TNFRSF4	c15
8.62139070855365e-53	2.99766199821595	0.014	0.001	2.89144201583472e-48	TMEM178B	c15
5.33246456391902e-37	2.9348992868579	0.013	0.001	1.78840196544716e-32	MAOB	c15
5.62461449074666e-62	2.88111028732818	0.027	0.004	1.88638320790662e-57	MT3	c15
6.4842912055401e-33	2.86552591228803	0.01	0.001	2.17470158451404e-28	ZNF295-AS1	c15
4.32937583338158e-171	2.7782665727034	0.059	0.006	1.45198606699951e-166	STAC	c15
1.32743051423863e-46	2.77414936645923	0.018	0.002	4.45193645865353e-42	NCF2	c15
9.82282641324222e-43	2.73452843015979	0.014	0.001	3.29437952247318e-38	ITGAX	c15
7.7893686772641e-45	2.73219804834902	0.012	0.001	2.61239846698084e-40	NDRG4	c15
4.16230743026229e-160	2.68914041321486	0.061	0.007	1.39595466596137e-155	NTRK1	c15
2.43865813290389e-83	2.68126394024946	0.032	0.004	8.17877164613307e-79	TMOD1	c15
4.08004353892441e-88	2.68111921043122	0.034	0.004	1.36836500208447e-83	LINC00519	c15
4.87791281286948e-47	2.6778425410249	0.015	0.001	1.63595439918017e-42	CD24	c15
3.15405828647465e-107	2.66755561012433	0.046	0.006	1.05780806811787e-102	NTRK2	c15
2.1116718577704e-47	2.66140041163001	0.023	0.003	7.08212507659038e-43	G0S2	c15
0	2.66001718194723	0.181	0.029	0	IL2RA	c15
2.94854972672404e-40	2.65553814628615	0.02	0.003	9.88884607348708e-36	PYCR1	c15
5.10232651558822e-149	2.6463164170592	0.057	0.007	1.71121826679798e-144	CD160	c15
4.79529487864059e-44	2.63831294549414	0.015	0.002	1.60824599639848e-39	P4HA2	c15
2.36177573165321e-45	2.61780520049455	0.015	0.002	7.92092344881854e-41	CRISPLD2	c15
0	2.58507240074954	0.33	0.057	0	FNDC9	c15
8.76509502005396e-38	2.58423721884705	0.016	0.002	2.9396375678257e-33	HTRA1	c15
6.63310364180794e-38	2.56325589064246	0.013	0.001	2.22461029938955e-33	TNFSF11	c15
3.71375545471244e-200	2.56089339244355	0.094	0.013	1.24551930440146e-195	AL606807.1	c15
1.7269514747898e-145	2.48863926864366	0.071	0.01	5.79184985615004e-141	BHLHE40-AS1	c15
3.21244500860851e-25	2.482029850018	0.011	0.002	1.07738980698712e-20	MYL9	c15
5.46755373064135e-219	2.48017701169824	0.099	0.014	1.8337081701825e-214	TRABD2A	c15
1.8639777885112e-195	2.48003564763379	0.127	0.024	6.25140870710886e-191	BEX3	c15
5.60329987719136e-13	2.47717722741676	0.01	0.002	1.87923471281244e-08	KRT81	c15
1.45153988626978e-92	2.47393451983235	0.043	0.006	4.86817447057157e-88	MGLL	c15
6.39634643144276e-42	2.46740523746866	0.023	0.004	2.14520666617727e-37	TSPAN13	c15
0	2.46148565519429	0.769	0.189	0	TNFRSF18	c15
1.47485416627755e-65	2.41287743883711	0.032	0.005	4.94636590286164e-61	NPB	c15
2.47864060977904e-83	2.3777559078855	0.041	0.006	8.31286487707693e-79	LINC01281	c15
8.38103589320088e-125	2.27864232164173	0.052	0.007	2.81083181786171e-120	ITGB8	c15
1.46066097776205e-191	2.26970903469111	0.106	0.017	4.89876478721837e-187	CCR4	c15
3.281466304918e-23	2.24302870929718	0.012	0.002	1.1005381693434e-18	AC073611.1	c15
3.17254186155378e-101	2.23075643705402	0.05	0.008	1.06400708952791e-96	PON3	c15
3.05365127785983e-80	2.22209976037547	0.039	0.006	1.02413356556863e-75	F5	c15
1.24315377679917e-72	2.21630106278333	0.037	0.006	4.16928913662905e-68	FAIM2	c15
0	2.21437623913057	0.197	0.034	0	VDR	c15
2.25467656014457e-46	2.20805652212328	0.02	0.003	7.56173424741285e-42	GNG8	c15
1.06700061782675e-93	2.19141561578047	0.045	0.007	3.57850667206736e-89	SHF	c15
2.77799105715664e-37	2.18681085568671	0.022	0.004	9.31682640749195e-33	LYN	c15
4.61902529027397e-185	2.1745966465917	0.111	0.02	1.54912870185209e-180	CXXC5	c15
9.94177399431443e-31	2.16343321033271	0.018	0.003	3.33427216221317e-26	MCEMP1	c15
5.9567419700758e-128	2.15543274004302	0.093	0.019	1.99777212192402e-123	BASP1	c15
4.16146777326972e-70	2.13894804962269	0.032	0.005	1.3956730617992e-65	CCND1	c15
7.41214229606549e-157	2.12167867262226	0.092	0.016	2.48588428325444e-152	IRF5	c15
0	2.11006328400457	0.469	0.116	0	XCL1	c15
1.30353530371595e-139	2.10625260720202	0.095	0.019	4.37179670160254e-135	NIPAL4	c15
1.18323538917752e-184	2.10121336102118	0.105	0.018	3.96833484822356e-180	IRF8	c15
1.08711883659474e-22	2.08942848031167	0.012	0.002	3.64597915417146e-18	SLC30A3	c15
5.7359831444942e-244	2.07983279197658	0.293	0.088	1.92373402700046e-239	NMB	c15
1.26438850372267e-67	2.0797068678981	0.039	0.007	4.24050616378507e-63	COL6A2	c15
2.46376003910957e-28	2.06457413128117	0.016	0.003	8.26295841916566e-24	PHEX	c15
5.77345958532165e-81	2.04717337711447	0.051	0.009	1.93630287572518e-76	AL359834.1	c15
6.60891707653555e-187	2.02868033119451	0.109	0.019	2.21649860912849e-182	LINC01588	c15
1.69528032652412e-57	2.00604350637385	0.037	0.007	5.68563115909659e-53	GREB1	c15
6.81609212701033e-197	2.00084779935942	0.116	0.02	2.28598097755672e-192	LHFPL6	c15
0	2.00033165242637	0.461	0.136	0	PDLIM4	c15
9.46740851969141e-50	1.99535848190401	0.033	0.006	3.1751794693341e-45	AL357992.1	c15
2.51944374569259e-23	1.98133639301379	0.013	0.002	8.4497104343038e-19	IL11	c15
2.05742108363428e-25	1.97381716486569	0.019	0.004	6.90017883029263e-21	ACTN1	c15
3.18066782794092e-147	1.94717152607728	0.116	0.025	1.06673237613483e-142	ATP1B1	c15
8.00397696358951e-45	1.94659487377327	0.029	0.005	2.68437379404865e-40	MYO1E	c15
6.46153144542938e-85	1.92401473400348	0.046	0.007	2.16706841616811e-80	ENOX1	c15
5.08142709146582e-33	1.92263166170411	0.022	0.004	1.70420901793581e-28	RAB13	c15
8.74056923478654e-18	1.9115494744959	0.012	0.003	2.93141210996271e-13	RAI2	c15
6.24440205142383e-33	1.90621371085266	0.02	0.004	2.09424756000652e-28	JAM2	c15
0	1.89851897760955	0.383	0.108	0	BCL2L1	c15
5.64647484545942e-41	1.89806494909962	0.027	0.005	1.89371473367018e-36	IL4I1	c15
2.04885973212755e-29	1.86784765604131	0.02	0.004	6.87146576960938e-25	PTHLH	c15
8.84683629651083e-35	1.86751709608086	0.02	0.004	2.9670519571238e-30	AL121787.1	c15
4.31755074822406e-26	1.86605456807618	0.016	0.003	1.44802016993939e-21	STRIP2	c15
3.06736132908309e-117	1.86596033268201	0.079	0.015	1.02873164254789e-112	EGR2	c15
6.65583339216827e-22	1.84226400504054	0.011	0.002	2.2322334030654e-17	SCN1B	c15
4.74021431070896e-15	1.83345875098296	0.01	0.002	1.58977307552557e-10	PLEKHG5	c15
0	1.82982536479154	0.545	0.196	0	XCL2	c15
6.0231728765259e-142	1.81283736537368	0.114	0.025	2.02005171932926e-137	CAV1	c15
1.70512909304373e-35	1.80772018057843	0.024	0.005	5.71866195225006e-31	TCEAL9	c15
1.22990415416245e-72	1.78728518568607	0.05	0.01	4.12485255223003e-68	CLIC4	c15
2.61522117131521e-234	1.78235950698532	0.241	0.064	8.77092876435696e-230	MAL	c15
2.48837772375038e-27	1.77467839576037	0.022	0.005	8.34552120991402e-23	PXDC1	c15
3.09079947021194e-92	1.7671153592092	0.098	0.027	1.03659232631968e-87	NCR3	c15
8.50589291827743e-66	1.76572709229933	0.049	0.01	2.85270636693189e-61	XXYLT1-AS2	c15
8.92220753279196e-19	1.75655730415379	0.014	0.003	2.99232996234777e-14	ASCL2	c15
4.89627023529824e-33	1.75171331093374	0.033	0.009	1.64211111151432e-28	CTSL	c15
1.76558301035633e-58	1.74981298729498	0.051	0.012	5.92141230013307e-54	MFSD2A	c15
7.56658740966305e-22	1.73849048514057	0.014	0.003	2.53768208545279e-17	FES	c15
1.7427381243811e-15	1.73303149030013	0.013	0.003	5.84479512154935e-11	LAIR2	c15
8.15470872814426e-28	1.73113417530083	0.021	0.005	2.73492621324502e-23	POU2AF1	c15
3.83992903484467e-44	1.71419206628098	0.02	0.003	1.28783539970621e-39	UCP3	c15
7.96402468199778e-98	1.71295897856378	0.078	0.017	2.67097459784842e-93	CAMK1	c15
4.87001027667703e-13	1.70479744832597	0.011	0.003	1.63330404659194e-08	ST6GALNAC5	c15
8.84831665056612e-79	1.69281070379193	0.068	0.016	2.96754843826687e-74	CCDC50	c15
2.52161009031653e-236	1.68904504703564	0.255	0.07	8.45697592090358e-232	GADD45A	c15
5.89596004858206e-180	1.68648717324902	0.213	0.062	1.97738708109345e-175	KRT86	c15
4.58538584543093e-47	1.683136332972	0.045	0.011	1.53784670484063e-42	MYLPF	c15
5.46755215663079e-33	1.68138301289631	0.025	0.005	1.83370764229083e-28	AC112721.2	c15
4.16712102831545e-19	1.66920211617304	0.012	0.002	1.39756905047643e-14	ZNF469	c15
1.62982092507294e-28	1.66776931070975	0.011	0.001	5.46609341850964e-24	CNKSR3	c15
1.07816488691391e-107	1.65901296883141	0.107	0.027	3.61594939773187e-103	PHLDA2	c15
4.38724408796752e-31	1.65041888435332	0.019	0.004	1.47139392222255e-26	AC106739.2	c15
3.49062896257296e-92	1.64196812077084	0.071	0.015	1.17068714146772e-87	MAGEF1	c15
6.49223418860921e-145	1.63681710682731	0.13	0.031	2.17736550217576e-140	TRIP10	c15
1.46414039991808e-138	1.63530224100258	0.115	0.026	4.91043407324527e-134	SORD	c15
1.95449342564557e-09	1.63294233079698	0.012	0.004	6.5549800509301e-05	PLS3	c15
3.18555642132747e-15	1.63083325913348	0.013	0.003	1.06837191258481e-10	AC092580.2	c15
8.53299857005823e-71	1.62321914179648	0.068	0.017	2.86179706042613e-66	AC018816.1	c15
2.42822570215476e-121	1.62317236574338	0.142	0.041	8.14378335988665e-117	LINC02384	c15
2.47109656197222e-10	1.61752454190603	0.011	0.003	8.28756364954244e-06	EPYC	c15
2.71021028998653e-29	1.61315856152443	0.023	0.005	9.08950327055683e-25	NUDT11	c15
1.81186555345096e-57	1.61008966498681	0.05	0.012	6.07663469316382e-53	LINC01480	c15
2.46506948977936e-52	1.60907644127063	0.044	0.01	8.26735005482201e-48	ETNK2	c15
3.00629645474039e-260	1.60703155414759	0.264	0.069	1.00825170499083e-255	ZBED2	c15
3.57512105356136e-121	1.58715415201034	0.133	0.036	1.19902409894341e-116	BATF3	c15
1.72456948736284e-36	1.57309784161423	0.032	0.008	5.7838611467175e-32	BTNL8	c15
2.50530876108556e-29	1.57176316305333	0.023	0.005	8.40230452292876e-25	TUBB6	c15
3.0007771192444e-10	1.57025472039563	0.011	0.003	1.00640063025219e-05	P2RY14	c15
1.25769523875338e-30	1.5602481225159	0.031	0.008	4.21805829173109e-26	LAPTM4B	c15
3.24118026996857e-47	1.55866662819452	0.04	0.009	1.08702703894206e-42	TMEM217	c15
6.58910955026584e-45	1.55733513046344	0.035	0.008	2.20985556096816e-40	SLC35G2	c15
8.17528265103746e-225	1.55595845860635	0.37	0.135	2.74182629550494e-220	TNFSF4	c15
4.01207162183747e-56	1.55177286154622	0.049	0.012	1.34556858053185e-51	FAM174B	c15
1.79383182027577e-82	1.54740675019758	0.069	0.016	6.01615315884087e-78	ICA1	c15
1.61480004572935e-54	1.54475916727781	0.04	0.008	5.4157163933671e-50	MDK	c15
1.07851760342047e-51	1.53888079691738	0.049	0.012	3.61713233835159e-47	IL1RN	c15
2.56908251865106e-30	1.53834280716109	0.039	0.012	8.61618895105191e-26	LST1	c15
3.64084729941756e-28	1.534278623409	0.02	0.004	1.22106736727866e-23	PTP4A3	c15
1.58090434743409e-138	1.52874610655839	0.191	0.06	5.30203700042446e-134	CD9	c15
3.73915904141502e-226	1.52274008219056	0.202	0.048	1.25403915930977e-221	PHACTR2	c15
3.77788909898752e-62	1.51735870202685	0.042	0.008	1.26702844601843e-57	COL6A3	c15
1.50397230346211e-125	1.51434140836312	0.105	0.024	5.04402231135123e-121	PLAGL1	c15
2.1490887852393e-54	1.51152737465602	0.045	0.01	7.20761396793557e-50	PTPN13	c15
4.80697048707754e-26	1.5113774725436	0.021	0.005	1.61216176195606e-21	LIMS2	c15
1.04268389665199e-20	1.51114037391221	0.018	0.005	3.49695325259145e-16	TSPAN4	c15
4.10569660551367e-101	1.51018796453203	0.1	0.025	1.37696852755717e-96	DIXDC1	c15
7.16549215181311e-38	1.50974416952705	0.03	0.007	2.40316275787508e-33	DHX32	c15
2.66350749697795e-76	1.50816300272271	0.058	0.012	8.93287144336465e-72	ANKRD33B	c15
4.59552939239373e-164	1.50243648817242	0.195	0.056	1.54124864762101e-159	LMCD1	c15
1.00098800930896e-40	1.5011690232305	0.033	0.007	3.35711358562038e-36	RILP	c15
1.17891036219918e-123	1.49860572404859	0.106	0.024	3.95382957274361e-119	BTLA	c15
1.52461155872094e-142	1.48387581704751	0.163	0.046	5.11324224563829e-138	KIAA1324	c15
2.16115659256074e-77	1.48357075750812	0.097	0.029	7.24808698013021e-73	SMCO4	c15
1.64461257745067e-51	1.47769759250162	0.064	0.019	5.51570166225405e-47	RORC	c15
1.17910747739101e-13	1.47551208156471	0.019	0.006	3.95449065767396e-09	AL391056.1	c15
1.23662686791442e-62	1.47199376856523	0.059	0.014	4.14739918961137e-58	EVA1B	c15
2.75258525438811e-52	1.46882990816293	0.055	0.015	9.23162042616684e-48	SMIM3	c15
5.770714964265e-27	1.46580859773489	0.024	0.006	1.93538238471519e-22	CTTN	c15
4.99591603139422e-114	1.4645273885122	0.118	0.031	1.67553031860899e-109	ATL1	c15
1.42282547211223e-238	1.45303798258681	0.287	0.084	4.77187206836999e-234	NPDC1	c15
4.52056501589796e-16	1.45057065444625	0.015	0.004	1.51610709503186e-11	TLE1	c15
1.15004411348525e-25	1.44681459349507	0.017	0.003	3.85701794780684e-21	USP51	c15
6.10378833814385e-44	1.44324489974422	0.04	0.01	2.04708853284668e-39	FAM92A	c15
3.34897709591795e-15	1.44299796123618	0.02	0.006	1.12317993842896e-10	FXYD6	c15
1.44766768867605e-244	1.43521809522346	0.719	0.414	4.85518789428173e-240	CRTAM	c15
8.29670543723092e-15	1.43410359995085	0.014	0.003	2.78254906953851e-10	IL21-AS1	c15
1.44326903665549e-13	1.4312357992041	0.01	0.002	4.84043569513517e-09	C1QTNF12	c15
1.85721037521696e-167	1.41447823119328	0.193	0.054	6.22871215640263e-163	PCSK1N	c15
4.37756485819763e-119	1.41301984094908	0.12	0.031	1.46814770214232e-114	MAMLD1	c15
2.92419005757696e-174	1.40629260851224	0.202	0.057	9.80714861510161e-170	ARMH1	c15
4.40788066611948e-209	1.40242037882757	0.284	0.089	1.47831501780315e-204	FURIN	c15
1.01269841825099e-36	1.40026380211684	0.028	0.006	3.39638795513017e-32	DENND5A	c15
1.44308341203991e-102	1.39903847191655	0.111	0.03	4.83981314729943e-98	PON2	c15
8.87576718936743e-22	1.39177231690847	0.017	0.004	2.97675479997005e-17	TMEM63C	c15
1.85483389768319e-57	1.3899425583643	0.066	0.018	6.2207419260499e-53	EPB41L2	c15
4.86227145098569e-28	1.38348614642769	0.023	0.005	1.63070859923158e-23	LPL	c15
2.12439033470459e-35	1.38103917802322	0.034	0.008	7.12478030453225e-31	ZNF395	c15
3.60938949635603e-36	1.38072984454725	0.036	0.01	1.21051704928788e-31	IL12RB2	c15
0	1.37102688979292	0.726	0.304	0	TRAF1	c15
1.08886548715499e-74	1.37013240453852	0.092	0.027	3.65183707082041e-70	DBN1	c15
1.25133770056229e-72	1.37001265048095	0.114	0.038	4.19673638014581e-68	MYC	c15
1.20940567965041e-13	1.36870249854019	0.014	0.004	4.05610476841156e-09	UBXN10-AS1	c15
9.59201950168489e-37	1.36714754565136	0.038	0.01	3.21697150047508e-32	SUOX	c15
2.33149439318958e-184	1.36132887630256	0.229	0.068	7.81936589587923e-180	MTSS1	c15
3.14107844184158e-19	1.35454124605672	0.024	0.007	1.05345488782483e-14	LINC02416	c15
8.20380572796747e-20	1.35419183580419	0.017	0.004	2.75139236504573e-15	CYBRD1	c15
5.25768625096114e-90	1.34542822905484	0.1	0.027	1.76332281484735e-85	CD109	c15
1.1832261120884e-30	1.33508654404844	0.029	0.007	3.96830373472209e-26	AGMAT	c15
3.65444663618536e-275	1.33423058052858	0.418	0.142	1.22562831284385e-270	LAYN	c15
5.1360221754778e-14	1.32838707215975	0.012	0.003	1.72251911721174e-09	CEBPA	c15
1.13857501964386e-262	1.32763257480527	0.367	0.117	3.81855290088158e-258	KCNN4	c15
4.30789368588846e-95	1.32762288743961	0.109	0.03	1.44478138437327e-90	ZC3H12C	c15
1.95738893138443e-13	1.32375576150359	0.01	0.002	6.5646909980771e-09	RTN2	c15
2.63594112119894e-154	1.32060357832825	0.247	0.085	8.84041933227702e-150	CD83	c15
3.32735566332048e-15	1.31784322887376	0.014	0.004	1.11592854236442e-10	AC040970.1	c15
6.16469453416689e-33	1.31774070361046	0.043	0.013	2.06751525286889e-28	BARX2	c15
1.08877153371138e-31	1.31567883205027	0.033	0.009	3.65152196976122e-27	H2AFY2	c15
1.74122537745753e-171	1.31550535789281	0.22	0.066	5.83972167091708e-167	SDC4	c15
0	1.31331693012574	0.539	0.202	0	NDFIP2	c15
6.95688219517499e-39	1.31071095407392	0.035	0.009	2.33319915061779e-34	MCAM	c15
1.75594137634624e-48	1.30931641804997	0.061	0.018	5.88907618799002e-44	ADO	c15
2.07876824114958e-08	1.30657001424954	0.01	0.003	0.000697177292716745	LRRC34	c15
4.91134585135199e-13	1.30562350630196	0.016	0.005	1.64716717162643e-08	MS4A6A	c15
5.41693605937673e-18	1.29997183587098	0.016	0.004	1.81673201559377e-13	RASAL1	c15
2.04826121761409e-13	1.29792273278921	0.011	0.003	6.86945847163414e-09	CDK14	c15
1.7747657377206e-73	1.29648520100808	0.094	0.028	5.95220933116735e-69	HMSD	c15
3.75687515533656e-122	1.29473934404491	0.3	0.125	1.25998078959678e-117	NSMCE1	c15
3.45321404823886e-135	1.28427585993542	0.228	0.081	1.15813892749835e-130	ID3	c15
2.51027698175127e-11	1.27984073565519	0.012	0.003	8.41896694139741e-07	TST	c15
2.19732595416497e-13	1.2762562617765	0.011	0.003	7.36939178507847e-09	IL21R-AS1	c15
3.6609057852083e-174	1.27436782283328	0.265	0.088	1.22779458224316e-169	BCAT1	c15
9.95927376405364e-74	1.27347086649707	0.077	0.02	3.34014123498831e-69	CPM	c15
1.4574238864437e-21	1.26848804794476	0.021	0.006	4.88790823035487e-17	DERL3	c15
2.33351901779462e-61	1.2678866879431	0.061	0.016	7.82615608187961e-57	EVC	c15
2.86513477972225e-15	1.2642730144718	0.015	0.004	9.60908902423248e-11	MIR210HG	c15
5.41681948533626e-128	1.26392216747639	0.148	0.041	1.81669291899208e-123	HIPK2	c15
3.27215972906814e-10	1.26347546574369	0.011	0.003	1.09741692993487e-05	C15orf48	c15
6.20462004691521e-91	1.25690130821414	0.116	0.035	2.08090547133442e-86	ATP8B4	c15
3.84721287110078e-268	1.2513091005298	0.512	0.199	1.29027825270978e-263	IGFLR1	c15
7.15369789489574e-102	1.2486775399005	0.124	0.036	2.39920719999013e-97	C16orf45	c15
5.40988420762232e-146	1.2460101639514	0.218	0.071	1.81436696555237e-141	SEMA4A	c15
1.55517569220563e-17	1.2436001334943	0.023	0.007	5.21574823651925e-13	IFITM10	c15
1.27072865790141e-55	1.2380372194479	0.067	0.02	4.26176977286976e-51	COPG2	c15
4.07426190067978e-47	1.23431951181079	0.056	0.016	1.36642595624999e-42	CERS6	c15
1.40698662042897e-27	1.23389677183814	0.033	0.01	4.71875172759467e-23	FKBP1C	c15
1.85011638382311e-19	1.23264239291826	0.021	0.006	6.20492032806596e-15	TNK2-AS1	c15
4.41408831306803e-81	1.2319383226909	0.111	0.034	1.48039693843676e-76	EPAS1	c15
2.19114026102511e-189	1.22991921411099	0.281	0.091	7.34864620742603e-185	TSPAN17	c15
1.90141697268031e-38	1.22986037415702	0.036	0.009	6.37697224297522e-34	ACY1	c15
5.53927069027364e-10	1.22611041238377	0.011	0.003	1.85776060410397e-05	SPIB	c15
1.17737974179557e-28	1.2164571111045	0.027	0.007	3.94869617803398e-24	NLGN4Y	c15
9.01025388107544e-13	1.21626587663865	0.012	0.003	3.02185894663508e-08	TPST1	c15
2.0076848732915e-91	1.2159579000257	0.125	0.039	6.73337352804503e-87	IGFBP4	c15
1.19665373375792e-17	1.21452447674009	0.017	0.004	4.01333729227732e-13	TMPRSS3	c15
3.26789030725949e-82	1.21206932675251	0.112	0.035	1.09598505124869e-77	CCL20	c15
4.41258042159887e-11	1.21150326187747	0.014	0.005	1.47989122179583e-06	LINC00299	c15
8.18703128063954e-121	1.20829844984244	0.166	0.051	2.74576655090089e-116	AD000671.2	c15
1.31159329541883e-21	1.20227472622819	0.019	0.005	4.39882159417568e-17	RAB31	c15
1.6732084605524e-212	1.20009955016175	0.254	0.073	5.61160653500065e-208	AC008105.3	c15
1.22533347180084e-23	1.1980103212879	0.026	0.007	4.10952339772566e-19	MACROD1	c15
1.98399117029236e-09	1.1976630848746	0.012	0.004	6.65390958692651e-05	NUDT10	c15
2.2348310216174e-280	1.19631884532134	0.684	0.328	7.49517628030043e-276	HSPB1	c15
4.32941318231199e-13	1.19537358995932	0.018	0.006	1.4519985930838e-08	ZACN	c15
5.56432169961928e-91	1.19499619840641	0.161	0.058	1.86616221161831e-86	MAGEH1	c15
1.20314695766819e-19	1.19487610232316	0.026	0.008	4.03511426662756e-15	OLFM2	c15
3.20294460973477e-71	1.19401081370185	0.08	0.022	1.07420356321285e-66	MYL5	c15
6.78114905808015e-30	1.1932724220871	0.038	0.011	2.27426177109892e-25	EPHX2	c15
1.2652281901625e-09	1.19162687336724	0.011	0.003	4.24332230416701e-05	AC012368.1	c15
4.36901927997475e-16	1.18203674602768	0.021	0.007	1.46528168611793e-11	AL136531.2	c15
2.13507508394589e-25	1.17685306225926	0.033	0.01	7.16061481653773e-21	UBASH3B	c15
1.99653920524725e-118	1.1761450743401	0.206	0.073	6.69599318655822e-114	BCL2A1	c15
5.67067127387972e-146	1.17474589588233	0.223	0.074	1.90182973183378e-141	PQLC1	c15
1.98163096929252e-118	1.17456511889841	0.166	0.052	6.64599394481325e-114	MICAL2	c15
1.49597850619474e-27	1.17391145276399	0.041	0.014	5.0172127140759e-23	NQO1	c15
3.33674697546799e-35	1.17049799220039	0.042	0.012	1.11907820063246e-30	CLIP3	c15
4.5499062750776e-12	1.16698349714077	0.014	0.004	1.52594756653552e-07	PLK2	c15
6.08302056355234e-31	1.16646966068436	0.021	0.004	2.04012343660418e-26	CHGB	c15
9.94241104042962e-122	1.16362973287285	0.216	0.077	3.33448581473929e-117	RETREG1	c15
9.53453345801712e-139	1.15134619939274	0.216	0.071	3.19769183114978e-134	PLAGL2	c15
4.30106949373928e-56	1.15055263954444	0.061	0.017	1.44249268681028e-51	COL9A2	c15
1.68187069096284e-33	1.14918268094721	0.048	0.016	5.64065792335118e-29	TLCD1	c15
4.94964898622126e-14	1.1439220342046	0.014	0.004	1.66001327699889e-09	AL391069.2	c15
1.40927503530978e-23	1.14236658386891	0.019	0.004	4.72642661342192e-19	AC008074.3	c15
6.05532436698482e-47	1.14232054855227	0.066	0.021	2.03083468619937e-42	HILPDA	c15
5.76665746689656e-266	1.14095154546336	0.448	0.162	1.93402158124777e-261	CDK6	c15
6.32216796515479e-20	1.13789631944778	0.028	0.009	2.12032869215361e-15	HSBP1L1	c15
1.12692353861512e-10	1.13254172358476	0.01	0.003	3.7794761638074e-06	MESP1	c15
2.43838699406241e-08	1.12620790514027	0.011	0.004	0.00081778623006865	MATR3	c15
2.27673346492517e-29	1.12351392701606	0.038	0.012	7.63570869466602e-25	BCAR3	c15
3.26051965624957e-80	1.12140260564383	0.095	0.027	1.09351308231298e-75	GRAMD2B	c15
9.6038083959521e-09	1.1201636567777	0.013	0.005	0.000322092525983441	ADGRE1	c15
5.035959014793e-36	1.11608605699754	0.043	0.012	1.68895993438128e-31	CLCF1	c15
2.04133289076043e-126	1.11514995596282	0.209	0.072	6.84622224903233e-122	LIMA1	c15
8.06062356023957e-22	1.1145578715332	0.022	0.006	2.70337192963315e-17	SDCBP2	c15
4.45906736455787e-13	1.10939033921498	0.015	0.005	1.49548201272542e-08	AC245595.1	c15
1.27222189777698e-11	1.10859348503044	0.014	0.004	4.26677780076443e-07	TP53I3	c15
2.88819020202988e-12	1.10800633738499	0.012	0.003	9.68641229956781e-08	HECW2	c15
1.78944334139518e-21	1.10550244319213	0.021	0.006	6.00143507837116e-17	SLC9A7	c15
8.66484959734662e-133	1.10473639411211	0.168	0.05	2.90601725795811e-128	DOT1L	c15
8.58487197084468e-39	1.10470876574319	0.054	0.017	2.87919436158189e-34	METTL1	c15
2.20965000648269e-11	1.09989080422169	0.014	0.004	7.41072419174164e-07	ZNF775	c15
2.45924385845888e-21	1.09903062492102	0.025	0.007	8.2478120524994e-17	ST20-AS1	c15
1.44669313818425e-133	1.0990202185111	0.22	0.076	4.85191944684233e-129	RDX	c15
6.51288837770302e-43	1.09836801782206	0.059	0.019	2.18429250411404e-38	EPOP	c15
5.29248652309712e-33	1.09522688740796	0.038	0.011	1.77499413011631e-28	FAM43A	c15
2.00625502700857e-23	1.09429951223605	0.025	0.007	6.72857810958133e-19	NCR3LG1	c15
0	1.09297156753651	0.927	0.643	0	PKM	c15
2.72690781160711e-10	1.09107572237454	0.011	0.003	9.14550341856793e-06	LBX2	c15
1.29218402358624e-62	1.08724263547559	0.089	0.028	4.33372677830354e-58	PEMT	c15
1.87143226962615e-295	1.08389053882398	0.83	0.486	6.27640954587218e-291	REL	c15
3.85625904076633e-65	1.08326035902855	0.093	0.03	1.29331215709221e-60	FLVCR2	c15
0	1.08081566983039	0.848	0.486	0	C9orf16	c15
2.21535582365644e-26	1.07661345640882	0.035	0.011	7.42986036137898e-22	REEP2	c15
3.02620335285171e-45	1.07287229050702	0.064	0.021	1.0149280804794e-40	C17orf58	c15
1.19380829643848e-10	1.07085189691	0.013	0.004	4.00379426459538e-06	ASMT	c15
1.7616786839555e-24	1.06592387133581	0.027	0.007	5.90831797024996e-20	IL6R	c15
4.00053993563774e-96	1.06170805948136	0.127	0.038	1.34170108361418e-91	CD200	c15
7.47343410432221e-36	1.0596933785685	0.063	0.022	2.50644032990758e-31	HOPX	c15
2.43014831478259e-76	1.05535081656937	0.107	0.034	8.15023141811785e-72	RASGEF1A	c15
2.76537151026857e-145	1.05524248446372	0.266	0.096	9.27450297113873e-141	CHST7	c15
9.49121680317492e-11	1.05268303411116	0.011	0.003	3.1831642914488e-06	DLGAP4-AS1	c15
2.14610322695693e-121	1.05035620310908	0.206	0.071	7.19760100256814e-117	GLB1	c15
2.12115716607052e-131	1.05028195603917	0.216	0.074	7.11393690356731e-127	RFX2	c15
6.46896649579518e-10	1.04554965843535	0.012	0.004	2.16956198335979e-05	ABALON	c15
2.49143809335688e-142	1.0445605050078	0.279	0.105	8.3557850775003e-138	MYL6B	c15
1.81548659990875e-31	1.04394450792981	0.045	0.014	6.08877895877396e-27	TGFBR3L	c15
2.65282521975966e-11	1.04269865003594	0.021	0.008	8.89704522202995e-07	LTC4S	c15
7.24215473110628e-08	1.03887627928108	0.033	0.018	0.00242887385371843	TRBV7-6	c15
3.07006477327797e-13	1.03749627248357	0.018	0.006	1.02963832366196e-08	ST20	c15
1.14120639170833e-24	1.03448030875959	0.04	0.014	3.82737799651139e-20	GLIDR	c15
1.00539147315101e-37	1.031481654416	0.049	0.015	3.37188192265387e-33	PSD	c15
1.38063690621987e-86	1.0311718911082	0.119	0.037	4.63038005608019e-82	SLC41A2	c15
8.40430669173303e-286	1.03074378733797	0.799	0.424	2.81863637827342e-281	SNX9	c15
3.05322119174281e-97	1.03019080844573	0.186	0.069	1.0239893232867e-92	TMED8	c15
2.39171485183372e-38	1.03006418479609	0.045	0.013	8.02133327007993e-34	ZBTB10	c15
2.74270756111807e-13	1.02776624225617	0.016	0.005	9.19849261847777e-09	JAG1	c15
9.82067715006992e-17	1.02725808995584	0.016	0.004	3.29365870259045e-12	CYFIP1	c15
1.58142834788658e-27	1.02595124100854	0.03	0.008	5.30379439314202e-23	CFAP57	c15
2.05131194479003e-100	1.02528480958844	0.2	0.076	6.87969000043681e-96	DUSP5	c15
1.9188733744617e-56	1.02403054036509	0.082	0.027	6.43551752326966e-52	TGFBR1	c15
5.49194872781431e-33	1.01558544452906	0.045	0.014	1.84188976433436e-28	MAP3K14-AS1	c15
5.51499938532528e-40	1.01151023950656	0.061	0.02	1.84962049385039e-35	TMEM121	c15
1.79123330320063e-107	1.01092978066904	0.238	0.095	6.00743825227427e-103	CTSH	c15
5.03807061578977e-43	1.00906443537611	0.055	0.016	1.68966812312357e-38	CD274	c15
1.34115261359235e-24	1.00795770304303	0.027	0.008	4.49795763546602e-20	NHS	c15
1.86244314338292e-103	1.00628371159217	0.211	0.081	6.24626181427765e-99	GOLIM4	c15
1.36597094398789e-36	1.00534233809113	0.061	0.022	4.58119335194658e-32	AC006449.6	c15
4.66266554935109e-20	1.00231866699733	0.029	0.01	1.56376477194137e-15	SMKR1	c15
1.93725810519621e-83	1.00170581588039	0.115	0.036	6.49717623320705e-79	MIB1	c15
1.52260999326339e-29	0.998775095220978	0.036	0.01	5.10652939540677e-25	TMEM91	c15
7.24246194715453e-15	0.995763482936749	0.032	0.013	2.42897688783669e-10	IL26	c15
0	0.994427256786059	0.961	0.676	0	GPX4	c15
8.50960871288763e-07	0.985812439157121	0.011	0.004	0.0285395257012825	AL139393.2	c15
8.42188427387073e-70	0.984975380996798	0.107	0.035	2.82453154777077e-65	FSD1	c15
5.94697921904232e-155	0.983606736771305	0.465	0.22	1.99449789048241e-150	GRAMD1A	c15
1.08678591363694e-18	0.983066671476314	0.026	0.009	3.64486259715558e-14	STXBP1	c15
9.74991415900041e-58	0.982103482214627	0.133	0.054	3.26992621064556e-53	IQCG	c15
1.18941772205752e-60	0.980496349728193	0.102	0.036	3.98906915623652e-56	ZSCAN2	c15
9.25952719004166e-21	0.976489895636862	0.027	0.008	3.10546022899617e-16	UST	c15
5.11546602603102e-15	0.976447724591933	0.028	0.011	1.71562499581028e-10	TP73	c15
2.06964763865689e-08	0.975017107123082	0.023	0.01	0.000694118425052749	TRBV7-4	c15
1.64299957926502e-12	0.974751626421271	0.054	0.029	5.51029198893902e-08	TRBV28	c15
5.0806931216449e-11	0.973680920706983	0.011	0.003	1.70396285913727e-06	SHB	c15
1.9034707589694e-13	0.973266912361995	0.013	0.004	6.38386023143159e-09	OGFRP1	c15
4.44706211541406e-43	0.968926361406776	0.084	0.032	1.49145569226757e-38	AL138724.1	c15
1.91406061579807e-79	0.968790737687758	0.144	0.052	6.41937649326357e-75	INPP1	c15
6.46309734230431e-46	0.965044619804962	0.1	0.04	2.16759358666202e-41	AC017002.3	c15
1.82706400762779e-64	0.963393500805382	0.109	0.038	6.12760726878209e-60	DRAIC	c15
2.44817795082341e-231	0.960538691424429	0.943	0.727	8.21069921147156e-227	MT2A	c15
2.10324856995742e-36	0.959212284649662	0.063	0.022	7.05387505392319e-32	ZNF771	c15
2.69853220580616e-09	0.957971736527206	0.013	0.004	9.05033731183269e-05	AC147067.1	c15
7.56987609431666e-11	0.955845867317702	0.011	0.003	2.53878504451192e-06	RGS4	c15
4.93133341610973e-21	0.955839898633374	0.026	0.008	1.65387060109488e-16	INF2	c15
3.06505216421682e-211	0.953821629184612	0.773	0.443	1.02795719483504e-206	TNFRSF9	c15
5.30605844463951e-210	0.953660380909158	0.751	0.424	1.7795458811632e-205	FKBP1A	c15
5.57726354688546e-11	0.952148790452201	0.012	0.003	1.87050264835445e-06	PHKA1	c15
1.39868108997261e-118	0.94946525316019	0.234	0.087	4.69089663955013e-114	CXorf40A	c15
6.94596023997607e-42	0.948388117200838	0.061	0.02	2.32953614528317e-37	DOK4	c15
2.23727871736684e-14	0.948022592213854	0.014	0.004	7.50338536230492e-10	TTC21A	c15
2.68602735509253e-15	0.944636488021515	0.019	0.006	9.00839854350934e-11	LINC02357	c15
5.66588640912818e-134	0.941786195727616	0.277	0.107	1.90022498389341e-129	GK	c15
2.41293212614523e-33	0.941068270585081	0.059	0.021	8.09249176466589e-29	PRKAG2-AS1	c15
5.1861880048423e-18	0.940902994432037	0.029	0.01	1.73934373306401e-13	AL162231.1	c15
5.03654522798401e-75	0.940845481583728	0.107	0.034	1.68915653856128e-70	MOB1B	c15
6.3385591241493e-09	0.939764712018728	0.013	0.004	0.000212582595905719	AL034549.1	c15
3.06541891177445e-57	0.939672854225577	0.095	0.033	1.02808019463092e-52	AIFM2	c15
2.72096122917143e-28	0.938922922509356	0.045	0.015	9.12555977039514e-24	HACD1	c15
2.37413965147382e-25	0.936595710401819	0.022	0.005	7.96238956311289e-21	IL21	c15
1.69391617201171e-09	0.93509531219958	0.014	0.005	5.68105605769287e-05	RAP2C-AS1	c15
8.33527120240684e-08	0.933266515019624	0.015	0.006	0.0027954832558632	CHST2	c15
6.58217229096048e-09	0.933050767924067	0.011	0.004	0.000220752894294233	LINC01146	c15
1.91546933279867e-07	0.932471080981401	0.011	0.004	0.00642410104834017	AC073335.2	c15
1.00916570330659e-15	0.930892389685693	0.025	0.009	3.38453993574964e-11	OSCP1	c15
5.32109224222492e-32	0.930120837906241	0.052	0.018	1.78458791619739e-27	CAMK2N1	c15
5.21795512453337e-42	0.928068576611415	0.134	0.063	1.749997789666e-37	HMOX1	c15
2.12115565574664e-08	0.925413071550062	0.01	0.003	0.000711393183824307	ZNF497	c15
1.76531695608571e-131	0.922344853585864	0.279	0.108	5.92052000732025e-127	MIIP	c15
6.13430949289822e-121	0.921191944535979	0.261	0.101	2.05732471772821e-116	TSPAN5	c15
3.39677819776319e-11	0.918581832366808	0.017	0.006	1.13921147196582e-06	GPSM1	c15
5.27226674369625e-08	0.916848217743416	0.012	0.004	0.00176821282050085	ALDH1B1	c15
8.3964701295242e-17	0.916604761150608	0.023	0.007	2.81600815203983e-12	CTSF	c15
1.06860563118059e-47	0.912734256196261	0.162	0.078	3.58388956585347e-43	SOX4	c15
8.537821078573e-66	0.912644952320791	0.114	0.04	2.86341443333181e-61	FHOD1	c15
2.7403290962287e-32	0.911491781692834	0.043	0.013	9.1905157229318e-28	DNAJB5	c15
1.412139620127e-09	0.911200597533507	0.015	0.005	4.73603385798192e-05	RNASEK-C17orf49	c15
2.96250165458271e-102	0.91087314774339	0.19	0.069	9.93563804913951e-98	ACOX3	c15
7.71245453029738e-09	0.908171930935509	0.011	0.003	0.000258660300037114	H1FX-AS1	c15
9.75344138837257e-81	0.905503737495919	0.187	0.075	3.27110917283239e-76	ZMIZ1	c15
5.90337826310136e-70	0.902010971624534	0.12	0.042	1.97987500187893e-65	ANKS1B	c15
2.37652540110684e-13	0.899854844184008	0.017	0.005	7.9703908902321e-09	ARMCX4	c15
2.46993594459363e-215	0.899006548110636	0.798	0.48	8.2836711709781e-211	NME2	c15
6.09551248909125e-55	0.897504534372244	0.099	0.036	2.04431297859142e-50	NBPF10	c15
3.1190391476457e-63	0.896324477094839	0.123	0.046	1.04606334933742e-58	ATF7IP2	c15
1.25644822509106e-17	0.892706549969608	0.044	0.019	4.21387605731039e-13	LINC01358	c15
6.43543136627695e-173	0.889175652545506	0.441	0.186	2.15831497162196e-168	ATP5MC1	c15
7.39754927551655e-153	0.887992940069441	0.433	0.193	2.48099007602274e-148	CXorf40B	c15
6.36618536652093e-132	0.887887579830632	0.277	0.106	2.13509124822379e-127	ECE1	c15
1.16965062713393e-169	0.88695716843176	0.523	0.249	3.92277427328176e-165	GEM	c15
5.87377789924775e-50	0.886194477203829	0.085	0.03	1.96994763184971e-45	FRMD6	c15
1.44959950664233e-13	0.886086927830251	0.022	0.008	4.86166682537705e-09	ZNF35	c15
3.00670134608211e-92	0.885311038099548	0.201	0.079	1.00838749744902e-87	MIR3142HG	c15
3.6172206773548e-07	0.884624703960485	0.01	0.004	0.0121314347077125	ARMC9	c15
6.65465270405428e-155	0.884347241523474	0.368	0.15	2.23183742388573e-150	MDFIC	c15
9.21030354014647e-15	0.883585673694581	0.019	0.006	3.08895160129432e-10	CDK2AP1	c15
5.17863988754214e-08	0.882763645442541	0.013	0.005	0.00173681224548388	CACNA2D4	c15
2.50381373904857e-10	0.881192154389823	0.014	0.005	8.39729051802111e-06	ERICD	c15
4.861901840016e-94	0.88084161194999	0.225	0.092	1.63058463910457e-89	MPST	c15
1.15980357008624e-17	0.877241036201936	0.021	0.006	3.88974921335522e-13	HHAT	c15
4.86411793752298e-156	0.877045809575765	0.613	0.337	1.63132787388646e-151	VCAM1	c15
2.96448331729785e-133	0.876110599594661	0.364	0.158	9.94228414955352e-129	PHPT1	c15
4.24505434079045e-92	0.876053030499609	0.186	0.07	1.4237063248143e-87	SNX11	c15
6.30995915101715e-154	0.875887953327915	0.844	0.626	2.11623410006813e-149	CXCL13	c15
5.77486878190019e-13	0.87216844410304	0.02	0.007	1.93677549207369e-08	HYAL3	c15
2.40049687681932e-40	0.868492157884825	0.079	0.03	8.05078642547664e-36	ADPRH	c15
1.38869591310686e-12	0.867738042192264	0.018	0.006	4.6574083533778e-08	LINC00987	c15
7.81083311829276e-09	0.86693328758183	0.018	0.007	0.000261959721121303	KCNK1	c15
2.20401205437352e-08	0.866118797781608	0.03	0.015	0.000739181562795792	TRAV12-2	c15
2.91798172947449e-35	0.864830644484265	0.061	0.022	9.78632712431154e-31	PIGV	c15
2.52194208085711e-16	0.86308453597352	0.025	0.009	8.45808935077858e-12	AL445524.1	c15
3.6682140811823e-09	0.863021367164968	0.016	0.006	0.000123024563854692	COL5A1	c15
1.90569573245663e-07	0.861354931661968	0.011	0.004	0.00639132234751303	BX088651.4	c15
3.49144279913564e-51	0.860170341511203	0.085	0.029	1.17096008597411e-46	HSD17B8	c15
5.1425303419148e-17	0.85978484299007	0.015	0.004	1.72470182607139e-12	CLIP2	c15
3.15783727987135e-65	0.854578785345095	0.215	0.101	1.05907546692325e-60	TMEM173	c15
1.61335140516976e-133	0.853383746411369	0.487	0.25	5.41085794265836e-129	CCR7	c15
3.07677846027977e-63	0.853139158390591	0.117	0.042	1.03188996000863e-58	FAM213B	c15
6.48725194862281e-86	0.852452548744202	0.209	0.085	2.17569455852912e-81	PXK	c15
8.64151164663362e-45	0.850977870907739	0.09	0.034	2.89819017604798e-40	CCR6	c15
7.67632980992165e-28	0.85078612193195	0.048	0.017	2.57448749165152e-23	AL121603.2	c15
7.49191201593986e-37	0.85036859793012	0.059	0.02	2.51263745190591e-32	TRAK1	c15
1.69565617297897e-34	0.846877483135343	0.057	0.02	5.68689167293688e-30	TKFC	c15
8.4102041438336e-106	0.846319151458945	0.251	0.102	2.82061426575891e-101	ETFB	c15
5.98817653611915e-89	0.845660149788932	0.191	0.074	2.00831464668364e-84	LYRM4	c15
1.137914003534e-23	0.844465212599306	0.042	0.015	3.81633598505234e-19	AC008915.2	c15
7.66851953791434e-13	0.843903602227382	0.017	0.005	2.57186808262571e-08	ANO10	c15
1.32020206162803e-07	0.842801664567829	0.012	0.004	0.00442769367428808	NRSN2	c15
1.84210985703173e-197	0.839504786405932	0.731	0.392	6.17806803851301e-193	POLR2E	c15
3.68498383084023e-113	0.838457726282537	0.386	0.185	1.2358698771872e-108	TNFAIP8	c15
6.05868667691818e-25	0.837816718386251	0.053	0.021	2.03196233770482e-20	BLM	c15
2.01383585386421e-23	0.83772879218367	0.04	0.014	6.75400268668978e-19	NT5DC2	c15
2.56766719408605e-61	0.837487223201734	0.115	0.042	8.6114422355258e-57	G6PC3	c15
5.36366764993253e-95	0.836558843016791	0.181	0.066	1.79886685643437e-90	BACH2	c15
6.54335115552556e-10	0.836113159478972	0.013	0.004	2.19450911054016e-05	SPINT1	c15
8.79914526525793e-08	0.836046181410387	0.014	0.005	0.0029510573390622	AC022098.1	c15
7.73480577208903e-23	0.833296515663615	0.045	0.017	2.59409915984322e-18	FUCA2	c15
1.39987023492802e-07	0.83305577696165	0.014	0.006	0.00469488479390159	ZBED5-AS1	c15
8.99761544491702e-21	0.831897241069601	0.032	0.011	3.01762026791627e-16	CD72	c15
2.40710919168726e-81	0.831816341559367	0.118	0.038	8.07296280708074e-77	PDGFA	c15
1.50279140397963e-43	0.831554110007538	0.078	0.028	5.04006181066689e-39	CHKA	c15
1.05861964075188e-55	0.831428917657165	0.105	0.039	3.55039855115365e-51	HAPLN3	c15
8.62455785012319e-18	0.830814713088365	0.036	0.014	2.89250421177431e-13	PRRG4	c15
8.83384902276325e-07	0.829775894349012	0.013	0.005	0.0296269628525434	CSNK2A3	c15
1.01943339005647e-102	0.82853178817704	0.236	0.094	3.41897570357139e-98	ATOX1	c15
1.99402749400872e-100	0.828370064075568	0.218	0.086	6.68756940940645e-96	GADD45G	c15
7.73263313787547e-07	0.824258212349408	0.012	0.005	0.0259337050178068	MEX3B	c15
4.18687655643666e-24	0.823311607236001	0.058	0.024	1.40419465949773e-19	CRADD	c15
2.35309598403004e-15	0.821951794900922	0.025	0.009	7.89181331123994e-11	AL139423.1	c15
9.75603716131373e-187	0.821332031820926	0.691	0.375	3.2719797431614e-182	BHLHE40	c15
7.68612683620602e-16	0.820604840600973	0.03	0.011	2.57777321832677e-11	DYRK3	c15
3.97078499697416e-13	0.818771005402075	0.04	0.019	1.33172187228519e-08	TRAV16	c15
1.40433443005786e-09	0.8165533429801	0.018	0.007	4.70985681152805e-05	NUDT7	c15
5.71761493936474e-104	0.81527715470228	0.249	0.101	1.91757369836415e-99	WARS	c15
2.44739084863342e-28	0.814931661137748	0.047	0.017	8.20805942814677e-24	SLC25A13	c15
2.97918979491003e-105	0.814010055530192	0.264	0.111	9.99160673416927e-101	SATB1	c15
1.44469856250178e-132	0.812794820761251	0.422	0.197	4.84523003891846e-128	CTSB	c15
1.11202975316662e-95	0.81204860278153	0.222	0.089	3.7295253861702e-91	PARVB	c15
4.77298286381426e-21	0.811661027854732	0.033	0.011	1.60076299286603e-16	NECAB3	c15
4.0796767006678e-46	0.810723449083533	0.106	0.043	1.36824197186997e-41	PTPRN2	c15
9.61605705679756e-43	0.807524591978482	0.073	0.026	3.22503321570877e-38	SERPINB6	c15
1.31469736279202e-09	0.806984062906698	0.036	0.019	4.40923201533188e-05	TIMP1	c15
6.80366592963666e-204	0.80531957698944	0.845	0.552	2.28181347948154e-199	NDUFV2	c15
1.48119745028411e-24	0.805250721454567	0.058	0.024	4.96764000876286e-20	RGS3	c15
1.94088165112892e-60	0.803485658529496	0.125	0.048	6.50932888155619e-56	SLC35F2	c15
1.10802975844169e-13	0.802781963299745	0.024	0.009	3.71611020386174e-09	HS3ST1	c15
2.19817655285464e-17	0.802551043185606	0.031	0.012	7.37224452296388e-13	AL162258.2	c15
5.18650550285005e-174	0.802305363217659	0.645	0.338	1.73945021554585e-169	MFSD10	c15
1.30701308465833e-102	0.802125006417872	0.463	0.253	4.38346048332712e-98	MT1E	c15
4.35887369345e-10	0.795267992300723	0.018	0.007	1.46187905930926e-05	FAH	c15
1.3176569126199e-129	0.79418672071124	0.287	0.112	4.41915775354463e-125	CD151	c15
1.47828647958707e-25	0.793881485128154	0.079	0.037	4.95787719523912e-21	AREG	c15
6.42883814066085e-07	0.792929479841677	0.02	0.009	0.0215610373561484	CDCA7L	c15
3.32336592447098e-41	0.790756213556765	0.095	0.039	1.11459046374908e-36	MINPP1	c15
4.55237132354577e-80	0.790032058710498	0.198	0.082	1.52677429449078e-75	PRKAR1B	c15
7.14687284024778e-23	0.789680659046414	0.041	0.015	2.3969182131623e-18	ZDHHC9	c15
4.22533310614185e-210	0.788451171654938	0.961	0.79	1.41709221713785e-205	MIF	c15
7.07111334330887e-60	0.786643514836819	0.101	0.035	2.37150999307893e-55	L1CAM	c15
3.2365081539194e-54	0.786636940632031	0.137	0.058	1.08546010466149e-49	E2F6	c15
2.99929146649244e-116	0.785276620550102	0.4	0.191	1.00590237203223e-111	TXNRD1	c15
1.70251519035348e-12	0.784321848608346	0.03	0.013	5.70989544540749e-08	CDC14B	c15
2.3634699269714e-35	0.782599854291832	0.087	0.036	7.92660544107667e-31	NME1	c15
3.34659568850673e-72	0.781664425309384	0.156	0.061	1.12238126201139e-67	SGPP2	c15
1.3673613402264e-182	0.781532672641794	0.735	0.41	4.58585646285132e-178	NINJ1	c15
2.89442798290738e-15	0.780190886904501	0.026	0.009	9.70733256907478e-11	ITPRIPL2	c15
1.50677044468295e-127	0.779229647689081	0.418	0.195	5.05340671737767e-123	PLPP1	c15
9.79240196113559e-128	0.777865541988751	0.441	0.215	3.28417576972566e-123	ENTPD1	c15
8.92238394198513e-08	0.777835159637207	0.01	0.003	0.00299238912646297	CNKSR2	c15
8.44785506839671e-12	0.777788892111118	0.016	0.005	2.83324163283889e-07	CPA5	c15
4.40733005978149e-36	0.777304627057542	0.066	0.024	1.47813035544952e-31	SFXN2	c15
7.61081024975142e-36	0.776541702637614	0.079	0.032	2.55251354156163e-31	SLC43A2	c15
4.31592854881097e-24	0.775637454552261	0.039	0.014	1.44747611670022e-19	MYO1B	c15
8.92317862147493e-21	0.774921126111471	0.034	0.012	2.99265564607026e-16	TMEM117	c15
3.74395581260796e-19	0.774680656683464	0.039	0.015	1.25564790043246e-14	NAPA-AS1	c15
3.68895115517028e-48	0.771926900067655	0.096	0.036	1.23720043842101e-43	DNAJC18	c15
4.07523567888579e-10	0.771612348569884	0.016	0.006	1.36675254198472e-05	ZNF579	c15
3.94547249021386e-09	0.770475354686043	0.015	0.006	0.000132323256376792	DEPDC7	c15
4.36829653576547e-10	0.770285003412289	0.015	0.005	1.46503929216502e-05	SWAP70	c15
4.95438534053319e-20	0.769977443169099	0.031	0.011	1.66160175550802e-15	AC004585.1	c15
5.53786184968222e-11	0.768240474127186	0.027	0.012	1.85728810714642e-06	PPP1R3F	c15
1.6459470982299e-14	0.766457357603987	0.018	0.006	5.52017737804344e-10	CARMIL3	c15
9.31442509687367e-13	0.76436382620316	0.028	0.012	3.12387188898949e-08	CCDC71L	c15
1.53592111606331e-15	0.763884256461251	0.026	0.009	5.15117223905313e-11	SEPT8	c15
1.05503873033384e-15	0.763796720316989	0.026	0.009	3.53838889379365e-11	GPAT2	c15
1.93670027595671e-36	0.763497628268769	0.075	0.029	6.49530538550361e-32	ST7	c15
3.1966203382421e-11	0.762839702391712	0.025	0.011	1.07208252903963e-06	TBXAS1	c15
1.22823661559158e-27	0.76216349251174	0.09	0.042	4.11925996137105e-23	RDH10	c15
5.84350309343914e-10	0.762119957686271	0.014	0.005	1.95979406747762e-05	HHLA3	c15
1.55742756649804e-182	0.759003801372148	0.686	0.361	5.22330057252112e-178	SEC14L1	c15
1.66107871042422e-09	0.756745870959371	0.015	0.005	5.57092577902074e-05	PNPLA4	c15
1.33623525840395e-34	0.756546607567921	0.077	0.031	4.48146580963516e-30	DENND6B	c15
1.69157246154355e-102	0.755683841913047	0.273	0.115	5.67319572152475e-98	BLVRA	c15
4.92115025574454e-20	0.755218668055815	0.07	0.035	1.6504553727716e-15	RGS16	c15
6.08382949658906e-155	0.754242333049627	0.689	0.375	2.04039473656604e-150	CD63	c15
1.18964881086571e-06	0.754066884781459	0.017	0.008	0.0398984418188142	AKAP2	c15
2.42193781608281e-13	0.752960545575985	0.045	0.022	8.12269504757854e-09	GPAT3	c15
6.72076530674621e-59	0.750120618701981	0.135	0.054	2.25401026857655e-54	FHL3	c15
2.13226945815181e-42	0.748587839059845	0.067	0.023	7.15120530874953e-38	PDE7B	c15
3.5901638106654e-37	0.748396997217545	0.1	0.043	1.20406913882096e-32	POMC	c15
8.06571134754714e-116	0.747850134354027	0.407	0.193	2.70507827174036e-111	TMEM256	c15
2.41749866848723e-142	0.745804754639266	0.573	0.301	8.10780703437246e-138	CHN1	c15
3.28006729738053e-07	0.745486082741468	0.012	0.005	0.0110006897019548	PFAS	c15
1.56848830987976e-73	0.745021088633741	0.17	0.068	5.26039609367473e-69	KIF5C	c15
9.3139091006832e-134	0.744136418864171	0.642	0.36	3.12369883418713e-129	MTHFD2	c15
1.82323850831381e-29	0.7433388284075	0.051	0.018	6.11477730918286e-25	STIMATE	c15
1.08177941466457e-91	0.743288075004052	0.25	0.107	3.62807180090204e-87	ECHS1	c15
2.74312653189259e-21	0.743025029928375	0.027	0.008	9.19989776266137e-17	MICU3	c15
6.50964298067023e-13	0.742886356904522	0.019	0.006	2.18320406285718e-08	ALDH5A1	c15
2.41553179335418e-93	0.741901879489288	0.224	0.091	8.10121052855125e-89	RBM19	c15
1.72397876235282e-110	0.741727183406858	0.357	0.163	5.78187997317888e-106	ASB1	c15
4.31789884686091e-13	0.740890999113266	0.043	0.021	1.44813691526021e-08	AFAP1L2	c15
1.01698531396747e-65	0.740152145992843	0.14	0.054	3.41076534598412e-61	AGK	c15
2.20885034427669e-96	0.738879332707628	0.225	0.091	7.40804228463517e-92	POU2F2	c15
2.36595043226759e-07	0.737756896537682	0.015	0.006	0.00793492455973904	MMP9	c15
2.36191385470593e-51	0.737689491713642	0.105	0.04	7.92138668591276e-47	MRS2	c15
5.78554410830964e-75	0.736711558405902	0.176	0.071	1.94035578304489e-70	NBPF14	c15
3.72610827147107e-14	0.7328178750482	0.032	0.013	1.24966219208597e-09	ABHD8	c15
3.15010889823068e-31	0.732005085027388	0.053	0.019	1.05648352228861e-26	IER3	c15
9.9041392090908e-29	0.72970507737153	0.071	0.03	3.32165020794487e-24	TTC38	c15
9.9947017663527e-10	0.729078913845628	0.015	0.005	3.35202307839937e-05	TXNDC5	c15
7.51505769662116e-16	0.728318938582875	0.027	0.01	2.5204000502928e-11	INO80B	c15
1.01445017012381e-72	0.726841355107174	0.157	0.061	3.40226298056124e-68	SLC4A2	c15
2.77365729333501e-82	0.726105802112662	0.202	0.083	9.30229183038695e-78	REEP3	c15
4.81762547708959e-101	0.725180374249561	0.499	0.272	1.61573523250631e-96	CNIH1	c15
7.17523474034556e-48	0.724939636145306	0.13	0.056	2.40643022721709e-43	ACTA2	c15
2.67048411951446e-20	0.724639809854701	0.05	0.021	8.95626964002761e-16	TMEM53	c15
9.80304856065248e-08	0.723165453335508	0.034	0.019	0.00328774642627163	TRBV7-3	c15
7.73491336210411e-95	0.722993912411406	0.529	0.313	2.59413524338248e-90	LINC01871	c15
7.80821200517564e-132	0.721711709657945	0.541	0.276	2.61871814229581e-127	DNPH1	c15
3.31453111960108e-73	0.720563219052848	0.193	0.082	1.11162744689181e-68	CBR3	c15
2.3190100344346e-42	0.716814073970085	0.111	0.048	7.77749585348675e-38	ISOC2	c15
9.55234620107207e-39	0.716140554989976	0.094	0.039	3.20366586891555e-34	MAGED1	c15
7.55281455542371e-10	0.713658385231706	0.017	0.006	2.533062945598e-05	Z83844.3	c15
1.86326055517135e-55	0.713176122948432	0.173	0.078	6.24900324993368e-51	SYNGR3	c15
1.31438939343262e-49	0.712496396423082	0.107	0.042	4.40819914769433e-45	DAPP1	c15
2.44223400023065e-14	0.71137030126486	0.018	0.006	8.19076438997354e-10	ZNF768	c15
8.99818404271306e-07	0.709805229577226	0.011	0.004	0.0301781096424511	VLDLR	c15
1.10992375148932e-152	0.708604019539068	0.451	0.205	3.72246227774488e-148	MYCBP2	c15
9.5036035809642e-55	0.707682255354216	0.143	0.061	3.18731856898377e-50	COPRS	c15
6.8356516444122e-149	0.707529053197728	0.836	0.534	2.29254084850296e-144	SYNGR2	c15
1.98146065543509e-55	0.706293974260022	0.157	0.069	6.6454227461982e-51	NUCB2	c15
9.5242869707889e-97	0.706025123163652	0.595	0.365	3.19425536426318e-92	PIM2	c15
2.43629833375644e-08	0.704773939609774	0.015	0.006	0.000817085735175234	ARSD	c15
3.701523269745e-22	0.703564316512213	0.075	0.036	1.24141687420708e-17	NRM	c15
2.33921865532019e-85	0.701373529123202	0.214	0.088	7.84527152621286e-81	SLC7A1	c15
2.3277551040558e-94	0.701093075318199	0.214	0.084	7.80682506798234e-90	KLHL2	c15
3.10656279501504e-20	0.698999358096286	0.039	0.015	1.04187903019214e-15	AC012645.3	c15
3.94660509912545e-62	0.698508062674146	0.152	0.062	1.32361241814469e-57	CHPF	c15
4.81777042077537e-115	0.698433644221974	0.439	0.214	1.61578384371964e-110	NHP2	c15
1.2298695760146e-89	0.69770226316272	0.305	0.142	4.12473658403778e-85	N4BP2L1	c15
2.30225619210886e-35	0.697235815725696	0.063	0.023	7.72130681709471e-31	RCN1	c15
1.39587313618971e-38	0.69667013527279	0.455	0.307	4.68147932415304e-34	INSIG1	c15
1.85630996425866e-10	0.69658137826766	0.018	0.007	6.22569235813069e-06	HK2	c15
3.97992325933048e-182	0.695522595249285	0.923	0.654	1.33478666271425e-177	BATF	c15
1.73650982110808e-125	0.693446789641474	0.519	0.264	5.82390663803228e-121	TMPO	c15
1.70166014924128e-16	0.692920474152319	0.048	0.022	5.7070278085254e-12	AC011611.3	c15
3.47252903111597e-47	0.692723070573472	0.111	0.045	1.16461678645567e-42	PIP5K1C	c15
4.30165661978578e-79	0.691600231005092	0.28	0.133	1.44268959714375e-74	PRDX2	c15
3.81492914236905e-07	0.690144568496268	0.011	0.004	0.0127945093576773	MAP6D1	c15
1.30738462219344e-42	0.689327163840668	0.12	0.053	4.38470654591234e-38	ZNF282	c15
6.67859856462437e-07	0.688320367437712	0.014	0.006	0.0223986838660372	AC008105.1	c15
2.54969772419212e-117	0.688231366432727	0.422	0.202	8.55117622739552e-113	SQLE	c15
3.06295860380494e-87	0.6870807517252	0.289	0.133	1.0272550565441e-82	CTSA	c15
9.21429255626505e-67	0.687066292977947	0.18	0.076	3.09028943752017e-62	AHCY	c15
2.18519684899126e-134	0.686958574186837	0.674	0.383	7.3287131921469e-130	SEC11C	c15
7.14614125272594e-07	0.686651987181463	0.019	0.009	0.0239667285333923	HIST1H2BD	c15
2.10125570500856e-35	0.686170313650728	0.098	0.043	7.04719138345771e-31	AC006064.4	c15
1.8573273960901e-08	0.68596240566991	0.01	0.003	0.000622910462100699	PIP4P2	c15
6.02758319070966e-35	0.685425761125715	0.077	0.031	2.0215308505002e-30	SH3BP2	c15
1.31631890034217e-10	0.684939568192467	0.025	0.011	4.41467032796757e-06	RRAS	c15
5.50460070539235e-74	0.684939123471245	0.207	0.09	1.84613298457449e-69	SERTAD2	c15
4.93805863477247e-85	0.684733149029513	0.311	0.149	1.65612610492999e-80	SHMT2	c15
2.40519868247385e-28	0.68460482458645	0.078	0.034	8.06655534128081e-24	TMPO-AS1	c15
1.31440169223647e-08	0.683851927820534	0.019	0.008	0.000440824039542268	AC104078.1	c15
1.16616333903892e-98	0.683831457906314	0.587	0.349	3.91107860646872e-94	GRSF1	c15
2.2464414802339e-39	0.682270152184349	0.112	0.05	7.53411543640846e-35	FYCO1	c15
6.5864359356701e-61	0.682166370079285	0.141	0.056	2.20895888410504e-56	CRIP2	c15
3.18249399229849e-07	0.681542935555207	0.015	0.006	0.0106734483513707	F8	c15
1.13761104165211e-24	0.681411031250337	0.051	0.02	3.81531991149286e-20	CXorf21	c15
2.99217662665283e-59	0.68100130663302	0.145	0.06	1.00351619704683e-54	IZUMO4	c15
5.61166095505873e-16	0.680812123825262	0.036	0.015	1.8820388511076e-11	GSPT2	c15
4.01490568563754e-66	0.67941535179716	0.457	0.281	1.34651906884912e-61	MIR155HG	c15
3.81332489996246e-26	0.678687258931928	0.051	0.019	1.27891290494941e-21	IDE	c15
2.27462178526415e-16	0.677393655847266	0.029	0.011	7.62862654341892e-12	MICAL3	c15
5.95163226293407e-62	0.676574672551659	0.134	0.053	1.99605842834283e-57	TYMS	c15
1.73713814060794e-09	0.675787302587909	0.01	0.003	5.82601389597092e-05	IGKV3-11	c15
3.64428295112996e-69	0.675663173515366	0.165	0.066	1.22221961614997e-64	TMEM205	c15
2.34328152634513e-120	0.675118603954435	0.562	0.297	7.8588975830563e-116	NUTF2	c15
5.32447135459186e-150	0.674784525801448	0.852	0.583	1.78572120290302e-145	PPM1G	c15
3.67329147284992e-55	0.674008459390123	0.108	0.04	1.23194849416441e-50	TPCN2	c15
2.28817720247482e-106	0.671690195454262	0.311	0.138	7.67408870166006e-102	TFRC	c15
7.50893865876475e-46	0.670650507048176	0.147	0.068	2.51834784737652e-41	MID1IP1	c15
1.41384243605712e-106	0.670538860238511	0.348	0.16	4.74174476204838e-102	MBD2	c15
1.08042044377918e-43	0.668446295098687	0.067	0.022	3.62351408434662e-39	ARL10	c15
3.81458562614699e-09	0.667764052033196	0.013	0.005	0.000127933572729718	AC007032.1	c15
1.16139472499613e-73	0.667327477986053	0.209	0.091	3.89508562869202e-69	MRTO4	c15
5.082879611057e-57	0.665984787107284	0.158	0.068	1.7046961639563e-52	TMEM185A	c15
3.48298615815798e-20	0.664077576063008	0.05	0.021	1.16812389772303e-15	LY75	c15
2.43060406077927e-08	0.663396969743534	0.026	0.013	0.000815175989904151	TRAV1-1	c15
0	0.663292925171764	0.999	0.945	0	RPLP0	c15
2.57993407855072e-37	0.663203722192755	0.052	0.017	8.6525829126434e-33	MIR222HG	c15
7.9792228585268e-109	0.662318714978236	0.788	0.559	2.67607176229272e-104	BIRC3	c15
1.21726024475924e-08	0.662223778271903	0.022	0.01	0.000408244740887355	GM2A	c15
1.04468619938563e-13	0.661788068424679	0.06	0.032	3.50366857549951e-09	TRAV17	c15
2.19117201058634e-46	0.659933494497678	0.133	0.058	7.34875268910447e-42	TRAPPC6A	c15
5.62876909426262e-09	0.659752304471613	0.012	0.004	0.00018877765788338	AFDN	c15
3.95631467447794e-08	0.658872759867065	0.017	0.007	0.00132686881552641	SPACA9	c15
6.55620604810908e-36	0.657721445762798	0.086	0.036	2.19882038441482e-31	CASP9	c15
5.82020079210682e-89	0.657424307430535	0.269	0.121	1.95197894165678e-84	SYNJ2	c15
1.3527331897222e-21	0.657174383734504	0.053	0.022	4.53679657169031e-17	BAG2	c15
3.81359794657291e-48	0.65496529317515	0.109	0.044	1.27900447932162e-43	XXYLT1	c15
1.43705219261053e-11	0.654332333862437	0.017	0.006	4.81958564357718e-07	CTXN1	c15
8.98607938323344e-51	0.653974221175647	0.142	0.062	3.01375130354883e-46	DMAC1	c15
8.42799708555859e-67	0.653377317108311	0.212	0.097	2.82658166255464e-62	GGCT	c15
7.66818932539698e-15	0.653265780181174	0.043	0.02	2.57175733595164e-10	NFIL3	c15
7.11942644124088e-11	0.652206981655255	0.018	0.006	2.38771323986337e-06	METRN	c15
6.67913120383624e-10	0.651875549350589	0.01	0.003	2.2400470231426e-05	PHF21B	c15
8.03270188772011e-272	0.650909415755442	1	0.956	2.69400755910357e-267	GAPDH	c15
1.61214291278267e-34	0.650366173506324	0.089	0.038	5.40680490089052e-30	POFUT1	c15
7.67989512839367e-86	0.650100011698019	0.382	0.201	2.57568322816067e-81	SLC1A4	c15
9.90745192680173e-18	0.649509937483251	0.045	0.02	3.32276122721077e-13	SETD9	c15
8.9497534916663e-12	0.649115729103703	0.02	0.007	3.00156832603504e-07	RAB43	c15
5.36095487756248e-60	0.649016327416042	0.159	0.067	1.79795704683691e-55	B3GALT6	c15
1.71589224059886e-95	0.648756824878667	0.509	0.279	5.75475939652046e-91	TMEM123	c15
5.71490878249403e-79	0.648581307824604	0.235	0.104	1.91666610747285e-74	ETV1	c15
6.19942279390526e-39	0.647716413727792	0.103	0.044	2.07916241661995e-34	GGT1	c15
8.829230919838e-07	0.646513351611892	0.012	0.005	0.0296114746589527	AC009126.1	c15
2.16942416240945e-23	0.645581009697596	0.047	0.018	7.27581475588882e-19	EXD3	c15
6.42722691709046e-37	0.645493342969361	0.088	0.036	2.1555633634538e-32	GRK4	c15
3.5191285221846e-89	0.644927414462676	0.244	0.103	1.18024532377027e-84	DLGAP4	c15
1.41468769137741e-06	0.643575323200068	0.016	0.008	0.0474457957934157	GAPLINC	c15
3.32617894994551e-59	0.641924979557107	0.185	0.084	1.11553389623272e-54	PLIN3	c15
3.7651715051121e-10	0.641066311649158	0.021	0.009	1.2627632193845e-05	DNAJC28	c15
2.07293115945763e-127	0.641054856754742	0.548	0.283	6.952196522589e-123	IL21R	c15
3.50030138201689e-26	0.64085292659693	0.068	0.029	1.17393107750082e-21	GPX7	c15
1.12184373024999e-16	0.640677901592102	0.032	0.012	3.76243950251241e-12	NOL4L	c15
8.37001705667198e-43	0.640116748591348	0.157	0.076	2.80713632046665e-38	STK16	c15
2.22460413782893e-60	0.63918341382597	0.149	0.061	7.46087735745066e-56	KCTD17	c15
4.99059307398895e-10	0.639057520279848	0.015	0.005	1.67374510515441e-05	ICA1L	c15
2.9910642553316e-182	0.638641040867959	0.983	0.882	1.00314312995311e-177	HSP90AB1	c15
7.13573494155123e-96	0.638435401654499	0.373	0.182	2.39318278469745e-91	HTATIP2	c15
2.16355401174922e-23	0.637271888901091	0.05	0.02	7.25612744460454e-19	CD79A	c15
2.95887601897701e-106	0.635157839410847	0.486	0.251	9.9234783924451e-102	BANF1	c15
4.75525218061054e-67	0.6314944484631	0.201	0.089	1.59481647633316e-62	DEXI	c15
3.55934063182667e-10	0.629652329910796	0.029	0.013	1.19373166110203e-05	ZSCAN9	c15
5.14378052751652e-28	0.629247082189883	0.106	0.053	1.72512111331849e-23	MAF	c15
1.16400119596468e-06	0.627395799845738	0.011	0.004	0.0390382721102633	TBC1D16	c15
4.70085471779212e-08	0.627215417788397	0.011	0.004	0.00157657265525312	ZSWIM1	c15
7.73451522630246e-11	0.626647087764268	0.033	0.016	2.59400171659732e-06	GOLM1	c15
7.58805752562262e-127	0.625759934261507	0.798	0.516	2.54488273294332e-122	CD82	c15
3.2958589684172e-126	0.625532741288816	0.875	0.625	1.10536518082776e-121	PIM3	c15
2.92323371364731e-55	0.625443479850978	0.164	0.073	9.80394122883036e-51	TMEM242	c15
6.91390883227949e-139	0.62446369440338	0.503	0.242	2.3187867441699e-134	TNFRSF25	c15
4.86188444761536e-08	0.62358791355326	0.016	0.007	0.00163057880604124	MRM1	c15
6.93394447852465e-14	0.622830031074086	0.039	0.018	2.3255062992076e-09	ELAC1	c15
7.48629560362271e-24	0.622769600507705	0.056	0.023	2.51075381954298e-19	SPRYD7	c15
8.37287587600318e-117	0.622721592199253	0.441	0.223	2.80809511129395e-112	GADD45B	c15
5.27016174239598e-11	0.62051567122073	0.031	0.014	1.76750684516476e-06	SRR	c15
3.89778541067988e-08	0.619409052002153	0.017	0.007	0.00130723927103382	RHOBTB2	c15
4.74804627364911e-28	0.619145617756488	0.047	0.016	1.59239975925644e-23	FGFR1	c15
4.30138384665881e-37	0.61811784396987	0.101	0.044	1.44259811449243e-32	CHID1	c15
1.50370099754829e-15	0.618113423739866	0.027	0.01	5.04311240557744e-11	KIAA1522	c15
2.37047196340003e-84	0.61762252135675	0.307	0.147	7.95008887085102e-80	PIGX	c15
9.40582292862670e-11	0.617184774005184	0.018	0.006	3.15452489380282e-06	RTKN	c15
2.46073645676855e-15	0.616350298394195	0.039	0.017	8.25281792871037e-11	CTTNBP2NL	c15
3.76864055424639e-286	0.616223740326228	0.994	0.919	1.26392666908315e-281	RPSA	c15
4.01615472195534e-14	0.615454402381313	0.032	0.014	1.34693797064938e-09	USP46	c15
6.43375605968762e-13	0.614444275038699	0.031	0.013	2.15775310729803e-08	AL121983.2	c15
1.13323367140078e-38	0.614089480045819	0.1	0.043	3.80063908714395e-34	CDK5	c15
7.95263379088347e-76	0.613153078051297	0.325	0.166	2.6671543207865e-71	LINC01943	c15
1.09871715263015e-164	0.612615508406369	0.911	0.684	3.68487758649099e-160	SEC61B	c15
1.94513235106559e-13	0.612186596737029	0.039	0.018	6.52358487900379e-09	FANCL	c15
1.14320697667745e-14	0.611849963377326	0.039	0.017	3.83408755838084e-10	ALKBH2	c15
3.58675340511845e-28	0.610608974866577	0.066	0.027	1.20292535700863e-23	B3GALNT2	c15
8.97041918560733e-18	0.609983534909185	0.029	0.01	3.00849918646899e-13	DMGDH	c15
9.55383625467398e-07	0.608869083541154	0.052	0.034	0.0320416560309256	TRBV4-1	c15
3.7870443610329e-65	0.608851223308674	0.196	0.087	1.27009893780321e-60	THAP2	c15
2.20784266066599e-36	0.607599204554533	0.096	0.041	7.40466271534159e-32	IRS2	c15
1.3597950555741e-75	0.605585279214087	0.215	0.093	4.5604806573844e-71	NAA10	c15
1.07029877782609e-83	0.604745080532821	0.287	0.134	3.58956804107315e-79	FCHO1	c15
2.8689109642796e-11	0.60327663881576	0.025	0.01	9.62175359200091e-07	AL590399.1	c15
7.54419650669344e-97	0.601853964773472	0.365	0.178	2.53017262441485e-92	INPP5F	c15
2.87215890147864e-50	0.601636759660394	0.157	0.071	9.63264652377906e-46	FUOM	c15
1.61654792899688e-56	0.601520779822309	0.139	0.057	5.42157844426973e-52	TRAP1	c15
1.11475780191256e-09	0.601100495658011	0.016	0.006	3.73867471605434e-05	SPATA7	c15
1.14896039543371e-48	0.601043587160494	0.164	0.076	3.85338337420558e-44	UQCRHL	c15
3.10784732449682e-54	0.600353450468867	0.169	0.077	1.04230983568974e-49	IKZF4	c15
3.90264863632827e-36	0.599855033973025	0.136	0.067	1.30887029965177e-31	SMIM20	c15
1.96908885308206e-24	0.598350862893614	0.066	0.029	6.60393019546663e-20	ARHGEF18	c15
2.20016618140025e-72	0.597333460996318	0.224	0.1	7.37891733918014e-68	AIMP2	c15
5.58575328924742e-75	0.595699038313349	0.272	0.129	1.8733499381478e-70	STX10	c15
4.33918972549554e-22	0.595651133803743	0.055	0.024	1.45527745013669e-17	BYSL	c15
7.42322314412613e-94	0.594669782713386	0.34	0.161	2.48960057807702e-89	ACTR1B	c15
8.31313501280326e-223	0.594075787361065	0.987	0.866	2.78805922059396e-218	SERF2	c15
4.5082187801481e-107	0.593092748451805	0.578	0.328	1.51196641448607e-102	PHLDA1	c15
1.14900187382622e-09	0.592952282370582	0.027	0.012	3.85352248443839e-05	SORBS1	c15
4.75625324738593e-64	0.591976852182834	0.185	0.081	1.59515221410829e-59	TOMM34	c15
2.84464779675401e-39	0.591903260015336	0.109	0.048	9.54037978075361e-35	CTSZ	c15
4.98684672652776e-28	0.591433079699895	0.058	0.023	1.67248865514288e-23	MAST3	c15
1.49789588817935e-34	0.591353895753072	0.118	0.056	5.02364322977591e-30	NAB2	c15
4.88085197258733e-110	0.591236218314616	0.632	0.358	1.63694013456634e-105	TNIP2	c15
3.17971184806315e-09	0.590321990969539	0.039	0.021	0.000106641175960342	TRAV8-2	c15
4.60016917736473e-50	0.589998892736942	0.122	0.05	1.54280473870458e-45	MTMR4	c15
2.93663258143264e-10	0.587184897618124	0.019	0.007	9.8488783516088e-06	PLA2G4C	c15
4.19426709860081e-42	0.58697908694554	0.101	0.041	1.40667329952874e-37	SLC37A1	c15
3.26616018126774e-08	0.586809562338397	0.016	0.007	0.00109540480159358	PVR	c15
5.89502760029008e-87	0.58544943991183	0.26	0.115	1.97707435658529e-82	SIPA1L1	c15
8.15591154329062e-32	0.585161555470381	0.14	0.073	2.73532961338881e-27	TPX2	c15
1.45545574633595e-73	0.584894055864848	0.207	0.09	4.88130748206151e-69	ESYT2	c15
1.35027188878334e-16	0.582353568001122	0.045	0.02	4.52854186060156e-12	GSTZ1	c15
7.96554158361697e-41	0.582127841367387	0.102	0.043	2.67148333631346e-36	ARHGAP31	c15
2.16768390706904e-67	0.582071555393049	0.218	0.099	7.26997828752815e-63	SCCPDH	c15
4.12875464931653e-11	0.58197309707972	0.018	0.006	1.38470173428778e-06	NEBL	c15
1.38406324932606e-07	0.580565459816613	0.01	0.004	0.00464187132558974	RNF207	c15
1.709191339905e-13	0.579444995345409	0.052	0.027	5.73228591577339e-09	AL441992.1	c15
5.32383841356358e-87	0.579066257585411	0.334	0.16	1.78550892714095e-82	MPG	c15
2.59423202151427e-76	0.578729461720262	0.28	0.133	8.70053535375457e-72	BZW2	c15
1.89660745283263e-08	0.578036537220831	0.017	0.007	0.000636084207531006	CD40LG	c15
1.2168256260121e-18	0.576255145669911	0.047	0.02	4.08098978451939e-14	GCSH	c15
6.64008504705454e-14	0.57588298925964	0.045	0.022	2.22695172308115e-09	BLK	c15
1.96598333830349e-72	0.575517613453869	0.278	0.135	6.59351492000226e-68	CAPG	c15
3.98171219921115e-38	0.575195013741384	0.098	0.041	1.33538663737144e-33	CERS4	c15
2.4878234864193e-57	0.574708748685038	0.155	0.066	8.34366240875304e-53	NACC1	c15
5.10744716472989e-75	0.574417393980902	0.287	0.138	1.71293563010711e-70	TMEM14C	c15
1.32615187426276e-15	0.573785178027711	0.061	0.031	4.44764815590245e-11	IGFBP2	c15
1.33024508174847e-68	0.573206723189682	0.245	0.115	4.46137595516801e-64	LACTB	c15
2.02986154116846e-35	0.572211169125115	0.109	0.05	6.80774963677079e-31	PCK2	c15
9.66317291662309e-95	0.570091666381775	0.671	0.41	3.24083493277705e-90	CMTM6	c15
3.20092514561282e-75	0.56929559499956	0.261	0.122	1.07352627533563e-70	B4GALT5	c15
4.26099656952856e-10	0.569108798001796	0.024	0.011	1.42905302948849e-05	IRAK2	c15
8.62289684223544e-63	0.568598778432136	0.259	0.128	2.89194714294892e-58	MRPL11	c15
1.92439444053761e-25	0.568293647092698	0.055	0.022	6.45403407467505e-21	GALE	c15
1.3466661262326e-70	0.568147862935603	0.241	0.113	4.51644885415888e-66	RIN3	c15
6.57895197963892e-14	0.567844694788213	0.048	0.023	2.2064489149313e-09	ADGRG5	c15
9.13192968111105e-88	0.566682056370676	0.62	0.384	3.06266657645102e-83	PIM1	c15
2.36647975615396e-41	0.56629219458848	0.141	0.067	7.93669980618914e-37	CRTAP	c15
1.13635429309186e-12	0.566204499894858	0.028	0.012	3.81110502817149e-08	NUMBL	c15
1.60186586839126e-16	0.565487546459408	0.044	0.02	5.37233774941059e-12	ZNF16	c15
1.39512721943785e-06	0.565480319205077	0.014	0.006	0.0467897766855067	PXN-AS1	c15
2.80366584882329e-125	0.564280543231135	0.516	0.266	9.40293452378356e-121	AHI1	c15
1.9514169156827e-107	0.563817349042803	0.662	0.403	6.54466205181663e-103	NFKB1	c15
1.48075932398201e-09	0.5636125042372	0.026	0.012	4.96617062077087e-05	KLRC2	c15
4.29386129855806e-57	0.563211705846161	0.177	0.079	1.4400752023104e-52	RRAS2	c15
1.9911723418008e-72	0.56304455870624	0.238	0.109	6.67799379993152e-68	PLPP5	c15
1.41559695522418e-06	0.56211324748828	0.019	0.009	0.0474762906843085	AK4	c15
2.84960696076849e-14	0.561976072429866	0.035	0.015	9.55701182502535e-10	AC007388.1	c15
1.57438018300968e-17	0.56170363328808	0.035	0.014	5.28015625777785e-13	SFXN5	c15
6.8663057870613e-19	0.56102452399934	0.033	0.012	2.30282163486462e-14	AC093010.2	c15
1.66682262244752e-30	0.560311935911987	0.078	0.033	5.59018971116449e-26	ZNF496	c15
1.55262866286462e-11	0.559787174262678	0.027	0.012	5.20720600951537e-07	GATB	c15
1.51353619700293e-98	0.559066360844352	0.634	0.377	5.07609769750843e-94	STARD7	c15
4.55956244698485e-81	0.558144818894099	0.333	0.165	1.52918605346978e-76	NOP14	c15
1.40736065248307e-20	0.557495601036202	0.057	0.025	4.72000615629772e-16	RARG	c15
6.15587971354146e-26	0.556586553408512	0.059	0.024	2.06455893832754e-21	NACAD	c15
2.75435328427071e-13	0.555044956257227	0.032	0.013	9.23755004478710e-09	FEZ1	c15
3.0929736082395e-101	0.554226044081139	0.718	0.448	1.03732148873136e-96	SEC11A	c15
7.17468212040975e-158	0.554036866822027	0.966	0.785	2.40624488954302e-153	TPI1	c15
1.77011567694095e-32	0.553665943395163	0.095	0.042	5.93661395732456e-28	MTHFD1L	c15
8.55648776927086e-21	0.552857271861412	0.05	0.021	2.86967486805806e-16	NRIP1	c15
3.85750508769709e-20	0.552158471996165	0.05	0.022	1.29373005631185e-15	FO393401.1	c15
7.28161318703217e-21	0.552109987225981	0.043	0.017	2.44210743066685e-16	FAM234A	c15
7.98019162949109e-10	0.551395251601019	0.018	0.007	2.67639666869872e-05	BMP1	c15
3.73738337437526e-12	0.551226475395548	0.056	0.031	1.25344363609797e-07	GPR34	c15
4.12528189149474e-54	0.551177677356816	0.195	0.093	1.38353704076951e-49	EIF2AK3	c15
7.777348570852e-104	0.551009274824112	0.386	0.186	2.60836716369234e-99	CCDC6	c15
3.58728000147303e-40	0.550273690230377	0.122	0.055	1.20310196689402e-35	ICAM2	c15
9.27681107815152e-17	0.549966357132429	0.048	0.022	3.11125689939046e-12	TTYH3	c15
7.13597493048613e-15	0.549731975679343	0.035	0.015	2.39326327218644e-10	SPATC1L	c15
2.33772187495712e-148	0.549458058754646	0.931	0.692	7.84025162423119e-144	RBPJ	c15
1.24639492224843e-07	0.549051263427051	0.01	0.003	0.00418015929023678	HSPA12A	c15
3.1678738135108e-07	0.548438825150194	0.013	0.005	0.0106244151957525	TRAV23DV6	c15
1.0602728792392e-16	0.548319181882971	0.043	0.018	3.55594318239243e-12	AMACR	c15
3.82094630590628e-65	0.547526502305807	0.209	0.095	1.28146897207485e-60	RYBP	c15
4.17161208530145e-23	0.546929362695981	0.059	0.025	1.3990752611684e-18	DHRS7B	c15
1.90194681515971e-45	0.546749876573337	0.162	0.077	6.37874922868262e-41	ACOT2	c15
1.38826648717564e-14	0.546328830885355	0.032	0.013	4.65596814468965e-10	FAM89A	c15
5.59148753802909e-23	0.546214194159275	0.074	0.035	1.87527309050419e-18	TCAF1	c15
1.19927449466497e-49	0.5461181136637	0.17	0.08	4.02212680020738e-45	THG1L	c15
1.54346798241247e-09	0.546086656128931	0.02	0.008	5.17648291941493e-05	PRSS21	c15
6.32072250604672e-83	0.545620636608236	0.369	0.186	2.11984391407795e-78	PGLS	c15
1.99196435459828e-82	0.54491291591967	0.773	0.542	6.68065005245172e-78	HSPD1	c15
1.51050388706745e-20	0.543962018084269	0.057	0.026	5.06592793644681e-16	MRPS17	c15
2.13817665342302e-41	0.543680427802394	0.104	0.044	7.17101686025013e-37	FAAH2	c15
2.22442271257859e-32	0.54250769795758	0.132	0.067	7.46026889344608e-28	NCF4	c15
2.49278754648476e-32	0.541593856728344	0.069	0.027	8.3603108734006e-28	GAB2	c15
6.39836244838386e-11	0.541563374821979	0.026	0.011	2.14588279793898e-06	PLOD1	c15
1.3319203194727e-33	0.539414823188356	0.109	0.051	4.46699436744754e-29	ABHD6	c15
6.14537537634112e-43	0.539386289261933	0.12	0.053	2.06103599371728e-38	EIF4ENIF1	c15
4.01596262797176e-29	0.537942503072934	0.138	0.074	1.34687354616917e-24	ZBTB32	c15
6.38441113904017e-31	0.536123638260654	0.101	0.047	2.14120380781129e-26	PAICS	c15
4.1920876974488e-41	0.536099003322531	0.106	0.045	1.40594237197038e-36	LANCL2	c15
1.88263583692647e-54	0.535591216769718	0.377	0.224	6.31398406988399e-50	AL133415.1	c15
1.50698304278064e-68	0.535166685749292	0.281	0.138	5.05411972887771e-64	ALG2	c15
9.10031503891222e-18	0.535158724306967	0.052	0.024	3.05206365775038e-13	REPIN1	c15
1.79139317830633e-08	0.534801945659472	0.034	0.018	0.000600797444140375	AC147651.4	c15
1.19257096008684e-08	0.534180087266058	0.018	0.008	0.000399964448593926	C11orf95	c15
1.38074246516433e-38	0.532926988517004	0.091	0.037	4.63073407966812e-34	BCAS3	c15
3.72352509276427e-10	0.532457137701325	0.031	0.015	1.24879584561128e-05	AC078883.1	c15
7.48459110369327e-41	0.532272538437832	0.131	0.06	2.51018216435665e-36	TUBG1	c15
1.63778303664511e-26	0.532262801509215	0.12	0.063	5.49279674830037e-22	TMIGD2	c15
1.47761752120838e-95	0.532129395150481	0.639	0.38	4.95563364262868e-91	GPI	c15
6.72671030858012e-13	0.53204230787502	0.033	0.014	2.2560041032916e-08	ZSCAN29	c15
1.83181197641381e-88	0.531416188289862	0.349	0.17	6.14353100649663e-84	USP12	c15
1.40565090019232e-46	0.530375835323099	0.163	0.078	4.71427198906499e-42	MYO7A	c15
1.91701503865255e-09	0.52935187854761	0.039	0.02	6.42928503663293e-05	KLRC1	c15
7.70400239243879e-83	0.52886976611572	0.284	0.132	2.58376832237612e-78	AGFG1	c15
1.14158552260368e-18	0.528818780113816	0.05	0.022	3.82864952570822e-14	SPINDOC	c15
3.4945609255503e-78	0.526752850021025	0.448	0.245	1.17200584321106e-73	NDUFB7	c15
4.37665091892837e-100	0.526494858167363	0.749	0.488	1.4678411851902e-95	EIF3L	c15
4.2709630780735e-17	0.526134649094405	0.057	0.028	1.43239559712429e-12	CCDC34	c15
8.42440671022895e-91	0.525605888679241	0.477	0.257	2.82537752247659e-86	TRAF4	c15
1.68193763102119e-30	0.52556984251316	0.094	0.043	5.64088242691887e-26	HAUS4	c15
1.08370469163545e-16	0.52530195798313	0.026	0.009	3.63452879480698e-12	LINC02099	c15
8.57901402614049e-67	0.525249103910325	0.257	0.124	2.877229724087e-62	C19orf12	c15
6.78805279573167e-62	0.525089142986784	0.22	0.103	2.27657714663249e-57	FBXL15	c15
4.13464151394441e-27	0.525011602555707	0.064	0.027	1.38667607094668e-22	NCR1	c15
1.03653676064308e-78	0.524941752387589	0.36	0.182	3.47633698784475e-74	TMEM167A	c15
4.11270621515624e-09	0.524433137451762	0.031	0.015	0.00013793194104391	ZBTB22	c15
1.17286417093115e-87	0.523940872068013	0.394	0.199	3.93355185646889e-83	PRKCD	c15
5.49962794117923e-14	0.523668867375572	0.034	0.014	1.84446521891269e-09	SRD5A3	c15
2.0046192898458e-41	0.522737947400735	0.129	0.058	6.72309217428484e-37	TFB2M	c15
5.23278098509852e-84	0.522553988135503	0.332	0.161	1.75497008678234e-79	ARHGEF2	c15
2.02398609504352e-43	0.521870976386803	0.142	0.066	6.78804456555696e-39	COMMD3	c15
4.49429950283339e-15	0.52105597686255	0.044	0.02	1.50729816726026e-10	ENOX2	c15
2.21069698006376e-103	0.520660597867599	0.843	0.608	7.41423553173785e-99	COX6C	c15
6.94040471088912e-66	0.520542379654643	0.198	0.087	2.32767293193799e-61	PPME1	c15
7.44887538254861e-43	0.520094402996607	0.145	0.068	2.49820382579915e-38	TACO1	c15
8.14371087326945e-178	0.519820771452769	0.982	0.861	2.73123775267711e-173	RPL4	c15
5.12401823305672e-09	0.519598736262712	0.02	0.008	0.000171849323500256	ZFHX2	c15
4.01616831247318e-09	0.518578613493897	0.027	0.013	0.000134694252863726	LY96	c15
3.37339747490446e-94	0.518105552013268	0.615	0.363	1.13137004513346e-89	HDLBP	c15
1.26222383485079e-10	0.51790875358224	0.014	0.005	4.23324629732259e-06	NCKAP1	c15
1.29427217753674e-63	0.517149219495931	0.222	0.104	4.34073002902273e-59	ACSL4	c15
2.74223185053115e-17	0.515647141977443	0.046	0.02	9.19689718031138e-13	FSCN1	c15
4.91599406980433e-07	0.515627368487407	0.022	0.011	0.0164872609113097	REG4	c15
5.87407412013632e-08	0.51543282927036	0.019	0.009	0.00197004697841132	ZNF792	c15
5.70470411298298e-59	0.514982168946436	0.162	0.07	1.91324366541223e-54	TRMT1	c15
1.89967016109043e-84	0.513533235809859	0.795	0.556	6.37111378626507e-80	TXN	c15
1.10285981414717e-48	0.513451563887118	0.703	0.525	3.69877124468679e-44	CTSW	c15
8.32855602310252e-53	0.512470555344463	0.232	0.118	2.79323111902812e-48	UXS1	c15
1.04200464957917e-84	0.511513931533063	0.383	0.195	3.49467519375862e-80	STAM	c15
5.41640554072136e-08	0.510929796955862	0.014	0.005	0.00181655409024713	DOCK5	c15
4.13925302284249e-75	0.510638549048118	0.557	0.339	1.38822267880091e-70	BIN1	c15
2.68303713546292e-13	0.510231907652291	0.041	0.019	8.99836994491555e-09	LY6G5C	c15
1.23196070015987e-44	0.510194526781079	0.12	0.052	4.13174979619617e-40	CD80	c15
1.60681931479796e-86	0.509570990117179	0.408	0.212	5.3889506179694e-82	GTF3C1	c15
1.80841722404765e-78	0.508817833498469	0.264	0.121	6.06506968601102e-74	OTUD4	c15
7.55710035761192e-55	0.507162141553232	0.14	0.058	2.53450031793589e-50	NOTCH2	c15
1.53349920814471e-83	0.50709878226153	0.542	0.312	5.14304964427573e-79	ANXA6	c15
1.679229695949e-45	0.505944848343659	0.295	0.171	5.63180055427376e-41	ETV7	c15
5.63723183069351e-23	0.505731381463696	0.048	0.019	1.89061481137799e-18	EPHB6	c15
1.58218596605208e-88	0.505260238125241	0.738	0.481	5.30633529294545e-84	APRT	c15
4.41006287499474e-08	0.503391811843487	0.022	0.01	0.00147904688701574	C2CD4D	c15
5.40964654249162e-56	0.503241279229291	0.242	0.122	1.81428725742084e-51	RBBP8	c15
3.50980419507486e-41	0.503188544251262	0.117	0.052	1.17711813094421e-36	MGMT	c15
1.38196457959502e-06	0.501659765274744	0.015	0.006	0.0463483280704578	AC040169.1	c15
1.27641561244278e-10	0.501498506169852	0.026	0.012	4.2808426810106e-06	KAT14	c15
5.77650533743378e-77	0.500434358267864	0.496	0.281	1.93732436006854e-72	IMPDH2	c15
1.35044194763697e-35	0.499028659227548	0.126	0.061	4.52911220398486e-31	TMEM184C	c15
2.42653737502226e-40	0.49833373938331	0.18	0.093	8.13812104834967e-36	PKIA	c15
1.15166409655581e-07	0.49790879674778	0.023	0.011	0.00386245104702887	ZNF599	c15
2.82838314173974e-92	0.497795476042247	0.895	0.683	9.48583138076673e-88	LSP1	c15
1.06184368310844e-103	0.497750966583729	0.867	0.632	3.56121134440907e-99	PARK7	c15
1.56308435011341e-65	0.497679002016517	0.226	0.106	5.24227229341035e-61	PRKAG2	c15
6.51793688527253e-07	0.497409304493053	0.018	0.008	0.021859856725827	PAX8	c15
9.93830306290975e-77	0.497154960160939	0.345	0.173	3.33310808123867e-72	PSMB5	c15
7.59191991304198e-08	0.497017416534222	0.013	0.005	0.00254617810043602	CCDC74B	c15
1.56386349109058e-07	0.496294439291194	0.021	0.01	0.00524488537641957	LINC00467	c15
2.44682335330503e-13	0.496195912599277	0.033	0.014	8.2061561623144e-09	EFNB1	c15
1.60007222018151e-50	0.496182143070616	0.197	0.096	5.36632221204476e-46	AKR7A2	c15
3.48387987923673e-57	0.495276875848118	0.268	0.139	1.16842363389842e-52	FAM3C	c15
5.16207332783733e-10	0.495043892170338	0.034	0.017	1.73125615269008e-05	HEXIM2	c15
2.22043288096838e-10	0.494228555158275	0.029	0.013	7.44688779619176e-06	BFSP2-AS1	c15
8.47417137565106e-60	0.493271912995173	0.249	0.123	2.84206759596585e-55	CAPNS1	c15
1.44782346660257e-29	0.492873030653767	0.077	0.033	4.85571034229171e-25	IFNLR1	c15
2.95537507081208e-55	0.491707287111657	0.192	0.09	9.91173691248957e-51	FAF2	c15
2.68191384914078e-48	0.490877867089349	0.178	0.086	8.99460266724836e-44	NOP14-AS1	c15
5.94315197717641e-85	0.490641237405067	0.607	0.375	1.99321431010542e-80	SERPINB9	c15
6.76677323793591e-75	0.490176725041839	0.805	0.586	2.26944040853895e-70	FABP5	c15
4.60787373807829e-95	0.489633302211689	0.62	0.356	1.5453886942767e-90	NFE2L2	c15
5.90035417153482e-15	0.488827965365457	0.052	0.025	1.97886078204935e-10	SMARCA5-AS1	c15
2.92611710859177e-21	0.487359398472808	0.09	0.047	9.81361155879508e-17	ICAM1	c15
8.40993169050167e-10	0.485885863064341	0.021	0.009	2.82052289036045e-05	AL080276.2	c15
2.50333324340583e-19	0.485675481307249	0.67	0.6	8.39567903173447e-15	GZMB	c15
2.83594858975609e-27	0.485545720537621	0.106	0.053	9.51120438032397e-23	AIF1	c15
5.21763790547588e-79	0.484501175001926	0.869	0.666	1.7498914007385e-74	ENO1	c15
9.5535277671674e-14	0.483769148812816	0.047	0.023	3.2040621425526e-09	NUDT8	c15
1.76365487523897e-08	0.483366333116482	0.038	0.021	0.000591494572057646	TRAV41	c15
1.04638113472672e-89	0.48304330241205	0.303	0.14	3.50935304964647e-85	PAM	c15
1.39493672237735e-82	0.482957745183561	0.864	0.653	4.67833877950917e-78	PRDX1	c15
3.01736158646567e-77	0.482726874181587	0.987	0.888	1.01196272886886e-72	FTL	c15
2.09037086671354e-89	0.482552857646691	0.825	0.575	7.01068581278388e-85	RHOG	c15
1.27505932753155e-41	0.482444389082105	0.151	0.072	4.27629397267532e-37	MRPL24	c15
3.99972145684577e-59	0.482330990411394	0.235	0.115	1.34142658219693e-54	TRIM69	c15
1.01167210758438e-15	0.482034923392626	0.054	0.026	3.39294591441649e-11	GPR35	c15
6.19230567142542e-07	0.48140115702835	0.017	0.008	0.0207677547608266	CD79B	c15
9.84518951752804e-24	0.480688748803334	0.063	0.027	3.30187966038855e-19	LLGL1	c15
4.23549666576555e-14	0.480228209155248	0.038	0.017	1.42050087176445e-09	PHLDB2	c15
4.01879411208133e-41	0.479297729553214	0.106	0.045	1.34782316930984e-36	SLC2A6	c15
3.81011172159394e-58	0.47919708484838	0.179	0.08	1.27783526918817e-53	QTRT1	c15
1.08847985966218e-73	0.478876078208804	0.826	0.618	3.65054375333503e-69	YWHAQ	c15
4.3635406682173e-33	0.478820316553201	0.1	0.045	1.46344426930672e-28	NPM3	c15
1.2322934298808e-43	0.478657898681347	0.181	0.09	4.13286570513422e-39	RPL26L1	c15
2.13098040579333e-52	0.478248160876691	0.307	0.178	7.14688208494966e-48	GNLY	c15
1.69305526945972e-48	0.477741108742339	0.201	0.1	5.67816876271402e-44	PCBD1	c15
4.37359063185971e-26	0.47766339777602	0.082	0.038	1.46681482611311e-21	MTMR2	c15
3.19644737310322e-20	0.476959039570795	0.074	0.037	1.07202451999136e-15	MORN2	c15
1.29691536294581e-17	0.476956857230382	0.051	0.023	4.34959474424765e-13	KCNK12	c15
2.02468531606134e-84	0.476666979185814	0.754	0.506	6.79038961300654e-80	PAK2	c15
3.5073860126782e-07	0.475714915765482	0.023	0.011	0.0117630712093202	F8A1	c15
4.21240454641145e-28	0.475560673021887	0.093	0.044	1.41275623677547e-23	HIVEP3	c15
5.1310269338747e-17	0.475165731078475	0.041	0.017	1.7208438130829e-12	PQLC2	c15
3.67878654037042e-42	0.475158571840123	0.15	0.071	1.23379142990943e-37	POLD2	c15
1.99990719290814e-10	0.475000607057528	0.032	0.015	6.70728874357531e-06	IMPACT	c15
9.23806090059895e-77	0.474772198473319	0.692	0.448	3.09826086484288e-72	GSTP1	c15
7.71810717372486e-63	0.474424210223854	0.219	0.102	2.58849878392384e-58	KLC2	c15
5.01124224773136e-66	0.47435462373713	0.292	0.148	1.68067042504414e-61	SPATS2L	c15
4.99971293373491e-77	0.474019866722689	0.315	0.155	1.67680372371602e-72	ATP2A2	c15
3.23796599009341e-10	0.473499256681967	0.031	0.015	1.08594903375753e-05	IL23A	c15
1.10018524818701e-53	0.471509509375933	0.183	0.085	3.68980128536959e-49	MAP3K1	c15
5.70307570238157e-20	0.471483381397606	0.064	0.03	1.91269752906473e-15	PRMT6	c15
8.32109102175244e-54	0.471434815530464	0.232	0.116	2.79072750687533e-49	BCL7C	c15
1.10079732473453e-61	0.471379261330442	0.332	0.177	3.69185406769466e-57	EEF1G	c15
4.47861653024983e-14	0.471307032116773	0.039	0.018	1.50203841191519e-09	SPATS2	c15
5.63956916551498e-19	0.470913404458293	0.062	0.029	1.89139870673041e-14	MSRA	c15
2.35332048340168e-72	0.470517585088816	0.482	0.275	7.89256623723254e-68	ARL3	c15
9.27624267937453e-79	0.470111935610072	0.43	0.233	3.11106626980863e-74	TAB2	c15
1.77646651295792e-30	0.470102659812774	0.096	0.044	5.95791339115826e-26	MREG	c15
4.92473554433686e-76	0.469411327539501	0.387	0.202	1.6516578068597e-71	UBE2J1	c15
5.44704474224619e-27	0.469117478748068	0.087	0.04	1.82682986565453e-22	PRR34-AS1	c15
5.04566515438548e-105	0.469067755787339	0.856	0.607	1.6922151794778e-100	S100A4	c15
3.47557992185912e-18	0.468776334364219	0.209	0.144	1.16563999419311e-13	TRBV27	c15
2.70163588967252e-47	0.468774086524351	0.163	0.076	9.06074644678371e-43	SPTSSA	c15
1.04171367592003e-26	0.468738089195047	0.075	0.033	3.4936993263006e-22	RXYLT1	c15
1.76851487011922e-66	0.46857191898651	0.311	0.161	5.93124517140584e-62	UBASH3A	c15
7.45309900997686e-81	0.468462448345368	0.461	0.251	2.49962034596604e-76	PTPRJ	c15
2.40717330084704e-07	0.468361220316124	0.018	0.008	0.00807317781638081	ZNF844	c15
2.4520621032671e-70	0.468326797284178	0.356	0.187	8.22372588193718e-66	LIMS1	c15
2.38756610159507e-78	0.468294837359491	0.53	0.305	8.00741919152954e-74	SLC16A3	c15
1.90597579014943e-17	0.467862636090433	0.05	0.022	6.39226160500315e-13	CD99L2	c15
1.46182710129707e-69	0.467402756190311	0.449	0.256	4.90267573233011e-65	TIFA	c15
1.18342979087393e-87	0.466607188922507	0.639	0.377	3.96898683263299e-83	SDF4	c15
6.14914645394731e-19	0.466150203261884	0.061	0.029	2.06230073772485e-14	GIPC1	c15
2.3903490047237e-19	0.46588166687818	0.064	0.03	8.01675249204235e-15	ORAI3	c15
1.62114080186996e-71	0.465169031790009	0.565	0.338	5.43698202131146e-67	DGUOK	c15
2.29820976016434e-31	0.464712630109712	0.102	0.048	7.70773589363917e-27	ZC2HC1A	c15
2.02246181633137e-34	0.46455626762248	0.124	0.059	6.78293243961215e-30	RCC1L	c15
1.12066872204423e-34	0.464214201095931	0.114	0.053	3.75849875999194e-30	FNDC3B	c15
1.50276892106541e-71	0.464028898971441	0.472	0.264	5.03998640746917e-67	PFDN4	c15
7.51807339017162e-08	0.463345248124708	0.021	0.01	0.00252141145359576	FAM135A	c15
3.50672180240452e-46	0.461962337802578	0.155	0.072	1.17608435809043e-41	MAFG	c15
1.36048250503736e-32	0.46168180107411	0.111	0.053	4.5627862253943e-28	PLGRKT	c15
1.81325290104835e-35	0.461545118709553	0.143	0.071	6.08128757953594e-31	GLRX2	c15
1.38410467298499e-07	0.461538882957403	0.021	0.01	0.00464201025225706	BORCS8-MEF2B	c15
3.06263889362797e-27	0.46152640679707	0.109	0.055	1.02714783214495e-22	DHRS4	c15
2.09259912655864e-08	0.460913372071084	0.022	0.01	0.000701815895065238	PNPLA7	c15
1.73749041132145e-12	0.460758422938962	0.016	0.005	5.82719534148986e-08	IGKV3-20	c15
1.50058189599027e-220	0.460742938353093	1	0.952	5.03265156277216e-216	RPS2	c15
6.66867383017154e-11	0.460312997339255	0.043	0.023	2.23653982916293e-06	MLLT11	c15
5.39707197272459e-08	0.45978482637383	0.016	0.006	0.00181006999821237	AL122035.1	c15
1.67378176232094e-42	0.459703261506851	0.143	0.067	5.61352927447195e-38	ETV6	c15
1.91137823116136e-53	0.459274890533543	0.252	0.131	6.41038031166896e-49	SLC43A3	c15
1.27242074956341e-32	0.459137032899655	0.089	0.038	4.26744470988578e-28	WDR11	c15
1.6368898654961e-16	0.458576637248056	0.055	0.026	5.48980123090083e-12	PCTP	c15
3.00612835289351e-60	0.457532728219802	0.293	0.152	1.00819532699343e-55	MCUR1	c15
9.42690894915315e-47	0.457189576108305	0.253	0.14	3.16159672336698e-42	TCF7	c15
1.36293009195943e-20	0.456968066973911	0.058	0.026	4.57099494241354e-16	SNHG19	c15
2.16857216481445e-33	0.456400737414423	0.113	0.053	7.27295732635469e-29	C12orf73	c15
3.38757201662287e-55	0.456052533213569	0.254	0.13	1.13612390293498e-50	ETHE1	c15
6.43645319725259e-54	0.455767065520607	0.236	0.12	2.15865767329457e-49	ERAL1	c15
5.29249129008049e-11	0.455714738171725	0.038	0.019	1.77499572886719e-06	PIGW	c15
7.18451726050924e-28	0.455501975407222	0.089	0.041	2.40954339882959e-23	TRIB1	c15
2.06157641155587e-16	0.454649797356589	0.051	0.024	6.91411496907607e-12	CLNK	c15
5.92395482466219e-67	0.454289391186171	0.328	0.17	1.9867759690952e-62	AKR1A1	c15
9.26810803180203e-30	0.453677878243027	0.107	0.051	3.10833807170576e-25	UBE2F	c15
1.01619840647187e-136	0.453397094980905	0.969	0.826	3.40812621562535e-132	SLC25A3	c15
1.70383813139421e-56	0.452860556951045	0.159	0.069	5.71433232506991e-52	SNX14	c15
6.53885872628211e-35	0.452298562247822	0.135	0.067	2.19300243962049e-30	MAIP1	c15
2.44435916375458e-11	0.450002652775996	0.018	0.006	8.19789176340012e-07	ZNF704	c15
1.44889980325653e-32	0.448722919426575	0.196	0.112	4.85932016016175e-28	TNS3	c15
9.75271305598923e-25	0.448227005384849	0.089	0.043	3.27086490471767e-20	CCDC28B	c15
7.7178544098313e-56	0.44795273795895	0.285	0.151	2.58841401196922e-51	TCTN3	c15
1.93847749115128e-100	0.447625464457714	0.325	0.147	6.50126580982316e-96	MSI2	c15
2.83520936330093e-78	0.447404736879517	0.768	0.504	9.50872516263866e-74	RGS10	c15
2.5636152952084e-14	0.447317559823883	0.028	0.011	8.59785297706995e-10	GORASP1	c15
8.59488785799472e-12	0.447157302688975	0.035	0.016	2.88255348981427e-07	UBTD1	c15
8.72859669427683e-121	0.447151847567655	0.987	0.892	2.92739675932656e-116	ACTG1	c15
8.07436936098219e-07	0.446933879206215	0.019	0.009	0.0270798199628621	SRXN1	c15
1.14683815037334e-33	0.446905566535971	0.12	0.057	3.84626578872212e-29	IFT27	c15
5.22233380341208e-20	0.446409051251705	0.061	0.028	1.75146631098834e-15	SLC25A43	c15
2.96770321035241e-16	0.446133797797007	0.057	0.028	9.95308302687992e-12	SERP2	c15
3.91210469436184e-08	0.445691727278148	0.022	0.01	0.00131204167239507	CDC42EP2	c15
7.91851829226184e-67	0.445415856035613	0.652	0.422	2.65571266485878e-62	PDIA6	c15
5.11773441521203e-58	0.445006812771608	0.254	0.128	1.71638576817381e-53	AAGAB	c15
6.44668989988722e-66	0.444714771939016	0.334	0.174	2.16209085862418e-61	KEAP1	c15
9.7862852431091e-07	0.444248112406861	0.015	0.006	0.0328212434483393	GPR82	c15
6.91442214753358e-08	0.44419215544186	0.022	0.01	0.00231895889983981	AC078785.1	c15
1.39628811575466e-70	0.443721091782723	0.754	0.528	4.68287108261798e-66	CACYBP	c15
4.84263490690117e-35	0.442980498129937	0.104	0.046	1.62412289507652e-30	CEP170	c15
1.18552391721717e-49	0.44267648619069	0.22	0.111	3.97601011356294e-45	ZNF593	c15
4.38466526916996e-30	0.442492905516552	0.139	0.073	1.47052903797422e-25	AUH	c15
1.26189358197184e-33	0.442309683887248	0.151	0.078	4.23213869521716e-29	C20orf27	c15
3.58646471876687e-23	0.44230116302108	0.084	0.041	1.20282853738003e-18	UCK2	c15
3.51271631537007e-21	0.442296999771455	0.073	0.035	1.17809479784881e-16	LRRC28	c15
4.06867585840984e-46	0.441889317836584	0.162	0.077	1.36455250939349e-41	MGAT4B	c15
7.43160953089146e-21	0.441670468715682	0.062	0.028	2.49241320447038e-16	EEF2K	c15
3.44694306101417e-45	0.441221283059497	0.193	0.097	1.15603576380293e-40	SCO2	c15
3.11038718279141e-12	0.440744728618671	0.041	0.02	1.04316165336458e-07	SLC27A5	c15
4.41716131640996e-43	0.439871436145446	0.212	0.113	1.48142756229757e-38	GNA15	c15
5.72424201892148e-42	0.438949609252672	0.174	0.087	1.91979628830589e-37	ACOT7	c15
3.617633001095e-23	0.43884295530361	0.072	0.033	1.21328175590724e-18	ZNF438	c15
3.26670309135377e-25	0.43883637241984	0.11	0.057	1.09558688277823e-20	MRPL23	c15
1.03202706352052e-09	0.438360800175972	0.033	0.017	3.46121236563512e-05	B4GAT1	c15
6.52073214533883e-27	0.438138516161767	0.119	0.062	2.18692314690374e-22	SEH1L	c15
6.07626903247309e-61	0.437907819090006	0.372	0.205	2.03785910811082e-56	PNMA1	c15
1.47463561923981e-08	0.437160389124593	0.016	0.006	0.000494563293980649	TMEM241	c15
6.94422566792316e-24	0.436133599199515	0.09	0.045	2.32895440450807e-19	ST3GAL4	c15
7.29263334834559e-20	0.435831386415176	0.064	0.03	2.44580337236814e-15	TRIP6	c15
3.04013705420846e-66	0.435818699110086	0.7	0.462	1.01960116524043e-61	PSME2	c15
1.05840267535084e-21	0.434503520365591	0.069	0.032	3.54967089259166e-17	LIMK1	c15
1.12976455186109e-29	0.434401574306238	0.105	0.051	3.78900435403172e-25	HABP4	c15
8.85967277451061e-72	0.434135075767489	0.498	0.282	2.97135705511537e-67	LSM2	c15
7.96040889576481e-32	0.433831569097764	0.137	0.07	2.6697619354616e-27	TESC	c15
7.55431829318197e-38	0.433816572783237	0.141	0.068	2.53356726916737e-33	DUSP22	c15
2.1832104533939e-40	0.433756215035432	0.156	0.076	7.32205121859247e-36	TARBP2	c15
1.52429706134969e-14	0.433671600060254	0.039	0.017	5.11218748435458e-10	ARHGAP5	c15
1.8935581086e-17	0.432960491909978	0.062	0.031	6.35061518462269e-13	CPT2	c15
1.75739088164817e-43	0.432279026454443	0.175	0.086	5.89393753887165e-39	RNF2	c15
4.20305844585858e-09	0.43220520378971	0.029	0.014	0.000140962174157205	AFMID	c15
3.87354240469426e-09	0.431747637690678	0.043	0.024	0.000129910865168636	TRAV13-1	c15
4.31708749074416e-23	0.431644211222332	0.076	0.036	1.44786480264578e-18	PPARA	c15
1.576595775257e-51	0.431215616393807	0.178	0.084	5.28758691105692e-47	CD226	c15
2.32492340231787e-67	0.430865511754247	0.245	0.116	7.79732810669367e-63	ORAI2	c15
9.57720946597074e-07	0.430480276534139	0.017	0.008	0.0321200451069727	PROK2	c15
6.46114402988245e-09	0.429939360267151	0.036	0.019	0.000216693848474198	HPSE	c15
4.66533676288491e-19	0.429770491611438	0.083	0.044	1.56466064353634e-14	CLECL1	c15
4.29810161400729e-66	0.429500849424687	0.598	0.363	1.44149731930576e-61	POLR2K	c15
3.61103610879658e-09	0.428616229187013	0.019	0.008	0.00012110692901682	HDAC11	c15
3.59381383155008e-13	0.427515614529024	0.043	0.021	1.20529328282527e-08	VARS2	c15
5.07962438786707e-31	0.427213167181586	0.168	0.092	1.70360442720286e-26	NINJ2	c15
7.21594498448053e-11	0.426995081852513	0.03	0.013	2.42008362889508e-06	BCKDHB	c15
9.3225875886171e-43	0.426991201309259	0.2	0.104	3.1266094254704e-38	PPM1M	c15
5.56226578338102e-76	0.426480309137584	0.366	0.188	1.86547269843033e-71	UBE2Z	c15
7.85628475635096e-77	0.42613684799878	0.767	0.512	2.63484078158498e-72	ATP5F1D	c15
2.43445702134039e-07	0.425906328501169	0.018	0.008	0.00816468195817138	ENTPD7	c15
8.42327740418235e-59	0.425590085758596	0.353	0.192	2.82499877581468e-54	PSENEN	c15
1.33994971242162e-59	0.425507305773718	0.289	0.151	4.49392334551963e-55	JAKMIP1	c15
2.05243384370707e-18	0.425088567624627	0.056	0.026	6.88345262502477e-14	KCTD21	c15
4.8878893308389e-08	0.423330978632346	0.031	0.016	0.00163930032377675	LINC01006	c15
8.84908028897015e-23	0.422231260053875	0.077	0.036	2.96780454731481e-18	GNA12	c15
1.56461571816982e-12	0.42190329625256	0.03	0.013	5.24740819559793e-08	MKL2	c15
5.07331001999873e-36	0.421610854752952	0.174	0.092	1.70148671450717e-31	SMIM27	c15
3.81057880782787e-20	0.421301493743268	0.057	0.025	1.27799192056931e-15	HIP1	c15
5.64715881354169e-21	0.421050927512989	0.087	0.045	1.89394412288561e-16	SLC38A5	c15
9.38237215257775e-13	0.420882351052429	0.045	0.022	3.14665997253153e-08	EMILIN2	c15
1.11068384255316e-60	0.420684213011155	0.37	0.203	3.7250114711548e-56	SEPHS2	c15
2.27941194556542e-08	0.419911141127031	0.03	0.016	0.000764469178303731	LINC00539	c15
1.61081687550838e-29	0.41952082063133	0.134	0.07	5.40235763708001e-25	HIST1H2BC	c15
9.2185310698459e-41	0.418575998635209	0.166	0.082	3.09171095020492e-36	HMGB3	c15
9.3324964678533e-71	0.418068137420193	0.249	0.116	3.12993266538864e-66	NUMB	c15
1.92386700767065e-76	0.417677693546161	0.795	0.544	6.45226517032582e-72	ARF5	c15
2.17482717675205e-36	0.417437826666974	0.132	0.063	7.29393538539102e-32	NSDHL	c15
6.46732653647508e-11	0.416510971952375	0.043	0.023	2.16901197380301e-06	C2orf76	c15
1.42529693422892e-11	0.415966921599469	0.042	0.021	4.78016085801694e-07	TIPARP-AS1	c15
6.99418312583756e-45	0.414846744601487	0.16	0.076	2.3457091367434e-40	MRPS27	c15
9.68028778271337e-07	0.414686692754658	0.018	0.009	0.0324657491656641	TTLL11	c15
8.60022446117806e-41	0.414310376647606	0.185	0.095	2.8843432797899e-36	TOX2	c15
4.5259240635971e-22	0.414283937357216	0.039	0.014	1.51790441244919e-17	CPLANE1	c15
1.22531742897527e-32	0.41372104580649	0.152	0.08	4.10946959329727e-28	COQ9	c15
1.50031334828557e-44	0.413618177939392	0.155	0.073	5.03175090748014e-40	THOP1	c15
1.79765212771761e-11	0.413572191692173	0.035	0.017	6.02896570593933e-07	STRADB	c15
5.54340252129924e-59	0.413319221573062	0.271	0.138	1.85914633759334e-54	CERS5	c15
9.49435321184132e-52	0.41307528776263	0.334	0.187	3.18421618018734e-47	VAMP5	c15
5.98282045155657e-09	0.412069622967386	0.03	0.015	0.000200651832304304	ARSB	c15
5.97943068124817e-51	0.411638886429829	0.288	0.156	2.00538146187701e-46	GFER	c15
3.7279066176548e-10	0.41122600016244	0.024	0.01	1.25026532142907e-05	NMNAT1	c15
7.42509803354065e-13	0.410683089111772	0.042	0.02	2.49022937848886e-08	CASK	c15
3.18881436258054e-44	0.410327792876546	0.161	0.076	1.06946456092226e-39	MIR22HG	c15
5.45684188712358e-14	0.409735665479213	0.04	0.018	1.83011563210351e-09	QSOX2	c15
2.57849009715986e-57	0.409576833839949	0.314	0.168	8.64774008785475e-53	DNAJC15	c15
5.81024929434883e-22	0.409130677897441	0.07	0.033	1.94864140833871e-17	OGG1	c15
1.07289743721945e-07	0.408600164649003	0.022	0.011	0.0035982834249466	C1orf56	c15
1.43097919757511e-63	0.408329209467419	0.665	0.43	4.7992180328274e-59	PPA1	c15
3.46621794186611e-17	0.408284799645466	0.065	0.032	1.16250017334306e-12	FAIM	c15
2.57141826984054e-67	0.408278250177613	0.493	0.283	8.6240225933912e-63	TKT	c15
8.340062161299e-09	0.40762920137324	0.032	0.017	0.000279709004765646	AC008083.2	c15
1.05224661002497e-06	0.406060180032302	0.034	0.019	0.0352902468070174	LINC00158	c15
8.23752972550021e-11	0.406039378004004	0.052	0.029	2.76270271933826e-06	PAQR4	c15
3.45541082471973e-14	0.40567281835143	0.043	0.02	1.1588756823945e-09	NAT14	c15
1.38902531291797e-19	0.405547719625091	0.085	0.044	4.6585130944643e-15	MMD	c15
8.32407525986539e-20	0.405118460569146	0.074	0.037	2.79172836065365e-15	TAF9B	c15
1.1050936857559e-40	0.404762807755433	0.161	0.079	3.70626320328813e-36	SAYSD1	c15
1.08255524674502e-34	0.404479057333992	0.132	0.064	3.63067378653345e-30	AGPS	c15
7.26936115006683e-114	0.404476506339661	0.977	0.854	2.43799834250941e-109	RPL7	c15
1.37702398146503e-71	0.404341143575935	0.599	0.362	4.61826302903743e-67	RNF114	c15
3.57213996074476e-28	0.404194658598174	0.07	0.03	1.19802430003458e-23	TET3	c15
3.59694954331192e-11	0.403586261559969	0.053	0.029	1.20634493783595e-06	HDGFL3	c15
7.32067012181251e-14	0.403518606765004	0.032	0.014	2.45520634545348e-09	KCTD11	c15
7.82547084940703e-66	0.403411689091468	0.559	0.335	2.62450641347413e-61	BCAP31	c15
4.0666778253042e-53	0.40244481056987	0.266	0.141	1.36388240905052e-48	ACOT9	c15
1.16374166992594e-33	0.400841872123737	0.145	0.073	3.90295681259762e-29	SNAPC1	c15
3.80282191245611e-07	0.400525023916852	0.019	0.009	0.0127539041299953	CHRNA5	c15
9.88780081937344e-15	0.400468514779631	0.042	0.019	3.31617063880146e-10	TMEM150A	c15
8.8472076103866e-07	0.400138523552568	0.027	0.014	0.0296717648837146	ACTR3B	c15
3.58744046298488e-62	0.400124753151368	0.701	0.459	1.20315578247587e-57	EIF3I	c15
9.01042327216983e-08	0.399897093807269	0.022	0.01	0.00302191575702032	GPR146	c15
8.24987776709809e-70	0.399669514302605	0.555	0.325	2.76684400552936e-65	ERGIC3	c15
2.23605077847621e-234	0.399559105843582	1	0.973	7.49926710085352e-230	EEF1A1	c15
1.31387803766187e-61	0.399234786873076	0.405	0.226	4.40648416271039e-57	MAP1S	c15
4.40323171198565e-17	0.398505123247542	0.055	0.026	1.47675585156575e-12	NCALD	c15
1.61620726022852e-53	0.398471904040791	0.258	0.134	5.42043590935441e-49	METTL8	c15
2.08446078377064e-49	0.39810736123046	0.743	0.531	6.99086457660997e-45	CYCS	c15
1.24540057346287e-37	0.397992594897906	0.109	0.048	4.17682444327979e-33	THADA	c15
6.1296778374741e-29	0.397716901391556	0.108	0.053	2.05577135313206e-24	SLC12A2	c15
1.06153342900538e-54	0.397174368471629	0.353	0.198	3.56017081419823e-50	YIF1A	c15
6.09918895338068e-62	0.39694519023571	0.471	0.271	2.04554599118481e-57	NENF	c15
1.1586755223289e-69	0.396608919231513	0.664	0.418	3.88596596678667e-65	COX17	c15
1.74009778700329e-60	0.396517021526866	0.36	0.195	5.83593995805164e-56	STOML2	c15
3.13026171579205e-46	0.3963016346718	0.189	0.094	1.04982717424234e-41	NIT1	c15
1.94156191449779e-19	0.395535769742128	0.062	0.029	6.51161034884267e-15	HOMEZ	c15
2.41739227351711e-18	0.394715811636859	0.049	0.022	8.10745020692168e-14	AGAP3	c15
1.73846860259347e-11	0.394579536432991	0.052	0.028	5.83047599937797e-07	MASTL	c15
2.68091521088828e-07	0.393860259320848	0.026	0.014	0.00899125343427711	AP002748.3	c15
1.44712108179193e-64	0.393535631291293	0.395	0.218	4.85335468411378e-60	CTNNB1	c15
4.19127057644001e-07	0.393453653109711	0.019	0.009	0.0140566832592645	DHRS11	c15
5.22773171377658e-52	0.393310250439782	0.357	0.208	1.75327666216639e-47	MAST4	c15
5.97917617414219e-37	0.392782378149783	0.17	0.088	2.00529610528381e-32	PTRH2	c15
4.13817713389205e-67	0.392497662859177	0.289	0.145	1.38786184716472e-62	HGSNAT	c15
3.35977188221286e-22	0.39205365444084	0.054	0.023	1.12680029385655e-17	CUL9	c15
6.01606279711663e-36	0.391426549949186	0.161	0.083	2.01766714089697e-31	WDR83	c15
1.97941638374949e-11	0.391305755596679	0.032	0.014	6.63856666781905e-07	MECR	c15
1.58397045494582e-146	0.391162304467712	0.998	0.931	5.31232011179728e-142	RPS5	c15
2.4919907464537e-49	0.391123876925841	0.268	0.143	8.35763856545643e-45	ETFA	c15
1.73498461726322e-51	0.390996435751872	0.318	0.175	5.8187914093774e-47	LSM4	c15
1.22557996115775e-06	0.390698902134673	0.016	0.007	0.0411035007373086	RFLNB	c15
1.59770473954635e-08	0.39055617399165	0.021	0.009	0.000535838215549055	BEND4	c15
5.86059659575128e-46	0.390208542037281	0.298	0.173	1.96552688628306e-41	PRDM1	c15
7.89844584279844e-21	0.389786129875432	0.073	0.035	2.64898076675774e-16	NLE1	c15
6.06527635387707e-08	0.389269267671169	0.015	0.006	0.00203417238356329	CPNE8	c15
7.9630248674739e-37	0.388910016307377	0.158	0.08	2.6706392800534e-32	SIRT6	c15
2.14757683316639e-31	0.388187284565483	0.128	0.064	7.20254318307343e-27	FAM241A	c15
6.30802863413319e-18	0.387543816045147	0.043	0.018	2.11558664331559e-13	TECPR2	c15
1.16429403459235e-58	0.387416671157782	0.414	0.236	3.90480933321583e-54	PDAP1	c15
5.19973917605643e-08	0.387129602158965	0.024	0.011	0.00174388852486581	FAM241B	c15
7.98100955646283e-69	0.386571496190826	0.884	0.682	2.6766709850465e-64	ELOB	c15
2.24597900475573e-21	0.386401782141716	0.069	0.033	7.53256438614978e-17	MTX2	c15
9.43877824597711e-37	0.386092415842413	0.133	0.063	3.1655774481358e-32	RPS6KA1	c15
3.8046051132512e-93	0.386083771633568	0.998	0.944	1.27598846288219e-88	TMSB10	c15
2.26926469930758e-50	0.385473341957873	0.243	0.127	7.61065994853777e-46	DYNC1I2	c15
6.16227647990657e-08	0.383882833464749	0.021	0.01	0.00206670428583106	MFSD13A	c15
3.29796110698978e-35	0.383313542397991	0.336	0.213	1.10607019606223e-30	GPR65	c15
2.78459832756647e-39	0.383052006067335	0.175	0.09	9.33898587099242e-35	PM20D2	c15
6.60827322889687e-17	0.382863607767928	0.06	0.03	2.21628267550743e-12	TRMT61A	c15
1.20318878873633e-12	0.38263219973938	0.038	0.018	4.0352545596639e-08	ZDHHC21	c15
3.80759234292117e-59	0.382592812565372	0.505	0.303	1.2769903199689e-54	GPR137B	c15
1.36588803636908e-30	0.382545276135283	0.114	0.055	4.58091529637462e-26	MRPL35	c15
2.9159803238086e-29	0.382027322143196	0.139	0.073	9.77961480998929e-25	CBX5	c15
8.82103059510769e-64	0.382013544161423	0.57	0.344	2.95839724098722e-59	BAX	c15
3.6014290958591e-90	0.380786534651618	0.943	0.772	1.20784729016922e-85	ATP5MC2	c15
2.00261375617912e-61	0.380784574869667	0.564	0.34	6.71636601547353e-57	HSBP1	c15
6.58390284337844e-47	0.380249104183123	0.2	0.099	2.20810933561226e-42	TSPAN3	c15
1.33465384433713e-64	0.380193437998836	0.332	0.176	4.47616206313786e-60	ELMO1	c15
7.00555405778899e-52	0.379709437704799	0.359	0.206	2.34952271990127e-47	GINM1	c15
1.18675806296314e-61	0.379598763678754	0.296	0.152	3.98014919156576e-57	SLC25A39	c15
6.58688939829832e-48	0.379287135704314	0.454	0.282	2.20911096640129e-43	RAB9A	c15
1.85063391587764e-23	0.378839110246183	0.114	0.061	6.20665602707042e-19	MSRB1	c15
3.29231791746396e-82	0.378817121299344	0.569	0.327	1.10417758315906e-77	CTLA4	c15
2.34049722875495e-30	0.378557513098706	0.121	0.061	7.84955960579836e-26	AHCYL1	c15
7.14494329737972e-47	0.37853314110076	0.189	0.092	2.39627108307521e-42	KCTD10	c15
1.5251654839837e-37	0.378119063767621	0.11	0.049	5.11510000018453e-33	ASL	c15
3.66007292809339e-15	0.37800694071788	0.065	0.034	1.22751525862396e-10	PAM16	c15
1.05936023092878e-65	0.377788700797079	0.504	0.3	3.55288234248896e-61	SEPT6	c15
2.80943877558429e-48	0.377563450036274	0.248	0.131	9.4222957655546e-44	DPM3	c15
5.92627202955305e-52	0.377448641943408	0.276	0.147	1.9875531132715e-47	LYPLA1	c15
1.31639559377231e-26	0.37726333628672	0.15	0.084	4.41492754239356e-22	ACAA2	c15
3.1713135315324e-21	0.376766622120467	0.152	0.091	1.06359513220534e-16	ASB2	c15
1.02342935705318e-11	0.376622883420196	0.046	0.024	3.43237737768495e-07	UEVLD	c15
1.38744337339146e-61	0.376613530812631	0.737	0.497	4.65320758568027e-57	VDAC1	c15
3.98482342968404e-11	0.376278607169449	0.046	0.024	1.33643008184743e-06	MAP3K6	c15
1.51301260858125e-13	0.375131836885026	0.062	0.034	5.07434168665980e-09	FBXO45	c15
4.59953965675121e-12	0.374967143842195	0.043	0.021	1.54259361008122e-07	PCBD2	c15
1.47945903679244e-42	0.374419227464531	0.18	0.09	4.96180971759448e-38	PAFAH1B3	c15
1.15844860088113e-21	0.374306651361895	0.17	0.104	3.88520491763512e-17	ADGRG1	c15
3.30006577653909e-32	0.374085266857364	0.129	0.064	1.10677606013568e-27	CASS4	c15
1.36500097600809e-64	0.373537316004322	0.799	0.562	4.57794027333592e-60	EIF5A	c15
7.78537068241604e-185	0.373455910506567	0.998	0.939	2.61105761946869e-180	RPL15	c15
2.07098712277936e-10	0.37330150850782	0.018	0.007	6.94567661237741e-06	AC010654.1	c15
1.6251060676122e-42	0.373265295873472	0.245	0.134	5.45028072955779e-38	TMEM120A	c15
4.63860004739075e-09	0.373185374959023	0.032	0.016	0.000155569368389391	AURKA	c15
1.61344916671843e-07	0.373177355973048	0.026	0.013	0.00541118581534027	MPP1	c15
6.50216111543615e-22	0.372952219375738	0.076	0.037	2.18069479489497e-17	LARP1B	c15
6.81573066829138e-24	0.372758958191699	0.095	0.048	2.28585975153156e-19	HDAC8	c15
9.39115634324566e-47	0.372714263958559	0.207	0.104	3.14960601439773e-42	LRRC42	c15
9.06448874989882e-49	0.372451169926895	0.293	0.162	3.04004823694107e-44	SMS	c15
6.58538441840867e-37	0.372046868202014	0.171	0.089	2.2086062262459e-32	TYW3	c15
1.09518481952972e-56	0.371619556578975	0.402	0.229	3.67303084773877e-52	TSTD1	c15
2.28048914103752e-07	0.371571683595472	0.027	0.014	0.00764830448121165	AC017083.2	c15
4.01779275627129e-73	0.371128768364408	0.773	0.532	1.34748733459826e-68	STAT5A	c15
3.68285822250148e-12	0.370787621176196	0.041	0.02	1.23515699066255e-07	ALG8	c15
3.92167072842635e-30	0.37043192601103	0.153	0.082	1.31524992889963e-25	HINT2	c15
2.18297771691412e-19	0.370238222907375	0.067	0.032	7.32127066698658e-15	KLF7	c15
3.45094430117257e-34	0.370220133719221	0.168	0.088	1.15737769972726e-29	PTRH1	c15
2.88715981888517e-50	0.370047003878269	0.307	0.169	9.68295660057709e-46	ARMCX6	c15
1.50595555007418e-33	0.369995051043563	0.256	0.153	5.05067372383878e-29	CD70	c15
2.84158887129134e-10	0.369470779322296	0.038	0.019	9.53012075653689e-06	PIGK	c15
1.96050308666655e-64	0.368929741115122	0.442	0.248	6.57513525206227e-60	BRMS1	c15
3.32167707171788e-21	0.368667900943766	0.074	0.035	1.11402405631274e-16	C9orf64	c15
2.09355483246691e-15	0.368459212414808	0.037	0.016	7.02136419712753e-11	VCL	c15
2.51233870793066e-62	0.368314335189196	0.659	0.419	8.42588155865786e-58	TSPO	c15
1.68741853709895e-44	0.368241025068634	0.243	0.13	5.65926428972246e-40	PRDX4	c15
4.12743054466038e-57	0.367727412514119	0.578	0.362	1.3842576560682e-52	CDV3	c15
4.49491805834516e-58	0.367695720339513	0.656	0.422	1.5075056184078e-53	PHB2	c15
1.10248601440435e-42	0.367615552124401	0.238	0.129	3.6975175951093e-38	ZNF580	c15
2.20890934921469e-55	0.367470000707228	0.559	0.344	7.40824017539624e-51	C1QBP	c15
1.14891181747593e-52	0.367337818759419	0.26	0.135	3.85322045345079e-48	CUEDC2	c15
7.75133910249968e-44	0.367200820726462	0.181	0.09	2.59964410819634e-39	RCC2	c15
3.55252460081962e-19	0.366850971961585	0.078	0.04	1.19144570062288e-14	FMNL3	c15
5.4135621292998e-12	0.36661485454521	0.056	0.03	1.81560046692457e-07	MOCS3	c15
5.08423035706985e-34	0.366076748950659	0.093	0.04	1.70514917715409e-29	PLEKHG1	c15
2.24815938118026e-60	0.365486263687022	0.534	0.327	7.53987693260237e-56	KPNA2	c15
3.9179823319675e-07	0.365335595600479	0.027	0.014	0.0131401291449526	MIR4458HG	c15
1.20094564932828e-80	0.364736976056393	0.392	0.2	4.02773151871718e-76	ARNTL	c15
8.74835742553899e-58	0.364734386198168	0.444	0.256	2.93402411337727e-53	CCDC124	c15
2.6108150767413e-99	0.364532588836282	0.977	0.882	8.75615160437497e-95	EEF2	c15
1.47576673304849e-45	0.364465847697012	0.236	0.124	4.94942646929804e-41	ARL1	c15
7.00394675936221e-08	0.364083047919713	0.031	0.016	0.0023489836641549	LIPE-AS1	c15
2.85112065817575e-08	0.363945787989485	0.023	0.011	0.000956208846338981	LRRC75A	c15
5.52265271141399e-18	0.363712205435602	0.063	0.031	1.85218726635402e-13	SIL1	c15
6.61520918993394e-42	0.363370297511778	0.216	0.116	2.21860885812005e-37	ANKRD37	c15
1.47725552853624e-11	0.363032622990935	0.028	0.012	4.95441959160484e-07	C16orf46	c15
8.44982114491474e-38	0.362968238307457	0.413	0.268	2.83390101558151e-33	MSC	c15
1.09741306567346e-59	0.362910772870767	0.475	0.277	3.68050393965564e-55	APEX1	c15
6.07776795766844e-27	0.362905013944944	0.137	0.074	2.03836181764284e-22	ALYREF	c15
5.72087955260147e-09	0.362738660048381	0.028	0.013	0.000191866858435148	ZNF80	c15
3.38846099808506e-07	0.362651554359938	0.017	0.008	0.0113642204953777	EIF4EBP3	c15
2.60838355250376e-59	0.362504790167456	0.824	0.603	8.7479967583871e-55	DBI	c15
5.27540587008899e-63	0.3624020620759	0.556	0.333	1.76926562071045e-58	DCTN2	c15
5.31153916052133e-07	0.361559872056902	0.026	0.014	0.0178138400365564	CDKN2B	c15
7.14053850102078e-39	0.361038774601015	0.217	0.118	2.39479380247235e-34	SFT2D1	c15
2.14294914108206e-21	0.360934404154496	0.07	0.033	7.18702282936101e-17	SLC2A13	c15
5.05142301602926e-31	0.360486143891434	0.577	0.421	1.69414625111589e-26	LAG3	c15
3.30833974165428e-16	0.360320148193421	0.059	0.029	1.10955098255601e-11	EVC2	c15
5.55790441396183e-47	0.360292315726507	0.324	0.183	1.86400998235452e-42	MRPL15	c15
3.30112776816385e-18	0.360289114558904	0.05	0.022	1.10713223088679e-13	TESK2	c15
3.93010117822081e-34	0.359541212800244	0.201	0.113	1.31807733315169e-29	CDCA7	c15
1.95422900651667e-32	0.359390516539795	0.168	0.09	6.5540932420556e-28	TMEM101	c15
1.05896610172516e-28	0.359264425941801	0.115	0.057	3.55156051196585e-24	METTL3	c15
1.74221329813624e-110	0.35926405245603	0.99	0.907	5.84303495928932e-106	PPIA	c15
2.2666892617361e-47	0.358741606804072	0.289	0.159	7.60202244601053e-43	THOC7	c15
1.40316082032055e-11	0.35874034729809	0.039	0.019	4.70592075919105e-07	DPY19L1	c15
3.1835958988715e-15	0.358285914898596	0.054	0.026	1.06771439256352e-10	TRIM32	c15
4.89710857845962e-27	0.357814856986954	0.114	0.058	1.64239227504379e-22	DNAJC30	c15
9.27753189039342e-22	0.357101996882758	0.073	0.034	3.11149864540015e-17	SMARCD3	c15
4.26380928482991e-10	0.357077893415362	0.035	0.017	1.42999635794626e-05	GSTM4	c15
3.90696913505226e-63	0.356977794228459	0.811	0.57	1.31031930851383e-58	UQCRH	c15
5.43929118866197e-58	0.356571932868534	0.758	0.522	1.82422947885345e-53	EIF3E	c15
8.46945185420271e-16	0.356224708458246	0.067	0.035	2.8404847628625e-11	PSPH	c15
1.46129011541098e-08	0.35588273286308	0.033	0.017	0.000490087478906533	NTHL1	c15
5.09933645972414e-14	0.355468761052914	0.045	0.022	1.71021546186228e-09	UTS2	c15
3.50267042371495e-51	0.354867080456172	0.714	0.496	1.17472560670552e-46	HSPE1	c15
1.33266503996374e-31	0.354011353909705	0.131	0.066	4.46949201103041e-27	C12orf45	c15
2.482340309182e-09	0.353502366421453	0.034	0.018	8.3252729289346e-05	ZNF197	c15
2.79284186023379e-42	0.35321688702797	0.169	0.083	9.36663303085209e-38	MAN2B1	c15
1.31095794485944e-11	0.352898026318738	0.043	0.022	4.3966907554696e-07	SLC29A1	c15
6.6170183065138e-12	0.352590388044339	0.039	0.019	2.2192155996386e-07	AL691432.2	c15
5.71938506075215e-67	0.352543878989077	0.25	0.119	1.91816736167506e-62	MAML2	c15
4.03696571717733e-67	0.352480267438777	0.4	0.219	1.35391756222693e-62	CSNK1G3	c15
1.12388523841453e-09	0.352210018319632	0.034	0.017	3.76928631259465e-05	TP53I11	c15
2.61352196421548e-34	0.352109380842406	0.196	0.108	8.76522996358587e-30	MCTS1	c15
1.90376393280589e-09	0.351448390335784	0.043	0.024	6.3848434778444e-05	LGALS3BP	c15
1.82894837184399e-18	0.351428662957511	0.107	0.061	6.13392704949038e-14	TCEAL8	c15
1.08669505307296e-51	0.351283641455946	0.275	0.146	3.64455786899609e-47	COMMD1	c15
3.72861878615832e-54	0.350841618469369	0.543	0.334	1.25050416850178e-49	OSTC	c15
1.47152456364459e-08	0.350827586508851	0.032	0.017	0.000493519908155122	RNASEH1-AS1	c15
3.68119600038962e-50	0.350786320621168	0.41	0.24	1.23459951461067e-45	PRDX3	c15
1.09236673274904e-55	0.350688361120634	0.347	0.189	3.66357954829374e-51	TIMM10	c15
2.42350986231618e-66	0.350458218783064	0.602	0.372	8.127967376236e-62	PTPN1	c15
5.84853558262536e-88	0.35029133284491	0.98	0.852	1.96148186370089e-83	RAN	c15
5.48812227908139e-45	0.350242109406751	0.205	0.105	1.84060644995832e-40	TMED3	c15
3.26042091923047e-32	0.350199980088211	0.168	0.091	1.09347996789151e-27	ZDHHC24	c15
1.22410197950232e-41	0.350144322508282	0.301	0.174	4.10539321885488e-37	COA6	c15
2.82700926379484e-40	0.350004102405392	0.235	0.131	9.48122366891513e-36	ITPR1	c15
3.48381207252784e-21	0.349444321873566	0.06	0.027	1.16840089288439e-16	POMGNT1	c15
2.94730009390061e-21	0.349377307588551	0.082	0.041	9.88465505492387e-17	CDYL2	c15
1.69292646056906e-110	0.349051217175931	0.999	0.948	5.6777367634565e-106	RPS18	c15
1.20396099366286e-57	0.348708031959358	0.789	0.552	4.0378443805465e-53	SEC61G	c15
1.90009546545086e-66	0.348543394038429	0.805	0.558	6.37254017202909e-62	TNIP1	c15
7.71438856884138e-54	0.347931623905595	0.495	0.3	2.58725163821802e-49	GSTO1	c15
4.2715994535432e-25	0.347763495325359	0.148	0.083	1.43260902472932e-20	TNFRSF12A	c15
1.26424915106031e-16	0.347669341226428	0.062	0.031	4.24003880282607e-12	SNX8	c15
2.53798575574687e-10	0.347407357143325	0.033	0.016	8.51189662762386e-06	TMLHE	c15
1.86164582170327e-62	0.346945545491882	0.57	0.35	6.24358775682843e-58	DNAJC1	c15
8.39290128508998e-20	0.345706683450368	0.056	0.025	2.81481123299348e-15	ADAM15	c15
1.51917024463827e-20	0.345422318704188	0.103	0.056	5.09499316646783e-16	EVA1C	c15
5.02532275889665e-14	0.345248140768946	0.042	0.019	1.68539274687876e-09	MAP4K3	c15
3.38615861579504e-27	0.344860415423792	0.083	0.038	1.13564987656534e-22	ARHGAP21	c15
1.3133475750626e-25	0.344585671230111	0.387	0.267	4.40470509724496e-21	IFI6	c15
2.28554284900111e-61	0.344426634595522	0.796	0.55	7.66525360697993e-57	ANP32B	c15
3.54538371143047e-39	0.344414350362382	0.157	0.077	1.18905078913955e-34	FAM173A	c15
3.25430090766597e-13	0.344180997241484	0.048	0.024	1.09142743841301e-08	RMI1	c15
6.28090049651672e-24	0.344141010421793	0.086	0.042	2.10648840852178e-19	BEX2	c15
9.96294644213771e-41	0.344103804835368	0.26	0.146	3.34137297776415e-36	TADA3	c15
7.84624104121458e-46	0.344008244586464	0.201	0.102	2.63147232040255e-41	SMAD3	c15
4.43986811736644e-51	0.343970861810841	0.548	0.341	1.48904296920236e-46	FBL	c15
1.8652250878326e-08	0.343846812735084	0.022	0.01	0.000625559189957298	KIF7	c15
2.2153481105919e-22	0.343690704424843	0.097	0.05	7.42983449330312e-18	ERI3	c15
7.76531411886367e-50	0.343561882600525	0.382	0.221	2.6043310491845e-45	LAGE3	c15
2.57401056758088e-63	0.343410652951385	0.823	0.609	8.63271664155277e-59	CFLAR	c15
4.25259288037696e-34	0.343308130320462	0.119	0.056	1.42623460022083e-29	MAPKAPK3	c15
3.16421001057204e-14	0.34317001478071	0.056	0.028	1.06121275334565e-09	ANXA4	c15
2.69188362433415e-11	0.342952302632876	0.037	0.018	9.02803929929188e-07	AL392172.1	c15
1.31321058986352e-13	0.342904703094409	0.043	0.02	4.40424567628427e-09	CEP131	c15
1.22837060110478e-15	0.342465900662797	0.068	0.036	4.11970932198522e-11	FIGNL1	c15
2.47508991425144e-50	0.342122820548641	0.285	0.153	8.30095655441649e-46	C5orf15	c15
9.56151566822614e-42	0.342030016771807	0.22	0.118	3.20674112480968e-37	PDXK	c15
5.18246127316043e-52	0.341942493621517	0.243	0.125	1.73809386179255e-47	HMGCS1	c15
1.12915072464503e-14	0.341877685644764	0.052	0.025	3.7869457003145e-10	SMAD5	c15
2.44963057129459e-43	0.341833780481974	0.216	0.114	8.21557101000779e-39	HMG20B	c15
3.58765353852555e-09	0.341265356601496	0.033	0.017	0.00012032272437507	TRMT5	c15
6.00980571793366e-29	0.340821247913651	0.091	0.042	2.01556864168059e-24	ATN1	c15
3.45628161319875e-138	0.340780758124117	0.999	0.945	1.1591677274346e-133	RPS6	c15
7.9131793386598e-24	0.340710614275243	0.106	0.055	2.65392208659972e-19	OGFOD3	c15
3.57671332225489e-43	0.340694528273372	0.256	0.14	1.19955811401784e-38	DCTPP1	c15
1.21899301662224e-06	0.340464857115433	0.02	0.01	0.0408825877914765	NANOS3	c15
2.26548994347868e-53	0.340432857984464	0.364	0.202	7.59800017243878e-49	HSD17B10	c15
2.20041011938654e-07	0.340191910169775	0.027	0.014	0.00737973545839856	NECTIN3	c15
1.93052565098585e-31	0.339479746604296	0.197	0.111	6.47459692827633e-27	ISOC1	c15
8.46997117619976e-27	0.339002168676361	0.117	0.06	2.84065893307388e-22	MPV17	c15
2.5105974711003e-24	0.338383369871551	0.095	0.048	8.42004179857617e-20	EIF2D	c15
8.85718306627445e-33	0.338057838709283	0.155	0.081	2.97052205676713e-28	RNF8	c15
3.23637725621904e-37	0.337918585013427	0.18	0.093	1.08541620419074e-32	ZFYVE21	c15
4.65730547814446e-52	0.337824940365362	0.447	0.271	1.56196711126009e-47	RBMS1	c15
3.17898505650452e-54	0.337577209275751	0.791	0.555	1.06616800825048e-49	COX5A	c15
5.54744506026546e-09	0.337525416383074	0.029	0.014	0.000186050212431183	DUS2	c15
1.17743029735624e-18	0.337476337096346	0.089	0.048	3.94886573127337e-14	CCDC102A	c15
6.51189149955863e-69	0.336899199749589	0.931	0.767	2.18395817112197e-64	SLC25A6	c15
6.65220370169221e-55	0.336871022870281	0.817	0.604	2.23101607747353e-50	LDHB	c15
1.88323635129824e-49	0.336136246721731	0.452	0.271	6.31599807498405e-45	RPA3	c15
5.2647509211162e-51	0.336033154155223	0.291	0.157	1.76569216392395e-46	GRHPR	c15
7.63875953728204e-31	0.335855530958095	0.17	0.093	2.56188717361365e-26	CYP51A1	c15
8.53348538031038e-52	0.335579069822261	0.324	0.179	2.86196032684849e-47	G6PD	c15
3.98007396384045e-52	0.33547915713366	0.715	0.484	1.33483720599281e-47	ATP5F1A	c15
1.80444749026762e-40	0.334042457150127	0.289	0.168	6.05175599285954e-36	CRELD2	c15
5.45543011406193e-28	0.333973954405829	0.154	0.084	1.82964215165409e-23	GNG10	c15
3.91608247260172e-98	0.333954988456687	0.99	0.911	1.31337573966116e-93	RPL10A	c15
1.21330613498093e-48	0.333597197872721	0.4	0.234	4.06918611549903e-44	TIMM13	c15
2.88242805267041e-51	0.33335937130505	0.423	0.251	9.66708720304602e-47	MCRIP1	c15
5.3221135362018e-160	0.332999659813947	1	0.955	1.78493043777136e-155	RPL12	c15
2.96953489028492e-25	0.332774193090745	0.164	0.094	9.95922611503757e-21	HPCAL1	c15
2.14558206782082e-10	0.332566495430484	0.026	0.011	7.19585313905748e-06	ABCC4	c15
1.10508107676694e-13	0.332280732230554	0.028	0.011	3.70622091526097e-09	AC103591.3	c15
4.09481688151466e-34	0.332074448779662	0.218	0.124	1.37331968572239e-29	HIST3H2A	c15
9.11349116222622e-56	0.33165696080873	0.3	0.158	3.05648266598743e-51	CPSF6	c15
4.12583731112588e-53	0.331377869962325	0.655	0.429	1.3837233174054e-48	PSMD13	c15
3.66081186253183e-15	0.331298027391855	0.04	0.018	1.22776308245592e-10	CRAMP1	c15
1.3033491300822e-45	0.331028881801788	0.318	0.183	4.37117231246969e-41	ATXN10	c15
4.13772189034185e-56	0.330890230520153	0.718	0.481	1.38770916758285e-51	ROMO1	c15
3.43009054406237e-49	0.330857016418349	0.385	0.223	1.15038376666764e-44	ADSL	c15
6.11364122377816e-52	0.330615400718391	0.297	0.161	2.05039299363072e-47	CEP120	c15
3.65465610322535e-55	0.330399542387012	0.65	0.414	1.22569856389972e-50	RNF181	c15
3.35247395961444e-52	0.329602283316442	0.596	0.376	1.12435271657549e-47	SSR3	c15
1.34241215145583e-25	0.329516724959943	0.15	0.085	4.50218187355258e-21	CSGALNACT1	c15
4.01969862292858e-56	0.329486041997948	0.473	0.277	1.34812652415779e-51	TIMM17A	c15
2.7289577270691e-49	0.329450513643739	0.384	0.224	9.15237842504435e-45	MFF	c15
3.73360832477771e-43	0.329289563791788	0.359	0.213	1.25217755996395e-38	TMEM70	c15
4.6487227505557e-20	0.329098227332268	0.1	0.054	1.55908863608137e-15	RRS1	c15
4.01893891600848e-60	0.328960253836521	0.44	0.25	1.34787173365092e-55	RTCB	c15
3.50595532521217e-07	0.328958621552841	0.017	0.007	0.0117582729696966	AL009179.1	c15
1.1373194398907e-07	0.328672679637554	0.019	0.008	0.00381434193750543	ZBTB46	c15
1.95377126442369e-42	0.328656064056751	0.438	0.277	6.55255806662416e-38	CARD16	c15
3.89898766272055e-37	0.328495076224137	0.166	0.085	1.30764248232322e-32	APOPT1	c15
2.99718785148653e-38	0.32847631013174	0.159	0.08	1.00519686163155e-33	LUZP1	c15
1.37181334852399e-52	0.32799737519073	0.517	0.322	4.60078760827976e-48	SNHG15	c15
2.42867154530296e-57	0.327895208679086	0.559	0.338	8.14527862863707e-53	VASP	c15
1.85544560475191e-58	0.326651991698281	0.975	0.859	6.22279346921696e-54	SQSTM1	c15
4.01891229610451e-07	0.326638554926444	0.015	0.006	0.0134786280586753	NEK11	c15
3.92588075054154e-52	0.326523115881156	0.879	0.671	1.31666188611662e-47	PGAM1	c15
1.11859801533761e-52	0.326482893455555	0.327	0.182	3.75155402383929e-48	SFT2D2	c15
7.35920937086047e-37	0.326464065892083	0.163	0.083	2.46813163879918e-32	MYO6	c15
7.19527309280725e-16	0.325924646194188	0.052	0.025	2.4131506898657e-11	FAM189B	c15
1.33791613242512e-15	0.325647383236329	0.057	0.029	4.48710312492738e-11	MPV17L2	c15
1.01237943551547e-26	0.325573747090529	0.143	0.078	3.39531815083179e-22	SFMBT1	c15
7.0605325015421e-52	0.325439189651143	0.805	0.563	2.36796139036719e-47	WDR83OS	c15
2.8856264364644e-54	0.325230977593707	0.814	0.586	9.67781394261431e-50	MRPS6	c15
9.14711956032912e-54	0.324969520801116	0.85	0.657	3.06776095814318e-49	RBM3	c15
5.99940282581999e-08	0.324960783318606	0.021	0.01	0.00201207971972351	HYAL2	c15
8.52859157411435e-33	0.324922962397457	0.159	0.084	2.86031904212647e-28	UBAC1	c15
7.32118121353863e-15	0.324738800708251	0.048	0.023	2.45537775539659e-10	STK32C	c15
2.34885849367164e-34	0.324611153254766	0.155	0.079	7.87760161607595e-30	MRPL45	c15
1.51535449946438e-22	0.324435733438261	0.094	0.048	5.08219592030365e-18	LINC01934	c15
4.01262611059656e-54	0.324277648323423	0.267	0.138	1.34575454497187e-49	QARS	c15
7.43730432223534e-30	0.324098134932843	0.126	0.064	2.49432312359129e-25	LEPROT	c15
1.953491433832e-41	0.324095989760406	0.202	0.105	6.55161957078577e-37	PGM1	c15
6.78281467318107e-07	0.323907543818214	0.025	0.013	0.0227482038509147	AL512625.3	c15
2.14950307694566e-13	0.323735376593706	0.041	0.019	7.20900341946037e-09	LYPLAL1	c15
6.05993696048401e-69	0.323706719511464	0.348	0.182	2.03238165780713e-64	SREBF2	c15
5.30989259020431e-45	0.323531771933567	0.593	0.384	1.78083177690272e-40	MYDGF	c15
1.06391365916063e-36	0.323171405596299	0.246	0.14	3.56815363009291e-32	SQOR	c15
8.48223382271694e-11	0.322973642085015	0.048	0.026	2.84477157946281e-06	RECK	c15
1.87080992852545e-07	0.322800349621649	0.027	0.014	0.00627432233828864	HNRNPA1L2	c15
7.00311013079888e-18	0.322636141384613	0.063	0.031	2.34870307566733e-13	PUS7	c15
9.33287484163089e-108	0.322597781655181	0.998	0.934	3.13005956438617e-103	RPL5	c15
2.58524636048961e-24	0.321948506139435	0.116	0.062	8.67039924381004e-20	PIGA	c15
2.91979538329513e-10	0.321788660889526	0.026	0.011	9.7924097564952e-06	AGER	c15
1.82105766496211e-56	0.321271599910076	0.868	0.659	6.10746319674992e-52	SSR4	c15
1.13080128372982e-17	0.32116558200497	0.068	0.034	3.79248134537306e-13	TCEA2	c15
5.45502990856579e-15	0.320688613947429	0.051	0.025	1.82950793073479e-10	AC006504.5	c15
2.85249194951801e-52	0.320621454783536	0.835	0.633	9.5666875002935e-48	ALDOA	c15
2.12675806014822e-15	0.320572469108485	0.04	0.017	7.13272118212511e-11	CHCHD6	c15
2.50747701554771e-50	0.32051647092734	0.415	0.243	8.40957641474391e-46	DPH3	c15
2.4659898971751e-20	0.320499004632133	0.055	0.024	8.27043691714586e-16	ARHGAP10	c15
2.08083615769394e-39	0.320353656756322	0.231	0.127	6.97870830567394e-35	SLC39A1	c15
2.28028673729074e-46	0.32018735920829	0.884	0.735	7.64762565952569e-42	LMNA	c15
1.50617133639136e-16	0.320176814751436	0.06	0.03	5.05139742798935e-12	MAP3K20	c15
2.09466307998563e-33	0.319785759760316	0.184	0.1	7.0250810376558e-29	ACADM	c15
2.0515145816279e-46	0.319692996375354	0.246	0.132	6.88036960386367e-42	AGPAT5	c15
5.97785703867603e-66	0.319312662058482	0.446	0.253	2.00485369363117e-61	LRMP	c15
6.41566815330438e-58	0.319219347800801	0.257	0.129	2.15168678525522e-53	SLC7A6	c15
2.11476617291829e-48	0.319069324343537	0.447	0.273	7.09250279073335e-44	HLA-DMA	c15
6.31403805564972e-51	0.31815124455084	0.748	0.51	2.1176020831038e-46	NDUFB2	c15
1.949271004767e-30	0.317918085338305	0.143	0.075	6.53746509578755e-26	SLC50A1	c15
3.4336536713159e-13	0.317674551557228	0.038	0.017	1.15157876828593e-08	MTHFD2L	c15
6.33459980001691e-27	0.317409307435729	0.11	0.055	2.12449808092967e-22	IMPDH1	c15
2.00916992393709e-69	0.317181031424681	0.964	0.842	6.73835409090023e-65	EEF1B2	c15
1.40755874977776e-58	0.317131817945284	0.448	0.262	4.72067053500466e-54	LRRFIP2	c15
4.60468181354974e-34	0.316684412692381	0.195	0.108	1.54431818662831e-29	CIAPIN1	c15
1.59379132691241e-23	0.31631632905636	0.093	0.046	5.34525735219883e-19	RIPOR1	c15
3.53255395452834e-113	0.316259449271034	0.998	0.935	1.18474794526971e-108	RACK1	c15
1.17820442484536e-33	0.316167912900075	0.164	0.085	3.95146200004636e-29	TMEM216	c15
1.19423988591496e-55	0.315321660839896	0.516	0.311	4.0052417293816e-51	TIPRL	c15
2.16880523498375e-19	0.315030631456629	0.089	0.047	7.27373899708851e-15	AC073332.1	c15
2.03296690878302e-25	0.314829499427775	0.136	0.074	6.81816441867649e-21	WSB2	c15
2.04348111287188e-42	0.314767264482873	0.259	0.143	6.85342695634971e-38	ITPA	c15
1.10818486172412e-18	0.314669204731651	0.08	0.041	3.71663038925035e-14	GSR	c15
8.59351012270904e-53	0.314442763106471	0.832	0.641	2.88209142495416e-48	ALOX5AP	c15
1.2246975022185e-83	0.313511219424462	0.991	0.91	4.1073904829404e-79	NPM1	c15
2.43169776397864e-99	0.313249656465901	0.996	0.915	8.15542796083156e-95	RPL22	c15
2.00634551636102e-21	0.313212333302582	0.086	0.043	6.7288815927716e-17	PPP2CB	c15
1.51802393084383e-46	0.312902930211545	0.243	0.129	5.09114865926405e-42	SND1	c15
9.63690828064099e-11	0.312603920893737	0.052	0.028	3.23202629916137e-06	CKB	c15
5.71672749709982e-54	0.312405001855077	0.369	0.207	1.91727606797734e-49	DLD	c15
6.30805294951805e-35	0.312109335999073	0.141	0.07	2.11559479820937e-30	ZFY	c15
7.77698972457179e-16	0.311642916739371	0.046	0.021	2.60824681382689e-11	PEAK1	c15
5.3804705793662e-27	0.311633379034954	0.175	0.101	1.80450222290784e-22	CCNG2	c15
1.53763450798437e-53	0.311462842739425	0.336	0.187	5.15691861287798e-49	OTULIN	c15
2.57481967301601e-21	0.311393632707043	0.078	0.038	8.63543021936111e-17	KIF1BP	c15
2.20575579500623e-47	0.311045088809373	0.417	0.251	7.39766378529188e-43	ITGB2	c15
8.57545311289493e-52	0.310828412305372	0.51	0.313	2.8760354650027e-47	BST2	c15
2.37427416696876e-44	0.310823465886282	0.26	0.142	7.96284070117982e-40	POLR2H	c15
1.39706445616942e-23	0.310705173327219	0.082	0.039	4.68547477310099e-19	FARP2	c15
1.22810627186107e-19	0.310387677060657	0.09	0.047	4.11882281456764e-15	DUSP3	c15
3.19571011274147e-08	0.310381282866917	0.043	0.025	0.00107177725761123	MED18	c15
1.92591292773842e-44	0.309596218442206	0.252	0.137	6.45912677704911e-40	C3orf38	c15
3.12228195073504e-23	0.309558214506429	0.137	0.077	1.04715092063752e-18	ANAPC15	c15
3.81639228964234e-48	0.308280458719972	0.251	0.133	1.27994164610025e-43	ZNF281	c15
7.28240074436699e-47	0.308097948857754	0.306	0.171	2.4423715616458e-42	FIBP	c15
1.97585294794585e-07	0.307825559324539	0.028	0.015	0.00662661561682079	CAB39L	c15
1.77152716733988e-21	0.30761249025086	0.096	0.05	5.94134781382448e-17	YBEY	c15
3.79620906528089e-38	0.307550888786374	0.199	0.106	1.2731725963139e-33	GOT2	c15
4.51683114641862e-14	0.307527660389939	0.05	0.024	1.51485482988588e-09	KLHL22	c15
2.1644224369252e-34	0.307478113219055	0.202	0.112	7.25903996895973e-30	AGGF1	c15
1.05118041695617e-43	0.307346790343147	0.303	0.172	3.52544888238762e-39	SRPRB	c15
4.9084722302397e-74	0.307223347004122	0.576	0.335	1.64620341657779e-69	CHD4	c15
5.43762754888597e-25	0.307219580043355	0.112	0.058	1.82367152734538e-20	SLC39A8	c15
4.45973965872426e-21	0.307085195798776	0.113	0.062	1.49570748674294e-16	C1GALT1C1	c15
1.25797378017891e-14	0.306698915846509	0.041	0.018	4.21899246396402e-10	TLDC1	c15
1.09071045959022e-07	0.306666609232812	0.027	0.014	0.00365802473937367	FAM57A	c15
2.64094740685578e-37	0.306132231172466	0.192	0.102	8.85720941311291e-33	SMIM19	c15
2.6420022555567e-13	0.306036496135929	0.035	0.015	8.86074716468605e-09	AC137767.1	c15
2.64891111937364e-47	0.305911860062438	0.637	0.434	8.88391811215531e-43	UCP2	c15
4.81449570030123e-12	0.305664244276088	0.04	0.02	1.61468556796703e-07	TPTEP2-CSNK1E	c15
6.18030803456615e-30	0.305368793831708	0.159	0.086	2.07275170863279e-25	DMAC2	c15
1.72613110643982e-25	0.305352482881414	0.147	0.082	5.78909850477786e-21	NUDT2	c15
3.13055433154496e-46	0.305292419853111	0.317	0.179	1.04992531171355e-41	URM1	c15
1.17289114744596e-46	0.30504636212892	0.375	0.219	3.93364233030428e-42	PGD	c15
9.64275660336304e-32	0.304410218473156	0.147	0.076	3.2339877096359e-27	TATDN1	c15
3.05435676628374e-08	0.304391323974639	0.016	0.006	0.00102437017227624	TMEM88	c15
2.3126806725473e-48	0.304377449558378	0.797	0.584	7.75626843958913e-44	EIF3H	c15
4.81380518590253e-34	0.304340746305927	0.193	0.106	1.61445398324799e-29	C16orf87	c15
1.79732833174763e-21	0.304323355144007	0.098	0.052	6.02787975901518e-17	NAALADL1	c15
9.51422322405507e-49	0.304090887233069	0.26	0.139	3.19088018488359e-44	MAP3K14	c15
9.45330668291422e-45	0.303991609994626	0.35	0.203	3.17044999531577e-40	BRI3	c15
9.17514643191925e-34	0.30381639768251	0.132	0.065	3.07716061033708e-29	HDAC7	c15
2.12104049058614e-25	0.303782471197147	0.148	0.083	7.1135455973278e-21	NABP2	c15
1.72345053804392e-52	0.303781380831332	0.379	0.216	5.78010841449171e-48	HDAC2	c15
3.48921087100386e-46	0.303741826574299	0.815	0.608	1.17021154191727e-41	NDUFA4	c15
2.60940874117018e-49	0.303583270454502	0.323	0.179	8.75143503613656e-45	TIMM50	c15
7.10681792796548e-11	0.30319785526342	0.048	0.025	2.38348459668106e-06	TMEM267	c15
6.51126948026189e-19	0.30318013500766	0.086	0.045	2.18374955829023e-14	RBBP9	c15
1.2644671623763e-47	0.302028430217348	0.61	0.418	4.24076996917764e-43	ID2	c15
6.72767876631143e-51	0.30179242535947	0.238	0.122	2.25632890464553e-46	PABPC4	c15
3.3737926728109e-42	0.301241171034796	0.15	0.071	1.13150258660732e-37	ZC3H7B	c15
5.3563488211809e-42	0.300993570157655	0.273	0.153	1.79641226764765e-37	NUDCD2	c15
2.82712849010373e-22	0.300799422208086	0.066	0.03	9.4816235301099e-18	SARS2	c15
4.5985946863614e-38	0.300644510109737	0.225	0.124	1.54227668591189e-33	ALAS1	c15
9.28818376539032e-48	0.299654503473924	0.775	0.556	3.1150710712366e-43	ILF2	c15
2.94374534816913e-27	0.299607811790906	0.151	0.083	9.87273314868964e-23	TEX30	c15
5.73467867385057e-55	0.299498094458005	0.257	0.131	1.923296533636e-50	TTC7A	c15
2.44600227538738e-47	0.299229341463782	0.689	0.458	8.2034024311942e-43	SF3B5	c15
8.07608323713631e-21	0.29881687409762	0.116	0.065	2.70855679607078e-16	DPH2	c15
3.15259812717938e-51	0.29862160925151	0.724	0.485	1.05731835989342e-46	EIF3D	c15
1.75203054925276e-27	0.298340766447722	0.107	0.053	5.8759600560839e-23	PRMT3	c15
8.30319929992924e-43	0.298001514708658	0.228	0.121	2.78472698121027e-38	YIF1B	c15
1.04950436588748e-23	0.297940943288701	0.075	0.035	3.51982774231342e-19	PBX2	c15
8.16736820378646e-52	0.297914870663694	0.511	0.305	2.7391719481859e-47	UQCRC1	c15
2.08147507487007e-33	0.29759536292908	0.128	0.062	6.98085110609924e-29	AFAP1	c15
1.87229710662973e-12	0.296905858780204	0.036	0.017	6.27931003621479e-08	BOLA3-AS1	c15
4.9309923181476e-14	0.296747676480278	0.059	0.031	1.65375620366034e-09	WDYHV1	c15
6.67360277790453e-39	0.296663166471835	0.195	0.102	2.23819289965362e-34	DCTD	c15
8.77838048256764e-37	0.296611907394713	0.219	0.12	2.94409324624354e-32	VPS25	c15
3.96333047134284e-19	0.296575157137194	0.07	0.034	1.32922177347896e-14	ACOT13	c15
5.52127465963794e-19	0.296137032927383	0.068	0.033	1.85172509534937e-14	GBE1	c15
1.53467452422745e-31	0.295809540133873	0.166	0.091	5.14699141935402e-27	ADAM19	c15
1.22435449168285e-13	0.295723850261938	0.067	0.036	4.10624009420595e-09	NUDT16	c15
3.36312596522118e-24	0.295639339431269	0.177	0.105	1.12792518621588e-19	CPNE2	c15
2.4981237089631e-20	0.295583731247246	0.08	0.04	8.37820729512046e-16	ZNF518B	c15
4.76091186235154e-27	0.295048821882352	0.133	0.07	1.59671462039546e-22	HCCS	c15
4.98004660401523e-50	0.294909743597755	0.683	0.445	1.67020803005463e-45	BSG	c15
1.67138932014158e-47	0.294767642677511	0.306	0.169	5.60550550189082e-43	GLRX3	c15
4.49987247510936e-18	0.294393376254272	0.08	0.042	1.50916723070218e-13	HIGD1A	c15
7.30798412358718e-15	0.294350618588179	0.073	0.04	2.45095171536867e-10	DRAM1	c15
1.597804297803e-44	0.294059842844643	0.308	0.175	5.35871605397171e-40	HTRA2	c15
1.36182330414932e-48	0.293302516364979	0.697	0.479	4.56728299745601e-44	PEBP1	c15
2.06111718840363e-13	0.292923716124294	0.03	0.012	6.91257482646808e-09	PDE8A	c15
5.76959442842015e-37	0.292345478511732	0.263	0.151	1.93500657940355e-32	HSPBP1	c15
7.20926774220421e-20	0.292338500381504	0.105	0.058	2.41784421538045e-15	TXNL4B	c15
7.03618941479283e-15	0.292193357258113	0.036	0.016	2.35979720593322e-10	MCF2L2	c15
4.05407751885321e-34	0.291860528659551	0.205	0.114	1.35965651827299e-29	YIPF6	c15
7.90032790579893e-11	0.291769758452182	0.029	0.013	2.64961197304684e-06	ZYG11B	c15
1.82375503294693e-20	0.291666917843576	0.132	0.076	6.1165096294974e-16	SPSB1	c15
1.26691752820696e-43	0.291561831656784	0.317	0.18	4.24898800610051e-39	LSM6	c15
1.65448177818026e-20	0.291524354668557	0.062	0.029	5.54880098766094e-16	ZNF827	c15
1.67398006011586e-28	0.29121393513362	0.133	0.069	5.61419432561657e-24	TFEB	c15
5.88477453285003e-57	0.29104445774325	0.434	0.244	1.97363568282724e-52	MRPL4	c15
1.73850076830872e-07	0.290891333326629	0.034	0.019	0.00583058387675377	HLF	c15
7.68185835633902e-41	0.290841643700786	0.527	0.342	2.57634165554898e-36	CUTA	c15
2.83395580795119e-37	0.290579175060304	0.242	0.136	9.5045209887067e-33	VMA21	c15
1.38156977890653e-19	0.290519013091862	0.069	0.033	4.63350872449671e-15	SEC14L2	c15
1.99470865134296e-16	0.290438966274658	0.077	0.041	6.68985387487403e-12	ZNF48	c15
7.11420280562512e-50	0.290353564664271	0.362	0.209	2.38596133695055e-45	EZH2	c15
8.69138412300782e-20	0.290153189601142	0.084	0.043	2.91491640717436e-15	AC100810.1	c15
5.21632905816591e-24	0.289819303418331	0.151	0.086	1.74945243952768e-19	TMED1	c15
1.19946964498194e-17	0.289569586940129	0.084	0.045	4.02278129534043e-13	PDHX	c15
8.44357701184084e-29	0.289518750094671	0.175	0.098	2.83180685823118e-24	NUDT1	c15
2.93326834390039e-17	0.289361522536042	0.057	0.027	9.83759537177314e-13	MCRIP2	c15
1.38306585361223e-19	0.289079195744999	0.097	0.052	4.6385262598447e-15	PANX1	c15
1.46906005820262e-34	0.288960067885204	0.244	0.14	4.92693362319996e-30	COA3	c15
4.45311955680925e-17	0.288636316707207	0.1	0.057	1.49348723696269e-12	PITPNA-AS1	c15
8.67327694443448e-46	0.28849162167925	0.784	0.553	2.90884362162443e-41	ATP5MF	c15
4.16103943487868e-46	0.287966430841928	0.677	0.451	1.39552940566961e-41	UQCRQ	c15
1.75909474974264e-18	0.287674270466458	0.093	0.05	5.89965197168685e-14	CCDC58	c15
4.7835080148437e-31	0.287604280614906	0.134	0.068	1.60429291801828e-26	MRRF	c15
6.92263818998833e-10	0.287229360918686	0.046	0.025	2.32171439615829e-05	SEMA7A	c15
8.73397331336536e-11	0.286690489493535	0.039	0.02	2.92919996983648e-06	TXNRD2	c15
3.09651971276601e-43	0.286624850910505	0.616	0.408	1.03851078126746e-38	CALM3	c15
4.57322888970534e-18	0.286596811732585	0.075	0.039	1.53376950502938e-13	GRN	c15
5.6441873302303e-62	0.286562727771045	0.795	0.562	1.89294754681264e-57	NFKB2	c15
5.70550873697113e-44	0.286520460487567	0.313	0.178	1.91351352020538e-39	NBEAL1	c15
1.83819527818693e-48	0.286023868796728	0.878	0.663	6.16493932398331e-44	COX6B1	c15
3.47826455579343e-47	0.285924430892819	0.594	0.385	1.166540366722e-42	TCP1	c15
1.54437930619486e-44	0.285863263776174	0.595	0.382	5.17953931711633e-40	ANAPC11	c15
2.69264404167321e-44	0.285744891686128	0.551	0.354	9.03058958696359e-40	C4orf48	c15
2.87192909921376e-07	0.285392788460319	0.034	0.019	0.0096318758129431	MFGE8	c15
3.95021455865722e-18	0.284905908389039	0.071	0.036	1.32482295868246e-13	SMYD3	c15
2.91262126360727e-31	0.284882633903827	0.165	0.089	9.76834919388606e-27	GFI1	c15
4.3710039304491e-88	0.284719867713008	1	0.952	1.46594729819402e-83	RPS8	c15
2.85219593425855e-12	0.284632263300408	0.047	0.024	9.56569472431634e-08	GDAP1	c15
2.93799069949516e-26	0.284603182428158	0.1	0.049	9.85343320796685e-22	TYW5	c15
7.40788728632547e-49	0.284454665533196	0.488	0.308	2.48445723808784e-44	SMARCA2	c15
9.0308687988121e-07	0.284177777689693	0.022	0.011	0.030287727777456	CHML	c15
6.63249730825639e-38	0.284174955663506	0.443	0.284	2.22440694724303e-33	FKBP4	c15
1.10026062837201e-45	0.28415744195474	0.836	0.622	3.69005409543406e-41	COX8A	c15
1.90323377613422e-41	0.284043761316809	0.918	0.76	6.38306543839894e-37	RPL36A	c15
9.26932448828804e-10	0.284025417406334	0.043	0.023	3.10874604688204e-05	TRMT12	c15
1.96307297448996e-42	0.283825999873494	0.536	0.341	6.58375414184442e-38	FIS1	c15
3.2839676066259e-41	0.283812974288149	0.295	0.168	1.10137705591019e-36	MRPL27	c15
2.74591841210805e-53	0.28353940371212	0.756	0.529	9.20926117052798e-49	TANK	c15
5.47670453581479e-18	0.283100756083857	0.061	0.029	1.83677716722156e-13	MLYCD	c15
8.4374712603986e-08	0.283084194839057	0.028	0.015	0.00282975911131248	N6AMT1	c15
1.58649337085295e-29	0.283047703621441	0.182	0.102	5.32078146716662e-25	TIMMDC1	c15
1.16586498989752e-52	0.283003344187049	0.604	0.383	3.9100780031183e-48	AKIRIN2	c15
2.46545249865265e-45	0.28298203300365	0.521	0.322	8.26863458998126e-41	MRPL52	c15
1.48590724775438e-107	0.282695081697474	1	0.948	4.98343572751864e-103	RPL8	c15
1.88254962746864e-18	0.282586913017908	0.068	0.034	6.31369494060431e-14	KLHL42	c15
1.28948967127227e-21	0.282581571901113	0.061	0.027	4.32469045951295e-17	AACS	c15
2.19564639999934e-24	0.28205684848485	0.736	0.568	7.36375889631778e-20	ANXA5	c15
2.04907334655124e-24	0.281871174335658	0.081	0.038	6.87218218966355e-20	MFSD12	c15
1.61428869802331e-34	0.281565178451124	0.229	0.129	5.41400143543056e-30	SNRNP35	c15
1.15739110219804e-09	0.281254295478617	0.031	0.015	3.88165827855179e-05	CCDC189	c15
1.94518862366235e-62	0.28107459997445	0.424	0.239	6.52377360603878e-58	IL4R	c15
2.45645138393148e-27	0.280626655297329	0.122	0.063	8.23844665142938e-23	SOS2	c15
1.0139264937207e-36	0.279948466530912	0.213	0.116	3.40050667464048e-32	EXOSC4	c15
3.1364491737205e-28	0.279896872377364	0.148	0.08	1.05190232388238e-23	ZNF32	c15
5.67989431564674e-10	0.279780383305635	0.027	0.012	1.9049229555816e-05	HMBS	c15
1.38261870559276e-12	0.279732591922204	0.04	0.019	4.63702661481699e-08	EXTL3	c15
4.24349310666555e-46	0.279091569921455	0.757	0.534	1.42318271811349e-41	ATP5ME	c15
3.74057601152515e-35	0.278855772947756	0.18	0.095	1.25451438274531e-30	FAM207A	c15
1.23724319094314e-36	0.27870624267935	0.434	0.281	4.14946621378511e-32	CCND3	c15
2.18041500732744e-28	0.278541127036646	0.188	0.107	7.31267585157477e-24	ZNF524	c15
3.74380358208002e-13	0.278122594409401	0.048	0.024	1.255596845358e-08	RAB40B	c15
1.26097617986086e-45	0.278092224342038	0.363	0.212	4.22906191201736e-41	ELP5	c15
1.58664701562575e-49	0.277909521924706	0.405	0.236	5.32129676100563e-45	OLA1	c15
4.41355406368288e-47	0.27777637806174	0.337	0.191	1.48021776187796e-42	SYPL1	c15
4.58667821479968e-43	0.27756325119277	0.535	0.338	1.53828013967952e-38	CHMP4B	c15
1.72753659694166e-47	0.27694265777596	0.55	0.342	5.79381223882296e-43	DDOST	c15
2.83449177237043e-23	0.276847765064948	0.118	0.063	9.50631850617593e-19	MRPS28	c15
7.31669777334824e-40	0.276747591636507	0.239	0.131	2.45387409922553e-35	LTA4H	c15
1.02166842415154e-30	0.276740455871338	0.204	0.117	3.42647156091944e-26	AL662899.2	c15
3.81501240635448e-11	0.2765860420384	0.029	0.013	1.27947886084317e-06	FGGY	c15
3.07095676237208e-07	0.276493771695209	0.025	0.013	0.0102993747896435	LDOC1	c15
1.7881049381863e-10	0.276142291620082	0.05	0.027	5.99694634168921e-06	BDH1	c15
5.66724128163734e-30	0.276117514280625	0.192	0.109	1.90067938103553e-25	SMIM4	c15
9.11398497402312e-45	0.276103686661974	0.502	0.308	3.05664828058787e-40	TALDO1	c15
1.26048284904952e-42	0.275687199958591	0.299	0.168	4.22740737914227e-38	MRPS23	c15
1.01385249978552e-25	0.27544113274718	0.157	0.089	3.40025851378067e-21	CTSD	c15
8.84729701552975e-55	0.275042355234737	0.467	0.275	2.96720647306837e-50	DARS	c15
7.98359123693787e-43	0.274997338327089	0.384	0.23	2.67753682904422e-38	EIF2A	c15
4.20609122254887e-41	0.274960853846164	0.453	0.281	1.41063887421844e-36	PSMB7	c15
6.03973944933676e-38	0.274708785249757	0.205	0.11	2.02560781651856e-33	FASTK	c15
1.15168650740914e-41	0.274635457639253	0.337	0.198	3.86252620854877e-37	NBDY	c15
2.15879201820387e-30	0.274520200551156	0.129	0.065	7.24015667065215e-26	PAOX	c15
7.84960034164803e-31	0.274361374686134	0.493	0.331	2.63259896258192e-26	HMGA1	c15
1.25321032582928e-47	0.274062187018142	0.423	0.255	4.20301679076623e-43	USP10	c15
3.82806071954024e-08	0.273920023572824	0.027	0.013	0.0012838550041194	C14orf93	c15
3.88901097484873e-41	0.273442198945916	0.577	0.381	1.30429650074477e-36	ABRACL	c15
2.13031044058833e-24	0.273425144243503	0.118	0.063	7.14463515564513e-20	MLST8	c15
1.07550420886527e-44	0.273410427350811	0.893	0.707	3.60702601569233e-40	EIF3F	c15
1.96741347840091e-39	0.273242317410951	0.225	0.122	6.59831132386098e-35	MPDU1	c15
4.18634168997708e-13	0.273202785723109	0.03	0.012	1.40401527598451e-08	PTPDC1	c15
4.82990167996116e-47	0.272508925550864	0.451	0.273	1.61985242542537e-42	NDUFB1	c15
1.38367139898523e-23	0.272449473322376	0.097	0.049	4.64055713791666e-19	SPATA20	c15
3.6375916290043e-10	0.272349429855	0.047	0.025	1.21997548053546e-05	ROGDI	c15
5.73291397434442e-40	0.272327690739301	0.272	0.154	1.92270468871563e-35	RPIA	c15
9.06740455334458e-08	0.272184258401415	0.021	0.01	0.00304102613910071	MPZL1	c15
1.23467928732229e-39	0.27217816715312	0.229	0.125	4.14086739382151e-35	ERCC1	c15
4.63123182923931e-40	0.272159681490377	0.889	0.7	1.55322253089028e-35	RAP1B	c15
7.6735428176887e-08	0.271986306549461	0.036	0.02	0.00257355279019644	ZFP62	c15
8.48585032500754e-30	0.271933045027592	0.116	0.057	2.84598448200103e-25	RNFT1	c15
8.75851864086311e-49	0.271931737758703	0.595	0.379	2.93743198177267e-44	RTN4	c15
2.0047798580587e-33	0.271857573792344	0.267	0.159	6.72363068795727e-29	HIST1H2BK	c15
2.73113194254919e-47	0.27183688410789	0.353	0.201	9.15967030892146e-43	MRPL32	c15
6.14792961024287e-46	0.27182143386685	0.873	0.672	2.06189263268325e-41	RAC1	c15
1.189672863826e-17	0.271762306140002	0.079	0.042	3.98992485069965e-13	SWI5	c15
1.21827343495414e-08	0.271578228111599	0.025	0.012	0.000408584544614919	SLC19A2	c15
5.08295416531375e-43	0.271392422489733	0.663	0.443	1.70472116796293e-38	CCT4	c15
5.25273307014534e-23	0.271307728820956	0.079	0.038	1.76166161706534e-18	ROCK2	c15
2.03880037299742e-16	0.271246412725036	0.087	0.049	6.83772869095876e-12	MSC-AS1	c15
1.12013989983063e-39	0.271032736710671	0.287	0.164	3.75672519605198e-35	MRPS16	c15
1.03727238391634e-46	0.270933035589473	0.919	0.76	3.47880412117861e-42	COX6A1	c15
1.10188270979914e-15	0.270019060919353	0.069	0.036	3.69549423212435e-11	ACADS	c15
1.6840637519132e-44	0.2698133757279	0.242	0.13	5.64801301116649e-40	RARS	c15
6.45147917198221e-32	0.269646370121812	0.913	0.756	2.16369708469939e-27	IL32	c15
5.13799509297315e-26	0.269285265583821	0.102	0.051	1.72318079428134e-21	TBL1X	c15
6.51058678473204e-20	0.269215926571867	0.101	0.055	2.18352059586343e-15	AKIP1	c15
9.52609646087317e-33	0.268724800175043	0.198	0.11	3.19486223104764e-28	ABRAXAS2	c15
2.91010927694684e-47	0.268401755527665	0.965	0.849	9.7599244930243e-43	YBX1	c15
5.18177873569187e-07	0.268248260371428	0.028	0.015	0.0173786495237634	AC027097.1	c15
1.04929160202611e-40	0.26813873134779	0.286	0.163	3.51911417487517e-36	SLC35B1	c15
2.52210310713524e-14	0.268041785458989	0.047	0.023	8.45862940071016e-10	SCML1	c15
2.38222136226081e-39	0.268022784268809	0.286	0.165	7.98949400475032e-35	MRPL16	c15
5.35591549647048e-44	0.267988808734008	0.372	0.222	1.79626693920627e-39	APLP2	c15
5.50310044842166e-24	0.267882824321091	0.094	0.047	1.84562982839166e-19	TERF2	c15
8.42093779855412e-30	0.267848731596917	0.463	0.325	2.82421411887908e-25	KLRB1	c15
6.42509573905153e-14	0.26770717803386	0.194	0.136	2.1548486089631e-09	TRAV21	c15
1.72342217140437e-38	0.26715603713935	0.226	0.124	5.78001327845597e-34	MEI1	c15
1.14863276458651e-38	0.267103470404972	0.259	0.147	3.85228456587023e-34	YWHAG	c15
5.20174714806729e-44	0.266615263976269	0.645	0.417	1.74456195851881e-39	COPS9	c15
7.21855470716949e-43	0.266549163564861	0.326	0.188	2.4209588776905e-38	TXN2	c15
1.11540185446333e-40	0.266517627452939	0.529	0.334	3.74083473949913e-36	SNRPE	c15
4.03079498053789e-40	0.266373567063046	0.382	0.233	1.3518480205728e-35	PIGT	c15
8.76738832074808e-14	0.266337971340109	0.082	0.047	2.94040669501249e-09	CTNNBIP1	c15
3.37957691605465e-09	0.266156645601634	0.029	0.014	0.000113344250610641	HLCS	c15
2.20052696356593e-77	0.265811573087969	0.997	0.94	7.3801273304074e-73	RPL3	c15
2.78303448126224e-40	0.265760804421652	0.322	0.19	9.33374104325729e-36	KXD1	c15
6.40645817519807e-36	0.265557667812768	0.87	0.708	2.14859794279793e-31	RGCC	c15
4.47555734617813e-61	0.265515238334456	0.451	0.265	1.50101242276122e-56	ANKRD28	c15
1.21331863882146e-14	0.265276286702941	0.052	0.025	4.0692280508794e-10	PPARD	c15
2.17386675680398e-33	0.265170669839842	0.241	0.139	7.2907143289692e-29	BCKDK	c15
1.13308828689357e-46	0.264968956606088	0.407	0.241	3.80015149658366e-42	SAR1A	c15
1.53175427013902e-25	0.264743682915622	0.123	0.065	5.13719747119224e-21	GEMIN6	c15
2.33763303440925e-11	0.264657658474312	0.052	0.028	7.83995367080176e-07	ZNF468	c15
4.69130988902746e-28	0.26457981150762	0.16	0.089	1.57337151058203e-23	KCTD9	c15
1.70490972517723e-27	0.26423998293089	0.167	0.094	5.71792623629939e-23	RFC2	c15
3.3286607548027e-12	0.264120482053356	0.027	0.011	1.11636624394573e-07	AP006621.3	c15
1.35698901460841e-27	0.263691406560373	0.125	0.064	4.55106975719367e-23	PLSCR3	c15
1.56463993179952e-28	0.263623198306114	0.176	0.099	5.24748940326924e-24	MRPS33	c15
1.68322496740228e-10	0.263521277016297	0.047	0.025	5.64519989567376e-06	THBS1	c15
1.99010272165755e-20	0.263282306497485	0.1	0.054	6.6744065078951e-16	GNB1L	c15
3.29051174753111e-39	0.262892015030883	0.711	0.489	1.10357182988698e-34	TWF2	c15
2.70733425668924e-36	0.262701428478489	0.254	0.145	9.07985763008438e-32	UBE2V2	c15
5.93267930239985e-08	0.262537130567387	0.034	0.018	0.00198970198443886	IFT46	c15
7.80539597050114e-11	0.262336754616918	0.054	0.03	2.61777370058667e-06	SLC39A4	c15
6.51406546454087e-40	0.262251929815215	0.537	0.347	2.18468727549772e-35	RPS17	c15
7.38591955646519e-36	0.262208120739189	0.223	0.124	2.47708970084729e-31	ZNF410	c15
2.30371710442977e-39	0.262005781459687	0.664	0.45	7.72620642483658e-35	BRK1	c15
4.91317183659899e-07	0.261802672369804	0.025	0.013	0.0164777957055857	HOMER1	c15
1.72957552488953e-40	0.261777281705369	0.275	0.156	5.8006503953745e-36	CTDNEP1	c15
8.44677696113113e-40	0.261653460099329	0.29	0.166	2.83288005722416e-35	GRINA	c15
1.69634552451467e-29	0.26117289357809	0.123	0.062	5.68920362011731e-25	PYGB	c15
2.14322324685427e-40	0.26094395185856	0.686	0.474	7.18794212529985e-36	CDK2AP2	c15
1.07724252986215e-38	0.260449832669707	0.246	0.138	3.61285599665169e-34	RTCA	c15
2.6438764669194e-08	0.259842312935538	0.015	0.006	0.000886703289475428	FER	c15
2.62393154125949e-28	0.259838851288081	0.146	0.079	8.80014160307609e-24	NCK2	c15
3.26690340254831e-32	0.259471903936482	0.135	0.068	1.09565406314665e-27	PEPD	c15
2.74995676569934e-11	0.25928371031422	0.038	0.018	9.22280500080246e-07	HS6ST1	c15
1.40703633133585e-06	0.259153060131665	0.021	0.011	0.0471891844803418	PTPRF	c15
2.00555009479394e-38	0.259057961450941	0.258	0.146	6.72621390791992e-34	RTL8C	c15
2.1519835305928e-87	0.258788533571519	0.998	0.949	7.21732236490215e-83	RPL6	c15
3.22757235854959e-48	0.258785210785406	0.563	0.359	1.08246321761036e-43	HIF1A	c15
7.00383939368809e-40	0.258766405253375	0.287	0.164	2.34894765585511e-35	NDUFB5	c15
9.04509256058692e-23	0.258730968307842	0.108	0.057	3.03354314296964e-18	ACP2	c15
1.80736765875942e-44	0.258509872484445	0.602	0.389	6.06154965394734e-40	ARL6IP4	c15
1.15535410420331e-30	0.258485145009249	0.131	0.067	3.87482659467706e-26	DHRSX	c15
5.0790178838224e-25	0.258439656801257	0.153	0.086	1.70340101787636e-20	PAK1IP1	c15
2.27643854321211e-38	0.258439476508063	0.538	0.357	7.63471958622477e-34	NAMPT	c15
4.97113669130159e-33	0.258050073335354	0.156	0.081	1.66721982352873e-28	PANK3	c15
6.80957374259501e-35	0.257744203728882	0.325	0.2	2.28379484179151e-30	TICAM1	c15
5.93056764183044e-16	0.257629839503378	0.082	0.045	1.98899377571709e-11	TAX1BP3	c15
4.94100409947047e-18	0.257624183898214	0.082	0.043	1.65711395488041e-13	PLCL2	c15
4.62622716505487e-45	0.257515765535746	0.428	0.256	1.5515440666161e-40	CAMTA1	c15
3.65029703382683e-10	0.257391397754458	0.034	0.017	1.22423661920484e-05	PHC1	c15
4.37194324853225e-28	0.257145402460219	0.16	0.088	1.46626232669275e-23	HNRNPA1P48	c15
2.09213157321671e-41	0.256993097313815	0.357	0.213	7.01659087025421e-37	EIF2S3	c15
2.5000442702091e-22	0.256789935549563	0.102	0.053	8.38464847342727e-18	ARFIP1	c15
5.54351879664301e-18	0.256769840454677	0.095	0.052	1.85918533401813e-13	B4GALT4	c15
2.14530962406561e-24	0.256481886360971	0.126	0.068	7.19493941719125e-20	NDUFAF2	c15
6.60679947405964e-43	0.256468414174993	0.421	0.255	2.21578840761012e-38	NCOA4	c15
2.1997213192201e-30	0.256389363412925	0.173	0.095	7.37742536040036e-26	MRPS9	c15
7.19501443937282e-26	0.256269735441328	0.193	0.114	2.41306394267686e-21	DECR1	c15
1.53463786631437e-44	0.25624707331822	0.369	0.215	5.14686847604514e-40	SDHC	c15
1.93136138750714e-19	0.256231081380359	0.098	0.053	6.47739982142146e-15	CYREN	c15
4.07624175451077e-35	0.256217134879756	0.513	0.338	1.36708995962782e-30	NDUFB6	c15
3.91106414315908e-32	0.255985880182985	0.164	0.087	1.31169269233269e-27	CDK7	c15
2.02858130267783e-31	0.255962494018674	0.185	0.102	6.8034559729209e-27	SLC25A33	c15
2.58544996536105e-42	0.2559492654	0.485	0.302	8.6710820938279e-38	IAH1	c15
9.92792170627482e-22	0.255907358791387	0.102	0.054	3.32962638185045e-17	SPAG1	c15
3.21028682662288e-45	0.255869118817885	0.754	0.536	1.07666599591278e-40	APBB1IP	c15
5.65509300248165e-41	0.255851856998625	0.414	0.254	1.8966050911723e-36	SELENOH	c15
2.37323179109307e-33	0.255827407587642	0.341	0.212	7.95934478096794e-29	C17orf49	c15
2.37896453932319e-51	0.255760802577838	0.592	0.368	7.97857127198212e-47	MRPS21	c15
2.5866559384499e-08	0.255406220932541	0.026	0.013	0.000867512668637326	FIZ1	c15
2.69717322090937e-37	0.254622852987029	0.318	0.189	9.04577954828584e-33	IKBIP	c15
2.4592722127745e-37	0.254532192438282	0.245	0.138	8.24790714720313e-33	PRKAG1	c15
4.98667541626617e-16	0.254474569277737	0.06	0.03	1.67243120110735e-11	TMEM64	c15
5.58084903228007e-23	0.254332041924939	0.132	0.073	1.87170514844609e-18	UROS	c15
1.37357026163825e-42	0.25428848064042	0.307	0.174	4.60667994348235e-38	MRPL37	c15
4.58463753378284e-44	0.254227510154817	0.507	0.317	1.53759573608009e-39	AHSA1	c15
3.10004335187791e-37	0.253969852091162	0.32	0.196	1.03969253935281e-32	IRF4	c15
1.58519199772951e-37	0.253653343643815	0.143	0.069	5.31641692198524e-33	ANO6	c15
6.43238684516691e-25	0.253090349768614	0.139	0.076	2.15729390013208e-20	EBPL	c15
7.85691680143889e-41	0.252845766474397	0.562	0.359	2.63505275686657e-36	GTF2A2	c15
9.64989061100821e-31	0.252442785005558	0.22	0.127	3.23638031311993e-26	AP1S2	c15
1.72421340137042e-31	0.252125039585062	0.199	0.112	5.78266690551612e-27	NOA1	c15
7.73308066604668e-09	0.251922516026163	0.034	0.018	0.000259352059377874	ALCAM	c15
8.39240930333118e-42	0.251760128868896	0.381	0.229	2.81464623215121e-37	CCNG1	c15
4.79821986460179e-43	0.251611633341603	0.795	0.562	1.60922697819015e-38	ST13	c15
7.19547771264705e-40	0.25133714782831	0.341	0.202	2.41321931526757e-35	M6PR	c15
1.04033577803414e-27	0.251303605546559	0.172	0.097	3.48907813237089e-23	CINP	c15
4.7551370109266e-08	0.251299422482719	0.046	0.027	0.00159477785072456	NAGA	c15
6.85135493267951e-43	0.251207284106571	0.484	0.3	2.29780741732205e-38	TXNL4A	c15
2.83063602710377e-11	0.251090470972547	0.051	0.027	9.49338710770063e-07	NDUFA7	c15
2.63482734660446e-39	0.250915502299644	0.24	0.132	8.83668395504205e-35	RNASEH1	c15
4.38412960517072e-32	0.250815853267814	0.159	0.084	1.47034938698216e-27	DPP3	c15
3.620277849774e-25	0.250729706225732	0.104	0.053	1.2141687852572e-20	ABHD2	c15
1.47790919177509e-40	0.250685422443693	0.259	0.144	4.95661184737529e-36	NUP62	c15
1.72987730661204e-14	0.250675548511735	0.074	0.041	5.80166251091547e-10	HIST1H2BJ	c15
6.72620793228315e-39	0.250466126484106	0.466	0.293	2.25583561632912e-34	IGBP1	c15
7.98871950740828e-11	0.250394015209698	0.025	0.011	2.67925674839459e-06	IMMP2L	c15
1.85137479704217e-36	0.250045302929998	0.459	0.294	6.20914079432003e-32	COX7A2L	c15
4.27712897629069e-24	0.249908086471021	0.124	0.067	1.43446351606837e-19	SRF	c15
1.83998160825981e-11	0.24982711239028	0.049	0.026	6.17093031778176e-07	FKBP1B	c15
1.11710984974777e-27	0.249638937156394	0.151	0.082	3.74656301408407e-23	TMCO3	c15
7.24154543612929e-22	0.249415823155301	0.102	0.054	2.42866950836904e-17	COMMD4	c15
9.55333029586615e-07	0.249244359228891	0.026	0.014	0.0320399591462759	S1PR2	c15
6.72582191103247e-13	0.249242569343799	0.069	0.039	2.25570615252207e-08	TIMM8A	c15
2.94665858843045e-16	0.249069048524716	0.067	0.035	9.88250357387803e-12	TRMT1L	c15
5.5883509523192e-10	0.249043904210239	0.045	0.024	1.87422114238881e-05	CHAF1B	c15
5.92842880539455e-86	0.248420095352831	1	0.944	1.98827645275323e-81	RPS4X	c15
7.78794706245555e-28	0.248284639029167	0.141	0.075	2.61192168580634e-23	PITPNA	c15
4.67986782126542e-39	0.248143094378226	0.318	0.186	1.569534069896e-34	LAMTOR2	c15
1.13961169634105e-20	0.248008023224208	0.13	0.075	3.8220297071886e-16	ACYP1	c15
4.52869751970668e-39	0.24798142862637	0.537	0.348	1.51883457415923e-34	PSMA3	c15
1.11897012101868e-35	0.24794362363265	0.848	0.658	3.75280199187246e-31	ATP5MC3	c15
2.26940478601647e-15	0.247940289856399	0.062	0.032	7.61112977134204e-11	PEX10	c15
1.25142072991113e-26	0.247710767624561	0.175	0.1	4.19701484397596e-22	MRPL40	c15
1.35510508481346e-44	0.247365041413052	0.371	0.218	4.54475143344739e-40	GTPBP4	c15
7.82053181301328e-37	0.247121764150362	0.824	0.622	2.62284995944839e-32	NDUFB11	c15
8.17882041394313e-39	0.247002397717206	0.805	0.596	2.74301279042825e-34	BZW1	c15
4.22972883138232e-32	0.246701594374881	0.717	0.512	1.418566455469e-27	PSMB3	c15
2.06760363925626e-09	0.245943117674402	0.048	0.027	6.93432908533765e-05	EMG1	c15
2.03968791755153e-07	0.245650958878508	0.026	0.013	0.00684070533788434	ZNF2	c15
1.59196381219073e-36	0.245374622804333	0.668	0.454	5.33912823332527e-32	PRDX5	c15
6.47389102908306e-10	0.245323590841427	0.039	0.02	2.17121357333388e-05	PSKH1	c15
5.3610957339097e-41	0.245306354425813	0.33	0.192	1.79800428723863e-36	FAAP20	c15
3.13357490715484e-49	0.245300137758583	0.297	0.164	1.05093835236159e-44	RUNX2	c15
1.26849990692955e-07	0.245279182966732	0.033	0.018	0.00425429498786033	TEX2	c15
1.95294972277074e-43	0.245233285815285	0.282	0.157	6.54980278022851e-39	DNAJC21	c15
1.9216477031176e-30	0.245164045718192	0.177	0.098	6.44482206671581e-26	P4HA1	c15
1.7606716140538e-12	0.244938569818246	0.048	0.024	5.90494045921364e-08	B3GNT5	c15
7.33262886844305e-34	0.244891281648901	0.135	0.067	2.45921706989843e-29	DENND3	c15
2.04646679546102e-16	0.244685770462771	0.07	0.037	6.86344033861716e-12	FAM214B	c15
3.99917687677806e-38	0.244666542545385	0.391	0.239	1.34124394093383e-33	STMP1	c15
1.00085879211607e-60	0.244393813608392	0.992	0.903	3.35668021699889e-56	BTF3	c15
1.36222284577757e-40	0.244318581060292	0.405	0.245	4.5686229801688e-36	A1BG	c15
2.15764231237777e-41	0.244217061387381	0.566	0.36	7.23630078725255e-37	NDUFA2	c15
6.10128041808078e-37	0.243964319807268	0.348	0.209	2.04624742661593e-32	MRPS18B	c15
1.8414251621641e-26	0.243882155177553	0.155	0.086	6.17577170886596e-22	FLOT1	c15
4.18902224111271e-37	0.243875853978546	0.78	0.554	1.40491427922438e-32	UQCR11	c15
5.14962630764003e-30	0.243781909784528	0.198	0.112	1.72708167105631e-25	TRMT6	c15
2.79405305730883e-43	0.243743142102411	0.327	0.187	9.37069514360236e-39	FARSA	c15
1.34235614993906e-48	0.243409104201561	0.45	0.267	4.50199405566562e-44	STX5	c15
1.10474034824611e-20	0.243110836212259	0.189	0.118	3.70507817994782e-16	ZNF683	c15
2.36634404949942e-57	0.242987017114385	0.996	0.95	7.93624467321116e-53	VIM	c15
1.19538684446824e-08	0.242493308259358	0.043	0.024	0.000400908839897758	ABCB10	c15
4.07653497157836e-36	0.242001733957852	0.255	0.145	1.36718829876795e-31	MTX1	c15
9.42668220619643e-39	0.241978777938502	0.443	0.277	3.16152067831416e-34	GOLT1B	c15
2.14470829964692e-28	0.241968177174394	0.158	0.087	7.19292269535585e-24	REPS1	c15
1.27158249276073e-40	0.241858431473834	0.777	0.546	4.26463336422093e-36	PSMD8	c15
6.35264221876455e-36	0.24184662575837	0.277	0.164	2.13054914732925e-31	VSIR	c15
1.94692199857119e-47	0.241806100315661	0.385	0.222	6.52958699880805e-43	PSMD3	c15
3.5799718527133e-42	0.241755097862892	0.47	0.289	1.20065095996299e-37	DHRS7	c15
6.52621269824015e-29	0.241670830490491	0.162	0.089	2.18876121473578e-24	YARS2	c15
1.05348268730365e-10	0.241551941436841	0.054	0.03	3.53317023667897e-06	SPHK1	c15
2.34842584197711e-46	0.241424601799605	0.632	0.41	7.87615058882282e-42	RIC8A	c15
5.65841448707126e-41	0.241000583701431	0.261	0.147	1.89771905067396e-36	CREB1	c15
2.29948249330727e-13	0.240755480381257	0.064	0.035	7.71200438605393e-09	SEPHS1	c15
1.83334802909744e-23	0.240753382872161	0.117	0.062	6.14868261998701e-19	RNF141	c15
3.23345196490494e-40	0.240417170410297	0.318	0.186	1.08443511998982e-35	SNF8	c15
5.11812839631633e-17	0.240388915020403	0.07	0.036	1.71651790155657e-12	SUFU	c15
1.41512607919081e-30	0.240367228399923	0.167	0.091	4.74604984439014e-26	FAM192A	c15
4.72203741810612e-14	0.240315283338769	0.065	0.035	1.58367690928443e-09	CASP6	c15
1.18637168778965e-08	0.240040776289756	0.057	0.035	0.000397885336650894	HAUS8	c15
2.75590231779668e-16	0.240019690421607	0.092	0.052	9.24274519342652e-12	C11orf1	c15
1.17213464374172e-13	0.239671438693811	0.048	0.024	3.93110516818099e-09	NCS1	c15
6.4792555986025e-44	0.239630381190104	0.787	0.56	2.17301274265931e-39	FAM107B	c15
8.33294420544993e-37	0.239202006157982	0.519	0.333	2.7947028276238e-32	SLIRP	c15
3.49462420933592e-67	0.239006392341057	0.998	0.934	1.17202706732708e-62	RPS9	c15
1.92214352449327e-43	0.238905217998755	0.426	0.259	6.44648495244552e-39	ARL8B	c15
1.12261158698656e-52	0.238702880379081	0.836	0.614	3.76501474043552e-48	STAT3	c15
2.69134563554972e-43	0.238619074446688	0.491	0.306	9.02623499250665e-39	TUBA1C	c15
1.16610663838757e-41	0.23854756177204	0.184	0.094	3.91088844382422e-37	ITGAV	c15
7.00754982484335e-49	0.238386616731762	0.309	0.172	2.35019206025596e-44	MAP3K8	c15
1.67786246027467e-43	0.238091658487082	0.157	0.075	5.62721511926917e-39	PLEKHG2	c15
2.92036900194767e-42	0.238084495812287	0.544	0.346	9.7943335587321e-38	ELOVL1	c15
5.82955080206606e-40	0.238082660906179	0.629	0.412	1.95511474799692e-35	CCT8	c15
2.3182357910724e-37	0.238037403464401	0.702	0.484	7.77489919609861e-33	RAB7A	c15
1.60503880537115e-36	0.237951590254196	0.67	0.453	5.38297914545377e-32	UBE2N	c15
4.29805800341269e-46	0.237949740488312	0.34	0.193	1.44148269318455e-41	SCYL1	c15
5.81142374708844e-39	0.237933307092525	0.7	0.478	1.94903529629852e-34	CCT6A	c15
5.50544534455323e-42	0.237859186799126	0.403	0.246	1.84641625965626e-37	CPNE1	c15
1.06106761297466e-36	0.237022614709817	0.213	0.118	3.55860856039443e-32	CEP85L	c15
4.21210740209047e-56	0.23664425995094	0.993	0.904	1.4126565805131e-51	RPL27	c15
4.91139105454437e-36	0.236453052056938	0.263	0.152	1.64718233187309e-31	SINHCAF	c15
1.01055997302874e-18	0.236272995654701	0.065	0.032	3.3892160375438e-14	TTL	c15
1.01819766952817e-23	0.236109885970886	0.142	0.08	3.41483134406359e-19	UBA5	c15
1.33072520760345e-28	0.236106747898735	0.338	0.219	4.46298620126045e-24	PPIF	c15
6.33322430646741e-36	0.236105037095218	0.534	0.35	2.12403676790304e-31	DAD1	c15
2.51887259394344e-28	0.235614417542926	0.181	0.102	8.4477949055675e-24	UNC50	c15
1.27781712172214e-16	0.235430974999248	0.07	0.037	4.28554306283172e-12	PGAP2	c15
3.53127552718376e-50	0.235266031806021	0.995	0.916	1.18431918630689e-45	HNRNPA1	c15
2.59384089759658e-33	0.234976610795197	0.818	0.626	8.6992236023594e-29	GNG5	c15
5.79585216386195e-33	0.234900115534448	0.363	0.227	1.94381289871602e-28	C19orf24	c15
9.85548621402797e-45	0.234679288355771	0.46	0.276	3.3053329664607e-40	MRPS15	c15
8.73492691069075e-41	0.234637193576409	0.699	0.474	2.92951978730746e-36	CCT3	c15
3.03684634836384e-36	0.234527346048216	0.525	0.338	1.01849752831426e-31	SMIM12	c15
6.54006143264318e-33	0.234518246404807	0.142	0.072	2.19340580327987e-28	WDFY2	c15
1.46961829342878e-21	0.234419137567888	0.147	0.086	4.92880583250145e-17	PYM1	c15
6.27061201241202e-39	0.234320778455644	0.188	0.098	2.10303785672274e-34	NFATC1	c15
1.02531300342805e-48	0.234221661142859	0.305	0.169	3.43869475089699e-44	RPS6KA3	c15
2.19436959614314e-20	0.234185269762234	0.085	0.043	7.35947675154487e-16	HECTD2	c15
3.11441807713979e-14	0.233848984635909	0.065	0.035	1.04451353471114e-09	HOTAIRM1	c15
3.32723208592586e-41	0.233693596864276	0.458	0.284	1.11588709697781e-36	C19orf70	c15
1.18889467224055e-41	0.23354540856097	0.343	0.202	3.98731495176036e-37	NAA60	c15
1.55569560676828e-11	0.233332602101388	0.047	0.025	5.21749192597945e-07	SLC36A1	c15
2.35361074043698e-22	0.233227145522892	0.105	0.056	7.89353970127754e-18	AMIGO2	c15
1.58764566991982e-18	0.2326897099454	0.103	0.058	5.32464604777711e-14	AIFM1	c15
1.01706053608819e-13	0.232643612286134	0.084	0.049	3.41101762593258e-09	MKKS	c15
7.56904834433358e-80	0.232348931863041	1	0.952	2.5385074337226e-75	RPL18A	c15
2.01085101224575e-13	0.2323062490962	0.051	0.026	6.74399212486979e-09	MICALL1	c15
7.04812972208773e-39	0.232235581497902	0.287	0.166	2.36380174619378e-34	ELOA	c15
2.13948998837245e-40	0.232047174966858	0.295	0.168	7.17542152300352e-36	IDH3G	c15
9.08829986693666e-30	0.231829870653406	0.191	0.108	3.04803400937322e-25	C1orf122	c15
2.2167031549708e-38	0.231674140466347	0.398	0.243	7.43437904114106e-34	CYB5A	c15
4.11856983428688e-17	0.231632760131335	0.102	0.058	1.38128595102313e-12	BOLA2B	c15
4.90864393245562e-26	0.23060924539013	0.202	0.121	1.64626100206697e-21	RAB4A	c15
2.85606798574169e-30	0.230416395399326	0.183	0.102	9.5786808105805e-26	RCC1	c15
1.19500262178193e-31	0.230102983644809	0.294	0.181	4.00779979293224e-27	H1FX	c15
1.7626066832836e-07	0.229953087768343	0.034	0.019	0.00591143029439654	NETO2	c15
9.70988169911175e-40	0.229752953392649	0.411	0.249	3.2565001242481e-35	MRPS12	c15
2.533516884629e-25	0.229542079840604	0.162	0.092	8.49690892766872e-21	THAP3	c15
9.79311867900967e-23	0.229388965032238	0.092	0.046	3.28441614256626e-18	SLC39A13	c15
8.54052141255289e-47	0.229050553659532	0.284	0.156	2.86432007134199e-42	FLII	c15
7.2288902900572e-40	0.228967708982526	0.666	0.444	2.42442522547938e-35	TOMM5	c15
2.93302951598688e-09	0.22892599089673	0.048	0.027	9.83679439071678e-05	TMEM186	c15
3.35114078415997e-34	0.228471653272304	0.655	0.453	1.12390559619157e-29	ARF6	c15
4.62936303328182e-15	0.228335063236893	0.069	0.037	1.55259577410206e-10	CCDC184	c15
2.29698093610387e-52	0.228171226790466	0.287	0.153	7.70361466350514e-48	CASZ1	c15
7.85971668714098e-35	0.228032161139379	0.788	0.578	2.63599178253334e-30	POMP	c15
4.88248362366564e-38	0.227734693682173	0.468	0.293	1.63748735770498e-33	SPAG7	c15
4.19601278685756e-38	0.227493285202612	0.293	0.17	1.40725876845629e-33	POLDIP2	c15
7.15409138524982e-19	0.227430069655886	0.13	0.076	2.39933916878509e-14	MOSPD3	c15
5.74671948673194e-39	0.227330349173939	0.337	0.201	1.92733478146016e-34	NUCB1	c15
2.96097319568492e-42	0.227288001754272	0.231	0.124	9.93051190368808e-38	RASGEF1B	c15
2.20445442189449e-56	0.227043867552799	0.997	0.936	7.39329924014976e-52	RPL37A	c15
5.74231595507868e-31	0.227033066693579	0.839	0.653	1.92585792501429e-26	COX5B	c15
3.4230094417816e-37	0.226819364627331	0.568	0.367	1.14800890658471e-32	TXNDC17	c15
2.42039237512122e-21	0.22654996623188	0.119	0.066	8.11751194768156e-17	ZMAT5	c15
3.12522395352575e-38	0.226546452181132	0.816	0.599	1.04813760953346e-33	MSN	c15
4.18302017617706e-23	0.226542399259499	0.129	0.071	1.40290130668626e-18	PRAF2	c15
6.69239227810349e-24	0.226437829427023	0.152	0.087	2.24449452223035e-19	CTBS	c15
7.39786134288368e-39	0.226418085767218	0.432	0.268	2.48109473717633e-34	ELAVL1	c15
8.35646883835769e-37	0.226409490499203	0.498	0.322	2.8025925190084e-32	ICAM3	c15
1.93895064584004e-39	0.226326790438142	0.882	0.682	6.50285267601832e-35	HMGN1	c15
2.33613873186003e-44	0.226302283345295	0.546	0.347	7.83494207891217e-40	PPP4R2	c15
3.0123723233194e-26	0.226071742703081	0.197	0.116	1.01028942979486e-21	DESI1	c15
6.75123717373697e-15	0.226067584183918	0.081	0.045	2.2642299233279e-10	RNF19B	c15
6.31075392062675e-44	0.225658262417462	0.421	0.252	2.1165006498998e-39	H2AFY	c15
1.48713410378846e-34	0.225608237317699	0.24	0.137	4.98755035728572e-30	MRPS18A	c15
9.06467706931836e-37	0.225370300284076	0.34	0.205	3.04011139550799e-32	RCAN3	c15
1.55233666677084e-14	0.225324895099086	0.066	0.035	5.20622671301604e-10	ZNF668	c15
1.43927280028104e-63	0.225265991335225	0.389	0.212	4.82703311758255e-59	ACADVL	c15
3.00219564032117e-09	0.225205959891503	0.025	0.012	0.000100687637385091	GPD2	c15
5.48283693288573e-44	0.225163210557818	0.252	0.138	1.83883385055122e-39	DLEU2	c15
7.16842239608275e-08	0.225099459511791	0.032	0.017	0.00240414550319823	LINC01184	c15
1.70585099019737e-35	0.224938620009904	0.199	0.108	5.72108305092393e-31	TRAF7	c15
1.95447254139157e-36	0.224643742489577	0.24	0.136	6.55491000931906e-32	BORCS5	c15
9.56793246474915e-36	0.224342172347283	0.295	0.174	3.20889319002757e-31	CHTF8	c15
3.96924217827679e-17	0.224081832986236	0.049	0.022	1.33120444175047e-12	CLPB	c15
7.38217248132744e-32	0.223981814200898	0.836	0.649	2.4758330067876e-27	CD52	c15
2.43705518840305e-27	0.223954753007755	0.154	0.084	8.17339569086615e-23	PRCP	c15
3.43319762681249e-23	0.223743744289246	0.1	0.052	1.15142582008037e-18	PURB	c15
1.58895107343855e-12	0.223739689622364	0.078	0.046	5.32902411009823e-08	HSCB	c15
1.42811626735335e-11	0.223589488508678	0.061	0.034	4.78961633744967e-07	UBOX5	c15
2.91740606265827e-40	0.223310042465944	0.369	0.22	9.78439645294331e-36	NRAS	c15
2.44523139841432e-34	0.223253520982297	0.591	0.397	8.20081706400193e-30	TMED10	c15
5.41421985534631e-37	0.223192585358176	0.468	0.296	1.81582105508605e-32	EIF2S1	c15
1.25580325899319e-20	0.223102945725745	0.12	0.068	4.21171297001136e-16	FLYWCH2	c15
1.41917363033578e-33	0.222949626966047	0.837	0.657	4.75962452142013e-29	SLC25A5	c15
2.89210149970979e-17	0.222920371214075	0.087	0.047	9.69953000972668e-13	LRRC61	c15
5.92481888957004e-32	0.222887293872172	0.685	0.478	1.987065759184e-27	TMEM258	c15
2.95373780002902e-36	0.22287222817019	0.7	0.484	9.90624583373732e-32	EIF3M	c15
8.30590512942013e-43	0.222645416544973	0.321	0.184	2.78563446230492e-38	DALRD3	c15
1.35051746580165e-37	0.222518379657784	0.207	0.112	4.52936547680557e-33	JARID2	c15
1.4007446292897e-16	0.222497193260086	0.077	0.041	4.69781733771179e-12	ADCY3	c15
3.53580579363165e-35	0.222480875549021	0.343	0.208	1.18583854706818e-30	TMEM147	c15
4.81129793172836e-09	0.222208324833126	0.036	0.019	0.000161361310034306	UBTD2	c15
5.21231805411454e-42	0.222191472289945	0.969	0.838	1.74810722898893e-37	S100A6	c15
3.15156876910637e-36	0.222039859919461	0.71	0.489	1.0569731337829e-31	MEAF6	c15
4.48358835665996e-30	0.221862049000696	0.191	0.107	1.50370586305662e-25	GEMIN7	c15
2.18500613662229e-37	0.221517252945701	0.247	0.139	7.32807358100382e-33	CAPN1	c15
4.25484488635391e-36	0.221426426577435	0.332	0.199	1.42698987798537e-31	AK6	c15
1.13302443153329e-10	0.221267423987352	0.066	0.039	3.79993733847635e-06	FECH	c15
2.79771933537333e-07	0.221140283118306	0.043	0.026	0.00938299110697508	ZNF85	c15
1.97302110702334e-34	0.221068085883641	0.504	0.327	6.61711818873487e-30	SH3BGRL	c15
8.09276845553598e-21	0.221045711340651	0.097	0.051	2.71415268461766e-16	PMS2	c15
5.9345240497052e-34	0.220762421131302	0.275	0.163	1.99032067579013e-29	TNPO1	c15
1.32927676740126e-28	0.22069057802362	0.231	0.137	4.45812842251033e-24	BOLA3	c15
1.06540991063341e-85	0.220238672779806	1	0.955	3.57317175828232e-81	RPL32	c15
3.99638916555561e-07	0.219912188452994	0.034	0.019	0.0134030899834404	NUP50-DT	c15
1.25111745577774e-19	0.219863209856083	0.094	0.05	4.1959977231874e-15	DNAL1	c15
8.7330173996109e-36	0.21969597972115	0.227	0.127	2.9288793754815e-31	CENPX	c15
4.75826896222213e-11	0.219641913787011	0.044	0.023	1.59582824455006e-06	IQCE	c15
5.50970261589824e-23	0.219328297780264	0.118	0.064	1.84784406331995e-18	NPTN	c15
1.94052133542852e-46	0.219246134837714	0.296	0.165	6.50812045476017e-42	HIVEP1	c15
1.95510809013386e-33	0.219134096756843	0.294	0.176	6.55704151269094e-29	MRPL13	c15
4.6471138274818e-21	0.218896889705932	0.14	0.081	1.55854903546085e-16	COPS7A	c15
1.64549047298442e-09	0.218834494181739	0.044	0.024	5.51864594829516e-05	ARV1	c15
1.37798648641282e-24	0.218340960219946	0.717	0.534	4.62149107813131e-20	HCST	c15
3.88278042672842e-31	0.218282666097017	0.169	0.091	1.30220689951618e-26	LTBP3	c15
1.03442454674606e-26	0.218092063733901	0.61	0.439	3.46925304487693e-22	RPL22L1	c15
1.42123713565147e-35	0.218008306286935	0.254	0.145	4.76654510554789e-31	ATL3	c15
5.40789443366893e-28	0.218000387253804	0.489	0.342	1.81369963516389e-23	IQGAP2	c15
2.4979333552772e-13	0.217451455703143	0.058	0.03	8.37756888692868e-09	CNIH2	c15
5.2805591485913e-24	0.217377660836903	0.147	0.083	1.77099392725455e-19	TMEM14A	c15
1.72768417556778e-16	0.217318301862585	0.085	0.047	5.79430718801924e-12	CCDC86	c15
1.17119131841358e-35	0.217120978055092	0.389	0.241	3.92794144369545e-31	CLNS1A	c15
9.62759128888258e-35	0.216854478496628	0.302	0.181	3.22890156646544e-30	PEA15	c15
1.41156989272326e-42	0.216446421133021	0.548	0.349	4.73412310621526e-38	STIP1	c15
3.05866004917707e-28	0.216278371969029	0.139	0.073	1.02581340729301e-23	MRM2	c15
3.68108194455402e-34	0.215870317277301	0.771	0.553	1.23456126256453e-29	LAMTOR5	c15
3.59724959814469e-31	0.215732252284441	0.109	0.051	1.20644557022576e-26	MAPKAP1	c15
8.4337579254245e-29	0.215558708730241	0.171	0.095	2.82851373302887e-24	COASY	c15
4.32886675894433e-33	0.215334019605971	0.689	0.468	1.45181533361475e-28	NDUFAB1	c15
8.11882664433603e-37	0.215261604061564	0.485	0.307	2.72289207997742e-32	KDELR1	c15
2.11262440214359e-23	0.215243115730416	0.101	0.052	7.08531971990918e-19	GRAMD4	c15
2.8562195253579e-35	0.215179326518586	0.62	0.419	9.57918904414531e-31	YWHAE	c15
3.84973653039425e-38	0.215048291174696	0.483	0.305	1.29112463756362e-33	PSMC1	c15
2.17941364945212e-27	0.215000177751696	0.213	0.126	7.30931749753251e-23	SMIM15	c15
3.49800445631405e-34	0.214897991574732	0.55	0.358	1.17316073455861e-29	TOMM22	c15
7.20983132251276e-32	0.214843749422968	0.563	0.384	2.41803322894433e-27	ANP32A	c15
4.16090895692155e-26	0.214602885660241	0.19	0.112	1.39548564597235e-21	TXLNA	c15
7.30750796109504e-16	0.214557931314906	0.082	0.045	2.45079201999205e-11	NHLRC3	c15
1.17204345277884e-36	0.214394636830726	0.956	0.809	3.93079933192967e-32	HINT1	c15
7.28336807503119e-17	0.214350382550442	0.079	0.042	2.44269598500396e-12	HADH	c15
3.48726607316358e-27	0.214341877500739	0.124	0.064	1.1695592956176e-22	CHD1L	c15
6.2168676673628e-36	0.214331774333176	0.384	0.236	2.08501307828013e-31	CISD2	c15
3.42244595961906e-07	0.21419632324313	0.038	0.022	0.0114781992593704	ERICH6-AS1	c15
2.91369051084772e-33	0.213994588153038	0.852	0.653	9.77193523528108e-29	POLR2L	c15
1.93538808625208e-10	0.213945483289264	0.045	0.024	6.49090456367221e-06	TRUB1	c15
3.47763925061395e-39	0.213777898165823	0.711	0.488	1.16633065187091e-34	TUFM	c15
4.04472176689578e-23	0.213716049047023	0.096	0.049	1.35651878618151e-18	DNAJC11	c15
8.99568248673492e-32	0.213526200940151	0.289	0.175	3.01697199240116e-27	TMEM219	c15
6.33073992310145e-39	0.213511631620436	0.421	0.26	2.12320355540976e-34	DDRGK1	c15
8.96990560283428e-21	0.213363079517491	0.082	0.041	3.00832694107856e-16	BCAT2	c15
2.56522430071679e-37	0.21321375724937	0.4	0.247	8.60324925974397e-33	CCDC47	c15
1.19640148169746e-10	0.2125947607549	0.054	0.03	4.01249128931693e-06	FANCG	c15
2.77928525821583e-23	0.21257454076184	0.109	0.057	9.32116689900424e-19	FAM174A	c15
1.07926026921019e-46	0.21231019912117	0.989	0.892	3.61962309087715e-42	COX4I1	c15
1.24190490644733e-24	0.211974734840941	0.192	0.114	4.16510067524305e-20	PIN4	c15
3.66312100772271e-35	0.211941846582521	0.404	0.254	1.22853752357004e-30	IFI27L2	c15
1.05714660049209e-18	0.211922261215875	0.107	0.06	3.54545826873036e-14	LRRC14	c15
9.4431981020746e-36	0.211726937965224	0.439	0.276	3.16705977947378e-31	TMEM208	c15
1.47472080451216e-13	0.211578821661792	0.068	0.037	4.94591863417289e-09	BMPR1A	c15
1.82284130759024e-36	0.211515364098225	0.789	0.572	6.11344517739613e-32	YWHAH	c15
1.04374687399084e-30	0.211084201738415	0.761	0.574	3.50051826599047e-26	SRSF3	c15
8.37330878712455e-16	0.21104779482098	0.087	0.048	2.80824030102583e-11	C1orf216	c15
5.78759232902233e-10	0.210991055544494	0.049	0.027	1.94104271530751e-05	FARS2	c15
2.00361468686734e-08	0.21076232345273	0.034	0.018	0.000671972293681568	SLC31A1	c15
3.46729482257762e-32	0.210746240819673	0.779	0.559	1.16286133759608e-27	ADRM1	c15
2.39576493850579e-42	0.210642741800916	0.271	0.15	8.03491645076072e-38	HK1	c15
6.80026515687105e-42	0.210572523659814	0.444	0.273	2.28067292831141e-37	HSPA4	c15
2.72475484337713e-20	0.210379049397647	0.123	0.07	9.13828279371822e-16	DEF8	c15
1.72343074278492e-36	0.210247130150737	0.656	0.44	5.78004202515207e-32	FKBP8	c15
1.09440124870398e-37	0.21020069529247	0.612	0.406	3.6704029079034e-33	CANX	c15
2.43292427402451e-08	0.209872849696984	0.045	0.026	0.00081595414302234	CLN6	c15
2.11517427171109e-07	0.209864270023112	0.017	0.007	0.00709387147246466	AC090114.2	c15
1.01549359175394e-06	0.209491618622603	0.038	0.023	0.0340576240802436	ZNF597	c15
1.85438398124481e-11	0.20935351369699	0.047	0.024	6.21923299629885e-07	TMEM65	c15
3.04328836111702e-26	0.20897840673044	0.139	0.075	1.02065805055143e-21	MEMO1	c15
5.90027645899426e-32	0.208786404084689	0.56	0.374	1.97883471881749e-27	TXNL1	c15
7.69394968763597e-35	0.208640962507445	0.595	0.403	2.58039684623935e-30	MAP2K3	c15
1.43957910643642e-25	0.20842313881238	0.18	0.105	4.82806040716645e-21	DCPS	c15
3.02783779987963e-25	0.208356945474643	0.153	0.086	1.01547624132363e-20	CSTF2	c15
2.77131043749972e-34	0.208346077359803	0.601	0.409	9.29442094528655e-30	GTF3A	c15
2.667793593567e-25	0.208293920174775	0.21	0.127	8.94724615410501e-21	SVBP	c15
8.68723062163801e-35	0.208104214027519	0.432	0.279	2.91352340588496e-30	UBE2E3	c15
9.59604357716088e-44	0.207947289688591	0.359	0.207	3.21832109490822e-39	CREB3	c15
1.07675680328739e-38	0.207838718046655	0.531	0.339	3.61122696686524e-34	HADHA	c15
1.301537107352e-16	0.207514943773993	0.073	0.038	4.36509515063714e-12	PCCB	c15
6.97276053499616e-42	0.20725334227757	0.341	0.199	2.33852442822701e-37	REX1BD	c15
3.6481819031136e-35	0.207188743589797	0.594	0.386	1.22352724666624e-30	NDUFS6	c15
7.69776242379179e-26	0.206707642936819	0.138	0.075	2.58167556169129e-21	BMI1	c15
3.01352963205292e-37	0.206674614348864	0.364	0.22	1.01067756799791e-32	CHMP5	c15
1.8234064957557e-08	0.206548720853571	0.023	0.011	0.000611534070546548	MTA3	c15
6.10351804393542e-36	0.206529017222258	0.228	0.127	2.04699788157506e-31	RRP1	c15
3.36434154692255e-12	0.206372684336531	0.043	0.021	1.12833286800688e-07	MIPEP	c15
9.95546702259755e-14	0.205855990430903	0.039	0.018	3.33886453003877e-09	PLBD2	c15
7.56266206070587e-26	0.205773414064768	0.169	0.096	2.53636560191954e-21	MRPL39	c15
5.11327719066391e-20	0.205681186058949	0.084	0.043	1.71489090420486e-15	FAM131A	c15
8.5855004380112e-07	0.205079299318201	0.015	0.006	0.028794051369002	SIPA1L2	c15
3.99005824343307e-34	0.204929424361984	0.395	0.246	1.33818573368258e-29	MRPL36	c15
1.39126512538086e-44	0.204724034691522	0.376	0.22	4.66602497750231e-40	HARS	c15
4.79392147233711e-34	0.204700375935128	0.931	0.782	1.60778538339242e-29	ATP5F1B	c15
1.93711330555671e-41	0.204662723256262	0.548	0.348	6.49669060417608e-37	METAP2	c15
2.80981706547501e-07	0.204620020874774	0.023	0.012	0.00942356447419009	AK9	c15
1.14897856768344e-42	0.204570194823459	0.374	0.221	3.85344432029673e-38	NDUFA10	c15
8.14723099886623e-44	0.204448398872056	0.543	0.337	2.73241833239976e-39	OXA1L	c15
7.57551298499401e-48	0.203925718295463	0.346	0.198	2.54067554490729e-43	TOX	c15
5.32963946812105e-44	0.203694282647065	0.413	0.247	1.78745448481844e-39	TDG	c15
6.88901680577342e-22	0.203688150123842	0.267	0.176	2.31043845632029e-17	AL138963.3	c15
4.81930355734854e-29	0.203491258187628	0.204	0.117	1.61629802706355e-24	MUL1	c15
8.27048858043837e-37	0.203026173620135	0.825	0.615	2.77375646010742e-32	MYL12A	c15
2.00836761690128e-35	0.202574470052938	0.24	0.136	6.7356633135635e-31	USO1	c15
6.55339664154597e-29	0.202381969543488	0.893	0.719	2.19787816564169e-24	ISCU	c15
8.31966268348559e-15	0.202332064853874	0.077	0.042	2.7902484707874e-10	STYXL1	c15
8.74596222178346e-21	0.202284529822207	0.125	0.071	2.93322080994174e-16	SCOC	c15
4.97931553981526e-41	0.202240346040577	0.245	0.134	1.66996284574324e-36	PJA2	c15
4.93851976429317e-16	0.202126976598991	0.114	0.068	1.65628075854864e-11	AP1S1	c15
2.46147220036535e-34	0.201997803142205	0.348	0.214	8.2552854655853e-30	POLD4	c15
4.51462531191974e-67	0.201817525056401	1	0.96	1.51411503711164e-62	RPS19	c15
6.33543392980862e-34	0.201745561374364	0.407	0.255	2.12477783137922e-29	PHB	c15
1.85827690938233e-30	0.20152232116815	0.813	0.595	6.23228909868647e-26	PPP1CA	c15
1.90641046681273e-32	0.201492556651269	0.309	0.187	6.39371942359654e-28	PTRHD1	c15
4.23955012255179e-22	0.201427811617729	0.114	0.061	1.42186032010142e-17	TNFAIP1	c15
3.17780160301568e-30	0.201338995281542	0.38	0.242	1.0657711016194e-25	NDUFB3	c15
2.36043094519355e-29	0.201190432158377	0.793	0.585	7.91641330399014e-25	COX7B	c15
4.68448483309403e-31	0.201190229397179	0.195	0.109	1.57108252332308e-26	RFXANK	c15
5.9259088388081e-10	0.201154376084072	0.052	0.03	1.98743130635946e-05	AC073896.2	c15
1.14640484760043e-30	0.200583326204947	0.548	0.361	3.84481257788231e-26	SNRPC	c15
5.84324412131375e-24	0.200571337889311	0.169	0.098	1.9597072134062e-19	EGLN2	c15
1.88713386897633e-34	0.200387818707437	0.708	0.483	6.32906956977283e-30	EIF4H	c15
1.69577363169664e-09	0.200203353289786	0.042	0.023	5.68728560598418e-05	ARSG	c15
3.00991820998812e-23	0.199821960373096	0.116	0.062	1.00946636926582e-18	IL18RAP	c15
3.26546003910505e-29	0.199817495536823	0.245	0.147	1.09516998791505e-24	IFT20	c15
7.08359904590814e-33	0.199669743604782	0.314	0.191	2.37569744801667e-28	TAF10	c15
3.8489294972473e-33	0.199588209886586	0.912	0.758	1.2908539747868e-28	RPL23	c15
3.75947643888743e-18	0.199552280265305	0.083	0.044	1.26085320807407e-13	SHQ1	c15
2.71406486561658e-32	0.199448567130915	0.225	0.129	9.1024307463049e-28	BLMH	c15
4.32810154135095e-21	0.199171921560838	0.146	0.085	1.45155869493828e-16	C1orf50	c15
6.6819403798333e-19	0.199021411410698	0.103	0.058	2.24098916458849e-14	MAP3K4	c15
9.64095816577653e-30	0.198841880737317	0.748	0.54	3.23338454963813e-25	VDAC2	c15
3.42450380639047e-22	0.198812415252588	0.109	0.059	1.14851008658724e-17	ZFP91	c15
1.07927267789587e-35	0.198615226559363	0.654	0.439	3.61966470712718e-31	EIF1B	c15
7.83425869778963e-41	0.198534934058535	0.387	0.231	2.62745368206469e-36	PSMD12	c15
1.20864885779025e-19	0.198459173213935	0.09	0.047	4.05356653925695e-15	ZBED1	c15
4.49100710222637e-36	0.198441271651484	0.356	0.216	1.50619396194468e-31	CHCHD10	c15
3.37223770892526e-20	0.198391923305525	0.092	0.048	1.13098108281935e-15	PCGF3	c15
2.48802491584686e-19	0.198335621515401	0.135	0.08	8.34433796276721e-15	MAGOHB	c15
1.17871578533436e-33	0.198284196746251	0.248	0.144	3.95317700085437e-29	MCM5	c15
1.84367669274494e-38	0.198048408559809	0.503	0.313	6.18332289212797e-34	EMC6	c15
3.55503976536556e-40	0.1976397950886	0.361	0.215	1.1922892365083e-35	EHD4	c15
5.94773901169657e-34	0.197634614005487	0.262	0.152	1.9947527097428e-29	UBE2D1	c15
2.72004601253218e-26	0.197627434867579	0.217	0.13	9.12249031683042e-22	PNKD	c15
7.6652334822842e-40	0.197582746057933	0.564	0.362	2.57076600528847e-35	ILK	c15
7.5860361279887e-31	0.197541317229277	0.707	0.497	2.54420479660485e-26	PRELID1	c15
2.58507062573793e-30	0.19753399265915	0.293	0.178	8.66980986459986e-26	TMEM126B	c15
1.86701955946081e-33	0.197431235696567	0.725	0.508	6.26161019851967e-29	CCT2	c15
4.38370464746827e-30	0.197353765033833	0.902	0.735	1.47020686466791e-25	PSME1	c15
8.63880696303211e-41	0.197202564361433	0.45	0.276	2.89728307926171e-36	COPB2	c15
3.08745293431114e-07	0.19704592835029	0.038	0.022	0.0103546996510927	DNAJC25-GNG10	c15
6.31484613810228e-29	0.197027710280442	0.168	0.093	2.11787309779674e-24	TBC1D4	c15
1.17696107621805e-09	0.196913998080822	0.032	0.016	3.9472920574201e-05	NRROS	c15
8.89402050746236e-29	0.196839207074139	0.174	0.097	2.98287659779273e-24	TMX3	c15
6.74574118211041e-55	0.196740092713108	1	0.952	2.26238667765619e-50	RPS24	c15
1.4460082531624e-08	0.196737795008547	0.031	0.016	0.000484962247945604	MTRF1	c15
2.13146755417822e-30	0.196625786710084	0.235	0.138	7.1485158832029e-26	CDC34	c15
4.39942414158935e-28	0.196401916334315	0.175	0.098	1.47547886860624e-23	CCDC127	c15
6.98845082712636e-23	0.196290158260267	0.134	0.075	2.34378663840164e-18	BCL2L13	c15
7.35825892165502e-40	0.196284517622007	0.439	0.269	2.46781287714466e-35	SMARCE1	c15
2.45231661823481e-08	0.196048404101193	0.027	0.013	0.00082245794742359	FBXL8	c15
1.57671856541703e-30	0.195732086770782	0.275	0.165	5.28799872469564e-26	MGAT2	c15
6.48565212100446e-34	0.19559418397547	0.661	0.451	2.17515800834248e-29	RSL1D1	c15
1.31314029403039e-36	0.195353359664288	0.251	0.142	4.40400991811911e-32	SNX4	c15
1.03318233740602e-21	0.195252973742481	0.156	0.092	3.46508692319231e-17	JPT2	c15
7.56025756367527e-23	0.195195563895513	0.129	0.071	2.53555918170541e-18	ZDHHC16	c15
1.20623508340979e-24	0.194996259571365	0.142	0.079	4.04547122273975e-20	MEF2A	c15
2.44804603059392e-25	0.1949186397868	0.112	0.058	8.21025677740589e-21	RBFA	c15
4.86307865769191e-31	0.194597180669636	0.689	0.483	1.63097932021671e-26	STRAP	c15
5.52266291577883e-19	0.194283914805544	0.121	0.07	1.8521906886939e-14	SERPINB8	c15
1.22058719229573e-08	0.194140121611259	0.041	0.023	0.000409360532552142	FBXW9	c15
1.30392269808148e-30	0.194020244662999	0.159	0.085	4.37309594482565e-26	EXOC2	c15
1.01234831607419e-32	0.194007891400589	0.178	0.096	3.39521378244963e-28	ACBD6	c15
1.2260948340102e-20	0.193938939643417	0.123	0.07	4.1120768543034e-16	MIEF1	c15
3.8198176260469e-21	0.193744800866277	0.14	0.081	1.28109043542361e-16	PEX2	c15
2.0626206083399e-34	0.193506283956664	0.431	0.274	6.91761699625036e-30	DNAJB11	c15
4.48192134158292e-33	0.193501018278546	0.247	0.143	1.50314677954008e-28	MRPL44	c15
7.92676435862459e-39	0.193297274414885	0.286	0.166	2.65847823059552e-34	PFKP	c15
1.6719300643503e-23	0.193251967435977	0.202	0.123	5.60731904981802e-19	KRCC1	c15
7.15530456767558e-24	0.193138561829386	0.144	0.081	2.39974604590704e-19	APOBEC3F	c15
9.02780599500064e-15	0.193046812619043	0.093	0.054	3.02774557460331e-10	SCPEP1	c15
3.4934316904303e-29	0.192884109083591	0.712	0.5	1.17162712033651e-24	KRTCAP2	c15
3.78506730026188e-16	0.192815927120824	0.06	0.03	1.26943587116183e-11	CAMSAP1	c15
4.56577252719137e-29	0.192594683283038	0.682	0.48	1.53126879016944e-24	EID1	c15
6.79144084395453e-28	0.192474921005412	0.363	0.242	2.27771343024547e-23	KLRD1	c15
1.46646532521931e-32	0.192363293554973	0.569	0.378	4.91823140772053e-28	ATP5PD	c15
4.66860922586667e-31	0.192148263437728	0.219	0.126	1.56575816217116e-26	TFDP1	c15
1.22343112778154e-33	0.192121086831485	0.4	0.252	4.10314331635374e-29	CCDC107	c15
5.7988777884583e-22	0.192088511698582	0.105	0.056	1.94482763269314e-17	RNF146	c15
1.65483088015604e-17	0.19188846134964	0.084	0.045	5.54997180586733e-13	SLC35D2	c15
8.20933605892406e-21	0.1917950821598	0.19	0.118	2.75324712744195e-16	CCNB1IP1	c15
4.85188803874689e-28	0.191719295317732	0.145	0.078	1.62722621043493e-23	UNC119	c15
9.31403927686118e-32	0.191486768692227	0.628	0.421	3.1237424926737e-27	AP2M1	c15
1.41923570882675e-18	0.191153829448761	0.089	0.048	4.75983272026316e-14	JMJD8	c15
2.04549582100893e-37	0.190730667216185	0.398	0.244	6.86018388449973e-33	UBE2J2	c15
1.35938544940585e-06	0.190642456998413	0.02	0.01	0.0455910692021734	KCNMB4	c15
1.37415268476608e-33	0.190571274810458	0.808	0.631	4.60863327416847e-29	SAMSN1	c15
3.28823254943172e-28	0.190560473659381	0.137	0.072	1.10280743242841e-23	SLC35F5	c15
4.8874476166772e-13	0.190403134184276	0.053	0.027	1.6391521816812e-08	ARHGEF12	c15
5.20509261767907e-18	0.190376474925805	0.097	0.054	1.74568396211721e-13	CRACR2A	c15
5.68105245296761e-28	0.190066037141232	0.222	0.131	1.90531137167628e-23	TMEM199	c15
1.1687657108589e-28	0.190062517433903	0.555	0.374	3.91980644107859e-24	SNRPD1	c15
4.65210753160615e-34	0.190009821036492	0.273	0.16	1.56022382395007e-29	C1orf174	c15
9.09586243945714e-29	0.18994604227101	0.83	0.632	3.05057034494514e-24	PSMB1	c15
4.52596750579278e-37	0.189879452455088	0.386	0.235	1.51791898209278e-32	CHMP2A	c15
3.77557957347819e-15	0.189703326489129	0.077	0.043	1.26625387735312e-10	PRKCA	c15
1.06897321499593e-18	0.189137339553879	0.175	0.11	3.58512236845337e-14	PTPN6	c15
6.91672866171624e-31	0.189109510630067	1	0.955	2.31973245856639e-26	TMSB4X	c15
4.53376431113986e-60	0.188924802806108	0.389	0.215	1.52053387467009e-55	NFAT5	c15
1.48893759302395e-13	0.18891648198885	0.076	0.043	4.99359889948373e-09	NDRG3	c15
2.36842372141429e-17	0.188883200185979	0.1	0.056	7.94321947687925e-13	NFIC	c15
7.35069827841418e-32	0.188876312171887	0.234	0.135	2.46527718861455e-27	MRPL3	c15
3.78345267044641e-30	0.188853499506949	0.67	0.468	1.26889435661432e-25	C1orf43	c15
2.98973925966161e-34	0.188742626856167	0.991	0.905	1.00269875290531e-29	ATP5F1E	c15
1.78453369468923e-08	0.188555869182375	0.051	0.03	0.000598496910524873	BBS12	c15
5.3619230773787e-23	0.188466715918708	0.926	0.784	1.79828176169127e-18	SOD1	c15
2.88583700594592e-22	0.18822280870462	0.125	0.069	9.67852015054143e-18	PPP1R35	c15
7.70307482528409e-14	0.188217931511592	0.078	0.044	2.58345723490378e-09	SMG8	c15
1.98857410478225e-36	0.187743427724468	0.456	0.285	6.66927983261872e-32	EIF4E2	c15
8.55049652387582e-10	0.187730231361908	0.054	0.031	2.86766552417747e-05	ENDOG	c15
1.56177794137922e-30	0.187650149821565	0.558	0.377	5.23789085979764e-26	C4orf3	c15
3.99157563664874e-26	0.187538701625873	0.273	0.171	1.33869463701925e-21	PDIA4	c15
1.64886813339033e-17	0.187081254445276	0.116	0.068	5.52997394576449e-13	ZCCHC9	c15
7.81984053761872e-25	0.186629094769316	0.158	0.09	2.62261811950656e-20	CDR2	c15
3.79663342279509e-24	0.186513315502946	0.229	0.141	1.27331491733702e-19	AGPAT2	c15
3.89712962593214e-28	0.18647720147715	0.592	0.407	1.30701933394512e-23	PDCD5	c15
9.4317450479349e-37	0.186422079901553	0.298	0.174	3.16321865417641e-32	ESD	c15
1.09261931758222e-28	0.186198977017019	0.201	0.116	3.66442666730725e-24	WBP1	c15
7.01135452577024e-28	0.185975015597163	0.214	0.126	2.35146808085282e-23	ARL8A	c15
4.41392881850409e-28	0.185960465568288	0.829	0.639	1.4803434471499e-23	ARL6IP5	c15
3.27300261547814e-26	0.185845353423493	0.269	0.167	1.09769961717906e-21	MRPS24	c15
4.15869395864068e-35	0.185660570793557	0.584	0.387	1.39474277984891e-30	ARPC1B	c15
3.11009119915471e-21	0.185567225023554	0.128	0.072	1.04306238637251e-16	TTC4	c15
1.41905217465825e-30	0.185380558753583	0.209	0.119	4.75921718336885e-26	CCDC25	c15
2.95112765960657e-31	0.185345023273559	0.291	0.177	9.89749194478853e-27	PCED1B	c15
1.74185862429573e-26	0.185176395713569	0.227	0.137	5.84184545416303e-22	MTHFS	c15
1.69555347516248e-24	0.18516997005039	0.808	0.605	5.68654724499993e-20	NDUFA1	c15
1.11546834201937e-30	0.184887153198974	0.423	0.272	3.74105772546455e-26	VTI1B	c15
2.91265789001733e-32	0.184868808768397	0.364	0.225	9.76847203154012e-28	VBP1	c15
1.7868810498207e-18	0.184696595491886	0.097	0.053	5.99284166488865e-14	PPP1R9B	c15
1.67558314907753e-38	0.184660578337529	0.345	0.203	5.61957076537623e-34	MRPL28	c15
7.83889760231664e-32	0.184492162976536	0.758	0.54	2.62900947786495e-27	SEM1	c15
1.21902913843908e-32	0.184227248377586	0.136	0.068	4.08837992449699e-28	PIKFYVE	c15
3.21133935263312e-14	0.184050010930099	0.066	0.035	1.0770189920861e-09	TCTA	c15
1.03467888800107e-27	0.184039157541964	0.234	0.14	3.47010605457797e-23	MMGT1	c15
4.26415096111924e-33	0.184004693703607	0.516	0.334	1.43011094934017e-28	METTL9	c15
8.83682595048453e-29	0.184000017038012	0.453	0.301	2.9636946872735e-24	CCDC167	c15
1.18544049049272e-11	0.183576865465377	0.053	0.029	3.9757303170145e-07	PPP1R3D	c15
2.98891345477413e-27	0.183551806798135	0.554	0.38	1.00242179446215e-22	SNRPB2	c15
4.52295530871341e-30	0.18317731807733	0.569	0.379	1.5169087514363e-25	MRPS36	c15
2.44692415471521e-10	0.183057112175554	0.05	0.028	8.20649423008387e-06	PDCD4-AS1	c15
1.96638779973109e-40	0.182925073062776	0.457	0.288	6.59487140273812e-36	TYMP	c15
7.22922513366103e-28	0.18271661501234	0.25	0.152	2.42453752532724e-23	HCFC1R1	c15
2.77852243133571e-29	0.182695864438833	0.163	0.089	9.31860853021369e-25	PDK3	c15
2.00775804510628e-08	0.182656803155368	0.035	0.019	0.000673361893167744	OXSM	c15
3.16521124223323e-33	0.182341045705149	0.245	0.142	1.06154854642018e-28	DHPS	c15
4.3659768668629e-38	0.182288016250154	0.472	0.297	1.46426132160848e-33	USP14	c15
9.0993802141928e-10	0.182086272306953	0.041	0.021	3.05175013623598e-05	SNHG21	c15
7.34014490226079e-43	0.181941189917161	0.216	0.112	2.46173779732022e-38	KIF3B	c15
2.23935861762218e-17	0.181898741143443	0.083	0.044	7.51036093178125e-13	PIK3CA	c15
1.33004247544294e-10	0.181798703960458	0.085	0.053	4.46069645414053e-06	STN1	c15
1.70976915935234e-30	0.181718645879547	0.567	0.377	5.73422380663588e-26	ZMAT2	c15
3.96052829607049e-10	0.181637036256479	0.039	0.02	1.32828197993612e-05	MZB1	c15
3.28056237217169e-38	0.181538528483075	0.384	0.231	1.10023500837894e-33	NOB1	c15
6.44938798121796e-55	0.181298702323034	0.298	0.159	2.16299574114088e-50	PELI1	c15
1.81902996610179e-10	0.181238390349871	0.043	0.023	6.10066270031219e-06	ZNF254	c15
6.45889876369207e-40	0.181088725639554	0.433	0.263	2.16618546736705e-35	SLC52A2	c15
3.66586925203529e-25	0.181088388500567	0.124	0.066	1.22945922974759e-20	KCNK6	c15
2.90105188793491e-23	0.180928778819299	0.687	0.542	9.72954782175608e-19	LINC02446	c15
1.09058775546816e-36	0.180722916614435	0.416	0.258	3.65761321428911e-32	PSMD1	c15
2.32185359305493e-18	0.180657738540088	0.112	0.064	7.78703258038761e-14	MED7	c15
5.78031982842789e-28	0.180557896491345	0.249	0.15	1.93860366405814e-23	MAD2L2	c15
1.4887662252948e-31	0.180533141157134	0.327	0.201	4.99302416639369e-27	JAGN1	c15
2.30787800926797e-13	0.180485399040657	0.086	0.05	7.74016126748292e-09	PUS3	c15
5.11957241563098e-26	0.180444538972726	0.174	0.1	1.71700219675432e-21	GTPBP6	c15
3.20173435758069e-35	0.180273810276568	0.32	0.194	1.07379766884541e-30	ST8SIA4	c15
1.30004747939511e-07	0.180222244948234	0.031	0.016	0.00436009923639534	ERLIN2	c15
1.66796546945165e-29	0.180144546740117	0.606	0.411	5.59402259144693e-25	LMAN2	c15
4.25808809579081e-43	0.180060312272499	0.429	0.262	1.42807758556632e-38	RANGAP1	c15
2.14493888050184e-07	0.180059056560364	0.024	0.012	0.00719369601742708	ARHGEF5	c15
2.0342956732661e-32	0.179898559980342	0.248	0.144	6.82262082899984e-28	RUVBL2	c15
8.11899195270077e-21	0.179839100349223	0.089	0.045	2.72294752109679e-16	LONRF1	c15
2.11510450475078e-17	0.179532257784847	0.087	0.047	7.09363748803317e-13	TTI2	c15
6.01313857316291e-27	0.179167764743752	0.866	0.698	2.01668641466738e-22	CDC42	c15
2.73702369178827e-37	0.179028434350609	0.26	0.148	9.17943005751951e-33	MAPK6	c15
3.24312866897039e-25	0.179005198094493	0.168	0.097	1.08768049299929e-20	BBS7	c15
1.74868089790799e-22	0.17883387698495	0.135	0.076	5.86472599540382e-18	CHMP6	c15
2.19406181005938e-27	0.178800307016822	0.531	0.356	7.35844449857715e-23	RANBP1	c15
1.88541324942859e-35	0.178772247884894	0.543	0.347	6.32329895593359e-31	CDC123	c15
7.42711666581199e-15	0.17873067735849	0.09	0.052	2.49090638738003e-10	AP1AR	c15
3.62711929559523e-49	0.178692780953083	1	0.949	1.21646326935673e-44	RPL18	c15
1.41586857982883e-29	0.178631415254909	0.132	0.068	4.74854004302993e-25	ABAT	c15
5.24625363692001e-09	0.178360707197707	0.043	0.024	0.000175948854475023	AC016876.1	c15
2.63028347905001e-19	0.17828049980071	0.133	0.078	8.82144473203791e-15	C2orf69	c15
6.56695044254028e-33	0.178230918968144	0.545	0.356	2.20242383941916e-28	DDT	c15
1.32509850873912e-21	0.177926909300761	0.125	0.07	4.44411537860927e-17	C12orf43	c15
1.3355847599718e-30	0.177750024094025	0.593	0.399	4.47928416799342e-26	PSMD11	c15
2.26805548122081e-22	0.177741714037924	0.154	0.089	7.60660447291837e-18	PMM2	c15
4.41531241612717e-37	0.177610845808807	0.431	0.267	1.48080747812073e-32	CNIH4	c15
4.62053130539193e-34	0.177507900684767	0.383	0.236	1.54963378920235e-29	CEBPG	c15
1.14668685249918e-13	0.177414443281488	0.084	0.049	3.84575836591175e-09	BNIP1	c15
4.93464851407435e-08	0.177395883063472	0.017	0.007	0.00165498241865025	AC004817.3	c15
2.98687828109024e-41	0.17728672306832	0.483	0.302	1.00173923791205e-36	ZFR	c15
2.11698497366687e-28	0.177180355101153	0.212	0.124	7.09994420468395e-24	CFAP36	c15
2.44777423482934e-11	0.177062887703288	0.058	0.032	8.20934522877063e-07	LIG4	c15
1.37136399531382e-11	0.177055504798095	0.057	0.031	4.59928056748349e-07	THEM4	c15
1.09246202091282e-26	0.176994830717279	0.234	0.142	3.66389912573743e-22	UTP11	c15
5.3162282155617e-37	0.176979213368421	0.38	0.233	1.78295661893508e-32	NT5C	c15
2.14637042103947e-09	0.176951856977959	0.042	0.023	7.19849711808219e-05	ETAA1	c15
8.78419164725311e-26	0.176868920108126	0.848	0.655	2.94604219465575e-21	SERBP1	c15
8.08724926873941e-33	0.176851186142747	0.218	0.123	2.71230165974982e-28	TBRG4	c15
1.06753427972336e-33	0.176836451324749	0.623	0.419	3.58029646733622e-29	PRKAR1A	c15
1.50624874440725e-33	0.176754822576551	0.564	0.375	5.05165703899303e-29	SRI	c15
2.38746830107803e-36	0.176672712230705	0.209	0.114	8.00709118815549e-32	WDR13	c15
7.0486354982743e-32	0.176634424405472	0.502	0.323	2.36397137341124e-27	ASNA1	c15
4.33432316240842e-33	0.176566432173103	0.341	0.208	1.45364530220854e-28	ATRAID	c15
4.75437908159699e-28	0.176521315081536	0.191	0.109	1.594523656386e-23	TM2D2	c15
5.44216307564088e-30	0.176283901528268	0.119	0.059	1.82519265230844e-25	MYO9A	c15
7.28375857552903e-08	0.176228772761728	0.035	0.019	0.00244282695106093	CBR4	c15
4.32705103616517e-19	0.176037913716184	0.104	0.057	1.45120637650908e-14	FAM126A	c15
3.38375996263349e-25	0.175827114202344	0.154	0.087	1.13484541626802e-20	RAB3IP	c15
1.81779609586086e-32	0.175641371717881	0.277	0.165	6.09652454629814e-28	CHCHD1	c15
2.97903549833692e-29	0.175463647532058	0.635	0.431	9.99108925432237e-25	PSMA6	c15
3.6814653191074e-07	0.1754247050326	0.044	0.026	0.0123468983872224	ZNF34	c15
2.09687390798801e-36	0.175375574390774	0.392	0.242	7.03249571261017e-32	DNAAF2	c15
8.80864414400157e-32	0.17534239650461	0.302	0.185	2.95424307301525e-27	ARMCX3	c15
1.19488094156069e-22	0.175331064989988	0.141	0.079	4.00739170180626e-18	DTD1	c15
1.1457495444832e-17	0.175258540839379	0.078	0.041	3.84261482228775e-13	SLC15A4	c15
2.12278292514922e-25	0.175181245524477	0.187	0.11	7.11938937436546e-21	LETMD1	c15
6.48249441423602e-46	0.17487156201081	0.523	0.327	2.17409897664648e-41	RFTN1	c15
3.7631851092495e-14	0.174702236242473	0.068	0.036	1.2620970219401e-09	STAM2	c15
9.5857234380963e-14	0.174700406313949	0.066	0.035	3.21485992666874e-09	TP53TG1	c15
6.30078747383012e-40	0.174639211214063	0.425	0.259	2.11315810297314e-35	ARFGAP3	c15
3.07829179639447e-29	0.174573601938879	0.152	0.081	1.03239750267478e-24	IFFO2	c15
5.21300470869239e-22	0.174555309214883	0.161	0.095	1.74833751920125e-17	RANBP9	c15
2.4450607254189e-40	0.174467907071439	0.293	0.168	8.20024466090991e-36	HBS1L	c15
1.01431614635961e-30	0.174431397404526	0.235	0.137	3.40181349166086e-26	FTSJ3	c15
5.58194919813481e-21	0.17440480460322	0.139	0.081	1.87207412207045e-16	TMEM141	c15
1.47173382315934e-27	0.174360295983134	0.584	0.397	4.93590089611179e-23	MDH2	c15
6.01578546951132e-26	0.17423934598047	0.14	0.077	2.01757413076471e-21	SELL	c15
8.93352454552593e-08	0.174038772785946	0.035	0.019	0.00299612546207849	ZNF544	c15
3.99503144563431e-37	0.173849572282296	0.233	0.131	1.33985364623683e-32	EML2	c15
1.84845846431847e-28	0.173735024319919	0.116	0.058	6.19935999763128e-24	CHD7	c15
6.66056821137043e-07	0.173472474998476	0.026	0.014	0.0223382136672942	CCDC74A	c15
1.35869097104383e-28	0.173442363418211	0.736	0.533	4.5567777786868e-24	SURF4	c15
7.87287563351439e-35	0.173399667966276	0.381	0.234	2.64040502996806e-30	ATP6V1E1	c15
5.41669811694932e-40	0.173386652675917	0.681	0.466	1.81665221446246e-35	EIF3A	c15
6.92235385311048e-24	0.173377312482955	0.178	0.105	2.32161903525619e-19	CGRRF1	c15
1.28906324707189e-26	0.173327959542909	0.148	0.08	4.32326031802972e-22	PHF13	c15
1.01283531748801e-34	0.173203011070622	0.614	0.414	3.3968470877913e-30	GRB2	c15
1.5648089366424e-34	0.173165953920222	0.445	0.281	5.24805621171127e-30	SMARCB1	c15
1.13935344320727e-09	0.173149254449252	0.026	0.012	3.82116357782856e-05	LRP8	c15
2.2748143529943e-37	0.173145878772404	0.484	0.304	7.62927237707228e-33	CYC1	c15
5.7185458578995e-26	0.17306021477257	0.777	0.575	1.91788590982234e-21	WDR1	c15
4.80874908706214e-37	0.173048013065503	0.41	0.253	1.6127582688189e-32	OCIAD1	c15
2.12645391418864e-23	0.172837399392445	0.074	0.034	7.13170113740587e-19	UBN2	c15
7.22031443678132e-28	0.172740594987842	0.222	0.132	2.42154905580772e-23	BCAP29	c15
7.16968833294066e-10	0.172580291162515	0.045	0.025	2.40457007310164e-05	AJM1	c15
3.10929238157979e-25	0.172540391954859	0.152	0.085	1.04279447893423e-20	DCUN1D1	c15
6.33318683512879e-23	0.172509536486672	0.767	0.576	2.12402420076549e-18	C19orf53	c15
2.61476440119001e-28	0.172500871535283	0.668	0.462	8.76939684871105e-24	ATP5F1C	c15
2.37619377172715e-18	0.172433533913648	0.636	0.493	7.9692786716185e-14	TRBC1	c15
2.65622062357842e-42	0.172085570435025	0.498	0.313	8.90843272735729e-38	SPPL2A	c15
8.43611942144263e-35	0.171188759899111	0.315	0.187	2.82930573156343e-30	NDUFAF8	c15
3.38449116563733e-33	0.171129178859139	0.264	0.154	1.13509064713145e-28	UAP1	c15
4.59728150949222e-28	0.17085298627086	0.331	0.211	1.5418362726535e-23	CAB39	c15
1.92342305084185e-28	0.170664377732505	0.225	0.134	6.45077622791339e-24	ANKRD10	c15
7.6187128036086e-41	0.170478041818569	0.3	0.173	2.55516390007425e-36	TMC6	c15
4.76257793582343e-13	0.170471205290271	0.074	0.042	1.59727338811646e-08	MBOAT7	c15
3.03987903767274e-22	0.170205393249853	0.15	0.086	1.01951463165468e-17	ZNF664	c15
4.57867335883941e-16	0.170073030587361	0.088	0.049	1.53559547108756e-11	A1BG-AS1	c15
3.84642675237797e-08	0.169912112197152	0.035	0.019	0.00129001460421252	FICD	c15
1.7282995604256e-29	0.169886090372676	0.213	0.123	5.79637106575539e-25	DDX49	c15
8.10463247125248e-18	0.16981256078832	0.109	0.063	2.71813163820866e-13	MTHFD1	c15
9.38883618732293e-35	0.169713252933615	0.48	0.305	3.14882788050437e-30	LAP3	c15
6.14566420076401e-07	0.169669497089873	0.036	0.021	0.0206113285965224	ZNF691	c15
7.38501107301889e-36	0.16959277802457	0.999	0.938	2.47678501366908e-31	RPS16	c15
6.94135956300605e-31	0.16937036820295	0.37	0.232	2.32799317024097e-26	LRRC59	c15
5.27812443984478e-20	0.169317413890282	0.156	0.094	1.77017737463514e-15	HEXB	c15
1.1698732727534e-23	0.169181272561259	0.79	0.591	3.92352098216035e-19	RBX1	c15
8.21868103966889e-27	0.169151125430894	0.152	0.084	2.75638124708415e-22	FGFR1OP	c15
1.69293205170388e-19	0.169053292131291	0.15	0.09	5.67775551500448e-15	TPRA1	c15
2.21093029056789e-38	0.169033729962427	1	0.946	7.4150180085066e-34	RPL29	c15
2.78331950485738e-30	0.16877257720568	0.982	0.898	9.33469695539069e-26	PCBP2	c15
3.00447542699121e-22	0.168204103234247	0.184	0.111	1.00764096870431e-17	MTRF1L	c15
5.02958243116679e-25	0.168187936178718	0.87	0.69	1.68682135576472e-20	COX7A2	c15
6.16905871266629e-09	0.168171620833914	0.053	0.031	0.000206897891105402	C8orf58	c15
3.55459049845972e-10	0.168127861391539	0.06	0.035	1.19213856137342e-05	GORAB	c15
7.7648871099379e-08	0.168076611618523	0.051	0.031	0.00260418783893097	POLA2	c15
4.81773644093925e-19	0.167896860964967	0.119	0.068	1.61577244756221e-14	SLC35A4	c15
1.95143253511197e-29	0.167883948420506	0.533	0.357	6.54471443625854e-25	PRMT1	c15
6.29756329584891e-29	0.167689262871433	0.977	0.878	2.11207677816181e-24	RHOA	c15
2.12966900336988e-30	0.167663605577015	0.453	0.294	7.14248390350191e-26	FDFT1	c15
9.27649160660778e-33	0.167613616353433	0.529	0.341	3.11114975502412e-28	PSMG2	c15
2.1153280523452e-10	0.167448518799548	0.058	0.033	7.09438722195534e-06	ZBTB5	c15
7.75777638418457e-27	0.167380094786905	0.715	0.505	2.60180304372782e-22	PSMD7	c15
4.18093035026235e-26	0.167166209195948	0.275	0.172	1.40220042087099e-21	AKR1B1	c15
1.18518496001535e-09	0.167147580816597	0.034	0.017	3.97487331889949e-05	PBX3	c15
3.0323575122505e-25	0.166845191851918	0.138	0.075	1.01699206245857e-20	SRFBP1	c15
1.68814041787375e-22	0.166404546055418	0.13	0.072	5.66168533346498e-18	SGCB	c15
2.93088448285775e-16	0.166094634185491	0.065	0.033	9.82960037860831e-12	NBPF1	c15
1.88093911840284e-29	0.16606298450236	0.2	0.114	6.30829361529946e-25	IPO5	c15
6.88818312582707e-18	0.16591956384211	0.134	0.08	2.31015885673988e-13	TEN1	c15
1.03863919778003e-27	0.165711795592748	0.222	0.131	3.48338814151468e-23	MAD2L1BP	c15
4.48761847746188e-14	0.165613688025493	0.082	0.047	1.50505748497116e-09	MTM1	c15
3.4433193314493e-28	0.165604979646908	0.625	0.421	1.15482043738146e-23	GTF3C6	c15
3.17368580404381e-42	0.16543093994934	0.499	0.323	1.06439074496021e-37	ITGA4	c15
1.09581280687934e-29	0.165400274623657	0.207	0.119	3.67513699171194e-25	MRPS25	c15
5.39992355377517e-10	0.16517586447427	0.066	0.04	1.81102636146512e-05	FUNDC1	c15
3.23360473570435e-11	0.16511137530697	0.061	0.035	1.08448635626053e-06	NUDT19	c15
3.4417407729438e-31	0.165101559868408	0.224	0.129	1.15429102042989e-26	BMS1	c15
3.50903290419082e-21	0.164964063236487	0.189	0.117	1.17685945540752e-16	MIF4GD	c15
2.2416466722022e-31	0.164951352106922	0.326	0.2	7.51803460923175e-27	EMC8	c15
3.75919434661883e-23	0.164872709269081	0.168	0.098	1.26075859996902e-18	PPP2R5D	c15
3.50641316530208e-29	0.164640323091159	0.624	0.426	1.17598084737901e-24	CCT7	c15
2.70618466780213e-38	0.164631962336088	0.404	0.248	9.07600213887477e-34	AFTPH	c15
5.18740761169072e-27	0.164416416946187	0.166	0.093	1.73975276480883e-22	ANKRD13C	c15
5.63431120110741e-35	0.164309223669127	0.277	0.16	1.8896352906274e-30	COMMD5	c15
4.43047464658804e-23	0.16425811810415	0.115	0.061	1.4858925869727e-18	SLC35E4	c15
5.21648423612721e-32	0.164102732662012	0.977	0.893	1.74950448311234e-27	PABPC1	c15
1.05793224283957e-22	0.164090036872804	0.159	0.092	3.54809315603534e-18	NDUFA9	c15
4.57541664177341e-18	0.163888539248472	0.111	0.064	1.53450323331797e-13	BRI3BP	c15
5.86001214921306e-09	0.163578963173129	0.049	0.028	0.000196533087460307	C1orf198	c15
4.81119430930379e-23	0.163538876288019	0.121	0.066	1.6135783474543e-18	USP5	c15
1.6747145601057e-29	0.163448796449594	0.316	0.196	5.61665769168249e-25	TIMM23	c15
5.01063911080677e-09	0.163309187138911	0.041	0.022	0.000168046814498238	NLRX1	c15
8.87631522350371e-25	0.163189842817017	0.716	0.511	2.97693859965867e-20	NDUFB4	c15
4.80105707546905e-16	0.163098370342939	0.067	0.035	1.61017852197081e-11	FAHD2B	c15
1.2333378600056e-16	0.162673519981468	0.084	0.046	4.13636851488677e-12	C6orf203	c15
4.10559166802402e-46	0.162641297460506	0.605	0.393	1.3769333336219e-41	FMNL1	c15
7.15266215666574e-18	0.162498037862229	0.12	0.07	2.39885983410256e-13	ZNF264	c15
3.08750087287673e-24	0.162358040506732	0.176	0.104	1.0354860427454e-19	SLK	c15
2.84622529461975e-17	0.162311141629348	0.104	0.059	9.54567039309572e-13	ETFDH	c15
1.85053378082682e-34	0.162294787982229	0.414	0.261	6.206320194137e-30	CARD19	c15
4.83073301504522e-11	0.162008089871588	0.073	0.043	1.62013123858587e-06	EEPD1	c15
1.03710049211211e-34	0.161911020767601	0.295	0.174	3.47822763044558e-30	MFAP1	c15
5.34987009336647e-30	0.161909481054289	0.213	0.123	1.79423943191325e-25	PMPCA	c15
1.45650280076862e-24	0.161836589575578	0.188	0.112	4.88481909321781e-20	GMEB1	c15
1.86569067005011e-14	0.161791252754373	0.101	0.06	6.25715336921407e-10	RPP25L	c15
3.10645002280452e-19	0.161483212689833	0.122	0.07	1.04184120864818e-14	ASCC1	c15
1.74472589240204e-17	0.161380084261313	0.092	0.05	5.85146169793797e-13	EXT2	c15
2.46344024856256e-24	0.161256108133938	0.186	0.11	8.26188590562911e-20	EIF2B2	c15
3.90493463221515e-31	0.161179650954018	0.676	0.465	1.30963697695232e-26	P4HB	c15
2.34992361191842e-30	0.160673009207375	0.361	0.226	7.88117380965201e-26	LSM5	c15
1.41645730520644e-27	0.160416479907307	0.241	0.145	4.75051451020137e-23	CHCHD5	c15
1.20541501588401e-29	0.160156314080233	0.282	0.172	4.04272088027178e-25	NKAPD1	c15
3.4301708994615e-27	0.159639061075748	0.657	0.453	1.1504107162614e-22	CLTA	c15
2.14691376982095e-40	0.159356146417308	0.358	0.213	7.20031940122552e-36	FAM50A	c15
1.03533571125135e-22	0.159245813948091	0.16	0.093	3.47230890839478e-18	NCSTN	c15
4.39282035833058e-23	0.159231006788901	0.165	0.096	1.47326409177691e-18	TSFM	c15
5.90644219876062e-14	0.159114480958938	0.093	0.055	1.98090258462034e-09	TMBIM4	c15
3.19020601140023e-25	0.158772739611781	0.184	0.108	1.06993129210341e-20	NSMCE4A	c15
8.14027250016196e-13	0.158768807838295	0.053	0.028	2.73008459110432e-08	MTIF2	c15
3.05276696339365e-29	0.158559141813857	0.276	0.169	1.02383698418296e-24	HMGN3	c15
1.21250631015802e-12	0.158432215666286	0.099	0.061	4.06650366300797e-08	TMEM159	c15
2.62554291477916e-30	0.158385349233678	0.282	0.171	8.80554582758634e-26	C12orf10	c15
7.40298609671814e-14	0.158363631963545	0.077	0.043	2.48281347711733e-09	DPAGT1	c15
1.57132379121862e-12	0.158354308289356	0.08	0.047	5.26990573098902e-08	COQ5	c15
2.23392619480965e-30	0.157742952078898	0.37	0.233	7.49214167215259e-26	TSR3	c15
1.34605146868874e-10	0.157738826640856	0.026	0.012	4.51438741568831e-06	ATP10A	c15
8.07127065167874e-30	0.157528380347711	0.998	0.935	2.70694275116002e-25	RPL9	c15
3.83794459822477e-24	0.157465601332866	0.661	0.462	1.28716985935262e-19	ATP5PB	c15
1.89043355587837e-24	0.157423551473737	0.752	0.545	6.34013605970486e-20	RTRAF	c15
3.24520176771324e-30	0.157409499191889	0.914	0.739	1.08837576885567e-25	IQGAP1	c15
1.15612596265089e-32	0.157349679804202	0.306	0.183	3.87741525353854e-28	PFDN6	c15
3.93223547669814e-22	0.157314834146621	0.927	0.771	1.31879313417502e-17	EDF1	c15
2.69365396380847e-32	0.157249808991785	0.279	0.165	9.03397666382084e-28	SMIM37	c15
2.30495533982775e-26	0.157221371607384	0.622	0.424	7.73035921871432e-22	PSMB2	c15
1.79052545653623e-13	0.157219450414356	0.095	0.057	6.00506427613122e-09	LYRM1	c15
1.5659032111187e-23	0.157176222252346	0.198	0.119	5.2517261894499e-19	PEX11B	c15
1.17486280267577e-18	0.156829203465429	0.114	0.065	3.94025486761401e-14	RNPEP	c15
4.48935544128999e-22	0.156709361733457	0.147	0.085	1.50564002789984e-17	CRLS1	c15
4.56027529110891e-36	0.156677691587812	0.26	0.15	1.52942512713211e-31	JMY	c15
1.84025115472539e-24	0.156506045664422	0.151	0.085	6.17183432271801e-20	MOGS	c15
5.70172122122983e-23	0.156275841483577	0.765	0.573	1.91224326317606e-18	PRDX6	c15
7.30951233400905e-23	0.156234324043089	0.666	0.475	2.45146424657995e-18	SNRPF	c15
3.195939848793e-26	0.156196295353233	0.202	0.119	1.0718543064882e-21	SLC39A7	c15
2.03838840897025e-17	0.156148653792476	0.124	0.073	6.83634704600441e-13	SLC35C1	c15
6.03584169485474e-23	0.155917615663387	0.639	0.451	2.02430058762038e-18	NDUFB9	c15
1.28452679697471e-28	0.155776380656588	0.499	0.328	4.30804597169377e-24	MMADHC	c15
2.07451018352831e-27	0.1557076854637	0.205	0.12	6.95749225351723e-23	CCNC	c15
5.78930220140344e-26	0.155611440152733	0.267	0.166	1.94161617230669e-21	HSPB11	c15
7.32836935150685e-22	0.15546522155809	0.144	0.083	2.45778851310837e-17	GPATCH4	c15
1.17257798521068e-15	0.155438734640597	0.132	0.081	3.93259204679958e-11	IFT22	c15
2.10974130882127e-24	0.155265776098322	0.162	0.093	7.07565040152477e-20	AP3M1	c15
2.99591811099968e-31	0.155040696095448	0.402	0.255	1.00477101606707e-26	DDA1	c15
1.56824578050303e-26	0.154852247895706	0.981	0.889	5.25958269865105e-22	RPL31	c15
2.87133105952524e-26	0.154838921037868	0.682	0.481	9.62987010743574e-22	NDUFA3	c15
9.78083987371096e-25	0.154605274522057	0.247	0.153	3.28029807684518e-20	UBL7	c15
1.21130756025509e-32	0.154509055052483	1	0.951	4.06248329558353e-28	RPL37	c15
9.3929763923872e-28	0.154265059011121	0.401	0.261	3.15021642247882e-23	SLC10A3	c15
4.14556879446109e-09	0.154262632917676	0.034	0.018	0.000139034086228636	MOSMO	c15
1.26486913234278e-12	0.153954027610514	0.06	0.032	4.24211809605121e-08	FAHD2A	c15
2.59739957410475e-25	0.153869422185497	0.204	0.122	8.71115869163251e-21	WDR5	c15
1.46073011295397e-31	0.153788082557641	0.258	0.152	4.89899665282504e-27	DCAF13	c15
8.83005050796731e-30	0.152875281327901	0.296	0.181	2.96142233936208e-25	NRBF2	c15
2.09516592588946e-25	0.152828424992285	0.525	0.358	7.02676748224807e-21	SERPINB1	c15
3.0916538404211e-29	0.152514767355422	0.251	0.15	1.03687886500043e-24	TMEM134	c15
2.18815775069985e-35	0.15240409224179	1	0.948	7.33864346429716e-31	RPS3A	c15
1.28246350834745e-27	0.15239644188399	0.216	0.127	4.30112611429569e-23	POP7	c15
2.83264353829894e-18	0.152339379096092	0.109	0.061	9.500119898747e-14	RNF185	c15
1.32094915269113e-34	0.152293038404681	0.214	0.119	4.43019926829552e-30	CHCHD3	c15
6.78168892029169e-66	0.152156018790475	0.449	0.252	2.27444283008743e-61	ZC3H12D	c15
3.48934659384487e-29	0.152030948107472	0.252	0.151	1.17025706064369e-24	NIPSNAP2	c15
5.93330073467639e-33	0.152006476208296	0.45	0.284	1.98991040039577e-28	MTCH2	c15
8.13511865815156e-10	0.15198969970126	0.06	0.036	2.72835609557087e-05	DHX37	c15
5.22974758596974e-27	0.151980739123183	0.62	0.418	1.75395274538253e-22	ELOC	c15
6.61740448831401e-27	0.151777099138933	0.205	0.12	2.21934511729075e-22	DNAJB12	c15
1.10311261582467e-46	0.151656787324777	0.455	0.284	3.69961909095277e-42	RORA	c15
5.13134365245087e-14	0.151490756929511	0.08	0.046	1.72095003415897e-09	PUS1	c15
2.73206567011397e-20	0.15130513963423	0.162	0.097	9.16280184442822e-16	TMEM102	c15
5.98520273208149e-23	0.151236553814761	0.151	0.087	2.00731729228549e-18	SCO1	c15
1.30275886682189e-08	0.151125672560051	0.025	0.012	0.000436919268754727	GGPS1	c15
4.24784685110428e-24	0.150820312287275	0.255	0.159	1.42464287692335e-19	ERG28	c15
4.40888263304321e-36	0.150771935308634	0.434	0.269	1.47865105747003e-31	DCAF7	c15
6.38415909771975e-31	0.150677817610776	0.27	0.162	2.14111927819325e-26	IER5	c15
1.05957860731837e-24	0.150231697227132	0.815	0.62	3.55361473322434e-20	PDIA3	c15
3.04179457030221e-28	0.149873511455523	0.554	0.378	1.02015706298796e-23	APOBEC3C	c15
4.24279173174817e-33	0.149776179632946	0.262	0.153	1.4229474909937e-28	USE1	c15
8.77410100247174e-22	0.149759553274398	0.184	0.112	2.94265799420897e-17	UQCC2	c15
2.23801345545718e-19	0.149663192625861	0.18	0.112	7.50584952691229e-15	NDUFS4	c15
4.3397084342886e-08	0.149499948839969	0.026	0.013	0.00145545141469171	AL096865.1	c15
2.08675575361437e-28	0.149479670907489	0.179	0.1	6.99856144647186e-24	C5orf51	c15
3.56381090712859e-30	0.149088038810144	0.427	0.283	1.19523090203279e-25	IKZF1	c15
1.5070251187311e-22	0.148987898122888	0.18	0.108	5.05426084320036e-18	TPP1	c15
1.96512951849368e-24	0.148925381273668	0.997	0.928	6.59065137912411e-20	RPL35	c15
4.54414904884599e-30	0.148816010741738	0.337	0.208	1.52401670800197e-25	NDUFA8	c15
1.29596848086324e-20	0.148750438035181	0.242	0.16	4.34641909111915e-16	RGS2	c15
1.29923796398336e-18	0.148685035228034	0.132	0.078	4.35738428360739e-14	SLC25A17	c15
2.42767750900984e-28	0.14846000742535	0.232	0.137	8.1419448297172e-24	SPTLC1	c15
1.78589467572703e-30	0.148442445824372	0.426	0.275	5.9895335634533e-26	VOPP1	c15
1.73355838770191e-31	0.148270255223274	0.265	0.156	5.81400812067466e-27	EBNA1BP2	c15
4.83581032088392e-21	0.148255417348564	0.821	0.617	1.62183406541805e-16	NDUFA6	c15
7.78064548224699e-18	0.148105669861368	0.089	0.048	2.60947288183599e-13	ASB3	c15
4.51851890563326e-28	0.148054449428576	0.268	0.164	1.51542087057128e-23	DESI2	c15
2.0600576070998e-23	0.147650212364211	0.199	0.121	6.90902120269132e-19	C21orf91	c15
7.9422911733141e-30	0.147421256761479	0.616	0.415	2.66368561370608e-25	MAPRE1	c15
2.41368963967817e-21	0.14706538523706	0.173	0.104	8.09503231355263e-17	C15orf40	c15
1.87452143069854e-07	0.146888194660595	0.059	0.038	0.00628676997427676	CENPH	c15
4.63097726239009e-12	0.146438028094429	0.128	0.084	1.55313715426039e-07	CASP1	c15
1.01144928117755e-17	0.146326821809285	0.109	0.062	3.39219859921327e-13	PIAS3	c15
6.17217623597108e-30	0.145807437549405	0.365	0.232	2.07002446601998e-25	TARS	c15
1.41482228191496e-09	0.145711145488029	0.05	0.028	4.74503096908639e-05	CTNS	c15
7.24114347987374e-32	0.145611926164649	0.15	0.078	2.42853470028005e-27	TIAM2	c15
3.51885036852298e-17	0.145587236829545	0.109	0.063	1.18015203659524e-12	HSD17B12	c15
1.47733246487357e-31	0.145523872292442	0.445	0.28	4.95467762069298e-27	MRPL47	c15
1.81424031934305e-31	0.14476498417626	0.531	0.35	6.08459918301271e-27	PSMA1	c15
3.14772141673617e-29	0.144542259229861	0.311	0.194	1.05568280874498e-24	YAF2	c15
3.75102986028533e-30	0.144495645069331	0.333	0.206	1.25802039454249e-25	TOLLIP	c15
4.7203621132017e-33	0.144484646601817	0.499	0.317	1.58311504552559e-28	GID8	c15
1.25558080876674e-33	0.14445255495348	0.371	0.23	4.2109669164419e-29	KIF3A	c15
1.3059459798845e-18	0.14442154956819	0.184	0.116	4.37988162733663e-14	MXRA7	c15
1.5624296916689e-26	0.144215223453193	0.539	0.362	5.24007669991917e-22	MPC2	c15
7.44858761164657e-14	0.144187501775916	0.072	0.04	2.49810731319403e-09	ZADH2	c15
5.95672991238062e-23	0.144178732516115	0.16	0.093	1.99776807801421e-18	BEX4	c15
7.17649719268255e-10	0.144045627270337	0.054	0.031	2.40685362848187e-05	GNPDA2	c15
7.24355727783943e-26	0.143803092378474	0.682	0.482	2.42934423984179e-21	NRBP1	c15
2.21235698123235e-35	0.143676160760205	0.419	0.259	7.41980284365704e-31	SAR1B	c15
2.6880768877036e-22	0.143641681881188	0.168	0.099	9.01527226598033e-18	NUP93	c15
1.0950373000771e-10	0.143578830998299	0.057	0.032	3.67253609699858e-06	ANKRD26	c15
9.99981074882959e-21	0.143366753125537	0.711	0.525	3.35373652894247e-16	UQCRFS1	c15
3.01432336376096e-18	0.143253411205269	0.148	0.09	1.01094376973815e-13	UCK1	c15
1.47477275458903e-22	0.143023819567683	0.146	0.083	4.94609286434068e-18	KCTD5	c15
2.73324250699627e-25	0.142887898622015	0.249	0.153	9.16674871996408e-21	KBTBD4	c15
1.12113798241368e-32	0.142843792593821	0.348	0.213	3.760072565419e-28	SSRP1	c15
3.53504885209027e-40	0.142791504408397	0.423	0.26	1.18558468401403e-35	TLN1	c15
9.19005845125785e-15	0.142700029364108	0.082	0.046	3.08216180338286e-10	HMGCL	c15
5.32893093611853e-35	0.142593616212662	0.331	0.198	1.78721685735543e-30	UBQLN1	c15
3.63671085300964e-08	0.142442091616778	0.043	0.025	0.00121968008588237	ST7L	c15
1.21968613435339e-06	0.142399628986352	0.045	0.028	0.040905833573944	CTU1	c15
1.23714133233431e-24	0.142172732636217	0.187	0.11	4.1491246003828e-20	C12orf49	c15
9.38013341916077e-09	0.142134892952844	0.064	0.039	0.000314590914611814	C11orf68	c15
1.68055486998546e-37	0.14210381317388	0.64	0.435	5.63624492295725e-33	FLNA	c15
8.80172497765954e-22	0.142085498374022	0.65	0.466	2.95192252300746e-17	UXT	c15
1.28336838591243e-19	0.142082540955035	0.122	0.069	4.30416089267311e-15	FAM98A	c15
1.55631823836165e-30	0.142050095101741	0.321	0.197	5.21958010781731e-26	TMEM230	c15
3.18877637926445e-07	0.141932655361646	0.053	0.033	0.0106945182207771	ECI1	c15
5.35524167164017e-28	0.141828421678098	0.191	0.109	1.79604095183468e-23	AAR2	c15
2.15520548854299e-11	0.141800240480144	0.063	0.036	7.22812816747548e-07	PLA2G15	c15
2.24516994669473e-23	0.14162657367521	0.65	0.458	7.52985096722478e-19	POLR1D	c15
1.95899320779629e-21	0.141426863829905	0.201	0.124	6.57007142030719e-17	GPR137	c15
3.55599825741012e-21	0.141407290236591	0.72	0.526	1.19261069557021e-16	ATP5MPL	c15
2.34928286703054e-31	0.141308507979626	0.284	0.172	7.87902487944701e-27	TMEM263	c15
3.3177498995102e-22	0.141084818903303	0.634	0.451	1.11270696129773e-17	MOB1A	c15
3.20103456807611e-26	0.140929702686074	0.262	0.161	1.07356297344136e-21	ZCCHC10	c15
4.92844915274997e-18	0.140783573353251	0.145	0.088	1.65290327684928e-13	CBWD1	c15
3.11066220382693e-10	0.140765473199636	0.063	0.037	1.04325388991948e-05	CDKN3	c15
3.75685169798768e-23	0.140729494933268	0.967	0.851	1.25997292247111e-18	TMA7	c15
7.42521137277709e-23	0.140684765018699	1	0.951	2.49026739020198e-18	RPS21	c15
2.86071564469572e-18	0.140636810407555	0.118	0.069	9.59426812918049e-14	AGFG2	c15
3.62698369782528e-27	0.14048807405418	0.284	0.178	1.21641779257664e-22	U2AF1L4	c15
6.02573192532333e-14	0.140415545404144	0.087	0.051	2.02090997311494e-09	CNPY4	c15
1.88159757116778e-15	0.140405737701602	0.08	0.044	6.31050193418249e-11	PDK1	c15
4.15635039328279e-26	0.140355832542539	0.173	0.099	1.39395679489918e-21	NKIRAS2	c15
1.06617933143931e-31	0.140333060002229	1	0.966	3.57575224178117e-27	RPLP1	c15
3.30749434987002e-11	0.139954558450671	0.063	0.036	1.10926745505941e-06	PPOX	c15
3.9185666338631e-17	0.139855712460301	0.113	0.066	1.31420887766501e-12	NF2	c15
8.09686979233369e-17	0.139835279497235	0.126	0.075	2.71552819095287e-12	ILVBL	c15
2.84138170672452e-24	0.139741682097329	0.179	0.105	9.5294259680127e-20	ACSL3	c15
7.19669665238001e-21	0.139732105323981	0.717	0.519	2.41362812327521e-16	SF3B6	c15
1.24054912221447e-31	0.139428160069328	0.209	0.118	4.16055364608289e-27	LARP4	c15
5.0929970575938e-11	0.139254679105727	0.061	0.035	1.70808935317581e-06	ZNF174	c15
1.07509747253569e-12	0.139197246678303	0.079	0.046	3.60566190339018e-08	TP53	c15
6.31163978549067e-18	0.139157965816636	0.154	0.094	2.11679775125786e-13	PDRG1	c15
6.31088857998348e-30	0.138890968195714	0.249	0.148	2.11654581195486e-25	EXOC5	c15
2.90577902343226e-16	0.13867372563904	0.147	0.092	9.74540168878711e-12	TRAPPC5	c15
2.56742270078784e-22	0.138659687308595	0.13	0.072	8.61062225390224e-18	PROSER1	c15
1.0480826192538e-23	0.138554378480933	0.107	0.056	3.51505948845339e-19	NCLN	c15
5.81720893426693e-07	0.138370351444369	0.05	0.031	0.0195097553237444	SLC39A3	c15
9.09381370959812e-12	0.138197164107851	0.065	0.037	3.04988324192502e-07	UTP15	c15
4.23292929648502e-20	0.137812023765054	0.14	0.082	1.41963982745515e-15	GSK3A	c15
8.31817467990528e-26	0.137660579617254	0.274	0.17	2.78974942414663e-21	ZGPAT	c15
1.35557204229716e-38	0.137622436688719	0.338	0.202	4.54631751545622e-34	PSTPIP1	c15
4.5955185948355e-34	0.137310987828461	0.302	0.181	1.54124502633593e-29	NDE1	c15
1.86952935542631e-27	0.137304203997886	0.276	0.17	6.27002755222875e-23	KPNA3	c15
3.81676573803193e-09	0.137269572681042	0.067	0.041	0.000128006689322115	DYRK4	c15
3.17730456038131e-35	0.13695181731901	0.559	0.364	1.06560440346068e-30	COPB1	c15
8.1760676366833e-28	0.136914153128042	0.495	0.329	2.74208956399085e-23	COX20	c15
1.77230554194735e-27	0.136788682069903	0.497	0.329	5.94395832658302e-23	LAMTOR1	c15
1.08815385689573e-16	0.136362646463156	0.049	0.022	3.64945040525689e-12	RUFY3	c15
3.88191587317144e-27	0.136358909138723	0.551	0.367	1.30191694554424e-22	PSMC3	c15
7.62548175125232e-20	0.136318748967512	0.156	0.094	2.557434069735e-15	TCP11L1	c15
6.23714057945117e-13	0.136303527747829	0.096	0.058	2.09181220753633e-08	PPIL1	c15
9.63228378020079e-19	0.136228630046362	0.709	0.514	3.23047533420374e-14	SUMO1	c15
8.54564753026568e-24	0.136087680540437	0.155	0.089	2.8660392687005e-19	GSS	c15
1.3619091526789e-28	0.136080576488958	0.543	0.362	4.56757091625449e-24	ANXA7	c15
7.53482695619299e-11	0.136037754451697	0.106	0.069	2.52703026456801e-06	CORO1C	c15
3.46276729549904e-24	0.135906018464556	0.239	0.148	1.16134289556447e-19	RANGRF	c15
1.62160570911206e-25	0.135844433544215	0.258	0.16	5.43854122722002e-21	TMEM115	c15
2.52144922967362e-11	0.135522269216231	0.072	0.042	8.45643642647938e-07	DNMT3A	c15
2.6113998712178e-18	0.135506240343775	0.598	0.448	8.75811288809025e-14	LAT	c15
1.12714833381945e-36	0.135412720229289	0.457	0.289	3.78023008196366e-32	SFXN1	c15
7.75823186428238e-24	0.135402020305348	0.584	0.403	2.60195580264303e-19	CCT5	c15
1.13271220353393e-06	0.135180355861305	0.03	0.017	0.0379889018821209	ZNF765	c15
1.67986872488741e-19	0.135177994975394	0.126	0.073	5.63394372952738e-15	MCAT	c15
2.27397159985077e-23	0.135032104452182	0.17	0.1	7.62644595157952e-19	LAMP2	c15
1.01237285523975e-23	0.134998327343259	0.166	0.096	3.39529608190307e-19	TRUB2	c15
1.29346556156073e-23	0.134982230235167	0.157	0.09	4.33802480036236e-19	SLC7A6OS	c15
1.43693044136625e-11	0.134975672745799	0.071	0.041	4.81917731425414e-07	ALDOC	c15
2.14829038517384e-13	0.134743310604967	0.055	0.029	7.20493629379603e-09	TMEM161A	c15
9.2568035160201e-33	0.134548143568158	0.402	0.251	3.10454676320282e-28	LAMTOR4	c15
1.34814184525419e-22	0.134497635611247	0.2	0.121	4.5213981206135e-18	TVP23B	c15
2.3743966471419e-30	0.134480516315171	0.317	0.196	7.96325147518449e-26	FDPS	c15
1.37359849907856e-28	0.134441751926382	0.484	0.313	4.60677464620968e-24	SDHB	c15
3.3643350450472e-31	0.134206345081479	0.368	0.23	1.12833068740793e-26	SNRNP40	c15
1.88161675326556e-21	0.134183077817403	0.202	0.125	6.31056626710202e-17	SLC25A11	c15
1.41894497786514e-07	0.133995226108494	0.037	0.021	0.00475885766676412	NRAV	c15
2.89772173317783e-20	0.133971994142767	0.146	0.086	9.7183791487318e-16	RRP15	c15
1.39457428488321e-38	0.133769292608146	0.337	0.201	4.67712323664132e-34	SMC5	c15
2.33359315117801e-35	0.133725188048576	0.218	0.12	7.82640471042081e-31	GPAA1	c15
9.31383435794776e-26	0.133718610674822	0.657	0.464	3.12367376696852e-21	GDI2	c15
1.34296054660475e-15	0.133585816692979	0.133	0.082	4.50402108120301e-11	BET1	c15
1.25815383237789e-16	0.1335607196125	0.121	0.072	4.21959632302896e-12	PEX19	c15
3.03161900842505e-29	0.133533413782456	0.173	0.096	1.01674438304559e-24	DELE1	c15
1.21921141774343e-21	0.13343615541517	0.609	0.427	4.08899125282791e-17	TMED9	c15
1.29195494797465e-40	0.133376042126294	0.707	0.489	4.33295850451738e-36	CBLB	c15
2.62248177861865e-11	0.133208238498669	0.058	0.032	8.79527938913122e-07	SNN	c15
5.93062575777381e-20	0.133054432266723	0.226	0.146	1.98901326664218e-15	ALG5	c15
5.57374895175695e-32	0.133008708478322	0.413	0.263	1.86932392344025e-27	PMPCB	c15
1.68442652298153e-28	0.132901669786995	1	0.946	5.64922967277547e-24	RPS13	c15
3.20868934246136e-13	0.132796670910252	0.082	0.048	1.07613023167469e-08	POC1B	c15
7.2816018288816e-20	0.132752752769721	0.182	0.112	2.44210362137031e-15	NUBP1	c15
2.69857460082338e-10	0.132556748319396	0.071	0.043	9.05047949624146e-06	MOSPD1	c15
3.73900485500244e-22	0.132513354747935	0.12	0.066	1.25398744827072e-17	TCF12	c15
1.74500760466339e-15	0.132328326517851	0.148	0.094	5.85240650452009e-11	EBAG9	c15
9.09414695214339e-27	0.132152874713075	0.361	0.232	3.04999500480985e-22	COPZ1	c15
9.65722169350943e-11	0.131770872518612	0.032	0.015	3.23883901156919e-06	FADS3	c15
4.48804318434993e-13	0.131514228927459	0.09	0.053	1.50519992316728e-08	TP53INP2	c15
3.43946034380478e-26	0.131314058793296	0.261	0.162	1.15352621010525e-21	CSGALNACT2	c15
1.51373265371079e-22	0.1311194656705	0.221	0.136	5.07675657401524e-18	PSMD10	c15
1.4953889580626e-24	0.131095059245835	0.471	0.32	5.01523548755036e-20	UFM1	c15
8.72014074359318e-07	0.131072717652552	0.02	0.01	0.0292456080258628	VIPR2	c15
8.33720288555899e-11	0.131035723437577	0.083	0.051	2.79613110375877e-06	ZFP1	c15
1.32442000706187e-24	0.130924372589266	0.211	0.128	4.44183981968408e-20	JOSD2	c15
1.81854773069131e-12	0.130797899388337	0.073	0.042	6.09904537919253e-08	DUS1L	c15
1.09373227339223e-15	0.130672397860173	0.073	0.039	3.66815929850286e-11	ACER3	c15
8.32659081259858e-20	0.130626011856434	0.184	0.114	2.79257202672931e-15	IMPA1	c15
5.22996186935239e-28	0.130609046027519	0.401	0.259	1.75402461174341e-23	TPGS1	c15
7.52905668168121e-30	0.130566681668415	0.263	0.158	2.52509502990224e-25	STK40	c15
8.64678730891434e-17	0.130420568224971	0.156	0.098	2.89995952766369e-12	BCKDHA	c15
2.73958116197539e-28	0.130355334610456	0.478	0.313	9.18800730103308e-24	ACP1	c15
1.66205047488598e-17	0.130257898181082	0.117	0.068	5.57418488267259e-13	TMEM250	c15
4.02454832770896e-20	0.130168505792484	0.671	0.492	1.34975301814703e-15	LY6E	c15
1.87168409371409e-19	0.129840408138248	0.13	0.075	6.27725411349833e-15	TMEM185B	c15
2.25971692080793e-22	0.129783822079606	0.756	0.558	7.57863860900562e-18	DRAP1	c15
4.01699294178192e-28	0.129698252603976	0.503	0.334	1.34721909281482e-23	DERL1	c15
1.34291994911141e-09	0.12950781809703	0.059	0.035	4.50388492532985e-05	ZNF614	c15
7.0919408521004e-26	0.129463770199658	0.19	0.111	2.37849512297743e-21	OPA1	c15
2.09448297358284e-12	0.129422451319665	0.052	0.028	7.02447699680214e-08	SLC12A6	c15
5.38786277273746e-17	0.129391510347919	0.113	0.066	1.80698141672069e-12	ZBTB45	c15
1.18341301246342e-31	0.129368461079447	0.31	0.189	3.96893056119983e-27	NARS	c15
4.79124418892663e-27	0.129300313523916	0.323	0.206	1.60688747608221e-22	C1orf35	c15
3.85358838982732e-11	0.129260601415778	0.058	0.033	1.29241647418029e-06	FAHD1	c15
1.57510819614033e-20	0.129147782136059	0.658	0.47	5.28259786821544e-16	NOP10	c15
6.98507249062533e-12	0.129126328770506	0.057	0.031	2.34265361190592e-07	FIG4	c15
1.41979039635309e-39	0.128967801451358	0.378	0.231	4.761693031289e-35	NCOA7	c15
2.9952788344124e-20	0.128931043299077	0.556	0.396	1.00455661548523e-15	GPSM3	c15
1.24475828470554e-20	0.128739110069454	0.153	0.09	4.17467033524544e-16	RAB39B	c15
1.69902239811214e-23	0.128513760855851	1	0.943	5.6981813187885e-19	RPL36	c15
3.04928740150055e-15	0.128511167946735	0.15	0.095	1.02267000871526e-10	DUSP23	c15
3.79634793215248e-13	0.127748179346186	0.144	0.095	1.2732191694853e-08	APIP	c15
2.85140449832275e-30	0.127683738066183	0.286	0.173	9.56304040647484e-26	RNASEH2C	c15
6.2033899148321e-32	0.127635072619494	0.439	0.28	2.08049290963639e-27	CDS2	c15
1.489769530216e-32	0.12745335625009	0.423	0.267	4.99638905043842e-28	SHOC2	c15
1.14167779856669e-22	0.127385966008106	0.738	0.535	3.82895900083295e-18	SET	c15
3.2687365335389e-27	0.1273016092928	0.754	0.544	1.09626885861828e-22	EWSR1	c15
1.03450277166631e-30	0.127211194408273	0.36	0.223	3.46951539561448e-26	DEDD	c15
1.07484141764711e-26	0.127141033248135	0.317	0.202	3.60480314650487e-22	RAB29	c15
3.00724547315356e-18	0.12703021909008	0.34	0.235	1.00856998678624e-13	SRM	c15
4.97394341994604e-32	0.12699455924782	0.29	0.176	1.6681611441815e-27	ITGB7	c15
2.16505829927042e-09	0.126930809656496	0.072	0.045	7.26117252409313e-05	CAMKK2	c15
7.20264583015063e-08	0.126815340052591	0.041	0.023	0.00241562335851592	SWT1	c15
7.74588161784104e-30	0.126610290751135	0.355	0.224	2.59781377699153e-25	DNAJC3	c15
1.07863901167918e-18	0.126535900599765	0.127	0.075	3.61753951736962e-14	PSMG3	c15
6.58769568250867e-23	0.126258472360372	0.168	0.098	2.20938137799976e-18	INIP	c15
7.00860217308345e-29	0.126197636786048	0.397	0.254	2.35054499680873e-24	ANP32E	c15
2.15109532235823e-14	0.126136556841656	0.086	0.049	7.21434349212505e-10	KTI12	c15
1.48554449682938e-19	0.126086830256028	0.158	0.096	4.98221913346639e-15	IBTK	c15
3.50320125733832e-30	0.126077544204687	0.267	0.16	1.17490363768612e-25	GPS1	c15
2.35359900275958e-07	0.126073278376009	0.049	0.03	0.00789350033545509	LXN	c15
4.51626795237637e-15	0.126018212288738	0.144	0.092	1.51466594586799e-10	SLC27A2	c15
5.21636084216311e-14	0.125984636116538	0.061	0.032	1.74946309924466e-09	TMEM106A	c15
3.02496521284287e-26	0.125813033357525	0.253	0.155	1.01451283308324e-21	AK2	c15
1.82625152805575e-29	0.125800846002608	0.555	0.374	6.12488237479336e-25	PTBP1	c15
4.09696368599434e-25	0.125761821194493	0.23	0.14	1.37403968100878e-20	MPLKIP	c15
1.1412929979039e-22	0.125614993751333	0.306	0.201	3.8276684563701e-18	GDE1	c15
1.42749237910562e-22	0.125584117464046	0.555	0.385	4.78752394104442e-18	PSMD6	c15
9.70796436301258e-27	0.125570300831491	0.22	0.13	3.25585708806716e-22	COPS4	c15
1.03820812816695e-21	0.12552836490344	0.664	0.467	3.48194242024631e-17	UBE2L3	c15
3.14543837652417e-38	0.125493946050437	0.275	0.159	1.05491712271868e-33	BOD1L1	c15
2.06857636298264e-22	0.125441343322455	0.241	0.152	6.93759140617118e-18	ATP5PO	c15
3.6905752282896e-26	0.125352520002124	0.434	0.286	1.23774512006377e-21	PSMC2	c15
1.54939050281196e-24	0.125267172567408	0.829	0.646	5.19634586833076e-20	FNBP1	c15
2.75420877458301e-18	0.125185381137338	0.134	0.08	9.2370653881965e-14	MCCC2	c15
9.15336735326417e-14	0.125174320885877	0.077	0.043	3.06985634293774e-09	TEFM	c15
7.98815295434909e-08	0.125082053700146	0.024	0.012	0.0026790667378296	NLK	c15
9.65568029671481e-28	0.124989446063873	0.222	0.131	3.23832205791221e-23	STT3A	c15
2.2812434343749e-24	0.124932686889663	0.259	0.162	7.65083423020652e-20	POP4	c15
4.72584319268968e-21	0.124922266971475	1	0.952	1.58495328996426e-16	RPL7A	c15
2.12456879421306e-21	0.124836123222451	0.261	0.169	7.12537882203176e-17	GLA	c15
2.04414603385257e-31	0.124833819446417	0.307	0.187	6.85565696833475e-27	CCM2	c15
2.61651525969639e-14	0.124777282427964	0.999	0.951	8.77526887796976e-10	TPT1	c15
3.06195904419171e-13	0.124752579152867	0.098	0.059	1.02691982424102e-08	UMPS	c15
6.7609792056081e-29	0.124689287124545	0.316	0.198	2.26749720597684e-24	E2F4	c15
3.51057340083391e-16	0.124511105383023	0.162	0.104	1.17737610717168e-11	GPR108	c15
6.18051161300462e-19	0.12448773644421	0.997	0.934	2.07281998476949e-14	RPL21	c15
5.60626802112772e-25	0.124266353484623	0.284	0.178	1.88023016892582e-20	OVCA2	c15
5.84041059855251e-28	0.124185961131016	0.229	0.136	1.95875690654254e-23	C7orf50	c15
3.89654388287238e-08	0.123871554929782	0.037	0.02	0.00130682288743774	ZNF543	c15
7.18355708836077e-24	0.123852955823263	0.251	0.157	2.40922137629444e-19	UBLCP1	c15
2.74149397566994e-26	0.123817992635802	0.212	0.126	9.19442249560186e-22	C8orf76	c15
3.37026918501236e-28	0.123743384890149	0.491	0.32	1.13032087926944e-23	SEC13	c15
2.51367867229163e-28	0.123665942030301	0.144	0.078	8.43037553113168e-24	TTF2	c15
2.65772773086988e-42	0.123498408381695	0.599	0.395	8.91348726379141e-38	KDM6B	c15
2.41621445038879e-18	0.123350100349547	0.113	0.065	8.10350002371391e-14	EIPR1	c15
8.70265000621337e-27	0.123190656307357	0.481	0.318	2.91869475908384e-22	TRAPPC3	c15
9.84456574781759e-28	0.123167594799735	0.372	0.238	3.30167046050306e-23	MRPL9	c15
1.4780212733058e-21	0.123153917229039	0.228	0.146	4.95698774641301e-17	STK24	c15
9.87726067370046e-25	0.122781718787373	0.125	0.067	3.31263568474566e-20	PITPNM1	c15
9.87037713473744e-16	0.12274841798127	0.103	0.06	3.31032708344824e-11	TMA16	c15
9.15036377065599e-31	0.122730307427326	0.525	0.342	3.06884900140261e-26	HNRNPAB	c15
2.26538121665676e-26	0.122715891319584	0.375	0.241	7.59763552442346e-22	MRPL21	c15
2.61578057124554e-24	0.122562653468928	0.559	0.383	8.77280487984328e-20	PSMC5	c15
3.49700312373597e-25	0.122463794258556	0.198	0.117	1.17282490763857e-20	NFU1	c15
5.76769335179115e-33	0.122463272924952	0.287	0.169	1.93436899632371e-28	SNAPIN	c15
4.60950859043079e-26	0.12240136402569	0.542	0.362	1.54593699105868e-21	RPS19BP1	c15
2.36584898917122e-12	0.12239123449453	0.07	0.04	7.93458433988245e-08	PRKCZ	c15
4.71557650773291e-29	0.12232503326026	0.221	0.13	1.58151004916346e-24	SUMF2	c15
1.67778100270547e-31	0.122295034280282	0.306	0.186	5.62694192687361e-27	DLST	c15
4.45108515562574e-26	0.122222917314622	0.382	0.249	1.49280493949376e-21	MIEN1	c15
1.28223983274224e-25	0.122208097386881	0.344	0.225	4.30037595105091e-21	ZCRB1	c15
5.77309947700743e-10	0.122185384209015	0.032	0.016	1.93618210259875e-05	ZNF783	c15
1.14626968664015e-25	0.122010788960368	1	0.948	3.84435927505374e-21	RPLP2	c15
6.97287593188237e-15	0.121851595802963	0.149	0.096	2.33856313003471e-10	FUT11	c15
2.71133451077347e-20	0.121668604511116	0.197	0.123	9.09327368223206e-16	CREBL2	c15
5.76706569163546e-30	0.121646401762859	0.45	0.293	1.9341584916607e-25	SECISBP2L	c15
1.48272876529851e-22	0.121580184307546	0.197	0.12	4.97277573305814e-18	MRPS11	c15
8.32990807132919e-18	0.121473650363873	0.132	0.078	2.79368456896238e-13	FUBP3	c15
3.90039375761949e-57	0.12141502719004	0.411	0.234	1.30811405843042e-52	MAP4	c15
1.68369467365802e-27	0.121190918154996	0.252	0.153	5.64677519651428e-23	NSUN5	c15
6.82844462667653e-21	0.121074819526102	0.682	0.491	2.29012375889477e-16	NUDC	c15
2.14240595252514e-29	0.120748065542285	0.307	0.189	7.1852010835788e-25	SSSCA1	c15
2.4639071491976e-10	0.120707294785181	0.038	0.019	8.2634517969789e-06	TOP1MT	c15
4.2398248384627e-15	0.120648095516659	0.066	0.035	1.42195245432362e-10	BMPR2	c15
4.84100921986296e-25	0.120587442723625	0.137	0.075	1.62357767215764e-20	LRRC23	c15
1.11397956346397e-16	0.120437586158723	1	0.979	3.73606465994546e-12	B2M	c15
3.4796699847637e-14	0.120366833496173	0.109	0.066	1.16701171949005e-09	TGFBR3	c15
7.72932996924165e-24	0.120293416183187	0.191	0.114	2.59226268508426e-19	WRB	c15
4.3806189935343e-30	0.120286446146557	0.326	0.202	1.46917199805153e-25	PPID	c15
1.09070552942021e-10	0.120072798546362	0.067	0.039	3.6580082045695e-06	ELMOD2	c15
3.34688008148094e-30	0.119672681731277	0.155	0.082	1.12247664172708e-25	ME2	c15
9.1590690405531e-13	0.119664113419049	0.079	0.046	3.0717685748207e-08	MARCH2	c15
2.30049219903877e-28	0.119594622237694	0.633	0.449	7.71539073713621e-24	JAML	c15
3.03806569334879e-31	0.119490851762421	0.357	0.222	1.01890647223532e-26	PFDN1	c15
5.51885935591532e-29	0.119367643934599	0.407	0.259	1.85091505078688e-24	NAA20	c15
1.7010373345999e-28	0.119305868211432	0.547	0.359	5.70493901278115e-24	PPP2CA	c15
2.01947114901943e-20	0.11907649408499	0.999	0.953	6.77290233958135e-16	RPS7	c15
4.60400340144124e-12	0.119013149537488	0.134	0.088	1.54409066077536e-07	BLVRB	c15
6.40995885572914e-17	0.118467801801621	0.098	0.055	2.14977200103444e-12	PDF	c15
7.28494901971878e-09	0.118414534994073	0.054	0.032	0.000244322620223329	PDLIM7	c15
2.04257751837726e-21	0.118371506960183	0.217	0.137	6.85039648113367e-17	STAMBP	c15
3.15517576575785e-17	0.118363786460321	0.093	0.052	1.05818284831987e-12	ATAD3A	c15
3.30023244564864e-21	0.117900165703785	0.706	0.511	1.10683195762164e-16	NOL7	c15
2.60545841209401e-26	0.117670070041568	0.31	0.195	8.7381864224809e-22	MFSD5	c15
1.45807639573553e-25	0.117570764112058	0.237	0.144	4.89009661601784e-21	GSKIP	c15
3.23626808293e-16	0.117479239339786	0.139	0.086	1.08537958965306e-11	IER3IP1	c15
1.79735052794755e-32	0.117456451764915	0.298	0.178	6.0279542006305e-28	IDH3B	c15
4.13382026932355e-21	0.117403637036091	0.143	0.083	1.38640064192573e-16	EXOSC6	c15
3.21717937351374e-21	0.117081169985174	0.105	0.056	1.07897761828904e-16	TRAPPC12	c15
1.19044278851634e-25	0.117074016544065	0.39	0.253	3.99250702412608e-21	MRPS18C	c15
1.60601483930168e-18	0.11703928915213	0.648	0.477	5.38625256804999e-14	ANXA11	c15
5.29726151003989e-29	0.116951476658815	0.339	0.212	1.77659556523718e-24	ADPRHL2	c15
3.14342974430203e-22	0.116945650061286	0.633	0.444	1.05424346764402e-17	SELENOS	c15
1.18319661945704e-24	0.116661789642512	0.42	0.278	3.96820482233502e-20	COPS8	c15
1.04337425514762e-26	0.116599124403436	0.293	0.182	3.49926857691409e-22	TOR1A	c15
2.67579536659269e-28	0.116531411221499	0.463	0.301	8.97408250047857e-24	CD2BP2	c15
2.67509568656187e-26	0.116461288410462	0.409	0.265	8.97173591359121e-22	COX16	c15
2.0857284248894e-20	0.116318001250547	0.191	0.119	6.99511599139408e-16	CLIC5	c15
3.48511768584297e-15	0.11626355562099	0.094	0.054	1.16883876947802e-10	HAGHL	c15
2.67641077131394e-31	0.116252639068318	0.399	0.249	8.97614644483268e-27	MOB2	c15
7.76850702295733e-30	0.116088401052898	0.232	0.137	2.60540188535943e-25	PUM3	c15
1.33855915728409e-24	0.116066316061242	0.648	0.455	4.48925970169939e-20	WASF2	c15
5.62911509632987e-24	0.116049439981693	0.325	0.212	1.88789262100711e-19	HTATSF1	c15
4.6816374470555e-25	0.116021877828913	0.569	0.387	1.57012756699347e-20	PDCD10	c15
2.44310044873524e-09	0.115980218300019	0.044	0.024	8.19367028496824e-05	DENND1A	c15
3.58135962583074e-25	0.11591461118977	0.237	0.146	1.20111639131111e-20	SIAH2	c15
1.47545245673084e-21	0.115679829538936	0.669	0.474	4.9483724493839e-17	ZNF706	c15
2.64384802233582e-09	0.115499122892371	0.051	0.029	8.86693749730987e-05	SCLY	c15
1.01462711983886e-27	0.115394982727357	0.311	0.193	3.40285643451558e-23	ATG101	c15
2.74984730582012e-11	0.115285629019897	0.093	0.058	9.22243789425952e-07	ETS2	c15
1.56777189912903e-07	0.115254363787614	0.058	0.036	0.00525799339529896	TIPIN	c15
4.71167824822628e-26	0.115174211930378	0.18	0.103	1.58020265089013e-21	KCMF1	c15
8.41839177985296e-28	0.115122888453547	0.334	0.209	2.82336023512709e-23	MZT1	c15
1.64325773910297e-24	0.114911223801647	0.171	0.099	5.51115780540355e-20	SEC24A	c15
5.12748655541827e-12	0.1148561129339	0.103	0.065	1.71965644095618e-07	TNFSF8	c15
7.65902118213424e-08	0.114806306589788	0.059	0.037	0.00256868252406418	BOLA1	c15
3.0688941203532e-13	0.114684007228129	0.099	0.06	1.02924571008406e-08	FH	c15
2.98964225953954e-27	0.114655516512828	0.366	0.234	1.00266622100437e-22	PRCC	c15
3.89756299643085e-12	0.114613519330685	0.088	0.053	1.30716467774298e-07	TAPBPL	c15
9.60796153591974e-07	0.114534535796762	0.025	0.013	0.0322231813991676	PLEKHM3	c15
1.02845596650785e-34	0.114527238521396	0.487	0.308	3.44923562047403e-30	NFKBIB	c15
1.75623240825664e-25	0.114522497225507	0.266	0.164	5.89005225081112e-21	MRPS2	c15
1.25718080315984e-12	0.114237861746166	0.072	0.041	4.21633297763748e-08	C17orf75	c15
1.79974247939721e-27	0.113981033990875	0.118	0.06	6.03597632740236e-23	POMT1	c15
2.2778952379171e-11	0.11391008720773	0.072	0.043	7.63960504892636e-07	ATPAF2	c15
1.22892873555535e-23	0.113881631274017	0.247	0.155	4.12158119330555e-19	PPP3R1	c15
2.01524048745383e-11	0.113740661638876	0.078	0.046	6.75871354682265e-07	C8orf82	c15
2.92398584510242e-26	0.113689993313991	0.416	0.271	9.80646372730449e-22	PDCD2	c15
1.69053009906288e-26	0.113443630401295	0.175	0.1	5.66969984623709e-22	TRPT1	c15
4.82563340634662e-16	0.11339925356038	0.136	0.084	1.61842093182053e-11	HAUS1	c15
1.75630612124337e-28	0.113345857405121	0.359	0.227	5.89029946942601e-24	TFG	c15
7.94276107384044e-20	0.113104247396972	0.803	0.629	2.66384320894461e-15	VCP	c15
1.7169842621948e-30	0.113000435273439	0.211	0.121	5.75842181854891e-26	ATP6V0A2	c15
7.33490582568883e-23	0.112954775765683	0.215	0.133	2.45998071581952e-18	ABHD12	c15
2.07327345074079e-18	0.112929273830858	0.65	0.471	6.95334449909445e-14	MZT2B	c15
2.70824889639558e-09	0.112895183405718	0.046	0.026	9.08292514873149e-05	THTPA	c15
5.86787010865973e-31	0.112873190448652	0.27	0.161	1.9679662770423e-26	SNAP23	c15
8.513528540276e-26	0.11266443875557	0.275	0.17	2.85526720183777e-21	DCUN1D5	c15
1.14868913819826e-07	0.112481049753771	0.036	0.02	0.00385247363168933	RHBDD1	c15
5.16393399578232e-25	0.112468153100208	0.375	0.245	1.73188018350547e-20	FUNDC2	c15
2.02343296496546e-33	0.112465561435191	0.216	0.121	6.78618947790115e-29	OTUD5	c15
4.42609855188243e-27	0.112410215303617	0.405	0.262	1.48442493233033e-22	SZRD1	c15
5.9844366669413e-16	0.112350698463191	0.071	0.037	2.00706036935877e-11	GMPPA	c15
4.36191274353651e-27	0.112213859547676	0.279	0.173	1.46289829592727e-22	SNX5	c15
1.11731428264391e-19	0.11215197802779	0.179	0.111	3.74724864113114e-15	HDDC2	c15
9.19240678496318e-12	0.112003959051199	0.092	0.057	3.08294938754095e-07	DONSON	c15
5.3442843185712e-22	0.111523356282611	0.127	0.071	1.79236607476241e-17	FAM219B	c15
9.34521778583123e-17	0.111462141564927	0.114	0.067	3.13419914101208e-12	TAB3	c15
4.614628917172e-19	0.111359955959076	1	0.949	1.54765424624115e-14	RPS23	c15
7.19300274354383e-12	0.111354123667809	0.055	0.03	2.41238926012973e-07	ZNF189	c15
6.50582461533907e-18	0.111238763546162	0.651	0.478	2.18192345949242e-13	MAT2B	c15
2.72076464483028e-29	0.11110826754711	0.409	0.259	9.1249004658318e-25	RRAGA	c15
3.74019077252785e-24	0.111066085740046	0.589	0.402	1.25438518129039e-19	CAMLG	c15
1.84096174278576e-11	0.111046861997396	0.068	0.04	6.17421749295488e-07	SPNS3	c15
4.55738507739638e-36	0.110996248180808	0.262	0.151	1.5284558072572e-31	AKAP17A	c15
1.9151069793329e-09	0.11089370380426	0.061	0.036	6.42288578728669e-05	ZNF627	c15
9.65714881344294e-12	0.110794712120188	0.041	0.02	3.23881456905249e-07	PTDSS2	c15
2.68400009583281e-15	0.11072933421307	0.091	0.052	9.00159952140407e-11	AGPAT3	c15
1.38142046496725e-13	0.110670934118757	0.096	0.058	4.63300795540715e-09	AGA	c15
2.12704481110122e-17	0.110664677255331	0.146	0.09	7.13368288747127e-13	SARDH	c15
4.09593178428426e-21	0.110627782135549	0.457	0.317	1.37369360181326e-16	RTF2	c15
4.85937842705611e-18	0.110492050661253	0.799	0.612	1.62973833686608e-13	HNRNPA0	c15
8.73777789049819e-25	0.110486273650292	0.633	0.434	2.93047594891528e-20	RBM17	c15
1.41103096602241e-26	0.110296537890185	0.401	0.259	4.73231565384595e-22	MRPL22	c15
9.51786047637275e-25	0.109998576072931	0.518	0.352	3.19210004656589e-20	PWP1	c15
2.43474190291573e-24	0.109903611443718	0.568	0.388	8.16563739399879e-20	ARF4	c15
1.17008215584864e-25	0.109840632770829	0.12	0.063	3.92422153428515e-21	MTA1	c15
5.26259860040209e-24	0.109726424495042	0.495	0.334	1.76497031860285e-19	UQCRC2	c15
2.9720930987361e-29	0.109613654662473	0.415	0.268	9.96780583454113e-25	PITPNB	c15
5.77250494400703e-20	0.109573631497521	0.092	0.048	1.93598270812108e-15	ABCB8	c15
8.85707993625987e-19	0.109552536078664	1	0.966	2.97048746902283e-14	RPL10	c15
7.58554166898242e-30	0.10933062610738	0.546	0.355	2.54403896494333e-25	AAMP	c15
8.18805900043607e-10	0.109280583558665	0.041	0.022	2.74611122756625e-05	LDAH	c15
1.02967651150648e-29	0.10927353390439	0.362	0.226	3.45332908429042e-25	TSN	c15
8.46580023513718e-12	0.109116374703785	0.073	0.043	2.83926008286031e-07	MAK16	c15
1.12525111687423e-24	0.109077686415246	0.48	0.322	3.77386719577278e-20	TMUB1	c15
3.09418503343347e-08	0.109022142979198	0.058	0.035	0.00103772777651292	ZBTB6	c15
2.37272323080718e-18	0.109022064157947	0.794	0.605	7.95763917148111e-14	HIGD2A	c15
4.81966671786422e-27	0.108763471576374	0.58	0.408	1.6164198238373e-22	MT1X	c15
1.49827368054626e-23	0.108757077106246	0.467	0.313	5.02491026981603e-19	TUSC2	c15
6.93492685472768e-31	0.108728257364163	0.281	0.169	2.32583576853857e-26	MCRS1	c15
7.76961998860843e-25	0.108706437398506	0.278	0.176	2.60577515177949e-20	HIST1H1C	c15
6.17734976342988e-27	0.108599775248233	0.377	0.241	2.07175956365911e-22	TAF9	c15
3.74227143632204e-23	0.108539699151996	0.17	0.1	1.25508299431369e-18	TWISTNB	c15
3.97321215974196e-31	0.108405357278508	0.43	0.273	1.33253589413426e-26	FXR1	c15
4.38133697695091e-09	0.108299790766995	0.047	0.027	0.00014694127953298	CRAT	c15
8.74673400186421e-13	0.10821316239272	0.1	0.061	2.93347964954522e-08	ZNF749	c15
1.63606954217925e-24	0.108136994878049	0.572	0.391	5.48705003056076e-20	PDCD6	c15
2.57451105048557e-14	0.108049944243513	0.132	0.083	8.63439516111851e-10	FUCA1	c15
3.04388968899626e-22	0.107996161148117	0.158	0.092	1.02085972389557e-17	RABGEF1	c15
8.38111800952248e-21	0.107980335975156	0.645	0.455	2.81085935803365e-16	TBCA	c15
6.6644983244675e-25	0.107896666837984	0.278	0.175	2.23513944805991e-20	EI24	c15
1.34715554125863e-21	0.107748213199312	0.191	0.117	4.51809025427319e-17	TRIAP1	c15
2.60669609224859e-27	0.107732829244308	0.184	0.106	8.74233735418333e-23	PFKL	c15
1.96158508462923e-26	0.107711241469569	0.333	0.212	6.5787640568295e-22	PHAX	c15
9.15717577863075e-12	0.107650560265783	0.108	0.069	3.07113361263718e-07	GON7	c15
7.15516610024292e-15	0.107646450501457	0.782	0.591	2.39969960669947e-10	PSMB6	c15
2.94268415924747e-20	0.10759240389369	0.62	0.436	9.86917413328418e-16	SSNA1	c15
1.51986962566354e-14	0.107587568736619	0.114	0.07	5.09733875055037e-10	ODF3B	c15
4.85688708869167e-20	0.107477325616358	0.118	0.066	1.62890279180541e-15	CLCN3	c15
3.76423155933886e-26	0.10736710528283	0.279	0.173	1.26244798037107e-21	MED8	c15
2.89797954727746e-26	0.107181759424007	0.262	0.162	9.71924380565914e-22	CBWD2	c15
1.55136111931171e-16	0.107180490548583	0.091	0.051	5.20295492194761e-12	OPA3	c15
1.31974849473641e-14	0.107156895359902	0.869	0.716	4.42617250164697e-10	CALR	c15
6.73320968336481e-25	0.107124362256549	0.17	0.098	2.25818386360689e-20	RPUSD1	c15
1.08753347632095e-23	0.106958275827501	0.203	0.122	3.64736977288521e-19	CPTP	c15
1.96447343199426e-26	0.106749993109161	0.282	0.175	6.58845099622234e-22	NAXE	c15
7.93956354682166e-20	0.10674082686542	0.168	0.102	2.66277082233305e-15	ZNF277	c15
3.62627811470006e-22	0.106605697907542	0.262	0.167	1.21618115410811e-17	COA4	c15
2.63487126623482e-22	0.106599579192861	0.673	0.487	8.83683125269833e-18	SNHG8	c15
7.00040021218577e-27	0.10659736050646	0.535	0.356	2.34779422316286e-22	RPN2	c15
1.23800320064283e-10	0.106593512365574	0.926	0.807	4.15201513431592e-06	CD2	c15
6.12594473115568e-13	0.106551381620188	0.782	0.636	2.05451934393499e-08	ITM2A	c15
7.32433632088945e-19	0.106515338326333	0.165	0.102	2.4564359152999e-14	MLF1	c15
3.39376308995146e-25	0.106231863860493	0.455	0.304	1.13820026510792e-20	NDUFA13	c15
1.58753636592014e-17	0.106173519528405	1	0.949	5.32427946402297e-13	RPL14	c15
2.89454450598915e-26	0.1061506530713	0.313	0.198	9.7077233641864e-22	BAK1	c15
1.2864134414391e-21	0.106094689285526	0.625	0.433	4.31437339989845e-17	PSMC4	c15
2.40797322232109e-23	0.106043903261079	0.238	0.149	8.07586059302047e-19	GCH1	c15
3.64929739220046e-16	0.105945852976961	0.816	0.634	1.22390135939619e-11	UBE2I	c15
4.86228738017023e-29	0.105847633328762	0.352	0.222	1.63071394156149e-24	NUDT5	c15
1.81782579066051e-11	0.105761526502382	0.059	0.033	6.09662413671723e-07	ALKBH3	c15
1.55179191768812e-18	0.105599449148503	0.781	0.592	5.20439973354241e-14	RAC2	c15
8.22537864850896e-14	0.105532558860362	0.129	0.082	2.75862749113693e-09	MDP1	c15
1.03560012833337e-15	0.105490280118579	0.651	0.474	3.47319571040447e-11	ATP6V1F	c15
5.41771809266342e-17	0.105428380405323	0.15	0.093	1.81699429391746e-12	PPP5C	c15
8.71680485343208e-31	0.105138009306995	0.464	0.298	2.92344201174405e-26	METTL26	c15
3.69123012853459e-11	0.104830659225217	0.09	0.056	1.23796476050793e-06	AC083798.2	c15
2.40083665347235e-15	0.104615459981144	0.092	0.053	8.05192596841558e-11	PARN	c15
1.09951869349204e-24	0.104612190306683	0.388	0.255	3.68756579423359e-20	ALKBH7	c15
3.74555024168099e-07	0.104593585782649	0.057	0.036	0.0125618264005497	SGPP1	c15
3.74335422578761e-29	0.104587709687577	0.272	0.165	1.25544614024465e-24	TSTA3	c15
6.65929973336003e-20	0.10450400887294	0.168	0.102	2.23339594457429e-15	NR2C2AP	c15
1.48435756917158e-26	0.104457478324312	0.466	0.309	4.97823841548763e-22	EIF4E	c15
8.64571412843656e-20	0.104444430543048	0.164	0.099	2.89959960439505e-15	ATF5	c15
5.05228028302231e-23	0.104434941632062	0.52	0.351	1.69443376132002e-18	NEDD8	c15
2.46315203053719e-14	0.104432982727873	0.923	0.775	8.26091928001561e-10	RPL17	c15
3.75973572133159e-26	0.104390289998284	0.24	0.146	1.26094016622019e-21	LRRC41	c15
1.04777190725224e-26	0.104115924974555	0.326	0.205	3.51401742254256e-22	TIMM8B	c15
2.89432096013472e-22	0.103815050037939	0.66	0.473	9.70697363609981e-18	EIF4B	c15
3.00740596147695e-07	0.103663740456176	0.052	0.032	0.0100862381136014	HS1BP3	c15
7.31690834102266e-16	0.103406003910574	0.847	0.684	2.45394471941218e-11	ZFAS1	c15
2.3911600231995e-18	0.10339631992914	0.646	0.467	8.01947248580649e-14	BUD31	c15
2.5513718733317e-21	0.103092183506031	0.238	0.151	8.55679098877984e-17	FKBP3	c15
2.97952328383197e-21	0.103089875740877	0.22	0.138	9.99272518931567e-17	SURF1	c15
9.87332705758349e-29	0.103023144784145	0.314	0.198	3.31131642857235e-24	RAB11FIP1	c15
2.66575331094573e-17	0.102980479178125	1	0.956	8.94040345424979e-13	RPL11	c15
1.3736471898577e-14	0.102856427294983	1	0.953	4.60693794534475e-10	RPS28	c15
3.16368000554707e-22	0.102768147949756	0.213	0.131	1.06103500026038e-17	GRWD1	c15
9.61975552985214e-32	0.102743216412337	0.427	0.27	3.22627360960181e-27	NDUFS8	c15
1.16491373453885e-29	0.102612298636335	0.35	0.219	3.90688768289641e-25	PRKCSH	c15
2.05280608020443e-17	0.102539088591071	0.345	0.243	6.8847010317896e-13	SOCS1	c15
1.15450209851263e-14	0.102512079284121	0.836	0.649	3.87196913799167e-10	SNRPB	c15
4.64539816345325e-08	0.102365513543477	0.065	0.041	0.00155797363605895	CORO2A	c15
2.88234645153713e-10	0.102308370920267	0.082	0.051	9.66681352916521e-06	METTL21A	c15
8.05539137510043e-28	0.102229707200764	0.357	0.226	2.70161715938118e-23	RAB22A	c15
4.11202695680021e-16	0.101954600512396	0.111	0.066	1.37909160077165e-11	IFNAR2	c15
1.63300615040332e-12	0.101835320790775	0.057	0.03	5.47677602722265e-08	ASNS	c15
4.8677175550438e-14	0.101830705309734	0.121	0.075	1.63253511361059e-09	RAD51C	c15
1.84014639829408e-24	0.101702780004036	0.53	0.354	6.17148299059868e-20	NUDT21	c15
1.17529027043334e-17	0.101575721714595	0.061	0.03	3.94168850897934e-13	GAN	c15
1.01974860525543e-33	0.101452792881064	0.585	0.395	3.42003287230567e-29	DDX3X	c15
7.05458418570412e-25	0.101305791205951	0.296	0.186	2.36596644420145e-20	ZDHHC12	c15
5.31240675257695e-29	0.101291332496852	0.471	0.309	1.78167497667926e-24	HM13	c15
1.87236925586604e-17	0.101245737124639	0.618	0.44	6.27955201032352e-13	PUF60	c15
5.16542526033236e-15	0.101199615955271	0.115	0.069	1.73238032381027e-10	SLC17A5	c15
1.15478943125336e-27	0.101079281931311	0.898	0.715	3.8729327945375e-23	S100A11	c15
8.78575853291756e-24	0.101076753450072	0.611	0.433	2.94656769676989e-19	HNRNPM	c15
1.50359150035174e-27	0.101063968177966	0.439	0.287	5.04274517387968e-23	MVP	c15
2.07443262348252e-25	0.10103460131477	0.318	0.202	6.95723213263566e-21	DRG1	c15
4.32625043625402e-17	0.100911511803687	0.729	0.552	1.45093787131087e-12	RAD21	c15
5.17197977945727e-18	0.100827130334711	0.194	0.124	1.73457857843438e-13	ARL14EP	c15
1.10347357560677e-23	0.100606130968256	0.18	0.106	3.70082967786999e-19	ACTR8	c15
8.85145266967436e-28	0.100189891214592	0.336	0.211	2.96860019635539e-23	ZNF581	c15
3.23165628853871e-09	0.100086382906343	0.055	0.032	0.000108383288605011	ARG2	c15
6.32067467869113e-16	0.100010242040614	0.073	0.039	2.11982787373943e-11	TRIOBP	c15
0.0226320156090431	-4.20380413782692	0.008	0.013	1	HSPA6	c15
3.20365562915124e-05	-3.55311090679362	0.002	0.011	1	CD300A	c15
4.4893611735761e-07	-3.31370435427858	0.004	0.017	0.0150564195039395	PKMYT1	c15
1.08525357504691e-08	-3.07767167761624	0.009	0.028	0.000363972343999233	IFIT3	c15
3.32311087171843e-07	-3.0595065009667	0.003	0.016	0.0111450492415693	CDCA5	c15
1.08144449478772e-05	-2.99831665256591	0.005	0.017	0.362694854661905	PDLIM1	c15
7.30992993609087e-05	-2.96601353351044	0.012	0.025	1	IFIT2	c15
1.96425381813666e-30	-2.94687752307392	0.063	0.141	6.58771445526674e-26	CCL4L2	c15
5.75121799031869e-06	-2.71619997962542	0.004	0.015	0.192884348959308	MYO5B	c15
0.000150442804639165	-2.65150437235288	0.006	0.015	1	PLXDC1	c15
1.4250579545967e-14	-2.63072910281214	0.015	0.049	4.77935936812641e-10	SCUBE1	c15
0.00186404558578394	-2.5509230500798	0.006	0.013	1	KLRG1	c15
0.000221303426636282	-2.50001158364417	0.003	0.011	1	HIST1H3B	c15
0.0107300171524443	-2.40595268988422	0.005	0.011	1	ACHE	c15
1.5046561607192e-08	-2.37289321206305	0.008	0.026	0.000504631583182006	CKAP2L	c15
1.89733837950766e-107	-2.3640161805143	0.234	0.425	6.36329345719279e-103	CCL4	c15
0.000586171057195395	-2.30003556063744	0.003	0.01	1	CCR1	c15
1.07615696766528e-15	-2.29743352793094	0.096	0.147	3.60921523815582e-11	FOS	c15
8.83735064051121e-14	-2.28440796223611	0.02	0.054	2.96387065781465e-09	SAMD3	c15
5.56930692350541e-05	-2.28290792504838	0.005	0.015	1	TPRG1	c15
0.00157173975833379	-2.27819025106891	0.004	0.01	1	ADRB2	c15
0.000878428457204567	-2.22238666069231	0.01	0.02	1	EGR1	c15
5.24755713566283e-05	-2.16684719684985	0.009	0.021	1	EPHA1	c15
1.3886336640702e-10	-2.0814547787826	0.017	0.044	4.65719958255864e-06	RSAD2	c15
2.34970869579677e-24	-2.07225900497588	0.06	0.125	7.88045302396321e-20	CCL3L1	c15
0.00422060617033328	-2.00594197975166	0.006	0.013	1	S1PR5	c15
1.68249001970926e-08	-1.99053931510059	0.018	0.041	0.000564273502810093	IFIT1	c15
5.16699574586168e-09	-1.97404421210932	0.036	0.063	0.000173290703324709	EPHA4	c15
5.90431748621266e-20	-1.9738146476258	0.044	0.097	1.980189998526e-15	AOAH	c15
3.58915398745293e-05	-1.97233503908659	0.02	0.035	1	KLF3	c15
0.000175313699622009	-1.95289284326655	0.002	0.01	1	KIF2C	c15
5.4317873085865e-24	-1.94937720128055	0.076	0.142	1.82171282755374e-19	CENPF	c15
1.38639547700523e-14	-1.94486875134314	0.066	0.112	4.64969315078015e-10	KLF2	c15
1.46623815348268e-16	-1.92162726167034	0.091	0.144	4.91746951915023e-12	MIAT	c15
0.000145602543135009	-1.89677141015699	0.009	0.02	1	ADAM28	c15
0.000219887438954122	-1.88327325766029	0.009	0.019	1	ASPM	c15
0.000513726402905342	-1.88283123055341	0.003	0.01	1	FAM111B	c15
0.513837419462986	-1.86540303254821	0.03	0.032	1	AC016831.5	c15
0.0722219579605677	-1.85514068104871	0.02	0.025	1	GOLGA8A	c15
3.704980403935e-10	-1.80049409768815	0.046	0.079	1.24257632787172e-05	DKK3	c15
5.19936161975718e-16	-1.7964721134642	0.044	0.09	1.74376190003416e-11	CD200R1	c15
1.50019560430773e-08	-1.78693741837726	0.035	0.062	0.000503135601772727	TC2N	c15
0.0092756017305344	-1.77916283760406	0.007	0.013	1	HIST2H2AB	c15
3.63300552948491e-23	-1.76550388156511	0.079	0.145	1.21843739447865e-18	P2RY8	c15
2.57963659092263e-06	-1.75982597087164	0.024	0.043	0.0865158519863633	RASGRP2	c15
0.00116084520871085	-1.7330941698173	0.006	0.014	1	NUF2	c15
2.26922549146713e-09	-1.72928785318255	0.056	0.088	7.61052845328246e-05	RASA3	c15
5.08254855273634e-07	-1.72766822741123	0.034	0.057	0.0170458513361671	GRAMD1C	c15
2.617755161187e-21	-1.7269338488975	0.2	0.257	8.77942725958895e-17	DUSP1	c15
0.0602419604424468	-1.72532170748045	0.009	0.014	1	SH2B3	c15
1.1296248547721e-05	-1.72375066816632	0.045	0.066	0.378853583793467	OSBPL7	c15
0.000529135812696354	-1.69372344726222	0.006	0.015	1	DTL	c15
0.56058161382076	-1.69044158033731	0.01	0.009	1	AC004951.1	c15
8.1433422087406e-05	-1.67741236676048	0.01	0.022	1	AC243829.1	c15
2.23870823697498e-10	-1.67610864820511	0.036	0.067	7.50817968516669e-06	ZBP1	c15
8.09107034768053e-07	-1.66112450224143	0.02	0.039	0.027135831732051	TMEM71	c15
0.00215353912572048	-1.64652913247349	0.017	0.027	1	AL365361.1	c15
0.00592729295300653	-1.64048999714324	0.005	0.011	1	SHCBP1	c15
7.09866674776591e-91	-1.63434146563828	0.241	0.403	2.38075085386573e-86	FAM102A	c15
0.00132635643650082	-1.63381037992055	0.005	0.012	1	BIRC5	c15
0.0116181806431506	-1.63284737418899	0.006	0.011	1	PVRIG	c15
0.000217950300740465	-1.63244003718291	0.137	0.107	1	HSPA1B	c15
0.00927993180351535	-1.62713672412287	0.005	0.011	1	ZGRF1	c15
0.187898620166028	-1.62634703364557	0.013	0.016	1	EPHA1-AS1	c15
2.87267107390644e-06	-1.62427492668888	0.027	0.047	0.0963436424766741	RGL4	c15
0.0305048735443657	-1.60063567285696	0.012	0.018	1	TRGV4	c15
0.000203844023730474	-1.59901606892456	0.02	0.033	1	C20orf204	c15
0.00135071895470922	-1.57816765100963	0.022	0.033	1	CMPK2	c15
0.000142807886694603	-1.57221257346011	0.036	0.052	1	ITGA5	c15
0.012828200142067	-1.54665046994825	0.006	0.012	1	C1orf162	c15
0.02470711379427	-1.54431863840193	0.011	0.016	1	GNAO1	c15
5.83611208537574e-05	-1.54053588673824	0.021	0.036	1	CDK1	c15
0.00133552891776043	-1.53033250348901	0.034	0.047	1	S1PR1	c15
0.000595900424734119	-1.52369669493924	0.01	0.02	1	RAD51AP1	c15
0.0241044122840382	-1.5235297351926	0.011	0.016	1	SORL1	c15
0.00115786146848233	-1.51497205753306	0.043	0.058	1	TNFSF9	c15
0.000270338881812374	-1.50943605514695	0.01	0.021	1	CDCA8	c15
0.0635348690854104	-1.5064351183588	0.007	0.01	1	BRCA1	c15
0.000529238207625883	-1.50406641387788	0.124	0.138	1	FOSB	c15
3.09267521146469e-05	-1.49317266903256	0.067	0.088	1	CORO7	c15
0.00348681734864076	-1.49158340470439	0.006	0.013	1	RRM2	c15
3.99056850737158e-14	-1.49091467272243	0.115	0.161	1.33835686600228e-09	RNF125	c15
0.00549694776925236	-1.4744088937405	0.018	0.027	1	LDLRAP1	c15
0.0058589743808624	-1.4665636913021	0.058	0.07	1	ATF3	c15
0.00167443716619775	-1.45273722558291	0.009	0.018	1	KIFC1	c15
1.64059157781112e-10	-1.4506549602793	0.07	0.107	5.50221603366294e-06	MX2	c15
3.49846643510387e-10	-1.44529267549262	0.393	0.389	1.17331567300514e-05	DNAJB1	c15
0.775057589106062	-1.44402978364713	0.051	0.048	1	NPIPB4	c15
2.17111850555637e-18	-1.43739117884084	0.131	0.189	7.28149724393494e-14	SLF1	c15
5.57903308483512e-86	-1.43727349814755	0.178	0.361	1.871096115992e-81	GZMK	c15
0.00113007603402755	-1.43587088889389	0.019	0.03	1	C1orf21	c15
0.0739894698347554	-1.43258548209629	0.008	0.012	1	LINC00239	c15
0.0476638674123496	-1.43150008240988	0.014	0.019	1	NKD1	c15
0.000316900581588723	-1.42446746623404	0.009	0.019	1	CCNA2	c15
1.02883515970382e-05	-1.41418391790073	0.046	0.067	0.345050735861468	ANXA2R	c15
0.000610850630098017	1.41287450019021	0.011	0.006	1	IGLV2-14	c15
7.39470358044214e-28	-1.41166557083643	0.141	0.219	2.48003568680868e-23	ABI3	c15
5.80300059107115e-08	-1.40855372900566	0.029	0.053	0.00194621033823344	RCAN2	c15
0.0662391572365596	-1.40370744345054	0.016	0.021	1	UBE2C	c15
0.164966623302091	-1.39784790812558	0.007	0.01	1	CDK5R1	c15
1.21195755600507e-13	-1.39738124486022	0.091	0.136	4.06466325132982e-09	LIME1	c15
2.39256994500822e-05	-1.39697479591639	0.033	0.051	0.802420108156857	KIAA1671	c15
0.00238464428384579	-1.39506291847831	0.05	0.063	1	NBEAL2	c15
0.178377274170099	-1.39168052319075	0.007	0.01	1	MTAP	c15
0.00638222917942492	-1.39096793138743	0.011	0.018	1	CCNE2	c15
1.63435696957682e-14	-1.3902709007555	0.116	0.166	5.48130640456673e-10	GPR183	c15
1.68973296684834e-05	-1.3887744644429	0.031	0.049	0.566702642421595	FAM83D	c15
0.000646573884066118	-1.38574483113457	0.019	0.031	1	CD244	c15
0.00555660890837827	-1.38061458962329	0.037	0.049	1	FANCA	c15
0.0217180410515491	-1.37975852913461	0.017	0.024	1	AC091057.6	c15
0.00187986140602701	-1.37507786450257	0.03	0.042	1	LRRC2	c15
0.152302935060393	-1.36921951194011	0.007	0.01	1	ZNF449	c15
0.0809310026419527	-1.34404737090612	0.007	0.01	1	SMAGP	c15
0.00381547524192477	-1.33203054557521	0.024	0.035	1	PLEK	c15
4.61629947156253e-05	-1.3306944312011	0.057	0.077	1	PLCXD2	c15
0.00119880203048469	-1.32830072670116	0.013	0.022	1	RTP5	c15
0.299263318251519	-1.31915670458233	0.027	0.03	1	MKI67	c15
1.0980894586756e-05	-1.31419946226821	0.07	0.093	0.368277242650624	SFMBT2	c15
0.328776515873652	-1.31394536560186	0.011	0.014	1	KBTBD7	c15
0.0489399328758922	-1.3102393650219	0.031	0.038	1	RBSN	c15
0.00982737601326503	-1.30702374659637	0.005	0.01	1	STIL	c15
2.21142293790236e-05	-1.29054032675115	0.059	0.08	0.741667024913694	KCNA3	c15
2.23326890803342e-39	-1.28840360706693	0.219	0.313	7.48993726376248e-35	IL10RA	c15
0.180747332419342	-1.28185660093525	0.014	0.017	1	CCSAP	c15
0.012295409286463	-1.2804421248094	0.014	0.021	1	GPR15	c15
0.0179009664004947	-1.28035185236672	0.02	0.027	1	KNL1	c15
0.00285121701459546	-1.27822012226685	0.023	0.034	1	NDC80	c15
0.000269690112305252	-1.27657197157288	0.057	0.075	1	LDLR	c15
3.84386724953606e-47	-1.27537579484977	0.223	0.336	1.2891561981494e-42	ITM2C	c15
0.0813342416389176	-1.27290250067968	0.009	0.013	1	SNHG22	c15
0.0138571996735836	-1.27166488008159	0.01	0.017	1	ANK3	c15
1.29958975097811e-08	-1.27118022819309	0.057	0.087	0.000435856410683037	CCR5	c15
0.0637331484829301	-1.27077553809583	0.015	0.02	1	ATXN7.1	c15
0.00390513593734696	-1.26999868510453	0.194	0.199	1	NR4A2	c15
2.7835147116586e-05	-1.26800402302349	0.052	0.072	0.93353516399606	MAD1L1	c15
0.00691917390541397	-1.26336403365208	0.006	0.012	1	AURKB	c15
0.0490440254393713	-1.26204866132553	0.023	0.029	1	CEP128	c15
0.020242459195222	-1.26148273865123	0.01	0.016	1	HOXB-AS1	c15
0.00302724590576159	-1.24934147693617	0.039	0.051	1	GAB3	c15
2.11399813008649e-05	-1.24929068052505	0.074	0.096	0.708992692868407	ARHGAP25	c15
0.0159780340659739	-1.24701529314567	0.01	0.016	1	DDX43	c15
0.25026779422429	-1.24486514727712	0.009	0.011	1	PLCH2	c15
2.52814096568984e-32	-1.24097821101098	0.192	0.278	8.47887917073059e-28	F2R	c15
0.127957760053695	-1.2405350819263	0.007	0.011	1	STX3	c15
0.52149523044221	-1.2372139953573	0.01	0.011	1	PCCA	c15
0.619520071887387	-1.23463898368336	0.016	0.017	1	MMS22L	c15
0.0203173558688183	-1.22293872125638	0.044	0.053	1	AL359220.1	c15
0.0013977055940563	-1.21982977242877	0.051	0.066	1	ERN1	c15
0.00116009758237302	-1.21739494941043	0.036	0.049	1	HOXB4	c15
0.811005972626	-1.21040186367705	0.031	0.03	1	SGSM2	c15
0.00202373152538761	-1.20978935555249	0.044	0.058	1	TRDMT1	c15
0.560469078346762	-1.20350177090239	0.015	0.017	1	ZNF407	c15
0.146348471571062	-1.19748408638527	0.013	0.016	1	HIST1H1B	c15
0.206962831244238	-1.19296202493143	0.009	0.012	1	RNF144A	c15
3.39219410105279e-91	-1.19183895135451	0.455	0.558	1.13767405761108e-86	ARHGAP9	c15
0.00197027196857389	-1.1914704725033	0.005	0.012	1	GTSE1	c15
0.228835358621137	-1.18702573084435	0.008	0.011	1	AC022126.1	c15
6.96222230393974e-10	-1.1864900327965	0.094	0.13	2.33499011629531e-05	AC116366.3	c15
0.149872774689754	-1.18113607225529	0.024	0.029	1	AL139246.5	c15
4.61261318775621e-84	-1.17976729847507	0.42	0.524	1.54697821090968e-79	SELPLG	c15
0.180252636451966	-1.17903222717001	0.152	0.132	1	NPIPB5	c15
0.0810568654703074	-1.17714858552029	0.014	0.018	1	AP005482.1	c15
1.23718459938707e-32	-1.17638307414488	0.286	0.358	4.14926970942434e-28	CITED2	c15
1.76372515069515e-06	-1.17392956661508	0.142	0.166	0.0591518141040138	TBC1D2B	c15
0.238458781933035	-1.17301444896293	0.009	0.011	1	PHOSPHO2	c15
2.8207190615726e-43	-1.17074757724824	0.509	0.564	9.46012758870217e-39	ANXA1	c15
0.137057631547049	-1.17053953115077	0.016	0.02	1	RBKS	c15
7.20843656481217e-30	-1.1691607030329	0.336	0.382	2.41756545510671e-25	GYG1	c15
2.44061092656132e-34	-1.169072169265	0.43	0.472	8.18532092550134e-30	OASL	c15
1.33719621242542e-16	-1.16661152671515	0.219	0.265	4.48468865723238e-12	CASP8	c15
1.18344481131724e-10	-1.16656499874273	0.248	0.271	3.96903720819578e-06	RALGAPA1	c15
0.0888018422466608	-1.16453648138545	0.009	0.013	1	SLC18B1	c15
0.00886065587386777	-1.16182219960955	0.039	0.049	1	TRAV9-2	c15
0.000356291798766781	-1.16154397108223	0.026	0.04	1	KIF11	c15
1.46981319988836e-27	-1.15788759358175	0.305	0.358	4.92945950978558e-23	GGA2	c15
0.00274945104887055	-1.15527041682774	0.081	0.095	1	ZNF276	c15
0.0036175171522007	-1.15194883705939	0.033	0.044	1	LINC00861	c15
2.75719259991139e-06	-1.15070157199751	0.072	0.098	0.0924707254158282	CEBPD	c15
0.253850618323968	-1.14950394724837	0.03	0.033	1	DGLUCY	c15
1.7744190731276e-18	-1.14574496301065	0.03	0.011	5.95104668745535e-14	IGKC	c15
0.625359823190525	-1.14210646540198	0.012	0.013	1	RORB	c15
1.56653639191332e-52	-1.1416560666521	0.351	0.447	5.2538497511989e-48	SLA2	c15
0.00417229746574052	-1.13685998755011	0.085	0.098	1	HELB	c15
0.0136620266662121	-1.13619322122207	0.05	0.06	1	ZNF33B	c15
0.115894256209561	-1.13572848270082	0.014	0.019	1	SPAG5	c15
0.972566598198751	-1.1348398641512	0.01	0.01	1	ACACB	c15
0.242868359807141	-1.13460118567015	0.009	0.012	1	CCL18	c15
0.0418046613900088	-1.127026785288	0.025	0.032	1	PIK3AP1	c15
0.730879689297544	-1.1259176535547	0.034	0.034	1	AC245297.3	c15
0.158508421652195	-1.12573198946951	0.02	0.024	1	CDHR3	c15
0.272786214950121	-1.12433490878365	0.014	0.016	1	GAS7	c15
0.704889816444864	-1.12274994901408	0.01	0.011	1	SEMA4F	c15
1.71472684396671e-08	-1.12010421611476	0.106	0.143	0.000575085088929554	CCL3	c15
0.329003350812753	-1.11925632688167	0.024	0.021	1	SPPL2B	c15
0.00692117067959607	-1.11413012129384	0.01	0.017	1	ZNF367	c15
0.000491555554170005	-1.1086862023475	0.101	0.117	1	BTN3A1	c15
0.325512797903049	-1.10397545088399	0.011	0.013	1	ARL4D	c15
1.25313216207076e-05	-1.10349605026249	0.15	0.173	0.420275464515292	HERC5	c15
5.00323141573986e-06	-1.10105924929811	0.151	0.173	0.167798375221083	ATP8A1	c15
0.195713320721465	-1.09851198158918	0.043	0.037	1	FAM193B	c15
0.742426142649093	-1.09713680898357	0.017	0.018	1	FAM215B	c15
0.0220342597990824	-1.09546824375944	0.02	0.027	1	ZNF652	c15
0.221712975254288	-1.09448498468268	0.052	0.057	1	TNF	c15
4.38837685814022e-20	-1.09326646265663	0.235	0.291	1.47177383068307e-15	TXNIP	c15
0.0122768307028252	-1.09134402864616	0.032	0.041	1	AC103702.2	c15
0.0336678320195629	-1.09102222040285	0.059	0.068	1	BCL9L	c15
1.81214920070833e-16	-1.08580200483655	0.27	0.309	6.0775859893356e-12	ABLIM1	c15
0.0133301785382056	-1.08396351015477	0.066	0.077	1	AP3M2	c15
0.0520322690839254	-1.08303077051269	0.011	0.016	1	FGFBP2	c15
7.34122089533411e-12	-1.08120991931755	0.181	0.22	2.46209866387715e-07	HAUS3	c15
0.0209188781224523	-1.07827126718668	0.044	0.053	1	MAP1A	c15
0.15740840168017	-1.07522311681345	0.03	0.034	1	FCHSD2	c15
0.0877379698666132	-1.07396737430838	0.031	0.037	1	AC044849.1	c15
0.106179644130223	-1.0720551569972	0.028	0.034	1	NCF1	c15
0.447170983641591	-1.06898380692659	0.014	0.016	1	AARS2	c15
0.0196580839282921	-1.06652457117019	0.051	0.061	1	PPP2R2B	c15
0.0514046520177514	-1.06605093654292	0.045	0.052	1	PARP10	c15
0.559209764742716	-1.06572161951624	0.015	0.016	1	POU3F1	c15
0.00780046317748159	-1.06406659583878	0.027	0.037	1	PLCD1	c15
2.05144286862747e-123	-1.06220399390268	0.609	0.709	6.8801290928028e-119	CST7	c15
0.0953479607497447	-1.06145905861532	0.011	0.015	1	UHRF1	c15
0.459927075766521	-1.06137656823643	0.022	0.024	1	GINS4	c15
0.577279643912688	-1.0551414966136	0.013	0.014	1	TMOD2	c15
0.034933305251427	-1.05453939689962	0.039	0.047	1	ENC1	c15
0.00067615200120649	-1.05336106123374	0.161	0.173	1	EPB41	c15
0.0730405952115022	-1.05232299481935	0.043	0.05	1	CBX4	c15
0.402978389751723	-1.05025730621632	0.031	0.033	1	ATP2B1-AS1	c15
0.0262928339276424	-1.04964671169332	0.018	0.025	1	ARHGAP11A	c15
4.80714856265379e-06	-1.04949012655423	0.112	0.137	0.161222148494283	LAX1	c15
0.0842201285109003	-1.04810717798638	0.01	0.014	1	E2F7	c15
0.00256405689039118	-1.04764760330269	0.055	0.07	1	FAM111A	c15
6.72451198632756e-06	1.04646428421168	0.017	0.008	0.225526682997454	FOXP3	c15
2.57217876232537e-05	-1.04436292829403	0.107	0.129	0.862657313308684	LMNB1	c15
0.343257903239154	-1.04014926642957	0.036	0.039	1	MYO1C	c15
1.08467536608494e-06	-1.03193563075078	0.166	0.189	0.0363778424277568	TBC1D10C	c15
3.95114375173401e-09	-1.03175600755443	0.269	0.285	0.000132513459145655	PIK3R1	c15
0.015922234459078	-1.03028739640679	0.054	0.064	1	MATK	c15
0.421602813511429	-1.02948439891773	0.008	0.01	1	AC145124.1	c15
0.561483799393137	-1.02741937400088	0.014	0.015	1	TMTC4	c15
0.0567915384806798	-1.02681830553678	0.066	0.074	1	STAMBPL1	c15
0.524042227685105	-1.02426926356544	0.028	0.03	1	SSBP2	c15
0.580187567979472	-1.02374979811425	0.041	0.042	1	CARNMT1	c15
0.442415039858271	-1.02246738864421	0.069	0.07	1	MPHOSPH9	c15
0.0116065370861839	-1.02124649996122	0.005	0.011	1	TROAP	c15
0.0677366211229243	-1.02082565219953	0.033	0.04	1	LINC00426	c15
0.172975896424632	-1.0203955137427	0.018	0.022	1	CIP2A	c15
4.00085115773978e-119	-1.01989329997994	0.716	0.796	1.34180546128277e-114	ZFP36	c15
0.0914805360570468	-1.01985610692963	0.013	0.017	1	GFPT2	c15
0.00377545337378126	-1.01942840675234	0.061	0.075	1	WEE1	c15
0.136110230969834	-1.01888029917389	0.012	0.016	1	DBP	c15
0.495050745841629	-1.01868059491069	0.026	0.024	1	ABCA7	c15
2.73360852272471e-05	1.01720309351238	0.027	0.016	0.916797626351413	FXYD2	c15
0.000347263047229345	1.01713137327702	0.01	0.005	1	CD86	c15
5.89640059133731e-09	-1.0151571808341	0.114	0.149	0.000197753483032271	IL9R	c15
0.0278061812051057	-1.01456371345876	0.075	0.084	1	ICE2	c15
0.0248457282722886	-1.01444806493822	0.062	0.072	1	ATG16L1	c15
0.000496759875229426	-1.01409706119288	0.085	0.102	1	FAM117A	c15
0.0822201028866809	-1.01357101921772	0.042	0.048	1	KLF9	c15
0.095287754805121	-1.01288829844905	0.066	0.073	1	CAMK1D	c15
0.00482648650472637	-1.0118825867852	0.065	0.078	1	CDKN2D	c15
0.620759082963747	-1.00746648128892	0.009	0.01	1	IL18BP	c15
0.422838137417478	-1.00700998107972	0.023	0.025	1	LLGL2	c15
0.0323129712020502	-1.00542569153463	0.034	0.042	1	GNGT2	c15
6.25704574177377e-11	-1.00494117521303	0.107	0.149	2.09848800087609e-06	AC243829.4	c15
0.590756065916219	-1.00355297941867	0.027	0.028	1	POLE	c15
0.56852106861955	-1.00256298399453	0.046	0.047	1	PLCG2	c15
0.381326870394504	-0.99531309708278	0.009	0.011	1	FBXO2	c15
3.32500321089314e-07	-0.993433285498335	0.166	0.192	0.0111513957686934	KIF20B	c15
0.233353604103525	-0.992951694123019	0.017	0.02	1	VMAC	c15
0.0231749429723648	-0.991192422426767	0.114	0.121	1	TRANK1	c15
0.704918960386243	-0.991042789892397	0.023	0.024	1	TYW1B	c15
0.427563524930172	-0.99060644275777	0.013	0.015	1	ZNF565	c15
0.203432822450959	-0.984010348085611	0.013	0.016	1	PARD6B	c15
0.77192192145224	-0.983285687717701	0.011	0.01	1	RAD52	c15
8.68029610919812e-21	-0.983098132312126	0.33	0.362	2.91119770910286e-16	CNN2	c15
2.46705416626331e-05	0.980029769339161	0.01	0.004	0.827400626281389	EMP1	c15
0.0419825498685803	-0.979955687331084	0.027	0.021	1	KCNQ1OT1	c15
0.127154933925066	-0.979935785099467	0.026	0.031	1	MAFF	c15
0.0910868879465139	-0.977959864254975	0.016	0.012	1	GSDMB	c15
0.0924529220958625	-0.977926599224707	0.064	0.071	1	AGAP2	c15
9.2427721108266e-46	-0.976668688619292	0.273	0.387	3.09984091052903e-41	GZMA	c15
0.926885062811094	-0.97372792057398	0.011	0.011	1	SOX12	c15
0.442247127861387	-0.973411156196132	0.01	0.012	1	TBC1D2	c15
0.00297391746382245	-0.96873147332987	0.121	0.134	1	PYHIN1	c15
0.759314338995333	-0.967276798575583	0.023	0.024	1	TTC39B	c15
0.725989316213148	-0.96712556293381	0.021	0.022	1	PPP1R13B	c15
0.0399617711342858	-0.966696552243746	0.07	0.079	1	SIPA1	c15
1.40559231910053e-23	-0.960013296026479	0.355	0.392	4.71407551979935e-19	PARP8	c15
0.370135829719062	-0.959580286117888	0.035	0.038	1	CRTC1	c15
5.68493853539626e-05	-0.959391664813029	0.125	0.145	1	C16orf54	c15
0.844264369298001	-0.958723919555959	0.017	0.018	1	LIPT1	c15
0.505543150093601	-0.958358617029319	0.024	0.021	1	MDGA1	c15
0.340847034047192	-0.956218530201759	0.01	0.008	1	FRMD4A	c15
0.466269465008756	-0.956019183967933	0.089	0.089	1	ZBTB20	c15
0.268841567503755	-0.95379100602536	0.013	0.01	1	Z93241.1	c15
0.20305608972381	-0.948779692084108	0.025	0.021	1	ARL17A	c15
2.8948149262457e-06	-0.948701764771196	0.147	0.171	0.0970863029964283	SUSD3	c15
0.381341946095626	-0.948308230426078	0.029	0.032	1	SLC26A11	c15
9.17525020980181e-05	-0.947454379542164	0.2	0.212	1	TBCD	c15
0.931684902370753	-0.946152301905637	0.066	0.064	1	RPRD1A	c15
0.0860789619338158	-0.945611065454958	0.096	0.102	1	KMT5C	c15
2.52685869605603e-06	-0.94423815731065	0.161	0.185	0.0847457869483271	MPZL3	c15
0.286285243604573	-0.942583553060846	0.011	0.009	1	FUK	c15
0.217643805049972	-0.942157224784227	0.024	0.02	1	MIR29B2CHG	c15
0.143932543306935	-0.937636306214983	0.05	0.056	1	EPC2	c15
0.0178823427152172	-0.936427687422906	0.06	0.071	1	GPR18	c15
0.599565219261512	-0.936322781029809	0.013	0.011	1	RNF139-AS1	c15
0.0998562262076856	-0.933016100504161	0.012	0.009	1	EPS8	c15
3.4034118535285e-11	-0.931428318032616	0.422	0.415	1.14143626743639e-06	SYNE2	c15
0.231461265694879	-0.930541441388735	0.016	0.019	1	E2F1	c15
1.72440436175901e-05	0.930030100628072	0.013	0.006	0.578330734846737	ANKRD9	c15
0.220853299622137	-0.929746911303236	0.031	0.035	1	MHENCR	c15
3.48907576399177e-20	-0.928747608514579	0.35	0.381	1.17016622972756e-15	NFATC2	c15
0.111830516105218	-0.928684592063695	0.121	0.125	1	MYO1F	c15
0.0123903581970849	-0.928516562192096	0.195	0.194	1	TGFBR2	c15
1.86579287224761e-19	-0.928239603316503	0.481	0.483	6.25749613494405e-15	RNF213	c15
0.293814960267181	-0.9280581386389	0.011	0.009	1	IQCN	c15
2.69326992254648e-08	-0.928001183419317	0.234	0.257	0.000903268866623639	PDE4B	c15
0.799106220453965	-0.927539248548095	0.013	0.014	1	IGHV1-3	c15
5.96727944354424e-06	0.925956049528866	0.011	0.004	0.200130617977587	IGKV4-1	c15
1.08823525508913e-05	-0.925595113224499	0.191	0.208	0.364972339851793	PRKCQ	c15
0.222736596086194	-0.92454035118896	0.089	0.078	1	MICAL1	c15
0.0852269388952406	-0.923349228232394	0.298	0.274	1	NKTR	c15
0.0144873600525666	-0.92088811154265	0.016	0.024	1	NCAPG	c15
0.157283600353729	-0.920857370272106	0.126	0.127	1	SAMHD1	c15
0.304125927787999	-0.92005852392785	0.039	0.043	1	HERC6	c15
0.00771326692419646	-0.918194734784588	0.082	0.094	1	AC022706.1	c15
0.262053912652475	-0.918081475138467	0.009	0.012	1	TRAV22	c15
0.448761646616549	-0.916872956383491	0.018	0.02	1	GALNT6	c15
0.0679170286376547	-0.916176929115311	0.062	0.07	1	ARID3B	c15
2.52518961785701e-06	0.913879006174843	0.01	0.004	0.0846898094036883	DMD	c15
0.852129714464682	-0.91292464979539	0.047	0.046	1	SIDT1	c15
5.81625510544292e-63	-0.91173788109605	0.758	0.758	1.95065563726345e-58	TNFAIP3	c15
3.04821624327463e-06	-0.911396836171251	0.09	0.063	0.102231076366945	PGGHG	c15
0.416603557535407	-0.910649342654051	0.01	0.008	1	ZNF512B	c15
0.774754122251887	-0.909009513143447	0.022	0.022	1	C15orf53	c15
0.440754052987647	-0.908710712378574	0.036	0.038	1	SCARB2	c15
0.753070324068466	-0.906072059351568	0.015	0.014	1	EHBP1	c15
4.11127369364367e-06	-0.90597764119754	0.179	0.201	0.137883897137421	NUSAP1	c15
0.435253698177138	-0.904787936128886	0.009	0.01	1	DMTN	c15
0.170129730743242	-0.90389359634274	0.017	0.021	1	KIF18A	c15
0.764028217739766	-0.902981964101863	0.041	0.042	1	KRBOX4	c15
0.00412095890668617	-0.901355324608768	0.079	0.093	1	PPP3CA	c15
0.234967297679772	-0.90102579404151	0.011	0.008	1	TMEM86B	c15
2.25173119632046e-06	0.900701734261881	0.01	0.004	0.0755185608621957	EPHX1	c15
1.70153863653353e-05	-0.900218764187911	0.138	0.16	0.570662027920615	IL16	c15
0.107634782466115	-0.898601205140699	0.017	0.013	1	AGAP6	c15
7.45604439811664e-07	-0.897900738130513	0.152	0.18	0.0250060817024036	LY9	c15
0.448148771984605	-0.897798960103485	0.016	0.018	1	HIST1H2AK	c15
4.07789714140145e-44	-0.896820545108934	0.548	0.561	1.36764514328322e-39	IRF1	c15
0.845677763823094	-0.896717551651399	0.011	0.011	1	L3HYPDH	c15
0.78276703113872	-0.896218211350289	0.048	0.046	1	GPR155	c15
0.0167947282866453	-0.895306901730947	0.052	0.063	1	KIF23	c15
1.30213368545501e-102	-0.894584227560134	0.655	0.701	4.36709595427902e-98	LEPROTL1	c15
0.0335794985521808	-0.893926555390954	0.173	0.174	1	UTRN	c15
0.293247813775385	-0.893628238416667	0.014	0.017	1	WDR81	c15
0.299694884021466	-0.893557562072975	0.032	0.036	1	CXCL16	c15
0.63360481773766	-0.89299611278552	0.013	0.012	1	KIFC2	c15
0.000456108041494066	-0.891744071042139	0.675	0.547	1	NEAT1	c15
0.0821192559074439	-0.891267171831103	0.017	0.013	1	TMEM63A	c15
0.00478166981689987	-0.889015679803776	0.034	0.024	1	PILRB	c15
0.302027007947127	-0.887863038229779	0.015	0.018	1	FAM111A-DT	c15
0.131954903844701	-0.886922987131594	0.084	0.089	1	ST3GAL5	c15
0.156788849122832	-0.88644812622179	0.027	0.032	1	LINC02084	c15
0.0263217097938662	-0.886247756747264	0.164	0.167	1	ARHGAP4	c15
0.22088180773968	-0.88609771790557	0.009	0.012	1	DEPDC1B	c15
0.255703170788149	-0.885311214846533	0.013	0.01	1	TTLL3	c15
0.933976007318314	-0.882884042381136	0.021	0.021	1	KIAA1841	c15
0.72426597569097	-0.882547603073127	0.011	0.012	1	YPEL4	c15
0.933122586359066	-0.882240431793575	0.025	0.025	1	PYCR3	c15
0.00160421626740769	-0.880880455783738	0.15	0.161	1	CKAP2	c15
7.86592424626849e-11	-0.880647918745662	0.147	0.19	2.63807367371353e-06	EOMES	c15
0.0259921065842498	-0.880624941299388	0.063	0.073	1	CPNE7	c15
7.15010868740456e-15	-0.878145127206799	0.426	0.424	2.39800345158174e-10	SMCHD1	c15
0.304492570419058	-0.878081341911854	0.019	0.016	1	LRP5L	c15
0.650729213089478	-0.875775672895792	0.059	0.059	1	ATP10D	c15
0.00687490315060084	-0.874140797894566	0.014	0.008	1	AL355075.4	c15
0.00164669771224652	-0.87402767996156	0.118	0.132	1	GLIPR2	c15
0.287165462136429	-0.874016196144497	0.03	0.026	1	ZNF587	c15
0.397234816620918	-0.873771917827025	0.036	0.032	1	BBS9	c15
0.857903961885497	-0.872088555193558	0.018	0.018	1	FGFRL1	c15
0.149616273539596	-0.872059561890286	0.015	0.019	1	IFT88	c15
0.510917871226937	-0.871581996024524	0.011	0.013	1	ANKDD1A	c15
0.0379866371311365	-0.871168694390547	0.123	0.129	1	CDC25B	c15
0.00631860640520044	-0.87027654131295	0.156	0.128	1	TTN	c15
1.11721685470478e-13	-0.870000382711643	0.243	0.28	3.74692188730888e-09	LYSMD2	c15
0.513637297101447	-0.869312352863745	0.091	0.09	1	USP25	c15
0.626914259206014	-0.868495291570687	0.036	0.037	1	LRRC37B	c15
0.701751764308064	-0.868260051764489	0.047	0.044	1	HDAC4	c15
0.0744935409085157	-0.868197019867803	0.112	0.095	1	ANKRD36	c15
3.12572297150052e-05	-0.867117587292474	0.21	0.223	1	BCL11B	c15
0.110781265512949	-0.866595707115977	0.047	0.053	1	CLSPN	c15
0.199363225737875	-0.866027234286941	0.111	0.113	1	MYLIP	c15
0.464964224200877	-0.865874281824521	0.021	0.019	1	ABCA5	c15
0.928816247512071	-0.86572953678511	0.016	0.016	1	ZNF182	c15
0.779169010176346	-0.865396886105684	0.031	0.029	1	AC097376.2	c15
0.754295958731316	-0.864292516325269	0.061	0.061	1	AC026979.2	c15
0.153217188471256	-0.863955108162246	0.007	0.01	1	NCK1-DT	c15
0.0396671265835059	-0.863781432892885	0.112	0.119	1	ACSS1	c15
0.119148719339302	-0.863014761987053	0.008	0.012	1	CDC6	c15
5.0752948251458e-168	-0.862885964484233	0.893	0.895	1.7021523784574e-163	CCL5	c15
0.597144309095978	-0.861185893317506	0.02	0.021	1	MAN1C1	c15
0.405190168475877	-0.860733258159283	0.037	0.034	1	USP9Y	c15
0.292699817255762	-0.860142633937867	0.018	0.021	1	DHFR	c15
0.0036870722569773	-0.859640792519525	0.054	0.04	1	TUBGCP6	c15
3.93293615341082e-05	-0.858838125077801	0.216	0.228	1	VPS37B	c15
0.414122519992668	-0.858568505712875	0.04	0.043	1	CAMK2G	c15
2.5692106587033e-18	-0.85803605271897	0.314	0.354	8.61661870715912e-14	CTSC	c15
0.507239602933579	-0.85744035197734	0.174	0.164	1	CSNK1G2	c15
0.474177823971441	-0.855149919337609	0.026	0.024	1	AC005332.5	c15
0.342255549478022	-0.854348665583094	0.102	0.091	1	NR4A3	c15
0.206834017774632	-0.854274865712646	0.064	0.055	1	SLC23A2	c15
0.42398772980746	-0.853588814728357	0.036	0.039	1	ZFAT	c15
0.573289129504553	-0.853152225666786	0.019	0.02	1	CPQ	c15
0.702270327158688	-0.853148142341529	0.042	0.042	1	LPAR6	c15
3.68682747999264e-07	-0.851285630806231	0.185	0.209	0.0123648820023993	STOM	c15
0.338927543935358	-0.849539536316689	0.109	0.11	1	RPS6KA5	c15
0.00782550006241714	-0.849536091467436	0.205	0.207	1	SYNE1	c15
0.986218298266809	-0.848535920269774	0.01	0.01	1	LINC00921	c15
0.940028046815667	-0.846679952238041	0.019	0.019	1	AC012306.2	c15
0.00181097969214561	-0.845883609376151	0.181	0.188	1	CA5B	c15
0.226934302940397	-0.845765028336195	0.027	0.031	1	TRGV2	c15
0.810909332398851	-0.844815087030221	0.079	0.077	1	AC020916.1	c15
0.381535063670698	-0.84424451528064	0.075	0.077	1	TRIM14	c15
0.831354405924292	-0.844038435907303	0.013	0.013	1	TXNDC16	c15
0.645589230326082	-0.843666462844916	0.111	0.108	1	ATP2A3	c15
3.25582686572382e-06	0.843540161332496	0.015	0.007	0.109193921422645	FAM72A	c15
0.120165613721408	-0.842428308818428	0.022	0.027	1	ASF1B	c15
0.35656680856624	-0.839194602640067	0.023	0.026	1	FANCI	c15
0.706343964713649	-0.838348932507377	0.011	0.011	1	CFAP54	c15
0.221597167280694	-0.838012434187104	0.018	0.022	1	ORC6	c15
0.000590927245585859	0.836869916402943	0.019	0.012	1	TRBV13	c15
0.494237242735349	-0.832744908294103	0.011	0.013	1	PARPBP	c15
0.00421809119504907	-0.832504698978412	0.082	0.096	1	NCAPH	c15
0.653645800549458	-0.829961111686021	0.194	0.173	1	PARP14	c15
0.101330125544484	-0.829748010050549	0.063	0.069	1	SMAD7	c15
0.418558452161619	-0.829410634447201	0.013	0.015	1	TFAP4	c15
1.9208217550537e-51	-0.828886212283061	0.555	0.585	6.4420520020991e-47	RARRES3	c15
0.0515872623972255	-0.828493717522711	0.027	0.034	1	TRAV1-2	c15
0.351878984160081	-0.828239505513022	0.013	0.015	1	TRIM47	c15
0.903693300278939	-0.827473580139376	0.01	0.01	1	HCN3	c15
0.54088406432132	-0.82640922896643	0.044	0.041	1	AL118516.1	c15
0.944766270700723	-0.824844813836851	0.011	0.011	1	MUC16	c15
0.69783444004024	-0.82477016862904	0.112	0.108	1	FAM214A	c15
0.281368596976815	-0.823881655207048	0.045	0.039	1	ATG16L2	c15
0.55785429758118	-0.823282354713161	0.011	0.01	1	UNC93B1	c15
0.137337782538084	-0.821299882663191	0.066	0.056	1	PPP1R12C	c15
0.487874983974268	-0.818380219963799	0.056	0.057	1	FAM89B	c15
3.35689459061772e-05	-0.817231559447938	0.226	0.237	1	PITPNC1	c15
0.524998536517585	-0.813445581596926	0.116	0.106	1	MDM4	c15
0.209796946733228	-0.812637969388502	0.034	0.038	1	ZNF296	c15
0.589335236848568	-0.812627514569468	0.055	0.056	1	DTNB	c15
0.162104648936526	-0.812400740030425	0.041	0.035	1	ANO9	c15
0.677308010216049	-0.811521654158458	0.017	0.018	1	MORN3	c15
0.213746761098045	-0.810363833775368	0.108	0.11	1	BTN3A3	c15
3.76966398599206e-08	-0.80890837984885	0.077	0.05	0.00126426990762202	POLR2J3.1	c15
3.05884656205038e-40	-0.80832900598142	0.572	0.564	1.02587595998046e-35	CD3G	c15
0.746228602176428	-0.807089208018028	0.02	0.02	1	GTF2IRD2	c15
0.0262117488862854	-0.806889019175476	0.244	0.245	1	IFNG	c15
0.424861205146283	-0.806433630882628	0.027	0.029	1	AL662844.4	c15
0.874145937602359	-0.805477513782793	0.024	0.023	1	HIRA	c15
0.311204672041809	-0.805364193056306	0.025	0.029	1	CHAF1A	c15
0.605793201935313	-0.80436503602564	0.017	0.018	1	THAP8	c15
0.638186471587652	-0.804261528477077	0.065	0.065	1	FCMR	c15
0.579833923509639	-0.804255596149246	0.06	0.061	1	ZNF10	c15
0.98349651168302	-0.802940254924446	0.084	0.08	1	USP20	c15
0.2761982143032	-0.802813894419959	0.106	0.108	1	XAF1	c15
0.0234762749701908	-0.802466482049527	0.102	0.084	1	ATM	c15
0.543903226572529	-0.802401592445308	0.028	0.03	1	ATAD5	c15
8.94744685598194e-05	-0.801658624802051	0.253	0.258	1	PLSCR1	c15
0.70094198494342	-0.801289098140078	0.063	0.063	1	NAA16	c15
0.713362241543586	-0.801273440493842	0.015	0.016	1	TUBG2	c15
0.309939034742474	-0.79971251796999	0.09	0.092	1	RELL1	c15
0.0256742561422949	-0.799378994444865	0.061	0.05	1	ARHGAP35	c15
0.748942509395648	-0.79920584800767	0.03	0.028	1	HERC3	c15
0.974627656725138	-0.798764723283905	0.212	0.191	1	KMT2C	c15
0.720973321719534	-0.796923705980497	0.115	0.111	1	KIF21B	c15
0.0409369481393085	-0.796544973588738	0.015	0.011	1	NPIPB11	c15
0.524621967959786	-0.795792908807261	0.032	0.034	1	ZFAND4	c15
0.416032012050671	-0.795515399987481	0.101	0.101	1	ZFYVE28	c15
0.194924402520957	-0.795275826315969	0.117	0.119	1	ARRDC3	c15
0.391282258535551	-0.794366878998151	0.027	0.03	1	ZNF649	c15
0.527225639772116	-0.794217590847356	0.035	0.037	1	SGSH	c15
0.400288933712174	-0.793926112624515	0.044	0.039	1	BCR	c15
0.0209305581883477	-0.793057610813856	0.096	0.106	1	APOBEC3H	c15
0.857432173839449	-0.792973160957208	0.034	0.034	1	ZFP14	c15
0.59006293556142	-0.792937852418169	0.03	0.028	1	NSUN6	c15
0.545850652185522	-0.792925769373256	0.053	0.055	1	MCM4	c15
0.840532745828442	-0.792020782479817	0.155	0.145	1	ATG2A	c15
0.0131632165016868	-0.791688985691188	0.134	0.144	1	GBP1	c15
0.735090594618028	-0.791518394051669	0.028	0.026	1	PXN	c15
2.94986938842125e-06	0.79090514080254	0.012	0.005	0.098932719548872	FBXL16	c15
0.49776366420862	-0.790403796200649	0.066	0.067	1	FAM98C	c15
0.00538893061104046	-0.788170852266111	0.22	0.219	1	TSEN54	c15
0.574293479026404	-0.787564962294176	0.134	0.122	1	HCG18	c15
0.235899440453446	-0.786983609362192	0.036	0.04	1	AC021188.1	c15
0.807873322985664	-0.786504497775495	0.016	0.016	1	ZNF823	c15
0.253560366726174	-0.785902213840268	0.209	0.198	1	HERC1	c15
0.0455754663306663	-0.785721111704944	0.034	0.027	1	FLCN	c15
0.495380300675313	-0.785331335724186	0.034	0.036	1	TCF19	c15
2.37701883761753e-25	-0.785051590054299	0.377	0.425	7.97204577760166e-21	ARL4C	c15
0.113918143091909	-0.784423225223387	0.016	0.012	1	DBH-AS1	c15
0.369574531068437	-0.782859436692592	0.027	0.024	1	GABPB2	c15
0.054929836012544	-0.782810945165033	0.019	0.014	1	C3orf62	c15
0.190378472355729	-0.782353313281214	0.008	0.011	1	MXD3	c15
0.0656331649119218	-0.782243339985191	0.095	0.08	1	NISCH	c15
4.27430239390523e-06	0.781749384161295	0.01	0.004	0.143351553686794	PIK3CD-AS2	c15
0.674892682003867	-0.781515754273584	0.011	0.01	1	AC015982.1	c15
0.351320080179681	-0.781418649713171	0.062	0.056	1	DOPEY1	c15
0.307729246353831	-0.779889280710669	0.012	0.01	1	AC138969.1	c15
0.528391991466456	-0.779382308090146	0.062	0.064	1	DZIP3	c15
0.411808600373674	-0.779272551070701	0.058	0.052	1	PHKB	c15
0.0711499502323761	-0.779117844330151	0.289	0.266	1	CCNH	c15
0.302077130035181	-0.77910732084403	0.051	0.054	1	CPPED1	c15
0.319785144593721	-0.778464105907135	0.036	0.032	1	KCTD7	c15
0.59579074096601	-0.776974307600844	0.013	0.012	1	C1RL	c15
0.200590783105382	-0.775725462823082	0.011	0.009	1	PAFAH2	c15
0.905980288326206	-0.775643309147503	0.017	0.016	1	ZNF283	c15
0.0500104478100384	-0.773902577045276	0.046	0.054	1	UBE2T	c15
0.507022342788336	-0.773774798654458	0.034	0.036	1	KIAA0586	c15
0.303564571321374	-0.772908736306641	0.055	0.049	1	DDX11	c15
3.77363226032565e-09	-0.772835049350121	0.595	0.543	0.000126560078746802	HIST1H4C	c15
8.3127754531669e-14	-0.772227316742229	0.541	0.505	2.78793863148311e-09	AKNA	c15
0.651817515964174	-0.771539808447261	0.019	0.02	1	LINC02361	c15
0.0895166819999551	-0.770265307331807	0.018	0.013	1	MANEA-DT	c15
3.69123079187275e-14	-0.770050113329597	0.347	0.373	1.23796498297828e-09	GIMAP7	c15
0.250141148247937	-0.769680937469264	0.023	0.019	1	PATJ	c15
0.117406701274896	-0.768936809322517	0.091	0.078	1	KDM5D	c15
0.43296533693777	-0.768737742978434	0.013	0.011	1	CASTOR3	c15
6.27247587226077e-05	-0.768290643151697	0.195	0.212	1	GBP5	c15
0.829501919542785	-0.765659650414678	0.023	0.023	1	SHISAL2A	c15
3.14077301773417e-07	-0.763573046570742	0.334	0.338	0.0105335245468769	THEMIS	c15
0.893369736407237	-0.763218774810699	0.015	0.014	1	APOL1	c15
0.78305878862602	-0.763208934997785	0.063	0.06	1	BIK	c15
2.54202866935254e-06	0.762865324225586	0.027	0.015	0.0852545575127454	RMI2	c15
0.969335889107671	-0.762096947794936	0.058	0.057	1	HSH2D	c15
0.648473693855278	-0.761876730033046	0.039	0.04	1	ZNF480	c15
0.0750223963243531	-0.76061129288825	0.065	0.072	1	SNAI3	c15
2.22057173670919e-10	-0.758642873224377	0.52	0.478	7.44735349057528e-06	NEU1	c15
0.700424561687945	-0.758019284190937	0.012	0.011	1	FAM229B	c15
0.839783762503565	-0.75791762834534	0.017	0.017	1	CCDC138	c15
0.885316582040873	-0.757710061958615	0.05	0.048	1	DGKD	c15
0.333415134403456	-0.757035897257805	0.01	0.012	1	AP001816.1	c15
0.492746103378052	-0.756817726889954	0.211	0.195	1	UHRF2	c15
0.873047529100841	-0.756354950460803	0.027	0.026	1	CRYL1	c15
1.58249088310771e-06	0.755991745228292	0.012	0.005	0.0530735792376665	ALPK1	c15
0.00295772380969272	-0.75555280708062	0.214	0.217	1	RBM38	c15
0.676783215929177	-0.755496722039455	0.022	0.021	1	PER3	c15
0.215813949815397	-0.755465509441743	0.011	0.008	1	CH25H	c15
0.00335470130218042	-0.755414002026603	0.229	0.227	1	TMEM50B	c15
0.545833694891644	-0.755128041402531	0.018	0.017	1	TMEM44-AS1	c15
0.606598136713838	-0.754726219976058	0.043	0.044	1	SGK3	c15
0.741279953021144	-0.753501087576533	0.137	0.126	1	FNDC3A	c15
0.985824568978992	-0.753498359522288	0.014	0.014	1	AC099063.4	c15
0.546521763146285	-0.752357021198449	0.122	0.111	1	SLFN12L	c15
0.320914542423904	-0.751334094649515	0.017	0.02	1	RFC3	c15
0.493453378540955	-0.750824420768147	0.125	0.122	1	DEAF1	c15
0.943635869209658	-0.75052881273871	0.087	0.083	1	TSPAN2	c15
0.262492443555272	-0.749832078319787	0.067	0.059	1	TMEM175	c15
0.921282402999195	-0.749785471637407	0.03	0.029	1	PLA2G12A	c15
0.418507763658711	-0.749132012044398	0.14	0.136	1	SETD1B	c15
0.107596592340347	-0.748178519537792	0.158	0.158	1	SKI	c15
0.871011835939681	-0.748042008017288	0.02	0.02	1	FAM216A	c15
0.170107647842011	-0.747447396117829	0.02	0.016	1	DMPK	c15
0.489609847238384	-0.745741652534625	0.013	0.011	1	AP002495.2	c15
0.573046199225847	-0.745306344473988	0.036	0.038	1	SPAG4	c15
0.210073231998925	-0.744957797159779	0.011	0.009	1	MAP3K10	c15
0.255974263332983	-0.743653459823596	0.089	0.092	1	HLTF	c15
0.00944870855004363	-0.743580417725132	0.141	0.15	1	CEBPB	c15
1.40246278951138e-10	-0.743451881183586	0.273	0.303	4.70357970346327e-06	TENT5C	c15
0.471427244459852	-0.742952728338272	0.124	0.122	1	TP53INP1	c15
0.771889123961957	-0.742298323415981	0.023	0.023	1	GPSM2	c15
0.0028826048198498	-0.741570135634639	0.234	0.234	1	RNF166	c15
0.0193194689491959	-0.741411571377134	0.038	0.029	1	LSS	c15
0.802883321483611	-0.74138998495441	0.044	0.042	1	MIR181A1HG	c15
0.358155034989632	-0.740167721000904	0.015	0.013	1	C19orf44	c15
0.994930794515194	-0.73972268925822	0.045	0.045	1	SESN2	c15
0.42575214842352	-0.738952991489192	0.027	0.024	1	PLA2G6	c15
0.788982930161238	-0.738837007375353	0.07	0.067	1	CARD11	c15
0.395643963980749	-0.738182497892654	0.036	0.033	1	C3orf58	c15
0.0254233703356279	-0.738170574493987	0.18	0.183	1	IFITM3	c15
3.63008487178436e-06	0.737485943280032	0.01	0.004	0.121745786429904	PGBD4	c15
0.471294376288	-0.736972412956823	0.019	0.017	1	AP000311.1	c15
0.67888387374086	-0.736565301290943	0.105	0.097	1	PDE7A	c15
0.432334576635143	-0.73648711756871	0.011	0.009	1	DPP4	c15
0.158927596637856	-0.736164466544038	0.277	0.255	1	NIN	c15
0.946166394208207	-0.736134161192685	0.086	0.082	1	JADE1	c15
0.441340127770588	-0.735726868836991	0.129	0.126	1	PRKAA1	c15
0.456693969152055	-0.735522073938006	0.024	0.022	1	SLC46A3	c15
0.0584891999496936	-0.734533097097578	0.21	0.204	1	LYAR	c15
0.00596146939020581	-0.732958955532608	0.01	0.006	1	EBLN2	c15
0.217465686151562	-0.73211274655717	0.021	0.025	1	BRCA2	c15
0.635803135210595	-0.731373998643404	0.132	0.121	1	NLRC3	c15
0.319272955670294	-0.731298793220807	0.033	0.029	1	DUSP8	c15
0.0219974327529121	-0.731167060205857	0.037	0.029	1	SZT2	c15
0.715584734363514	-0.73093225251848	0.017	0.016	1	ZFP69B	c15
0.0231165774184562	-0.730892276419388	0.243	0.234	1	DDIT3	c15
0.938749652084946	-0.730533064161599	0.042	0.041	1	ERI1	c15
0.367186212738315	-0.730385322479097	0.123	0.122	1	PTPRE	c15
0.875185977965635	-0.729531507093228	0.021	0.021	1	DIRC2	c15
0.07991059375775	-0.729288304559434	0.048	0.039	1	SMURF1	c15
0.463955658595047	-0.727400787874697	0.017	0.015	1	AC020659.1	c15
0.142305513541756	-0.727021319843749	0.038	0.044	1	ADORA2A	c15
0.678393724651991	-0.726904554973879	0.027	0.026	1	NOD1	c15
0.509204921764199	-0.726278786042763	0.126	0.123	1	PTPN4	c15
0.375453636412001	-0.725720333660038	0.014	0.011	1	PCOLCE	c15
0.374887372533515	-0.725532282989816	0.02	0.017	1	SRGAP2B	c15
0.611925221514328	-0.725438388634081	0.017	0.015	1	FAM117B	c15
0.822551860116056	-0.725303615249077	0.015	0.016	1	MBNL3	c15
0.294138318367188	-0.72455716357657	0.26	0.24	1	YPEL2	c15
2.45821923952573e-105	-0.724436520656025	0.992	0.944	8.2443756855214e-101	FTH1	c15
1.70829940195806e-44	-0.724271544719213	0.613	0.624	5.72929453428694e-40	PBXIP1	c15
0.631423943429533	-0.723299551125079	0.014	0.013	1	KANTR	c15
0.702187119424028	-0.722849691201808	0.014	0.013	1	COLGALT2	c15
0.674614129606612	-0.722828753142125	0.064	0.059	1	INTS8	c15
0.0476369824594597	-0.722312736255473	0.007	0.012	1	CDC45	c15
0.241403065553052	-0.719069265051732	0.088	0.078	1	INPP4A	c15
0.370806704659142	-0.718732590725139	0.182	0.173	1	IRF3	c15
0.131221188008918	-0.717778950369566	0.022	0.017	1	AC005332.7	c15
0.671658836933311	-0.71761267272817	0.066	0.062	1	SNX18	c15
0.595226509523447	-0.716921644350146	0.116	0.105	1	RPRD2	c15
0.779488388938013	-0.716701007227334	0.054	0.051	1	TDRD7	c15
0.731933566718288	-0.714729771091029	0.014	0.015	1	LRRCC1	c15
0.331804371033962	-0.714616158558229	0.047	0.042	1	ABHD10	c15
0.115954301385546	-0.71460868899339	0.02	0.016	1	PPAN	c15
0.593666494881431	-0.714492610861422	0.044	0.041	1	TTC13	c15
0.374732930630881	-0.714325434424907	0.019	0.021	1	PRC1	c15
0.0397280024031629	-0.714227421415756	0.068	0.078	1	CISD3	c15
0.579349595965352	-0.713571253033296	0.034	0.032	1	HIST1H2AG	c15
0.106481704325542	-0.712738429945749	0.075	0.081	1	GIMAP1	c15
0.588416859900165	-0.71260014341222	0.115	0.105	1	CABIN1	c15
0.506912400753213	-0.712472649207572	0.036	0.033	1	LETM2	c15
0.0817731316925595	-0.711766665720773	0.042	0.034	1	SRGAP2	c15
0.918726672887655	-0.711577175928306	0.135	0.127	1	CWF19L2	c15
0.81397463415932	-0.710510103779018	0.091	0.086	1	RASSF2	c15
0.832850078918461	-0.7097999382953	0.019	0.019	1	ZNF718	c15
0.568699665736977	-0.708607995716011	0.065	0.06	1	MARCH9	c15
0.0280345339890449	-0.708262548351737	0.169	0.172	1	ITPRIPL1	c15
0.609645971016713	-0.707806959020886	0.012	0.011	1	XYLT2	c15
0.0569463204855473	-0.707391428782126	0.235	0.226	1	PPM1K	c15
4.13129079588195e-08	-0.706976454240701	0.451	0.42	0.00138555230712289	CLK1	c15
0.526626033877461	-0.706663258161909	0.035	0.032	1	BISPR	c15
0.000206039440840845	-0.705790818112111	0.348	0.326	1	SIRT2	c15
0.529169277562583	-0.705480644170733	0.015	0.014	1	GDF11	c15
0.878274936752496	-0.704618675964128	0.044	0.042	1	DHCR7	c15
0.252045336817885	-0.704547224561839	0.071	0.063	1	SPRY1	c15
0.0710671204566702	-0.70367103254743	0.034	0.027	1	NAPB	c15
3.4773646381123e-38	-0.703581724567949	0.853	0.816	1.1662385523301e-33	KLF6	c15
0.69752858080744	-0.703020351582873	0.023	0.022	1	ZNF845	c15
0.235383134763875	-0.702833494165292	0.088	0.077	1	COG5	c15
0.0593778851049602	-0.702109804695264	0.029	0.023	1	UVSSA	c15
1.06109720315572e-114	-0.702070928727745	1	0.999	3.55870779994366e-110	MALAT1	c15
0.508117198915872	-0.702053974445104	0.075	0.069	1	SLC2A4RG	c15
0.966264026852021	-0.701561356333107	0.026	0.026	1	ZNF773	c15
0.0498506432297294	-0.701379424244497	0.288	0.268	1	ARHGAP45	c15
0.252811935187101	-0.701203599563065	0.067	0.06	1	COG4	c15
8.72978107190878e-11	-0.701163630807699	0.522	0.502	2.92779397589677e-06	TSPYL2	c15
0.000989477858064982	0.699423337405647	0.01	0.005	1	AC010424.3	c15
0.3881889448967	-0.69888465915332	0.163	0.144	1	PHC3	c15
0.0388042987621235	-0.698746450471683	0.103	0.111	1	GPR68	c15
0.172143046162211	-0.698268504247411	0.011	0.014	1	PLK4	c15
0.000752977899071024	-0.697913527931755	0.063	0.047	1	AC016831.1	c15
0.278367581708103	-0.697857687822413	0.011	0.014	1	PGLYRP2	c15
0.210282682633189	-0.697655113467968	0.015	0.012	1	CIITA	c15
0.736206696990869	-0.697473766748262	0.032	0.033	1	TRAV12-1	c15
0.299054657342847	-0.695859364456936	0.055	0.049	1	UAP1L1	c15
0.8065348291887	-0.695704957293855	0.019	0.018	1	KBTBD8	c15
0.069664186613338	-0.695218903500152	0.122	0.104	1	ZNF266	c15
5.06045580487344e-26	-0.695129765517231	0.599	0.595	1.69717566783845e-21	TUBA4A	c15
0.173601931212767	-0.694895639953836	0.026	0.022	1	KIAA1328	c15
0.638517814457016	-0.694290976812793	0.019	0.017	1	LRRC37A2	c15
0.0142657858614491	-0.693816417356795	0.013	0.008	1	KCNC4	c15
0.00750554652349922	-0.692928592773537	0.054	0.041	1	MTRNR2L1	c15
0.694909068321448	-0.691990338006931	0.087	0.081	1	LYSMD3	c15
0.910849093078021	-0.691601623613665	0.031	0.03	1	GPD1L	c15
4.83691782223416e-31	-0.691081861719703	0.544	0.553	1.62220549922089e-26	PTPRCAP	c15
0.715548700366485	-0.691041794443082	0.18	0.163	1	NEDD9	c15
0.554934719672975	-0.690775767323007	0.015	0.013	1	ZNF841	c15
0.691466080928133	-0.690716961779674	0.024	0.023	1	CHIC1	c15
0.00102422265098747	-0.690478459934908	0.14	0.11	1	ANKRD36C	c15
0.0387758107117393	-0.689188123487023	0.016	0.012	1	ADHFE1	c15
0.418607794693839	-0.689125663753864	0.137	0.134	1	MVB12B	c15
6.18854748219239e-30	-0.688837736057109	0.614	0.591	2.07551505457768e-25	PPP2R5C	c15
0.407908450584726	-0.688379748059672	0.08	0.073	1	ABR	c15
0.51384552611069	-0.68800772007711	0.057	0.052	1	ILF3-DT	c15
0.0680222693665772	-0.687501005054886	0.011	0.007	1	PLEKHA8	c15
0.143191304239632	-0.687436541627504	0.011	0.009	1	MSH5	c15
0.273419923086831	-0.687298980744635	0.032	0.036	1	TRGV9	c15
3.90720306674815e-06	-0.68694434469308	0.429	0.398	0.131039776452599	KIAA1551	c15
0.218137202495142	-0.686889106146139	0.061	0.054	1	POLH	c15
0.941514439162344	-0.686477925558488	0.026	0.026	1	KLF11	c15
0.041810600695488	-0.68535154458523	0.012	0.008	1	CDH1	c15
0.817424782424252	-0.685159003456861	0.025	0.024	1	AC139530.1	c15
0.136192339171267	-0.685139090657904	0.055	0.047	1	ERLIN1	c15
0.780549036747512	-0.684946082901057	0.012	0.013	1	U2AF1	c15
0.909704489208217	-0.684436894751018	0.031	0.03	1	CEP44	c15
0.963201633453889	-0.684294453639336	0.175	0.16	1	FOXN2	c15
0.487098145603971	-0.683883606250168	0.13	0.126	1	PIP4K2A	c15
0.0473752258892613	-0.681893022946327	0.029	0.022	1	CARMIL2	c15
0.280891230621451	-0.681502458597612	0.198	0.189	1	PTK2B	c15
0.910819769296635	-0.681355895398347	0.032	0.032	1	HEXDC	c15
0.0791504984374123	-0.680907019015122	0.016	0.012	1	PAN2	c15
0.973326547528852	-0.680117297293636	0.16	0.148	1	IL6ST	c15
0.0718564127864439	-0.679180634510174	0.032	0.025	1	RALGAPA2	c15
0.626245509258192	-0.679052007635035	0.229	0.208	1	SSH2	c15
0.00161083688903757	-0.678934127408652	0.172	0.137	1	NLRC5	c15
0.0675167869956455	-0.678823036690842	0.43	0.353	1	MTRNR2L8	c15
0.659707840347826	-0.678680168019155	0.082	0.081	1	KIAA0513	c15
0.930488829432284	-0.678408252670168	0.054	0.053	1	TRIM25	c15
0.729141952525637	-0.67834882431763	0.07	0.066	1	SLFN11	c15
0.908762809660449	-0.678014877880423	0.019	0.019	1	KHK	c15
0.000143645235474454	0.677759114621947	0.011	0.005	1	CCDC125	c15
5.05010191266684e-31	-0.677751768455609	0.694	0.648	1.6937031794702e-26	YPEL5	c15
0.842268398898782	-0.677009417815605	0.119	0.114	1	CYTH4	c15
0.246483276820744	-0.676740802267074	0.16	0.157	1	UPP1	c15
0.357885282360985	-0.67652735895865	0.067	0.06	1	COQ8A	c15
0.0426386492079143	-0.675943603312381	0.075	0.062	1	MRNIP	c15
0.463810642643953	-0.675713171764371	0.014	0.013	1	AC097534.2	c15
0.51197947932078	-0.675589084886945	0.018	0.017	1	SLC35A1	c15
0.295273696996934	-0.674546051628275	0.019	0.016	1	ZNF571	c15
0.668982397524006	-0.674480610602222	0.07	0.066	1	SYNJ1	c15
0.196710696804956	-0.674109382803391	0.064	0.056	1	ZNF75A	c15
0.948614219616074	-0.67373489483883	0.024	0.024	1	RBM43	c15
0.122855900406636	-0.673172258383738	0.041	0.034	1	GALT	c15
0.242448366814743	-0.672813418828232	0.292	0.266	1	PDE4DIP	c15
0.972249012298099	-0.672532600794909	0.032	0.032	1	NKRF	c15
0.790275049522567	-0.672334163692665	0.036	0.035	1	CENPU	c15
1.66568861665406e-50	-0.671947457169575	0.732	0.745	5.58638648253438e-46	CXCR4	c15
0.0483307418900166	-0.671830477395785	0.134	0.113	1	CLASP1	c15
0.154200025501491	-0.671620086999053	0.321	0.289	1	RABGAP1L	c15
0.15742961216624	-0.67156856531073	0.102	0.089	1	SMURF2	c15
0.58941222713118	-0.671501520289092	0.075	0.069	1	ZNF211	c15
0.345217894519206	-0.671211728011337	0.159	0.141	1	MLLT3	c15
0.113781552257247	-0.670911001481998	0.111	0.096	1	ANKZF1	c15
0.330419021528768	-0.670578905223698	0.013	0.011	1	VPS9D1	c15
0.0977457828105479	-0.670233432331016	0.038	0.031	1	TENT4A	c15
0.387797520053878	-0.669933950080691	0.104	0.093	1	G2E3	c15
0.300844632655588	-0.669833227178219	0.066	0.058	1	DNAJC27	c15
0.0263382024119492	-0.669713338689099	0.23	0.225	1	GALNT11	c15
0.643971950504353	-0.669607972649548	0.01	0.009	1	DBF4B	c15
0.653774031434143	-0.669570890775871	0.131	0.12	1	GNB5	c15
0.358621930404253	-0.669099218941357	0.093	0.095	1	SLC25A4	c15
0.000198245531439915	-0.668775039424671	0.275	0.275	1	EVI2B	c15
0.0730529758199165	-0.667698235236046	0.231	0.222	1	GCHFR	c15
0.215133802533619	-0.667684444547882	0.228	0.215	1	CDC42EP3	c15
0.124399209951667	-0.667648386161811	0.24	0.225	1	UBL3	c15
0.109891884847582	-0.667157837870356	0.024	0.019	1	DOCK9	c15
3.82738311961333e-09	-0.66627342155003	0.346	0.352	0.000128362775065592	ORAI1	c15
2.82084778445518e-05	0.665888474852735	0.015	0.007	0.946055929950578	AC133644.2	c15
0.138582099815088	-0.665769686524186	0.442	0.363	1	CD69	c15
0.238966371691252	-0.665701377604064	0.293	0.267	1	STK10	c15
0.42851552948637	-0.665500758625912	0.033	0.029	1	ARSK	c15
0.0476647181016324	-0.665047252191963	0.28	0.262	1	BTN3A2	c15
0.00148932614364121	0.664989058610909	0.013	0.007	1	TRBV6-4	c15
0.530440337329299	-0.664872223646819	0.026	0.024	1	OTUD3	c15
0.54933560795791	-0.663906655886914	0.012	0.011	1	TSNARE1	c15
0.0668816056560547	-0.663680601567393	0.042	0.034	1	WDR7	c15
0.0230561882043852	-0.663090165093133	0.129	0.106	1	TTTY15	c15
0.300261011825926	-0.662709310802523	0.056	0.049	1	TUBD1	c15
0.500009937154594	-0.662479035169665	0.016	0.014	1	BCLAF3	c15
0.704208711185941	-0.661699994295512	0.206	0.19	1	ABHD17A	c15
6.0975241594258e-05	0.661698600306478	0.011	0.005	1	SPIRE1	c15
0.898714026753368	-0.661455535623811	0.273	0.241	1	RASAL3	c15
0.409403076173641	-0.661399581285045	0.016	0.014	1	ZNF74	c15
0.203279116551841	-0.661299224239095	0.022	0.018	1	RBFOX1	c15
0.148661230435324	-0.661020583189561	0.043	0.036	1	SRGAP2C	c15
0.922085570632772	-0.660333015524458	0.04	0.039	1	ATPAF1	c15
0.259536048787676	-0.659783915836443	0.079	0.07	1	ATAD2	c15
0.912061732303963	-0.659287253236809	0.032	0.032	1	BUB1	c15
0.525994400089469	-0.659055763150912	0.013	0.011	1	CYP2U1	c15
0.335604281687624	-0.65894633691638	0.056	0.05	1	PREPL	c15
0.134166547548685	-0.658486596795159	0.093	0.081	1	FAM53C	c15
0.240630082201401	-0.657793134708398	0.052	0.046	1	BRMS1L	c15
0.236991587440745	-0.65771473777829	0.043	0.037	1	ZNF184	c15
0.829001216351148	-0.657485514939513	0.106	0.099	1	ASTE1	c15
0.514189875587048	-0.657415273375443	0.118	0.116	1	UCHL3	c15
0.500607710225286	-0.657411829166778	0.144	0.139	1	SASH3	c15
0.00619085367033149	-0.656911751419049	0.014	0.008	1	KLHL17	c15
0.972694029812742	-0.656907825018155	0.093	0.089	1	NR1D2	c15
0.000455253524459967	-0.656406917124377	0.205	0.161	1	PCSK7	c15
0.475213607359416	-0.656162805944971	0.023	0.021	1	RTTN	c15
0.496393378224161	-0.655838997525727	0.02	0.018	1	CNNM3	c15
0.979413178923325	-0.655406406259532	0.026	0.026	1	BEST1	c15
7.53674877489686e-14	-0.655143896364619	0.464	0.456	2.52767480412491e-09	PIK3IP1	c15
0.505835832120147	-0.654928840596328	0.113	0.111	1	SKA2	c15
0.565273351226397	-0.654570783603565	0.126	0.123	1	ARHGEF3	c15
0.906777285316987	-0.65416359018942	0.268	0.239	1	ATF7IP	c15
0.779257923066259	-0.65402252285706	0.225	0.205	1	PTGER4	c15
0.388823454617456	-0.653790570185956	0.034	0.03	1	SHMT1	c15
0.178426827023449	-0.653418594545854	0.016	0.012	1	SH3BP5-AS1	c15
0.193646646360747	-0.651299359504035	0.033	0.028	1	SPICE1	c15
0.236792109411271	-0.650669713110182	0.148	0.146	1	TBX21	c15
0.073180220923854	-0.650607258003639	0.277	0.259	1	CDK17	c15
0.636562265266997	-0.648350070430563	0.042	0.039	1	TATDN3	c15
4.53635634045041e-06	0.6481878469998	0.014	0.006	0.152140318946026	NR2F6	c15
0.334774987704736	-0.647806725808425	0.097	0.087	1	NCOA2	c15
0.372806361242502	-0.647508290085857	0.012	0.01	1	RENBP	c15
4.48227864316807e-06	0.647279709070022	0.018	0.009	0.150326661134571	PPARG	c15
0.841281429861402	-0.647233956079281	0.016	0.016	1	HIST1H2AL	c15
0.264247608201716	-0.647198428342338	0.014	0.012	1	GEN1	c15
0.0150667563526208	-0.646727085216166	0.07	0.057	1	VPS13B	c15
0.384387731476308	-0.646674256890241	0.011	0.009	1	AC124312.1	c15
0.0284293785518343	-0.646602012321349	0.046	0.037	1	CEP192	c15
0.000794261691287319	0.646587313148526	0.044	0.032	1	TRBV3-1	c15
5.50056322183151e-10	-0.646439257124116	0.38	0.389	1.84477889333785e-05	PDCD1	c15
0.711933289245161	-0.646281844568259	0.043	0.04	1	TMEM154	c15
1.56426860927389e-19	-0.646049691223701	0.996	0.988	5.24624406178279e-15	MTRNR2L12	c15
0.633089171899554	-0.645829547106879	0.009	0.01	1	ZNF784	c15
0.00213148858050677	-0.645689451630047	0.034	0.024	1	DNASE1	c15
0.907737395438842	-0.645634515798711	0.228	0.204	1	SLC20A1	c15
0.251898542362735	-0.645552412870039	0.039	0.034	1	PEX6	c15
5.83211809574972e-06	0.645361736705025	0.014	0.006	0.195597576695254	SNX15	c15
0.237080512420603	-0.644457523752453	0.048	0.042	1	FUZ	c15
0.230816882406501	-0.644093778657266	0.08	0.071	1	RBL1	c15
0.201409633337706	-0.643616004536952	0.098	0.086	1	LPCAT4	c15
2.43091416162085e-15	-0.643261001837579	0.53	0.501	8.152799915244e-11	RNF149	c15
0.362691516017341	-0.642691793291966	0.051	0.046	1	DYRK2	c15
0.00498830947246493	-0.642242561088757	0.137	0.111	1	NLRP1	c15
0.000207042130113265	-0.642150535927906	0.053	0.037	1	TSPOAP1	c15
0.0616463262123117	-0.641641925804415	0.054	0.044	1	VPS33A	c15
0.336954056934663	-0.64140155401815	0.025	0.022	1	DHX58	c15
0.36144404906165	-0.641209272168737	0.17	0.152	1	CD84	c15
0.275672530240627	-0.641014431980724	0.109	0.097	1	DYRK1A	c15
0.769503812103296	-0.639697799177182	0.015	0.014	1	THRA	c15
0.911805529076426	-0.639135630903057	0.011	0.01	1	FXYD7	c15
0.18374979830922	-0.638825270905123	0.038	0.033	1	SREBF1	c15
0.571982208059656	-0.637913742653706	0.102	0.094	1	GPN3	c15
0.862302249321802	-0.635833727490487	0.013	0.012	1	ZIK1	c15
0.0463305813492238	-0.635674430106831	0.025	0.019	1	DYNC2H1	c15
2.41602817241376e-43	-0.635235486579151	0.77	0.75	8.10287528464126e-39	ZFP36L2	c15
0.239639510775595	-0.634509831027018	0.019	0.016	1	ARL15	c15
0.751823727924	-0.634197745631382	0.012	0.012	1	KDM8	c15
0.00734544232561715	-0.634077927221865	0.079	0.063	1	STAT2	c15
0.110760692703044	-0.633951248504117	0.04	0.033	1	CLN3	c15
0.473212659390399	-0.633124522284366	0.031	0.028	1	CCDC173	c15
0.69648600391799	-0.632964258031864	0.048	0.049	1	PSMC3IP	c15
0.250026892687879	-0.63281601130485	0.035	0.031	1	L3MBTL3	c15
0.120626277230547	-0.632308290163041	0.017	0.013	1	AC091271.1	c15
0.00233883126489141	0.632170032670712	0.012	0.007	1	TRBV30	c15
0.262659503400581	-0.631811217122007	0.058	0.052	1	FBXO44	c15
0.191429553935317	-0.63166934926354	0.011	0.014	1	SGO1	c15
0.374490838822789	-0.631487316071923	0.076	0.068	1	PIGB	c15
0.183924923602059	-0.631350296036294	0.028	0.023	1	TRIM3	c15
0.0831552161647047	-0.630528053058264	0.189	0.16	1	ARHGEF7	c15
0.181680616874939	-0.630428819417403	0.012	0.009	1	ZNF799	c15
0.0817888078397964	-0.630150977118652	0.049	0.041	1	C20orf194	c15
0.000438568766291708	0.629617850083481	0.01	0.005	1	CRMP1	c15
0.0724714853367397	-0.628800617124599	0.015	0.011	1	AL021453.1	c15
0.472032009915931	-0.628787223988136	0.01	0.008	1	GGACT	c15
0.841683994924379	-0.628679220545147	0.032	0.033	1	PLEKHO2	c15
0.508453723002353	-0.628590011086502	0.118	0.107	1	PYGO2	c15
0.774336263558196	-0.628518185558132	0.038	0.036	1	ZSWIM6	c15
0.0047750064157567	-0.627793250991909	0.086	0.069	1	PI4KA	c15
0.147193047562421	-0.625886398962985	0.035	0.03	1	ZNF518A	c15
0.785710057730151	-0.624723256900693	0.084	0.079	1	KANSL1-AS1	c15
0.969833993853159	-0.624503750744068	0.022	0.022	1	CHN2	c15
0.00896379516731529	-0.624289664447723	0.116	0.094	1	FBXL20	c15
0.16151151092106	-0.62425343783163	0.201	0.172	1	FAM160B1	c15
0.848882761866099	-0.623890029389805	0.016	0.016	1	LIN9	c15
0.953348197507361	-0.623651019687966	0.018	0.018	1	SCO2.1	c15
0.140484712529607	-0.622130442137135	0.039	0.033	1	STRBP	c15
2.01343646270559e-16	-0.621206152402101	0.581	0.544	6.75266320862201e-12	ELF1	c15
0.014170846829058	-0.621153867262385	0.048	0.037	1	MOK	c15
0.247807582044082	-0.621128789656206	0.023	0.019	1	AVPI1	c15
0.22125751502308	-0.621126642651472	0.014	0.012	1	C9orf72	c15
0.446468601122015	-0.620957266856815	0.016	0.014	1	TIGD1	c15
0.0304384336101676	-0.620641252055748	0.309	0.29	1	SMC4	c15
0.680967083187508	-0.62058485297417	0.077	0.072	1	MXI1	c15
0.7735132692173	-0.620160044563847	0.182	0.165	1	RC3H2	c15
0.350468533339474	-0.619456513764751	0.143	0.14	1	SELENOM	c15
0.236629113210435	-0.619332293490276	0.019	0.016	1	AC138150.1	c15
1.8766228528696e-57	-0.619292713397559	0.889	0.861	6.29381772395406e-53	TSC22D3	c15
0.0446939059137725	-0.619199143876683	0.074	0.061	1	ATP7A	c15
0.824874860528405	-0.619016042327567	0.258	0.228	1	NUMA1	c15
0.368194926348865	-0.618751865971854	0.387	0.34	1	ZC3HAV1	c15
0.00386159195622939	-0.618207018814894	0.112	0.089	1	FBXO11	c15
0.0420858579643259	-0.617832189279289	0.027	0.021	1	DGKQ	c15
0.112703629784444	-0.617642132293959	0.051	0.043	1	SNX29	c15
6.02149405494487e-10	-0.617341836756076	0.454	0.436	2.01948867614741e-05	LCK	c15
0.000527618236528511	-0.617161292821475	0.066	0.048	1	BTBD9	c15
0.28463368671601	-0.617138301380275	0.26	0.243	1	MX1	c15
0.366466320324488	-0.617078358237835	0.019	0.016	1	EAF2	c15
0.625778016018989	-0.616829696619199	0.107	0.099	1	IFI44	c15
0.10461885490661	-0.616276688081404	0.052	0.044	1	BICD1	c15
0.468498553085013	-0.615082698183222	0.158	0.142	1	GPR174	c15
0.000747797098809211	-0.614728405804063	0.105	0.081	1	KLHDC4	c15
0.10670867620573	-0.614452688559186	0.035	0.029	1	ZNF445	c15
0.0713150336645376	-0.614272824197582	0.091	0.077	1	MAPK14	c15
0.0210755712283208	-0.6142561694823	0.1	0.082	1	AKAP10	c15
0.509944245797494	-0.614224713244715	0.015	0.013	1	MMP23B	c15
3.40687543514525e-05	-0.613958914015969	0.289	0.296	1	TNFSF10	c15
0.49672720524546	-0.613212184224271	0.213	0.187	1	FBXW11	c15
0.689833938068987	-0.612276728935995	0.038	0.036	1	KLHL8	c15
0.697283658766086	-0.612094848251158	0.025	0.024	1	ARMC2	c15
9.68692590949192e-09	-0.610532086838517	0.489	0.454	0.00032488012115254	OSBPL8	c15
0.0823503470101055	-0.610364660887877	0.035	0.028	1	AARSD1	c15
0.840725127425789	-0.610320155031719	0.02	0.019	1	TMEM116	c15
0.191772933082753	-0.6102804053682	0.136	0.119	1	RGS14	c15
0.209772236360251	-0.610035332656196	0.018	0.015	1	ZNF700	c15
1.06602457828151e-06	-0.609932470877796	0.498	0.448	0.0357523323064054	TMEM43	c15
0.552944907883538	-0.609411532005034	0.227	0.199	1	TES	c15
0.00370828608445574	-0.609337924695774	0.091	0.071	1	CTC1	c15
1.92527231278873e-08	-0.609242110830456	0.462	0.437	0.000645697828263084	MGAT4A	c15
0.940118946562238	-0.609015295231321	0.021	0.021	1	HPGD	c15
0.381962562520982	-0.609000647283739	0.039	0.035	1	ARID3A	c15
0.0382161547999175	-0.608835529488353	0.354	0.321	1	ZAP70	c15
0.347915320018572	-0.608599087297515	0.227	0.214	1	APOL6	c15
1.01138113670333e-10	-0.608147896652949	0.509	0.475	3.39197005627563e-06	NAA50	c15
0.381861121414034	-0.608144902276663	0.271	0.233	1	BACH1	c15
0.34024667132126	-0.608079044258555	0.127	0.113	1	MCPH1	c15
0.00251837520703296	-0.608077498525881	0.044	0.032	1	TEP1	c15
0.00876830443620233	-0.607824394634029	0.032	0.023	1	SLFN13	c15
0.897462988369735	-0.607816176443503	0.275	0.241	1	CENPC	c15
3.47899595351878e-05	-0.606986813297581	0.061	0.042	1	MAN2C1	c15
0.000409348266632293	0.606686604903403	0.011	0.006	1	CDH17	c15
0.473168767888923	-0.606610124793475	0.158	0.153	1	RCSD1	c15
0.0153612000986665	-0.60633332271222	0.408	0.362	1	NUP98	c15
1.04528524935839e-16	-0.606292665594919	0.928	0.863	3.50567766929816e-12	MT-ND2	c15
1.80367215719947e-18	-0.606085706227291	0.607	0.58	6.04915568081557e-14	EVL	c15
2.60336738936339e-25	-0.606022983811741	0.995	0.986	8.73117355044695e-21	MT-ND3	c15
0.000241468432551732	-0.605746619673666	0.578	0.507	1	FUS	c15
0.00360979467454566	-0.605714683147783	0.141	0.113	1	KIAA1468	c15
0.317168451272977	-0.604414122044004	0.064	0.057	1	INTS7	c15
0.46015389354573	-0.6043221165715	0.013	0.011	1	AC025171.3	c15
0.124874083850179	-0.603757645056048	0.052	0.044	1	GPR89B	c15
0.0736638234900216	-0.603686481272507	0.054	0.045	1	SIRT1	c15
0.289897791496373	-0.603541123111389	0.052	0.046	1	KAT2B	c15
0.0238901120662902	-0.603377929103456	0.053	0.042	1	SLC16A1-AS1	c15
0.000306590777260272	-0.603371156234784	0.141	0.11	1	ZZEF1	c15
0.00126096111556332	-0.602338290266325	0.522	0.46	1	RSRP1	c15
0.0699992622617504	-0.601923688102715	0.215	0.181	1	ANKRD44	c15
0.67132938599808	-0.601855052987736	0.012	0.011	1	GRAP	c15
0.339146676365594	-0.601545426092427	0.041	0.036	1	TRGV3	c15
0.977567224117765	-0.6012503223111	0.014	0.014	1	HIST1H2BH	c15
0.0429341243920569	-0.601248491912393	0.05	0.04	1	IKBKE	c15
1.17810082393212e-11	-0.601050788475056	0.015	0.005	3.95111454330354e-07	IGHG1	c15
0.937197835189145	-0.60095787196746	0.011	0.011	1	MCM8	c15
1.42033172357236e-05	-0.600870466649436	0.366	0.355	0.476350853451699	GLIPR1	c15
0.579931646374474	-0.600557332721981	0.173	0.156	1	FBXO32	c15
0.0265379592753551	-0.600236184643947	0.089	0.074	1	HTT	c15
0.728118171150301	-0.600112065347882	0.043	0.04	1	E2F3	c15
0.0833552046307207	-0.59978542693228	0.173	0.147	1	DDI2	c15
0.463673980476443	-0.599353946141122	0.087	0.08	1	USP18	c15
0.844711826836687	-0.598952088858816	0.011	0.011	1	IFI27	c15
5.13734354937646e-05	-0.598622516062111	0.052	0.035	1	PLXNA3	c15
4.20674375586151e-05	0.598437439436877	0.027	0.016	1	TRAV8-4	c15
0.0182284746861235	-0.597933833838025	0.032	0.024	1	STARD9	c15
0.20709294593368	-0.59787202792817	0.046	0.04	1	TMEM191C	c15
0.0145110515509137	-0.59774983465602	0.073	0.058	1	CSKMT	c15
8.22452956147411e-05	-0.597701676720495	0.111	0.084	1	GOLGA8B	c15
0.432840069244536	-0.59686107514418	0.327	0.277	1	PRRC2B	c15
0.000150463084258376	0.595821757444171	0.024	0.014	1	TRBV6-6	c15
0.0736599903178623	-0.595373252589969	0.058	0.049	1	D2HGDH	c15
0.0160705393081304	-0.595281507190375	0.027	0.02	1	RAB11FIP3	c15
0.409789467271846	-0.594848591276803	0.012	0.01	1	FAM169A	c15
0.558077010992262	-0.594585529109061	0.173	0.155	1	ABCG1	c15
0.0998781184590214	-0.594516408749143	0.073	0.062	1	MUTYH	c15
0.000196622958216189	-0.594441561258536	0.429	0.39	1	HERPUD2	c15
0.11896149714959	-0.594434092464474	0.07	0.06	1	ZBTB49	c15
0.120130241073537	-0.594314197051587	0.067	0.057	1	AMPD2	c15
2.68356899216727e-30	-0.594156430895715	0.494	0.555	9.00015368593059e-26	GZMH	c15
0.736443093794848	-0.593950446611605	0.043	0.041	1	RGS9	c15
0.309114401011596	-0.593774582769989	0.016	0.013	1	AL359915.2	c15
0.16980626052239	-0.59365208718716	0.027	0.023	1	SNX25	c15
0.338891304685273	-0.593526051837222	0.243	0.225	1	RARA	c15
0.00579034034055714	-0.593471906418334	0.164	0.134	1	DIP2A	c15
0.247316498495122	-0.592411536097097	0.014	0.011	1	ARHGAP33	c15
0.593341983375576	-0.592410244402999	0.033	0.03	1	TNFRSF10A	c15
0.012684928932201	-0.592254520367282	0.096	0.078	1	RBM34	c15
0.483209909958985	-0.592082059203797	0.013	0.011	1	NRIP3	c15
0.00545655808960729	-0.591533380434072	0.306	0.289	1	CNPY3	c15
0.199759556344288	-0.591522327375785	0.014	0.011	1	QSER1	c15
0.00178101734058893	-0.59131674156008	0.133	0.106	1	PARP15	c15
0.422639068164273	-0.591020438922272	0.2	0.188	1	SUPT3H	c15
0.66618021059867	-0.590398969961499	0.262	0.234	1	SIGIRR	c15
0.470112122965152	-0.59021527576374	0.26	0.237	1	CMIP	c15
0.133568817343465	-0.590140833267516	0.04	0.034	1	ZNF805	c15
0.497774235784204	-0.590099402306127	0.01	0.008	1	CCDC112	c15
0.00468837740393049	-0.59005346145177	0.455	0.408	1	CHD2	c15
0.00426052908001077	-0.589759982552296	0.044	0.032	1	MBTD1	c15
0.113340939588101	-0.589480218357394	0.023	0.018	1	ASB16-AS1	c15
0.831426436796791	-0.589184533838609	0.266	0.233	1	SKIL	c15
0.229544435741328	-0.589093483780674	0.109	0.111	1	BID	c15
0.272367667925954	-0.588964514681719	0.064	0.057	1	ADCY7	c15
0.0065072745148224	-0.588260041173181	0.137	0.111	1	BRD1	c15
0.598878007629199	-0.588226639893786	0.088	0.082	1	ZNF821	c15
0.335840116039546	-0.587744951854817	0.021	0.018	1	KLHL15	c15
0.180957274542253	-0.587395228535273	0.017	0.014	1	NEU3	c15
0.0944944220508623	-0.587315604761834	0.043	0.036	1	CCDC157	c15
0.000354587448494904	0.586633117195475	0.015	0.008	1	FUT7	c15
0.32406185169567	-0.586516964666761	0.01	0.008	1	ZNF20	c15
0.703899496452106	-0.586072619391738	0.041	0.039	1	C15orf39	c15
0.303812065629703	-0.585739168275589	0.045	0.04	1	ZNF570	c15
0.00703703015075015	-0.585537341413766	0.097	0.078	1	PPIL2	c15
0.5938662112574	-0.585359198751847	0.07	0.065	1	EXOC6	c15
0.0269987496651338	-0.584194155951397	0.047	0.037	1	RIC8B	c15
0.160532978969145	-0.5841733556115	0.054	0.047	1	ZNF14	c15
0.326710078871484	-0.58342676226195	0.026	0.023	1	TRGC1	c15
0.230717889781262	-0.583300932845689	0.022	0.019	1	SAMD10	c15
0.241947857424968	-0.583263434556168	0.043	0.038	1	C2CD5	c15
0.00665572623418942	-0.583003428302544	0.443	0.349	1	SMG1	c15
0.00215063778119003	-0.582860548880028	0.035	0.025	1	LZTR1	c15
3.3965565531788e-19	-0.58260936464618	0.578	0.572	1.13913713680511e-14	HLA-DQB1	c15
0.209990008709166	-0.582258022376225	0.296	0.269	1	S1PR4	c15
0.0403744797255937	-0.58200983966028	0.051	0.042	1	SMYD4	c15
3.74532457198691e-06	0.581878038870102	0.012	0.005	0.125610695495297	CARNS1	c15
0.00230817465956375	-0.58172336112888	0.09	0.108	1	TRAV38-2DV8	c15
0.329211017012725	-0.581456695439756	0.023	0.02	1	ZNF624	c15
0.553344593466401	-0.581404020523721	0.05	0.046	1	MAD2L1	c15
0.526816546863625	-0.579781529260595	0.022	0.02	1	IRF2BPL	c15
0.193515209297542	-0.579663972002905	0.045	0.039	1	AL357060.1	c15
0.408203997186288	-0.579512604205052	0.05	0.045	1	TAF5	c15
2.04019519624534e-05	-0.579404657068693	0.171	0.13	0.684240664916761	AP1G2	c15
0.0438423049818784	-0.579287969403422	0.048	0.038	1	NSMF	c15
0.658797691358224	-0.579098507383188	0.069	0.064	1	ZNF420	c15
6.16685036766012e-05	0.578850091724066	0.015	0.008	1	CCT6B	c15
0.233286450428911	-0.578368020419418	0.016	0.013	1	HIST1H4F	c15
0.232012699209851	-0.578332591427769	0.03	0.026	1	MTMR1	c15
0.126402397933398	-0.578183807788833	0.016	0.013	1	F11R	c15
0.0904078130431258	-0.577994740563875	0.095	0.081	1	ITFG2	c15
0.0183827447064311	-0.577917393771736	0.172	0.179	1	PLEKHF1	c15
0.0133160356399158	-0.577565558636125	0.193	0.16	1	CMSS1	c15
0.223283032791836	-0.5775203718911	0.143	0.126	1	PARP9	c15
0.776694683617111	-0.577463017798512	0.271	0.238	1	KAT6A	c15
0.026235130521841	-0.577383848146021	0.05	0.04	1	CCDC14	c15
0.0192142511432999	-0.57690453317164	0.063	0.05	1	MRE11	c15
0.560036688679817	-0.576756419836943	0.032	0.03	1	CEP152	c15
0.00210794962870953	-0.575550530827562	0.073	0.056	1	ST8SIA1	c15
7.87445574249492e-05	-0.575215406072085	0.082	0.06	1	SMG6	c15
0.254592214701457	-0.57493615828014	0.155	0.137	1	FAM102B	c15
0.0392583093872599	-0.574612517321264	0.075	0.062	1	TANGO2	c15
0.339026201784511	-0.574577249364937	0.089	0.08	1	HIRIP3	c15
0.94186299446773	-0.574523318473372	0.02	0.02	1	CENPJ	c15
0.116875104569497	-0.574222435735745	0.443	0.381	1	N4BP2L2	c15
0.867759067267904	-0.574174232363623	0.152	0.141	1	CTDSP2	c15
0.898325620389837	-0.573478086847242	0.061	0.059	1	HLA-DMB	c15
0.326370738800782	-0.573419074449003	0.173	0.153	1	TLE3	c15
0.0376945943582389	-0.57330704608805	0.149	0.125	1	TRIM38	c15
0.00155018464666134	-0.573195549409384	0.058	0.043	1	GSE1	c15
0.102514803491907	-0.573085089414063	0.012	0.009	1	FANCC	c15
0.0765089502645986	-0.572892445491229	0.33	0.298	1	VAMP2	c15
0.63775506820912	-0.572736220066917	0.019	0.02	1	SPDL1	c15
0.0663666715735222	-0.57125177288503	0.042	0.035	1	PPP1R3E	c15
0.0450586872565322	-0.57096879835125	0.536	0.452	1	CCNL1	c15
0.374517977514449	-0.570679075106283	0.029	0.026	1	GSTM3	c15
0.0588243342592524	-0.570427203958774	0.073	0.061	1	STX17	c15
0.692263486646717	-0.569704448982738	0.014	0.013	1	TRBV21-1	c15
0.105537618202703	-0.568717607847431	0.141	0.121	1	NOP2	c15
0.0783779373850434	-0.568553887553144	0.086	0.073	1	SLC35E1	c15
0.975742086418223	-0.568513247361589	0.365	0.315	1	CEMIP2	c15
0.00805857477979014	-0.568121981107516	0.086	0.069	1	ARAP1	c15
0.352367236852482	-0.56768572690957	0.024	0.021	1	FANCD2	c15
0.0876508671698791	-0.567257378759844	0.061	0.052	1	SENP7	c15
0.150183875498082	-0.567202139278752	0.039	0.033	1	AC098484.3	c15
0.852955557782656	-0.567101847475531	0.255	0.225	1	MORC3	c15
0.321049251658075	-0.567098013557613	0.048	0.042	1	TSHZ1	c15
0.671687215038225	-0.567021917930028	0.122	0.113	1	DTX3L	c15
0.152792922649733	-0.566867231877973	0.039	0.033	1	MBNL1-AS1	c15
0.0123986134523155	-0.5668531826181	0.084	0.068	1	PCNX1	c15
0.00110642854073843	-0.566833671107854	0.083	0.064	1	REXO1	c15
0.0209616694052603	-0.566763666983797	0.034	0.026	1	CCDC88A	c15
0.741387534873735	-0.566709704332756	0.01	0.011	1	POLE2	c15
0.41984931754042	-0.56653040577615	0.11	0.11	1	LINC00623	c15
0.182683384734292	-0.565961365666901	0.066	0.058	1	ZNF274	c15
0.879358692336465	-0.56547732057668	0.312	0.273	1	N4BP1	c15
0.165636992057782	-0.565302447494137	0.023	0.019	1	ZNF589	c15
0.621445626905846	-0.564366851536642	0.011	0.01	1	HIST2H2BF	c15
0.382636799845193	-0.564250920610106	0.033	0.029	1	PSTK	c15
0.421240829519628	-0.564083354800928	0.024	0.021	1	RCBTB2	c15
0.0617939084720082	-0.563261511518448	0.011	0.008	1	RASA4	c15
0.201923731297257	-0.563153754464976	0.019	0.015	1	CHTF18	c15
0.799111473339378	-0.562656163177891	0.211	0.189	1	CDC37L1	c15
0.0591253287829749	-0.56260638221905	0.02	0.015	1	BBS1	c15
0.011264322160224	-0.562527936400878	0.061	0.048	1	TTC21B	c15
0.72554450560539	-0.562387961264454	0.348	0.295	1	PHIP	c15
1.39286928887834e-05	0.562192535584309	0.01	0.004	0.467140502104016	ADAM12	c15
0.170513802845892	-0.561879561105329	0.147	0.15	1	SLAMF7	c15
0.114665560678075	-0.561531668275909	0.027	0.022	1	ST6GALNAC6	c15
0.0155386614931761	-0.56148038902136	0.047	0.037	1	PARG	c15
0.40604259660666	-0.561330960861361	0.115	0.104	1	DENND1B	c15
0.507830048074539	-0.560645296686371	0.01	0.009	1	TMEM191B	c15
0.000170487162199853	-0.559474565158031	0.014	0.007	1	ASCL1	c15
0.0533279777680479	-0.559426818267243	0.048	0.039	1	ITGB2-AS1	c15
0.62370918666537	-0.559386859411937	0.114	0.105	1	APBB1	c15
0.000726609837802541	-0.559256260500114	0.08	0.061	1	TEPSIN	c15
0.0141392642478157	-0.559185120747027	0.027	0.02	1	ZSCAN18	c15
0.438442518970008	-0.559138634947491	0.04	0.036	1	GNPNAT1	c15
1.45058848555329e-05	-0.558843485134934	0.547	0.491	0.486498366284863	ARHGEF1	c15
0.0381732293042385	-0.558640478066987	0.202	0.169	1	CREBBP	c15
0.0825928728808866	-0.558604310360286	0.024	0.019	1	KNTC1	c15
0.498150775973772	-0.558421532995211	0.039	0.041	1	FBXO5	c15
0.171652550550897	-0.558343673339765	0.114	0.099	1	ZNF33A	c15
0.0958460323552824	-0.558214344084927	0.029	0.023	1	DUS4L	c15
0.135998386163055	-0.55814702393875	0.115	0.1	1	MLLT10	c15
0.00130302842541999	-0.558006395392579	0.143	0.113	1	UTY	c15
0.0505197837418821	-0.557904180447916	0.1	0.085	1	RAD9A	c15
0.0710802682681433	-0.55772002943994	0.01	0.007	1	TBCE.1	c15
0.470214993051557	-0.557673515847929	0.054	0.05	1	ATXN7L2	c15
0.267590874686223	-0.557294841360546	0.139	0.123	1	SCML4	c15
0.562170538672507	-0.557194116195668	0.054	0.05	1	ARHGAP18	c15
0.0433021914480975	-0.556986434106223	0.01	0.006	1	PSMD6-AS2	c15
0.0323924073233981	-0.556938126524447	0.048	0.038	1	FBXW4	c15
0.14445770803113	-0.556304890092205	0.027	0.023	1	OTUD1	c15
0.157500766584966	-0.556217579658386	0.097	0.084	1	PDLIM2	c15
0.0253821973669862	-0.556134053476508	0.072	0.059	1	EPM2AIP1	c15
0.0411269230102415	-0.555786646082695	0.011	0.007	1	AC037459.3	c15
0.33348460292705	-0.555416398634134	0.214	0.206	1	CMC1	c15
0.107836802235702	-0.555305479460551	0.024	0.019	1	METTL25	c15
0.188637110613523	-0.555229988019533	0.061	0.053	1	RBMXL1	c15
7.03844897765874e-05	-0.55520331207177	0.448	0.413	1	IFI16	c15
0.260540204946779	-0.55496396951378	0.038	0.033	1	FAM8A1	c15
0.0199633063082446	-0.554908484127555	0.275	0.224	1	CDK11A	c15
7.6422035549465e-05	-0.554778811554651	0.142	0.108	1	MON2	c15
0.326375834980793	-0.554655675686353	0.011	0.009	1	KIFC3	c15
0.162713473588514	-0.554551482632085	0.019	0.015	1	CYB561D2.1	c15
0.23263270508448	-0.554531694784283	0.104	0.092	1	ADAM8	c15
0.189834990958064	-0.554362447892483	0.125	0.11	1	COQ10A	c15
0.772184744751468	-0.554086268891247	0.064	0.061	1	CD38	c15
0.00159895193085881	-0.553818780876768	0.493	0.437	1	CELF2	c15
0.222501188233517	-0.553058242314919	0.048	0.042	1	PATZ1	c15
0.13312389314814	-0.553037578402069	0.166	0.143	1	BIN2	c15
0.618357018386099	-0.552931589686147	0.027	0.025	1	RPL39L	c15
0.00317672814047251	-0.552832568012477	0.107	0.085	1	EDRF1	c15
0.136666159699697	-0.552361950058664	0.56	0.469	1	AC016831.7	c15
0.000478119789195026	-0.552343525838823	0.134	0.105	1	MAP4K4	c15
0.148410177537983	-0.551907344701977	0.092	0.08	1	HPS3	c15
0.0776387814883275	-0.551422906920805	0.023	0.018	1	ARMCX5	c15
2.06496931441339e-08	-0.551313568373334	0.154	0.109	0.000692549408667962	DDX39B	c15
0.142703314597047	-0.548790896189378	0.029	0.024	1	MLKL	c15
0.413325596478268	-0.548643723895803	0.016	0.014	1	MAP3K9	c15
0.00456773668372744	-0.548529945634945	0.04	0.03	1	RAB11FIP2	c15
0.0226740364211369	-0.548504033975944	0.035	0.027	1	EFHC1	c15
0.0542073580026631	-0.548287762947645	0.061	0.051	1	BRWD3	c15
0.928783751328198	-0.548018211114336	0.088	0.085	1	IFIT5	c15
0.0756046757578992	-0.547966806496042	0.024	0.019	1	WDPCP	c15
0.0644845346441665	-0.54781963759357	0.254	0.212	1	USP36	c15
1.18622484747402e-05	0.547466269769511	0.02	0.011	0.397836089345835	AL445471.1	c15
0.0235608211570373	-0.547063308665811	0.089	0.073	1	ATXN7L1	c15
0.575239977013296	-0.546930359919974	0.076	0.071	1	ADNP2	c15
0.48467032348297	-0.546602171653752	0.062	0.057	1	DDX60	c15
0.694890136858902	-0.546602072052326	0.022	0.02	1	NATD1	c15
0.537827228351718	-0.546216266345594	0.13	0.118	1	HECA	c15
0.246523089332853	-0.545851137511122	0.044	0.039	1	ZNF473	c15
4.32686504986207e-40	-0.545202001970547	0.783	0.752	1.45114400042274e-35	ISG20	c15
0.0557399928069715	-0.544646763377605	0.028	0.022	1	FRMD4B	c15
0.247647821619711	-0.544635256896686	0.445	0.383	1	RHOH	c15
0.0123770272787755	-0.544623504964682	0.053	0.041	1	UBR3	c15
0.422832992849963	-0.544578897897531	0.011	0.009	1	OSGEPL1	c15
0.19678990474251	-0.544197272688217	0.011	0.009	1	WDR5B	c15
6.87796587951838e-06	0.544000625215719	0.012	0.005	0.230673219667287	AC007114.1	c15
5.47907977632692e-13	-0.543811532566705	0.625	0.579	1.83757377538452e-08	SYTL3	c15
0.134947352405104	-0.543669122935063	0.039	0.033	1	ZSCAN22	c15
0.03079655216922	-0.543596180592995	0.048	0.038	1	PRR12	c15
0.143237310243456	-0.543557541128963	0.036	0.031	1	ZNF268	c15
0.0128324789041197	-0.543416012060581	0.137	0.149	1	KLF10	c15
0.212714709724998	-0.543388870301556	0.021	0.018	1	TRIM46	c15
0.00637969781858889	-0.543351549844516	0.249	0.256	1	SYTL2	c15
1.11336628164138e-05	0.54283940946436	0.018	0.009	0.373400783536885	C18orf54	c15
0.00311333409482018	-0.542554761769052	0.455	0.41	1	PPP1R16B	c15
0.00581064333890455	-0.542517366511789	0.036	0.027	1	IBA57	c15
0.339287706603258	-0.541976158692246	0.024	0.021	1	PIDD1	c15
0.185060988210988	-0.5418307969469	0.019	0.015	1	CBX8	c15
0.460866878571293	-0.54182073686257	0.092	0.084	1	PDP1	c15
0.443908607864244	-0.541674548785609	0.02	0.018	1	PWWP2B	c15
7.25979704028497e-10	-0.541394540858022	0.562	0.523	2.43479073137077e-05	RUNX3	c15
0.135550877316396	-0.541154981421565	0.396	0.353	1	CNOT6L	c15
2.08085726595775e-07	-0.541127694536372	0.565	0.509	0.00697877909856909	GABARAPL1	c15
0.0433216405472281	-0.540942012608525	0.023	0.017	1	ABCD2	c15
0.000530693301701594	-0.540304933477945	0.05	0.036	1	FOXK1	c15
0.14681517295612	-0.540226734613131	0.204	0.174	1	KIF22	c15
0.000785420259451273	-0.540221353212774	0.073	0.055	1	ZNF507	c15
0.0133990870982342	-0.539931317534928	0.039	0.029	1	SLC8B1	c15
7.541874871338e-06	0.539497628258476	0.011	0.004	0.252939399434934	SPTBN4	c15
0.140351285080936	-0.539471178372914	0.098	0.085	1	DCAF16	c15
0.0396973893711826	-0.539361307410305	0.013	0.009	1	NOMO3	c15
0.358431866415036	-0.539320313927803	0.044	0.04	1	AC006369.1	c15
0.0292043458351412	-0.539067305824075	0.053	0.043	1	TAP2	c15
2.55785149357952e-25	-0.538946505055157	0.716	0.663	8.57852233916698e-21	LIMD2	c15
0.00742474194772825	-0.53870149979826	0.112	0.091	1	KPNA5	c15
0.172309704594675	-0.538660646864442	0.032	0.027	1	C12orf4	c15
0.0253411398776117	-0.53815747176638	0.148	0.124	1	ELMSAN1	c15
0.0457460682540975	-0.538094123930648	0.099	0.083	1	PTGES2	c15
0.0348570667833347	-0.538083719181931	0.161	0.136	1	KDM3A	c15
0.0298543069065677	-0.538055648620364	0.017	0.012	1	SAP25	c15
0.434975670481165	-0.537933097762293	0.213	0.188	1	SP110	c15
0.0309507633714529	-0.537728753570101	0.061	0.05	1	ERCC6L2	c15
0.529871589452981	-0.537579667763745	0.055	0.051	1	PRKD3	c15
1.59425744894468e-119	-0.537451682717601	0.943	0.898	5.34682063227066e-115	ARHGDIB	c15
0.00123577706509748	-0.537419859065444	0.043	0.03	1	ATP8B2	c15
0.356043875934623	-0.537379918999972	0.015	0.013	1	PLEKHB1	c15
9.46979740972833e-05	-0.537162912361744	0.58	0.513	1	LITAF	c15
0.571767893968264	-0.53702783995994	0.041	0.038	1	TCEAL3	c15
0.000434918096959516	-0.536209108585245	0.091	0.069	1	KANSL3	c15
0.0243702276567212	-0.535834244450141	0.138	0.115	1	INPP5D	c15
6.98249223963001e-24	-0.535601216958045	0.828	0.761	2.34178824732711e-19	SRSF7	c15
0.510517585217673	-0.534961536589316	0.051	0.047	1	TMEM204	c15
0.0435962471512957	-0.534941035864274	0.114	0.096	1	CCDC66	c15
9.39900857098678e-05	-0.534882404493075	0.334	0.257	1	KANSL1	c15
0.00719752066328193	-0.534191112025128	0.048	0.036	1	TMEM8A	c15
0.0453519862236891	-0.533673481578912	0.398	0.352	1	ARRB2	c15
0.395341057394054	-0.533570180267118	0.244	0.227	1	GRAP2	c15
0.307661025912042	-0.533244721272741	0.247	0.212	1	XPC	c15
0.247260214805118	-0.532468697964355	0.018	0.015	1	NOD2	c15
0.129210951701529	-0.532317884164339	0.034	0.028	1	PCBP4	c15
0.0892421513005782	-0.532279907065743	0.161	0.137	1	UFSP2	c15
0.044241630387612	-0.532244630227941	0.114	0.096	1	DENND2D	c15
0.185491415481058	-0.532177962386804	0.032	0.027	1	ZNF41	c15
0.0140782962329719	-0.53209390713934	0.073	0.058	1	ZNF101	c15
0.0278100247710681	-0.532061860716843	0.079	0.065	1	ATXN1L	c15
0.449764749375904	-0.532019592329665	0.182	0.162	1	ATP6V1A	c15
0.00180012794248735	-0.531868744012175	0.028	0.019	1	NOCT	c15
0.38026800591515	-0.531790691950411	0.017	0.015	1	EFNA4	c15
0.494744899531667	-0.53154266820215	0.114	0.104	1	GALNT1	c15
0.295462016017301	0.53139321810669	0.013	0.01	1	TRBV6-2	c15
4.01826611788637e-13	-0.531361480180839	0.998	0.987	1.34764609061673e-08	MT-CYB	c15
4.75890205572218e-05	0.531161075073519	0.01	0.004	1	PRAG1	c15
0.532542789686766	-0.530596428641974	0.01	0.009	1	ZNF23	c15
0.00112433595294485	-0.530508806521389	0.04	0.028	1	SLC35A3	c15
0.274550162190478	-0.530394594961209	0.036	0.032	1	ZNF701	c15
0.519746622832423	-0.529967489010309	0.239	0.21	1	LPIN2	c15
0.194603807551044	-0.529875356593386	0.04	0.034	1	TMEM120B	c15
0.0507489955077905	-0.529784874160726	0.059	0.049	1	ZXDC	c15
0.0146074819436495	-0.529358597342863	0.042	0.032	1	N4BP3	c15
0.496461570593718	-0.52914550412761	0.026	0.023	1	FOXO4	c15
0.0178821041619774	-0.529021675512335	0.094	0.077	1	ZNF506	c15
0.0110963357502809	-0.529021555817161	0.09	0.073	1	HELQ	c15
0.000313008754880898	-0.528973551969952	0.068	0.05	1	MTMR10	c15
0.510115602806239	-0.528901804039841	0.064	0.059	1	MICB	c15
0.355672939579756	-0.528846038152015	0.025	0.022	1	BUB1B	c15
0.531662474395829	-0.528578660879328	0.028	0.026	1	RAB37	c15
0.0131446999535901	-0.528503119289122	0.135	0.111	1	RUBCN	c15
0.00118923824414324	-0.528163537670783	0.093	0.072	1	AL135925.1	c15
0.00532651476614868	-0.527971828680795	0.047	0.035	1	LINC01089	c15
0.0988198570634471	-0.527585338243284	0.03	0.024	1	CEP162	c15
0.0274650651212885	-0.527556372872855	0.09	0.074	1	DGCR2	c15
0.465127515416405	-0.527134689821457	0.146	0.132	1	HOXB2	c15
0.00286621128823102	-0.526863114102651	0.138	0.11	1	POFUT2	c15
0.579160118291541	-0.52622431070572	0.04	0.037	1	CCRL2	c15
0.0417287313379947	-0.525903180161013	0.06	0.049	1	ZNF561	c15
0.0653540483004002	-0.525613076903199	0.022	0.017	1	AC004812.2	c15
1.55181132808409e-06	0.525102914272966	0.011	0.004	0.0520446483212842	AL139274.2	c15
0.266237445893056	-0.524857908826693	0.022	0.018	1	HS3ST3B1	c15
6.64062150839725e-06	0.524803360528448	0.01	0.004	0.222713164148627	AC008393.1	c15
0.00281337473992716	-0.524394282080199	0.029	0.02	1	PHKA2	c15
0.880519786000053	-0.524084728789232	0.023	0.023	1	CENPQ	c15
0.122916270675728	-0.523398807980303	0.036	0.03	1	EFCAB7	c15
0.586150663611281	-0.523202317358774	0.317	0.269	1	RSBN1	c15
0.295311584340502	-0.523132277412825	0.03	0.026	1	C2CD2L	c15
0.0702407983141095	-0.522967093944931	0.343	0.31	1	TBCC	c15
0.00200361930705776	-0.522693596629389	0.079	0.061	1	TTC37	c15
0.106344493196597	-0.522669118452864	0.03	0.025	1	ZNF275	c15
0.0565943180852971	-0.522485143232483	0.035	0.028	1	RTL10	c15
0.0472205036971626	-0.52226887290894	0.252	0.21	1	KDM2B	c15
3.11750896091375e-39	-0.521839394687799	0.798	0.77	1.04555015531125e-34	CRIP1	c15
0.034361579242167	-0.521416489176283	0.045	0.036	1	ZNF45	c15
0.0576351963375436	-0.520997218125598	0.21	0.177	1	LNPEP	c15
0.211170006093753	-0.520905854733733	0.066	0.071	1	TRBV7-9	c15
0.0348052492237837	-0.52090513348019	0.178	0.149	1	PHF12	c15
0.106146306418279	-0.520625203798299	0.011	0.008	1	AC092747.4	c15
0.112290696392785	-0.520241500649327	0.205	0.175	1	STK38	c15
0.00118791591542737	-0.519843335796444	0.106	0.083	1	ATP9B	c15
5.67528388595762e-05	0.519753173044453	0.017	0.009	1	ZNF620	c15
0.368713699660276	-0.519267677482245	0.236	0.206	1	DUSP10	c15
0.121827285518959	-0.519120440136591	0.01	0.007	1	CMTM8	c15
0.269156421460763	-0.51877623116673	0.028	0.024	1	NR1D1	c15
0.918883684771923	-0.51833138820872	0.021	0.022	1	NCAPG2	c15
0.274428682282601	-0.51805395683352	0.017	0.014	1	AP001610.1	c15
0.166526334521998	-0.517899357593431	0.022	0.018	1	SPATA6L	c15
0.22750779492102	-0.517898202689176	0.023	0.019	1	POLD1	c15
0.151069270160638	-0.517754419751953	0.056	0.048	1	TRGC2	c15
0.042101947795139	-0.517708099211164	0.115	0.097	1	RNF44	c15
1.8926696950943e-05	0.517608725752736	0.012	0.005	0.634763562340727	SMOX	c15
0.00158415361459768	0.517539606083119	0.011	0.006	1	EEF1AKMT4	c15
0.430404032799981	-0.516859773657315	0.013	0.011	1	AC019163.1	c15
0.079349535676831	-0.516615103005126	0.018	0.014	1	GTF2H4	c15
0.111694622566845	-0.516008064135387	0.035	0.029	1	ZXDB	c15
0.0402184653416738	-0.515905001673039	0.07	0.058	1	TOE1	c15
0.457220143594826	-0.515860867939375	0.145	0.13	1	ZBTB2	c15
0.0588081282221566	-0.515678569058331	0.065	0.054	1	MVK	c15
4.37951269125712e-06	-0.515581263160009	0.22	0.166	0.146880096639381	MYO9B	c15
0.310314844517329	-0.514707181265506	0.023	0.02	1	ZNF641	c15
0.00227061037893161	0.514549041288785	0.01	0.005	1	IL23R	c15
0.000496276179879434	-0.514304622050336	0.221	0.175	1	TCIRG1	c15
0.00315545565733744	-0.514296768208733	0.012	0.007	1	SND1-IT1	c15
0.905640656684418	-0.514272054001075	0.301	0.264	1	MED25	c15
0.01828166749508	-0.514178312030074	0.239	0.198	1	CCDC88C	c15
0.198033595837624	-0.514019010636292	0.05	0.044	1	ZNRF2	c15
0.0843339860145525	-0.513783447501107	0.111	0.095	1	CCDC91	c15
0.674221832189412	-0.513479422259642	0.041	0.038	1	RXRA	c15
3.11590508807346e-09	-0.513071039682199	0.561	0.505	0.000104501224843808	CD53	c15
0.489762100778593	-0.512801533181243	0.183	0.164	1	TCAF2	c15
0.0639141691419502	-0.512059205071004	0.058	0.048	1	ZNF26	c15
1.19918287173757e-25	-0.511988278068993	0.783	0.748	4.02181951523346e-21	MYADM	c15
0.000124306098412147	-0.511957857345525	0.159	0.123	1	CDC14A	c15
0.128771027511484	-0.511886628084782	0.034	0.028	1	ANKMY1	c15
2.39906021482766e-05	0.511821775431755	0.012	0.005	0.804596814848902	CYSLTR1	c15
5.77713792232716e-05	-0.511593222452905	0.066	0.047	1	PIK3CB	c15
0.00168531103769051	-0.511411325017867	0.073	0.055	1	PTBP2	c15
8.6703792123089e-40	-0.511316846260609	0.823	0.772	2.90787178022416e-35	IDS	c15
0.554922755288964	-0.511207258160574	0.22	0.208	1	GPR25	c15
0.052342634261306	-0.511122751284935	0.05	0.041	1	IER5L	c15
0.503937885467659	-0.511081944907052	0.023	0.021	1	B3GNTL1	c15
0.203007983545515	-0.510874002201539	0.169	0.148	1	ERAP2	c15
0.154030285836937	-0.510634421034182	0.03	0.025	1	MED22	c15
0.826597891144531	-0.510573756034331	0.407	0.347	1	RANBP2	c15
0.00601995570011967	-0.509935184827572	0.036	0.026	1	SLC35E2A	c15
0.255836648456877	-0.509709323327358	0.308	0.278	1	SHISA5	c15
0.0128016742384973	-0.509434740940993	0.292	0.238	1	UBR2	c15
0.889767034066423	-0.509334421753985	0.339	0.294	1	PRKX	c15
0.512912306305982	-0.509241742992166	0.216	0.202	1	SMIM29	c15
0.0334094452686812	-0.509161206886533	0.052	0.042	1	VPS50	c15
0.0256185481920861	-0.509094036375446	0.076	0.063	1	DPYD	c15
0.0447772813169278	-0.508979048131322	0.021	0.016	1	EPN2	c15
0.146868289237637	-0.5084912285687	0.05	0.042	1	THUMPD2	c15
0.0672348831040059	-0.507501201289981	0.018	0.014	1	ENGASE	c15
0.13526709776698	-0.507431838365131	0.026	0.021	1	MIATNB	c15
0.00028080823775841	-0.507125056606575	0.189	0.148	1	ERO1B	c15
0.00286717006723073	-0.506807306064558	0.125	0.1	1	RNF168	c15
0.00869496441682138	-0.506782749601815	0.095	0.077	1	TLE4	c15
0.402521212461635	-0.506432195864936	0.033	0.03	1	HIST1H3H	c15
0.00347985686565623	-0.50617268792507	0.074	0.058	1	WDTC1	c15
0.0346051730699647	-0.506089255396094	0.027	0.02	1	JHY	c15
0.0231399027352698	-0.505966680744536	0.029	0.022	1	SCRIB	c15
0.00948727383314764	-0.505816721047522	0.176	0.145	1	CDK13	c15
2.9318495267047e-05	-0.505742551407561	0.068	0.048	0.983283694266224	PIEZO1	c15
0.113560551520995	-0.505576283871842	0.061	0.052	1	BPGM	c15
0.458734116353973	-0.505426977243823	0.016	0.014	1	HIST1H2BF	c15
0.509462277139997	-0.505351673188764	0.097	0.089	1	TACC3	c15
0.12977216275978	-0.505323476795586	0.059	0.05	1	ZNF568	c15
0.263067190373466	-0.505288914589568	0.01	0.008	1	STXBP5	c15
0.0970590874049547	-0.505281318147354	0.1	0.086	1	PRR7	c15
0.00101323280627591	-0.505270450024872	0.122	0.096	1	IPO9	c15
0.0800043427751629	-0.50516991460397	0.036	0.03	1	ZNF615	c15
1.23441225086158e-05	0.504758732913175	0.012	0.005	0.413997180693956	SYP	c15
0.299642022680652	-0.504641140780851	0.048	0.043	1	NFYA	c15
3.28296333597948e-06	-0.504545462261046	0.123	0.09	0.11010402436208	HERC2	c15
0.22409998538106	-0.50436888340751	0.22	0.191	1	SAMD9	c15
0.0172086435431941	-0.50397111850309	0.03	0.023	1	MROH1	c15
0.0750968980566888	-0.503830682905312	0.061	0.052	1	SMC2	c15
0.0348904212323979	-0.503727851518987	0.016	0.012	1	ZBTB37	c15
0.00341358335376765	-0.50370920661375	0.051	0.038	1	ZNF707	c15
0.167333255011817	-0.50341988884856	0.018	0.014	1	KIAA1324L	c15
0.0818541944797845	-0.503315256367237	0.011	0.008	1	EDRF1-AS1	c15
0.0797190032338449	-0.50330440568519	0.039	0.031	1	ZNF432	c15
0.0539431494630248	-0.502736489823344	0.203	0.171	1	MIDN	c15
0.313486901774772	-0.502672777622149	0.014	0.012	1	FAM222A	c15
0.0391238299119401	-0.50257122066543	0.03	0.023	1	MLH3	c15
0.0356202605368384	-0.502339199893301	0.011	0.007	1	RIMKLB	c15
0.324182915509519	-0.502046788643715	0.016	0.014	1	ZNF540	c15
0.0452642662891517	-0.501913007636176	0.014	0.01	1	AC092683.1	c15
2.54325179215676e-07	-0.501820057272537	0.983	0.947	0.00852955786053535	MT-ND1	c15
0.00160041902666567	-0.501616811905357	0.13	0.103	1	XPO4	c15
0.0759299371436145	-0.501427168531146	0.063	0.053	1	DENND6A	c15
0.133953266540059	-0.501386424944899	0.033	0.028	1	MED26	c15
0.0251070309575022	-0.501000971650504	0.157	0.132	1	PLEKHM1	c15
0.117404397813888	-0.500944177018955	0.107	0.093	1	GTDC1	c15
6.92151822900524e-05	0.500879618303701	0.021	0.012	1	QPCT	c15
0.399446700520183	-0.500758085594665	0.401	0.354	1	TAGAP	c15
0.0187339044268715	-0.500644483660963	0.033	0.025	1	ITPKC	c15
0.0381872007119548	-0.50040906554643	0.138	0.116	1	DDX58	c15
0.273098577350327	-0.500282438118609	0.375	0.31	1	IFRD1	c15
1.87701162085597e-09	-0.500089908529663	0.591	0.533	6.29512157402676e-05	SP100	c15
0.033792081005688	-0.499905252524135	0.025	0.019	1	ABCC5	c15
0.118690740528581	-0.499858280518152	0.021	0.017	1	MSANTD3	c15
0.00108233923953229	-0.499308813512119	0.068	0.051	1	HDAC10	c15
0.357387239959355	-0.499253491365582	0.01	0.008	1	TCEANC	c15
0.000191416507702137	-0.499148681965792	0.574	0.516	1	ITK	c15
0.00196291284831051	-0.499128318654243	0.116	0.091	1	ZFYVE27	c15
0.000164141268512037	-0.499058096457975	0.072	0.052	1	DIP2B	c15
0.00126706490732743	-0.498547717002235	0.106	0.083	1	HELZ2	c15
0.00220299675640649	-0.497532533930349	0.088	0.069	1	AGTPBP1	c15
0.0749123962052827	-0.497226234643176	0.02	0.016	1	ACO1	c15
0.587152160778152	-0.497199462286353	0.078	0.073	1	APOL3	c15
0.011143849824734	-0.496911370006307	0.018	0.012	1	ATP11A	c15
0.524452622011419	-0.496631289516099	0.011	0.01	1	TRMT10A	c15
0.0408983200732275	-0.496420148665557	0.148	0.125	1	DOCK2	c15
0.000279307320280645	-0.49640189857592	0.252	0.198	1	SLC4A7	c15
0.0310999385995034	-0.496197431739246	0.562	0.491	1	RNF19A	c15
0.60995746109231	-0.496138771222576	0.339	0.29	1	TNKS2	c15
0.0445374134315064	0.495964859799155	0.033	0.026	1	TRBV12-4	c15
0.0205838241924309	-0.495865422113462	0.024	0.018	1	KLHL25	c15
0.000219786413501815	-0.49556308356969	0.116	0.088	1	UPF1	c15
0.00502807377041845	-0.495532108400958	0.045	0.034	1	DMWD	c15
0.0401004982092885	-0.495332561694682	0.079	0.065	1	B3GLCT	c15
0.0210535637412859	-0.495203041117153	0.016	0.011	1	C1RL-AS1	c15
0.0110927539519254	-0.495149228855834	0.044	0.034	1	INPPL1	c15
0.532350531632274	-0.495039420457358	0.047	0.044	1	TMEM200A	c15
0.201960958162754	-0.495029812363122	0.018	0.015	1	ZNF776	c15
0.0341635590884059	-0.494565499993836	0.092	0.077	1	SMYD2	c15
0.0622575671175241	-0.494419690521675	0.047	0.039	1	DLG3	c15
0.0379620261657245	-0.494348108704044	0.028	0.022	1	SLC25A28	c15
0.000917222142984289	-0.494174704305947	0.087	0.067	1	SHPRH	c15
0.357418627780401	-0.494019610699114	0.02	0.017	1	ZNF816	c15
0.00713180029698679	-0.493889768668952	0.185	0.15	1	POLR3E	c15
0.12520894207586	-0.49373030840317	0.027	0.022	1	MIEF2	c15
0.133563819576261	-0.493671685188769	0.046	0.039	1	GNS	c15
0.195906458277838	-0.493629801990851	0.086	0.076	1	RACGAP1	c15
0.0181304582785776	-0.49330879450831	0.095	0.078	1	LEMD2	c15
0.00750046257161471	-0.493261038573022	0.064	0.05	1	UBA7	c15
0.00621439810116668	-0.49321563724548	0.127	0.103	1	ZFX	c15
0.155721931425999	-0.492980142147903	0.122	0.107	1	ING5	c15
0.0406006667250792	-0.492907336440089	0.067	0.056	1	STRADA	c15
0.000383694515518052	-0.492603414406574	0.292	0.229	1	OGT	c15
0.0772468036458149	-0.49258952241855	0.026	0.021	1	FAM161A	c15
0.0562189378684577	-0.492399421368393	0.034	0.027	1	NUP43	c15
0.0557068682845249	-0.492344381580886	0.057	0.047	1	SLC25A30	c15
0.000721729116374841	-0.491790811320832	0.11	0.086	1	CENPT	c15
0.191896776492672	-0.491517606602684	0.034	0.029	1	HAUS5	c15
0.00452161508661124	-0.491467324749609	0.062	0.048	1	MOV10	c15
0.550560683302036	-0.49130866873045	0.04	0.037	1	CENPE	c15
0.00139999309606599	-0.49113442816953	0.089	0.068	1	TRAPPC8	c15
0.0178296483682798	-0.491084860407875	0.348	0.28	1	KDM2A	c15
7.51804050586875e-05	-0.49090470883404	0.072	0.052	1	SH2D3A	c15
0.00253196489213697	-0.490735433153701	0.1	0.079	1	TRMO	c15
0.0219417206083501	-0.490251027255909	0.089	0.074	1	RSRC1	c15
0.000323979304039073	-0.489693437499247	0.095	0.072	1	MBD5	c15
0.0240101845893958	-0.489650276383955	0.041	0.032	1	ZNF646	c15
0.698352621179393	-0.489520420154097	0.014	0.013	1	CRNDE	c15
0.0509993794592714	-0.489347912197274	0.025	0.019	1	FRAT1	c15
5.02611501460247e-06	0.48867010267571	0.012	0.005	0.168565845359738	GPRIN1	c15
0.0141720558957228	-0.488401813581815	0.045	0.035	1	PHF2	c15
0.312048445367317	-0.488361489021487	0.187	0.164	1	C15orf61	c15
0.231546666292703	-0.488022865449254	0.022	0.019	1	ZKSCAN4	c15
0.000393583877100152	-0.487797012660799	0.049	0.035	1	TBC1D19	c15
0.111107420683573	-0.487729314933251	0.016	0.012	1	RREB1	c15
0.0414387694873484	-0.487361257472497	0.034	0.027	1	AC245060.5	c15
3.46461170861171e-18	-0.486986670575488	0.781	0.708	1.1619614748342e-13	AKAP13	c15
0.0153166013060007	-0.486796947859125	0.038	0.029	1	TMEM168	c15
0.0137820331782221	-0.486673607890426	0.105	0.086	1	BTN2A2	c15
0.00694388253674423	-0.486500079669699	0.032	0.023	1	HIC2	c15
1.2451939743581e-07	-0.486272563738882	0.188	0.136	0.00417613155120218	CCNT2	c15
0.0400509092916801	-0.486252525929088	0.01	0.007	1	EME2	c15
0.232424217533073	-0.48605594999779	0.088	0.078	1	DCP1B	c15
2.27432469083194e-05	-0.486014663905819	0.112	0.083	0.762763014811216	TSC2	c15
0.211171585824053	-0.485801352265804	0.084	0.074	1	TBC1D5	c15
0.0324415346205519	-0.485736789516126	0.056	0.045	1	ADA2	c15
0.000591790517289094	-0.485468847558969	0.068	0.05	1	RFX3	c15
0.0119345418913626	-0.484976587263022	0.09	0.073	1	ZNF317	c15
3.03727787112078e-60	-0.484786232321333	0.891	0.848	1.01864225241649e-55	CD8A	c15
0.0596319515694401	-0.484737030934729	0.019	0.014	1	ADAM9	c15
0.0281393323120808	-0.484662801861538	0.184	0.154	1	NUP153	c15
3.6731350562438e-08	-0.484480608925639	0.125	0.086	0.00123189603516304	PDPR	c15
0.0041782421038646	-0.484097972573726	0.162	0.13	1	WDR18	c15
0.0879769077355662	-0.484055652415987	0.025	0.02	1	CHST14	c15
0.0438322384110334	-0.48401098491606	0.021	0.016	1	ZNF248	c15
2.23953394952706e-05	-0.483839252324307	0.938	0.868	0.751094895992384	MT-ND4	c15
4.3558675112076e-17	-0.48303641895347	0.713	0.641	1.46087084590881e-12	STK17A	c15
0.476977583020322	-0.482990413464099	0.02	0.018	1	CDPF1	c15
0.0069272808644382	-0.482832501282548	0.113	0.092	1	LTN1	c15
0.000533220182564377	-0.482443507437938	0.072	0.054	1	ZNF493	c15
0.0151099884056671	-0.482439199889573	0.151	0.125	1	DNAJC5	c15
0.0575781769251072	-0.482301296841155	0.06	0.05	1	CYP2R1	c15
0.0268162294552921	-0.481915494682255	0.07	0.058	1	VAMP1	c15
0.174409104613833	-0.481294029023903	0.016	0.012	1	MTX3	c15
0.13729529980094	-0.481028991159738	0.23	0.197	1	MIA3	c15
0.000472416200100045	-0.480875668899511	0.103	0.079	1	LPGAT1	c15
1.57279188783074e-06	-0.480733279958066	0.247	0.188	0.0527482943340675	MACF1	c15
0.0444022963444048	-0.480710201643558	0.034	0.026	1	LNX2	c15
0.00165030558705694	-0.480003076246798	0.113	0.089	1	NUP133	c15
0.0435380299425393	-0.479661110676118	0.034	0.027	1	JAKMIP2	c15
0.141459780746795	-0.479407651957712	0.033	0.027	1	C7orf31	c15
0.0597635984556281	-0.479401397952043	0.033	0.026	1	ZDHHC2	c15
0.000907297783166355	-0.479292609822698	0.231	0.185	1	RICTOR	c15
0.0073013663774715	-0.479168149744227	0.059	0.046	1	SIMC1	c15
0.402754409932045	-0.477843772598181	0.275	0.237	1	C12orf65	c15
0.0019582467017478	-0.477774481543683	0.107	0.084	1	NCOR2	c15
5.06902082010616e-06	0.477767854388096	0.011	0.004	0.17000482026472	DISP1	c15
0.537438550008668	-0.477549048732727	0.013	0.011	1	TSGA10	c15
0.000221873286689077	-0.477379880231757	0.039	0.026	1	ERC1	c15
0.254180055391614	-0.477250958906134	0.01	0.008	1	CRACR2B	c15
0.00346713481636889	-0.477104200369614	0.066	0.051	1	RFWD3	c15
0.0154791397843163	-0.47669536668471	0.332	0.266	1	TRPC4AP	c15
0.000647628534884919	-0.476669859895951	0.102	0.079	1	PCNT	c15
0.0825800816984121	-0.476604812389746	0.147	0.126	1	ZRSR2	c15
0.0645173648443968	-0.476371148330247	0.125	0.107	1	OAS2	c15
7.98536351838732e-05	-0.476230314422267	0.059	0.042	1	RAPGEF2	c15
0.0303680233775781	-0.476181681603803	0.025	0.019	1	TMEM231	c15
0.117816068951261	-0.476178166610723	0.077	0.066	1	TMEM9	c15
0.00401886202349063	-0.475960287027644	0.089	0.071	1	MPP7	c15
0.000100439238665566	-0.475944245236438	0.182	0.142	1	CHD3	c15
0.00691169895971121	-0.475717565626527	0.093	0.075	1	SEL1L3	c15
0.387422980525471	-0.475417726194263	0.024	0.021	1	BLOC1S3	c15
2.61638521988013e-05	0.475391879628533	0.012	0.005	0.877483275043397	XRCC4	c15
0.000147923464509877	-0.475264307752085	0.016	0.009	1	WDR90	c15
0.00069791290526879	-0.474925715378847	0.083	0.063	1	MAP4K2	c15
0.00721115959524786	-0.47450857667903	0.073	0.058	1	MED14	c15
2.69560772063239e-07	-0.474390847349021	0.148	0.107	0.0090405291734569	KIAA1109	c15
0.120527430600213	-0.474187188958405	0.109	0.094	1	TNFSF14	c15
0.108707116167618	-0.473661557689125	0.053	0.045	1	MICU1	c15
0.206164235734496	-0.473468148400648	0.027	0.023	1	ZXDA	c15
0.0101233385124715	-0.473210413888733	0.304	0.245	1	GON4L	c15
9.73127819553771e-05	-0.473152332045958	0.232	0.181	1	TMEM259	c15
0.0582817111030091	-0.472905082958664	0.089	0.076	1	HACD4	c15
0.109511032114198	-0.4728869704149	0.086	0.074	1	RABGGTA	c15
0.00042372714200147	-0.472880812676023	0.089	0.068	1	CCDC84	c15
0.0724930657808124	-0.472540622375776	0.316	0.26	1	ODF2L	c15
0.0164570410665501	-0.472509153164475	0.186	0.154	1	KANSL2	c15
0.0110283548820045	-0.472490384043098	0.104	0.085	1	VAV3	c15
5.52589833236754e-06	-0.472488697059591	0.097	0.07	0.185327578270943	GIGYF1	c15
0.00864663029257582	-0.472455523398222	0.014	0.009	1	AC087623.3	c15
0.0321240934509358	-0.472028708568038	0.011	0.007	1	ZNF596	c15
0.044366808694138	-0.471921126115821	0.166	0.14	1	DNAJB2	c15
0.204860304631074	-0.471903137123375	0.058	0.051	1	MAP3K13	c15
0.000120252370085416	-0.47100359588163	0.311	0.24	1	ANKRD13D	c15
0.00870309575746465	-0.470866708240415	0.072	0.057	1	TIMM23B	c15
0.0116779018056322	-0.469714806853505	0.011	0.006	1	ITGA6	c15
0.0265784390867556	-0.46966917128137	0.022	0.016	1	PRKCE	c15
0.160906117328025	-0.469421496985555	0.03	0.025	1	ZNF789	c15
5.03832392891468e-05	-0.469268818144553	0.106	0.078	1	ANAPC4	c15
0.973105484230652	-0.468925938015814	0.023	0.022	1	CLU	c15
2.49128671644369e-05	-0.468683100642542	0.579	0.518	0.835527738960885	HNRNPLL	c15
3.8952987864149e-06	-0.468485785101094	0.066	0.045	0.130640530698783	ABCC10	c15
0.0821432062618912	-0.46843663524053	0.014	0.01	1	C15orf41	c15
9.86292240292069e-06	0.468155348462662	0.019	0.01	0.330782691549154	CENPBD1	c15
0.00795809278559435	-0.468148918289501	0.076	0.061	1	TMEM131L	c15
0.0316509050489429	-0.467885202723479	0.12	0.101	1	ADAM17	c15
0.0707615949790533	-0.467686385915525	0.092	0.079	1	CASP8AP2	c15
0.035118349964536	-0.467678577745154	0.106	0.089	1	GMNN	c15
0.147756254712777	-0.467560269134296	0.241	0.204	1	HDGF	c15
0.71777495782296	-0.467356285107174	0.272	0.238	1	ASF1A	c15
0.0684169203222032	-0.46725211743626	0.016	0.012	1	TSEN2	c15
0.0320345423282824	-0.467173495312745	0.137	0.116	1	PARVG	c15
0.00556140861880885	-0.467125902732982	0.11	0.088	1	SLC44A2	c15
0.0231728772397871	-0.466944040532247	0.202	0.168	1	FOXN3	c15
0.25525990999419	-0.466208570388862	0.257	0.221	1	SF3B3	c15
0.0831596199313614	-0.466079926860931	0.07	0.059	1	PMF1	c15
0.0106390809128624	-0.465962537575346	0.184	0.15	1	TOM1	c15
0.0263810328988311	-0.465956778536302	0.03	0.023	1	BICRA	c15
0.0010153562367258	-0.465876768614016	0.086	0.066	1	ZER1	c15
0.0237855540764154	-0.465260423106406	0.15	0.125	1	RFFL	c15
0.019538047026639	-0.465237564510726	0.019	0.013	1	APBB3	c15
0.00419266447665618	-0.465106997626401	0.102	0.081	1	NCDN	c15
0.00804604335821758	-0.465021030718588	0.577	0.491	1	NSD3	c15
0.0188366204647377	-0.46477466921578	0.032	0.024	1	PAQR3	c15
0.00369382984381973	-0.464664143776357	0.108	0.086	1	ERBIN	c15
0.228917946559837	-0.464613394209243	0.01	0.008	1	LRRC56	c15
0.605211082099487	-0.464607293543869	0.023	0.021	1	ZNF865	c15
0.409472071359742	-0.464525207249344	0.045	0.041	1	CENPK	c15
0.00130936657791757	-0.464116494460236	0.063	0.047	1	ZC3H4	c15
0.0164886237751443	-0.463773725683909	0.461	0.419	1	CD27	c15
0.177667314410514	-0.463584223602337	0.089	0.078	1	IFI44L	c15
3.34523623084862e-05	-0.463495907472999	0.145	0.109	1	KDM6A	c15
0.0165537052857327	-0.463367089341604	0.997	0.988	1	MT-CO3	c15
0.316724333139185	-0.463328904434297	0.034	0.03	1	ZNF550	c15
0.00229858701473655	-0.463237564231606	0.271	0.277	1	GIMAP4	c15
0.00054499048423466	-0.463232095064041	0.259	0.205	1	TRPM7	c15
0.193567651920458	-0.462271289431495	0.025	0.021	1	SSX2IP	c15
0.0456208356842102	-0.461704073381458	0.017	0.012	1	ZNF782	c15
0.3332697234007	-0.461400830138316	0.173	0.154	1	GBP4	c15
0.14934217323438	-0.461222419005888	0.013	0.01	1	SMTN	c15
0.00304184255981816	-0.461156893342888	0.034	0.024	1	P2RX5	c15
0.216298032239663	-0.461068242637286	0.413	0.335	1	DDX39A	c15
0.231657421668729	-0.460948214630955	0.03	0.026	1	CENPV	c15
0.360647915335698	-0.460874048480277	0.011	0.009	1	HOXC4	c15
0.0193318383447363	-0.460856226421534	0.238	0.197	1	FAM126B	c15
0.273337882613641	-0.460785973155445	0.077	0.069	1	HENMT1	c15
0.0088216019577306	-0.460627291499457	0.053	0.041	1	IFFO1	c15
0.000281234188446015	-0.459615725018865	0.178	0.139	1	LCOR	c15
0.069332735763464	-0.45930525347254	0.368	0.298	1	CWC25	c15
3.49046821760386e-05	-0.459234859604954	0.101	0.074	1	MINK1	c15
0.00437548306739201	-0.4592328841211	0.101	0.081	1	ZNF236	c15
0.327884564878818	-0.458567870765705	0.032	0.028	1	VNN2	c15
4.29104829194202e-06	-0.458404288380363	0.222	0.167	0.143913177615152	PSMA3-AS1	c15
4.12754004853392e-05	-0.458261637348264	0.624	0.544	1	GLUD1	c15
0.00353425827466546	-0.45825978573145	0.142	0.114	1	RNPEPL1	c15
0.970555804248654	-0.458249459336232	0.225	0.206	1	BBC3	c15
0.0220945749468767	-0.458013216414313	0.01	0.006	1	TBCE	c15
0.00940572056962742	-0.457726919099666	0.036	0.026	1	ANKS1A	c15
0.000810453512494998	-0.457709542211926	0.157	0.124	1	ELL2	c15
0.0128574757409543	-0.457676210175125	0.037	0.028	1	GMDS-DT	c15
0.092704717461635	-0.457472730923246	0.014	0.01	1	GIN1	c15
0.0398135890894216	-0.457231519278823	0.036	0.029	1	ZNF337	c15
0.72961745288987	-0.457177439925287	0.697	0.589	1	JUN	c15
8.98217068560463e-05	-0.457075066034642	0.166	0.128	1	PKN2	c15
0.00449538688823141	-0.456920248165036	0.023	0.016	1	PIAS2	c15
2.2790044773165e-10	-0.456758469314877	0.692	0.608	7.64332521602409e-06	EIF4A2	c15
3.37529462537928e-05	-0.456721626845713	0.073	0.052	1	INTS1	c15
1.65342131574432e-06	0.456612165803405	0.022	0.011	0.0554524440874331	MINCR	c15
0.000237254737280428	-0.456538657643678	0.155	0.12	1	DDB2	c15
0.00235007146727571	-0.456512917964975	0.167	0.135	1	MAN2A1	c15
0.00267342872859651	-0.456304937346962	0.074	0.057	1	FRS2	c15
0.0224571790129432	-0.456076362356683	0.029	0.022	1	ALS2	c15
0.00694863188287202	-0.45546602847522	0.145	0.118	1	CYTH3	c15
0.0262936295188921	-0.455329455286679	0.076	0.062	1	LINC00909	c15
4.88702122587494e-06	-0.455182021379146	0.221	0.168	0.163900917873394	ZFC3H1	c15
0.0321934844825487	-0.455106364351703	0.078	0.065	1	TRIM59	c15
0.0052056431667891	-0.454998414700762	0.033	0.024	1	SH3GLB2	c15
0.311446012590577	-0.454778522587543	0.027	0.024	1	ABL1	c15
0.00974947754097328	-0.454519827442444	0.033	0.024	1	MMP25-AS1	c15
0.00226368963011813	-0.454516606040994	0.041	0.029	1	BCS1L	c15
1.00532438448583e-05	-0.454401217314163	0.138	0.102	0.337165692068859	UBR1	c15
0.00902180737537255	-0.454293477442069	0.027	0.019	1	GTPBP2	c15
0.320856294776752	-0.45378348316442	0.231	0.202	1	TARSL2	c15
1.39416949760818e-06	-0.453611243245528	0.125	0.09	0.0467576566107832	KMT2B	c15
0.0118877305937358	-0.453587346273216	0.171	0.142	1	ENO2	c15
0.0419972856310801	-0.453505834961365	0.01	0.006	1	CFLAR-AS1	c15
0.000177102573995738	-0.453332847841328	0.106	0.081	1	ZSWIM8	c15
1.60804360892644e-05	-0.453014816889868	0.221	0.169	0.539305665561751	GPCPD1	c15
0.299496884265819	-0.452774445064164	0.126	0.113	1	TBC1D1	c15
0.0272074910611105	-0.452373801500288	0.027	0.02	1	SPATA5	c15
0.000388619195073594	-0.452348584048038	0.194	0.153	1	DPP8	c15
0.0024765954032427	-0.451977969483543	0.081	0.063	1	COQ8B	c15
0.267848151635284	-0.451937781695289	0.023	0.02	1	ECT2	c15
0.741955965859951	-0.451898367291895	0.012	0.012	1	C12orf66	c15
0.454771840362192	-0.45179578493969	0.382	0.336	1	SUN2	c15
0.000225829799824214	-0.451709483729728	0.054	0.038	1	PGAP1	c15
0.0396801441033316	-0.451584259754822	0.117	0.098	1	ELK1	c15
0.38337593743369	-0.451548826389978	0.256	0.221	1	TMEM243	c15
4.24499507241405e-05	0.451544490232825	0.014	0.007	1	AP003472.2	c15
0.0264499694318287	-0.45141933830458	0.381	0.304	1	UPF2	c15
0.012326573566185	-0.451361730258049	0.014	0.009	1	DPY19L4	c15
0.224868940609856	-0.451269393559246	0.08	0.07	1	MRGBP	c15
0.0698954312397416	-0.451169213529719	0.061	0.051	1	THAP9-AS1	c15
4.82196085730534e-05	-0.451150718535375	0.088	0.064	1	MLXIP	c15
4.39202756243254e-09	-0.451138494683239	0.283	0.206	0.000147299820388862	SPG7	c15
0.000217056726665373	-0.451099599894694	0.648	0.554	1	NCOR1	c15
0.0794590409085709	-0.451015496211781	0.127	0.109	1	HEBP2	c15
0.000317954689132355	-0.450687940606155	0.053	0.038	1	IPMK	c15
0.0255425227124979	-0.450639129284024	0.038	0.03	1	LZTS2	c15
0.0580093400085406	-0.450592716866303	0.111	0.094	1	SLC35C2	c15
0.0001961615008654	-0.45053168146867	0.213	0.166	1	POGZ	c15
0.00193456443251117	-0.450080530178257	0.14	0.111	1	YTHDF3	c15
0.0320164307478574	-0.449999069212904	0.03	0.023	1	ANKAR	c15
0.000216723308172673	-0.449959324434105	0.572	0.497	1	CDC42SE2	c15
0.00187616867494633	-0.449808554679102	0.245	0.195	1	SECISBP2	c15
0.0338181049505748	-0.449761603145714	0.072	0.06	1	GIMAP5	c15
0.344565155791036	-0.449738951191197	0.315	0.27	1	NAB1	c15
0.000148028049579027	-0.449642810510784	0.139	0.107	1	MAPK8IP3	c15
0.13108808919819	-0.44948042305752	0.019	0.015	1	UQCC1	c15
7.16141609560038e-05	-0.449411186052045	0.15	0.115	1	PARP12	c15
0.111263562438936	-0.449267658871711	0.016	0.012	1	TMEM268	c15
0.00980175496782534	-0.449159332165426	0.046	0.035	1	ATG7	c15
0.18349763460295	-0.449151987315657	0.018	0.015	1	GIMAP8	c15
0.233598237383715	-0.449055750541635	0.042	0.037	1	PPAT	c15
0.0597577541569355	-0.448977026401447	0.111	0.094	1	CHAMP1	c15
0.0264349863286386	-0.448565826946652	0.086	0.07	1	AP002387.2	c15
0.193696136032175	-0.448490192163585	0.289	0.244	1	PLEKHA2	c15
0.000910816407604899	-0.448374269133631	0.056	0.041	1	DIS3L2	c15
0.00483781703329256	-0.448062418160594	0.046	0.034	1	CARS2	c15
0.0181616981116474	-0.447716283889229	0.138	0.114	1	SNX20	c15
0.000597318112219269	0.447639711089975	0.014	0.007	1	TTC26	c15
0.119842335345954	-0.447621425203628	0.016	0.013	1	IFT172	c15
0.00523151302285484	-0.447610956971375	0.054	0.041	1	GPHN	c15
0.406990503274404	-0.447599543969641	0.054	0.049	1	KCTD6	c15
0.0315116370058402	-0.447480293126222	0.197	0.165	1	RBL2	c15
0.250387307796964	-0.447413687173328	0.05	0.044	1	AC093323.1	c15
0.0116378111282806	-0.447323863664972	0.098	0.081	1	EHMT2	c15
1.2086829963139e-05	-0.447261717174874	0.23	0.176	0.405368103303756	PPP6R2	c15
0.0258869847666753	-0.446914282051637	0.014	0.009	1	RNF227	c15
0.100342548208271	-0.44690428597047	0.038	0.031	1	KLF16	c15
0.173042569781991	-0.446858275609387	0.25	0.212	1	NCK1	c15
0.106314349220123	-0.446735541708406	0.05	0.043	1	AEN	c15
0.201064865092821	-0.446333016579312	0.023	0.019	1	TRBV7-2	c15
0.545004980255222	-0.446214177995466	0.014	0.012	1	CASTOR1	c15
0.000248324542826326	-0.446156028985741	0.53	0.477	1	MAPRE2	c15
0.0921440329786669	-0.446144518966931	0.063	0.054	1	FAM78A	c15
0.584579485225923	-0.44596272197355	0.024	0.022	1	APOLD1	c15
0.000885606405384492	-0.445789432942535	0.203	0.162	1	PIK3CD	c15
0.00215076188618727	-0.445489461439249	0.268	0.215	1	DOCK8	c15
0.049636827906456	-0.445325685720663	0.257	0.213	1	DEF6	c15
0.0374974259051503	-0.445218732052215	0.211	0.178	1	EIF2AK2	c15
0.00632773951704923	-0.445212179991089	0.125	0.102	1	MBNL2	c15
0.125409175514274	-0.445072632922195	0.051	0.043	1	RFC5	c15
0.0106517235593547	-0.444587515058749	0.133	0.11	1	REV1	c15
1.24726598374153e-05	0.444432174391998	0.017	0.008	0.418308065627233	UBXN8	c15
0.773588384638701	-0.443931533151066	0.605	0.491	1	SRRM2	c15
0.0431812322045319	-0.443627062151271	0.016	0.011	1	DPY19L3	c15
0.0159468868251131	-0.443610873342267	0.069	0.056	1	FOXJ2	c15
0.234769956576942	-0.44360931531889	0.403	0.335	1	PCM1	c15
0.00181655164710059	-0.443560017707294	0.326	0.258	1	SETD2	c15
0.000130433136768988	-0.443531010571832	0.068	0.049	1	LMTK2	c15
0.286326564129799	-0.443482786347248	0.048	0.043	1	TMEM156	c15
6.92405884318313e-07	-0.443165089652764	0.249	0.186	0.0232219085482676	TUT4	c15
0.0983248333072961	-0.443145533876284	0.107	0.092	1	GIMAP6	c15
0.0649700033868624	-0.443135245848433	0.194	0.164	1	NEPRO	c15
0.00238251877938337	-0.443077147609453	0.302	0.24	1	PDXDC1	c15
0.000162305417067826	-0.44279147575604	0.136	0.105	1	ITPRIP	c15
0.00652999438621462	-0.442627401473012	0.121	0.098	1	COG1	c15
0.00349502635765298	-0.442523926641289	0.117	0.094	1	TNRC6C	c15
0.332235039672307	-0.442432106391149	0.022	0.019	1	AC012615.1	c15
0.556455942327613	-0.442217852533414	0.339	0.301	1	MAT2A	c15
0.0621692129372188	-0.441896725508893	0.046	0.038	1	ADAT1	c15
0.155248737142203	-0.44162797153594	0.01	0.007	1	AC068338.2	c15
0.581388441105202	-0.441496999513985	0.437	0.362	1	PHF1	c15
0.0109472747201021	-0.441310137669974	0.062	0.049	1	CIC	c15
0.000414204436491854	-0.441183929378925	0.3	0.24	1	ITGA1	c15
0.0338531488905132	-0.441180345331962	0.019	0.014	1	ZNF304	c15
3.25558549607337e-06	0.441085766948262	0.013	0.005	0.109185826367309	MYLK-AS1	c15
0.212751488501905	-0.440962556755784	0.012	0.01	1	CABLES2	c15
0.00175409319510921	-0.440802216392746	0.045	0.032	1	TMEM67	c15
2.17645317933342e-19	-0.440693736319402	0.766	0.716	7.29938867284842e-15	SAT1	c15
0.0310461918700033	-0.440569335515228	0.101	0.085	1	ACSL5	c15
0.00295357201412796	-0.440149269323435	0.073	0.056	1	HIST1H1D	c15
0.00229886013582642	-0.440072135324148	0.112	0.089	1	KIAA2026	c15
0.0518683694613272	-0.440014343627243	0.057	0.047	1	AC010616.1	c15
0.0262157760105419	-0.439915076954985	0.111	0.093	1	SLC25A25	c15
2.92797604703996e-06	-0.439836097014303	0.073	0.05	0.0981984606656263	ARL5B	c15
0.181023299201042	-0.43932205208887	0.016	0.012	1	UGT8	c15
0.0363109420948522	-0.438818987688579	0.416	0.336	1	SNRNP200	c15
0.000163598486654268	0.438659638832411	0.012	0.006	1	AP000704.1	c15
0.243178029483835	-0.438224964629288	0.037	0.032	1	ZNF786	c15
0.000110842144006333	0.43770889279695	0.011	0.005	1	SNHG25	c15
0.0178586333460362	-0.437610628940117	0.066	0.053	1	PDK2	c15
0.133629174437128	-0.437596691649824	0.011	0.009	1	LBHD1	c15
0.0999897991836135	-0.437496962454872	0.203	0.173	1	CDKN2AIP	c15
0.206055507294459	-0.437348161975913	0.124	0.11	1	SMPD1	c15
0.000121301760253148	0.437329986762825	0.013	0.007	1	LAT2	c15
0.336555470356096	-0.437223303067215	0.025	0.021	1	NARS2	c15
0.00441509979156607	-0.437068123501832	0.431	0.393	1	CD48	c15
7.26373659696144e-06	-0.436964903714028	0.091	0.065	0.243611197988893	TAF1	c15
0.0058447743953153	-0.43687409126901	0.114	0.093	1	ACSF3	c15
0.0785804049877023	-0.436743046107639	0.052	0.043	1	DDX60L	c15
0.0864252364188588	-0.436534120019264	0.041	0.034	1	BAZ2B	c15
7.67204100305337e-31	-0.43647197021049	0.831	0.769	2.57304911160404e-26	DDX24	c15
0.031976329622426	-0.436258924550863	0.068	0.056	1	WWP2	c15
0.00286833695667292	-0.43616093192874	0.063	0.048	1	PCNX2	c15
0.323895615246541	-0.436135928150007	0.011	0.009	1	ZFP57	c15
0.00470116950404299	-0.435863062560192	0.194	0.157	1	CLINT1	c15
0.13075816630591	-0.435638348034345	0.059	0.051	1	BICRAL	c15
0.000178036487744344	-0.435575120632992	0.248	0.196	1	PER1	c15
0.000174858442341736	-0.435325274457267	0.144	0.111	1	FBXO34	c15
0.250942124109054	-0.434858865430385	0.042	0.037	1	RNASEL	c15
0.00403895095835655	-0.434679540790358	0.218	0.177	1	RASA2	c15
0.00474807368025562	-0.434607794678209	0.044	0.033	1	TRAPPC9	c15
0.00382131413666606	-0.434455561259816	0.102	0.081	1	CEP290	c15
0.00110844004687089	-0.43434356084218	0.061	0.045	1	HSPBAP1	c15
0.239630840310828	-0.434233956388733	0.46	0.374	1	ACAP1	c15
0.15813445340108	-0.434061202074091	0.019	0.015	1	CRIM1	c15
9.33008598464971e-05	-0.434019655698411	0.158	0.121	1	LMBR1	c15
0.80317492912937	-0.433791167899209	0.024	0.023	1	TRAV10	c15
0.0409061590386713	-0.433728372915559	0.039	0.031	1	RMRP	c15
0.000820347164591055	-0.433518842948095	0.632	0.544	1	HMGB2	c15
0.00105980643355649	-0.433374262016278	0.077	0.058	1	SPIDR	c15
3.74837011648084e-07	-0.433342023012649	0.092	0.063	0.0125712836966534	ATAD3B	c15
0.000321401674475142	-0.433280148057922	0.171	0.135	1	REV3L	c15
0.000963572393586448	-0.433199223422177	0.171	0.136	1	ZNF831	c15
0.345555053728193	-0.432637289884438	0.041	0.037	1	NUDT14	c15
0.00311977632482591	-0.432621920578642	0.067	0.051	1	TMEM62	c15
0.408269656144588	-0.432503126005805	0.014	0.012	1	ZNF829	c15
0.501818101253885	-0.432150881398424	0.01	0.009	1	TRAF3IP2	c15
7.3135583926531e-06	0.432146879247251	0.012	0.005	0.2452821213728	B4GALT2	c15
0.273751092142463	-0.432043529793524	0.06	0.053	1	RAB33B	c15
0.169822781491364	-0.431796770045566	0.046	0.039	1	KLRC4-KLRK1	c15
0.0365157914367605	-0.431758435870483	0.01	0.007	1	ITGA3	c15
0.00771600366154325	-0.431567661266495	0.027	0.019	1	U2AF1L5	c15
7.51931862494338e-09	-0.431477194162807	0.103	0.069	0.000252182908043351	SUGP2	c15
0.184368354170633	-0.431408254110019	0.065	0.057	1	AUTS2	c15
3.18638945309142e-10	-0.43130276611466	0.331	0.238	1.0686512947778e-05	RBM5	c15
0.000314603733660828	-0.431103520631395	0.116	0.089	1	OSTM1	c15
0.0754451460124321	-0.430850550181312	0.036	0.029	1	TRMT2B	c15
0.626686394391912	-0.430849029269701	0.423	0.351	1	TMF1	c15
1.20464690706083e-06	-0.430805205689001	0.172	0.127	0.0404014479690061	NBPF19	c15
0.115134987538383	-0.43065927294928	0.075	0.065	1	MEPCE	c15
0.184426704484833	-0.430590015347408	0.168	0.149	1	WIPF3	c15
0.00408747985662179	-0.430248752896613	0.032	0.023	1	SLC25A42	c15
0.0937379996685966	-0.430214822049972	0.017	0.013	1	NEU4	c15
0.518460731151203	-0.430185652521502	0.387	0.341	1	MARCKSL1	c15
0.00236924746714367	-0.429931505559661	0.132	0.105	1	TRAF6	c15
0.00288086097637691	-0.42938376419709	0.489	0.435	1	APMAP	c15
0.00153496056345879	-0.429131210009064	0.336	0.274	1	ZNF331	c15
0.00914017293188363	-0.428986926112465	0.05	0.038	1	SKP2	c15
7.95576259083624e-05	-0.428884205216521	0.069	0.05	1	CEP295	c15
0.288858452778403	-0.428799376575538	0.439	0.38	1	B3GNT2	c15
0.0367160662018786	-0.428553839594977	0.012	0.008	1	AC005332.6	c15
0.000493315654417501	-0.428274047614958	0.262	0.207	1	SIK3	c15
0.354305809559728	-0.42818264539769	0.518	0.439	1	GCC2	c15
0.000609737880346738	-0.428011214360331	0.085	0.065	1	TOP3A	c15
0.177283625690645	-0.427384978777062	0.014	0.011	1	TRIM36	c15
8.02981339889375e-09	-0.427271290950567	0.079	0.05	0.000269303881772098	TNK2	c15
0.00324301727626946	-0.427270235670722	0.245	0.196	1	CLK4	c15
1.59461115717887e-05	-0.427125508945585	0.122	0.09	0.534800689894648	PAXBP1	c15
0.156158198518939	-0.427104609058657	0.027	0.022	1	TMEM163	c15
0.113890223702114	-0.427075717067749	0.024	0.019	1	BBOF1	c15
5.23893810876406e-06	-0.426112100627358	0.301	0.228	0.175703506291729	CCNL2	c15
0.00044043884666481	-0.425882078254665	0.157	0.124	1	DTHD1	c15
0.00409285278218935	-0.425693427547669	0.095	0.075	1	GTF2IRD2B	c15
0.00259526814235075	-0.425500582912121	0.102	0.081	1	SLAMF6	c15
0.000996418346880614	-0.425465628762404	0.129	0.102	1	RSAD1	c15
0.944802667185426	-0.424693171465695	0.426	0.362	1	TRIM22	c15
0.02738370789502	-0.424413547220993	0.026	0.02	1	ZBTB14	c15
0.0488881373716678	-0.424365490722493	0.059	0.048	1	NT5C3B	c15
0.934186653106908	-0.422815055188316	0.395	0.334	1	R3HDM4	c15
2.54912623800229e-05	0.422492912208944	0.014	0.007	0.854925957701206	ELOA-AS1	c15
0.00437275687895268	-0.422368323578747	0.079	0.062	1	CLIP4	c15
0.000270948163166311	-0.422322161008863	0.044	0.03	1	NAA40	c15
0.0111449210368222	-0.422237963235759	0.452	0.361	1	AKAP9	c15
2.54738258753643e-06	0.42215023091028	0.021	0.011	0.0854341172207968	AC004556.1	c15
0.0290596517238339	-0.42211108499247	0.014	0.01	1	AC093249.6	c15
0.00225837814049901	-0.421681777146082	0.357	0.282	1	FAM133B	c15
0.0156943267199414	-0.421584454961088	0.042	0.032	1	URB1	c15
0.000826936822262775	-0.421529812624086	0.059	0.043	1	SNAPC4	c15
1.47720664917673e-13	-0.42117322627771	0.128	0.081	4.9542556600089e-09	CCDC88B	c15
0.0307706306990936	-0.420777722088943	0.014	0.009	1	AC009061.2	c15
9.10473285911134e-05	-0.420730580233537	0.14	0.107	1	LONP2	c15
5.78776385297968e-07	-0.420541629264873	0.077	0.051	0.0194110024101232	SLC35E2B	c15
0.000150554775498914	-0.420471574970672	0.032	0.021	1	NBPF9	c15
0.00632468216955387	-0.420279593464145	0.173	0.142	1	VPS26B	c15
0.0377895867916072	-0.42017871035286	0.113	0.096	1	GBP3	c15
0.0114735908288075	-0.420119620207819	0.091	0.074	1	VGLL4	c15
9.13898310766651e-06	-0.419966201314741	0.112	0.082	0.306503215464919	ARHGAP26	c15
0.00511539943528837	-0.419891956087101	0.018	0.012	1	AC008764.8	c15
0.00104100445924713	-0.419821776899066	0.065	0.048	1	POLR3A	c15
0.0260569352119986	-0.419487694766788	0.147	0.123	1	KBTBD2	c15
2.85435616933002e-06	0.418903425734944	0.022	0.011	0.0957293972069902	CYB561	c15
0.0539669940201452	-0.418868554513657	0.074	0.062	1	TRIM52	c15
0.000144995712512934	-0.418863346274782	0.075	0.055	1	TSC22D2	c15
0.000434207465119577	-0.418628561767739	0.264	0.207	1	KLHL24	c15
0.0255464055530876	-0.418597184944263	0.039	0.03	1	UNC119B	c15
0.00142311308634529	-0.418557349662777	0.112	0.088	1	STYX	c15
0.0954245381311793	-0.418494986812623	0.022	0.017	1	DHRS12	c15
7.29052821107905e-07	-0.418494815626077	0.161	0.118	0.0244509735143169	AGO3	c15
0.0041049308964976	-0.418328423855097	0.073	0.057	1	ZNF484	c15
0.000230253783304471	-0.418222863461709	0.121	0.093	1	TRPV2	c15
0.0010549338722866	-0.418222473125259	0.282	0.225	1	CRYBG1	c15
0.0104992977759206	-0.418221476327429	0.047	0.036	1	TUBE1	c15
0.213205356469389	-0.417830037889954	0.994	0.98	1	MT-ATP6	c15
0.162966730656266	-0.417795901995159	0.029	0.024	1	CBY1	c15
0.0248517364832718	-0.41774252122708	0.118	0.098	1	TRG-AS1	c15
0.000216228409348365	-0.417508178370083	0.349	0.271	1	CNTRL	c15
0.0450620625488126	-0.417364361988183	0.095	0.081	1	OAS3	c15
0.000322257908749052	-0.417272179326334	0.086	0.065	1	NF1	c15
0.302656023552068	-0.417259049481837	0.401	0.35	1	CYSTM1	c15
0.0319403020592011	-0.416936351828356	0.115	0.097	1	TRIM13	c15
0.271850850140919	-0.416534650284955	0.015	0.013	1	ZNF628	c15
2.60235071557795e-05	-0.416446378378994	0.999	0.997	0.872776382990533	MT-CO1	c15
0.373258750097814	-0.416397224872888	0.015	0.013	1	LINC00665	c15
2.40789063774584e-06	0.41606201725387	0.025	0.013	0.08075583620872	SLC16A6	c15
5.65637358323506e-13	-0.415939446370164	0.154	0.101	1.89703457234537e-08	BAG3	c15
0.0149381696970844	-0.415881038059408	0.125	0.103	1	ZNF699	c15
1.1397251632841e-06	-0.415869412216391	0.119	0.086	0.0382241025262223	MYSM1	c15
0.137262129221136	-0.415788122556623	0.027	0.022	1	FAM161B	c15
0.0629184261597785	-0.415579195212582	0.021	0.016	1	MTERF2	c15
0.00260824218557072	-0.415522536231228	0.308	0.247	1	AC004687.1	c15
0.048538829940443	-0.415451375225993	0.012	0.008	1	SLCO3A1	c15
0.160961724814547	-0.414954691351372	0.284	0.237	1	CCDC115	c15
5.8660704136264e-07	-0.414935433697066	0.689	0.597	0.0196736269532202	SF1	c15
0.233937073774168	-0.414862372031648	0.018	0.015	1	SEMA4B	c15
0.0125322277027342	-0.414761977721796	0.178	0.147	1	ELL	c15
9.47395505568793e-05	-0.414696681334226	0.093	0.07	1	ANKFY1	c15
0.0153927760265594	-0.414517760105349	0.201	0.166	1	ISG20L2	c15
0.000514047361482811	-0.414370774048046	0.043	0.03	1	CPEB2	c15
0.0343978159176998	-0.414347370431377	0.026	0.019	1	ZNF678	c15
3.29337373882837e-06	-0.414220725286169	0.099	0.071	0.110453168452826	ATG2B	c15
0.00185856625084308	-0.414004597369861	0.096	0.075	1	XPOT	c15
0.103799208298259	-0.41382376247573	0.029	0.023	1	ITGA2	c15
0.0144027523387832	-0.41348108630023	0.061	0.049	1	FAM69A	c15
0.00133107087778496	-0.413321601983452	0.155	0.123	1	APEH	c15
6.97625684979826e-06	-0.413050512947008	0.091	0.065	0.233969702228534	RPS6KC1	c15
0.00184618831678586	-0.412696260700168	0.098	0.077	1	FN3KRP	c15
0.204829613614535	-0.412685961844913	0.277	0.234	1	HAX1	c15
0.0562577962029138	-0.41264799175146	0.064	0.054	1	ZNF586	c15
0.000624909136076861	-0.412318336188346	0.157	0.124	1	PPP1R21	c15
0.0792990253952562	-0.411846832755543	0.318	0.264	1	MCUB	c15
0.0063152222242144	-0.411579484184733	0.121	0.098	1	CLSTN1	c15
0.00207971747659373	-0.41157178396309	0.084	0.066	1	NAXD	c15
4.40467054520801e-06	0.411481500343093	0.023	0.012	0.147723840745186	ZNF470	c15
6.95458211582864e-05	0.411422800088074	0.011	0.005	1	CDC37L1-DT	c15
0.172818225697377	-0.411076788779583	0.034	0.029	1	TMCC1	c15
0.000124790665527161	0.410976443849286	0.011	0.005	1	ITSN1	c15
0.00607357167996268	-0.409942360576757	0.196	0.16	1	TBC1D15	c15
6.98365438317437e-05	-0.409847674836202	0.067	0.048	1	NABP1	c15
1.65562309330854e-09	-0.409526066409565	0.254	0.182	5.55262873033817e-05	CDK5RAP3	c15
4.82438533166142e-06	-0.409496654009085	0.189	0.142	0.161800235253261	SMPD4	c15
0.0302186573569269	-0.409270470737392	0.041	0.032	1	WDR53	c15
0.00443981970388027	-0.409134982309693	0.253	0.205	1	DCP2	c15
0.0133978131699094	-0.408812466491285	0.135	0.112	1	CHMP4A	c15
2.40482746381623e-107	-0.408693612649993	0.993	0.95	8.06531034814688e-103	SARAF	c15
0.00257845377461075	-0.408591372142149	0.111	0.088	1	SLC5A6	c15
7.00571054343109e-08	-0.408558392787618	0.142	0.101	0.00234957520205592	IKBKB	c15
2.45022495754551e-05	-0.408427386928275	0.126	0.095	0.821756446261612	CALCOCO1	c15
0.0184442704599617	-0.408276458296251	0.039	0.03	1	ZNF397	c15
2.35126736409219e-06	0.40816914132673	0.022	0.011	0.0788568048569238	APOBR	c15
1.27378804663252e-06	-0.408018389797645	0.189	0.14	0.0427203035079616	NCOA3	c15
2.51119723999778e-06	0.407928828867159	0.013	0.005	0.0842205330350456	CDKL5	c15
0.0479573418976685	-0.407854356541303	0.08	0.067	1	ING1	c15
2.2424984604606e-05	-0.407811826011162	0.077	0.055	0.752089133669275	KLF12	c15
0.00144601428679121	-0.407690034593384	0.034	0.024	1	TANGO6	c15
2.45106308884477e-08	-0.407622629195201	0.116	0.079	0.00082203753873676	SYMPK	c15
4.21236643339088e-07	-0.40732210073391	0.252	0.188	0.0141274345443063	BRAF	c15
0.0390429064617284	-0.407232386193457	0.035	0.028	1	USP28	c15
0.000465255974527567	-0.407056430606072	0.068	0.05	1	BRF1	c15
4.82803687951384e-06	-0.406978166807468	0.132	0.097	0.161922700865135	KHDC4	c15
6.63885866230168e-05	0.40692974300361	0.015	0.008	1	FZD6	c15
2.30666650214233e-05	-0.406924723986256	0.091	0.066	0.773609811488496	FAM172A	c15
0.000672625717970951	0.406295836480967	0.022	0.013	1	CCNB2	c15
0.00271273438940027	-0.405647169505601	0.085	0.067	1	R3HDM2	c15
0.000352106133805483	-0.405443312712356	0.08	0.06	1	KDM3B	c15
2.04155707578693e-06	0.405436687298034	0.023	0.012	0.0684697412077422	FANCE	c15
0.00180698092753289	-0.405316953742106	0.306	0.242	1	FAM13B	c15
3.54758670054256e-06	-0.405121144163249	0.193	0.145	0.118978962762796	NUFIP2	c15
0.00237419249214377	-0.405006251900184	0.11	0.087	1	TRAK2	c15
0.00178735887801559	0.40492213398711	0.011	0.006	1	CARD9	c15
0.329042002370744	-0.404417982066175	0.017	0.015	1	AMZ1	c15
0.412912193190062	-0.404330333194624	0.016	0.014	1	AL031777.3	c15
0.331923254565851	-0.404298431850966	0.398	0.333	1	ARHGAP30	c15
0.309170093067597	-0.404088961587861	0.01	0.008	1	ATP1A3	c15
0.0642765474255125	-0.403971733831762	0.277	0.231	1	WHAMM	c15
1.22505276535379e-22	-0.403942265064532	0.839	0.77	4.10858196444355e-18	FYN	c15
0.0140266486830023	-0.403710242175655	0.056	0.044	1	TRIM39	c15
0.0215923764492958	-0.403639846423763	0.244	0.201	1	NSMCE3	c15
0.869611870209728	-0.403579776560121	0.677	0.553	1	TCF25	c15
0.0410832525455926	-0.403533927266857	0.043	0.035	1	TAF5L	c15
0.000414756829364246	-0.403432495375302	0.041	0.028	1	TMEM94	c15
1.92047136786581e-06	-0.403395845767967	0.852	0.779	0.0644087687354835	S100A10	c15
0.241761335582157	-0.403073865254225	0.014	0.011	1	PLXND1	c15
0.0484942177004092	-0.402794132065366	0.043	0.034	1	STK35	c15
0.0030467274289524	-0.402665947993596	0.157	0.127	1	CARD8	c15
4.17553440237272e-32	-0.402647932750867	0.842	0.813	1.40039072786776e-27	IFITM1	c15
0.00278400283523493	-0.402581622543292	0.059	0.045	1	ZNF569	c15
0.00614941407343809	-0.402461087672424	0.162	0.133	1	IPCEF1	c15
0.000573808324280431	-0.402376485220081	0.045	0.032	1	ENTR1	c15
0.0306634561725716	-0.402282255496917	0.026	0.02	1	ZWINT	c15
0.129914917773328	-0.402077390862405	0.027	0.023	1	ZNF273	c15
0.00062168858211393	-0.401818070989014	0.253	0.198	1	ZNF394	c15
0.252850916255099	-0.401734458488606	0.04	0.035	1	HLA-DQB2	c15
4.70480933554072e-05	-0.401716998453809	0.164	0.126	1	DICER1	c15
0.000344599739275741	-0.401098300332344	0.116	0.09	1	RPRD1B	c15
0.00239655527095433	-0.400969593941399	0.045	0.033	1	LRRC8B	c15
0.00381048407834802	-0.400832413922187	0.033	0.023	1	RGL2	c15
0.0171393062636909	-0.400821977953117	0.055	0.044	1	WDR89	c15
1.38135778609324e-05	-0.400765130477199	0.105	0.077	0.46327977429995	C18orf25	c15
0.221160471329471	-0.400764906632674	0.024	0.02	1	AL590764.1	c15
0.0129912510197251	-0.400663787600739	0.014	0.009	1	LENG8-AS1	c15
2.40483129509936e-05	-0.400549302719663	0.188	0.143	0.806532319750424	DIDO1	c15
0.0109409632450302	-0.400548599222342	0.607	0.525	1	CLDND1	c15
0.000102779055576195	-0.40048586557093	0.107	0.081	1	TAZ	c15
0.164729934502458	-0.400372836987508	0.014	0.01	1	LINC02328	c15
0.468437695895732	-0.400309058373732	0.027	0.025	1	GGH	c15
0.0039904176570889	-0.400302266714002	0.043	0.032	1	ZMYM3	c15
0.000913621945732508	-0.400190514544994	0.042	0.029	1	COX15	c15
5.72363522188803e-05	-0.400026767576149	0.106	0.079	1	TNKS	c15
0.400492545698724	-0.399950133796572	0.421	0.35	1	JMJD6	c15
0.0153398643285992	-0.399877122558287	0.062	0.049	1	THAP5	c15
0.00455720840461741	-0.399837426685436	0.039	0.028	1	PIK3C2B	c15
0.221646259398466	-0.399232086668761	0.015	0.012	1	LINC00893	c15
0.0203327634140004	-0.39908287507373	0.021	0.015	1	SLC12A4	c15
2.69472326496322e-11	-0.398931442142842	0.704	0.635	9.03756288603365e-07	WIPF1	c15
0.00132358175449801	-0.398809900405091	0.054	0.04	1	PER2	c15
6.12464844530863e-26	-0.398804001468196	0.857	0.785	2.05408459558761e-21	CD99	c15
0.0125582611664995	-0.398793378275965	0.069	0.055	1	KLHL11	c15
0.000137632126356267	-0.398785690284533	0.142	0.109	1	STAG1	c15
0.0354021635095231	-0.398653082142415	0.469	0.371	1	USP15	c15
0.321922848193015	-0.398539061736525	0.011	0.009	1	MAPRE3	c15
0.0115738601379762	-0.39849767096889	0.04	0.03	1	VILL	c15
0.0349826375620451	-0.398466793689507	0.032	0.024	1	AC016065.1	c15
0.000247861845119989	-0.398455945471968	0.088	0.066	1	CRY2	c15
0.0108172393662179	-0.398134314968335	0.054	0.042	1	SLC35A5	c15
4.06054970783766e-06	-0.398032391312422	0.113	0.082	0.136182716101459	AVL9	c15
0.000130322295923114	-0.397793596066364	0.065	0.046	1	TRIM41	c15
3.13817953832469e-06	-0.397564184849723	0.11	0.079	0.105248265356334	NNT	c15
0.000201608362290074	-0.397493826202467	0.375	0.289	1	TRA2A	c15
0.425951049111785	-0.397477568718241	0.534	0.432	1	FNBP4	c15
0.200082773974399	-0.397443916502632	0.106	0.094	1	GIMAP2	c15
0.0193275164105205	-0.397377834360725	0.066	0.053	1	RTL6	c15
0.000142749427344703	-0.397325232904484	0.106	0.08	1	RAB11FIP4	c15
0.0186817309058955	-0.39719384253977	0.032	0.024	1	SEC22A	c15
0.00790565642957764	-0.396808011031579	0.501	0.433	1	SLBP	c15
0.0849210714520357	-0.396793259796094	0.014	0.01	1	AC007216.4	c15
0.000483274177945384	-0.396633479910395	0.157	0.124	1	ZNF791	c15
7.01046228295385e-05	-0.396628671836975	0.187	0.144	1	CNST	c15
0.0388341969332583	-0.396582988469396	0.101	0.085	1	NMRAL1	c15
1.28724959241607e-05	0.396276253667997	0.016	0.008	0.431717768304503	APOOL	c15
0.00229715985074332	-0.396124104474477	0.043	0.031	1	AASDH	c15
0.0238800425254098	-0.396097947559832	0.039	0.031	1	LMBRD2	c15
1.74731334819514e-05	-0.395960998734211	0.096	0.07	0.586013950717685	VPS13D	c15
0.0796043340410547	-0.395610031038574	0.029	0.023	1	CHST10	c15
0.0261138231445429	-0.39555814778729	0.02	0.014	1	SLX4	c15
0.00299214303521433	-0.395489996727501	0.065	0.05	1	KSR1	c15
0.000147646796562242	-0.395469414713304	0.12	0.092	1	PIBF1	c15
0.0023161719993532	-0.395351953712219	0.218	0.175	1	AMZ2	c15
9.22776932855765e-06	0.394846709016547	0.011	0.005	0.309480927741166	ENPP2	c15
0.0126635901971201	-0.394802388810465	0.047	0.036	1	ZNF346	c15
9.31670082348323e-05	-0.394599139931379	0.268	0.209	1	EP300	c15
0.00159861453759211	-0.394558105380419	0.06	0.045	1	THAP6	c15
0.649907270987704	-0.39449783796314	0.997	0.989	1	MT-ND4L	c15
0.0698828523845547	-0.394489930701737	0.02	0.015	1	STK39	c15
0.0214311250560121	-0.394281035740602	0.508	0.406	1	DYNC1H1	c15
0.000107674135130025	-0.394251649326981	0.158	0.123	1	MADD	c15
0.00784731650753227	-0.394131391348143	0.07	0.056	1	RANBP10	c15
0.000208454989479062	-0.394125167889614	0.059	0.042	1	PCNX3	c15
2.06162186010431e-05	-0.393924833257118	0.084	0.06	0.691426739441782	GXYLT1	c15
0.00796918534739587	-0.393874195412895	0.025	0.017	1	FCRL3	c15
0.000100186617059588	-0.39382336352242	0.111	0.084	1	DGKE	c15
0.141091792961266	-0.393753422149979	0.01	0.008	1	NFYC-AS1	c15
0.0386432933471075	-0.393666727665764	0.023	0.017	1	KDM1B	c15
9.96071242661597e-08	-0.393555649434871	0.183	0.133	0.00334062373363846	SBF1	c15
0.173910858699751	-0.393545140220902	0.015	0.012	1	L2HGDH	c15
0.195541024579991	-0.393463966493414	0.04	0.035	1	RTP4	c15
0.000268585696529381	-0.393365141484066	0.07	0.051	1	ZNF708	c15
0.00174743394259502	-0.393279163104522	0.088	0.068	1	AC243960.1	c15
5.05319887810579e-123	-0.393246037814905	0.998	0.963	1.69474183973912e-118	PTMA	c15
0.00365155792789164	-0.392835549240366	0.223	0.181	1	TAF3	c15
0.0485601917925037	-0.392824618360938	0.036	0.029	1	CEP85	c15
5.79855999691782e-05	-0.392788939459094	0.201	0.155	1	MCM7	c15
4.43208002171863e-05	-0.392639196548888	0.189	0.145	1	PPP6R1	c15
0.00023949605382818	-0.39256172824852	0.075	0.055	1	ELP1	c15
4.15291285611496e-07	-0.392465926848603	0.136	0.098	0.0139280391368384	KIAA0100	c15
0.00841664239834441	-0.392391734795566	0.032	0.023	1	TRGV5	c15
0.0841527394600544	-0.392358612013913	0.045	0.037	1	ZNF17	c15
1.63373574232752e-09	-0.392304773384109	0.159	0.11	5.47922293261803e-05	MCM3AP	c15
0.0149658199730696	-0.392252514750599	0.053	0.042	1	FRAT2	c15
0.0310308371759028	-0.392250608289509	0.065	0.053	1	UBXN11	c15
0.0826694660683454	-0.391826360251159	0.411	0.336	1	PRKCH	c15
0.00118622890709181	-0.391608997580339	0.237	0.19	1	NCKAP1L	c15
1.57817403801997e-05	-0.391589367748751	0.163	0.123	0.529288008871136	SCAMP1	c15
0.00221712846356273	-0.39136873853646	0.046	0.034	1	CDT1	c15
0.182109394944444	-0.391298635005964	0.078	0.069	1	PARD6G	c15
1.68010535151903e-07	-0.391235207168375	0.24	0.179	0.00563473732792451	RBM6	c15
0.0142603173088793	-0.391079557986722	0.031	0.023	1	SESN1	c15
0.0445862677093299	-0.390864593340766	0.019	0.014	1	ACSF2	c15
0.00345972879872183	-0.390379975873912	0.048	0.035	1	SLC39A14	c15
0.000257795485922951	-0.39013494685033	0.033	0.022	1	FLYWCH1	c15
0.0635797951296906	-0.390082216584666	0.031	0.025	1	ZNF737	c15
3.19916857401961e-05	-0.390050589247913	0.067	0.047	1	ZBTB40	c15
0.00233175659133393	-0.389917968997329	0.246	0.198	1	OXNAD1	c15
0.0007916738780726	-0.3897562744354	0.132	0.104	1	PWWP2A	c15
0.000694662386354341	-0.389595937132051	0.061	0.045	1	TTC31	c15
2.04702095914145e-07	-0.389323469910838	0.653	0.597	0.0068652988927686	FYB1	c15
0.000120896277280103	-0.389297660586059	0.11	0.083	1	ANKH	c15
0.00196927590346032	-0.389255346745446	0.27	0.214	1	NUB1	c15
0.00030470373606748	-0.389156072200305	0.241	0.19	1	ASXL2	c15
0.4483071084727	-0.389145765647258	0.01	0.008	1	MPP5	c15
8.52071789480336e-05	-0.389092252538914	0.169	0.131	1	INPP4B	c15
0.0738609168718612	-0.389000545295144	0.521	0.443	1	TECR	c15
0.0392698316534871	-0.388749023119646	0.091	0.077	1	ZBTB4	c15
0.000320775825670914	-0.388699750505521	0.672	0.572	1	DNAJB6	c15
9.99539328010454e-05	-0.388375282478023	0.071	0.051	1	ARHGAP27	c15
0.00817302479583802	-0.388252491311757	0.059	0.046	1	GUF1	c15
0.00609100790283358	-0.38804767026244	0.086	0.069	1	PCGF6	c15
0.0361655601869176	-0.388006188443197	0.016	0.012	1	GAREM2	c15
0.502976586220518	-0.387889344499695	0.37	0.325	1	SUMO3	c15
0.00570052793184498	-0.387848462622083	0.03	0.021	1	ZNF461	c15
6.96380634827314e-05	-0.387796062897243	0.158	0.121	1	LINS1	c15
0.0460074487774542	-0.387513808489135	0.025	0.019	1	TRIM68	c15
0.0095502718924777	-0.387498397133984	0.056	0.044	1	DGAT1	c15
2.10557194465123e-05	-0.387115562791778	0.057	0.039	0.706166718797129	ENTPD6	c15
0.00248768255035266	-0.387028008283555	0.193	0.156	1	FBXO21	c15
0.000275094752084868	-0.386990871230605	0.22	0.173	1	FGD3	c15
0.122164811822794	-0.386805253715083	0.188	0.163	1	FLT3LG	c15
6.24952146626697e-05	0.386765667627677	0.01	0.005	1	ABCA3	c15
3.16721114605113e-07	-0.386311785215122	0.118	0.083	0.0106221927416263	MED23	c15
0.0920983396835537	-0.38630722354423	0.022	0.017	1	LZTS3	c15
0.703525998577411	-0.386052743643616	0.395	0.333	1	YIPF5	c15
3.57786867877304e-07	-0.385790054841562	0.095	0.065	0.011999455974869	EXOC4	c15
0.00297378896247245	-0.38546114012845	0.223	0.18	1	ZBTB8OS	c15
0.108938586209431	-0.385446459064571	0.284	0.24	1	C12orf75	c15
0.574678830332893	-0.385402991735639	0.019	0.018	1	GINS2	c15
7.8502567723138e-06	0.385315848928341	0.012	0.005	0.26328191162986	TRIM16	c15
0.786198887873799	-0.385218749843911	0.487	0.409	1	IER2	c15
0.0669483997421111	-0.385204309737305	0.309	0.254	1	CD47	c15
0.00305258683580843	0.385198146694547	0.011	0.006	1	CMC4	c15
3.05914307219704e-08	-0.385108787398935	0.217	0.158	0.00102597540355344	RHOT2	c15
0.00780901193984667	-0.385092416576114	0.075	0.06	1	NRF1	c15
0.0228286145142382	-0.385068439843571	0.51	0.451	1	CDKN1B	c15
0.247019340848721	-0.384609629456003	0.516	0.414	1	DDX6	c15
2.1295133010188e-06	-0.384564766256225	0.136	0.099	0.0714196170895685	NPRL2	c15
0.00102812086413479	-0.384545512853372	0.139	0.11	1	VIRMA	c15
2.18887457512819e-07	-0.384421952418193	0.118	0.084	0.00734104755006494	GABPB1-AS1	c15
0.00342311051866179	0.384297542129509	0.01	0.005	1	AL662797.1	c15
0.000603039464169588	-0.384078780769902	0.039	0.027	1	NPHP3	c15
0.0343650704064496	-0.384007893537028	0.145	0.122	1	CKLF	c15
3.12247546592218e-05	-0.383981414722632	0.077	0.055	1	ZDHHC17	c15
0.00345451983808678	-0.383891218271481	0.014	0.008	1	ZDHHC8	c15
0.00816409371176318	-0.383813973090331	0.123	0.1	1	AKTIP	c15
0.00597705792522713	-0.383685082134502	0.11	0.089	1	USP37	c15
0.000294096075143198	-0.383626317545842	0.057	0.04	1	DHRS1	c15
0.0179692896432958	-0.383260834819428	0.092	0.077	1	TRGV10	c15
0.0129327049460627	-0.38321965549981	0.045	0.035	1	ZCCHC3	c15
0.000232041542186371	-0.383213706719969	0.2	0.157	1	POLG	c15
0.035276019724625	-0.383199558727227	0.032	0.025	1	DNAAF5	c15
0.00612381544513577	-0.383151151924658	0.078	0.062	1	FAM122B	c15
0.000169138631824882	-0.38288178092334	0.099	0.074	1	PAN3	c15
9.81123850828366e-06	0.382453844089778	0.022	0.012	0.329049317090817	CENPS	c15
1.22146268688177e-07	-0.382346535390585	0.117	0.082	0.00409654155926407	VPS53	c15
0.266863292005826	-0.382268912156999	0.017	0.014	1	MIR762HG	c15
7.66757332473829e-68	-0.382251327697293	0.973	0.92	2.57155074165073e-63	CALM1	c15
0.0188157745289655	-0.38212057226194	0.386	0.312	1	SLC38A2	c15
0.0361460560461516	-0.38211227534821	0.022	0.016	1	RAB38	c15
0.000764513391563742	-0.382070197611384	0.135	0.107	1	CTDSPL2	c15
0.00437692368044823	-0.381825867162288	0.327	0.261	1	PIAS1	c15
0.000203795061769647	-0.381660932428927	0.102	0.077	1	ASH2L	c15
0.0285245424697843	-0.381537441160102	0.031	0.023	1	ZNF549	c15
1.00845521286119e-06	-0.381012940880938	0.24	0.179	0.0338215709289387	LMBR1L	c15
0.106301104425483	-0.380945636767009	0.035	0.029	1	WWOX	c15
0.000340730762176654	-0.380918701004785	0.174	0.136	1	RETREG3	c15
0.132578628528447	-0.380572839528648	0.341	0.282	1	IDH2	c15
0.00217596682413096	-0.380526098357572	0.045	0.033	1	DEPDC5	c15
1.3731362873033e-05	-0.380516541850799	0.062	0.043	0.46052244803578	SCAPER	c15
0.138378627275144	-0.380121904722386	0.014	0.011	1	ZNF888	c15
0.00031527830242832	-0.379961910079845	0.14	0.109	1	EMSY	c15
0.0206260327042272	-0.379845608779818	0.02	0.014	1	ZNF891	c15
1.15569353904395e-06	-0.379803782757906	0.168	0.125	0.0387596499124561	TTC14	c15
0.00354158591372789	0.379675122621676	0.034	0.024	1	TRBV4-2	c15
0.000149514639926044	-0.379546959484362	0.17	0.133	1	NPAT	c15
0.0152881914323935	-0.379373037225124	0.017	0.011	1	PHLPP1	c15
0.0297579464861207	-0.379294081964586	0.039	0.03	1	TRIM65	c15
1.42060126613242e-05	0.379287108420517	0.018	0.009	0.476441252635492	ZFHX3	c15
0.0268756181919223	-0.379248809385354	0.018	0.013	1	ZNF559	c15
9.30870285620887e-06	-0.379140306648676	0.082	0.058	0.312195276391533	COG7	c15
7.8476588964931e-06	-0.379089871237535	0.234	0.177	0.263194784070586	DNMT1	c15
0.000294028574446253	-0.379020732097976	0.075	0.056	1	TBC1D13	c15
0.0107419925551038	-0.37902065434989	0.182	0.151	1	PERP	c15
0.0485376332716988	-0.378950988528401	0.048	0.039	1	RBM27	c15
0.309280474884855	-0.378917204215675	0.014	0.012	1	ZNF525	c15
0.00110233284816141	-0.378586752453357	0.271	0.214	1	LMBRD1	c15
0.00546756208772103	-0.378474504579819	0.035	0.026	1	RBM41	c15
0.0910800624368908	-0.378465776966186	0.025	0.02	1	FAM168A	c15
0.012416419098013	-0.378423156159912	0.064	0.051	1	METTL4	c15
0.00193020599739889	-0.377897074833068	0.152	0.122	1	MARK2	c15
0.000412648536248311	-0.377764297991529	0.266	0.21	1	GPAT4	c15
0.00729434097911491	-0.377689493644414	0.035	0.026	1	SCMH1	c15
0.00410807965398997	-0.377470628376613	0.072	0.056	1	NAGPA	c15
0.022308189055982	-0.377420224722007	0.014	0.009	1	USP53	c15
0.000275166072355004	-0.37735806916558	0.042	0.029	1	RERE	c15
3.08345709907007e-13	-0.377266386188868	0.796	0.717	1.03412984188612e-08	KMT2E	c15
0.00217523799112319	-0.377204128866755	0.22	0.176	1	SP3	c15
0.00390284993476803	-0.377080489238074	0.041	0.03	1	TMTC3	c15
0.0299538636843711	-0.377056930745247	0.012	0.008	1	THBS3	c15
0.000135743285056858	-0.376996980709472	0.155	0.12	1	NEK1	c15
0.273238775482235	-0.376889527738987	0.657	0.55	1	EML4	c15
0.000289094613832986	0.376760682154008	0.012	0.006	1	NR1H3	c15
0.056675216812726	-0.376662337640291	0.026	0.02	1	NME4	c15
0.150542924748337	-0.376511483933164	0.019	0.015	1	ARIH2OS	c15
0.00449062315791743	-0.376508105361357	0.036	0.026	1	CAMKMT	c15
0.101047404705738	-0.376477084889533	0.528	0.446	1	PNPLA2	c15
0.0895583468143629	-0.37642754806712	0.014	0.01	1	AC105020.6	c15
0.135913684366784	-0.376273367850818	0.468	0.375	1	RNF115	c15
0.158868352608077	-0.376073175728351	0.111	0.097	1	NPC2	c15
2.67889585140468e-10	-0.375896515095763	0.139	0.094	8.98448090644102e-06	ENTPD4	c15
5.22288720452598e-05	-0.375637508801814	0.058	0.04	1	TNPO2	c15
2.66993267468712e-05	-0.3755457318379	0.416	0.318	0.895442020436567	HNRNPH1	c15
0.0410583450755896	-0.375513574619006	0.021	0.016	1	ZFPM1	c15
0.00931592583903887	-0.375503390565629	0.156	0.129	1	GNPTAB	c15
0.00233624976956283	-0.375025491778168	0.065	0.05	1	TMEM181	c15
9.63843427921739e-06	-0.375005159472717	0.121	0.089	0.323253808856393	CLSTN3	c15
1.54414315965911e-06	-0.374799520908742	0.217	0.163	0.0517874732886471	CHD6	c15
3.66177953338832e-06	-0.374777057564347	0.117	0.084	0.122808761990778	WDR47	c15
4.088814348156e-08	-0.374725022591569	0.127	0.088	0.00137130655608456	APC	c15
0.000696159766369878	-0.374723936675264	0.11	0.085	1	PAPOLG	c15
8.49854367594994e-05	-0.374560822668008	0.073	0.053	1	CYHR1	c15
5.09113590372316e-06	0.374530034075026	0.017	0.008	0.170746515939067	STK3	c15
5.89086876984937e-05	-0.374457736267112	0.189	0.146	1	ZCCHC8	c15
0.0144748259810434	-0.374430155776684	0.029	0.021	1	ZBTB41	c15
2.13130445871792e-05	-0.374346351839902	0.081	0.058	0.714796889364816	ULK3	c15
2.25985801179408e-13	-0.374168220489436	0.88	0.796	7.57911179995498e-09	HLA-DRB1	c15
0.0150739885646589	-0.374143126263524	0.039	0.03	1	FAM185A	c15
0.215714989121273	-0.374046310981109	0.414	0.338	1	SBDS	c15
0.000159869276078925	-0.373969316304057	0.3	0.233	1	SYNRG	c15
2.66606531947333e-07	-0.373868336772006	0.389	0.292	0.00894144986844967	TNRC6B	c15
0.000789875522003148	-0.37377616683302	0.108	0.084	1	CTU2	c15
0.00013812499503948	-0.373673758162726	0.101	0.076	1	SETDB2	c15
0.00713465860822298	-0.373645538154634	0.052	0.04	1	PHC2	c15
0.0314185182867702	-0.37351700589473	0.097	0.081	1	KIAA0040	c15
0.000425431747661775	-0.373502322169341	0.221	0.174	1	ESCO1	c15
2.39144676056742e-07	-0.373384923713418	0.129	0.091	0.008020434145591	PASK	c15
3.62236974943375e-05	-0.373327979434745	0.211	0.164	1	ZNF451	c15
0.0235648483796582	-0.373060504773136	0.049	0.039	1	SH3YL1	c15
0.00373078084192469	-0.373043282206897	0.066	0.051	1	KLHL5	c15
7.13383001184349e-08	-0.372574882974634	0.199	0.145	0.00239254390937207	AP1G1	c15
0.00538049974513496	-0.372555117019579	0.133	0.108	1	TMEM140	c15
0.0102555284589237	-0.372505365585237	0.031	0.023	1	SCRN3	c15
2.1931701324226e-08	-0.372498463104903	0.356	0.263	0.000735545399011892	ASH1L	c15
7.76962198511475e-21	-0.372445332648266	0.119	0.066	2.60577582136778e-16	NR4A1	c15
0.00139788661070517	-0.37208274216356	0.168	0.135	1	ESYT1	c15
0.0001748816846881	-0.37196000045286	0.033	0.021	1	MTURN	c15
5.20894789299354e-06	0.371952772737027	0.017	0.008	0.174697694435218	AC062017.1	c15
0.00140650130701935	-0.371936237743409	0.035	0.024	1	ZNF75D	c15
0.115593541863324	-0.37192251101093	0.017	0.013	1	MTHFSD	c15
4.52519174446248e-08	-0.371913961027244	0.137	0.097	0.00151765880725783	ANKRD36B	c15
5.37674985121438e-07	-0.371864369270308	0.252	0.189	0.0180325436510028	GRK2	c15
0.019131699706199	-0.371818838067451	0.022	0.016	1	AL022328.4	c15
6.88932857587429e-16	-0.371797344390716	0.799	0.734	2.31054301777672e-11	MYH9	c15
0.013681188120173	-0.371746553754302	0.03	0.022	1	ZNF500	c15
0.000505332413932468	-0.371723829989205	0.035	0.024	1	KIAA1147	c15
0.00955064520459776	-0.371717293112978	0.043	0.033	1	ARHGEF9	c15
0.557534665307054	-0.371463493378933	0.596	0.497	1	PTPN22	c15
4.91800552178902e-05	-0.371421894362206	0.049	0.033	1	ACAP3	c15
7.72048194802376e-05	-0.371089888219005	0.186	0.144	1	SUPV3L1	c15
2.53551044008342e-06	-0.370931850677818	0.166	0.124	0.0850359491395179	NUP214	c15
0.00139899469764548	-0.370877975736933	0.041	0.029	1	TRIM5	c15
0.00720764436833867	-0.370873678775752	0.052	0.04	1	AL117339.5	c15
0.00745475047967016	-0.370790307040922	0.426	0.345	1	SLA	c15
3.44979050678825e-06	-0.370762309258493	0.365	0.276	0.115699074016664	AAK1	c15
0.00121611077969388	-0.370619265150526	0.111	0.087	1	PGRMC2	c15
0.000436750287059186	-0.370329597183914	0.018	0.011	1	NAIP	c15
0.177779466406066	-0.370297246175441	0.289	0.244	1	TMEM109	c15
0.000229387185897154	-0.370188450952371	0.266	0.208	1	PRKAR2A	c15
0.0120636310313381	-0.369629411720467	0.05	0.038	1	ZNF230	c15
0.000562245672069374	-0.369266135942592	0.1	0.076	1	ZNF675	c15
6.62801733714567e-05	-0.369146500024861	0.68	0.59	1	SRSF5	c15
0.000584434639067821	-0.369081475030735	0.065	0.048	1	CYP4V2	c15
0.872253732975254	-0.369037595177465	0.011	0.011	1	POC1A	c15
0.4713169097028	-0.368948830281914	0.039	0.035	1	FAM50B	c15
0.153031155957664	-0.368848175287724	0.444	0.361	1	DIAPH1	c15
3.59724619047929e-07	-0.368800897305391	0.19	0.14	0.0120644442736294	LRCH3	c15
7.14402396175366e-06	-0.368658284256268	0.141	0.105	0.239596275629294	TTF1	c15
0.283690459708309	-0.368450866332863	0.013	0.011	1	PEX7	c15
6.41052908105659e-05	-0.368399071474956	0.15	0.116	1	DOCK11	c15
0.000389578730507782	-0.368226083964031	0.251	0.197	1	C1orf52	c15
6.44414421696881e-05	-0.368206975731395	0.021	0.012	1	AC245014.3	c15
0.00797401632248264	-0.368168119397358	0.044	0.034	1	GOLGA1	c15
0.00751885920407172	-0.368021454508826	0.206	0.17	1	RASSF1	c15
0.000334201014085053	-0.367986221322756	0.114	0.088	1	MTO1	c15
9.84766087090052e-05	-0.367902868953222	0.071	0.051	1	LDB1	c15
2.9217878998323e-05	-0.36778549855363	0.061	0.042	0.979909225845757	ECHDC2	c15
0.00718312536867947	-0.367755424890059	0.246	0.202	1	CCDC186	c15
0.000762469759262939	-0.367737980411553	0.659	0.551	1	HCLS1	c15
0.122106944884121	-0.367669789049956	0.013	0.01	1	TCTN1	c15
0.0221422468177852	-0.367610012628812	0.025	0.018	1	ZNF551	c15
0.0131048739928688	-0.367428158881038	0.023	0.016	1	POLI	c15
0.208042706972563	-0.367329040252511	0.551	0.485	1	HLA-DQA2	c15
4.91868137519652e-12	-0.367145653293562	0.148	0.098	1.64962735961341e-07	ARID1B	c15
0.000175288962747467	-0.367074960386864	0.177	0.138	1	KAT7	c15
0.00648280606297539	-0.366778503766071	0.038	0.028	1	LIMD1	c15
0.0416901766944169	-0.366704859903757	0.036	0.029	1	YPEL1	c15
0.00740542316903067	-0.36661667254718	0.053	0.041	1	GALK1	c15
4.82922403386343e-06	-0.36604446947074	0.1	0.072	0.161962515647712	IRF9	c15
1.76597011507322e-05	-0.365959379449104	0.109	0.08	0.592271057193257	ZNF224	c15
5.5085345873911e-05	-0.365890748327681	0.156	0.119	1	AP5Z1	c15
0.00257688513467117	-0.365620430102475	0.321	0.258	1	CREBRF	c15
0.000974238730755482	-0.365457882125411	0.037	0.026	1	SLFN12	c15
3.95594214076086e-08	-0.365424787976492	0.252	0.185	0.00132674387516838	PHYKPL	c15
0.000374669702487544	0.365295428296497	0.012	0.006	1	AL391069.3	c15
0.000646880871342198	-0.365154153914724	0.077	0.059	1	CMTR1	c15
0.11293865500328	-0.365055759890805	0.351	0.29	1	SSB	c15
0.00629403639359969	-0.364877728014176	0.316	0.255	1	PHF11	c15
0.00641256279805987	-0.364861238700513	0.052	0.04	1	POLR1B	c15
1.02133534876195e-08	-0.364761486625778	0.107	0.072	0.000342535449267781	KMT2D	c15
6.87851879239077e-05	-0.36474985734424	0.081	0.059	1	GTPBP10	c15
0.067386696215104	-0.364738865614965	0.01	0.007	1	AL645728.1	c15
0.000620797262085456	-0.364719939026695	0.06	0.044	1	PGGT1B	c15
0.281336403264725	-0.364626349150576	0.013	0.01	1	PLEKHA5	c15
0.00107862516585251	-0.364154963774582	0.07	0.053	1	TRIM24	c15
0.0011378892090345	-0.364044358598448	0.122	0.096	1	FBXO33	c15
0.358382562192905	-0.364043965050006	0.394	0.328	1	NT5C3A	c15
7.63785403186214e-06	-0.363837898875116	0.245	0.186	0.256158348520592	UBE4A	c15
0.00426241541554469	-0.363803914457276	0.23	0.186	1	CPNE3	c15
8.10707613601595e-06	-0.363749809281944	0.138	0.103	0.271895119449703	AKT3	c15
0.000122273997419511	0.363591519310112	0.014	0.007	1	NDNF	c15
1.34751368119135e-07	-0.363468915383792	0.16	0.115	0.00451929138397954	MTREX	c15
1.52300538508885e-05	-0.363413667254638	0.276	0.212	0.510785546051097	ZNF644	c15
0.000374977973188691	-0.363313533446161	0.114	0.088	1	TMEM41B	c15
0.0313950481635986	-0.363205407420055	0.029	0.022	1	AC007383.2	c15
7.62046634798459e-11	-0.363182815560779	0.28	0.2	2.55575200378707e-06	BIRC6	c15
0.0230493749352702	-0.363033975120532	0.027	0.02	1	PDP2	c15
0.0402973205117874	-0.362989068408145	0.032	0.025	1	EID3	c15
0.127293843477519	-0.362775093194762	0.014	0.01	1	ZNF354C	c15
0.901272222334484	-0.362772819282367	0.01	0.01	1	C17orf53	c15
0.000177905587479284	-0.362389187998577	0.456	0.373	1	RGS1	c15
0.00016314506373672	-0.362356769677863	0.292	0.227	1	PTBP3	c15
0.0347083194563082	-0.36232734484306	0.014	0.01	1	ABCD1	c15
0.000248178392888668	-0.362078980425078	0.397	0.31	1	FAM118A	c15
0.00678932946652506	-0.362055052008639	0.04	0.03	1	ZNF687	c15
0.00772227919777344	-0.361959107124721	0.027	0.019	1	NAT1	c15
0.00247621850356162	-0.361615538126384	0.298	0.24	1	RASGRP1	c15
0.00463414403498774	-0.361527208518621	0.3	0.24	1	INPP5K	c15
4.66947458821323e-07	-0.361493285721365	0.322	0.24	0.0156604838739495	LUC7L	c15
0.000671120625218439	-0.361293513110768	0.085	0.065	1	FAM199X	c15
8.19107251465194e-12	-0.361292224175186	0.223	0.155	2.74712189996397e-07	USP34	c15
1.87814653984098e-06	-0.361205762562149	0.179	0.133	0.0629892786531868	KIDINS220	c15
2.31205501423923e-05	-0.361158520029342	0.191	0.146	0.775417010675553	SPATA13	c15
0.00478834116466398	-0.36099227499236	0.03	0.021	1	SIDT2	c15
0.00075564175635536	-0.360989607265648	0.164	0.13	1	ERCC5	c15
5.98677995092694e-09	-0.360817976525518	0.285	0.208	0.000200784625994188	BRD9	c15
2.82386395273031e-09	-0.360815532054505	0.42	0.308	9.4706749246669e-05	OGA	c15
0.00454629655416219	-0.360723278292408	0.034	0.025	1	RDH13	c15
4.23037060725008e-06	-0.360369683096626	0.085	0.059	0.141878169425953	ZNF44	c15
1.9650835238968e-05	-0.360309785452448	0.196	0.15	0.659049712244507	FOXJ3	c15
0.000106654713556235	-0.360243119371888	0.154	0.118	1	ZHX2	c15
0.000193971577810511	0.359982720225129	0.016	0.008	1	NFIA	c15
4.51428257214028e-09	-0.359980924817801	0.262	0.189	0.000151400008904441	NXF1	c15
3.60121413903189e-07	-0.359953158098122	0.134	0.096	0.0120777519794852	HERC4	c15
2.37408779870932e-08	-0.359759257256444	0.114	0.078	0.00079622156593113	TRIM56	c15
0.000160846283312936	-0.359755781426399	0.074	0.054	1	C2CD3	c15
2.3801370367444e-06	-0.359698460132467	0.197	0.148	0.0798250359383335	AHCTF1	c15
0.000263021994820262	-0.359266967048905	0.143	0.112	1	PDZD8	c15
0.00528304948106858	-0.359199759945034	0.216	0.175	1	SNX2	c15
0.0885044457482663	-0.358931697391426	0.02	0.016	1	FAM13A	c15
0.0046047374996525	-0.358890793735712	0.104	0.084	1	GRK6	c15
0.282596131526033	-0.358720378494057	0.407	0.346	1	ATP2B1	c15
1.51714075141765e-07	-0.358704443569491	0.211	0.156	0.00508818665210452	LRBA	c15
0.0322528609781248	-0.358694058292801	0.073	0.061	1	GRK5	c15
0.0044553250799892	-0.358680950744828	0.023	0.016	1	PACS2	c15
0.0850444756223918	-0.358613571115181	0.026	0.02	1	IPP	c15
7.46563046837823e-05	0.358140573192199	0.014	0.007	1	AL139099.1	c15
0.00313096950531001	-0.358056853618467	0.281	0.226	1	GATA3	c15
2.62699937085047e-05	-0.358013729557877	0.155	0.117	0.881043048995832	MED29	c15
0.208733888449594	-0.358005418312531	0.491	0.425	1	DCXR	c15
0.000196962335029055	-0.357968919669323	0.127	0.098	1	RNF14	c15
0.000784994888229662	0.357793660546571	0.01	0.005	1	PPT2	c15
7.76450071656955e-05	-0.357762982758295	0.064	0.045	1	SIRT3	c15
0.00510447251968497	-0.357649346589229	0.066	0.051	1	PUS7L	c15
1.43366751238314e-10	-0.357647409709212	0.149	0.101	4.80823410303057e-06	RNPC3	c15
1.62121315155858e-06	-0.357313547290057	0.132	0.096	0.0543722466769717	PRKD2	c15
1.22521625683684e-07	-0.35708986242721	0.788	0.694	0.00410913028217938	BRD2	c15
0.076994454828772	-0.356875652868539	0.027	0.021	1	SLC22A18	c15
1.36490167890491e-06	-0.356725721542427	0.163	0.121	0.0457760725071129	TCOF1	c15
1.44468324887251e-07	-0.356645919077542	0.129	0.091	0.00484517868006863	SKIV2L	c15
1.54804964641737e-06	-0.356609212881462	0.123	0.088	0.0519184890415458	DENND4C	c15
0.217724688886112	-0.35619057255312	0.439	0.398	1	PRF1	c15
6.74317945817341e-05	-0.35617996369262	0.727	0.622	1	FAM177A1	c15
0.00010780246160301	-0.356133898893299	0.073	0.052	1	SLC9A6	c15
0.00682615804689118	-0.356079147635451	0.23	0.187	1	CHCHD7	c15
0.00120220043531803	-0.356027789991856	0.018	0.011	1	NOTCH2NL	c15
0.241585496772928	-0.355659830108248	0.412	0.372	1	CHST12	c15
4.37381084273244e-05	-0.3555866489298	0.127	0.096	1	VPS11	c15
2.1633913058868e-79	-0.35547903190785	0.999	0.971	7.25558176168315e-75	UBC	c15
0.335582474951718	-0.355455423745286	0.033	0.029	1	PRIM1	c15
0.194261383896778	-0.355424129559766	0.018	0.015	1	CISH	c15
0.00204865526061874	-0.355238884667457	0.114	0.091	1	TCP11L2	c15
0.000956410943224342	-0.355084587474158	0.07	0.053	1	MAN2B2	c15
4.56683131157907e-07	-0.355053755263339	0.183	0.135	0.0153162388527739	MBTPS1	c15
1.17766320270239e-23	-0.354860609348224	0.893	0.825	3.94964684922327e-19	PNRC1	c15
0.0959820454257206	-0.354794712855544	0.459	0.375	1	CAMK4	c15
1.21590707299696e-05	-0.354523280337338	0.072	0.05	0.407790914141719	PHF10	c15
4.56437607313946e-05	-0.354099344036119	0.171	0.132	1	HIVEP2	c15
9.49668761509321e-05	0.354077870312794	0.017	0.009	1	AC090825.1	c15
0.890644962480217	-0.353928649871606	0.34	0.3	1	IL2RB	c15
9.55418167161218e-07	-0.35390963328728	0.089	0.062	0.0320428144902529	ITPR3	c15
0.0588455250952027	-0.353627592322855	0.025	0.019	1	ZNF761	c15
0.000220221826941978	-0.353363905084085	0.11	0.084	1	EXOC3	c15
5.59643533981025e-06	-0.353357192306991	0.089	0.063	0.187693248426556	TNRC18	c15
1.49202865629677e-05	-0.353347115689396	0.044	0.028	0.500396570748811	RELL2	c15
3.44401517567501e-05	0.35326497008801	0.014	0.006	1	PSMG3-AS1	c15
7.77094279628787e-06	-0.353144711451651	0.3	0.229	0.260621879501903	DNM2	c15
0.00023891363679142	-0.353062368053584	0.081	0.06	1	ZNF302	c15
1.98284803952471e-05	0.352856298979477	0.015	0.007	0.665007575495798	HES6	c15
1.6746942462245e-06	0.352703834262449	0.023	0.012	0.0561658956298771	AC002467.1	c15
0.000267913939653808	0.352510672445679	0.016	0.009	1	ARMCX2	c15
0.00271074912889797	-0.352299059250273	0.052	0.039	1	IFT80	c15
9.24968971435363e-06	0.352149275902974	0.025	0.014	0.310216093639992	VPS37C	c15
0.000371619915913883	-0.352136457034868	0.196	0.154	1	THAP7	c15
0.0065481846771854	-0.352011097757253	0.039	0.029	1	AC007952.4	c15
0.000202029750925363	-0.351817652009384	0.039	0.026	1	CLCN6	c15
0.0451135769029876	-0.351632496289404	0.031	0.024	1	ZNF566	c15
1.8652342927144e-07	-0.351511377149215	0.064	0.041	0.00625562277090556	MIGA2	c15
0.134925840219999	-0.351277530678018	0.01	0.008	1	MAP3K7CL	c15
5.01721432728584e-06	0.351000916092894	0.016	0.008	0.168267334108512	NPHP1	c15
0.000270400357480329	-0.350782290633958	0.116	0.089	1	ADA	c15
2.00409404278648e-06	-0.350723915474105	0.145	0.107	0.067213306006973	WDR37	c15
0.010479548132061	-0.350521254056851	0.016	0.01	1	SLC38A7	c15
4.21890535156833e-05	-0.35030401758623	0.4	0.31	1	ARAP2	c15
1.8560340708077e-05	-0.350065172969569	0.102	0.075	0.622476706667488	WASHC2A	c15
0.000609340428236441	-0.349575847091376	0.973	0.932	1	MT-ATP8	c15
0.0192625877236085	-0.349408361893888	0.025	0.018	1	COA7	c15
0.00187600470351002	-0.349388098317543	0.205	0.164	1	OTULINL	c15
3.40787658126375e-06	-0.349084231061151	0.27	0.203	0.114293364782424	ZNF131	c15
3.66747030404748e-07	-0.349052201871161	0.124	0.088	0.0122999619057144	ZNF431	c15
0.00622547956530757	0.348848514317339	0.011	0.006	1	RCAN1	c15
6.59019407096891e-05	-0.34876706356005	0.087	0.064	1	ORC2	c15
0.0156459856358962	-0.348766133423478	0.048	0.037	1	SLC9A3	c15
1.37535800445285e-07	-0.348734343884582	0.121	0.085	0.00461267567533396	CDK5RAP1	c15
0.000101642197030636	-0.348615265749017	0.091	0.067	1	AKAP1	c15
0.0439314393074706	-0.348537764517627	0.032	0.025	1	GHDC	c15
0.0339845061907874	-0.34843296620141	0.041	0.032	1	ZSCAN26	c15
0.00245439561439766	-0.34840777177233	0.032	0.023	1	KLC4	c15
0.00050982643815837	-0.348238582573754	0.033	0.022	1	LINC00265	c15
1.36940143931878e-06	-0.348178650328034	0.068	0.045	0.0459269854718734	PEX1	c15
0.00552969018240246	-0.348104069690863	0.057	0.044	1	LIN54	c15
0.058698725578807	-0.348040961450525	0.505	0.397	1	PRPF38B	c15
0.0519702427051827	-0.347718277992576	0.013	0.009	1	NAGLU	c15
2.90390347007731e-10	-0.347712484509748	0.105	0.068	9.73911145794527e-06	KDM4B	c15
0.0257799326497689	-0.347626973375782	0.252	0.209	1	SLC1A5	c15
0.0137672143485496	-0.347511311628529	0.207	0.173	1	SLAMF1	c15
7.80844445254604e-10	-0.347460098539969	0.148	0.101	2.61879610049489e-05	VTI1A	c15
0.000188994302163951	-0.347449864127491	0.123	0.094	1	ZBTB24	c15
2.10587800604026e-05	-0.347437362565544	0.07	0.049	0.706269365665783	TULP4	c15
0.00447616857900326	-0.347354817387661	0.072	0.056	1	SIGMAR1	c15
3.47403081422296e-05	-0.347347486344658	0.267	0.204	1	RPS6KB2	c15
0.0256820600559749	-0.347308325719519	0.038	0.03	1	HSPA14	c15
0.00042806536003384	-0.347256563521988	0.189	0.15	1	ODF2	c15
0.00198028587772839	0.347045446038488	0.01	0.005	1	SPATA1	c15
0.00876720569710371	-0.347025072613963	0.12	0.099	1	BMF	c15
0.000491592452542618	-0.346898780181948	0.209	0.165	1	ASCC2	c15
6.11200943403701e-05	-0.346755245873832	0.076	0.055	1	LONP1	c15
8.8909893338436e-07	-0.346731866558185	0.164	0.12	0.0298186000278447	APPBP2	c15
0.00109482446478544	-0.346717941012713	0.034	0.023	1	MAPK8IP1	c15
0.00362829025507128	-0.346532575235021	0.184	0.149	1	LENG1	c15
4.70175214197651e-06	-0.346163287334378	0.161	0.12	0.157687363337608	MTMR6	c15
0.0310067122740898	-0.346159447563529	0.027	0.02	1	APTR	c15
9.37260719438706e-07	-0.346133441549787	0.095	0.066	0.0314338500085353	KDM4C	c15
0.0180324092019441	-0.346066644773804	0.481	0.455	1	CXCR6	c15
1.58244044515481e-07	-0.346022155429201	0.1	0.069	0.00530718876496019	SNX13	c15
0.00051547900780011	-0.34595434539773	0.509	0.399	1	DDX17	c15
2.28591394975971e-06	-0.345879460087942	0.124	0.09	0.0766649820470412	ZNF654	c15
3.53878301578876e-05	-0.345797663382841	0.054	0.037	1	CCZ1	c15
6.10685812174308e-07	-0.345572231729266	0.094	0.065	0.0204811807687019	CDK10	c15
2.72126885976364e-05	0.345394153941095	0.018	0.01	0.912659150187531	ITFG2-AS1	c15
3.57374052003834e-06	-0.345351571536435	0.084	0.059	0.119856109561046	TAMM41	c15
0.0960188617698451	-0.345230953685031	0.617	0.526	1	SLC38A1	c15
0.00539740738050414	-0.345197368256809	0.073	0.057	1	ZC3H6	c15
1.72439141824987e-08	-0.34516830653608	0.128	0.089	0.00057832639385264	UBE2O	c15
0.057538773381108	-0.345075001404883	0.028	0.022	1	TMEM155	c15
4.36422683615403e-08	-0.344961037738419	0.147	0.104	0.00146367439630934	MTR	c15
1.38816943216456e-06	-0.3449443937405	0.081	0.055	0.0465564264159351	HEATR5B	c15
0.000181979575456958	-0.344685722314275	0.136	0.105	1	ABHD3	c15
0.0126475529025414	-0.344249386360804	0.167	0.138	1	BORCS6	c15
4.51217479637454e-06	-0.344156742565776	0.234	0.178	0.151329318320809	METRNL	c15
3.27031997574839e-05	0.344153889416769	0.014	0.006	1	ATG4C	c15
0.00101312710217167	-0.344150026156409	0.142	0.113	1	ZBTB17	c15
0.0451447217981842	-0.344042719112375	0.032	0.025	1	ZNF66	c15
0.0109138267121316	-0.343862734912411	0.033	0.025	1	RAB30-AS1	c15
0.0366458658554339	-0.343774598812599	0.497	0.409	1	STMN1	c15
9.30645106107741e-08	-0.34377149727547	0.162	0.117	0.00312119755686414	ARID2	c15
0.000143197880432046	-0.343646093967525	0.115	0.088	1	KLHL20	c15
0.227020629593705	-0.343506272827206	0.028	0.024	1	ABHD11	c15
0.120514356456503	-0.343382181066914	0.018	0.014	1	ZNF236-DT	c15
4.40479351957197e-06	-0.343251682759126	0.213	0.162	0.147727965059405	VPS36	c15
0.000105869793743862	-0.343250838415677	0.175	0.136	1	C6orf136	c15
0.0891375798861765	-0.343035155566693	0.386	0.319	1	PHF20	c15
0.000457993739556896	-0.343024627474304	0.223	0.178	1	TUT7	c15
1.20314207485185e-06	-0.342828581707135	0.076	0.052	0.0403509789063813	FAM160B2	c15
6.08201471452154e-08	-0.342702484603267	0.163	0.117	0.00203978609495624	IRAK4	c15
0.0812687673651111	-0.342701329623022	0.025	0.019	1	CACNB1	c15
2.45465010313767e-05	-0.342662738393847	0.209	0.161	0.823240551590312	RNF38	c15
0.00031466837425871	-0.34250967362319	0.413	0.326	1	ANKRD11	c15
0.0075120628402203	-0.342457222060421	0.03	0.022	1	SLC38A6	c15
1.70837583914235e-11	-0.342287485322399	0.742	0.668	5.72955088931563e-07	HLA-DPB1	c15
0.0599995467308366	-0.342262572467252	0.028	0.022	1	OMA1	c15
0.00093834249343634	0.342188818174098	0.011	0.006	1	AC104986.2	c15
0.043905986038579	-0.341971522144718	0.052	0.043	1	FAM83G	c15
0.000365737455143096	-0.341634246078665	0.103	0.079	1	ZNF350	c15
0.0103288815676696	-0.341574032512947	0.018	0.012	1	KAT2A	c15
0.128307386343517	-0.341381181019673	0.744	0.616	1	DUSP2	c15
0.00159035399113298	0.341367349813651	0.011	0.006	1	GLDC	c15
0.000119866875201617	-0.341298879936918	0.06	0.042	1	SMPD2	c15
4.35585333975525e-05	0.34129738371557	0.023	0.013	1	THNSL1	c15
0.0106200740803306	-0.341271136524691	0.061	0.048	1	HINT3	c15
0.000295580368298149	-0.341204556977672	0.242	0.19	1	ZNF148	c15
0.291636251527224	-0.341057950738485	0.414	0.339	1	CHIC2	c15
0.894118651739395	-0.341020407332482	0.377	0.332	1	EVI2A	c15
0.0708979169409834	0.340993460675726	0.026	0.02	1	TRDV1	c15
0.000567944115698637	-0.340854060655294	0.091	0.07	1	NRDE2	c15
0.0384248948835748	-0.340816099206934	0.02	0.014	1	ADAL	c15
2.95243133373431e-05	-0.3407266540898	0.139	0.105	0.990186420707813	RCOR3	c15
0.00629215585816557	-0.340451789287107	0.234	0.19	1	TSPYL1	c15
0.0751205652883023	-0.340254962793568	0.568	0.479	1	C9orf78	c15
0.0172718170231356	-0.340116152803372	0.051	0.04	1	ARHGEF19	c15
3.34288489791281e-06	-0.340039428585213	0.052	0.033	0.1121136737062	AC005261.1	c15
4.01501716899465e-06	-0.339983603585817	0.124	0.09	0.134655645813743	ZNF84	c15
4.89601238829194e-07	-0.339844420105512	0.176	0.13	0.0164202463478535	THUMPD3-AS1	c15
4.58110675640042e-05	-0.339815003130364	0.127	0.096	1	RBM14	c15
3.32037399547359e-06	-0.339391503310055	0.098	0.07	0.111358703060193	UBP1	c15
5.14322188821501e-06	-0.339283266291128	0.286	0.218	0.172493375686955	HELZ	c15
4.03702171041347e-06	-0.339268486103427	0.361	0.274	0.135393634123847	JMJD1C	c15
0.000878863835149994	-0.339027951887483	0.105	0.082	1	CENPM	c15
7.76349456318533e-05	-0.339004236891217	0.187	0.144	1	BCL10	c15
7.26662043670761e-08	-0.338917792786765	0.234	0.171	0.002437079162063	USP33	c15
4.84122087246744e-06	-0.338899267540005	0.067	0.046	0.162364865620813	ZNF83	c15
0.00457782692630557	-0.338870147273254	0.066	0.051	1	DBR1	c15
0.0196408549438924	-0.338836014081085	0.415	0.332	1	YTHDC1	c15
0.000482445615911197	-0.338706485751826	0.07	0.052	1	AC058791.1	c15
1.95653936728111e-09	-0.338514756172452	0.282	0.204	6.56184172998739e-05	RBM33	c15
0.000607049592235676	-0.338276791117102	0.229	0.181	1	UGP2	c15
0.00630232406109689	-0.338252731008934	0.177	0.145	1	PRKACB	c15
0.00347445452229663	-0.33823237092598	0.03	0.021	1	C16orf58	c15
8.49647671491154e-05	0.337925601012373	0.014	0.007	1	MBTPS2	c15
1.20301949759657e-05	-0.337858801602275	0.193	0.146	0.403468679103937	ABTB1	c15
4.66647730644944e-06	-0.337850468353918	0.15	0.113	0.156504315903701	RIPOR2	c15
1.44125307263851e-15	-0.33783065634585	0.834	0.752	4.83367455501505e-11	ITM2B	c15
0.00167518096791163	-0.337798233839541	0.116	0.092	1	ATG9A	c15
3.0485910144933e-05	-0.337685873855191	0.267	0.205	1	CDC40	c15
9.41604494717956e-05	0.33760159240203	0.018	0.01	1	MBOAT2	c15
1.28895767887385e-05	-0.33754666202897	0.158	0.119	0.432290626340712	ELAC2	c15
0.0423240615479962	-0.337538546893851	0.017	0.012	1	KRBA2	c15
0.0149920518777017	-0.337492945133562	0.024	0.017	1	DCUN1D2	c15
5.72125433598605e-05	-0.33738204102275	0.187	0.144	1	NAGK	c15
6.86803047165703e-08	-0.336992872948017	0.23	0.169	0.00230340005958433	MED13	c15
8.73230213977749e-09	-0.336949428972905	0.223	0.161	0.000292863949163857	SUCO	c15
7.65170059212385e-05	-0.336927388549678	0.138	0.105	1	SNRK	c15
0.00266391797398775	-0.336832939831157	0.027	0.018	1	ANGEL1	c15
0.122657221156094	-0.336811336314621	0.018	0.014	1	ALDH6A1	c15
0.00114960698757705	-0.336792083700555	0.328	0.259	1	MARS	c15
0.00147335077749272	-0.336769343598462	0.084	0.064	1	EIF5A2	c15
1.43437953412806e-08	-0.336712997514485	0.062	0.038	0.00048106220815587	DENND4B	c15
0.149503278532712	-0.336348540986342	0.015	0.011	1	SLC45A4	c15
3.88768105728504e-08	-0.336233515756531	0.193	0.14	0.00130385047299226	INO80D	c15
3.42680962604471e-07	-0.335852375198435	0.111	0.078	0.0114928341238288	GCN1	c15
0.0249304835964474	-0.335700057332841	0.012	0.008	1	DHRS3	c15
0.000100490856653311	0.335163534518924	0.027	0.016	1	MFHAS1	c15
1.5244833275267e-06	-0.334856961205373	0.236	0.177	0.0511281218385903	PPP6R3	c15
2.15153222285431e-05	-0.334471916202682	0.231	0.179	0.721580876900877	PFKFB3	c15
5.30589639351391e-05	0.334003719393359	0.013	0.006	1	ZNF223	c15
0.00330321710832093	-0.333992295563749	0.063	0.048	1	LSR	c15
4.92132803909964e-08	-0.33396558254286	0.205	0.15	0.00165051499775324	DOCK10	c15
0.0188874599755429	-0.333886552796712	0.04	0.031	1	GANC	c15
0.000616665326093844	-0.333789612327444	0.065	0.048	1	ABCD3	c15
0.000312567098546756	-0.33368664901765	0.062	0.045	1	SLC9A9	c15
0.000212440387586788	-0.333549637554869	0.103	0.078	1	USF3	c15
0.00461432411890659	-0.333479530328566	0.019	0.013	1	USP31	c15
2.37682179612051e-07	-0.33346455448979	0.201	0.148	0.00797138493982895	CYBC1	c15
0.217081975513011	-0.333391615069586	0.011	0.009	1	CCDC146	c15
0.00041180305990453	-0.333144929728507	0.14	0.11	1	TXLNG	c15
0.00133341789535501	-0.333114255569116	0.084	0.065	1	NUP88	c15
0.0137787425084021	-0.332871410105258	0.071	0.057	1	SAC3D1	c15
2.71152645940603e-11	-0.332837797935203	0.176	0.119	9.09391743955593e-07	SDR39U1	c15
9.04552102810396e-06	-0.332718405367732	0.229	0.174	0.303368684240551	PIP4P1	c15
0.0163250722958628	-0.332669311847085	0.415	0.332	1	PHF3	c15
0.0367400851294876	-0.33261595376729	0.02	0.015	1	GLI4	c15
0.00993510360353562	-0.332521113240053	0.041	0.031	1	MTERF1	c15
0.000262003689334194	-0.332512274973065	0.285	0.224	1	PPP4R3B	c15
6.58315488076916e-05	-0.332481762216295	0.059	0.042	1	HKR1	c15
0.050266776342744	-0.332411053076894	0.027	0.021	1	MCTP2	c15
5.68846192217276e-06	-0.332386419837117	0.201	0.152	0.19077963594583	E4F1	c15
0.00303485672528842	-0.332297534405194	0.028	0.019	1	MTMR8	c15
0.00469160872644082	0.332239215803655	0.016	0.01	1	CDC20	c15
0.00843199128259077	-0.332182693977525	0.08	0.064	1	LIN7C	c15
0.00915783722068002	-0.332137888012505	0.336	0.273	1	GALM	c15
9.12941948317401e-05	-0.332122788119822	0.068	0.049	1	ZNF529	c15
0.00311134172178927	-0.332101985020497	0.03	0.021	1	TOGARAM2	c15
0.000813095192211842	-0.332092384173638	0.091	0.07	1	DDX55	c15
7.22591301379708e-10	-0.331976701381051	0.221	0.158	2.42342670656727e-05	UBR5	c15
3.37370007578722e-05	-0.331961791314989	0.386	0.299	1	BPTF	c15
0.0367909984210655	-0.331928894743788	0.027	0.021	1	ZMYM1	c15
2.53436714259584e-08	-0.331835980808979	0.064	0.04	0.000849976052283794	ZFYVE16	c15
0.0661483273408779	-0.331829604074173	0.045	0.037	1	LPAR5	c15
6.52918973237888e-12	-0.33172142018406	0.125	0.081	2.18975965244523e-07	RYR2	c15
0.00155411694903732	-0.331641484996666	0.078	0.06	1	NT5C2	c15
4.19613543408564e-05	-0.3315842738223	0.098	0.072	1	PRKCI	c15
3.35176603766888e-12	-0.331534552475672	0.218	0.15	1.12411529371339e-07	VPS13C	c15
0.000488922594600414	-0.331479870999819	0.098	0.075	1	AIM2	c15
0.0002969214011069	-0.331433089463262	0.039	0.026	1	PPP1R12B	c15
0.00267961192937724	-0.331360217378209	0.204	0.165	1	SGF29	c15
6.24703046216159e-05	-0.331335489953289	0.071	0.051	1	TTBK2	c15
0.00978398226217351	-0.331326551962655	0.025	0.018	1	LMO7	c15
0.00844892175881611	-0.331325926705634	0.016	0.01	1	AC005261.3	c15
0.000512711137538561	-0.331177396228973	0.051	0.037	1	TRMT13	c15
0.220926031536214	-0.330487697518266	0.013	0.01	1	AP004609.3	c15
4.54846522550802e-05	-0.330435151440382	0.283	0.22	1	MAP4K1	c15
2.30720769004166e-07	-0.330335049603572	0.057	0.035	0.00773791315086172	KIAA0753	c15
1.83830197605885e-05	-0.32995758056153	0.068	0.047	0.616529716730616	FOXP4	c15
0.00774677057159544	-0.32989568329465	0.03	0.022	1	ALAD	c15
0.00237712451550621	-0.32983806097198	0.414	0.323	1	SEPT1	c15
0.30649638920149	-0.329576353611621	0.462	0.381	1	EMB	c15
8.28117908369289e-05	-0.329422326319573	0.147	0.113	1	SPTLC2	c15
0.00944983720268399	-0.329404719038461	0.025	0.017	1	NPIPA1	c15
2.61733479638135e-06	-0.329342460978506	0.122	0.089	0.0877801744010377	ZCCHC7	c15
1.08215826496853e-05	-0.3293263510724	0.194	0.148	0.362934238905146	USP42	c15
9.81104323578207e-11	-0.329096919709243	0.23	0.162	3.29042768041659e-06	TP53BP1	c15
0.00327880539837543	-0.329072580271855	0.045	0.033	1	APPL2	c15
6.73425493140024e-05	0.329012533521436	0.022	0.013	1	TRAV29DV5	c15
0.000443235223438928	-0.328909639668729	0.058	0.042	1	MRI1	c15
2.57013250497252e-06	0.328904776735915	0.018	0.008	0.0861971039517684	ZNF529-AS1	c15
0.000161325852063738	-0.328904265637616	0.169	0.132	1	MTERF4	c15
0.000145032287372068	-0.328880225784655	0.814	0.717	1	HLA-DRB5	c15
0.0479613074403099	-0.328767776215178	0.014	0.01	1	DGCR6	c15
1.96784413043121e-07	-0.32868683772915	0.114	0.08	0.00659975564464019	DLG1	c15
2.76096144982008e-06	-0.328507625912975	0.179	0.133	0.0925971251040658	FBXO3	c15
0.388536087338286	-0.328370287643925	0.053	0.048	1	SPON2	c15
0.0522913841339664	-0.328353976988888	0.015	0.011	1	CCDC61	c15
0.0110311075856982	0.328328883396813	0.01	0.006	1	MPND	c15
0.00018236738823147	-0.328257050529623	0.148	0.115	1	INO80	c15
0.00105087183964786	-0.328106708953551	0.024	0.016	1	PMCH	c15
0.000952652060473498	-0.327839385260792	0.065	0.049	1	HMBOX1	c15
0.0034750656614306	-0.327782504172879	0.078	0.061	1	HPF1	c15
0.00186057442218226	-0.327754891620386	0.071	0.055	1	ARMH3	c15
0.00521519711605309	-0.32774848458584	0.026	0.018	1	PDSS2	c15
0.249063369985992	-0.327701253097485	0.013	0.01	1	AC105446.1	c15
0.000193156424368917	-0.327686050941599	0.471	0.366	1	AGO2	c15
1.49569275055426e-05	0.327570417229484	0.018	0.009	0.501625434680889	RPP25	c15
0.00834728319588828	-0.327525941553607	0.016	0.01	1	NEURL4	c15
2.08050765564659e-08	-0.327480684058944	0.267	0.196	0.000697760657550753	TTC17	c15
0.00151957792745999	-0.327409511231056	0.158	0.127	1	GTPBP1	c15
0.000732027993376102	0.32712562490773	0.015	0.009	1	DHFR2	c15
0.00041352080129057	-0.327106190858777	0.068	0.051	1	ATL2	c15
3.17046619505653e-05	0.326896272584527	0.011	0.005	1	AC242426.2	c15
0.00412350780930297	-0.32688720037589	0.41	0.322	1	NOP56	c15
2.54992793152288e-10	-0.326790305909986	0.164	0.113	8.55194829674143e-06	TRIM33	c15
1.01186165523406e-06	-0.326750021115324	0.093	0.065	0.0339358161932399	EEFSEC	c15
7.70727411668545e-05	-0.326748870659556	0.11	0.083	1	NXPE3	c15
0.00270622538326026	-0.326704629475684	0.092	0.073	1	ZNF766	c15
1.48747680186757e-06	-0.326564182010914	0.1	0.071	0.0498869969810346	RCOR1	c15
7.47327849308143e-05	-0.326545362982352	0.091	0.067	1	ATXN7L3	c15
0.000207981933366978	-0.326470423789542	0.086	0.064	1	ZNF324	c15
0.00503336471539273	-0.326415338341874	0.064	0.05	1	DLGAP1-AS1	c15
2.33177792655036e-06	-0.326269849232188	0.054	0.035	0.0782031681006461	TECPR1	c15
4.58223555055964e-08	-0.32626116379604	0.075	0.049	0.00153679015894669	CLCN7	c15
2.2590772622704e-05	-0.326110820452663	0.091	0.066	0.757649332220246	INTS4	c15
2.81981386899899e-07	-0.325707396269364	0.224	0.168	0.00945709175384882	RAPGEF1	c15
7.66654164432236e-05	-0.325690739336498	0.106	0.079	1	HINFP	c15
4.12699918494455e-07	-0.325672293830522	0.105	0.073	0.013841129866467	PIGG	c15
0.00690836778145265	-0.325668567835156	0.426	0.34	1	SAFB2	c15
0.00233243353525503	-0.325385020825156	0.143	0.115	1	CUTC	c15
0.00175971546075866	-0.325051950357923	0.172	0.138	1	DGCR6L	c15
7.74257588244833e-07	-0.32479561477396	0.094	0.065	0.0259670509945552	TBC1D9B	c15
0.0537979550870438	-0.324679808781715	0.015	0.011	1	SYCP2	c15
5.11372090414017e-06	-0.324216658996043	0.085	0.06	0.171503971683053	NAPRT	c15
0.00574203279010657	-0.324142213961425	0.032	0.023	1	ELP4	c15
5.03438611542202e-06	-0.32413603044823	0.058	0.038	0.168843241539024	LRIG2	c15
1.43889219225164e-07	-0.324100870332607	0.094	0.064	0.00482575663437354	ANAPC7	c15
0.000246228524015393	-0.323752461102485	0.031	0.02	1	CCDC142	c15
0.0497595896298118	-0.323571959291607	0.017	0.012	1	AL590006.1	c15
9.62833038397036e-05	-0.323526796555289	0.248	0.195	1	BBX	c15
1.08655383527642e-07	-0.323469467451261	0.177	0.129	0.00364408425275006	PARP4	c15
4.8804287430962e-08	-0.323296507010571	0.145	0.103	0.0016367981918596	CBFA2T2	c15
0.663477489289407	-0.323118457857946	0.536	0.445	1	MPHOSPH8	c15
0.0260676260267655	-0.323114674835322	0.015	0.01	1	ZNF674-AS1	c15
4.83398271759717e-08	-0.323113482151467	0.111	0.076	0.00162122112382774	FAM193A	c15
0.0366291492294631	-0.322786382534045	0.014	0.01	1	SKAP2	c15
0.000977059167650605	-0.322771981432777	0.271	0.216	1	ZFAND2B	c15
1.18265909904369e-05	0.322661850248219	0.016	0.008	0.396640208637271	LSM11	c15
1.67481701549819e-06	0.322554615878072	0.015	0.007	0.0561700130657784	AL121832.2	c15
9.9014197099809e-05	-0.322520582351989	0.089	0.065	1	FAM122C	c15
8.19648653157958e-09	-0.322498757594739	0.127	0.087	0.000274893765296116	MYO5A	c15
0.0110604497006395	-0.322302785639986	0.024	0.017	1	AMPD3	c15
0.000355148067136913	-0.322283750043425	0.234	0.184	1	DCK	c15
2.51111132261299e-05	-0.321916482091952	0.705	0.637	0.842176515377944	CLEC2B	c15
0.258337884516114	-0.321641931777136	0.008	0.011	1	MYBL2	c15
0.00302191377966135	-0.321573900063454	0.039	0.028	1	TGFBRAP1	c15
3.97195151551858e-09	-0.32136857207567	0.165	0.116	0.000133211309927462	TIAM1	c15
0.000221682022335499	-0.321286470724998	0.161	0.125	1	NSL1	c15
0.0142312370869752	-0.321252701490187	0.012	0.007	1	AC064807.1	c15
7.3532550224498e-06	-0.321233028159076	0.238	0.184	0.246613466942921	MIS18BP1	c15
0.324577552240085	-0.321199363644381	0.489	0.398	1	HNRNPH3	c15
1.41960399108806e-10	-0.321173939903644	0.152	0.104	4.76106786531113e-06	NSD2	c15
0.0214658174123795	-0.321136948980994	0.033	0.025	1	IQSEC1	c15
5.59544912218866e-06	-0.321121376075777	0.284	0.218	0.187660172659963	CPD	c15
7.16605586892438e-08	-0.321110669361905	0.059	0.037	0.00240335181731986	GATD1	c15
0.00067807144402065	-0.320970027380071	0.073	0.055	1	IDH1	c15
0.101395121717403	-0.320775332999705	0.015	0.011	1	HEMK1	c15
2.82736700184682e-06	-0.320692059891173	0.109	0.078	0.0948242345079386	DDX10	c15
0.0168181863325249	-0.320680096361308	0.017	0.011	1	ZNF169	c15
0.0362405765521548	-0.320668090230316	0.019	0.014	1	GAA	c15
0.0097862008408519	-0.320216368801985	0.402	0.321	1	RSBN1L	c15
2.51941574305755e-06	-0.32017540429914	0.146	0.108	0.0844961651906643	DCAF5	c15
0.000609781937684627	0.320156779773255	0.011	0.005	1	NT5DC3	c15
4.96757992112993e-07	-0.320015336317467	0.2	0.147	0.0166602695394856	JADE2	c15
0.000121225098307116	0.320015267026578	0.012	0.006	1	SLC27A1	c15
1.73738826829114e-14	-0.319991516732421	0.81	0.73	5.82685277419481e-10	CORO1A	c15
0.000112322477748193	-0.319795537956277	0.12	0.091	1	COPS7B	c15
0.000560273400715326	-0.319690910749973	0.025	0.016	1	POMT2	c15
1.61057018249271e-05	-0.319658751907962	0.057	0.038	0.540153027804407	AGO1	c15
0.00054902727080644	0.319651978445544	0.013	0.007	1	RASA4B	c15
0.0310909833854103	-0.319628600427972	0.019	0.014	1	AC079341.1	c15
0.263582139792651	-0.319531996849019	0.021	0.018	1	AC027290.1	c15
1.48148857395118e-08	-0.319376926506421	0.118	0.081	0.000496861637931747	ANGEL2	c15
0.0384962461342267	-0.31936404817566	0.035	0.027	1	EPOR	c15
1.72344247015062e-07	-0.31916449629295	0.107	0.074	0.00578008135639113	DGCR8	c15
0.000946739184177341	-0.319153411319449	0.075	0.057	1	AHDC1	c15
0.0143819737288535	-0.319140324918137	0.259	0.213	1	SVIP	c15
0.00620309447385861	-0.319136585577246	0.085	0.068	1	FAM200B	c15
4.66938664857363e-05	0.31911573245345	0.019	0.01	1	SLC16A11	c15
0.000183315977039096	-0.319000059383077	0.068	0.049	1	NUP35	c15
8.89828143971971e-05	-0.318838267089011	0.28	0.22	1	YBX3	c15
0.00252132211351231	-0.318756456746537	0.317	0.253	1	PNP	c15
0.00378152090120336	-0.318692670858393	0.034	0.025	1	DSE	c15
2.21965403825583e-05	-0.318491796052119	0.309	0.236	0.74442757135024	PUM1	c15
2.68463448181464e-05	-0.318428461706392	0.045	0.029	0.900372712510993	RABL2B	c15
0.00327596094782323	-0.318402452901526	0.052	0.04	1	TATDN2	c15
0.0374135871794712	-0.318347219154298	0.03	0.023	1	PRIMPOL	c15
0.00116832729130902	-0.318322314265328	0.039	0.028	1	GAMT	c15
1.48160879051539e-05	-0.318083269487952	0.121	0.09	0.49690195616305	TEDC1	c15
0.0779184841142885	-0.318082038153729	0.026	0.021	1	BTBD2	c15
7.5665126601356e-06	-0.3180412438853	0.17	0.129	0.253765701595628	POLR1E	c15
1.89822703381209e-09	-0.318020029547813	0.685	0.634	6.366273825999e-05	HSP90B1	c15
0.000282540121524548	-0.318000755459888	0.113	0.087	1	TRIM35	c15
0.161778011935181	-0.317917845080296	0.602	0.539	1	CREM	c15
0.00168756217136456	-0.317861579817044	0.345	0.272	1	MATR3.1	c15
9.66799950791764e-10	-0.317811655262248	0.182	0.128	3.24245367496542e-05	RALGAPB	c15
4.23167289627553e-06	0.317553984651737	0.013	0.005	0.141921845595289	QPRT	c15
2.09369127002719e-06	-0.317523779758082	0.223	0.168	0.0702182178141718	PELO	c15
6.90007378785278e-05	-0.317336459862417	0.114	0.086	1	SCRN2	c15
7.44681639262838e-11	-0.316916893644665	0.183	0.127	2.49751328175971e-06	DMTF1	c15
1.94960052945576e-05	-0.316895978001118	0.061	0.042	0.653857025568874	DSTYK	c15
0.000379597947907133	-0.316845783264912	0.199	0.157	1	TMUB2	c15
0.00015122438986883	-0.316797746327624	0.127	0.098	1	IQCB1	c15
0.000281659768796012	-0.316452370874592	0.229	0.182	1	TIPARP	c15
0.0113007206386593	-0.31632546772273	0.032	0.024	1	HLA-DOA	c15
0.000104558363229077	-0.316324665653109	0.234	0.182	1	TGS1	c15
6.78519000875203e-06	-0.316222895217451	0.097	0.07	0.227561702513526	ORC4	c15
0.00488901315752133	-0.316137632974941	0.06	0.046	1	NHLRC2	c15
5.2595483805069e-05	0.316073403592539	0.025	0.015	1	HSPA2	c15
9.78674882783602e-05	-0.316054514555743	0.042	0.028	1	BBS2	c15
8.19198597898753e-06	-0.315954328825172	0.085	0.06	0.274742825763284	UGGT1	c15
0.000199757232078048	-0.315765851887299	0.182	0.142	1	MYD88	c15
1.3578581307554e-05	-0.315604697267847	0.052	0.034	0.455398459892745	ULK1	c15
0.000144044359145043	0.315501186340263	0.015	0.008	1	NEURL1	c15
3.30371170435171e-05	-0.315403482678618	0.058	0.04	1	ALMS1	c15
0.00362695086034106	-0.315375962323547	0.397	0.319	1	IRF7	c15
0.000435116188412813	-0.315195547958156	0.203	0.16	1	CHURC1	c15
1.7743847883075e-05	-0.315130094433847	0.175	0.134	0.59509317030257	ARRDC2	c15
2.64687177774176e-06	0.315039520295473	0.019	0.009	0.0887707856819033	CCNI2	c15
0.000110203302236152	-0.314630597651401	0.055	0.038	1	CUL4B	c15
1.80474655858929e-06	-0.314549885461935	0.101	0.071	0.0605275900819678	MNT	c15
0.0201667222172947	-0.314406647001463	0.027	0.02	1	ZSWIM3	c15
4.85546918336533e-05	-0.314269171046747	0.112	0.084	1	ZNF263	c15
0.000136100365586664	-0.314132052925942	0.056	0.039	1	KMT2E-AS1	c15
0.00993900648436864	-0.314110541617162	0.65	0.556	1	PSMB9	c15
1.55625624358194e-06	-0.31398058219358	0.141	0.103	0.052193721897251	NR2C2	c15
0.00556394899396697	-0.313930720972214	0.035	0.026	1	RBM12B	c15
1.60621677883199e-08	-0.31392284534661	0.264	0.194	0.000538692983284671	GTF2I	c15
0.0172067346902798	-0.313826347741313	0.033	0.025	1	ZNF155	c15
0.0111645469340068	0.313789384141812	0.025	0.018	1	TRBV5-4	c15
4.37012492037006e-07	-0.313743168843834	0.1	0.069	0.0146565249579371	MTOR	c15
1.61177992635353e-06	-0.313684934406066	0.109	0.078	0.0540558751700447	YTHDC2	c15
1.54091395964384e-08	-0.313456258074218	0.109	0.074	0.00051679172378535	TSC1	c15
9.0177379573555e-06	-0.313386840541834	0.066	0.045	0.302436895613789	ZKSCAN8	c15
0.000596764057651565	-0.313366942906608	0.04	0.028	1	SEPSECS	c15
0.369384058335443	-0.313238401015351	0.783	0.664	1	PPP1R15A	c15
7.70141116468556e-05	-0.313167291721963	0.084	0.061	1	NDUFAF7	c15
7.50178013181798e-05	-0.313090726715888	0.069	0.049	1	ETFRF1	c15
2.53653955332284e-07	-0.312961178224067	0.089	0.06	0.00850704635393414	TBC1D22A	c15
0.112982590391317	-0.312890236878955	0.02	0.016	1	LAMP3	c15
0.000117521586514381	-0.312803930024062	0.083	0.061	1	ATMIN	c15
0.0407173028435061	-0.312704934114632	0.04	0.032	1	NAP1L5	c15
2.91119927906128e-08	-0.312622479557931	0.13	0.091	0.000976358014211573	SLC9A8	c15
0.114937710776905	-0.312258939491276	0.431	0.352	1	SEPT9	c15
0.0194591741951476	-0.312256829331589	0.052	0.041	1	RAD50	c15
1.48614968699896e-05	0.312001320109149	0.018	0.009	0.498424882025711	CREB3L4	c15
0.0730527009431084	-0.311944712147256	0.02	0.016	1	PPCDC	c15
8.34856334138113e-06	-0.311892000638961	0.172	0.13	0.27999411734324	MALT1	c15
7.43922679809104e-07	-0.311760409032375	0.139	0.1	0.0249496788354377	ZBTB44	c15
6.92616655739e-11	-0.311723066929887	0.235	0.165	2.32289774001746e-06	ARIH1	c15
8.86035660892037e-05	-0.311722329707559	0.152	0.117	1	RCHY1	c15
0.00314091591677255	-0.311715744461056	0.052	0.039	1	PIGF	c15
1.57029742729968e-05	-0.311495819724028	0.105	0.077	0.526646351167766	L3MBTL2	c15
4.6120519903698e-07	-0.311402409454248	0.082	0.056	0.0154678999653022	WDR73	c15
0.00281561938667643	-0.311317548523918	0.015	0.009	1	MBOAT1	c15
0.000938384763152052	-0.311133903055181	0.021	0.013	1	Z93930.2	c15
0.0442038087990325	-0.31104186382348	0.015	0.011	1	LINC00115	c15
0.000202938082397434	0.310936073845824	0.016	0.008	1	ZNF441	c15
0.000122542705206384	-0.310852233423167	0.052	0.036	1	AGO4	c15
0.00113496302884559	-0.310739281074859	0.101	0.079	1	BTD	c15
0.14086300219204	-0.310532755966309	0.017	0.014	1	AC009948.1	c15
8.47149653841431e-06	0.310498641616936	0.027	0.015	0.284117050905339	PNPO	c15
1.30109418988947e-05	-0.310471435745134	0.066	0.045	0.43636096940513	ETV3	c15
0.0123013254014139	-0.310344173966476	0.025	0.018	1	CCDC7	c15
0.488354550472564	-0.31030005590606	0.45	0.372	1	RAP1A	c15
0.0117267616820129	-0.310049084395879	0.012	0.008	1	PROCA1	c15
0.00135336271310515	-0.309763426380014	0.081	0.062	1	ZNF134	c15
4.03340154513512e-06	-0.309693204319955	0.089	0.063	0.135272221020742	FASTKD1	c15
0.0183022262616509	-0.309253168508771	0.017	0.011	1	JAM3	c15
0.000586261867857103	-0.309239665812549	0.361	0.283	1	MECP2	c15
0.00114408343877748	-0.30922267694014	0.035	0.024	1	AGBL5	c15
3.75598800134704e-06	-0.30912902531313	0.163	0.122	0.125968325589177	SUPT20H	c15
0.0110036220118955	-0.309119698385512	0.106	0.087	1	PYCARD	c15
0.000404008685159027	-0.30892270995118	0.074	0.055	1	PMS1	c15
0.00543415372422202	-0.308862235530774	0.034	0.025	1	VEGFB	c15
0.000594072473269321	-0.308728453146282	0.695	0.609	1	CD8B	c15
0.00756865810763616	-0.308712122190413	0.134	0.11	1	VAMP4	c15
0.100471849652338	-0.308516242750499	0.455	0.377	1	BTG2	c15
0.00101558817228904	-0.308403704291725	0.044	0.032	1	TMEM161B	c15
0.00146620981629393	-0.308298846067311	0.116	0.092	1	MNAT1	c15
1.83745733491652e-06	-0.30825882344581	0.103	0.073	0.0616246440984303	CLK2	c15
0.000105328357744852	-0.308091046846312	0.77	0.658	1	GNAS	c15
3.72968173736995e-06	-0.307863702171728	0.248	0.187	0.125086066107914	ZNF430	c15
1.08103365215928e-06	-0.307858743780794	0.087	0.06	0.0362557066261181	ATP13A1	c15
0.0583390379593706	-0.30779922391137	0.012	0.009	1	CEP70	c15
3.85705078311964e-12	-0.307671177388966	0.198	0.135	1.29357769164267e-07	EP400	c15
3.6628800759518e-06	-0.30762884130029	0.155	0.116	0.122845671987271	TMEM87B	c15
0.00217348619871128	-0.307612252775253	0.063	0.048	1	ZNF200	c15
0.00252882379435187	-0.307555448230318	0.035	0.025	1	MZF1	c15
0.00663974474748441	0.307058773192973	0.01	0.006	1	IL7	c15
8.87338678051666e-09	-0.306854524153952	0.191	0.137	0.000297595645844968	PHRF1	c15
0.000203229739740551	-0.306849640991242	1	0.998	1	MT-CO2	c15
1.3170754005877e-05	0.306768385771398	0.02	0.011	0.441720747849103	TMSB15B	c15
0.191465422355364	-0.306720170409381	0.014	0.011	1	DUSP7	c15
0.00621804121105912	-0.306604140605827	0.08	0.064	1	UQCC3	c15
0.0160449526583333	-0.306106688041108	0.016	0.011	1	MORC2	c15
5.66648756287213e-05	0.306089898878581	0.018	0.01	1	ALG14	c15
6.10658764256216e-06	-0.305966871251118	0.306	0.231	0.20480273635625	KLHDC2	c15
0.000766561526505132	-0.305872280638904	0.069	0.052	1	PARP16	c15
0.0493443174458486	0.30570021926931	0.014	0.01	1	TRBV15	c15
0.00119670841863614	-0.305358232285506	0.075	0.057	1	INTS13	c15
0.071406562951037	-0.305118166737731	0.538	0.431	1	ADAR	c15
0.000353360328822348	-0.30500931659974	0.134	0.104	1	DYNLL2	c15
3.49027729402027e-05	-0.304991652733968	0.082	0.059	1	NELFB	c15
0.00767824834590175	0.304937147401184	0.01	0.006	1	ZNF547	c15
7.06413294804638e-06	-0.304920551838694	0.221	0.169	0.23691689081158	GIT2	c15
0.0230873411715891	-0.304320777457055	0.025	0.019	1	TMEM79	c15
0.232843490435657	-0.304315187289098	0.498	0.446	1	IKZF3	c15
0.000846350704268331	-0.304223135006603	0.239	0.192	1	AKAP5	c15
0.00120456485610577	-0.303819425954668	0.08	0.061	1	RAP2A	c15
8.64998684299677e-07	-0.303740830334601	0.277	0.207	0.0290103258740426	RABEP1	c15
0.000573189675748409	-0.303711169035705	0.026	0.017	1	CCHCR1	c15
1.31651522156006e-11	-0.303671420335699	0.477	0.344	4.41532875006812e-07	BICDL1	c15
0.000548169694002999	-0.303585052090775	0.7	0.627	1	HLA-DQA1	c15
0.0365534675711046	-0.303511638824831	0.063	0.052	1	ZWILCH	c15
0.000119879886398553	-0.303465602684712	0.138	0.106	1	NCAPH2	c15
5.32785286208336e-05	-0.303040190720948	0.077	0.055	1	C16orf70	c15
0.0056914229505826	-0.302917702389726	0.041	0.031	1	PIK3R3	c15
0.0366963853392071	-0.302747428878222	0.579	0.46	1	ARGLU1	c15
0.00075899003190311	-0.302571046676031	0.066	0.05	1	KIAA2013	c15
9.62538809498396e-08	-0.302501790003188	0.264	0.195	0.00322816265929572	CAPN7	c15
0.00977048403334398	-0.302240064767252	0.038	0.029	1	ZNF329	c15
4.13572765444249e-16	-0.302068911875264	0.89	0.794	1.38704034074692e-11	CD3D	c15
1.0343081464757e-06	-0.302020954523177	0.121	0.087	0.0346886266165021	BAP1	c15
6.95429215476749e-05	-0.301874603849013	0.166	0.128	1	SHLD2	c15
0.174580020689035	-0.301823711345034	0.018	0.014	1	SIRT5	c15
0.000440519901220172	-0.301734629931325	0.053	0.038	1	FBXL4	c15
0.185158045456767	-0.301157324342275	0.011	0.009	1	MBLAC1	c15
0.0295437696303998	-0.301041165938271	0.015	0.01	1	ZNF175	c15
0.452388411641459	-0.300954243472017	0.021	0.019	1	TIMELESS	c15
0.000411219710967198	-0.300903055886886	0.065	0.048	1	PET117	c15
0.133132130117646	-0.300848932214675	0.399	0.328	1	MGST3	c15
0.0886313286762315	-0.30078202342281	0.022	0.017	1	ELOVL4	c15
1.33339444555746e-05	-0.300773817362844	0.13	0.097	0.44719382915106	RBM15	c15
0.000461445440554515	-0.300719026037923	0.368	0.286	1	TMEM87A	c15
1.79887758032988e-05	-0.300688615993354	0.286	0.219	0.603307562891033	FBXW5	c15
0.00755814007339044	-0.300676570182026	0.027	0.019	1	CNNM4	c15
0.000112625236270664	0.30065287803368	0.01	0.005	1	RASSF4	c15
0.264907589743423	-0.300475364721722	0.539	0.446	1	SRRT	c15
0.0122126519287348	-0.300311248454246	0.014	0.009	1	EXOC6B	c15
0.0956411298139505	-0.300193526963331	0.013	0.009	1	AC016773.1	c15
1.73554859256756e-05	-0.300081625371739	0.148	0.112	0.58206828697531	MAGT1	c15
0.000448041553751227	-0.300053851035146	0.049	0.035	1	SH2D3C	c15
0.000285851857380587	-0.300017391587213	0.044	0.03	1	RRAGB	c15
0.938715846078279	-0.300013027617967	0.011	0.011	1	C10orf143	c15
4.05748003366465e-05	-0.300006017592724	0.07	0.049	1	ZNF12	c15
1.1511980440703e-05	-0.299938101099596	0.107	0.078	0.386088800020296	EDC4	c15
3.356854598112e-05	-0.299820533160866	0.021	0.012	1	CSAD	c15
3.2185461972828e-05	-0.299665724824106	0.107	0.08	1	SIK2	c15
1.00074339947639e-06	-0.299652724017225	0.137	0.1	0.033562932131639	RLIM	c15
0.000746646257818862	0.299610306868926	0.014	0.008	1	AL117332.1	c15
0.000195745675195568	-0.299515604542491	0.06	0.043	1	EIF3C	c15
1.81564158772681e-05	-0.299463386631078	0.079	0.056	0.608929875691817	HPS5	c15
1.15469478429922e-05	-0.299445488238634	0.138	0.103	0.387261536758272	BLZF1	c15
7.87780696121058e-07	-0.29918274903468	0.78	0.681	0.026420588986508	SEPT7	c15
0.284946823891678	-0.299157276252131	0.631	0.511	1	EPC1	c15
3.71347992590689e-09	-0.298906386446276	0.097	0.064	0.000124542689755065	CCDC141	c15
5.42458203342445e-07	-0.298709703414974	0.14	0.102	0.0181929632236989	SAMD9L	c15
6.53042470281337e-06	-0.298682687608635	0.045	0.029	0.219017383682955	ANKRD42	c15
0.0184126686055663	-0.298618106259318	0.013	0.008	1	AC132192.2	c15
0.598795951606087	-0.298598768487453	0.013	0.014	1	MELK	c15
4.76237635881881e-05	-0.298561655194628	0.043	0.028	1	INVS	c15
9.59816242996541e-05	-0.298119226017114	0.201	0.157	1	RP9	c15
0.00987315922432558	-0.297950944121969	0.82	0.697	1	RBM39	c15
0.00473243191950719	0.297945348580416	0.01	0.005	1	AC144652.1	c15
0.00484921276731897	-0.297784161435632	0.334	0.269	1	WDR82	c15
0.000330758550959112	-0.297710726608467	0.182	0.143	1	MFNG	c15
4.15010303675608e-11	-0.297592146867276	0.143	0.095	1.39186155646726e-06	ABCD4	c15
0.000309407783227939	-0.29754477607911	0.131	0.102	1	NMRK1	c15
1.37052443910752e-07	-0.297532854825722	0.752	0.669	0.00459646486387881	C12orf57	c15
0.000642317272444281	-0.297481635045516	0.022	0.014	1	PRH1	c15
0.000708839330533754	-0.297366135872222	0.078	0.059	1	TM7SF3	c15
0.393927110603082	-0.297346045699777	0.497	0.415	1	IVNS1ABP	c15
0.00410825259887666	-0.297261397571731	0.051	0.038	1	ZFP64	c15
1.81101964449945e-06	-0.297228346834093	0.26	0.195	0.0607379768372227	COX19	c15
1.21901569001359e-06	-0.297227077771456	0.228	0.171	0.0408833482116756	PML	c15
8.40173938690303e-06	-0.297072992719532	0.087	0.062	0.281777535557954	WWP1	c15
0.000335249562607208	-0.297034168254485	0.071	0.053	1	AMDHD2	c15
0.891473369558123	-0.297018306659896	0.502	0.411	1	UBE2L6	c15
2.4188436033137e-06	-0.296983784255838	0.11	0.079	0.0811231767679349	KDM7A	c15
5.4696480763643e-06	-0.296893118663611	0.121	0.089	0.183441057185106	SENP2	c15
0.0593171293435467	-0.296819162052786	0.016	0.011	1	ZNF154	c15
2.52223048922997e-09	-0.296615060812601	0.205	0.145	8.45905661477949e-05	MED17	c15
3.87869368331051e-06	-0.296391533474458	0.068	0.046	0.130083628750868	DROSHA	c15
2.5800979007791e-06	0.296216648258857	0.023	0.012	0.0865313233963294	AL139011.1	c15
5.61317372286045e-07	-0.296212355374028	0.194	0.144	0.0188254620317294	PPWD1	c15
3.32699395882628e-07	-0.29600442423562	0.152	0.111	0.0111580723391116	AKAP8	c15
0.000568028433867653	-0.295984465252893	0.172	0.137	1	KLHL21	c15
0.0158121971421819	-0.29571880944252	0.039	0.03	1	ARRDC1-AS1	c15
1.53438921077811e-09	-0.295646002224263	0.327	0.237	5.14603453510762e-05	ZRANB2	c15
0.000968060883429346	0.295397859716891	0.012	0.007	1	RGS12	c15
0.00198220092648879	-0.295306721288424	0.053	0.04	1	KCNK5	c15
0.0046476295582339	-0.295241498272209	0.363	0.287	1	ATG3	c15
0.000290421837433558	0.295194433362565	0.016	0.009	1	AC114271.1	c15
6.50182911253362e-06	0.295173876032372	0.02	0.01	0.218058344776153	PECR	c15
7.61288321251739e-07	-0.29494031358583	0.129	0.093	0.0255320877181408	FBXO25	c15
0.000150338207650336	-0.294928433848819	0.159	0.124	1	MRPL1	c15
0.00104120418765365	-0.294898800307295	0.054	0.039	1	PCMTD2	c15
1.36404312368113e-05	-0.294806191286288	0.096	0.07	0.457472782820178	DCLRE1C	c15
3.25794600696355e-11	-0.294656910193096	0.127	0.083	1.09264993181543e-06	PEX26	c15
0.00207327549922752	-0.294577532351986	0.33	0.261	1	RPP21	c15
0.001587145145841	-0.294576334856398	0.102	0.08	1	LRRC8D	c15
0.000394583895929444	-0.294558343179897	0.024	0.015	1	ZNF341	c15
1.04783558375849e-10	-0.294393226336318	0.086	0.054	3.51423098080924e-06	NFKBID	c15
0.000451870795429785	-0.294165601720113	0.092	0.07	1	DRAM2	c15
9.69161462593275e-07	-0.294160618098074	0.14	0.102	0.0325037371324533	IFIH1	c15
0.0170880164524577	-0.294144365150091	0.458	0.368	1	IL27RA	c15
9.84713656632069e-05	-0.294017536169906	0.33	0.259	1	TOB1	c15
4.07524080357047e-06	-0.293819227327796	0.096	0.069	0.136675426070146	MBD6	c15
3.35849307090333e-09	-0.293803332582407	0.245	0.176	0.000112637140611956	LMF2	c15
3.39269103013147e-12	-0.293792251244468	0.116	0.074	1.13784071768549e-07	TRRAP	c15
4.16520070443549e-07	-0.293746124188655	0.058	0.037	0.0139692501225357	ZMYND8	c15
0.0416638159713892	-0.293721110427788	0.053	0.043	1	EEF2KMT	c15
2.46125356952708e-07	-0.293670477392482	0.118	0.084	0.00825455222147991	MTMR3	c15
0.000127113192677315	-0.293638358410615	0.033	0.021	1	YES1	c15
2.59329393281275e-05	-0.293304181804217	0.13	0.098	0.86973891918674	PIK3CG	c15
0.0446046851336109	-0.293161805037435	0.655	0.521	1	PNISR	c15
0.000220257683382822	-0.293150780514775	0.05	0.035	1	CYB561D1	c15
0.0236478430141929	-0.293073433294493	0.031	0.023	1	C17orf67	c15
0.00475343566393973	-0.293062595015186	0.07	0.055	1	UBE2D4	c15
0.000159412115256693	-0.293046794265599	0.085	0.063	1	ZNF92	c15
0.000350243194966591	-0.292906213621163	0.02	0.012	1	PAXIP1-AS2	c15
0.00172086695009154	-0.292883116548404	0.061	0.046	1	GEMIN4	c15
5.99161090063503e-08	-0.292805745927232	0.104	0.071	0.00200946646385498	ZNF142	c15
0.0155700907864118	-0.292787678907215	0.028	0.02	1	AL450998.2	c15
8.39224437133823e-07	-0.292563401361105	0.156	0.115	0.0281459091725941	TRIM11	c15
0.0163460937794768	-0.292553013247215	0.12	0.099	1	AQP3	c15
2.10719678992071e-07	-0.292542485430649	0.139	0.1	0.00706711659403607	TMC8	c15
2.87653464391136e-05	-0.292468547835235	0.099	0.072	0.964732188874991	KIZ	c15
5.50470920848063e-06	0.29231664391468	0.021	0.011	0.184616937434023	SELENON	c15
8.43924496014162e-05	-0.29231270007569	0.069	0.049	1	INTS9	c15
0.000873728452185669	-0.292176055963503	0.132	0.104	1	BAG4	c15
8.41362736502698e-05	-0.292065954450778	0.096	0.071	1	SP4	c15
0.000498794934702726	-0.291889629369048	0.06	0.044	1	GALNT10	c15
4.66538925960227e-06	-0.291172750830792	0.154	0.115	0.156467824988541	TWF1	c15
2.20236726994488e-08	-0.290896231067699	0.162	0.115	0.000738629934994113	CTBP1	c15
4.3959631319111e-08	-0.290855665884828	0.252	0.184	0.00147431811518034	ZMYM5	c15
0.0157153781007619	-0.290616083151619	0.609	0.547	1	TRAT1	c15
0.00862461269214827	-0.290591959370504	0.042	0.032	1	ZNF234	c15
1.22069019407532e-06	-0.290515504191124	0.363	0.273	0.040939507728898	MED15	c15
0.00545770490134903	-0.290163043581063	0.048	0.036	1	TRIT1	c15
9.60081683442862e-05	-0.290161942691244	0.138	0.106	1	GTPBP8	c15
2.95160736440518e-05	-0.290136228635579	0.835	0.747	0.98991007787421	TGFB1	c15
0.0200622473544426	-0.29008734447593	0.321	0.264	1	P2RY10	c15
0.00131511872813196	-0.290067897980011	0.057	0.042	1	LSM14B	c15
1.09992393385497e-09	-0.28994659291132	0.154	0.106	3.68892488936279e-05	ADNP	c15
3.30582852363188e-08	-0.289865586979037	0.089	0.059	0.00110870877025566	CSNK1E	c15
4.16799172601299e-06	-0.289711739260963	0.053	0.034	0.139786106507024	CAPN15	c15
3.1773387802227e-08	-0.289562362752951	0.098	0.066	0.00106561588011109	PIK3C2A	c15
5.59658937125545e-05	-0.289387635342303	0.044	0.029	1	ZNF621	c15
0.0481275366541279	0.289367838617189	0.01	0.007	1	SLX1B	c15
0.000325974588536146	-0.289346301164135	0.059	0.043	1	TTLL12	c15
1.41100589114578e-05	-0.289161679769721	0.261	0.201	0.473223155772472	IRF2BP2	c15
1.72264443081448e-09	-0.28872748002793	0.091	0.058	5.77740489206561e-05	STX16	c15
0.336562275385707	-0.28860966297362	0.533	0.43	1	AES	c15
7.98702225466459e-07	-0.288588924416045	0.094	0.066	0.0267868752376941	CBX7	c15
9.2307165606613e-09	-0.288583109204728	0.111	0.075	0.000309579772011459	TRMU	c15
0.000633257661040397	-0.288499445764266	0.097	0.075	1	BDH2	c15
0.0422484288183007	-0.288442983262776	0.014	0.01	1	ZNF440	c15
0.00286395338979112	-0.288390434241037	0.045	0.033	1	CREB3L2	c15
5.73219606270349e-11	-0.288240406733618	0.194	0.134	1.9224639155095e-06	C16orf72	c15
0.00312103327380513	-0.288129366574932	0.483	0.388	1	ISG15	c15
7.63503516752232e-05	-0.288128932548338	0.075	0.054	1	TMEM19	c15
0.00015598563318099	-0.288052930834655	0.209	0.163	1	SNRPN	c15
9.70269752572221e-06	-0.287886177233515	0.24	0.183	0.325409069617671	NBR1	c15
0.0014212825598638	-0.287835250205841	0.039	0.028	1	BORCS8	c15
1.48231603221071e-05	-0.287816210790724	0.049	0.032	0.497139150882828	EFCAB2	c15
0.000496528593097388	-0.287804817860424	0.029	0.019	1	MMAA	c15
0.000224179456815822	-0.287737043792078	0.213	0.167	1	DUSP12	c15
4.37794030086902e-10	-0.287625537930313	0.194	0.135	1.46827361810545e-05	HEXIM1	c15
2.73996007918807e-05	-0.287622190318097	0.084	0.06	0.918927811358096	SGPL1	c15
5.2858631507204e-07	-0.287499075567507	0.057	0.036	0.0177277278348861	DGKH	c15
6.92079246827234e-07	-0.28747449959546	0.094	0.065	0.0232109537800918	MFSD14C	c15
5.3705134681134e-11	-0.28741244760666	0.095	0.06	1.80116280693587e-06	TTLL5	c15
7.26408095264156e-08	-0.287302010718067	0.1	0.068	0.00243622746989693	PPP1R37	c15
1.43923755439291e-07	-0.287020776382114	0.302	0.226	0.00482691490992294	GPATCH8	c15
0.000343101976620954	-0.286752119200408	0.502	0.395	1	GOLGB1	c15
5.52784374276612e-08	-0.286701676226397	0.107	0.073	0.0018539282344489	NCOA5	c15
0.0018055646401334	-0.286680063481371	0.038	0.027	1	HEATR3	c15
2.68977367786154e-05	-0.286667637284587	0.065	0.045	0.902096296081202	RELT	c15
0.00852602763386293	-0.286530572659682	0.018	0.012	1	DPH6	c15
5.56372360364027e-08	-0.286436074307408	0.254	0.187	0.00186596162218887	WASHC1	c15
7.76536156988842e-06	-0.28640920776007	0.089	0.063	0.260434696330918	FEM1C	c15
0.0527757868342078	-0.286229039436441	0.02	0.015	1	CLN5	c15
0.00405610445818062	-0.286017076525335	0.041	0.03	1	TADA2B	c15
1.71746711778928e-06	-0.286000740592877	0.261	0.197	0.0576004121964168	CPSF7	c15
0.196204708465863	-0.285743840088929	0.636	0.504	1	RSRC2	c15
6.56925800084309e-05	-0.285632905789454	0.03	0.018	1	LINC00954	c15
9.92606075218053e-06	-0.285604360407262	0.057	0.038	0.332900225506631	GPATCH1	c15
0.00152256024554495	-0.285595019402041	0.059	0.044	1	FAM104B	c15
2.05190458765275e-05	-0.285491311991652	0.101	0.074	0.688167760606979	CDADC1	c15
9.05077752050419e-08	-0.285227472298066	0.113	0.078	0.00303544976482669	SAMD4B	c15
4.10765378952397e-05	-0.285195131119042	0.243	0.189	1	ARL4A	c15
0.00045504314257254	-0.284955988777973	0.035	0.023	1	TAB1	c15
0.000633779242901186	-0.284897549261735	0.037	0.026	1	ZNF124	c15
0.00252835760821064	-0.284887881085617	0.051	0.038	1	FBXO30	c15
1.59171002585929e-07	-0.284874985599505	0.235	0.173	0.00533827708472687	LPCAT3	c15
0.712467605170249	-0.284783858397265	0.577	0.474	1	BCL3	c15
5.55098467383254e-05	0.284492313292273	0.013	0.006	1	FKBP7	c15
0.00523574078011579	-0.284262238769742	0.455	0.361	1	SNHG12	c15
2.40958348953843e-05	-0.284217390713145	0.082	0.059	0.8081261107214	MEX3C	c15
1.38808834499993e-06	-0.284154260986134	0.13	0.095	0.0465537069146076	RBM12	c15
0.112278131958352	-0.284120363092657	0.01	0.007	1	ZNF514	c15
0.00190074562977993	-0.284109447878689	0.016	0.01	1	IQCK	c15
0.000275540085920918	-0.284096623004483	0.222	0.175	1	FBXL5	c15
0.0277900504508151	-0.283916632966594	0.02	0.015	1	ZCCHC18	c15
1.65547396035993e-05	-0.283911302418499	0.09	0.065	0.555212856825514	TRIM23	c15
1.13589113265548e-05	-0.283762616267493	0.241	0.186	0.380955168069996	CFDP1	c15
0.0215471029527435	-0.283756437952493	0.038	0.03	1	NOL6	c15
6.58597492304807e-05	-0.283709946565627	0.842	0.742	1	MCL1	c15
5.07776163700535e-05	-0.283659012722125	0.453	0.347	1	BRD4	c15
0.121042402121033	-0.283650631313586	0.023	0.018	1	TRGV7	c15
0.000129603682057378	-0.283362850115603	0.085	0.063	1	HCFC2	c15
0.00353316605276402	-0.283299766491878	0.044	0.032	1	ADPRM	c15
4.63830579220702e-07	-0.283241713350308	0.329	0.247	0.0155559499659039	AP2B1	c15
0.000829508658772255	-0.283240341387057	0.028	0.019	1	RAB4B	c15
0.027080655057219	-0.283189992500565	0.011	0.007	1	DECR2	c15
1.11134903689595e-09	-0.283149401226064	0.276	0.201	3.72724239994164e-05	HUWE1	c15
2.51633673681893e-07	-0.283105097719382	0.098	0.067	0.00843929014794334	CAMK2D	c15
3.73262494176887e-05	-0.283105039684114	0.144	0.109	1	USP38	c15
1.41289316569042e-07	-0.283024525880668	0.221	0.164	0.00473856109909254	STT3B	c15
3.142878933605e-08	-0.282968629740277	0.267	0.197	0.00105405873675244	ARHGAP15	c15
1.70559957899352e-08	-0.282932113252487	0.192	0.138	0.000572023986802846	PPTC7	c15
2.95353253065408e-09	-0.282808071154221	0.178	0.126	9.90555740130766e-05	UBAP2	c15
0.620262364204143	-0.282800654946504	0.559	0.458	1	PPIG	c15
4.82056071141963e-05	-0.282761042681807	0.05	0.034	1	DIAPH2	c15
0.000386853637427592	-0.282685269120662	0.068	0.05	1	ZNF836	c15
1.00540200682591e-06	-0.282612985607464	0.061	0.04	0.0337191725049275	ST3GAL2	c15
0.0725161209999915	-0.282595036411503	0.023	0.017	1	INAFM1	c15
0.00539528745391605	-0.28248930446238	0.018	0.012	1	FGF22	c15
0.319435836729628	-0.282362746873005	0.011	0.009	1	DAB2IP	c15
0.00286331296302534	-0.282210228730126	0.019	0.012	1	QPCTL	c15
9.47557979451984e-05	-0.282141870510788	0.032	0.02	1	SOCS7	c15
1.03029272474093e-05	-0.282031899652336	0.111	0.081	0.345539574023612	NAAA	c15
1.03436402983211e-05	0.2818163510116	0.016	0.008	0.346905008325094	AC024592.3	c15
0.101396916655915	-0.281621730343626	0.049	0.041	1	METTL18	c15
0.00642965470867558	-0.281547507451163	0.035	0.025	1	ZNF552	c15
0.0785159615006826	-0.281514460949005	0.012	0.009	1	CHKB-DT	c15
1.2842667110345e-08	-0.281507902268756	0.172	0.123	0.00043071736954675	GLYR1	c15
0.000514270993790735	0.281486279009424	0.015	0.008	1	CEP41	c15
0.000778027269779249	-0.281381433676003	0.052	0.038	1	RFXAP	c15
0.0130921079720008	-0.281103670023549	0.055	0.044	1	AC073111.5	c15
0.000137282107351132	-0.281089891051596	0.135	0.104	1	UBALD2	c15
0.0004061927254964	-0.281072344423501	0.055	0.039	1	INPP5B	c15
3.90962430810338e-06	0.281031827354403	0.037	0.023	0.131120980045171	MYB	c15
1.60949372369437e-05	-0.280903873670425	0.064	0.044	0.539792005052619	HS2ST1	c15
7.49570762859767e-07	-0.280348929372178	0.25	0.187	0.0251391042447908	CYP20A1	c15
0.00952963819877667	-0.280226070770009	0.037	0.028	1	BBS4	c15
4.19301692452263e-06	-0.28017164871132	0.286	0.217	0.14062540161464	USF2	c15
0.000104496115470174	-0.279955515883707	0.207	0.161	1	NAA38	c15
1.16524546084352e-08	-0.279833726202835	0.361	0.264	0.000390800022657701	CELF1	c15
0.0147560026212672	-0.2797962914246	0.033	0.025	1	ZNF362	c15
0.000360868486264052	-0.279671735689298	0.047	0.033	1	TTC24	c15
1.47923805513103e-07	-0.27963412517118	0.182	0.133	0.00496106858929845	CERK	c15
0.0192265546955182	-0.279480011321016	0.018	0.012	1	CPEB3	c15
0.00885226778665659	-0.279478742583846	0.023	0.016	1	NEIL2	c15
4.32860122600509e-08	-0.279212523122816	0.086	0.057	0.00145172627917759	FOXK2	c15
0.0239587693906933	-0.279147466566807	0.018	0.013	1	TMEM161B-AS1	c15
0.00033351687821178	-0.279100749792037	0.05	0.035	1	GZF1	c15
0.000761952299489723	-0.279050866640783	0.017	0.01	1	CLDN15	c15
9.29070270259035e-05	-0.279037584244985	0.171	0.133	1	GMCL1	c15
0.00210562705014686	-0.278995774379138	0.076	0.059	1	NVL	c15
1.17103425607195e-05	-0.278978140602322	0.097	0.07	0.392741468801409	CNOT6	c15
0.000334303790468314	-0.278945115011872	0.219	0.173	1	ORMDL3	c15
1.79365755482943e-09	-0.278905635197539	0.168	0.118	6.01556870738695e-05	GRIPAP1	c15
9.15696408011912e-06	-0.278883650060219	0.169	0.129	0.307106261319035	NOL8	c15
0.00088924969399904	-0.278797029469502	0.061	0.046	1	TEX10	c15
1.65479749461167e-05	-0.278796426924096	0.068	0.047	0.554985983742861	SLC38A9	c15
0.0143944617239924	-0.278678699357248	0.024	0.017	1	SCAMP1-AS1	c15
0.00017108568233207	-0.278671989206089	0.212	0.167	1	FLI1	c15
0.000111940876962182	-0.278657337734259	0.088	0.065	1	HNRNPUL2	c15
0.000292680268334291	-0.27853755521462	0.065	0.048	1	GFM2	c15
1.02048241248327e-08	-0.278525132280042	0.123	0.084	0.000342249391498638	NAA25	c15
0.000467938076173221	-0.278518246548181	0.058	0.042	1	ABCF2.1	c15
0.00624066103178707	-0.278505436730739	0.024	0.017	1	CIPC	c15
1.11993554725586e-06	-0.278180052372505	0.091	0.064	0.0375603983838669	KLHL6	c15
2.51616044302682e-05	-0.278164095000549	0.086	0.062	0.843869889382336	EDEM1	c15
0.00663580837331037	0.27813978682284	0.015	0.009	1	KHDC1	c15
0.000949684649308994	-0.278096943033586	0.285	0.227	1	AZIN1	c15
6.53081632028638e-06	-0.27804286005019	0.048	0.031	0.219030517749765	SLC11A2	c15
4.06209794730772e-10	-0.277801203886395	0.199	0.14	1.36234640956806e-05	EDEM3	c15
4.01374353465685e-05	0.277775360653748	0.01	0.004	1	NLN	c15
0.010184242516408	-0.27776096714868	0.053	0.041	1	CEACAM21	c15
7.47629720517115e-05	-0.277591697250537	0.298	0.233	1	RASSF5	c15
0.00182220975253494	-0.277418647068255	0.368	0.291	1	CIR1	c15
1.641491819067e-10	-0.277226737307748	0.255	0.183	5.5052352627869e-06	SETX	c15
4.95618543461197e-07	-0.27719451515593	0.151	0.11	0.0166220547106016	XPA	c15
0.00316036100900251	-0.277074572153998	0.024	0.016	1	LRFN4	c15
0.25410203111908	-0.276887228496448	0.01	0.008	1	AL445686.2	c15
1.19126621874552e-09	-0.276796680896563	0.122	0.082	3.99526864442873e-05	ANKIB1	c15
9.40723365009423e-08	-0.276588124810612	0.233	0.172	0.0031549980215686	BTN2A1	c15
3.76497653184805e-08	-0.276423452339682	0.202	0.146	0.0012626978292512	TMEM39A	c15
0.0148964675375003	-0.276215602536244	0.016	0.011	1	ZNF585B	c15
3.50268326642418e-21	-0.276154779059404	0.967	0.887	1.17472991389334e-16	HMGB1	c15
0.000294603557607994	0.276047210424597	0.014	0.008	1	AP1S3	c15
2.93404189048476e-05	-0.275998157463754	0.358	0.273	0.98401896923078	XAB2	c15
0.0646780623230952	-0.275831232217759	0.011	0.007	1	CDKN2B-AS1	c15
0.000297659855638421	0.275677420671444	0.018	0.01	1	MUC12	c15
1.19343044954524e-08	-0.275676411455502	0.334	0.244	0.000400252704168481	ERICH1	c15
5.23167715791565e-07	-0.275623073903466	0.217	0.161	0.0175459988522175	TM9SF3	c15
9.77731105746756e-07	-0.275571944578173	0.101	0.071	0.0327911458245347	PRMT9	c15
0.00909323771239737	-0.275367198138037	0.037	0.028	1	H6PD	c15
3.90928981822537e-05	-0.275169967391224	0.102	0.076	1	SEC24D	c15
1.2831821177932e-07	-0.275152704394757	0.146	0.105	0.00430353618665485	EBLN3P	c15
0.000631245937918878	-0.274985765333153	0.049	0.035	1	HIST1H2BN	c15
9.95568236822285e-05	-0.274907698855646	0.114	0.086	1	DDX20	c15
4.81187641885412e-07	-0.274798038946403	0.139	0.1	0.016138071133553	PRPF39	c15
6.47249808279653e-10	-0.274725514956629	0.114	0.075	2.1707464070083e-05	FCHSD1	c15
3.61076549190435e-09	-0.274647538077546	0.24	0.174	0.000121097853067488	TMEM245	c15
0.00394584718071103	0.274625411200182	0.011	0.007	1	HASPIN	c15
1.12747479816877e-06	-0.27456868472267	0.081	0.055	0.0378132497809842	CRELD1	c15
1.29613090421462e-09	-0.274525961327119	0.296	0.217	4.34696382655501e-05	SETD5	c15
2.43325111223616e-08	-0.274328823581377	0.187	0.135	0.000816063758021765	RIPK1	c15
1.55957186194457e-05	-0.27420360325228	0.209	0.159	0.52304921105897	RBM48	c15
0.0738228028825634	-0.27418258316222	0.027	0.021	1	KDELC2	c15
9.90807381253576e-07	-0.274025665641893	0.11	0.078	0.0332296979524824	SCAP	c15
5.54326696952369e-06	-0.274013087364918	0.054	0.035	0.185910087623886	GPR180	c15
1.05519551531839e-05	-0.273992927694259	0.134	0.1	0.353891471927481	C11orf98	c15
2.38017802879478e-07	-0.273976125310003	0.079	0.053	0.00798264107297192	POLM	c15
4.43429787298321e-05	0.273934187042231	0.016	0.008	1	LINC01534	c15
0.000150559145140388	-0.273811456157494	0.036	0.024	1	PINX1.1	c15
9.56844427983001e-05	0.273450242084936	0.011	0.005	1	CHRNA1	c15
0.00939153949231367	-0.273363083332583	0.026	0.018	1	KBTBD6	c15
1.34171854705816e-16	-0.273357068575451	0.104	0.059	4.49985566312367e-12	HECTD4	c15
0.000683366641532798	-0.273340272946238	0.067	0.05	1	RITA1	c15
0.0110460281454496	-0.27322727445891	0.044	0.034	1	HES4	c15
0.000366057110753034	-0.273129516296506	0.02	0.012	1	ELMO3	c15
9.27313671769355e-05	-0.273121682566963	0.078	0.057	1	CEP68	c15
6.01773707651363e-06	0.273087015749293	0.03	0.018	0.201822866072114	LINC01137	c15
6.02707471520875e-09	-0.272943860607113	0.175	0.124	0.000202136031798671	IL17RA	c15
9.91564671891895e-07	-0.272871401404412	0.203	0.152	0.0332550959659104	NFATC3	c15
4.0385164008405e-06	-0.272764668947779	0.077	0.054	0.135443763051389	WDR70	c15
0.00223261917229973	-0.272746945794707	0.25	0.206	1	TRAF3IP3	c15
2.42406855535852e-07	-0.272680541202021	0.159	0.116	0.00812984112096141	SMG7	c15
2.33073647443245e-05	0.272554646588893	0.016	0.008	0.781682398795155	AZIN1-AS1	c15
0.00714174931989869	-0.272550236293977	0.04	0.03	1	ALDH3A2	c15
7.14386451298367e-06	-0.272427205954623	0.223	0.172	0.239590928036446	CTCF	c15
0.0641152708508947	-0.272367859266419	0.478	0.385	1	G3BP1	c15
0.00030706061147291	-0.272348018976509	0.052	0.037	1	KDM4A	c15
0.000424734390573255	-0.272342474927341	0.063	0.046	1	CENPB	c15
2.13628438662393e-08	-0.272305250352676	0.145	0.102	0.000716467057585934	DCAF15	c15
5.27354250254804e-05	-0.272263724809089	0.159	0.123	1	ZDHHC7	c15
0.00128338877864812	-0.272234502454332	0.146	0.117	1	GCNT1	c15
0.0227956355762301	-0.271899764194423	0.049	0.039	1	CFL2	c15
1.85749577142268e-05	-0.271896305135642	0.073	0.051	0.62296693181974	ACACA	c15
2.435560385535e-08	-0.271723492452872	0.263	0.193	0.000816838242100729	PUM2	c15
0.000792813832146187	-0.271647137411716	0.063	0.047	1	LCLAT1	c15
2.94559850302286e-05	-0.27161062378689	0.078	0.056	0.987894825943805	TRERF1	c15
1.03936195589484e-06	-0.27160090154592	0.1	0.07	0.0348581212768012	METTL16	c15
0.00703985944044616	-0.271367683475576	0.455	0.363	1	SDCBP	c15
1.04230202943767e-05	-0.271302644121057	0.13	0.096	0.349567254632806	HACL1	c15
0.378700405802225	-0.271253213597328	0.011	0.009	1	AC092329.3	c15
0.000780669405869045	0.271129806648704	0.01	0.005	1	AC092755.2	c15
0.0785734030363016	-0.271055016465682	0.017	0.013	1	NADK2	c15
3.23583480699339e-08	-0.271050596801093	0.085	0.056	0.00108523427756944	CLASP2	c15
9.43941792954737e-10	-0.271002107555481	0.279	0.2	3.1657919852116e-05	RAF1	c15
2.73387811939229e-05	-0.270889943565624	0.064	0.044	0.916888043681787	NBPF11	c15
0.0209811121623642	-0.270516602242116	0.028	0.021	1	INCENP	c15
1.37781945824022e-08	-0.270000690073256	0.235	0.172	0.000462093089904605	ATF6B	c15
0.000160541017332656	-0.269720597632423	0.056	0.04	1	NHEJ1	c15
1.12417000592754e-05	-0.269720052571778	0.256	0.196	0.377024136587978	HACD3	c15
5.25044374208293e-06	-0.2696725334402	0.228	0.172	0.176089382221977	PPT1	c15
2.99026370527069e-09	-0.269427093177251	0.139	0.096	0.000100287464147368	STX7	c15
5.86444445115397e-05	-0.269422153819535	0.097	0.072	1	NUP205	c15
5.26439779377414e-07	-0.269361283899769	0.096	0.067	0.0176557373207597	USP24	c15
2.80150366732452e-06	-0.269204133098231	0.47	0.352	0.0939568299947298	NIPBL	c15
0.00269193716005401	-0.268998689175748	0.017	0.011	1	C22orf46	c15
0.0307666905408855	-0.268921698774084	0.025	0.019	1	SNURF	c15
1.06725372282122e-05	-0.268838340154619	0.098	0.071	0.35793555355978	FBXO38	c15
3.94728353089612e-05	-0.268747962605971	0.089	0.065	1	USP21	c15
1.67593452355341e-05	-0.268543116135278	0.474	0.366	0.562074920509344	LYST	c15
1.19507985405166e-07	-0.268521591717702	0.791	0.698	0.00400805881451846	MORF4L1	c15
0.00051942329308132	-0.268516164293757	0.331	0.262	1	PSIP1	c15
2.94808443250752e-11	-0.268400464711585	0.119	0.077	9.88728556974374e-07	ARFGAP1	c15
0.00020926439582236	-0.268312174681388	0.116	0.089	1	BCL2L12	c15
3.13543027067595e-08	-0.268159122250888	0.058	0.036	0.0010515606041793	DNAJB4	c15
4.17410173646246e-08	-0.267985297468508	0.288	0.213	0.00139991024037478	CDK12	c15
0.0232464111383958	-0.267787311517783	0.573	0.464	1	MBP	c15
0.00121396895829257	-0.267711024285601	0.067	0.05	1	JMJD4	c15
1.33529189848537e-10	-0.267661931623136	0.168	0.116	4.47830196914024e-06	PTCD3	c15
6.89617529940487e-09	-0.267572179522582	0.084	0.055	0.00023128392719144	MDN1	c15
0.00182368724147018	-0.267395801977901	0.034	0.024	1	LHPP	c15
1.10508049851265e-10	-0.267354397923373	0.137	0.092	3.70621897591174e-06	MAU2	c15
3.69029235386325e-06	-0.267343509203012	0.12	0.087	0.123765024963866	VPS18	c15
4.02617933053746e-05	-0.267317699685348	0.408	0.317	1	SUPT5H	c15
1.7049350717126e-05	-0.267258083334369	0.043	0.028	0.571801124350971	TBCK	c15
0.00505141275209695	-0.267187479783818	0.02	0.013	1	RHOQ	c15
5.72658514604956e-09	-0.267173041218508	0.19	0.137	0.00019205821262821	NPC1	c15
2.13366847036971e-06	-0.267109944665422	0.092	0.065	0.0715589731592593	NBAS	c15
1.29884514188996e-05	-0.266956790400772	0.121	0.09	0.435606683687055	MIGA1	c15
0.0387211138915367	-0.266931742053051	0.016	0.012	1	CARF	c15
4.94703508389587e-06	-0.266788859397702	0.111	0.081	0.1659136626437	SSFA2	c15
9.87424692041596e-05	-0.266770387034178	0.348	0.269	1	RPAIN	c15
1.84027311581967e-10	-0.266759393771121	0.205	0.143	6.17190797583602e-06	DHX8	c15
8.23116706554448e-05	-0.266680600141878	0.041	0.027	1	TAF4	c15
0.0215202441235511	-0.266612942622761	0.012	0.008	1	C2CD2	c15
0.000270515259429536	-0.266559733892402	0.066	0.048	1	GMEB2	c15
1.92929864548927e-07	-0.266490779278498	0.122	0.086	0.0064704817972419	LPCAT1	c15
0.0277542575665685	-0.266474843725897	0.767	0.657	1	FAM129A	c15
0.00323062203032701	-0.265874212903802	0.042	0.031	1	ENPP4	c15
6.0660008382593e-08	-0.265773554293416	0.907	0.803	0.00203441536113541	PGK1	c15
8.9110728311248e-09	-0.265769339829621	0.116	0.079	0.000298859560610263	SELENOO	c15
4.03201439756308e-06	-0.265754465675341	0.175	0.131	0.135225698865471	DTX2	c15
2.80220516689469e-07	-0.265748564893091	0.087	0.059	0.00939803568873143	ATR	c15
5.97629447111029e-05	-0.265724388400101	0.05	0.034	1	ZNF671	c15
0.119752824764823	0.265583751690365	0.016	0.012	1	FOXM1	c15
0.00505465318478271	-0.265540520386223	0.028	0.02	1	XRRA1	c15
4.98761036371082e-08	-0.265458534304682	0.159	0.113	0.00167274476378134	GCDH	c15
0.00228927285719422	-0.265436970564617	0.029	0.02	1	PRICKLE3	c15
6.38165867254463e-08	-0.265427728988067	0.088	0.059	0.00214028068559802	ATP13A2	c15
3.84527624411134e-05	-0.265417877647019	0.255	0.2	1	FAM53B	c15
6.14513740339021e-05	-0.265411315980886	0.117	0.089	1	SPATA33	c15
8.21986023240829e-14	-0.265260390534848	0.262	0.178	2.75677672474509e-09	ZNF335	c15
1.02870490297107e-05	-0.265210968618996	0.059	0.039	0.345007050358438	TTLL4	c15
0.02678385333407	-0.265185808352142	0.531	0.42	1	G3BP2	c15
0.447157735593196	-0.265062385405218	0.023	0.021	1	PCLAF	c15
0.134620558991036	-0.264998013165513	0.01	0.008	1	SLAIN1	c15
7.17144569694895e-06	-0.264991877060452	0.11	0.08	0.240515945784274	ZBTB21	c15
0.932397991535441	-0.264646607398447	0.646	0.532	1	CCSER2	c15
3.91955637322134e-08	-0.264591548819553	0.121	0.084	0.00131454081645097	PHF21A	c15
2.53148416196533e-07	-0.264289327163107	0.131	0.094	0.00849009158239934	RABGAP1	c15
4.47383508332333e-08	-0.26428788913316	0.269	0.198	0.00150043481024498	CDK11B	c15
0.00790564292593506	-0.264116606456907	0.058	0.045	1	ARL2	c15
2.04374482401938e-05	-0.264044419269351	0.267	0.207	0.68543113907962	SKAP1	c15
0.000390228964480156	-0.263867847696365	0.095	0.073	1	APBA2	c15
0.00538945936624212	-0.263846856110839	0.019	0.012	1	IFT122	c15
0.000229911776069139	-0.263753918562057	0.051	0.036	1	SLC9A1	c15
6.53516280333709e-07	-0.26372604412077	0.092	0.064	0.0219176290098319	VAC14	c15
0.0042842953150996	-0.26350115640584	0.038	0.027	1	DNAJC25	c15
0.0156588149796217	-0.263458026210556	0.619	0.499	1	JUND	c15
4.16666956925793e-05	0.263390253119264	0.02	0.011	1	KDELC1	c15
0.00393434280186475	-0.263378764254036	0.022	0.014	1	BCORL1	c15
0.000919007188192376	-0.263348761475971	0.111	0.088	1	COMMD7	c15
6.84212285232281e-05	-0.263310193094584	0.132	0.101	1	PECAM1	c15
6.8443885035476e-05	-0.263188023600972	0.551	0.421	1	SCAF11	c15
2.53742375769377e-05	-0.263091341006933	0.517	0.393	0.851001179855335	BCLAF1	c15
1.96263236847079e-06	-0.263000154289749	0.206	0.154	0.0658227643737734	CD81	c15
7.17462768565616e-06	-0.262993090868266	0.175	0.131	0.240622663321536	RPP38	c15
1.81734087238718e-05	-0.2627652796761	0.24	0.183	0.609499781781212	FAM162A	c15
0.176631272089558	-0.26269903427991	0.018	0.015	1	SLC43A1	c15
2.95941555256683e-06	0.262661924471617	0.016	0.008	0.0992528788019864	FAM227B	c15
9.56846463925836e-07	-0.262542460492783	0.404	0.307	0.0320907167071447	DDX3Y	c15
1.0229050449737e-05	-0.262535225675759	0.119	0.087	0.343061893983278	ANAPC13	c15
0.019091578269734	-0.262527979255532	0.026	0.019	1	TREX1	c15
2.16205615266472e-08	-0.262436646332975	0.156	0.11	0.000725110392480694	SEC22B	c15
0.0106601574607618	-0.262372415698928	0.016	0.01	1	FBXO41	c15
0.0397828903684645	-0.262313844622006	0.02	0.014	1	LENG9	c15
0.0625284884653433	-0.262267966306854	0.017	0.012	1	SNTA1	c15
0.000453872042921355	-0.262267446444703	0.411	0.318	1	UBE2K	c15
0.000544874131505698	-0.262043006066275	0.051	0.037	1	ZBTB33	c15
0.668176924154943	-0.261926080577179	0.013	0.012	1	GINS3	c15
3.26251556351136e-09	-0.261809490525714	0.234	0.168	0.000109418246969044	STX12	c15
5.42087829544866e-09	-0.261768628833326	0.109	0.073	0.000181805416272757	ZBTB48	c15
0.00861208358469615	-0.261623248018683	0.029	0.021	1	SPSB2	c15
0.145306172765984	-0.261544420812493	0.017	0.013	1	CTBP1-DT	c15
9.54793726044906e-08	-0.261477863950224	0.107	0.073	0.00320218719840941	SLF2	c15
1.30535486335741e-08	-0.261365239101269	0.292	0.216	0.000437789914072808	XRN1	c15
2.36726692339214e-07	-0.260611635335037	0.089	0.061	0.00793933980767255	MXD1	c15
0.930675292306867	0.260559301876118	0.026	0.027	1	TRBV5-6	c15
0.00682268712376928	-0.260501527948488	0.017	0.011	1	SESTD1	c15
6.46504336861044e-08	-0.260475909894095	0.119	0.084	0.00216824624496457	ASCC3	c15
1.95622043922188e-07	-0.260112922375173	0.236	0.176	0.00656077210906233	RFX1	c15
0.000145770607780267	-0.260084516847558	0.074	0.054	1	ARMC7	c15
3.9937873485698e-05	-0.259830413502776	0.043	0.028	1	MYO18A	c15
4.46710797580636e-11	-0.259758797068061	0.955	0.908	1.49817867292594e-06	BTG1	c15
0.0433920154560926	-0.259722684776719	0.064	0.053	1	TRIB3	c15
0.0003960774239559	-0.259597937188212	0.413	0.319	1	PPHLN1	c15
0.000477929277046819	-0.259284995553563	0.979	0.939	1	MT-ND5	c15
2.21979402673898e-08	-0.259271229180482	0.17	0.122	0.000744474520687718	EIF2B5	c15
0.0388482653132577	-0.259167282385566	0.016	0.011	1	ZCCHC24	c15
0.00266340112308469	-0.259166058065882	0.031	0.021	1	FBF1	c15
1.01928916379631e-05	-0.259087632923008	0.089	0.063	0.341849199754008	TRMT10B	c15
0.122986390193616	-0.258991953908126	0.012	0.009	1	MAK	c15
0.276265199538154	-0.258766967294161	0.029	0.033	1	TRBV18	c15
0.0243741996160772	-0.258750599087898	0.028	0.021	1	PLPP6	c15
3.68111539561973e-06	-0.258674210751866	0.132	0.097	0.123457248138295	MED16	c15
0.0262624453337902	-0.258555269836985	0.032	0.024	1	C4orf33	c15
2.87903157870051e-07	-0.258546728618776	0.15	0.109	0.00965569610864578	MAN1A2	c15
1.73914227047287e-06	-0.258516951427223	0.27	0.203	0.0583273534671193	FAM136A	c15
1.9417884285946e-05	-0.258450160487026	0.069	0.048	0.651237003182057	RCBTB1	c15
7.75649630609426e-08	-0.258156186123443	0.11	0.077	0.00260137373113789	CDK5RAP2	c15
5.15275638694562e-11	-0.25814768125066	0.139	0.093	1.72813143705382e-06	NECAP1	c15
0.174278749789092	-0.258146130385388	0.493	0.4	1	ELOVL5	c15
2.70909444453078e-05	-0.258114516950665	0.067	0.047	0.908576094806734	SETD1A	c15
0.0370211311482134	-0.2579823842872	0.019	0.014	1	PXYLP1	c15
7.43110518848777e-07	-0.2578653344297	0.371	0.279	0.0249224405811503	RIOK3	c15
0.000208477100194087	-0.257775261229759	0.061	0.044	1	SLC20A2	c15
3.04258809279792e-06	-0.257502877309282	0.15	0.111	0.102042319456257	COA1	c15
0.000447463445266414	0.257492677562879	0.011	0.006	1	USP49	c15
0.00783288086561965	0.257199719447993	0.011	0.007	1	RBMS2	c15
0.000394813112058402	-0.25709371799823	0.039	0.027	1	ANTXR2	c15
0.643328219169891	0.257092049151661	0.029	0.027	1	TRBV9	c15
7.55174914000349e-07	-0.257072886578911	0.236	0.176	0.0253270562657437	ASNSD1	c15
0.000408542044226158	-0.257061587290199	0.094	0.072	1	VRK1	c15
4.45075789128342e-11	-0.257044081461563	0.141	0.094	1.49269518157863e-06	MTMR9	c15
0.00335269029820625	-0.257015700150633	0.034	0.024	1	ZNF736	c15
0.000854445285851184	0.257014570709601	0.013	0.007	1	SCD5	c15
0.00208526515809198	0.256998029946244	0.014	0.008	1	PDXP	c15
3.61816099918684e-06	-0.256929757599788	0.152	0.113	0.121345883590728	LLPH	c15
0.010541279578995	-0.256923189249655	0.035	0.026	1	GKAP1	c15
0.011805395464594	-0.256889767271255	0.045	0.035	1	ZNF138	c15
0.000359659048375353	-0.256653555103028	0.02	0.012	1	SLC12A7	c15
4.75199078716834e-10	-0.256558184456976	0.157	0.108	1.59372267020052e-05	ECD	c15
1.01930103021954e-06	-0.256480200201076	0.057	0.037	0.0341853179515028	ANKS3	c15
0.000202748718067856	-0.256358970601776	0.032	0.021	1	RPAP1	c15
0.000673816383354517	-0.255965653682936	0.032	0.022	1	SLC25A45	c15
1.11706805169137e-06	-0.255935007015912	0.298	0.224	0.037464228317625	VPS26A	c15
1.11659463069548e-06	-0.255910155414357	0.252	0.189	0.0374483507242651	NCBP2-AS2	c15
4.47228123870374e-05	-0.255910051040435	0.21	0.163	1	TMEM170A	c15
1.37531769637139e-09	-0.255823785973227	0.085	0.054	4.61254049009038e-05	CAPN10	c15
0.000786443792672758	-0.255628677498075	0.046	0.033	1	EPG5	c15
0.277556725287922	0.255516397596789	0.018	0.015	1	TRBV5-1	c15
9.6052674211594e-06	-0.255404483203357	0.425	0.322	0.322141458770844	U2SURP	c15
6.00558799103397e-07	-0.255268108550998	0.183	0.135	0.0201415410043297	PI4KB	c15
2.64839284937983e-06	-0.255192076962338	0.059	0.039	0.0888217993825006	ATP11C	c15
2.4513658470728e-10	-0.25498401486162	0.195	0.137	8.22139077791276e-06	DHX38	c15
5.86883265029858e-09	-0.254977025372711	0.202	0.145	0.000196828909425714	WDR26	c15
0.00218760328519604	0.254821797144283	0.011	0.006	1	SPRED2	c15
0.00504228211295051	0.254813927160041	0.058	0.045	1	TRBV20-1	c15
2.9638010412156e-08	-0.254737958496823	0.176	0.127	0.000993999593202887	PSME4	c15
2.12021968903907e-08	-0.254600902812656	0.124	0.086	0.000711079279309923	EZH1	c15
5.46441718798613e-05	-0.254086943582894	0.3	0.235	1	YPEL3	c15
0.0247716025413021	0.254003030033652	0.011	0.007	1	C9orf40	c15
0.000223982878088342	-0.25344614651083	0.065	0.047	1	RFC4	c15
0.000338377177719757	-0.253088283139561	0.091	0.069	1	XKR8	c15
1.81263088121623e-06	0.253038556876732	0.022	0.011	0.0607920144942299	TNFRSF14-AS1	c15
3.1745706187153e-08	-0.252957450871709	0.147	0.104	0.00106468749410474	EXOG	c15
6.63713443133838e-08	-0.252956137124367	0.199	0.146	0.00222596214558227	YLPM1	c15
5.96180121027016e-07	-0.252781748530224	0.066	0.044	0.0199946888990041	KIF1B	c15
1.90815754691256e-05	-0.252611719772343	0.139	0.105	0.639957878083536	UCHL5	c15
0.0816969353750381	-0.252608532865887	0.01	0.007	1	AC011446.2	c15
0.130636630602534	-0.252107939955455	0.03	0.025	1	OTUB2	c15
3.62101831045212e-07	-0.252060048949904	0.12	0.085	0.0121441712095943	QKI	c15
0.0189768260374937	-0.251971304695389	0.02	0.014	1	NCKAP5L	c15
0.101343864273226	-0.251948506032998	0.012	0.009	1	AFG1L	c15
0.00576240487723017	-0.251839704285379	0.034	0.024	1	MPP6	c15
3.20954735743033e-15	-0.251758156142337	0.948	0.886	1.07641799273498e-10	PTPRC	c15
0.0730200452516854	-0.251714036052701	0.575	0.467	1	GBP2	c15
1.29991252629229e-05	-0.251398523492771	0.075	0.053	0.43596466306791	POLR1A	c15
6.44504513461613e-06	-0.251372999790393	0.144	0.108	0.216153923724756	RAD1	c15
2.45232808684498e-06	-0.251297273587394	0.082	0.057	0.0822461793766069	AC013394.1	c15
0.155002558923628	-0.251212156296737	0.024	0.02	1	ALKBH8	c15
4.17383802811297e-05	0.251156331787054	0.014	0.007	1	GCSAM	c15
2.31961773539871e-08	-0.251145265398687	0.111	0.076	0.00077795339609802	YEATS2	c15
0.0527530641283761	-0.25112891675778	0.027	0.021	1	LINC01550	c15
0.00024905908677958	-0.251076356264494	0.085	0.064	1	ACTR5	c15
2.65777019541922e-05	-0.251070521830856	0.594	0.475	0.891362968139697	HSPH1	c15
8.38382118246949e-06	-0.251030057781086	0.278	0.214	0.281176594817662	SEMA4D	c15
1.31715297557888e-05	-0.250950406073088	0.07	0.049	0.441746764949645	ZMAT3	c15
1.64719896742719e-06	-0.250841430416501	0.156	0.115	0.0552437589695732	CBFB	c15
4.50625075195922e-07	-0.250824511570423	0.09	0.062	0.0151130637719208	TASP1	c15
0.00534995474126673	-0.250727770488933	0.031	0.022	1	SUMF1	c15
0.0219283177719437	-0.250682923123859	0.015	0.01	1	ZNF324B	c15
7.04158337824805e-05	-0.250599235787386	0.536	0.405	1	SPSB3	c15
0.000445459269771571	-0.250517130536469	0.379	0.296	1	PCIF1	c15
0.000283846525779901	-0.250485670871989	0.052	0.037	1	TRMT11	c15
1.70516289275011e-06	-0.250328011544391	0.231	0.175	0.0571877530970531	SEPT11	c15
0.0118061562529641	-0.250280082191892	0.016	0.01	1	NUBPL	c15
3.40344340570148e-08	-0.250199312203605	0.125	0.087	0.00114144684940416	GFOD1	c15
0.0114510486909204	-0.250027940059586	0.026	0.018	1	UTP14C	c15
0.00183531912991102	-0.249999207920236	0.055	0.041	1	ZNF141	c15
4.15732838933542e-06	-0.249987078229922	0.16	0.119	0.139428479521531	BUD13	c15
0.0103689979912695	-0.249956939433349	0.061	0.049	1	IFI27L1	c15
3.61719198729407e-09	-0.249709030959545	0.193	0.139	0.000121313384869869	PCF11	c15
2.39812853791016e-05	-0.249639261693271	0.11	0.082	0.804284349044308	BORCS7	c15
4.61479798550337e-05	0.249597403293174	0.018	0.009	1	PCYOX1L	c15
8.96604597070851e-06	-0.24948754567105	0.183	0.139	0.300703249765622	SSBP4	c15
0.00025387798923329	-0.249419880794896	0.067	0.049	1	MOB3C	c15
0.000131604307807992	0.249268097375829	0.018	0.01	1	NFE2L3	c15
0.000117181888319695	-0.249198082606509	0.05	0.035	1	MLLT1	c15
0.000121887705541515	-0.248991120977912	0.079	0.058	1	ZNF383	c15
1.88343186093592e-08	-0.248756502230258	0.117	0.08	0.000631665377520688	C21orf2	c15
8.72755697493229e-08	-0.248705454075987	0.168	0.122	0.00292704805825279	CTDP1	c15
0.0195721048491452	-0.248698979047229	0.036	0.027	1	SLC16A7	c15
4.28993084484301e-05	-0.248660889324706	0.102	0.076	1	AFF1	c15
6.997008369746e-05	-0.248535100646387	0.136	0.104	1	LZIC	c15
0.0214485027405598	-0.2484311020651	0.023	0.017	1	KIF27	c15
0.176300143852027	-0.248259896615652	0.013	0.01	1	CEP57L1	c15
1.99935827828241e-10	-0.24825792402173	0.264	0.188	6.70544779370355e-06	STARD3	c15
2.05708052325643e-05	-0.248169139261979	0.109	0.08	0.689903665889741	PTPA	c15
0.0247778931803542	-0.248159247162167	0.018	0.012	1	RGPD2	c15
0.0320417553220089	-0.248030342034953	0.013	0.009	1	AC078846.1	c15
6.37883832951277e-07	-0.247983780545671	0.132	0.096	0.0213933479895199	ADD3	c15
0.00571503718808449	-0.247956632080024	0.039	0.028	1	CHSY1	c15
1.07895120184766e-07	-0.247923223788932	0.105	0.073	0.00361858654075669	PTPN23	c15
2.45137585224999e-05	-0.247848284900031	0.041	0.026	0.822142433327602	NPHP4	c15
0.000307998982239622	-0.247726856095052	0.06	0.043	1	RBAK-RBAKDN	c15
1.39673947164735e-05	0.24759857509799	0.014	0.006	0.468438484001089	RIMS3	c15
0.00584702585839234	-0.247593701825745	0.02	0.014	1	PPIP5K1	c15
0.164449876514795	-0.247474376124598	0.019	0.016	1	THEM6	c15
0.282086717932219	-0.247422506983201	0.01	0.008	1	LINC02482	c15
0.00118784429277171	-0.247420919072178	0.027	0.018	1	ENKD1	c15
5.73803976690437e-08	-0.247388150270973	0.138	0.098	0.00192442377702439	ELK4	c15
0.107988584544584	-0.247219942596782	0.01	0.007	1	AP001157.1	c15
2.75841641185564e-07	-0.247171966802445	0.09	0.061	0.00925117696208145	TSTD2	c15
3.70100857927923e-09	-0.247091103548563	0.189	0.134	0.000124124425731867	FZR1	c15
0.000147018452117681	-0.246993082963537	0.228	0.179	1	BET1L	c15
1.18833901238641e-10	-0.246985806026437	0.131	0.087	3.98545137974153e-06	GGA3	c15
0.00662226439006301	-0.246929329833793	0.062	0.049	1	GPR89A	c15
0.00157804520664328	-0.246833172753601	0.407	0.32	1	RRAGC	c15
9.37760643233154e-09	-0.246671366946133	0.274	0.2	0.000314506164527535	MAPK1	c15
0.00220512069282007	0.2466381205782	0.014	0.008	1	HYI	c15
0.024568381042054	-0.246523321254929	0.02	0.015	1	RIPK2	c15
1.86488510811222e-07	-0.24652274315573	0.167	0.121	0.00625445167558676	MED21	c15
0.000533602497172086	-0.246434070876498	0.068	0.051	1	HMG20A	c15
0.571356320815182	-0.246426445455418	0.184	0.171	1	FASLG	c15
1.80445107444915e-05	-0.24632715087522	0.107	0.079	0.605176801348755	HSDL1	c15
0.00346220236955463	-0.246182237594919	0.043	0.032	1	LYRM7	c15
4.33456283185906e-05	-0.246152937620319	0.395	0.304	1	MACO1	c15
0.00746674612617915	-0.245733334769491	0.022	0.015	1	HARBI1	c15
9.03843224520911e-10	-0.245652277900152	0.162	0.113	3.03130940639823e-05	ZC3H8	c15
4.45739744033679e-12	-0.245552605714452	0.289	0.204	1.49492195354015e-07	CHD8	c15
0.00372652471007255	-0.24531836395326	0.052	0.04	1	KBTBD3	c15
9.4278015861216e-05	-0.245310528495956	0.312	0.243	1	MRPL10	c15
0.000461321949460739	-0.245032310855481	0.048	0.034	1	ZNF564	c15
0.000219922193538363	-0.244938588317369	0.058	0.041	1	DNAJC24	c15
7.84836813879341e-09	-0.244917257912839	0.227	0.164	0.000263218570638854	SNAP47	c15
0.000197931697194071	0.244913739458665	0.014	0.008	1	CCNJ	c15
2.69430231712327e-09	-0.244843652146474	0.304	0.222	9.03615111116802e-05	MXD4	c15
9.21300480076843e-07	-0.244835012567781	0.18	0.133	0.0308985755008171	TBC1D10A	c15
3.78471249411232e-08	-0.244817304511128	0.193	0.14	0.00126931687627539	ZNF721	c15
0.288109124517091	-0.244798576647712	0.62	0.497	1	DEK	c15
3.0940662551225e-07	-0.244658742512307	0.104	0.072	0.0103768794064298	ACOX1	c15
0.000341433394740481	-0.244537074026519	0.069	0.051	1	IRF2BP1	c15
1.3826066631247e-07	-0.244451666701383	0.196	0.144	0.00463698622678763	DUSP16	c15
4.59782012451508e-12	-0.24442611021139	0.29	0.204	1.54201691335987e-07	CNOT4	c15
0.0977399868428209	-0.244298815385768	0.016	0.012	1	RAB11B-AS1	c15
2.92311313606655e-05	-0.244223639902187	0.312	0.239	0.980353683573999	ZPR1	c15
5.16247795146017e-09	-0.244217844463047	0.192	0.137	0.000173139185536071	ARFGEF1	c15
0.00011097700681545	0.244202813601667	0.01	0.004	1	KCNH4	c15
8.5584252314076e-06	-0.244064026561732	0.15	0.113	0.287032465410948	LEMD3	c15
2.11632070912214e-07	-0.243970804139529	0.148	0.107	0.00709771639425385	ZDHHC20	c15
0.0047120474319889	-0.243910046170789	0.043	0.032	1	TUBGCP5	c15
0.00169983632334707	-0.243889892769504	0.027	0.018	1	CLCC1	c15
8.53865216539654e-10	-0.243732658573596	0.157	0.108	2.86369316323069e-05	SP140L	c15
2.3481568594219e-11	-0.24356258622219	0.257	0.179	7.87524847512916e-07	BAG6	c15
0.104527184115262	-0.243466006848343	0.034	0.028	1	AGTRAP	c15
1.05378119512474e-05	-0.243453269020619	0.072	0.05	0.353417137220937	WDR34	c15
0.000196933179416251	-0.243374588906966	0.087	0.065	1	OXR1	c15
0.00752138249073273	-0.243349488936292	0.043	0.032	1	CCDC18	c15
1.31984178899953e-18	-0.243107291444704	0.202	0.128	4.42648539194661e-14	LENG8	c15
7.98985242035671e-11	-0.243024896656893	0.281	0.201	2.67963670473923e-06	ZFAND2A	c15
1.63070787204571e-08	-0.242959912216629	0.123	0.085	0.000546906806126689	ANAPC2	c15
9.39509560891803e-08	-0.242915712093271	0.118	0.083	0.00315092716531893	MAN1B1	c15
2.65920459097765e-09	-0.242914993629683	0.08	0.051	8.91844035722083e-05	ATG14	c15
1.3601967751586e-06	-0.242884523673708	0.122	0.088	0.0456182794452692	EFL1	c15
1.42247737970403e-06	-0.242858746882262	0.368	0.282	0.0477070463605137	ANAPC5	c15
0.00361144494265001	-0.242723853058185	0.019	0.012	1	C5orf34	c15
5.59109245732542e-11	-0.242630094699451	0.278	0.2	1.8751405883378e-06	RIF1	c15
2.65314824106598e-05	-0.242535111729813	0.052	0.035	0.889812857088709	ABRAXAS1	c15
0.00089523875119073	-0.242498164387117	0.427	0.342	1	CYTH1	c15
0.000146616522012034	-0.242479766743914	0.024	0.014	1	GGT7	c15
1.12203499581624e-05	-0.242371890136382	0.047	0.03	0.37630809689685	IPO11	c15
3.88972037995848e-10	-0.242325540583136	0.337	0.243	1.30453442103048e-05	RNF216	c15
2.47781168740143e-11	-0.242316721399298	0.169	0.115	8.31008483720693e-07	CLASRP	c15
0.105792756685735	-0.242103256104502	0.551	0.449	1	SYAP1	c15
1.27982925301498e-07	-0.242043688005865	0.102	0.07	0.00429229134876164	KRI1	c15
1.57288411700713e-10	-0.242041955948228	0.253	0.18	5.27513875161852e-06	PDS5A	c15
0.000659701385134688	-0.241960957206771	0.023	0.014	1	GLCE	c15
1.0782656805821e-05	-0.241692646041153	0.479	0.368	0.361628743953626	RALGDS	c15
5.36113707837576e-12	-0.241518691855506	0.195	0.133	1.79801815334566e-07	CCDC93	c15
0.497539157104365	-0.241494278889617	0.015	0.013	1	TRAV26-2	c15
0.00521013727886824	-0.241429542314032	0.058	0.045	1	ZNF180	c15
0.0481741870487372	-0.241249549580638	0.023	0.017	1	TCTN2	c15
8.15639460662203e-08	-0.241053681460929	0.341	0.254	0.0027354916231689	C19orf66	c15
0.00123018626523902	-0.241044272689459	0.044	0.032	1	ZFYVE26	c15
0.0452389659040523	-0.240902697391696	0.038	0.03	1	GCA	c15
7.43343437455113e-06	-0.240859564586325	0.247	0.188	0.249302522053696	POLE4	c15
1.30201129992254e-05	-0.240801893962704	0.325	0.248	0.436668549768021	USP1	c15
8.43524146626797e-05	-0.240718882717633	0.024	0.014	1	FKRP	c15
0.000600878397503597	0.240696094260709	0.012	0.006	1	BFSP2	c15
0.00783037543519721	-0.240585577876033	0.044	0.033	1	OSBPL11	c15
0.0412991612385611	-0.240450722037261	0.509	0.399	1	CLTB	c15
4.56475821561764e-07	-0.240363252502216	0.24	0.178	0.0153092861035385	TSEN34	c15
0.00531027839528473	-0.240048819798461	0.031	0.022	1	BRPF3	c15
4.00523628442424e-07	-0.239984166522082	0.448	0.337	0.013432761450702	KDM5A	c15
0.000233596156668106	-0.239970768907702	0.287	0.224	1	C18orf32	c15
4.3388899170727e-07	-0.239883647530263	0.243	0.181	0.0145517690038784	DEDD2	c15
3.43203165351349e-10	-0.239708117725303	0.178	0.124	1.15103477595535e-05	RRBP1	c15
0.00289324722442483	-0.239648074737057	0.026	0.018	1	CENPP	c15
4.08177489890643e-08	-0.239537837611998	0.241	0.177	0.00136894566559524	SRPK2	c15
3.97927529018763e-05	-0.239537286089089	0.128	0.097	1	AC090152.1	c15
0.000413016203091365	0.239533283929325	0.018	0.01	1	AP000787.1	c15
4.17374652776321e-05	-0.239402926633097	0.061	0.042	1	GNL3L	c15
0.0574365305032773	-0.239388183076832	0.01	0.007	1	TCTE3	c15
0.0130040094484196	-0.239379110223209	0.022	0.016	1	ZNF222	c15
3.09230456895321e-08	-0.239314741507835	0.112	0.077	0.00103709710633553	PDS5B	c15
0.000259306466141839	-0.239313583916071	0.107	0.082	1	DHRS13	c15
0.046406383776637	-0.239190822354116	0.013	0.009	1	TBC1D32	c15
5.52794890494625e-05	-0.23909276267565	0.1	0.075	1	CNBD2	c15
4.02741944910623e-06	-0.239084458212403	0.218	0.166	0.135071593484125	PPP2R5A	c15
5.5536850628463e-07	-0.238995482748191	0.296	0.222	0.0186259489637739	IP6K1	c15
6.55173343398167e-13	-0.238966919390144	0.776	0.631	2.19732035908877e-08	MT-ND6	c15
0.00985797611183218	-0.238815390491502	0.763	0.649	1	OPTN	c15
2.37289619737854e-06	-0.238718555657379	0.12	0.087	0.0795821926676815	CASP2	c15
0.885029126806978	-0.238664322556966	0.672	0.56	1	ETS1	c15
0.00030643360801309	-0.238563227674384	0.032	0.02	1	PACRGL	c15
0.0122263824064517	-0.238503744961677	0.042	0.032	1	MGME1	c15
1.26406950246411e-09	-0.238404945957156	0.211	0.151	4.23943629736413e-05	ZNF326	c15
2.18065338935737e-08	-0.238378996525153	0.067	0.042	0.000731347533722674	VPS8	c15
0.00408985749080699	-0.238344297984036	0.402	0.319	1	OCIAD2	c15
9.78198097434067e-05	-0.238338139011223	0.346	0.269	1	DPF2	c15
7.58279859000572e-07	-0.238318209144219	0.134	0.097	0.0254311899111612	MCM3	c15
0.000147673364149309	-0.238053693297541	0.076	0.056	1	NQO2	c15
3.88389705859109e-06	-0.237984677460001	0.309	0.234	0.130258139551028	CFAP298	c15
5.17987874711877e-08	-0.237864475335445	0.265	0.195	0.00173722773420869	VPS26C	c15
5.48534026011863e-09	-0.237812517089001	0.136	0.094	0.000183967341643859	PCYT2	c15
3.59659837568115e-10	-0.23781193425248	0.095	0.061	1.20622716323594e-05	CEP164	c15
4.21100959485566e-10	-0.237723523795983	0.264	0.19	1.41228839792269e-05	KCNAB2	c15
3.32909222215985e-08	-0.237718883027553	0.248	0.181	0.00111651094946797	ABCF3	c15
0.000145403358886215	0.237553440088609	0.015	0.008	1	VWA5A	c15
0.00279410038497316	-0.237521944855772	0.051	0.038	1	BTBD6	c15
5.76407596884378e-06	-0.237469628925934	0.099	0.071	0.193315579843083	RNF219	c15
1.32624155205685e-11	-0.237376404329117	0.19	0.13	4.44794891728826e-07	PHF14	c15
4.28685095464466e-07	-0.237325040030563	0.243	0.181	0.0143772407316873	TEX264	c15
4.72596033717832e-10	-0.237325009048641	0.895	0.811	1.58499257788286e-05	HNRNPA2B1	c15
6.02987281115295e-10	-0.237210668368848	0.343	0.249	2.02229874340448e-05	HIPK1	c15
7.06291898593256e-06	-0.237191420583275	0.09	0.064	0.236876176950206	ZNF136	c15
2.12386986487743e-05	-0.237177684128205	0.084	0.06	0.712303475282593	SETD4	c15
4.54528560044864e-07	-0.237157252450761	0.189	0.139	0.0152439788467846	RASSF7	c15
0.00347049710129222	-0.237118024075894	0.401	0.319	1	SNHG7	c15
0.188082448865919	-0.237068444618036	0.017	0.014	1	TTC22	c15
1.56402487283647e-09	-0.237036514880735	0.288	0.209	5.24542661851894e-05	SENP6	c15
5.06092529971757e-05	0.236917806953409	0.021	0.012	1	SLC37A4	c15
0.000237278919902214	-0.236817387794596	0.054	0.038	1	TOP2A	c15
0.00169833217432619	0.236812216703007	0.016	0.009	1	TPK1	c15
1.64219287876477e-07	-0.236700218895969	0.103	0.072	0.0055075864768013	SLC38A10	c15
7.26715148847193e-11	-0.236613195277413	0.147	0.099	2.43725726620372e-06	FAM120B	c15
0.00138314213427331	0.236433045981235	0.012	0.006	1	ZSCAN30	c15
9.33948616638425e-05	-0.236176653103827	0.114	0.087	1	RHOC	c15
2.90329481969314e-07	-0.236159471127848	0.283	0.213	0.00973707016628685	ZNRF1	c15
3.79701375141975e-09	-0.236085003667886	0.144	0.1	0.000127344247195116	PCNA	c15
0.0108139432146414	-0.235911908719525	0.035	0.026	1	ZNF510	c15
1.84120788162067e-11	-0.235829258648514	0.21	0.145	6.17504299337939e-07	CXXC1	c15
9.63689903806694e-05	-0.235746217886232	0.082	0.061	1	FAF1	c15
1.98167390770459e-10	-0.2356807550172	0.075	0.046	6.64613795165964e-06	EHBP1L1	c15
1.14859263983415e-06	-0.235589915393285	0.101	0.071	0.0385214999547576	WBP1L	c15
2.32799296986954e-10	-0.235555094993637	0.16	0.11	7.80762282234848e-06	NUP160	c15
5.96659428721423e-06	-0.235253226259966	0.167	0.125	0.200107639204591	ACTR6	c15
2.134461005502e-06	-0.235221562486682	0.147	0.108	0.0715855532025261	PPM1D	c15
0.330276986822139	-0.235198295157382	0.014	0.012	1	DLK2	c15
0.00108404475391918	-0.235117129283042	0.053	0.039	1	SPAG16	c15
7.8358855888146e-10	-0.235059531059914	0.139	0.094	2.62799930877664e-05	SNIP1	c15
9.25103078110576e-12	-0.23501641920791	0.085	0.051	3.10261070336725e-07	LEF1	c15
1.3395954130819e-10	-0.234965456199369	0.233	0.166	4.49273509639407e-06	TPP2	c15
3.88863412127986e-07	-0.234915892170939	0.881	0.793	0.0130417011159484	HNRNPDL	c15
5.46481227123444e-08	-0.234850493377951	0.162	0.116	0.0018327887395266	MPPE1	c15
1.0875278390286e-07	-0.234703091688528	0.108	0.075	0.00364735086653412	FAM222B	c15
7.96762857260354e-07	-0.234645790676879	0.215	0.16	0.0267218327067977	THOC3	c15
8.63639699609783e-08	-0.23464554076046	0.189	0.138	0.00289647482455129	TOP2B	c15
2.38521445296464e-05	-0.234617519604302	0.05	0.033	0.799953223235283	CACTIN	c15
4.22734202012423e-07	-0.234611133244037	0.48	0.358	0.0141776596670926	PRPF4B	c15
1.51814080261974e-06	-0.234274680917051	0.109	0.078	0.0509154062382608	SRCAP	c15
0.154288320810021	-0.234248422913626	0.012	0.009	1	ZNF793	c15
5.85023815349774e-07	-0.234239406702123	0.062	0.04	0.0196205287192007	ITPR2	c15
1.4601617343039e-05	-0.234004943815912	0.275	0.21	0.489709042450841	MRPS26	c15
3.25025944090942e-09	-0.233900361087383	0.217	0.156	0.00010900720112922	EPS15L1	c15
0.174085292400857	-0.233852851224511	0.025	0.02	1	SGO2	c15
0.00134523080224027	0.233842643559895	0.015	0.009	1	ATP9A	c15
5.57598136468941e-09	-0.233774744847783	0.157	0.11	0.000187007263008954	OSBPL2	c15
4.48055665331501e-06	0.233704949458213	0.026	0.015	0.150268909038879	IDNK	c15
8.92142205077959e-09	-0.23334721204938	0.152	0.108	0.000299206652739046	NFX1	c15
0.000102518863337569	-0.233293997085682	0.048	0.032	1	KIF3C	c15
0.000893720539606792	-0.233146751991365	0.099	0.077	1	CHRNB1	c15
6.44544932729664e-09	-0.233141870903381	0.143	0.1	0.000216167479538875	FBXO9	c15
3.27987817062824e-07	-0.233045077037541	0.074	0.049	0.011000055408653	CPT1A	c15
0.00218247207053374	-0.233002577345238	0.059	0.045	1	TIMM10B	c15
0.0694247350233682	-0.23296768637476	0.043	0.035	1	CRYZ	c15
4.83618687541618e-05	-0.232960837062504	0.04	0.026	1	CNNM2	c15
3.13782727836032e-06	-0.232909160145784	0.12	0.088	0.105236451261648	AKAP11	c15
1.44887248953014e-06	-0.232884981951412	0.061	0.04	0.0485922855538618	MTHFR	c15
0.0452415441885251	-0.232778736479388	0.013	0.009	1	SLC33A1	c15
9.09239015077713e-08	-0.232715397611875	0.44	0.325	0.00304940580876763	TAF15	c15
7.53464736916281e-06	-0.232400538474985	0.246	0.187	0.252697003466982	TSR2	c15
4.46544739622114e-06	-0.232307856868471	0.166	0.126	0.149762174774465	TOPBP1	c15
2.02355758766929e-07	-0.232296272737494	0.063	0.04	0.00678660743752527	PATL2	c15
0.000136512508727623	-0.232258347644029	0.081	0.06	1	POC5	c15
0.008165699927066	-0.232174015631274	0.05	0.038	1	KLRC4	c15
0.00884763546331892	-0.232120995649407	0.015	0.009	1	TRIM66	c15
0.000522145105172209	-0.23204244301765	0.048	0.034	1	ZNF764	c15
3.41329780448348e-06	-0.232018314770597	0.102	0.073	0.114475181766767	ZHX1	c15
1.02366360537751e-06	-0.231896382858451	0.166	0.122	0.0343316299971508	TRADD	c15
0.0222647546026318	-0.2317754827105	0.014	0.009	1	ZNF607	c15
6.2863026981923e-05	-0.231752897177746	0.053	0.037	1	GNE	c15
3.05591741789628e-06	0.231667219153901	0.011	0.004	0.102489358361405	IQCC	c15
0.00165590606313285	-0.231649641000782	0.025	0.016	1	MFSD3	c15
0.546131121019151	-0.231578416234252	0.017	0.015	1	TRBV6-1	c15
0.0134752514100855	-0.231552441464871	0.012	0.008	1	SLX4IP	c15
3.44510267368454e-07	-0.231501895384971	0.125	0.089	0.0115541853470032	RINT1	c15
0.00439985643086523	-0.231489725812481	0.047	0.035	1	BCDIN3D	c15
2.38501356923339e-09	-0.231473356999934	0.319	0.232	7.99885850849496e-05	TRIM28	c15
0.682116893968577	-0.231466721409907	0.631	0.512	1	IK	c15
1.48421289552283e-10	-0.231448287318563	0.146	0.099	4.97775320900446e-06	TM9SF4	c15
3.55299896260471e-07	-0.231289116691694	0.062	0.04	0.0119160479207837	PLEKHM2	c15
4.35947846316313e-09	-0.231271110141562	0.13	0.089	0.000146208188697565	DDX19A	c15
3.94211611688024e-09	-0.231031528363478	0.078	0.049	0.00013221069032793	PRMT7	c15
0.122483744742109	-0.230990498933584	0.016	0.012	1	FBXL14	c15
8.35418341714993e-07	-0.230973187505961	0.161	0.119	0.0280182603444374	URI1	c15
0.00169834241927117	-0.23088362368435	0.022	0.014	1	HIST4H4	c15
0.0359786707143729	-0.230855534298866	0.011	0.007	1	AC026401.3	c15
2.86979947923154e-05	0.230814370270878	0.016	0.008	0.962473349344673	CAMKK1	c15
1.64107755292673e-06	-0.230771102773522	0.194	0.146	0.0550384589700565	CMTM7	c15
5.74364266844806e-05	-0.230743763859642	0.05	0.034	1	SPOPL	c15
3.06416215739442e-07	-0.230646551095847	0.338	0.253	0.0102765870434694	NBL1	c15
2.32571212513067e-07	-0.230635928376359	0.208	0.154	0.00779997332526323	INTS10	c15
6.57259131075459e-08	-0.230634625305735	0.104	0.071	0.00220431567380088	USPL1	c15
8.3889702028002e-09	-0.230626681516917	0.22	0.16	0.000281349282661513	RIOK1	c15
0.000258233110808825	-0.230609351202847	0.041	0.028	1	GK5	c15
0.422526297011747	-0.230581308422837	0.012	0.011	1	AC109826.1	c15
0.00197023477016302	-0.230507241468255	0.016	0.01	1	SLC25A35	c15
8.94510635862621e-10	-0.230433857057933	0.094	0.061	3.00000977055606e-05	GRAMD1B	c15
2.39134784083379e-07	-0.230398486882744	0.118	0.083	0.00802010238858837	CBWD5	c15
4.82856990418616e-06	-0.230136654926766	0.055	0.036	0.161940577446595	KIF1C	c15
1.38034129461121e-05	-0.230055288691863	0.051	0.034	0.462938863386707	NFXL1	c15
7.20685925447224e-05	-0.23003327729142	0.177	0.138	1	SIT1	c15
0.002765120935312	-0.230001192667723	0.044	0.032	1	NFS1	c15
1.93800781089866e-07	-0.22999452842866	0.061	0.039	0.00649969059619193	METTL22	c15
2.23095898049936e-10	-0.229986274847633	0.137	0.092	7.48219022879874e-06	DYM	c15
1.06960161170871e-09	-0.229976225189929	0.155	0.107	3.58722988534867e-05	POLR3C	c15
2.41929749367341e-05	0.229960012786802	0.013	0.006	0.811383993428188	SULT1A1	c15
0.00516616361750162	-0.229879418573949	0.028	0.02	1	TPM1	c15
4.0652406828852e-13	-0.229836345426307	0.182	0.121	1.36340042022604e-08	SCAF8	c15
0.00530455356292244	-0.229831331882277	0.023	0.015	1	ENTPD1-AS1	c15
0.0753098662901497	-0.229493310585688	0.019	0.014	1	TRBV14	c15
4.85374827431263e-15	-0.229355682063707	0.287	0.195	1.62785009623897e-10	THOC2	c15
6.37135392004389e-05	-0.229219500426168	0.134	0.102	1	TRAPPC2B	c15
9.54563692335564e-07	-0.229132325812013	0.096	0.067	0.0320141571135501	SETDB1	c15
2.26953488761325e-06	-0.229009093807456	0.048	0.03	0.0761156610607731	PLD2	c15
7.01838892282475e-05	-0.228968477488839	0.075	0.054	1	IPPK	c15
9.82650966960127e-05	-0.228962743550332	0.076	0.055	1	ZSCAN16	c15
0.0646690845117912	-0.228749605416054	0.018	0.013	1	HIST1H4J	c15
3.13374043758113e-06	-0.228680445542705	0.125	0.092	0.105099386795596	MPRIP	c15
0.0116338068613306	-0.228649344925471	0.031	0.023	1	SLC27A3	c15
0.0315684064946872	0.228505316497432	0.01	0.007	1	EFCAB11	c15
8.29534867082159e-08	-0.228351207048501	0.093	0.063	0.00278209403722014	AGL	c15
8.17012884552706e-10	-0.228251779141901	0.332	0.241	2.74009781221286e-05	CD46	c15
0.000159927314385264	-0.228231461615977	0.059	0.042	1	MUM1	c15
7.23274462867144e-08	-0.228143969327635	0.273	0.202	0.00242571789356383	KLHL28	c15
0.130960036262733	-0.228122226879623	0.011	0.009	1	MATN1-AS1	c15
0.00022667618064897	-0.228027529306579	0.038	0.025	1	GNPDA1	c15
8.65354526531896e-18	-0.227964826167296	0.479	0.334	2.90222601108267e-13	ZEB2	c15
0.00158892836915718	-0.227934715379413	0.015	0.009	1	TMEM44	c15
1.99725095407897e-07	-0.22793264784097	0.14	0.101	0.00669838024979004	ZNF592	c15
0.00680064895205124	-0.227873663795195	0.016	0.01	1	AC015912.3	c15
1.23220264770967e-09	-0.227798895812271	0.213	0.152	4.1325612398887e-05	RPS6KB1	c15
3.74377176022446e-09	-0.227775815786897	0.171	0.121	0.000125558617294408	GATAD2A	c15
8.77363427580643e-10	-0.227741359116837	0.291	0.212	2.94250146341996e-05	XPO1	c15
1.73074627531754e-06	-0.227555956144545	0.127	0.092	0.0580457685815998	ZNF639	c15
1.34447880994136e-05	-0.227549204061939	0.048	0.032	0.450911303278134	TFCP2	c15
2.07855983853675e-09	-0.227532217937191	0.429	0.315	6.97107398648456e-05	PNN	c15
1.8074344554524e-08	-0.227520532362855	0.096	0.064	0.000606177367669626	HDHD3	c15
5.90553984195237e-11	-0.227490287628956	0.1	0.064	1.98059995219398e-06	CPSF1	c15
0.000172826961238325	-0.227481654715731	0.529	0.412	1	CYLD	c15
0.00286942399482761	-0.227457384583564	0.47	0.368	1	MGAT1	c15
1.20939213813666e-06	-0.227374949269123	0.101	0.072	0.0405605935288273	FOXO3	c15
0.0475649791249448	-0.227336042373964	0.484	0.38	1	NDUFA12	c15
5.91171744355217e-05	-0.227331577949315	0.09	0.067	1	GBA	c15
3.59809024373087e-10	-0.227238087056448	0.314	0.225	1.20672750594246e-05	PPIL4	c15
0.306782411080952	-0.227156637147661	0.617	0.536	1	LCP1	c15
0.0943710082024285	-0.22714399156874	0.509	0.4	1	SS18L2	c15
1.07505375744316e-08	-0.227131380743856	0.172	0.122	0.000360551529171285	ABHD16A	c15
0.000351195418784596	-0.227001386978037	0.04	0.027	1	PARP11	c15
8.63923911581271e-07	-0.226939562594077	0.15	0.11	0.0289742801466127	POLB	c15
7.48789544451177e-09	-0.226924763751968	0.137	0.095	0.000251129037418036	CFAP97	c15
5.00844273445899e-07	-0.22685919733366	0.141	0.102	0.0167973152428286	C12orf29	c15
1.50292519397254e-09	-0.226839495976652	0.127	0.087	5.04051051554511e-05	POGLUT1	c15
0.00581206047105848	0.226767163144572	0.01	0.006	1	TIMP2	c15
0.000350623170832006	-0.226671387069981	0.056	0.04	1	SMCR8	c15
0.00878198147477372	-0.226505762836466	0.014	0.009	1	VPS33B	c15
3.60765816234388e-14	-0.22638782286055	0.166	0.108	1.20993639448689e-09	PCNX4	c15
0.00501121491175464	0.226364392040437	0.012	0.007	1	NPL	c15
1.12493014611983e-13	-0.226116048759468	0.403	0.281	3.77279072405669e-09	ATXN2L	c15
2.4527270387825e-13	-0.2259799317014	0.137	0.088	8.22595594266876e-09	PACS1	c15
2.29306223129393e-07	-0.225855166463413	0.116	0.082	0.00769047211131357	SMC6	c15
2.7717192179736e-08	-0.225694792422733	0.083	0.054	0.000929579191323986	GIT1	c15
0.0228574683478904	0.225685105712316	0.01	0.006	1	ATP2A1-AS1	c15
2.15789264665117e-11	-0.225456689859058	0.235	0.165	7.23714035833869e-07	NELFCD	c15
1.00284980416973e-05	0.225442979685631	0.025	0.014	0.336335767322446	MRPL12	c15
0.000198541061367889	-0.225099863490859	0.022	0.013	1	SCFD2	c15
4.67583808473069e-10	-0.22509127458362	0.327	0.238	1.56818257685698e-05	PTPN7	c15
0.00120599488197392	0.224975916054373	0.011	0.006	1	CLYBL	c15
0.377992951224076	-0.22463986471029	0.607	0.49	1	CAPZA1	c15
1.01768689568502e-11	-0.224609702024941	0.224	0.156	3.41311831074841e-07	GBF1	c15
7.77333903873482e-14	-0.224586651211039	0.349	0.244	2.60702244681088e-09	NUTM2B-AS1	c15
3.46650756674062e-05	-0.224519874056031	0.068	0.048	1	NIPSNAP1	c15
2.46279740579234e-05	-0.224469581166347	0.401	0.307	0.825972993954634	ATG12	c15
1.85348311478237e-10	-0.224445780854647	0.262	0.186	6.21621167035712e-06	TERF1	c15
1.22830016335317e-08	-0.224441957685673	0.107	0.072	0.000411947308785387	PRKCB	c15
5.93198587219611e-09	-0.224410969096594	0.197	0.141	0.000198946942181713	CCDC97	c15
8.44884981080849e-11	-0.224398580462609	0.216	0.152	2.83357524954895e-06	RSU1	c15
0.00134114718399534	-0.224213715887398	0.534	0.417	1	SH3KBP1	c15
1.08091049740835e-08	-0.224211321678111	0.156	0.11	0.000362515762620814	DPH7	c15
0.00175346405860669	-0.224093555731502	0.04	0.028	1	ACOT4	c15
1.4142213862483e-05	-0.224068621099432	0.064	0.044	0.474301568519954	USP19	c15
3.7032939266929e-05	-0.22393309933338	0.137	0.104	1	BAIAP2	c15
9.24887869096782e-06	-0.223909780695426	0.058	0.039	0.310188893537679	SNTB2	c15
1.63571826986523e-09	-0.223845465837517	0.084	0.053	5.48587193347402e-05	MAVS	c15
1.83684018772333e-10	-0.223780421387761	0.134	0.09	6.16039462158651e-06	KRIT1	c15
0.0029996720611261	-0.223680904978253	0.657	0.51	1	SRSF10	c15
5.84022020967404e-09	-0.223587166704822	0.361	0.266	0.000195869305392048	DNAJC2	c15
0.0148179899134507	-0.22357060908754	0.026	0.019	1	TRIM62	c15
1.24314931933736e-08	-0.223553085557749	0.114	0.077	0.000416927418719362	RMDN1	c15
0.115143091135074	-0.223526686471031	0.01	0.007	1	SNTB1	c15
1.60539232594236e-05	-0.223457604005874	0.275	0.213	0.538416478274547	TOR1AIP1	c15
8.90583248812807e-05	0.223281449537338	0.023	0.013	1	PHF7	c15
1.59033567561658e-05	-0.223193016002775	0.081	0.058	0.53336677888829	PHF8	c15
0.0306673733608275	-0.223185752486508	0.503	0.407	1	PDCL3	c15
1.12803912893664e-09	-0.223106755443815	0.274	0.197	3.7832176306277e-05	WDR74	c15
0.000319895603979968	-0.222922464437491	0.102	0.078	1	RAP2B	c15
1.85765351777064e-07	-0.222643631136449	0.369	0.275	0.00623019836789919	PANK2	c15
0.00179845666458985	0.222535767553003	0.017	0.01	1	AL365205.1	c15
3.45420724469037e-12	-0.222506565930838	0.15	0.099	1.15847202572426e-07	AQR	c15
1.42087065754566e-05	-0.222374913013234	0.059	0.04	0.476531601127665	ALDH16A1	c15
3.21884403116742e-07	-0.222254312176511	0.076	0.05	0.0107953591117293	NUP155	c15
2.23876533037044e-07	-0.22204316218193	0.136	0.097	0.00750837116499637	HSD17B7	c15
3.43778804925461e-07	-0.221917146101208	0.131	0.094	0.0115296535595901	SYS1	c15
0.0478082472586	-0.221888876544193	0.015	0.011	1	TTLL1	c15
3.55572207367677e-07	-0.221776354402983	0.164	0.12	0.0119251806906971	SDE2	c15
7.75500318887023e-10	-0.221760314840205	0.094	0.061	2.6008729694833e-05	HEXA	c15
1.1842959792131e-07	-0.221720257548075	0.094	0.064	0.00397189185508488	TAOK2	c15
1.03058663497019e-12	-0.221455628761248	0.142	0.092	3.45638145636303e-08	THOC1	c15
0.177236205654487	-0.22134161277436	0.018	0.015	1	ZNF57	c15
0.000355446313717826	-0.221078570567226	0.748	0.703	1	NKG7	c15
0.183478363193428	-0.221021454402192	0.018	0.015	1	TCTEX1D2	c15
0.00787630396636009	-0.220903192855533	0.041	0.03	1	TMEM38B	c15
2.25582855561235e-08	-0.220875546193149	0.143	0.101	0.000756559780981271	UBIAD1	c15
1.65491180920003e-10	-0.220727571426024	0.455	0.333	5.55024322569506e-06	LUC7L3	c15
4.81198559081638e-06	-0.220722656631807	0.474	0.361	0.1613843727448	DHX36	c15
1.22903696030546e-08	-0.220418751375918	0.118	0.081	0.000412194415747244	DMXL1	c15
3.76069515589557e-06	-0.220182050960893	0.242	0.183	0.126126194138426	MED31	c15
0.000113595501125574	-0.220168434078341	0.055	0.038	1	AAAS	c15
0.000155100098500995	0.220066907701458	0.018	0.01	1	WWTR1	c15
3.11211466467343e-07	-0.219685141743115	0.073	0.049	0.0104374101623818	VPS35L	c15
3.33056377735545e-05	-0.219610581174499	0.1	0.074	1	ZRANB1	c15
0.000683887595554291	-0.219266471760287	0.044	0.031	1	NOL12	c15
1.06913199298626e-06	-0.219165141519531	0.079	0.054	0.0358565487807732	KDM1A	c15
2.02791354966208e-06	-0.219080704227684	0.08	0.055	0.0680121646285668	CEP250	c15
8.05555824813531e-08	-0.21897242596724	0.366	0.274	0.00270167312525962	RNMT	c15
1.16457602805015e-09	-0.218924608295222	0.35	0.257	3.90575508287461e-05	OFD1	c15
9.09410752602958e-08	-0.218886522132963	0.156	0.112	0.0030499817820798	ZBTB11	c15
8.87652914278504e-11	-0.218876411088484	0.947	0.878	2.97701034390725e-06	DDX5	c15
0.0754881161780404	-0.218573559246766	0.019	0.014	1	PRNCR1	c15
1.73017400697333e-11	-0.218541120773224	0.18	0.123	5.80265758458715e-07	WDR55	c15
0.242830955258657	-0.218483863771851	0.542	0.433	1	ERP29	c15
2.06575755318005e-07	-0.218482205646842	0.434	0.324	0.00692813768185525	CNOT2	c15
4.81414214715861e-07	-0.21847585937477	0.212	0.158	0.0161456699331405	YDJC	c15
1.92397846226172e-05	0.218399711355439	0.028	0.017	0.645263896673334	VANGL1	c15
0.12760797640279	-0.218314160983368	0.019	0.015	1	USP30	c15
8.60267778875046e-05	-0.218298243927871	0.529	0.405	1	HP1BP3	c15
3.90977177525618e-06	0.218272985909635	0.014	0.006	0.131125925798542	ZDHHC14	c15
0.000127986990109793	-0.218149025664653	0.034	0.022	1	CASD1	c15
0.0775536815509246	-0.218052433604708	0.012	0.009	1	XYLT1	c15
0.0681269713331813	-0.217682591194689	0.488	0.403	1	ARID5A	c15
1.19807763322501e-13	-0.21753478282109	0.213	0.144	4.01811276631005e-09	UBA6	c15
3.41318745972289e-06	-0.21751638468181	0.053	0.034	0.114471481024186	DHTKD1	c15
3.46300671002966e-06	-0.217457291949432	0.116	0.084	0.116142319040975	MAML1	c15
0.0148777511259582	-0.217416333670416	0.019	0.013	1	ZNF852	c15
5.6317247322316e-06	-0.217368045120478	0.095	0.068	0.188876784069583	SLC25A20	c15
0.00224190312327687	-0.21727324840163	0.032	0.022	1	PAXIP1-AS1	c15
7.85107768466355e-10	-0.217237295441733	0.209	0.149	2.63309443388246e-05	SCFD1	c15
0.0002195835789858	-0.21716929887133	0.082	0.062	1	NUDT15	c15
2.72503460756015e-10	-0.217086544955198	0.202	0.142	9.13922106683524e-06	BRD8	c15
0.0318735181049211	-0.217057433924228	0.014	0.01	1	RNF130	c15
2.0887443167587e-05	0.217041674200231	0.017	0.009	0.700523068954531	C1orf74	c15
1.45610800947586e-06	-0.2170213859441	0.139	0.102	0.0488349504218012	AC118549.1	c15
7.43682527788842e-16	-0.21701865761654	0.979	0.916	2.49416246169822e-11	UBB	c15
0.000300296639888943	-0.217005105599585	0.12	0.094	1	POLR3K	c15
0.000870148785069043	0.216992039822303	0.011	0.005	1	ESPL1	c15
2.14836971614183e-09	-0.216908045736623	0.164	0.115	7.20520235399648e-05	CSE1L	c15
8.19523059441572e-07	-0.216907798586409	0.246	0.186	0.0274851643675515	SOD2	c15
9.44773219643733e-13	-0.216806332603209	0.187	0.125	3.16858042404115e-08	SEC23A	c15
5.83905999927166e-09	-0.216791509499456	0.133	0.092	0.000195830394255573	SLC30A7	c15
5.34842218062775e-05	0.216779479507747	0.015	0.007	1	AC139887.4	c15
0.0127919036618825	-0.216676239204616	0.016	0.011	1	AC027644.3	c15
2.30672640008497e-08	-0.216587637469084	0.136	0.095	0.000773629900060498	ZNF770	c15
1.04133746134404e-10	-0.216451140198798	0.136	0.091	3.49243757785563e-06	PTAR1	c15
2.27442739693263e-10	-0.216399712706075	0.216	0.153	7.62797460383265e-06	ANKRD49	c15
1.09737067129677e-07	-0.216135515957118	0.312	0.231	0.00368036175739511	TM2D3	c15
0.000724808798399977	-0.216129182337299	0.036	0.025	1	AC087239.1	c15
0.000834975548985024	-0.216034749413873	0.082	0.062	1	FANCF	c15
1.02978349214428e-08	-0.216004562851057	0.291	0.212	0.000345368787595349	THUMPD1	c15
0.0007099075651722	-0.215968814055994	0.05	0.036	1	TAF4B	c15
0.238317283919335	-0.215907274159476	0.012	0.01	1	TRAV8-3	c15
1.18390024639654e-05	-0.215861680883424	0.09	0.065	0.397056464636473	DCAF1	c15
9.44912267579461e-06	-0.215839769507431	0.035	0.021	0.3169046763008	MAPKBP1	c15
4.76636215305855e-11	-0.215515715456208	0.213	0.149	1.59854253889278e-06	MAP4K5	c15
0.000337279977903991	-0.21550504674022	0.039	0.027	1	FAM228B	c15
0.0376960733842644	-0.215433616843644	0.544	0.43	1	HNRNPR	c15
0.00550330674175525	-0.215406378705523	0.021	0.014	1	SIPA1L3	c15
1.95438112367837e-08	-0.215364761508421	0.172	0.123	0.000655460341259252	SP2	c15
0.0020873097716017	-0.215239298726052	0.023	0.015	1	SRP14-AS1	c15
0.0416740025301308	-0.2151102118589	0.012	0.008	1	MN1	c15
0.000163864902200428	-0.215095570614796	0.02	0.012	1	MYO1D	c15
0.000244443826593776	0.214992690124075	0.018	0.01	1	RIDA	c15
2.1206827284613e-08	-0.214967140556673	0.291	0.213	0.00071123457347135	CRBN	c15
1.70656682372305e-07	-0.214680596590918	0.086	0.058	0.00572348381340237	SERINC5	c15
1.29490844592229e-07	-0.214616038607445	0.263	0.2	0.00434286394593416	LPIN1	c15
0.0278524146678847	-0.21461427876701	0.018	0.012	1	CD3EAP	c15
2.34523788873103e-05	-0.214609000704487	0.029	0.017	0.786545883122615	GIPR	c15
0.00143660712534874	0.214405283557136	0.013	0.007	1	SCD	c15
8.96957188260621e-05	-0.214364826872677	0.059	0.041	1	EIF4E3	c15
1.26656289511219e-06	-0.214238840372311	0.129	0.093	0.0424779863762727	PDE12	c15
3.89092030623411e-06	-0.214209764270186	0.036	0.022	0.130493685230479	C1orf159	c15
0.000883627060799084	0.214188687864815	0.012	0.007	1	FITM2	c15
2.83598847825254e-17	-0.214149156845326	0.198	0.127	9.51133815836336e-13	GPATCH2L	c15
0.0095828461040263	-0.214117808459674	0.026	0.019	1	FAM20B	c15
6.62059685051951e-08	-0.214106531649154	0.089	0.059	0.00222041577172723	IVD	c15
7.2985083537322e-05	-0.21410365593512	0.069	0.049	1	KIAA1586	c15
0.215792420758395	-0.214007361316432	0.049	0.044	1	TRBV6-5	c15
0.000425382401208549	-0.213973050534977	0.032	0.021	1	CFAP45	c15
1.89547854673835e-06	-0.213885413149916	0.11	0.079	0.0635705595005106	ZNF91	c15
3.77895120971530e-10	-0.213859581636054	0.398	0.29	1.26738465671432e-05	TACC1	c15
2.12113467688777e-08	-0.213858325339952	0.097	0.065	0.000711386147934622	SCLT1	c15
2.00401075737528e-11	-0.213572596784017	0.225	0.156	6.72105127808521e-07	UBTF	c15
5.39665302183788e-07	-0.213490501203287	0.171	0.126	0.0180992949046399	FAM45A	c15
7.48288165936943e-06	-0.213395833984753	0.084	0.059	0.250960885091932	SAAL1	c15
3.34947715779775e-09	-0.213275267726168	0.139	0.096	0.000112334764918221	ATE1	c15
1.50129829478638e-08	-0.213220221318797	0.6	0.461	0.000503505422105455	PDE3B	c15
0.00133823986682026	-0.21316905324884	0.028	0.019	1	CXorf57	c15
8.81353299567098e-05	-0.213141406356594	0.087	0.064	1	ZNF567	c15
0.000759328451132035	-0.213134768080914	0.028	0.019	1	PUS10	c15
2.88054698814191e-08	-0.213114776328922	0.149	0.106	0.000966077848883034	POLK	c15
0.000108123210371279	-0.21302372115846	0.029	0.018	1	SBK1	c15
1.53629822993845e-05	-0.212959000403127	0.13	0.097	0.515243700356759	SHC1	c15
1.85638504879156e-06	-0.212922517587602	0.105	0.075	0.0622594417663713	SLC25A44	c15
7.29558089497951e-11	-0.212911691164786	0.168	0.115	2.44679192055823e-06	SMG5	c15
4.25420921968843e-06	-0.212731759244615	0.081	0.057	0.142677668809911	ATG4A	c15
1.00374706759461e-09	-0.212699181774038	0.17	0.118	3.3663669152988e-05	TFE3	c15
1.26428561964118e-06	-0.21269004219176	0.141	0.103	0.042401611111526	ABHD13	c15
4.55724446049958e-08	-0.212567221674919	0.136	0.096	0.00152840864716235	VAV1	c15
0.0160942644198057	-0.212545399650255	0.224	0.188	1	CORO1B	c15
0.00758905138909063	-0.212523990552079	0.017	0.011	1	HNRNPUL2-BSCL2	c15
0.000566503106378886	-0.212331888846142	0.068	0.051	1	DAG1	c15
7.58372523502618e-10	-0.212281824940278	0.133	0.09	2.54342976932308e-05	HEATR1	c15
8.72779425090482e-07	-0.212167721828079	0.113	0.081	0.0292712763586846	NCAPD3	c15
4.81500334191612e-11	-0.21212291000674	0.116	0.075	1.61485582081183e-06	TRAPPC10	c15
0.000102616437898718	-0.212013061778792	0.045	0.03	1	COQ7	c15
2.80304228664584e-06	0.21200852357575	0.032	0.019	0.0940084322095282	TRAF3IP2-AS1	c15
5.99320990969423e-10	-0.21195302857896	0.166	0.116	2.01000273951325e-05	PURA	c15
0.00601786097791057	-0.211859928211428	0.049	0.037	1	LINC00957	c15
9.31472871854568e-07	-0.211776483858208	0.148	0.109	0.0312397371762585	TOR2A	c15
7.82755496699096e-07	-0.21165392844787	0.066	0.043	0.0262520538482943	MDC1	c15
5.43812618802043e-09	-0.211648333795921	0.138	0.096	0.000182383876093829	ANAPC1	c15
5.99761027739936e-08	-0.211609796828739	0.32	0.239	0.0020114785348342	RFC1	c15
0.674796723765943	-0.211574957377901	0.653	0.539	1	RHBDD2	c15
8.87151485864115e-05	-0.211528216450212	0.062	0.044	1	TMED7	c15
4.72391290187152e-09	-0.211424277581317	0.09	0.058	0.000158430590902967	ZNF746	c15
0.807863217068755	-0.211397857128803	0.672	0.548	1	CIB1	c15
1.71130278448173e-09	-0.211316415423048	0.105	0.069	5.73936727859483e-05	PTEN	c15
5.56890685979795e-09	-0.211216964681369	0.114	0.078	0.000186769998263904	EDARADD	c15
4.24986513655122e-09	-0.210891486508023	0.235	0.169	0.000142531976949655	MRPL55	c15
0.000782319582847083	-0.210867395828185	0.338	0.269	1	PTTG1	c15
0.00454892750666688	0.210860320087645	0.013	0.008	1	ST6GALNAC3	c15
0.00756281969139917	-0.210742900522124	0.019	0.013	1	ADAP1	c15
0.0128112935443827	-0.210664565965958	0.014	0.009	1	FNTB	c15
0.210523770284054	-0.210621669641473	0.011	0.008	1	SERF1B	c15
3.27243223403937e-12	-0.210381659397514	0.341	0.242	1.09750832265212e-07	SREK1	c15
4.93504868735494e-05	-0.21036927754169	0.026	0.015	1	DBT	c15
2.52618755537677e-07	-0.210228232064096	0.109	0.076	0.00847232782322262	GTF3C2	c15
1.57655638395685e-05	-0.210203586018554	0.163	0.124	0.528745480051447	PQLC3	c15
3.92737526349306e-11	-0.2101783996359	0.398	0.288	1.3171631158703e-06	GLUL	c15
0.00175735898716625	0.210129525424477	0.017	0.01	1	AP002360.1	c15
2.17091338944706e-05	-0.210111673262607	0.385	0.293	0.728080932552756	AATF	c15
1.51107052993537e-07	-0.210096462148411	0.13	0.093	0.00506782834329724	ZDHHC5	c15
0.000992928809056298	0.209967118315678	0.016	0.009	1	FAM173B	c15
9.58497529949589e-10	-0.209722653465601	0.104	0.068	3.21460901594493e-05	HPS4	c15
5.91975410525349e-07	-0.209493444502406	0.328	0.244	0.0198536713181992	OSER1	c15
2.2104826044083e-05	-0.209164174239228	0.094	0.068	0.741351655866455	VAT1	c15
3.6010988342972e-06	-0.209093081016929	0.04	0.025	0.120773652704659	AMMECR1	c15
8.40580283325859e-10	-0.208920609236999	0.278	0.201	2.81913815421827e-05	OXSR1	c15
3.4728115345075e-08	-0.208868595881995	0.079	0.051	0.00116471153244313	DTX3	c15
4.06671693810744e-09	-0.208791770208443	0.939	0.836	0.000136389552670247	YWHAB	c15
3.44312335827369e-10	-0.208788424211132	0.21	0.149	1.15475471189783e-05	RBM10	c15
3.65155315327634e-06	-0.208631169725754	0.325	0.248	0.122465789654582	GLOD4	c15
0.000213610466114259	-0.208431748754637	0.034	0.023	1	LARS2	c15
4.09046206772291e-09	-0.208287303355897	0.148	0.102	0.000137185916827291	RBBP5	c15
1.0101030918616e-07	-0.208237222565196	0.876	0.772	0.00338768374948545	DAZAP2	c15
7.4040537401536e-06	-0.20812156423826	0.161	0.122	0.248317154337272	ALKBH5	c15
2.65147868881602e-06	-0.208103151235925	0.188	0.141	0.0889252922655118	PSMB8-AS1	c15
0.00470186319092864	-0.207861522788021	0.018	0.012	1	NEK8	c15
1.83891502045653e-19	-0.207856253934781	0.294	0.192	6.16735319560712e-15	PNKP	c15
7.14714761807363e-08	-0.207764037759904	0.102	0.07	0.00239701036814954	EAF1	c15
3.29340408228142e-08	-0.207674669176923	0.325	0.24	0.00110454186111554	UBAP1	c15
1.55837701533293e-06	-0.207457687602628	0.047	0.029	0.0522648483402358	MAPK9	c15
5.63961763343095e-27	-0.207413163837001	0.985	0.941	1.89141496190007e-22	HLA-E	c15
4.89846079132885e-09	-0.207387940957875	0.13	0.089	0.000164284578019587	FAM208B	c15
1.09012838740175e-07	-0.207365256958532	0.237	0.176	0.00365607258566798	AZI2	c15
6.56664561744115e-05	0.207287221377721	0.01	0.004	1	FRMD6-AS1	c15
9.58947051662516e-05	0.207110602418919	0.023	0.013	1	TMEM99	c15
1.38263225270993e-06	-0.207107988419778	0.03	0.017	0.0463707204913856	ATRN	c15
4.59120950996071e-07	-0.207085219477832	0.047	0.028	0.0153979984545062	ISYNA1	c15
1.23659502214564e-08	-0.207061522267675	0.209	0.152	0.000414729238527205	CACUL1	c15
5.24025299105853e-13	-0.206961781201019	0.523	0.381	1.75747604814121e-08	KMT2A	c15
2.50912575743894e-13	-0.206953787893096	0.2	0.135	8.41510596529872e-09	FNIP1	c15
0.0199009024498332	-0.206936162313819	0.019	0.014	1	TBC1D31	c15
1.35076761600579e-05	-0.206839807410385	0.075	0.052	0.453020443056023	OCEL1	c15
2.88762144438451e-07	-0.206749780413322	0.161	0.117	0.00968450480017677	IKZF5	c15
4.37604786760754e-06	-0.206480244437412	0.511	0.382	0.146763893383822	WAC	c15
7.10096272500239e-06	-0.206463103212783	0.078	0.055	0.23815208787113	MED9	c15
8.15104102307451e-06	-0.206397389498067	0.047	0.03	0.273369613831873	GTF2H2	c15
1.15017426140816e-05	-0.206305314881265	0.136	0.103	0.385745443791068	RUFY1	c15
8.9266308543333e-06	-0.206286573396678	0.368	0.285	0.29938134559263	FKBP11	c15
5.31062783705326e-06	-0.206246821423679	0.387	0.301	0.178107836399092	SLFN5	c15
8.78919434359937e-11	-0.206183288125915	0.311	0.224	2.94771999895636e-06	PHF20L1	c15
2.58198511168104e-11	-0.206086513052045	0.214	0.149	8.65946166755588e-07	TP53BP2	c15
0.00402444929637418	-0.20581968987177	0.866	0.736	1	RELB	c15
7.10627185170427e-10	-0.2057434393686	0.159	0.11	2.38330145362458e-05	CTPS1	c15
0.000344922445901518	-0.205732767274574	0.079	0.059	1	ALDH18A1	c15
4.55068168945844e-09	-0.205692434442885	0.139	0.096	0.000152620762501057	NEDD1	c15
1.91774161060904e-07	-0.205624043312423	0.241	0.178	0.00643172181366058	RNF113A	c15
0.000123093834330777	-0.205580381357737	0.067	0.049	1	CDK2	c15
1.16329969575153e-09	-0.205426780939	0.211	0.15	3.90147451961149e-05	ELF2	c15
3.41580453280727e-08	-0.205381600138391	0.378	0.28	0.0011455925242129	DDX27	c15
3.925672810438e-07	-0.205251562325452	0.227	0.169	0.013165921471647	NUDT16L1	c15
1.46520717870753e-05	0.205179200378495	0.016	0.008	0.491401183594931	LINC00526	c15
1.36033114339134e-11	-0.20515844245579	0.261	0.183	4.56227858870589e-07	ADPGK	c15
0.000299925454219047	0.20505453097857	0.014	0.007	1	AC211476.2	c15
5.93049597000833e-08	-0.204979787980454	0.048	0.028	0.00198896973842139	STK11IP	c15
3.66148972060792e-08	-0.204826986061354	0.141	0.099	0.00122799042249749	GANAB	c15
0.00145440453019789	-0.204629652634467	0.641	0.49	1	TRA2B	c15
5.7246847952444e-09	-0.20460615764739	0.132	0.092	0.000191994478662907	RPGR	c15
0.000316933642542372	0.204556263603702	0.021	0.012	1	AC020571.1	c15
3.12411197897135e-08	-0.204522433415111	0.238	0.175	0.00104776467550741	RNF138	c15
8.129465241245e-08	-0.204425689626904	0.176	0.128	0.00272646005260875	R3HCC1	c15
2.23044579275278e-06	-0.204323318347365	0.098	0.07	0.0748046909973428	NUP210	c15
0.0001813488989154	-0.204320688376852	0.065	0.047	1	LIN52	c15
1.0864860792179e-06	-0.20422583583215	0.055	0.035	0.0364385701248101	PLCB2	c15
9.16066176128686e-13	-0.204219156620935	0.133	0.085	3.07230274150039e-08	OSBP	c15
0.218979810672254	-0.204075074536707	0.636	0.509	1	JPT1	c15
6.02154690095751e-07	-0.204053771442378	0.11	0.078	0.0201950639964313	MSL2	c15
0.383937717289463	-0.203987606696581	0.644	0.526	1	ZYX	c15
3.37990135120346e-13	-0.203977339897297	0.181	0.12	1.13355131516662e-08	AP3B1	c15
0.142993323492269	-0.203744715405545	0.028	0.023	1	SASS6	c15
1.78612679170187e-09	-0.203709832171041	0.267	0.199	5.99031203400972e-05	LRRN3	c15
3.96785802987542e-09	-0.203693464429144	0.277	0.202	0.000133074022605962	MKNK2	c15
1.35338111998726e-12	-0.203616984377587	0.34	0.239	4.53896960021326e-08	PDCD6IP	c15
6.86779668893371e-08	-0.203594584566635	0.213	0.156	0.00230332165353459	SMC1A	c15
3.54863004020584e-90	-0.2035834273647	1	0.968	1.19013954288424e-85	RPS27	c15
2.39329897715965e-10	-0.203571109336717	0.092	0.058	8.02664610959802e-06	ODR4	c15
0.000370391807409294	-0.203394148154959	0.036	0.024	1	EID2	c15
0.000383927146678441	-0.203158635477825	0.347	0.273	1	NGRN	c15
2.40302980757756e-07	-0.203070068400665	0.181	0.133	0.00805928136865361	PPIE	c15
1.24595970519324e-30	-0.202741665168243	0.994	0.933	4.1786996592771e-26	EEF1D	c15
3.58793366794061e-06	0.202715313564615	0.03	0.017	0.120332119355392	HSD17B4	c15
4.15711696096699e-05	-0.202712491258173	0.533	0.403	1	DDX18	c15
1.25365169766237e-13	-0.202620358996846	0.328	0.232	4.20449706362005e-09	GPRIN3	c15
7.3553513831454e-12	-0.202571549920868	0.169	0.115	2.4668377468793e-07	ECPAS	c15
2.1047023617278e-11	-0.202485016525396	0.261	0.183	7.05875078076271e-07	H2AFX	c15
6.3607067960704e-08	-0.202446938390207	0.137	0.097	0.00213325384526609	DVL2	c15
2.96507591915844e-06	0.20241637377926	0.021	0.011	0.0994427161767357	PTER	c15
7.72948012082715e-08	-0.202409507075869	0.091	0.061	0.00259231304292301	R3HCC1L	c15
2.76047698048239e-05	0.202091504213054	0.014	0.007	0.925808769714185	CCDC106	c15
1.55091749125364e-12	-0.20207658900239	0.252	0.174	5.20146708216644e-08	ELP2	c15
1.33088172540182e-09	-0.202044081678302	0.365	0.266	4.46351113065263e-05	RILPL2	c15
0.00338258133013204	-0.202006485949787	0.022	0.014	1	CCDC152	c15
7.49285135428811e-05	-0.202003014189967	0.062	0.044	1	DUSP28	c15
2.58078599538515e-10	-0.201961734016425	0.175	0.121	8.65544007132273e-06	DIS3	c15
0.000212963412471658	0.201869429187515	0.021	0.013	1	MIR497HG	c15
4.27200169233284e-07	-0.201724078180324	0.117	0.084	0.0143274392757459	NUP85	c15
9.85281085766225e-06	-0.201593664892966	0.036	0.022	0.330443570544276	AL669831.5	c15
4.1306341749696e-13	-0.201453231461223	0.157	0.103	1.38533208960131e-08	SCAMP4	c15
0.000137657031434158	-0.201438920642109	0.061	0.044	1	HIST2H2AC	c15
1.06866342184315e-11	-0.201274629571515	0.347	0.247	3.58408338417755e-07	PPP4R3A	c15
1.68368154776549e-07	-0.201259980097525	0.166	0.121	0.00564673117489591	ZNF384	c15
0.000768890179970072	-0.201234367559222	0.093	0.072	1	IL12RB1	c15
3.44141639292769e-08	-0.201180904040095	0.055	0.034	0.00115418222986009	SH3TC1	c15
0.0297395927416429	-0.200972260321995	0.032	0.025	1	MCM2	c15
1.24901983940295e-05	-0.200796680846101	0.057	0.039	0.418896273738963	PORCN	c15
7.12665264695307e-08	-0.200713446343694	0.101	0.069	0.00239013676473512	FKBP15	c15
1.75815172530346e-09	-0.200646485741818	0.104	0.068	5.89648925632275e-05	PLOD3	c15
1.4454556837591e-23	-0.200470230590148	0.65	0.454	4.84776927219127e-19	IL7R	c15
0.794811246268508	-0.200445166878292	0.685	0.568	1	HNRNPUL1	c15
0.000784581767600853	-0.200410863269618	0.024	0.015	1	SFT2D3	c15
0.0319217634837114	-0.200302146606021	0.019	0.014	1	POMK	c15
0.00129943559911932	-0.200221116876512	0.043	0.03	1	ZNF232	c15
2.23806428203056e-09	-0.200133187977523	0.112	0.075	7.50601998907409e-05	TYW1	c15
8.5283048147429e-14	-0.200023888830974	0.405	0.281	2.86022286876847e-09	CNOT1	c15
2.55528350511238e-05	-0.199837352285714	0.095	0.069	0.856990981944589	CPSF3	c15
1.95282874386542e-11	-0.199801213651705	0.118	0.076	6.54939704117585e-07	PSD4	c15
1.46195183458687e-07	-0.199789443501928	0.094	0.064	0.00490309406283744	MED12	c15
1.17312922568645e-05	-0.199728428021935	0.052	0.034	0.393444079710722	PIGU	c15
0.0299543859379272	-0.199594153634973	0.028	0.021	1	FBXO4	c15
1.07232690744484e-10	-0.1995837312526	0.211	0.149	3.59636998218851e-06	TNIK	c15
0.00539983591826214	0.199486028558606	0.02	0.014	1	TRAV27	c15
1.36492923642446e-11	-0.199460537239558	0.067	0.038	4.57769967312036e-07	KIAA0556	c15
0.000163182205803315	-0.199269675937909	0.045	0.031	1	ZNF43	c15
6.12639188942653e-06	-0.199226150508595	0.048	0.031	0.205466931187587	TOP3B	c15
3.26451034443348e-08	-0.199093413765484	0.099	0.067	0.0010948514793161	GTF3C4	c15
1.72044812255098e-05	-0.19904668914558	0.042	0.027	0.577003891341147	NDOR1	c15
1.43378457447425e-11	-0.199042644638857	0.309	0.221	4.80862670587175e-07	SMARCC2	c15
9.63204477426135e-09	-0.198987351241416	0.139	0.097	0.000323039517639177	NCBP1	c15
9.29971106553128e-11	-0.198859121516698	0.213	0.15	3.11893709715788e-06	MICU2	c15
8.83883494074926e-09	-0.198684879237542	0.134	0.093	0.000296436846242849	DDHD2	c15
0.0200980246342227	-0.198647517524457	0.015	0.01	1	SLC22A5	c15
2.94655581908175e-08	-0.198588122318689	0.098	0.065	0.000988215890603639	NDUFAF5	c15
0.0243464326893832	-0.198464692884398	0.057	0.046	1	CDKN2C	c15
1.31186319527451e-06	-0.198410591035782	0.254	0.193	0.0439972678431167	MITD1	c15
1.44718728791535e-06	-0.198383665689494	0.099	0.07	0.048535767262105	GPATCH11	c15
0.000223556286663195	-0.19837873849411	0.066	0.048	1	LZTFL1	c15
0.000265643536508375	-0.198352546882435	0.038	0.026	1	WIZ	c15
1.15117835566043e-07	-0.198248116397774	0.152	0.109	0.00386082196921396	ANKRD54	c15
8.71915535299418e-06	-0.198219862817151	0.16	0.121	0.292423032228719	ZNF574	c15
4.16400359398682e-07	-0.198205921270171	0.092	0.064	0.013965235253513	PHTF2	c15
0.0415404180612986	-0.198051760976481	0.02	0.015	1	CIDEB	c15
1.68534998156424e-09	-0.197994494731214	0.131	0.089	5.65232676817015e-05	KATNB1	c15
1.61715702067824e-09	-0.197939765278772	0.238	0.17	5.42362121595068e-05	FBXW2	c15
2.56125171781676e-08	-0.197724143253034	0.1	0.068	0.000858992601121386	FBH1	c15
0.00622760721429993	-0.197669065801271	0.011	0.006	1	RASL11A	c15
0.000802975330864993	-0.197647067421411	0.041	0.029	1	GLYCTK	c15
1.6244268264811e-05	0.197599050039996	0.028	0.017	0.544800269065233	NUGGC	c15
2.08245657678353e-05	-0.197505397442491	0.073	0.051	0.698414286721661	SLC25A22	c15
0.0415555060630759	-0.197409086650261	0.033	0.026	1	EID2B	c15
1.59353909310741e-08	-0.197313185558795	0.184	0.133	0.000534441141046365	PRKRIP1	c15
1.3003404701684e-08	-0.197310134267817	0.059	0.035	0.000436108186885076	PPP1R16A	c15
0.000696893315686274	-0.197258614481658	0.488	0.374	1	IMP3	c15
3.27526732081647e-05	-0.197243414126777	0.091	0.067	1	MSH2	c15
1.73915913988763e-14	-0.197232825052541	0.082	0.046	5.83279192335515e-10	FTX	c15
5.61698013038601e-07	-0.19718694166659	0.309	0.231	0.0188382279612886	ZFAND6	c15
0.0634315065631112	-0.197119144066631	0.018	0.013	1	CCDC134	c15
9.9457907226165e-09	-0.196902268635084	0.075	0.048	0.000333561929255112	ELMOD3	c15
9.65774244578343e-06	-0.196872180302014	0.066	0.045	0.323901366146685	TCHP	c15
0.00451094824535655	-0.196865708158375	0.013	0.007	1	NECTIN1	c15
4.03186321421076e-10	-0.196775657392977	0.185	0.13	1.352206284782e-05	DDX42	c15
8.33766871030313e-07	-0.196713280992845	0.067	0.044	0.0279628733206147	MSTO1	c15
0.00325347970022623	-0.196685511182411	0.66	0.532	1	NOP58	c15
9.34405237925524e-09	-0.196657482420207	0.102	0.069	0.000313380828695462	ZBED4	c15
1.45252883003922e-05	-0.196576365814	0.111	0.083	0.487149119018555	TSEN15	c15
2.87456629855061e-10	-0.196467509398919	0.203	0.142	9.64072045207903e-06	PAFAH1B2	c15
4.00932905463089e-09	-0.196437128489667	0.057	0.034	0.000134464877834211	HDAC6	c15
0.0100428522323953	-0.196368802935016	0.023	0.016	1	ZNF692	c15
0.144440031329332	-0.196337452891685	0.011	0.009	1	AC008040.5	c15
4.51295279528589e-09	-0.196334455372927	0.199	0.142	0.000151355410848298	KATNA1	c15
1.71103209484993e-06	-0.196313557273306	0.064	0.042	0.057384594397077	PAK4	c15
0.0281674778360595	-0.196122211968645	0.64	0.509	1	ACTN4	c15
1.81204911271111e-09	-0.196079418907283	0.123	0.084	6.07725031421053e-05	CC2D1A	c15
8.6301362265022e-09	-0.196023076003121	0.998	0.961	0.000289437508764431	H3F3B	c15
2.38984884735247e-07	-0.196022809406772	0.153	0.111	0.00801507506425071	PIP4K2C	c15
2.24817745195516e-09	-0.195961228915578	0.629	0.469	7.5399375383672e-05	ATP2B4	c15
2.07972689866286e-05	-0.19595098779192	0.1	0.073	0.697498807273551	DTYMK	c15
0.134354375851845	-0.19593218410891	0.693	0.586	1	HLA-DRA	c15
3.73687095313056e-10	-0.19592580518304	0.198	0.139	1.25327178026093e-05	PKN1	c15
0.000217627711482568	-0.195784175045439	0.058	0.042	1	MIS18A	c15
8.79151939390472e-09	-0.195741722523584	0.166	0.118	0.000294849977432776	PHKG2	c15
2.91903205843121e-08	-0.195716426089003	0.077	0.05	0.000978984971756658	RUFY2	c15
2.33503183971516e-08	-0.195651343381986	0.224	0.165	0.00078312297840367	ATP11B	c15
4.70691145209654e-08	-0.195602465210102	0.116	0.08	0.00157860396280414	ANKRA2	c15
0.0107834606930629	0.195544967599275	0.021	0.015	1	APOBEC3B	c15
3.87770459561673e-08	-0.195483924369912	0.061	0.038	0.00130050456727794	ZDHHC13	c15
3.79967870965142e-06	-0.195430421921793	0.102	0.073	0.127433624564289	CYB5R1	c15
7.21917260432332e-05	-0.195345837956197	0.027	0.016	1	FAM120C	c15
0.000788813464282635	-0.195285593144283	0.036	0.025	1	SOCS5	c15
8.6483174815893e-09	-0.195169338738202	0.183	0.131	0.000290047271697542	ELMO2	c15
0.00029556452968755	0.195067569553208	0.017	0.01	1	NAGS	c15
0.0054350440362984	-0.195034865913299	0.025	0.017	1	KLHL26	c15
5.09616773171311e-15	-0.194977746246727	0.211	0.14	1.70915273386194e-10	PHACTR4	c15
0.0515433512160643	-0.194853635320491	0.018	0.013	1	ACP6	c15
4.78137354750974e-05	-0.194826671994826	0.077	0.055	1	STK38L	c15
8.48824928094197e-08	-0.19472585373527	0.458	0.341	0.00284678904384232	TRABD	c15
3.35267745655502e-06	-0.194538447026691	0.493	0.373	0.112442096537942	SMARCA5	c15
6.86808515417374e-10	-0.194363266756498	0.202	0.143	2.30341839900679e-05	OSBPL9	c15
1.33509521702598e-11	-0.194310638562465	0.271	0.193	4.47764233886172e-07	SLC6A6	c15
1.57195788113778e-11	-0.19427412098761	0.934	0.84	5.2720323417599e-07	TOMM7	c15
1.5537946095701e-09	-0.194066030133716	0.504	0.371	5.2111163615762e-05	BDP1	c15
1.65579366610952e-07	-0.194030242802	0.115	0.081	0.0055532007973981	TMEM234	c15
2.25395017744249e-11	-0.193591978247632	0.136	0.09	7.55929810510661e-07	ANKHD1	c15
7.44179343581342e-18	-0.193549607504431	0.217	0.14	2.49582868250311e-13	GAK	c15
1.16608139298807e-07	-0.193382041214205	0.203	0.15	0.0039108037758034	APPL1	c15
0.000324318863689287	-0.193361662799306	0.053	0.038	1	SGK1	c15
2.96892694149536e-08	-0.1933358952129	0.286	0.212	0.000995718717638715	PPP2R2A	c15
0.00873075265270192	0.193327772762084	0.012	0.007	1	WFS1	c15
5.05880101472611e-06	-0.193183787877381	0.476	0.378	0.169662068431884	SLC2A3	c15
0.0204939683495149	-0.193138600686161	0.016	0.011	1	PPM1F	c15
2.24490478696919e-09	-0.193120852387485	0.089	0.057	7.52896167453726e-05	NBPF12	c15
5.79897046192786e-05	-0.193109660198168	0.4	0.309	1	SNX1	c15
0.00721543008515978	-0.192978796369545	0.033	0.024	1	NEMP2	c15
2.36069406434744e-08	-0.1929576848669	0.143	0.101	0.000791729575300844	ING3	c15
1.2559771890412e-10	-0.192823241599871	0.09	0.056	4.21229629660637e-06	KIAA0355	c15
9.90565947279054e-20	-0.192765710670825	0.28	0.182	3.32216007398449e-15	TAOK1	c15
1.03542092047106e-07	-0.192756345365699	0.175	0.128	0.00347259468307584	GLCCI1	c15
3.88258869209028e-05	-0.19274700911547	0.088	0.064	1	ZNF689	c15
0.0457043949516475	-0.192717016107958	0.029	0.023	1	CENPO	c15
2.15933095657905e-14	-0.192698261322314	0.156	0.1	7.24196416217481e-10	EXOC7	c15
0.151432094920776	-0.192674370165736	0.788	0.642	1	HMGN2	c15
2.71137385198927e-09	-0.192620832006686	0.102	0.067	9.09340562480163e-05	LRCH4	c15
0.000699834283148138	-0.192415941966833	0.027	0.017	1	EARS2	c15
3.50890978066468e-05	-0.192382431202169	0.432	0.334	1	MIER1	c15
0.00010509222651012	-0.192340718427246	0.53	0.407	1	TBRG1	c15
0.000256980819951868	-0.192245258966707	0.015	0.008	1	AL390728.6	c15
3.09587532012488e-09	-0.192196504764329	0.333	0.242	0.000103829466486348	CLK3	c15
1.54285542585639e-06	0.192083300176733	0.026	0.014	0.0517442852723715	JRKL	c15
1.62559340482327e-08	-0.192037583320511	0.24	0.175	0.00054519151610963	TPST2	c15
1.33467698007027e-06	-0.191944748262452	0.251	0.19	0.0447623965575967	TRIM26	c15
1.27358830883913e-08	-0.191910722976383	0.165	0.118	0.000427136047018468	MTF1	c15
0.000388672586388955	-0.191762253511528	0.021	0.013	1	FUT10	c15
7.01716726325284e-13	-0.191711769924708	0.21	0.142	2.35341755674974e-08	SYVN1	c15
1.17459587663538e-05	-0.191711104838923	0.055	0.037	0.393935965105975	MCM9	c15
9.24344924357033e-08	-0.191383843900042	0.35	0.261	0.00310006800730862	YY1AP1	c15
0.00348427329082551	0.191380069441008	0.015	0.009	1	NCEH1	c15
1.12564935007262e-07	-0.191339291059602	0.052	0.031	0.00377520279027356	LRSAM1	c15
4.66654728417637e-13	-0.191314986151994	0.104	0.064	1.56506662816707e-08	INTS6L	c15
4.87990856065552e-05	-0.191267991773632	0.595	0.463	1	WNK1	c15
2.85020762801283e-13	-0.19126155694248	0.315	0.221	9.55902634282944e-09	NEMF	c15
2.35027006147521e-11	-0.191083345824741	0.173	0.118	7.88233573217555e-07	FOXO1	c15
5.02600921806536e-08	-0.191036406112527	0.16	0.115	0.00168562297155476	SCAF1	c15
8.56717211072717e-12	-0.190823352401918	0.167	0.113	2.87325818249568e-07	SEC24C	c15
8.48397836487685e-08	-0.190669210459138	0.137	0.097	0.0028453566640124	USF1	c15
4.36686006027249e-09	-0.190406429937011	0.147	0.102	0.000146455752701419	C8orf33	c15
1.13961646566150e-09	-0.190395514197634	0.17	0.12	3.82204570253552e-05	ZNF217	c15
0.000133895796537388	-0.190289916351376	0.07	0.051	1	ORC5	c15
3.30034419722738e-06	-0.19017746537437	0.048	0.031	0.110686943686612	TAF1C	c15
0.00650539112891207	-0.189918945505654	0.027	0.019	1	LRRC45	c15
0.014706535679487	-0.189829383826567	0.014	0.009	1	AC108047.1	c15
1.56014460713589e-07	-0.189756095213265	0.172	0.125	0.00523241298341235	ARF3	c15
0.000307831657425038	0.189630219242205	0.016	0.009	1	AC073254.1	c15
0.00219903562985619	-0.189622886070975	0.652	0.502	1	PPP1R12A	c15
0.0102700261558387	-0.189606208125275	0.036	0.027	1	ZNF583	c15
8.16155852468271e-08	-0.189600469298136	0.212	0.157	0.00273722349800809	NUDT4	c15
0.00111750528713769	-0.189383270746695	0.044	0.031	1	MPI	c15
9.14346348779086e-09	-0.189338473712454	0.334	0.245	0.00030665347845353	EMC10	c15
4.71640176869065e-07	-0.189218637577942	0.838	0.76	0.0158178682518347	LAPTM5	c15
3.59121832565375e-08	-0.189216762774777	0.141	0.1	0.00120442280205776	KYAT3	c15
0.0010921421964853	-0.189144852448589	0.489	0.381	1	CBX3	c15
1.12110557731122e-10	-0.189082264668272	0.148	0.1	3.75996388518638e-06	METTL14	c15
0.000541704048847228	-0.189038200879924	0.041	0.029	1	ZNF609	c15
4.20437682961856e-05	-0.189015664507726	0.471	0.364	1	AMD1	c15
2.6319822742546e-09	-0.188964312244363	0.088	0.057	8.82714215139509e-05	PDCD11	c15
2.08621227376885e-06	-0.188761678671511	0.039	0.023	0.0699673872376596	PABPC1L	c15
5.99460673828118e-07	-0.188752666813048	0.159	0.117	0.0201047120788474	C6orf47	c15
0.000412527591699697	0.188749027986068	0.022	0.013	1	ZNF563	c15
5.0633443910179e-08	-0.188676511227671	0.062	0.039	0.00169814444185958	TTN-AS1	c15
3.30266629141994e-06	-0.188674179658502	0.378	0.291	0.110764822081642	MAGED2	c15
0.00417724455170651	-0.188572439136816	0.026	0.018	1	ZNF93	c15
0.0215276351619293	-0.188418682736294	0.01	0.006	1	TONSL	c15
3.4298820266475e-06	-0.188408640521341	0.102	0.073	0.115031383409704	FCF1	c15
0.00491815528698829	-0.188397086303102	0.022	0.015	1	CRYBB2	c15
0.0120796639636904	0.188062222523705	0.01	0.006	1	INTS6-AS1	c15
2.10510184993031e-06	-0.188004100029075	0.066	0.044	0.0706009058429628	RNF123	c15
1.27888176545304e-10	-0.187945822608451	0.201	0.142	4.28911366497642e-06	LSG1	c15
1.24727651227799e-06	-0.187881780416518	0.27	0.205	0.0418311596687793	THYN1	c15
0.000775185747876212	-0.18785436958991	0.025	0.016	1	PICK1	c15
1.04890832034992e-12	-0.187800297777576	0.365	0.259	3.51782872478955e-08	GLG1	c15
0.0152849697821954	-0.187730644232672	0.024	0.017	1	ZNF419	c15
1.66547477918353e-05	-0.187716173722634	0.072	0.051	0.558566931442572	POP1	c15
0.0532733192374736	-0.187702138925965	0.011	0.007	1	ZNF573	c15
0.000922288519020431	-0.187664650679444	0.036	0.025	1	AL451165.2	c15
1.68176826098302e-05	-0.187432758341972	0.349	0.267	0.564031439368486	PRPS1	c15
2.92565722531458e-07	-0.187241477824276	0.21	0.156	0.00981206920226003	IFNGR1	c15
0.00618410282473659	-0.187207330240982	0.018	0.011	1	APLF	c15
7.17851410630637e-08	-0.186992179282675	0.409	0.304	0.00240753006097303	OGFR	c15
0.0353624794900441	-0.18696995442553	0.025	0.019	1	PHGDH	c15
6.63824554243719e-11	-0.186796402635001	0.114	0.074	2.22633479002258e-06	FAM91A1	c15
3.12557759001813e-17	-0.186790623739809	0.286	0.19	1.04825621214028e-12	SFSWAP	c15
6.818644675452e-07	-0.186699056274666	0.132	0.095	0.0228683705125309	GMPR2	c15
4.8318237775785e-05	-0.186656134815301	0.547	0.424	1	POLR2A	c15
2.39905107573406e-06	-0.186642514694844	0.06	0.04	0.0804593749779689	SPATA5L1	c15
0.000100057824922302	-0.186623043435753	0.252	0.199	1	EIF4EBP1	c15
7.60124112408609e-12	-0.186548662419152	0.175	0.119	2.54930424819599e-07	AP2A1	c15
0.00272400534005462	-0.186496401052321	0.023	0.015	1	FAM219A	c15
2.49652650994724e-05	-0.186454310228137	0.077	0.055	0.837285060906106	LIPA	c15
0.00681217568289143	-0.186429839936105	0.022	0.015	1	SPEF2	c15
0.016444771210842	-0.186392434893368	0.017	0.012	1	ZNF785	c15
5.7913577770809e-10	-0.186346984747816	0.145	0.099	1.94230557127739e-05	NFE2L1	c15
2.17163572344058e-05	-0.186331900502493	0.042	0.027	0.728323188927503	DDX47	c15
9.68993781094386e-08	-0.186318304890545	0.15	0.107	0.00324981134303435	RPA1	c15
2.18201250387965e-10	-0.18623150988644	0.089	0.056	7.31803353551158e-06	AC025164.1	c15
5.63637625322326e-11	-0.186221634229337	0.114	0.074	1.89032786780602e-06	IKZF2	c15
1.63415184548028e-07	-0.18621093367351	0.128	0.091	0.00548061845937177	MSH6	c15
2.62498248753592e-06	-0.185837116224293	0.166	0.125	0.0880366626669798	CGAS	c15
0.00232344077425533	-0.185762018488753	0.584	0.455	1	PAXX	c15
8.18060170344018e-15	-0.185670659884423	0.192	0.126	2.74361019929977e-10	RHBDF2	c15
4.73356401695809e-11	-0.185562029391393	0.267	0.19	1.5875427000074e-06	WIPF2	c15
0.0149925983282196	-0.185536448366773	0.049	0.039	1	CHI3L2	c15
2.67364869488478e-07	-0.18548584084314	0.139	0.1	0.00896688299290457	PSMG4	c15
1.51622678591289e-08	-0.185172537783929	0.225	0.164	0.000508512139459465	TGIF2	c15
3.62226240078513e-07	-0.185127300059468	0.189	0.139	0.0121483436397532	BLCAP	c15
0.0430268110878195	0.185045825254621	0.012	0.008	1	AC107959.1	c15
1.90479726382516e-08	-0.184993894971675	0.092	0.061	0.000638830906341682	LANCL1	c15
0.00126392828737102	-0.184992999543083	0.027	0.018	1	CAPRIN2	c15
0.00807384383012434	-0.184927693334773	0.038	0.028	1	WDR25	c15
2.88048840899491e-08	-0.184854454954409	0.399	0.297	0.000966058202608711	SAFB	c15
0.0225398343754876	-0.184840463740154	0.028	0.021	1	CHRNE	c15
2.03150553131514e-05	-0.184834461495327	0.104	0.077	0.681326325092473	EGLN1	c15
0.00484551013550133	-0.184806152139951	0.518	0.404	1	ATP5IF1	c15
9.17377602249722e-06	-0.184749633891649	0.393	0.298	0.307670100242512	SURF2	c15
1.39845465056299e-10	-0.184628706710794	0.441	0.32	4.69013720705815e-06	PRPF8	c15
2.75806389474556e-05	-0.184567830060769	0.266	0.207	0.924999469019766	IRF2	c15
6.5180487944246e-06	-0.184158753744998	0.042	0.026	0.218602320467412	WDR91	c15
8.34374360727588e-07	-0.184109447952955	0.105	0.074	0.0279832473100819	LNPK	c15
3.74272718266882e-11	-0.184079661349729	0.132	0.087	1.25523584252347e-06	SAMD8	c15
1.38551891241517e-07	-0.184050158978601	0.163	0.119	0.00464675332845798	CYB561D2	c15
7.36108239700129e-16	-0.184012369158046	0.325	0.221	2.46875981430629e-11	NUP58	c15
2.65377636111692e-06	-0.183987293580802	0.126	0.092	0.0890023515991391	KAT8	c15
1.19627120602826e-12	-0.18392806088094	0.274	0.192	4.01205437077757e-08	WASHC4	c15
0.00166989441013611	-0.183916140200175	0.04	0.028	1	ZNF18	c15
8.51225755454364e-09	-0.183773587882487	0.113	0.077	0.000285484093864285	LARS	c15
1.35378610830267e-08	-0.183599803519037	0.253	0.186	0.000454032785002549	ATF2	c15
0.00121804006687799	0.183544064995217	0.01	0.005	1	SLC24A1	c15
8.949938303936e-07	-0.183503752591879	0.082	0.056	0.0300163030837405	AC025159.1	c15
5.95125736887437e-09	-0.183503489916585	0.168	0.118	0.000199593269637309	HUS1	c15
1.00022361899578e-09	-0.183296391021946	0.28	0.202	3.35454997338803e-05	PSPC1	c15
2.47070802222306e-07	-0.183226182182149	0.278	0.208	0.00828626056493171	DNAJC19	c15
2.10892761759516e-09	-0.183178141717622	0.157	0.11	7.07292144389064e-05	ZBTB25	c15
1.10468660525222e-06	-0.183119766586466	0.139	0.102	0.0370489793669488	SH3GL1	c15
9.91674899141471e-06	-0.183083817635236	0.065	0.045	0.332587927674066	SLC35E3	c15
6.38247141633871e-08	-0.183083274162924	0.132	0.094	0.00214055326361168	NUP107	c15
4.63352003141052e-13	-0.182885407726979	0.398	0.284	1.55398994813446e-08	PRDM2	c15
6.94027407521827e-06	-0.182864754377244	0.032	0.019	0.23276291193467	FLNB	c15
0.0355782206030836	-0.182744750768216	0.038	0.03	1	ATP23	c15
7.51041019068937e-14	-0.182621786482864	0.17	0.111	2.5188413697534e-09	GSK3B	c15
0.000893110696943138	-0.182516974641791	0.018	0.011	1	AMER1	c15
1.86817431154919e-11	-0.182366796491243	0.173	0.118	6.26548300607367e-07	CRK	c15
1.21995260482847e-07	-0.182266754177115	0.125	0.088	0.00409147704607372	CHUK	c15
1.31880572175743e-07	-0.18217512158359	0.102	0.07	0.00442301062963006	LRRC57	c15
0.000841800351855856	0.182153036428668	0.014	0.007	1	P2RX7	c15
6.24986079690236e-08	-0.182060319121736	0.106	0.073	0.00209607831406511	SLC25A12	c15
3.18089844028225e-08	-0.181829878950432	0.18	0.13	0.00106680971890186	MTIF3	c15
8.84960490128804e-10	-0.181772735223748	0.109	0.072	2.96798049179398e-05	FBXO22	c15
3.88154059709486e-14	-0.181686607598006	0.217	0.145	1.30179108545367e-09	UBE2G2	c15
2.2914183730217e-13	-0.181625040688978	0.187	0.124	7.68495893944019e-09	WDR43	c15
0.00216445032371886	-0.181513408425294	0.033	0.023	1	BORA	c15
0.476107714346974	-0.181442774344608	0.018	0.016	1	TRAV3	c15
1.67707123074322e-06	-0.181405849869416	0.06	0.04	0.0562456149366662	CHKB	c15
0.0286826855033664	-0.181391470154255	0.029	0.022	1	NCKIPSD	c15
8.91530340001449e-10	-0.181282779249597	0.067	0.041	2.99001445429686e-05	ADAT2	c15
0.000758905571418921	-0.181263627929308	0.021	0.013	1	DVL1	c15
9.26086298704646e-12	-0.181127351298173	0.164	0.11	3.10590822859564e-07	FAM76A	c15
7.04672305556036e-10	-0.181106868063208	0.208	0.147	2.36332997837383e-05	TENT2	c15
0.00194259950095035	0.181059414419214	0.015	0.009	1	ADTRP	c15
7.71824268473025e-14	-0.18093052429865	0.252	0.173	2.58854423160483e-09	SGMS1	c15
1.1370301165326e-10	-0.18086388959265	0.129	0.086	3.81337160482704e-06	AEBP2	c15
7.99422889639714e-07	-0.180562246722328	0.25	0.189	0.0268110448727367	CTSS	c15
0.0476333866166738	-0.180537022280773	0.012	0.008	1	ZNF257	c15
0.12697023876092	-0.180461243562748	0.735	0.597	1	SF3B1	c15
7.50192984296652e-12	-0.180416618756942	0.106	0.066	2.51599723073411e-07	TCF20	c15
2.80906010993125e-12	-0.180371416860292	0.23	0.16	9.42102579668744e-08	KIAA0232	c15
0.0123966358901591	-0.180347647619064	0.01	0.006	1	LRRC27	c15
4.27902073726729e-07	-0.180313836108172	0.075	0.05	0.014350979748647	GPALPP1	c15
2.79325967793329e-09	-0.180170683293872	0.216	0.155	9.36803430785268e-05	PIAS4	c15
2.34309608794776e-07	-0.180130231125627	0.087	0.059	0.0078582756597592	RABEPK	c15
1.12743065164189e-09	-0.180082794625595	0.182	0.127	3.78117691947656e-05	TRIM4	c15
1.08182955827838e-08	-0.180026253825269	0.133	0.093	0.000362823997255403	ASB6	c15
2.59023728112222e-12	-0.179950525916218	0.177	0.119	8.6871377934277e-08	PISD	c15
0.00637552288180278	-0.179947443956173	0.03	0.021	1	ZNF527	c15
2.19836058354304e-10	-0.179869176979187	0.256	0.183	7.37286172508664e-06	ATP6V1H	c15
1.6251803596221e-08	-0.179865641656824	0.07	0.044	0.000545052989010058	TOM1L2	c15
6.60169488826277e-06	-0.179842790930862	0.38	0.289	0.221407643162557	PSMB10	c15
1.6474324330196e-05	-0.179791797672658	0.034	0.021	0.552515889386114	INTS2	c15
2.90959271239757e-07	-0.179774368538814	0.089	0.061	0.00975819203883897	SOS1	c15
8.82744252649769e-09	-0.179768417252552	0.165	0.118	0.00029605476745368	SEC16A	c15
2.70857853527139e-06	-0.179725289902626	0.058	0.038	0.0908403069159317	SLC27A4	c15
1.30261662164426e-07	-0.179662062424222	0.526	0.391	0.00436871562567053	DDX46	c15
1.94177091287108e-12	-0.17965367230796	0.126	0.081	6.51231128758702e-08	MMS19	c15
2.25748014972032e-13	-0.179520451082158	0.176	0.117	7.57113692613201e-09	KDM5C	c15
0.0332469046777382	-0.179447853090874	0.011	0.007	1	MAMSTR	c15
1.28437847219336e-05	-0.179372471041051	0.07	0.049	0.430754852004208	TADA1	c15
2.05539443974216e-06	-0.179355179590724	0.095	0.067	0.0689338187200726	TMEM128	c15
9.22211872674487e-08	-0.179348910207402	0.27	0.201	0.00309291417857569	CTDSP1	c15
1.48205340806038e-08	-0.17924062745756	0.111	0.075	0.000497051071995289	ZNF460	c15
0.0543202350323293	-0.179214261894674	0.511	0.411	1	SNX3	c15
2.40403150090374e-08	-0.17920759567012	0.467	0.342	0.000806264084773096	HBP1	c15
8.52477433427882e-12	-0.179198205422399	0.179	0.122	2.85903881623043e-07	TNPO3	c15
3.3241553040234e-06	-0.179196936741258	0.11	0.079	0.111485520586337	FEN1	c15
2.74779309899019e-12	-0.179061046911946	0.132	0.085	9.21554849539331e-08	PDLIM5	c15
1.47354090227417e-05	-0.178949974941692	0.055	0.037	0.494196147804711	TAF6L	c15
9.60271046656829e-08	-0.17893411370939	0.195	0.143	0.00322055703627767	ASB8	c15
1.45720229134997e-08	-0.178727037418513	0.143	0.101	0.000488716504472952	STIM2	c15
1.34862229472265e-09	-0.178493844402709	0.297	0.216	4.52300945204081e-05	MCM6	c15
2.63221012011303e-07	-0.17848502888642	0.149	0.108	0.00882790630083508	ICMT	c15
0.000364859709863992	-0.178450536280358	0.03	0.02	1	USP45	c15
9.38417907506639e-20	-0.178449175711186	0.386	0.261	3.14726597819577e-15	ATXN1	c15
8.98151183579636e-08	-0.178433763245342	0.132	0.094	0.00301221943948938	PKNOX1	c15
1.85892006964593e-05	-0.178353976124089	0.046	0.03	0.623444612957852	DIS3L	c15
1.25484796999618e-09	-0.178293381055309	0.131	0.089	4.20850912177318e-05	MON1B	c15
0.00307622763281919	-0.178006966341893	0.034	0.024	1	PDSS1	c15
9.49034470025473e-14	-0.177997302248796	0.182	0.12	3.18287180557143e-09	SEC24B	c15
4.71481007285669e-06	0.177992031632568	0.027	0.015	0.158125300223468	APOM	c15
1.34785461757803e-08	-0.177973884647478	0.147	0.103	0.000452043481643318	ZNF195	c15
4.13408897173074e-06	0.177678724257129	0.031	0.018	0.138649075933905	ARPC1A	c15
5.75156094135587e-09	-0.177668796291407	0.273	0.199	0.000192895850851193	TTC1	c15
6.43520415665948e-16	-0.177654274785836	0.195	0.127	2.15823877006046e-11	MGRN1	c15
4.95865114716824e-11	-0.177414934544917	0.204	0.143	1.66303242173728e-06	ESF1	c15
1.02212413819158e-15	-0.17724869565449	0.162	0.103	3.42799993466692e-11	CEP95	c15
0.0261182284909716	-0.177237334707955	0.013	0.008	1	ZNF347	c15
8.53624303699509e-06	-0.177039743014057	0.076	0.053	0.286288518974742	HEATR6	c15
0.0350571084865515	-0.17699742911682	0.011	0.007	1	RARA-AS1	c15
5.9675306685627e-07	-0.176932475894556	0.097	0.067	0.0200139043562256	ZNF3	c15
2.44656437111218e-11	-0.176883098346401	0.457	0.332	8.20528758783602e-07	CHD1	c15
0.000349339900205302	-0.176830011173974	0.631	0.487	1	CSNK1D	c15
6.25682272169218e-08	-0.176786618971801	0.107	0.074	0.00209841320440112	MFSD8	c15
0.00441884003844648	-0.176648699279514	0.039	0.029	1	DDX19B	c15
6.35940312304848e-06	0.176540038323772	0.037	0.023	0.2132816619408	FLVCR1	c15
0.000175061057802196	-0.176505289309716	0.036	0.023	1	RIOX2	c15
7.01861422900516e-11	-0.176362257678471	0.115	0.075	2.35390284012375e-06	RIOK2	c15
1.13005189377604e-16	-0.176337173837477	0.247	0.162	3.78996804134607e-12	EIF2B4	c15
2.98047806864289e-05	-0.176166775088972	0.801	0.673	0.999592734661452	AHNAK	c15
0.000456320987821486	-0.176166311874582	0.519	0.399	1	RELA	c15
1.00217446058003e-07	-0.175837714370128	0.145	0.104	0.0033610927058933	SLC35B2	c15
0.0012408650827855	-0.17568284783288	0.023	0.015	1	IPO4	c15
2.01290798405227e-10	-0.175592622463364	0.238	0.17	6.75089079691449e-06	UBAC2	c15
1.37297696985062e-10	-0.175539264431343	0.148	0.101	4.60469016148502e-06	POGK	c15
9.49235821400123e-06	-0.175365892774629	0.469	0.353	0.318354709781173	PNRC2	c15
2.73900934981881e-06	-0.175343034031399	0.412	0.312	0.0918608955742234	BNIP2	c15
1.05502613606787e-05	0.175325121270876	0.027	0.015	0.353834665514441	RASGRP3	c15
0.0429288956942933	-0.1753182525713	0.034	0.027	1	TRAV14DV4	c15
4.94993601365503e-10	-0.175289761650909	0.185	0.13	1.66010954025962e-05	ASMTL	c15
0.000703669456376204	-0.175219405183697	0.033	0.022	1	SENP3	c15
8.29706190442559e-08	-0.175106806038983	0.393	0.291	0.00278266862150626	WAPL	c15
1.08926666883709e-05	-0.175105973969279	0.057	0.038	0.365318255394584	PDCD2L	c15
5.7356417763823e-09	-0.175092809442303	0.114	0.078	0.000192361953896309	AMBRA1	c15
2.20760557601796e-05	-0.175028604816575	0.048	0.032	0.740386758084903	SS18L1	c15
3.78149240949143e-09	-0.174963882350158	0.285	0.209	0.000126823692429524	FUBP1	c15
4.66172745830797e-14	-0.174879713759182	0.233	0.158	1.56345015496733e-09	CCDC130	c15
0.00723232955218242	-0.174745642519636	0.033	0.024	1	PSAT1	c15
9.86700981618183e-07	-0.174675997670382	0.096	0.067	0.0330919775215106	CCDC85C	c15
2.02603071350546e-10	-0.17460728715562	0.17	0.117	6.79490180695462e-06	HARS2	c15
3.18016796948006e-08	-0.174473446283101	0.159	0.113	0.00106656473360422	ING4	c15
0.0388449607010983	-0.174460319100001	0.662	0.542	1	STK17B	c15
1.48740746099483e-13	-0.174309451863455	0.23	0.156	4.98846714268446e-09	CUL5	c15
0.0231609800502401	-0.174299023203214	0.701	0.563	1	TAF1D	c15
0.00430859679909217	-0.174150347256037	0.033	0.024	1	PIGN	c15
1.34686372722301e-08	-0.174131391929117	0.171	0.122	0.000451711156836052	EXOSC8	c15
6.23448922946991e-08	-0.174129419941723	0.082	0.054	0.00209092299777962	SLC30A6	c15
0.05194759408127	-0.174094954661633	0.011	0.007	1	AC006213.2	c15
0.00980455180567284	-0.1740390344333	0.03	0.022	1	IFT74	c15
1.01595630046568e-11	-0.173977104474631	0.212	0.147	3.40731424050181e-07	PTTG1IP	c15
1.00849141100745e-06	-0.173971451936518	0.118	0.084	0.033822784942368	MED11	c15
0.00370282289473902	-0.173891104686693	0.015	0.009	1	TIGD6	c15
0.00265312368069897	0.173877709641197	0.014	0.008	1	AC145207.2	c15
0.0185763028652842	-0.173634690138855	0.017	0.011	1	CYB5D1	c15
6.79346467159045e-07	-0.173613032064775	0.097	0.068	0.02278392181558	ATRIP	c15
5.87298222922573e-10	-0.173612790906553	0.1	0.065	1.96968078003773e-05	SH2B1	c15
0.000170366408724346	-0.173612645605878	0.055	0.039	1	TMEM80	c15
1.17833237304842e-10	-0.173473170155062	0.443	0.323	3.95189111272978e-06	RB1CC1	c15
4.94946998234281e-08	-0.173453480966588	0.144	0.103	0.00165995324267813	TTC33	c15
1.34003696609405e-06	-0.173328223118091	0.186	0.139	0.0449421597688621	PLEKHF2	c15
1.57665996834545e-07	-0.173240215952007	0.085	0.057	0.00528780220183696	TMEM106B	c15
2.3871937056983e-06	-0.173161234120622	0.1	0.071	0.0800617025017095	HDHD5	c15
4.41572353154202e-10	-0.173024075010487	0.134	0.09	1.48094535800856e-05	KHSRP	c15
4.40140131358079e-11	-0.172951386341618	0.155	0.105	1.47614197254873e-06	TRIM37	c15
4.79398850722856e-08	-0.17291255129018	0.535	0.398	0.00160780786555431	ITSN2	c15
2.26506205154786e-05	-0.172598795629753	0.062	0.043	0.759656510848122	MR1	c15
0.0946480566939211	-0.172581434187425	0.013	0.009	1	EXT1	c15
6.36400203477348e-07	-0.172460494676496	0.068	0.045	0.0213435900242233	EXOSC2	c15
1.75284856953039e-07	-0.172346413356975	0.062	0.04	0.00587870353249102	ULK4	c15
0.797729671142665	-0.172238582896188	0.011	0.011	1	FANCB	c15
4.91464322399426e-13	-0.172127966061409	0.262	0.183	1.6482730444632e-08	KIF13B	c15
9.28152956708884e-07	-0.172100865083833	0.155	0.114	0.0311283938621026	CNP	c15
1.33144782964844e-05	-0.171981009500549	0.062	0.043	0.446540973107493	HEG1	c15
0.000716148266202263	0.171946232942711	0.014	0.008	1	LIPT2	c15
6.1047953495664e-10	-0.171783660430068	0.161	0.111	2.04742626433758e-05	CD2AP	c15
1.17552570857746e-07	-0.171550341181069	0.053	0.032	0.00394247812142708	PKD1	c15
0.00246572833852707	-0.171440923718489	0.018	0.011	1	BIVM	c15
1.53665761050906e-12	-0.171409861058259	0.2	0.137	5.15364229412528e-08	OSGEP	c15
1.66697110613698e-05	-0.171318541877423	0.11	0.082	0.559068769576221	SDHAF2	c15
0.167337571840337	-0.171306129437236	0.765	0.624	1	TUBA1A	c15
2.52315646871329e-12	-0.171281770202693	0.103	0.064	8.46216216477063e-08	UNKL	c15
2.50299892360008e-06	-0.171203616864098	0.059	0.039	0.0839455778996994	TADA2A	c15
1.00994318498661e-11	-0.171174133307711	0.187	0.127	3.38714745380809e-07	HMGXB3	c15
3.05507375880935e-11	-0.171166186643112	0.098	0.062	1.02461063722948e-06	ATAD2B	c15
1.55438743747702e-08	-0.17112544679036	0.308	0.228	0.000521310458781044	SEC61A1	c15
2.84701012537655e-05	-0.171107278499077	0.437	0.335	0.954830255848787	SERINC3	c15
8.25795318247147e-10	-0.170938135785666	0.234	0.169	2.76955233833728e-05	RNASEH2B	c15
2.25235522790444e-05	-0.170895232533349	0.5	0.384	0.755394896334592	XBP1	c15
0.000116286937601957	-0.170866268845483	0.04	0.026	1	FTO	c15
1.08879590866313e-09	-0.170855477220271	0.087	0.056	3.65160371847442e-05	DXO	c15
7.96283646754072e-12	-0.170635659671066	0.357	0.257	2.67057609448381e-07	CEP350	c15
3.45585628115639e-12	-0.170617506983947	0.209	0.144	1.15902507957423e-07	EIF3B	c15
8.03644966091366e-05	-0.170506271790468	0.064	0.046	1	RPE	c15
1.95863397256413e-13	-0.170405568495694	0.229	0.157	6.56886661718556e-09	BANP	c15
0.00480723222592573	-0.170379507319701	0.011	0.007	1	MEGF8	c15
1.00055133419486e-07	-0.17035208758682	0.39	0.295	0.00335564906462272	ARID4A	c15
0.000190818715486169	-0.170263360782745	0.042	0.029	1	FAM184A	c15
3.0734143111185e-08	-0.170255157550317	0.111	0.076	0.00103076169166292	TENT4B	c15
0.412352709862798	-0.170251425794387	0.79	0.673	1	HLA-DPA1	c15
0.0601343818036139	-0.170048831244669	0.83	0.691	1	MBNL1	c15
3.63244047196429e-07	-0.170045114883019	0.054	0.034	0.0121824788548739	VPS52	c15
4.4346718639636e-07	-0.17000725306188	0.263	0.197	0.0148730024973611	RBM18	c15
2.24238261211373e-09	-0.169974750055217	0.161	0.112	7.52050280450704e-05	PCID2	c15
0.000385235942363492	-0.169892253060469	0.052	0.037	1	EXO5	c15
5.72540776611375e-11	-0.169824049970773	0.23	0.161	1.92018725659923e-06	TBPL1	c15
1.13805250682496e-18	-0.169440387503462	0.241	0.157	3.81680049738956e-14	WHRN	c15
0.000126548218378668	0.169326220338275	0.019	0.011	1	ALG10	c15
1.62055651530386e-09	-0.169321339914456	0.294	0.213	5.43502244102609e-05	POR	c15
5.72694492728934e-07	-0.169279191416	0.06	0.039	0.019207027897143	SLC25A37	c15
9.45302591112579e-08	-0.169265802519357	0.097	0.066	0.00317035583007337	PNPT1	c15
2.21608176433431e-11	-0.16909323179294	0.353	0.253	7.43229502122441e-07	KPNA1	c15
2.40224476852943e-05	-0.169018510747208	0.033	0.02	0.8056648504694	ZNF548	c15
7.68184036351232e-13	-0.168836869499787	0.083	0.048	2.57633562111476e-08	ERGIC1	c15
9.5621517002867e-09	-0.16866632257054	0.134	0.093	0.000320695443724215	NME7	c15
8.96364306851992e-10	-0.168536800133169	0.361	0.264	3.00622661232021e-05	MAP7D1	c15
3.07937877276407e-13	-0.16837094396325	0.25	0.172	1.03276205280961e-08	C19orf25	c15
2.01916328987647e-05	-0.168075751704186	0.071	0.05	0.677186984158769	KCTD18	c15
4.54075800611151e-06	-0.168000366902615	0.118	0.086	0.152287942008968	RAB33A	c15
1.62418450612475e-06	-0.167775119200259	0.605	0.462	0.054471899966412	TPR	c15
5.13129167196416e-05	-0.167672002092254	0.056	0.039	1	B4GALT7	c15
0.00100471432719436	-0.167364848440338	0.036	0.025	1	ST6GAL1	c15
2.93696157147961e-12	-0.167276093202295	0.334	0.236	9.84998171842831e-08	TGOLN2	c15
9.59590688555836e-11	-0.167259377635277	0.198	0.138	3.21827525127856e-06	MED1	c15
7.10578232496533e-06	-0.167222114738333	0.419	0.322	0.238313727614687	RBBP7	c15
8.88740501575479e-06	0.167191525803902	0.022	0.012	0.298065789418384	MAP3K12	c15
0.000774045616445707	-0.167002659322741	0.048	0.034	1	ZNF790	c15
0.0180273379372309	-0.166963621974924	0.031	0.023	1	MCEE	c15
6.82829306024499e-08	-0.166790693148648	0.176	0.128	0.00229007292654497	CALHM2	c15
2.54472154562953e-07	-0.166741851822581	0.131	0.093	0.00853448711973231	ZFAND1	c15
2.65409728326041e-11	-0.16662757722882	0.159	0.107	8.90131146859878e-07	ACBD5	c15
0.00433787520818715	-0.166612796348255	0.018	0.011	1	PDE6B	c15
3.88628066518015e-16	-0.166567389420883	0.184	0.119	1.30338080948812e-11	PRKDC	c15
1.92314438729751e-09	-0.166388138286741	0.076	0.048	6.44984164611838e-05	INPP5E	c15
2.28652312466161e-14	-0.166374404096638	0.233	0.158	7.66854125549009e-10	USP9X	c15
5.79930106268491e-06	-0.166369287313037	0.049	0.031	0.194496959040326	CDK19	c15
1.14834533509226e-13	-0.166291832129471	0.342	0.24	3.85132058483241e-09	LGALS8	c15
2.25186437436682e-06	-0.16626820944135	0.074	0.051	0.0755230273875145	RANBP6	c15
0.0899944903442279	-0.166241554286148	0.918	0.806	1	SON	c15
0.0104646644171146	-0.166201333487597	0.028	0.02	1	FANCM	c15
2.92362537947682e-13	-0.166069508516908	0.158	0.104	9.80525479768937e-09	ASAP1	c15
6.24296852267011e-11	-0.165978531208884	0.098	0.062	2.0937667831331e-06	NPRL3	c15
0.00149848926480731	-0.165977081407858	0.041	0.03	1	HSDL2	c15
5.79220779462125e-11	-0.16591486205326	0.36	0.261	1.94259065016008e-06	VMP1	c15
0.609236722750541	-0.165858558122745	0.753	0.618	1	PRR13	c15
2.55779242240765e-08	-0.165588849158523	0.13	0.091	0.000857832422627076	BIN3	c15
6.50135392267015e-07	-0.165548443401914	0.095	0.066	0.0218042407858511	ITPK1	c15
2.39304178926347e-11	-0.165540584390898	0.127	0.083	8.02578355283183e-07	RMDN3	c15
1.67816409420713e-13	-0.165454883317886	0.281	0.193	5.62822673915186e-09	EXOSC1	c15
1.86374212251481e-10	-0.165393082186725	0.308	0.223	6.25061833049017e-06	C6orf62	c15
0.0680042474899855	-0.165244384336761	0.839	0.703	1	ARHGDIA	c15
4.15896578288475e-08	-0.16520181852641	0.475	0.347	0.00139483394426389	GTF2B	c15
2.34232339389641e-09	-0.165162750196677	0.183	0.13	7.85568419844977e-05	COMTD1	c15
6.49553004592431e-11	-0.165059718458913	0.139	0.093	2.17847086680209e-06	SUGP1	c15
1.39961331791181e-12	-0.165054644749119	0.113	0.071	4.69402314561261e-08	NR2C1	c15
3.82100213360391e-07	-0.164953675463699	0.145	0.106	0.0128148769556808	INTS14	c15
1.23608630941841e-11	-0.164876128937828	0.122	0.079	4.14558626452745e-07	SLC36A4	c15
0.966891329008396	-0.164778163687266	0.773	0.63	1	SELENOK	c15
0.438333440403579	-0.164710302779334	0.011	0.01	1	ZNF417	c15
7.44602979903127e-05	0.164619181763968	0.023	0.014	1	GSEC	c15
3.31415706882224e-18	-0.164617217800676	0.306	0.203	1.1115019977416e-13	MARK3	c15
0.00731580441452043	-0.164593364683976	0.03	0.022	1	CEND1	c15
4.8030625211486e-08	-0.164350531430057	0.395	0.29	0.00161085110834282	PPP1R11	c15
1.54231456825151e-12	-0.164318423982308	0.352	0.249	5.17261459900193e-08	SIRT7	c15
6.29848443123905e-14	-0.164120853360652	0.302	0.209	2.11238570854895e-09	GPS2	c15
3.04490312423456e-08	-0.164118717655933	0.098	0.065	0.00102119960980579	CCDC126	c15
3.61349760241271e-14	-0.164079666100182	0.316	0.219	1.21189482589718e-09	PBRM1	c15
1.75463508952307e-08	-0.16403245676925	0.159	0.113	0.000588469516324247	MPHOSPH6	c15
3.26521064749212e-13	-0.163900035911165	0.319	0.223	1.09508634695591e-08	ARFGAP2	c15
4.63540800055761e-07	-0.163816170235886	0.435	0.326	0.0155462313522701	SDHA	c15
6.66985074385779e-11	-0.163744178960915	0.314	0.224	2.23693454247502e-06	MLX	c15
1.32149667963229e-10	-0.163681115463795	0.17	0.117	4.43203556415079e-06	PPIH	c15
0.000928802962411069	-0.1636271914145	0.025	0.016	1	DARS2	c15
2.24037649277827e-09	-0.163616240612868	0.134	0.092	7.51377468147976e-05	RARS2	c15
9.86290554807639e-09	-0.163448300058226	0.154	0.109	0.000330782126271386	RNF13	c15
4.49095160962429e-06	-0.163429795626276	0.025	0.014	0.15061753508358	JRK	c15
4.92724694001075e-06	-0.163276233402387	0.459	0.351	0.165250007874081	TAF7	c15
0.0408794197390007	-0.163266663389893	0.013	0.009	1	AC093673.1	c15
0.00025080045296315	0.163261521991754	0.03	0.019	1	TNFSF12	c15
7.82339506271984e-09	-0.163230395452987	0.096	0.064	0.000262381023613498	MAP3K3	c15
9.15540908228797e-09	-0.163132729956181	0.224	0.163	0.000307054109801774	METTL23	c15
7.58091883840136e-09	-0.163128387476005	0.105	0.07	0.000254248856002305	FAM160A2	c15
0.000150617645033615	-0.162740964814848	0.714	0.555	1	RBM25	c15
6.46026370772953e-09	-0.162701515760274	0.167	0.119	0.000216664324229833	TOR1AIP2	c15
3.78829364575328e-05	-0.162583223804666	0.042	0.027	1	LMAN2L	c15
0.00598116445973291	-0.16258278113946	0.042	0.031	1	ZNF684	c15
2.12297728914864e-13	-0.162547228203924	0.146	0.095	7.1200412323467e-09	EML3	c15
1.65136152956739e-09	-0.162522800240371	0.188	0.132	5.53833629786313e-05	PNO1	c15
1.47164365162663e-10	-0.162450711552019	0.155	0.106	4.93559847882538e-06	CBL	c15
0.00782568405128917	-0.16241020803087	0.03	0.022	1	MMAB	c15
4.08237150846257e-06	0.162378481010414	0.016	0.008	0.136914575650818	SNPH	c15
2.30907036711784e-05	-0.162333895430204	0.046	0.03	0.774416019723981	SNHG10	c15
2.7279510056038e-08	-0.162294039430943	0.235	0.172	0.000914900208259402	THAP11	c15
2.12568248762736e-12	-0.16229177394994	0.243	0.169	7.12911392700465e-08	KPNA6	c15
1.12439820317365e-08	-0.162218866588252	0.119	0.082	0.000377100669380377	ATF6	c15
0.00363662791239134	-0.162029292612909	0.015	0.009	1	PLXNC1	c15
4.91636698654006e-09	-0.16201355998799	0.117	0.08	0.000164885115994581	TAF1B	c15
0.0123101167296063	-0.161640343902471	0.968	0.895	1	EZR	c15
0.159031169657592	-0.161526219541885	0.013	0.01	1	TIGD7	c15
0.647692504464114	-0.161320303696342	0.872	0.751	1	PRRC2C	c15
1.01797311940741e-08	-0.161110571945829	0.105	0.071	0.000341407824786857	PPP2R1B	c15
1.3637485475602e-12	-0.160984941941856	0.218	0.149	4.57373987880739e-08	DYRK1B	c15
1.77363856550605e-06	-0.16086977800666	0.159	0.119	0.0594842902099418	NBN	c15
2.56844355261719e-06	-0.160808692920886	0.128	0.094	0.0861404598676753	POLR2M	c15
0.00399966970954403	-0.160712366267372	0.01	0.006	1	CYP3A5	c15
6.79257414946545e-06	-0.16058430166406	0.084	0.059	0.227809351824772	DTNBP1	c15
3.75971303143877e-05	-0.160570180670816	0.065	0.046	1	TSPOAP1-AS1	c15
9.99775322417086e-09	-0.16048117067251	0.381	0.28	0.000335304647632242	WDR33	c15
2.47525616286031e-05	-0.160178270935896	0.078	0.056	0.830151411900092	STMN3	c15
0.000241557971168797	-0.160175295408279	0.038	0.026	1	ZNF202	c15
6.21130645622311e-10	-0.160147946577224	0.224	0.159	2.08314795928811e-05	FAM120AOS	c15
0.000369015751196284	-0.15998762299996	0.022	0.013	1	SAV1	c15
0.000138083818712566	0.159926514518435	0.015	0.008	1	ALG10B	c15
1.89363666678553e-10	-0.159804089482633	0.117	0.077	6.35087865306532e-06	AP4B1	c15
0.00342760923942762	-0.159619614857934	0.056	0.043	1	OGFRL1	c15
2.52686961877455e-05	-0.159612914247143	0.06	0.041	0.847461532744608	ALG11	c15
5.09210090118718e-08	-0.159493877089691	0.088	0.058	0.00170778880024016	MARK4	c15
0.00462241760379828	0.159448078783701	0.012	0.007	1	ZBTB42	c15
2.25976827782693e-13	-0.159211963379243	0.226	0.154	7.57881085017596e-09	PPP2R5E	c15
3.85584319708208e-08	-0.1589805093866	0.115	0.08	0.00129317269143739	CHPT1	c15
9.37372786003944e-09	-0.158870219210347	0.138	0.096	0.000314376084970003	EDEM2	c15
0.000518424261011981	-0.15882163992815	0.025	0.016	1	ADARB1	c15
2.10348654750827e-11	-0.158638345065775	0.182	0.125	7.05467318303324e-07	SFXN3	c15
2.4035559901616e-12	-0.158605934481614	0.169	0.113	8.06104607980398e-08	KLHL36	c15
3.2987154321845e-09	-0.15847767377284	0.104	0.069	0.000110632318164604	RGP1	c15
0.114495046518824	-0.158401375794817	0.743	0.612	1	CD6	c15
0.00135098971438256	-0.158391984720998	0.021	0.013	1	FSIP1	c15
9.16327021556932e-10	-0.158170152683738	0.151	0.105	3.07317756489764e-05	UBQLN2	c15
2.3293583944572e-11	-0.158069099187058	0.15	0.101	7.81220218333057e-07	SOAT1	c15
3.34249749950832e-10	-0.158048192765563	0.343	0.248	1.1210068113851e-05	CCDC174	c15
5.3103370305993e-08	-0.158017864639922	0.078	0.051	0.00178098083332239	MCOLN1	c15
1.26810634131465e-05	-0.157905286116474	0.024	0.013	0.425297504750106	TRIM73	c15
0.00404272495080438	-0.157867674140475	0.041	0.03	1	TMEM42	c15
3.94939568913338e-13	-0.157864070829607	0.134	0.087	1.32454832622155e-08	SESN3	c15
8.8430480810145e-12	-0.157820005848525	0.232	0.16	2.96578146541064e-07	SRSF8	c15
6.33532296191427e-12	-0.15771816368459	0.139	0.09	2.12474061496681e-07	INTS12	c15
1.40525417340486e-11	-0.15769395532136	0.293	0.208	4.71294144676523e-07	SP140	c15
1.2757569968561e-10	-0.157650615178457	0.32	0.23	4.278633816056e-06	DDX50	c15
4.37185228135917e-22	-0.157592521131094	0.382	0.254	1.46623181812224e-17	UBR4	c15
0.000164991264843136	-0.157531654338939	0.051	0.035	1	PAQR8	c15
8.29535922140523e-14	-0.157497515256511	0.421	0.3	2.78209757567489e-09	RC3H1	c15
6.09599083528986e-05	-0.157448202403784	0.051	0.035	1	SLCO4A1	c15
0.0660608036255351	-0.157367886300926	0.016	0.012	1	POLA1	c15
2.08107011832424e-08	-0.157242710001105	0.178	0.128	0.000697949296283584	VAMP7	c15
0.00501070165521462	0.157162270654861	0.017	0.011	1	CD68	c15
5.07095477468265e-08	-0.157158387051561	0.227	0.166	0.00170069681233307	RPA2	c15
3.84460042377302e-10	-0.157123245689569	0.127	0.086	1.289402090125e-05	PEX3	c15
8.5888260396319e-13	-0.15709400061074	0.2	0.135	2.88052047717175e-08	CCS	c15
2.31572210502936e-05	0.156968328458859	0.012	0.006	0.776646879584747	KRTCAP3	c15
1.55290461471327e-08	-0.156756612123429	0.107	0.073	0.000520813149682535	MGA	c15
3.47482013336698e-10	-0.156668568972688	0.331	0.24	1.16538517632862e-05	PARP1	c15
0.00203278426775661	0.15654219537138	0.012	0.007	1	AL645941.3	c15
1.46017072664701e-07	-0.156480960071968	0.105	0.073	0.00489712058302874	PRPSAP2	c15
0.00646371287825089	-0.156429382140898	0.016	0.01	1	AC010618.3	c15
6.67135545478706e-08	-0.156387999353781	0.039	0.022	0.00223743919242648	TRAF3IP1	c15
2.32194005453516e-09	-0.156373597028525	0.138	0.095	7.78732255490002e-05	TRNT1	c15
6.90806377236686e-07	-0.156358752671213	0.061	0.039	0.023168264279764	BAHD1	c15
0.0592701447697406	-0.156270173780238	0.835	0.717	1	NOP53	c15
8.15254249576274e-05	0.156182162478427	0.016	0.008	1	SDHAF4	c15
2.68689864793792e-17	-0.156127983662007	0.506	0.359	9.0113206854542e-13	STAT5B	c15
5.21221067321931e-06	-0.156123747325486	0.05	0.032	0.174807121558429	LIG3	c15
6.99002847901047e-06	-0.155870707042969	0.509	0.386	0.234431575129053	SRPRA	c15
6.43873669647733e-12	-0.155837173102058	0.26	0.182	2.15942351326457e-07	CDK9	c15
1.51205146009261e-05	-0.155729145985554	0.047	0.031	0.507111818685859	ACADSB	c15
1.35055529267125e-09	-0.155217134178997	0.122	0.083	4.52949234056083e-05	ATF7	c15
2.93354503932335e-14	-0.155162657508671	0.2	0.134	9.83852335288265e-10	DCAF8	c15
5.04424432122561e-07	-0.155134498779638	0.321	0.241	0.0169173866045265	PYURF	c15
3.87219889636212e-09	-0.154982624279693	0.252	0.184	0.000129865806586193	RMND5A	c15
1.84083167021401e-06	-0.154857745164233	0.075	0.051	0.0617378125556375	LINC00662	c15
1.70479428704052e-61	-0.154782841082941	1	0.958	5.71753907987648e-57	RPL30	c15
0.0150126420712404	-0.154701474468149	0.021	0.015	1	ZNF555	c15
0.133784606984685	-0.154599050026894	0.011	0.008	1	AL358333.3	c15
0.000161519892227884	-0.154389714313083	0.056	0.039	1	C1orf109	c15
3.48266358298828e-09	-0.154286939457057	0.09	0.058	0.000116801571246261	RAD17	c15
2.75952866196146e-08	-0.154159583651282	0.318	0.235	0.000925490722648636	UBE2G1	c15
0.00724770913748732	0.154105116688768	0.011	0.006	1	AP003068.2	c15
0.000193639243269165	-0.154103507537139	0.055	0.039	1	DCAF4	c15
3.84109125054311e-06	-0.154076459674167	0.535	0.406	0.128822518360715	GGNBP2	c15
5.77285984232157e-06	-0.153918770285166	0.036	0.022	0.193610173391781	ZNF333	c15
9.74607615018716e-08	-0.153857272025308	0.081	0.054	0.00326863901924977	ZNF143	c15
1.57570770831737e-13	-0.153826092509488	0.224	0.152	5.2846085121548e-09	CLPX	c15
6.83427866259152e-15	-0.153817475694827	0.291	0.2	2.29208037785994e-10	COL4A3BP	c15
0.0250961368404775	-0.15372975189983	0.014	0.009	1	DZANK1	c15
2.61103227830447e-10	-0.153452326639	0.123	0.082	8.75688005497753e-06	FAM120A	c15
5.54585676052461e-10	-0.153424456923022	0.123	0.083	1.85996944034474e-05	DNAJC17	c15
6.03568787175941e-05	-0.153409812839634	0.907	0.801	1	CNBP	c15
1.24018371419517e-07	-0.153220487763597	0.523	0.388	0.00415932814066776	TMOD3	c15
2.08205956070933e-10	-0.153135527529566	0.38	0.274	6.98281135470696e-06	MTMR14	c15
4.25938661525321e-07	-0.153060282478323	0.08	0.054	0.0142851308302362	RINL	c15
8.59720068707654e-12	-0.152731525404961	0.109	0.069	2.88332916643173e-07	ZNF160	c15
4.73975289487473e-11	-0.152614903638195	0.316	0.228	1.58961832588309e-06	TLK1	c15
0.0512153725832665	-0.152536961936883	0.023	0.017	1	PLD6	c15
2.95165274065246e-11	-0.152531694851967	0.067	0.039	9.89925296160022e-07	CPEB4	c15
3.69949491518546e-13	-0.152413728733716	0.154	0.101	1.2407366046549e-08	VPS39	c15
1.29593855715522e-06	-0.152357087814272	0.097	0.068	0.0434631873298717	MRPL48	c15
5.86031422648321e-07	-0.152144446975381	0.158	0.116	0.0196543218527794	B9D2	c15
1.15296388306454e-05	0.152097186271048	0.027	0.016	0.386681027102185	FAM86C1	c15
0.000162704671610993	-0.152080168578711	0.031	0.02	1	TIRAP	c15
0.000256987472977402	-0.152072821052402	0.534	0.415	1	SLC9A3R1	c15
9.17550672423151e-10	-0.152068780495044	0.082	0.051	3.07728144517276e-05	SPECC1L	c15
1.13890463038808e-21	-0.15189971001554	0.203	0.124	3.81965834939553e-17	STAT6	c15
3.43028765872257e-05	-0.15169997105549	0.064	0.045	1	ZNF414	c15
7.19946502039305e-18	-0.151694480352795	0.267	0.176	2.41455657853942e-13	TTC19	c15
0.000504142855198269	-0.151689471408557	0.023	0.015	1	LINC00672	c15
2.96283012460362e-10	-0.151640794988668	0.143	0.097	9.93673967189563e-06	CNOT10	c15
1.65372553395248e-09	-0.151612640306268	0.159	0.112	5.54626469576982e-05	TP53I13	c15
0.0067166814235715	-0.151603590350663	0.028	0.02	1	CACFD1	c15
1.1866132197672e-13	-0.151587778189361	0.17	0.112	3.97966341645522e-09	CSPP1	c15
0.190742725500218	-0.151525101328395	0.01	0.008	1	AC136475.2	c15
0.0013222421904645	-0.151437105407853	0.01	0.005	1	AF213884.3	c15
0.000982394596677071	-0.151412508292274	0.586	0.452	1	TCEA1	c15
2.12343735788182e-13	-0.151335980101136	0.254	0.174	7.12158421086404e-09	GFPT1	c15
0.0308113142805737	-0.151287040550207	0.041	0.033	1	DPYSL2	c15
1.02893271625358e-07	-0.151261150056332	0.07	0.046	0.00345083454377126	SCYL3	c15
1.80036841407142e-05	-0.151224245478403	0.055	0.037	0.603807558711271	MYEF2	c15
0.264415966554031	-0.151219037501259	0.996	0.951	1	ACTB	c15
5.22420097211208e-10	-0.151027498863331	0.07	0.043	1.75209252202695e-05	PIGL	c15
1.55754747593351e-05	-0.15100022342857	0.471	0.359	0.522370272478581	EAPP	c15
1.07922571795219e-08	-0.150942678967324	0.1	0.067	0.000361950721286804	NFRKB	c15
1.03838828024911e-08	-0.150838075922682	0.236	0.173	0.000348254661429948	ZCCHC17	c15
8.88741421208606e-06	-0.150710868516123	0.029	0.017	0.298066097844942	WDR19	c15
1.29021104556286e-08	-0.15064601730246	0.22	0.16	0.000432710980460873	SLC25A1	c15
2.44774535260158e-09	-0.150628052165499	0.469	0.341	8.20924836355519e-05	DR1	c15
0.538655702310488	-0.150621663517901	0.013	0.011	1	TRAV35	c15
5.53373436976455e-17	-0.150605662731913	0.216	0.14	1.85590383293164e-12	PIK3C3	c15
1.19506257029478e-10	-0.150393192139157	0.091	0.057	4.00800084825464e-06	WDR35	c15
6.27749033598085e-18	-0.150384803614664	0.24	0.158	2.10534470888126e-13	JAK3	c15
1.42478482616507e-07	-0.150360725661833	0.436	0.324	0.0047784433499924	WBP11	c15
2.97759898158795e-06	-0.150134883711825	0.044	0.028	0.0998627146444966	AP5B1	c15
2.87355723412063e-05	-0.150099438251488	0.06	0.041	0.963733625179376	RNF214	c15
8.64162685543903e-13	-0.150090333334584	0.155	0.102	2.89822881477714e-08	TOGARAM1	c15
9.1811540529365e-07	-0.150030413446719	0.07	0.047	0.0307917544627384	SNX19	c15
0.0135724728069966	-0.149905340054272	0.01	0.006	1	ZNF528	c15
0.0101776747010922	-0.149869266587721	0.014	0.009	1	CA11	c15
0.699154299525895	-0.149781066001609	0.749	0.607	1	SERP1	c15
1.85481131065816e-06	-0.149767539104547	0.123	0.09	0.0622066617368535	PARD6A	c15
8.88545853483045e-21	-0.149738443214402	0.329	0.235	2.98000508341144e-16	HSPA1A	c15
4.3740469139046e-17	-0.149729735344411	0.231	0.153	1.46696785398533e-12	FRYL	c15
2.030899428815e-05	-0.149705399671402	0.056	0.038	0.681123050435974	CREG1	c15
7.84558620620772e-08	-0.149622012486597	0.125	0.087	0.00263125270183795	ZNHIT2	c15
3.8273508726804e-06	-0.149620837805132	0.043	0.027	0.128361693567955	AP4E1	c15
8.50331791920403e-10	-0.149584828183342	0.417	0.305	2.85184276374265e-05	DHX9	c15
0.0544347320395139	-0.149569450684074	0.017	0.013	1	ZNF747	c15
2.42756637908586e-11	-0.149557661513529	0.106	0.067	8.14157212217815e-07	IGHMBP2	c15
4.48781874937824e-05	-0.149545372683569	0.039	0.025	1	CASTOR2	c15
0.00476288287634837	0.149544773601095	0.013	0.008	1	COQ3	c15
0.00360863351319935	-0.149484137764269	0.026	0.018	1	AC116407.2	c15
0.000131569034811634	-0.149373191850056	0.054	0.038	1	FKBPL	c15
3.57424295618779e-16	-0.149338991202178	0.223	0.148	1.19872960264626e-11	CHFR	c15
6.99758989830345e-06	-0.149284677478732	0.076	0.053	0.234685170009301	GOLPH3L	c15
1.38547145514607e-07	-0.14928352366773	0.085	0.057	0.00464659416626889	COQ6	c15
0.0334430276501347	-0.149205639362912	0.634	0.501	1	NAPA	c15
6.4493040215271e-09	-0.149144507180863	0.348	0.256	0.000216296758273976	CCDC59	c15
7.86627022522382e-08	-0.149100698270983	0.124	0.087	0.00263818970813556	NDUFB8	c15
0.0596448919201131	-0.149099753006492	0.01	0.007	1	AC090971.2	c15
2.09209020016442e-06	-0.149066607987825	0.07	0.047	0.0701645211331144	P2RX4	c15
1.33735724460254e-12	-0.14905379190758	0.186	0.126	4.48522872694799e-08	LATS1	c15
1.04267826719971e-05	0.149002641721868	0.025	0.014	0.34969343725344	SLC2A11	c15
3.12318001271974e-13	-0.148968451442284	0.209	0.14	1.04745211266595e-08	POLR1C	c15
5.76927561941994e-11	-0.148968354882585	0.175	0.12	1.93489965724106e-06	SERTAD3	c15
5.22768223936058e-13	-0.148728679506451	0.138	0.089	1.75326006943675e-08	LRCH1	c15
5.12057096248953e-14	-0.148627773002871	0.114	0.069	1.71733708939974e-09	PCYT1A	c15
7.07236433696695e-15	-0.148578485128813	0.35	0.245	2.37192955133198e-10	AFF4	c15
7.60309054996592e-13	-0.148459417560938	0.156	0.102	2.54992450864757e-08	SNX27	c15
0.000610522819421534	-0.148453295497678	0.04	0.028	1	SAMD1	c15
1.67534641342233e-06	-0.148402937044206	0.043	0.026	0.0561877680133582	WWC3	c15
4.73760499447874e-06	-0.148323336859321	0.655	0.52	0.158889796304828	TIGIT	c15
3.03353648768499e-10	-0.148267175623725	0.304	0.218	1.01738746723979e-05	RNF34	c15
6.18337069498485e-08	-0.148265037394925	0.188	0.138	0.00207377886368402	HAUS2	c15
3.42327466559658e-10	-0.148216800858477	0.089	0.056	1.14809785734778e-05	EYA3	c15
1.76384561789797e-08	-0.148209972594329	0.092	0.061	0.00059155854333062	DNAJC13	c15
3.14147344030095e-06	-0.148145931795195	0.06	0.04	0.105358736240813	RAB40C	c15
2.57816287584994e-08	-0.148133584959889	0.026	0.013	0.000864664265302553	SUMO4	c15
9.14140786721634e-10	-0.148132668887137	0.449	0.327	3.06584537050702e-05	DNTTIP2	c15
2.72858264584639e-05	-0.148107561457224	0.051	0.034	0.915112047763961	FAM200A	c15
0.000100474213383019	-0.148036269198763	0.038	0.025	1	RBM45	c15
0.000836281934487322	0.147887268503562	0.025	0.016	1	ZBTB7B	c15
1.27255806479451e-12	-0.147768630963951	0.235	0.162	4.26790523770782e-08	STXBP3	c15
0.0028780843538371	-0.147675371571169	0.021	0.014	1	PGAP3	c15
7.61577443407464e-05	-0.147503660426411	0.053	0.036	1	SLC30A1	c15
5.18956942809263e-12	-0.147465938195412	0.203	0.139	1.74047779479371e-07	WRAP73	c15
2.59878674204935e-12	-0.14738948716337	0.589	0.428	8.7158109754851e-08	ILF3	c15
1.66347746952018e-09	-0.147340868556131	0.072	0.044	5.57897073727677e-05	ZNHIT6	c15
7.11146476665353e-10	-0.147302290332851	0.083	0.052	2.38504305344026e-05	LIG1	c15
2.85985214608616e-11	-0.147215090918409	0.167	0.113	9.59137212754376e-07	BROX	c15
0.0001269990089871	-0.147102437199	0.043	0.029	1	DHX35	c15
0.0738609304438695	-0.147083568872237	0.01	0.007	1	ZNF439	c15
6.11937069908594e-12	-0.147082538220831	0.141	0.092	2.05231454505944e-07	UBE4B	c15
2.57461525989555e-06	-0.146888490379308	0.051	0.033	0.086347446586377	TMEM135	c15
3.06072134530295e-15	-0.146882155919129	0.158	0.101	1.0265047247877e-10	WDR59	c15
0.000534167574006304	-0.1468535584948	0.02	0.012	1	ZFP69	c15
7.39882483782767e-11	-0.146828623642017	0.148	0.1	2.48141787411064e-06	ANKRD13A	c15
1.56026647470445e-14	-0.146811485248345	0.265	0.18	5.23282170286379e-10	SRSF1	c15
5.64856308563412e-17	-0.146739283523124	0.194	0.125	1.89441508765997e-12	UBXN7	c15
1.19573910562852e-13	-0.146632580477975	0.256	0.177	4.01026981245693e-09	MINDY2	c15
7.27810918034345e-13	-0.14636622911961	0.095	0.057	2.44093225690359e-08	POU2F1	c15
1.07866453389597e-09	-0.146359756354913	0.264	0.191	3.6176251137803e-05	RETREG2	c15
0.179819160900157	-0.146275981822253	0.706	0.559	1	PET100	c15
0.00766194433536174	-0.146248152420822	0.528	0.419	1	NDUFC1	c15
7.88325063430905e-10	-0.146146978130734	0.172	0.12	2.64388459773457e-05	KIN	c15
8.20650646044979e-15	-0.14604240751232	0.224	0.15	2.75229813670565e-10	PICALM	c15
1.33237056350075e-08	-0.145994688760247	0.151	0.106	0.000446850439586883	MOAP1	c15
0.000150720111118044	-0.145992208038793	0.6	0.459	1	RTF1	c15
0.114245844353971	-0.145934176181775	0.01	0.007	1	TRAV18	c15
6.28727846015668e-13	-0.145915093814879	0.195	0.132	2.10862744996735e-08	SLC25A32	c15
5.54818026120234e-09	-0.145836460845482	0.152	0.107	0.000186074869600204	C6orf106	c15
1.78702924991435e-05	-0.145586612820038	0.049	0.032	0.599333869836273	RRM2B	c15
2.49613443816556e-09	-0.145507715178973	0.114	0.076	8.37153567871964e-05	SURF6	c15
1.61927773283008e-14	-0.14544727073005	0.269	0.184	5.43073366036554e-10	UHRF1BP1L	c15
1.39642024805545e-08	-0.145407087105475	0.364	0.27	0.000468331422792838	PRPF6	c15
2.6212776977946e-10	-0.145385004253318	0.128	0.086	8.79124114286352e-06	NOTCH1	c15
1.06944178917305e-08	-0.145270987938328	0.077	0.049	0.000358669387252857	ZNF808	c15
1.04528682772662e-11	-0.145190780864106	0.29	0.204	3.50568296282953e-07	MPHOSPH10	c15
2.00406494861236e-07	-0.145183091358215	0.077	0.052	0.00672123302465614	MINDY3	c15
6.17364176795559e-17	-0.145105365370768	0.162	0.101	2.07051597613694e-12	TNRC6A	c15
1.81391559482149e-05	-0.145074296176983	0.052	0.034	0.608351012191231	ABHD17B	c15
7.12404050598094e-05	-0.145071051854119	0.06	0.042	1	JAZF1	c15
0.0425118686006705	-0.145070611135505	0.03	0.023	1	THEMIS2	c15
0.00224396073879257	0.144973006120755	0.012	0.007	1	PEX12	c15
1.21902754240876e-08	-0.144889526879767	0.484	0.356	0.000408837457173051	TIAL1	c15
2.96137072158836e-06	-0.144834263661839	0.116	0.084	0.0993184512606304	RBM7	c15
9.06682141885582e-09	-0.144787929650553	0.207	0.149	0.000304083056745587	SDHD	c15
0.282449934391611	-0.144759109621696	0.77	0.622	1	SEC62	c15
8.2517608444769e-05	-0.14467723738737	0.044	0.03	1	ZNF880	c15
0.0134054149623909	-0.144624528290873	0.011	0.006	1	AC009065.4	c15
3.18368316115002e-10	-0.144515073539188	0.342	0.248	1.06774365858649e-05	SAT2	c15
6.54596452078801e-07	-0.14442556726558	0.059	0.038	0.0219538558098188	NDUFV2-AS1	c15
8.45592709337694e-06	-0.144308357188999	0.088	0.063	0.283594882857676	ALG1	c15
3.30381896023421e-12	-0.144255622848953	0.16	0.107	1.10803480288335e-07	FBXO28	c15
5.05822009531783e-05	-0.144015056908847	0.061	0.043	1	TMEM107	c15
4.43615625102742e-06	-0.143994411205054	0.52	0.398	0.148779808346958	ADSS	c15
9.39248329221224e-07	-0.143922936398581	0.091	0.063	0.0315005104654214	CCDC71	c15
5.89123143005879e-10	-0.143920672188022	0.174	0.122	1.97580119701312e-05	MIB2	c15
7.46409793559928e-07	-0.143624205404969	0.059	0.038	0.0250330916564129	HACE1	c15
8.70539385561831e-14	-0.143604958397388	0.367	0.258	2.91961499129727e-09	SUPT6H	c15
6.9126874790257e-08	-0.143554853546932	0.097	0.066	0.00231837712671564	ZNF107	c15
0.0918966754878281	-0.143528087936557	0.011	0.008	1	ABHD14A	c15
1.40835539173096e-10	-0.143518100984198	0.322	0.232	4.7233423127873e-06	DNPEP	c15
7.07295545916861e-05	-0.143459644036045	0.047	0.032	1	PRDM10	c15
1.36582560662982e-16	-0.143439036384584	0.339	0.232	4.58070591951508e-12	SMARCC1	c15
1.70799880489215e-10	-0.143404699327406	0.486	0.35	5.7282863918473e-06	FAM49B	c15
8.53492418348873e-14	-0.14335549675913	0.253	0.173	2.86244287265845e-09	RMC1	c15
0.107072625515108	-0.14335098065011	0.01	0.007	1	NEFH	c15
0.000257348926456198	-0.143291965286438	0.041	0.028	1	MFSD9	c15
1.47044454175036e-08	-0.143282493577107	0.066	0.041	0.000493157690412236	TCF3	c15
1.18639292738679e-05	-0.143276404529413	0.057	0.038	0.39789245998698	NIF3L1	c15
0.000806045090120349	0.143230001918176	0.023	0.015	1	WDCP	c15
1.04113701822409e-16	-0.143173431459867	0.264	0.176	3.49176533171994e-12	DAZAP1	c15
8.87202891566442e-06	-0.143139857266765	0.045	0.029	0.297550105773553	TCEANC2	c15
0.0224895306505665	-0.143108049113924	0.024	0.017	1	TMEM218	c15
0.000296402542466267	-0.142988565489673	0.066	0.049	1	CARD8-AS1	c15
5.38061150167179e-12	-0.142964922826448	0.339	0.239	1.80454948543068e-07	TFIP11	c15
0.389046982707576	-0.142870962186673	0.781	0.646	1	ATP6V1G1	c15
0.00847733344770637	-0.142805762550142	0.029	0.021	1	TMEM251	c15
6.34516162871934e-11	-0.142710141057695	0.239	0.169	2.12804030703989e-06	ZDHHC6	c15
0.000247717857671803	0.142594550903643	0.016	0.009	1	TDRKH-AS1	c15
1.64283870264841e-08	-0.142445415315841	0.115	0.079	0.000550975244094224	ZSWIM7	c15
9.25816724273445e-11	-0.142326269487634	0.242	0.171	3.10500412986828e-06	SEC23B	c15
3.60145913286923e-09	-0.14227433206825	0.171	0.121	0.000120785736398168	UBR7	c15
1.00673552959364e-11	-0.142121667442492	0.17	0.115	3.37638961915116e-07	BCOR	c15
5.97515463452797e-11	-0.141880378331867	0.285	0.204	2.00394736132799e-06	UBE2S	c15
1.71003757669071e-08	-0.141823758785157	0.145	0.102	0.00057351240247053	PINK1	c15
2.45011476012618e-22	-0.141658482225753	0.183	0.11	8.21719488251119e-18	MLLT6	c15
6.99065737166883e-12	-0.141648238479697	0.136	0.089	2.34452666931029e-07	MSL1	c15
5.48819294466463e-10	-0.141565224633323	0.2	0.141	1.84063014978162e-05	TBC1D25	c15
0.0441842811227652	-0.141522659676549	0.013	0.009	1	LYSMD4	c15
1.19512722756498e-07	-0.141483305041266	0.061	0.038	0.00400821769580744	FBRSL1	c15
0.00519208948658525	-0.141478851601939	0.034	0.025	1	ZNF181	c15
0.0836215635725899	-0.141386930854829	0.01	0.007	1	AC078795.1	c15
3.98370066471452e-14	-0.141375672817613	0.207	0.138	1.33605352893196e-09	ARL16	c15
7.18593186537534e-14	-0.141260115880966	0.208	0.14	2.41001782900958e-09	WDR6	c15
6.62849676334244e-08	-0.141103519853025	0.141	0.101	0.00222306524448979	MTRR	c15
1.25369791412313e-09	-0.141088330804375	0.14	0.096	4.20465206438614e-05	CPOX	c15
3.50640915951295e-11	-0.141074902779613	0.141	0.094	1.17597950391745e-06	EEA1	c15
9.41415262833388e-10	-0.140953251677071	0.164	0.115	3.15731850849062e-05	TBK1	c15
1.51886833579421e-09	-0.140918239556325	0.521	0.385	5.09398062458663e-05	RSF1	c15
1.01339647132775e-12	-0.14091429501541	0.341	0.241	3.39872908553902e-08	CUL4A	c15
9.14975330185109e-15	-0.140809095153516	0.353	0.244	3.06864426237482e-10	QRICH1	c15
2.77300504206402e-11	-0.140805075575229	0.116	0.075	9.3001043100743e-07	LAS1L	c15
9.08852230528475e-08	-0.140725869473255	0.08	0.053	0.0030481086107464	HIBADH	c15
8.96014503665176e-14	-0.140719245071592	0.195	0.13	3.00505344239227e-09	VCPIP1	c15
9.03322470132618e-06	0.140703267619511	0.021	0.011	0.302956290033077	USP13	c15
5.78490253436698e-07	-0.140565377374202	0.071	0.047	0.01940140611976	PI4K2A	c15
0.00026481108573239	-0.140400152192819	0.039	0.026	1	ZNF345	c15
6.63063861858835e-11	-0.140348196793971	0.178	0.123	2.22378357990216e-06	MAPK8	c15
1.45308086363867e-05	-0.140209742164294	0.062	0.042	0.487334260047136	LIMK2	c15
8.15228077746502e-07	-0.140149617497082	0.091	0.063	0.0273411192714622	APOBEC3D	c15
2.04079772272581e-06	0.139860727215672	0.033	0.019	0.0684442740247782	PIGM	c15
1.2790102211636e-10	-0.139833181206871	0.161	0.11	4.28954447973849e-06	ARFIP2	c15
2.91265671902769e-05	-0.139737911518165	0.064	0.044	0.976846810427506	ZNF669	c15
1.42557501517564e-18	-0.139698122309594	0.326	0.219	4.78109348589606e-14	KAT6B	c15
2.2011684908889e-10	-0.139586098273493	0.157	0.107	7.38227888474321e-06	TMEM127	c15
7.978217375464e-09	-0.139585688884345	0.07	0.043	0.000267573454338312	ACAD9	c15
4.49125461926118e-09	-0.139427695360864	0.14	0.097	0.000150627697420781	TPRG1L	c15
6.09033156838984e-11	-0.139417402007107	0.249	0.176	2.04257540140658e-06	NOL11	c15
1.09404735949285e-13	-0.139416155219846	0.232	0.159	3.66921603426712e-09	TRPS1	c15
7.03201051023597e-16	-0.139405804623038	0.166	0.106	2.35839568492294e-11	UVRAG	c15
1.26953082459448e-05	-0.139301786806239	0.017	0.008	0.425775247952498	AC139887.2	c15
3.14823411644904e-06	-0.139296053275959	0.075	0.052	0.105585475797468	TSPAN31	c15
6.97194756120475e-19	-0.139264566934447	0.285	0.186	2.33825177307685e-14	DUT	c15
1.63239625071921e-06	-0.139189461994421	0.034	0.02	0.0547473054566209	CARM1	c15
0.0109080969778542	0.139113130237647	0.012	0.008	1	RASD1	c15
0.00105513343168624	-0.139023081507808	0.025	0.016	1	FOCAD	c15
1.40806176758604e-06	-0.1389130490532	0.069	0.047	0.0472235755613007	RNASEH2A	c15
2.66060115997894e-08	-0.138890024025686	0.193	0.142	0.000892312417033738	ST3GAL1	c15
2.67203112122705e-06	-0.138792502127678	0.037	0.022	0.0896145797437127	C10orf88	c15
3.76750693467777e-07	-0.13875942623514	0.26	0.196	0.0126354647575223	SPG21	c15
7.14391672151788e-05	-0.138693435585154	0.058	0.04	1	MED20	c15
3.20895344338608e-10	-0.138689795234541	0.1	0.064	1.07621880584282e-05	COG2	c15
1.62895732710217e-09	-0.138557197272016	0.215	0.155	5.46319708363527e-05	MTFP1	c15
4.46158085227479e-13	-0.138366555629623	0.11	0.067	1.49632498623592e-08	KLHL9	c15
0.00693728870670233	-0.138363642994219	0.027	0.019	1	FBXO48	c15
0.00122897848991635	-0.138335023809954	0.04	0.028	1	CEP76	c15
2.37011478573552e-08	-0.138279927702259	0.239	0.176	0.000794889096839978	VIM-AS1	c15
3.89433552933447e-11	-0.138278170751233	0.153	0.104	1.3060822498282e-06	KIAA0319L	c15
0.0112682473972105	-0.138243650532232	0.033	0.025	1	NR5A2	c15
1.50749406069722e-14	-0.138212018113907	0.261	0.179	5.05583358076635e-10	SIN3A	c15
0.00720162811055723	-0.138178139272815	0.028	0.02	1	ULBP2	c15
1.86392141276349e-07	-0.138057077061036	0.393	0.294	0.00625121963412619	MESD	c15
1.25199195607722e-07	-0.13782049847772	0.097	0.066	0.00419893062229177	ZNF354A	c15
1.01446344121234e-08	-0.13778496685293	0.407	0.298	0.000340230748913795	SF3A3	c15
2.25042422270333e-09	-0.137681747337352	0.159	0.111	7.54747275810243e-05	SLC16A1	c15
6.02745369309049e-08	-0.137656880244263	0.104	0.071	0.00202148741958869	C11orf24	c15
2.64453728384131e-12	-0.137631757040745	0.431	0.309	8.869249142547e-08	COPA	c15
6.03441271341275e-07	-0.137309617016163	0.129	0.093	0.0202382133582437	UNG	c15
0.0023042460895607	-0.137202549962561	0.016	0.01	1	AC244090.1	c15
7.32046979924739e-10	-0.13711999019738	0.165	0.115	2.45513916127159e-05	DIABLO.1	c15
1.58347327349166e-09	-0.137107276172078	0.072	0.044	5.31065266463632e-05	SCAI	c15
0.000831665102621852	0.136993467382984	0.023	0.014	1	FLVCR1-DT	c15
3.38590438873761e-11	-0.136956208797107	0.119	0.077	1.13556461389482e-06	TTC5	c15
0.00620736291671176	-0.136913292157642	0.024	0.017	1	C1orf54	c15
3.59093261373139e-10	-0.1367933571992	0.125	0.083	1.20432697999323e-05	PI4K2B	c15
1.53466208467432e-07	-0.136698285677069	0.075	0.049	0.00514694969958072	RWDD3	c15
4.1078780483507e-12	-0.136593178027939	0.13	0.084	1.37770013985586e-07	SIN3B	c15
0.000850938917035556	0.136542532466362	0.012	0.007	1	C8orf44	c15
1.47129301523719e-06	-0.136273775573681	0.059	0.039	0.0493442251450247	TUBGCP3	c15
4.80310238835539e-07	-0.136229334776188	0.439	0.334	0.0161086447900663	TMX4	c15
5.82792255969339e-07	-0.136078419749694	0.615	0.462	0.0195456866806997	PAFAH1B1	c15
5.60599766348293e-05	-0.136065062080985	0.043	0.028	1	NLRP6	c15
5.53234346479372e-11	-0.136062163116441	0.148	0.099	1.85543735122252e-06	UGCG	c15
1.70861651505781e-08	-0.135992044177078	0.093	0.062	0.000573035806820089	NOM1	c15
1.17931078983093e-11	-0.135901575016994	0.339	0.245	3.95517252693497e-07	USP3	c15
9.95886096702936e-06	-0.135816641810795	0.064	0.044	0.334000279112231	HGH1	c15
2.02713479614073e-06	-0.135688887681214	0.068	0.045	0.0679860467929678	CCNY	c15
4.64357223966175e-08	-0.135651509114621	0.11	0.076	0.00155736125773776	ZC3H11A	c15
6.66858262934418e-13	-0.13562269859251	0.288	0.2	2.23650924222945e-08	RBM4	c15
1.7079359004158e-12	-0.135470655172178	0.12	0.076	5.72807542281451e-08	SLC37A3	c15
0.000446150756753181	-0.135183421533822	0.03	0.019	1	LINC00476	c15
1.38803986947939e-15	-0.135116249624762	0.305	0.209	4.65520811425996e-11	PPP1R10	c15
1.57862074526852e-06	-0.134698502143755	0.534	0.405	0.0529437825548158	YY1	c15
3.6016271232628e-12	-0.134512293848357	0.066	0.037	1.20791370459988e-07	LPP	c15
1.6261558312268e-14	-0.134487383039726	0.207	0.138	5.45380142676843e-10	MSL3	c15
3.43722692490498e-15	-0.134476479589774	0.173	0.112	1.15277716607463e-10	XPO6	c15
1.05022364428979e-14	-0.134453225119618	0.222	0.148	3.5222400582191e-10	RRN3	c15
1.79079862014135e-14	-0.134350322125853	0.346	0.243	6.00598041223007e-10	ZBTB43	c15
1.26771677952511e-10	-0.134342542961103	0.326	0.235	4.2516685351713e-06	PTPN2	c15
0.000120005100312477	0.134272441559017	0.026	0.016	1	SPIN2B	c15
5.99942972874025e-08	-0.134235088170583	0.459	0.337	0.0020120887424249	NDUFA5	c15
3.68162475740053e-13	-0.134188178156423	0.123	0.078	1.23474331113699e-08	TYK2	c15
0.000922993200773039	-0.134181338316722	0.03	0.02	1	C22orf34	c15
3.91604566749985e-06	-0.134139796041197	0.038	0.023	0.13133633959661	AC017002.1	c15
6.48712052261793e-13	-0.134132066383715	0.344	0.244	2.1756504808756e-08	B4GALT1	c15
7.86239086858356e-09	-0.134037043075184	0.073	0.045	0.000263688864950556	ZSCAN25	c15
1.687185995833e-15	-0.13400384568597	0.236	0.158	5.65848439282471e-11	PPP1R15B	c15
1.40220434468734e-09	-0.133985554166328	0.068	0.041	4.7027129312124e-05	RAD54L2	c15
6.35357981386509e-13	-0.133868924968353	0.323	0.227	2.13086359797407e-08	POLR2B	c15
5.25944556019084e-08	-0.133844744687761	0.114	0.079	0.0017639128519768	C19orf48	c15
1.60119446487602e-09	-0.133830727074894	0.337	0.248	5.37008599630121e-05	JOSD1	c15
4.3058741278443e-08	-0.133767502743146	0.08	0.052	0.00144410406499642	DNAJC14	c15
7.39670359949608e-18	-0.133631058119084	0.309	0.209	2.480706453199e-13	CD55	c15
1.45314831516892e-15	-0.133602410486948	0.157	0.099	4.87356881941353e-11	HCFC1	c15
3.25649184658415e-14	-0.133458014515495	0.235	0.158	1.09216223550739e-09	NUP54	c15
0.000752734853301983	-0.133257772512698	0.018	0.01	1	ZNF677	c15
6.41003429784542e-12	-0.13307919176383	0.146	0.096	2.1497973028114e-07	DPH1	c15
4.87513535850563e-12	-0.133020857490456	0.261	0.183	1.63502289653562e-07	MCMBP	c15
0.0475242444839572	-0.132962091629872	0.01	0.006	1	LINC01678	c15
1.58838815520321e-10	-0.132866218799192	0.144	0.097	5.32713619492052e-06	ATP6V0E2	c15
0.176405365651246	-0.132853156761315	0.815	0.692	1	CD37	c15
2.25894978961187e-06	-0.132853078359902	0.079	0.055	0.0757606580440028	CXorf56	c15
1.92687645583382e-06	-0.132840514859924	0.059	0.039	0.0646235825757545	NUDT9	c15
1.32918109479786e-05	0.132810764557091	0.027	0.015	0.445780755573306	LINC01806	c15
3.41498032692307e-11	-0.132747127957127	0.24	0.169	1.14531610204346e-06	KDSR	c15
4.09466310630836e-09	-0.132735288539504	0.187	0.134	0.00013732681125937	TMEM222	c15
0.000883036241369719	0.132523998601824	0.016	0.009	1	AL050341.2	c15
1.94116174951157e-12	-0.132191322293774	0.42	0.304	6.5102682755119e-08	STAT4	c15
0.000405704106413099	0.13218815068376	0.016	0.009	1	DHODH	c15
6.41561668734842e-11	-0.132179033378613	0.141	0.095	2.15166952460291e-06	PPRC1	c15
9.2238496956533e-08	-0.132137549281715	0.53	0.392	0.0030934947109282	ARIH2	c15
1.21903472757006e-05	0.132113408936537	0.029	0.017	0.408839866932446	ZBTB34	c15
0.0180139285938016	-0.132083592013175	0.013	0.009	1	SCARB1	c15
1.6340349598552e-12	-0.13204991906458	0.126	0.081	5.48022644836239e-08	APAF1	c15
2.93202256895145e-05	0.13196017322926	0.054	0.037	0.983341729174938	CSF1	c15
1.37554349906436e-05	-0.131948493661248	0.061	0.042	0.461329778716205	KNOP1	c15
2.85304323208539e-10	-0.131945406418636	0.067	0.04	9.56853639176799e-06	CNTROB	c15
2.28596344867145e-11	-0.131873608519176	0.303	0.216	7.66666421415432e-07	CYB5B	c15
3.55580825897144e-10	-0.131743751723577	0.38	0.279	1.19254697389384e-05	ZBTB38	c15
1.27875048040827e-06	-0.131726314183644	0.059	0.039	0.0428867336119326	CHM	c15
0.0507379225597048	-0.13171826854648	0.011	0.008	1	FAM131B	c15
0.0203566747243775	-0.131651086494003	0.014	0.009	1	CCL28	c15
1.07228265140535e-10	-0.131603614978598	0.348	0.251	3.59622155628326e-06	SUPT16H	c15
3.37669541097314e-09	-0.131581680272034	0.14	0.097	0.000113247610693217	METAP1	c15
4.04915177881825e-07	-0.131444195166086	0.529	0.394	0.0135800452358006	CCDC12	c15
2.01423909555889e-14	-0.131419146995629	0.13	0.081	6.75535507868541e-10	RNGTT	c15
8.75973394647236e-05	-0.131292929261025	0.043	0.028	1	NIFK-AS1	c15
4.31053202885642e-13	-0.131135685214579	0.409	0.291	1.44566623183787e-08	NARF	c15
6.68115066845239e-09	-0.130957633357387	0.09	0.059	0.000224072431118556	ARMT1	c15
3.06932335426094e-16	-0.13093537086186	0.321	0.221	1.02938966655204e-11	PREX1	c15
3.15127343780568e-10	-0.130794594114308	0.124	0.083	1.05687408557127e-05	STRN	c15
0.0076480082775772	-0.130777432035388	0.023	0.016	1	TMEM201	c15
0.00273029305087216	0.130620359407005	0.014	0.009	1	AL136962.1	c15
2.87907172379438e-05	0.1305054848386	0.021	0.012	0.965583074726159	LMF1	c15
1.35613408501224e-11	-0.130487647748315	0.284	0.2	4.54820249431404e-07	PPCS	c15
2.73926026554665e-10	-0.13043824546259	0.102	0.066	9.18693107859035e-06	EMC1	c15
1.17121687891764e-16	-0.130271173213461	0.313	0.212	3.92802716851397e-12	GATAD2B	c15
2.70261771138131e-05	0.130265828510347	0.034	0.021	0.906403928043064	DCLRE1B	c15
8.95328313291715e-09	-0.13016663556413	0.139	0.097	0.000300275209711775	ST6GALNAC4	c15
0.00193042682979102	-0.130098157983343	0.044	0.032	1	GRPEL2	c15
1.25491953960642e-09	-0.130000654423057	0.346	0.252	4.208749151932e-05	SMU1	c15
1.00883221084277e-09	-0.129974391776586	0.158	0.11	3.38342146872448e-05	FEM1B	c15
7.54518416428857e-05	-0.129936726767587	0.695	0.544	1	CAST	c15
1.31076801999483e-08	-0.129915351655049	0.281	0.211	0.000439605378545866	TUBB2A	c15
5.17084435624546e-05	-0.129870024919124	0.055	0.038	1	RFX7	c15
1.732956720088e-05	-0.129861985691206	0.059	0.04	0.581199024783115	SMARCAL1	c15
0.000306316051553999	-0.129832019544115	0.205	0.165	1	ACP5	c15
3.02274679113944e-14	-0.12965836411657	0.135	0.085	1.01376881881235e-09	PLCG1	c15
0.00642655256180229	-0.129603969489761	0.033	0.024	1	SMUG1	c15
1.46237151114327e-09	-0.129548224986632	0.452	0.328	4.90450157407231e-05	KIF2A	c15
7.18793115808229e-10	-0.129524822881621	0.212	0.154	2.41068835179764e-05	SSH1	c15
8.22901746878483e-11	-0.12952066169561	0.218	0.154	2.75984787868106e-06	ENOPH1	c15
2.8300410418511e-11	-0.129366259758045	0.117	0.076	9.49139164616021e-07	SOCS4	c15
4.57604865225213e-13	-0.129219571541222	0.243	0.167	1.53471519699232e-08	IKBKG	c15
3.03743472893479e-06	-0.129181890048176	0.061	0.041	0.101869485939015	PCYOX1	c15
4.97391958475722e-09	-0.129046428032903	0.239	0.174	0.000166815315033588	COMMD8	c15
3.52168743560888e-05	0.129034264841066	0.036	0.022	1	STXBP4	c15
9.69818628633384e-12	-0.128899664288672	0.139	0.092	3.25257771671064e-07	PPIP5K2	c15
2.5474170720297e-07	-0.128801664726959	0.106	0.075	0.00854352737617321	BARD1	c15
6.34396223038104e-05	0.128776097645625	0.023	0.013	1	ZSCAN12	c15
2.62048710893097e-11	-0.128720041105168	0.227	0.159	8.78858966593268e-07	LRRC47	c15
7.31228476534673e-05	-0.128626439369678	0.039	0.026	1	PGBD2	c15
2.18823019426147e-12	-0.128608461580643	0.398	0.286	7.33888642551411e-08	CSRNP1	c15
0.0024706300641093	-0.128445376524577	0.021	0.014	1	AC093484.3	c15
3.37863947722519e-05	0.128414681618333	0.016	0.008	1	AC002310.1	c15
2.74658348013225e-06	-0.128333424329956	0.053	0.034	0.0921149167566754	FAAP100	c15
6.46405925213838e-07	-0.128321150479648	0.076	0.051	0.0216791619198217	TMEM41A	c15
0.0256143457496578	0.128185564985626	0.011	0.007	1	PHLDA3	c15
9.10282358174786e-15	-0.128159975238395	0.206	0.138	3.0529049728466e-10	BCL2	c15
2.01083220942624e-17	-0.128036287960163	0.238	0.156	6.74392906397371e-13	ANKRD17	c15
2.29704881024095e-11	-0.128026208481728	0.108	0.069	7.70384229978609e-07	CC2D1B	c15
2.0656112031349e-14	-0.128013369557782	0.389	0.274	6.92764685307384e-10	BRWD1	c15
0.0215691333280707	-0.127994317776322	0.014	0.009	1	C17orf97	c15
0.00257859395022755	0.127987539435759	0.015	0.009	1	ZNF90	c15
3.60792238458062e-10	-0.127920987316816	0.266	0.191	1.21002500934065e-05	ZNF622	c15
0.000504789228651118	0.127777822122463	0.018	0.01	1	LCMT2	c15
0.000502846914533761	-0.12777220065852	0.038	0.026	1	ZNF714	c15
7.06653565103595e-17	-0.127718892905103	0.261	0.175	2.36997472664444e-12	MKLN1	c15
1.68436783134607e-07	-0.12769175908167	0.059	0.037	0.00564903283276847	RAB30	c15
7.51181186169679e-15	-0.127691207992509	0.418	0.291	2.51931146217587e-10	ACAP2	c15
8.08727578359876e-19	-0.127585263566157	0.225	0.145	2.71231055230335e-14	BTAF1	c15
2.70340517147412e-05	-0.127554640494307	0.55	0.418	0.906668026408989	SF3A1	c15
8.52188539101248e-07	-0.127466143165985	0.096	0.067	0.0285806992243777	MVB12A	c15
1.74091920092826e-08	-0.127426516980245	0.042	0.023	0.000583869481607319	DDX51	c15
3.2951187233742e-13	-0.127249619243512	0.202	0.137	1.10511691744524e-08	SLC4A1AP	c15
0.0156740625141705	-0.127243005218221	0.019	0.013	1	ERRFI1	c15
4.02380354405008e-06	-0.127147735690422	0.077	0.053	0.134950323260352	KIAA0391	c15
0.13006790026222	-0.127139667174501	0.013	0.01	1	SLC30A4	c15
2.38589490646105e-06	-0.127112056000602	0.063	0.042	0.0800181433728906	EPS8L2	c15
7.53088521643248e-11	-0.127038854472907	0.301	0.219	2.52570828388712e-06	CHST11	c15
2.52861100262985e-07	-0.126964066513852	0.43	0.322	0.00848045558061998	PPP1R18	c15
1.39020847104326e-09	-0.126729465053377	0.183	0.129	4.6624811701849e-05	EXOSC7	c15
3.99868202939764e-10	-0.126653116141893	0.155	0.107	1.34107797901938e-05	PGP	c15
6.41969490965753e-05	-0.126559581726842	0.035	0.022	1	ZNF354B	c15
1.2742501180921e-05	-0.126515957526329	0.045	0.029	0.427358004605729	TMEM260	c15
0.0547870928880248	-0.126476068346727	0.71	0.569	1	TERF2IP	c15
0.0115424416400299	-0.126470225710549	0.93	0.831	1	NCL	c15
0.000108394020783313	-0.126436543217186	0.045	0.031	1	CCDC77	c15
0.00114299825161169	-0.126398742929228	0.92	0.818	1	CYBA	c15
1.30125079876932e-06	-0.126379011484858	0.06	0.039	0.0436413492891253	ZNF7	c15
9.7312209244754e-17	-0.126325669673315	0.242	0.163	3.26365687365056e-12	CREBZF	c15
3.22061644171033e-07	-0.126304624841193	0.505	0.376	0.0108013034222081	NR1H2	c15
0.0031694064148185	0.126198467848095	0.013	0.008	1	PRRT3	c15
0.0147495052646272	-0.126070739959296	0.015	0.01	1	TMEM244	c15
1.81018682402931e-05	-0.126042453694728	0.562	0.425	0.607100457042949	WTAP	c15
1.1291974247084e-10	-0.125869996416926	0.192	0.135	3.78710232298703e-06	H2AFJ	c15
0.000100247686055713	-0.125821487843589	0.483	0.389	1	CXCR3	c15
2.88922522690277e-10	-0.125809686189696	0.132	0.089	9.68988356598651e-06	KLRK1	c15
3.57909246483765e-07	-0.125799918971566	0.042	0.025	0.0120035603085725	RHBDD3	c15
0.000740389333369189	-0.125701571516369	0.033	0.022	1	ZNF429	c15
0.000156743536558971	-0.125664743594336	0.126	0.098	1	GLRX	c15
3.23235714906285e-11	-0.125583389745067	0.141	0.094	1.0840679406527e-06	ARFRP1	c15
0.00336443304505313	-0.125510098664092	0.027	0.019	1	CLOCK	c15
0.000522529555685647	-0.125198766590224	0.028	0.018	1	GCNA	c15
8.71374395394319e-13	-0.125039501721528	0.107	0.066	2.92241544727347e-08	USP32	c15
4.43958509825802e-08	-0.12474625910797	0.05	0.03	0.00148894805025378	BCL6	c15
4.34335465704597e-05	-0.124554280045929	0.566	0.448	1	LDLRAD4	c15
3.83903019962502e-16	-0.124465642960966	0.159	0.1	1.28753394835024e-11	LARP4B	c15
6.17489693167385e-05	-0.12441057057845	0.542	0.432	1	LCP2	c15
1.01807783382052e-11	-0.124259275485609	0.143	0.095	3.41442943906726e-07	ABHD18	c15
0.000794097938232629	-0.124188023010606	0.555	0.431	1	SF3A2	c15
0.000357813688890288	-0.124066040628017	0.537	0.416	1	KRT10	c15
1.18248088775004e-07	-0.123981272047731	0.342	0.258	0.00396580440133608	CASP4	c15
2.10772847165339e-07	-0.123961545991046	0.116	0.082	0.00706889974823115	HNRNPH2	c15
0.100992541698036	-0.123953060438685	0.875	0.762	1	SLC3A2	c15
2.5351981219192e-10	-0.123937283209198	0.187	0.131	8.50254746129261e-06	FRMD8	c15
2.83860351658834e-06	-0.123933408271351	0.042	0.026	0.0952010847393399	MTPAP	c15
5.35756597531229e-12	-0.123909770195562	0.164	0.111	1.79682047680024e-07	CXorf38	c15
8.29443086651358e-11	-0.123852642619216	0.183	0.127	2.78178622401132e-06	OXCT1	c15
0.000474457533799445	0.123650480747465	0.023	0.014	1	AKAP7	c15
6.12689329762688e-07	-0.123635771496243	0.091	0.063	0.020548374741581	CHCHD4	c15
0.330072139237469	-0.123419628448618	0.869	0.769	1	COTL1	c15
5.25088523499075e-13	-0.123280161134236	0.226	0.155	1.7610418901112e-08	PRPSAP1	c15
1.36665224768136e-20	-0.123215891693837	0.263	0.169	4.58347830827375e-16	KLC1	c15
0.000736914882604991	-0.122977256625808	0.589	0.457	1	XRCC5	c15
6.78185299077816e-07	-0.122939662726872	0.62	0.471	0.0227449785604718	GPBP1	c15
6.97269243488455e-13	-0.122790749195766	0.126	0.08	2.33850158881158e-08	DNAJC10	c15
6.69156483095333e-09	-0.122745792396552	0.103	0.069	0.000224421701300513	C5orf22	c15
1.52893999933128e-07	-0.122738646441966	0.05	0.03	0.00512775896975726	MBD3	c15
2.17416897529309e-07	-0.122572613757961	0.067	0.044	0.00729172790933796	POMZP3	c15
9.84821684786045e-13	-0.12249453463148	0.273	0.191	3.30289496643544e-08	SUZ12	c15
1.81821102047558e-06	-0.122490583460619	0.57	0.429	0.06097916120471	NASP	c15
1.84475201428245e-08	-0.12246685092294	0.059	0.036	0.000618692930550049	SYNGAP1	c15
8.86050404795754e-11	-0.122444058867004	0.368	0.263	2.971635847604e-06	TMEM14B	c15
3.4338014694623e-07	-0.122441084323052	0.507	0.381	0.0115162833682827	FGFR1OP2	c15
1.27249882954836e-06	-0.122351857589742	0.13	0.095	0.0426770657453927	TMEM106C	c15
3.05913777291869e-11	-0.122180131786467	0.163	0.111	1.02597362628147e-06	FAM208A	c15
2.04284910718359e-10	-0.12215144871271	0.537	0.391	6.85130733567233e-06	PRMT2	c15
7.95999081579675e-13	-0.122127110932928	0.126	0.08	2.66962171980191e-08	MED6	c15
7.62835459838238e-09	-0.122099590561997	0.1	0.067	0.000255839756520548	ZNF226	c15
2.75959301437945e-19	-0.122058443446014	0.053	0.023	9.25512305162579e-15	SERPINH1	c15
1.17831778259539e-05	0.12204054587467	0.068	0.047	0.395184217926841	KIAA1211L	c15
1.62236034698377e-08	-0.122031621953017	0.32	0.236	0.000544107213171418	NXT1	c15
8.96658999247732e-14	-0.121682132221589	0.15	0.097	3.00721495167704e-09	TMEM214	c15
0.000816074826599825	0.12164151789626	0.014	0.008	1	DTX1	c15
9.59928995446089e-05	-0.121614341678823	0.048	0.032	1	MAFK	c15
3.81367554512784e-11	-0.121568947326103	0.173	0.119	1.27903050432497e-06	COIL	c15
1.79747982377535e-05	0.121552136794173	0.022	0.012	0.602838783297776	ACVR1	c15
4.13956945311843e-09	-0.121527325742288	0.077	0.049	0.000138832880318686	ZFYVE19	c15
5.1909606981326e-05	-0.121466271858452	0.043	0.028	1	TSNAX	c15
5.50458861001022e-09	-0.121450246974832	0.441	0.323	0.000184612892802523	PAF1	c15
6.49998648790157e-15	-0.121417325100335	0.359	0.248	2.17996546831243e-10	TMED4	c15
0.000337589363593247	-0.121341760455834	0.805	0.639	1	SRSF11	c15
6.90511464148547e-16	-0.121293921578891	0.18	0.116	2.3158373484614e-11	LETM1	c15
0.0775263379402556	-0.121224510861655	0.014	0.011	1	CAMSAP2	c15
6.44898281305649e-20	-0.121163633585938	0.257	0.166	2.16285985584289e-15	NSD1	c15
3.7321972535195e-09	-0.121112726897126	0.059	0.035	0.000125170431488537	VPS45	c15
1.55530556438001e-09	-0.121079021596197	0.379	0.278	5.21618380181768e-05	PCGF5	c15
3.95255736282696e-08	-0.121025811450716	0.127	0.089	0.00132560868834491	PIGC	c15
8.55679287159359e-13	-0.121023348991221	0.36	0.254	2.86977719327506e-08	DCP1A	c15
5.79614074770116e-06	0.121001248493957	0.023	0.012	0.194390968396402	AC009961.1	c15
9.77281709246509e-21	-0.120963640396192	0.408	0.274	3.27760739647094e-16	NPEPPS	c15
5.17559846937856e-06	-0.120864327985645	0.101	0.073	0.173579221466018	NFYB	c15
2.37526985703075e-05	-0.120829046763408	0.561	0.438	0.796618004650972	ATP1A1	c15
6.55321756999625e-06	-0.120773923109745	0.057	0.038	0.219781810862534	CROCC	c15
3.23411769931755e-09	-0.120561601068067	0.094	0.062	0.000108465839399712	STRN4	c15
1.28950570654578e-14	-0.120523096248577	0.279	0.189	4.32474423861322e-10	NME3	c15
1.556835593133e-09	-0.120492613107814	0.097	0.063	5.22131521224945e-05	TTI1	c15
6.3152164508478e-06	0.120489876542221	0.011	0.005	0.211799729328533	CDHR1	c15
1.29611591685687e-16	-0.120479990409163	0.368	0.251	4.34691356195457e-12	USP4	c15
1.67776957407716e-12	-0.120475029033465	0.295	0.207	5.62690359753998e-08	PIH1D1	c15
7.37123103409666e-11	-0.120470638587004	0.145	0.098	2.47216346421534e-06	ZC3H3	c15
2.03712914234328e-18	-0.120191368300524	0.277	0.182	6.8321237175909e-14	ATG4B	c15
5.75766401618554e-11	-0.120098811491672	0.163	0.112	1.93100535774831e-06	TSC22D1	c15
4.93722060809999e-12	-0.119990965650585	0.139	0.091	1.65584504754457e-07	ANKRD39	c15
5.58750465524266e-22	-0.11995694352095	0.284	0.184	1.87393731127528e-17	ZMYM2	c15
2.9276495655084e-16	-0.119950780601336	0.228	0.151	9.81875111280206e-12	CCNT1	c15
1.61612684835726e-23	-0.119872801628597	0.287	0.182	5.42016622402058e-19	NRDC	c15
3.7347592341057e-11	-0.119848032899302	0.344	0.253	1.25256355193437e-06	MYO1G	c15
2.34157261575856e-19	-0.119771606625788	0.161	0.098	7.85316623873104e-15	GOLGA3	c15
1.52503858243725e-10	-0.119769581424379	0.179	0.124	5.11467439777804e-06	CHMP7	c15
1.52035347240635e-06	-0.119561467165241	0.06	0.039	0.0509896147575642	SLC35F6	c15
1.74387993645591e-09	-0.119524846820727	0.102	0.067	5.84862453088582e-05	STARD10	c15
5.38121702830765e-15	-0.119495503284398	0.251	0.171	1.80475256695382e-10	CBX6	c15
1.16601900701371e-11	-0.119478379650043	0.219	0.154	3.91059454572257e-07	DBNL	c15
4.08533075850296e-12	-0.119459729453805	0.509	0.372	1.37013822978672e-07	BAZ1A	c15
8.21814420680643e-06	0.11941914135781	0.034	0.02	0.275620120407874	PRKACA	c15
0.00710109264835976	-0.119402562577083	0.044	0.033	1	SLC25A53	c15
0.00241811215300079	-0.119367938660933	0.015	0.009	1	CDKL1	c15
8.23260652336223e-10	-0.119357814988684	0.504	0.371	2.76105157580523e-05	MTCH1	c15
2.22968870946535e-16	-0.119257325204333	0.245	0.163	7.4779299938049e-12	ITCH	c15
7.51449145971547e-10	-0.118899942235305	0.208	0.148	2.52021014575938e-05	TP53RK	c15
0.0172440677578482	-0.118768002902391	0.017	0.011	1	URB1-AS1	c15
0.000191165346491546	-0.118714358191269	0.447	0.356	1	TRAC	c15
5.79985832256897e-10	-0.118634896423022	0.122	0.082	1.94515648422318e-05	DNAJA3	c15
0.000189154528444854	0.11860986743598	0.018	0.01	1	LRFN3	c15
2.18685117203308e-10	-0.118539362309167	0.232	0.164	7.33426146076453e-06	MALSU1	c15
8.43148473164044e-10	-0.118523831213095	0.114	0.075	2.82775134929757e-05	RUNDC1	c15
0.00888757789057891	-0.118495004171888	0.031	0.023	1	MORC4	c15
0.0043614633087993	-0.118487361530307	0.043	0.032	1	CENPW	c15
1.27665277784164e-06	-0.118378568967136	0.048	0.03	0.0428163808632528	TUBGCP4	c15
6.5526802532628e-16	-0.11837190880691	0.288	0.196	2.19763790333928e-11	USP22	c15
9.46608643113992e-13	-0.118312296716792	0.387	0.274	3.17473606727571e-08	CCNK	c15
0.000220358723167542	-0.118300663735157	0.057	0.041	1	UBE2W	c15
7.87871165997079e-06	-0.118288564621752	0.035	0.021	0.2642362316521	ARL6	c15
0.00483545869904862	-0.118267794269396	0.648	0.501	1	GABARAPL2	c15
1.21714124780818e-09	-0.118232807886921	0.106	0.07	4.08204831689907e-05	NCOA6	c15
2.05934727759182e-11	-0.11809443012105	0.203	0.141	6.90663889958745e-07	USB1	c15
2.23800425325244e-09	-0.117996344153875	0.436	0.318	7.50581866455804e-05	MRFAP1L1	c15
8.81655293036052e-12	-0.117994306027685	0.166	0.112	2.95689552178431e-07	AP4M1	c15
2.07160465862795e-10	-0.117978013223255	0.213	0.15	6.94774770410641e-06	PAGR1	c15
1.65730832270575e-05	0.117856933170377	0.025	0.014	0.555828065269055	CROT	c15
0.467671974991614	-0.117625381290765	0.832	0.709	1	SRSF2	c15
2.02888200328449e-12	-0.117609062987804	0.271	0.19	6.80446446261551e-08	EFCAB14	c15
0.0809428537591291	-0.117532889643376	0.026	0.02	1	ZNF613	c15
1.15854393447739e-07	-0.117151455725849	0.451	0.337	0.00388552464745027	ARL6IP1	c15
1.87911528032684e-06	-0.116967021483541	0.067	0.045	0.0630217682716016	ZNF235	c15
4.66147497196593e-06	-0.116893912110953	0.04	0.024	0.156336547609794	SPRYD4	c15
8.38517793598223e-07	-0.11679847711894	0.085	0.059	0.0281222097616972	GCC1	c15
3.59085125838532e-16	-0.116408169121958	0.288	0.194	1.20429969503727e-11	NDEL1	c15
1.47533199057788e-05	0.116389711950531	0.018	0.009	0.49479684300001	GSTCD	c15
4.42783536056827e-07	-0.116285785105797	0.083	0.057	0.0148500742322739	MAP3K5	c15
2.74387901303383e-07	-0.116227804112045	0.511	0.388	0.00920242143391286	CEBPZ	c15
5.96125008104621e-06	-0.116220198900753	0.11	0.08	0.199928405218128	LRIF1	c15
0.000644209571658787	-0.116092399365179	0.055	0.04	1	SUV39H1	c15
2.04869893879687e-05	-0.116084809459707	0.036	0.022	0.687092650093693	ZNF253	c15
5.96690810449763e-05	-0.11585358826592	0.023	0.013	1	SRBD1	c15
3.69858362224273e-14	-0.115801830341185	0.216	0.146	1.24043097522777e-09	RB1	c15
0.126873341807766	-0.115749519304726	0.01	0.007	1	RPS10-NUDT3	c15
4.593599416476e-12	-0.115741543704716	0.25	0.174	1.54060137229772e-07	ZNF146	c15
1.71799460462471e-13	-0.115725735722404	0.229	0.156	5.76181030499034e-09	YEATS4	c15
7.05844223613458e-14	-0.11566199916286	0.25	0.17	2.36726035715482e-09	CCDC32	c15
1.40159898718995e-09	-0.115623786929113	0.128	0.088	4.70068268323767e-05	CEP135	c15
5.76306558100986e-13	-0.115592019182229	0.234	0.16	1.93281693455909e-08	OGFOD1	c15
2.39491697762863e-12	-0.115591517322306	0.439	0.318	8.0320725595709e-08	CAPN2	c15
6.4620939157427e-16	-0.115491482342642	0.329	0.225	2.16725705746179e-11	MAPKAPK2	c15
1.74787774940323e-08	-0.115464666632619	0.108	0.074	0.000586203239594856	GLE1	c15
4.93859162401124e-05	-0.115380306012479	0.053	0.036	1	RNF26	c15
0.00355649572149446	0.115368509624871	0.015	0.009	1	DHCR24	c15
3.42175862947878e-12	-0.115032364954804	0.132	0.085	1.14758940915459e-07	SPPL3	c15
0.0151904517834166	0.114821700756908	0.01	0.006	1	SNX22	c15
4.91337055168639e-06	-0.114813440367846	0.075	0.052	0.164784621562458	SAP30	c15
1.82324800739713e-06	-0.11472455395906	0.074	0.05	0.0611480916720848	LINC00847	c15
9.33811144040591e-13	-0.114711423849872	0.229	0.157	3.13181581488333e-08	TDP2	c15
0.000338122277794565	-0.114707214993083	0.023	0.014	1	AL139260.1	c15
1.07831238357647e-09	-0.114607312718895	0.38	0.277	3.61644407203878e-05	RAB5C	c15
5.03694216287953e-13	-0.114583998483152	0.432	0.307	1.68928966258654e-08	RBMX	c15
8.19642786986906e-12	-0.114564717331344	0.088	0.053	2.74891797899669e-07	ZNF778	c15
2.39577567966683e-11	-0.114562260880236	0.1	0.063	8.0349524744666e-07	ARFGEF2	c15
0.000319195297098892	-0.114560687585029	0.436	0.364	1	DDIT4	c15
0.0174510268984014	-0.11445257060334	0.014	0.009	1	TTC39C-AS1	c15
2.89388365314802e-13	-0.114402374044858	0.152	0.099	9.70550699592782e-09	ABHD5	c15
2.23259805140916e-11	-0.114348551592073	0.116	0.075	7.48768734481603e-07	APTX	c15
4.06938564179025e-08	-0.114303536232718	0.066	0.041	0.00136479055654361	C11orf54	c15
1.0181346747643e-08	-0.114243886705081	0.136	0.094	0.00034146200722245	TMEM35B	c15
8.55283056507152e-15	-0.114109373151381	0.243	0.164	2.86844831491369e-10	RRP1B	c15
0.000394243173159985	-0.114083880362618	0.044	0.031	1	AC008555.5	c15
8.23485796023263e-08	-0.114048474697629	0.089	0.06	0.00276180666270282	RP2	c15
1.218108647635e-09	-0.114047063857361	0.379	0.275	4.08529278243828e-05	MRPL43	c15
2.00052577778961e-10	-0.113966529871787	0.134	0.09	6.70936335355081e-06	CRCP	c15
1.48026768313203e-11	-0.113893672392675	0.347	0.248	4.9645217556882e-07	RNF167	c15
1.76912986739286e-08	-0.113687286862605	0.411	0.303	0.000593330774926218	ARL6IP6	c15
5.65065490120764e-09	-0.113686382785495	0.204	0.149	0.000189511664076702	PIK3R5	c15
5.79189524018132e-11	-0.113643317200955	0.349	0.251	1.94248582565201e-06	CNOT8	c15
7.52483916764644e-14	-0.113567581023826	0.19	0.127	2.52368056004526e-09	ZFAND3	c15
2.15117983693619e-12	-0.113542644066782	0.285	0.199	7.21462693711661e-08	NIP7	c15
2.37093712991493e-09	-0.112985863223419	0.098	0.065	7.95164894630868e-05	ZNF598	c15
1.47214635019136e-05	-0.112912305174603	0.05	0.033	0.493728442927179	TAF1A	c15
1.38017135137037e-11	-0.112902293247669	0.137	0.091	4.62881867822596e-07	FAM76B	c15
0.00991719850856545	-0.112826566493252	0.673	0.546	1	ODC1	c15
1.89438855958951e-09	-0.112771160877785	0.122	0.082	6.35340035115131e-05	GTF2A1	c15
3.58053013008599e-13	-0.112568287581001	0.395	0.279	1.20083819502824e-08	SRP54	c15
4.10251033825657e-06	-0.112518129723824	0.078	0.054	0.137589991724449	AC084033.3	c15
0.00646214577033506	0.112399505602248	0.015	0.01	1	ADARB2	c15
9.49752970880122e-07	-0.112280519139181	0.1	0.071	0.0318528151373775	CMTR2	c15
1.20421686751816e-05	-0.112269438332812	0.44	0.339	0.403870253028241	OSTF1	c15
5.84302889549932e-10	-0.112194935187071	0.11	0.072	1.95963503097256e-05	PPP3CB	c15
3.6772582099192e-06	-0.112180788673007	0.077	0.054	0.12332788584427	ARHGEF6	c15
4.97860360183566e-19	-0.112155059416044	0.997	0.942	1.66972407598364e-14	RPL23A	c15
1.77769589090657e-09	-0.112127077953301	0.403	0.303	5.96203647892244e-05	MIR4435-2HG	c15
5.98377442222728e-06	-0.112054234263221	0.56	0.416	0.200683826572659	EMC7	c15
1.35592129579713e-10	-0.112028593017139	0.079	0.048	4.54748884184442e-06	MED13L	c15
4.52368387683326e-09	-0.111999982673204	0.288	0.212	0.000151715309861234	CCPG1	c15
0.00372762928877398	-0.111937246893904	0.023	0.015	1	SLC16A13	c15
1.0672870936392e-12	-0.11187580741356	0.231	0.159	3.57946745464716e-08	APBA3	c15
5.64299117042795e-21	-0.111873726569951	0.284	0.184	1.89254637873812e-16	TRIP12	c15
0.0233677264492992	0.111796115092447	0.01	0.006	1	CARD6	c15
7.83524279702591e-09	-0.111741688551462	0.06	0.036	0.000262778372926655	DNAJA4	c15
1.12619510238372e-11	-0.111606341388799	0.365	0.26	3.77703313437452e-07	RAB35	c15
1.83265148696368e-16	-0.111497187225435	0.243	0.162	6.14634655697878e-12	METTL17	c15
2.05703885019715e-13	-0.111420455921787	0.334	0.234	6.89889689579119e-09	SHKBP1	c15
2.53942405945945e-08	-0.111320778222	0.077	0.05	0.00085167204106151	GOSR2	c15
1.04679875484273e-10	-0.111153860330921	0.193	0.135	3.51075366399154e-06	MED30	c15
1.32396945547554e-10	-0.111085372799981	0.228	0.162	4.44032875977388e-06	NMI	c15
1.41150548663134e-08	-0.111025686673004	0.156	0.111	0.000473390710106417	HSD17B11	c15
0.000510021148406325	-0.110983652281887	0.011	0.005	1	SLC17A9	c15
3.47165910775139e-09	-0.110884776323288	0.047	0.026	0.000116432503155766	ASH1L-AS1	c15
1.53131399466257e-12	-0.110860908608056	0.28	0.196	5.13572087529931e-08	KPNA4	c15
6.38971976587531e-06	-0.110817122412755	0.723	0.565	0.214298421507926	FAS	c15
2.02361569892125e-05	0.110803783521053	0.017	0.009	0.678680233104209	LMLN	c15
3.17205386921429e-10	-0.110676775709089	0.4	0.289	1.06384342665709e-05	RNF11	c15
6.65407139520257e-16	-0.110511860858119	0.214	0.14	2.23164246452304e-11	WDR20	c15
6.13217343023748e-16	-0.11041229427305	0.18	0.115	2.05660832503305e-11	LEO1	c15
4.92063783101316e-14	-0.110408257218344	0.221	0.15	1.65028351576519e-09	MTF2	c15
0.0025560894821667	-0.110398605070999	0.047	0.035	1	ZNF526	c15
0.686753260858959	0.110354528172785	0.011	0.01	1	TRBV24-1	c15
7.78361007673614e-08	-0.110184086197476	0.464	0.344	0.00261046714753577	RNF5	c15
0.00101253116570807	0.110149297474489	0.01	0.005	1	IL17RC	c15
2.8653559156606e-13	-0.109924893630805	0.324	0.227	9.60983066994253e-09	SRPK1	c15
1.18227177053931e-09	-0.109863841715597	0.391	0.288	3.96510306403474e-05	ZNF24	c15
0.0182754292893835	-0.109776366635732	0.765	0.636	1	IFITM2	c15
0.00172335210410605	0.109754172701263	0.012	0.007	1	AC007448.3	c15
0.00120423424909698	-0.109747933778705	0.022	0.014	1	SLC10A7	c15
1.16281890440181e-11	-0.109668278994714	0.426	0.303	3.89986204158279e-07	NGDN	c15
0.512653181643706	-0.109552982268526	0.831	0.677	1	HNRNPF	c15
2.2545681310316e-14	-0.109485873722473	0.398	0.278	7.56137059785376e-10	TMEM165	c15
4.35479179852665e-09	-0.109484289319437	0.074	0.046	0.000146051007338987	ZNF212	c15
3.66539850863157e-14	-0.109404779314514	0.241	0.162	1.22930135182486e-09	MRPS30	c15
6.46119687871504e-11	-0.109380444386758	0.272	0.194	2.16695620918345e-06	UBALD1	c15
2.53789959643254e-13	-0.10913291222111	0.166	0.11	8.51160766651544e-09	ANKRD27	c15
0.0168135973278729	-0.109090298615903	0.014	0.009	1	EEF1AKMT1	c15
1.18235767129474e-05	-0.108975694965739	0.059	0.04	0.39653911579883	ORC3	c15
0.00016142350525183	0.10897240107725	0.026	0.016	1	OSER1-DT	c15
0.00141526620829643	-0.10893611652137	0.018	0.011	1	ZNF780B	c15
8.69252506303062e-13	-0.10893438367671	0.213	0.146	2.91529905563921e-08	CCAR2	c15
4.10977093479164e-09	-0.108892530165686	0.177	0.126	0.000137833497611042	MKRN2	c15
1.21161633947878e-06	-0.10872262397098	0.065	0.043	0.0406351887934394	HSF2	c15
5.58024707352506e-10	-0.108650254442469	0.386	0.281	1.87150326351883e-05	UFD1	c15
0.000382773413480212	-0.108613100753867	0.576	0.448	1	TRAM1	c15
1.32266643369083e-18	-0.108506029120921	0.364	0.246	4.4359586853123e-14	DNAJB14	c15
1.13309721756688e-14	-0.108431988227726	0.29	0.2	3.80018144827581e-10	IPO7	c15
3.92000604591279e-11	-0.108235103275602	0.095	0.059	1.31469162767823e-06	EDC3	c15
3.07450165325968e-11	-0.108143865234514	0.089	0.055	1.03112636447023e-06	ZNF121	c15
6.42738584377561e-17	-0.108121611944143	0.236	0.154	2.15561666428547e-12	UBAP2L	c15
4.40887848748061e-11	-0.108106122623629	0.29	0.208	1.47864966713125e-06	CHTOP	c15
0.000253074922514318	0.108007911580652	0.022	0.013	1	TDRKH	c15
4.00394890150788e-09	-0.107994054059832	0.07	0.043	0.000134284438258771	RYK	c15
3.55486208190052e-11	-0.107932181527586	0.224	0.157	1.1922296450278e-06	POLR3GL	c15
1.33575300969449e-15	-0.10788693228562	0.194	0.126	4.47984844391338e-11	NAA15	c15
1.41029051113266e-10	-0.107848321135594	0.211	0.149	4.72983231623673e-06	IFI35	c15
0.000132176551880454	-0.107789584387121	0.036	0.023	1	MTFR1	c15
5.22684640130849e-05	-0.107763599762535	0.034	0.022	1	CCNYL1	c15
0.000530032467378408	-0.107727489589807	0.016	0.009	1	AC016727.1	c15
9.61486999802079e-07	-0.107694579258204	0.681	0.524	0.0322463509993621	KTN1	c15
3.02758908754116e-06	-0.107636457699839	0.62	0.474	0.101539282817955	YARS	c15
1.11708288416561e-13	-0.107537051840464	0.297	0.206	3.74647257691463e-09	CASC3	c15
2.31735662730869e-11	-0.107508224291675	0.295	0.211	7.77195065666789e-07	MAZ	c15
9.73157711426918e-10	-0.107461166182422	0.224	0.161	3.2637763325836e-05	PRPF19	c15
5.99237325840303e-12	-0.107191854621333	0.139	0.091	2.00972214340321e-07	GOLGA5	c15
1.05207888579873e-13	-0.107166260207903	0.159	0.104	3.52846216719177e-09	SMARCAD1	c15
6.69316549305796e-11	-0.107073087718757	0.313	0.225	2.24475384306178e-06	EIF1AY	c15
1.29199768034386e-12	-0.107056709191992	0.31	0.218	4.33310182033724e-08	NOLC1	c15
0.000729581323532371	-0.106953379899542	0.033	0.022	1	CD101	c15
2.1359009985663e-12	-0.10680566465376	0.148	0.097	7.16338476899167e-08	PIGS	c15
0.000913106553606505	0.106770249006546	0.015	0.009	1	DPCD	c15
4.33155595549141e-10	-0.106612237273744	0.213	0.152	1.45271723635271e-05	B3GAT3	c15
0.0266864343172813	-0.106586794211935	0.024	0.018	1	AMN1	c15
4.71196597560628e-18	-0.106499742344162	0.268	0.177	1.58029914889883e-13	UNC45A	c15
3.02973206269245e-06	-0.106492962006914	0.602	0.464	0.101611153918579	EIF3J	c15
7.10414417507698e-11	-0.106380720436074	0.161	0.111	2.38258787343732e-06	DUS3L	c15
1.30927344520448e-07	-0.106328630371889	0.622	0.466	0.00439104128052677	SRSF4	c15
1.99024457624599e-13	-0.106274220510243	0.241	0.166	6.67488225981379e-09	DBF4	c15
2.04485532255973e-08	-0.106161981001815	0.102	0.069	0.000685803578080081	PRKAB1	c15
0.000442367577064123	-0.105816576793917	0.051	0.037	1	DSN1	c15
0.985722142556889	-0.105734111111091	0.012	0.012	1	TRAV26-1	c15
4.14711509712531e-08	-0.105637717916762	0.057	0.035	0.00139085946127389	MIER2	c15
5.0490714098936e-06	-0.105520132392461	0.039	0.024	0.169335756945012	ALG9	c15
9.64996607883233e-06	-0.105517691211106	0.608	0.457	0.323640562351879	MED10	c15
1.40009755727637e-11	-0.105493801260095	0.133	0.087	4.69564718759348e-07	TIMM44	c15
8.5197775128299e-17	-0.105443205658612	0.427	0.3	2.85736298225289e-12	ATRX	c15
1.39769026644326e-13	-0.10540656893648	0.336	0.235	4.68757361559742e-09	UBN1	c15
4.71594017560613e-05	0.105385992103219	0.025	0.015	1	TCEAL1	c15
5.8018351468129e-08	-0.105316485151218	0.292	0.22	0.00194581947153811	ECI2	c15
5.25058258024506e-11	-0.105246949928665	0.066	0.039	1.76094038576259e-06	DHX33	c15
2.23153933642346e-11	-0.105228486287424	0.179	0.123	7.484136626497e-07	TDP1	c15
6.31965286524322e-12	-0.105132708490438	0.203	0.14	2.11948517794527e-07	GTF2H1	c15
3.77216073698336e-14	-0.10501630238652	0.255	0.174	1.26510726796948e-09	VRK3	c15
0.00691249088467963	-0.104947605713625	0.027	0.019	1	TMEM104	c15
1.25506480609848e-11	-0.104944389621955	0.229	0.16	4.20923634669307e-07	CRKL	c15
5.32926410031411e-09	-0.104892936528054	0.218	0.157	0.000178732859396335	CDCA4	c15
5.56654990419107e-18	-0.10489283610965	0.157	0.097	1.8669095068676e-13	VPS13A	c15
8.1096651151405e-12	-0.104781188456918	0.304	0.215	2.71981948631582e-07	NTMT1	c15
1.64399324814728e-09	-0.104751224231423	0.094	0.061	5.51362455563635e-05	MTERF3	c15
0.000737334067210469	0.104746333282066	0.018	0.011	1	HSPA1L	c15
6.68666040668383e-06	0.104745250709088	0.025	0.014	0.224257216719362	FBXL18	c15
5.24920060092111e-06	0.104565464649776	0.039	0.024	0.176047689753692	RNF135	c15
1.15217912416826e-09	-0.104445710445231	0.114	0.076	3.86417834663551e-05	SC5D	c15
5.3089778588862e-06	0.104250104752261	0.04	0.025	0.178052499431325	RHEBL1	c15
1.00497022592081e-15	-0.104247917191313	0.259	0.174	3.37046914369322e-11	GNPAT	c15
2.63481127783653e-08	-0.10423655362387	0.083	0.055	0.000883663006360816	MYBBP1A	c15
0.000279245507841594	-0.104187198255928	0.03	0.019	1	RBAK	c15
7.90153822627916e-15	-0.104172052567331	0.243	0.165	2.65001789032951e-10	ARMC8	c15
3.67446012768245e-12	-0.104135591268671	0.122	0.078	1.23234043762214e-07	AREL1	c15
1.17086866867535e-05	-0.1041295466708	0.042	0.026	0.39268593410034	ZBTB9	c15
2.23846360853107e-08	-0.103930238649994	0.024	0.011	0.00075073592502915	AGRN	c15
3.88214124046881e-11	-0.10380807556894	0.19	0.131	1.30199252922843e-06	DUSP14	c15
3.86111757204925e-12	-0.103781484926409	0.39	0.275	1.29494161131388e-07	SCNM1	c15
6.89647272614175e-11	-0.103760649277438	0.304	0.221	2.31293902289342e-06	PACSIN2	c15
3.92546592013228e-09	-0.103753626077061	0.105	0.07	0.000131652276029396	EXOC8	c15
0.010542687221309	-0.103720077631769	0.025	0.017	1	NOMO1	c15
2.24122328239045e-11	-0.103719332300407	0.13	0.085	7.5166146444811e-07	ZFYVE1	c15
0.00587875028608164	-0.103643451625756	0.047	0.036	1	CHEK1	c15
3.16553782671521e-13	-0.103640364771239	0.116	0.073	1.06165807632375e-08	BTBD7	c15
7.54041379319887e-12	-0.10360616390665	0.405	0.287	2.52890397796304e-07	BCAS2	c15
1.58881656547773e-22	-0.103421317081287	0.328	0.213	5.3285729972992e-18	ABCC1	c15
2.20991575727858e-11	-0.103279401620966	0.16	0.108	7.41161546676089e-07	COX11	c15
9.69452795554416e-10	-0.103176100552099	0.058	0.034	3.2513507857304e-05	CUX1	c15
1.08673527591231e-10	-0.103122637327807	0.109	0.07	3.6446927683547e-06	BRPF1	c15
1.45401554677e-08	-0.10311387983279	0.072	0.045	0.000487647734075724	ZNF398	c15
0.00049286394427743	-0.103095456452156	0.039	0.027	1	LINC02210-CRHR1	c15
6.39488835843894e-16	-0.10275079295561	0.151	0.094	2.14471765765325e-11	RNF111	c15
1.13043575138597e-11	-0.102619935826228	0.345	0.247	3.79125542299826e-07	U2AF2	c15
2.5749448414495e-11	-0.102450352727755	0.223	0.156	8.63585000925332e-07	MRPL17	c15
0.000119345916831862	-0.102442520484005	0.05	0.035	1	IRGQ	c15
6.69955663754292e-15	-0.102360485492726	0.318	0.219	2.24689730509914e-10	DYNC1LI1	c15
0.00799826458239116	-0.102232074545045	0.721	0.564	1	CAPZB	c15
0.000169444646768615	-0.102164023795515	0.025	0.015	1	ZNF606	c15
4.58888876328398e-12	-0.102049810973897	0.125	0.08	1.53902151343018e-07	NAF1	c15
3.02012437042096e-10	-0.101746164398766	0.318	0.232	1.01288931135178e-05	CSK	c15
4.83401629855933e-05	-0.101564701028125	0.016	0.008	1	ERMAP	c15
3.69370137546795e-09	-0.101557084508824	0.102	0.067	0.000123879356730444	UBE2E1	c15
5.00221026565345e-12	-0.101476233641939	0.119	0.077	1.67764127889485e-07	ANKRD52	c15
4.52144473793851e-11	-0.101419882562128	0.058	0.032	1.51640213620982e-06	ZNF316	c15
0.00259488566517483	-0.101197351068574	0.034	0.024	1	AC020915.3	c15
2.28890406274369e-11	-0.101164214463636	0.197	0.136	7.6765264456298e-07	VCPKMT	c15
3.13454901048318e-10	-0.101146734192862	0.202	0.143	1.05126504713585e-05	RNF139	c15
7.99278339827055e-10	-0.10108913592599	0.166	0.117	2.68061969611198e-05	TRAFD1	c15
6.28554225275876e-06	0.101086813825031	0.047	0.03	0.210804516073023	C4orf46	c15
3.06477853253355e-12	-0.101070525594991	0.468	0.336	1.0278654242411e-07	LUC7L2	c15
6.90834411057207e-11	-0.100994390966066	0.348	0.251	2.31692044780366e-06	BECN1	c15
3.67305869341979e-08	-0.100884598236416	0.456	0.342	0.00123187042459913	SMC3	c15
3.16675504783499e-17	-0.100841741150514	0.174	0.11	1.0620663079429e-12	CEP104	c15
1.49126817153192e-06	-0.10082982635482	0.54	0.408	0.0500141519368375	SCAMP2	c15
3.32814945469951e-13	-0.10080189497571	0.249	0.173	1.11619476411712e-08	C6orf89	c15
0.0167947035767622	-0.100747756373363	0.01	0.006	1	ARRDC3-AS1	c15
1.50979996387697e-12	-0.100714229062487	0.164	0.109	5.06356711885058e-08	KHNYN	c15
2.66997040085891e-14	-0.100662216099736	0.233	0.158	8.9545467304006e-10	DDX23	c15
3.19883586581418e-10	-0.100564717680727	0.177	0.124	1.07282557267676e-05	XRCC1	c15
1.61436610763707e-05	-0.100563224914571	0.041	0.026	0.54142610517932	ALG6	c15
2.21130198863912e-10	-0.100530347102942	0.111	0.073	7.41626460949787e-06	RBM4B	c15
1.97175205079387e-13	-0.100370718593983	0.393	0.277	6.61286202795248e-09	FIP1L1	c15
1.18331535494284e-18	-0.100240983163424	0.254	0.166	3.96860303740729e-14	S100PBP	c15
1.38949931014001e-08	-0.10017664023396	0.109	0.074	0.000466010278634756	ZNF408	c15
3.11873197877658e-11	-0.100054958819988	0.165	0.112	1.04596033104209e-06	TBL3	c15
