# factor-levels: seurat_clusters=c1|c2|c3|c4|c5|c6|c7|c8|c9|c10|c11|c12|c13

p_val	avg_log2FC	pct.1	pct.2	p_val_adj	gene	seurat_clusters
0	6.28452401227368	0.168	0.008	0	HSPA6	c12
0	4.81830370118726	0.61	0.237	0	HSPA1A	c12
0	4.59622028053208	0.39	0.103	0	HSPA1B	c12
4.77151027833045e-261	4.30532641031372	0.149	0.021	1.60026911714647e-256	SERPINH1	c12
4.36536076958219e-33	4.25366523088365	0.011	0.001	1.46405469490248e-28	ACTRT3	c12
6.56925711401873e-41	4.16611651914959	0.012	0.001	2.2031974508996e-36	PGF	c12
8.03595025886402e-55	3.81824573565095	0.022	0.002	2.69509699781782e-50	PARD6G-AS1	c12
1.97210795220671e-92	3.51742836640162	0.567	0.403	6.61405565011085e-88	DNAJB1	c12
6.79236281578184e-223	3.51400496566824	0.32	0.101	2.27802264115692e-218	BAG3	c12
0	2.95109139951262	0.676	0.353	0	HSPB1	c12
2.34428587904191e-66	2.85298815992582	0.049	0.009	7.86226598113076e-62	CHRNA5	c12
1.19409559383481e-24	2.84407450683298	0.03	0.008	4.00475780260319e-20	PROK2	c12
4.37598752143462e-66	2.76893635117265	0.116	0.037	1.46761869493874e-61	CCL20	c12
1.30616944869402e-164	2.73684158798113	0.156	0.034	4.38063109703e-160	DNAJA4	c12
2.29482589502339e-201	2.68104134272656	0.733	0.528	7.69638708672944e-197	HSPE1	c12
0	2.67309876478443	0.986	0.909	0	HSP90AA1	c12
6.88087097587376e-62	2.6206478264535	0.059	0.013	2.30770650788854e-57	E2F7	c12
2.01999665261485e-16	2.6028991766654	0.014	0.003	6.77466477353968e-12	AC092803.2	c12
1.21832059233955e-51	2.55870506756796	0.046	0.01	4.0860036025884e-47	MUC12	c12
5.42398695974297e-265	2.55773049479791	0.756	0.491	1.8190967465586e-260	HSPH1	c12
1.36133505373322e-29	2.5401893122715	0.026	0.005	4.56564550321047e-25	IL23R	c12
7.92416200520775e-228	2.53775569013046	0.778	0.572	2.65760545330658e-223	HSPD1	c12
5.87102237451396e-13	2.48903972168575	0.023	0.008	1.96902348396449e-08	KCNK1	c12
4.65523729565838e-62	2.35892046023645	0.109	0.035	1.56127348421791e-57	DNAJB4	c12
1.58262100141728e-229	2.33011068954551	0.579	0.298	5.30779431455328e-225	FKBP4	c12
5.41220514644888e-09	2.1547698462455	0.012	0.003	0.000181514536201602	AC022182.2	c12
3.41073663708943e-115	2.11613919516441	0.403	0.21	1.14389285334705e-110	ZFAND2A	c12
2.30715329191632e-195	2.07576768598733	0.38	0.139	7.73773071042894e-191	CCL3	c12
4.06567200605275e-16	2.00642445591632	0.025	0.007	1.36354507738997e-11	AL357992.1	c12
2.42551173026426e-10	1.94896615418506	0.02	0.007	8.13468124096027e-06	AL391056.1	c12
1.49140493272936e-19	1.90100551755251	0.028	0.008	5.00187386338771e-15	TRBV12-2	c12
8.73640986807723e-16	1.89450045549165	0.036	0.013	2.93001714155574e-11	LINC01480	c12
6.33378871089231e-170	1.89311341429954	0.484	0.241	2.12422605785906e-165	CHORDC1	c12
1.12331883163169e-08	1.87750707284686	0.014	0.005	0.000376738669752637	CD86	c12
1.89974330407812e-25	1.85817424014364	0.045	0.015	6.3713590932172e-21	PRRG4	c12
2.91431463956049e-17	1.84995900170726	0.031	0.011	9.77402843815795e-13	IL12RB2	c12
2.08502869662331e-187	1.83963586557371	0.589	0.335	6.99276924273527e-183	AHSA1	c12
2.62222099883779e-18	1.77477911953992	0.119	0.069	8.79440478590219e-14	NR4A1	c12
4.17528542156367e-38	1.75969072884628	0.072	0.024	1.40030722468402e-33	TRAV38-1	c12
1.82080096711778e-30	1.72020177884479	0.06	0.021	6.10660228351961e-26	RORC	c12
0	1.71067948242752	0.984	0.925	0	HSP90AB1	c12
4.76283244999165e-151	1.70144360510029	0.74	0.562	1.5973587470782e-146	CACYBP	c12
3.61682020241857e-26	1.65573158409307	0.057	0.02	1.21300915948714e-21	ULBP2	c12
1.32527058661524e-186	1.61051658940856	0.97	0.94	4.44469249339018e-182	HSPA8	c12
1.57766465108929e-28	1.60418114493836	0.057	0.02	5.29117170682326e-24	LINC00158	c12
4.62628890783127e-200	1.59543108615219	0.584	0.292	1.55156477390845e-195	MIR155HG	c12
9.53885725679277e-18	1.57684009221989	0.038	0.014	3.19914194678316e-13	IL26	c12
8.76466937684118e-63	1.57439331120238	0.176	0.074	2.939494815605e-58	HIBCH	c12
3.7862349984991e-121	1.55439377642928	0.353	0.159	1.26982749379663e-116	CD70	c12
7.254875513926e-43	1.55141951931368	0.118	0.048	2.4331401498605e-38	ICAM1	c12
2.96206196328119e-28	1.55066654828453	0.063	0.023	9.93416341245244e-24	C17orf67	c12
2.16552153239588e-203	1.54937952496059	0.842	0.64	7.26272611534931e-199	DNAJA1	c12
6.12745334835656e-29	1.51220798753337	0.055	0.018	2.05502530397182e-24	EGR1	c12
1.2394467989542e-34	1.5081301485917	0.124	0.056	4.15685667433261e-30	TNF	c12
3.47689940668109e-42	1.49521120914211	0.107	0.042	1.16608252301271e-37	MUM1	c12
3.03046727778592e-26	1.48473958783122	0.1	0.047	1.01635811562384e-21	CDKN2C	c12
1.18047578275568e-51	1.47463258840159	0.141	0.057	3.95907968020601e-47	IQCG	c12
1.65012636179199e-53	1.46310011115959	0.123	0.046	5.53419379217797e-49	TRBV20-1	c12
4.55246500707179e-23	1.45768708348677	0.07	0.03	1.52680571407174e-18	NCR3	c12
1.50135722033217e-54	1.45144116124206	0.163	0.069	5.03525184555003e-50	ATF3	c12
3.86464275040888e-18	1.45138930333206	0.071	0.034	1.29612388563213e-13	ARG2	c12
4.79357633446339e-186	1.44983188433063	0.664	0.406	1.60766963105233e-181	TCP1	c12
1.46754997142602e-89	1.4146751288889	0.457	0.273	4.92186909416858e-85	DOK2	c12
3.12587985058693e-31	1.41247080468131	0.09	0.037	1.04835758428985e-26	CSF1	c12
2.06971327138892e-92	1.40803512018388	0.302	0.138	6.94140436958415e-88	CCL4L2	c12
1.16700459022509e-08	1.38575120812756	0.021	0.009	0.000391389999469689	ZFHX2	c12
2.20991445820537e-130	1.38479326575176	0.398	0.185	7.41161110992916e-126	INPP5F	c12
4.54214864681824e-143	1.38313246066611	0.689	0.425	1.5233458131699e-138	CCL4	c12
6.7255624198606e-07	1.36810509369812	0.016	0.006	0.0225561912437285	GLDC	c12
1.22464469500625e-145	1.36327569798126	0.599	0.368	4.10721337811196e-141	STIP1	c12
4.0508684468081e-60	1.32711789960068	0.184	0.08	1.3585802596905e-55	TIAM2	c12
2.95582535727598e-63	1.29470264965958	0.213	0.097	9.91324708323218e-59	EIF2AK3	c12
1.01773545103845e-08	1.28709023152599	0.039	0.02	0.000341328115569276	IER3	c12
1.72813174894527e-18	1.28129787736148	0.064	0.029	5.79580825961266e-14	FAM184A	c12
1.22366767992033e-15	1.28091878346286	0.056	0.026	4.10393666491681e-11	RGS3	c12
1.46350469086412e-07	1.27953048535486	0.016	0.006	0.00490830203222009	ALPK2	c12
6.50285131717882e-94	1.27658376521623	0.472	0.287	2.18092627475543e-89	HSPA4	c12
8.51243870767613e-82	1.25651642830275	0.308	0.15	2.85490169378042e-77	SLAMF7	c12
2.06153841460426e-45	1.25336590935468	0.225	0.121	6.91398753489977e-41	GNA15	c12
4.5592611127408e-60	1.24849104674185	0.393	0.249	1.52908499199101e-55	MRPL18	c12
4.11191580248329e-63	1.24128148669401	0.412	0.249	1.37905432183685e-58	IFNG	c12
5.78304957274847e-64	1.21665456164213	0.284	0.148	1.93951916570838e-59	FAM3C	c12
1.27105442196196e-08	1.20863380044561	0.043	0.023	0.000426286232037601	AC017002.1	c12
2.6638360004913e-64	1.20646881409916	0.264	0.131	8.93397317844771e-60	INPP4B	c12
2.81509203524119e-07	1.19839139579488	0.031	0.016	0.00944125566779189	HSPA2	c12
4.12764880704392e-40	1.18788390686043	0.189	0.097	1.38433085690639e-35	TBC1D4	c12
2.28766293370982e-112	1.17950050034547	0.658	0.472	7.672363947076e-108	CCT4	c12
6.38810566392225e-26	1.17735157674289	0.146	0.08	2.14244287756624e-21	GADD45A	c12
2.00029050372349e-115	1.17400106386407	0.472	0.252	6.70857429138785e-111	KLRD1	c12
3.60340847823655e-09	1.16813308671691	0.029	0.013	0.000120851113543097	RORB	c12
2.66615665788528e-26	1.1674585753229	0.168	0.097	8.94175619921566e-22	TNFSF14	c12
1.01700868453837e-06	1.15207905103485	0.033	0.018	0.034108437262048	MIR222HG	c12
1.96676620855065e-46	1.14902283417533	0.236	0.124	6.59614051023716e-42	CCL3L1	c12
1.70698289343677e-13	1.13741316204352	0.072	0.039	5.72487922800823e-09	SGK1	c12
1.60560502242017e-12	1.13620682982998	0.067	0.036	5.38487812419276e-08	HIST2H2AA4	c12
2.48081755297935e-31	1.13129850788418	0.344	0.24	8.32016590918215e-27	GADD45B	c12
3.4744423369414e-10	1.12264830628117	0.034	0.015	1.16525847096341e-05	LRP12	c12
1.79368878376344e-34	1.12213346305062	0.304	0.201	6.01567344298584e-30	TNFAIP8	c12
7.08472563540589e-36	1.12121474351629	0.223	0.129	2.37607528360243e-31	CGAS	c12
5.65292636784253e-42	1.12120698821719	0.304	0.19	1.89587844524703e-37	DEDD2	c12
1.47863042115503e-10	1.11894109417722	0.042	0.02	4.95903070646974e-06	MAP4K3	c12
1.17732326272782e-30	1.11506077078116	0.16	0.085	3.94850675853656e-26	ME2	c12
5.05666736927406e-40	1.10855285452275	0.156	0.073	1.69590510230713e-35	LDLR	c12
2.4202199397341e-37	1.10242813365687	0.275	0.17	8.11693363388022e-33	SNAP23	c12
1.83942385702134e-73	1.09626898627361	0.431	0.256	6.16905973167818e-69	LGALS1	c12
2.0183252361759e-103	1.09566598541098	0.488	0.273	6.76905917708674e-99	ANKRD28	c12
2.35145270288813e-27	1.0949558201098	0.179	0.104	7.8863020749462e-23	MBNL2	c12
2.43133954853107e-28	1.08822215759888	0.114	0.054	8.15422657786351e-24	CD80	c12
2.46856969631053e-76	1.0692722162786	0.506	0.335	8.27908904748625e-72	BST2	c12
4.04660318904067e-12	1.06621403562254	0.125	0.082	1.35714977754046e-07	BCL2A1	c12
7.80503442428128e-44	1.0561736550169	0.262	0.148	2.61765244521546e-39	TNFSF4	c12
4.6664147275789e-32	1.05259089412336	0.19	0.107	1.56502217133541e-27	ABHD3	c12
6.46972124498963e-59	1.04515131083837	0.502	0.347	2.16981511114462e-54	ZC3HAV1	c12
2.5614304412193e-08	1.03949946269648	0.051	0.029	0.000859052541376129	AC022075.1	c12
7.57604215341682e-92	1.0356802637188	0.503	0.302	2.54085301741293e-87	AHR	c12
8.56809996565173e-71	1.03137431300476	0.65	0.523	2.87356936648028e-66	NUDC	c12
2.93381243581447e-26	1.02467393447072	0.182	0.108	9.83942014723456e-22	PCBD1	c12
3.32540074433474e-20	1.02311467137222	0.092	0.046	1.11527290163499e-15	LINC02384	c12
2.21953495949568e-14	1.02211125159711	0.072	0.038	7.44387634715663e-10	ATP8B4	c12
2.88131113015158e-08	1.00182908917855	0.031	0.015	0.000966334126830237	TRBV14	c12
1.80529523882129e-23	0.99902186027131	0.117	0.061	6.05459917195885e-19	FGL2	c12
6.46971409004646e-58	0.990974329053545	0.351	0.205	2.16981271151978e-53	RAB11FIP1	c12
1.80573276792981e-21	0.986490806849963	0.139	0.078	6.056066557083e-17	NFKBIE	c12
2.23298548367242e-09	0.977822503842049	0.049	0.026	7.48898671514055e-05	GNPDA1	c12
9.35626352254895e-92	0.971051679960887	0.742	0.596	3.13790366019247e-87	DNAJB6	c12
4.43200474450464e-09	0.965557168291687	0.057	0.032	0.000148640575121197	HMSD	c12
3.23228083922205e-07	0.961159836437437	0.041	0.023	0.0108404234785829	NIPAL4	c12
2.2064152208722e-61	0.956254774476371	0.33	0.181	7.39987536776118e-57	ETV7	c12
4.57330898935717e-20	0.954852217165071	0.118	0.065	1.53379636885061e-15	IL18RAP	c12
4.01512767946465e-62	0.952286934835409	0.294	0.151	1.34659352113886e-57	AC243829.4	c12
3.80259746861472e-22	0.936077924787525	0.13	0.071	1.275315139024e-17	FNDC9	c12
5.24394326461463e-44	0.935757343305642	0.279	0.161	1.75871369208645e-39	SIRPG	c12
4.31256301113635e-14	0.932698674406811	0.243	0.179	1.44634738267491e-09	GLA	c12
3.67086995939022e-20	0.932126937531224	0.137	0.079	1.23113636698029e-15	CCDC117	c12
8.36087756896341e-07	0.920427582728621	0.031	0.016	0.0280407111907895	MTERF2	c12
6.48007584850565e-19	0.919180130758395	0.129	0.075	2.17328783807183e-14	SDC4	c12
1.70687703035421e-10	0.918992893796609	0.072	0.042	5.72452418440194e-06	MIR181A1HG	c12
1.0771758383016e-107	0.915646205572676	0.793	0.625	3.6126323264959e-103	FABP5	c12
6.12922904447021e-17	0.909123331335302	0.093	0.049	2.05562083693442e-12	KIAA1211L	c12
7.03315671437344e-19	0.905872857862572	0.231	0.163	2.35878009886657e-14	HIKESHI	c12
1.07087213862547e-88	0.893821918216648	0.731	0.567	3.5914909785221e-84	CYCS	c12
1.80422824889545e-13	0.883667672604789	0.114	0.07	6.05102070114558e-09	AC243960.1	c12
1.03076725676859e-07	0.882863746621525	0.055	0.033	0.0034569872257505	EPG5	c12
1.89132971097675e-29	0.881938541637315	0.214	0.127	6.34314158467381e-25	C21orf91	c12
4.02284886054273e-60	0.88141678283047	0.447	0.284	1.34918305084882e-55	MSC	c12
5.46560036023928e-09	0.880515076145902	0.072	0.044	0.000183305304881705	MBOAT7	c12
1.69702492466918e-85	0.878976005868036	0.57	0.373	5.69148219235551e-81	BTG3	c12
5.78441388392452e-16	0.872510343651446	0.122	0.073	1.9399767283906e-11	USPL1	c12
3.6443437819545e-10	0.870929748725843	0.046	0.023	1.2222400175919e-05	TRAV6	c12
3.07551106955746e-11	0.870843236257979	0.101	0.064	1.03146490250818e-06	PHF6	c12
6.5262116182427e-26	0.870629181329736	0.212	0.131	2.18876085252624e-21	KCNN4	c12
1.12905958997836e-65	0.856372793420843	0.499	0.326	3.78664005286944e-61	TUBA1C	c12
1.12809209024195e-48	0.851863769211146	0.355	0.217	3.78339525225346e-44	SPTY2D1	c12
1.19785104853104e-15	0.846754936855687	0.141	0.089	4.01735284656341e-11	CASP1	c12
3.28512355010399e-11	0.845851415058869	0.127	0.084	1.10176473623388e-06	LRIF1	c12
3.27263067893569e-19	0.844539200571695	0.127	0.073	1.09757487710145e-14	TRBV7-9	c12
3.48943908055726e-18	0.841373110092537	0.101	0.054	1.17028807883729e-13	RCAN2	c12
6.85112038868171e-44	0.834599833288031	0.423	0.289	2.29772875595607e-39	FXR1	c12
6.37712152952231e-17	0.833465847872063	0.143	0.089	2.13875901857119e-12	CD226	c12
8.1921548718383e-153	0.82948510325893	0.835	0.575	2.74748490091713e-148	GZMH	c12
6.06966660357484e-11	0.827449096023268	0.251	0.198	2.03564478550693e-06	CKS2	c12
9.94359074688524e-89	0.82637087621669	0.674	0.486	3.33488146469037e-84	GBP2	c12
7.110544246425e-40	0.824912083939675	0.316	0.197	2.38473432936602e-35	CCDC6	c12
6.46541297735507e-13	0.820772138147736	0.075	0.041	2.16837020434534e-08	LINC00944	c12
8.46543737963602e-25	0.815342968137809	0.318	0.223	2.83913838838233e-20	CDC42EP3	c12
1.81835887141965e-15	0.815068137783512	0.184	0.125	6.09841198296723e-11	ANKRD37	c12
6.35042436212987e-123	0.814536474111346	0.844	0.695	2.12980532257111e-118	NFKBIA	c12
1.27805230629776e-16	0.81098194362283	0.154	0.097	4.28633182486142e-12	SERTAD2	c12
5.20194833823506e-89	0.809525896900791	0.904	0.836	1.74462943367728e-84	SOD1	c12
4.72619490697854e-26	0.804768525199551	0.231	0.145	1.58507124790246e-21	TFRC	c12
2.64185779428446e-08	0.799774054727232	0.085	0.055	0.000886026267047121	TRIB2	c12
1.08370836913282e-19	0.798049443750764	0.244	0.167	3.63454112839766e-15	PELI1	c12
5.02981701819029e-140	0.795464643543301	0.909	0.74	1.68690003156066e-135	NKG7	c12
1.01218451904549e-09	0.795439866169029	0.071	0.042	3.39466443997478e-05	RGS9	c12
1.14892838656951e-16	0.794055972789983	0.226	0.16	3.85327602287684e-12	SPATS2L	c12
3.88531188276275e-30	0.789806865239299	0.397	0.285	1.30305589924097e-25	PTTG1	c12
2.39393994651989e-33	0.78863451396295	0.3	0.192	8.02879579263839e-29	CTNNAL1	c12
3.83398174820513e-131	0.787658272921688	0.873	0.69	1.28584079871304e-126	PPP1R15A	c12
1.4869026866412e-55	0.786884724593065	0.48	0.317	4.98677423045726e-51	MIR4435-2HG	c12
2.06348108846848e-29	0.786206009241595	0.259	0.163	6.92050287450559e-25	MDFIC	c12
9.70365875897476e-28	0.774330305704882	0.274	0.177	3.25441307458496e-23	FASLG	c12
6.02904089718303e-19	0.773221964936557	0.218	0.147	2.02201973609724e-14	GBP1	c12
1.9279419023313e-23	0.769134238135154	0.26	0.172	6.46593155203871e-19	IER5	c12
2.72655085526545e-33	0.768686230313076	0.273	0.168	9.14430625838927e-29	TNIP3	c12
3.61042943540674e-65	0.763787190348931	0.522	0.341	1.21086582404671e-60	THEMIS	c12
1.15166810478981e-42	0.763620899862641	0.355	0.224	3.86246448984406e-38	NDFIP2	c12
2.31628641149822e-104	0.763468751250433	0.773	0.589	7.76836136688275e-100	FAS	c12
1.47708707258482e-33	0.759861180823492	0.314	0.203	4.95385462403498e-29	IRF4	c12
4.99997833957162e-72	0.75976971697187	0.703	0.54	1.67689273552553e-67	CCT2	c12
2.54724863305392e-79	0.759740926967773	0.609	0.398	8.54296246553622e-75	GZMA	c12
1.07267536342032e-16	0.759054879192357	0.163	0.104	3.59753863383907e-12	PECAM1	c12
3.52774751668049e-08	0.75852468075107	0.088	0.058	0.0011831359621443	TNFSF9	c12
2.80249697525033e-22	0.757621908166642	0.217	0.14	9.39901435559455e-18	SLC43A3	c12
5.22529600211929e-21	0.75753615517526	0.167	0.1	1.75245977319077e-16	CEBPD	c12
4.5422844053682e-11	0.75488681063578	0.109	0.07	1.52339134387239e-06	FAM241A	c12
2.0376800518725e-74	0.753724411248666	0.671	0.498	6.83397135797001e-70	NEU1	c12
7.69643795219516e-07	0.751717142041703	0.068	0.044	0.0258123136040721	AC017002.3	c12
3.26099452304444e-33	0.75074303386662	0.372	0.256	1.09367234313865e-28	NFKBIZ	c12
2.16910084023997e-26	0.74996833715683	0.198	0.117	7.27473039799681e-22	TNS3	c12
8.05011901065169e-21	0.739131580779875	0.302	0.218	2.69984891379236e-16	GPN1	c12
1.8506623454398e-83	0.73785071015383	0.906	0.799	6.20675137413599e-79	IL32	c12
3.06202590607229e-08	0.736676506012422	0.079	0.051	0.00102694224837853	OSBPL3	c12
7.55685652206698e-09	0.733092176077848	0.095	0.063	0.000253441854037083	MXD1	c12
1.90560095551206e-36	0.730130028149039	0.34	0.219	6.39100448459633e-32	NFAT5	c12
1.43227106078477e-50	0.727718067645131	0.515	0.368	4.80355068365995e-46	PPP3CC	c12
4.42366090921817e-16	0.725318923733604	0.151	0.095	1.48360739573359e-11	SLC25A25	c12
6.09360658831911e-10	0.721385188039909	0.129	0.089	2.04367377759046e-05	GOLIM4	c12
5.09234484849872e-40	0.717491520831754	0.381	0.251	1.7078706152895e-35	ZBTB43	c12
1.74481425049861e-10	0.717177241728993	0.116	0.076	5.85175803332225e-06	ATP2C1	c12
1.66469441514836e-08	0.715553603026425	0.073	0.045	0.000558305212952455	PTPRK	c12
1.16267410903368e-84	0.715172905001513	0.969	0.939	3.89937642687717e-80	FTL	c12
1.13175967998699e-37	0.711758049330547	0.342	0.217	3.79569561474035e-33	MAST4	c12
3.88470584831945e-49	0.710328078940694	0.506	0.351	1.30285264740938e-44	PHLDA1	c12
3.21583724993298e-08	0.709800770692671	0.098	0.066	0.00107852749688252	PIGA	c12
2.40183780470168e-118	0.70935319461195	0.982	0.968	8.0552836294085e-114	UBB	c12
1.17029214398877e-23	0.709320561847148	0.305	0.215	3.92492579250955e-19	PPID	c12
2.44278918038184e-08	0.705970280431842	0.116	0.081	0.000819262635316462	EDARADD	c12
1.18843976993996e-25	0.696098516031208	0.273	0.182	3.98578930042463e-21	MAP3K8	c12
1.42226359608956e-30	0.695698400410219	0.321	0.213	4.76998764856518e-26	TICAM1	c12
1.48883302248917e-08	0.694605896333894	0.093	0.061	0.000499324819082416	ZNF10	c12
3.57516451340309e-25	0.691935952334864	0.245	0.156	1.19903867450513e-20	PDLIM4	c12
1.49944340380792e-25	0.691442134618996	0.256	0.166	5.02883328769099e-21	NEDD9	c12
6.52995491599147e-22	0.688783380749679	0.217	0.139	2.19001627972522e-17	HAVCR2	c12
1.45352217882952e-60	0.687829885906508	0.598	0.425	4.87482268335844e-56	ZC3H12A	c12
5.25767631059589e-33	0.686080107249495	0.421	0.306	1.76331948104765e-28	MORF4L2	c12
1.04192170196347e-19	0.685772991707648	0.262	0.183	3.49439700404508e-15	USP12	c12
1.54658613464195e-12	0.685559360313239	0.13	0.084	5.18694057836216e-08	ZNF821	c12
5.38703840310488e-37	0.681299139201483	0.458	0.329	1.80670493963332e-32	TRAF1	c12
4.87688329347002e-13	0.679311353077592	0.188	0.133	1.63560911896397e-08	HMGCS1	c12
1.00639674442348e-42	0.672643292579843	0.623	0.507	3.37525340144746e-38	CCT3	c12
5.09434358092189e-25	0.661231140362616	0.299	0.204	1.70854095016958e-20	ST8SIA4	c12
3.71987656594812e-17	0.659823605849872	0.352	0.27	1.24757220268768e-12	GEM	c12
1.29755144042318e-25	0.657669536841701	0.4	0.298	4.35172802089126e-21	CARD16	c12
7.59762594188088e-07	0.657218051944079	0.044	0.025	0.0254809178838801	NR1D1	c12
8.91745234388656e-21	0.652814687398719	0.255	0.175	2.99073516709268e-16	CDK6	c12
1.22629929037595e-18	0.652659794214793	0.221	0.148	4.11276256006286e-14	UBE2H	c12
1.34309608107562e-29	0.650535296256347	0.331	0.223	4.50447563671141e-25	CPD	c12
6.85480783181931e-16	0.65011993558523	0.186	0.124	2.29896545063556e-11	BCL2L1	c12
1.08568258984171e-17	0.649694946246265	0.206	0.137	3.64116226981112e-13	NPC1	c12
6.85394772587845e-12	0.649112130752367	0.133	0.087	2.29867698830512e-07	TMCO3	c12
6.4655322168632e-39	0.646271694848457	0.526	0.392	2.16841019489158e-34	POLR2K	c12
1.85087881067633e-08	0.645967486563347	0.149	0.109	0.000620747735524629	MLF1	c12
5.57127979212841e-72	0.645148108233869	0.709	0.51	1.86849581668403e-67	HLA-DQA2	c12
1.22822999982641e-12	0.642206932631521	0.141	0.092	4.1192377734178e-08	LINC02195	c12
6.80025103162561e-29	0.640858586483116	0.312	0.205	2.2806681909866e-24	NUSAP1	c12
7.35177944533039e-25	0.63899853611058	0.373	0.274	2.46563979037491e-20	BANF1	c12
7.29913901361077e-10	0.63839861670993	0.096	0.061	2.44798524238478e-05	PPP2R2B	c12
5.03415844129349e-20	0.634796749887153	0.282	0.2	1.68835605804101e-15	TRIM26	c12
3.77256511053152e-11	0.634068670104763	0.146	0.1	1.26524288677006e-06	RBM15	c12
1.90976015104243e-15	0.623709779913463	0.143	0.089	6.40495359456611e-11	TNFRSF12A	c12
9.46541689756196e-100	0.621912749281566	0.86	0.627	3.17451151910433e-95	GZMB	c12
1.93268904128023e-17	0.621393397902303	0.254	0.179	6.48185250664564e-13	SLAMF1	c12
3.49938574670861e-12	0.620345164781596	0.132	0.086	1.17362399173113e-07	IFFO2	c12
1.59163152231263e-12	0.618575824660087	0.161	0.11	5.33801379953211e-08	APOBEC3H	c12
2.80618151464035e-18	0.616244730741601	0.305	0.223	9.41137156380081e-14	TUBB2A	c12
2.01588019487778e-21	0.616011246782087	0.401	0.306	6.76085899758109e-17	GLUL	c12
3.5928403965043e-44	0.612560856871023	0.706	0.602	1.20496681217961e-39	ST13	c12
2.32823549375537e-13	0.609908256758384	0.452	0.376	7.80843619895675e-09	CD69	c12
6.32751336490125e-65	0.60576172082132	0.765	0.633	2.12212143232058e-60	CFLAR	c12
9.17243305229662e-19	0.605504598199135	0.257	0.18	3.07625059707924e-14	SGMS1	c12
2.39338079796095e-15	0.604410831765408	0.203	0.138	8.02692052020142e-11	LAX1	c12
2.16939840836893e-11	0.6023977024947	0.151	0.103	7.27572838198772e-07	ADAM17	c12
6.87008281383186e-75	0.602136943367901	0.999	0.998	2.30408837410293e-70	UBC	c12
3.01138127846025e-08	0.599133383914967	0.195	0.152	0.00100995705317	PRKACB	c12
2.09125543306079e-09	0.598535173252618	0.129	0.089	7.01365247139928e-05	BTN2A2	c12
7.30285201119581e-15	0.588711700472797	0.178	0.119	2.44923050751485e-10	BROX	c12
1.02989745076644e-17	0.587910629936133	0.308	0.227	3.45407007038048e-13	STX11	c12
1.67010249175685e-25	0.585607555043311	0.454	0.347	5.60118973685413e-21	KLRB1	c12
5.47107592702171e-10	0.581031858936401	0.115	0.076	1.83488944440454e-05	WEE1	c12
2.03125808939224e-41	0.580518527872952	0.549	0.407	6.81243338020368e-37	CD63	c12
2.2790058474135e-39	0.575157606327576	0.548	0.41	7.64332981105539e-35	PIM1	c12
2.40693563410756e-18	0.574828002543683	0.292	0.211	8.07238072966994e-14	ETNK1	c12
3.06426813060634e-32	0.573402241484895	0.511	0.393	1.02769424564275e-27	PTPN1	c12
4.70206655666438e-48	0.571374647468246	0.827	0.751	1.5769790817741e-43	PTGES3	c12
6.62777999369477e-68	0.571074236606007	0.824	0.689	2.22282485428535e-63	BATF	c12
9.74221357411852e-12	0.570099743676635	0.163	0.113	3.26734358848787e-07	ETV1	c12
3.19584666090461e-41	0.569981579387652	0.593	0.445	1.07182305313419e-36	LAG3	c12
1.35404172415647e-08	0.569943652856645	0.136	0.097	0.000454118513447596	SLC27A2	c12
5.34550366180151e-11	0.569292100234204	0.129	0.085	1.79277501809499e-06	DGKE	c12
1.79561322670982e-07	0.568757418707148	0.095	0.065	0.00602212763973941	PHTF2	c12
3.77086761456586e-07	0.568253187822844	0.094	0.065	0.012646735805731	SLC35E4	c12
1.3258057381462e-06	0.567213960629335	0.09	0.063	0.0444648728459474	CD38	c12
2.76314055891663e-27	0.564604755432182	0.44	0.33	9.26702080649461e-23	ZNF267	c12
1.27727109113741e-18	0.56198060897709	0.529	0.457	4.28371178545663e-14	SELENOW	c12
1.39669153546095e-13	0.561235736655455	0.281	0.215	4.68422407162892e-09	NUCB1	c12
1.5438512543818e-24	0.557617408786788	0.389	0.285	5.17776833694567e-20	DENND4A	c12
1.0255066399078e-15	0.553384875723973	0.29	0.216	3.43934416892277e-11	CMC1	c12
2.79594000348853e-19	0.552293191864388	0.304	0.221	9.37702358369982e-15	EZH2	c12
9.37625285974158e-12	0.550543336771282	0.205	0.149	3.14460768410013e-07	DDAH2	c12
2.19831936639649e-63	0.549140527837465	0.829	0.741	7.37272349102054e-59	RAP1B	c12
6.44702894096615e-52	0.546622719896079	0.741	0.589	2.16220456622123e-47	CYTOR	c12
5.74612235650554e-37	0.54423710622519	0.644	0.534	1.92713451592483e-32	PAPOLA	c12
9.52435460878634e-47	0.542926463968244	0.691	0.556	3.19427804869476e-42	TANK	c12
1.59546297127471e-17	0.541009111567525	0.457	0.367	5.35086371306111e-13	TAGAP	c12
2.86568613660329e-19	0.540334315380238	0.429	0.342	9.61093816494012e-15	SUGT1	c12
5.60832268081629e-12	0.540127870226872	0.187	0.132	1.88091926069217e-07	B4GALT5	c12
7.32657270620731e-15	0.538858652764973	0.263	0.194	2.45718595420781e-10	ATF2	c12
1.00133781813168e-07	0.536070128154701	0.128	0.092	0.00335828677445004	FLOT1	c12
1.10377653269806e-35	0.535798261108777	0.512	0.378	3.70184573536277e-31	NAMPT	c12
1.04074468052591e-12	0.535505981409737	0.241	0.179	3.4904495095478e-08	LINC01943	c12
2.0825659788239e-13	0.534991935606203	0.227	0.165	6.9845097797796e-09	ATP2A2	c12
2.18046919455439e-08	0.534946921735551	0.164	0.122	0.000731285758469651	ABCB1	c12
1.79755810480816e-89	0.531553458043675	0.942	0.888	6.02865037190559e-85	SQSTM1	c12
6.30220640235865e-23	0.526837965997091	0.326	0.229	2.11363398322304e-18	ENTPD1	c12
2.09974093431667e-16	0.525913763552612	0.508	0.438	7.04211114551125e-12	SNX3	c12
1.92844658432054e-09	0.524669216771561	0.384	0.329	6.46762415449421e-05	INSIG1	c12
1.37301129761413e-17	0.523968304769466	0.349	0.264	4.60480528993827e-13	CRY1	c12
1.44144765087631e-28	0.523051947952204	0.519	0.403	4.83432713150898e-24	APOBEC3C	c12
5.34369330862996e-12	0.52265925897006	0.215	0.157	1.79216786184832e-07	YWHAG	c12
1.60322918253108e-55	0.522557127363447	0.738	0.573	5.37691003237275e-51	LINC02446	c12
4.55550765849232e-10	0.522027125626398	0.229	0.176	1.52782615850515e-05	VSIR	c12
1.60653056798129e-07	0.52181659698465	0.135	0.098	0.00538798221889566	GBP3	c12
1.30997673839747e-06	0.521353260096636	0.102	0.073	0.0439339998523742	GPR18	c12
6.48793775865455e-09	0.519741102247744	0.13	0.09	0.000217592456549756	SAMD8	c12
4.93816211596282e-18	0.517086686418251	0.341	0.259	1.65616081045161e-13	DNAAF2	c12
8.04754510429254e-09	0.516984140234593	0.213	0.165	0.000269898567707763	NUDT4	c12
5.40798594103079e-22	0.514295538302199	0.219	0.138	1.81373032490291e-17	FOSB	c12
1.42390699270407e-18	0.51358615999316	0.373	0.286	4.77549927213091e-14	GALM	c12
5.03398075961399e-38	0.513023518476613	0.77	0.669	1.68829646715934e-33	CLEC2B	c12
1.05373819241077e-24	0.510335659012822	0.475	0.369	3.53402714970724e-20	PPP4R2	c12
1.6242692688926e-16	0.510129661101795	0.36	0.276	5.44747427401202e-12	TIFA	c12
4.14279985044558e-14	0.509706360480705	0.289	0.218	1.38941221384244e-09	GBP5	c12
8.07023690662995e-35	0.50900483723826	0.617	0.491	2.70659605374555e-30	GPBP1	c12
3.36503969762583e-07	0.507632213893903	0.241	0.197	0.0112856701378975	SOD2	c12
3.10778298271913e-08	0.505171511780901	0.229	0.183	0.00104228825674434	MOB3A	c12
6.62306093791837e-07	0.504811951958551	0.103	0.073	0.0222124217735906	ADNP2	c12
6.64364669023981e-14	0.500560897152497	0.311	0.239	2.22814622697263e-09	AZIN1	c12
8.34752406214714e-22	0.499686253474457	0.489	0.391	2.79959261996291e-17	PIM2	c12
1.20141476978713e-14	0.498381274443951	0.31	0.238	4.02930485491209e-10	GPRIN3	c12
5.09898280426863e-09	0.496252199148713	0.181	0.135	0.000171009685289561	BBIP1	c12
9.02985211995468e-07	0.494271611754604	0.13	0.096	0.030284318039904	TYW3	c12
2.46898675953427e-11	0.492500391946603	0.153	0.105	8.28048779412604e-07	CTSH	c12
8.81616848698744e-08	0.491749937191972	0.168	0.127	0.00295676658716585	ZNF683	c12
1.12215665025468e-13	0.490922256312194	0.289	0.219	3.76348897362416e-09	SQLE	c12
4.71635686847096e-41	0.490914425173336	0.766	0.656	1.58177176654779e-36	TUBA1A	c12
8.81456895831943e-28	0.487549028587231	0.68	0.585	2.95623013724117e-23	ANXA1	c12
4.96644424772828e-13	0.485728081804146	0.247	0.181	1.66564607180311e-08	PRDM1	c12
1.4350451641391e-10	0.483949014434587	0.214	0.158	4.8128544714897e-06	LRBA	c12
5.27918931740555e-72	0.483707895459204	0.896	0.755	1.77053451327148e-67	HLA-DRB5	c12
4.91775717019193e-11	0.481017695997717	0.192	0.138	1.64931739973897e-06	FNIP1	c12
1.9894696324565e-21	0.480500991025085	0.484	0.384	6.67228325333261e-17	AMD1	c12
8.54880281834193e-17	0.478615902648661	0.31	0.229	2.86709748921552e-12	CHST11	c12
5.05880994713555e-35	0.476759796877504	0.69	0.572	1.69662368007032e-30	HCST	c12
8.34087752663289e-14	0.471859338297323	0.255	0.187	2.79736350488214e-09	CDKN1A	c12
5.37490479739407e-29	0.470833557997843	0.605	0.487	1.80263557095002e-24	EIF3A	c12
1.14215129566601e-08	0.469252134459895	0.164	0.12	0.000383054701540467	RIN3	c12
1.00374158466826e-47	0.469060059321002	0.611	0.44	3.36634852666042e-43	CRTAM	c12
1.28061500171277e-26	0.468430655801289	0.611	0.51	4.29492659274428e-22	CCT6A	c12
4.90938846180056e-07	0.466543727433795	0.127	0.093	0.0164651070231867	STX6	c12
6.25401772217465e-10	0.466408993974823	0.297	0.243	2.09747246366293e-05	NCOA7	c12
3.08421353631271e-28	0.465615001469365	0.604	0.497	1.03438353580856e-23	MAPRE2	c12
3.84673657056727e-11	0.460783017235497	0.279	0.219	1.29011851103685e-06	SP140	c12
3.01994354793096e-25	0.460056184785897	0.512	0.409	1.01282866710508e-20	AKIRIN2	c12
5.11582977000293e-37	0.459098118529952	0.796	0.717	1.71574698826358e-32	PGAM1	c12
1.62192318377156e-23	0.458293359192824	0.491	0.388	5.43960597373306e-19	MTCH1	c12
1.58308560367632e-17	0.458106714080263	0.496	0.408	5.30935249760966e-13	XBP1	c12
1.63549703083282e-07	0.456300571822706	0.169	0.128	0.00548512994200712	WDR44	c12
8.08472195158245e-08	0.455016057863505	0.199	0.155	0.00271145404812172	KLF10	c12
1.76109800332049e-08	0.449213295230465	0.265	0.213	0.000590637048353626	PLPP1	c12
2.63649301200341e-08	0.448519153335339	0.207	0.16	0.000884227026365703	CASZ1	c12
6.72734514910002e-20	0.446154628847599	0.592	0.508	2.25621701610516e-15	ZNF706	c12
5.52700351421974e-17	0.445660901230581	0.422	0.334	1.85364643859902e-12	ANXA6	c12
1.92044623362973e-08	0.443585767391042	0.218	0.171	0.000644079257834738	PARP14	c12
2.38030569800103e-08	0.442411067518323	0.178	0.134	0.000798306924995584	FAM45A	c12
1.60841581685861e-29	0.441006730833998	0.664	0.549	5.39430496658041e-25	CD82	c12
6.90732989880237e-13	0.436033584116498	0.259	0.192	2.31658030146034e-08	UHRF1BP1L	c12
6.34236931530681e-42	0.435914808502814	0.811	0.708	2.1271038209676e-37	MBNL1	c12
1.51868863677525e-11	0.433465319813611	0.243	0.183	5.09337795001685e-07	RLF	c12
2.90286330808992e-14	0.433301596841674	0.448	0.367	9.73562296267198e-10	CTSC	c12
3.47836850464276e-09	0.433046729610113	0.264	0.21	0.000116657522908709	TOX	c12
1.87564410094018e-22	0.432481477217846	0.483	0.379	6.29053518573317e-18	HIF1A	c12
6.63497489338717e-51	0.431947998055589	0.872	0.774	2.22523787974419e-46	EIF5	c12
1.42741560475234e-06	0.430893896184278	0.191	0.152	0.047872664552184	BCL10	c12
1.20703081500811e-10	0.429380345030363	0.341	0.278	4.04813994737421e-06	LRRFIP2	c12
1.06673196677956e-10	0.428746281605014	0.197	0.143	3.57760567018529e-06	KLHL21	c12
3.83586768692316e-14	0.428662764722925	0.347	0.269	1.28647330484029e-09	ITGB2	c12
4.7097635083802e-28	0.424946953333436	0.636	0.525	1.57956048544055e-23	ITK	c12
1.57789716854878e-12	0.423676310300601	0.692	0.61	5.29195152387891e-08	JUN	c12
3.62981723572588e-11	0.422262231660588	0.256	0.193	1.21736810451775e-06	CA5B	c12
1.7360261631889e-09	0.42159160606245	0.381	0.323	5.82228454610294e-05	ZFAND5	c12
5.23697815124522e-18	0.421051275094586	0.412	0.317	1.75637773236462e-13	DDX3Y	c12
5.8988308150805e-17	0.420480084732323	0.411	0.322	1.9783498787617e-12	SLC38A2	c12
3.27936583866996e-16	0.420137480231006	0.426	0.343	1.09983371497313e-11	ZNFX1	c12
7.37900768067663e-60	0.417892839990437	0.833	0.702	2.47477159594533e-55	TUBA1B	c12
4.29295574384651e-07	0.417643753628384	0.12	0.086	0.0143977149737124	PHF13	c12
1.27438771481505e-08	0.416925753978847	0.232	0.183	0.000427404151794672	TMEM263	c12
3.14316310122919e-14	0.414530919087966	0.334	0.26	1.05415404089025e-09	ZC3H12D	c12
5.2616414558246e-44	0.413935202379073	0.802	0.661	1.76464931145446e-39	HLA-DQA1	c12
2.27420120994415e-67	0.41355465087201	0.935	0.867	7.6272160179107e-63	CLIC1	c12
1.35989812551902e-10	0.413121773184009	0.309	0.248	4.5608263333657e-06	PSMD12	c12
1.56116554197561e-43	0.413046386594763	0.764	0.619	5.23583699467781e-39	HLA-DRA	c12
3.154350841566e-20	0.412354903045828	0.618	0.531	1.05790618524441e-15	RAB27A	c12
4.3435621164268e-07	0.411052997214401	0.184	0.143	0.0145674386260722	BCL2	c12
1.37721041881053e-14	0.409805997335481	0.354	0.274	4.61888830260677e-10	IFI27L2	c12
7.16363121944552e-43	0.408161268829413	0.316	0.186	2.40253863837764e-38	GNLY	c12
7.0839992629891e-38	0.408139846343979	0.623	0.473	2.37583167282128e-33	TNFRSF9	c12
8.22448061961776e-08	0.406945909908366	0.168	0.125	0.0027583263102074	DTHD1	c12
1.06577387577712e-14	0.406237141463646	0.461	0.383	3.57439242458132e-10	SDCBP	c12
2.44868366576818e-10	0.405920152996205	0.279	0.217	8.21239527825333e-06	UBE2S	c12
2.55018785373053e-11	0.401394707953676	0.289	0.225	8.55282002384145e-07	PTOV1	c12
5.76449136154304e-15	0.396565953324378	0.38	0.298	1.93329511283431e-10	ARL3	c12
3.74991846875143e-20	0.395678360530101	0.766	0.701	1.25764765604985e-15	PRDX1	c12
4.31222409987159e-08	0.395561118115243	0.224	0.177	0.00144623371861493	PELO	c12
3.28508282847139e-07	0.395152513728515	0.143	0.106	0.0110175107901273	CCDC127	c12
6.64199075614014e-08	0.395097621838958	0.204	0.158	0.00222759085979428	MAPK6	c12
3.5483222021201e-09	0.394278608464283	0.217	0.166	0.000119003630014704	KIAA0232	c12
5.09158444341686e-09	0.393537265129778	0.243	0.189	0.000170761559063315	KIF13B	c12
3.84707284606083e-17	0.389370969357357	0.503	0.419	1.29023129111188e-12	ARPC5L	c12
2.9064291844288e-11	0.388815897255827	0.435	0.371	9.74758219873732e-07	TAF7	c12
1.34583538826615e-06	0.386053364528892	0.17	0.132	0.0451366272516703	RASGEF1B	c12
4.60683426758361e-08	0.385524452560834	0.167	0.124	0.00154504007666219	TP53INP1	c12
1.06835236601955e-20	0.381957509119345	0.504	0.396	3.58304016515636e-16	PTMS	c12
2.38281845424229e-07	0.379637413785904	0.14	0.102	0.00799149653183778	PIK3CG	c12
1.37563148508222e-31	0.378791061839072	0.839	0.746	4.61359287466876e-27	RGCC	c12
5.65200305158562e-26	0.376872598111168	0.651	0.537	1.89556878344079e-21	HNRNPLL	c12
9.70179659833158e-07	0.373693958514751	0.228	0.184	0.0325378854314844	PLK3	c12
3.87506407308957e-11	0.372041936696276	0.379	0.314	1.29961898883278e-06	PAG1	c12
5.23985845139529e-09	0.37170184924157	0.27	0.216	0.000175734372742895	SKAP1	c12
1.75463304783909e-10	0.371309826366457	0.45	0.389	5.88468831584273e-06	BAZ1A	c12
7.54261092177549e-14	0.371281842574161	0.507	0.432	2.52964085094506e-09	CCT5	c12
1.89291359384659e-14	0.369692914777773	0.439	0.357	6.34845361104269e-10	DERL1	c12
2.80662105358874e-09	0.36857572570075	0.299	0.24	9.41284568952591e-05	WHAMM	c12
3.2652433281041e-09	0.368455283560117	0.289	0.233	0.000109509730737955	CSNK1G3	c12
3.12364727401084e-27	0.367440152637305	0.715	0.611	1.04760882275776e-22	YWHAH	c12
1.0898566191998e-08	0.367300098435828	0.296	0.241	0.00036551611294723	UBR2	c12
8.01922520549621e-24	0.366186955348661	0.764	0.681	2.68948774941932e-19	ARL6IP5	c12
1.80394970498952e-20	0.363857232330321	0.505	0.399	6.05008652059386e-16	BHLHE40	c12
7.4039300679626e-14	0.363216319623016	0.351	0.272	2.4831300661933e-09	CCNH	c12
1.11162613336149e-11	0.362571599812381	0.37	0.298	3.72817172606776e-07	SMC4	c12
4.41832292588334e-08	0.360194010320889	0.217	0.169	0.00148181714288275	TMEM126A	c12
2.35423691247654e-16	0.359481928435971	0.507	0.416	7.89563975706381e-12	CD48	c12
4.57402792188684e-13	0.358719551631509	0.374	0.297	1.53403748444241e-08	GOLT1B	c12
4.01193191155762e-16	0.357499151619027	0.56	0.479	1.3455217244982e-11	ATP2B4	c12
1.93093120594863e-08	0.357497550843854	0.216	0.166	0.000647595707851052	RIT1	c12
1.27740643591492e-06	0.356974313206709	0.254	0.212	0.0428416570477144	DCP2	c12
7.92234862605058e-44	0.356809860199411	0.801	0.65	2.65699728220484e-39	S100A4	c12
1.00391870425961e-30	0.35633792921816	0.791	0.693	3.36694255034587e-26	CD52	c12
2.41520380844539e-39	0.356286765968356	0.905	0.833	8.10011053276415e-35	KLF6	c12
7.21949235856668e-07	0.356140901112394	0.23	0.186	0.0242127334721609	SPEN	c12
3.86967980009802e-08	0.354343339824877	0.238	0.187	0.00129781321135687	MACF1	c12
1.34307624386714e-10	0.353260944420364	0.391	0.321	4.50440910668162e-06	IFRD1	c12
1.99387901299715e-07	0.352119728846675	0.302	0.253	0.00668707143378984	NUTM2B-AS1	c12
4.46034955259695e-11	0.351430240690955	0.422	0.351	1.49591203294997e-06	MIER1	c12
1.62340190692647e-16	0.351118679682208	0.5	0.413	5.44456531545e-12	DDX3X	c12
1.51111987779289e-09	0.3493056460868	0.308	0.248	5.0679938461418e-05	TSTD1	c12
1.28595128198016e-11	0.348823651011847	0.352	0.281	4.31282340950505e-07	RNASEK	c12
1.49820068793511e-09	0.347982863525184	0.406	0.344	5.02466546719679e-05	PPP1R18	c12
3.06234551909897e-19	0.347801186580207	0.661	0.575	1.02704944019541e-14	TRAT1	c12
3.44465841008771e-18	0.346172149770638	0.638	0.552	1.15526953757522e-13	NOP58	c12
3.34777842841513e-09	0.345995828773402	0.295	0.237	0.000112277792932187	PPIL4	c12
2.42945676956833e-12	0.344284551993433	0.438	0.362	8.14791211377827e-08	ANKLE2	c12
2.20312602783833e-23	0.34296599710775	0.69	0.595	7.38884407216418e-19	TUBB4B	c12
1.13380883693909e-15	0.341370151281951	0.411	0.322	3.80256807732631e-11	RAB8B	c12
1.47049100064639e-10	0.340680096746664	0.449	0.383	4.93173271796786e-06	RAB10	c12
2.81711216185503e-07	0.338416996124012	0.196	0.152	0.00944803076842939	TBX21	c12
9.088015900024e-33	0.337106478209845	0.89	0.84	3.04793877255005e-28	HNRNPA2B1	c12
1.53569390358521e-09	0.336138968462931	0.313	0.253	5.15041021384408e-05	RAB5A	c12
2.21183266574342e-20	0.333385064034817	0.692	0.614	7.41804439437028e-16	ACTR3	c12
3.07871129865393e-07	0.333319065126308	0.199	0.156	0.0103253819534255	TP53BP2	c12
3.32133116386342e-14	0.331105213599425	0.535	0.452	1.11390804573652e-09	COX17	c12
2.75117781175065e-32	0.329384604107486	0.852	0.781	9.22690014504932e-28	MYADM	c12
4.62244256570643e-20	0.325584276086077	0.664	0.563	1.55027478768662e-15	STK17B	c12
5.61678344978714e-07	0.324773920113102	0.325	0.278	0.0188375683338961	ARL8B	c12
1.42302370464701e-16	0.324723031038783	0.562	0.457	4.77253690064515e-12	IKZF3	c12
3.05217165599243e-10	0.323903297837675	0.323	0.258	1.02363732998674e-05	HIPK1	c12
8.88373091924248e-09	0.321958504376196	0.295	0.237	0.000297942567569554	VPS26A	c12
6.8809177288926e-21	0.32022178371824	0.826	0.759	2.307722187916e-16	APOBEC3G	c12
1.00669660192314e-11	0.317220868770773	0.44	0.361	3.37625906352983e-07	VCAM1	c12
6.18860619232436e-08	0.315637516591127	0.319	0.265	0.00207553474478174	EPS15	c12
3.14153712808875e-22	0.315576872055216	0.79	0.724	1.0536087220184e-17	AKAP13	c12
6.48645116210738e-08	0.313839423019811	0.316	0.263	0.00217542599074757	AFTPH	c12
3.08939730514553e-57	0.313558593929129	0.983	0.931	1.03612206819971e-52	CCL5	c12
1.714811361356e-08	0.312215306313307	0.302	0.243	0.000575113434371576	DDIT3	c12
8.03217220447654e-08	0.312214378110277	0.326	0.273	0.00269382991393734	ANP32E	c12
3.42285186211467e-13	0.311802458336457	0.552	0.476	1.14795605751602e-08	SH3GLB1	c12
2.42665380304323e-07	0.311605276390558	0.236	0.187	0.00813851152464638	RICTOR	c12
4.7640326715586e-08	0.309567415438122	0.347	0.29	0.00159776127738732	NGRN	c12
1.27923374494147e-17	0.307141209588514	0.614	0.527	4.29029413378471e-13	RSRC2	c12
3.18124917881285e-23	0.305178135665877	0.877	0.813	1.06692734959025e-18	DYNLL1	c12
1.87525288140793e-07	0.304693363381379	0.361	0.311	0.00628922311366591	OGA	c12
3.3464577646934e-23	0.30467186934156	0.808	0.752	1.12233500512287e-18	MAP1LC3B	c12
9.54977614510447e-07	0.300554132283376	0.203	0.159	0.0320280392354514	PERP	c12
1.82477968389054e-22	0.298991151443442	0.822	0.757	6.11994610383211e-18	RBM8A	c12
1.89329902822828e-17	0.298909095412766	0.787	0.727	6.34974628087202e-13	HNRNPC	c12
6.72506214442885e-10	0.298397784657492	0.483	0.42	2.25545134199855e-05	RHEB	c12
6.42546741012563e-12	0.298246230382672	0.564	0.494	2.15497326000793e-07	PSME2	c12
1.41230030411966e-06	0.296097717033131	0.247	0.201	0.0473657275995653	ARL4A	c12
5.46717972149253e-08	0.294846616841309	0.488	0.432	0.00183358273499417	CLK1	c12
2.05877279688543e-17	0.294725772410196	0.712	0.629	6.90471220619437e-13	UBE2A	c12
4.53444202258526e-14	0.293968669768985	0.67	0.596	1.52076116553464e-09	FAM107B	c12
3.58615609302391e-10	0.293610992534666	0.485	0.423	1.20272503047836e-05	ELOVL5	c12
8.36016267222272e-08	0.292286936835475	0.287	0.234	0.00280383135701006	GTPBP4	c12
1.80309884619669e-07	0.290733284544017	0.317	0.263	0.00604723291037445	DPH3	c12
1.36212984947767e-07	0.28941681827614	0.457	0.399	0.0045683110891782	B3GNT2	c12
1.32096958512552e-10	0.287026908171435	0.528	0.463	4.43026779459396e-06	PSMA6	c12
1.21972704711197e-06	0.285838433637461	0.247	0.199	0.0409072057060412	BCL2L11	c12
5.19267221863829e-15	0.285014953229726	0.596	0.505	1.74151840868691e-10	CBLB	c12
3.10948332652902e-08	0.284521460959953	0.548	0.492	0.0010428585180513	OASL	c12
8.96636693369159e-08	0.284244535217429	0.321	0.267	0.00300714014222149	CREBRF	c12
1.72134390362503e-09	0.282689389560563	0.359	0.294	5.77304318397762e-05	RORA	c12
5.0391552544321e-08	0.282565773727296	0.323	0.266	0.00169003188923144	CASP8	c12
1.43875912024531e-08	0.278039698909305	0.503	0.443	0.000482531033747871	CCT8	c12
4.54102116051065e-32	0.276942436010537	0.947	0.918	1.52296767681206e-27	SERF2	c12
4.00750316410837e-12	0.276662137186858	0.619	0.55	1.34403641117866e-07	ZFP36L1	c12
6.62234879458113e-14	0.270768214279163	0.635	0.567	2.22100333872662e-09	ELF1	c12
4.65554319710852e-16	0.270742315711155	0.778	0.714	1.56137607744625e-11	CYTIP	c12
3.68955923480035e-19	0.269462775866015	0.771	0.682	1.23740437616734e-14	PKM	c12
2.45765323830351e-36	0.268195691874491	0.935	0.905	8.24247743062232e-32	RAN	c12
5.3234365790473e-10	0.267959304600052	0.473	0.407	1.78537415988088e-05	HERPUD2	c12
7.02911250599427e-09	0.267229848103725	0.428	0.362	0.000235742375226036	HBP1	c12
3.38319835298191e-08	0.26695492638097	0.386	0.328	0.00113465706362307	NFKBIB	c12
5.26256391230232e-11	0.26668732535589	0.588	0.517	1.76495868490795e-06	DNAJA2	c12
1.69588378810899e-08	0.263432755251476	0.352	0.291	0.000568765504855994	RIOK3	c12
3.04315538414291e-21	0.26306627007712	0.811	0.714	1.02061345273385e-16	HLA-DPA1	c12
1.47514749363373e-18	0.261870797027388	0.849	0.787	4.9473496641488e-14	UBE2D3	c12
2.25653875643901e-22	0.260636557951661	0.897	0.845	7.56797968134514e-18	CD2	c12
4.25312651895928e-09	0.259727219367846	0.364	0.302	0.000142641357192856	FKBP11	c12
5.10276020962452e-14	0.258851101640104	0.645	0.568	1.71136371910387e-09	GLUD1	c12
4.2649091908545e-07	0.257501787648254	0.377	0.327	0.0143036524442878	GPR137B	c12
2.58145868314613e-11	0.256684409380987	0.73	0.675	8.6576961315355e-07	HNRNPU	c12
1.35604413136365e-11	0.255524804356238	0.574	0.496	4.54790080776741e-07	NAA50	c12
6.92837922990358e-12	0.25378560630577	0.406	0.323	2.32363982612506e-07	SMARCA2	c12
4.05442589917293e-09	0.247653872774925	0.483	0.412	0.000135977335806462	ABRACL	c12
2.41452346591229e-09	0.243537549037494	0.521	0.455	8.09782879997664e-05	KIF5B	c12
9.54065043436225e-07	0.241564274541197	0.424	0.371	0.0319974334267641	BAX	c12
7.58178857692434e-09	0.239594146093688	0.622	0.565	0.000254278025292888	APBB1IP	c12
1.59169610568075e-09	0.239572032451305	0.691	0.634	5.3382303992321e-05	EIF4A2	c12
7.72675965708342e-29	0.239522627271735	0.808	0.659	2.59140065379264e-24	CXCL13	c12
5.40930778294263e-07	0.237723250727238	0.478	0.423	0.018141736442433	GPSM3	c12
1.26232986013047e-06	0.236942349949656	0.45	0.391	0.0423360188490556	MPC2	c12
3.25557301452838e-09	0.236330672649381	0.539	0.47	0.000109185407761253	EIF1B	c12
7.25500454613708e-07	0.235635463500255	0.342	0.288	0.0243318342468346	ASXL1	c12
1.15649698694612e-11	0.233997889312106	0.648	0.562	3.87865959481991e-07	LCP1	c12
1.02434509784057e-08	0.231333828139564	0.562	0.496	0.000343544858913771	PTP4A2	c12
4.30073838725415e-12	0.23059965674865	0.813	0.766	1.4423816403173e-07	IQGAP1	c12
2.04221236023771e-12	0.230169541692513	0.768	0.719	6.84917181376523e-08	ANKRD12	c12
4.84104679792362e-08	0.230073609446717	0.268	0.211	0.00162359027508762	PTGER4	c12
9.83759967314341e-11	0.229957149220773	0.639	0.562	3.29933417837884e-06	CTSW	c12
7.01454890285857e-08	0.229775235603028	0.455	0.392	0.00235253941104071	MTHFD2	c12
4.74852207484159e-24	0.229239478634016	0.983	0.96	1.59255933346037e-19	CD74	c12
1.15790051664024e-06	0.22781323589974	0.495	0.443	0.0388336675270802	GNAI3	c12
5.70498873312461e-14	0.227681179174672	0.848	0.83	1.91333912131533e-09	GNG2	c12
5.41305403785078e-16	0.221979213824063	0.841	0.764	1.8154300632144e-11	S100A11	c12
5.82342880754431e-15	0.221435495340155	0.736	0.664	1.95306155347421e-10	PIM3	c12
1.28638768246474e-09	0.220129729624499	0.684	0.619	4.31428700945024e-05	CSDE1	c12
1.42815168787954e-07	0.219838537788161	0.574	0.514	0.00478973513081041	PTPN22	c12
3.7945328877707e-07	0.219055266154953	0.387	0.332	0.0127261043990054	ETF1	c12
7.08198531040328e-12	0.213120015271422	0.791	0.742	2.37515623340305e-07	CDC42	c12
1.13460896136714e-15	0.212837853923011	0.886	0.875	3.8052515346331e-11	ADGRE5	c12
1.17394334796225e-06	0.212523454077886	0.505	0.454	0.0393717120039579	MGAT4A	c12
2.70864817629635e-26	0.211152733452934	0.929	0.836	9.08426425366268e-22	HLA-DRB1	c12
4.18071238889966e-08	0.208998230040816	0.563	0.509	0.00140212732098917	NSD3	c12
1.51238991633599e-14	0.205975401070199	0.786	0.704	5.07225330140764e-10	HLA-DPB1	c12
3.48191815436037e-07	0.203062742025846	0.638	0.594	0.0116776571060938	LAMTOR5	c12
5.41415388025213e-07	0.200973423711853	0.531	0.475	0.0181579892835896	ITGB1	c12
1.60600406943449e-08	0.198059691017928	0.634	0.575	0.000538621644806941	PRPF40A	c12
7.22239555529516e-07	0.196950620041036	0.632	0.571	0.0242224702133489	EWSR1	c12
1.71577341201327e-09	0.19616282751568	0.66	0.594	5.75436086921009e-05	NDUFV2	c12
2.49565064981215e-08	0.194188845608736	0.609	0.539	0.000836991314933998	NEAT1	c12
4.58451892472641e-08	0.193350481971178	0.689	0.639	0.00153755595697474	ARID4B	c12
7.34436679991548e-07	0.191747175832881	0.572	0.519	0.0246315373735565	RNF149	c12
2.70343614587755e-10	0.190301072163042	0.784	0.722	9.06678414604413e-06	RBPJ	c12
5.85978558963337e-07	0.190108915210225	0.515	0.459	0.0196525489105124	CCNL1	c12
1.28759344072927e-06	0.188538863366978	0.821	0.781	0.0431833088151784	SRSF7	c12
4.88375297294083e-07	0.188317901576907	0.639	0.579	0.0163791307206489	BUB3	c12
9.9043220390997e-08	0.186811761696969	0.636	0.579	0.00332171152547326	ODC1	c12
6.87078144243985e-11	0.183308584871737	0.937	0.907	2.30432268016548e-06	SRP14	c12
1.23580142682354e-33	0.180654395371214	0.999	0.994	4.14463082528078e-29	EIF1	c12
7.77668138770898e-11	0.178355356916959	0.722	0.641	2.60814340380984e-06	SLC7A5	c12
1.25673000786324e-07	0.177134514626103	0.541	0.483	0.00421482110037174	MOB1A	c12
2.12171810395584e-09	0.176156544719345	0.818	0.771	7.11581817704711e-05	RELB	c12
2.9304949615843e-16	0.175768585362524	0.84	0.773	9.82829400216143e-12	MCL1	c12
5.91426364450192e-07	0.174733615377283	0.581	0.527	0.0198352574109305	RAB11A	c12
1.275229471548e-06	0.174040569301903	0.552	0.497	0.0427686460167769	ZNF207	c12
2.29411723719768e-08	0.167143824778514	0.771	0.716	0.000769401039011357	RBM39	c12
1.45554451491864e-14	0.163843087876172	0.997	0.994	4.88160519413413e-10	H3F3B	c12
2.17484257392058e-10	0.160515479722831	0.706	0.616	7.29398702441483e-06	FYB1	c12
6.35010053164284e-07	0.159163119957968	0.386	0.327	0.0212969671630237	CHN1	c12
3.21132852209561e-12	0.149651939779187	0.786	0.685	1.07701535974043e-07	ALOX5AP	c12
2.79472009670638e-10	0.142765473026015	0.83	0.77	9.37293226033387e-06	EMP3	c12
4.11072085424978e-09	0.1405765304763	0.749	0.659	0.000137865356009829	MYL12A	c12
1.08494448519639e-06	0.138571602163175	0.915	0.929	0.0363868681445164	CD44	c12
1.04812122538273e-07	0.121669316484549	0.617	0.539	0.0035151889656886	LGALS3	c12
6.99110076484266e-12	0.117963138306428	0.999	0.998	2.34467537451293e-07	RPS19	c12
1.90795719752617e-05	-4.53304618420545	0.001	0.011	0.639890684906326	CTSL	c12
3.33740460577644e-07	-4.23489646646441	0.002	0.017	0.011192987566853	FGFBP2	c12
2.6541777786318e-29	-3.64525156456499	0.012	0.083	8.90158143397534e-25	DKK3	c12
9.13522605875109e-06	-3.62259162782961	0.001	0.011	0.306377211558394	MYBL2	c12
1.199754348434e-07	-3.43651956148471	0.002	0.018	0.00402373613377796	PKMYT1	c12
2.52397777353669e-09	-3.13224738112941	0.002	0.022	8.46491665688734e-05	ZWINT	c12
2.29284750670468e-06	-3.09491215779499	0.001	0.013	0.0768975196798616	BIRC5	c12
1.50235783863183e-16	-3.07296630080048	0.009	0.051	5.03860771920343e-12	S1PR1	c12
6.61592353010459e-05	-3.02276155000854	0.002	0.011	1	FXYD7	c12
4.58875760595084e-05	-2.76082600501533	0.002	0.012	1	HIST1H3B	c12
3.10993924200527e-12	-2.69103513631951	0.006	0.037	1.04301142298373e-07	KLF3	c12
8.10918515679389e-06	-2.66878784669814	0.001	0.013	0.271965851788554	CDC45	c12
8.73772263627137e-10	-2.56478559018865	0.006	0.031	2.93045741775269e-05	BEX3	c12
4.30489206609053e-07	-2.55131504779703	0.005	0.023	0.0144377470112544	CD79A	c12
7.52147853379085e-20	-2.47291837701861	0.014	0.067	2.52255347066278e-15	GNG4	c12
1.21074877340408e-42	-2.45150070269037	0.041	0.154	4.06060923624259e-38	TCF7	c12
1.74218570021821e-25	-2.45037855673497	0.022	0.092	5.84294240139184e-21	RASA3	c12
0.000299327173490034	-2.25877034702223	0.004	0.013	1	S1PR5	c12
0.00213180163553184	-2.21602694692665	0.006	0.014	1	TRBV21-1	c12
4.18406504668853e-13	-2.13150023134466	0.01	0.045	1.4032517353584e-08	PDE4A	c12
1.54765234668317e-06	-2.12738129910019	0.003	0.017	0.05190516440306	SORL1	c12
2.75419849576167e-42	-2.12621111082115	0.054	0.173	9.23703091508548e-38	CMSS1	c12
5.11715678851588e-14	-2.11077967742147	0.014	0.053	1.71619204373246e-09	LSR	c12
0.000149721831367985	-2.07758189711696	0.002	0.011	1	KIF2C	c12
1.36749368267097e-05	-2.07333562953319	0.004	0.018	0.458630031294191	HIST1H1B	c12
1.67098113534827e-07	-2.07303454444911	0.004	0.022	0.00560413653173103	DHFR	c12
2.79487578541778e-19	-2.0615794539199	0.028	0.086	9.37345440913415e-15	SELL	c12
1.96517910799052e-06	-2.04617412309129	0.006	0.023	0.0659081769237862	NXPH4	c12
1.17830757928321e-13	-2.0367911089194	0.013	0.051	3.95180795940001e-09	TMEM204	c12
1.63076716370875e-35	-2.01520206097825	0.054	0.158	5.46926691364639e-31	IL9R	c12
0.0001911497629303	-1.96967396331569	0.003	0.012	1	SUOX	c12
6.11679085666357e-11	-1.95857254544113	0.013	0.044	2.05144931750783e-06	LRRC2	c12
1.78166933561887e-05	-1.93340188642309	0.005	0.018	0.597536261779856	GFPT2	c12
2.02539154910043e-12	-1.92835398127368	0.015	0.051	6.79275817737304e-08	AC010616.1	c12
0.374632061169123	-1.91980225427513	0.01	0.012	1	IGKC	c12
3.3557678419739e-09	-1.88627510439208	0.012	0.039	0.000112545741884121	CXCL16	c12
0.000412239911418285	-1.87364735833613	0.004	0.013	1	NSG1	c12
0.00028486295907912	-1.85656199704238	0.006	0.017	1	PIAS2	c12
0.000635611338148083	-1.83739357198229	0.004	0.013	1	CYB561	c12
8.33670661553928e-05	-1.81957561741652	0.003	0.013	1	AURKB	c12
0.000747808389152593	-1.80553142845731	0.002	0.01	1	ZNF799	c12
6.35695489863991e-05	-1.78760646763236	0.002	0.012	1	GTSE1	c12
1.01728631239368e-09	-1.7864901884703	0.016	0.045	3.41177483450592e-05	RASGRP2	c12
2.15046134363159e-06	1.77843025218021	0.025	0.012	0.0721221725427161	CCL18	c12
5.88080545740476e-32	-1.77536572005522	0.054	0.15	1.97230453430441e-27	P2RY8	c12
1.96450301913969e-20	-1.75892830308525	0.035	0.099	6.58855022559069e-16	PASK	c12
0.00192113940747412	-1.73774168668455	0.003	0.01	1	DPCD	c12
4.32099783819459e-05	-1.72470967215989	0.003	0.015	1	NUF2	c12
5.63738722685047e-05	-1.72402582652541	0.006	0.019	1	TP53I11	c12
0.00204955467382449	-1.71522066251601	0.003	0.01	1	HIST1H2AH	c12
6.72059185108062e-05	1.70740313004616	0.016	0.008	1	TENT5A	c12
0.000730364814037862	-1.67887964386829	0.004	0.012	1	FAM229B	c12
7.35336435885734e-05	-1.67874296049048	0.002	0.011	1	TROAP	c12
4.67800782019714e-06	-1.6560001546197	0.005	0.02	0.156891026273772	CCNA2	c12
0.000324391045320491	-1.65085626781745	0.005	0.016	1	DUS2	c12
0.00070885181796785	-1.64994064146436	0.004	0.013	1	PDE8A	c12
2.01061786795421e-06	-1.64936885959864	0.006	0.023	0.0674321020554483	CCR4	c12
0.00130337068398016	-1.61222240386509	0.006	0.016	1	TRBV6-6	c12
2.96950339708511e-06	-1.61206790264715	0.007	0.024	0.0995912049314405	ZNF253	c12
2.39630003621755e-06	-1.59964590460936	0.013	0.032	0.0803671106146642	C1orf21	c12
9.52293317924676e-06	1.59831098431496	0.015	0.007	0.319380132965578	PKIG	c12
1.40002787077454e-05	-1.59750107843985	0.01	0.025	0.469541347300367	KIAA1147	c12
0.000682976525383886	-1.57607583338081	0.004	0.012	1	SLC12A7	c12
5.2843586200183e-10	-1.56821765974753	0.027	0.061	1.77226819398174e-05	AUTS2	c12
3.13585951415787e-06	-1.56404141714269	0.011	0.029	0.105170456385827	TRBV5-6	c12
0.171451564213937	1.53963019015834	0.01	0.007	1	ANLN	c12
0.000383494404903876	-1.53627538277255	0.004	0.013	1	PCBP3	c12
0.00219108678615745	-1.52135352772792	0.003	0.01	1	RNF130	c12
0.000263341096957313	-1.51936691961147	0.007	0.019	1	LMO7	c12
0.000863342642884864	-1.51919561361471	0.006	0.015	1	USP46	c12
6.77081163083359e-05	-1.51723696339562	0.005	0.017	1	CIDEB	c12
3.42327996996812e-07	-1.51348837749434	0.015	0.037	0.0114809963632791	SEC14L2	c12
1.82332061597826e-05	-1.50895704229292	0.009	0.024	0.611505268186788	ZNF8	c12
0.00026004667211836	-1.50077083507798	0.005	0.015	1	PLK4	c12
4.23562958980846e-33	-1.48815690368223	0.109	0.221	1.42054545182996e-28	SLC1A4	c12
1.63428631813704e-05	1.48738327702317	0.011	0.004	0.548106945376799	AL035530.2	c12
2.48380272092861e-10	-1.48598527262401	0.029	0.065	8.33017756545039e-06	EPHA4	c12
1.34502392040687e-96	-1.48389548788689	0.259	0.487	4.51094122426054e-92	IL7R	c12
4.77884031922698e-06	-1.47498331656144	0.011	0.028	0.160272746626234	GKAP1	c12
5.12774792328418e-05	-1.47142850608025	0.01	0.024	1	CPM	c12
0.000204388276848474	1.46611890514884	0.015	0.008	1	SCD	c12
0.00274857179946232	-1.45699291174627	0.004	0.011	1	ZGRF1	c12
0.00022306916774071	-1.45008626927955	0.007	0.019	1	TRBV2	c12
4.48684369917919e-07	-1.43725617769325	0.017	0.04	0.0150479763983072	SPAG4	c12
0.00693386848809141	-1.43047607256713	0.005	0.011	1	MKS1	c12
0.0935047879462323	1.41684539180543	0.01	0.006	1	AC112721.2	c12
1.58746918618128e-05	-1.40544981799039	0.012	0.028	0.532405415661478	PXN	c12
4.74037513275699e-05	-1.40329069562461	0.005	0.017	1	CDCA5	c12
2.70094402014123e-13	-1.39512735047264	0.041	0.089	9.05842605474966e-09	RETREG1	c12
0.000297888399115629	-1.38807957169097	0.01	0.022	1	GPR15	c12
0.00557828742723944	-1.36964134815343	0.005	0.012	1	CASTOR3	c12
0.000655603042061725	-1.36652618876921	0.007	0.017	1	TRAV12-2	c12
0.000152880224414231	-1.35308907466714	0.007	0.019	1	STRADB	c12
2.08147817734865e-49	-1.34814838134001	0.169	0.321	6.98086151119191e-45	ABLIM1	c12
4.95092412541636e-06	-1.33888587003822	0.017	0.037	0.166044093318214	CDT1	c12
2.04141452888357e-06	1.33836811885795	0.033	0.018	0.0684649604696971	EGR2	c12
1.4368165721481e-09	-1.33331258796177	0.018	0.048	4.81879541967028e-05	BEX2	c12
1.4127508494103e-06	-1.33263877097864	0.022	0.046	0.0473808379875226	IGFBP4	c12
0.00011675576064542	-1.32156078475575	0.01	0.024	1	RTP5	c12
0.00011704298497375	1.32122422701333	0.011	0.005	1	AC007032.1	c12
2.29094013078118e-05	-1.31922755521648	0.017	0.035	0.768335501061394	CADM1	c12
0.00917350461408011	-1.31414997871853	0.004	0.01	1	DBF4B	c12
0.00188216926474127	-1.31141779524657	0.005	0.013	1	YPEL4	c12
0.00799304477321496	-1.3097252568401	0.004	0.01	1	C17orf97	c12
0.000579538675306247	1.30944465345355	0.01	0.005	1	AC074366.1	c12
1.50633271742464e-06	1.30408111986509	0.026	0.013	0.0505193866769875	AC020571.1	c12
0.000822095567310239	-1.30113238484274	0.006	0.016	1	GIMAP8	c12
0.00114776216983498	1.29840857423193	0.011	0.005	1	C19orf73	c12
1.4802242978322e-07	-1.2973574626355	0.031	0.061	0.00496437625006963	TYMS	c12
2.6010387063745e-06	-1.2966957119065	0.011	0.03	0.0872336361343881	BTLA	c12
0.00346565167933394	-1.29475619036848	0.005	0.013	1	CENPS	c12
3.65948263255257e-05	-1.28471437526132	0.006	0.019	1	RIC3	c12
0.000259708285507953	-1.28263377954706	0.004	0.014	1	RRM2	c12
7.94890534060542e-11	-1.2802083580763	0.021	0.056	2.66590387313225e-06	LEF1	c12
0.00145246295710493	-1.27847056227113	0.009	0.019	1	SBK1	c12
0.0029429252192237	-1.2700617473165	0.005	0.012	1	SELENON	c12
0.000295077705795945	-1.26815888159261	0.009	0.02	1	FRAT1	c12
3.71072266313982e-188	-1.26597769381307	0.553	0.792	1.24450216676383e-183	TGFB1	c12
0.000647507615221646	-1.26594694808547	0.009	0.02	1	NKD1	c12
0.000100425539637214	-1.26459475876694	0.01	0.023	1	ALAD	c12
0.000200461423950631	-1.26456032822125	0.007	0.019	1	FGFR1	c12
0.00293071548683943	-1.26314344992959	0.006	0.015	1	TMOD2	c12
8.52901746949274e-05	-1.2609999423154	0.01	0.024	1	TMEM155	c12
0.00204192833016232	1.25812225574175	0.01	0.005	1	LINC02100	c12
0.000819225859984938	-1.25779573376572	0.007	0.017	1	ZNF783	c12
0.000116522110663026	-1.25301743598951	0.011	0.025	1	UTS2	c12
0.00179676065262127	-1.24653364642229	0.007	0.016	1	UHRF1	c12
0.0001546374218921	1.24543717358818	0.021	0.011	1	HSPA1L	c12
0.00064281836127432	-1.24282347889737	0.01	0.021	1	ZSCAN18	c12
0.000176777227121922	1.24261343203971	0.054	0.037	1	RGS16	c12
2.63886073332116e-17	-1.23841155516192	0.054	0.117	8.85021112741251e-13	KLF2	c12
2.66923163516858e-17	-1.23815427246128	0.068	0.134	8.95206905802838e-13	RHBDF2	c12
0.00431177935924913	1.23529688683674	0.01	0.005	1	RASSF4	c12
0.000498938702829044	-1.22953767514066	0.005	0.015	1	ZBTB10	c12
0.00320041139627568	-1.22484514694954	0.007	0.016	1	TRIM47	c12
0.00021166660402832	1.21155010331493	0.012	0.006	1	AC144652.1	c12
0.0199408392898368	-1.20514300313118	0.004	0.01	1	CDK20	c12
0.00504468987844301	-1.20135808422655	0.006	0.014	1	AL512625.3	c12
3.86612073699244e-09	-1.1955664461392	0.029	0.063	0.000129661957277253	ICAM2	c12
3.79408515052274e-06	-1.19335459989376	0.02	0.041	0.127246027778232	RXRA	c12
3.08390058613482e-23	-1.18935710609827	0.096	0.183	1.0342785785779e-18	SUSD3	c12
0.000174238059519148	-1.18527247357205	0.006	0.018	1	SMIM3	c12
0.015536029998907	-1.18493502277428	0.008	0.015	1	ACSF2	c12
0.012993031966011	-1.18045843135457	0.007	0.014	1	SAV1	c12
0.00283682316989174	-1.17952775476587	0.006	0.014	1	ZYG11B	c12
0.00976269239491743	-1.17810914717556	0.005	0.012	1	XYLT2	c12
0.000247895971053043	-1.17774431277249	0.012	0.026	1	TM7SF2	c12
0.000423341298060498	-1.17694070119287	0.007	0.019	1	FCRL3	c12
0.00103276064325133	-1.17044586586646	0.013	0.025	1	SHISAL2A	c12
0.0169484773024317	-1.16967241852568	0.004	0.01	1	ZNF792	c12
0.478286907451447	1.16956509490116	0.013	0.012	1	AL359834.1	c12
5.86302178786943e-39	-1.16532783561709	0.145	0.278	1.96634024721565e-34	CCR7	c12
0.013888673352769	1.1637364936193	0.012	0.007	1	SCD5	c12
0.00681088979380844	-1.16257528663073	0.005	0.012	1	RREB1	c12
0.000575536241192767	-1.16049923707775	0.008	0.019	1	ZNF419	c12
0.0851677983318388	-1.15829686687962	0.007	0.011	1	TRBV6-2	c12
0.000255443738952119	1.15742841331502	0.013	0.006	1	ELOVL6	c12
1.042212244465e-08	-1.15654471469861	0.025	0.055	0.000349537142548672	TBL1X	c12
0.00656833594880728	1.15316957979052	0.033	0.023	1	CLU	c12
0.000322573441638359	-1.14642768308804	0.011	0.024	1	COX18	c12
0.000767724260917404	-1.14632932751866	0.011	0.022	1	NME4	c12
0.002351452687829	-1.14483306316859	0.008	0.017	1	GNAO1	c12
0.00158365361483484	1.14385467200924	0.017	0.01	1	ANKRD35	c12
0.0257528631494514	-1.14383432280594	0.005	0.011	1	MFSD13A	c12
7.32275345683511e-07	-1.14180722654083	0.019	0.042	0.0245590505435336	PCMTD2	c12
0.00887607633072453	-1.13967611674217	0.006	0.013	1	CASTOR1	c12
5.35985442619122e-05	-1.13596835941467	0.021	0.039	1	TRGV3	c12
0.00490408075084346	-1.13553458226866	0.011	0.02	1	UTP14C	c12
0.0158543770639656	-1.13552341016532	0.007	0.014	1	TRAV1-1	c12
3.49251046684425e-10	-1.13435730956581	0.037	0.076	1.17131816037023e-05	CAMK1D	c12
0.0282700169336709	-1.13429503107343	0.005	0.01	1	DZANK1	c12
0.00028873086741757	1.12712920299257	0.027	0.016	1	FAM13A	c12
0.0172736979854834	-1.12511988952099	0.004	0.01	1	AFG1L	c12
0.000605012343022874	-1.1243700483282	0.014	0.027	1	B3GNT5	c12
0.00561881913998512	-1.1232026405715	0.009	0.017	1	ADARB1	c12
0.000106601597568183	1.12257471086245	0.02	0.011	1	WWTR1	c12
0.0148792528563523	1.12211058653029	0.01	0.005	1	SLC24A1	c12
5.04756990516141e-10	-1.12200387017703	0.046	0.087	1.69285399479303e-05	GIMAP1	c12
0.0242564904459727	-1.12042435092595	0.013	0.02	1	TRBV7-2	c12
0.0251748662605638	-1.11998787381993	0.006	0.012	1	CYP2U1	c12
1.59834458143786e-16	-1.11971734072285	0.075	0.14	5.3605280572263e-12	WDR18	c12
0.00053469623381941	1.11812856744543	0.013	0.007	1	SPRED2	c12
1.28515983097865e-12	-1.11808678673628	0.051	0.101	4.3101690411362e-08	POU2F2	c12
1.01730984472566e-05	-1.11704265848938	0.018	0.038	0.341185375724091	SLCO4A1	c12
0.00431958975425872	-1.11674979831189	0.007	0.015	1	MPP1	c12
9.67768343315033e-38	-1.11630303672541	0.153	0.285	3.24570146980996e-33	MCUB	c12
2.42100445429214e-08	-1.11587318531698	0.029	0.06	0.000811956473880498	HSH2D	c12
1.58564791302554e-05	1.11009015716792	0.035	0.02	0.531794597070507	HPSE	c12
0.00900249448777744	-1.10774158636335	0.01	0.018	1	PDLIM1	c12
2.33098569863896e-06	1.10444230732975	0.021	0.01	0.0781765983609535	BEND4	c12
0.00485399908446961	1.10353681106435	0.011	0.006	1	HIF1A-AS2	c12
8.27370708935568e-27	-1.10269134511348	0.14	0.243	2.77483588362811e-22	GRAMD1A	c12
0.0296440393303362	-1.09793883741703	0.006	0.011	1	FAM169A	c12
0.00698219896695903	-1.09692058184378	0.04	0.054	1	TNFRSF4	c12
0.000313373286752292	-1.09520310943434	0.006	0.017	1	RMI2	c12
0.00118724280417664	-1.09264058537664	0.006	0.016	1	RMND5B	c12
5.93175559291502e-06	-1.09187612024201	0.018	0.038	0.198939219075184	RTP4	c12
1.58171767437603e-05	-1.09110769899892	0.013	0.03	0.530476473632232	RERE	c12
9.43120922038585e-07	-1.09098023620095	0.026	0.051	0.0316303894833301	RNASEH2A	c12
0.003784518676877	-1.08865282820439	0.01	0.019	1	PWWP2B	c12
0.0152582816579817	-1.08801559054991	0.005	0.011	1	LYRM9	c12
0.016830456604903	-1.08143614219383	0.007	0.013	1	ST3GAL3	c12
0.00440315667034969	-1.08091914547141	0.007	0.015	1	PLXDC1	c12
8.44759098154719e-05	-1.08051714276392	0.019	0.036	1	SH3TC1	c12
0.000578819227457808	1.07838690038724	0.015	0.008	1	PLA2G4C	c12
1.46407464713163e-05	-1.07586456412557	0.013	0.03	0.491021355155005	BBS2	c12
0.0194560618841907	-1.07519138362417	0.005	0.01	1	CABLES2	c12
0.0142929728641732	-1.07038452382251	0.005	0.011	1	KCNMB4	c12
0.0228491140099482	-1.06969815780337	0.006	0.012	1	GRAP	c12
0.0411883969285046	-1.06811190072333	0.008	0.013	1	EPHX2	c12
0.000179873240314314	-1.06807954391807	0.009	0.022	1	CDCA8	c12
0.00865770288304565	-1.06732702914056	0.004	0.01	1	CCL28	c12
9.66116216140008e-20	-1.0646728598936	0.081	0.158	3.24016056569036e-15	HGSNAT	c12
0.0482922786830144	-1.06444742539849	0.005	0.01	1	USP53	c12
0.00212468601624986	-1.06112254783286	0.013	0.024	1	NCKIPSD	c12
0.000159409741121508	1.05934240268143	0.027	0.016	1	APOBEC3B	c12
0.000544516350777226	1.05683158334913	0.012	0.006	1	PXDC1	c12
0.0268652177969516	-1.05326136340779	0.006	0.012	1	USP13	c12
0.00226686425494761	1.05300435589168	0.022	0.014	1	FAM174B	c12
0.0142691144726136	-1.04856492232429	0.007	0.014	1	F11R	c12
0.000328594275961735	-1.04721900799339	0.015	0.029	1	ASF1B	c12
0.00115783533844389	-1.04705310566764	0.011	0.022	1	LINC02361	c12
0.000666574918019816	-1.04559279174866	0.011	0.022	1	SIDT2	c12
0.0179840004822	-1.04361538464003	0.005	0.011	1	CENPBD1	c12
8.29636943765402e-14	-1.04294300815647	0.054	0.108	2.78243638200041e-09	AKR7A2	c12
3.1311380305895e-05	1.03896965018727	0.017	0.008	1	AP1S3	c12
0.000904903863541809	-1.03862045207375	0.018	0.031	1	ISYNA1	c12
0.00895406476133527	-1.03832531833696	0.007	0.015	1	KIAA1324L	c12
2.14259625810624e-05	-1.03807838767769	0.023	0.044	0.718583933043671	ZNF780A	c12
4.85176579820062e-05	-1.03795157802651	0.012	0.027	1	KLHL22	c12
3.27074288253095e-07	-1.03765295762059	0.028	0.055	0.0109694174794323	RITA1	c12
9.51867257449997e-08	-1.03684624106735	0.033	0.063	0.0031923724080358	SAC3D1	c12
0.00448345748857239	1.03490982069974	0.021	0.014	1	BHLHE40-AS1	c12
0.0014673287963299	-1.0335712477181	0.015	0.028	1	ZNF510	c12
0.0974582283084792	-1.03340109926127	0.064	0.073	1	KRT86	c12
2.67193563517909e-06	-1.03180809720774	0.031	0.057	0.0896113773326362	TNFSF13B	c12
0.000341426158982417	-1.02978618786897	0.02	0.035	1	IGFBP2	c12
0.000272034704253716	-1.02842368336808	0.013	0.026	1	KNSTRN	c12
0.00125517759999986	1.02712127530299	0.019	0.011	1	AL021453.1	c12
3.25092853622413e-41	-1.02432012354446	0.264	0.399	1.09029641247885e-36	GIMAP7	c12
4.7449256224162e-09	-1.02270417107685	0.053	0.092	0.000159135315524595	SESN3	c12
0.0102004968410014	-1.02263996426188	0.005	0.012	1	PVRIG	c12
0.000151312023084059	-1.02256561905457	0.015	0.03	1	GAB2	c12
0.00342667191371199	-1.02248603799247	0.019	0.031	1	MKI67	c12
3.96263145859678e-08	-1.02119261793477	0.044	0.078	0.00132898733858419	BNIP3	c12
0.00614896573308989	-1.01985622739368	0.008	0.016	1	TRBV5-1	c12
0.0038074976509721	-1.0170927266204	0.007	0.016	1	TCTEX1D2	c12
0.00340983380691031	-1.01706952375534	0.007	0.016	1	RWDD2B	c12
0.0316125838322667	1.0161567913087	0.01	0.006	1	AC013264.1	c12
2.98840391663329e-10	-1.01559265047823	0.053	0.095	1.00225090556047e-05	NR4A3	c12
8.88140562319432e-06	-1.01546564368172	0.019	0.039	0.297864581790691	PLCD1	c12
0.00334605572965457	-1.0135300716329	0.005	0.013	1	ZNF486	c12
0.00428184936020962	-1.01236208237935	0.011	0.02	1	ABCC5	c12
1.05130869254405e-08	-1.01203006146401	0.034	0.067	0.000352587909305424	RPRD1A	c12
4.41684694975702e-05	-1.01152803822731	0.012	0.028	1	GSTM3	c12
4.75697190893595e-27	-1.00938982252087	0.124	0.228	1.59539323881894e-22	CD55	c12
6.9685988151941e-09	-1.00816628022023	0.039	0.075	0.00023371286706398	BACH2	c12
0.000734037053567785	-1.00768199387298	0.008	0.019	1	KIFC1	c12
0.0134644919082139	-1.00617174698783	0.005	0.011	1	ZNF681	c12
0.00906568157037578	-1.00594303285202	0.01	0.018	1	SLC35A1	c12
0.0017196691065238	-1.00513061946038	0.009	0.019	1	CRAMP1	c12
0.00429335779722801	-1.00399968697835	0.007	0.015	1	ZNF2	c12
0.00774061537594703	-1.00219565737769	0.012	0.02	1	RAB11FIP3	c12
0.0034583503546207	-1.00203096580284	0.011	0.02	1	ATXN7.1	c12
1.72031770700025e-08	-1.00158147681296	0.043	0.077	0.000576960152573743	SNAI3	c12
0.0267796875783987	-0.999461156672001	0.005	0.011	1	ITFG2-AS1	c12
9.27479588483765e-17	-0.999294819685565	0.123	0.198	3.11058104385685e-12	IFITM3	c12
0.00422739663446854	0.999288401165096	0.012	0.007	1	LINC01678	c12
1.20099008410364e-08	-0.999280929139184	0.031	0.063	0.00040278805440668	RBFA	c12
2.17876368247737e-30	-0.998744831495287	0.188	0.304	7.30713763829259e-26	CD5	c12
0.000431557198826451	-0.997587795851919	0.013	0.026	1	TMEM187	c12
0.0762553798477451	-0.996834199264096	0.016	0.022	1	TRDV1	c12
0.112271948180313	0.996783762665702	0.036	0.03	1	CAV1	c12
0.0267598752159841	-0.99585325776672	0.005	0.011	1	ZNF814	c12
1.07690502595363e-07	-0.993214420217231	0.035	0.065	0.00361172407604328	GRK5	c12
1.61237239074615e-17	-0.992659269828482	0.093	0.166	5.40757452408444e-13	RNF125	c12
0.00183704767625618	-0.99187720927847	0.012	0.022	1	NAPEPLD	c12
1.15745385061328e-08	-0.991764111825119	0.037	0.071	0.000388186872418681	TGFBR3	c12
0.016286717613302	-0.991633898008328	0.004	0.01	1	OSGEPL1	c12
0.0392265596791087	-0.986254118181027	0.006	0.012	1	LRFN3	c12
1.71323041615294e-06	-0.986030544833071	0.037	0.064	0.0574583216969372	TC2N	c12
0.0170604280513145	-0.982911619256789	0.011	0.018	1	ZFP28	c12
0.118585583156522	0.981933085772667	0.01	0.007	1	PXN-AS1	c12
0.00534874795767323	-0.980554354243136	0.01	0.018	1	AC234582.1	c12
0.000181908307376072	-0.979969197143499	0.011	0.025	1	CDHR3	c12
0.0197455138287816	-0.979817006244041	0.008	0.014	1	SH2B3	c12
0.000304793094580585	-0.979668771377567	0.014	0.028	1	AP3S2	c12
2.06553755394136e-07	-0.979452104105023	0.031	0.06	0.00692739984840855	GNB1L	c12
0.0304935303512309	-0.976652326296445	0.01	0.017	1	FADS3	c12
0.000346910967077764	0.973914057082784	0.025	0.014	1	AC093484.3	c12
0.000273713908777338	-0.972624340494546	0.014	0.028	1	LDLRAP1	c12
0.000126202166341968	-0.972465988559717	0.018	0.034	1	CMPK2	c12
8.71420407776037e-22	-0.971465231557944	0.115	0.204	2.92256976359927e-17	CCM2	c12
0.00281372600632248	0.969988605719181	0.014	0.008	1	MYBL1	c12
0.0133244468714102	-0.968552950317824	0.006	0.013	1	F8A1	c12
5.19918401766267e-24	-0.965976253469785	0.141	0.239	1.74370233584371e-19	GCHFR	c12
0.000101837525683837	-0.965937365198586	0.021	0.039	1	TUBE1	c12
0.00615888420383202	-0.965571076023086	0.01	0.019	1	TRGV4	c12
2.44563569631267e-10	-0.964857797950977	0.06	0.105	8.20217299829344e-06	MED16	c12
0.00380827829129099	-0.964703535271525	0.014	0.025	1	ZNF549	c12
0.00366456488509602	0.963752521668419	0.012	0.007	1	COL5A1	c12
2.95733290978756e-13	-0.962663546352997	0.058	0.112	9.91830311284551e-09	TSPAN3	c12
0.00371916696259947	0.962279916349434	0.012	0.006	1	PPM1N	c12
8.66990349229724e-05	0.961225801101028	0.024	0.013	1	Z93930.2	c12
0.00507261025226272	-0.961002768829663	0.009	0.017	1	TGFBR3L	c12
0.0240641019300077	-0.960532097963312	0.005	0.011	1	MPZL1	c12
1.29072744342564e-10	-0.960365932799124	0.081	0.13	4.32884169976093e-06	DEAF1	c12
4.4989956511481e-09	-0.95990756873091	0.048	0.086	0.000150887316148205	C21orf2	c12
0.00400260259518774	0.95941132495788	0.013	0.007	1	FAM72A	c12
2.11888829929291e-07	-0.957764570368246	0.041	0.071	0.00710632757816855	TMEM9	c12
0.05326292122268	-0.955857758386072	0.005	0.01	1	ACACB	c12
0.000794147382579257	-0.951813446546371	0.011	0.023	1	C1orf159	c12
0.00206801831377928	-0.951522660617419	0.01	0.02	1	HYLS1	c12
0.000120627021868522	-0.951275754629366	0.021	0.038	1	ABRAXAS1	c12
0.000509757337876224	-0.950945930810549	0.011	0.023	1	TRAF3IP1	c12
0.0226513301352989	-0.948724791748838	0.007	0.014	1	LINC00665	c12
0.00630426547066911	0.94797013247303	0.014	0.008	1	LINC02416	c12
0.00151669371495714	0.94673487267387	0.013	0.007	1	TCTE3	c12
2.30893885702856e-06	-0.945206304181704	0.019	0.04	0.0774371913870237	COQ2	c12
0.08270741878336	-0.942671549052911	0.006	0.01	1	AC016773.1	c12
1.27566785503239e-07	-0.942229917917552	0.049	0.082	0.00427833485220764	SIPA1	c12
3.32954972854367e-05	0.942058108011554	0.029	0.017	1	GOLM1	c12
0.000122432466920047	-0.941593627914963	0.007	0.019	1	GINS2	c12
6.81004596009546e-06	-0.941537353133161	0.026	0.049	0.228395321409682	FAAH2	c12
0.0261293370716844	-0.941430403579057	0.005	0.011	1	ZNF175	c12
0.0017293169089525	-0.940629835324849	0.014	0.025	1	ABL1	c12
0.0507128948969978	-0.939641935455146	0.007	0.012	1	RNF139-AS1	c12
0.00890337504538522	-0.939407861235878	0.012	0.021	1	TOP1MT	c12
5.87693144589064e-09	-0.938525959423111	0.052	0.091	0.00019710052683228	CTU2	c12
0.00264337096170224	0.938122854027929	0.01	0.005	1	LINC00299	c12
3.60456001753225e-58	-0.935822085883589	0.419	0.576	1.20889733867997e-53	CREM	c12
0.00769374800063954	0.935424977930775	0.011	0.006	1	AC083880.1	c12
0.00744019487232503	-0.935109383192587	0.008	0.016	1	MYO1B	c12
0.000215376376028817	-0.932080048152358	0.016	0.031	1	PLA2G12A	c12
7.48567092269688e-154	-0.930610865704923	0.987	0.993	2.51054431405408e-149	FTH1	c12
0.000369033839112944	-0.929303947461417	0.012	0.025	1	DHRS4-AS1	c12
0.00028293240803095	-0.92597691500958	0.019	0.035	1	N4BP3	c12
0.0063863102871009	-0.922331366842673	0.007	0.015	1	ALDH6A1	c12
0.0495715750415177	-0.92143779221619	0.016	0.023	1	TRAV8-2	c12
4.40018871351148e-05	0.920681164040313	0.023	0.013	1	TMEM117	c12
0.0111021958338961	-0.92040922318328	0.01	0.018	1	KIF27	c12
0.397750967323033	-0.919724544233414	0.014	0.017	1	PMCH	c12
0.0595027147290543	-0.919575814563242	0.01	0.015	1	DFFB	c12
0.00243593121684986	-0.915142767938804	0.012	0.022	1	BTBD2	c12
0.000437424478104723	-0.915006329866101	0.016	0.03	1	AARSD1	c12
0.00121350401991175	-0.914782843346585	0.015	0.028	1	ANKS1A	c12
0.012341466425523	-0.914746153769135	0.013	0.021	1	ZBTB14	c12
0.00389811534773552	-0.914509170676094	0.005	0.013	1	FOXM1	c12
0.0115553460019688	-0.913849335015545	0.01	0.017	1	GSPT2	c12
2.86130751220402e-22	-0.913775843163454	0.136	0.229	9.59625313442986e-18	MRPS26	c12
0.0192814990804669	-0.912125456446515	0.005	0.011	1	SEMA4F	c12
9.30513973171733e-07	-0.911950780362127	0.025	0.05	0.0312075776322336	MAD2L1	c12
1.04897501945871e-12	-0.910700657455122	0.09	0.147	3.51805242026061e-08	MLLT3	c12
0.0411625326698211	0.9102250158192	0.013	0.008	1	AZIN1-AS1	c12
0.0162018521827675	-0.910175369874152	0.007	0.014	1	ZSCAN5A	c12
1.28401460970743e-06	-0.909386304170909	0.036	0.064	0.0430632819803677	AIFM1	c12
1.84720750436274e-39	-0.907856462738303	0.467	0.582	6.19516452813177e-35	HIST1H4C	c12
2.77739278248871e-06	-0.907115855086332	0.029	0.054	0.0931481991391065	RWDD3	c12
7.57804382881317e-06	-0.906736465023293	0.034	0.058	0.254152433930736	ST8SIA1	c12
2.69486876638538e-24	-0.904378102752237	0.158	0.259	9.03805086870328e-20	PLEKHA2	c12
3.33910577193545e-06	0.903962681519973	0.052	0.033	0.111986929379171	BUB1	c12
0.0261534092922369	-0.903392031144534	0.005	0.011	1	TMEM244	c12
8.53427919982237e-05	-0.902408259284117	0.033	0.053	1	ZNF561	c12
0.00279037698686527	-0.902284586025885	0.01	0.019	1	HIST1H2AM	c12
0.00919590271465601	-0.901400249592592	0.009	0.017	1	PRKCE	c12
0.0754900516556502	0.900996426332069	0.012	0.008	1	ADAM22	c12
0.00635295972368126	-0.900745331322763	0.007	0.015	1	NCKAP5L	c12
0.014080700240345	-0.899580268294236	0.007	0.014	1	BCAR3	c12
0.0345317874176635	0.897537365619407	0.015	0.01	1	AL445524.1	c12
0.00884581085154923	-0.896756104091772	0.007	0.014	1	HIST2H2AB	c12
0.0257514410457456	-0.896753594081305	0.005	0.011	1	SKAP2	c12
0.0119516083593361	-0.894848772603646	0.012	0.02	1	SCO2.1	c12
1.84511180802192e-36	-0.894293254367034	0.292	0.421	6.18813598174392e-32	CXCR3	c12
0.00174585917028304	0.892199696675651	0.018	0.01	1	AC015912.3	c12
0.0163559132443382	-0.890972888088032	0.01	0.017	1	LAMP3	c12
0.00890655197112781	0.89081920390944	0.014	0.008	1	LUCAT1	c12
0.000483368687739989	-0.890768977349599	0.016	0.03	1	RTL10	c12
0.00827450275586419	-0.890375871159818	0.012	0.02	1	CUL7	c12
1.20324757572933e-13	-0.89035807081467	0.103	0.165	4.03545171948104e-09	SKI	c12
0.00822439685887137	-0.889120494368631	0.012	0.021	1	TIMP1	c12
0.0107441843714314	0.888936184364288	0.19	0.172	1	RGS2	c12
0.0666861229372313	-0.88869130846209	0.007	0.011	1	LCMT2	c12
0.000363289094183418	0.888642529939744	0.017	0.009	1	ZC3H11B	c12
0.00281416547701927	-0.888303014362928	0.015	0.027	1	ERC1	c12
0.00859816125206336	-0.887333924800764	0.012	0.021	1	PIGM	c12
0.00618921067616552	-0.887024104530912	0.01	0.019	1	LIPT1	c12
0.136718201362224	-0.886197913733384	0.006	0.01	1	FAM49A	c12
2.24873649523127e-05	-0.88473713613052	0.019	0.038	0.754181245770665	TSPOAP1	c12
9.31256047875251e-05	-0.883601393775047	0.012	0.027	1	MCM2	c12
0.00640756941787143	-0.882948275852522	0.009	0.017	1	PSD	c12
1.78401281838093e-05	-0.881849920564743	0.022	0.043	0.598322219028596	QRSL1	c12
1.09341151594615e-08	-0.880690098778231	0.061	0.1	0.000366708354218021	PDE7A	c12
0.0149524725384909	-0.879628652604336	0.005	0.011	1	MCM8	c12
0.00079737027394472	-0.879504929060325	0.021	0.036	1	NBPF1	c12
0.172540653233107	-0.878522434458328	0.01	0.014	1	TRAV29DV5	c12
0.0060037204621737	-0.874887683985555	0.006	0.014	1	ENTPD3-AS1	c12
0.108361242895983	0.874743454023926	0.045	0.039	1	LRRC28	c12
1.31001993214984e-05	0.874432506174774	0.311	0.263	0.439354484844414	DUSP1	c12
0.000413816437159743	-0.874297323158832	0.021	0.036	1	NCF1	c12
6.53282415380723e-06	0.874176649031944	0.026	0.014	0.219097856470387	ENGASE	c12
0.0144996600821871	-0.873712996309902	0.005	0.011	1	ZNF677	c12
2.45957240728379e-15	-0.873591998434917	0.096	0.165	8.24891393954838e-11	PIGX	c12
0.058945157455212	-0.873369397471823	0.006	0.011	1	ACHE	c12
0.00249641636706643	-0.872284821173444	0.014	0.025	1	THEMIS2	c12
0.000217208885378451	-0.871706879717131	0.011	0.025	1	CENPQ	c12
5.31422446620621e-09	-0.869161078882443	0.045	0.083	0.000178228460147624	FN3KRP	c12
2.81154446897615e-11	-0.868713241452289	0.102	0.158	9.42935784005221e-07	MCM5	c12
2.26718354307726e-05	-0.868022916273412	0.043	0.067	0.760368016677252	TMEM184B	c12
0.00890787118460849	-0.868018799084598	0.014	0.024	1	TMEM121	c12
0.0103603194374194	-0.866713809078373	0.006	0.013	1	AC004585.1	c12
0.0221223334625032	-0.865595919522498	0.009	0.016	1	ACTR3B	c12
0.000487275184614207	-0.865285356906059	0.019	0.033	1	ACADSB	c12
3.30002291301135e-07	-0.864104790335634	0.053	0.086	0.0110676168456575	CHPT1	c12
0.00851971960446218	-0.863562993610029	0.007	0.014	1	CDC14B	c12
0.00085684568351372	-0.863298496838394	0.009	0.02	1	E2F1	c12
0.000725427001961169	-0.863098559366868	0.014	0.027	1	GGH	c12
7.96608964432713e-05	-0.86239883168001	0.021	0.039	1	CRTC1	c12
0.0105428833298981	-0.861779308772979	0.017	0.027	1	RDH13	c12
0.000520307531103373	0.860576701443711	0.023	0.014	1	ACP6	c12
0.00482270705797981	0.860537768153773	0.016	0.01	1	MAK	c12
0.0061524562151826	-0.860276175581292	0.012	0.021	1	BBOF1	c12
3.59072034869911e-13	-0.859493213149032	0.125	0.188	1.20425579054671e-08	METRNL	c12
0.0424809786666525	0.858531388156977	0.012	0.008	1	IFITM10	c12
0.0147675012606	-0.855951940502982	0.009	0.016	1	TFAP4	c12
1.64518781929286e-08	-0.853949059320782	0.048	0.085	0.00055176309083444	RAP2B	c12
0.019256418453156	-0.853858442576928	0.013	0.021	1	RBKS	c12
3.22190647620877e-07	-0.852448868953668	0.046	0.078	0.010805629939909	PRKCI	c12
0.000888644157500856	-0.85093969693262	0.014	0.026	1	HEBP1	c12
2.51188700529537e-05	-0.850126442860879	0.027	0.048	0.842436663835961	RDH10	c12
3.07763450786829e-05	-0.850020846504258	0.03	0.052	1	NT5C3B	c12
8.13094443774021e-06	-0.848435156587755	0.027	0.05	0.272695614552931	TAX1BP3	c12
0.576076937617731	0.84772048823395	0.072	0.07	1	HMOX1	c12
0.000303624811937787	-0.847670637920197	0.03	0.048	1	HGH1	c12
0.010137600617524	-0.847469363217548	0.009	0.017	1	TNFAIP8L2	c12
0.00239680610594783	-0.846599866417941	0.011	0.021	1	CCDC51	c12
0.0503124990936238	-0.846036171738552	0.01	0.015	1	ADAL	c12
8.39468938998499e-06	-0.845981785418922	0.031	0.055	0.281541092761317	JMJD4	c12
0.00327907204130044	-0.84592276531388	0.015	0.026	1	NOD1	c12
0.00291151340293311	-0.844827431421487	0.005	0.013	1	DPH6	c12
0.00346162248057341	-0.844642749099707	0.012	0.022	1	TCEAL4	c12
0.0164768966067217	-0.842043738405613	0.006	0.012	1	GEN1	c12
0.0112098959890905	-0.841826482236991	0.007	0.015	1	AC009948.1	c12
2.95617566207775e-21	-0.841818125967532	0.157	0.249	9.91442193547636e-17	PITPNC1	c12
1.54212676265267e-06	-0.841365881826286	0.03	0.056	0.0517198473658451	SMC2	c12
0.0154235690736963	0.841349657212485	0.02	0.014	1	LST1	c12
7.11868187334526e-06	0.840886526650111	0.04	0.024	0.238746352668253	AC011611.3	c12
0.000350364404470096	0.838042337401807	0.021	0.012	1	AC136475.3	c12
0.105327940705094	-0.838020703600489	0.012	0.016	1	POMT2	c12
0.00523526389462905	-0.837862140056655	0.018	0.029	1	KCTD21	c12
0.078009630572316	-0.837841139105126	0.006	0.01	1	RNF227	c12
3.80721476794801e-18	-0.836527523383959	0.15	0.233	1.2768636888744e-13	BCL11B	c12
0.000511392895565197	-0.836080447563526	0.02	0.035	1	TUBGCP5	c12
1.43608005420064e-05	-0.835784048958511	0.024	0.045	0.481632528577812	MRS2	c12
0.00579287244647228	-0.835244105853707	0.017	0.027	1	SCMH1	c12
0.102350854792651	-0.832844651464434	0.007	0.012	1	AP002495.2	c12
0.179505505017514	0.832816334744342	0.01	0.007	1	LINC00987	c12
7.51587837158508e-05	0.832412918663511	0.036	0.022	1	TRAV41	c12
3.6809066142062e-08	-0.830468667859671	0.044	0.078	0.00123450246027247	VRK1	c12
3.47949881296005e-08	-0.830412298858286	0.047	0.082	0.00116695431189054	L3MBTL2	c12
0.00986417309013583	-0.829779091781482	0.012	0.02	1	IFT46	c12
3.90176405432432e-05	-0.829676656598587	0.022	0.042	1	MFSD12	c12
0.0222680294507796	-0.829591699113088	0.007	0.014	1	FIZ1	c12
0.0418438513549388	-0.82936087572457	0.006	0.011	1	ZNF585B	c12
5.31081925483751e-09	-0.828998704444382	0.059	0.099	0.00017811425616874	GIMAP6	c12
0.000982881983314653	-0.82838731389764	0.009	0.019	1	CENPP	c12
0.0409265619726498	-0.828269645483091	0.009	0.014	1	MAP3K9	c12
0.0595093202381381	-0.827855597946951	0.007	0.012	1	TMEM63A	c12
4.24595370208074e-05	-0.827788587392567	0.026	0.046	1	SLC35A5	c12
0.00016959480411537	0.827121759413246	0.036	0.023	1	LINC01588	c12
1.58261359012681e-05	0.826923888367382	0.054	0.035	0.530776945856729	PLEK	c12
0.0327609422904643	-0.82654413312465	0.007	0.012	1	PTPN13	c12
0.00240717605969412	0.826182130597382	0.015	0.008	1	AL355075.4	c12
0.0929871336792998	-0.825495003243709	0.009	0.014	1	ZNF747	c12
0.00261611062306092	-0.824855029022995	0.01	0.019	1	ZNF93	c12
0.0394564444544498	-0.824667104047698	0.005	0.01	1	ZFP57	c12
1.4254554573861e-06	-0.824450181126263	0.045	0.074	0.0478069251298149	ZDHHC4	c12
0.00447176472937084	-0.823775533064725	0.016	0.027	1	SPRYD4	c12
0.00972755499358044	-0.823580115353165	0.005	0.011	1	POLE2	c12
4.07821719260663e-44	-0.82288972726203	0.383	0.522	1.36775248205641e-39	AKNA	c12
0.401271009919823	0.820568151278504	0.045	0.041	1	CHI3L2	c12
1.13861386147085e-31	-0.820216917433371	0.264	0.39	3.81868316860094e-27	DDIT4	c12
0.032806816277149	0.819735495765124	0.01	0.006	1	STAM-AS1	c12
3.73734604791162e-09	-0.819650417436148	0.047	0.086	0.00012534311175486	C19orf48	c12
0.0903656077319149	-0.8193022177619	0.007	0.011	1	CD300A	c12
0.000130751647845726	-0.819038142927627	0.028	0.047	1	USP19	c12
0.00331338484955839	0.817565260177034	0.033	0.023	1	FRMD4B	c12
0.000148260858426974	0.816973840656589	0.025	0.014	1	IGHV1-3	c12
0.000134747507964939	-0.816556696808481	0.022	0.04	1	ADAT1	c12
0.0125547600668566	-0.815959199848797	0.012	0.02	1	THAP8	c12
0.00653424514973757	-0.8158039243628	0.012	0.021	1	FANCM	c12
0.000600388833004731	-0.814901709764905	0.013	0.025	1	GINS4	c12
0.00595555926478388	-0.814331977017437	0.014	0.024	1	GOLGA8A	c12
0.0399666037312959	-0.814161043038423	0.009	0.015	1	FKRP	c12
8.86240247385465e-06	0.813670068865092	0.044	0.027	0.297227254168137	SEMA7A	c12
0.0425274038032172	0.81227415617214	0.011	0.007	1	NEDD4	c12
0.0614965898703323	-0.811870371400971	0.01	0.015	1	ZNF80	c12
0.0616363361980787	-0.811439765936499	0.007	0.012	1	AMER1	c12
0.00632945280140383	-0.811426166639282	0.008	0.016	1	CHTF18	c12
0.00487769068641637	-0.809938592968453	0.012	0.022	1	IDE	c12
0.000423667765596477	0.808524129871584	0.025	0.015	1	CDKN2B	c12
0.00853455496421052	-0.806889056593412	0.018	0.028	1	HEATR3	c12
0.00446422798781141	-0.805935861752177	0.018	0.029	1	ANTXR2	c12
0.00338750502790086	-0.804963038038683	0.015	0.026	1	PYCR3	c12
1.16869931241023e-09	-0.803848922581332	0.087	0.136	3.91958375396144e-05	CDC25B	c12
0.0025957454793608	0.803181886918936	0.017	0.01	1	ACTR3C	c12
0.00105169322854494	-0.802054280561538	0.023	0.038	1	TTC27	c12
1.20173483534271e-05	0.801884842773767	0.038	0.023	0.403037829077239	CEND1	c12
1.8763054060344e-66	-0.800828049480975	0.665	0.783	6.29275307075816e-62	ZFP36L2	c12
7.74988020809717e-24	-0.800296755366156	0.188	0.289	2.59915482419163e-19	ZNF331	c12
0.00702270813501964	-0.79814614019771	0.011	0.019	1	ALKBH2	c12
0.00652027946599946	-0.797388317303183	0.012	0.021	1	TREX1	c12
9.30424761217332e-06	-0.797112540783547	0.036	0.06	0.312045856417069	ZNF576	c12
4.84454555380359e-05	0.796455987991182	0.05	0.033	1	C3orf58	c12
0.00771555971522357	0.796080507059926	0.028	0.019	1	AC147651.4	c12
2.17026746014746e-06	-0.794765058387163	0.06	0.092	0.0727864300784257	CCR5	c12
2.25786928597372e-14	-0.794632819378157	0.13	0.199	7.57244201129865e-10	ABHD17A	c12
0.000197505825223524	0.793613905028933	0.034	0.021	1	MZB1	c12
0.0010696510074846	-0.793166567989896	0.018	0.031	1	ARSK	c12
0.00909881393903609	-0.792774470167972	0.011	0.019	1	PHLDB2	c12
0.00340408548916451	-0.792345329308906	0.013	0.024	1	FAM167A	c12
3.33408391771277e-30	-0.791481621964149	0.246	0.367	1.11818506432251e-25	IQGAP2	c12
0.0648022416688319	-0.79067201044876	0.019	0.026	1	MED22	c12
2.58464667729985e-05	-0.790442493336394	0.037	0.061	0.866838802632823	MED14	c12
0.0233164879754752	-0.790300617722971	0.01	0.017	1	BPHL	c12
0.00401055143719469	-0.790277105596044	0.018	0.029	1	AACS	c12
0.133998357743238	-0.790255914905694	0.008	0.012	1	MAN1B1-DT	c12
0.0175622784047622	-0.789742469160667	0.005	0.01	1	MTAP	c12
2.42678705604307e-06	-0.789635588556386	0.048	0.077	0.0813895842855725	HDHD5	c12
0.00108873543632778	-0.789435581025082	0.017	0.029	1	SERPINB6	c12
0.0741390799244448	-0.789321827768759	0.006	0.011	1	AC005261.3	c12
0.0109003274795414	0.788806434723119	0.027	0.019	1	FANCL	c12
3.81819323722582e-06	-0.787803425399113	0.033	0.058	0.12805456479008	UBE2T	c12
0.0830055902321899	-0.78741040728079	0.006	0.011	1	NEURL4	c12
0.00758093054302012	-0.787206391384464	0.004	0.011	1	BRCA1	c12
0.0173171151842246	0.786963512828123	0.015	0.009	1	LINC02099	c12
0.00347243665895794	-0.786909483124422	0.015	0.026	1	ZNF789	c12
0.000509693704377108	-0.785641520572122	0.016	0.03	1	STK11IP	c12
0.000605214512056729	-0.785624997095064	0.02	0.034	1	SLC39A3	c12
0.00481736474524449	-0.784785012072477	0.013	0.023	1	AL669831.5	c12
0.0188840012903001	-0.784410361832599	0.012	0.02	1	TMEM231	c12
3.23296691933135e-07	-0.782895057182194	0.059	0.093	0.0108427244540535	PRR7	c12
2.59243934929296e-18	-0.782733427497412	0.142	0.226	8.69452308965874e-14	DNAJC19	c12
0.00208790626385352	-0.780367041781689	0.017	0.029	1	ZBTB9	c12
0.0558178516888018	-0.779410210759343	0.006	0.011	1	ERCC2	c12
2.30819450956508e-05	0.778829187880036	0.059	0.039	0.774122274617936	CPEB4	c12
0.0652217581018613	-0.778281251396998	0.011	0.016	1	ZNF555	c12
1.38784151875441e-05	0.778151198541082	0.042	0.025	0.465454288559854	AC016065.1	c12
0.00103933521917616	0.777832133075879	0.019	0.011	1	AC022126.1	c12
0.0314703027550298	0.776383735569151	0.011	0.007	1	CDK2AP1	c12
0.000220148580179044	-0.776356831170738	0.037	0.057	1	OCEL1	c12
0.0125772079247856	-0.775453082580574	0.013	0.022	1	NATD1	c12
0.000252398910854167	-0.7743318928241	0.03	0.049	1	SIMC1	c12
0.00245451087730799	0.772988896635824	0.02	0.012	1	AC103591.3	c12
0.146295691842251	-0.772300830895461	0.006	0.01	1	ARMCX2	c12
0.00806467614111424	0.771533428293657	0.016	0.01	1	DPP4	c12
1.98549211413922e-09	-0.770647636759488	0.06	0.103	6.65894345240012e-05	BEX4	c12
0.0261263689709309	-0.770266021439592	0.006	0.011	1	CDC20	c12
3.16386077280699e-10	-0.770105188660052	0.064	0.11	1.06109562598401e-05	SMAD3	c12
0.0266801327022016	0.769874851085657	0.015	0.01	1	TPK1	c12
4.10709009417422e-06	-0.769597050885663	0.042	0.069	0.137743587578415	RNF141	c12
0.000102654455675815	-0.76924096009281	0.043	0.065	1	OSBPL7	c12
5.01387862499209e-10	-0.769042844077153	0.094	0.144	1.68155461324985e-05	LIME1	c12
0.00158138531091826	-0.768946899192728	0.027	0.042	1	PDCD2L	c12
5.99175536580594e-06	-0.768943441361555	0.034	0.059	0.2009514914584	AIF1	c12
5.22317591079464e-05	0.76840107671279	0.05	0.033	1	FRMD6	c12
3.46116633461001e-13	-0.768386216221219	0.122	0.186	1.1608059653015e-08	MVD	c12
8.88906473821889e-06	-0.768309653331137	0.03	0.053	0.298121453190385	SNAPC3	c12
0.00205693932204156	-0.768185350817269	0.027	0.041	1	CROCC	c12
0.0022278542518876	-0.767556042806761	0.008	0.017	1	LIN9	c12
5.48721452149798e-05	-0.765021794174988	0.027	0.047	1	HADH	c12
0.0722765961590299	-0.763096218935904	0.006	0.011	1	ZNF354C	c12
1.64321677476156e-06	-0.763038194583833	0.054	0.085	0.0551102041919532	SPTSSA	c12
0.0529394687720357	-0.76298510713221	0.009	0.014	1	ADAP1	c12
9.54210215776689e-05	0.762980231204772	0.058	0.04	1	ZSCAN2	c12
0.0488435811493121	-0.762315077379903	0.011	0.017	1	GPC1	c12
3.45558428272484e-08	-0.761723691379165	0.06	0.099	0.00115893385674026	PM20D2	c12
2.36679573537584e-30	-0.760620376425949	0.355	0.467	7.93775953730349e-26	SLA2	c12
2.80009506007685e-05	-0.759492559711659	0.03	0.051	0.939095881248574	ZNF200	c12
0.000306592411529417	-0.759200832682444	0.035	0.053	1	INTS1	c12
9.52179810121827e-05	-0.759171906905733	0.033	0.053	1	DNAJC11	c12
0.00191466809514759	-0.758762043014206	0.018	0.031	1	MFSD9	c12
8.29390253649781e-11	-0.757592376950941	0.06	0.108	2.78160903269064e-06	CD28	c12
0.0186167151618118	-0.757501955136346	0.01	0.017	1	SH3PXD2A	c12
5.31829531943145e-05	-0.756984325111193	0.029	0.05	1	DDX11	c12
2.10018815051381e-07	-0.756895057728769	0.05	0.083	0.00704361101919322	MSL2	c12
0.0306224933623632	-0.756515544162823	0.014	0.021	1	EPHA1	c12
0.0136308562062082	-0.756428463094208	0.018	0.027	1	TNFRSF13C	c12
0.0304709719502585	0.756325530617787	0.012	0.007	1	NFYC-AS1	c12
1.61668110907605e-07	-0.756014037664993	0.054	0.089	0.00542202510361926	ZNF32	c12
1.4348880543668e-05	0.755928135960249	0.042	0.026	0.481232755673536	NR5A2	c12
0.00953520113986112	-0.755493072768155	0.011	0.019	1	HEXIM2	c12
9.33232744540568e-05	-0.755393113613879	0.042	0.064	1	SLC39A8	c12
8.72812769270712e-05	-0.755223176030505	0.041	0.063	1	AGA	c12
0.0397475282649386	-0.755203966594141	0.015	0.022	1	UBE2C	c12
0.000812389934267923	-0.755054720419218	0.032	0.049	1	FAM213B	c12
0.00401163784782199	0.754189246179008	0.027	0.018	1	CTTNBP2NL	c12
0.0115202101976506	0.75389295297429	0.013	0.008	1	AC010226.1	c12
0.00369836336047635	-0.753661737731164	0.021	0.033	1	TOP3B	c12
6.50075485467364e-06	-0.752590094091951	0.05	0.078	0.218022316316044	IKZF2	c12
0.03319891101122	-0.751974937097068	0.011	0.017	1	ANK3	c12
0.00442023409075597	-0.751747479021252	0.013	0.023	1	SLC27A5	c12
0.000817270063704556	-0.751237430071187	0.021	0.036	1	VPS52	c12
0.00243815098512665	-0.750808337986046	0.014	0.025	1	PDE7B	c12
0.00867722044936591	-0.750711196067289	0.01	0.018	1	OSER1-DT	c12
3.4738095477273e-11	-0.750674054032061	0.112	0.169	1.16504624611678e-06	CSNK1G2	c12
2.2766121925072e-08	-0.750465856152512	0.044	0.08	0.000763530197123065	DTYMK	c12
0.00580420134557605	-0.749729088820728	0.02	0.031	1	TSNAX	c12
0.000369219203988951	-0.748699185733817	0.029	0.046	1	TTLL12	c12
0.0111479963017164	-0.748691989730937	0.012	0.02	1	SLC31A2	c12
0.0685882820185795	-0.748676028057181	0.007	0.012	1	ZNF829	c12
1.49590494212671e-22	-0.748356658726138	0.273	0.369	5.01696599490458e-18	GGA2	c12
0.00111323888203949	-0.748191601979139	0.022	0.036	1	GEMIN2	c12
0.0696678707131441	-0.747769564328707	0.007	0.012	1	PHLPP1	c12
0.00499809302980647	-0.747319826884092	0.025	0.037	1	CCDC157	c12
0.000129462776597691	-0.746761540786086	0.046	0.068	1	BCL9L	c12
0.00225615157324883	-0.746557242063986	0.013	0.024	1	BLM	c12
0.0514138359314126	-0.746446836058984	0.007	0.013	1	MAP3K12	c12
0.00401456032041749	-0.746398168398405	0.014	0.024	1	HIRA	c12
0.0739806797230735	0.746128928130312	0.015	0.011	1	C2CD4D	c12
6.78791111071821e-06	-0.745834337659528	0.05	0.077	0.227652962831267	SLC35E1	c12
0.0154402539882111	0.74483476375973	0.015	0.01	1	AK4	c12
0.0671174071456605	-0.743467445133712	0.006	0.01	1	RAD52	c12
0.0548165613919847	-0.74319211212336	0.01	0.015	1	APOL1	c12
0.0150643276627441	-0.742696623126109	0.017	0.025	1	LHFPL6	c12
2.83315042767492e-14	-0.740837271323241	0.135	0.205	9.50181990433615e-10	AKAP5	c12
0.00349745225904346	-0.739533577538286	0.026	0.039	1	PAQR8	c12
0.000367655517315692	0.738659726104271	0.03	0.019	1	KBTBD8	c12
6.53030114376664e-09	-0.738547468906599	0.077	0.121	0.000219013239759645	RNPEPL1	c12
0.000695393808013626	-0.737425011829056	0.02	0.034	1	AC245297.3	c12
0.0745552492496701	-0.736869335300637	0.01	0.015	1	KIR2DL4	c12
0.00351546142781607	-0.736773536388876	0.014	0.024	1	SCRN3	c12
0.0115666301546972	-0.736756624604225	0.014	0.023	1	SNX25	c12
0.0873162155402743	-0.736721771965663	0.006	0.01	1	TTLL3	c12
4.05112983208337e-11	-0.736513437583892	0.1	0.155	1.35866792308412e-06	MFNG	c12
0.0948771687416668	0.73634765896544	0.014	0.01	1	HS3ST1	c12
0.0291496514159643	-0.736267453178813	0.014	0.021	1	TMEM150A	c12
0.215478086743446	0.736260141208729	0.01	0.008	1	AC010654.1	c12
0.0270876540390287	-0.73621258221875	0.007	0.013	1	AC097534.2	c12
3.36072847655331e-16	-0.73543973579229	0.219	0.296	1.12712111646645e-11	PIK3R1	c12
0.00579596406086326	-0.734738432999071	0.022	0.034	1	ACAP3	c12
0.106243978258043	-0.734585152568128	0.009	0.013	1	IFT122	c12
0.00307996187578411	-0.734103303044087	0.009	0.018	1	HSD17B4	c12
1.87471934563326e-07	-0.733778972821581	0.059	0.094	0.00628743374138481	SLC5A6	c12
0.0109604819037209	-0.732001937245473	0.014	0.023	1	CHRNE	c12
0.00201423895998121	-0.731148254095301	0.027	0.042	1	FAM210B	c12
0.0054519220535892	-0.728386857986594	0.02	0.031	1	SSBP2	c12
0.0410764391331875	-0.728252891088885	0.009	0.014	1	CCDC134	c12
0.00261964844054452	0.728236452701921	0.019	0.011	1	SLC16A11	c12
0.00166270942873804	-0.728071583676301	0.044	0.061	1	ZNF746	c12
0.124798615716106	-0.727429139878564	0.012	0.016	1	FAM117B	c12
1.03039762945794e-06	-0.72736798872684	0.059	0.092	0.0345574756967605	GPATCH4	c12
0.040301385917397	-0.726334845053753	0.011	0.017	1	POU3F1	c12
0.00176450696597218	-0.726284016532561	0.01	0.021	1	RAD51AP1	c12
0.000316271423928361	-0.726243136754944	0.002	0.011	1	VIPR2	c12
0.00116709117920439	-0.725719800339816	0.018	0.031	1	ZNF621	c12
1.64959311875952e-05	-0.724703528000374	0.026	0.047	0.553240540169568	AC093323.1	c12
2.25700385571492e-13	-0.724659446371797	0.109	0.174	7.5695395312967e-09	THOC3	c12
0.00674472710509719	0.724391719690365	0.025	0.017	1	LINC00539	c12
1.24114906885087e-08	-0.724186813019598	0.093	0.137	0.000416256574711206	GLCCI1	c12
0.0234505428706754	-0.723900305159835	0.007	0.014	1	KLRG1	c12
1.40112117905518e-18	-0.723674288005898	0.2	0.289	4.69908021031527e-14	S1PR4	c12
0.0479049428903841	-0.722677860827829	0.01	0.015	1	GLCE	c12
2.58600893273282e-05	-0.722417787114537	0.057	0.083	0.867295675859933	SELENOO	c12
0.0759599605733242	0.722148334847906	0.044	0.036	1	HES4	c12
7.59575857399342e-06	-0.721713717396192	0.068	0.099	0.254746551054591	ASB2	c12
0.0949642960716951	-0.721342462067726	0.011	0.015	1	AC020659.1	c12
1.1376006680009e-15	-0.721165716836336	0.17	0.247	3.81528512034143e-11	RNF166	c12
0.0723187479492474	-0.720803423187298	0.008	0.013	1	FAM43A	c12
2.34123907665618e-06	-0.72020522492876	0.052	0.083	0.078520476152895	BMI1	c12
5.36570766712517e-09	-0.719723656880705	0.079	0.124	0.000179955103740044	NLRC3	c12
0.00044857531703631	-0.719447635653505	0.044	0.064	1	BIK	c12
0.000826593180751956	-0.718790952077314	0.02	0.034	1	QDPR	c12
0.000150907201732629	-0.718269333265369	0.031	0.05	1	RBBP9	c12
0.0211657024829265	0.717704988417351	0.019	0.013	1	AC002467.1	c12
0.0673343041376938	0.717291348448238	0.015	0.011	1	SEPSECS-AS1	c12
0.00152182582106816	-0.717044310702808	0.025	0.039	1	SMYD3	c12
0.038687257020472	-0.716804273758266	0.007	0.012	1	PARS2	c12
4.34347929609055e-08	-0.716657149670984	0.082	0.123	0.00145671608632285	SATB1	c12
0.0841948723737332	-0.716299744178051	0.007	0.012	1	AGRN	c12
3.63510180263483e-05	-0.715918924377779	0.028	0.049	1	TCHP	c12
0.000493213766542111	-0.715862454485903	0.017	0.031	1	HAUS5	c12
1.57199618193033e-54	-0.715465582054367	0.459	0.606	5.27216079495795e-50	HNRNPUL1	c12
2.14133550187204e-07	-0.715033724082194	0.066	0.102	0.00718161100617844	ADD3	c12
2.12972026278788e-05	0.7147528070071	0.05	0.032	0.714265581733799	NKRF	c12
0.00494379802764468	-0.714736639805688	0.012	0.022	1	CHST14	c12
8.99693233723843e-05	-0.713672520265001	0.037	0.059	1	AGPAT4	c12
2.11349717349979e-45	-0.71300180219574	0.522	0.648	7.08824682048359e-41	DUSP2	c12
0.00631404439067786	-0.712837675942966	0.012	0.021	1	SPPL2B	c12
0.0169193882520802	-0.711108336830436	0.018	0.027	1	ZNF124	c12
0.00115872566058144	-0.710690851059575	0.023	0.038	1	SMARCD3	c12
0.000494428070923888	-0.710670514299375	0.025	0.041	1	ENTPD6	c12
9.77339467554785e-06	0.710253326556889	0.069	0.047	0.327780110628524	C5orf30	c12
0.000782857477458523	-0.710079367502237	0.033	0.05	1	PUS1	c12
0.0195949511448465	-0.709957477757698	0.014	0.022	1	MTURN	c12
0.00178305368730322	0.709954850028473	0.028	0.018	1	TRAV4	c12
0.00294624418628924	-0.709318123025505	0.012	0.023	1	GCSH	c12
0.00244867685813379	0.708456988599792	0.026	0.016	1	AC007388.1	c12
0.0055955123505366	-0.708418567048562	0.018	0.029	1	TRAV14DV4	c12
0.000698641964661548	0.708114132372123	0.026	0.016	1	AC022916.1	c12
9.60415995771746e-16	-0.708074730385162	0.219	0.296	3.22104316661928e-11	GIMAP4	c12
0.000266226484219032	-0.707801224140273	0.037	0.057	1	HIBADH	c12
9.57450280380828e-51	-0.707793918872435	0.556	0.665	3.21109675034122e-46	FAM177A1	c12
0.00144802914733883	0.707661518788439	0.037	0.026	1	UEVLD	c12
0.00466882971719012	0.707603695514718	0.028	0.019	1	HS3ST3B1	c12
0.0468583549583909	-0.707469624832844	0.014	0.02	1	NAT1	c12
0.00703609280804927	-0.707370965389923	0.014	0.023	1	ZNF500	c12
0.0184991404937005	-0.706887180497979	0.012	0.02	1	QSOX2	c12
0.0263623040968316	0.70663437345459	0.022	0.015	1	AFMID	c12
0.000498832017812799	0.706632910875933	0.022	0.013	1	UGT8	c12
4.40736349627086e-05	-0.706163361343862	0.03	0.051	1	C6orf203	c12
0.0424826699097435	0.70564323878171	0.017	0.011	1	UBASH3B	c12
8.00958257274652e-06	0.70553251162426	0.052	0.033	0.268625380324773	BISPR	c12
1.87760690190681e-05	-0.703983407896117	0.039	0.064	0.629711802761507	COQ8A	c12
0.00339661306794507	-0.703643787336038	0.015	0.026	1	RNF135	c12
1.16416509040028e-08	-0.703574975454732	0.087	0.132	0.000390437688018446	NBPF19	c12
0.0139115558017667	-0.703049453511998	0.012	0.02	1	ZNF589	c12
0.0420405820134655	-0.702895907376591	0.012	0.019	1	NOMO1	c12
0.0848094398849162	0.702306908235068	0.01	0.006	1	OSM	c12
0.00966705085720884	-0.70202561183818	0.019	0.029	1	ZNF34	c12
0.000466475340845135	-0.701985240488782	0.028	0.045	1	KNOP1	c12
0.00359796745775724	0.701460565452654	0.016	0.009	1	EXOC3-AS1	c12
0.0250827889249269	-0.700949597539581	0.005	0.011	1	TRBV10-3	c12
0.00069716490152494	-0.700166272125122	0.02	0.034	1	CPT2	c12
0.0499435116774184	-0.700125149366189	0.011	0.016	1	AARS2	c12
0.0102349903391757	-0.699861695948406	0.023	0.034	1	ENDOG	c12
7.78502896319283e-23	-0.699343652983782	0.267	0.367	2.61094301367561e-18	MARCKSL1	c12
0.0355349121059342	-0.699008667294461	0.007	0.012	1	ENG	c12
0.000581218774745139	-0.698128182858601	0.041	0.059	1	UBE2D4	c12
0.00122953145729395	0.69736913126192	0.036	0.024	1	MLKL	c12
2.99490858530127e-06	-0.697014520890431	0.047	0.077	0.100443244133834	MAL	c12
0.000456312150322193	-0.696273157017921	0.045	0.065	1	PCSK1N	c12
0.0706682333745626	-0.696110012499295	0.009	0.013	1	SNTA1	c12
0.150525605868637	-0.695963836789353	0.008	0.012	1	FAM149B1	c12
0.0753548363616067	-0.695731671982781	0.01	0.015	1	TPRG1	c12
3.20557968332083e-12	-0.695693005870198	0.119	0.181	1.07508731419214e-07	RPA2	c12
0.000113284519200769	-0.69493644183223	0.018	0.034	1	THEM4	c12
0.142230874707996	0.694505112113045	0.012	0.009	1	PAX8	c12
0.000144778236195029	-0.694135660467447	0.035	0.056	1	LIG1	c12
0.244923036324236	-0.694070551713427	0.016	0.02	1	TRBV5-4	c12
0.00313303248475844	-0.693725606755494	0.028	0.041	1	BCR	c12
6.10068125516238e-09	-0.693241341224512	0.077	0.121	0.000204604647935636	GCDH	c12
0.00157123175596486	-0.693203344014788	0.008	0.018	1	MFHAS1	c12
1.64751680663386e-11	-0.693096752642914	0.125	0.185	5.52544186608864e-07	KIF22	c12
0.0370178858592444	-0.692722360764991	0.015	0.022	1	MAN1C1	c12
0.0111008572401445	0.692479674502085	0.017	0.01	1	DMTN	c12
0.000236602399092016	-0.692425908857178	0.037	0.057	1	SLC23A2	c12
0.0817438669055791	0.692367092103676	0.011	0.008	1	DNMT3B	c12
0.00776879808266821	-0.692307572752495	0.011	0.019	1	FAM234A	c12
0.045308869210111	-0.691348241196211	0.009	0.014	1	PTCD1	c12
0.0013314882451101	-0.690586302977256	0.026	0.04	1	NDC1	c12
7.65051492740844e-59	-0.690119315008641	0.68	0.782	2.56582969635424e-54	CXCR4	c12
0.0646997163347301	-0.689593547351055	0.011	0.017	1	SPATC1L	c12
1.57766198060301e-15	-0.689553806060409	0.156	0.233	5.29116275054638e-11	MCM6	c12
8.30041095165026e-10	-0.68954325652926	0.086	0.136	2.78379182496446e-05	KRCC1	c12
0.0105700643411536	-0.689415090113332	0.021	0.032	1	SCLY	c12
2.76098377703284e-08	-0.689004045816702	0.084	0.127	0.000925978739141273	RGS14	c12
0.022614998394967	-0.68893219424886	0.011	0.018	1	NPIPA1	c12
6.9897117031501e-05	-0.688803200922341	0.062	0.088	1	TSPAN2	c12
1.02094280690573e-07	-0.687751230564138	0.059	0.096	0.00342403798580044	TMEM216	c12
4.38903954515072e-05	-0.687463253729621	0.04	0.063	1	GTPBP10	c12
0.000566506841312283	-0.687403192429886	0.018	0.032	1	MAPK9	c12
1.17229835627636e-05	0.687074016498916	0.06	0.04	0.393165422727967	KIF11	c12
9.54363541950092e-09	-0.686812271907108	0.063	0.104	0.000320074444699222	HPCAL1	c12
0.00410175670640499	-0.686538469893929	0.015	0.026	1	GDAP1	c12
2.33065176771946e-05	-0.685238082665456	0.032	0.054	0.781653989857753	MYPOP	c12
0.0157858485440561	-0.685130256884153	0.009	0.016	1	PXMP4	c12
2.39802003346051e-05	-0.684549519199219	0.034	0.056	0.804247958821986	ATAD3A	c12
3.05727516585673e-05	-0.684467055406415	0.076	0.105	1	OAS1	c12
0.00288968796630749	-0.684145756163066	0.012	0.023	1	PCLAF	c12
8.08319113778526e-09	-0.682988640336575	0.075	0.119	0.000271094064379042	TRAF7	c12
0.00088228824853371	-0.682618258814938	0.019	0.033	1	GPX7	c12
0.0101623567483471	-0.682180805974157	0.012	0.021	1	RFC3	c12
0.107292551454066	0.681595874308393	0.013	0.009	1	CDKL1	c12
1.75325110603244e-06	-0.681201101319502	0.068	0.102	0.0588005355941159	POLR3K	c12
0.000148513785576126	0.681101338429586	0.06	0.043	1	BATF3	c12
0.00407340785136685	-0.680919260908804	0.02	0.031	1	TMEM237	c12
0.000613314013827258	-0.680702454377685	0.028	0.045	1	CAMK2G	c12
0.0524028809039915	-0.680208915108465	0.006	0.01	1	CDK5R1	c12
3.97431868741842e-14	-0.679998481541381	0.159	0.23	1.33290700138639e-09	ABI3	c12
2.75744144407134e-07	-0.679908479743648	0.067	0.104	0.00924790711512647	CLSTN1	c12
0.164524295123348	0.679697897217802	0.012	0.009	1	ITGB8	c12
0.0779289340233893	0.678969204782381	0.012	0.008	1	RASD1	c12
0.000103908964195744	-0.67891889758304	0.042	0.064	1	TRAP1	c12
8.302094173109e-11	-0.678894024464536	0.112	0.168	2.7843563437773e-06	UBTF	c12
0.000103825502604844	-0.678517353995649	0.049	0.072	1	ARAP1	c12
2.16079682590547e-10	-0.678212784128585	0.155	0.213	7.24688039472177e-06	PPP1R14B	c12
1.54483537702052e-06	-0.677582002968407	0.064	0.097	0.0518106888745141	THOC5	c12
0.0792310831950888	-0.677523795667183	0.006	0.011	1	GPAT2	c12
0.00129644693369863	-0.677011533186958	0.028	0.044	1	WNT10A	c12
0.0314609710843634	-0.676928704184294	0.015	0.023	1	ZNF527	c12
6.04283720643766e-19	-0.676653730152201	0.205	0.297	2.02664674229506e-14	ANAPC5	c12
2.04760750698283e-06	-0.676153047999979	0.061	0.093	0.0686726605691903	UBAC1	c12
2.55066095055632e-05	-0.676043300445268	0.045	0.071	0.855440669597577	POLR3H	c12
0.00911720561909561	-0.675919935794492	0.019	0.029	1	BBS4	c12
0.0223937611103926	-0.675272392336195	0.015	0.023	1	MROH1	c12
0.0974303463042897	-0.67519787645532	0.006	0.01	1	SMN1	c12
0.444202385848983	-0.675163328254266	0.011	0.013	1	TRBV13	c12
0.0060557221772486	-0.674826824795893	0.017	0.027	1	ZNF362	c12
4.35293997610313e-07	-0.674815518560946	0.05	0.083	0.0145988900918547	ASH2L	c12
0.0825178527044777	-0.6741554337953	0.007	0.012	1	HNRNPUL2-BSCL2	c12
0.0055529173137142	-0.674042704083424	0.023	0.035	1	ZNF786	c12
6.62714690612354e-05	0.673104878850031	0.052	0.035	1	RSPH3	c12
6.60023976623944e-39	-0.672999316119613	0.341	0.483	2.21358841280138e-34	SYAP1	c12
3.39136540385906e-05	-0.672874399516935	0.044	0.069	1	ACOT8	c12
0.0003443529601462	-0.672509089441225	0.04	0.06	1	TBC1D13	c12
0.083007712428129	0.672470634225798	0.014	0.01	1	AL139423.1	c12
5.81329214735922e-08	-0.672121279243472	0.057	0.094	0.00194966192038134	RAB33A	c12
2.92677076108492e-05	0.670802422172153	0.08	0.058	0.98158037785266	INPP1	c12
0.150325199354447	-0.670427839400616	0.009	0.013	1	POMGNT2	c12
0.0726376195609301	-0.67001159168236	0.006	0.01	1	ZNF607	c12
0.000277410274010353	-0.669500546847621	0.045	0.066	1	LRRC14	c12
5.8119216870768e-09	-0.669186220875765	0.112	0.162	0.000194920229541182	RCSD1	c12
0.00805471877528795	0.669160779971871	0.018	0.011	1	SOX5	c12
0.000190207327697814	-0.668845835297601	0.043	0.064	1	STX17	c12
0.000619944941870207	-0.668766408276277	0.027	0.044	1	HKR1	c12
0.00925470215552639	0.668408909635678	0.019	0.012	1	MTX3	c12
0.000806809388627531	-0.66794306038425	0.025	0.041	1	PRR12	c12
5.06355320014207e-05	0.66776115685112	0.055	0.037	1	HOTAIRM1	c12
0.00273757498443568	-0.667744518288832	0.026	0.039	1	L1CAM	c12
0.0154766643551442	0.667498183554507	0.015	0.01	1	ABCD1	c12
0.159935623170946	-0.666609943542801	0.009	0.012	1	ZCCHC24	c12
0.033643961766682	-0.666413408683231	0.01	0.016	1	ZNF341	c12
0.000744388026834064	0.665764861646025	0.036	0.024	1	CD101	c12
0.0230439860688704	-0.665526745665125	0.015	0.023	1	NAT14	c12
0.00674621601864739	-0.664956515587079	0.012	0.021	1	SPDL1	c12
0.0243514130921935	-0.664769840788643	0.01	0.017	1	PICK1	c12
0.000651851756949616	0.663120114933989	0.053	0.038	1	STARD4	c12
0.121385059227219	0.662154555749717	0.011	0.008	1	PMF1-BGLAP	c12
0.00103169933415369	0.661791168361396	0.044	0.031	1	SERP2	c12
0.127781419785755	-0.661533251122468	0.007	0.011	1	SEPT8	c12
4.41610039899285e-13	-0.661257412207787	0.181	0.25	1.48107175181422e-08	CMIP	c12
2.56823703293741e-06	-0.661081661773141	0.077	0.11	0.0861335336106548	MX2	c12
4.33183278235228e-94	-0.66096670220902	0.816	0.9	1.45281007854531e-89	LDHA	c12
0.00287819549926934	-0.660565515072086	0.02	0.032	1	MLYCD	c12
0.000364542580177337	0.66041237740088	0.024	0.014	1	MFSD2A	c12
5.06720746293585e-05	-0.65994157317912	0.038	0.061	1	PDF	c12
0.00596719427261733	-0.659183679104347	0.015	0.025	1	TAB1	c12
5.55335029976622e-07	-0.658851210334232	0.058	0.092	0.018624826235356	PEX3	c12
0.0442135611953277	-0.658775118287551	0.013	0.019	1	RBFOX1	c12
0.0313162763161899	-0.658570170206815	0.016	0.024	1	ZNF429	c12
0.114791250876643	0.658546114512129	0.013	0.009	1	AC009061.2	c12
0.152226082409824	-0.657780749749493	0.01	0.014	1	RHOQ	c12
9.85851128046196e-12	-0.657512339493208	0.168	0.231	3.30634751324133e-07	POR	c12
1.62020717052051e-56	-0.657327355180944	0.573	0.699	5.43385080849168e-52	LIMD2	c12
4.83630317226778e-09	-0.657152047867789	0.094	0.141	0.000162199935791517	MTERF4	c12
0.103272104471944	-0.65710412561857	0.007	0.012	1	AC078785.1	c12
0.000821631498611759	-0.65707883063802	0.048	0.067	1	TAF1	c12
0.00445681064188462	-0.657031904661117	0.009	0.017	1	CCDC138	c12
0.0551628358022114	0.656909076682676	0.015	0.011	1	GSDMB	c12
0.028237758574086	-0.656853496688709	0.008	0.014	1	SV2A	c12
0.159968926732212	0.65676095881568	0.011	0.008	1	SPACA9	c12
0.0170893401975034	-0.65673050239909	0.025	0.035	1	SAP30L	c12
1.16877179621383e-07	-0.656342134201163	0.061	0.098	0.00391982685014195	ACSF3	c12
0.00969354565479541	-0.656179729057672	0.008	0.015	1	AMZ1	c12
0.233190443691262	0.655273053305294	0.015	0.012	1	XXYLT1-AS2	c12
0.098979838482373	-0.655210572904394	0.008	0.012	1	ATP10A	c12
1.31507076105986e-09	-0.655067963083122	0.07	0.117	4.41048431844257e-05	RPA1	c12
0.0514986209000744	-0.654728406966388	0.012	0.018	1	ADCK5	c12
2.83501702318056e-05	-0.654698182739088	0.06	0.087	0.950808009234297	ITPKB	c12
8.12793161353533e-10	-0.654454502548567	0.098	0.149	2.72594570454748e-05	DGCR6L	c12
1.19376518486311e-08	-0.653795527946917	0.055	0.095	0.000400364967699389	TACC3	c12
4.74942569632384e-06	-0.653569954613468	0.04	0.067	0.159286239003309	CDKN2AIPNL	c12
0.0544137991010193	0.653535136436148	0.014	0.01	1	TCTN1	c12
0.15914973228331	-0.65249365495309	0.006	0.01	1	ZKSCAN2	c12
5.93397840073382e-08	-0.651573748260504	0.114	0.159	0.00199013767603811	POLR3E	c12
0.000825082463693523	-0.650692684572581	0.028	0.044	1	CORO2A	c12
0.0137035925926293	0.650657250437235	0.018	0.011	1	TRIM36	c12
0.0968452291979959	-0.649132623315632	0.007	0.012	1	AL109955.1	c12
0.0169599896082622	0.6484959972557	0.022	0.015	1	SPEF2	c12
0.000931150725480135	-0.648245957190499	0.034	0.051	1	NPM3	c12
0.00188434435581058	-0.647648640895838	0.041	0.058	1	SRD5A1	c12
0.122546961858485	-0.647430845356038	0.007	0.011	1	DPY19L3	c12
0.000121713648588758	-0.647270875093266	0.041	0.062	1	RUVBL1	c12
4.86850730318387e-05	-0.646963174026864	0.041	0.064	1	NOTCH2	c12
0.00404387789971501	-0.646886461275761	0.014	0.024	1	AC091057.6	c12
0.0123011051642822	-0.646662781583919	0.013	0.022	1	PTDSS2	c12
5.47449055948419e-05	0.646626631521182	0.065	0.045	1	TMEM200A	c12
5.97518843270057e-05	-0.646270939486717	0.047	0.071	1	RPS6KA4	c12
5.90624822271022e-10	-0.646173055675071	0.096	0.147	1.98083752893255e-05	ADI1	c12
1.31672163414992e-11	-0.645543310273761	0.116	0.176	4.416021016612e-07	RRP1B	c12
0.174011996073207	0.644915553382643	0.011	0.008	1	P2RX7	c12
0.000204361496102863	-0.644107240628522	0.027	0.045	1	LPAR6	c12
0.00198953671271067	0.643922849572887	0.038	0.026	1	RHEBL1	c12
0.1168981700468	-0.6432622317726	0.007	0.011	1	CCDC61	c12
0.0030639452056154	-0.643071178858988	0.011	0.021	1	POLD1	c12
0.000632535381271571	-0.642577068148908	0.022	0.038	1	NDUFAF1	c12
0.00591105508905324	0.642424303285146	0.035	0.025	1	BAG2	c12
0.00197099517538272	-0.642181201116713	0.026	0.04	1	LPAR5	c12
0.000139336425034655	-0.641561115049128	0.045	0.067	1	MAP4K2	c12
0.146754772298439	0.641252623087695	0.013	0.01	1	HIST1H2BD	c12
0.0226842147569866	-0.640709691085222	0.014	0.022	1	C16orf58	c12
0.0742524593374161	-0.640609287992327	0.007	0.012	1	SAP25	c12
1.62033713471922e-05	0.63996263534063	0.062	0.042	0.543428668242134	AC011603.2	c12
0.299170836463278	0.639844188706649	0.012	0.01	1	DHCR24	c12
0.00350520457724609	-0.639761229359423	0.019	0.03	1	BDH1	c12
0.014438604524712	0.639607398942354	0.029	0.021	1	LINC01358	c12
3.02856253576807e-15	-0.639432875627501	0.241	0.319	1.01571930324589e-10	TENT5C	c12
0.000165845563270521	-0.639277004652294	0.047	0.069	1	EEFSEC	c12
1.05985292777104e-11	-0.638929348287904	0.166	0.23	3.5545347491585e-07	TSEN54	c12
1.33744992815634e-17	-0.638921930179276	0.164	0.251	4.48553956905073e-13	RASSF5	c12
0.0610161772984378	-0.638909441192034	0.01	0.016	1	LRRCC1	c12
0.104796528608883	-0.63850148336861	0.01	0.015	1	ZNF74	c12
0.0181890918577497	-0.638420432208406	0.01	0.017	1	NAPA-AS1	c12
0.00200101722431192	-0.637974610549967	0.027	0.042	1	ZNF230	c12
5.78836451199755e-08	-0.63781587513939	0.088	0.131	0.00194130169003374	CAT	c12
7.31972876149659e-19	-0.637783622242518	0.252	0.344	2.45489063203073e-14	SIRT2	c12
4.88482520651932e-05	-0.637596984615533	0.028	0.049	1	NHLRC3	c12
5.01500566203268e-07	-0.637359284006269	0.088	0.126	0.0168193259893252	GNB5	c12
0.0662842915120271	-0.636848993588622	0.009	0.014	1	TDRKH	c12
7.05922655115085e-05	-0.636395957495532	0.022	0.041	1	CDKN3	c12
0.000539467412549066	-0.636312965518255	0.022	0.037	1	CENPU	c12
3.57814253053145e-06	-0.635895408460907	0.074	0.107	0.120003744188964	RPUSD1	c12
6.32670857249063e-05	0.63521782099255	0.058	0.04	1	ITGB2-AS1	c12
0.0261109425212895	-0.635119219879724	0.02	0.029	1	AP4E1	c12
2.96203858609533e-07	-0.634878455645664	0.071	0.108	0.00993408501004652	AKTIP	c12
0.00850031487427106	-0.634839976629667	0.018	0.028	1	SLC35A3	c12
4.92223143636237e-05	0.634554940513974	0.049	0.032	1	MCU	c12
0.000391860809100738	-0.634479185691786	0.034	0.052	1	PET117	c12
0.0782827270434893	0.634150072896239	0.013	0.009	1	STK3	c12
1.14466238836616e-12	-0.634117021933287	0.135	0.201	3.83896871810241e-08	TTC3	c12
0.000213873631620459	0.634074863119312	0.047	0.032	1	CD244	c12
0.0411619058488324	-0.633812704744891	0.013	0.019	1	WDR24	c12
0.0058242642416443	-0.633724603385525	0.028	0.041	1	AAMDC	c12
7.56854537424526e-05	-0.633626303667043	0.03	0.051	1	CEP170	c12
0.000144262687554665	-0.633495270531313	0.026	0.045	1	DSTYK	c12
2.96127353025691e-07	-0.633424814692955	0.078	0.117	0.00993151916577563	PTPMT1	c12
0.00574329585799797	-0.632689353979449	0.016	0.026	1	ST6GAL1	c12
0.0278076051072603	0.632356036373238	0.027	0.02	1	ZNF512	c12
0.000123070488662876	-0.632354694344385	0.035	0.055	1	CNPY4	c12
8.00155415846014e-06	-0.632109198888493	0.057	0.086	0.268356123366436	LRRC8D	c12
1.51384984632331e-24	-0.632044435316642	0.253	0.362	5.0771496145991e-20	TRABD	c12
0.00730549771048461	-0.631920651496661	0.019	0.029	1	GK5	c12
0.0399766046669024	-0.631917727448085	0.019	0.026	1	RAB40B	c12
0.0025754646751222	-0.631683426057517	0.031	0.046	1	ABCC10	c12
0.0198704064350399	-0.631442029322827	0.025	0.034	1	WDR53	c12
0.000833079708743814	-0.631198876797591	0.044	0.063	1	NELFB	c12
9.0411744753825e-05	-0.630961024046181	0.043	0.066	1	TANGO2	c12
0.00728558237964774	-0.630816627658382	0.026	0.038	1	TRMT1L	c12
1.24074739781517e-20	-0.630715051678577	0.225	0.326	4.16121862279251e-16	SEPT6	c12
1.72782301518756e-05	0.630685699085065	0.055	0.036	0.579477282833605	IL2RA	c12
1.03505202357424e-10	-0.630475654835779	0.172	0.231	3.47135747666329e-06	PMEPA1	c12
0.0383735035591192	-0.63015267025081	0.007	0.013	1	LINC00239	c12
0.00324645552216299	-0.62803385704277	0.038	0.054	1	A1BG-AS1	c12
0.00358325419789103	-0.627496923906288	0.064	0.082	1	ZBED2	c12
3.87789215163511e-06	-0.627170809508092	0.026	0.049	0.130056746981538	ENC1	c12
6.66343096034975e-11	-0.626675791536778	0.128	0.187	2.2347814754821e-06	PPT1	c12
0.00766534750648461	-0.626542952835266	0.03	0.043	1	TMEM191C	c12
0.0292505110246751	-0.626281817773559	0.011	0.017	1	ZDHHC9	c12
0.00170876258243145	-0.626038753858796	0.022	0.036	1	CUX1	c12
0.062005544684434	-0.625932504542724	0.012	0.017	1	ZNF213	c12
0.000507375270361014	-0.625854124777437	0.063	0.085	1	SOX4	c12
0.0121937720417165	-0.625779388743668	0.018	0.027	1	DOLK	c12
2.55175125983033e-46	-0.625148364346731	0.65	0.73	8.55806337521896e-42	FXYD5	c12
6.89274206523022e-05	-0.624597815108826	0.044	0.068	1	HDGFL2	c12
0.0553897448770205	0.623989245200159	0.014	0.01	1	C18orf54	c12
0.0242156406115737	-0.623631895197737	0.017	0.025	1	DPH5	c12
0.00258719504490874	-0.622458856646976	0.034	0.049	1	ZNF398	c12
0.357867461350095	0.622451414194946	0.011	0.009	1	ZNF529-AS1	c12
0.00773779629419936	-0.622204674326885	0.021	0.032	1	TRIM65	c12
9.24206959634262e-06	-0.6220713253072	0.056	0.085	0.309960530122139	RNF20	c12
0.000242765173290211	0.621971214986209	0.044	0.029	1	AGTRAP	c12
0.218368174512031	-0.621554396669504	0.01	0.013	1	ACVR1	c12
0.127158632066348	-0.621306132553386	0.008	0.012	1	ADHFE1	c12
0.00481230747412061	0.621248310928064	0.025	0.017	1	DBP	c12
0.0260459733930698	-0.621019581758028	0.017	0.025	1	ZBTB39	c12
3.25591580636005e-05	-0.620971340486186	0.047	0.073	1	MVB12A	c12
0.133308264774205	0.620923048440353	0.012	0.008	1	AKAP2	c12
6.84974119649244e-07	-0.620890577867535	0.069	0.105	0.0229726620247963	MCM3	c12
0.0214312295829607	0.620730326998313	0.017	0.011	1	CDC42EP2	c12
0.00296749170741824	-0.620257048380595	0.026	0.04	1	LIN7B	c12
0.000683511349245548	-0.62007350889777	0.039	0.057	1	PDK2	c12
6.27161312597245e-05	-0.619731684601636	0.045	0.069	1	FCMR	c12
0.0283131582004096	-0.618574357672424	0.017	0.024	1	GALE	c12
2.90199219410449e-09	-0.617156540820593	0.096	0.145	9.73270142058765e-05	OSGEP	c12
3.23800486806819e-05	0.617023148644261	0.057	0.038	1	SRGAP3	c12
0.00498684490721762	-0.616266989696996	0.03	0.043	1	ALDH16A1	c12
0.00565578862702679	-0.615916670852323	0.028	0.04	1	FBXL4	c12
0.00913731407584673	-0.615680735952938	0.018	0.028	1	GATD3A	c12
0.0177749049612446	-0.614530324069702	0.037	0.049	1	PNPLA6	c12
2.29593037072069e-06	-0.614486516217744	0.074	0.107	0.0770009127732306	SETD3	c12
0.000450492979981511	-0.613812680150408	0.026	0.043	1	IFFO1	c12
0.0205481056270374	-0.6137647235609	0.011	0.018	1	AMPD3	c12
1.57250341059821e-10	-0.613618002769888	0.139	0.197	5.27386193846428e-06	GRK2	c12
0.0132806898054251	0.613495030677955	0.027	0.019	1	GSTM4	c12
9.52803773702638e-06	-0.613457182540352	0.068	0.098	0.319551329624391	PARD6A	c12
3.14324506047997e-05	-0.613155214922299	0.058	0.085	1	ALKBH4	c12
0.243657743892041	0.612508192311368	0.027	0.023	1	BUB1B	c12
0.182976367234819	-0.612415546467791	0.013	0.017	1	ZNF571	c12
6.98924595127891e-06	-0.612169000643717	0.088	0.121	0.234405330713992	TBL3	c12
3.43482690314873e-08	-0.612109848164407	0.084	0.128	0.00115197224677802	ORAI2	c12
0.00162711405454357	-0.611855859708383	0.036	0.052	1	PRMT7	c12
0.0003102121277633	-0.611630277285481	0.025	0.042	1	TATDN3	c12
0.048897606508553	0.611485960795589	0.011	0.007	1	AC011247.2	c12
0.0206771814233645	-0.611454156892413	0.012	0.02	1	TRBV7-6	c12
0.175475851167973	-0.611381283891129	0.007	0.01	1	PCYOX1L	c12
2.73483333369068e-10	-0.611230340829706	0.136	0.193	9.1720840345318e-06	BET1L	c12
0.0574339364098462	0.610582650864723	0.04	0.032	1	PHLDA2	c12
0.0010415938715725	-0.610475623534108	0.052	0.071	1	FAM98C	c12
0.0630243876663211	-0.610433882608741	0.005	0.01	1	ZNF793	c12
0.156381112130439	0.60955995004884	0.011	0.008	1	RAB43	c12
5.114185592585e-11	-0.609469000662307	0.137	0.196	1.71519556404116e-06	NOC2L	c12
3.67958450124758e-06	-0.608975111624459	0.062	0.094	0.123405905002841	UBE2O	c12
1.9835443403833e-22	-0.608633314438816	0.372	0.461	6.65241100877751e-18	LCK	c12
0.00890479129556751	-0.60847636778306	0.023	0.034	1	ABHD15	c12
0.185487382572421	-0.608372632343138	0.01	0.014	1	SCFD2	c12
1.51426888458265e-05	-0.608220728876238	0.057	0.085	0.507855498511328	SMARCD2	c12
3.18042408040102e-06	-0.607869305098798	0.054	0.085	0.106665062808489	ZMIZ1	c12
0.0197624842735944	-0.607255465844322	0.006	0.012	1	NMNAT1	c12
6.52875836796944e-24	-0.607128578961463	0.339	0.444	2.18961498144959e-19	RIC8A	c12
0.0443177180396839	-0.60682892572618	0.015	0.022	1	FLYWCH1	c12
8.89206920838974e-05	0.606696425372294	0.07	0.05	1	AC073332.1	c12
1.54739019007952e-09	-0.606492015218824	0.12	0.173	5.1896372194887e-05	RAB5B	c12
0.00180210666470497	-0.606111390362195	0.017	0.029	1	ZNF287	c12
0.0017521080033363	-0.606027910241958	0.031	0.047	1	AC073111.5	c12
0.000416259822588793	-0.605965099998452	0.038	0.058	1	C11orf1	c12
0.0266753144657485	-0.605879370480746	0.015	0.023	1	PEAK1	c12
0.000230124289424088	-0.60524092598708	0.029	0.048	1	SIRT3	c12
5.49271732532377e-08	-0.604633043401165	0.103	0.149	0.00184214753656708	SASH3	c12
6.01842916264021e-05	-0.604550708666504	0.054	0.08	1	XPOT	c12
0.0308309827555527	0.603961615287212	0.026	0.019	1	TLDC1	c12
0.0352427679773718	-0.603091981317392	0.018	0.026	1	TRMT12	c12
0.00200541988963913	-0.602908344157295	0.027	0.042	1	TELO2	c12
0.0602658923539513	0.602768187301777	0.015	0.011	1	TMEM217	c12
2.19900092406553e-08	-0.602400333896612	0.121	0.169	0.000737500929913098	BOD1L1	c12
4.01860698974577e-05	-0.602164307667518	0.044	0.068	1	MED24	c12
0.000840385842445626	-0.601748972808315	0.039	0.057	1	KLF12	c12
0.00294142505595463	-0.601680781741547	0.033	0.048	1	ZNF740	c12
0.890604430781978	0.601347040076921	0.012	0.012	1	CDC6	c12
0.0125951637183401	-0.601300101590678	0.012	0.02	1	METTL1	c12
0.00081232716848006	-0.601099321109487	0.037	0.055	1	ELP3	c12
0.012008662034948	-0.600951431719363	0.118	0.137	1	PGM2L1	c12
0.0398650761779117	0.600897402464504	0.014	0.01	1	NCEH1	c12
0.0515838937810003	-0.600670211628977	0.012	0.018	1	AC005332.7	c12
2.46152479657397e-08	-0.600413367836436	0.072	0.114	0.000825546186274978	OAS2	c12
0.0264524706241186	-0.600343139412815	0.011	0.018	1	SCAMP1-AS1	c12
9.88050520804302e-09	-0.599769297207036	0.118	0.168	0.000331372383667347	USE1	c12
0.0226309726438505	-0.599475868615817	0.021	0.03	1	ZNF329	c12
1.14324487105729e-07	-0.59945119739082	0.072	0.112	0.00383421464855194	NDUFC2	c12
0.00417545946895872	-0.599156307464825	0.023	0.036	1	SNN	c12
0.0921936136944278	-0.598788339561898	0.015	0.02	1	KRBA1	c12
0.0285074682701023	0.598658013557211	0.018	0.012	1	PLOD1	c12
4.76757606935541e-05	-0.59847451732267	0.05	0.075	1	CRTAP	c12
0.0421636767417591	0.598287240988652	0.039	0.031	1	GRAMD2B	c12
7.30850998443884e-06	-0.598224687155291	0.069	0.1	0.24511280785811	ANKZF1	c12
0.0177293509060946	0.598221954858664	0.021	0.014	1	ZBTB26	c12
2.42742835818197e-05	-0.597336095528383	0.095	0.127	0.814110922767068	MXRA7	c12
1.14390043678386e-06	-0.59712208070363	0.069	0.104	0.0383641328488572	NMB	c12
4.18107196191498e-52	-0.597101394370702	0.622	0.742	1.40224791458705e-47	LEPROTL1	c12
0.00449502099137729	-0.596919918584125	0.019	0.03	1	HDHD2	c12
0.000794145929393771	-0.59679756450221	0.034	0.051	1	RFC4	c12
0.0176521939484981	-0.596656274881096	0.013	0.021	1	CENPJ	c12
0.00212362036810997	-0.59621089154806	0.012	0.023	1	ORC6	c12
0.0222455320506265	0.595924254299059	0.021	0.015	1	AL121983.2	c12
0.0110925198354762	0.595819023745357	0.019	0.012	1	CPEB3	c12
0.000416058876093571	-0.595579182700604	0.033	0.051	1	TRGC2	c12
0.0139751680541005	0.595466478925399	0.019	0.013	1	AL590006.1	c12
2.00555054454196e-05	-0.595417336970483	0.07	0.099	0.672621541628484	ARHGAP25	c12
0.138113062557538	-0.594429470541408	0.007	0.01	1	TIGD7	c12
0.0161947388446047	-0.594315579859392	0.013	0.021	1	ZNF641	c12
0.00869426943431766	-0.593584294580216	0.011	0.019	1	ARHGAP5	c12
0.000144322868497211	-0.593355908124697	0.043	0.065	1	ZNF302	c12
0.228446521652311	-0.593259888301099	0.007	0.01	1	AC090825.1	c12
0.00571072424601923	-0.593231053168342	0.023	0.035	1	PEX10	c12
9.29542211626063e-06	-0.593107497136697	0.083	0.115	0.311749866935149	PGP	c12
1.61117539042303e-12	-0.59309220640037	0.149	0.217	5.40356002440075e-08	NSMCE3	c12
0.00234869919019021	0.592903698893533	0.029	0.019	1	SLC31A1	c12
0.0513003643685604	-0.59279135666365	0.013	0.019	1	ASB16-AS1	c12
0.0229660703869107	0.592447855214075	0.017	0.011	1	LINC00115	c12
0.000660421330840859	-0.592193997768026	0.049	0.069	1	KCTD17	c12
0.120239871540463	-0.590900241368409	0.007	0.011	1	ZNF674-AS1	c12
3.25640983547787e-11	-0.590221769054811	0.192	0.256	1.09213473062257e-06	MX1	c12
1.27104821506947e-10	-0.59005963974394	0.17	0.23	4.26284150369997e-06	RBM38	c12
0.115356752150299	0.589962447604745	0.01	0.007	1	ACAD10	c12
2.80258104081111e-12	-0.589921931628818	0.214	0.283	9.39929629467229e-08	AHI1	c12
3.93269794404612e-05	-0.589731340234176	0.07	0.098	1	TPRA1	c12
7.31934899280162e-05	-0.589401918039318	0.058	0.084	1	PIGBOS1	c12
0.0276493979350302	-0.589361299204696	0.013	0.021	1	ZNF251	c12
0.0598331609806917	-0.589303351363198	0.015	0.021	1	VMAC	c12
0.0111666178653621	-0.589283791475268	0.011	0.019	1	CCDC50	c12
4.3529340334104e-13	-0.588913904454172	0.184	0.255	1.45988701612518e-08	CCDC115	c12
0.00321139651237475	-0.588826556813319	0.037	0.052	1	BRF1	c12
0.00921435554488942	-0.588726877122967	0.023	0.034	1	ZMYND19	c12
0.000171668371926445	-0.58771187150707	0.045	0.067	1	BRD3OS	c12
0.00522328338145998	0.587246381601192	0.033	0.023	1	NRAV	c12
0.000241680660821684	-0.587227892983836	0.037	0.058	1	POLD3	c12
0.0818594045483839	-0.587042622598334	0.025	0.032	1	TRGV2	c12
0.000158156450567185	-0.587023269362739	0.049	0.071	1	KCNK6	c12
4.6081132693795e-05	-0.586758354520315	0.058	0.084	1	SIK2	c12
0.0854622194032346	0.586746581619895	0.012	0.009	1	ZNF844	c12
1.92522679231763e-20	-0.586560049532741	0.281	0.376	6.45682561607487e-16	GZMK	c12
0.099213935569996	-0.5860824427837	0.006	0.01	1	CEP72	c12
0.00195842735331688	-0.585507119323053	0.043	0.06	1	MEN1	c12
0.0200341060249972	-0.58448535159346	0.018	0.027	1	BEST1	c12
0.00813423606582906	-0.58419809959155	0.022	0.033	1	ST7	c12
0.00466950908679487	-0.583890430145669	0.013	0.023	1	MMAB	c12
0.00187634370676938	-0.5827387368247	0.028	0.043	1	DHRS1	c12
0.000693977757218104	-0.582209076816023	0.045	0.065	1	CES2	c12
0.0879394161081506	-0.581965581671027	0.017	0.022	1	PPP1R13B	c12
0.00196953343665283	-0.581767000537502	0.03	0.045	1	ECHDC2	c12
0.0338275136752611	-0.581739726195767	0.018	0.025	1	LZTR1	c12
1.32813056715879e-09	-0.58126263753908	0.151	0.207	4.45428429613715e-05	RETREG2	c12
0.0415274597012175	-0.58098051579448	0.018	0.026	1	SEC22A	c12
0.000427529416487101	-0.580503259340388	0.048	0.069	1	CCDC84	c12
0.0495432105714915	0.580489877366756	0.022	0.016	1	ZNF692	c12
0.014557665871546	-0.580403455862534	0.014	0.022	1	INTS2	c12
9.57104645298438e-05	-0.580314247605707	0.064	0.09	1	RASSF2	c12
0.0036655593138548	0.580005414585034	0.034	0.024	1	SPINDOC	c12
6.92739456041671e-05	-0.579752161436395	0.07	0.098	1	ZNF276	c12
0.00015817271461133	-0.578934289146202	0.065	0.09	1	SIN3B	c12
0.00405768112271986	0.578514426285744	0.07	0.055	1	BPGM	c12
0.000429525697951947	-0.5783714832572	0.049	0.069	1	HDHD3	c12
0.00879563833877848	-0.578357885475099	0.018	0.028	1	POLE	c12
0.00272219196606549	-0.578160348466091	0.01	0.02	1	TIMELESS	c12
0.0155657508353381	-0.57813745796192	0.02	0.029	1	PCTP	c12
0.00515609427963587	-0.577995738440829	0.016	0.027	1	ZNF181	c12
0.068663504105204	0.577822193992289	0.012	0.008	1	AC132192.2	c12
0.000948393043277622	-0.577373516035603	0.054	0.074	1	XKR8	c12
0.000268709740522839	-0.577088041704308	0.043	0.063	1	ALDH18A1	c12
0.0956489238486251	-0.576680352085241	0.017	0.023	1	ZNF691	c12
0.0826317290279618	-0.576544726866045	0.013	0.019	1	CNNM3	c12
5.37821347314539e-08	-0.576464786771192	0.189	0.236	0.0018037452346235	GALNT11	c12
7.48834935983497e-05	-0.576414962197331	0.059	0.085	1	EHMT2	c12
0.0128545225462721	-0.576308468569716	0.019	0.028	1	NEMP1	c12
0.0294630312033792	-0.576264205656305	0.026	0.035	1	ADPRM	c12
0.000733809187487929	-0.576053043301803	0.044	0.063	1	CLEC16A	c12
0.00510158087393545	-0.575779241636893	0.029	0.042	1	INPP5B	c12
0.0327690366468063	-0.57561418484319	0.017	0.024	1	ASPHD2	c12
0.000120802212283383	0.575543888725698	0.092	0.07	1	CAMK2D	c12
0.00858117890132749	-0.575167633626979	0.039	0.052	1	CBX4	c12
0.0552215206543626	-0.57505169131151	0.013	0.02	1	COL9A2	c12
8.5432069932631e-07	-0.574255837876994	0.076	0.113	0.0286522076140058	FLOT2	c12
0.0232929471920183	0.574189890036102	0.04	0.031	1	CD109	c12
2.50636174346343e-15	-0.574106159798577	0.24	0.319	8.40583601522766e-11	IL2RB	c12
0.0462751934259116	-0.574090896523228	0.012	0.018	1	HACD1	c12
1.7026615206122e-07	-0.574054161792731	0.11	0.153	0.00571038620782921	NAGK	c12
0.194548352687369	0.573712771760571	0.017	0.014	1	MYLPF	c12
0.001642067515662	-0.573412057417322	0.03	0.045	1	HDAC4	c12
2.36774216323924e-08	-0.573356662615078	0.096	0.141	0.000794093366707177	XCL1	c12
0.00160432359594262	-0.573164863857161	0.042	0.059	1	HAGHL	c12
0.343520367967575	0.57314125960057	0.012	0.01	1	ZFHX3	c12
2.34021951778261e-07	-0.572847285528832	0.155	0.2	0.00784862821873932	TERF1	c12
7.74963678596678e-06	-0.572390473546422	0.076	0.108	0.259907318527754	NUP93	c12
0.00426147511191217	-0.571607255314919	0.036	0.05	1	FOXP4	c12
1.0251427090097e-05	-0.57146575039031	0.074	0.105	0.343812361747673	FOSL2	c12
0.301252288999488	0.571080568450667	0.022	0.019	1	CERS6	c12
7.19621546756527e-09	-0.571063514415767	0.115	0.164	0.000241346674351204	PAGR1	c12
0.00337926980797318	-0.570954573050528	0.037	0.053	1	JMJD8	c12
0.0116192002533146	-0.57093117761093	0.023	0.034	1	TTC38	c12
0.042120911358342	-0.570793981677602	0.018	0.025	1	PIP4K2B	c12
0.00112732238672018	-0.570716432385388	0.029	0.045	1	C11orf54	c12
0.128761916106305	0.570092539750152	0.017	0.013	1	REEP2	c12
0.0126680709387913	-0.569947147126292	0.023	0.034	1	ZNF684	c12
0.00256486514256402	-0.569947045234132	0.025	0.038	1	PDIK1L	c12
0.115055109539812	-0.569705099268671	0.008	0.012	1	AC008764.8	c12
0.0143343384792425	-0.56945592862614	0.024	0.034	1	KCTD2	c12
0.0501897952520521	-0.569395468910086	0.015	0.022	1	ZNF682	c12
0.0169398532566757	-0.569308311331421	0.017	0.025	1	RIOX2	c12
0.0073226261052458	-0.569025244078146	0.039	0.053	1	C1orf216	c12
8.0574629812352e-06	0.568867659264654	0.055	0.036	0.270231193464666	STX1A	c12
1.58533689152229e-06	-0.568624560511079	0.054	0.086	0.0531690286678745	REEP4	c12
0.00737936339795791	-0.568603065113475	0.024	0.036	1	PAAF1	c12
0.000400912552228969	-0.567959623491567	0.035	0.053	1	C2orf68	c12
2.69330308941499e-05	-0.567641640322392	0.086	0.117	0.903279990128	LINC00623	c12
0.111451613123075	-0.567475162646561	0.018	0.023	1	ZNF845	c12
3.22253399700833e-07	-0.56743782436859	0.095	0.136	0.0108077345191665	RABL6	c12
5.9936338858958e-06	0.567042685900211	0.094	0.067	0.201014493265174	NUP88	c12
0.0207724529971775	-0.566838032360469	0.016	0.024	1	GPSM2	c12
0.000113445310481281	-0.565935047542045	0.049	0.073	1	ZNF226	c12
9.53267541092965e-15	-0.565894651530092	0.201	0.28	3.19706867931759e-10	PSIP1	c12
2.7437813146864e-12	-0.56586350819583	0.149	0.216	9.20209377319525e-08	EIF4EBP1	c12
9.54778855654302e-09	-0.5654306618941	0.163	0.215	0.00032021373260934	TTC1	c12
0.0258585396755626	-0.565422348578904	0.031	0.042	1	TRIOBP	c12
3.54886838720642e-15	-0.565202556401328	0.201	0.284	1.19021947970129e-10	P2RY10	c12
1.20246705080393e-24	-0.565189701503948	0.339	0.448	4.03283399498623e-20	SLC9A3R1	c12
2.23460116935384e-09	-0.565186879503451	0.154	0.21	7.49440540177892e-05	HDAC1	c12
2.74474539597342e-05	-0.565130583225118	0.062	0.091	0.920532710901566	CDK5RAP1	c12
2.17490605708926e-05	-0.564929764236534	0.063	0.092	0.729419993426595	MED11	c12
0.00113263443599624	-0.56462756463616	0.029	0.045	1	BCAT2	c12
3.72573700232265e-08	-0.564150719009814	0.146	0.194	0.00124953767583897	DCAF11	c12
0.0064978024725434	-0.563987824642771	0.021	0.032	1	GTF2H2	c12
0.00112130988261045	-0.563894208616716	0.044	0.062	1	ATP13A2	c12
0.000146288304065055	-0.563183208290448	0.05	0.073	1	NARFL	c12
0.17814633894415	-0.563054644154422	0.008	0.011	1	RIDA	c12
6.27808491332885e-10	-0.562937655909385	0.148	0.206	2.10554411823223e-05	FARSA	c12
0.000611103821554545	-0.56263475441984	0.043	0.062	1	ZNF33B	c12
3.86022189637417e-05	-0.562294427398713	0.058	0.085	1	IKZF4	c12
0.0331552838497747	0.56161483743888	0.024	0.017	1	AL606807.1	c12
0.124435726774005	-0.56159070004914	0.011	0.015	1	ZSCAN9	c12
0.00114911985069914	0.561465432325376	0.038	0.026	1	MAP3K6	c12
0.111701914520138	-0.561427149177739	0.011	0.015	1	FEZ1	c12
0.649204414442781	0.56125788326324	0.01	0.011	1	FAM111B	c12
0.000179506960934362	-0.561158868250447	0.046	0.068	1	ALG1	c12
0.203536741689062	0.561075359499759	0.015	0.012	1	TNFRSF14-AS1	c12
0.000147429688946152	-0.56105942656878	0.054	0.078	1	VKORC1	c12
0.0159402141628369	-0.560498296732658	0.03	0.041	1	TCEAL3	c12
0.0606572410001083	-0.560228120811943	0.01	0.016	1	BCORL1	c12
5.45591728256798e-07	-0.559962224047879	0.109	0.15	0.0182980553822765	BLCAP	c12
2.93523212781001e-10	-0.559714161264155	0.196	0.255	9.84418151024921e-06	SRM	c12
0.00144554399952657	-0.559246806139854	0.039	0.056	1	ZWILCH	c12
0.00223779825978496	-0.55906674960692	0.035	0.051	1	ELMOD3	c12
0.0308482108679945	-0.558738411039552	0.014	0.021	1	CARM1	c12
0.145852074178754	0.558111793075748	0.013	0.009	1	AC020765.2	c12
0.000530617431840928	-0.557943675491549	0.044	0.064	1	ATP7A	c12
3.26569276328252e-06	-0.557930072000179	0.091	0.127	0.109524803894969	ELAC2	c12
0.0133188636454098	-0.557686872700302	0.015	0.024	1	DNAJC25-GNG10	c12
3.64067828860679e-05	-0.557575781087056	0.082	0.112	1	PAPSS1	c12
7.78917239208248e-12	-0.557314885550519	0.257	0.324	2.61233263685662e-07	CEMIP2	c12
0.00489801509547492	-0.556873111836097	0.012	0.022	1	ZMYM1	c12
0.0281715795324965	0.556834209679672	0.011	0.006	1	CDKN1C	c12
0.00536711362508615	-0.555990155861746	0.004	0.011	1	SHCBP1	c12
8.99353862726901e-08	-0.555989298928478	0.13	0.176	0.00301625298481348	ATP8A1	c12
0.00597818899826342	-0.555956055480085	0.029	0.042	1	PER2	c12
0.0545685338547869	-0.555909082176652	0.012	0.018	1	TLCD1	c12
0.105744607341454	-0.555462671771391	0.013	0.018	1	PTPN12	c12
1.60338867599612e-05	-0.555360340925585	0.068	0.098	0.53774449415558	MNAT1	c12
0.000478273071887959	0.555260494285544	0.067	0.05	1	GFM2	c12
4.01478190373556e-08	-0.555126972735745	0.121	0.169	0.00134647755487483	UBL7	c12
2.65329538061401e-09	-0.554385472088495	0.142	0.196	8.89862204750328e-05	TEX264	c12
0.0561244858402053	0.554085341834374	0.029	0.022	1	KIAA1328	c12
0.287894966091512	-0.553932239868597	0.008	0.011	1	TRAV8-3	c12
1.03646033699672e-06	-0.553904903379115	0.174	0.218	0.0347608067821958	LYAR	c12
0.34679947019356	0.553434510444453	0.011	0.009	1	AC108047.1	c12
3.22655017842628e-05	-0.553120655155184	0.059	0.086	1	HIRIP3	c12
0.0876242926060356	0.552798385808724	0.017	0.012	1	SUMO4	c12
0.17760158822036	0.552545000602021	0.027	0.022	1	CIP2A	c12
0.0189395858497891	-0.551815664133465	0.021	0.03	1	PCBP4	c12
0.188433000932467	-0.551561199210684	0.009	0.012	1	USP54	c12
2.10951772995773e-06	-0.550739756842304	0.098	0.135	0.0707490056273224	PARP4	c12
9.02294443722213e-07	-0.550568988057833	0.106	0.145	0.0302611510535556	PRR5L	c12
0.0085984159592526	-0.550077568942331	0.02	0.03	1	ZNF445	c12
1.83608733926919e-05	-0.549999630979181	0.086	0.118	0.615786971844099	IFRD2	c12
0.00214099908967135	-0.54997970140206	0.03	0.045	1	URGCP	c12
0.0408430090730778	-0.549811433097617	0.031	0.04	1	NSMF	c12
0.000686302546171731	-0.549789756852541	0.042	0.061	1	IMPDH1	c12
0.0780011495112453	-0.5496750192453	0.01	0.015	1	PGAP3	c12
0.344470730269884	0.548914597916053	0.017	0.014	1	AL096865.1	c12
9.94263148026161e-05	-0.548575186805591	0.058	0.083	1	LPGAT1	c12
0.0740487686336681	-0.548514960896478	0.007	0.012	1	TSGA10	c12
0.000130136303828373	0.548461025269919	0.066	0.047	1	SLC9A9	c12
2.57790879777967e-09	-0.54809827998262	0.185	0.239	8.64579052599344e-05	CDIPT	c12
1.6520716107591e-06	-0.547638800801283	0.093	0.131	0.0554071776816387	SFT2D1	c12
0.00357655116473444	-0.547630943920152	0.045	0.062	1	ZNF101	c12
0.00114585277332916	-0.547571466622186	0.049	0.067	1	PYGB	c12
0.000795168402634995	-0.547282540337966	0.054	0.075	1	FLYWCH2	c12
0.0288533951471715	-0.547096204681721	0.012	0.019	1	LINC00954	c12
0.109032017240673	-0.547022883942853	0.01	0.015	1	CLCF1	c12
0.178724063792595	-0.5470206542796	0.011	0.014	1	TMEM99	c12
0.0820101833341761	-0.546604038661917	0.012	0.018	1	ZNF280C	c12
0.457192039767662	0.546600174274002	0.015	0.013	1	ARL4D	c12
0.00875432505968228	-0.54621278960138	0.031	0.043	1	C11orf68	c12
0.000786131517172588	-0.546065713244674	0.049	0.068	1	WDR77	c12
0.00570467812874828	-0.545902316277739	0.033	0.047	1	EEF2KMT	c12
1.30390306741351e-05	-0.544781558009813	0.041	0.067	0.437303010749144	ARMH1	c12
2.77301306903166e-08	-0.544680622702499	0.128	0.177	0.000930013123091838	SAMM50	c12
0.406503180086226	0.544547734888433	0.013	0.011	1	ENO3	c12
1.28063252165772e-07	-0.544478620722766	0.077	0.117	0.00429498535113566	CEP104	c12
0.000193008169461659	0.54440955322333	0.119	0.095	1	PDK3	c12
0.385885869325208	0.544220082150215	0.02	0.017	1	MMS22L	c12
0.000156667509919434	-0.544175040232774	0.063	0.088	1	ANKH	c12
0.0554494060294199	0.544065133491674	0.028	0.021	1	CASK	c12
0.00291747561122158	-0.543736079566799	0.041	0.057	1	NAALADL1	c12
0.00252167865628474	-0.543676564579866	0.044	0.061	1	SIGMAR1	c12
0.0229740781236807	-0.543491846240498	0.025	0.035	1	APPL2	c12
0.108912134988645	-0.543410712195002	0.015	0.021	1	NETO2	c12
2.64639881291937e-07	-0.543171319186028	0.123	0.167	0.008875492338769	IFT52	c12
0.511794660339722	0.543159508846479	0.02	0.018	1	ZNF367	c12
1.29911135094328e-05	-0.542993222647223	0.109	0.143	0.435695964879356	DUSP14	c12
0.000508889560989779	-0.54292675657151	0.059	0.08	1	CD320	c12
0.0348756970197864	-0.542915595356967	0.045	0.056	1	MAP1A	c12
0.00483705762828711	-0.542862183644136	0.031	0.045	1	ABCF2.1	c12
0.0134455208521422	-0.542672010277202	0.017	0.026	1	MZF1	c12
0.317407611265445	-0.542125010149507	0.008	0.01	1	ADRB2	c12
0.000209513585250202	-0.542049045069735	0.053	0.076	1	BRAT1	c12
9.24846570223126e-09	-0.541653886197423	0.124	0.175	0.000310175042721432	PRPF19	c12
0.000304642150626157	-0.541570510931644	0.051	0.073	1	GEMIN6	c12
0.00951787420974356	-0.541523777424337	0.022	0.033	1	PKD1	c12
0.0186489275313011	-0.541444571659603	0.032	0.043	1	RAPGEF2	c12
0.0497229325887915	-0.541438448089046	0.019	0.026	1	TRAV13-1	c12
0.000499454651575503	-0.54137155164223	0.025	0.041	1	TUBGCP3	c12
0.0168118922932847	-0.540871860200943	0.005	0.011	1	C17orf53	c12
5.02622766903344e-09	-0.540840512350197	0.186	0.241	0.000168569623564044	APLP2	c12
0.124795390832784	-0.540632191395214	0.027	0.033	1	KLHDC7B	c12
0.0474328687846153	-0.540562913732706	0.012	0.018	1	NRL	c12
0.140364016905819	0.540520587426246	0.016	0.012	1	URB1-AS1	c12
0.000820740841247033	-0.540412849277405	0.061	0.083	1	PITPNA	c12
2.58008663994238e-06	0.540126831173395	0.107	0.078	0.0865309457303875	BARD1	c12
6.84135854749689e-05	0.539349587871127	0.082	0.06	1	AC013394.1	c12
8.69032403370283e-05	-0.539332696073368	0.069	0.096	1	BCL2L12	c12
0.00717044242804005	0.539211645546291	0.044	0.033	1	ADPRH	c12
0.237479866016108	0.539124152691009	0.031	0.027	1	RPL39L	c12
0.0231825104351518	-0.539014047545944	0.027	0.037	1	CLUH	c12
2.03546846671584e-06	0.538684417920207	0.111	0.081	0.0682655414367157	BMT2	c12
0.0415014820112103	-0.538678289398193	0.007	0.012	1	C9orf72	c12
0.176485228252791	-0.538110872554411	0.007	0.011	1	KIF7	c12
0.00718482116141258	-0.537994231804106	0.026	0.038	1	MGAT5	c12
0.0279915391232716	-0.53789109339595	0.023	0.033	1	TADA2B	c12
0.0722679141243738	-0.53784121706641	0.013	0.018	1	ZNF765	c12
0.143159434364623	-0.537526868192424	0.009	0.013	1	TMEM268	c12
0.000315557420660396	-0.537518216912538	0.065	0.089	1	DHRS13	c12
2.65100640312001e-07	-0.537182959639748	0.138	0.183	0.00889094527478389	CRELD2	c12
1.53650923676522e-07	-0.537008870273116	0.121	0.166	0.00515314467826321	GLRX5	c12
0.170189283707017	-0.536640509486451	0.006	0.01	1	HIST1H2AI	c12
0.0120817741536964	-0.536506868008172	0.038	0.051	1	C8orf82	c12
0.00526424955072872	-0.53611835990792	0.031	0.045	1	BPNT1	c12
0.0395547077267697	-0.535740481600073	0.011	0.018	1	TMLHE	c12
0.0122699567950639	0.535634985810464	0.033	0.024	1	SLC29A1	c12
0.00012318584790148	-0.535627396070475	0.074	0.101	1	PCYT2	c12
9.82490355548509e-09	-0.5353218987781	0.136	0.188	0.000329507615443859	THAP11	c12
0.00264664452945385	-0.535301950822727	0.042	0.058	1	KDM1A	c12
0.00128253613176625	-0.535019786197863	0.042	0.06	1	NQO2	c12
0.510728983776677	-0.534977347674872	0.01	0.012	1	PLXND1	c12
0.00275398900981193	-0.53469546444319	0.006	0.015	1	CCNB2	c12
0.0215972472695592	-0.534493705217404	0.026	0.036	1	NNT-AS1	c12
0.00132798646804114	-0.534239703111608	0.038	0.055	1	FAM220A	c12
0.0091123477961578	-0.534142206238107	0.025	0.037	1	LINC01089	c12
3.34283269288796e-06	0.53408345022187	0.075	0.051	0.112111922854076	KIF9	c12
3.00379728161123e-21	-0.534002816452815	0.377	0.465	1.00741353230677e-16	PSMD13	c12
0.09097932508275	-0.533868227851028	0.006	0.01	1	LAPTM4B	c12
7.93503653521089e-14	-0.533810908685783	0.239	0.317	2.66125255317903e-09	SLFN5	c12
0.0090236148399434	-0.533637091740402	0.03	0.042	1	DDX28	c12
0.0250776668822191	-0.533525628605863	0.017	0.025	1	TANGO6	c12
0.00365349658854017	-0.533366871685955	0.039	0.054	1	LDB1	c12
0.223851592540479	-0.532884424639546	0.007	0.01	1	LINC00921	c12
0.000634929962827146	-0.53260029029434	0.062	0.083	1	TTC5	c12
6.59382942301913e-20	-0.532568177505352	0.359	0.45	2.21143851189216e-15	LRPAP1	c12
0.336712819962881	-0.532499511055964	0.021	0.025	1	TRGV5	c12
0.00152766264342729	0.532454445719911	0.065	0.049	1	SLC25A30	c12
0.0115968754838403	-0.532449249520095	0.033	0.045	1	DHCR7	c12
0.0273295536336351	-0.532424655080948	0.019	0.028	1	UBA6-AS1	c12
0.000198877023279341	0.532405253170226	0.077	0.056	1	TRAV19	c12
0.0735330227379931	-0.532256001409949	0.013	0.019	1	KNTC1	c12
0.000118958118687833	0.531870909846335	0.112	0.088	1	PI4K2B	c12
4.82258957575552e-14	-0.531378680249539	0.237	0.317	1.61740009191689e-09	TMEM179B	c12
2.20712097931159e-12	-0.531297720967912	0.2	0.269	7.4022423404152e-08	SETD2	c12
2.59047138154864e-05	-0.531236350535675	0.071	0.101	0.868792291943782	ARFRP1	c12
1.4712520147257e-21	-0.531036121966279	0.384	0.477	4.93428500698706e-17	LAT	c12
0.0118497223364112	-0.531001049245612	0.029	0.041	1	SLC27A4	c12
0.00934518770192647	-0.530995210461227	0.035	0.047	1	POMZP3	c12
7.2786097388628e-06	-0.530466644052543	0.102	0.138	0.244110013421981	POLR1E	c12
0.000563573581198454	-0.530463195960323	0.046	0.066	1	FH	c12
0.000568552703731389	-0.530407973913165	0.013	0.026	1	HOPX	c12
0.42183856854547	-0.529789053757798	0.008	0.01	1	IL18BP	c12
0.000767594930487751	-0.529734904374982	0.066	0.088	1	PTGES2	c12
6.55388095480731e-26	-0.529676160064415	0.399	0.501	2.19804059462328e-21	P4HB	c12
0.000233529757181553	-0.529403658750822	0.064	0.088	1	CENPT	c12
1.10700866097746e-16	-0.529315536800861	0.289	0.377	3.71268564718619e-12	CYSTM1	c12
0.005466807185101	-0.529151917252852	0.035	0.049	1	CAMKK2	c12
0.0188565241914713	-0.529103244515964	0.037	0.048	1	KLRC3	c12
0.00089780917794363	-0.528962418663273	0.031	0.048	1	CDK5	c12
0.00106554886964224	-0.528853272548667	0.031	0.047	1	HS2ST1	c12
9.35363862144121e-15	-0.528417085958712	0.23	0.31	3.13702332085895e-10	IMPDH2	c12
0.138529604099618	-0.528386075521192	0.011	0.015	1	ZNF777	c12
0.00757097977960594	-0.528354198700163	0.034	0.047	1	PLCL2	c12
0.0322130859257864	0.528336436697247	0.041	0.032	1	C4orf46	c12
0.103597154072629	-0.527978668674072	0.01	0.015	1	ZNF236-DT	c12
9.54942759512336e-05	-0.527906612100079	0.057	0.082	1	MYCBP	c12
3.7063805193466e-70	-0.527765370078103	0.836	0.895	1.24304589857846e-65	CD8A	c12
0.000366985230890656	-0.527678172146685	0.068	0.092	1	LPCAT1	c12
0.000139432711912637	-0.527597902626848	0.061	0.086	1	PGM2	c12
3.08456293529419e-06	-0.527182033448385	0.1	0.137	0.103450071723897	SLC25A11	c12
0.0253158939652557	0.527158658056339	0.028	0.02	1	STIMATE	c12
0.0564458187654861	-0.526779576024681	0.03	0.038	1	TCAF1	c12
0.00705897636607718	-0.526776151390469	0.024	0.036	1	NFXL1	c12
2.16376452430552e-05	-0.526532591430343	0.077	0.108	0.725683346161584	GTPBP6	c12
6.66446113625894e-07	-0.52632934804655	0.088	0.127	0.0223512697587852	MRPL58	c12
0.0563622919802342	-0.526180338612511	0.042	0.052	1	HINT3	c12
0.00202786676932637	0.52608428940093	0.033	0.022	1	YES1	c12
9.13740446051259e-07	-0.525820860875106	0.123	0.165	0.0306450270796671	ARHGEF7	c12
1.8223994288967e-22	-0.52581917810848	0.357	0.457	6.11196320463374e-18	SIVA1	c12
0.000434477061392993	-0.525560550532318	0.06	0.083	1	KLHDC4	c12
0.0100735273063077	-0.525079705465164	0.029	0.041	1	PXMP2	c12
0.0102787303739914	-0.524987970767696	0.038	0.052	1	NIPSNAP1	c12
0.0348398455602451	-0.524694195696103	0.007	0.013	1	SLC37A4	c12
0.0505862285753301	0.524688902954471	0.039	0.031	1	HIST1H3H	c12
1.90779613987173e-06	-0.524610054221844	0.099	0.137	0.063983666939018	CBX1	c12
1.26926802072939e-11	-0.524363994768055	0.168	0.235	4.25687108792224e-07	PRPF31	c12
0.00105126461425291	-0.524213560507115	0.042	0.06	1	ZNF227	c12
0.000756664223393529	-0.524047837238118	0.039	0.058	1	AP2A2	c12
0.0280268368913406	-0.523794213060411	0.015	0.023	1	APOLD1	c12
9.24147488925957e-10	-0.523609795442258	0.176	0.235	3.09940584835988e-05	OGDH	c12
8.21582203117618e-05	-0.523547599875999	0.051	0.075	1	RHOT1	c12
0.00391296417461117	-0.523440966141876	0.026	0.039	1	ZNF346	c12
0.00135234035949803	-0.523428749857337	0.06	0.08	1	ZNF444	c12
0.0167833275396661	-0.523402404530252	0.023	0.033	1	SARS2	c12
0.161100289487501	0.52313753649478	0.022	0.018	1	TRIM46	c12
3.11025055940332e-05	-0.522990857146153	0.074	0.103	1	CPOX	c12
0.144111043107276	-0.522658616051794	0.011	0.015	1	TNKS1BP1	c12
0.0143316834226759	-0.522525906645863	0.017	0.026	1	MARS2	c12
0.161827397390455	-0.522456266490456	0.007	0.011	1	UBE3D	c12
0.000277910985815693	-0.52244768640408	0.057	0.079	1	CLPTM1L	c12
0.0219248352219983	0.522275684203062	0.012	0.007	1	JMJD7	c12
0.10379819743247	-0.522265881882286	0.013	0.018	1	KDM1B	c12
6.83163858879892e-07	-0.52220307424721	0.115	0.156	0.0229119494991138	PHF12	c12
3.87708257599564e-08	-0.522073924042733	0.186	0.238	0.00130029595433742	YBX3	c12
0.00531625307206118	-0.522046387133241	0.027	0.039	1	DSN1	c12
4.94926553678897e-88	-0.521974679929455	0.965	0.987	1.65988467572829e-83	MT-ND3	c12
0.000152570497106807	-0.521453124238468	0.061	0.085	1	ZDBF2	c12
0.376019944556074	0.521140698279007	0.02	0.018	1	LINC01006	c12
1.18935964466724e-05	0.520854474260701	0.056	0.036	0.3988874376285	HLA-DQB2	c12
1.73754382400723e-07	-0.52084831505389	0.11	0.153	0.00582737447695543	MYD88	c12
6.52645954675835e-06	-0.52077968574643	0.057	0.087	0.218884400279181	AHCY	c12
0.0622013532430289	-0.520530744439648	0.009	0.014	1	TMEM161B-AS1	c12
9.26838007809127e-06	-0.520415168975854	0.15	0.188	0.310842931059025	PFKFB3	c12
0.00117575405876161	0.520409925512175	0.037	0.025	1	CLNK	c12
0.50412121249183	0.520191964759793	0.023	0.021	1	CAMK1	c12
1.11219935016489e-11	-0.52018753843519	0.245	0.312	3.73009418058302e-07	MAGED2	c12
0.00632139535465381	-0.520073056223832	0.026	0.038	1	BCDIN3D	c12
0.0286183964749538	-0.520039535123137	0.027	0.036	1	FAM193B	c12
2.99293560323917e-06	-0.519842188622938	0.116	0.155	0.100377074261435	UBE2G2	c12
0.0282914209531491	-0.519267006263422	0.023	0.032	1	TAF1C	c12
9.45497023457304e-16	-0.519184357594851	0.324	0.404	3.17100791727111e-11	EMB	c12
0.00281935777075074	0.519135255720127	0.072	0.057	1	TAPBPL	c12
0.0342952123128525	-0.518883121539941	0.011	0.018	1	SLC25A15	c12
0.0555187082233897	-0.518826624021793	0.007	0.012	1	FAM92A	c12
0.00220599465249879	-0.518402652297341	0.053	0.071	1	KDM4B	c12
0.00823372229723924	-0.518387718736894	0.049	0.063	1	CRIP2	c12
0.00537628360429224	-0.518325420482473	0.038	0.053	1	KIAA1671	c12
0.00332631748941931	-0.518311669310683	0.051	0.068	1	AFAP1	c12
0.00161062575891796	-0.51820739834554	0.015	0.027	1	CKAP2L	c12
0.0305392787787554	-0.517736890309198	0.023	0.032	1	RMRP	c12
0.014459537487816	-0.51769908775676	0.028	0.039	1	KDM4A	c12
0.00225671180458105	-0.517544429580536	0.04	0.056	1	MAN2B2	c12
0.0707352683224843	-0.517053545298815	0.011	0.017	1	ZFP69B	c12
5.7002273135578e-44	-0.516937444344419	0.654	0.745	1.91174223642102e-39	SRSF2	c12
6.03173764616696e-05	-0.516751822369933	0.062	0.089	1	TMEM141	c12
0.00113550744777934	0.516704339121847	0.143	0.119	1	TSC22D1	c12
6.37970531168291e-07	-0.516692022079162	0.1	0.14	0.0213962556743221	EXOSC7	c12
6.07732165752253e-09	-0.516290594799164	0.166	0.222	0.000203821213749991	THYN1	c12
1.24198010050518e-06	-0.516173451859448	0.085	0.123	0.0416535286107428	SNX20	c12
0.00869694012547373	-0.515668642086915	0.032	0.045	1	CDYL2	c12
0.081982555280762	0.515626532884876	0.013	0.009	1	AC091959.3	c12
0.157805335450835	-0.515432649435946	0.009	0.012	1	AC025171.3	c12
0.176860506472024	-0.515344694883924	0.011	0.015	1	BBS1	c12
2.9176538829584e-06	0.515082472079679	0.125	0.094	0.0978522759266587	ADA	c12
0.000127321065181521	0.514848669288384	0.096	0.073	1	SYNE3	c12
0.0191351331134427	-0.514578551141339	0.028	0.039	1	NTPCR	c12
0.00332873421491567	-0.514362835254879	0.035	0.05	1	TP53	c12
8.93724628195786e-07	-0.51418869877225	0.123	0.164	0.0299737365804303	ABCG1	c12
0.00553658523096207	0.513900388161751	0.052	0.04	1	RAB30	c12
0.0335255741779536	-0.513741109150474	0.014	0.022	1	PRR5	c12
2.37921807293112e-20	-0.513630003424418	0.344	0.445	7.97942157299638e-16	MT1X	c12
0.00107737264201842	-0.513569604226717	0.033	0.05	1	LCLAT1	c12
2.31132388165024e-09	-0.513182638466019	0.383	0.44	7.75171803427858e-05	STMN1	c12
0.000323641818109444	0.512876207690887	0.075	0.056	1	GTF3C3	c12
0.1602381698561	-0.512671712180993	0.006	0.01	1	MBOAT1	c12
0.0115247917808882	-0.512481919135827	0.029	0.041	1	CREG1	c12
0.00342763225481003	0.512311661816852	0.037	0.026	1	AC087239.1	c12
0.0192862504047049	-0.512282664598449	0.059	0.073	1	STARD10	c12
1.52251720260292e-05	-0.512177793485263	0.075	0.107	0.510621819408967	GANAB	c12
0.182631514385823	-0.51186766399348	0.011	0.014	1	SLC25A29	c12
5.16625383189595e-19	-0.511845997719362	0.428	0.504	1.73265821014126e-14	GYPC	c12
0.0424842671358045	-0.511523460346412	0.011	0.017	1	DOLPP1	c12
0.00127310844263929	-0.511514846662327	0.053	0.072	1	ATRIP	c12
0.000961855243106189	0.511470615582307	0.06	0.044	1	MRPL53	c12
0.00326666494021143	0.511431417264701	0.034	0.024	1	RGL2	c12
0.0751844945174038	-0.511097731038352	0.011	0.017	1	AC012645.3	c12
0.0621965598929917	-0.51108771428837	0.017	0.024	1	LY75	c12
0.123161907452027	0.511019289538774	0.022	0.017	1	ABCD2	c12
0.211433839516215	-0.510924385585023	0.008	0.011	1	GIN1	c12
0.0259115043478223	0.510828393865857	0.052	0.042	1	AL118516.1	c12
0.00252989871486443	-0.51018082329668	0.015	0.027	1	FANCI	c12
0.0100087609378792	0.510028922816889	0.044	0.033	1	SREBF1	c12
0.122844110008019	-0.509947483312575	0.014	0.019	1	RAB4B	c12
0.000620629433174418	-0.509906750887698	0.048	0.068	1	EXOC6	c12
0.0270681370629724	0.509676975868579	0.029	0.022	1	NFIL3	c12
0.000109938230135868	-0.509421509237407	0.079	0.107	1	ZBTB44	c12
0.053074769260772	-0.509293287788746	0.017	0.024	1	ZNF354B	c12
1.73547363908001e-05	-0.508911842609344	0.047	0.074	0.582043149074653	ZCCHC9	c12
9.95813358515117e-11	-0.508681591858567	0.216	0.28	3.339758841788e-06	MT1E	c12
0.000186813351678078	-0.508653004270703	0.089	0.116	1	COQ10A	c12
4.40482753712657e-08	-0.508642074921451	0.137	0.187	0.00147729105940151	DNMT1	c12
0.000479105201652099	-0.508385170238692	0.061	0.083	1	CHMP6	c12
0.00921698798085468	-0.508317682541152	0.036	0.049	1	CHID1	c12
0.000395860812929685	-0.508213086999111	0.034	0.053	1	ZFYVE19	c12
5.06838791844113e-05	0.508095128796032	0.078	0.056	1	UBE2F	c12
2.2042168309603e-05	-0.508064008939678	0.097	0.13	0.739250240767464	PMM1	c12
0.000888498685766228	-0.507826932283781	0.042	0.06	1	NAGPA	c12
0.00630293127551555	0.507657820943131	0.037	0.026	1	ARHGAP12	c12
0.030903535062067	-0.507580774842153	0.01	0.016	1	MECR	c12
0.000641904656800103	-0.507069627186729	0.046	0.066	1	MUTYH	c12
0.132621426226348	-0.506519097416522	0.011	0.016	1	ZNF700	c12
0.0242124268678782	-0.506310435070051	0.022	0.032	1	BCL6	c12
0.227571428449022	0.506218073156462	0.025	0.021	1	ECT2	c12
0.643960690275614	-0.506141980100204	0.037	0.035	1	TRAV12-1	c12
0.0319635174652667	0.506123255780446	0.012	0.008	1	AC027682.1	c12
0.114832549517279	-0.506067614078678	0.01	0.015	1	NEU3	c12
0.10486160444577	0.506034127444592	0.015	0.011	1	AC027644.3	c12
0.000183872288417141	-0.505928363523094	0.085	0.113	1	ARMC1	c12
0.00170803361390238	-0.505914286209367	0.049	0.067	1	ANAPC7	c12
1.67718572848615e-05	0.505880091720408	0.092	0.066	0.562494549619685	ERN1	c12
0.0316084008770592	-0.505806826597481	0.015	0.022	1	FAM161A	c12
0.00213073440527504	-0.505757833073295	0.039	0.055	1	PARP16	c12
0.0113957362097487	-0.50570087113856	0.021	0.032	1	OGFOD2	c12
0.0541091117765456	-0.505455744431861	0.009	0.014	1	KBTBD7	c12
0.00218426152024988	0.505193855747737	0.062	0.047	1	CLECL1	c12
0.00109980749088143	-0.504996541977584	0.05	0.069	1	PI4KA	c12
0.00629195641675337	0.504987308655312	0.061	0.048	1	MREG	c12
0.360821597386146	0.504949400473746	0.015	0.013	1	DYRK3	c12
0.00730780001183303	-0.504933735307514	0.03	0.043	1	IKBKE	c12
0.000148256138354859	-0.504924167180871	0.064	0.09	1	RMDN3	c12
0.00393236398345241	-0.504628016708581	0.029	0.043	1	RIPK3	c12
0.0167379633150708	-0.50435769151838	0.031	0.042	1	C2orf74	c12
0.0257017194022671	-0.504274691584367	0.022	0.032	1	TMCO6	c12
0.0115784436877787	-0.504225967662268	0.005	0.011	1	MXD3	c12
0.0255292928456603	-0.504117874531641	0.027	0.036	1	ATL1	c12
0.000145005811491999	-0.504113055915403	0.08	0.108	1	RSAD1	c12
0.004150791009015	-0.503906052724532	0.042	0.058	1	HEATR5B	c12
0.197270555049653	-0.50383652723279	0.017	0.021	1	NUP50-DT	c12
0.00550707529707056	-0.503686606300815	0.031	0.044	1	XPO7	c12
0.0190725287447399	-0.503633392587791	0.035	0.046	1	CERS4	c12
0.127792428307082	0.503621023821038	0.014	0.011	1	TRIM61	c12
0.0249341727925148	0.503603654331195	0.023	0.017	1	SNX16	c12
0.0385610743675158	-0.503546841922391	0.021	0.03	1	HERC3	c12
0.00132441353231562	-0.503500852268485	0.044	0.062	1	MYO9A	c12
0.010160678483967	-0.503414558523843	0.022	0.033	1	ZNF43	c12
0.0357650189051351	-0.503019253428399	0.016	0.023	1	NRIP1	c12
0.00127226224254704	-0.502585428949973	0.109	0.133	1	SAMHD1	c12
0.000265104022076374	-0.502302392139109	0.072	0.098	1	COPS7B	c12
2.23894377461182e-08	-0.502061173400454	0.195	0.247	0.000750896963129312	TRIM28	c12
0.0219667456241925	0.502038606487682	0.02	0.013	1	ZNF841	c12
0.0782092819058707	0.501920221675591	0.021	0.016	1	RIPK2	c12
0.00338103140668787	-0.501593995151808	0.044	0.06	1	BRF2	c12
0.0466412120614342	-0.501505160645756	0.015	0.022	1	ZBTB41	c12
0.0507119173829774	-0.501124668318472	0.033	0.042	1	B4GALT7	c12
0.171621101091727	-0.500869474345818	0.011	0.015	1	SIPA1L3	c12
0.22780871330177	0.500739942169649	0.016	0.013	1	QPCT	c12
2.35226285756684e-09	-0.500505521285512	0.185	0.244	7.88901917170766e-05	LAGE3	c12
2.5888494922897e-07	-0.500138721287204	0.146	0.192	0.00868248342724119	RING1	c12
0.00399917557353707	0.499799284357876	0.066	0.052	1	MSC-AS1	c12
8.46379767376127e-08	-0.499580389986865	0.248	0.301	0.00283858846382606	CNIH1	c12
0.00795320384206446	-0.499400133239581	0.03	0.042	1	E2F3	c12
0.0800952959723384	0.49927616566702	0.036	0.029	1	TPD52	c12
0.000422125347490404	0.499169049945026	0.087	0.067	1	SGPP2	c12
0.570767551846841	0.498937498888801	0.013	0.012	1	ZNF599	c12
0.00364062903884313	-0.498302830368059	0.031	0.045	1	TSHZ1	c12
0.00181679074359644	-0.498278503873855	0.029	0.045	1	RNF214	c12
0.126636427513043	-0.498124031299741	0.015	0.02	1	FAM20B	c12
0.0159793207790961	0.49803294040709	0.026	0.018	1	PLD6	c12
1.57654125954293e-09	-0.497816468029116	0.195	0.254	5.28740407625506e-05	ADH5	c12
0.0394879932157712	0.497796029139784	0.035	0.027	1	TTC32	c12
0.00126883254202844	-0.497244002867199	0.054	0.074	1	ACAD8	c12
0.00767292449877881	-0.497003982235155	0.041	0.055	1	PUS7L	c12
1.64015366765573e-12	-0.496832651266184	0.297	0.368	5.50074737058377e-08	CNOT6L	c12
1.7433511685406e-07	-0.496564736691585	0.201	0.25	0.00584685114905146	YPEL3	c12
0.00543898739103269	0.496548567168387	0.042	0.031	1	EVC2	c12
0.0120918092514655	-0.496530051155446	0.045	0.059	1	INTS5	c12
2.48924346405194e-05	-0.496487227250109	0.06	0.088	0.834842472973738	CD8B2	c12
0.038734355591131	-0.496471011819448	0.018	0.026	1	ADGRG5	c12
2.06003902773947e-05	-0.496447269808758	0.093	0.126	0.690895889123263	IGSF8	c12
4.8363106429342e-05	-0.496328187279308	0.078	0.107	1	C7orf26	c12
0.0123760484483928	-0.496194370912186	0.052	0.066	1	MLXIP	c12
0.000143014243242733	-0.495568474597083	0.096	0.124	1	CLIC3	c12
0.0166531435338678	-0.495562008711685	0.024	0.034	1	NAP1L5	c12
0.00961027803374195	-0.495398843548375	0.031	0.044	1	CARNMT1	c12
0.161133063607021	-0.495344494495376	0.011	0.015	1	HIST1H2BF	c12
3.06540835405045e-07	-0.495048392925902	0.175	0.222	0.0102807665378144	USP36	c12
0.0939666750290182	-0.49498243411567	0.02	0.026	1	ZNF587	c12
0.0484106341730809	-0.494943399993672	0.017	0.024	1	TRIM3	c12
0.0014724927768203	-0.49441844360875	0.046	0.064	1	ARMT1	c12
0.0744252016493576	-0.493977178935659	0.02	0.027	1	SLFN12	c12
0.0221214922510235	0.493867566791315	0.032	0.024	1	FO393401.1	c12
0.0144834186680764	0.493689164277484	0.022	0.015	1	KCTD11	c12
0.00615365513116056	-0.493660141384862	0.033	0.046	1	IRS2	c12
1.60017207641204e-05	-0.493377751642696	0.077	0.109	0.53666571098707	GGCT	c12
0.0111560377993036	-0.49332584158371	0.035	0.047	1	TMEM129	c12
0.0636019437286628	-0.493226508330964	0.019	0.026	1	RALGPS1	c12
5.04025847936579e-09	-0.493155120391808	0.208	0.264	0.00016904018888097	SYTL2	c12
1.97054982191672e-06	-0.492591982437175	0.116	0.156	0.0660882999274431	JADE2	c12
0.086809416382193	-0.492570467475884	0.022	0.029	1	TAPT1	c12
0.00479177485808221	-0.492567554229611	0.033	0.047	1	ZNF862	c12
0.042068965055449	0.492413244960821	0.037	0.029	1	AC007952.4	c12
0.316878391415268	0.492246720537014	0.011	0.009	1	AC139887.2	c12
0.00265124474064379	0.492169023270022	0.066	0.05	1	STX8	c12
0.0397061843272262	-0.492167251285191	0.02	0.028	1	MAST2	c12
6.12148761231637e-06	-0.492049171701418	0.075	0.109	0.205302451541867	ING3	c12
1.65200841705994e-17	-0.491852839800511	0.373	0.455	5.54050582913562e-13	DCXR	c12
0.0360941056697445	0.491824492468413	0.055	0.045	1	TMEM156	c12
0.000846132474053177	-0.491763148878425	0.099	0.124	1	ACSS1	c12
0.0298044779080007	-0.491684083739232	0.018	0.026	1	ABHD11	c12
0.000685482195784023	-0.491487111031191	0.044	0.063	1	ACP2	c12
0.000272736504242427	-0.491257480744486	0.041	0.062	1	MRPL35	c12
0.00943191371237528	0.491155082178593	0.027	0.018	1	KLHL25	c12
0.00215183431168256	-0.491106503892971	0.044	0.061	1	TMEM175	c12
0.053699005293377	-0.491004224622679	0.011	0.017	1	MTRF1	c12
0.0332276444292164	-0.49067088217164	0.021	0.029	1	LIMD1	c12
0.0019889360599187	-0.490310587797502	0.045	0.062	1	FAM217B	c12
0.000290735893393406	-0.490278279670096	0.074	0.099	1	ABCD4	c12
0.00134262607698819	-0.490269495025129	0.05	0.069	1	ZER1	c12
0.0280482310878722	-0.490000788270716	0.022	0.031	1	GPD1L	c12
2.12199409050911e-11	-0.4899752122315	0.218	0.285	7.11674378074947e-07	SLC10A3	c12
0.000731151337917674	-0.489829291794463	0.067	0.089	1	PDPR	c12
0.0642951662908528	-0.489771773445038	0.034	0.042	1	SPAG16	c12
6.09086155313287e-05	-0.489499030417922	0.077	0.106	1	TRUB2	c12
0.000927147153811687	-0.488940227805115	0.071	0.093	1	KLHL20	c12
0.194830382923696	-0.488584608871084	0.008	0.011	1	LINC00467	c12
0.00102659248148271	-0.48857907772322	0.041	0.059	1	TMEM19	c12
7.20602592828038e-06	-0.488534245899503	0.11	0.146	0.241675697582667	GOLGA2	c12
0.0116335338030037	-0.488483338016379	0.048	0.062	1	ATR	c12
0.15607736913601	-0.488434358564117	0.009	0.013	1	AK9	c12
0.0858112645818954	-0.488128972330819	0.021	0.028	1	TAF4	c12
0.111439332579148	-0.488071677571837	0.008	0.012	1	ACBD4	c12
0.00117560741849382	-0.487697288985772	0.075	0.097	1	BLVRB	c12
0.0865289433637587	0.48756423328471	0.019	0.014	1	LINC00672	c12
0.0758003927604894	0.48748840948271	0.023	0.018	1	ELOVL4	c12
0.0421763070525608	-0.48708045239486	0.016	0.023	1	CASD1	c12
1.98626109574554e-07	-0.487048087841623	0.168	0.217	0.0066615224629114	TBCD	c12
0.00362383913089011	-0.486910984299308	0.05	0.067	1	MAGEH1	c12
0.200882489511006	-0.486862014028877	0.014	0.018	1	B4GAT1	c12
0.0108341860563794	-0.486793637343939	0.022	0.032	1	ZNF550	c12
0.20691382851577	0.486686864182778	0.023	0.019	1	ALCAM	c12
0.103239872136963	-0.486550941398971	0.006	0.01	1	STOML1	c12
1.58660570094639e-05	-0.486519721324217	0.14	0.177	0.532115819983399	EPB41	c12
0.000414672558866092	-0.486451277470829	0.083	0.108	1	INIP	c12
0.0058924383409381	0.486285816635661	0.039	0.029	1	NCR1	c12
0.0412827158864836	-0.486157558249771	0.013	0.019	1	ICA1	c12
0.0617565506642026	0.485972959452778	0.026	0.02	1	CLOCK	c12
0.00473935219052136	-0.485697856331571	0.044	0.06	1	HIST1H1D	c12
2.16476890113081e-05	0.485560579926302	0.087	0.063	0.726020194061252	RP2	c12
1.71801302125537e-05	-0.485329866130942	0.125	0.161	0.576187207068625	SSH1	c12
0.00320187362576084	-0.4851641733209	0.038	0.053	1	ITGA5	c12
0.00132787361098237	0.485125178076176	0.036	0.024	1	AC006449.6	c12
0.000436034440968085	-0.484932992503255	0.117	0.145	1	CENPF	c12
6.90742127124451e-09	-0.484797062974823	0.162	0.219	0.000231661094594998	KDM2B	c12
0.00274529945317856	-0.48413822173895	0.046	0.063	1	CEPT1	c12
0.0787832180557023	-0.484082811067925	0.012	0.018	1	AC012360.3	c12
0.0327471760769602	-0.484077056073416	0.021	0.029	1	POLR3B	c12
0.0347671840216562	0.484066581450873	0.035	0.027	1	AL451165.2	c12
0.0012338619175607	-0.483763465836295	0.062	0.083	1	USP20	c12
0.00295405199215814	-0.483617597538271	0.043	0.06	1	NCLN	c12
0.00794364467130772	-0.483588500011451	0.034	0.047	1	SLC20A2	c12
0.0641882078754613	-0.483581315612782	0.014	0.02	1	AC012615.1	c12
0.125931719058223	-0.483491797587869	0.009	0.013	1	ZFP69	c12
0.0248394551825258	0.483242832976496	0.048	0.038	1	CENPE	c12
0.0146539267970658	-0.483144119392186	0.068	0.083	1	CDKN2D	c12
0.0348619867152796	-0.483011737468332	0.02	0.028	1	RNF170	c12
0.184290400920432	-0.482901952814566	0.011	0.015	1	GSEC	c12
5.14267922762258e-15	-0.482867873077573	0.132	0.206	1.72475175936006e-10	NR4A2	c12
0.0070670195529459	-0.482206018628387	0.007	0.015	1	DTL	c12
0.165960854156511	-0.481977854678883	0.008	0.011	1	ZNF77	c12
0.000504484528156844	-0.481746792653132	0.052	0.073	1	PIKFYVE	c12
0.00155788725768962	-0.481724854876139	0.055	0.075	1	FBXO38	c12
0.0184928182139121	-0.481632884431894	0.025	0.035	1	BAZ2B	c12
0.00334843524692963	-0.481543285002882	0.037	0.053	1	EIF2D	c12
0.025753414402412	-0.481439303751911	0.018	0.026	1	SDHAF3	c12
0.0376208971495308	-0.481430236212921	0.023	0.031	1	ANXA4	c12
0.0207932326549076	-0.481424418422846	0.019	0.028	1	WDR91	c12
5.80340538518457e-10	-0.4809255487145	0.205	0.266	1.9463460980832e-05	NDRG1	c12
0.0030515088817596	-0.480913225857141	0.035	0.05	1	CENPB	c12
0.0135249440478861	-0.480729343143276	0.034	0.046	1	DGAT1	c12
0.0404060023355042	-0.480316126375483	0.014	0.021	1	CBR4	c12
0.152118730947049	-0.479739744013353	0.007	0.011	1	ZNF558	c12
0.00154133739773537	0.479725805863746	0.106	0.086	1	LUZP1	c12
0.0188617202280634	-0.479666968606077	0.021	0.031	1	ATAD5	c12
2.73682908163828e-06	-0.479449129765383	0.092	0.129	0.0917877737399847	NFU1	c12
0.00198684888931383	-0.479421020631864	0.018	0.03	1	CHAF1A	c12
0.000744088311715055	-0.479336573515089	0.058	0.079	1	NAT10	c12
0.308109991002173	-0.479320911255129	0.009	0.011	1	DGCR6	c12
0.0314409043302999	-0.479314490526792	0.023	0.032	1	TUBGCP4	c12
0.119865515469331	-0.479279718251207	0.008	0.012	1	BX890604.1	c12
0.0468154347057128	-0.479146596252531	0.022	0.03	1	CTNS	c12
0.0220527703205236	-0.479112183586223	0.031	0.042	1	SH3YL1	c12
0.000275706676565689	0.47910226349913	0.059	0.041	1	EIF4G3	c12
5.47456664318816e-05	-0.479020427189936	0.101	0.133	1	UCKL1	c12
0.000137942251120847	-0.478966868905821	0.056	0.08	1	PSD4	c12
0.0912036382876406	-0.478948337843129	0.006	0.01	1	NPIPB11	c12
0.157397713381628	0.478840529493361	0.01	0.007	1	NR2F6	c12
4.00700712618407e-28	-0.478546765951741	0.535	0.636	1.34387004997961e-23	PDCD4	c12
0.00986705881931069	-0.478445684146292	0.021	0.031	1	DHX35	c12
2.97790340198604e-05	-0.478390899158552	0.086	0.118	0.998729242958079	DPH7	c12
3.003711814051e-06	-0.478324018396338	0.142	0.182	0.100738486819643	STK38	c12
0.0438195724265839	-0.478314516925314	0.046	0.057	1	TRIM24	c12
0.0792990116274309	0.478035816919779	0.019	0.014	1	HIST1H4J	c12
0.0378162291204783	0.478028199845629	0.011	0.007	1	AL139089.1	c12
0.000920167381143724	0.477900990806712	0.06	0.044	1	FAM83G	c12
0.0260355227709832	-0.477735791582361	0.046	0.058	1	LONP1	c12
1.90250576379967e-06	0.477637604900088	0.086	0.059	0.0638062383063132	POU2F1	c12
0.0189040068956585	-0.477627154886561	0.017	0.026	1	NUDT8	c12
0.0324494713909493	-0.477581380074425	0.014	0.022	1	FANCD2	c12
0.0224432691350562	-0.477368220307546	0.022	0.032	1	CHKA	c12
0.12150682880292	-0.477283490021854	0.01	0.014	1	GTF2H4	c12
2.92210510994397e-05	-0.477212553844392	0.091	0.123	0.980015611773008	CTBP1	c12
0.00179432751860441	-0.477161195589271	0.064	0.084	1	SLC25A19	c12
4.90931218182495e-06	-0.476772519828166	0.117	0.155	0.164648511954045	AGPAT2	c12
0.0382685195865226	-0.476589221175571	0.022	0.031	1	CEP85	c12
0.0163748081021503	-0.476413536557569	0.033	0.045	1	TPCN2	c12
1.56277468200384e-11	-0.476256225249449	0.24	0.309	5.24123372850446e-07	CNPY3	c12
0.108031216895326	-0.476235133454358	0.015	0.021	1	AMACR	c12
0.144251171256676	-0.476102975826041	0.008	0.012	1	AVEN	c12
3.74248822678644e-08	-0.476009671328834	0.18	0.231	0.00125515570149964	ACO2	c12
0.0102923511363732	-0.475947294060132	0.023	0.034	1	PRMT6	c12
1.09405533349551e-10	-0.475818640075987	0.286	0.347	3.66924277747725e-06	WIPI2	c12
0.0160472967331782	-0.475817223642518	0.027	0.038	1	TOMM40L	c12
0.0725085451233431	-0.475783162186431	0.029	0.037	1	MLLT1	c12
0.118230976764529	0.475780576250444	0.01	0.007	1	AC011446.2	c12
0.373689180529509	-0.475754191679536	0.009	0.011	1	BORCS8-MEF2B	c12
3.41070088891005e-05	0.475419027950805	0.12	0.093	1	CTBS	c12
0.000277915136494124	-0.475356651316729	0.066	0.09	1	EXOSC6	c12
0.0028459093155743	-0.47534817996415	0.072	0.092	1	CD200R1	c12
0.00163000771553871	-0.474619882505056	0.078	0.099	1	TNRC6C	c12
0.0064564056464262	-0.474572904192303	0.051	0.067	1	TAOK2	c12
0.00584121393739102	-0.474492003486293	0.028	0.041	1	TAF9B	c12
0.000475569713233737	-0.474429646393826	0.047	0.068	1	MAP3K3	c12
0.00176609116656095	-0.474048292189538	0.079	0.1	1	HECTD3	c12
0.0486926560781876	-0.474009945398883	0.025	0.033	1	KIAA0930	c12
0.0014725637871035	-0.473900035821484	0.036	0.053	1	PYCR2	c12
0.00747432679935678	0.473447850087898	0.058	0.045	1	TRIB1	c12
9.78169093387893e-06	-0.473443961922581	0.078	0.112	0.328058350540432	SCCPDH	c12
0.00113389198554068	-0.473428383621239	0.05	0.069	1	SLFN11	c12
5.24723842973439e-08	-0.47333555376263	0.162	0.213	0.00175981882456432	TES	c12
0.80509321178395	0.473307382172232	0.017	0.016	1	FDXR	c12
0.917230984091279	0.473271308839282	0.01	0.009	1	BTNL8	c12
0.262388030384406	0.473251802774019	0.02	0.016	1	RASGRP3	c12
0.000929245303671967	-0.473144718760836	0.053	0.073	1	UBE2E1	c12
0.0234083932856301	0.472962872804887	0.033	0.025	1	SWT1	c12
0.0245571315350239	-0.472811445539877	0.038	0.049	1	ZSCAN25	c12
0.00647766237907783	-0.472716018164242	0.023	0.035	1	ANKRD26	c12
0.034028008611209	-0.472654575407005	0.01	0.016	1	NECTIN3	c12
1.55409612574665e-07	-0.472620953519506	0.162	0.211	0.00521212758652912	SYPL1	c12
0.000611898581134305	-0.472615091994826	0.064	0.087	1	APEX2	c12
0.00670708028847792	0.472610339647018	0.037	0.026	1	KLF11	c12
1.65577113877448e-15	-0.47254659072184	0.333	0.414	5.55312524522186e-11	FMNL1	c12
0.00713318715779304	0.471814661171025	0.047	0.035	1	MAMLD1	c12
3.28077132495647e-05	0.471561197393456	0.096	0.071	1	PLOD3	c12
0.00167445392647473	-0.471485445765615	0.078	0.099	1	SUGP1	c12
2.21883891067219e-05	-0.471397551853466	0.12	0.155	0.74415419386124	YLPM1	c12
0.00037176821863599	-0.471335871777574	0.066	0.09	1	TULP3	c12
0.0731093256401775	-0.471331816562943	0.02	0.027	1	AC245060.5	c12
0.0232770789177317	-0.471209312390988	0.025	0.035	1	LETM2	c12
0.066968350820394	-0.47102833373836	0.015	0.021	1	CAMK2N1	c12
0.17176888749076	-0.470853469886062	0.01	0.014	1	NEU4	c12
0.000209829860892121	-0.470654241980648	0.058	0.082	1	ALYREF	c12
0.0247448874570122	-0.470299110794334	0.034	0.045	1	DUS1L	c12
1.1476694705964e-07	-0.470288726509696	0.133	0.181	0.00384905387048621	PLEKHO1	c12
1.6167550851222e-06	0.470201811872326	0.097	0.068	0.0542227320448283	HDAC7	c12
0.00163061820148324	-0.470069747617569	0.064	0.084	1	CCDC92	c12
0.00888298214012889	-0.469601439463545	0.028	0.04	1	PGAP2	c12
0.0844364976443203	-0.469505089804012	0.015	0.021	1	KHK	c12
0.650831213235127	0.469492702988813	0.012	0.011	1	TRBV15	c12
0.0150566284532211	-0.469076176078429	0.011	0.018	1	TRABD2A	c12
1.27733779720927e-09	-0.468727566530875	0.184	0.244	4.28393550428046e-05	ECH1	c12
0.000263366115653291	-0.468554491210221	0.059	0.083	1	SCAP	c12
0.277037643298128	0.468531284805411	0.023	0.02	1	AL392172.1	c12
0.0250293919177253	0.468513709756525	0.032	0.024	1	ZXDA	c12
0.0419135873507265	-0.468458040600859	0.033	0.043	1	ZNF480	c12
0.0949688836769724	0.468201611553196	0.012	0.008	1	SPRY2	c12
0.0619720837286448	-0.468100137444285	0.011	0.016	1	AC138150.1	c12
0.0190925413797773	-0.467953263024877	0.042	0.054	1	TRIM25	c12
0.0192709238870872	-0.467862080934686	0.032	0.043	1	SMYD4	c12
0.00182608943865871	-0.467743084682377	0.055	0.075	1	MPP7	c12
0.00058877589686966	-0.467595788979647	0.101	0.127	1	TCOF1	c12
2.8741128782439e-05	-0.467529227490308	0.13	0.165	0.963919977105438	THAP7	c12
0.000410559419631215	0.467167552433362	0.091	0.07	1	TAB3	c12
1.50013491831152e-05	-0.466733131814784	0.115	0.151	0.503115248903317	MTHFS	c12
7.9993096172232e-05	-0.466688167014333	0.08	0.109	1	MTR	c12
1.0916453330677e-10	-0.466482316891595	0.197	0.262	3.66116011804246e-06	REXO2	c12
3.21122535682697e-06	0.466221847895226	0.073	0.049	0.107698076017263	KLF9	c12
0.0152934556643922	0.466176517832644	0.027	0.019	1	MIR29B2CHG	c12
0.0148295393451324	-0.46601153539005	0.041	0.053	1	TRIM44	c12
0.0718835611222488	0.465454859251576	0.026	0.02	1	SPATA5	c12
2.2694841492209e-06	-0.46528104442899	0.132	0.173	0.0761139593965705	SLC25A1	c12
0.11336948493956	0.465279159186572	0.025	0.019	1	ERV3-1	c12
6.24691505342505e-05	-0.465271606313907	0.076	0.105	1	RNF168	c12
3.27256868405165e-15	-0.464895159272196	0.344	0.425	1.09755408525724e-10	PDCD6	c12
0.0236952319127914	-0.464494053058568	0.036	0.047	1	SIDT1	c12
0.00111399167854653	0.464489601575115	0.141	0.116	1	MYLIP	c12
2.03111668926086e-05	-0.46447607830502	0.105	0.14	0.681195915244307	EP400	c12
0.000109704995803908	0.464471701690316	0.077	0.056	1	ZNF143	c12
4.30976210457862e-20	-0.464312065714193	0.454	0.544	1.44540801463358e-15	RUNX3	c12
3.63037616262935e-05	-0.464202432693692	0.093	0.124	1	TRANK1	c12
3.01731793288102e-13	-0.464154013503061	0.283	0.358	1.01194808832964e-08	R3HDM4	c12
1.66830121481111e-08	-0.464097437128478	0.17	0.224	0.000559514861423348	XPC	c12
0.0850349530466526	0.464035338330508	0.029	0.023	1	DCLRE1B	c12
0.000218817225269192	-0.464025170784575	0.091	0.118	1	XPO6	c12
3.89654011813126e-05	0.463868041316042	0.123	0.095	1	GFI1	c12
0.0238332658432056	-0.46383658307296	0.016	0.024	1	PEX5	c12
0.0745941271376818	0.463648794567996	0.02	0.015	1	LENG9	c12
5.0026055670599e-07	-0.463597703780338	0.135	0.179	0.0167777385508055	MED27	c12
0.0503708780363136	-0.463526307356568	0.033	0.042	1	TTC13	c12
0.00239674826080184	0.463205785756057	0.069	0.053	1	PVT1	c12
0.0663069845723265	0.462766671761291	0.036	0.029	1	LMAN2L	c12
0.0371019189402492	-0.462684133343481	0.014	0.021	1	RTTN	c12
0.000106375965343481	0.462577116823041	0.075	0.055	1	NFKBID	c12
0.000522448794820708	-0.462526980743575	0.059	0.082	1	PSMG3	c12
0.0641721493484247	-0.462472975356863	0.021	0.028	1	SLC26A2	c12
8.54347181133837e-05	-0.462447074498078	0.141	0.175	1	FLT3LG	c12
1.47712797502732e-05	-0.462343889829471	0.124	0.16	0.495399180264663	CEBPB	c12
0.0939642792292381	-0.462271825435367	0.012	0.017	1	FAM86C1	c12
0.0226027326292301	-0.462188447832257	0.043	0.055	1	DBR1	c12
0.00186941985797933	-0.462183920791473	0.039	0.056	1	GRAMD4	c12
1.69175159994049e-06	-0.461677114738753	0.14	0.182	0.0567379651588043	PREB	c12
0.0096083841809667	-0.461636226546836	0.023	0.035	1	LIG3	c12
0.014075801733698	-0.46155990399693	0.046	0.059	1	CEP78	c12
0.00854110288171205	-0.461468376864438	0.076	0.093	1	KMT2B	c12
0.0018212459958055	0.461396784850198	0.077	0.06	1	PHF8	c12
0.0173302617268651	-0.46134852508923	0.033	0.045	1	MRI1	c12
0.0634269875197452	-0.461298007318501	0.017	0.023	1	DCAKD	c12
0.0265653486130779	-0.460522891247626	0.033	0.043	1	NOP9	c12
0.0160737550253346	-0.460338767142002	0.03	0.041	1	ATPAF1	c12
0.000152227482972052	-0.459966046173012	0.096	0.125	1	HCG18	c12
0.0869891969459558	-0.459926026914133	0.018	0.024	1	OTUD1	c12
1.20812767999484e-05	-0.459693689452097	0.104	0.14	0.40518186131667	MVB12B	c12
1.71670024035243e-05	-0.45968069286798	0.112	0.148	0.575746926609399	TRAV21	c12
0.061458022180092	0.459333826707637	0.029	0.022	1	C15orf53	c12
0.0573251294743056	-0.459156537393352	0.011	0.016	1	EPN2	c12
0.0464844992304736	-0.459140096127948	0.008	0.013	1	PTPDC1	c12
9.95469916688102e-05	-0.459014858316962	0.092	0.122	1	CDCA7	c12
0.0023190612471927	-0.458908640836851	0.022	0.035	1	DHX57	c12
0.0906206296386918	-0.458905495033779	0.012	0.017	1	WDR19	c12
4.03504396122036e-20	-0.458897593993868	0.357	0.46	1.35327304371408e-15	CARS	c12
0.070306696178697	-0.458880368354794	0.007	0.011	1	SLC19A1	c12
0.225701170661075	-0.458327681987217	0.009	0.012	1	DUSP7	c12
1.2670054659013e-22	-0.45829188323653	0.483	0.573	4.24928293153979e-18	ARHGAP9	c12
0.690383265474835	0.458019122454169	0.012	0.011	1	AP000787.1	c12
0.0414334024057777	-0.457916929404722	0.027	0.035	1	CARS2	c12
7.13443626594515e-12	-0.457738166036999	0.261	0.331	2.39274723487268e-07	CYC1	c12
0.00610277069074742	-0.457680277057086	0.032	0.045	1	GNL3L	c12
0.577396588135595	-0.457679489252018	0.009	0.01	1	KIFC3	c12
0.000450047481083089	-0.457433343275884	0.096	0.123	1	MPHOSPH6	c12
0.16979850038296	-0.457316952530717	0.018	0.022	1	HPGD	c12
0.0168906526677484	-0.457217706468171	0.025	0.035	1	ZFP14	c12
3.49189616968629e-09	-0.457160226850677	0.239	0.297	0.000117111213738939	MRPL43	c12
0.00198567285799715	-0.456744527130059	0.027	0.042	1	PCCB	c12
0.000403100396962857	-0.456737116212508	0.104	0.131	1	IL17RA	c12
0.201841444829079	-0.456683813654206	0.009	0.012	1	TRBV7-4	c12
0.00154005544868658	-0.45667833951919	0.07	0.091	1	POGLUT1	c12
0.00403806862637445	-0.456634325315058	0.047	0.064	1	SAAL1	c12
0.038748152673567	-0.456581370155341	0.027	0.036	1	OSBPL11	c12
0.00283433535367909	-0.456523773536345	0.046	0.063	1	GIMAP5	c12
0.00122042935955632	-0.456491832657544	0.074	0.096	1	MAU2	c12
0.0993595562403272	-0.456330214870232	0.034	0.042	1	C15orf39	c12
0.356270317291939	-0.456281390116245	0.013	0.016	1	EFNB1	c12
9.66965416189699e-09	-0.456073741339594	0.164	0.218	0.000324300861281701	RPS6KB2	c12
0.0498914770379826	-0.456055580073406	0.028	0.036	1	PHF2	c12
0.0118549955246013	-0.456011454369225	0.022	0.032	1	ZSCAN21	c12
0.0773260189645698	-0.455272849740386	0.025	0.032	1	UNC119B	c12
1.04971765908409e-06	-0.455192895904554	0.19	0.235	0.0352054308503622	PACSIN2	c12
3.75567415813647e-05	0.454875436865037	0.082	0.059	1	FRS2	c12
1.25497719655967e-13	-0.45470341282792	0.358	0.429	4.20894252182184e-09	ARID5A	c12
0.00241684324727071	-0.454611413317084	0.063	0.083	1	SAMD4B	c12
6.60324617490812e-10	-0.454336903748818	0.245	0.307	2.21459670214069e-05	TMEM123	c12
0.437586892036338	0.454262063707223	0.013	0.011	1	AL162231.1	c12
0.017023495631333	-0.454251803892626	0.03	0.041	1	TOP2A	c12
4.70229975644716e-05	-0.454167709346344	0.118	0.151	1	CDC34	c12
0.000392602413040086	-0.454104568816274	0.079	0.104	1	ACBD6	c12
0.0785835906875031	-0.453675267706844	0.014	0.02	1	LRRC45	c12
0.000280463285295251	-0.453553307458398	0.088	0.116	1	RUBCN	c12
0.643585244934537	0.452981765602001	0.011	0.01	1	TIGD6	c12
0.0015688048670966	-0.452898230290715	0.043	0.06	1	WDTC1	c12
0.0155650346411612	0.45256999939171	0.023	0.016	1	ARSB	c12
7.51606351835174e-06	0.452379076516475	0.094	0.068	0.252073738278481	CARD11	c12
0.000826836417275268	-0.452368216876942	0.078	0.102	1	NCSTN	c12
6.64311407449062e-06	-0.452214340246122	0.142	0.182	0.222796759830266	MPC1	c12
2.47854451847146e-05	-0.452202506183585	0.094	0.128	0.831254260604957	MRPL46	c12
5.79990807227641e-06	-0.451955345016413	0.135	0.175	0.194517316928006	GPS1	c12
0.365139194370642	0.451729931376803	0.014	0.012	1	TMSB15B	c12
4.0048349692672e-10	-0.451626473652086	0.26	0.322	1.34314155199284e-05	FAM118A	c12
4.04828382576205e-09	-0.45141291959309	0.189	0.248	0.000135771342948408	LSM5	c12
0.0304588922760805	0.451356711586753	0.025	0.018	1	EARS2	c12
2.40250498392123e-07	-0.451324477888737	0.201	0.248	0.00805752121507503	ANKRD13D	c12
0.165285692527699	-0.451249543192393	0.026	0.032	1	VILL	c12
0.0444399525893665	-0.45119317391677	0.01	0.016	1	AC009403.1	c12
0.0315626451688577	-0.451112167192405	0.025	0.034	1	EFCAB2	c12
0.00381319662945177	-0.451107730053588	0.025	0.038	1	PARG	c12
4.93078312170804e-14	-0.45092722147961	0.273	0.355	1.65368604335844e-09	KDELR2	c12
0.0240171172299953	-0.450822827009456	0.028	0.038	1	CCZ1	c12
5.34392294958893e-17	-0.450769337698559	0.416	0.504	1.79224487883313e-12	SRRM2	c12
0.00111541364471267	-0.450632801102697	0.068	0.09	1	GRK6	c12
8.46765025413492e-07	-0.450571410134893	0.13	0.174	0.0283988054223177	EIF2B4	c12
0.000895407146580747	-0.450543841323753	0.119	0.144	1	HEXIM1	c12
0.121660544590404	0.450442569419382	0.025	0.02	1	AC018816.1	c12
7.83192104210399e-05	0.450282578015755	0.088	0.065	1	INTS6L	c12
1.34123175180303e-05	-0.450159423706134	0.114	0.15	0.449822304919699	PRDX2	c12
0.0159955561985974	-0.450087473652288	0.013	0.022	1	PIGK	c12
4.79787758058795e-05	-0.44935129694086	0.077	0.107	1	BCKDHA	c12
0.198592824045549	-0.449251124808434	0.013	0.017	1	ZNF823	c12
3.52510972233862e-06	-0.449237557920436	0.131	0.171	0.118225129867793	RBM48	c12
1.11774950401761e-05	-0.449217739542438	0.139	0.176	0.374870828657424	SNRPN	c12
1.10831381555501e-05	-0.449213256096904	0.133	0.172	0.371706287460838	METTL17	c12
1.73837805234279e-06	-0.449079865275149	0.108	0.149	0.0583017231194727	MRPL3	c12
5.85907023187213e-05	-0.448781650938381	0.072	0.101	1	RPUSD3	c12
0.156644728399364	-0.448764110303776	0.014	0.019	1	SSH3	c12
0.000789669137864576	-0.448697017329846	0.077	0.1	1	CCDC66	c12
0.0153929805668281	-0.448476026855951	0.033	0.044	1	SETD6	c12
0.00457290253400931	-0.448254712467162	0.059	0.077	1	ZC3H7B	c12
0.0202365137108539	-0.448071249473232	0.021	0.031	1	WWOX	c12
0.0702032264980581	-0.448067819055941	0.018	0.024	1	SLC27A3	c12
2.66273467332177e-05	-0.447981496585297	0.081	0.112	0.893027954738655	DRG2	c12
0.0398158341306889	0.447968424186921	0.028	0.021	1	AL450998.2	c12
0.02727274477704	0.44789248828546	0.051	0.041	1	KMT2E-AS1	c12
0.0109755950402339	-0.447686428455291	0.044	0.058	1	ZNF282	c12
0.000255625498547199	-0.447684090093046	0.082	0.109	1	DCAF15	c12
0.00305610143509367	-0.447631532434888	0.064	0.082	1	ILVBL	c12
0.00988585307407946	-0.447611463784427	0.047	0.062	1	IFT43	c12
0.00542983441935057	-0.447284025353344	0.061	0.079	1	PRPSAP2	c12
0.168107807045926	0.446994915795265	0.012	0.009	1	AL358333.3	c12
0.172177108354484	0.446908397439936	0.01	0.007	1	MICALL2	c12
0.0169701084126426	-0.446810542912695	0.029	0.04	1	TAF6L	c12
6.52623178595802e-05	-0.446580872496835	0.08	0.11	1	DDX41	c12
0.00274243658521623	-0.446206178506257	0.059	0.077	1	ATXN7L1	c12
6.10582788650754e-08	-0.446176579183464	0.175	0.228	0.0020477725565769	MAZ	c12
0.118186407950682	-0.446112888207859	0.013	0.018	1	MFSD3	c12
0.0492439907831007	-0.445585105042555	0.038	0.047	1	STK11	c12
2.18252331790996e-08	-0.445405323040016	0.17	0.224	0.000731974670360642	RCAN3	c12
0.0454415645959686	0.44538863676613	0.033	0.026	1	RHBDD3	c12
9.19571833770609e-05	-0.445299657808785	0.078	0.107	1	VPS39	c12
1.66485270836741e-05	-0.444959931404189	0.119	0.155	0.558358301332261	ZNF511	c12
0.00223634666093946	-0.444521034039212	0.062	0.082	1	ANAPC4	c12
0.006448598342845	-0.444092228340229	0.051	0.067	1	SDCCAG8	c12
0.000289574921129824	-0.444035945517583	0.1	0.127	1	EIF2B1	c12
1.79770320631402e-20	-0.443513132373805	0.463	0.551	6.02913701333595e-16	SELPLG	c12
0.00348458648147002	-0.443480678110546	0.067	0.086	1	SNRNP25	c12
5.28830764327415e-05	-0.443341920874768	0.084	0.115	1	ACTL6A	c12
1.3513785090974e-42	-0.443255635137074	0.71	0.8	4.53225324381086e-38	FYN	c12
0.0557711934535482	-0.443201649172704	0.013	0.02	1	TMEM116	c12
0.0920489435281808	-0.44297325462033	0.025	0.031	1	NOL6	c12
0.0595345784567734	0.44296097599185	0.03	0.023	1	OTUD3	c12
0.000107605537985223	-0.442940343422422	0.094	0.124	1	SEC16A	c12
0.0120075358442187	-0.442932690678962	0.031	0.043	1	SMARCAL1	c12
0.0999878849253954	-0.442744089139554	0.025	0.031	1	ZNF649	c12
0.000333640505583067	-0.442717385539998	0.095	0.122	1	TRIM11	c12
0.104413221400598	-0.442597950020918	0.02	0.026	1	TRUB1	c12
1.5175335212966e-05	-0.44244538106106	0.132	0.169	0.508950392372454	ARRDC1	c12
1.48248319495328e-05	-0.442230674793247	0.171	0.209	0.497195213923431	FAM53B	c12
0.00748303899701999	-0.442178263476813	0.053	0.069	1	SH2B1	c12
0.33257873738088	-0.442177752268877	0.01	0.012	1	C1orf162	c12
9.14521585832117e-06	-0.442143017060436	0.134	0.173	0.306712249456375	GRHPR	c12
7.90475912108322e-07	-0.442066424633465	0.135	0.179	0.0265109811402889	IKBKG	c12
0.000643569836763307	-0.442031256935032	0.063	0.085	1	KIAA0513	c12
8.98610267899965e-05	-0.442028167508018	0.104	0.135	1	LMNB1	c12
0.0452052331620938	0.441941310202798	0.017	0.012	1	TRAV35	c12
3.669800860813e-05	-0.441940034907706	0.106	0.139	1	CALHM2	c12
0.433277054869201	0.441712204467116	0.014	0.012	1	MINCR	c12
0.130951608092023	-0.441687606243648	0.025	0.031	1	YPEL1	c12
1.49290037551601e-21	-0.441413752221932	0.564	0.635	5.0068892794056e-17	SH2D2A	c12
5.28563594616474e-05	0.44137613700404	0.147	0.118	1	RAPGEF6	c12
0.00459304484227834	-0.441348469589438	0.03	0.043	1	MRPL30	c12
0.000204165013572627	0.441261842513641	0.102	0.079	1	TPX2	c12
9.93597936533227e-08	-0.441259388668181	0.193	0.245	0.00333232875954514	ZC3H18	c12
0.000896645487892234	-0.441143688834556	0.036	0.054	1	CYB561A3	c12
0.0497516137621721	-0.441026353788882	0.012	0.018	1	MSANTD3	c12
0.00266318630351173	-0.440993485959872	0.029	0.043	1	PDGFA	c12
0.00158082270554589	-0.440780666320255	0.043	0.061	1	AKIP1	c12
0.0295752025258426	-0.440721218560598	0.029	0.039	1	TRIT1	c12
0.000314750414556328	-0.440599920224422	0.075	0.101	1	TRAPPC5	c12
0.00193483283223542	-0.44047780847865	0.065	0.085	1	PPIL3	c12
0.493822078516962	0.440457131847858	0.01	0.009	1	IL15	c12
4.31701114746767e-16	-0.440263061994316	0.396	0.472	1.44783919863771e-11	TECR	c12
0.000741891057473898	-0.440164607102598	0.09	0.115	1	BRD1	c12
1.36639194160776e-05	-0.44008644826898	0.096	0.131	0.458260529376409	PDE6D	c12
0.108954718668864	0.439969705870275	0.015	0.011	1	PLCH2	c12
0.026497779027661	-0.439818955257243	0.037	0.048	1	EXOSC2	c12
4.76391454124768e-05	-0.439789474748123	0.099	0.131	1	ABHD16A	c12
0.00175635124707809	0.439654723916996	0.059	0.044	1	JAZF1	c12
0.000122941225254918	-0.439623508983008	0.122	0.153	1	DUSP16	c12
0.0805578232724542	-0.439447477364027	0.013	0.019	1	ARMCX5	c12
0.00777727295185726	-0.439362265136491	0.055	0.071	1	LFNG	c12
0.00148682822824547	-0.439351705240207	0.046	0.064	1	GXYLT1	c12
0.00784010910460922	-0.439138772026345	0.043	0.057	1	FAM78A	c12
0.0823192721172763	-0.439134826293375	0.011	0.016	1	CCDC189	c12
8.81461639976857e-05	0.4390831677799	0.144	0.116	1	EIF1AD	c12
2.38722958988091e-06	0.438965811252502	0.162	0.127	0.080062905985426	CASP7	c12
4.64340419810894e-39	-0.438905287767189	0.815	0.862	1.55730489996178e-34	IFITM1	c12
1.43001341115678e-07	-0.438867164647407	0.181	0.233	0.00479597897833762	SSRP1	c12
0.000137773189916888	-0.438840520609519	0.124	0.155	1	ABTB1	c12
0.0189954153057853	-0.438707306204494	0.031	0.043	1	MIGA2	c12
0.0159074600445707	-0.438676737288382	0.054	0.068	1	PPA2	c12
0.0808386564191326	-0.438667063068809	0.043	0.052	1	TRAV9-2	c12
0.0254241497185797	0.438647780355724	0.031	0.023	1	AFAP1L2	c12
0.0544901507777723	-0.438617183006516	0.018	0.025	1	BORA	c12
0.602846518660205	0.438527286691198	0.011	0.01	1	NAGLU	c12
0.000609953662024651	0.438512994691465	0.084	0.065	1	CCDC141	c12
0.127386731961494	-0.438332522426925	0.011	0.015	1	PGLYRP2	c12
0.0410874898026344	-0.438210922229425	0.03	0.039	1	PGAP1	c12
0.000795821408788664	-0.438205329882874	0.071	0.094	1	SLC44A2	c12
0.0730911056132319	-0.437983352228892	0.017	0.023	1	IFT74	c12
3.65091413747735e-06	-0.437754673937881	0.143	0.184	0.122444358342715	SDAD1	c12
0.00105949471476588	-0.437655523739692	0.083	0.106	1	ELK1	c12
0.000710215624370082	-0.437587423597853	0.081	0.105	1	ST6GALNAC4	c12
0.0242408952765925	-0.437487415581302	0.036	0.047	1	RNF123	c12
0.0152615669396082	0.437330371432491	0.035	0.026	1	FLCN	c12
0.00243801882705085	-0.436942588583446	0.085	0.106	1	FBXO9	c12
2.03395841007134e-10	-0.436913730716015	0.254	0.321	6.82148971569727e-06	BUD23	c12
0.00942963955624631	0.436867565170793	0.076	0.062	1	ACTA2	c12
0.0166527595867884	0.436797580759264	0.046	0.035	1	IFNLR1	c12
0.0937094065485236	-0.436772724122624	0.006	0.01	1	ZNF90	c12
2.00411782436818e-13	-0.436770876597227	0.39	0.456	6.721410359366e-09	AP2M1	c12
0.00354441014689723	-0.436308074830827	0.041	0.057	1	ENOSF1	c12
0.0279741523873286	-0.436182724716288	0.021	0.03	1	NAGA	c12
0.0711240223759831	-0.436126543447936	0.014	0.02	1	ZKSCAN4	c12
0.00484633447349418	-0.435793430068108	0.033	0.047	1	TEFM	c12
2.99883039339575e-07	-0.435680606508354	0.184	0.233	0.0100574773733707	FBXW5	c12
0.000548266119504115	-0.435277236020656	0.043	0.063	1	MAPKAPK3	c12
0.000882605388433798	-0.435254058867866	0.061	0.082	1	SMYD2	c12
0.149726503473113	-0.435217290192933	0.009	0.012	1	NEK8	c12
0.230504098584594	-0.43493462212762	0.012	0.015	1	ZNF565	c12
0.000109824408634648	-0.434891539957932	0.106	0.137	1	ARMC10	c12
0.0753411347181248	-0.434882207064015	0.046	0.056	1	ZNF585A	c12
0.00291382046375976	-0.434728586936461	0.053	0.071	1	CCDC126	c12
6.25291628536041e-11	-0.434555913147179	0.249	0.318	2.09710306378417e-06	MESD	c12
0.155600827189793	-0.434458986716567	0.027	0.033	1	HIST1H2AG	c12
0.0294354087063714	0.434371041029725	0.082	0.07	1	N4BP2	c12
7.8783564990862e-05	-0.434303475048206	0.114	0.146	1	UFSP2	c12
0.000314858003323247	-0.434148610658237	0.068	0.093	1	CASP2	c12
0.000282001386675549	0.43409381289919	0.062	0.045	1	OGFRL1	c12
0.0614585420006502	-0.4340814258925	0.022	0.029	1	USP28	c12
0.0125934842194142	-0.433999064234765	0.05	0.064	1	ATAD3B	c12
1.11969397946349e-06	-0.433908542505834	0.14	0.183	0.0375522966832464	MRPL55	c12
7.10139327795028e-05	-0.433867182580638	0.091	0.122	1	HDDC2	c12
0.0329761116861922	-0.433737033999013	0.041	0.052	1	ERGIC1	c12
0.000402561680600739	0.433046167114916	0.106	0.083	1	C2orf69	c12
1.1165727771653e-23	-0.433039213577094	0.545	0.636	3.74476178005698e-19	MT-ND6	c12
0.0181963550959386	-0.432994984235216	0.02	0.03	1	CETN3	c12
0.0610180590396012	-0.432804415128387	0.018	0.025	1	FOXO4	c12
0.352361156391997	0.432757071811895	0.011	0.009	1	ZSWIM4	c12
0.0336951053924277	-0.432252876355734	0.021	0.03	1	LIAS	c12
1.14107495321487e-19	-0.432083780898772	0.513	0.588	3.82693717809202e-15	CIB1	c12
8.59890305259406e-30	-0.432056956599693	0.611	0.695	2.883900105779e-25	GUK1	c12
0.12762067273966	0.431823452779828	0.014	0.011	1	DMGDH	c12
0.103734131126166	0.431816797184428	0.03	0.025	1	MLLT11	c12
5.09184201367407e-05	-0.431551091833387	0.104	0.136	1	PRPF4	c12
0.284039626806265	0.431451301306046	0.021	0.018	1	AC004812.2	c12
0.00858687680040865	-0.431333571387277	0.044	0.059	1	NEK4	c12
1.05613252703386e-12	-0.431265172644386	0.387	0.454	3.54205726916618e-08	USP11	c12
7.98345681689441e-05	-0.431041577988931	0.117	0.149	1	ENO2	c12
0.0724390691731365	0.431012562795819	0.041	0.033	1	SLC39A10	c12
2.51314635862763e-09	-0.430878592878304	0.337	0.393	8.42859025756535e-05	CHST12	c12
0.000960459524161556	-0.430861272524894	0.094	0.119	1	CYTH4	c12
0.230939217739532	-0.430843865343657	0.011	0.014	1	ZNF852	c12
6.09192992683165e-05	-0.430827009495832	0.096	0.127	1	CYB561D2	c12
0.818423416707895	-0.430803940385194	0.009	0.01	1	MICU3	c12
0.0169398779388281	0.43079932254608	0.034	0.025	1	ARMC2	c12
0.0799057579653623	-0.430790930472119	0.028	0.036	1	ARID3A	c12
1.42780734167014e-07	-0.430742873808325	0.194	0.245	0.00478858026249331	UBA1	c12
0.391725988044581	0.430611534824241	0.017	0.015	1	AL139260.1	c12
0.000109669081890885	-0.430528958126691	0.125	0.157	1	PELP1	c12
2.58378185806394e-05	-0.430292149938007	0.096	0.129	0.866548759557485	RAB3GAP1	c12
0.101546378634945	-0.430242340973805	0.016	0.022	1	TIRAP	c12
0.000253266898722849	-0.430201338949062	0.091	0.118	1	GPR68	c12
0.0351879398086692	0.429980604219757	0.046	0.037	1	GZF1	c12
6.25775818647764e-06	0.429724292677539	0.055	0.035	0.209872694058087	TRAV1-2	c12
0.205415737762837	-0.429694328741019	0.013	0.017	1	ABTB2	c12
0.00685587382080992	-0.429679816805794	0.043	0.058	1	ELP1	c12
0.267052760082536	-0.429669712800774	0.017	0.02	1	HS6ST1	c12
0.000288559997885127	-0.429660165499811	0.078	0.105	1	CCDC43	c12
0.109488957062443	-0.429644088972441	0.026	0.032	1	TPPP	c12
0.00195702388686448	-0.429557259610332	0.071	0.092	1	BAP1	c12
0.297681525146425	0.429474488428896	0.011	0.009	1	ZNF441	c12
0.00167006575671256	-0.429470660724323	0.059	0.078	1	VGLL4	c12
0.0126616808275306	-0.429469690016952	0.051	0.065	1	CLIP4	c12
1.37164925272955e-14	-0.429416317103671	0.396	0.474	4.60023726380437e-10	LDLRAD4	c12
7.69871878563136e-07	-0.429396626074747	0.158	0.204	0.0258199630632505	ZDHHC12	c12
0.104564933282535	-0.429390895248352	0.015	0.02	1	ZNF761	c12
0.0104306489614742	-0.429288031313727	0.057	0.072	1	ANKFY1	c12
0.08890772680525	-0.429126732333853	0.013	0.019	1	SLC26A6	c12
0.0191636719228342	-0.428900359181315	0.043	0.056	1	POLR1A	c12
0.0062841073727253	-0.428788118861585	0.039	0.054	1	ISOC2	c12
0.0120500492198225	-0.428775164511956	0.045	0.058	1	IDH1	c12
0.0436795396281238	-0.428387366095009	0.028	0.037	1	FAM200A	c12
0.002871349446014	-0.428295066983762	0.045	0.062	1	TAMM41	c12
0.000620569243430214	-0.428136221314093	0.059	0.081	1	LAS1L	c12
0.000304122734228111	-0.427771504628286	0.078	0.104	1	ALG3	c12
0.307252310096226	-0.427751721385994	0.014	0.017	1	PARD6B	c12
0.00241263425809967	-0.427741443939401	0.082	0.103	1	DPH1	c12
1.60943701186424e-15	-0.4275583106176	0.386	0.467	5.39772985039029e-11	ERP29	c12
0.0164518334044916	-0.427540538924592	0.038	0.051	1	POLR3A	c12
0.337709640131847	-0.427535510655141	0.007	0.01	1	GSTCD	c12
9.94687000477423e-06	-0.426852828989078	0.118	0.156	0.333598126220118	TOMM40	c12
0.0938405477619641	0.426842342253546	0.013	0.009	1	EPS8	c12
0.00907746284103159	-0.426438033768879	0.045	0.06	1	VKORC1L1	c12
0.0607231642184856	-0.426343211427343	0.017	0.024	1	PABPC1L	c12
0.581501503250486	-0.426177956470457	0.009	0.01	1	ADTRP	c12
0.000291131237049948	-0.426097917741453	0.103	0.132	1	APEH	c12
0.00216079888269803	-0.426006486988512	0.074	0.095	1	TMEM203	c12
0.0498756327234226	-0.425933888544374	0.013	0.02	1	KBTBD6	c12
0.00983600712714851	-0.425923827025368	0.063	0.08	1	PLEKHG2	c12
0.168653948856641	-0.425862393285358	0.009	0.012	1	ATP11A	c12
4.70705637327595e-123	-0.425858213002806	0.998	0.999	1.57865256646929e-118	PTMA	c12
1.14177164554051e-05	-0.425774358900834	0.157	0.197	0.382927374481375	NXF1	c12
9.23956679790336e-10	-0.425763939236157	0.319	0.374	3.09876591268083e-05	SEPT9	c12
0.0774050097051659	-0.425553251852982	0.039	0.048	1	SCUBE1	c12
0.325161037289418	0.425480577891556	0.025	0.022	1	APTR	c12
0.191079556395658	-0.425231608092602	0.017	0.021	1	MFAP3	c12
9.74674230643509e-07	-0.425160937394336	0.15	0.194	0.032688624347322	LSM4	c12
2.35669838438846e-06	0.424848451219181	0.163	0.127	0.0790389504156203	ARHGEF3	c12
0.0683172940626435	-0.424790798135312	0.02	0.027	1	ZNF773	c12
0.123046045675657	0.424764067278757	0.036	0.03	1	GAMT	c12
0.0269583631027781	-0.424737884706209	0.031	0.041	1	AC021188.1	c12
0.0199307371918996	-0.424507668316589	0.033	0.044	1	DRAIC	c12
0.00329126516633992	-0.424475847523552	0.078	0.098	1	DDHD2	c12
0.000981343825305092	-0.424405772060783	0.071	0.093	1	PRCP	c12
2.1496759236053e-05	0.424293829853213	0.145	0.114	0.720958311258746	REC8	c12
0.000104033248160109	-0.424183493356161	0.154	0.186	1	PDIA4	c12
5.02705928776619e-07	-0.424103556731241	0.23	0.277	0.0168597514393103	ARHGAP45	c12
4.43697941507259e-12	-0.423726115797945	0.344	0.412	1.48807415622705e-07	FAM102A	c12
0.647942821973624	-0.423721606771968	0.018	0.016	1	TRBV6-1	c12
0.0486236730025824	-0.423518223326868	0.023	0.032	1	GTPBP3	c12
0.0354973401050731	-0.423215183179078	0.028	0.037	1	KIAA0586	c12
0.00421141809375003	-0.42299714357751	0.061	0.079	1	TRMU	c12
0.0392908259223478	-0.422957446623474	0.019	0.026	1	REPIN1	c12
0.0322020439899611	-0.422253205924538	0.022	0.031	1	LLGL1	c12
0.0273426236101039	0.422236421324124	0.036	0.028	1	JAKMIP2	c12
0.00179191935298927	-0.422105747331752	0.07	0.091	1	BOP1	c12
0.000270018622471165	-0.421861538370225	0.134	0.165	1	TFPT	c12
0.428925886194521	-0.421791953663429	0.011	0.013	1	FAM222A	c12
0.0893996790789126	-0.421507450013055	0.023	0.03	1	TMEM186	c12
0.00376052174478891	-0.421452735570402	0.033	0.047	1	FAM131A	c12
0.275457210102984	-0.421284730377803	0.012	0.015	1	AC099063.4	c12
3.83279296305841e-05	-0.421221329345446	0.124	0.159	1	ALG5	c12
0.145084740748969	-0.421025108782262	0.006	0.01	1	DHRS11	c12
0.128745908612152	-0.420805803861401	0.026	0.032	1	CCZ1B	c12
0.00955291292180142	-0.42070588501347	0.051	0.066	1	AHCYL1	c12
1.85219526357326e-05	-0.420666328502612	0.081	0.113	0.621189247497199	UCHL5	c12
3.90830777951962e-72	-0.420458511171534	0.975	0.989	1.31076826309529e-67	MT-CO3	c12
0.0619797145093224	-0.420406747675719	0.018	0.025	1	AC005332.5	c12
0.000905981851851633	-0.420201343939264	0.046	0.065	1	DHDDS	c12
0.0411546618834706	0.420169595902728	0.041	0.033	1	HEATR5A	c12
0.00140188578591577	-0.420126549123542	0.068	0.089	1	MDP1	c12
0.00124312357000861	-0.419127028788684	0.029	0.045	1	MIS18A	c12
0.000665889706590043	-0.418995894162541	0.153	0.18	1	MIDN	c12
0.000516280776287528	-0.41876565193112	0.075	0.099	1	FBXO25	c12
0.00655716743839532	0.418528052684787	0.098	0.081	1	TTF2	c12
0.229218169494399	0.418473750127596	0.011	0.009	1	AL117332.1	c12
4.0373157431277e-05	-0.418267857121661	0.136	0.171	1	CTDNEP1	c12
0.0657605707174967	0.418265678702263	0.023	0.017	1	TRAV3	c12
2.66602101428738e-05	-0.418138548808599	0.13	0.166	0.894130127771701	BANP	c12
0.0210835885556455	0.418127567725537	0.05	0.039	1	NDUFV2-AS1	c12
2.97853527175895e-07	-0.418122720287393	0.257	0.304	0.00998941159442518	CARHSP1	c12
0.0411184993050547	-0.418089867559292	0.01	0.016	1	DBT	c12
0.00100618765439641	-0.417876946465832	0.072	0.095	1	SPATA33	c12
0.0366822890334212	-0.41781553317894	0.014	0.022	1	LYPLAL1	c12
3.01816070763139e-06	-0.417766336546293	0.189	0.233	0.101223073812542	PREX1	c12
0.0453758125106503	0.417669126953465	0.046	0.038	1	OTUD7B	c12
0.00160481234822635	0.417630073765785	0.085	0.067	1	IL15RA	c12
0.00107738785936888	-0.417579513464767	0.084	0.108	1	UBE2Q1	c12
1.65279774389924e-05	-0.417300953940058	0.138	0.176	0.554315307348927	TGIF2	c12
6.3521915780134e-12	-0.417251691810323	0.319	0.388	2.13039801143413e-07	RANBP1	c12
0.00130011536941689	-0.417239990552261	0.068	0.089	1	DNAJC17	c12
0.0207648530003056	-0.417158566978576	0.019	0.028	1	TRBV12-4	c12
0.0113875579503802	-0.417031688965975	0.04	0.053	1	ARHGAP27	c12
0.00134335455727258	-0.416828675113	0.081	0.104	1	NDUFV3	c12
0.0123884824883853	-0.416815448055353	0.041	0.054	1	LINC00662	c12
0.000130650473921293	0.416797847736087	0.087	0.064	1	ABCA2	c12
0.00416701001032668	-0.416793165802896	0.044	0.06	1	TMBIM4	c12
3.95412431257289e-05	0.4167719231393	0.176	0.144	1	H2AFJ	c12
9.32351093846594e-16	-0.416768701440734	0.342	0.431	3.12691909854271e-11	CLTB	c12
0.184670995084806	-0.416421140755095	0.02	0.025	1	PIGV	c12
0.00524145962703223	0.416340241072553	0.016	0.01	1	TRBV12-5	c12
0.173790622923889	-0.416307354755435	0.025	0.03	1	TGFBRAP1	c12
0.0259472482936362	-0.416255079268753	0.034	0.045	1	PATZ1	c12
0.0862292670155645	-0.416202484631272	0.023	0.03	1	CLN8	c12
2.46352013760738e-05	0.416117047766633	0.159	0.127	0.826215383750762	CCNB1IP1	c12
2.96559342894412e-05	0.416105198007994	0.127	0.099	0.994600724199277	PKNOX1	c12
0.0584439407267655	-0.416036721544299	0.023	0.031	1	SMN2	c12
6.30392593493641e-10	-0.415999178388804	0.28	0.344	2.11421068005897e-05	RBBP7	c12
0.0381197797882075	-0.415985083241495	0.027	0.036	1	UBN2	c12
0.00671742139448648	-0.415941865380107	0.041	0.055	1	RETSAT	c12
0.0167372530117559	0.415934944692872	0.051	0.04	1	KLRC4	c12
0.501704153133338	0.415915288568557	0.012	0.01	1	ADARB2	c12
0.00878150321087153	-0.415849182663463	0.074	0.091	1	CAAP1	c12
0.00666154419391524	-0.415816867041146	0.035	0.048	1	ZNF414	c12
9.8290768917231e-09	-0.415809861158069	0.27	0.327	0.000329647580794609	MT1F	c12
0.0201590058898476	-0.415711758991034	0.041	0.053	1	KIAA2013	c12
0.00024378243403971	-0.41536916859519	0.085	0.113	1	SMIM19	c12
0.0291347998459981	-0.41525583404002	0.028	0.038	1	NUDT19	c12
0.142920330090232	0.415214112064925	0.027	0.022	1	KDELC2	c12
0.00422423858454088	-0.414911340268421	0.054	0.071	1	KANSL3	c12
0.00427830445152113	-0.414659701974927	0.032	0.046	1	SWI5	c12
2.90792517978082e-05	-0.414596399690284	0.204	0.241	0.975259946794893	TLK1	c12
0.0633116790181621	-0.414567097908909	0.024	0.032	1	PLD2	c12
0.209862461927483	0.414475027782955	0.016	0.013	1	GATB	c12
0.0679545965382528	0.41445355780317	0.025	0.019	1	CD274	c12
0.00580249822639084	0.414376616625612	0.054	0.041	1	AC006369.1	c12
0.00671573605354925	-0.414028516888298	0.039	0.054	1	HMG20A	c12
0.193947906784291	-0.41389542849838	0.016	0.02	1	PWP2	c12
9.88561411142736e-08	-0.413670253634814	0.246	0.297	0.00331543726069051	SHISA5	c12
1.36266152446259e-05	-0.413564954617647	0.183	0.223	0.457009422074263	C1orf35	c12
0.0202893715406052	-0.413516710109075	0.022	0.032	1	HSDL2	c12
0.107313464285138	-0.413399840636269	0.015	0.021	1	SHLD3	c12
7.13334318294911e-05	-0.413337605578769	0.094	0.125	1	PRKDC	c12
0.0012447973724714	-0.413099780083842	0.072	0.094	1	PYM1	c12
0.0770803700003678	0.413086270496881	0.035	0.028	1	ZNF846	c12
3.05329764020129e-06	-0.412909305267165	0.172	0.216	0.102401496257071	PPCS	c12
0.000608956516037143	0.412850945392527	0.095	0.074	1	ODF3B	c12
0.0143041783872469	-0.412732707991491	0.062	0.077	1	PRKCB	c12
0.000125524803351137	0.412663779990675	0.07	0.05	1	AC007384.1	c12
0.708945863182936	0.41259061230123	0.015	0.014	1	ZNF563	c12
0.0299885875571702	-0.412566192023168	0.027	0.037	1	HIST1H2BN	c12
0.0996011445223697	0.412470746047543	0.023	0.018	1	PBX3	c12
0.00168221161756332	-0.412403885329563	0.079	0.101	1	UROD	c12
0.000627287457412357	-0.411965751879297	0.055	0.077	1	CDIP1	c12
0.00230274520303004	-0.41193278960524	0.06	0.079	1	SGCB	c12
0.00614594842217214	-0.411790184592292	0.041	0.056	1	NSUN4	c12
8.14899912525184e-14	-0.411728013548296	0.791	0.822	2.73301132662696e-09	ZFP36	c12
0.0304991210590773	-0.411699234586206	0.021	0.03	1	VNN2	c12
0.0417766544657292	-0.411508312426971	0.056	0.068	1	MATK	c12
0.0848405207089334	0.411495938002767	0.037	0.03	1	CEP97	c12
0.0205598652161689	0.411351551793053	0.046	0.036	1	DGKH	c12
0.0017063376675257	-0.411335522875267	0.033	0.049	1	TSPOAP1-AS1	c12
0.243273212141745	0.411107430159511	0.044	0.039	1	FIGNL1	c12
0.00579255154580138	-0.410913758829816	0.046	0.061	1	COQ6	c12
1.89977298056881e-60	-0.410837101971479	0.971	0.988	6.37145862223168e-56	MT-CYB	c12
0.345626151763161	-0.410669580481389	0.007	0.01	1	EEF1AKMT1	c12
0.0520650453364293	-0.410656162446192	0.013	0.019	1	NTHL1	c12
4.18647647683731e-07	-0.410356473107871	0.214	0.262	0.014040604808017	EMC10	c12
0.50830764599707	0.410050278875585	0.015	0.013	1	AL139011.1	c12
0.0372101069994864	-0.409747096295718	0.042	0.053	1	THAP5	c12
0.406298180447521	0.409207679894288	0.01	0.008	1	DLGAP3	c12
6.23512794732527e-06	0.409034433743195	0.155	0.121	0.209113721097395	MDM2	c12
5.52075783606918e-06	-0.408864199460944	0.179	0.222	0.185155176306088	NUBP2	c12
0.000318358745647882	-0.408812935294194	0.098	0.126	1	SDR39U1	c12
0.0385420883688774	-0.40870205750885	0.023	0.031	1	PSTK	c12
0.271031945110668	-0.408683950023841	0.013	0.016	1	TRGV8	c12
0.0273426255851338	-0.40853956891747	0.036	0.047	1	MTFR1L	c12
1.50453958821575e-05	-0.408504373470159	0.115	0.152	0.504592487095797	MRPL38	c12
2.60614534219289e-05	-0.408411188135788	0.192	0.23	0.874049024864651	CERS2	c12
0.333580607568005	-0.408281970122482	0.007	0.01	1	TTLL11	c12
0.024969428459819	-0.408244272177167	0.07	0.084	1	ATP9B	c12
0.00795987579151813	0.408215818047255	0.045	0.034	1	SNX8	c12
0.160634454733024	-0.408183480069044	0.02	0.025	1	ZNF75D	c12
0.000545704236922788	-0.408122785338273	0.077	0.102	1	NME6	c12
0.155562936173535	-0.407912869395173	0.01	0.013	1	PLEKHB1	c12
1.7126615699164e-05	-0.407833367895075	0.13	0.167	0.574392437318561	UPP1	c12
0.0119546129636347	-0.407826948672291	0.038	0.051	1	IRAK1	c12
0.000963825700136493	-0.407782996108659	0.059	0.081	1	THOP1	c12
0.00315188875878105	-0.407591688784213	0.087	0.108	1	CBFA2T2	c12
0.00611441557105641	-0.407550146771858	0.055	0.071	1	CPSF4	c12
1.30023155119978e-07	-0.407336564801165	0.216	0.268	0.00436071657641384	MRPL4	c12
0.0240188851951094	-0.407330980060959	0.04	0.052	1	ABCB8	c12
4.42427204016838e-14	-0.407325241850672	0.399	0.474	1.48381235683167e-09	PDE3B	c12
0.000304943515281542	-0.407298358722216	0.143	0.174	1	HIST1H1E	c12
5.29854939126624e-05	-0.407161969934545	0.137	0.172	1	EBNA1BP2	c12
0.034172619379985	-0.406882358962523	0.021	0.03	1	BORCS8	c12
7.1177062169631e-05	-0.406782037759309	0.098	0.129	1	NUP214	c12
0.0283094506339102	-0.406742646118664	0.029	0.039	1	CCR6	c12
0.000504239799655939	0.406658179489755	0.093	0.072	1	FKBP15	c12
0.00489721840967928	-0.406589546011157	0.043	0.058	1	ARMC7	c12
0.00122463547169984	-0.406536060518075	0.075	0.098	1	NUDT3	c12
6.02195678006313e-05	-0.40639753898451	0.102	0.135	1	NSL1	c12
3.19941110348608e-05	-0.40638927550413	0.11	0.145	1	CCS	c12
0.121202928831204	-0.406297839917317	0.022	0.028	1	NDOR1	c12
1.45754408944337e-05	-0.406101728578014	0.166	0.205	0.488831136717517	LAMTOR2	c12
0.00577575963071398	-0.406064693530577	0.02	0.031	1	CCDC34	c12
0.00244931845692358	-0.406015840025456	0.052	0.07	1	PNPT1	c12
0.0042697638031539	-0.405989188426286	0.051	0.068	1	FANCF	c12
0.171085283474235	-0.405936630259131	0.023	0.029	1	NUP43	c12
4.03463352729966e-10	-0.405725998515874	0.279	0.344	1.35313539238576e-05	OCIAD2	c12
0.00169299220280632	-0.405676702233527	0.059	0.079	1	POLD2	c12
0.0317903480045425	-0.40567381658183	0.017	0.025	1	CXXC5	c12
0.186047584584911	0.405659053550421	0.01	0.007	1	FAIM2	c12
0.0275549307195059	-0.405633027374831	0.026	0.035	1	LIG4	c12
0.000567776842235122	-0.405538056959279	0.115	0.142	1	TAF6	c12
0.00365912810601141	-0.405382742114784	0.081	0.101	1	UNG	c12
0.162548515777621	-0.405041285924686	0.017	0.022	1	SSX2IP	c12
8.45807511941255e-09	-0.405039448163985	0.28	0.337	0.000283666923354858	ANKRD11	c12
0.0218785697631698	-0.404880382180629	0.03	0.041	1	SKP2	c12
3.74572274846133e-07	-0.404829793218869	0.228	0.277	0.0125624049537896	INO80E	c12
3.32583805255073e-08	-0.404821262011115	0.199	0.256	0.00111541956606446	ASF1A	c12
0.0514172570905048	0.404652151574178	0.072	0.062	1	HLA-DMB	c12
0.000239934254227605	-0.40453685658688	0.109	0.138	1	SACM1L	c12
0.0664994536585285	0.404523589503936	0.039	0.031	1	PIK3R3	c12
0.292925126968161	0.404335592557685	0.019	0.016	1	SRP14-AS1	c12
0.310573918961017	0.404277393727281	0.017	0.014	1	FGGY	c12
0.315343748995061	-0.40419013823084	0.01	0.012	1	APLF	c12
0.0234519755528013	-0.404044158779597	0.037	0.049	1	CCNY	c12
0.264785170172968	0.404033388644812	0.01	0.007	1	SNTB1	c12
0.0372750871253719	-0.403742190436922	0.03	0.039	1	CCRL2	c12
0.00194739736515646	-0.403687273786693	0.028	0.043	1	IFIT1	c12
0.00223073410102293	-0.40359427186302	0.051	0.069	1	COG2	c12
2.51582672687663e-05	0.403427242624499	0.143	0.113	0.843757967659885	XIAP	c12
0.000761442174533301	-0.403286237622822	0.087	0.112	1	DYNLL2	c12
0.00011848973006498	-0.403273654780438	0.125	0.157	1	TRBV27	c12
0.0115565425368859	-0.403251371935442	0.073	0.089	1	CHPF2	c12
0.0352369354656215	-0.403243071713584	0.034	0.044	1	PCYOX1	c12
0.000113509669111245	-0.403232054840807	0.101	0.132	1	TRADD	c12
0.00410993356236338	-0.403057693816832	0.059	0.077	1	EXOSC5	c12
0.0335439290897828	-0.402768072106652	0.041	0.051	1	VPS35L	c12
0.0427244262262496	-0.402764600546279	0.051	0.062	1	NRF1	c12
0.0561032024437719	-0.402520661321438	0.015	0.021	1	LY6G5C	c12
0.0129912629714032	-0.402433003489885	0.057	0.071	1	AKAP1	c12
0.00101611003266314	0.402347160829007	0.066	0.049	1	PI4K2A	c12
0.00383172506382794	-0.402076925513112	0.072	0.091	1	NUP37	c12
0.000237468796578822	-0.401986803730715	0.091	0.119	1	ZNF524	c12
0.042396856813069	-0.401761788259925	0.044	0.055	1	IRF2BP1	c12
0.383550830198872	0.401738152477027	0.011	0.009	1	ZNF35	c12
1.52993806465476e-05	-0.40166036835567	0.179	0.219	0.513110628123913	DHX30	c12
0.0348815984284831	-0.401623806980309	0.032	0.042	1	CHKB	c12
0.00110005190519186	-0.401560490406899	0.029	0.045	1	CD200	c12
6.51310241026762e-07	-0.401451821780403	0.188	0.236	0.0218436428635556	SDHC	c12
0.000140272022519738	-0.401351821184213	0.12	0.152	1	USB1	c12
0.0613693055366527	-0.401340802772315	0.012	0.018	1	HIST1H2AK	c12
0.0242028027728801	-0.401243220018791	0.034	0.045	1	ABHD10	c12
0.036073625571804	-0.401186833710836	0.031	0.041	1	GPATCH1	c12
0.140911474152899	0.401095625769814	0.011	0.008	1	TRAV30	c12
1.45030066538791e-14	-0.400850388367965	0.72	0.746	4.86401837157799e-10	CST7	c12
0.0660769702867425	-0.400762261917514	0.022	0.03	1	LSS	c12
0.0200582488646959	-0.400701003121582	0.034	0.046	1	SNAPC4	c12
2.70316009810561e-06	0.400630255356852	0.192	0.154	0.0906585833702659	MAP4K5	c12
0.000185557043068132	-0.400554979404178	0.1	0.129	1	GLYR1	c12
3.91348594176623e-13	-0.400477877498756	0.322	0.402	1.31250491514956e-08	SSU72	c12
0.024542512276259	-0.40045581077208	0.03	0.041	1	ALMS1	c12
0.0403395059612501	-0.400366745138966	0.031	0.04	1	RPTOR	c12
0.000232767379870571	-0.400117112855572	0.128	0.158	1	LRRC41	c12
0.00450777608929391	-0.399935050755973	0.055	0.073	1	CC2D1B	c12
2.63622861351295e-06	-0.39990030497573	0.173	0.216	0.0884138352399975	VPS4A	c12
0.0118226642278377	0.399698207396035	0.07	0.057	1	SNX10	c12
0.15362619795662	-0.399629657923264	0.01	0.013	1	FANCE	c12
0.00591650451564724	-0.399562138212984	0.069	0.087	1	HELZ2	c12
3.33707930715832e-14	-0.399475584630262	0.396	0.475	1.11918965803476e-09	PNPLA2	c12
1.15384750079396e-05	-0.399401219843696	0.178	0.218	0.386977374816277	KLF13	c12
0.00125298631092433	-0.399385879683282	0.076	0.099	1	ANKRD39	c12
5.76771945120838e-05	-0.399364953201644	0.116	0.15	1	VPS26B	c12
0.000228903228192431	-0.399210806716767	0.106	0.135	1	DDX49	c12
0.016489899063687	-0.399056896479951	0.028	0.039	1	SUFU	c12
0.0205637335860992	-0.399006120975673	0.066	0.08	1	ANKRD52	c12
0.00289170581893262	-0.398985855544758	0.055	0.073	1	NFKBIL1	c12
7.65222308884082e-23	-0.398795659342994	0.565	0.642	2.56640257953543e-18	PPP1CA	c12
0.205404848726902	0.398735073070883	0.019	0.016	1	AKAP7	c12
0.0154117145488242	-0.398622868386361	0.041	0.054	1	MKKS	c12
0.123249474728587	-0.39862064929813	0.032	0.039	1	GNPNAT1	c12
0.000343020244949494	-0.398600493531837	0.074	0.099	1	FAM192A	c12
3.0118404361103e-07	-0.398525468841337	0.248	0.298	0.0101011104546267	DDX27	c12
0.0300652972670165	0.398500580456973	0.066	0.055	1	SENP1	c12
0.324290237008397	0.398484786624666	0.01	0.008	1	TRBV6-4	c12
1.12935673486176e-08	-0.398362551845422	0.244	0.303	0.000378763661737939	RER1	c12
0.509051836036013	0.398359726399177	0.035	0.033	1	ASNS	c12
4.61308688152961e-05	-0.398337529202154	0.111	0.144	1	TMEM222	c12
6.51556661273796e-08	-0.39825720017635	0.236	0.29	0.00218519073058006	COX16	c12
0.191539351986468	-0.398196180537147	0.01	0.014	1	PARPBP	c12
0.0146505563417519	-0.398179991603735	0.039	0.052	1	CPT1A	c12
0.00691867355373638	-0.398145338572011	0.052	0.068	1	CEP83	c12
0.0122137902524987	-0.398137534576865	0.054	0.069	1	BRI3BP	c12
7.56138051657782e-06	0.398115105205478	0.136	0.103	0.253593579764987	PRPF39	c12
0.0352540530776388	-0.397843962383718	0.051	0.062	1	MARCH9	c12
0.000140727631198825	0.397682147766056	0.069	0.05	1	RIPOR1	c12
0.000375474023333889	-0.397674697010035	0.134	0.164	1	TMEM134	c12
1.16464337007476e-05	0.397593111495501	0.139	0.108	0.390598093455672	RUNX1	c12
0.00172642867360871	-0.397513539085675	0.078	0.1	1	AC022706.1	c12
0.000938709260110375	-0.397425957596122	0.112	0.139	1	SBF1	c12
0.000164066212339269	-0.397403149054809	0.16	0.193	1	PDPK1	c12
0.000675881253076299	0.397324332464611	0.084	0.064	1	NAA16	c12
0.123362248321459	-0.397288354458279	0.008	0.012	1	L3HYPDH	c12
0.00490048134301054	-0.397267682143323	0.066	0.085	1	ITFG2	c12
2.42995960233747e-05	0.397146475090503	0.135	0.105	0.81495985143194	P4HA1	c12
0.21956115894271	-0.397047670466869	0.01	0.013	1	ZNF559	c12
0.0398156785291391	-0.396979391019707	0.047	0.058	1	CEP250	c12
0.199638237865565	-0.396916004265261	0.009	0.012	1	ALG10	c12
0.0116033944376734	-0.396876175511253	0.007	0.015	1	SGO1	c12
0.401896275792533	0.396724098317089	0.01	0.008	1	AC079922.2	c12
2.44668768783697e-05	-0.396569404859484	0.136	0.174	0.820570116746763	TCAF2	c12
0.005783544234665	0.396469858174688	0.067	0.052	1	ARHGAP18	c12
0.00104063560446093	-0.39640606100451	0.114	0.14	1	ASMTL	c12
4.03646393265988e-06	-0.396290819465343	0.16	0.204	0.135374927373547	SNF8	c12
0.104208750393935	-0.396274921919852	0.012	0.017	1	FOCAD	c12
7.88136095600694e-05	0.39627005916095	0.181	0.15	1	ZNF106	c12
0.025300002978469	-0.396245888477991	0.039	0.051	1	TMEM69	c12
0.0152321072332533	-0.396088733494165	0.039	0.051	1	ZBED1	c12
0.209053944474221	-0.395786761170016	0.009	0.012	1	C1orf56	c12
0.0546914163565193	0.395647199693428	0.021	0.016	1	ARL15	c12
0.0921022507451689	-0.395606276386401	0.025	0.031	1	PPP1R3D	c12
0.0611785207940775	-0.395462362020603	0.027	0.035	1	POLG2	c12
0.0550722551529942	0.395275149709677	0.028	0.021	1	KIF18A	c12
0.0140965356660384	-0.395115179187526	0.049	0.063	1	STAT2	c12
0.106652464897359	0.394763891318699	0.015	0.011	1	NANOS3	c12
0.0732577127767542	0.394720095099972	0.032	0.025	1	RMI1	c12
0.0263832955687036	-0.394718608084563	0.05	0.062	1	PRADC1	c12
0.0627569742128825	-0.394496418999078	0.044	0.054	1	SPECC1L	c12
0.0696830236423937	-0.394467692307524	0.025	0.033	1	RFT1	c12
0.00225082962391312	-0.394387480068148	0.07	0.091	1	PUSL1	c12
0.00398358309581446	-0.394386184169352	0.052	0.069	1	RRP9	c12
0.0029132394732332	-0.394352329325809	0.12	0.143	1	AGPAT5	c12
0.142935717343673	-0.394321961741531	0.027	0.033	1	TFCP2	c12
5.07648384645397e-11	-0.394254997783614	0.279	0.35	1.70255115242373e-06	PPP1CB	c12
0.0104727278137379	0.394034549430959	0.037	0.027	1	LINC01003	c12
0.0453763317062429	-0.393998708465975	0.028	0.036	1	ZNF790	c12
8.3449195929738e-05	-0.393966636674516	0.135	0.169	1	TDP2	c12
7.87454897993891e-05	-0.393666860181237	0.149	0.184	1	SEC23B	c12
0.0839509602073225	-0.39352053052473	0.021	0.028	1	YAE1D1	c12
0.0295837192507574	0.393463846795857	0.044	0.035	1	MBNL1-AS1	c12
0.000274376003825896	-0.393405325385612	0.107	0.136	1	CFAP36	c12
0.0489578601287834	-0.393361245797501	0.023	0.032	1	TK1	c12
0.628982342089854	0.393098384243312	0.019	0.017	1	TRAV8-4	c12
0.0253815882279691	-0.393022883392262	0.069	0.083	1	KDM7A	c12
0.23095766260768	0.392999090855668	0.017	0.013	1	AL359915.2	c12
0.229428493986829	-0.392958941732062	0.027	0.032	1	ALDH3A2	c12
0.347741780312445	0.392866330205919	0.011	0.009	1	LRRC8C-DT	c12
0.000381438025390863	-0.392589949641715	0.113	0.142	1	ARHGAP1	c12
0.231103906812941	-0.392556894782575	0.011	0.015	1	ZNF540	c12
0.0100066467619239	-0.392531630767412	0.084	0.101	1	STX7	c12
0.275030642908761	-0.39252145991929	0.017	0.02	1	ADAM28	c12
0.0655199571754602	-0.392517022613487	0.059	0.069	1	NAT9	c12
0.0023320164504681	-0.392443224917188	0.091	0.113	1	NLRP1	c12
1.85306045913175e-07	-0.392390377012228	0.215	0.265	0.00621479416783606	PDE4B	c12
0.00226580296637732	-0.392371119745877	0.133	0.157	1	ODF2	c12
6.50061034075763e-06	-0.392340521195951	0.131	0.171	0.218017469608329	LRRC47	c12
5.30361728851403e-05	-0.391693160350285	0.14	0.175	1	NMI	c12
0.01191360345805	-0.391631537192246	0.049	0.063	1	ATP13A1	c12
0.00125077642931551	-0.391540933602038	0.036	0.053	1	IFI27L1	c12
0.211895459800014	0.391348845424056	0.084	0.077	1	HIST1H2BC	c12
4.61839613554515e-09	-0.391295264643372	0.491	0.534	0.000154891769593913	GABARAPL1	c12
0.0776682581572594	-0.391293113496485	0.018	0.024	1	ANKAR	c12
0.0630130144071475	-0.391272470495752	0.037	0.046	1	ACAD9	c12
0.0521060233604604	-0.390890331692484	0.032	0.041	1	ZFP64	c12
0.0988613483020533	0.39088730347744	0.06	0.051	1	LTA	c12
0.0125342367577615	-0.390885022560692	0.061	0.076	1	MIEF1	c12
0.0361222819864004	0.390850132175673	0.041	0.032	1	GIPC1	c12
5.74475434893184e-08	-0.390711543567303	0.3	0.351	0.00192667571354476	SUN2	c12
0.36431744554469	0.390516966563006	0.022	0.019	1	ARPC1A	c12
0.00558951869457121	-0.390231231049815	0.082	0.101	1	ZBTB24	c12
0.011643887914272	-0.39007117056333	0.045	0.059	1	C16orf70	c12
0.000288237085398231	-0.390006619602687	0.034	0.054	1	WDR34	c12
0.191696367599537	-0.389999948956254	0.011	0.014	1	MKL2	c12
0.00206829228551249	0.389901824952685	0.073	0.056	1	B4GALT4	c12
0.0231596859096052	-0.38988141878409	0.014	0.022	1	GSTZ1	c12
2.14971657447527e-07	-0.389718697298526	0.239	0.289	0.00720971944747515	PRPF6	c12
0.00220212566317486	-0.389681559721769	0.09	0.113	1	UNC50	c12
0.00890385650745142	-0.389583453826253	0.047	0.062	1	ZNF383	c12
0.00369399234510886	-0.38955557507884	0.102	0.123	1	SCAF1	c12
3.79751523432817e-07	-0.389521374360798	0.182	0.231	0.0127361065928898	MLEC	c12
0.165181226690335	0.389469974674928	0.073	0.066	1	LMCD1	c12
0.00740799094537081	-0.389428491731225	0.041	0.056	1	MAVS	c12
1.56219259452258e-05	-0.389232498002058	0.154	0.194	0.523928152350984	PRKRA	c12
0.343045708480302	-0.38922604196091	0.01	0.013	1	GGPS1	c12
0.19294072570721	0.38903614368574	0.025	0.02	1	LACC1	c12
0.145618625829449	-0.389015091417601	0.012	0.016	1	IPO4	c12
0.00521421995230218	0.388987137036116	0.073	0.058	1	TSPYL4	c12
0.000516584315096443	-0.388747595805002	0.11	0.138	1	R3HCC1	c12
0.000537502944654651	-0.388697388471704	0.103	0.13	1	RRBP1	c12
0.0263038736888107	-0.388677867776554	0.047	0.06	1	RNF31	c12
0.00578013470286234	-0.38867152189311	0.044	0.059	1	CRELD1	c12
7.77821532959683e-09	-0.388614826761425	0.29	0.348	0.000260865785724019	RFTN1	c12
5.49100157708919e-05	-0.388576219086548	0.124	0.158	1	UBE2Q2	c12
8.90894104603421e-07	-0.388275037132155	0.176	0.224	0.0298788064801895	LCMT1	c12
0.273079991047662	-0.388242342405452	0.01	0.012	1	ELMO3	c12
0.0364822196005874	-0.38823249413794	0.012	0.019	1	MAGEF1	c12
3.29260618858549e-06	-0.38809259506543	0.191	0.236	0.11042742635278	MXD4	c12
0.0195365420206513	-0.387894399191663	0.06	0.074	1	UBP1	c12
0.00665974730875971	-0.387635734534507	0.069	0.087	1	MAN1B1	c12
0.00158498263284295	0.387544304872229	0.103	0.083	1	MEF2A	c12
0.00140750879189409	-0.387514993329087	0.111	0.137	1	OXCT1	c12
0.0157364421813426	-0.387507232608947	0.017	0.026	1	PSAT1	c12
0.00461301165767356	-0.3875013513872	0.047	0.063	1	POMT1	c12
0.000899560050206984	-0.387494458933025	0.07	0.093	1	DDX20	c12
0.000126931640405799	-0.387297343709451	0.106	0.136	1	MEI1	c12
4.89770373019564e-11	-0.387131399417215	0.289	0.359	1.64259187703301e-06	CYTH1	c12
0.000448208094730345	-0.386991060607085	0.121	0.149	1	CTDSP2	c12
0.00532919515615994	-0.386966982019392	0.054	0.071	1	GBA	c12
0.000216656007803372	-0.386948843661786	0.079	0.106	1	FAM207A	c12
2.21988821534127e-05	0.386856097589339	0.16	0.127	0.744506109661156	SDE2	c12
0.0807747839095417	-0.386843890270444	0.011	0.016	1	APOM	c12
0.0162753746580113	-0.386742051013663	0.072	0.088	1	MAGOHB	c12
3.97564633340097e-07	-0.386525902458012	0.197	0.247	0.0133335226729602	ZNF22	c12
0.02080837710738	-0.386349441565581	0.021	0.03	1	AL441992.1	c12
7.43319048643684e-05	-0.386334374725637	0.156	0.191	1	U2AF1L4	c12
0.0019878478695243	-0.386317115278493	0.071	0.092	1	PRKAR1B	c12
2.26509432980838e-18	-0.386302129777239	0.512	0.596	7.59667336331135e-14	SMAP2	c12
0.000843588384523146	-0.386207518695745	0.08	0.105	1	FAM120B	c12
0.00103917494879761	-0.386174568038666	0.103	0.128	1	MADD	c12
0.109341128462033	0.386145253729341	0.013	0.009	1	RAB3A	c12
0.111374211122534	0.386102138894419	0.039	0.032	1	ENPP4	c12
5.94677664018147e-06	0.385992093737558	0.198	0.161	0.199442994958406	GBP4	c12
0.130662244485726	-0.385881490788271	0.011	0.016	1	CPLANE1	c12
0.00286900015613804	-0.385779990941475	0.054	0.072	1	TMEM128	c12
0.000116604528176557	-0.38573130512739	0.094	0.124	1	CUTC	c12
0.0447003223067855	0.3856875770519	0.033	0.026	1	SPRYD7	c12
0.156027691381183	-0.385620324201913	0.017	0.021	1	JHY	c12
0.0472663644578474	0.385575566630698	0.039	0.031	1	HDGFL3	c12
0.0662282825646971	-0.385512336733529	0.024	0.031	1	MPV17L2	c12
8.4622709569242e-12	-0.385467580336472	0.372	0.441	2.83807643353324e-07	SCAF11	c12
0.024040378768911	-0.385458123637017	0.045	0.057	1	IPPK	c12
1.52066633225438e-06	-0.385197539064104	0.143	0.187	0.0510001074511473	C12orf10	c12
0.324509496833741	-0.384921881536878	0.015	0.019	1	ENKD1	c12
0.00381822282151509	0.384687596746095	0.099	0.081	1	SRFBP1	c12
0.0127018424127463	-0.384514224755264	0.039	0.052	1	FAM69A	c12
0.0469909845739118	-0.384450598911313	0.039	0.049	1	GEMIN4	c12
0.00091620958831309	-0.384431346082296	0.054	0.075	1	CNOT6	c12
2.53205600300932e-10	-0.384386824271591	0.396	0.451	8.49200942289265e-06	NINJ1	c12
0.039150963537006	0.38411904906826	0.071	0.06	1	MAP3K4	c12
0.0281283564372243	-0.384106099871192	0.023	0.032	1	SHMT1	c12
0.149641438378786	-0.384008953844928	0.01	0.014	1	SRBD1	c12
0.181038907159185	-0.384003186645006	0.015	0.02	1	DOCK9	c12
8.18291204966805e-06	-0.383423620128357	0.152	0.194	0.274438504321767	EPRS	c12
0.00313380212315183	-0.383381835944708	0.049	0.066	1	WRAP53	c12
0.000192193075227995	-0.383380819555102	0.144	0.177	1	SNAP47	c12
2.95249279701998e-14	-0.383324892099647	0.357	0.438	9.9020703426456e-10	MRPL20	c12
0.0267865603227141	-0.383310320477291	0.026	0.036	1	FAHD1	c12
5.63739012999924e-07	-0.383272182427682	0.262	0.311	0.0189066790179914	BPTF	c12
0.0372926557503857	-0.383214365977055	0.013	0.02	1	ZNF544	c12
0.00770482055621548	-0.383105694223302	0.036	0.049	1	RGL4	c12
0.00139720431170345	-0.382985964504062	0.078	0.101	1	PARVB	c12
0.168437584709638	-0.382777290662594	0.025	0.031	1	EEF2K	c12
0.0616590815935753	-0.38256629787858	0.03	0.038	1	CASP6	c12
0.0387883617892509	-0.382391157588271	0.038	0.048	1	GEMIN5	c12
1.51311454401135e-05	-0.382366841422075	0.159	0.199	0.507468355770527	ATXN10	c12
0.00190941724059834	-0.382265621204127	0.12	0.144	1	RETREG3	c12
0.0144095288919826	-0.38192783247122	0.062	0.077	1	ACOX1	c12
0.0460490944001687	-0.381905498151154	0.012	0.019	1	SLC25A13	c12
0.0439947935734524	-0.381899545838329	0.023	0.031	1	TRIM5	c12
2.18800714622321e-26	-0.381830248968474	0.692	0.761	7.33813836700341e-22	MYH9	c12
0.984940270765079	0.381821328311099	0.014	0.015	1	HIST1H2BH	c12
7.65818394979849e-06	-0.381648659583665	0.141	0.181	0.256840173308342	MRPL16	c12
0.0456469733837486	0.381640280782316	0.03	0.023	1	BRPF3	c12
0.00596989750537396	0.381604175782265	0.083	0.067	1	SOS2	c12
2.77436294250988e-07	-0.381441376020554	0.272	0.322	0.00930465843658963	SURF2	c12
0.147279102553826	0.38136418089324	0.015	0.011	1	ZBTB37	c12
0.000363593204168842	-0.381328597976065	0.068	0.092	1	HMGB3	c12
0.000314226864822372	-0.38132238080333	0.146	0.176	1	OTULINL	c12
0.3930783704374	-0.381227710261564	0.011	0.013	1	IFT172	c12
0.246619099108604	0.381071725218342	0.047	0.042	1	TIMM8A	c12
0.648559694805735	0.381013099401654	0.011	0.01	1	COL6A3	c12
0.80231450476005	0.380997339986068	0.011	0.01	1	AC007216.4	c12
1.0133431846929e-10	-0.380889709369269	0.349	0.411	3.39855037282304e-06	NDUFA12	c12
0.00444707589618297	0.38061583587517	0.054	0.041	1	CFL2	c12
6.46265739870619e-13	-0.380169068285434	0.367	0.438	2.16744603837808e-08	MLF2	c12
0.0468067814828264	-0.379837143279225	0.047	0.058	1	MYBBP1A	c12
0.055163153381047	-0.379811554238743	0.024	0.032	1	ZMYM4	c12
0.0280445144961549	-0.379568508078415	0.066	0.079	1	TYW1	c12
0.0497530821721972	-0.379533473837863	0.035	0.045	1	AGPAT1	c12
1.66032434160319e-14	-0.379186399297278	0.546	0.592	5.56839577686877e-10	PSMB9	c12
0.0172853524305621	-0.379078610508973	0.067	0.082	1	SURF6	c12
8.87539401666788e-05	0.379058175545856	0.173	0.142	1	ANKRD10	c12
0.0978164519805376	-0.378978467823114	0.015	0.021	1	ZNF624	c12
0.0279587174961633	-0.378863240846194	0.063	0.077	1	APBA2	c12
0.0193795945555777	-0.378603991791707	0.053	0.067	1	UNKL	c12
0.000741149625453166	0.378522450473215	0.082	0.063	1	MAP1LC3B2	c12
0.022254355358237	-0.378210996334522	0.037	0.049	1	POMC	c12
0.00796417783116635	-0.378206391523442	0.013	0.022	1	PRKACA	c12
0.0286494546199797	-0.378125863549575	0.031	0.042	1	SLC35B4	c12
0.0219910360389117	-0.378124423219943	0.036	0.047	1	NDRG3	c12
9.38794506118039e-26	-0.378001812629669	0.7	0.773	3.14852901461868e-21	LMNA	c12
0.0146859095548188	-0.377633994560578	0.069	0.084	1	RAB11FIP4	c12
0.0020596639428317	-0.377354564091753	0.118	0.143	1	COPS4	c12
0.0643836769643388	-0.377338435750969	0.046	0.056	1	FASN	c12
0.449340718729052	-0.377154652513124	0.012	0.014	1	MMP23B	c12
0.000252957815379424	0.37700620920549	0.08	0.06	1	MICA	c12
1.72514266987089e-05	0.37693923894167	0.281	0.243	0.578578348621299	HPRT1	c12
0.320787716056338	-0.376851047253042	0.009	0.011	1	VPS9D1	c12
0.00384470413729441	0.376829967156873	0.074	0.058	1	SPAG1	c12
0.55825687495066	0.37673405855042	0.02	0.018	1	DHRS12	c12
3.73443557500175e-05	-0.376453761939956	0.091	0.124	1	NOA1	c12
2.13956275744524e-09	-0.376328506676442	0.329	0.388	7.17566557591983e-05	AP2S1	c12
0.104978728410717	-0.376214095107134	0.01	0.014	1	PRH1	c12
0.00691614807222274	-0.37620994574294	0.093	0.112	1	ING5	c12
0.0456144442949256	-0.37618553062975	0.03	0.039	1	TRMT11	c12
1.08649092436133e-08	-0.375967944064082	0.261	0.32	0.000364387326212304	AP1M1	c12
0.0822991519218637	-0.375884332716167	0.056	0.066	1	ATMIN	c12
8.70416015485675e-05	-0.375839457105296	0.204	0.241	1	MAPKAPK2	c12
2.63481731349325e-05	-0.375755934770994	0.147	0.186	0.883665030599367	GLRX3	c12
0.278632309425761	-0.375702051722547	0.008	0.011	1	ALG14	c12
0.0341750525076871	-0.375457142504001	0.037	0.047	1	THAP6	c12
0.0174214548425192	-0.375411124183645	0.063	0.078	1	SCOC	c12
0.00273362585009603	-0.37538491775337	0.062	0.081	1	MRM2	c12
0.39341604086039	-0.375312708283218	0.035	0.038	1	DENND4B	c12
0.765161970270047	0.375173376964213	0.019	0.02	1	IRF5	c12
0.0713671651090518	-0.375158816934986	0.027	0.035	1	PEX6	c12
3.4691255436242e-05	-0.375141450433133	0.136	0.173	1	PDCD7	c12
1.25059304840181e-05	-0.375022794017832	0.196	0.237	0.419423896573	NDUFA11	c12
2.52214780887484e-10	-0.374908593007737	0.338	0.402	8.45877932140445e-06	CYB5R3	c12
0.0282622830209428	-0.374809953866775	0.017	0.025	1	ARHGAP11A	c12
0.297421305943502	-0.374792493580813	0.009	0.011	1	C1RL-AS1	c12
0.101673857059207	-0.374784206008169	0.028	0.035	1	CACTIN	c12
0.00431474968759608	-0.374726979786776	0.112	0.134	1	CPTP	c12
1.06330928488977e-05	-0.374716539122861	0.133	0.172	0.356612667966332	SPTBN1	c12
0.00161742386188518	-0.374680034606543	0.081	0.104	1	APIP	c12
0.00705430924606556	-0.374670016637337	0.035	0.048	1	AC100810.1	c12
0.000401873347722525	-0.374664693235089	0.083	0.108	1	PCNA	c12
4.36444908914959e-07	-0.374274802218552	0.192	0.241	0.0146374893551899	NUDT5	c12
0.263744422935224	-0.37417280344826	0.013	0.016	1	CRYBB2	c12
0.000661733199256752	-0.374165145921838	0.118	0.146	1	AKT2	c12
0.000688342028081206	-0.374163574850026	0.079	0.103	1	AARS	c12
0.0123565043855598	-0.374104846863611	0.018	0.028	1	ZNF714	c12
0.0292255041469567	-0.374060784043465	0.028	0.038	1	INTS3	c12
3.61393734974763e-06	-0.373992533729594	0.211	0.255	0.121204230835836	DPY30	c12
0.113727479735802	-0.373855401144887	0.038	0.046	1	RYK	c12
0.00533283022158728	-0.373813866337307	0.067	0.085	1	ZSWIM7	c12
0.000174357018315234	-0.373427513572186	0.101	0.131	1	PEX11B	c12
0.524347347230302	-0.373422276672254	0.024	0.026	1	DENND1A	c12
0.000215719199224531	-0.373396909741787	0.12	0.151	1	SURF1	c12
0.22258217933645	-0.373306474820627	0.012	0.015	1	TIGD5	c12
0.0562071795364187	-0.373171978135661	0.012	0.018	1	VANGL1	c12
0.00735609561477273	-0.373140318832128	0.06	0.076	1	FBXO22	c12
0.0118803038233223	-0.373112752270186	0.072	0.089	1	NUP85	c12
0.109234015025955	-0.372925330939041	0.029	0.036	1	FAAP100	c12
0.0168663070381705	-0.372903832988058	0.039	0.051	1	COQ5	c12
0.0426297952277833	0.37276699525127	0.042	0.033	1	PIK3AP1	c12
0.0392592562412238	0.372761248458295	0.042	0.033	1	TMEM106A	c12
0.000734321246912063	-0.372730797607308	0.077	0.101	1	TIMM9	c12
0.00253139133063039	-0.372519102195377	0.103	0.126	1	PHKG2	c12
0.201326767659928	-0.372213448380222	0.016	0.02	1	ERCC8	c12
0.0797631072820958	0.372148445836527	0.036	0.029	1	FARS2	c12
0.0207163790718835	-0.37211478019199	0.076	0.091	1	RABEP2	c12
0.0410434747498638	-0.372032817101293	0.049	0.06	1	FOXK2	c12
2.44494371477499e-06	-0.372002946771288	0.183	0.228	0.0819985223061237	CCPG1	c12
0.160155626648878	-0.371832775706635	0.009	0.013	1	TSEN2	c12
0.130818429958255	-0.371772962465436	0.027	0.033	1	ZNF232	c12
0.00185446440618545	-0.37153884886847	0.061	0.082	1	GLB1	c12
3.44219156836167e-08	-0.371497954287814	0.403	0.454	0.00115444220819714	FLNA	c12
0.0387203284171323	-0.371435578621506	0.056	0.068	1	ZNF420	c12
0.0149617582303952	-0.371392585254815	0.093	0.109	1	SPRYD3	c12
0.255691507606468	-0.371374897793225	0.015	0.019	1	CHCHD6	c12
0.000151004082948855	0.371367358824455	0.13	0.104	1	AC090152.1	c12
0.0985631999381824	-0.371328924985602	0.017	0.022	1	GTF2H2C	c12
0.028315768433579	-0.371263460078457	0.065	0.078	1	DGCR2	c12
1.15709069064334e-07	-0.371246625447683	0.309	0.361	0.00388065075827963	RPS10	c12
0.351160774439241	0.371169390013442	0.011	0.009	1	LTC4S	c12
0.00383933054168328	-0.371164167006864	0.07	0.089	1	ANAPC2	c12
0.0207592586559677	-0.371163660559655	0.019	0.028	1	CRADD	c12
0.440800735105955	0.37111284357624	0.012	0.01	1	DDIT4L	c12
2.94420981963785e-07	-0.371093692303072	0.192	0.243	0.00987429089310142	SEC61A1	c12
0.0152255965588025	-0.371046954184612	0.025	0.036	1	FAHD2A	c12
0.338413585850156	0.371037382698648	0.025	0.021	1	IPP	c12
0.00121715001253177	-0.370757689314175	0.107	0.132	1	ELL2	c12
0.00276582604326289	-0.370676072357932	0.067	0.087	1	C20orf27	c12
0.00109263196004428	-0.370675008067267	0.093	0.118	1	XPA	c12
0.167127739972307	-0.370642031126131	0.007	0.011	1	NUBPL	c12
0.259322114714278	-0.370544388656225	0.007	0.01	1	ZNF395	c12
0.0494587509431645	-0.370486038723419	0.026	0.034	1	MPI	c12
7.34169173685164e-05	-0.370390807545221	0.151	0.187	1	SP3	c12
1.23172792653229e-06	-0.37037287409376	0.204	0.251	0.0413096912000399	HAX1	c12
1.78064256192508e-10	-0.370340104658221	0.399	0.458	5.97191902418434e-06	AES	c12
1.15519021643372e-05	0.370172879948442	0.207	0.171	0.38742769478754	CSGALNACT2	c12
1.13781320549954e-05	-0.369823620122041	0.148	0.188	0.381599792860435	DAZAP1	c12
0.211068893854251	0.369534554491946	0.046	0.04	1	MORN2	c12
0.107435759174402	-0.369503111066104	0.012	0.017	1	ZNF182	c12
0.0097561806331896	-0.369492377720892	0.029	0.042	1	NIF3L1	c12
0.137085387892571	0.369412197580068	0.042	0.036	1	AL138724.1	c12
0.00343672216242644	-0.369388252397288	0.071	0.091	1	SPOUT1	c12
8.6405318351021e-13	-0.369300286900236	0.557	0.594	2.89786156685654e-08	CD3G	c12
0.00690956701792254	-0.369255931594458	0.08	0.099	1	IPO9	c12
0.000243738099256535	-0.369171629082098	0.194	0.228	1	HAGH	c12
0.0835364887106347	0.369018045280564	0.034	0.027	1	C2orf42	c12
0.0265964313168811	-0.368786760802839	0.026	0.035	1	BLOC1S5	c12
2.2435162116314e-09	-0.368786485319108	0.287	0.348	7.52430467056939e-05	SEC13	c12
0.143668522726463	0.368761768027689	0.029	0.024	1	GPAT3	c12
0.212966780220632	-0.368711810134485	0.028	0.033	1	KLF16	c12
3.12791205804192e-06	0.368709926570742	0.152	0.117	0.10490391460261	ZBTB11	c12
0.359162184955852	-0.368672366248838	0.03	0.034	1	ZNF701	c12
8.29535361714695e-06	-0.368554425130322	0.149	0.19	0.278209569611874	MED8	c12
0.364391543075293	-0.368469870174182	0.01	0.012	1	KDM8	c12
0.079293623464804	-0.368449482387684	0.011	0.016	1	TMTC4	c12
0.000365296537455523	0.368364250075714	0.138	0.112	1	TSPAN5	c12
3.17954038377987e-06	-0.368324965618728	0.165	0.21	0.106635425391209	HACD3	c12
0.0176942840768933	-0.368262728128188	0.016	0.025	1	SASS6	c12
0.248205276992901	0.368253452227282	0.015	0.012	1	L2HGDH	c12
0.0651626940671034	-0.36810626050859	0.016	0.022	1	ALG8	c12
0.154763417353291	-0.368038246021619	0.013	0.018	1	PGBD1	c12
0.0320537572661948	-0.367917896942459	0.035	0.045	1	DYRK4	c12
0.011583693465576	-0.367729382225906	0.032	0.044	1	GALK1	c12
0.0813952766145297	0.367635041218498	0.038	0.031	1	PCED1A	c12
0.13327534441602	0.367620519976131	0.05	0.043	1	DIS3L2	c12
0.0632247684800108	-0.367559751266388	0.007	0.012	1	POC1A	c12
0.00147352762627368	-0.36752096991012	0.095	0.12	1	PARP12	c12
0.255529105487575	-0.367398821382591	0.022	0.027	1	IQSEC1	c12
0.00542132735361329	-0.367343817627048	0.041	0.056	1	SAMD3	c12
0.0469078236879626	-0.367309965732508	0.026	0.034	1	AP5S1	c12
0.19474387832102	0.367188121997975	0.012	0.009	1	RILP	c12
0.15652158580301	-0.367185884490921	0.026	0.032	1	RRAGB	c12
1.46735222715648e-24	-0.367109197854862	0.786	0.812	4.92120589943739e-20	COTL1	c12
0.014643125476938	0.367078992288826	0.061	0.049	1	NABP1	c12
0.0021860487191334	0.367050405590792	0.087	0.069	1	CASS4	c12
2.08256027455821e-09	-0.367009964333149	0.3	0.361	6.98449064881332e-05	RANBP2	c12
0.027584492353647	-0.367004695404215	0.062	0.075	1	MAD1L1	c12
1.47114922929631e-18	-0.366988328751492	0.583	0.64	4.93394028521396e-14	CD6	c12
0.0413585361851505	0.366987192215313	0.023	0.017	1	DCUN1D3	c12
0.00707536166457019	-0.36686758821596	0.052	0.068	1	HSD17B12	c12
0.000749805139725586	-0.366807787893052	0.079	0.104	1	MPST	c12
0.000549822607793503	-0.366691848221644	0.098	0.124	1	DIABLO.1	c12
0.231605718166161	-0.366436858837397	0.022	0.027	1	RBM41	c12
0.0182765382675333	-0.366367497905975	0.066	0.08	1	RAVER1	c12
0.00174790898734265	-0.36627358421863	0.098	0.121	1	ING4	c12
0.0398494021668938	-0.366261018962466	0.06	0.072	1	ZNF3	c12
0.80138134825462	0.365999782321088	0.017	0.016	1	WDCP	c12
0.0185649796184066	-0.365975196786147	0.035	0.047	1	GPR155	c12
0.000216758248614875	-0.365902148280761	0.123	0.154	1	ASB8	c12
0.0284906220914667	0.365849835042898	0.047	0.037	1	ANKMY2	c12
0.251639450891701	-0.365697587698126	0.008	0.011	1	UNC93B1	c12
0.0162338037434185	0.365565948683968	0.051	0.04	1	MIB1	c12
0.0178048383891484	-0.365434923873102	0.037	0.049	1	XXYLT1	c12
0.0036848477846407	0.36538553704723	0.053	0.039	1	FAM214B	c12
0.0237826959541183	0.365229223999352	0.117	0.102	1	HSD17B7	c12
5.74602311734492e-06	-0.365220008649834	0.15	0.192	0.192710123309514	NAXE	c12
0.000110616229644781	-0.365165917401358	0.152	0.188	1	FIBP	c12
0.338034420275944	-0.365140243948791	0.009	0.011	1	PNPLA7	c12
5.69250498786823e-05	-0.36513130897463	0.109	0.143	1	ACAA1	c12
2.6495212893707e-37	-0.36502182283119	0.909	0.924	8.88596450029145e-33	CD7	c12
0.034509327901201	-0.364874250154942	0.02	0.029	1	SPICE1	c12
2.25828702292651e-07	-0.364682111707098	0.202	0.255	0.00757384301749092	TSR3	c12
2.18423986407112e-05	-0.364623698458453	0.141	0.179	0.732550365612173	MALSU1	c12
0.000177206945220682	-0.364565188877638	0.183	0.216	1	CTDSP1	c12
0.00099531105753333	-0.364443184938332	0.081	0.105	1	PIGS	c12
0.248660765589952	-0.364195161154843	0.014	0.018	1	NUGGC	c12
0.0017675432368655	-0.364019028395165	0.111	0.136	1	VHL	c12
0.000815354439101012	-0.363951003930492	0.106	0.132	1	ERAL1	c12
0.0193248088380677	-0.363947175476213	0.023	0.033	1	POLA2	c12
0.00385239436613059	-0.363922484266405	0.119	0.142	1	ZNF831	c12
0.000661006457603024	0.363786038350099	0.151	0.126	1	LACTB	c12
0.00719885936828266	-0.36347261069947	0.05	0.066	1	HPF1	c12
0.0270742630373694	-0.363444077470671	0.03	0.04	1	NBPF10	c12
0.404985983146899	-0.36336827872311	0.011	0.013	1	PAXIP1-AS2	c12
1.51380499562335e-05	-0.363344707764027	0.172	0.212	0.50769991943216	WDR74	c12
0.0609346783211718	0.363310770395082	0.018	0.013	1	FBXL14	c12
2.87239049869517e-07	-0.363204455005889	0.312	0.361	0.00963342325452387	BIRC2	c12
0.139489038597695	-0.363148215307683	0.042	0.049	1	ERLIN1	c12
5.75061903173468e-05	-0.363098222855001	0.201	0.239	1	ATP6AP1	c12
0.00184150762438057	-0.363008978548226	0.114	0.139	1	RRP1	c12
5.41390935219245e-05	-0.362830347936371	0.182	0.22	1	GPAT4	c12
7.36437642520485e-05	-0.362798353867311	0.142	0.178	1	POP4	c12
0.000949922934070462	-0.362792776031217	0.086	0.111	1	ACADM	c12
0.0333943974410174	-0.362721710177982	0.033	0.043	1	EIF2B3	c12
0.00149862748196831	0.362669268642267	0.115	0.093	1	GPATCH3	c12
0.138987620605616	-0.362515102634107	0.024	0.03	1	USP35	c12
0.0736276934742776	-0.362481141539548	0.026	0.033	1	MBTD1	c12
0.0405606408098605	0.36223924448936	0.042	0.033	1	TRIP6	c12
0.00433176574655429	-0.36196135447416	0.09	0.11	1	MRPL40	c12
6.27286614477288e-08	-0.361746297928706	0.312	0.367	0.00210379384763393	VDAC3	c12
0.276309154979568	0.36171181361409	0.014	0.011	1	NANP	c12
0.0017189021658481	-0.36167480203398	0.06	0.081	1	UROS	c12
0.0006258455211492	-0.361660317499511	0.135	0.164	1	JAKMIP1	c12
0.0866023522163196	-0.361324108699897	0.01	0.015	1	ANKRD33B	c12
0.138185981342409	-0.361287801733073	0.022	0.028	1	GYS1	c12
0.00629627987651389	-0.361276601434272	0.066	0.084	1	TARBP2	c12
0.597769193485588	0.361196470478451	0.012	0.011	1	CAMSAP2	c12
0.270172798255875	0.36108758603485	0.019	0.016	1	CLN5	c12
0.0520511308001087	-0.361006943483107	0.042	0.052	1	CTNNBIP1	c12
0.292869645725248	-0.360964029009048	0.012	0.015	1	THRA	c12
0.00018724910969142	-0.360951995395381	0.148	0.181	1	PPP6R2	c12
0.0381072262119018	-0.360819889340015	0.044	0.055	1	AL359220.1	c12
0.0170686275384901	-0.360737830736711	0.032	0.044	1	ORC3	c12
0.048669610842634	-0.360702229265478	0.025	0.033	1	AC073896.2	c12
0.0248979875362255	-0.36059684393929	0.039	0.05	1	EEF1E1	c12
0.010209624424671	-0.360363116899745	0.058	0.074	1	SLC25A20	c12
0.0432577169911971	-0.360271019201155	0.037	0.047	1	SLC35E3	c12
0.476464630535297	0.36015855418221	0.018	0.016	1	SRD5A3	c12
7.47712795540722e-13	-0.360007037080219	0.447	0.52	2.50767917368447e-08	LPXN	c12
5.92791315723432e-11	-0.35985576750585	0.362	0.431	1.98810351467325e-06	PSMD2	c12
0.0455887494675579	-0.359840587477303	0.034	0.043	1	SUV39H1	c12
6.59799904893989e-10	-0.359777978600366	0.281	0.349	2.21283692103346e-05	GNAI2	c12
0.0728494254329919	0.359743726809448	0.047	0.039	1	IL18R1	c12
0.0114055273740781	-0.359736968486267	0.067	0.084	1	ZNF224	c12
0.0146585688689152	0.359696935211142	0.085	0.071	1	SPG11	c12
5.13927548849455e-21	-0.359670142673307	0.608	0.684	1.7236102133313e-16	FAM129A	c12
0.0352393723535603	-0.359585431149042	0.03	0.04	1	BOLA1	c12
0.00202381123916679	-0.359456409400335	0.078	0.099	1	ASB6	c12
0.0155271336714252	0.35941443074183	0.05	0.039	1	FSD1	c12
0.00077701836746043	0.359411219367689	0.151	0.126	1	PTPRE	c12
0.267185626835322	0.359376251182657	0.014	0.011	1	PTPRF	c12
7.44404092546106e-05	0.359269412124407	0.186	0.154	1	ELL	c12
0.00169548533507093	-0.359258763850529	0.031	0.047	1	LIN54	c12
0.0146868538374041	-0.359247924301692	0.079	0.095	1	NPLOC4	c12
1.58441948292575e-06	-0.359233421225348	0.217	0.265	0.0531382606183638	CPNE1	c12
0.0126985146273716	-0.359182070339435	0.046	0.06	1	TRAPPC12	c12
3.72638076207527e-20	-0.35916638449436	0.626	0.691	1.2497535799848e-15	RABAC1	c12
0.0703395519571192	-0.35910678575348	0.034	0.042	1	PIGF	c12
1.08367015074794e-05	-0.359069374017582	0.223	0.266	0.363441295157845	GLOD4	c12
0.000556037825179467	-0.359047034480902	0.107	0.135	1	CREBL2	c12
1.36070967991315e-07	-0.359000008615219	0.206	0.258	0.00456354812449272	AC004687.1	c12
0.0799459776035176	-0.35896610394339	0.028	0.035	1	CREB3L2	c12
0.0413978247147493	-0.358809670019902	0.027	0.036	1	FAIM	c12
0.430760532956493	-0.358799243551524	0.013	0.016	1	FBXW8	c12
0.000659349115467472	-0.35870307608054	0.123	0.151	1	CAPN1	c12
0.19620015613071	-0.358598758934141	0.013	0.017	1	LINC00685	c12
2.05243721459083e-05	-0.358557806736409	0.138	0.176	0.688346393029472	THOC7	c12
0.000161883503924583	-0.358470410322253	0.125	0.157	1	CMTM7	c12
0.132570134449593	0.35841468506875	0.011	0.008	1	CRACR2B	c12
0.0285851921500557	-0.358390518615506	0.09	0.105	1	TPRG1L	c12
0.00706767321711928	-0.358306442472807	0.095	0.115	1	DCPS	c12
0.201544494503846	-0.358138511206518	0.027	0.032	1	GALNS	c12
0.142423808351614	0.358081952292598	0.031	0.026	1	NXT2	c12
0.000130565815378247	-0.357851073925071	0.151	0.186	1	TMEM259	c12
0.0715718656875121	0.357846392835473	0.033	0.026	1	LINC02539	c12
0.00212624928430371	-0.357673568229533	0.068	0.088	1	CC2D1A	c12
2.01808828772671e-06	-0.357521043666975	0.286	0.33	0.0676826449937785	TBCC	c12
0.00355775382177329	-0.357464525080652	0.112	0.135	1	NDUFAF4	c12
0.0332004180508452	-0.357327546996969	0.062	0.075	1	MRGBP	c12
0.0850708325210381	-0.356817500645895	0.057	0.066	1	MON1A	c12
6.50578120672608e-05	-0.356759765939216	0.181	0.219	1	INTS11	c12
2.01210316050291e-13	-0.356756368012791	0.412	0.486	6.74819157969464e-09	PPP2R1A	c12
0.023223458775728	-0.356646397625864	0.017	0.026	1	STK32C	c12
0.000129859046344592	-0.356585217019821	0.133	0.166	1	PRPSAP1	c12
0.000231547838552584	-0.356325782383164	0.135	0.167	1	SLC25A39	c12
0.00271465538826595	-0.356247799468264	0.045	0.063	1	IVD	c12
0.00283765050588797	-0.356117584954699	0.104	0.127	1	ZHX2	c12
0.217737774775538	0.355892180012426	0.017	0.013	1	U2AF1	c12
0.315781647433825	-0.355814572095094	0.007	0.01	1	EXT1	c12
9.15866291900167e-05	-0.355756112708697	0.152	0.187	1	LMBR1L	c12
0.021153627129219	-0.355687274850082	0.082	0.098	1	PTRH1	c12
0.0937780744661416	-0.355559148838468	0.051	0.059	1	AHDC1	c12
0.179588930047714	-0.355416161871633	0.012	0.016	1	VPS37C	c12
0.44419160882529	-0.355409705627605	0.014	0.017	1	GAS7	c12
7.3659398288991e-05	0.35539187822585	0.211	0.179	1	HBS1L	c12
0.0362633664268264	-0.355380433021821	0.026	0.035	1	C19orf47	c12
0.00604129448421529	-0.355268863029409	0.107	0.127	1	LMBR1	c12
0.0584925241208667	-0.355213976126383	0.047	0.057	1	TSC22D2	c12
0.0100237682926182	-0.355156365101327	0.076	0.094	1	OSTM1	c12
0.560981849560915	0.355155891178902	0.011	0.01	1	PON3	c12
0.0170649937967005	-0.354729155976352	0.06	0.074	1	PRR14L	c12
0.0429667428540929	-0.354662268661158	0.008	0.013	1	GNB4	c12
3.39375799995105e-20	-0.354599473522278	0.571	0.638	1.13819855802358e-15	EIF3G	c12
0.00190623249981764	-0.354229837187254	0.098	0.122	1	INO80	c12
0.00064436226580752	-0.354090475177013	0.125	0.153	1	C16orf54	c12
5.05400820900922e-05	-0.354054573268476	0.146	0.183	1	FGD3	c12
0.0155837323291187	-0.353954136658198	0.053	0.068	1	WDFY1	c12
0.0163579284165779	-0.353833424202134	0.054	0.069	1	SHPRH	c12
0.000139061539254029	-0.353805630070078	0.176	0.211	1	CSRP1	c12
0.00283435109563322	-0.353793942039616	0.063	0.083	1	AC008105.3	c12
0.0384468127581709	0.353774021194221	0.062	0.052	1	LINC01934	c12
0.045194992952819	-0.353641161007185	0.026	0.035	1	WDR7	c12
2.6175717700924e-06	-0.35358181994298	0.295	0.338	0.0877881220253588	TALDO1	c12
0.759396908222859	0.353539869049284	0.023	0.022	1	MIATNB	c12
0.0024309221293375	-0.353512222414113	0.213	0.238	1	VPS37B	c12
0.183653116365188	-0.353230887060821	0.029	0.035	1	STRBP	c12
0.544343249817403	0.353210564784089	0.013	0.012	1	PTER	c12
1.46788030271181e-05	-0.353185312644183	0.21	0.252	0.492297695923488	PIGT	c12
0.0332281026579297	-0.35309259079093	0.041	0.052	1	MTMR10	c12
0.124261966610791	-0.353070216108657	0.04	0.048	1	PEX1	c12
0.160309104748353	-0.352883053558275	0.012	0.016	1	FAM219A	c12
0.00651311127092415	-0.352859463928273	0.071	0.089	1	RAP1GDS1	c12
0.0311028987607472	-0.352778881266466	0.057	0.069	1	HNRNPUL2	c12
0.000404610821042603	-0.352630596490001	0.166	0.197	1	WASHC1	c12
1.33078374610335e-06	-0.35253164323717	0.235	0.284	0.0446318252768142	DSTN	c12
0.235739066812522	-0.352481314883914	0.033	0.038	1	ANKS3	c12
0.00633048573679018	-0.352455997348736	0.06	0.077	1	ZBTB48	c12
0.00113485181688212	-0.352411404874756	0.11	0.135	1	DDX1	c12
0.000952322636594908	-0.352237754649842	0.157	0.185	1	PIP4P1	c12
4.22394162392999e-07	-0.35221500378238	0.295	0.347	0.0141662554183364	SNRNP200	c12
2.24607923721727e-10	-0.352063807306958	0.358	0.424	7.53290054577927e-06	SPSB3	c12
0.00252355656271505	-0.352043753270024	0.09	0.112	1	RCC1	c12
6.53899452586227e-05	-0.351825163979852	0.193	0.232	1	USF2	c12
0.000201838605978429	-0.351674257875918	0.081	0.109	1	GTF2H5	c12
8.95072098347444e-71	-0.351369133599808	0.99	0.998	3.00189280343766e-66	MT-CO2	c12
0.34907169889518	0.35124686911227	0.021	0.018	1	CCDC7	c12
0.0016249753164947	-0.351148405656859	0.08	0.103	1	IBTK	c12
0.0219109958331618	-0.351148290142102	0.04	0.052	1	CEP295	c12
0.00114866839567539	-0.351065475294749	0.094	0.12	1	RFXANK	c12
0.104954607256399	-0.350934185518913	0.011	0.016	1	ZSCAN29	c12
0.0237781077789251	0.350925881520673	0.049	0.039	1	SGPP1	c12
1.06987440949242e-05	-0.350908065976341	0.203	0.248	0.358814479455569	RAD23B	c12
0.0850017683553035	-0.350791990387225	0.019	0.026	1	CEP162	c12
4.89743243437858e-12	-0.350777325239956	0.485	0.541	1.64250088984189e-07	PAK2	c12
0.0796559923586027	0.350619680423538	0.021	0.016	1	N6AMT1	c12
6.78154973823614e-06	-0.350507174145944	0.194	0.239	0.227439615120964	NHP2	c12
0.0355799925007795	-0.350387979891962	0.021	0.029	1	TARS2	c12
7.45078456589822e-05	-0.35032667625324	0.181	0.218	1	HDGF	c12
0.00198443518701091	0.350235469632936	0.058	0.043	1	AC103702.2	c12
0.0174554257521747	-0.350132966987657	0.059	0.074	1	KMT2D	c12
0.000232002712029409	-0.350058118891124	0.15	0.183	1	TRIM27	c12
0.00311388969243966	-0.349909110421036	0.082	0.103	1	NEDD1	c12
9.13357207381129e-05	-0.349887044123901	0.121	0.155	1	COA3	c12
1.56150241781531e-11	-0.349838318528744	0.404	0.473	5.236966808869e-07	RNH1	c12
1.82021716100852e-05	-0.349767230934854	0.16	0.199	0.610464431459036	CPNE3	c12
0.00815232356065866	0.349695652989489	0.117	0.1	1	DENND2D	c12
0.00434645020030756	-0.34952074412131	0.118	0.14	1	SETD1B	c12
0.136288586122755	0.349409044946259	0.02	0.016	1	MAP3K14-AS1	c12
0.0065092647662748	-0.34932231122853	0.06	0.077	1	C11orf24	c12
0.15587368229006	0.349313950007202	0.01	0.007	1	STYK1	c12
1.37032710549822e-13	-0.349147356171755	0.423	0.506	4.59580304641994e-09	BCL3	c12
0.122838234068518	-0.349051332898701	0.028	0.035	1	PAXIP1	c12
0.0896851023606588	-0.34904317335071	0.063	0.073	1	ZNF211	c12
0.00010151368044784	-0.349000873804659	0.131	0.166	1	HSPBP1	c12
0.424304645273772	0.348915592684743	0.013	0.011	1	C10orf143	c12
0.0398040240624463	-0.348763682799478	0.012	0.019	1	ZNF816	c12
0.0382264872300029	-0.34874013902089	0.021	0.029	1	SZT2	c12
0.0285355887207635	-0.348725844322973	0.05	0.062	1	UGGT1	c12
0.100568504266305	0.348689399016174	0.055	0.047	1	ZNF669	c12
0.0115694447631116	-0.348551315848053	0.074	0.09	1	IFIT5	c12
0.255094289472487	-0.348469475731329	0.02	0.024	1	FLVCR1	c12
0.000555651348004346	-0.348302089421764	0.162	0.194	1	BRD7	c12
0.000311314708957939	0.348263819318237	0.148	0.121	1	TBK1	c12
0.00567880753125756	-0.348257789979808	0.084	0.103	1	GMPR2	c12
0.132244157472049	-0.348112436754922	0.019	0.024	1	ERICH6-AS1	c12
0.00717462266861276	-0.348028810252064	0.076	0.095	1	GGCX	c12
0.0133303854793241	-0.348004744251609	0.064	0.08	1	TRIM56	c12
0.396810682892329	0.347986892423443	0.038	0.035	1	TECPR1	c12
2.60378417177329e-06	-0.347955774564401	0.226	0.272	0.0873257135529327	RALGAPA1	c12
0.372612745926148	-0.347912241704242	0.01	0.012	1	CHML	c12
0.000108812161662345	0.347901463738782	0.139	0.11	1	SLC25A33	c12
0.221065259423923	0.347772714527787	0.013	0.01	1	CCR1	c12
0.136425320961393	-0.347254186406579	0.014	0.019	1	ZFP30	c12
0.492148273371034	0.347162124489007	0.017	0.015	1	FAM89A	c12
0.357621356869029	-0.347056459300673	0.009	0.011	1	GPR146	c12
0.0121806184391446	-0.347033093788992	0.068	0.084	1	MRPS27	c12
0.00591057492095079	0.346993734368254	0.079	0.064	1	MAN1A1	c12
0.0121585127061098	-0.34694257811764	0.027	0.038	1	TCEA2	c12
0.00843210068920751	-0.346936346884779	0.036	0.049	1	SLC25A40	c12
0.0146998505450966	-0.346933852036015	0.058	0.073	1	SLC2A4RG	c12
0.244832080852208	0.346841115782292	0.01	0.008	1	C4orf47	c12
0.150099662086448	-0.346599645539639	0.014	0.019	1	PDSS2	c12
0.0331748086987919	-0.346510388301847	0.033	0.043	1	RAD54L2	c12
0.437863961993609	-0.346502530859179	0.02	0.023	1	ARL6	c12
2.97989623385642e-07	-0.346484323493599	0.271	0.324	0.00999397598910768	OGFR	c12
0.000320415250621453	-0.346197835539721	0.158	0.189	1	RNF220	c12
0.969264912712843	0.346173610490521	0.01	0.01	1	TRIM66	c12
0.238515031857224	-0.346147430985045	0.019	0.023	1	TMEM251	c12
0.00195762064470853	-0.346083049525026	0.1	0.123	1	RPAP3	c12
0.0349531323725514	0.345950550455408	0.054	0.044	1	CEACAM21	c12
0.000127060833347061	-0.345897219862073	0.184	0.22	1	MAP2K2	c12
0.00161412051062629	-0.345437104661549	0.109	0.134	1	CHMP7	c12
0.00901673822646475	-0.345420299019814	0.048	0.063	1	NAA80	c12
0.0466367582146891	-0.345377160003689	0.022	0.03	1	SAMD1	c12
0.0106059828870223	-0.345351468791828	0.053	0.068	1	SYNJ1	c12
2.84386114642032e-05	-0.345221639609814	0.146	0.184	0.953774151286446	MCRS1	c12
0.00105950538528527	-0.344985308854391	0.114	0.139	1	DTX2	c12
1.45051007702127e-22	-0.344833789550445	0.62	0.706	4.86472069631393e-18	POLR2L	c12
0.412501982585786	-0.344546088413211	0.01	0.012	1	SH3BP5-AS1	c12
0.0138823069880147	0.344521513992359	0.063	0.051	1	PHYH	c12
0.0863872038505383	-0.344364606429301	0.031	0.039	1	ZNF668	c12
0.0688760241868024	-0.344215874478025	0.086	0.098	1	AOAH	c12
0.00131232994332926	-0.344108225994277	0.117	0.143	1	KIAA1143	c12
0.134753019465498	-0.343985268648059	0.034	0.04	1	GMPPA	c12
0.00029271995552496	-0.343964673339425	0.146	0.178	1	TSTA3	c12
5.46420684994507e-08	-0.343913279365852	0.268	0.326	0.00183258569333458	MRPS34	c12
0.0194429228409104	0.343862131340385	0.043	0.033	1	PRDM10	c12
8.60304744646351e-06	-0.343805207511853	0.157	0.199	0.288529005259493	GPR171	c12
2.90779979023128e-05	0.343739458638634	0.14	0.109	0.975217893647766	CCNG2	c12
0.0905161796268842	0.34358191969755	0.059	0.051	1	UPRT	c12
0.000544646638001401	-0.343396411921972	0.049	0.07	1	ANXA2R	c12
0.014223430921072	0.34331182403697	0.112	0.097	1	NPDC1	c12
0.00435339224352454	0.343016735470969	0.07	0.054	1	SLC9A6	c12
0.00673835502838525	-0.342941333445172	0.066	0.084	1	MGAT4B	c12
0.0502697876800056	-0.34293320273867	0.058	0.069	1	OXR1	c12
2.78538488666427e-05	-0.342910883101325	0.142	0.18	0.934162383289464	ALDH9A1	c12
0.00878789489077732	-0.342828492645134	0.079	0.098	1	ATG9A	c12
0.0652172081319666	-0.342798866360017	0.015	0.021	1	GALNT6	c12
6.20230203045359e-31	-0.342770828537097	0.731	0.802	2.08012805497353e-26	NDUFS5	c12
0.000779329921698033	0.342575864920927	0.123	0.1	1	RBM14	c12
0.0160836004426691	-0.342517546905243	0.05	0.064	1	CEP164	c12
0.0003342498323671	-0.342398058716479	0.104	0.134	1	XRCC1	c12
0.350120852118145	0.342287320268151	0.014	0.012	1	SLC39A11	c12
0.00146268550895693	0.342213531361925	0.132	0.109	1	SLK	c12
0.00136621762907013	0.342170673262173	0.055	0.04	1	ZNF296	c12
6.2832845767276e-07	-0.341987562442378	0.282	0.334	0.021072879813429	UQCRC1	c12
0.00335911124117126	-0.341977058883254	0.055	0.074	1	CPSF3	c12
0.00712159411704013	0.341941331215609	0.082	0.066	1	KLHL6	c12
0.0666301832388964	-0.341887570074795	0.036	0.045	1	FRAT2	c12
0.153944713312731	0.341798839960422	0.048	0.042	1	NUDT9	c12
0.040273937787683	-0.341705819479234	0.046	0.057	1	RTL6	c12
0.467743448872112	0.341675455419516	0.019	0.017	1	PPCDC	c12
0.0074684767724723	-0.34152835902477	0.104	0.125	1	NEK1	c12
0.0383837610405867	-0.341397608762138	0.011	0.018	1	NRROS	c12
3.44441384205744e-08	-0.341209320306031	0.341	0.394	0.00115518751434922	ANXA7	c12
0.140378177125309	-0.34108326402403	0.042	0.049	1	DCAF17	c12
0.0959654768334656	-0.340983970715945	0.038	0.046	1	NBPF11	c12
0.000709020202822586	-0.340920765049878	0.139	0.167	1	MTFP1	c12
0.149491293990391	0.340902642153157	0.017	0.013	1	SLC19A2	c12
0.158622748792325	-0.34073231141547	0.019	0.024	1	CLPB	c12
0.0628343204369464	0.340732199966291	0.048	0.04	1	GRK4	c12
0.000149362422397314	-0.340672053802794	0.134	0.168	1	HRAS	c12
0.0858783985898723	0.340568472344584	0.052	0.044	1	SCAPER	c12
0.15514293112417	0.340528770932137	0.035	0.03	1	DIXDC1	c12
0.0315920636726752	-0.34051832433703	0.07	0.084	1	OAS3	c12
0.281893708814155	-0.340349507655732	0.007	0.01	1	MDK	c12
0.245044326072583	-0.34031975703427	0.019	0.023	1	NARS2	c12
0.517007368124601	-0.340188727862956	0.011	0.012	1	AP005019.1	c12
0.0772909027901565	-0.340161289587779	0.052	0.061	1	ZNF71	c12
0.00146999229884149	-0.340161274546079	0.092	0.117	1	SNAPC5	c12
0.0947194523956295	-0.340042850726703	0.009	0.013	1	ARHGEF5	c12
0.000368020204095346	-0.340016744583841	0.102	0.131	1	MRPS11	c12
2.06633896743351e-07	-0.339978069516251	0.268	0.323	0.00693008762897851	METTL26	c12
0.0663065926734783	-0.339880879480351	0.022	0.029	1	ANKMY1	c12
0.0187299663340659	-0.339760531409753	0.063	0.078	1	HCCS	c12
9.88644259858117e-62	-0.339668113387944	0.971	0.985	3.31571511871215e-57	SARAF	c12
0.324514950208723	0.339657111019282	0.021	0.018	1	ZBTB34	c12
0.00216183097844982	-0.33962708590214	0.078	0.099	1	KAT8	c12
0.00107174284485084	-0.339571757945994	0.172	0.2	1	HERC1	c12
0.00039991300528492	0.339498362452308	0.22	0.189	1	STAT1	c12
0.155108746118289	0.33947421584861	0.044	0.038	1	PSPH	c12
0.00928871117524186	-0.339452921040983	0.104	0.124	1	COMT	c12
2.65002604834361e-05	0.339392411254301	0.115	0.086	0.888765736093482	SYNGR3	c12
0.0229741666557991	-0.339311213381873	0.079	0.095	1	DDX19A	c12
0.0198687454498094	-0.339276043561458	0.076	0.092	1	HAUS1	c12
0.10654647128087	-0.339236630811957	0.015	0.021	1	HLF	c12
0.00623959897423582	-0.339157897469331	0.05	0.066	1	TASP1	c12
0.0109084702131704	-0.339131100616055	0.12	0.14	1	LRWD1	c12
0.000527505541307226	-0.33898778538105	0.109	0.137	1	DDX42	c12
2.00907973531061e-06	-0.338856649654989	0.316	0.361	0.0673805161628471	SLA	c12
0.00459278704162272	-0.338772372199518	0.022	0.035	1	CENPW	c12
0.000196872436272222	-0.338756811317455	0.158	0.191	1	TAF3	c12
0.147415653855574	-0.338689592374918	0.009	0.013	1	POLA1	c12
0.00206934570467899	-0.338684693676452	0.143	0.169	1	BRD3	c12
0.0140494596426887	-0.33867195451086	0.076	0.092	1	ST3GAL5	c12
0.513748707073249	0.338531567366438	0.033	0.031	1	SORD	c12
0.00625861463916146	-0.338342734976688	0.173	0.196	1	PTK2B	c12
0.0103538074610505	-0.33833637983425	0.08	0.099	1	ESYT2	c12
0.301945601094389	-0.338232937483603	0.017	0.02	1	SNURF	c12
0.00048812243715198	-0.338169202390842	0.058	0.081	1	COA5	c12
0.00418068652620894	-0.338155694977459	0.079	0.099	1	SDHAF1	c12
4.2863927187961e-13	-0.338136452306945	0.61	0.647	1.43757039002984e-08	CD8B	c12
0.028322207344519	-0.338062697034553	0.03	0.04	1	ZNF707	c12
0.339178930279745	0.338046675284942	0.027	0.024	1	ELP4	c12
0.000532026381877547	-0.337940773545347	0.092	0.118	1	NSMCE4A	c12
6.4483560459129e-09	-0.337931881683129	0.316	0.377	0.000216264965067827	C1QBP	c12
0.000318162081429638	-0.337896062565026	0.077	0.104	1	NIT1	c12
0.001179965677481	0.337804811643456	0.103	0.082	1	SPSB1	c12
0.057221276579949	-0.337745298227607	0.026	0.034	1	AC005261.1	c12
0.00423604924679124	-0.337668606869898	0.077	0.096	1	KHSRP	c12
1.002470390019e-07	-0.337441385509961	0.278	0.334	0.00336208519404572	TMEM160	c12
0.0184776995687531	-0.337303371614543	0.085	0.101	1	SLC25A4	c12
2.80542245227553e-07	-0.337235968620883	0.259	0.311	0.00940882582044169	NDUFAF3	c12
0.073632990131075	-0.337231656762748	0.021	0.028	1	ZNF41	c12
4.25598979519343e-06	-0.336848916584707	0.265	0.311	0.142737385751197	C19orf70	c12
0.436849786494963	0.3368030921972	0.023	0.021	1	TPTEP2-CSNK1E	c12
0.000244535146278737	-0.336543772590474	0.155	0.189	1	TPST2	c12
0.00291184635568335	-0.336408052122829	0.072	0.092	1	CRLS1	c12
0.042383584067138	0.3360255612748	0.064	0.053	1	THAP9-AS1	c12
0.300889213057909	0.33602097879733	0.012	0.01	1	AC138969.1	c12
0.2513080769758	0.336012049229983	0.049	0.043	1	MINPP1	c12
0.00102412687953098	-0.335966872021208	0.124	0.152	1	EIF3B	c12
0.216071621670405	0.33593798990873	0.018	0.014	1	EHBP1	c12
3.62117606215991e-13	-0.33571082467184	0.645	0.685	1.21447002772719e-08	HMGN2	c12
0.124660553086947	-0.335691543364157	0.035	0.042	1	BAHD1	c12
0.0119186416148976	-0.335690805220535	0.074	0.091	1	NMRAL1	c12
1.64184046118989e-11	-0.335626254638688	0.459	0.52	5.50640453873864e-07	SNRPD3	c12
0.177301268802136	0.335623478303026	0.01	0.007	1	CCDC24	c12
0.000947743246566949	-0.335380291337249	0.078	0.102	1	PPFIA1	c12
0.00011425933061831	-0.335362863910775	0.145	0.18	1	RNASEH2B	c12
1.60876075358931e-23	-0.335276805329926	0.728	0.769	5.39546181538782e-19	CORO1A	c12
0.00215475993147599	-0.335221465846147	0.101	0.125	1	SIPA1L1	c12
0.105836459918605	-0.335084384222122	0.022	0.028	1	NSUN6	c12
0.018016342101053	-0.335082062844177	0.043	0.056	1	WDR70	c12
0.0862839840896304	-0.335052579611387	0.064	0.074	1	AMFR	c12
0.00362589431860461	-0.335040904868199	0.084	0.105	1	NPRL2	c12
0.0100150586677616	-0.335019845868733	0.037	0.05	1	SNX19	c12
1.81013817463603e-06	-0.334865618229027	0.294	0.342	0.0607084141009431	POLR2F	c12
0.0271750807404253	-0.334834115103622	0.057	0.07	1	USP24	c12
0.000556579046839047	-0.334828909251092	0.183	0.214	1	IRF2BP2	c12
0.00696125609691542	-0.334816895227798	0.128	0.15	1	RASSF7	c12
0.110592693360727	-0.334698996524029	0.038	0.046	1	C9orf85	c12
0.00194480307588132	-0.334601119347351	0.079	0.101	1	KIAA0100	c12
0.17605298238613	-0.334567372597245	0.011	0.014	1	ERRFI1	c12
0.00528803182433315	-0.334447188830931	0.087	0.107	1	HIPK3	c12
0.0894644329576978	-0.33438701733245	0.035	0.043	1	RAB40C	c12
5.43232608677924e-05	-0.334273097136712	0.202	0.24	1	PGD	c12
3.01054197776388e-05	0.334175801781256	0.276	0.238	1	ATP6V1B2	c12
0.0119891796128562	-0.334085732179566	0.062	0.078	1	ZDHHC16	c12
0.124619506756037	-0.334043095729176	0.047	0.056	1	POLH	c12
0.0849135414361986	-0.3340381541515	0.02	0.027	1	EID2	c12
1.93042027310445e-05	0.333968265039845	0.124	0.095	0.64742435119377	GADD45G	c12
0.006545278788891	-0.333914446317317	0.082	0.101	1	MRTO4	c12
0.00536257097299259	-0.33366767496636	0.097	0.118	1	TRIM33	c12
0.0354597222475997	0.333571188074973	0.044	0.035	1	KLF7	c12
0.0367472737441237	-0.333560747776602	0.095	0.109	1	RUFY1	c12
0.0122968782234438	-0.333559989997502	0.046	0.06	1	VIPAS39	c12
1.12792645377162e-05	0.33350523969964	0.179	0.143	0.378283974065926	PPTC7	c12
0.323806304000363	0.333394451950651	0.038	0.034	1	ARHGEF9	c12
0.0222138938823787	-0.33338645014459	0.076	0.091	1	TEX30	c12
0.00396813521931291	-0.333257338518513	0.09	0.111	1	FBXO42	c12
3.92346799917401e-12	-0.33325507506341	0.451	0.523	1.31585269756298e-07	CD247	c12
0.078858104979632	0.333233712627961	0.051	0.042	1	UGDH	c12
0.00148683802205882	-0.333184104896682	0.095	0.119	1	CD2AP	c12
0.0223639876797384	-0.333089771557577	0.063	0.077	1	DGCR8	c12
0.226973494101036	0.333051573128287	0.014	0.011	1	MUC16	c12
0.118411041349375	-0.332979030211063	0.009	0.013	1	QPCTL	c12
0.00148487225264061	0.332931279395861	0.118	0.096	1	CDR2	c12
0.130728254754501	-0.332923525716153	0.013	0.017	1	SRGAP2B	c12
0.00133705834724987	-0.332687635432931	0.102	0.127	1	ERVK3-1	c12
0.172711899796138	-0.332656892003536	0.036	0.042	1	TATDN2	c12
0.10638275017042	-0.332628048765805	0.029	0.036	1	CYB561D1	c12
0.0017808221230475	-0.332554048968814	0.108	0.133	1	YIF1B	c12
0.263209277542505	-0.332419343968203	0.022	0.026	1	NCS1	c12
0.119823145655838	-0.332187734411429	0.037	0.044	1	VPS50	c12
1.68121201438117e-06	-0.332116584714398	0.295	0.341	0.0563844885383156	TUSC2	c12
0.000738215385298384	-0.331937711573163	0.154	0.184	1	LPCAT3	c12
0.0101168271670878	-0.331893349982312	0.065	0.082	1	GTF3C2	c12
0.103369009119629	-0.331680150545461	0.01	0.015	1	CCDC74A	c12
0.00886630038005076	0.331674491183069	0.068	0.054	1	AC058791.1	c12
0.0011567844706381	-0.331572583340977	0.117	0.144	1	PPIE	c12
0.320062454536138	-0.33155887585748	0.025	0.028	1	PGM3	c12
0.0724322931767476	-0.33143903615119	0.044	0.054	1	FBXL6	c12
0.00563439362721739	-0.33132782214648	0.051	0.068	1	CDK10	c12
0.0357037657231035	-0.331166295355852	0.021	0.03	1	CEP128	c12
0.00709053330322693	-0.331158259512916	0.058	0.075	1	NDUFAF2	c12
0.309232276682353	-0.330977203886622	0.023	0.027	1	C2CD2L	c12
0.190321142617485	-0.330939168637025	0.061	0.069	1	MEPCE	c12
0.171220685645225	-0.330895455495047	0.023	0.029	1	URB2	c12
0.00480201223094284	-0.330664877823569	0.102	0.123	1	NUPL2	c12
0.000597954571128183	-0.330656523448935	0.106	0.134	1	MGRN1	c12
0.053313758456493	-0.330637265027653	0.062	0.073	1	AGAP2	c12
0.026146807376377	-0.330452817822604	0.104	0.12	1	NUS1	c12
0.210552957677192	-0.330443010565383	0.022	0.027	1	WWC3	c12
0.299407617598382	0.3303443622798	0.013	0.011	1	SLC38A7	c12
0.000708758222294124	-0.330251610115725	0.184	0.214	1	API5	c12
0.0176334892785274	-0.330250558653751	0.046	0.06	1	STMN3	c12
0.0497646876117053	-0.330240114038425	0.06	0.071	1	FBH1	c12
0.0285121861740579	-0.330152413900278	0.02	0.028	1	PARP2	c12
0.00519489037191818	0.330069432957908	0.05	0.037	1	CRYZ	c12
1.53236929104199e-05	0.329805921205125	0.211	0.173	0.513926012829662	ARHGEF2	c12
2.95254189319243e-06	0.329799874305565	0.21	0.169	0.0990223500138879	ZFC3H1	c12
0.773312525095225	0.329675067923094	0.018	0.019	1	APP	c12
0.551986923985563	-0.32946649189409	0.009	0.01	1	AC145124.1	c12
0.12772516186565	-0.329439357457116	0.011	0.015	1	BCKDHB	c12
0.00250490684833596	-0.329418601184886	0.078	0.1	1	TMEM101	c12
7.26739845319294e-33	-0.329377262922557	0.936	0.949	2.43734009323185e-28	MT-ND1	c12
0.356465380872919	-0.329353443621783	0.012	0.014	1	HIST1H4F	c12
0.98767255750759	0.329327833073458	0.022	0.023	1	COPG2	c12
0.145665301335173	-0.329291442006954	0.022	0.028	1	SGSM2	c12
0.108189157196984	-0.329035872537666	0.042	0.05	1	ABHD4	c12
7.49541411933892e-06	-0.329019208745876	0.214	0.259	0.251381198734389	CISD2	c12
0.0227633871213479	-0.328948141986982	0.095	0.111	1	ABHD13	c12
0.135253008410138	-0.328844956762584	0.041	0.049	1	SCYL3	c12
0.0037345484896952	0.328825458946521	0.084	0.067	1	CTNNA1	c12
1.19082568988643e-05	-0.328749919730433	0.178	0.22	0.399379119874111	RABEP1	c12
1.43620046097246e-07	-0.32874758286183	0.338	0.387	0.00481672910600942	STUB1	c12
0.000157017335024843	-0.328735880032295	0.152	0.187	1	FBXL5	c12
0.0040455477927143	-0.328694148273074	0.077	0.097	1	RAB28	c12
0.0634173673380928	-0.328645384876149	0.045	0.055	1	NUDCD1	c12
1.89876344687738e-13	-0.328484103134021	0.498	0.562	6.36807284813736e-09	CCSER2	c12
0.0834393932472799	-0.328483451501671	0.025	0.032	1	PAQR4	c12
0.0112600920868876	-0.328277333877717	0.066	0.082	1	SC5D	c12
0.000546089045128904	-0.328261502793462	0.178	0.21	1	CDK11B	c12
0.0116156212349842	-0.328189175465683	0.066	0.082	1	RAD51C	c12
0.0879892612575416	-0.328183767231953	0.072	0.082	1	EGLN1	c12
0.778600279219067	-0.327913144260897	0.016	0.017	1	DDX43	c12
1.06095213355017e-06	-0.327854151062194	0.336	0.384	0.0355822126550056	LBH	c12
0.0563791851968268	-0.327832168183165	0.055	0.066	1	TOP3A	c12
0.00237611737488618	0.327818550381197	0.107	0.087	1	APOBEC3F	c12
0.263542727563537	-0.32768461807551	0.009	0.012	1	PCOLCE	c12
0.277653951149149	-0.327401553460817	0.01	0.012	1	RRAS	c12
0.00208009747112291	-0.327372235409747	0.165	0.191	1	TUT4	c12
0.119102411731862	0.327357726420981	0.052	0.045	1	GPR89B	c12
0.0400438288795358	-0.327269508207075	0.093	0.108	1	KIAA0319L	c12
0.0145378718263019	0.327260144754327	0.095	0.08	1	SEMA4A	c12
0.162600018106792	-0.327222365151643	0.05	0.057	1	GIT1	c12
0.117380403445622	-0.327202169064315	0.027	0.034	1	ZMYM3	c12
0.0418293764494387	-0.32710319560559	0.049	0.06	1	TMEM39B	c12
0.301257875526981	-0.327001885643901	0.013	0.016	1	MCF2L2	c12
0.000576947568927318	-0.326911924712782	0.143	0.173	1	TM9SF3	c12
0.00580053618547753	-0.326909083090203	0.061	0.079	1	TRIM14	c12
0.00159142949102573	0.326905075442621	0.098	0.078	1	MAFG	c12
0.199729600833806	-0.326889776801223	0.019	0.023	1	DHX58	c12
0.000977969273887502	-0.326755972362353	0.085	0.109	1	SH3GL1	c12
0.0554443799052685	-0.326726987975068	0.053	0.064	1	ATAD2B	c12
0.0224582391382332	-0.326711001099893	0.071	0.086	1	FAM173A	c12
0.00313819268764819	0.326579079231902	0.094	0.076	1	APOL3	c12
0.118925195518202	-0.326576524177262	0.019	0.025	1	PIGN	c12
0.0100003333920354	-0.326524335103538	0.085	0.104	1	TMEM214	c12
0.260285345312082	-0.32650074707385	0.022	0.026	1	DSE	c12
0.0617842708012911	-0.326496162210923	0.05	0.06	1	ZSCAN16	c12
0.00096516636911763	-0.326318051164212	0.107	0.133	1	NAE1	c12
2.61022720246094e-11	-0.326251025448666	0.442	0.512	8.7541799916135e-07	ANXA11	c12
0.000105543529615614	-0.326212843550932	0.17	0.206	1	TXN2	c12
0.0237438048249154	0.326204870922271	0.055	0.044	1	RSAD2	c12
0.0646868911334908	0.32618838883855	0.053	0.044	1	MANEA	c12
0.00345311455513796	-0.326184468785924	0.119	0.143	1	GGA1	c12
0.0456301157733487	-0.326109037833198	0.057	0.069	1	PIK3C2A	c12
0.104075228253257	-0.326073874798608	0.036	0.044	1	TCF3	c12
1.9785043439763e-06	0.325965440835753	0.26	0.216	0.0663550786882773	LAMTOR3	c12
0.443419282605081	-0.325631999173255	0.012	0.014	1	GDF11	c12
0.293929954198723	-0.325567992242261	0.013	0.016	1	SRR	c12
0.32644753100433	-0.325517317539898	0.019	0.022	1	SCRIB	c12
0.0821945767311117	0.325502254409665	0.03	0.024	1	TYW1B	c12
0.0370597447324581	-0.32543903923432	0.043	0.054	1	RANBP6	c12
0.0123112467909576	-0.325108659891895	0.068	0.084	1	HPS3	c12
0.000440313941495232	-0.325053562077523	0.14	0.17	1	CKAP2	c12
0.0663084229151522	-0.32502098616498	0.054	0.064	1	MRNIP	c12
0.0564511307927479	-0.324910860720792	0.031	0.04	1	TUBGCP6	c12
5.69587949224199e-07	-0.324908087318923	0.277	0.329	0.0191028406410812	TXNL4A	c12
0.0910669101975619	-0.324802789965225	0.014	0.019	1	AMN1	c12
0.0513825442422144	-0.324768187711493	0.067	0.079	1	RABGGTA	c12
0.000153010239909025	0.32475177645087	0.099	0.075	1	CPNE7	c12
6.84662155027283e-05	-0.324748484594037	0.203	0.242	1	RBM5	c12
1.09090535526825e-05	-0.324737852823062	0.206	0.251	0.365867838049865	SHKBP1	c12
0.030993443997575	-0.324687903377208	0.038	0.049	1	ZNF212	c12
0.012629872479807	-0.324612053027018	0.071	0.088	1	SAYSD1	c12
0.0027592439767134	-0.324564255529908	0.123	0.147	1	TOP2B	c12
0.000158033920442827	0.324528368199323	0.243	0.21	1	SLC20A1	c12
1.89354972952219e-05	-0.324220543902222	0.284	0.322	0.635058708287152	IL10RA	c12
0.0639377550634511	-0.324189907321855	0.044	0.053	1	NUP155	c12
0.0287672256697208	-0.323940273474498	0.056	0.069	1	INTS4	c12
0.247359580654271	-0.323898028664185	0.01	0.013	1	PPP1R3F	c12
1.99393427379739e-05	0.323752445649488	0.116	0.087	0.668725676746168	IGF2R	c12
0.0223096666125325	-0.323599341291509	0.087	0.103	1	EDEM2	c12
0.00534076480705107	0.32354555962415	0.093	0.075	1	HYPK	c12
3.33705858352489e-05	-0.323483565146217	0.242	0.281	1	TPGS1	c12
0.158386333743734	-0.323437500459248	0.033	0.039	1	C9orf64	c12
0.00383242202047887	-0.323326729439224	0.079	0.1	1	ZFPL1	c12
0.0111362974621007	-0.323252134428604	0.094	0.113	1	DCAF5	c12
5.19491738325065e-34	-0.323143030292472	0.916	0.941	1.7422713919946e-29	MT-ND5	c12
0.228459020379667	-0.323140547426515	0.029	0.034	1	ZNF646	c12
0.00425286060778133	-0.323120287075804	0.101	0.123	1	PURA	c12
0.0660398404942391	-0.323112177647663	0.057	0.068	1	MSRB1	c12
0.461852262542924	-0.323035566618278	0.019	0.021	1	TRAV16	c12
0.000112606285209691	-0.322954344092387	0.295	0.333	1	SLC16A3	c12
0.000746095013612562	-0.322858911261602	0.142	0.171	1	STK40	c12
0.0571820925598406	-0.322831364516045	0.041	0.05	1	MED13L	c12
0.00233227463343481	-0.322822583352934	0.189	0.215	1	TRAF3IP3	c12
5.37888929898182e-06	-0.322714045153399	0.232	0.278	0.180397189309252	ALKBH7	c12
0.00626959912479138	0.322709266535028	0.022	0.014	1	TRAV26-2	c12
0.167290012701155	-0.32266359840622	0.025	0.031	1	TCEANC2	c12
3.83154496729123e-07	-0.322654979167755	0.389	0.435	0.0128502355113013	IER2	c12
0.0147649653227348	0.322508885561318	0.1	0.084	1	LMO4	c12
0.211208772758492	-0.322484043131338	0.021	0.026	1	GHDC	c12
0.006897170417597	-0.32237771784315	0.122	0.143	1	GLT8D1	c12
0.012101802351536	-0.322365914020369	0.102	0.12	1	PCID2	c12
0.000782935640242721	-0.322337497815942	0.327	0.352	1	BICDL1	c12
0.00342676055253452	-0.322201934967733	0.085	0.106	1	NMD3	c12
0.483386536752757	-0.322179651545193	0.02	0.023	1	SPSB2	c12
0.00660250540370864	-0.321843830901499	0.12	0.141	1	FBXO31	c12
0.000311342564638458	-0.321701000530836	0.206	0.239	1	TMEM50B	c12
0.0109078117515139	-0.321669751644781	0.096	0.116	1	PGM1	c12
0.000133681988060088	-0.321653094692097	0.126	0.16	1	UBE2V2	c12
0.0322651989237829	0.321604731120011	0.039	0.031	1	TET3	c12
0.000319315589997449	-0.321504761912147	0.112	0.142	1	EIF4EBP2	c12
0.663952283240172	-0.321504660633127	0.029	0.03	1	AL662844.4	c12
0.0181677628777732	-0.321474940237429	0.063	0.078	1	ZNF766	c12
1.77652842684444e-11	-0.321398122330286	0.507	0.564	5.95812103795087e-07	EML4	c12
0.0442829045173447	-0.321352563514695	0.096	0.11	1	C8orf33	c12
0.0664590491337138	-0.321271348440988	0.04	0.049	1	SLC38A5	c12
0.0339236490668716	-0.321227182635205	0.017	0.024	1	ITGA2	c12
1.36457501315633e-27	-0.321181490028112	0.781	0.832	4.57651167912371e-23	PPIB	c12
0.0422820264863873	0.321113775488506	0.099	0.086	1	NAF1	c12
0.00681791603743933	0.321084298187729	0.083	0.067	1	FAM172A	c12
0.000329934808805254	-0.32104478523119	0.17	0.204	1	UPF3A	c12
0.0520119754394716	-0.321000570210179	0.036	0.045	1	SNUPN	c12
0.00398107212775418	-0.320928994725904	0.104	0.127	1	TUBGCP2	c12
0.411434537885936	-0.32089368948734	0.01	0.012	1	SLC45A4	c12
2.55563071055905e-08	-0.320892751095681	0.356	0.413	0.000857107427707293	DDX46	c12
0.126585815690061	-0.320843372523738	0.039	0.047	1	TRIM39	c12
0.00406318256452549	-0.320765910244686	0.078	0.098	1	ELP6	c12
0.255386853736333	-0.320658362529922	0.027	0.031	1	LZTS2	c12
8.829574103939e-07	-0.320644546781686	0.272	0.323	0.0296126256297906	MRPL34	c12
0.00484031956371185	-0.320625147606183	0.085	0.105	1	ZC3H3	c12
0.0142581324014588	-0.320555760337823	0.044	0.057	1	PGS1	c12
0.104107968446737	-0.320543412067894	0.046	0.054	1	DNAL1	c12
0.0352377175378699	-0.320519554563583	0.039	0.05	1	SLC38A9	c12
0.231208899393786	-0.320476264900362	0.024	0.029	1	TRBV9	c12
0.00133313781822118	-0.320468131019205	0.118	0.144	1	DHX38	c12
0.613908618510514	0.320203775992569	0.01	0.009	1	ATP9A	c12
0.0432028723215631	-0.320148118651449	0.055	0.067	1	FMR1	c12
0.800895371503007	0.319993171334056	0.014	0.013	1	CCDC71L	c12
0.0222494019248762	-0.319917054757249	0.044	0.056	1	ENDOV	c12
0.00378157145371194	-0.319864402930766	0.082	0.102	1	VAV1	c12
0.0459937993049968	-0.319756989354346	0.091	0.104	1	TM9SF4	c12
0.00756498595391587	-0.319616153110194	0.083	0.102	1	VPS11	c12
0.00144319167344218	-0.319566622784896	0.208	0.236	1	PPM1K	c12
0.0369979383469281	-0.319494362134011	0.062	0.075	1	NCOA6	c12
5.59109975791182e-07	-0.319478191052555	0.317	0.367	0.0187514303680847	FKBP2	c12
0.0799893077002854	-0.31931320751612	0.029	0.037	1	TAF5L	c12
4.55377061366368e-08	-0.31898572967112	0.421	0.468	0.00152724358841052	SRRT	c12
0.00812686407131179	-0.318975192096411	0.096	0.116	1	MAP3K11	c12
0.399496351835246	-0.318833265322497	0.026	0.029	1	EMG1	c12
0.000733491981918239	-0.318719239030506	0.149	0.179	1	EFTUD2	c12
0.297808533830552	0.31863090889883	0.012	0.009	1	OLFM2	c12
0.00407917614654599	-0.318570467053485	0.023	0.036	1	MTX2	c12
1.2479676691312e-05	-0.31837428691326	0.271	0.314	0.418543396873222	SCAMP3	c12
0.0580239221880576	-0.318317601701721	0.081	0.093	1	C1orf50	c12
0.000320814146457099	0.318216813357786	0.277	0.244	1	AL133415.1	c12
0.134556956853092	0.318171804078142	0.049	0.042	1	WDR76	c12
0.0932246658993632	-0.318170493249587	0.065	0.075	1	PRMT9	c12
0.0184788880350031	-0.318128054305069	0.027	0.038	1	HAUS8	c12
0.0107560047978266	-0.318013994869419	0.098	0.116	1	ICMT	c12
3.71705583444909e-05	-0.318002704044035	0.161	0.2	1	KCNAB2	c12
0.110084716887113	-0.317823365531817	0.029	0.036	1	AC067852.2	c12
0.0706944131714993	0.317821917847326	0.028	0.022	1	C22orf34	c12
0.0197136915445433	-0.317757940148651	0.052	0.066	1	EDEM1	c12
0.730763692493118	0.317749671846006	0.02	0.019	1	SPATS2	c12
0.0174918158823129	-0.317744592428056	0.071	0.087	1	DTD1	c12
0.00537587607167426	0.317736622598136	0.068	0.053	1	FYCO1	c12
0.000542777950306533	-0.31761363616228	0.203	0.236	1	NUMA1	c12
3.52925198769701e-05	-0.317603265791579	0.216	0.258	1	ERICH1	c12
0.0934576349212023	-0.317429996214742	0.024	0.031	1	TMEM254	c12
0.00524374746197569	0.31720751481095	0.127	0.108	1	IFIH1	c12
0.21804321376121	-0.317120311454801	0.02	0.024	1	DDX51	c12
0.155015310985851	0.317100616572235	0.048	0.042	1	KCNK5	c12
0.047669260815208	0.317061944235781	0.055	0.046	1	TRBV6-5	c12
0.0890155536606818	-0.316968934596604	0.027	0.034	1	MARCH3	c12
0.0654811547165614	-0.316960157072118	0.055	0.066	1	NEK9	c12
1.39843339550093e-05	-0.316951471877953	0.267	0.31	0.469006592183103	MVP	c12
0.254805635368613	-0.316889649127909	0.013	0.017	1	THEM6	c12
0.138361639015638	-0.316771008750451	0.027	0.033	1	NOL12	c12
0.113036201563031	0.316752771405729	0.018	0.013	1	C16orf46	c12
0.134439857817229	-0.316576241842872	0.063	0.072	1	SMAD7	c12
4.0893153379363e-07	-0.31657331425999	0.313	0.366	0.0137147457803708	NDUFA5	c12
0.116714279886149	-0.316505203656301	0.032	0.039	1	ZNF250	c12
0.306653213084346	-0.316490397645872	0.019	0.023	1	UVSSA	c12
0.000420751625955348	-0.316383005493654	0.115	0.144	1	ACLY	c12
0.0860222822791867	-0.316266966450094	0.058	0.068	1	MTG2	c12
7.65399533236825e-05	0.316222815659593	0.151	0.121	1	FBXW7	c12
1.95239337231822e-05	-0.31616723074259	0.24	0.285	0.654793689208084	TMEM14B	c12
0.012226685232479	-0.31611619928221	0.085	0.102	1	STK25	c12
0.174551070345476	-0.316059770146978	0.016	0.021	1	AL691432.2	c12
0.0598667401952506	-0.315966040659658	0.04	0.05	1	CLCN7	c12
0.00675747332162452	-0.315922258272346	0.07	0.088	1	NXPE3	c12
0.126557929508354	-0.315900561172565	0.054	0.062	1	MARK4	c12
0.00672487616064729	-0.315889869447487	0.096	0.116	1	ISCA2	c12
1.46800671530054e-07	-0.315793764429402	0.35	0.404	0.00492340092177494	IMP3	c12
4.29588319534642e-06	0.315734100003942	0.224	0.183	0.144075330605528	TUT7	c12
0.203848097770389	-0.315699910721336	0.03	0.036	1	CAPN15	c12
0.00507498125088731	0.315370653406888	0.117	0.097	1	HELB	c12
6.41944498628744e-20	-0.315145567648715	0.825	0.85	2.15295345950108e-15	PGK1	c12
0.0963256880671584	-0.314915924421293	0.098	0.109	1	ITPRIP	c12
0.0875661172166999	-0.314763914581667	0.064	0.075	1	RCOR1	c12
0.0010514009054462	-0.31474207584593	0.159	0.188	1	UNC45A	c12
0.0233873021268837	-0.314728037087092	0.064	0.078	1	C1orf123	c12
0.0505814179238661	-0.314713295902247	0.071	0.083	1	R3HDM1	c12
0.00202255960503274	-0.31468884114724	0.096	0.12	1	AAR2	c12
0.463819366527359	-0.314658762964991	0.019	0.021	1	MDGA1	c12
0.00225215869884127	-0.314644950109054	0.107	0.131	1	CCDC25	c12
7.74878765472307e-12	-0.314620053461104	0.51	0.567	2.59878840364102e-07	GSPT1	c12
0.00513489880849744	0.31451042282255	0.083	0.067	1	APOBEC3D	c12
0.155582383706746	-0.314467048069023	0.009	0.012	1	PAN2	c12
0.00382062918837795	-0.314444687631634	0.086	0.108	1	XPO4	c12
0.0627815970720672	0.314426222738059	0.01	0.006	1	IL21	c12
0.0144990267606808	0.314197542829408	0.112	0.095	1	HLTF	c12
0.652049478973961	0.31408928030709	0.02	0.019	1	MTHFD2L	c12
0.165718277444213	-0.313991095776227	0.022	0.027	1	MED18	c12
0.000222112299719633	-0.313986044358266	0.172	0.207	1	PGLS	c12
0.00105827923499834	-0.313982909088028	0.172	0.201	1	ZNF148	c12
0.00352651302812429	-0.313955951908092	0.18	0.204	1	SUZ12	c12
0.0922086215257305	-0.313936345066074	0.015	0.021	1	METTL25	c12
0.0215007298123121	-0.313898090506154	0.051	0.064	1	GRAMD1B	c12
0.236624153196796	-0.31384229659924	0.02	0.024	1	P2RX5	c12
3.73250973929078e-06	-0.313780633046586	0.262	0.308	0.125180911636334	NARF	c12
0.0514515685236334	-0.313638096076996	0.05	0.06	1	OGFOD3	c12
0.0938388288716195	-0.313487681950558	0.042	0.05	1	PROSER3	c12
0.0164436204258524	-0.313405824735956	0.069	0.085	1	FUBP3	c12
1.84126697498735e-06	0.313309841372643	0.298	0.251	0.0617524118071256	SLC5A3	c12
0.0787377325407797	-0.312987189460813	0.048	0.057	1	ZNF584	c12
0.317895213333237	0.312886530480331	0.019	0.016	1	SLC43A1	c12
0.0300196898414389	-0.312818847272915	0.095	0.11	1	PINK1	c12
5.94896771848033e-27	-0.312596849485489	0.861	0.886	1.99516479342393e-22	YWHAB	c12
0.146731491910143	0.312587897299065	0.03	0.025	1	MMP25-AS1	c12
1.04513445894105e-05	0.312545441520562	0.173	0.137	0.350517194839649	CCNT2	c12
0.000569933957817947	0.312505063024235	0.152	0.125	1	LARP4	c12
0.00115536787814915	-0.312427413892885	0.125	0.152	1	SYVN1	c12
0.109846486370223	-0.312044355645799	0.047	0.056	1	RBMXL1	c12
0.00490914049828252	-0.312017774378331	0.118	0.14	1	GLIPR2	c12
0.101165657416015	-0.311939078511851	0.03	0.037	1	PIGU	c12
0.0501724905815724	-0.311858456697915	0.029	0.038	1	SYNGAP1	c12
0.00247465210578078	-0.311787933014917	0.179	0.206	1	HGS	c12
0.000191676082215091	-0.311761565610902	0.227	0.262	1	SOCS1	c12
0.0101853459363537	0.311599829873737	0.131	0.113	1	DDHD1	c12
0.0926121897134233	-0.311598930942496	0.017	0.022	1	KIAA1841	c12
0.145035230127197	0.311595739368022	0.027	0.022	1	CEP112	c12
0.000394843352236061	-0.311338173226319	0.273	0.306	1	CCND3	c12
0.0513419521731429	0.311320577436233	0.051	0.041	1	TMEM192	c12
0.213870214329225	-0.31128319879399	0.017	0.021	1	TRIM68	c12
0.270228008072903	-0.311143081288238	0.017	0.021	1	OXSM	c12
0.527944189387092	-0.311021864204749	0.013	0.015	1	IL1RN	c12
0.133220259438914	-0.310961841430232	0.008	0.012	1	SESTD1	c12
9.84237703062263e-05	-0.310901888125621	0.178	0.215	1	FTSJ1	c12
0.000382346436690424	0.31088037567803	0.185	0.156	1	HSPA13	c12
0.00024250975141629	0.310865480375393	0.175	0.146	1	HAUS2	c12
0.0380493467949497	-0.310809891945927	0.029	0.038	1	DHX37	c12
8.95114389767054e-06	-0.310714765621106	0.211	0.256	0.300203464040075	RNF216	c12
0.00135455658408745	-0.310712134076572	0.122	0.149	1	CUEDC2	c12
0.00629758380770082	-0.310630373395512	0.135	0.158	1	TOM1	c12
0.00346578292537546	0.310563564132681	0.082	0.064	1	DZIP3	c12
0.0959810154565299	-0.310548403625682	0.029	0.036	1	ZBTB5	c12
0.000679029206194762	0.310429633556157	0.146	0.119	1	KIF3B	c12
0.868060976236501	0.310403300578431	0.018	0.018	1	AURKA	c12
0.282735582539714	-0.310142634604845	0.01	0.013	1	DYNC2LI1	c12
0.154896956845925	-0.310050396188291	0.037	0.044	1	MOSPD2	c12
9.29520105922923e-35	-0.310005108594448	0.918	0.931	3.1174245312443e-30	PABPC1	c12
0.115692250189934	-0.309951153292546	0.033	0.04	1	IFT80	c12
0.306830091233704	-0.309906767210538	0.008	0.01	1	HIST2H2BF	c12
0.00639616236284338	-0.30972075249924	0.105	0.126	1	C6orf47	c12
0.00117867757949104	-0.309646656116421	0.124	0.152	1	TPRKB	c12
0.0116681764104645	-0.309476204766415	0.082	0.1	1	PAFAH1B3	c12
0.000236255991791058	-0.309435525928596	0.152	0.186	1	MRPS23	c12
0.0268662233348291	-0.309324505980038	0.08	0.095	1	KATNB1	c12
0.00288071164583691	-0.309191191904155	0.129	0.153	1	LIX1L	c12
0.00116286021584869	-0.309078744269574	0.125	0.152	1	BCKDK	c12
0.000171207239670275	-0.309052633892443	0.159	0.193	1	ATG4B	c12
0.289625602049525	0.308983214528694	0.044	0.039	1	TNFRSF10B	c12
7.1947439736372e-05	-0.308899014035748	0.201	0.239	1	POLE3	c12
0.0199109355021741	-0.308856816690427	0.102	0.12	1	TM2D2	c12
0.00226211535879053	0.308830012852892	0.128	0.106	1	TOGARAM1	c12
0.0367256517254167	-0.308683251480581	0.077	0.09	1	PPP2R5B	c12
0.256195121843263	-0.308665472291443	0.009	0.011	1	ZNF888	c12
0.000901220625288923	-0.308499987551131	0.126	0.155	1	DCTPP1	c12
0.466680494682035	0.30845850153056	0.07	0.066	1	SPRY1	c12
2.62034952038815e-05	-0.308373724315028	0.207	0.249	0.878812822147779	SNRNP40	c12
7.20704119847287e-11	-0.308364265477665	0.554	0.612	2.41709747714383e-06	PPP2R5C	c12
0.0597970387202925	-0.308308894500403	0.032	0.041	1	CUL4B	c12
0.00398394679834361	-0.308165357814157	0.093	0.114	1	PFKL	c12
0.183588149133289	-0.30811951409542	0.037	0.044	1	GSE1	c12
0.724479358771975	0.308032174041826	0.018	0.017	1	OPN3	c12
0.0293549229895608	0.307987339180068	0.039	0.03	1	DDX19B	c12
0.0041362669539832	-0.307971237513831	0.096	0.118	1	CTPS1	c12
0.104694810848445	-0.30784768880411	0.029	0.036	1	ECI1	c12
0.000512701819588035	-0.307800928734158	0.16	0.192	1	SRSF1	c12
0.0145237656154756	0.307754647186269	0.075	0.061	1	SPATA2	c12
0.0106629860837635	0.307664885360407	0.053	0.041	1	SLC41A2	c12
4.62163516449444e-07	-0.307635491604815	0.335	0.385	0.0155000400146815	MANF	c12
0.290429487397434	-0.30744103951829	0.009	0.012	1	TTLL1	c12
0.0768500279546914	-0.307339090279021	0.047	0.057	1	SLC12A2	c12
0.000113224415991673	-0.307295632814037	0.316	0.35	1	ITM2C	c12
6.05494420589435e-10	-0.307254419416759	0.454	0.511	2.03070718777285e-05	C9orf78	c12
0.0416185269630787	-0.307245873420248	0.124	0.141	1	NSMCE1	c12
0.0335953701589095	-0.307176966239639	0.042	0.053	1	ZNF12	c12
2.86484271284642e-06	0.307154522800786	0.33	0.285	0.0960810949034434	RILPL2	c12
0.0254164048423062	0.307103322671847	0.057	0.046	1	HECTD2	c12
6.53924892894566e-05	-0.307092283299199	0.181	0.22	1	TMX1	c12
1.5288258669183e-18	-0.306794935877984	0.749	0.797	5.12737619247058e-14	ISG20	c12
9.0521623076893e-06	-0.30655923550934	0.287	0.33	0.303591419475284	SNX1	c12
0.0929815155590255	-0.30649821739381	0.036	0.044	1	KRBOX4	c12
0.0168876451911595	-0.3064579843187	0.144	0.163	1	MCM7	c12
0.0978901750316824	-0.306275816474371	0.034	0.042	1	ZNF7	c12
0.073530497313379	-0.306260082614196	0.046	0.055	1	RMND1	c12
0.0903354293546045	0.306195472241522	0.044	0.037	1	PLCB2	c12
0.0107321855249768	-0.306193656620955	0.156	0.176	1	HYOU1	c12
0.0105123586338632	-0.306186439876153	0.058	0.074	1	KRI1	c12
0.00260468336823416	-0.306051073379928	0.138	0.164	1	INTS10	c12
0.364274747965647	0.306049276989994	0.019	0.016	1	CISH	c12
0.789343800439922	0.305947021129873	0.012	0.011	1	NFE2L3	c12
0.153283067067643	-0.305739543285471	0.031	0.037	1	SH2D3C	c12
6.14669680798214e-06	-0.305736358046481	0.274	0.321	0.206147917546105	SF3A3	c12
0.00353076882475812	-0.305574545871424	0.112	0.136	1	GMIP	c12
0.000169052701122706	-0.305509182716573	0.207	0.245	1	SKIL	c12
0.0185012981032471	0.305447308891834	0.103	0.088	1	ACSL5	c12
0.253490131856476	-0.305175303656974	0.011	0.014	1	ZNF575	c12
1.68355926888831e-09	-0.305169156256185	0.469	0.52	5.64632107599762e-05	PEBP1	c12
0.0348968510080831	-0.305106697495176	0.059	0.072	1	EMC2	c12
0.0017861873152306	-0.305102951244078	0.161	0.188	1	AKR1B1	c12
6.9784656824468e-05	-0.305099820244723	0.124	0.159	1	SGTA	c12
0.0395614277297286	0.304976033130363	0.048	0.039	1	NUDT14	c12
0.00263810414336471	0.304928919303582	0.093	0.074	1	ERF	c12
0.00547769670271712	-0.304900026555054	0.109	0.131	1	ZDHHC7	c12
0.595238462821563	-0.304812519285182	0.036	0.038	1	SLC9A1	c12
1.40437434236786e-06	-0.304671530883693	0.458	0.495	0.0470999066943334	FKBP5	c12
0.00106739124848843	0.30460825608638	0.095	0.074	1	TFEB	c12
0.000351368990042425	-0.304349216348913	0.171	0.204	1	NARS	c12
0.0165666127045321	0.304291403245689	0.072	0.059	1	RRS1	c12
0.00782194468165766	-0.304231964069004	0.071	0.089	1	STX18	c12
0.000359566309779615	0.304181147965419	0.129	0.104	1	RYBP	c12
0.0904683905465029	-0.304152488559639	0.037	0.046	1	FTX	c12
0.0119169485900852	-0.303854396504263	0.058	0.073	1	C12orf45	c12
0.0015817869160707	0.303726032250526	0.169	0.145	1	VCPKMT	c12
0.00262751703101531	-0.303690942573943	0.154	0.18	1	USP33	c12
8.79622620839189e-27	-0.303606056544788	0.805	0.864	2.95007834577047e-22	SKP1	c12
0.00234146399213248	-0.303438221981952	0.159	0.186	1	ZCCHC17	c12
0.059422328717878	-0.303435357516544	0.035	0.044	1	FUNDC1	c12
0.00107516148409809	-0.303383703792015	0.307	0.338	1	IRF7	c12
0.0295691426971173	-0.303270129319111	0.07	0.084	1	ZNF236	c12
0.00574911088176367	-0.303214520181055	0.237	0.261	1	TNFRSF25	c12
0.212217613846101	0.303166637431437	0.02	0.017	1	ZNF222	c12
0.027758553648918	-0.303153008892959	0.117	0.133	1	SFXN3	c12
2.42521131433694e-29	-0.303114568629345	0.908	0.928	8.13367370602322e-25	HMGB1	c12
0.829754401063053	-0.303088045425195	0.013	0.013	1	ZNF628	c12
2.75717638633213e-05	-0.303077241548883	0.265	0.306	0.924701816448071	DDB1	c12
0.0331351187666851	-0.303006090173233	0.059	0.072	1	FAM111A	c12
6.07862458584763e-05	-0.3029917430083	0.241	0.281	1	CEP57	c12
0.263497187904877	-0.302945190048475	0.013	0.016	1	ENTPD1-AS1	c12
0.208305665688832	-0.302913189457331	0.053	0.06	1	NBPF12	c12
0.00516349675667745	-0.302854816779431	0.085	0.105	1	CDC16	c12
0.00031749159918147	0.302787386938827	0.129	0.103	1	NPC2	c12
0.245935156112509	-0.302596528737959	0.039	0.045	1	NFYA	c12
0.21549853482538	-0.302375838485994	0.007	0.01	1	ZNF417	c12
0.000247997368548574	-0.302341447106639	0.165	0.2	1	DALRD3	c12
0.0277058362106424	-0.302335985732831	0.074	0.088	1	QTRT1	c12
0.135550625156068	-0.302317455484836	0.038	0.045	1	CAMTA2	c12
0.0424417227072971	-0.302302775773259	0.04	0.05	1	TMEM131	c12
0.0233883276203234	-0.302133360884211	0.08	0.095	1	RNF2	c12
0.114882406668664	-0.302124169770538	0.035	0.043	1	FARP2	c12
0.153652450749688	-0.302108179308512	0.007	0.011	1	DTD2	c12
0.00182579007374349	-0.302072727375788	0.155	0.182	1	NUDT16L1	c12
0.000121976638186851	0.301863390905769	0.253	0.219	1	XPO1	c12
0.104040443376319	-0.30180277063047	0.025	0.032	1	MBD3	c12
0.0155016635498851	-0.301776803346018	0.069	0.085	1	UNC119	c12
0.0720394556525616	0.301776054101501	0.031	0.024	1	TESK2	c12
0.00619287134564892	-0.301749540967154	0.08	0.099	1	SLC35C2	c12
0.00885395102886821	-0.301607203678915	0.13	0.151	1	CCDC97	c12
0.18445159257178	-0.30146774862541	0.025	0.03	1	RAB11FIP2	c12
0.239551534483545	-0.301427185886932	0.01	0.013	1	AC093010.2	c12
0.00456416288967946	-0.301220279249244	0.117	0.141	1	MTIF3	c12
0.0642732056699871	-0.301172702062394	0.039	0.048	1	PLCG2	c12
6.08621274568874e-09	-0.301103764932984	0.387	0.448	0.000204119403064909	PSAP	c12
0.0118431147980609	-0.30108732063043	0.062	0.078	1	NBPF14	c12
0.0268125676023191	-0.301063543601877	0.028	0.038	1	FAHD2B	c12
1.0069965137039e-08	-0.300969454053927	0.36	0.424	0.000337726490766015	PPP1R16B	c12
0.0169434290659036	-0.300811743929478	0.06	0.075	1	PEPD	c12
0.0176720601577348	-0.300776657508577	0.02	0.029	1	MYO18A	c12
0.000538430802739772	-0.300717848185548	0.143	0.173	1	STXBP3	c12
2.28496027299341e-06	-0.300513883140131	0.354	0.394	0.0766329976356531	SNRPC	c12
0.584496164658324	0.300497797194109	0.014	0.012	1	LMF1	c12
0.612009645059519	0.300467325154493	0.034	0.032	1	TNFRSF10A	c12
0.00148116169076946	-0.300396903974503	0.144	0.172	1	DIMT1	c12
0.0611720102459021	0.30010585740547	0.068	0.058	1	AC025164.1	c12
0.347405465197256	0.299999950822444	0.028	0.024	1	AL137003.1	c12
0.203588142500861	0.299988981843075	0.026	0.022	1	RPAP1	c12
0.00588711021183324	-0.299936829055941	0.058	0.075	1	SNX14	c12
0.0175051109064666	0.299877492824704	0.17	0.151	1	ERO1B	c12
0.000106690268479103	0.299870494597489	0.119	0.092	1	RHOC	c12
0.00733753674366693	-0.299808123843731	0.069	0.087	1	CSTF2T	c12
0.119958273693141	0.299785582749262	0.037	0.031	1	SFR1	c12
0.160131273459774	-0.29958369175454	0.019	0.024	1	ZNF333	c12
0.262605788847232	-0.299458051627488	0.016	0.02	1	SAMD10	c12
0.0101447553705189	-0.299407725460884	0.168	0.189	1	TM9SF1	c12
0.0283106605498285	-0.299275921355739	0.041	0.053	1	MRE11	c12
0.0263226047806447	-0.299270777605835	0.058	0.071	1	HPS4	c12
0.725674835843138	-0.299108360392502	0.014	0.015	1	TRAV27	c12
5.73919651177366e-07	-0.299092233054138	0.32	0.369	0.0192481172611865	MEA1	c12
0.322861331206168	0.299018668049875	0.013	0.01	1	SLC30A4	c12
1.98619579559489e-07	-0.298984604972002	0.41	0.46	0.00666130345926614	APMAP	c12
9.21117884749967e-05	-0.29878401416691	0.344	0.377	1	NUP98	c12
0.00218968319111451	-0.298705377122201	0.125	0.151	1	BIN2	c12
0.185166192002584	-0.298324239633679	0.01	0.013	1	KLRC2	c12
0.0417807371760038	-0.298230077773614	0.021	0.029	1	SNHG19	c12
0.098422504624533	0.298127487523428	0.037	0.031	1	EFCAB7	c12
0.000733807547901214	-0.298013810598797	0.191	0.222	1	TXNDC12	c12
0.000895359679714479	-0.297973267665643	0.132	0.162	1	LYPLA1	c12
0.671920209845627	-0.297812707563534	0.011	0.012	1	QSER1	c12
0.0586406501430866	-0.297789315881009	0.03	0.038	1	ACOT13	c12
0.0137567062294355	-0.297731821139917	0.114	0.132	1	ADAM10	c12
0.0971425302320599	-0.297721959421251	0.036	0.044	1	RAD50	c12
3.56318191344986e-36	-0.297673048917851	0.974	0.99	1.19501995013281e-31	MT-ND4L	c12
0.341694459902578	-0.297548943349704	0.019	0.022	1	PLPP6	c12
2.45273749497582e-08	-0.297503509750045	0.428	0.483	0.000822599101064991	MBP	c12
0.00125562927467287	-0.297435225807544	0.132	0.159	1	ZDHHC3	c12
0.0162712074686789	0.297377271101604	0.094	0.079	1	AIM2	c12
0.355407606377877	0.297375257766865	0.03	0.026	1	AC004865.2	c12
0.00563014508578415	0.297279653074614	0.13	0.111	1	GPR108	c12
0.00207251369608466	-0.297216168488805	0.209	0.237	1	CRYBG1	c12
0.000183251712938939	-0.29712575849503	0.187	0.222	1	GPS2	c12
0.0010923860406434	0.296900549302042	0.094	0.074	1	AP1S1	c12
0.183762455611747	-0.296846207206047	0.025	0.03	1	ZNF468	c12
0.000177403479211844	0.296817120507664	0.16	0.131	1	KLHL18	c12
2.47101293156751e-09	-0.296790366657555	0.424	0.481	8.2872831698911e-05	TRAM1	c12
0.00692643125566956	-0.296670057921393	0.105	0.126	1	DGKA	c12
0.0442979582123207	-0.296641148972033	0.039	0.05	1	PIP5K1C	c12
0.0306762594846317	0.29651487199992	0.064	0.053	1	SENP7	c12
0.0573713283750253	-0.296511824785982	0.066	0.078	1	MFSD8	c12
0.0305239442359697	-0.296306711731568	0.069	0.083	1	EDC4	c12
0.471301818536332	0.296281716180465	0.01	0.009	1	TUFT1	c12
0.00116451263568579	-0.296128885771885	0.161	0.191	1	ESD	c12
0.000776430888502411	-0.296072728884238	0.158	0.188	1	ZNF146	c12
0.00139103781118534	-0.296031586209116	0.159	0.188	1	CDK16	c12
0.000101540903343588	-0.295989941921771	0.181	0.218	1	CDC40	c12
0.40915770756909	-0.29596919080082	0.009	0.01	1	HCN3	c12
0.148787422888576	0.295926373400666	0.015	0.011	1	KIFC2	c12
2.06552332546648e-05	-0.29589522593889	0.291	0.332	0.692735212894947	NELFE	c12
0.00129561747654882	-0.295816360338687	0.156	0.185	1	LMF2	c12
0.113008429104075	-0.295785852439817	0.028	0.035	1	ZNF280D	c12
0.000702144770853522	0.295783446922354	0.147	0.121	1	TRAF2	c12
0.0288113832671734	-0.295706024300781	0.116	0.132	1	DNAJC5	c12
3.86980101327301e-10	-0.295592859847621	0.469	0.53	1.2978538638315e-05	TWF2	c12
2.81330656367543e-11	-0.295532842848699	0.52	0.574	9.43526755325467e-07	COPE	c12
0.000476072094077996	-0.295386157803525	0.222	0.255	1	SDF2L1	c12
0.000201889624862837	-0.295200219402974	0.332	0.367	1	PDE4D	c12
0.0601243005433826	0.295175006718141	0.042	0.034	1	PLEKHO2	c12
0.000287962958739977	-0.295119167600661	0.193	0.228	1	RBM23	c12
1.12892009201623e-13	-0.295113628552968	0.576	0.647	3.78617220460403e-09	PBXIP1	c12
0.113832778371419	-0.2950306891014	0.03	0.037	1	FOXK1	c12
0.123036470493305	-0.294828179856645	0.02	0.025	1	RALGAPA2	c12
0.00165379508033043	-0.294609030037612	0.136	0.164	1	DBNL	c12
0.476597662139099	-0.294505131114696	0.037	0.034	1	TRBV18	c12
0.410828560114732	-0.294391393417489	0.026	0.029	1	IFIT3	c12
0.0143658203124795	-0.294370014159318	0.106	0.124	1	LEO1	c12
0.000539331004146688	-0.294352924171327	0.155	0.186	1	AMZ2	c12
2.7139976290217e-06	-0.294291634062407	0.325	0.373	0.0910220524821299	FBL	c12
0.447226039322971	-0.294124656265835	0.013	0.015	1	SLC2A11	c12
0.403934544548322	0.294087334751591	0.016	0.014	1	ZSCAN12	c12
0.115418462609218	-0.293932396412253	0.063	0.073	1	POLRMT	c12
0.0301779713376158	-0.293874487199401	0.013	0.021	1	WDHD1	c12
0.000182844444807031	-0.293755472587621	0.222	0.258	1	TIMM13	c12
1.71654437027891e-63	-0.293681737578617	0.989	0.99	5.75694650904142e-59	RPS25	c12
0.220821531744852	-0.293634047617831	0.019	0.023	1	MIEF2	c12
4.11324882879398e-05	0.293512785135097	0.139	0.108	1	TRAF6	c12
0.480641767719183	-0.293385855287086	0.009	0.01	1	CCNI2	c12
0.0379299548075544	-0.293341847375342	0.076	0.09	1	PAPOLG	c12
0.0078484878677535	-0.293304636004146	0.093	0.113	1	WDR61	c12
0.245329709961358	-0.293295691744648	0.046	0.052	1	KCTD6	c12
0.381886170222288	-0.293267698934942	0.013	0.015	1	FAM57A	c12
0.312754942388481	-0.293148334718028	0.015	0.019	1	AC020928.1	c12
0.128367844889471	0.29260412371444	0.027	0.021	1	PER3	c12
0.231783142288125	-0.29256353823409	0.038	0.043	1	VPS8	c12
0.0234811992959804	-0.292442278148719	0.052	0.065	1	SNX18	c12
0.2949431399123	-0.29241860735575	0.031	0.036	1	ZNF564	c12
0.303639566922378	-0.292347542897854	0.012	0.015	1	THNSL1	c12
0.00298772872148499	0.292160763591738	0.102	0.083	1	MYO7A	c12
0.0732720279582281	-0.292106132416368	0.031	0.039	1	GCLC	c12
0.0453648991058479	-0.292050218301496	0.076	0.089	1	GSK3A	c12
9.2998043886082e-05	-0.291960827178417	0.156	0.192	1	MRPL37	c12
0.934653462329561	0.291906621629146	0.301	0.303	1	TXNIP	c12
1.26144940098804e-05	-0.291856897910903	0.317	0.358	0.423064900103369	TMEM248	c12
0.0171754131898469	-0.291833906558506	0.036	0.048	1	ADA2	c12
0.00134371200590972	0.2915910429339	0.1	0.079	1	CCDC88B	c12
0.000779207357978889	-0.291562047759161	0.231	0.262	1	SUCLG1	c12
3.08057850770117e-13	-0.291556126381052	0.528	0.6	1.03316441991282e-08	PET100	c12
0.0890025443557773	-0.291477676620922	0.038	0.046	1	GALNT10	c12
0.359811520214672	0.291348923966548	0.025	0.021	1	EPOP	c12
0.109722365178467	-0.291330385597885	0.037	0.045	1	ZNF48	c12
5.76034923052158e-59	-0.291154744758542	0.993	0.985	1.93190592493233e-54	RPL3	c12
0.0832583182503164	-0.291051537684074	0.064	0.075	1	SMIM20	c12
0.129506754459533	-0.291015386659885	0.034	0.041	1	RBM27	c12
0.00729772675321118	-0.29097968427043	0.102	0.123	1	IRAK4	c12
0.0197331014200235	-0.290944373347766	0.101	0.118	1	CHMP4A	c12
0.000158825330724068	-0.290917903996942	0.132	0.165	1	EPS15L1	c12
0.0796176724739605	0.290835652503048	0.042	0.034	1	ASPH	c12
0.0193211026458215	-0.290823715754126	0.03	0.041	1	ROCK2	c12
0.432455779287962	-0.290747861208122	0.077	0.081	1	ZBTB4	c12
0.0284364542275438	0.290740826112959	0.057	0.046	1	ADORA2A	c12
0.0103381239008801	0.290734666488161	0.094	0.078	1	SETDB2	c12
0.00584597096258305	-0.290658234215744	0.119	0.141	1	ARRDC2	c12
7.71794836515764e-07	-0.290608289130522	0.35	0.397	0.0258844552270657	AP3S1	c12
7.92702164568986e-06	0.290572817322931	0.253	0.21	0.265856451953147	LRRN3	c12
0.212155101559012	-0.290484467625774	0.011	0.015	1	RPGRIP1L	c12
0.298139140329695	0.290420343385777	0.018	0.015	1	ZNF605	c12
0.549727616647602	0.290330169888493	0.021	0.019	1	AC012306.2	c12
8.26371486072961e-17	-0.290316407904816	0.719	0.763	2.7714846899915e-12	CALR	c12
0.406520210795007	0.290188144210145	0.016	0.014	1	LINC00294	c12
0.00565186930528098	0.290178885858335	0.125	0.105	1	SEC24A	c12
0.232882828999347	0.290178201113746	0.027	0.023	1	AC124016.1	c12
0.0124020103320941	-0.290141343317972	0.053	0.068	1	VAC14	c12
0.00152559669436831	-0.29012765735476	0.165	0.194	1	NFYC	c12
7.61153858292274e-05	0.290069829159262	0.251	0.214	1	PSTPIP1	c12
0.0352789893849116	0.289828985738739	0.109	0.096	1	ACOT7	c12
0.00110685895868027	-0.289697670555391	0.121	0.149	1	EXOSC3	c12
0.0142963214554543	-0.289643187363509	0.057	0.072	1	C12orf76	c12
7.09155657236389e-05	-0.289357749633298	0.147	0.184	1	MRPS35	c12
0.00113576317533362	-0.289314933073535	0.173	0.203	1	POLE4	c12
0.134221341273013	-0.289167085628976	0.04	0.047	1	ZW10	c12
0.164665534306962	-0.289033682103645	0.01	0.014	1	CTBP1-DT	c12
0.312194798441544	-0.289026731404819	0.02	0.024	1	BASP1	c12
0.0167071883327686	-0.288995328195348	0.094	0.112	1	TMEM173	c12
0.000279664688161565	-0.288870277435473	0.167	0.201	1	PDHA1	c12
0.102564730890961	-0.288751390514109	0.039	0.048	1	HIPK2	c12
0.0474320519888403	-0.288683927568358	0.036	0.046	1	PIGQ	c12
7.49408198955636e-47	-0.288508211256078	0.95	0.961	2.51336521765741e-42	PPIA	c12
0.0150336518331355	-0.288504009967317	0.161	0.18	1	ITPRIPL1	c12
0.526151212692773	0.288503420050556	0.019	0.017	1	POLI	c12
2.54447972934988e-06	-0.288487612709589	0.314	0.363	0.0853367611629364	ATP2B1	c12
0.0533153708210908	-0.288381920951859	0.059	0.07	1	GIGYF1	c12
0.501023118115696	-0.288362584233151	0.025	0.027	1	NPHP3	c12
0.000235625274641315	-0.28828076693573	0.191	0.226	1	TOLLIP	c12
0.0166624726928019	-0.288244254512274	0.062	0.077	1	HELQ	c12
4.72373836052123e-06	-0.288226463237292	0.295	0.342	0.158424737135161	TAF15	c12
0.0932632537982199	-0.288220183107127	0.034	0.041	1	TMEM80	c12
0.00280367172320009	-0.28821003622574	0.079	0.1	1	GIMAP2	c12
0.00964806905441008	-0.288179872011892	0.058	0.074	1	ABAT	c12
0.00198202187240223	-0.288017913799138	0.125	0.151	1	CERS5	c12
0.0107580703865026	-0.288011558757284	0.122	0.142	1	ESYT1	c12
0.138225900365196	-0.287978541828121	0.02	0.026	1	CBY1	c12
4.6606912983983e-06	-0.287963992019314	0.353	0.396	0.156310264765682	PSMF1	c12
0.0961377121546118	-0.287956107043879	0.093	0.104	1	NOL9	c12
0.138058332922067	-0.287868768941628	0.036	0.043	1	ARHGEF19	c12
0.126635721666895	-0.287802188489557	0.055	0.063	1	DTNBP1	c12
0.00024304223814746	-0.287718176010593	0.213	0.247	1	DNPEP	c12
1.30659153453969e-05	0.287661880940638	0.293	0.25	0.438204668853921	TAB2	c12
0.150362844896868	-0.287641277243228	0.05	0.058	1	GATC	c12
0.0157197781498052	-0.287513722195782	0.103	0.121	1	DOK1	c12
0.00533683595224853	-0.287387354652445	0.139	0.161	1	PCSK7	c12
0.000147197208764609	-0.287381454452814	0.224	0.262	1	TINF2	c12
0.0015617892304865	-0.287347604566554	0.189	0.219	1	PRKAR2A	c12
0.212570151618368	-0.287333491129553	0.007	0.01	1	LINC002481	c12
0.00206375256363042	-0.287168213762536	0.155	0.183	1	MRPS24	c12
0.0443300307607673	-0.287140134504269	0.061	0.073	1	NIPA1	c12
0.0788896072504673	-0.287128883327873	0.07	0.081	1	GCN1	c12
0.256977239957488	-0.287036341232371	0.027	0.031	1	L3MBTL3	c12
0.523206427712318	-0.286959593363226	0.015	0.017	1	TMEM201	c12
0.000649194305562623	-0.286952454660589	0.16	0.192	1	KEAP1	c12
0.235497275936361	-0.286943874869447	0.028	0.033	1	USP9Y	c12
0.0180393774428292	-0.286524987807555	0.082	0.098	1	PPIP5K2	c12
7.11251842382524e-05	-0.286479451254081	0.236	0.276	1	TRPC4AP	c12
1.00510730003328e-06	-0.286432760889065	0.337	0.387	0.0337092886285163	C4orf48	c12
0.00558943015105508	-0.286391964943497	0.083	0.103	1	ATIC	c12
0.425533114424959	-0.286335999077894	0.012	0.014	1	HIST4H4	c12
0.756934486521641	0.286251919602413	0.015	0.015	1	FBXL8	c12
0.210070515544845	-0.286216560652621	0.011	0.015	1	LY96	c12
0.0115387732059963	-0.286115148338267	0.154	0.175	1	GPCPD1	c12
0.0193852456944775	-0.286063380183328	0.042	0.054	1	SH2D3A	c12
0.0340142146678968	-0.28595645339201	0.045	0.057	1	TGDS	c12
0.0146266485621957	0.285943854649676	0.082	0.068	1	DCAF1	c12
0.38994778158198	0.285851960951373	0.01	0.008	1	CLBA1	c12
0.0497475368922318	-0.285824496036485	0.066	0.078	1	SLC25A12	c12
4.47033522623424e-06	-0.285822267045106	0.33	0.372	0.149926102817444	DDOST	c12
0.000797143034879482	-0.285778052063689	0.107	0.135	1	GOPC	c12
0.290753210198184	0.28563829658771	0.03	0.026	1	RAB30-AS1	c12
0.0357329777203772	-0.285587423444353	0.026	0.035	1	ZSCAN26	c12
1.51471474587126e-05	0.28552945447073	0.251	0.21	0.508005031470302	STAM	c12
0.00464127568603964	-0.285517562304564	0.112	0.135	1	SMARCA4	c12
0.00231253653996857	0.285471725530931	0.181	0.157	1	PICALM	c12
0.00643150999732056	-0.28543288956576	0.091	0.111	1	EBLN3P	c12
4.54122948807355e-08	-0.285416019013845	0.436	0.483	0.00152303754571011	BSG	c12
0.00127293913386396	-0.285391729827843	0.21	0.239	1	DNM2	c12
0.0144661836424401	-0.285360739203263	0.079	0.096	1	SNRNP48	c12
8.97049148784092e-35	-0.285356888635367	0.926	0.946	3.00852343519209e-30	ARHGDIB	c12
0.00122256582879544	-0.285315206860535	0.066	0.087	1	UBA5	c12
0.0268801309882362	-0.285263220259798	0.071	0.085	1	CEP290	c12
1.55369716336362e-05	-0.285086476923632	0.249	0.292	0.521078954648891	XAB2	c12
0.414740236679636	-0.285060051033441	0.011	0.013	1	ZNF582	c12
0.332058600206008	-0.284942808571701	0.028	0.032	1	ZNF687	c12
0.0539372863747635	0.284773791880101	0.051	0.042	1	ULK4	c12
0.0311800097454278	-0.284767318314016	0.054	0.067	1	TUBG1	c12
0.150353049736883	-0.284684528392518	0.018	0.023	1	FBXO4	c12
0.319555192005202	0.284622536951558	0.015	0.013	1	KRBA2	c12
0.000523538860398965	-0.284495673339719	0.225	0.258	1	COPS6	c12
0.822849370134402	0.284491386222827	0.028	0.027	1	CCDC88A	c12
0.583523965750022	0.284443279916551	0.013	0.012	1	CD72	c12
0.0695641915130299	-0.284386142778882	0.025	0.032	1	DIS3L	c12
0.000390264980497351	-0.284340118887316	0.138	0.171	1	CCNQ	c12
1.17904080888831e-06	-0.284235984786164	0.419	0.464	0.0395426706484962	TBCB	c12
0.0238625789375141	-0.284225988053643	0.122	0.139	1	DAPK3	c12
0.0570121369049908	-0.284193627004482	0.066	0.078	1	FCF1	c12
0.00172793579209371	0.28411787414228	0.124	0.102	1	KATNAL1	c12
0.203646128629989	-0.284102742862201	0.018	0.022	1	ZNF28	c12
0.000937688950420939	-0.284090080262577	0.244	0.274	1	BTN3A2	c12
0.0490762007630006	-0.284066368135156	0.034	0.043	1	FMNL3	c12
0.12695476699009	-0.283838823611269	0.028	0.035	1	NFS1	c12
0.662977647447802	-0.28381469578945	0.009	0.01	1	IQCK	c12
0.00604597814363777	-0.283737962029932	0.103	0.125	1	CD151	c12
0.0408491772307381	-0.283727342746948	0.042	0.052	1	NT5DC1	c12
6.21313815106928e-10	-0.283725513831271	0.52	0.569	2.08376227310562e-05	ATP5MPL	c12
6.58968635290894e-06	0.28362772875433	0.214	0.175	0.22100490090386	MBD2	c12
0.0403710913742298	-0.283609783861133	0.048	0.059	1	HPS5	c12
0.0870273275026937	-0.283601722125362	0.042	0.051	1	DVL3	c12
0.158710022498643	-0.283511555481113	0.179	0.187	1	LY9	c12
0.0442375126912403	-0.283303146581471	0.046	0.057	1	MVK	c12
0.0149632300296603	0.283272810707863	0.094	0.079	1	AUH	c12
0.157708086788592	-0.283187856345526	0.022	0.027	1	THBS1	c12
1.13842798240385e-05	0.283115935826771	0.361	0.319	0.381805976738604	EIF2S1	c12
0.00571875992813546	-0.283007973213432	0.134	0.157	1	PTTG1IP	c12
0.000746024350358717	-0.282998485724892	0.146	0.176	1	UBASH3A	c12
0.001556355418329	-0.282984207962848	0.199	0.228	1	TMEM147	c12
0.103873327891966	-0.282950589376938	0.028	0.035	1	PUDP	c12
0.0932810385296086	-0.282889912910163	0.057	0.067	1	CSNK2A2	c12
2.48605991280304e-09	-0.282888679501051	0.376	0.442	8.33774773555884e-05	PDCD5	c12
0.00846652773522727	0.282824068467813	0.107	0.09	1	AEBP2	c12
0.00102507210281423	0.28281772031237	0.227	0.199	1	ARMCX3	c12
3.59011287075536e-07	-0.282802851659744	0.399	0.45	0.0120405205459393	MAF1	c12
0.0585596488294601	-0.28274736179165	0.084	0.097	1	RRP36	c12
0.47066230937559	0.282688306207896	0.027	0.025	1	C2orf76	c12
0.41331971850851	0.282536509095144	0.047	0.043	1	VDR	c12
0.000770193801281212	0.282533666243966	0.155	0.128	1	SERTAD3	c12
0.010896763944598	-0.282533005773483	0.111	0.131	1	CYB5R4	c12
0.139481305336599	-0.282495393043677	0.019	0.024	1	C17orf58	c12
0.0302864221653151	-0.282465221862622	0.041	0.052	1	UBA7	c12
0.000898152585337194	-0.282348880091011	0.173	0.204	1	NDUFAF8	c12
1.25422394461797e-05	-0.282347841097715	0.372	0.413	0.420641626545974	KIAA1551	c12
0.000233760210922006	-0.282335966056412	0.159	0.193	1	SART1	c12
0.218157455989493	0.282268515171336	0.025	0.021	1	FAM216A	c12
0.242679238301528	-0.282230504071193	0.015	0.019	1	AC116407.2	c12
0.519102872763639	-0.282194341256918	0.035	0.038	1	TRGV9	c12
0.184187121028899	-0.282188288701803	0.009	0.013	1	DLK2	c12
0.0278632414078665	0.282102338442633	0.049	0.038	1	ZBTB33	c12
2.6070839943242e-06	0.281988872517229	0.341	0.295	0.0874363830016449	RABGAP1L	c12
0.170580676866625	-0.281959081305389	0.068	0.076	1	DEF8	c12
0.387433669725934	-0.281785790274819	0.024	0.027	1	NPHP4	c12
0.00827972965829995	-0.281646956695539	0.2	0.223	1	SEPHS2	c12
0.000138861972950007	-0.281620191250189	0.228	0.265	1	SSR1	c12
0.291816097998517	0.281599325700367	0.048	0.043	1	SPNS3	c12
0.0944333373125224	-0.281593104068941	0.052	0.062	1	TEPSIN	c12
0.480457442022524	-0.281573147560574	0.052	0.055	1	DENND6A	c12
0.0107286480866517	-0.281369946408587	0.135	0.156	1	CYBC1	c12
1.10440960595719e-07	-0.281247096269838	0.434	0.484	0.00370396893645924	TCEA1	c12
0.0129013953412366	-0.281166336637002	0.136	0.156	1	CCAR2	c12
0.201453297592436	0.281117718603117	0.24	0.232	1	PLIN2	c12
0.0207352287020983	-0.281072768318156	0.059	0.073	1	KLHL9	c12
0.547572301923183	0.280926652966422	0.016	0.014	1	MIR9-3HG	c12
0.0974181099086728	-0.28088214424402	0.057	0.066	1	CEP63	c12
0.196151903168047	-0.280873687212869	0.032	0.038	1	ZMYM6	c12
0.00330424337409281	-0.280857842751734	0.156	0.182	1	CTCF	c12
0.0399704403426799	-0.280685147557313	0.054	0.066	1	RPP25L	c12
0.0093039553501473	0.280677815749546	0.084	0.069	1	FAM122C	c12
5.48750310874634e-07	-0.280569622053715	0.453	0.494	0.0184039879261135	TBCA	c12
0.0133231426021342	-0.280506601869849	0.101	0.12	1	GTF2F2	c12
0.0242372038738584	-0.280505316352832	0.037	0.048	1	DROSHA	c12
0.744891281641685	-0.280432423307597	0.019	0.02	1	TRGV7	c12
0.0692615071284882	-0.280389831055844	0.092	0.104	1	ZFYVE28	c12
0.91922807926249	0.280384105603538	0.016	0.016	1	TCEAL1	c12
0.0308223894308486	-0.280368626892543	0.11	0.127	1	FEZ2	c12
0.0818989280861874	-0.280283189199024	0.055	0.065	1	TRIM52	c12
0.162124730535589	-0.280158468042879	0.02	0.025	1	RBM43	c12
0.001689138143212	-0.280143452516419	0.066	0.088	1	COQ9	c12
0.215660291047054	-0.280114222872514	0.015	0.019	1	DHX34	c12
0.00095887791196578	0.280098779386951	0.2	0.173	1	S100PBP	c12
0.0875304644982289	0.280094357528191	0.104	0.094	1	NOP14-AS1	c12
0.247882296236625	-0.279910434838443	0.039	0.045	1	IPO13	c12
0.141942784662564	-0.279901520462395	0.015	0.02	1	CEP19	c12
0.167917942308307	-0.279880363823412	0.009	0.012	1	KDELC1	c12
0.0955203119029802	0.27984686759678	0.042	0.035	1	NSUN3	c12
0.270785905115439	-0.279825906194435	0.025	0.029	1	B3GALNT2	c12
0.00582606867222211	-0.279764238405451	0.036	0.05	1	LANCL2	c12
0.0858823297313245	-0.279745155754013	0.064	0.074	1	FAM160A2	c12
0.316710512529606	0.279593438406676	0.038	0.034	1	C20orf204	c12
4.19996520053526e-05	0.279433169064637	0.225	0.189	1	RAB21	c12
0.0976477194276534	-0.279364044351359	0.04	0.048	1	PIEZO1	c12
0.374415543854816	0.279363347449285	0.025	0.022	1	SETD9	c12
0.555575306729101	0.279225362143009	0.044	0.042	1	MANBAL	c12
0.0372318516703928	0.27911259291999	0.078	0.066	1	NF1	c12
0.0443246719268071	-0.279105341628314	0.071	0.084	1	ZNF91	c12
0.70112517653854	-0.279076189859699	0.011	0.012	1	CYB5D1	c12
0.198214345219836	-0.279029085186047	0.063	0.071	1	NF2	c12
0.131149310868659	-0.279010839392587	0.079	0.088	1	COPS7A	c12
0.000168299369239251	0.278986260484489	0.227	0.194	1	DYNLT3	c12
3.24741865611261e-08	-0.278954953237969	0.526	0.567	0.00108911926888705	TCF25	c12
0.095465160649263	-0.278918516624459	0.339	0.342	1	LINC01871	c12
0.136118061117834	-0.278885086142545	0.073	0.082	1	ANAPC10	c12
0.0496820826330609	-0.278863367747896	0.052	0.064	1	ALKBH6	c12
0.000913182451233887	-0.278851234707778	0.179	0.21	1	SCYL1	c12
0.390490776050031	-0.278775258052237	0.011	0.014	1	TXNDC16	c12
0.00565356655276779	-0.278700764469919	0.164	0.189	1	WDR46	c12
6.0143751530144e-13	-0.278666990266465	0.613	0.659	2.01710113881797e-08	EMD	c12
0.0542005770686636	-0.278657753436623	0.057	0.068	1	ZNF598	c12
0.99002745476921	0.278541942308366	0.012	0.012	1	CLIC4	c12
0.0280555036718027	-0.278535673817888	0.063	0.077	1	MINK1	c12
0.0210505088431603	-0.278520488856455	0.079	0.095	1	SKIV2L	c12
0.00787464933635188	-0.278513480473726	0.087	0.107	1	ANKRD13A	c12
0.12137400321015	-0.278423729074905	0.024	0.03	1	NLRP6	c12
0.0528540332819298	-0.278404473711959	0.037	0.046	1	RFC5	c12
0.0542729425832099	-0.278213981000389	0.027	0.035	1	EIF2AK4	c12
0.257107258546294	0.278133102931483	0.289	0.281	1	PMAIP1	c12
8.97115435984018e-05	0.278103921553853	0.231	0.196	1	PATL1	c12
0.0447710068566648	0.277961469481974	0.125	0.112	1	SLC35B2	c12
5.94487022548551e-05	-0.277947671291084	0.35	0.387	1	NOSIP	c12
0.609892423773798	-0.277870761407667	0.031	0.033	1	ENTR1	c12
0.0031111967717208	0.277833715745082	0.142	0.12	1	ARL13B	c12
0.542527292846943	-0.277765900297589	0.014	0.016	1	PARL	c12
0.120470071813043	0.277622287320733	0.038	0.032	1	SPHK1	c12
0.211005228745841	-0.277610519474999	0.03	0.036	1	TBC1D19	c12
0.0863806916812567	0.277456297637205	0.047	0.039	1	CD59	c12
0.00543285497024871	-0.277380104821765	0.088	0.108	1	PIGH	c12
0.119492672297655	-0.277201255202809	0.041	0.049	1	ARL2	c12
2.6978419546167e-05	-0.277036610379062	0.22	0.263	0.90480223473935	UBR4	c12
0.713456512663119	0.276995930929094	0.01	0.009	1	TBC1D32	c12
0.0683588739098882	-0.276993314805514	0.032	0.041	1	LARP1B	c12
0.00868019950212586	-0.276922215216644	0.135	0.157	1	KARS	c12
0.266225512676959	-0.27687605408962	0.007	0.01	1	ZNF620	c12
0.0207501449787661	-0.276856782001461	0.143	0.161	1	MBD1	c12
0.253855564051944	0.276842207611345	0.051	0.046	1	TMEM107	c12
0.0641626072873128	0.276737816544897	0.066	0.056	1	PANX1	c12
0.00980667716540555	-0.276684033038605	0.151	0.173	1	STT3B	c12
5.8960454110532e-06	-0.276649416862522	0.329	0.371	0.197741570995902	ARRB2	c12
0.00831143571776196	-0.276593498286163	0.075	0.093	1	REEP3	c12
1.51625800168767e-06	0.27643614082404	0.409	0.355	0.0508522608606011	COX20	c12
0.04278936679011	0.276420235624923	0.053	0.043	1	DRAM1	c12
0.345929354308477	-0.276395562136096	0.02	0.024	1	PILRB	c12
0.00216134866309521	-0.276318537102052	0.17	0.198	1	DCK	c12
8.05370718892941e-15	-0.276207879140905	0.801	0.827	2.70105231702315e-10	DUSP4	c12
4.52911501704527e-06	-0.276078833972848	0.764	0.778	0.151897459441664	MT2A	c12
0.00922496259113955	-0.276011112278429	0.128	0.149	1	WRAP73	c12
3.4644700513437e-05	0.276009093838163	0.223	0.184	1	RFX1	c12
0.00502982086850731	-0.275985643756143	0.167	0.192	1	MPZL3	c12
1.26163098920203e-06	-0.275970615723508	0.369	0.422	0.0423125801158578	SARS	c12
0.0215088822603089	-0.275915416219543	0.1	0.117	1	THAP1	c12
0.0295848979153613	0.275911655291916	0.075	0.063	1	AC026979.2	c12
0.00669922907586935	-0.275866634665646	0.095	0.116	1	RNF13	c12
0.00822591727644221	-0.275832108117627	0.099	0.118	1	FBXO34	c12
0.0502209684832664	-0.275742463274929	0.057	0.069	1	TBC1D9B	c12
0.0155339622081983	0.27569727179147	0.082	0.068	1	KDM4C	c12
1.53684675596348e-05	0.275657042511901	0.361	0.319	0.515427665015031	GOLGA4	c12
0.0149567985692867	0.275608767550887	0.05	0.039	1	MYO1C	c12
0.227615177760784	-0.275580875639655	0.036	0.042	1	MAN2C1	c12
0.173017987629752	0.275568227478386	0.035	0.03	1	AL139246.5	c12
0.122166156282651	-0.275510940702614	0.075	0.085	1	PQLC1	c12
0.00670311040791513	0.275496169023692	0.133	0.113	1	JPX	c12
0.0222806818615647	-0.275335467048075	0.156	0.175	1	LTB	c12
0.0271408573806855	-0.275242835670671	0.039	0.051	1	NUDT18	c12
0.0758071126893482	-0.275048407991589	0.104	0.117	1	SMPD1	c12
0.493183750417766	-0.274981754585799	0.008	0.01	1	DNAJC28	c12
2.06402914759396e-06	0.274975166228526	0.454	0.405	0.0692234095520061	FGFR1OP2	c12
1.62741401642722e-09	-0.274972230791512	0.478	0.534	5.45802112829361e-05	NAPA	c12
0.00027152371711365	0.274936299203432	0.179	0.149	1	PAM	c12
0.0207803543245285	-0.27487940765266	0.109	0.127	1	DESI1	c12
0.148937791656615	-0.27486463908288	0.044	0.051	1	HOXB4	c12
2.50441251079392e-05	-0.274849033539217	0.28	0.322	0.839929867870065	HMOX2	c12
0.00200645937800579	-0.274846868157461	0.093	0.117	1	HEBP2	c12
0.0725533887642823	-0.274831351840533	0.075	0.086	1	CORO7	c12
0.00421619311721	-0.274815571730401	0.097	0.12	1	COA1	c12
0.140152812920595	-0.274799655900512	0.019	0.024	1	ZNF273	c12
0.172946301486124	-0.274600007402268	0.046	0.053	1	PHKB	c12
0.00176830740829085	0.274549846908646	0.099	0.079	1	ZC3H11A	c12
0.39948127497026	-0.274460292142968	0.03	0.033	1	ZNF316	c12
0.00195427717197046	-0.27440114506299	0.154	0.181	1	SRSF6	c12
0.00778539308916953	0.274312853810062	0.13	0.111	1	KDM6A	c12
0.00759005344209792	-0.274250041188331	0.114	0.135	1	ACTR6	c12
7.22163182540876e-16	-0.274235156384995	0.66	0.714	2.42199088160559e-11	SF3B2	c12
0.0655052072680128	-0.274230072020774	0.044	0.054	1	METTL2A	c12
5.46380421080918e-06	0.274210528754621	0.325	0.281	0.183245065622118	PSMD14	c12
0.201552925001238	0.274061781630853	0.015	0.012	1	NACC2	c12
0.0288362847324347	-0.274032163555949	0.106	0.122	1	BCOR	c12
0.0324997772048699	-0.273895365054011	0.071	0.085	1	VPS53	c12
0.107397686319072	0.273795617078174	0.02	0.015	1	NOD2	c12
9.16045759339358e-10	-0.273698462508706	0.485	0.539	3.07223426767234e-05	PRELID1	c12
0.0176152023371628	0.273657105845417	0.119	0.103	1	IFI44	c12
0.0659461112492512	0.27360630858729	0.126	0.114	1	ACSL4	c12
0.000465636156447737	-0.273531666397116	0.24	0.274	1	H2AFY	c12
0.403824955448672	0.273483648663261	0.025	0.022	1	SLC25A28	c12
0.170994802848052	0.273476092040778	0.064	0.057	1	ARHGEF6	c12
0.000187542965438934	0.273443726175686	0.247	0.212	1	KLHL28	c12
0.294133373071756	-0.273367698002033	0.034	0.038	1	LRRC37B	c12
0.00522032474122836	-0.273310122231064	0.172	0.196	1	TBC1D10C	c12
0.39934462185763	-0.273088588688754	0.013	0.015	1	EPHA1-AS1	c12
0.0247256962101852	0.27297811711984	0.058	0.047	1	KAT2B	c12
0.00453949021609187	-0.272778382442467	0.141	0.166	1	SHMT2	c12
0.000717124418206889	-0.272644329554409	0.166	0.198	1	FAM162A	c12
0.000107093204784465	-0.272351264002055	0.233	0.274	1	PDE4DIP	c12
0.293979573000392	-0.272255841261296	0.015	0.019	1	INAFM1	c12
8.68358283246914e-09	-0.272253249202642	0.474	0.524	0.00029123000103535	TUFM	c12
1.52062846470084e-08	-0.272166430595062	0.439	0.492	0.000509988374491368	TMED2	c12
0.339959903755919	-0.27212796476863	0.038	0.042	1	ST3GAL2	c12
0.0150259628534067	-0.272056324231065	0.101	0.119	1	ARFIP2	c12
0.11555269515831	0.271848816775723	0.052	0.045	1	MAPK13	c12
1.11666141118749e-09	-0.271798944218919	0.569	0.621	3.74505904084059e-05	SF1	c12
0.000210388186473121	0.271642381348044	0.17	0.139	1	IPCEF1	c12
0.0140639038821835	-0.271586348392011	0.057	0.072	1	MSH2	c12
0.0360841791002057	-0.271539869291486	0.051	0.063	1	NBEAL2	c12
2.17428568423148e-05	0.271380827247264	0.315	0.271	0.729211932777554	TMED5	c12
0.0129336027232237	-0.271372183989461	0.099	0.118	1	GEMIN7	c12
0.148887771153042	-0.271369725323102	0.04	0.047	1	POLL	c12
0.0144057642606167	-0.27135681335154	0.136	0.156	1	POLR2H	c12
0.13714027569144	-0.271300616710806	0.05	0.058	1	DOPEY1	c12
0.115118751818908	-0.271267061174275	0.039	0.047	1	ERCC4	c12
0.664691781550291	0.271237102103247	0.01	0.009	1	AC107959.1	c12
0.0158311856354813	-0.271225435250606	0.083	0.1	1	EML3	c12
0.0184366188069241	-0.271198644461191	0.042	0.055	1	CDK8	c12
4.01877913159787e-05	0.270952759638722	0.387	0.342	1	PRNP	c12
0.576923356460106	-0.270727159462693	0.011	0.013	1	SNHG22	c12
0.0602117674103284	-0.270635019124514	0.085	0.098	1	RCC2	c12
0.00802419635979691	-0.270613791671321	0.097	0.117	1	PSMG1	c12
0.107100948925974	-0.270567590255928	0.069	0.079	1	SPIN1	c12
0.00307905752984215	-0.270460459892767	0.19	0.217	1	FAM136A	c12
0.011108874165325	0.270457557383336	0.091	0.075	1	PLCXD2	c12
0.128254192683006	-0.270357445343645	0.064	0.074	1	IRF9	c12
0.0195801903117586	-0.270269250078475	0.143	0.162	1	LARP1	c12
0.0775966885552652	-0.270264331415056	0.017	0.023	1	DNASE1	c12
0.000458024686061667	0.270236986255034	0.205	0.176	1	MFSD14A	c12
0.00662768293721938	-0.270219234178984	0.168	0.192	1	TSEN34	c12
0.0122620471874636	-0.270149334147745	0.1	0.119	1	SEC24C	c12
0.0108054975226087	-0.270083387158867	0.109	0.129	1	RUSC1	c12
0.0265506935549885	-0.269910150017999	0.142	0.16	1	TLE3	c12
0.0348761553683248	-0.269834982215929	0.073	0.087	1	RAD9A	c12
5.86792264719044e-05	0.269731126720741	0.186	0.152	1	IL6ST	c12
0.136963817379296	-0.269726307657407	0.055	0.064	1	APH1B	c12
0.0125918312112162	-0.26969328699145	0.064	0.081	1	BDH2	c12
0.385649322310475	-0.269592267960858	0.053	0.057	1	SLC30A6	c12
0.353934617181026	-0.269541866631796	0.013	0.016	1	ZNF248	c12
0.0394538634786414	0.269517186606576	0.094	0.081	1	AP4B1	c12
7.18582587344972e-46	-0.26947639120087	0.991	0.992	2.40998228143757e-41	RPLP0	c12
0.00869131158332951	-0.269422570588426	0.16	0.183	1	AKAP8L	c12
0.040814638837986	-0.269418365239504	0.057	0.069	1	NAXD	c12
0.190131635072073	-0.269389528995394	0.012	0.016	1	UQCC1	c12
0.045551324918838	-0.269347148191909	0.096	0.11	1	APBB1	c12
0.00950190172889722	-0.269287510965204	0.141	0.163	1	ANKRD49	c12
0.231208474360615	0.269270366943835	0.039	0.034	1	SFXN4	c12
0.0310029406166201	-0.269243097265512	0.041	0.053	1	INTS9	c12
0.00998615784709191	0.26916041952468	0.128	0.111	1	KCMF1	c12
0.00112766075017794	-0.269152452231988	0.261	0.292	1	PTDSS1	c12
1.02030746299712e-06	-0.269146944874535	0.405	0.452	0.0342190716939973	PRKAR1A	c12
0.13242690478842	-0.269120600529544	0.036	0.043	1	BTRC	c12
0.29439351496182	0.269015724409635	0.027	0.024	1	SESN1	c12
0.0686915730215814	-0.268959081174441	0.047	0.057	1	MCM4	c12
1.15263669801081e-07	-0.268931956253672	0.305	0.361	0.00386571295778867	CCDC85B	c12
0.0057185062741125	-0.268810345243844	0.068	0.087	1	DNAJA3	c12
0.0184345627499197	-0.268746649229575	0.12	0.139	1	POP7	c12
0.593323876597377	-0.268642364292656	0.025	0.027	1	WIZ	c12
0.119380995132625	-0.268552544944543	0.024	0.03	1	NIFK-AS1	c12
0.182757333806765	-0.26853792323892	0.061	0.069	1	PCNX1	c12
2.9053234775251e-11	-0.268459230577339	0.62	0.668	9.74387387892369e-07	HSP90B1	c12
0.0497207794875641	-0.268436736053807	0.075	0.087	1	NIPAL3	c12
0.00938369934609135	-0.268432418400991	0.083	0.102	1	NINJ2	c12
0.079711881992255	-0.268417982867076	0.019	0.026	1	ZNF286A	c12
0.1138400592939	0.2684086110951	0.034	0.028	1	MTPAP	c12
0.187295990370869	0.268407587257005	0.065	0.058	1	SCPEP1	c12
0.0765324120349686	-0.26829820482733	0.062	0.073	1	RGP1	c12
0.136681866467746	-0.268278407848507	0.04	0.047	1	ZNF569	c12
0.0214472132823377	-0.268278317108025	0.151	0.171	1	DNAJC21	c12
7.03828433289403e-07	-0.268245080309748	0.374	0.427	0.02360499799566	ARL2BP	c12
0.0551527068849025	-0.268139417461231	0.075	0.088	1	EXOC3	c12
0.290588366721675	-0.26803953749455	0.068	0.074	1	PARD6G	c12
0.000100116390971537	-0.2679122197482	0.276	0.314	1	ABT1	c12
0.550689566518504	-0.267890591373175	0.015	0.017	1	LRRC37A2	c12
0.000264297590968074	0.26780295589782	0.19	0.159	1	LRRC8C	c12
0.0269960188942409	-0.26772747759225	0.105	0.122	1	AGGF1	c12
5.2101412495531e-05	0.26772040292556	0.228	0.191	1	SLF1	c12
0.332030771999041	-0.267699390062063	0.011	0.014	1	APBB3	c12
0.00873628485330364	-0.267646789207223	0.18	0.203	1	PPP1R7	c12
3.03721106577774e-05	0.267515391852136	0.287	0.245	1	TM2D3	c12
0.061536840723171	-0.26748515263493	0.088	0.101	1	THAP3	c12
0.0183170885812386	-0.267440733757456	0.126	0.145	1	GAK	c12
0.134610841902478	0.267268814222665	0.035	0.029	1	PIK3C2B	c12
0.226573325335447	-0.267187961450888	0.039	0.045	1	LSM14B	c12
7.42146679503586e-06	-0.267139780565888	0.345	0.39	0.248901153371913	MDH1	c12
0.0106987713058578	0.267047428415287	0.167	0.148	1	GPR174	c12
0.033384497261087	-0.267004974029586	0.087	0.102	1	ZNF770	c12
0.860877091359338	-0.266992307291066	0.017	0.017	1	WDR81	c12
0.148445695057016	0.266941607571847	0.06	0.053	1	KIAA1324	c12
0.0108423912592676	0.266845659009303	0.133	0.115	1	C16orf87	c12
0.0378990262705566	-0.266841789120604	0.088	0.102	1	TMEM35B	c12
0.21605236402756	-0.266637640296059	0.017	0.021	1	DGKQ	c12
0.369767802321394	-0.266603777864966	0.014	0.017	1	ZNF256	c12
2.48745036681473e-05	-0.266318394670917	0.212	0.258	0.834241104022324	DAP3	c12
0.046194363276485	-0.266291964782823	0.082	0.096	1	TCP11L2	c12
0.556082964996841	-0.266248841509056	0.011	0.012	1	MYO1D	c12
0.0158897951876736	-0.266141781500775	0.1	0.118	1	SKA2	c12
0.00198770427200357	-0.266070697051363	0.163	0.191	1	BAG6	c12
0.0013986629860458	-0.266056416408721	0.198	0.229	1	NDUFA8	c12
0.00847739695220952	0.266012896055979	0.105	0.087	1	RRAS2	c12
8.02511665901709e-06	0.265975161638075	0.37	0.325	0.269146362510115	GSTO1	c12
8.28670945318909e-06	0.265947741986247	0.281	0.237	0.277919661641056	NRAS	c12
0.33258789502229	-0.265840180098878	0.017	0.02	1	FLNB	c12
0.00649251456223632	-0.265713231618838	0.225	0.25	1	RASGRP1	c12
3.54885871853544e-08	-0.26561972167527	0.481	0.523	0.00119021623702242	ATP5F1A	c12
0.0166383614616164	-0.265487185756033	0.103	0.121	1	MIIP	c12
0.000305227518251995	0.265471552960073	0.152	0.124	1	ACSL1	c12
0.0962633217550572	-0.265389287568391	0.044	0.053	1	CISD1	c12
0.000172307711536854	-0.265313577717314	0.261	0.299	1	POLR2C	c12
2.19495952668407e-07	-0.265299061531457	0.462	0.5	0.00736145526059303	ATP5F1C	c12
0.080432610588474	-0.265282576758062	0.113	0.125	1	MED29	c12
0.151378117322411	-0.265258280242836	0.037	0.044	1	MED20	c12
0.0175260981295885	-0.26507128525062	0.147	0.167	1	DHX29	c12
0.341922993428919	-0.265049401264361	0.055	0.06	1	FXR2	c12
0.129833568704976	-0.264887699494901	0.055	0.063	1	POC5	c12
0.0318896650248098	-0.264826240021436	0.111	0.127	1	DNASE2	c12
0.588028111612906	0.264718846466934	0.011	0.009	1	AL031963.3	c12
0.0503879666259144	-0.264528164046206	0.062	0.074	1	C5orf22	c12
1.09324168431575e-05	-0.264417917374022	0.299	0.343	0.366651396085817	RTF2	c12
6.84204425213877e-05	-0.26436406469432	0.208	0.249	1	ZFAND6	c12
1.62948630467395e-12	-0.264288464629672	0.585	0.637	5.46497116861549e-08	PSMB6	c12
0.0388441149964643	-0.264272413134716	0.046	0.058	1	YIPF1	c12
0.00831759297211518	-0.264220363715955	0.207	0.23	1	TXNDC9	c12
0.185113273540926	0.264186241335862	0.271	0.257	1	RHOB	c12
0.0218667627068803	0.264178413473004	0.083	0.07	1	NDUFAF5	c12
0.0616708240203727	0.264163010275567	0.046	0.037	1	PGAM5	c12
0.00923629495927166	0.264143226123506	0.119	0.101	1	UBE2R2	c12
0.108937226978957	-0.264087052579198	0.031	0.038	1	TRMT44	c12
8.50018183721287e-05	-0.264084556910481	0.227	0.268	1	FUNDC2	c12
0.0521582394446602	-0.264047606961493	0.043	0.053	1	ZNF708	c12
7.57983570646746e-05	0.264007872141227	0.226	0.191	1	UGP2	c12
0.714891761113381	0.263976037229968	0.017	0.016	1	PACS2	c12
0.223161175401184	0.26394254244951	0.013	0.01	1	ITPRIPL2	c12
0.141116392940405	-0.263827149341829	0.092	0.101	1	RNF44	c12
1.02589436172825e-07	-0.263801738439231	0.472	0.516	0.00344064451036422	RWDD1	c12
0.0536779690097066	0.263712137036264	0.149	0.135	1	HIST3H2A	c12
6.13254136116788e-16	-0.263698605799224	0.763	0.804	2.05673172170848e-11	DDX24	c12
0.0942770443305993	-0.263628872110191	0.03	0.038	1	GORAB	c12
0.108714321795482	-0.263628792364539	0.026	0.033	1	LXN	c12
1.24440063913894e-05	-0.263554697504185	0.328	0.374	0.417347086354418	ZBTB1	c12
0.399181534795768	-0.263467145572886	0.024	0.027	1	AC006504.5	c12
0.0155722088916008	-0.263385514300577	0.113	0.132	1	VPS25	c12
0.0190152820295641	-0.263307749910884	0.152	0.171	1	APBA3	c12
0.0268795963691253	-0.263180630381747	0.023	0.033	1	FANCG	c12
4.28436002601063e-05	-0.263068311028573	0.193	0.234	1	NOLC1	c12
0.256350797807032	-0.262920795292139	0.02	0.024	1	ARL10	c12
0.125410955708383	-0.262915530940495	0.031	0.038	1	TMPO-AS1	c12
0.0188604139437517	0.262910836443889	0.079	0.066	1	HCFC2	c12
0.053981508152183	0.262856965584327	0.054	0.044	1	AC016831.1	c12
0.000387755035447468	0.262821255249368	0.231	0.199	1	OTULIN	c12
0.0553911987900863	0.262779791150224	0.083	0.071	1	ZNF160	c12
0.546627827020375	0.26275038850379	0.012	0.01	1	AC093249.6	c12
0.703803142241304	-0.262667024222653	0.51	0.48	1	CXCR6	c12
1.53649904533661e-15	-0.262509032779157	0.669	0.721	5.15311049824993e-11	SNU13	c12
0.0552887072670691	-0.262484949650844	0.056	0.067	1	MTA1	c12
0.0155232304087497	0.262443928891576	0.119	0.102	1	EXOC1	c12
0.624182768566644	-0.262441004523828	0.02	0.021	1	DIRC2	c12
0.0841547158713873	-0.262373518297719	0.052	0.061	1	TBL2	c12
0.00388092335865405	-0.262369587406441	0.17	0.196	1	ARL5A	c12
0.646001186628855	0.262351927536232	0.033	0.031	1	TRBV28	c12
0.311307825574496	-0.2623098484614	0.017	0.02	1	PUS10	c12
0.00301093180341752	-0.262246133388011	0.184	0.212	1	MAPK1	c12
2.37645590695173e-05	0.26221120914412	0.285	0.245	0.797015782073472	MAP1S	c12
0.0138312890099207	-0.262138805550804	0.08	0.098	1	UCK1	c12
2.94413227873293e-13	-0.262077678468419	0.777	0.814	9.8740308364145e-09	CRIP1	c12
0.0103005085789966	0.262070914399112	0.078	0.064	1	E2F6	c12
0.000992375430458979	0.262060102200929	0.096	0.075	1	STAMBPL1	c12
5.12559925047415e-05	-0.262031067442717	0.261	0.303	1	COPS8	c12
0.765515413759723	0.261860889274145	0.021	0.02	1	TMEM104	c12
0.015343710611963	-0.261731449985201	0.157	0.177	1	GAPVD1	c12
0.04034711502442	-0.261724094555124	0.069	0.082	1	DCP1B	c12
0.00719068936959981	-0.261677844665187	0.163	0.186	1	NELFA	c12
0.0640510590557099	-0.261615522699017	0.072	0.084	1	EMC9	c12
0.000212324516910215	-0.261577544032338	0.133	0.167	1	SMC1A	c12
0.243698675233118	-0.261572692489314	0.038	0.043	1	ZNF141	c12
0.0191986069686751	-0.261494409176884	0.039	0.051	1	TMEM181	c12
0.0509777370939635	-0.261184359027814	0.125	0.14	1	MBTPS1	c12
0.762562902091467	0.261157525436071	0.013	0.013	1	AL355001.2	c12
0.0190125358997934	-0.261140023318936	0.093	0.11	1	UFL1	c12
5.23748704328235e-06	0.261111658661283	0.293	0.247	0.175654840457603	CENPC	c12
0.00800397586454027	-0.26102384387206	0.079	0.098	1	SARDH	c12
0.0628299270467033	-0.260994700809844	0.064	0.075	1	MNT	c12
0.0635564091457231	-0.260908270419693	0.069	0.081	1	RUNDC1	c12
0.0299033933366075	-0.260856665756322	0.017	0.025	1	MCEE	c12
0.116023229189713	-0.260787151289579	0.033	0.04	1	SCARB2	c12
0.0083913925684975	0.260771940059155	0.22	0.198	1	HMCES	c12
0.673995424101329	-0.260739463421443	0.016	0.017	1	ZBTB7B	c12
0.00278521108105018	-0.260711317602275	0.2	0.229	1	SLC25A46	c12
0.0351033269361072	-0.260672704156841	0.074	0.088	1	CNPY2	c12
0.0793296182388037	-0.260578705710588	0.053	0.063	1	TM7SF3	c12
0.00512034122818926	-0.260577683069454	0.026	0.038	1	TAF4B	c12
0.680072913943373	0.26055039944299	0.01	0.009	1	AL158071.3	c12
0.326476411702449	-0.260499381570434	0.023	0.027	1	FBXO46	c12
0.0691867619204962	-0.260444520205136	0.118	0.132	1	LENG8	c12
0.0175136279983864	-0.260393948210538	0.131	0.15	1	BRD8	c12
0.0519530104196311	-0.260328571397681	0.093	0.107	1	DMAP1	c12
0.0551584987905004	-0.260318283183841	0.059	0.071	1	ARMC6	c12
0.274223166205613	-0.260292477486423	0.023	0.028	1	FTO	c12
0.0222462089988995	-0.260230807108162	0.06	0.074	1	ORC4	c12
0.349128015567324	-0.260220630056736	0.01	0.013	1	NUMBL	c12
0.654907705975282	0.260217066184498	0.021	0.019	1	AL121603.2	c12
0.0744038664376102	0.26019526423722	0.049	0.041	1	LINC00426	c12
0.12010290151208	0.260033220431572	0.043	0.036	1	GBE1	c12
0.0352392813507719	-0.260016395976872	0.079	0.094	1	COMMD9	c12
0.00041990776808097	-0.259873753576163	0.373	0.401	1	PARP8	c12
0.00515587310294718	-0.259852291253581	0.096	0.118	1	SEC22B	c12
0.00226575273731779	-0.259838006137086	0.176	0.206	1	PTRHD1	c12
0.0137668588150669	-0.259800281087576	0.095	0.114	1	ZDHHC20	c12
0.361806652456061	0.259724111190818	0.02	0.017	1	GIPR	c12
0.379356554190203	0.259713046666383	0.019	0.017	1	FAM120C	c12
0.0213600068351182	-0.259666822106492	0.109	0.127	1	PPIH	c12
0.132592557928416	-0.259646406578251	0.025	0.031	1	ZNF397	c12
2.01816985898165e-07	-0.259550357147882	0.459	0.505	0.00676853807305267	ARHGEF1	c12
0.073715588290274	-0.259483080903062	0.015	0.022	1	PIDD1	c12
0.000442266480822947	-0.259479377352311	0.211	0.245	1	ITGAL	c12
0.267056738218964	-0.259136290737895	0.007	0.01	1	KHDC1	c12
0.00399886223935538	-0.259062000818535	0.247	0.273	1	SUPT6H	c12
0.0031267646525472	0.258971297432422	0.127	0.105	1	TMEM102	c12
0.0262441522267365	0.258949720240499	0.134	0.118	1	PTPN6	c12
0.0148305272804908	0.258900011106197	0.096	0.081	1	ACYP1	c12
0.0193034578089447	0.258895372962902	0.133	0.116	1	YTHDF3	c12
0.207399371347979	-0.258688478479877	0.015	0.02	1	CCNF	c12
0.0917482099804382	-0.258637583399634	0.041	0.049	1	AXIN1	c12
0.000924730334083974	-0.258633433479712	0.299	0.328	1	NDUFA13	c12
0.00043912714402767	-0.258501016723178	0.227	0.261	1	PYURF	c12
0.16412390230836	-0.258385333286132	0.007	0.011	1	RENBP	c12
0.216361120819865	-0.25826281056388	0.018	0.022	1	SLC38A6	c12
0.0904099757352822	-0.258088379518048	0.055	0.065	1	HAUS6	c12
0.220033352034551	0.258021396250667	0.038	0.033	1	CNIH2	c12
0.0299344299906079	0.257977338957815	0.071	0.059	1	WDR35	c12
0.034521468205432	-0.257955289114567	0.194	0.211	1	SYNE1	c12
0.0735949605851579	-0.257810070151542	0.06	0.071	1	PITPNM1	c12
0.863482750015092	-0.257707217041314	0.017	0.018	1	AP000311.1	c12
1.288762214621e-05	0.257667804856477	0.391	0.348	0.432225071539591	ABI1	c12
0.181815944244673	-0.257643402657496	0.033	0.039	1	C2CD5	c12
0.0513500635734328	-0.257627489809602	0.069	0.081	1	ZNF675	c12
2.3845780858945e-05	-0.257595517311956	0.599	0.626	0.799739798447298	TUBA4A	c12
0.0381395871140261	-0.257569081753232	0.05	0.062	1	TMEM106B	c12
0.0268293798465251	-0.257545614045894	0.085	0.1	1	NAA30	c12
0.00449561230749726	-0.257510739310245	0.129	0.153	1	HIST1H2AC	c12
0.417287895793767	-0.257425935678821	0.02	0.018	1	FXYD2	c12
0.024640136230518	-0.257386349096568	0.059	0.073	1	PTPN9	c12
0.0143915190753484	0.257368417634833	0.131	0.113	1	FBXO28	c12
0.0083053789601897	-0.257311229197534	0.027	0.039	1	TP53TG1	c12
0.0220396129994612	0.257244076288448	0.13	0.114	1	UTY	c12
0.0054647139900097	-0.25717969888001	0.124	0.148	1	LRPPRC	c12
0.294176109978916	0.257143841861554	0.115	0.109	1	CHST7	c12
0.0637359056938103	-0.257106897558678	0.095	0.109	1	DDX39B	c12
0.0245934233319365	-0.257077725923454	0.077	0.092	1	TMEM41B	c12
0.240636100113174	0.257077627584041	0.036	0.031	1	LMBRD2	c12
0.0040734859514166	0.256911158092853	0.103	0.084	1	ZBTB21	c12
0.0680716004785228	-0.256858932112962	0.069	0.081	1	ARFGAP1	c12
0.0191282732106515	-0.256790804495328	0.087	0.104	1	SFI1	c12
0.0245200211873496	-0.256784997557963	0.061	0.075	1	IL10RB	c12
0.17100114696995	0.256783902237979	0.07	0.063	1	TXNL4B	c12
0.113000815725204	-0.256748527486011	0.039	0.047	1	TAF5	c12
0.0383368937720278	-0.256714867833007	0.052	0.064	1	ACAT1	c12
0.164144328882855	-0.256505608908129	0.034	0.04	1	NUDT16	c12
0.811687527410389	-0.256493652534189	0.02	0.02	1	FAM168A	c12
8.40352698011979e-07	-0.256486261624634	0.427	0.471	0.0281837487859258	SSNA1	c12
0.00286097996878394	-0.256286911659001	0.116	0.14	1	AP1S2	c12
0.153150558051389	-0.25628504272493	0.053	0.061	1	EVA1C	c12
0.433868089408739	0.256256793319259	0.01	0.008	1	TRAV18	c12
0.0139337097387644	-0.256243160160798	0.048	0.062	1	TBC1D22A	c12
0.155967863934949	0.256224550939856	0.071	0.063	1	ETFDH	c12
0.0166487965441767	-0.256149925612373	0.109	0.128	1	TIGAR	c12
5.04050074939814e-05	-0.256116513767104	0.336	0.378	1	RPS17	c12
0.974777030472245	-0.256085500386486	0.019	0.018	1	FGFRL1	c12
0.0221663248999333	-0.256049061264724	0.134	0.153	1	PSMB8-AS1	c12
0.211417801287104	0.256004872370507	0.042	0.036	1	IRGQ	c12
0.027606481032836	-0.25598547095229	0.089	0.105	1	LARP4B	c12
0.217315659449558	0.255961610381119	0.039	0.034	1	FCHSD2	c12
0.00275667987555228	-0.255952214516758	0.127	0.152	1	TPGS2	c12
0.312784675902297	0.255777564934144	0.045	0.041	1	CCDC14	c12
0.00189560584090222	0.255706135120345	0.16	0.136	1	COG3	c12
0.000192203095697055	-0.255665987596636	0.142	0.177	1	SS18	c12
0.396897846076493	-0.255639090695122	0.01	0.012	1	APOBR	c12
0.00945421431959715	-0.255568671781722	0.088	0.107	1	SOCS3	c12
2.11140233857981e-05	-0.255555396548433	0.322	0.366	0.708122116312895	OSTC	c12
0.00050109448089172	-0.2554728793771	0.231	0.265	1	JOSD1	c12
0.0702881300091051	-0.25519393362056	0.07	0.082	1	SRCAP	c12
0.0887382053374351	-0.25518925961471	0.088	0.1	1	DEXI	c12
0.00107238755308821	-0.25515934222673	0.344	0.374	1	ORAI1	c12
1.47013491713647e-08	-0.255135976896788	0.551	0.589	0.00049305384850923	PSMD8	c12
0.00351307548520352	-0.255135549546118	0.153	0.18	1	MRPS2	c12
0.000639011364413773	-0.254830855561299	0.162	0.196	1	OVCA2	c12
0.0113053263425793	-0.254483575672347	0.141	0.163	1	RHOT2	c12
0.00182231569308568	-0.254473855631124	0.16	0.189	1	SRPRB	c12
1.14237069036899e-10	-0.254447875763671	0.845	0.866	3.83128282135951e-06	MT-ND2	c12
0.000748485146804598	-0.254353781433283	0.208	0.242	1	EPN1	c12
0.000850516412344325	0.254239135004998	0.177	0.149	1	IFT57	c12
0.608467033360672	0.254126236428135	0.017	0.015	1	DNAJB5	c12
0.0016591272900355	-0.254003720897465	0.235	0.264	1	TRAPPC2L	c12
0.113771926284787	0.253949288344063	0.042	0.035	1	SLC25A53	c12
0.198794615518144	-0.253889569009149	0.03	0.035	1	ULK1	c12
0.0998505516948555	-0.253849787782972	0.076	0.087	1	CCDC22	c12
0.000122265838018928	0.253847446489947	0.178	0.145	1	EDEM3	c12
0.492937985280612	-0.253800170913724	0.022	0.024	1	TTC39B	c12
0.739154253552703	-0.253787623267116	0.028	0.029	1	MED26	c12
0.00287280337282432	-0.253760124756478	0.146	0.172	1	ITCH	c12
1.98667665258739e-05	-0.253582794537072	0.28	0.325	0.66629161574476	ACD	c12
0.000251566899680586	-0.253475189825382	0.233	0.271	1	GLG1	c12
4.34842909856986e-05	-0.253408216566176	0.261	0.305	1	CNOT7	c12
0.0850848945863291	-0.253377216505093	0.098	0.11	1	RPRD2	c12
0.332703592377215	-0.253304706061835	0.064	0.069	1	CRY2	c12
0.367295450006629	0.25328725356924	0.039	0.036	1	TMEM120B	c12
0.0034442816537635	0.253167983088868	0.077	0.06	1	ATP10D	c12
0.0333466579578189	0.253156070096342	0.115	0.1	1	ATE1	c12
0.631252028032475	0.253026509294996	0.025	0.023	1	RUFY3	c12
1.76145043125683e-05	0.252927455925767	0.25	0.21	0.590755245634917	YIPF4	c12
0.0138029614902487	-0.252888152130376	0.111	0.131	1	ZNF574	c12
0.0416443981570172	-0.252824101407485	0.069	0.083	1	BICD2	c12
2.43462237062143e-07	-0.252596535654898	0.503	0.55	0.00816523650659014	CLDND1	c12
0.561329099050182	-0.252585974778522	0.01	0.012	1	THAP7-AS1	c12
0.0198148698655425	0.252518686873745	0.176	0.158	1	ZNF326	c12
0.115160267122724	-0.252470535071879	0.044	0.052	1	COMMD10	c12
4.07578731287842e-06	0.252336563037308	0.259	0.213	0.136693754899316	SIK3	c12
0.00132429189649686	-0.252302637373047	0.129	0.157	1	AIDA	c12
2.91313059932183e-05	0.252266919742441	0.332	0.29	0.977005740400555	DNAJC7	c12
0.601694198228413	0.252157124480624	0.017	0.016	1	STK39	c12
0.0445231626235089	-0.252124189637795	0.062	0.075	1	LRR1	c12
0.120955450559829	-0.252044087056795	0.041	0.048	1	ZNF37A	c12
5.37492314895154e-05	-0.251983574182342	0.372	0.41	1	C4orf3	c12
0.00261112030969169	-0.251942184471048	0.073	0.094	1	CLSTN3	c12
0.00716535636944615	-0.251938834306919	0.16	0.185	1	IDH3G	c12
0.00751000935352701	-0.251931948761141	0.146	0.169	1	MRPL17	c12
2.98242449725473e-08	-0.251905028634535	0.464	0.516	0.00100024552788929	FUS	c12
0.328801757470296	-0.251898492207172	0.013	0.016	1	AC009133.1	c12
6.54537147030707e-06	-0.251843122086044	0.446	0.486	0.219518668371159	VPS28	c12
1.51716792783092e-05	-0.251729817868664	0.406	0.447	0.508827779635936	ADAR	c12
0.127263397016756	-0.251729356895678	0.139	0.149	1	SELENOM	c12
0.0584232748823774	-0.251710991566886	0.036	0.046	1	MDC1	c12
0.00247777380373037	-0.251610286964926	0.131	0.158	1	RBM10	c12
0.00902871987026655	-0.251564883675727	0.123	0.144	1	PHRF1	c12
0.000713912308309979	0.251479738856949	0.262	0.231	1	TMEM70	c12
0.014304908974273	-0.251463807609952	0.112	0.132	1	MRPL1	c12
0.000972681257074428	0.251353426583354	0.167	0.139	1	HOXB2	c12
0.472174704917544	0.25126564894081	0.015	0.013	1	AP001816.1	c12
0.0882940553007935	-0.251248025592351	0.084	0.095	1	NBPF26	c12
0.00886819900545902	0.251232352072561	0.145	0.125	1	TFE3	c12
0.0897442960907846	-0.251204190287169	0.085	0.097	1	SLC30A7	c12
0.153151579374434	-0.251199661771606	0.027	0.033	1	ZNF234	c12
0.0166200755959285	-0.251196269103851	0.104	0.123	1	UQCC2	c12
0.121838938435667	-0.25116726617252	0.032	0.039	1	HTD2	c12
0.02861890905308	-0.251119499482354	0.067	0.081	1	VRK2	c12
0.00519482716955759	-0.251109708047885	0.204	0.229	1	SVIP	c12
0.00153452640604153	-0.251062328653337	0.254	0.285	1	ZNF655	c12
0.0811476255385605	-0.251023998499086	0.06	0.071	1	DPH2	c12
0.695201218133578	-0.251016620436342	0.012	0.013	1	COLGALT2	c12
0.0596868631161841	0.250962371405871	0.039	0.031	1	SLC26A11	c12
0.00435888929397195	-0.250954056569703	0.028	0.041	1	CENPH	c12
0.0367275407440333	0.250869916807313	0.122	0.107	1	ZFX	c12
0.0360339050835356	-0.250767432364512	0.03	0.04	1	GNA12	c12
0.00426541122435763	-0.250763895562042	0.158	0.183	1	COQ4	c12
0.060711209121141	0.250756652039464	0.16	0.147	1	CTSA	c12
2.68211982991211e-05	-0.250720563720867	0.375	0.413	0.899529348555923	PSMC5	c12
0.095134219638707	-0.250706690027281	0.079	0.09	1	OSBP	c12
0.027116125867915	-0.250690972225893	0.091	0.107	1	PPP2R5D	c12
6.69485595609975e-05	0.250684485409352	0.294	0.256	1	B4GALT3	c12
9.66071199649799e-05	0.250676276312541	0.244	0.206	1	C1orf52	c12
0.267180848145493	-0.250649543751877	0.02	0.024	1	HIC2	c12
0.340844217333232	-0.250471882401885	0.017	0.02	1	IFT88	c12
0.0713833821666593	-0.250402064095316	0.07	0.081	1	DTWD1	c12
0.000770461216122052	-0.250386722206513	0.256	0.29	1	ELAVL1	c12
0.023415615915405	-0.250385084900939	0.106	0.123	1	CNP	c12
0.008804003768351	0.250337624535128	0.142	0.124	1	TBL1XR1	c12
0.351445375502292	-0.250296430471314	0.066	0.071	1	PIGB	c12
2.79496645102093e-05	0.250254899331186	0.325	0.285	0.9373758483434	COPS2	c12
0.0620316744547748	0.250218405706284	0.086	0.074	1	KIF5C	c12
0.157713048251468	-0.250195282786079	0.051	0.058	1	PMS1	c12
0.0991265277964977	-0.250178526013222	0.006	0.01	1	SLC25A35	c12
0.00153074495490861	-0.250075021239035	0.16	0.19	1	TAOK1	c12
0.0015205863700623	0.250058669773572	0.114	0.092	1	COMMD7	c12
0.00838995293913971	-0.25001727926091	0.198	0.222	1	ICE1	c12
0.132112758296837	-0.249782527993137	0.019	0.024	1	CLUAP1	c12
0.23953296597973	-0.249694168503078	0.022	0.026	1	AC020915.3	c12
0.331182078143735	-0.249672314505821	0.021	0.025	1	CHST10	c12
7.94870859968157e-49	-0.249535231516184	0.997	0.998	2.6658378901612e-44	RPS8	c12
0.00123994685367643	0.249516520380797	0.179	0.151	1	DAAM1	c12
0.000779485898549813	0.24936251062608	0.24	0.21	1	RBM33	c12
0.377257445046655	0.249308896592148	0.01	0.008	1	WFS1	c12
0.202122029205882	-0.249256754652148	0.045	0.051	1	TERF2	c12
0.409533499674523	0.249221512283999	0.011	0.009	1	EXTL2	c12
0.0844742614543449	0.249174908125248	0.066	0.057	1	VPS13B	c12
0.0812837353948094	-0.249076456383682	0.045	0.054	1	SHLD1	c12
0.0598503645691667	-0.249054392745326	0.069	0.081	1	ASAH1	c12
0.136979049654998	-0.248965237259648	0.017	0.022	1	ZNF16	c12
0.108362498800877	-0.248936287454319	0.072	0.083	1	CASP8AP2	c12
0.0429085137674431	-0.248929896351001	0.095	0.11	1	ATP2A3	c12
3.52928354460032e-05	0.248906981330212	0.155	0.122	1	ARRDC3	c12
0.0419690952764688	-0.248690521809593	0.094	0.109	1	SCAMP4	c12
0.0913919779939339	-0.248682323167941	0.05	0.06	1	MAPK7	c12
3.13315600345491e-11	-0.248665154462958	0.609	0.658	1.05079786043871e-06	NDUFA4	c12
0.000412238111517816	-0.248492525859898	0.255	0.291	1	NDUFV1	c12
0.0369659407178974	-0.248443160152595	0.119	0.136	1	GNPTAB	c12
0.343864560918818	-0.248323709428165	0.024	0.028	1	PGBD2	c12
0.00221458493224761	-0.248296288233562	0.176	0.205	1	BIRC6	c12
4.34074303847476e-05	-0.248267582920333	0.452	0.482	1	LSM7	c12
0.046097293417845	-0.248187272618928	0.076	0.09	1	EZH1	c12
0.14155349793618	-0.248166179808329	0.074	0.083	1	ZSWIM8	c12
0.466126645184462	0.248139733309413	0.035	0.032	1	USP30-AS1	c12
0.00286832154721821	-0.248001903020874	0.217	0.245	1	KLHDC2	c12
0.113587469590746	-0.247764035515325	0.047	0.056	1	MDN1	c12
0.116650258357869	-0.247699085562646	0.05	0.059	1	AC084033.3	c12
0.000285467956296272	0.247694531611862	0.261	0.225	1	CAB39	c12
0.00824737753443472	-0.247667293873651	0.054	0.07	1	EMC1	c12
0.0383200335873613	0.2476378547308	0.106	0.093	1	REPS1	c12
0.000416467709254015	-0.247603921313866	0.233	0.271	1	ORMDL1	c12
0.0474838533585287	-0.247563564987269	0.093	0.107	1	CCDC57	c12
0.0342947851413144	-0.24753230421681	0.043	0.055	1	ORC5	c12
0.152446737110233	-0.247487027638539	0.057	0.065	1	TNRC18	c12
0.00687702281379002	0.247372627286724	0.186	0.164	1	DCAF13	c12
0.00319071291047585	-0.247349778718762	0.175	0.202	1	GTF2I	c12
0.0717398186221564	-0.247311698026939	0.051	0.061	1	CSNK1E	c12
0.301997321134272	0.247281394196808	0.061	0.056	1	HEATR6	c12
0.437132944182365	-0.247270798903917	0.029	0.032	1	TMEM42	c12
0.0897624986572708	-0.247147756937603	0.099	0.111	1	SNRK	c12
0.0153424967925659	-0.247140782192136	0.104	0.123	1	MRPL19	c12
0.857320769391943	0.247131996130236	0.012	0.011	1	AL162377.1	c12
1.17036343189807e-05	-0.247116012863464	0.371	0.412	0.392516487789974	ATP5PD	c12
0.000242703384612466	0.246881907480294	0.257	0.223	1	PPP2R2A	c12
0.0499602245994685	-0.246877987197256	0.1	0.114	1	PYGO2	c12
0.271055951416944	-0.246848657714109	0.035	0.04	1	TMEM71	c12
0.0158436234868077	-0.246738283080636	0.057	0.072	1	KCTD13	c12
0.362970952812689	-0.246625104056398	0.012	0.015	1	ZNF616	c12
0.35218610469239	-0.246613478950335	0.025	0.029	1	ZNF583	c12
9.73662130427795e-05	0.246610753954935	0.209	0.175	1	UTRN	c12
0.157832795219126	0.246535473918757	0.036	0.031	1	OSGIN2	c12
0.115847668819273	-0.246443144240657	0.119	0.13	1	DICER1	c12
0.00148775489746797	-0.246383034729492	0.192	0.222	1	THAP4	c12
0.00151110132331891	-0.246370108899648	0.3	0.332	1	DYNLT1	c12
0.579941964953825	-0.246351437283689	0.022	0.024	1	ZNF597	c12
0.0943394122348493	-0.246292496856355	0.024	0.031	1	STAG3	c12
0.00169379035716624	0.246251930316137	0.214	0.186	1	SLC39A6	c12
0.00621444308889337	-0.246249287211762	0.161	0.185	1	C6orf89	c12
0.522591891827008	-0.246134984435034	0.015	0.017	1	LRFN4	c12
0.2726854431418	0.246077668366871	0.017	0.014	1	MIR497HG	c12
0.00157459908618473	-0.246056989670394	0.218	0.248	1	C19orf24	c12
0.162872768716394	-0.246023277145598	0.049	0.057	1	DNAJC14	c12
0.0168285806149414	-0.245824649301764	0.12	0.14	1	NPAT	c12
0.0232744649118768	-0.245804097098326	0.046	0.059	1	COMMD4	c12
0.000619056769096828	-0.245735483693734	0.245	0.279	1	ZEB1	c12
0.0460236740365771	-0.245686843562227	0.058	0.07	1	MOCS2	c12
0.0955033409613755	0.245661835203205	0.046	0.038	1	GNE	c12
0.206638404709233	-0.24554270357071	0.037	0.043	1	PCNX3	c12
0.0595208280671971	-0.245489183640251	0.09	0.103	1	COG1	c12
0.328391274000444	0.24548849444883	0.019	0.016	1	DMPK	c12
0.275319160590972	-0.245471995283913	0.023	0.028	1	ZNF345	c12
0.0188807093345274	0.245470498721233	0.101	0.086	1	NCOR2	c12
0.000516298800368821	-0.245451154803048	0.256	0.29	1	DCAF7	c12
0.211383840284898	-0.245442379400864	0.02	0.024	1	ZNF416	c12
0.575129099451025	-0.24542166513897	0.018	0.019	1	WDPCP	c12
0.0409510328731653	-0.245416975690297	0.055	0.067	1	TRMT10B	c12
0.940032820357526	0.245332136537457	0.05	0.051	1	ATF7IP2	c12
0.0191952116447526	-0.245239247120833	0.09	0.107	1	ZNF592	c12
0.21219211136684	0.245022469874558	0.01	0.008	1	RPS10-NUDT3	c12
0.19889659573899	-0.244964870865295	0.053	0.06	1	PDCD11	c12
0.091723770331107	-0.244949960581616	0.023	0.03	1	TMEM260	c12
2.62579623415027e-05	-0.244919233936797	0.555	0.582	0.880639541009317	ATP1B3	c12
0.0197008538920105	-0.244901094925387	0.1	0.118	1	FAM208A	c12
0.543720319080633	0.244884947173576	0.031	0.029	1	DNAJC25	c12
7.32537850446161e-05	-0.2448443935145	0.397	0.43	1	DDX18	c12
0.00528154007219162	0.244810727653296	0.118	0.099	1	RABGEF1	c12
0.0857876530696455	-0.244771953029376	0.111	0.123	1	WDR13	c12
0.000103683312002907	0.244657419249269	0.257	0.22	1	FUBP1	c12
6.81663076801425e-06	-0.244643358163877	0.408	0.452	0.228616162697662	NDUFC1	c12
0.00535599227330262	0.244599878256825	0.086	0.069	1	TMIGD2	c12
1.21912890103156e-16	-0.244599454279697	0.776	0.834	4.08871450827964e-12	SPOCK2	c12
0.0127163180461023	-0.244547370809301	0.036	0.049	1	TRIM41	c12
0.0518951564035655	-0.244529092038229	0.061	0.073	1	DCLRE1C	c12
7.68564032540776e-06	0.244507032945743	0.408	0.363	0.257761005233525	BCAP31	c12
4.42661671995007e-05	-0.244503588678114	0.344	0.386	1	PLEC	c12
0.00727793508939868	-0.244349130369191	0.103	0.124	1	IPO5	c12
0.0024521347275922	-0.244264400219673	0.157	0.186	1	POLDIP2	c12
0.00900592779256184	0.244262669122256	0.104	0.087	1	PANK3	c12
0.00621842857810735	-0.244191742813314	0.152	0.176	1	SGF29	c12
0.00122901100495977	-0.244185810781265	0.115	0.142	1	GMCL1	c12
0.199285644718768	-0.244037636887234	0.036	0.042	1	ZNF570	c12
0.0234801346528975	0.243893948846846	0.215	0.197	1	PEA15	c12
7.72835284420072e-07	-0.243748941462524	0.458	0.504	0.0259193497688804	ERH	c12
0.178696676380569	-0.243727728628442	0.029	0.035	1	PON2	c12
0.0134094912175061	-0.243702986621099	0.102	0.122	1	CKAP5	c12
0.235893646133033	0.243649070785982	0.052	0.046	1	ADAT3	c12
0.32402196981766	-0.243627597570934	0.013	0.016	1	CROT	c12
0.0975810189216053	-0.243616722715044	0.042	0.05	1	HMGCL	c12
2.58288384725588e-10	-0.243604461964355	0.617	0.662	8.66247584692678e-06	UQCR10	c12
0.00134834735118595	-0.243568476849134	0.069	0.091	1	CSGALNACT1	c12
0.248361961800349	-0.243558008492561	0.009	0.011	1	PHOSPHO2	c12
0.0714943650030757	-0.243512320717779	0.029	0.037	1	CEP192	c12
0.000989318469043016	-0.243383584406619	0.168	0.199	1	TOR1A	c12
0.00373070802803861	-0.243174793328421	0.154	0.18	1	ATF6B	c12
0.0898340922877204	-0.243048867934215	0.039	0.048	1	SHQ1	c12
0.186883673573003	0.243045303434716	0.033	0.027	1	CENPV	c12
0.0138640033104066	-0.243036685463501	0.146	0.167	1	TP53BP1	c12
0.028356764830891	0.243033440807379	0.088	0.074	1	AL135925.1	c12
0.00428133374182898	-0.243012024797034	0.15	0.176	1	ASCC2	c12
0.330465291502423	-0.242901988723762	0.029	0.033	1	TMEM38B	c12
0.0352179012534194	-0.242899958492055	0.06	0.073	1	PCGF6	c12
0.139895322377684	-0.242887534954145	0.039	0.047	1	DPAGT1	c12
0.830063732652298	0.242883171532947	0.011	0.011	1	ACY1	c12
1.13468283851342e-05	-0.242844125880689	0.399	0.438	0.38054993038063	AUP1	c12
0.00021483671663813	0.242801078046412	0.489	0.446	1	ID2	c12
0.537562390276405	-0.242765925346494	0.019	0.021	1	ZNF787	c12
0.13897844837964	-0.242732636610976	0.033	0.04	1	FAM24B	c12
6.58676719656299e-54	-0.242727176398893	0.998	0.997	2.2090699823833e-49	RPS13	c12
0.0120005345686714	-0.242678970107141	0.174	0.197	1	EEF1G	c12
0.015972582542632	0.242678122905104	0.162	0.143	1	DPM3	c12
0.000462524829490309	0.242671646398485	0.186	0.156	1	ATL3	c12
0.100042812595136	-0.242671048580039	0.068	0.079	1	GLRX2	c12
0.0050927910104255	-0.242642600419665	0.129	0.153	1	CUL1	c12
0.133217310572628	-0.242636054992708	0.021	0.026	1	ZNF155	c12
0.00268845520815487	0.242624506066154	0.084	0.066	1	FEM1C	c12
0.0338744506662817	-0.242604405623041	0.045	0.057	1	PHACTR2	c12
4.80463681764168e-41	-0.242423287569001	0.989	0.998	1.61137909590067e-36	MT-CO1	c12
0.0279350209369661	-0.2423516147011	0.108	0.125	1	AP2A1	c12
0.150275559244868	0.242305264901076	0.129	0.119	1	SMIM4	c12
0.0663915116335072	0.242298323239041	0.101	0.089	1	TOMM34	c12
0.0416779366723366	-0.242230404378855	0.061	0.073	1	NCF4	c12
0.0305811085438647	-0.242102878539034	0.079	0.094	1	RRP15	c12
0.0536014906423851	-0.242098792868933	0.087	0.1	1	ANKRD13C	c12
0.284454106522258	-0.242090003760846	0.024	0.028	1	FAM228B	c12
0.0470906382193122	-0.241976056972986	0.056	0.068	1	MFSD14C	c12
0.0742887437136911	-0.241913995466597	0.057	0.067	1	ZNF92	c12
0.000745145402498978	-0.241892937279621	0.235	0.268	1	PDHB	c12
0.000494234578832173	-0.241861114841245	0.282	0.318	1	PSMD4	c12
0.189724526687032	-0.241840172835129	0.046	0.053	1	SPATA20	c12
6.74555900733722e-05	0.241768584228183	0.24	0.202	1	FAM126B	c12
0.056119436208314	-0.241739156207086	0.025	0.033	1	ATP23	c12
0.0742262298555471	-0.241695700074408	0.053	0.063	1	DLAT	c12
0.00144446625471996	-0.241660005367829	0.172	0.202	1	RCN2	c12
0.0165135252779719	-0.241594910740066	0.112	0.132	1	EXOSC8	c12
0.0592589728070655	-0.241553204831973	0.063	0.075	1	ZNF142	c12
0.317349885726005	0.241470772319478	0.03	0.027	1	CAMKMT	c12
0.205368010319092	-0.241310368997627	0.062	0.07	1	TCF20	c12
0.247397877433191	-0.241274632736134	0.01	0.013	1	RFNG	c12
0.0396532269388885	-0.241236673977754	0.09	0.104	1	KMT5C	c12
0.00477474103571897	-0.241227534803204	0.053	0.07	1	TNFSF8	c12
0.0171659957329402	-0.24121163681678	0.093	0.11	1	ZZEF1	c12
0.362079725841107	-0.241127468077949	0.013	0.016	1	HARBI1	c12
0.30713709205639	-0.241037144732973	0.019	0.022	1	POT1	c12
0.049879137813013	-0.240977041196235	0.109	0.123	1	TMEM138	c12
0.0200298317021977	-0.24081296059522	0.128	0.148	1	ARL16	c12
0.194028484492978	-0.240769869212445	0.017	0.022	1	EPB41L2	c12
0.245406064775258	-0.240758970678939	0.046	0.052	1	ZMAT3	c12
0.22934718445029	-0.240652000726225	0.038	0.044	1	SLC29A3	c12
0.00377866329541756	-0.240642940534265	0.203	0.229	1	CDK11A	c12
0.123636356961323	-0.240625669699434	0.032	0.039	1	NLE1	c12
0.289962969119432	0.240547238871145	0.036	0.031	1	CEP44	c12
0.533602398243471	-0.240479454711517	0.023	0.026	1	AGBL5	c12
0.0134486892251907	-0.240437043155341	0.095	0.114	1	C15orf40	c12
0.0230715172267138	-0.240426272971957	0.133	0.152	1	UTP4	c12
0.243763451955037	-0.240370254881532	0.102	0.11	1	C12orf29	c12
0.110878545214591	-0.240310510996169	0.046	0.055	1	TMEM41A	c12
8.40043024540156e-06	0.240300263798089	0.433	0.386	0.281733629570277	TNIP2	c12
0.149603519458973	-0.240281047662405	0.074	0.083	1	TET2	c12
0.0781885052429092	-0.240214506511192	0.019	0.026	1	ZNF66	c12
0.495503252611566	-0.240177801894197	0.013	0.015	1	GGT7	c12
0.698951260964854	0.240138146335253	0.046	0.045	1	PRR34-AS1	c12
0.0452008045783638	-0.240127920596224	0.106	0.121	1	PTCD3	c12
0.181172054307574	0.240078583785774	0.033	0.027	1	CNNM2	c12
1.73514508555896e-06	-0.240007735793947	0.393	0.441	0.0581932958794764	SRP9	c12
0.0835151874973649	-0.239973805195217	0.08	0.092	1	TRAK2	c12
0.125142420873884	-0.239950903496247	0.035	0.043	1	NIPSNAP3A	c12
0.046287074383743	0.239915905032999	0.101	0.088	1	DCAF16	c12
0.0766353454728746	-0.239897775408904	0.038	0.047	1	MTHFD1L	c12
0.00461761457789171	-0.239740324901613	0.209	0.237	1	C6orf62	c12
0.0698718395369953	0.239576658272572	0.069	0.059	1	PRUNE1	c12
9.91975817698109e-08	-0.239543693584679	0.591	0.618	0.00332688849739592	SPCS1	c12
4.25004043011199e-06	-0.239540016442044	0.572	0.6	0.142537855945096	SYTL3	c12
0.0332050501175373	-0.239537292830377	0.09	0.105	1	TSFM	c12
7.02250522610153e-05	-0.239438807659351	0.333	0.373	1	COX14	c12
0.129151041184059	0.239428613920392	0.006	0.01	1	STIL	c12
0.0700316083338852	-0.239399080385203	0.033	0.042	1	PORCN	c12
2.0508640874471e-12	-0.239387804460659	0.607	0.663	6.87818797648009e-08	PDIA3	c12
0.222536427168702	-0.239315891111699	0.019	0.023	1	FSCN1	c12
0.00414941146405931	-0.239310201309218	0.123	0.147	1	PUM3	c12
0.105303618930021	-0.239182162063122	0.064	0.074	1	VAT1	c12
0.0479728814746887	-0.239066869924355	0.031	0.04	1	ZC3HC1	c12
0.0228227167590986	-0.239017098476999	0.031	0.042	1	WDR11	c12
0.160214428255428	-0.238991781540526	0.035	0.041	1	METTL22	c12
0.33776027406101	-0.238939169822543	0.011	0.014	1	NADK2	c12
0.0111313279996005	-0.238914145521551	0.163	0.185	1	ZGPAT	c12
0.00996312833437606	0.238911458388658	0.14	0.121	1	TIAM1	c12
0.238253927325268	-0.238867716322244	0.052	0.059	1	CXorf56	c12
0.0021309228615059	0.238846671819447	0.128	0.106	1	PARP15	c12
0.243577151690577	-0.238843338977149	0.027	0.031	1	ZNF615	c12
0.17731881840205	-0.238797399514762	0.033	0.039	1	EXO5	c12
0.00617693602234929	-0.238724537339941	0.127	0.151	1	QARS	c12
0.0144951582034374	0.238570255569944	0.096	0.08	1	WSB2	c12
0.0865708741712462	-0.238509686235559	0.086	0.097	1	CALCOCO1	c12
0.370124615646697	0.23847549191545	0.075	0.07	1	ATP5S	c12
0.00583295316213508	0.238405641473737	0.146	0.124	1	PISD	c12
0.230278428022638	-0.238348847009924	0.062	0.069	1	B3GLCT	c12
3.99978498049236e-18	-0.238329465368848	0.808	0.851	1.34144788675753e-13	TMBIM6	c12
0.172001402824048	-0.238170782765308	0.052	0.059	1	KIAA0355	c12
0.0111397650593147	-0.238091501394036	0.196	0.219	1	CASC3	c12
0.15324168802891	-0.238071649036953	0.123	0.133	1	PQLC3	c12
0.100730610039367	0.2379576465686	0.062	0.054	1	MINDY3	c12
0.0213011361753242	-0.237806087231157	0.11	0.128	1	NBN	c12
0.00147356469978632	-0.237723089344572	0.206	0.238	1	HARS	c12
0.114961459357802	-0.237644714303293	0.052	0.061	1	PRMT5	c12
0.107905435416891	-0.237611151036091	0.135	0.147	1	PHACTR4	c12
0.132435588672332	-0.237500902579288	0.11	0.12	1	BTN3A1	c12
0.000237280191578242	-0.237488982918993	0.259	0.296	1	SCNM1	c12
0.000821254568829479	0.237451497990999	0.203	0.174	1	RUNX2	c12
3.4070345882729e-05	0.237390686141883	0.259	0.218	1	LPIN2	c12
0.0153669983059709	-0.2373591746307	0.132	0.153	1	ZMPSTE24	c12
0.281191431711548	-0.237323434767171	0.055	0.061	1	SLC12A9	c12
0.825928427447006	-0.23732207215231	0.013	0.013	1	DVL1	c12
0.0583628182766247	-0.237284244675297	0.115	0.13	1	UXS1	c12
0.0121500480795072	-0.237279897120707	0.131	0.152	1	PPWD1	c12
0.351924093667455	-0.23722286322887	0.027	0.03	1	WDR25	c12
0.00846152290285762	-0.237217269564286	0.102	0.124	1	WRB	c12
0.00149313983783219	-0.237213923668032	0.269	0.301	1	TMEM208	c12
0.558970365401686	0.23712024094689	0.063	0.061	1	SERINC5	c12
0.930395458560996	0.237045403017863	0.01	0.01	1	ZNF440	c12
0.163112927790159	-0.237001482156865	0.052	0.06	1	COG7	c12
0.703087290506895	0.236912220116121	0.044	0.042	1	CENPK	c12
0.11197793228004	-0.236878132580401	0.03	0.037	1	FBXO45	c12
6.56321761400874e-05	0.236858127177075	0.348	0.308	1	ZNF292	c12
0.0882561656890196	-0.236850681527954	0.079	0.091	1	LRRC40	c12
0.062187050426252	-0.236736255430283	0.062	0.073	1	SPAST	c12
0.0102992916771179	0.236693719414705	0.257	0.235	1	CHCHD10	c12
1.31543812529019e-05	-0.236622974904873	0.443	0.485	0.441171638459823	CCNDBP1	c12
0.0176298844222498	-0.236602519934779	0.156	0.177	1	MRPL50	c12
0.0403146426908785	-0.236503261056711	0.079	0.093	1	GNG10	c12
0.0021426589168586	0.236483742751584	0.189	0.163	1	RAE1	c12
0.0512252015800498	0.236433420892036	0.083	0.071	1	ARID3B	c12
0.0179187830526076	-0.236252438832617	0.101	0.12	1	IARS	c12
0.00152900985149167	-0.236167677030209	0.24	0.272	1	ODF2L	c12
0.0201979773124434	-0.23601252554716	0.076	0.092	1	DPP3	c12
0.000279440007053746	-0.235998482475025	0.319	0.355	1	PQBP1	c12
0.622070740529047	0.235961378916124	0.013	0.012	1	TBX19	c12
0.017879073157324	-0.235927236152606	0.143	0.163	1	TPD52L2	c12
0.100060469829006	-0.235903561600369	0.052	0.061	1	CSKMT	c12
0.0303212008235306	-0.235846829229633	0.14	0.158	1	FRYL	c12
0.138582919399047	-0.235619339288808	0.02	0.026	1	PDSS1	c12
0.0836268769406001	-0.235594592823906	0.103	0.115	1	TMEM127	c12
0.418266102822635	-0.235580597342728	0.026	0.029	1	ZNF609	c12
0.445557007213807	0.235566213977168	0.025	0.022	1	RHBDD1	c12
0.00552597030154228	-0.23549892570394	0.196	0.222	1	PIH1D1	c12
0.0832779266942907	0.235479593332715	0.064	0.055	1	ZNF493	c12
2.9433046922075e-61	-0.235475895261153	0.994	0.996	9.87125527672552e-57	RPL14	c12
0.00224647825154208	-0.235401921231892	0.256	0.286	1	MED15	c12
0.0165618968404981	-0.235317868867393	0.075	0.092	1	TMEM14A	c12
6.59286231203553e-05	0.235251981262623	0.791	0.77	1	H2AFZ	c12
0.00105904118567877	0.235102104346236	0.206	0.178	1	CRIPT	c12
6.65271504191586e-06	-0.235090387789718	0.424	0.47	0.223118757075774	AURKAIP1	c12
0.0604658605449493	-0.235004363555868	0.069	0.081	1	ZFP90	c12
0.155144231254554	-0.234941682625174	0.025	0.031	1	PRIM1	c12
3.51289424819607e-55	-0.234913070472948	0.995	0.997	1.17815447296e-50	RPLP2	c12
0.02276170022523	-0.234884738542056	0.173	0.192	1	RNF113A	c12
0.0168125434175264	-0.234819957143658	0.104	0.123	1	TRMT6	c12
1.98223978548941e-05	0.234752543563563	0.354	0.311	0.664803579257437	RC3H1	c12
0.00470192255966534	-0.234735742425524	0.496	0.514	1	TSPYL2	c12
0.0620068230450586	-0.234734808981184	0.122	0.136	1	EHMT1	c12
0.000721075575557211	-0.234595387410297	0.279	0.314	1	AATF	c12
0.0130149642499358	0.234533819405774	0.136	0.118	1	OPA1	c12
0.124022224864414	-0.234496741011899	0.042	0.049	1	PDHX	c12
0.0293305734566842	-0.234441246653641	0.093	0.109	1	SNX27	c12
0.506445769653579	-0.234327325498867	0.03	0.033	1	ZFYVE26	c12
0.100197116089028	-0.234305991610129	0.065	0.075	1	ZNF264	c12
0.0150221636387671	-0.234227524436598	0.132	0.152	1	NUDT22	c12
0.00484026454215653	-0.234154349068842	0.116	0.14	1	CERK	c12
0.00193437060921509	-0.234153769976329	0.271	0.298	1	BAD	c12
0.0524215740304924	-0.234130387954138	0.125	0.14	1	MAN2A1	c12
2.46816110472494e-06	-0.234117121253293	0.45	0.49	0.0827771871302651	BRK1	c12
0.163090447183166	0.234112399548755	0.052	0.045	1	LINC00861	c12
0.000379207019453118	-0.234092852457746	0.345	0.375	1	DCTN3	c12
0.111865594073596	-0.233915390683059	0.038	0.046	1	ATPAF2	c12
0.00157456323750831	-0.233864147796484	0.219	0.249	1	PDXDC1	c12
0.375523580298733	0.233692421110884	0.025	0.022	1	MCTP2	c12
0.314011918341986	-0.233619135986476	0.037	0.042	1	MTHFR	c12
0.0374493897165525	-0.233508371905923	0.137	0.154	1	CXXC1	c12
2.54634316195257e-06	-0.233495103128478	0.488	0.529	0.0853992569655654	MRPL41	c12
0.0561210609527122	-0.233466171405614	0.093	0.107	1	C11orf98	c12
0.312577368088815	-0.233376078881621	0.07	0.076	1	PTPN23	c12
0.00620758060933619	-0.233374171290547	0.126	0.151	1	MRPS18A	c12
0.00690231302350206	-0.233369954552287	0.178	0.203	1	SCP2	c12
1.45055546470506e-06	-0.233331092741057	0.504	0.552	0.0486487291752782	KTN1	c12
0.844234499815406	0.233321704768935	0.012	0.012	1	NRIP3	c12
4.04893027345071e-63	-0.233180919445714	0.997	0.997	1.3579302351099e-58	RPS21	c12
0.313412172203098	0.233162765327088	0.059	0.054	1	WDSUB1	c12
0.0365057271394224	-0.233144710237827	0.087	0.102	1	TMEM106C	c12
0.0780414225223794	-0.233125384831991	0.078	0.09	1	BET1	c12
0.433532347668444	0.233089902404392	0.015	0.013	1	AC091271.1	c12
0.000924323416252083	-0.23300882580237	0.275	0.306	1	DNPH1	c12
0.00533113694155397	0.233002320289263	0.178	0.155	1	DOCK10	c12
0.0168099305677878	-0.232828436406169	0.079	0.097	1	PPME1	c12
0.902634500131467	0.23281626791458	0.01	0.01	1	AL080276.2	c12
0.0214043191459556	-0.232771686269792	0.148	0.168	1	CCDC130	c12
0.000120997923754116	-0.23257105193239	0.38	0.416	1	DYNC1H1	c12
0.748169082814591	0.232519809474489	0.027	0.026	1	ZNF771	c12
0.140863185866429	-0.232507959295877	0.049	0.057	1	PPP1R12C	c12
0.000366182400029317	0.232442323846779	0.26	0.224	1	TOR1AIP1	c12
0.491977385188433	0.232417979763696	0.033	0.03	1	ATP1B1	c12
3.29208789467008e-10	-0.232292677034373	0.552	0.609	1.10410043811445e-05	PPP4C	c12
0.106961973899976	-0.232236851474017	0.065	0.075	1	TMEM250	c12
0.0227004624539061	-0.232138387811341	0.164	0.184	1	GPR132	c12
1.31996268331201e-06	-0.232123213219224	0.382	0.432	0.044268908472918	SS18L2	c12
0.0351800744140147	-0.232115506050575	0.064	0.078	1	NCOA5	c12
2.00243584866551e-67	-0.232106019300962	1	0.999	6.71576934925438e-63	RPS12	c12
0.0200476166178186	-0.232063874819806	0.123	0.142	1	PRKRIP1	c12
0.0126501931558451	-0.2320239830199	0.155	0.176	1	COMMD5	c12
0.000602444257997735	0.232019504387066	0.209	0.179	1	MGAT2	c12
0.526352735607789	0.231955051329166	0.022	0.02	1	TMEM79	c12
0.0194377294791972	0.231946022851707	0.168	0.149	1	GTF2H1	c12
0.240812761503032	-0.231925565668797	0.022	0.026	1	C4orf33	c12
0.304781945609103	0.231884205836358	0.043	0.039	1	IPMK	c12
1.14573980318409e-11	-0.231835828132921	0.665	0.703	3.8425821519188e-07	COX5B	c12
0.00805564299682537	0.231831824855451	0.103	0.085	1	UTP25	c12
0.168112786099984	-0.23176839116809	0.063	0.072	1	CPSF2	c12
0.24102058140261	-0.231730510144013	0.046	0.052	1	PHF10	c12
0.0102327955113613	0.231718948360287	0.121	0.103	1	TMC8	c12
0.332801684486816	-0.23169856849984	0.045	0.05	1	CDKAL1	c12
0.0122834446970365	-0.231601588191584	0.25	0.272	1	KIAA1191	c12
0.101354199899548	-0.23158879221133	0.092	0.103	1	IKBKB	c12
0.0048373137242689	-0.231470771292568	0.183	0.21	1	BTF3L4	c12
0.227999072356325	-0.231408692709641	0.043	0.049	1	PIK3CB	c12
0.00116290267564962	-0.231395358513057	0.283	0.315	1	NSFL1C	c12
6.62282864358326e-07	-0.231395244767626	0.422	0.473	0.0222116427048495	LAPTM4A	c12
0.339533040226666	-0.231297553643858	0.008	0.01	1	MCAM	c12
5.54716431417595e-78	-0.231184813833389	0.999	1	1.86040796768833e-73	RPL10	c12
0.0226060109893736	0.231140910668417	0.102	0.087	1	LTBP4	c12
0.000370009838413737	0.231018898744749	0.272	0.239	1	TRAF3	c12
0.105297069121523	-0.2309541881142	0.107	0.118	1	BID	c12
0.00959995341536109	-0.23089070062322	0.188	0.212	1	UHMK1	c12
0.00298709737634946	-0.230870431526006	0.152	0.179	1	NMT1	c12
0.522310382143847	-0.230826326950272	0.029	0.032	1	TENT4A	c12
0.0184216483491143	0.230807918030651	0.143	0.125	1	FAM210A	c12
0.598417451635043	-0.230740873642945	0.012	0.014	1	PLEKHM3	c12
0.0708814170762722	0.23072651321732	0.096	0.085	1	UQCRHL	c12
2.88463380720906e-05	0.230711148354906	0.286	0.243	0.967448486261774	KDM5B	c12
0.20940262041801	-0.230695857347926	0.08	0.088	1	STRN	c12
9.58693864883056e-27	-0.230659969221262	0.923	0.931	3.21526748404479e-22	EEF2	c12
0.000845488158109142	0.230625703426119	0.177	0.149	1	BTAF1	c12
8.82647434354946e-06	0.230623397000116	0.473	0.425	0.296022296533962	EFHD2	c12
0.00454754521205781	-0.230603117956927	0.213	0.24	1	AIMP1	c12
0.216837946333671	-0.230519569078297	0.041	0.047	1	ZNF235	c12
0.033586351106241	-0.230514332284807	0.093	0.108	1	PSMG4	c12
4.3831692666552e-46	-0.230512146446895	0.999	0.999	1.47002730865082e-41	RPS26	c12
0.680397527554515	-0.230499215115543	0.012	0.013	1	CD3EAP	c12
0.172070320318009	-0.230450561604249	0.067	0.075	1	NUP205	c12
0.00415022387999417	-0.230427831037257	0.276	0.303	1	APEX1	c12
0.00123277831954871	-0.230378815535348	0.282	0.316	1	TPM4	c12
0.0293469888653369	-0.230279970023838	0.125	0.143	1	PNKD	c12
0.248136863716716	0.230267729288292	0.047	0.042	1	SLC35D1	c12
0.000888267015952951	0.230247388155087	0.254	0.222	1	GINM1	c12
0.190328343613636	-0.230177039655396	0.013	0.017	1	ATRN	c12
0.570528495292227	0.230150684996889	0.023	0.022	1	CEP131	c12
0.0167894237396214	-0.230012750591142	0.142	0.163	1	KLHL7	c12
0.0740518046824459	0.230012149096124	0.07	0.06	1	DONSON	c12
0.000572566058641702	0.229946279675212	0.233	0.203	1	UBE2Z	c12
0.0171893973483247	-0.22992323049502	0.11	0.129	1	ATP6V0A2	c12
0.226389760930014	0.229892782347466	0.045	0.039	1	RRNAD1	c12
0.199790518913399	-0.22974479372379	0.07	0.078	1	ZRANB1	c12
0.269831139719563	0.229671779692121	0.011	0.009	1	LINC01534	c12
0.0614494005955914	-0.229626446074966	0.054	0.065	1	WWP1	c12
0.000914780149784731	-0.22960866667326	0.254	0.287	1	SLC52A2	c12
0.348948027877815	0.229487019669994	0.029	0.026	1	ZNF737	c12
0.00909279066751951	-0.229481244136829	0.159	0.182	1	ARID1A	c12
0.0288846931504642	0.22941747979946	0.098	0.083	1	GPR107	c12
0.471336232330506	0.229401328166555	0.011	0.009	1	CA11	c12
0.209489825843364	-0.229389717615278	0.009	0.012	1	ETNK2	c12
5.20922858569657e-05	0.229180561014331	0.203	0.166	1	PPP1R15B	c12
0.323626006618655	-0.229112725866996	0.031	0.035	1	ZFAND4	c12
0.151397599028691	-0.229035304577384	0.075	0.084	1	MMS19	c12
0.00445653488652312	-0.2290254703686	0.256	0.283	1	PRRC2B	c12
0.0190122377752069	-0.228928159225602	0.078	0.095	1	PAK1IP1	c12
0.000114074265331554	-0.228913713312807	0.313	0.352	1	MGST3	c12
0.418236292617059	0.22874289789307	0.011	0.009	1	TMEM191B	c12
0.150258872036576	-0.228606718815965	0.03	0.037	1	PAK1	c12
0.165758245491056	0.228465925347924	0.036	0.03	1	TGFBR1	c12
0.118334838836603	-0.228461391277123	0.033	0.04	1	AGO1	c12
0.168786611579272	-0.228345112467103	0.028	0.034	1	ORAI3	c12
0.444458844658172	-0.228311199686781	0.035	0.039	1	AC044849.1	c12
0.000111142314377686	-0.228206925401406	0.343	0.384	1	AAMP	c12
0.00252711415025297	0.228171026202394	0.238	0.211	1	SMC5	c12
0.00447425978214382	0.228148878401518	0.185	0.161	1	PHTF1	c12
0.0733610387155013	-0.228064759155142	0.034	0.043	1	NHEJ1	c12
0.639159680580712	-0.228002159047515	0.015	0.016	1	TUBG2	c12
0.0301462241592421	0.227782216359532	0.128	0.113	1	INTS14	c12
0.00423176941022024	-0.227778618546707	0.18	0.207	1	KXD1	c12
0.0403462739544367	-0.227747417133355	0.068	0.081	1	RBM34	c12
0.000538130892671915	-0.227615425642678	0.375	0.406	1	DDX17	c12
5.54412417276538e-05	0.227551792092132	0.38	0.335	1	TTC39C	c12
0.00705514435784721	-0.227387035440503	0.164	0.189	1	RNASEH2C	c12
0.44017546793005	-0.227221827530817	0.044	0.048	1	ZBTB40	c12
0.255001310231419	-0.227067020364185	0.013	0.016	1	SEMA4B	c12
0.188248110772592	0.226862354026905	0.052	0.046	1	KLHDC10	c12
0.0387865797732918	-0.226756583414392	0.066	0.08	1	CNOT11	c12
0.00455531152829125	-0.226699199075333	0.045	0.061	1	AGK	c12
1.00039831023539e-12	-0.226657681645808	0.733	0.76	3.35513585286744e-08	EIF3K	c12
0.0134649765977666	-0.226540787671793	0.077	0.094	1	DMAC2	c12
9.78893911754672e-06	0.226531687979274	0.495	0.452	0.328301440124282	ELOC	c12
0.00286081615504953	-0.22652820430529	0.326	0.354	1	YIPF5	c12
2.91366537888895e-05	0.22651460435278	0.445	0.401	0.977185094771777	GYG1	c12
0.213577387962978	-0.226317315199485	0.096	0.104	1	MLLT10	c12
2.17933641816708e-10	-0.226098322030744	0.647	0.68	7.30905847924874e-06	PSMB1	c12
0.268481608324996	-0.22603888747127	0.02	0.024	1	KLC4	c12
0.0025671269264196	0.225888851818633	0.251	0.221	1	ABCC1	c12
6.09766943539893e-05	-0.225808706435181	0.425	0.465	1	MPHOSPH8	c12
0.000308365450239867	-0.225740260838033	0.309	0.344	1	TMCO1	c12
0.00181471496446725	0.225733601934525	0.235	0.205	1	USP22	c12
0.445917485796205	-0.225680598129262	0.013	0.015	1	ZBTB3	c12
0.791686779162961	-0.225597394094111	0.022	0.023	1	BLOC1S3	c12
0.511010192344086	-0.225572617779742	0.031	0.034	1	ICK	c12
0.220892135786427	0.225375801590092	0.031	0.027	1	FCGRT	c12
0.0310267590336919	-0.225323111596195	0.08	0.095	1	ANAPC13	c12
4.07409424000738e-36	-0.225288140511935	0.986	0.987	1.36636972621367e-31	RPS16	c12
0.0177470554926763	-0.225171091341307	0.052	0.066	1	LINC00909	c12
0.121690693184141	-0.225107125456637	0.034	0.041	1	DNAJC18	c12
0.006529748225958	0.224983924026063	0.17	0.148	1	C3orf38	c12
0.0873219108134989	-0.224922917103554	0.088	0.1	1	ABHD18	c12
0.017126509998076	-0.224908029651038	0.249	0.27	1	CEP350	c12
0.0609505436375801	-0.224859716346853	0.046	0.057	1	ZDHHC17	c12
0.492273941256204	0.224790332417831	0.039	0.036	1	SLC2A13	c12
0.161745294603274	-0.224587146168943	0.011	0.015	1	NBPF20	c12
0.0782596030198612	-0.224535678160229	0.015	0.021	1	TXNRD2	c12
0.295403365088351	-0.224496486135163	0.013	0.016	1	IL23A	c12
0.0281326657449646	-0.224494730841251	0.093	0.11	1	THOC6	c12
0.0145227078570456	-0.22448050915214	0.043	0.057	1	PARN	c12
0.136562235037046	-0.224389521492547	0.073	0.083	1	DDX10	c12
0.0233604184902695	-0.22438487994678	0.04	0.052	1	CDK2	c12
0.0105076767996626	-0.224232499082838	0.159	0.182	1	FBXW2	c12
0.0364216596833983	-0.224152447681688	0.091	0.106	1	TNRC6A	c12
0.000181261352961751	0.224110937122681	0.227	0.193	1	ATP6V1H	c12
0.232973900198741	-0.224018439040516	0.046	0.052	1	ZNF720	c12
0.0025564263859269	-0.223986110357779	0.273	0.304	1	NDUFS7	c12
3.29526452071189e-05	0.223956506010699	0.307	0.264	1	SPAG9	c12
2.07493357550617e-06	0.223825330878774	0.423	0.37	0.069589122255326	HSBP1	c12
0.180935697239305	-0.22368903510533	0.017	0.022	1	B3GNTL1	c12
0.0202792161185427	-0.223684289337196	0.104	0.122	1	ISOC1	c12
0.00833291516601861	-0.223683150934234	0.137	0.161	1	APPL1	c12
0.0062953500578962	-0.223682291370057	0.236	0.262	1	STMP1	c12
0.000174786931053213	0.223669290393831	0.224	0.189	1	GABPB1	c12
0.172750565684164	-0.223577447616558	0.052	0.06	1	NDST2	c12
0.298926158008755	-0.22357582226665	0.057	0.063	1	GCC1	c12
0.0385747885245555	-0.223502727081416	0.161	0.178	1	FAM160B1	c12
0.00139130835842832	-0.223482181937472	0.225	0.257	1	SMAP1	c12
0.0493490046165943	0.22344963340482	0.288	0.27	1	PNP	c12
0.146733382965373	-0.223350384098483	0.065	0.074	1	MRPL48	c12
0.0937876565866098	-0.223344960732551	0.1	0.112	1	RTL8A	c12
8.3130400671317e-06	0.223312863351021	0.389	0.34	0.278802737771463	RRAGC	c12
0.00031525771339683	-0.222948819228633	0.334	0.368	1	NDUFB6	c12
0.0484858116900063	0.22292617874376	0.082	0.07	1	IGHMBP2	c12
0.000983024434084376	-0.222833219865826	0.336	0.366	1	NUCKS1	c12
0.470683652109134	0.222739413328901	0.061	0.057	1	FNDC3B	c12
0.00068854476942208	-0.22271242560506	0.196	0.231	1	KLHDC3	c12
0.00866697320105093	-0.222588463675617	0.19	0.215	1	EIF2AK1	c12
2.50457438786524e-06	0.222570972765541	0.461	0.411	0.0839984158202245	SYNE2	c12
0.360015641458234	-0.222531205785326	0.017	0.02	1	ZNF718	c12
0.240639954500194	-0.222521445912973	0.034	0.039	1	PPAT	c12
0.0168122776405724	-0.222410019660191	0.163	0.184	1	SNAP29	c12
0.0126780013025896	-0.222396759014189	0.171	0.193	1	ABCF3	c12
0.0577194038513674	-0.222321689167925	0.141	0.157	1	ITPA	c12
0.133829656271669	-0.222291743298573	0.02	0.025	1	PINX1.1	c12
0.14852989503917	0.222175867763505	0.06	0.053	1	ZNF836	c12
1.52538961850417e-11	-0.222096448374288	0.755	0.804	5.11585170253927e-07	IDS	c12
0.000148687789628752	0.222074410587855	0.288	0.249	1	TARS	c12
0.19713866949646	-0.222047253318711	0.047	0.054	1	ZNF426	c12
0.0299877026620346	0.221987464743138	0.115	0.1	1	RBM19	c12
0.342312749531497	-0.221935697522594	0.007	0.01	1	TTC39C-AS1	c12
4.88247914630837e-05	0.221932470668321	0.381	0.343	1	UFM1	c12
0.100706641567926	-0.221911619367529	0.228	0.241	1	MMP24OS	c12
1.05073457789377e-05	-0.221853172370662	0.466	0.5	0.352395362734013	NDUFB10	c12
0.00783875355230108	-0.221799906788237	0.098	0.118	1	ADK	c12
0.00312417550464185	-0.221680207533073	0.223	0.253	1	VPS51	c12
0.427482444588014	0.221623283528572	0.043	0.039	1	ZNF627	c12
0.00170021170184661	-0.221609070714364	0.28	0.309	1	TKT	c12
0.266461656634713	-0.221571913295558	0.023	0.028	1	SMAD5	c12
0.474567323283616	-0.221536103238112	0.016	0.018	1	AC008083.2	c12
0.0434324352479109	0.221523658300242	0.159	0.143	1	CNOT9	c12
0.0419492150973478	-0.221510032200979	0.401	0.408	1	PDCD1	c12
0.00196666164440269	-0.221470133752243	0.302	0.333	1	ZAP70	c12
0.152961690559413	-0.22145978717888	0.12	0.13	1	ALKBH5	c12
0.109245516956894	-0.221397418154688	0.021	0.027	1	SMYD5	c12
0.940140388521648	-0.221393706094252	0.01	0.01	1	NCK1-DT	c12
0.0096576591495954	-0.221351805875768	0.204	0.228	1	CRBN	c12
0.671284433471322	0.2213450093561	0.017	0.015	1	ZNF776	c12
0.00250093478489756	-0.221161395619992	0.351	0.376	1	GLIPR1	c12
0.163350550837994	-0.22111010538604	0.087	0.096	1	PPP3CA	c12
0.0291601767760473	-0.221109972051622	0.19	0.208	1	GLTP	c12
0.0105131709811713	-0.22101989424839	0.112	0.133	1	GTF3C5	c12
0.00683922381376739	-0.220972908413095	0.117	0.14	1	SUMF2	c12
0.153910312382311	-0.22093626084977	0.087	0.096	1	ENTPD4	c12
0.00576283068894445	-0.220822878431427	0.314	0.34	1	NOP56	c12
0.00138616270072448	-0.220684986575661	0.279	0.31	1	RAB6A	c12
0.000391479470174698	0.220604910626313	0.257	0.224	1	SEMA4D	c12
0.146849787055274	-0.220457933421756	0.204	0.214	1	PRKCQ	c12
0.00108327567535768	-0.220436900440697	0.251	0.285	1	EPB41L4A-AS1	c12
0.0267638164750916	-0.220395946551447	0.106	0.123	1	RXRB	c12
0.33526303187748	-0.220364133918469	0.075	0.081	1	TRGV10	c12
2.10246383756465e-05	0.220300588317621	0.408	0.364	0.705124321842432	DR1	c12
0.376549364911875	-0.220141033522943	0.088	0.093	1	PLD3	c12
0.00854962423578063	0.220121942446152	0.199	0.176	1	PHPT1	c12
0.0990026708506865	-0.220086951827529	0.117	0.129	1	SCML4	c12
0.43494024643027	0.219990052128842	0.013	0.011	1	SYCP2	c12
0.00656576200240011	-0.219948525783422	0.187	0.213	1	E2F4	c12
0.0584183003965517	-0.219904340862407	0.104	0.118	1	UTP3	c12
0.220229617750775	-0.219881426867738	0.019	0.023	1	ALS2	c12
0.450144846263369	0.219826857244239	0.059	0.056	1	ABI2	c12
0.60439971675545	-0.219819908853642	0.015	0.016	1	ZFPM1	c12
0.00359326919604854	-0.219656412220827	0.133	0.159	1	GLO1	c12
0.0416772746422447	-0.21965230771124	0.111	0.127	1	DAP	c12
0.00146858698019269	0.219612881923561	0.244	0.213	1	SMIM29	c12
0.00361317342371081	-0.219534814089101	0.197	0.226	1	KCTD20	c12
0.0111211053611752	-0.219456280936736	0.189	0.212	1	SMARCD1	c12
3.87814161889933e-06	-0.219443513868034	0.434	0.479	0.130065113614646	PIK3IP1	c12
0.151211908479351	-0.219390956194879	0.066	0.074	1	NR2C1	c12
0.0174377380962794	-0.219119692851281	0.182	0.203	1	EFCAB14	c12
0.00618002487523244	-0.21903256540979	0.124	0.146	1	CCDC69	c12
0.286193527295353	-0.218900981425648	0.045	0.051	1	TNK2	c12
0.0165986734072099	-0.218886080060212	0.089	0.107	1	AQP3	c12
0.00127762912708371	0.21885546196956	0.333	0.304	1	MRPL47	c12
1.97804083463384e-05	-0.218840613101699	0.374	0.417	0.663395335119497	SSBP1	c12
0.00598610573743285	0.218761079085043	0.229	0.204	1	ZNF622	c12
0.0321638655928344	0.218759593595854	0.108	0.093	1	ZNF654	c12
0.00129709034073948	0.218729515040173	0.144	0.119	1	PARVG	c12
0.0680952979458255	-0.218724333020659	0.118	0.132	1	SP2	c12
0.102947159940766	-0.218640168403453	0.103	0.116	1	MRPL42	c12
0.00220832361251498	-0.218618719725472	0.239	0.27	1	MOB2	c12
0.130616187207614	-0.218601784619534	0.015	0.021	1	TRAF3IP2-AS1	c12
0.114699945835481	-0.218554052338436	0.059	0.069	1	MLST8	c12
0.045063302197262	-0.218540160454856	0.038	0.048	1	G6PC3	c12
0.000976137797368639	0.218503831758738	0.294	0.262	1	OSER1	c12
5.87448691677186e-05	0.218466017716709	0.289	0.247	1	PUM1	c12
0.00010026526328532	-0.218416272598669	0.453	0.487	1	RTF1	c12
0.00789044791022869	-0.218412391108476	0.343	0.364	1	OSTF1	c12
0.00863535707886792	-0.218327927016993	0.133	0.156	1	TMEM39A	c12
0.019332489813862	-0.218314218043952	0.137	0.157	1	SCFD1	c12
0.0296857712563984	-0.218226043160014	0.159	0.178	1	FLI1	c12
0.0414439910240648	-0.218196133999486	0.067	0.08	1	ZNF506	c12
0.000988962146533066	0.218163465701332	0.309	0.274	1	TOB1	c12
0.0670951762856139	-0.218120065576267	0.067	0.078	1	RBM4B	c12
0.478814737121304	-0.218114521168969	0.014	0.017	1	ACO1	c12
0.0553263050470018	-0.21803501316531	0.088	0.103	1	FURIN	c12
0.00062121751952951	0.218011706019247	0.249	0.217	1	PRKCD	c12
8.40803101804132e-08	-0.218006528479915	0.561	0.599	0.0028198854428307	ATP5MF	c12
0.0113523638660554	-0.217975905314385	0.199	0.223	1	HSD17B10	c12
0.272907215604126	0.217947580353715	0.061	0.055	1	ZFP1	c12
0.225636426168678	-0.217851016109197	0.058	0.064	1	DPYD	c12
0.184376852976385	-0.217849838598239	0.06	0.068	1	CHCHD4	c12
0.00963061849917093	-0.217833734378294	0.322	0.341	1	LBR	c12
0.473027767904887	-0.217802215050741	0.035	0.038	1	TMEM8A	c12
0.0708949895174611	-0.217719874526639	0.067	0.079	1	MICAL1	c12
0.312832837445845	0.217653156566328	0.1	0.094	1	GMDS	c12
0.000245714323737548	-0.21763070305085	0.374	0.412	1	SRPRA	c12
0.583469919402331	0.217610950303339	0.047	0.045	1	HIST1H2BJ	c12
0.00139683991270196	-0.217584012732302	0.313	0.346	1	PIN1	c12
0.408002998660194	0.217575144072344	0.037	0.033	1	MOCS3	c12
0.0625407244259308	-0.217568929644922	0.14	0.155	1	SNX4	c12
0.123034630125536	-0.217514169932401	0.141	0.153	1	ACOT9	c12
0.0113247864528842	0.217405611850572	0.136	0.118	1	DTX3L	c12
0.247000146737258	-0.217361832587492	0.069	0.076	1	MXI1	c12
0.0030465071259046	-0.217300534233319	0.198	0.228	1	ATRAID	c12
0.200304788809379	-0.217291217956811	0.073	0.081	1	TYK2	c12
0.091749524627011	-0.21726138035715	0.067	0.077	1	WDFY2	c12
0.51256733452982	-0.217106005744432	0.013	0.015	1	HLCS	c12
0.260038276025591	-0.216880572628447	0.076	0.083	1	YTHDF1	c12
2.01478451605672e-06	0.21685102898013	0.51	0.452	0.0675718430995103	LCP2	c12
0.071309770888965	-0.216683205415002	0.054	0.065	1	FARSB	c12
0.432604571501632	-0.216624245097532	0.034	0.038	1	FASTKD3	c12
0.000190731563850813	0.21656779395036	0.417	0.377	1	FOXP1	c12
0.25137152334442	-0.216561104856879	0.014	0.017	1	RAD51B	c12
0.242092555442779	-0.216538047015882	0.072	0.08	1	HACD2	c12
0.156426876859891	0.216426165003536	0.054	0.047	1	ZNF487	c12
0.249309864484269	-0.216402776475972	0.031	0.036	1	ZNF671	c12
0.0091898848492223	-0.216374497700141	0.215	0.24	1	NDUFS2	c12
0.00449892910028808	-0.216334834616729	0.291	0.32	1	STAT4	c12
0.00765730570536079	0.216256160700617	0.131	0.111	1	RPS6KA5	c12
0.181163343881022	-0.216196726850353	0.061	0.069	1	POLR3F	c12
0.229154651947535	-0.216167635295736	0.009	0.012	1	ZNF169	c12
0.455053519182317	0.216108133274176	0.027	0.024	1	TRAV10	c12
0.0676402823072838	0.215948274663728	0.123	0.109	1	GALNT1	c12
0.696325227682828	-0.215922224015155	0.011	0.012	1	AL445471.1	c12
0.0364384971672823	-0.215910364489334	0.066	0.079	1	NUDCD3	c12
0.176495876885577	0.215903035016367	0.116	0.107	1	DENND1B	c12
0.536321357472982	-0.215880080998328	0.009	0.011	1	SMAGP	c12
0.0613125642211795	-0.215870316366696	0.109	0.123	1	GRIPAP1	c12
0.506615707174267	-0.215861978379589	0.043	0.046	1	ZNRF2	c12
0.0380421051440985	-0.215824042680189	0.126	0.143	1	GRWD1	c12
0.459008423869371	-0.215802540168662	0.056	0.06	1	SMG6	c12
0.0101139201191317	-0.215639733960076	0.144	0.167	1	PIK3CD	c12
0.0870005213758535	-0.215564397589091	0.06	0.071	1	LRCH4	c12
0.0202329937303113	0.215432978192456	0.188	0.169	1	EBP	c12
1.85087036718064e-60	-0.215312662737113	0.998	0.999	6.20744903745044e-56	RPL13	c12
0.000331393028489897	-0.215261118834125	0.44	0.465	1	TRAPPC1	c12
0.15556442365398	-0.215145195009412	0.026	0.031	1	ARHGEF18	c12
0.0186800251131668	0.215092081328838	0.099	0.084	1	SLC25A17	c12
8.97121068397111e-07	-0.215021025716559	0.514	0.559	0.0300876463919023	THRAP3	c12
0.0967080400142137	-0.21495641850109	0.054	0.064	1	EDC3	c12
0.471499668506137	-0.214936666793226	0.008	0.01	1	FUK	c12
0.0918217801184049	0.214740396720026	0.122	0.11	1	CEBPZOS	c12
0.00681426435149128	-0.214680413530245	0.225	0.252	1	NOB1	c12
0.00968832205983667	-0.21457953658636	0.135	0.158	1	TNIK	c12
0.927094800423341	-0.214534494299436	0.019	0.018	1	SPATA6L	c12
0.0292819971208926	-0.214427594813572	0.213	0.232	1	C17orf49	c12
0.00173229839587288	0.214402942676009	0.249	0.219	1	MARCH5	c12
0.0430857757292949	-0.214393260883591	0.1	0.116	1	KHNYN	c12
0.000709870701498103	0.21435075296904	0.237	0.205	1	LPIN1	c12
0.0535763675769608	-0.214218346099476	0.143	0.16	1	MTF2	c12
0.00029857144921192	0.214217996209999	0.272	0.236	1	UBL3	c12
0.0187993597917561	-0.214206498722738	0.112	0.131	1	DMTF1	c12
0.725765363685355	0.214184156923965	0.011	0.01	1	AC105020.6	c12
0.0581692777829835	-0.214143649342208	0.064	0.076	1	AP002387.2	c12
0.0501810983395344	0.214093786807154	0.116	0.102	1	RANBP9	c12
1.86073694178745e-23	-0.213994452266442	0.947	0.968	6.24053955536674e-19	CALM1	c12
0.42795620771489	-0.213805060180162	0.029	0.032	1	ZNF880	c12
0.0277470408439833	-0.213795717305274	0.119	0.137	1	TRIM4	c12
0.00749317308343787	-0.213779946657458	0.239	0.263	1	SIRT7	c12
0.0860899941164038	-0.213683809354167	0.181	0.195	1	TMEM126B	c12
0.0443698975754927	-0.213639706274761	0.12	0.137	1	CAPNS1	c12
0.000420287386648817	-0.213592913584391	0.293	0.328	1	NUTF2	c12
0.173846795459585	0.213577693260405	0.021	0.017	1	ZBTB22	c12
0.00614941723989648	-0.213564457700163	0.034	0.048	1	HAUS4	c12
0.262003453984244	-0.213524272837318	0.021	0.026	1	ALG9	c12
2.86165899067553e-39	-0.213485916033756	0.994	0.997	9.5974319229276e-35	RPL8	c12
0.00850156790009949	0.213480015461538	0.145	0.124	1	GCNT1	c12
0.113208495535126	-0.21347790101169	0.061	0.071	1	ZNF354A	c12
0.0573839421831421	-0.213420303432597	0.08	0.093	1	DCUN1D1	c12
0.380994725832688	0.213389116325171	0.042	0.038	1	MOB1B	c12
0.316250715505483	-0.213372713486574	0.019	0.022	1	PSKH1	c12
0.00369302586306882	-0.213346282965588	0.303	0.332	1	SNRNP70	c12
0.129557954687553	-0.213257308863023	0.068	0.077	1	TAF8	c12
0.373465265426524	-0.21322102095959	0.051	0.055	1	CYHR1	c12
0.0655041138241588	-0.213104204332928	0.097	0.11	1	EXOG	c12
0.0107134368034902	-0.213088677874463	0.136	0.158	1	IARS2	c12
0.071405888071994	-0.213044938200484	0.042	0.051	1	ABCD3	c12
0.147649729640232	-0.21289637115165	0.013	0.018	1	CIPC	c12
0.0292472968906013	-0.212773264319437	0.11	0.128	1	ERCC3	c12
0.0186082327284567	-0.212527007300219	0.303	0.321	1	SNX17	c12
0.112439224220878	0.21249396331931	0.059	0.051	1	CCDC86	c12
0.00303126592371298	-0.212339739026111	0.517	0.526	1	TRBC1	c12
0.00461968474217218	0.212236210094091	0.302	0.274	1	PBDC1	c12
0.371889065772667	-0.212172539277442	0.021	0.025	1	CD99L2	c12
0.219654810100869	0.212139044956954	0.088	0.081	1	SNAPC1	c12
0.0718846776003442	-0.212067814490125	0.178	0.192	1	TRIM8	c12
0.403969039061744	-0.21204723443831	0.02	0.023	1	CCNYL1	c12
0.172324468637424	0.21202271979748	0.042	0.036	1	ZKSCAN5	c12
4.94013868052803e-10	-0.21201251084574	0.739	0.762	1.65682371067549e-05	NOP53	c12
0.0322189483024019	-0.211911438640969	0.074	0.088	1	PTPN18	c12
0.00819928874250803	-0.211835999993682	0.277	0.302	1	MRPS15	c12
0.00851986138046949	0.211833883200041	0.1	0.083	1	KCNA3	c12
1.65980202176733e-08	-0.211807501138652	0.696	0.728	0.000556664402060326	XRCC6	c12
0.158109819673738	-0.211653674110852	0.023	0.029	1	AL355472.1	c12
2.79144528917953e-05	-0.211621940041613	0.5	0.537	0.936194921085032	SPTAN1	c12
0.0015313148696907	-0.211608344441219	0.317	0.349	1	ARHGAP30	c12
0.0635670112128392	-0.211577088649899	0.021	0.028	1	KNL1	c12
0.202108986027736	-0.211490873707055	0.04	0.046	1	SCAI	c12
0.0215360106416048	0.211426929927371	0.143	0.126	1	MAML2	c12
0.260955341495833	-0.211367183747393	0.02	0.024	1	ETAA1	c12
0.026326265697329	0.211323417048125	0.134	0.117	1	ZBTB17	c12
0.0734385257051548	-0.211299356363039	0.039	0.049	1	FOXRED1	c12
0.00468393123954791	0.211289956649796	0.221	0.195	1	SCAF4	c12
0.0320524926483319	-0.211195247322893	0.095	0.111	1	XAF1	c12
0.0218739867280191	-0.211190971090785	0.227	0.247	1	SIGIRR	c12
8.65688137245979e-05	0.211106247065258	0.309	0.268	1	ATXN1	c12
4.41756132571661e-05	-0.211064984841962	0.545	0.564	1	NSA2	c12
0.260571754059239	-0.211059009981173	0.06	0.066	1	NPRL3	c12
0.0458095498878111	-0.211045187880177	0.039	0.05	1	FANCA	c12
0.00123865027601941	0.210911918091075	0.18	0.152	1	ZCCHC8	c12
0.000690992662988548	0.210728443326659	0.283	0.251	1	LRRC59	c12
0.314764033336688	-0.210667962797859	0.05	0.055	1	EXT2	c12
0.0972030489257219	-0.210606563683021	0.101	0.113	1	PRRC1	c12
0.0312527831640475	0.210599453145608	0.298	0.28	1	ICOS	c12
0.132668410154618	-0.210500761812079	0.034	0.041	1	C16orf45	c12
0.000616467525040305	0.210465043391794	0.353	0.319	1	ARAP2	c12
0.0138921442830099	-0.210447112078992	0.101	0.12	1	ECHS1	c12
0.294251720295219	-0.210401414027123	0.053	0.059	1	LIPA	c12
0.0757058355728623	0.210228445297126	0.065	0.055	1	TSPAN31	c12
0.00852530058860009	-0.210150756948958	0.159	0.182	1	DDX56	c12
0.115316587315455	-0.210133910660603	0.12	0.133	1	TMEM223	c12
0.204822090327536	0.210099861726193	0.059	0.052	1	COX10	c12
0.05627676258119	0.210055966849802	0.08	0.069	1	SMIM13	c12
0.0298050089997955	0.209943226332142	0.088	0.074	1	PPP2R1B	c12
0.0784626885651186	-0.209933318701227	0.267	0.279	1	TRAF4	c12
0.012850245341685	-0.20991006743082	0.176	0.199	1	STARD3	c12
0.0683946906243248	-0.209893316131229	0.105	0.119	1	TMX2	c12
4.49708686027922e-05	0.209883795566707	0.295	0.253	1	TFIP11	c12
0.0697014134313903	-0.209848573145603	0.121	0.135	1	GPR137	c12
3.97115870087138e-65	-0.209824921144997	0.999	0.999	1.33184720509824e-60	RPS28	c12
0.0544618969490333	0.209817666321226	0.06	0.05	1	CIC	c12
0.261147104897546	-0.209801381507429	0.047	0.053	1	CARD8-AS1	c12
0.038992140736279	-0.209765612879358	0.113	0.13	1	BLVRA	c12
2.79050865042687e-09	-0.209752007121707	0.931	0.934	9.35880791180164e-05	MT-ATP8	c12
0.0828325193027702	-0.209666030162525	0.006	0.011	1	HSBP1L1	c12
0.0639073236565822	-0.209628758470207	0.114	0.128	1	SUPT20H	c12
0.0209644722429081	-0.209602282583986	0.127	0.146	1	METTL8	c12
0.101505721130647	-0.209494176103775	0.09	0.101	1	NCAPH	c12
1.73018992225627e-34	-0.209486386056562	0.994	0.993	5.80271096126308e-30	RPS18	c12
3.77093489787296e-06	-0.209399606144159	0.36	0.41	0.126469614604863	G3BP1	c12
0.00836124466826346	-0.209362710612838	0.176	0.201	1	CHCHD7	c12
0.326213418017899	-0.209211196405066	0.009	0.011	1	AC105446.1	c12
0.367361284706235	-0.209019955820986	0.038	0.042	1	POLR1B	c12
1.43490026898878e-24	-0.20901139265295	0.974	0.97	4.81236852213457e-20	RPL22	c12
0.199083180966034	0.20890560313173	0.047	0.041	1	ACER3	c12
0.000404213574085577	-0.208809621732164	0.418	0.45	1	POLR2I	c12
0.0186387718920538	-0.208795374732779	0.091	0.108	1	TRPT1	c12
0.0608069543391538	-0.208762006108652	0.15	0.167	1	DHX16	c12
0.235199745230871	-0.208738635715187	0.082	0.089	1	PDP1	c12
0.0386490989460024	-0.208637996776577	0.141	0.159	1	USP34	c12
0.000728093678726808	-0.208588857665436	0.233	0.269	1	MRPS5	c12
0.112586040791734	-0.208366223008297	0.084	0.095	1	ANKHD1	c12
0.121445149141233	-0.208351284647514	0.067	0.076	1	SH3BP1	c12
0.26241193949501	-0.208338206793534	0.026	0.03	1	TRMT2B	c12
0.00475464642257082	-0.208295433770782	0.183	0.212	1	USP39	c12
0.016313396437688	0.208284907382691	0.112	0.095	1	KCTD9	c12
0.822978942433465	0.208241671233533	0.018	0.017	1	RYR1	c12
0.000958931588180863	-0.208071679975354	0.282	0.316	1	RTN3	c12
7.63326346091702e-60	-0.208019355926774	0.997	0.999	2.56004389952235e-55	RPL32	c12
0.174568840897578	0.207968915798841	0.077	0.069	1	R3HDM2	c12
0.403652409555421	0.207934956616972	0.101	0.096	1	THAP2	c12
4.6722966391647e-05	0.207763429689539	0.295	0.254	1	AFF4	c12
0.268862611345905	0.207732073853448	0.083	0.077	1	NUCB2	c12
0.367930096660547	-0.207720376479641	0.02	0.023	1	AGAP3	c12
0.453282646216237	-0.207690834349004	0.022	0.025	1	AC060780.1	c12
0.000896467400298144	-0.207646514936863	0.334	0.367	1	HADHA	c12
0.26526375585766	0.20756011259295	0.154	0.147	1	BZW2	c12
0.0540357664312049	-0.207464598122579	0.031	0.04	1	ZDHHC13	c12
0.108133160489263	-0.207375943311135	0.076	0.087	1	CIZ1	c12
0.158609401274605	0.207374705973478	0.019	0.015	1	MYO5B	c12
0.343706008516076	0.207371495968921	0.058	0.053	1	SLC35F2	c12
0.0405619557337596	0.207370689908038	0.205	0.188	1	MFAP1	c12
0.113781388088581	-0.207366304389193	0.039	0.047	1	POLR2J3.1	c12
0.00524770909932123	0.207331503028616	0.312	0.285	1	ZC3H7A	c12
0.21557493580032	-0.207318928098596	0.093	0.102	1	FBXO33	c12
0.0673946901258741	0.207115918878599	0.158	0.144	1	CHD3	c12
0.0102913435860922	-0.20696868940368	0.11	0.131	1	DNAJB12	c12
0.000253767963439657	0.206920201519164	0.497	0.46	1	SLBP	c12
0.138539670170523	-0.206911943510712	0.053	0.062	1	INTS8	c12
0.67075228098496	-0.206836969236411	0.017	0.018	1	CCDC120	c12
0.272977128848499	-0.206835786802138	0.029	0.034	1	CLN3	c12
0.0395305301446515	-0.206806064105386	0.208	0.226	1	FYTTD1	c12
0.105522178675189	-0.206791590547531	0.063	0.073	1	ETV6	c12
0.204977509714526	0.206703212001744	0.109	0.101	1	KCTD10	c12
0.292241719239689	-0.20651185313778	0.012	0.015	1	PLXNA1	c12
0.0127098635629051	0.206488295633885	0.296	0.275	1	CASP4	c12
0.0393030072930539	-0.206484776500306	0.118	0.135	1	ARL14EP	c12
0.165218232642458	-0.206382805353587	0.081	0.09	1	WDR83	c12
0.181005142883209	-0.206293967330847	0.072	0.081	1	GMPPB	c12
0.237126317682401	-0.206205910538491	0.026	0.03	1	ZNF18	c12
0.015160915870681	-0.206108832009472	0.099	0.117	1	TOR2A	c12
0.486966698165569	0.206103793441751	0.017	0.015	1	FBXL18	c12
0.198835060958782	-0.206096329413324	0.101	0.11	1	PWWP2A	c12
0.334836349120959	0.206060007963837	0.111	0.105	1	GLRX	c12
0.12203633022571	-0.206000627112379	0.042	0.049	1	TTC21B	c12
6.98081860131791e-29	-0.20585083984242	0.982	0.986	2.34122694251e-24	RPL5	c12
0.42735172558459	-0.205832395820004	0.029	0.032	1	MAFF	c12
0.0069790364616829	-0.205785907937012	0.253	0.28	1	ILKAP	c12
0.528932924252649	-0.205734725095885	0.036	0.039	1	COG6	c12
0.000361515729479071	0.205687685541879	0.211	0.178	1	ELOA	c12
0.0020788625005362	-0.205656585117854	0.3	0.331	1	ATP6AP2	c12
0.595781123104773	-0.20564597163976	0.066	0.068	1	ZNF324	c12
0.0998926167201611	-0.205615110880121	0.076	0.087	1	PEX26	c12
0.00951614486776116	0.20549846228235	0.196	0.174	1	VEZT	c12
0.00263278574971752	-0.205431119092196	0.354	0.384	1	RPN2	c12
0.875872414335971	-0.205291611081107	0.014	0.014	1	HOMER1	c12
0.000318667388024226	0.205266898869187	0.381	0.348	1	ICAM3	c12
0.000762034294069729	0.205245811635133	0.225	0.194	1	NEK7	c12
0.557420066614112	0.205227316072791	0.041	0.039	1	MCM9	c12
0.11926099148889	0.205208386125592	0.06	0.052	1	CCDC102A	c12
7.70549078407793e-05	-0.205202420355389	0.328	0.371	1	AKAP9	c12
0.510352365630361	0.204994280588092	0.055	0.052	1	ZC2HC1A	c12
0.00815309599393922	-0.204930652964213	0.113	0.135	1	CNOT3	c12
0.00174088819490213	-0.204926173601976	0.24	0.273	1	OCIAD1	c12
0.475752920019361	0.204877359152774	0.011	0.01	1	DAB2IP	c12
0.871406097660504	0.204854390155576	0.015	0.016	1	NT5DC2	c12
0.310084358550091	0.204828108333754	0.04	0.036	1	TMEM97	c12
0.696508790681573	-0.204792342066296	0.013	0.014	1	PPIP5K1	c12
0.463295322385732	-0.204718267002153	0.042	0.045	1	ERCC6	c12
0.0541059194769466	0.204667512129212	0.092	0.079	1	SEC24D	c12
0.171409248703534	0.204647438206905	0.062	0.055	1	DOT1L	c12
0.104774836990618	-0.204635043098248	0.051	0.06	1	CENPN	c12
1.32871237609397e-05	0.204614119132328	0.535	0.489	0.445623556694394	UBE2N	c12
0.20746940417392	-0.204563521744706	0.024	0.029	1	TMEM94	c12
0.10386131124326	-0.204556477333267	0.137	0.15	1	LSG1	c12
0.263616252039766	-0.204514758067943	0.05	0.056	1	ABHD6	c12
8.4484068957151e-05	-0.204499640354728	0.339	0.382	1	NEDD8	c12
2.96864335668679e-51	-0.204425672498434	0.999	0.999	9.95623608965614e-47	RPS3	c12
0.312644715024312	0.204397024053691	0.042	0.038	1	SGSH	c12
8.91088871171271e-55	-0.204362545236167	1	0.999	2.98853385613421e-50	RPL11	c12
0.00420753124287837	-0.204304232032622	0.223	0.252	1	C12orf65	c12
0.141632051747869	-0.204293504760898	0.032	0.039	1	PPOX	c12
4.90000029065798e-06	0.204247619322507	0.33	0.281	0.164336209748087	GNA13	c12
0.315416002983056	-0.204245148046558	0.029	0.033	1	CDK19	c12
0.080471090423614	-0.204225264538636	0.163	0.177	1	MEF2D	c12
0.310044422644177	-0.204191982249953	0.156	0.163	1	WHRN	c12
0.0364545953754467	0.204115361747447	0.131	0.115	1	TPP1	c12
0.00837255557676467	-0.204085746212042	0.142	0.166	1	NSUN5	c12
0.000255705374543057	-0.204069266614105	0.45	0.483	1	TOMM5	c12
0.00645515340929371	-0.204019925551765	0.125	0.149	1	PKN1	c12
0.112742776039799	-0.203889531000299	0.119	0.132	1	RALGAPB	c12
0.503072190369108	0.203630091481668	0.022	0.025	1	NCAPG	c12
4.70681595116128e-09	-0.203586137340507	0.923	0.93	0.000157857193370047	EZR	c12
0.239204788670692	-0.203583423729805	0.123	0.131	1	CWF19L2	c12
0.0251634543938364	-0.20357111526169	0.086	0.103	1	NCBP1	c12
0.0836802829688527	-0.20354194653766	0.084	0.096	1	PIGC	c12
0.0440305022816533	-0.203479700980762	0.049	0.061	1	DHRS4	c12
0.183019962926907	-0.203407170562635	0.027	0.032	1	ZNF268	c12
0.284072859740578	-0.203290469485134	0.071	0.077	1	ZHX1	c12
0.0569657766044779	-0.203250465837846	0.158	0.174	1	CEP120	c12
0.329702033836425	-0.203225746911763	0.033	0.037	1	PAM16	c12
7.34657271942771e-14	-0.203219203603713	0.902	0.896	2.46389355864166e-09	EEF1B2	c12
0.000783269521259899	-0.203154628613573	0.326	0.362	1	UQCRC2	c12
0.0979278900294364	0.20311053022548	0.131	0.119	1	TXLNA	c12
0.00119575709434906	0.203093038947368	0.215	0.186	1	ITGB7	c12
2.9663658733728e-05	-0.203070690070724	0.519	0.547	0.99485978661177	PA2G4	c12
0.0109527336486603	-0.202957836715063	0.203	0.227	1	BLOC1S4	c12
0.0416840980011561	-0.202957282055913	0.218	0.237	1	TAF11	c12
0.0133830449690477	-0.20294032545063	0.358	0.378	1	PHF1	c12
0.0504195648909425	0.202858236216636	0.041	0.033	1	CDYL	c12
0.0143185623657145	-0.202793651366707	0.122	0.143	1	STX10	c12
0.389873081086829	-0.202736689724782	0.035	0.038	1	ZBTB6	c12
0.526091502305165	-0.202690061438616	0.013	0.015	1	JRKL	c12
0.196577167703064	-0.202617927772411	0.05	0.057	1	RAB33B	c12
0.200565532425931	-0.202569406019147	0.049	0.055	1	DDX31	c12
0.0490101604433305	0.202536506303534	0.183	0.166	1	MSMO1	c12
0.291613485393407	0.202520620237242	0.057	0.051	1	ZNF529	c12
0.629637214621491	-0.202415854699811	0.036	0.038	1	MIER2	c12
0.0221219003324639	0.202387922151176	0.116	0.099	1	SYS1	c12
8.48074880333023e-05	0.202280422795778	0.554	0.514	1	TRA2B	c12
0.0684931537415005	-0.202268426181656	0.118	0.132	1	AP1G2	c12
0.0855675003085009	-0.202231174038022	0.129	0.143	1	NOC4L	c12
0.515204983048776	0.202192872865742	0.025	0.022	1	ZNF436	c12
0.0379058841464968	0.20217672995012	0.19	0.173	1	ERG28	c12
0.00773673056174992	0.20213052381593	0.167	0.144	1	NCOA3	c12
1.16764384547304e-05	0.202115050225215	0.453	0.405	0.391604392894748	GOLGB1	c12
0.079553307414617	-0.202101580751577	0.136	0.151	1	NSRP1	c12
0.55253785834344	-0.201984081444117	0.014	0.016	1	SLC12A4	c12
0.000193400379467165	0.201952139511061	0.284	0.244	1	ATP6V1D	c12
0.0267304401969603	-0.2019423504137	0.096	0.112	1	ZMYND11	c12
0.00250155848795395	-0.20193607889622	0.297	0.328	1	LSM10	c12
0.149250195491048	-0.2019058859463	0.122	0.133	1	PRPF3	c12
0.0115251626816773	-0.201866152880578	0.311	0.335	1	PRPF8	c12
0.370229594541747	0.201772234968115	0.044	0.04	1	LINC00957	c12
0.26526333632059	-0.201769665827098	0.062	0.068	1	TRIM59	c12
0.0490609290164495	-0.201711635404379	0.134	0.151	1	PRKAG1	c12
0.000770779268982557	-0.201699286804259	0.443	0.471	1	UCP2	c12
0.001398587688693	0.20167987475787	0.284	0.254	1	ZNF800	c12
0.0176956705828486	-0.201646805430373	0.275	0.298	1	RAB5C	c12
0.0484026815050001	-0.201468197356251	0.107	0.122	1	MCFD2	c12
0.169509274800738	-0.201459481320367	0.037	0.044	1	FBXO5	c12
0.00691520618241161	-0.20143581175944	0.243	0.27	1	NDUFB7	c12
0.508603776842879	0.201281780364502	0.036	0.033	1	CCDC159	c12
0.0606470984993759	-0.201242555426799	0.173	0.19	1	AP3D1	c12
0.814341496989776	0.201221273960432	0.024	0.023	1	SNHG21	c12
0.0347024268878538	-0.201182931952506	0.149	0.167	1	NGLY1	c12
0.0407234241910589	0.201139946098977	0.093	0.08	1	SOCS4	c12
0.0435629340331082	-0.201052557576207	0.136	0.153	1	PPP6R1	c12
0.0835621399074654	0.201032808807855	0.103	0.091	1	FBXO11	c12
0.0140181821053051	-0.20096430306672	0.156	0.179	1	METTL5	c12
8.0577247455638e-05	-0.20094444509958	0.483	0.513	1	CDK2AP2	c12
0.362148619324209	0.200884726189655	0.019	0.023	1	NCAPG2	c12
0.561075046467757	0.200830164594847	0.034	0.031	1	GAN	c12
0.0805701412219302	-0.200797361922193	0.124	0.138	1	ITPR1	c12
1.7788300163411e-05	-0.200796041432193	0.606	0.617	0.596584010880477	H2AFV	c12
2.12929621383811e-05	-0.200729039861668	0.492	0.527	0.714123364197027	MEAF6	c12
0.0348419244306412	0.200618792954952	0.198	0.18	1	ASB1	c12
0.0676304372333031	-0.200476007489899	0.086	0.099	1	WDR60	c12
0.0917783770698549	-0.200374516364679	0.092	0.104	1	AQR	c12
0.495216721918157	-0.200339281335244	0.026	0.029	1	SEPSECS	c12
0.114941053945041	-0.200310045118147	0.108	0.12	1	SPTLC2	c12
0.0380452678416899	0.2002630132386	0.198	0.18	1	RPS6KA3	c12
0.190792316234083	0.200243393345448	0.039	0.033	1	FLVCR2	c12
0.0223529484521156	0.200216515146308	0.17	0.151	1	MMGT1	c12
0.505305400794249	0.200205889703942	0.059	0.056	1	SAP30	c12
0.176375194004203	0.200151548971418	0.045	0.039	1	STAM2	c12
0.000204029414042794	-0.200116715961943	0.432	0.465	1	APH1A	c12
6.11700890425784e-40	-0.200075570819672	0.994	0.993	2.05152244630999e-35	RPL36	c12
0.798838194028009	0.199985227166705	0.031	0.031	1	C1orf198	c12
0.820599677376312	0.199964325927939	0.017	0.016	1	HIST1H2AL	c12
7.57341199417088e-05	-0.199603408354443	0.471	0.512	1	CSNK1D	c12
0.30241211410397	0.199577222513223	0.057	0.051	1	BRWD3	c12
0.0688668041884417	0.199534658712561	0.063	0.054	1	MAP3K13	c12
0.103913338551483	-0.199476349476514	0.172	0.187	1	SEPT11	c12
0.00837436958149841	-0.199399164062165	0.254	0.279	1	RPP21	c12
0.000203400003296163	-0.199317927006337	0.423	0.457	1	HNRNPR	c12
0.0163527636097446	-0.199314083865645	0.264	0.285	1	ORMDL2	c12
0.284458016755849	-0.199297348046555	0.052	0.058	1	FAM98B	c12
0.00687665835340591	-0.199257881906574	0.328	0.352	1	MRPL52	c12
0.00455475054005143	0.199203335509663	0.146	0.123	1	RCHY1	c12
0.0343940316057239	0.199157469982138	0.165	0.149	1	RTCA	c12
0.117343389505958	-0.199064475598402	0.029	0.036	1	ALKBH3	c12
0.319807448151798	-0.199052845044852	0.031	0.035	1	ZSCAN22	c12
0.101849941646018	0.199006339611936	0.08	0.07	1	EIF3J-DT	c12
0.00331015984106836	-0.198940394296635	0.264	0.295	1	HNRNPD	c12
0.00153429160908581	-0.198834413534911	0.181	0.212	1	SPG21	c12
0.0528951650818206	-0.198578614870262	0.112	0.128	1	BUD13	c12
0.263070678880078	-0.198563521789092	0.058	0.064	1	P3H1	c12
0.0157783380875576	-0.198506798919078	0.123	0.143	1	MRPL11	c12
0.409217629450163	-0.198505715805694	0.025	0.028	1	NCALD	c12
0.0381171852597267	-0.198429220612123	0.113	0.13	1	PPP1R21	c12
2.00773362789539e-05	-0.198368341614535	0.44	0.484	0.673353704123557	GADD45GIP1	c12
0.104046790671516	-0.198301869146045	0.027	0.034	1	TTC24	c12
0.441670383142864	-0.198179812228271	0.028	0.031	1	BCS1L	c12
0.225176739369422	-0.19801008968185	0.034	0.039	1	PLA2G15	c12
0.141766487033641	-0.197950239716382	0.055	0.063	1	RABEPK	c12
0.0374254857843187	0.1979294523957	0.108	0.094	1	RPRD1B	c12
0.00074562047445044	0.197879669058279	0.297	0.265	1	TDG	c12
0.055488180301806	-0.197845555489531	0.075	0.089	1	PEX2	c12
0.0529556476537815	-0.197813763309538	0.086	0.1	1	CHAMP1	c12
0.272644690584538	-0.197759027434381	0.054	0.06	1	MARCH8	c12
1.68666099764884e-06	-0.197737006652708	0.579	0.618	0.0565672365391467	JTB	c12
0.213500468578143	0.197627905043512	0.033	0.028	1	MSANTD2	c12
0.000183581090011894	0.197591190017794	0.317	0.278	1	CAMTA1	c12
0.0966805429899931	-0.197527859992725	0.029	0.036	1	RAD51D	c12
0.00795746112826777	-0.197498071126349	0.158	0.183	1	TMEM245	c12
0.0365103341011415	-0.197352050582056	0.06	0.074	1	PTEN	c12
0.00777415802576653	-0.197272658107322	0.067	0.084	1	PRPS2	c12
0.0544486623087769	-0.197228098370334	0.083	0.097	1	THOC1	c12
0.316707794365553	0.197217752753624	0.038	0.034	1	SIL1	c12
0.0639032114811924	-0.197205775299579	0.169	0.185	1	ORMDL3	c12
0.0388436013029051	-0.197166749165883	0.24	0.26	1	OS9	c12
0.00278998656000726	0.197094857727348	0.186	0.16	1	GCH1	c12
0.727366222312973	0.197076698487178	0.058	0.057	1	MGMT	c12
0.300522350877919	-0.197056781762106	0.084	0.091	1	SLC41A3	c12
0.322426959587714	-0.197055642633838	0.014	0.017	1	IMPACT	c12
0.0500453881853573	0.197006943023528	0.119	0.106	1	ARNT	c12
0.565942665032213	0.196911338440452	0.012	0.01	1	AC244090.1	c12
0.866394931097915	-0.196850031473734	0.01	0.011	1	Z93241.1	c12
0.109348920954021	-0.196804061562426	0.144	0.157	1	KIFAP3	c12
0.632658282557736	0.196744623498089	0.035	0.033	1	SH3BP2	c12
0.188113797986827	0.196733422811794	0.051	0.044	1	THUMPD2	c12
0.0521462573347174	-0.196728503805362	0.248	0.266	1	CYB5A	c12
0.148581591441675	-0.196724533692119	0.034	0.041	1	AAAS	c12
0.0980898114607365	-0.196683160236584	0.136	0.15	1	WDR54	c12
8.1848900885178e-05	-0.196627168355771	0.56	0.587	1	CDC37	c12
0.00102178119380518	0.196595361715752	0.187	0.158	1	DYRK1B	c12
5.94837909859985e-08	-0.196460663099009	0.734	0.754	0.00199496738208842	PLP2	c12
0.507077120214229	0.196433550657834	0.016	0.014	1	TBC1D31	c12
0.0169194610127663	-0.196407402845223	0.127	0.148	1	C7orf50	c12
0.0134797841322656	-0.196383057504043	0.085	0.104	1	CNOT10	c12
9.87413522630503e-05	0.19635264063043	0.44	0.395	1	RAP1A	c12
0.167296048402786	-0.196308865176222	0.062	0.071	1	ATXN7L3	c12
0.243011438773669	-0.196283421134216	0.055	0.062	1	KDM3B	c12
0.113350716153856	0.196223977859912	0.028	0.022	1	AC243829.1	c12
0.337872334981312	-0.196200679009564	0.032	0.036	1	ZNF764	c12
0.272056680567024	-0.196114665440068	0.045	0.05	1	SPHK2	c12
0.226919900485184	-0.196051855223743	0.104	0.113	1	TRAV38-2DV8	c12
0.534507735818235	-0.195845465580902	0.014	0.016	1	GLI4	c12
0.588305678811857	0.195790072205587	0.042	0.039	1	TIPIN	c12
0.30868684063762	-0.195759634876742	0.045	0.05	1	RPP14	c12
0.537554593680243	0.195617673461077	0.05	0.047	1	FAM104B	c12
0.421055694248279	-0.195562451120784	0.064	0.069	1	ZNF136	c12
0.214767661896208	-0.195539260977711	0.152	0.162	1	LAYN	c12
0.0336294293927745	-0.195511165125879	0.131	0.149	1	FTSJ3	c12
0.249846631951455	-0.195403169255419	0.072	0.079	1	COG5	c12
0.00219184955406427	-0.195393878379421	0.173	0.202	1	HTATIP2	c12
0.0199923157684188	0.195359528641034	0.168	0.149	1	AP1G1	c12
0.00533580288429994	0.195357913740931	0.217	0.193	1	FBXW11	c12
0.0682526457742799	-0.195283313767804	0.158	0.173	1	RBL2	c12
0.503476872241227	-0.195250840382744	0.037	0.04	1	FBRSL1	c12
0.000108583851811031	-0.195231190876386	0.403	0.448	1	POLR2A	c12
0.59687618043771	0.195207322034253	0.041	0.038	1	PPARA	c12
1.16686230763405e-26	-0.195175515762126	0.985	0.986	3.91342280734308e-22	RPS5	c12
0.171242927992885	0.195133684393674	0.066	0.058	1	TIMM21	c12
0.0872737951354045	-0.19497313467488	0.111	0.124	1	TBP	c12
6.08415120011492e-12	-0.194904627271165	0.803	0.821	2.04050262949454e-07	EDF1	c12
0.706885332765439	0.194897027153901	0.015	0.014	1	BCLAF3	c12
0.0113997948640387	-0.19479057973171	0.335	0.357	1	ZNHIT3	c12
0.0434760942043379	-0.194754960961759	0.149	0.167	1	UBE2D1	c12
7.17491418158491e-05	-0.19471164057686	0.483	0.516	1	MAT2B	c12
0.152951330622646	-0.194683631011224	0.068	0.077	1	C11orf49	c12
0.195120658854385	-0.194645038182753	0.069	0.077	1	SLF2	c12
0.343976253063208	-0.194580016418094	0.026	0.03	1	AP002490.1	c12
0.0581806680165915	-0.194550358784078	0.112	0.127	1	MIF4GD	c12
0.163564123903427	-0.194462797964022	0.084	0.093	1	NUP133	c12
0.664688594839931	0.194460282302756	0.017	0.015	1	PRNCR1	c12
0.0787265178270346	-0.194393603908867	0.118	0.132	1	ATXN2	c12
0.00175371676869796	-0.194305188827787	0.334	0.364	1	OXA1L	c12
0.0402959347175715	-0.194231534828873	0.122	0.139	1	SVBP	c12
0.000106653508945517	0.194185366966808	0.364	0.324	1	CD2BP2	c12
0.0594981437174592	0.194136669844263	0.043	0.034	1	INPPL1	c12
0.180853552920567	-0.194133812705688	0.052	0.059	1	EYA3	c12
0.184289671384772	0.194130067688531	0.05	0.044	1	MSANTD4	c12
0.000875033028957531	-0.194121391466388	0.388	0.418	1	ARPC1B	c12
0.0249054311609872	0.194106725888019	0.123	0.106	1	STIM2	c12
0.380149546534156	-0.194062883491228	0.041	0.045	1	HEG1	c12
0.0709940327218303	0.193934647621292	0.101	0.089	1	MYO6	c12
0.0169229749456718	-0.193816444968863	0.186	0.208	1	ZNF638	c12
0.181191989077478	-0.193660397079162	0.065	0.073	1	NACC1	c12
0.134854774012554	0.193599953401392	0.116	0.105	1	NSMAF	c12
5.49573518045503e-06	0.193448481013267	0.263	0.216	0.184315966482101	DUSP10	c12
0.0994073430459206	-0.193334623248613	0.168	0.182	1	RBM6	c12
0.000536651566597697	0.193297940363576	0.327	0.289	1	EVI2B	c12
0.641998336086666	0.19312893688378	0.022	0.02	1	TNFSF12	c12
0.61879037930588	0.193122244190338	0.025	0.023	1	BLK	c12
0.00473552502769968	-0.193014093447064	0.28	0.307	1	ATG3	c12
0.3220068384029	-0.19290050355603	0.045	0.05	1	HMBOX1	c12
0.016034720124031	-0.192807788612389	0.236	0.259	1	PDAP1	c12
0.493057219840865	-0.192802044270802	0.01	0.012	1	ZNF154	c12
0.000508171996561063	-0.192761599978298	0.333	0.374	1	PSMD9	c12
0.587412348151189	0.192650889184966	0.021	0.019	1	ZNF197	c12
0.493191026125606	-0.192636705877621	0.046	0.049	1	SETD1A	c12
0.0156137967719011	-0.192558903741021	0.25	0.274	1	MCRIP1	c12
0.0419748271842339	-0.192515471259644	0.087	0.102	1	GPANK1	c12
8.28207101133269e-19	-0.192472707238927	0.922	0.935	2.77764097578076e-14	H3F3A	c12
2.37042667032962e-05	0.19245442029563	0.622	0.582	0.794993696695148	SEM1	c12
0.0448310190218602	-0.192441231017648	0.213	0.231	1	SMARCC2	c12
9.40947519128914e-07	-0.192416333195877	0.56	0.599	0.0315574978965455	CSTB	c12
0.0868358831590649	0.192291719858588	0.1	0.089	1	ERBIN	c12
0.113173997967072	-0.192211113430857	0.164	0.176	1	STX12	c12
0.226451389299976	-0.192105513967441	0.073	0.081	1	TENT4B	c12
0.332430830370021	-0.192043200945784	0.02	0.023	1	ABCA7	c12
0.307228908354133	0.191923097055275	0.01	0.008	1	NDNF	c12
0.314060370141586	-0.191907667034965	0.01	0.012	1	PDE6B	c12
0.446951014244266	-0.191906798619109	0.014	0.016	1	AC078883.1	c12
0.0203822109021368	-0.191876750575998	0.271	0.292	1	NDUFS8	c12
0.663557691144395	0.191863021086289	0.017	0.015	1	MIR4458HG	c12
0.278121835218305	-0.19181775202714	0.015	0.019	1	GATAD1	c12
0.00101520685027365	-0.191806373627655	0.311	0.342	1	SNHG7	c12
0.00514112313280671	-0.191757809937468	0.367	0.391	1	ISCA1	c12
0.120429875392339	-0.19172248892896	0.11	0.122	1	PLPBP	c12
0.1501541240574	-0.191701374210873	0.088	0.098	1	UBE4B	c12
0.0413686042888265	-0.191638267594177	0.074	0.087	1	CLP1	c12
0.208376237757091	0.191617306071308	0.072	0.065	1	STRN4	c12
0.391446813331159	-0.191616761831628	0.02	0.023	1	FP565260.1	c12
0.348403905162692	0.191387017428714	0.046	0.042	1	ERI1	c12
0.0662229355561846	0.19134535322589	0.049	0.04	1	CCDC184	c12
0.0253007584847155	0.191316041268353	0.17	0.151	1	MED17	c12
5.7688045566909e-05	-0.191299161267334	0.438	0.479	1	OSBPL8	c12
0.052623111709532	-0.191156944662446	0.114	0.129	1	EIF2B5	c12
0.491347259613591	-0.191050106300616	0.063	0.067	1	AGL	c12
0.283448358211772	-0.191039748823219	0.011	0.014	1	SLC16A6	c12
0.291786213919827	0.190903466214182	0.036	0.032	1	ARRDC1-AS1	c12
1.47907459902724e-07	-0.190891313553705	0.635	0.666	0.00496052039021755	WIPF1	c12
0.0438146576653624	0.190865881559972	0.122	0.108	1	FAM168B	c12
1.42966036644494e-10	-0.190845736226885	0.851	0.865	4.79479493698306e-06	CYBA	c12
0.0507109746533536	0.190796315575409	0.109	0.096	1	NECAP1	c12
0.00057645104847244	0.190779553581946	0.457	0.423	1	RHOF	c12
3.69226214455329e-07	-0.190729127899908	0.598	0.638	0.0123831087804028	RBX1	c12
0.171331194750123	-0.190711052297265	0.041	0.047	1	ZNF83	c12
0.515791168292286	-0.190700839956766	0.018	0.02	1	CXorf57	c12
0.442251756757446	-0.190656416744519	0.076	0.081	1	DNLZ	c12
0.23464285226464	0.190534506629493	0.063	0.057	1	CPPED1	c12
0.0215454194228155	0.190492511079463	0.153	0.135	1	WBP4	c12
0.744195895487472	0.19043743162397	0.014	0.014	1	AP003774.4	c12
0.240354657518981	-0.190342756756452	0.019	0.023	1	SGSM3	c12
0.231778227572982	-0.190341775893287	0.047	0.053	1	TDRD7	c12
0.0519776007370024	-0.190303529843043	0.117	0.132	1	WDR5	c12
0.0062151696848953	-0.190265483609001	0.181	0.209	1	RIF1	c12
0.205371870263575	-0.190226140034455	0.018	0.022	1	ZNF613	c12
0.0650711118462215	-0.190199660737699	0.059	0.07	1	RPS6KA1	c12
0.666708444137168	-0.190096958840978	0.045	0.047	1	MOSPD1	c12
0.429660500229517	0.190075719647451	0.052	0.048	1	AC006064.4	c12
0.0274933055447664	-0.190032444342403	0.121	0.139	1	SND1	c12
0.602901179945164	-0.189984628567433	0.065	0.068	1	ACTR5	c12
8.79796967921769e-05	-0.189963732218579	0.402	0.442	1	SELENOF	c12
0.038393031236833	-0.189920034997968	0.103	0.119	1	TP53I13	c12
5.34136349152212e-52	-0.189810220820894	0.999	0.999	1.79138648778669e-47	RPS15A	c12
0.128906775103733	-0.189798278552359	0.042	0.05	1	MYO19	c12
0.0736569706718236	-0.189764968398744	0.037	0.046	1	SLC37A1	c12
0.00326316371063432	0.189710480674971	0.236	0.209	1	ATG101	c12
0.0328558031654436	0.189654937276954	0.101	0.086	1	PHF21A	c12
0.0983061713818946	-0.189584618920105	0.146	0.159	1	ELF2	c12
0.202793521586385	-0.189572448575155	0.035	0.041	1	ZNF611	c12
0.270548622438575	-0.189519151151464	0.01	0.012	1	ZNF653	c12
0.000608183932063988	0.189513294389244	0.321	0.288	1	CYTH2	c12
0.0242771825788108	-0.189502711448771	0.223	0.244	1	ADSL	c12
0.510167107217173	0.18950035395513	0.064	0.061	1	HSPA14.1	c12
0.0886078968785885	-0.18931684891113	0.133	0.147	1	USO1	c12
0.868781089390074	0.18928967159126	0.039	0.038	1	MYEF2	c12
0.0155408371110236	-0.189219113871081	0.173	0.196	1	URM1	c12
0.208518591935723	-0.189148504176965	0.05	0.057	1	KIAA0391	c12
0.00213182841751373	-0.189148135999079	0.277	0.309	1	FAM96A	c12
0.726553720686254	0.189116479244546	0.025	0.027	1	C1orf112	c12
0.17407850361238	-0.189042500468595	0.094	0.104	1	ASTE1	c12
0.177845724742218	-0.189016395607875	0.045	0.052	1	FAM160B2	c12
0.0608036914840244	-0.188957156994807	0.114	0.129	1	MARK2	c12
0.00703345975191864	-0.188906569794074	0.343	0.369	1	MRPL57	c12
0.0313681222201934	-0.188820020692626	0.235	0.253	1	LGALS8	c12
0.122370159694474	-0.188811720321918	0.122	0.134	1	LYRM2	c12
0.033364405405523	-0.188805781640548	0.249	0.268	1	CDK17	c12
5.7988560286956e-08	-0.188785269154063	0.728	0.756	0.00194482033490393	COMMD6	c12
0.000668531063294432	-0.188772747759466	0.362	0.392	1	NFATC2	c12
0.0677256085328904	-0.188762038085136	0.09	0.103	1	FUT11	c12
1.67432427374131e-06	0.188703725644614	0.652	0.6	0.0561534874927359	TXN	c12
0.00946730651012769	0.188553370125821	0.208	0.185	1	CFAP20	c12
0.0390968952555228	-0.188284924636884	0.177	0.195	1	CFDP1	c12
0.258323311001877	-0.188231842850103	0.052	0.058	1	ORAOV1	c12
0.00071244499062829	0.188210153287354	0.229	0.197	1	SUPT3H	c12
0.00333251699193585	0.188198197714661	0.284	0.257	1	DNAJB14	c12
0.292335709709492	-0.18815652888851	0.075	0.081	1	LEMD2	c12
0.178348986085899	-0.188137377665969	0.045	0.052	1	PSMC3IP	c12
0.000466646360876647	0.188099264935857	0.254	0.22	1	ZNF644	c12
0.0359552380224279	-0.187978495819762	0.142	0.159	1	COPG1	c12
0.000220836240983957	-0.187934496754791	0.568	0.588	1	PTPRCAP	c12
0.0684107240280661	-0.187922525022856	0.14	0.155	1	CHFR	c12
2.081095198316e-07	-0.187922223767252	0.572	0.612	0.00697957707611218	SRSF3	c12
0.0104822185988854	-0.187832503962383	0.214	0.239	1	NDUFA10	c12
0.376135339239344	0.187813523417012	0.08	0.075	1	ASCC1	c12
0.000417402836109813	-0.187808643760112	0.481	0.51	1	MZT2B	c12
0.0102040990219439	-0.18767068789033	0.17	0.195	1	ADPGK	c12
0.16217458027894	0.187652211834727	0.067	0.06	1	AC025159.1	c12
0.0833047823616835	0.187528959306119	0.092	0.081	1	LRRC23	c12
0.00428239415854358	0.187457518936668	0.189	0.164	1	CUL5	c12
0.0073374010044948	-0.187391037690585	0.261	0.287	1	TMPO	c12
0.0111101266614611	-0.187294241957769	0.291	0.316	1	UPF2	c12
5.3988422787052e-05	-0.187241172549023	0.577	0.6	1	UQCR11	c12
1.82338765183844e-06	-0.187157466023189	0.594	0.622	0.0611527750673575	RHOG	c12
0.000751907394302251	-0.187125175486057	0.375	0.409	1	SSR3	c12
0.12813004349208	0.187022865145802	0.058	0.05	1	EOGT	c12
0.248129456140646	-0.186988328975207	0.078	0.085	1	PLEKHA1	c12
0.346277692489746	-0.186950994759886	0.012	0.015	1	AP002748.3	c12
1.27369093356102e-47	-0.186892987582193	0.998	0.999	4.27170465297694e-43	RPL19	c12
4.39220191193253e-06	0.186888177295302	0.401	0.348	0.147305667722393	SNW1	c12
0.00906431733249706	-0.186793186052274	0.137	0.161	1	GUSB	c12
0.244703902118109	-0.186773524005351	0.015	0.019	1	CLCC1	c12
0.221724183974114	-0.186769186692235	0.055	0.062	1	SH3BP5L	c12
0.0545689277219167	-0.18675025273681	0.214	0.231	1	GPR65	c12
0.848358111279201	0.186737945682294	0.012	0.012	1	C1RL	c12
0.0266130770033641	-0.186631062825872	0.145	0.165	1	FKBP3	c12
6.69844541652721e-06	0.18660548296885	0.388	0.336	0.22465246237949	UBE2K	c12
0.224654028701775	-0.186584841744395	0.043	0.049	1	SLC2A6	c12
0.0946724981529318	-0.186563793315333	0.189	0.203	1	PUM2	c12
0.000955081733228285	0.186469465754702	0.254	0.22	1	SLC1A5	c12
0.115799921104822	-0.186463574420216	0.063	0.073	1	UTP14A	c12
0.189543777096324	-0.186415295139152	0.06	0.068	1	CDC23	c12
0.0113615602841182	0.186368280019462	0.171	0.15	1	DHX8	c12
0.0975045532543535	-0.186356752544891	0.1	0.112	1	SLFN12L	c12
0.0738618313720887	-0.186308027905805	0.065	0.076	1	GEMIN8	c12
0.0599526795763436	0.186273719024726	0.136	0.122	1	RRP12	c12
0.396206067097965	-0.186136404709582	0.045	0.05	1	ZXDC	c12
0.0174984310967947	-0.18608017559182	0.221	0.245	1	ATF7IP	c12
5.21561245237636e-06	0.186054254174406	0.404	0.348	0.174921210427798	CTLA4	c12
9.74002665365031e-08	-0.185964450360633	0.68	0.701	0.00326661013910124	RBM3	c12
0.0885202687804356	-0.185891465627875	0.148	0.162	1	RWDD4	c12
0.00843296693309716	-0.185866492385077	0.191	0.216	1	EXOSC10	c12
0.248336245583561	0.185829159166941	0.1	0.092	1	AKAP11	c12
2.1254277761677e-13	-0.185805553838719	0.845	0.864	7.12825967571124e-09	PSMA7	c12
0.00119485464454203	0.185787848727387	0.365	0.332	1	EIF4E	c12
0.000112597703377237	0.185776142567668	0.312	0.27	1	LRMP	c12
0.0352179848129934	-0.185723502052919	0.244	0.263	1	CLNS1A	c12
0.383814324199057	-0.185722391897532	0.018	0.021	1	GTF2IRD2	c12
9.43796220567089e-40	-0.185701633123117	0.997	0.998	3.1653037645379e-35	RPS23	c12
0.000542538410519104	0.185698674363984	0.333	0.296	1	DARS	c12
0.0459972561830961	0.185560549827981	0.122	0.108	1	PRPF18	c12
0.0225569065123761	-0.185360487038365	0.192	0.214	1	PSPC1	c12
0.452693885589416	-0.185351618265635	0.083	0.087	1	BORCS7	c12
0.524955710779884	0.185184537741285	0.022	0.02	1	VPS54	c12
0.20490057717381	-0.185125973164932	0.086	0.095	1	RELL1	c12
0.00282879858076127	0.185091646744488	0.255	0.225	1	PRR14	c12
0.120001856122552	0.185076340805559	0.051	0.043	1	DAGLB	c12
0.537896298054066	-0.185064367291677	0.013	0.015	1	ADAM9	c12
0.155856678243067	-0.185049984181167	0.039	0.047	1	MSTO1	c12
0.26437602372782	-0.184981405300127	0.055	0.061	1	BABAM2	c12
0.310699535497445	-0.184964319260451	0.014	0.018	1	DARS2	c12
4.76821693802712e-42	-0.184908574106914	1	1	1.59916459667553e-37	EEF1A1	c12
0.0602688561142634	0.184905566767015	0.291	0.274	1	IDI1	c12
0.63060171100314	-0.184899252686068	0.052	0.054	1	DAG1	c12
0.0767957431724278	-0.184816027647965	0.29	0.302	1	UBE2E3	c12
0.912902470063445	0.18481599915622	0.034	0.034	1	MGME1	c12
0.152148575771424	-0.184807658781017	0.101	0.111	1	PIP5K1A	c12
1.11019282882766e-05	0.18468619571846	0.561	0.52	0.37233647093222	HSPA9	c12
0.256076407291806	-0.184626247071179	0.072	0.079	1	NFYB	c12
0.424788870463744	-0.184462601591702	0.008	0.01	1	STXBP1	c12
0.373666484601153	-0.184417454884649	0.021	0.024	1	SLC25A42	c12
0.173802373808389	0.18435501966148	0.123	0.114	1	PPM1M	c12
0.195538184896137	0.184284080912415	0.089	0.081	1	PLAGL2	c12
0.00785929879922153	0.184224899870675	0.173	0.149	1	NUFIP2	c12
0.067405726639748	-0.184120243589045	0.198	0.215	1	BRD9	c12
0.529147468271928	-0.18408335291336	0.027	0.029	1	TRIM32	c12
0.0957258868080683	-0.184071124013542	0.075	0.086	1	ERO1A	c12
0.0108580117972711	-0.184012831221676	0.334	0.356	1	ERGIC3	c12
1.98270515846428e-05	-0.18394829845608	0.516	0.555	0.664959656045751	PSMB3	c12
0.00782332253949922	-0.183903963719801	0.243	0.269	1	BECN1	c12
0.0342692424449415	-0.18385940863733	0.099	0.116	1	ACTR8	c12
0.040438216331708	0.183843252141922	0.014	0.021	1	CYB5D2	c12
0.0899085100271859	-0.183754395812958	0.118	0.132	1	PABPC4	c12
0.081286367821178	-0.183727188417598	0.044	0.054	1	ASL	c12
0.199440091174738	0.183653408299782	0.046	0.04	1	FBXO30	c12
0.830595074385119	0.183447610353766	0.02	0.021	1	C11orf71	c12
0.000812868986275933	-0.18337783165069	0.517	0.541	1	NDFIP1	c12
0.178771738340274	-0.183346317876882	0.155	0.165	1	CD81	c12
0.0404313629651594	-0.18329311395984	0.398	0.414	1	KDM6B	c12
0.0320097034947066	-0.183249233226112	0.128	0.147	1	PHC3	c12
0.389844162993837	0.183220325596408	0.056	0.052	1	ARL5B	c12
0.292619556262126	0.183219034485963	0.068	0.063	1	MRPL23	c12
0.0108106712713621	-0.183181254766511	0.322	0.346	1	TRAPPC3	c12
0.00726040127292484	-0.183178066833228	0.213	0.24	1	MLX	c12
0.0144127193210113	-0.183167353654333	0.334	0.355	1	SAFB2	c12
0.0180206352592335	-0.183156661671966	0.183	0.205	1	DDX54	c12
0.107949838396728	-0.183119950289309	0.139	0.152	1	OSBPL9	c12
0.667604717433238	-0.183103611412204	0.066	0.068	1	ZBP1	c12
0.052043313535827	0.183092920978262	0.058	0.048	1	RELT	c12
0.0589093808578712	-0.183062077631073	0.08	0.094	1	TIMM44	c12
0.0798585244788313	-0.182803766349185	0.068	0.08	1	ZNF672	c12
0.501931985500844	-0.182729311921189	0.042	0.045	1	DNMT3A	c12
0.335346742767192	-0.182596392132066	0.141	0.147	1	WDR6	c12
0.0401410433255335	-0.182583197972134	0.108	0.124	1	HMG20B	c12
0.0688244904326301	-0.182562926104378	0.008	0.013	1	FAM241B	c12
0.13655752314932	-0.182480266078885	0.099	0.109	1	PARP6	c12
0.564317927375846	-0.182339754817517	0.022	0.024	1	BICRA	c12
0.00134632260718696	0.182335024291729	0.326	0.292	1	CGGBP1	c12
0.388978245435336	-0.182223738496725	0.016	0.019	1	TMEM218	c12
0.78522281154889	0.182220595417898	0.019	0.018	1	TCTN2	c12
3.24015209866208e-06	0.182162286243209	0.395	0.342	0.108668221084929	ZEB2	c12
0.000417143287553131	0.181973613737391	0.334	0.295	1	HLA-DMA	c12
0.00964093308386612	0.181933810360748	0.181	0.158	1	NUP153	c12
0.000541320345890238	0.181864305105225	0.356	0.322	1	ZFR	c12
0.0350229665025567	-0.181763823391179	0.203	0.222	1	MRPL28	c12
0.00981622591953897	0.181758006088604	0.195	0.173	1	TMEM170A	c12
0.0654439368206265	-0.18175021760326	0.219	0.235	1	CCNL2	c12
0.777623114893192	0.181732290745376	0.011	0.011	1	AC015982.1	c12
0.106428087402377	0.181715077226489	0.024	0.019	1	ZNF551	c12
2.86765874541852e-50	-0.181640369981646	0.999	1	9.61755390038462e-46	RPL30	c12
0.0657767597889445	-0.181590095636049	0.049	0.06	1	TRDMT1	c12
0.0184685806093983	-0.181541567109934	0.245	0.269	1	A1BG	c12
0.000914522395898882	-0.181452004572173	0.429	0.462	1	SRSF9	c12
0.116107285645569	0.181368146869539	0.083	0.073	1	EAF1	c12
0.132171416762683	-0.18127210712771	0.099	0.109	1	MAPK8IP3	c12
0.0733650495738821	-0.181247291643521	0.165	0.18	1	SAE1	c12
0.000216868534272117	-0.181175489119968	0.428	0.468	1	TMEM43	c12
0.0669431556522332	-0.181158221105341	0.159	0.175	1	HIVEP1	c12
0.259753559392811	-0.181085707092658	0.072	0.079	1	FAM193A	c12
0.330997318081486	-0.18099308739165	0.045	0.05	1	ZNF26	c12
0.992515276613313	0.180990219521696	0.016	0.016	1	GLIDR	c12
0.268947599374925	-0.180960275399976	0.034	0.039	1	RIC8B	c12
0.646841859785271	-0.180809999672056	0.012	0.013	1	MANEA-DT	c12
0.195094220183609	-0.180752874936176	0.263	0.272	1	NBL1	c12
0.400770333170936	-0.180734400515119	0.025	0.028	1	ADAM15	c12
0.672050782228061	-0.180672276881828	0.043	0.045	1	ALDOC	c12
0.0219708062147826	-0.180573707873909	0.137	0.156	1	FOXJ3	c12
0.0806191053199886	-0.180555291294128	0.1	0.114	1	WARS	c12
0.0929424881695287	0.180548115266172	0.115	0.103	1	DUSP23	c12
0.389008356407628	-0.180523701845363	0.029	0.033	1	TTL	c12
9.17563488503896e-10	-0.18051221309691	0.793	0.812	3.07732442774437e-05	RPL36A	c12
0.00141049104800196	0.180448535969022	0.264	0.232	1	DYNC1LI1	c12
0.448777190839214	-0.180435240207999	0.018	0.02	1	PHKA2	c12
0.062368680680445	0.18040120350859	0.139	0.125	1	TRIM69	c12
0.349171770439783	-0.180282787706234	0.074	0.08	1	FAM222B	c12
0.148207510775855	-0.180261765187374	0.03	0.036	1	NCAPD2	c12
0.0425491503915952	0.180220702196692	0.157	0.141	1	RNF6	c12
0.0159873539701379	-0.180215112377255	0.069	0.085	1	TSC2	c12
0.0976492938020813	0.179924032741628	0.095	0.085	1	ANKRA2	c12
0.000987678401230883	0.179901236210429	0.379	0.345	1	SYT11	c12
0.0459977647423001	-0.179899147350713	0.082	0.096	1	RIC1	c12
0.242510691904629	-0.179889681081624	0.071	0.078	1	PRAF2	c12
0.173503083247895	0.179848812311249	0.059	0.052	1	ZNF79	c12
0.514450497344227	-0.179841242125609	0.012	0.014	1	MTHFSD	c12
0.232643794357317	-0.179769700201376	0.05	0.056	1	AMDHD2	c12
0.387095954639243	-0.17976769973671	0.058	0.062	1	RAD17	c12
0.996236027473497	0.179757441077259	0.024	0.024	1	HILPDA	c12
0.371107869119926	-0.179710662918445	0.038	0.042	1	SLC35F6	c12
0.0886248055803051	-0.179660428987005	0.11	0.123	1	CBFB	c12
0.0392631006042869	-0.179587403190237	0.244	0.263	1	MRPL21	c12
0.0822639937578874	-0.179542463548957	0.13	0.144	1	ETHE1	c12
0.0832892349546666	-0.179497045060953	0.13	0.143	1	ARFGEF1	c12
0.12339441926072	-0.179411787045719	0.107	0.119	1	MAGT1	c12
1.20016485533646e-39	-0.17939792991011	0.997	0.997	4.02511289182743e-35	RPL37	c12
0.0308130985390293	-0.179392149355476	0.159	0.179	1	RGS19	c12
0.43604891675603	-0.179382795654337	0.009	0.011	1	ZNF324B	c12
0.346946258973849	-0.179341139894224	0.088	0.094	1	LRRC58	c12
4.44235749422865e-14	-0.179162041121075	0.971	0.98	1.48987785641441e-09	MT-ATP6	c12
0.0326600678896761	-0.179088193402024	0.118	0.136	1	ATG4D	c12
0.0881718305179815	-0.178965555044083	0.067	0.077	1	MANBA	c12
0.117297832080365	-0.178945032755217	0.119	0.132	1	MRPS31	c12
0.148985090825626	-0.178935986582902	0.029	0.036	1	DERA	c12
0.00559782993910336	0.178886167636053	0.172	0.148	1	WDR20	c12
0.434578043205123	0.178882812175564	0.029	0.026	1	AJM1	c12
0.00698115361658652	-0.178702500454934	0.244	0.273	1	STK10	c12
0.000254693079118013	0.178691442178103	0.37	0.329	1	PRELID3B	c12
0.104584407631374	-0.178666619299358	0.071	0.082	1	LARS	c12
0.128797149075017	-0.178545637012867	0.055	0.064	1	NDUFAF7	c12
0.263736314134317	-0.178513054900345	0.02	0.024	1	SCML1	c12
0.526222819360483	0.178411991540087	0.041	0.038	1	METTL6	c12
0.297381033570437	-0.178340986412326	0.007	0.01	1	PLCXD1	c12
0.00828269686524235	-0.178307599046358	0.281	0.309	1	MTCH2	c12
0.0108972608809822	-0.178259615486434	0.256	0.283	1	NAA20	c12
0.16163576978802	-0.178245248707297	0.104	0.114	1	MCM3AP	c12
0.0571043858783059	-0.178202481550592	0.061	0.073	1	COMMD3	c12
0.0296559302389216	0.178193144688458	0.465	0.443	1	CD27	c12
0.00718947963383308	0.178071887685433	0.203	0.179	1	ZDHHC6	c12
0.263578586060676	-0.177994456543662	0.116	0.124	1	MPPE1	c12
0.0965118049251503	-0.177976979026566	0.141	0.155	1	MRPL49	c12
0.878736172175395	0.177969037133398	0.028	0.027	1	HIST1H2AE	c12
0.301445486821084	0.17793158471612	0.033	0.029	1	SLC16A7	c12
0.122904138950913	-0.177910598292909	0.134	0.147	1	MSL3	c12
0.520473228401032	-0.177904679524501	0.026	0.028	1	DDX47	c12
0.306727999260447	0.177903407952431	0.062	0.056	1	SLC9B2	c12
0.0184310312854003	-0.177897894693202	0.278	0.3	1	TNRC6B	c12
0.00171089851008919	0.177790322394499	0.326	0.294	1	SLU7	c12
0.185044018273938	-0.177786518273326	0.142	0.153	1	RDH14	c12
0.153020007801026	-0.177726033904116	0.151	0.163	1	GBF1	c12
0.0827981934929096	-0.177687275051687	0.134	0.148	1	RNF40	c12
0.106522487184352	-0.177672033395631	0.066	0.076	1	RNF219	c12
0.179790989952185	0.177599799627991	0.115	0.106	1	SAMD9L	c12
0.42681819636289	-0.177582994762691	0.014	0.017	1	AL022328.4	c12
0.0341047867357556	-0.177235770227885	0.173	0.191	1	PHYKPL	c12
0.218018581165358	-0.177226677077668	0.031	0.036	1	ZNF438	c12
0.322860382616714	-0.177207555112373	0.022	0.026	1	LGALS3BP	c12
0.272855597436263	-0.177191244868653	0.021	0.025	1	FBXW9	c12
0.130508109259127	-0.177122047042845	0.063	0.073	1	CHD9	c12
0.0334364688043904	-0.1770962919235	0.098	0.114	1	ACSL3	c12
0.68378210233055	-0.177046052618169	0.025	0.026	1	VARS	c12
0.0286513581255128	-0.176877809884042	0.14	0.159	1	ARAF	c12
0.216446569971903	-0.176855828911698	0.106	0.114	1	KIF21B	c12
0.0575514757387465	-0.176851268321601	0.174	0.191	1	ZBTB8OS	c12
0.144513081093745	0.176837599084904	0.105	0.095	1	TRAF5	c12
0.290466823309309	-0.176795607907316	0.061	0.067	1	PIAS3	c12
0.685789639133536	0.176766188656068	0.012	0.011	1	FAM135A	c12
0.223267223363391	0.176732426866314	0.077	0.07	1	GPN2	c12
0.0195799525523123	0.176730087957309	0.242	0.219	1	STOM	c12
0.0273779763913083	-0.176679335409699	0.473	0.481	1	PAXX	c12
0.582463644448612	0.176671767117014	0.013	0.011	1	TRBV11-2	c12
0.314878353164325	-0.176663225832765	0.009	0.011	1	SLC22A5	c12
0.272200561506671	-0.176639822175034	0.043	0.049	1	NHLRC2	c12
0.104965120077619	-0.176636901859944	0.061	0.071	1	NFRKB	c12
0.410692677878837	-0.176621238367606	0.041	0.045	1	EIF3C	c12
1.14582130005649e-41	-0.176615748594593	0.999	0.999	3.84285547612945e-37	RPL34	c12
0.199153670779185	-0.176603539011503	0.085	0.093	1	LRCH1	c12
0.052755271223976	0.176597830949724	0.264	0.248	1	CCNG1	c12
0.0156126067530096	-0.176538940723824	0.235	0.259	1	MRPL9	c12
0.0484708578039416	0.176501959190638	0.138	0.123	1	IMPA1	c12
0.00752266684502954	0.176445531936066	0.162	0.14	1	KDM3A	c12
0.0979011079911387	-0.176387945856481	0.078	0.089	1	RNF8	c12
0.0157942309635401	0.176319158972466	0.118	0.101	1	TRIM13	c12
0.0802478553263365	0.176266744238289	0.15	0.137	1	SLC7A6	c12
0.186295494152791	-0.176196022733058	0.028	0.033	1	AASDH	c12
0.118002401397211	-0.176175221504663	0.146	0.158	1	MICU2	c12
0.037094826493804	0.176040614545925	0.397	0.375	1	CITED2	c12
0.0532734721237345	-0.176039666246546	0.144	0.161	1	RSU1	c12
0.0334363450333467	-0.176012828472016	0.101	0.118	1	CIAPIN1	c12
0.21009669698988	-0.17595277996795	0.081	0.089	1	ZNF263	c12
0.000103289148499736	0.175761184874481	0.499	0.453	1	WTAP	c12
0.218850169834351	-0.175758143647383	0.087	0.095	1	ZFYVE27	c12
0.429355787899322	-0.175687105312115	0.037	0.04	1	RFXAP	c12
0.00978502191337103	0.175674416613108	0.311	0.284	1	JMJD1C	c12
0.997430048790334	0.175672082855778	0.019	0.019	1	BOLA3-AS1	c12
0.719986979573262	-0.175650137031269	0.029	0.031	1	RABL2B	c12
0.797283666193958	0.175640296268003	0.026	0.025	1	HLA-DOA	c12
0.0557347417101513	-0.175635096511439	0.11	0.125	1	DECR1	c12
0.451721217598396	0.175608772835215	0.066	0.062	1	FAM126A	c12
0.00200888146894964	0.175490945410795	0.301	0.269	1	COQ10B	c12
0.356025158862105	-0.175442395947369	0.037	0.042	1	ALOX12-AS1	c12
0.00696225812346859	-0.175362419680463	0.254	0.279	1	ARFGAP3	c12
0.0342015262111286	0.175338960694483	0.357	0.333	1	PTP4A1	c12
0.00303234740993262	-0.175242121077192	0.225	0.257	1	PARP1	c12
0.168443853796763	0.175215159043176	0.014	0.011	1	LINC02328	c12
0.071705818551854	-0.175193693350289	0.059	0.07	1	AGPS	c12
0.131419925311895	-0.175124926033233	0.103	0.115	1	C18orf21	c12
0.288649683856594	0.175115021782982	0.041	0.036	1	SPOPL	c12
0.18205748630177	-0.175018323484372	0.111	0.121	1	RRM1	c12
0.013947786954913	0.174903247977898	0.219	0.196	1	H2AFX	c12
0.259486047765968	-0.174877299266836	0.037	0.043	1	KBTBD3	c12
0.00511560563022787	0.174775067402839	0.241	0.213	1	NIP7	c12
1.2675316398658e-11	-0.1747255062982	0.845	0.864	4.25104761378193e-07	HINT1	c12
0.189344796295353	-0.174695739281626	0.072	0.081	1	RIOK2	c12
0.524948291482462	0.17458809816913	0.014	0.013	1	AC009961.1	c12
0.270133143849927	-0.174586112353731	0.027	0.032	1	NOMO2	c12
0.000729041701708136	-0.174545506217581	0.445	0.477	1	CDKN1B	c12
0.102571746501301	0.174537127805094	0.058	0.05	1	RNF103	c12
0.169320443666705	-0.174410264785597	0.106	0.116	1	OSBPL2	c12
9.76815118424246e-06	0.174369967621917	0.497	0.444	0.327604254417124	G3BP2	c12
0.0804488483334105	-0.174278518956098	0.054	0.064	1	UMPS	c12
0.543677020507932	0.174225666731334	0.076	0.073	1	HELLS	c12
0.0410313786245165	0.174224101080786	0.216	0.198	1	DNAJB9	c12
0.415246945573524	-0.174140249715057	0.023	0.026	1	ITPKC	c12
0.0433735741205674	-0.174030119377313	0.093	0.108	1	SCO2	c12
0.0664364796412686	-0.174021563858308	0.081	0.094	1	SCO1	c12
6.24182045932768e-06	0.173919151915595	0.564	0.517	0.209338174564932	STRAP	c12
0.108659576105196	-0.173868199351798	0.208	0.222	1	NKAP	c12
0.383719983410878	-0.173858730813241	0.018	0.021	1	EPHB6	c12
1.45564604575865e-24	-0.173783131831004	0.986	0.985	4.88194570826536e-20	RACK1	c12
0.194393350382131	-0.173685714429364	0.031	0.037	1	APOO	c12
0.39671567923842	-0.173633686648257	0.058	0.062	1	FAM206A	c12
0.312053386070855	0.173397682178382	0.036	0.032	1	TMEM161B	c12
0.000169243431738648	0.173253108783928	0.368	0.324	1	ATG12	c12
0.41131899753916	-0.17324627053711	0.067	0.071	1	PEX14	c12
0.0826739540160833	0.173246003637727	0.164	0.15	1	ZNF330	c12
2.61079507138638e-06	-0.173204389326426	0.571	0.607	0.0875608451041563	EIF5A	c12
3.06621724576344e-06	0.173202788320497	0.533	0.486	0.102834793988414	MED10	c12
0.052637042285912	0.173178477859006	0.115	0.101	1	HACL1	c12
0.904590421857837	-0.173120613521089	0.021	0.02	1	NPW	c12
0.0159928047568906	0.173003299713276	0.193	0.173	1	NAA38	c12
0.157249245155177	-0.172958658738885	0.059	0.067	1	TNFAIP1	c12
0.0344548708284938	0.172932678388678	0.098	0.083	1	AVL9	c12
0.0149536591287075	0.172763139125839	0.232	0.211	1	RBM18	c12
0.155269731602509	-0.172741951680491	0.058	0.066	1	IZUMO4	c12
3.19200190984953e-05	0.172724361145734	0.497	0.449	1	YWHAE	c12
0.00316085600116881	-0.172620167331197	0.361	0.39	1	CD164	c12
0.0183100918545435	0.172564434928975	0.2	0.18	1	UBAC2	c12
0.144165798685737	-0.172473232360574	0.247	0.258	1	DAPK2	c12
0.800214437952911	0.172421577202373	0.034	0.033	1	ARMC5	c12
1.57005106715297e-05	0.17236839606522	0.646	0.595	0.526563726901762	ILF2	c12
6.99724225168172e-05	0.172342685983484	0.56	0.507	1	NOP10	c12
0.318480389652019	0.172312945703874	0.019	0.016	1	CRIM1	c12
0.11637702306583	-0.172310171163629	0.046	0.055	1	ERI3	c12
0.0062221834264278	0.172226898423093	0.296	0.268	1	LMAN1	c12
0.0602940024898925	-0.172187346682754	0.178	0.195	1	UBE4A	c12
0.139745243771188	0.172167638915117	0.058	0.05	1	GMEB2	c12
0.213067862039046	-0.171957721944703	0.044	0.05	1	P2RX4	c12
0.419642732216062	0.171942154300125	0.106	0.101	1	KHDC4	c12
0.366105798511151	0.17187989086799	0.053	0.049	1	SLC35D2	c12
0.304697438346853	0.171853308743824	0.047	0.043	1	SLC16A1-AS1	c12
0.103933900489935	-0.171568973158708	0.027	0.034	1	PUS7	c12
3.14957782957075e-07	-0.171523398402885	0.706	0.727	0.0105630541248144	SSR2	c12
0.0270725774503711	-0.171392703539742	0.418	0.43	1	SMCHD1	c12
0.113541345525758	-0.171304739530347	0.028	0.035	1	ITGB3BP	c12
0.620344668672722	0.171288956940169	0.024	0.022	1	MAPKBP1	c12
0.00613271612308695	-0.17115905956178	0.361	0.389	1	DDT	c12
1.81344630980508e-05	0.171072271938413	0.491	0.442	0.608193623382429	RAB2A	c12
0.341877467735866	-0.170984448789611	0.151	0.157	1	EFR3A	c12
0.0398426981598719	-0.170941922663523	0.146	0.164	1	NIPSNAP2	c12
0.0477710140606801	-0.170900486180972	0.113	0.129	1	IDH3A	c12
1.14822314313178e-13	-0.170779547056473	0.904	0.911	3.85091077743537e-09	RPL7	c12
0.404446889862355	-0.170681207248897	0.09	0.095	1	ADAM8	c12
0.0402278776149351	-0.17058721602601	0.273	0.292	1	PLEKHB2	c12
0.0693139429097826	-0.170576404802558	0.088	0.101	1	MFSD14B	c12
0.0353983414975398	-0.17054962964291	0.112	0.129	1	PDXK	c12
0.0773491334692193	-0.170508793024771	0.143	0.158	1	UBL4A	c12
0.683179857574562	-0.17044169995289	0.042	0.043	1	UBE2W	c12
0.0857232082848742	0.170411275226633	0.057	0.048	1	CSRNP2	c12
0.523258483286935	-0.17035116900964	0.039	0.042	1	TMEM154	c12
0.110213963868539	-0.170283572312158	0.092	0.104	1	METAP1	c12
0.889255130803907	0.170226524650429	0.012	0.012	1	TBXAS1	c12
0.0860719363146604	-0.170216033133485	0.114	0.128	1	TRIAP1	c12
0.0492390076914591	0.170163830790532	0.232	0.215	1	REX1BD	c12
0.129557468403463	-0.170095122979541	0.059	0.068	1	ZNF689	c12
0.81741442228076	0.170093175521449	0.025	0.024	1	C10orf88	c12
0.0177040223141399	-0.170042110660195	0.188	0.212	1	PRPF38A	c12
0.013070322139779	-0.169997563542483	0.247	0.27	1	SMU1	c12
0.000315615166224809	-0.169996364484418	0.526	0.554	1	NDUFB2	c12
0.204464653138965	-0.169913512199629	0.051	0.058	1	CLASP2	c12
0.259931784666834	-0.169788667620875	0.098	0.106	1	ZNF266	c12
6.60557579082075e-26	-0.16974456239887	0.995	0.995	2.21537800872546e-21	RPS4X	c12
0.11114276305606	-0.16962552798338	0.031	0.038	1	TRMT13	c12
0.000588263282817715	-0.169589103710927	0.495	0.521	1	NDUFA3	c12
0.230243628543021	-0.169585896076487	0.019	0.024	1	ZC3H10	c12
0.0633186496929579	-0.169431011899465	0.221	0.239	1	NCBP3	c12
0.0148989262886602	-0.16941325449759	0.148	0.17	1	CHD6	c12
7.25900437169138e-06	0.169411301162123	0.735	0.694	0.243452488617786	ANXA2	c12
0.327544487177244	0.169386678654551	0.03	0.026	1	VEGFB	c12
0.0580949954763369	-0.169318098540757	0.069	0.082	1	NNT	c12
0.183800729932578	-0.169278842029181	0.027	0.033	1	SS18L1	c12
8.47626430625506e-20	-0.16927127685276	0.996	0.994	2.84276952303182e-15	TMSB4X	c12
0.0201219043332545	-0.169270014560105	0.223	0.246	1	SEC22C	c12
0.217885048544147	0.169250572902325	0.034	0.029	1	GALNT7	c12
5.10699745299387e-05	0.169247826548423	0.503	0.46	1	ARPP19	c12
4.69585859336679e-06	0.169150023480273	0.711	0.674	0.157489705504335	SELENOK	c12
0.0637061453793741	0.168987237495303	0.061	0.051	1	DUSP3	c12
0.000298653523857576	-0.168924033966937	0.446	0.482	1	RPS27L	c12
0.286043488736745	-0.168898520835711	0.011	0.014	1	LDOC1	c12
0.121948950920128	-0.168820555012712	0.021	0.027	1	CASTOR2	c12
0.0449365109439078	0.168809719232902	0.121	0.107	1	NKIRAS2	c12
0.000125192458811541	0.16872313765917	0.524	0.481	1	WNK1	c12
0.000707701972003712	-0.168681224013559	0.388	0.421	1	SEC11C	c12
0.474455550366118	0.168569859681059	0.027	0.025	1	MTFR1	c12
0.229943519606786	-0.168551555907247	0.02	0.025	1	TRIP13	c12
0.0544043098622531	-0.16847665221538	0.171	0.187	1	MINDY2	c12
0.640183357863356	0.16835010496801	0.054	0.052	1	KIAA1586	c12
0.107075990179596	-0.168307991444268	0.122	0.135	1	PPP2R2D	c12
0.0456930188088912	-0.168233260990869	0.14	0.157	1	HMGXB4	c12
0.0646247408882298	-0.168213745436276	0.214	0.231	1	FERMT3	c12
0.309044627387481	0.168208055285596	0.086	0.08	1	PDS5B	c12
0.817924251174731	0.168169237105833	0.017	0.016	1	IDNK	c12
0.021333390746274	-0.168024732164162	0.184	0.207	1	EXOSC1	c12
0.545591885940666	0.168007674403584	0.078	0.075	1	LRRC57	c12
0.00330526857360662	0.167997355401154	0.24	0.211	1	MFSD5	c12
0.0834652827699885	-0.167947481119601	0.118	0.132	1	RAB4A	c12
0.122663422037845	-0.167869171036045	0.054	0.063	1	MFN1	c12
0.0687295982647649	-0.167858639459788	0.196	0.213	1	MARK3	c12
0.322915974502689	0.16783905737487	0.014	0.012	1	AC019163.1	c12
0.0103033937735035	0.167825285800918	0.268	0.244	1	TFG	c12
1.70212763139892e-05	0.167778249144281	0.467	0.416	0.570859565018571	CHD2	c12
0.237594676720896	-0.167463323507823	0.077	0.085	1	CWF19L1	c12
0.117399523896682	-0.167409184632292	0.167	0.18	1	RDH11	c12
0.905708053077516	0.167311242070573	0.031	0.031	1	ACOT4	c12
0.674227156433943	-0.167294358419413	0.023	0.025	1	TEX261	c12
0.0528614669989114	-0.167281814121246	0.187	0.206	1	MINOS1	c12
0.335558774922282	-0.167232346410448	0.023	0.027	1	ATG10	c12
0.0173688048755679	-0.167179406536879	0.124	0.145	1	SHARPIN	c12
0.13256617438495	0.16717661752642	0.122	0.111	1	WDR37	c12
0.00013370720111744	-0.16708500800299	0.532	0.556	1	MAGOH	c12
5.70594647214572e-10	-0.166883556841882	0.93	0.954	1.91366032782823e-05	TAGLN2	c12
0.00478206859573686	-0.166865582803141	0.374	0.4	1	RAB1B	c12
0.0171484788855213	-0.166854392442386	0.234	0.259	1	QRICH1	c12
0.0928813667298209	-0.166830585988402	0.077	0.088	1	NIT2	c12
0.976443210863854	-0.166798679470129	0.011	0.011	1	TRBV24-1	c12
0.0556209518543643	-0.166788226697395	0.073	0.086	1	RDX	c12
0.254109781249059	-0.166784733465802	0.054	0.061	1	FHL3	c12
0.763207072744549	-0.166711572582614	0.018	0.019	1	MOSMO	c12
0.0368166666131487	0.166685825483584	0.199	0.18	1	PML	c12
0.00244767901044817	0.166628991144938	0.098	0.078	1	AC020916.1	c12
0.0145101645962356	-0.166618859737361	0.331	0.354	1	ACIN1	c12
0.362018150601433	0.166573084336098	0.051	0.047	1	EEPD1	c12
0.197982889492815	-0.166555126106819	0.077	0.085	1	APAF1	c12
0.368244478131668	-0.166540733831066	0.092	0.098	1	GOLGA5	c12
0.304795636170729	-0.166488406422982	0.094	0.101	1	MAP2K4	c12
0.339314102278247	-0.166476564192182	0.073	0.079	1	LNPK	c12
0.000536688055989845	-0.166447728015856	0.603	0.621	1	NAP1L4	c12
0.0748791674668071	-0.166396948442348	0.122	0.136	1	CSTF1	c12
0.0349196719147385	-0.166293322347025	0.695	0.7	1	JUNB	c12
0.259251879889816	-0.166162427963335	0.343	0.349	1	GALNT2	c12
0.324009771973646	-0.166148598028106	0.035	0.04	1	FBXW4	c12
0.057327927446041	-0.166044503954472	0.074	0.087	1	NAAA	c12
0.594932729258109	0.166034594170302	0.011	0.01	1	AL050341.2	c12
0.102372224891241	-0.166021637493817	0.105	0.118	1	ECE1	c12
0.0863774375807421	0.16601888251056	0.128	0.115	1	TMEM140	c12
0.979752740965787	-0.165991770259899	0.011	0.011	1	SOX12	c12
0.336908957479943	-0.165961418483494	0.042	0.046	1	HIGD1A	c12
0.0677035649672277	-0.165915954488829	0.071	0.084	1	ATM	c12
0.618892215329932	-0.165650263303495	0.02	0.021	1	ZSWIM3	c12
6.43050872065272e-05	-0.165618826605711	0.571	0.601	1	RNPS1	c12
0.332803967598966	0.165563887651926	0.064	0.059	1	MAP3K5	c12
0.0755907122459642	0.165499675119552	0.196	0.182	1	MKLN1	c12
0.735150973258169	0.165411441359115	0.019	0.02	1	KCNQ1OT1	c12
0.316673622235469	0.165399690077841	0.02	0.017	1	EAF2	c12
0.303976581532825	-0.165359073798359	0.037	0.042	1	DCAF4	c12
0.240619005110218	-0.165334992163843	0.074	0.082	1	MEMO1	c12
0.246973287467773	-0.16532624998292	0.079	0.086	1	JADE1	c12
0.12480435907341	-0.16526039542081	0.104	0.116	1	C16orf91	c12
0.488469855734993	-0.165230960194614	0.025	0.028	1	WDR4	c12
0.00176532491504897	0.165174324519898	0.37	0.335	1	NECAP2	c12
0.297767683578404	-0.165067805731349	0.152	0.16	1	E4F1	c12
0.435280090365995	-0.165006192202863	0.024	0.027	1	ZNF552	c12
0.00667575157007852	-0.164795855242406	0.341	0.369	1	PSMG2	c12
0.00149050481206335	0.164772454185472	0.299	0.266	1	SUPT16H	c12
0.00432581362320708	0.164687825229468	0.305	0.275	1	RAB1A	c12
0.0476975426846419	-0.164663690266275	0.096	0.111	1	TTF1	c12
0.346154394852788	-0.164604992302755	0.091	0.097	1	SLC7A6OS	c12
0.212811877785838	-0.164585808347866	0.062	0.07	1	ACYP2	c12
0.893099054821801	0.164584111410242	0.018	0.019	1	KLHL15	c12
0.0129315551570356	0.164509678939293	0.142	0.122	1	NPIPB5	c12
0.20705448004329	-0.164465473925319	0.023	0.028	1	ZNF85	c12
0.0718253380590683	0.164453808446428	0.055	0.046	1	SLC41A1	c12
0.204663886127991	0.164453619845103	0.174	0.163	1	TCTN3	c12
0.23822174229376	-0.164288946730547	0.154	0.162	1	SLC2A8	c12
0.0169692747958962	0.164189955520301	0.117	0.099	1	PRKD2	c12
0.474440900079499	-0.164171004686821	0.023	0.026	1	SMUG1	c12
0.740306837605906	0.164167246291787	0.012	0.011	1	KIAA1522	c12
0.181143412477533	0.164068804080509	0.046	0.04	1	ZNF562	c12
0.519691695053547	-0.164010404307048	0.054	0.058	1	GRAMD1C	c12
0.310143775615677	-0.164008721489777	0.049	0.055	1	OPA3	c12
0.0262887925722661	0.163863182870806	0.105	0.09	1	QKI	c12
0.492525826311076	0.163785771701389	0.054	0.051	1	HDAC8	c12
0.0216858431063872	-0.16372513704728	0.213	0.236	1	PRKCSH	c12
0.00255449722267183	-0.163649215524026	0.441	0.468	1	CNPPD1	c12
0.0884857172203215	-0.163512958219523	0.112	0.126	1	SUCLA2	c12
0.27582071344736	-0.163354297659839	0.019	0.022	1	ENOX2	c12
0.624686894939033	-0.163333773150313	0.014	0.015	1	AC017083.2	c12
0.307069644183308	-0.163299088839307	0.024	0.028	1	TMEM267	c12
0.0833576677877974	-0.163263215781461	0.22	0.235	1	GPATCH8	c12
0.389117712260839	-0.16325089502622	0.175	0.181	1	GRINA	c12
0.396978327680046	-0.163230040663331	0.014	0.017	1	SPIN2B	c12
0.104844687954865	-0.163148656793731	0.091	0.102	1	GOLGA3	c12
0.349986965307221	0.163023560256266	0.045	0.04	1	ZNF473	c12
0.253169167968566	-0.163017833427757	0.055	0.062	1	BRCC3	c12
0.00272711290614826	-0.162985451105566	0.406	0.436	1	SCAMP2	c12
0.253569905628585	0.162957093824651	0.079	0.072	1	ATG2B	c12
0.0551661007155647	-0.162949815856152	0.181	0.199	1	LSM6	c12
0.000193953993129764	0.162814434804429	0.398	0.357	1	SBDS	c12
0.712548019910082	0.162797579213734	0.035	0.034	1	HSD17B8	c12
2.20989566983458e-05	0.162764089127072	0.533	0.492	0.74115480974912	EIF3J	c12
0.127723313865048	-0.162748445207833	0.092	0.102	1	RFC2	c12
0.880735345128041	-0.162695561143157	0.019	0.02	1	SSBP3	c12
0.00203055403667341	-0.162634401777347	0.502	0.523	1	APRT	c12
0.421323692304268	-0.16263174789481	0.077	0.082	1	USF3	c12
0.121536953523637	0.162527763324833	0.16	0.149	1	PSMD10	c12
0.343801009014499	-0.162477711384938	0.037	0.042	1	WIPI1	c12
0.112884378547905	0.162469660524989	0.373	0.354	1	KPNA2	c12
0.101781228927626	-0.162421108841239	0.222	0.237	1	GRAP2	c12
0.207146008325161	-0.16240737111696	0.098	0.107	1	AKT3	c12
0.00379295265253694	0.162385195006112	0.293	0.261	1	SAR1A	c12
0.303994589995939	-0.162251148923767	0.043	0.048	1	BRMS1L	c12
0.323905604879132	-0.162157596630411	0.03	0.035	1	SERAC1	c12
0.421180161654903	0.162125779499088	0.064	0.06	1	AC083798.2	c12
0.504015421688691	-0.162110355427598	0.017	0.019	1	TRMT5	c12
0.32224994550364	-0.162101660329633	0.017	0.02	1	STAU2	c12
0.0017488552429179	0.162000286658098	0.502	0.464	1	ATP1A1	c12
0.0850679627184812	0.161943133707578	0.144	0.132	1	SYNJ2	c12
0.0728881955963611	-0.161890882019535	0.101	0.115	1	MOAP1	c12
0.0137050797319769	-0.161769714709776	0.179	0.202	1	WASHC4	c12
0.605150672064576	-0.161744956911601	0.011	0.012	1	TMEM91	c12
0.193291312848063	-0.161564984562568	0.087	0.096	1	LTN1	c12
0.0668059241872693	-0.161521000954284	0.276	0.293	1	PDCD2	c12
0.0131551890001468	0.161467641513001	0.264	0.238	1	GATA3	c12
0.112641713369102	-0.161455922211187	0.321	0.332	1	SUPT5H	c12
0.576481203051751	0.161348559803548	0.011	0.012	1	HEMK1	c12
0.302765999740533	-0.161251845237909	0.1	0.107	1	B3GALT4	c12
0.524361474118514	-0.161250057574402	0.08	0.084	1	ARHGAP26	c12
0.197989798589882	0.161217622588752	0.012	0.009	1	AL158071.4	c12
1.5816404523498e-05	0.161202097184103	0.501	0.45	0.530450574909077	CELF2	c12
0.162847650122515	-0.161183961171239	0.053	0.061	1	INTS13	c12
0.00223222287695188	-0.161150765812628	0.674	0.681	1	IFITM2	c12
0.0135549881303209	-0.161137598354934	0.325	0.35	1	TMEM9B	c12
0.348095910729118	0.161110940806951	0.021	0.018	1	CCSAP	c12
0.0801789684048107	-0.161061032197539	0.268	0.282	1	MRPL22	c12
0.021161050611374	-0.161028926179321	0.124	0.143	1	LTA4H	c12
0.726057993592055	-0.160988706964649	0.025	0.026	1	DNAAF5	c12
0.00776075167456217	0.16097745951865	0.475	0.444	1	CMTM6	c12
0.896065908917802	-0.160956455104437	0.012	0.012	1	ZNF785	c12
0.344104654269128	-0.160876754134661	0.044	0.049	1	LONRF1	c12
0.0905963847846655	-0.160864065790778	0.122	0.135	1	NOL8	c12
0.273982778324698	-0.160843499205224	0.158	0.166	1	UTP23	c12
1.31783807674806e-05	-0.160542376709093	0.591	0.624	0.441976534179764	PPM1G	c12
0.203055957704085	-0.160526581708725	0.067	0.075	1	SLC38A10	c12
0.693952031980442	0.160526510130864	0.017	0.015	1	SETMAR	c12
0.0542382080847388	-0.160511622625049	0.269	0.287	1	LRP10	c12
0.66249527948827	-0.160478294621794	0.018	0.019	1	PQLC2	c12
0.0578662804218005	-0.160447064664068	0.11	0.126	1	MRPS14	c12
8.71223768552198e-29	-0.160310037656639	0.997	0.999	2.92191027497036e-24	RPL12	c12
0.0663605898689107	-0.160223219481073	0.251	0.27	1	IMP4	c12
0.126835659495698	-0.160219682767633	0.05	0.058	1	ZNF75A	c12
0.159679631702348	0.160218237430851	0.111	0.102	1	MBIP	c12
0.192514834709713	-0.16014133592324	0.154	0.164	1	POLG	c12
0.000227639898720538	-0.160040202699767	0.471	0.51	1	NDUFAB1	c12
0.0185164015900464	0.159826133077351	0.162	0.142	1	PNO1	c12
0.000165347225611115	-0.159812496982758	0.502	0.538	1	VDAC1	c12
0.456866301346246	-0.159760324211732	0.062	0.066	1	TMEM184C	c12
0.525271533867616	-0.15972337412183	0.042	0.045	1	EPS8L2	c12
0.0496209167434602	-0.159631116422543	0.163	0.182	1	SMIM37	c12
0.0842990132154257	-0.1596240475951	0.181	0.196	1	TIMM50	c12
0.00251318655152068	-0.159592502202018	0.409	0.433	1	MAP2K3	c12
0.268794687832524	-0.159499888340668	0.078	0.086	1	FEN1	c12
0.344022616823885	0.159469010270362	0.054	0.05	1	MTM1	c12
0.107949699357169	-0.159381471209448	0.175	0.189	1	ASNSD1	c12
0.0129475546374755	0.159346896348478	0.208	0.186	1	VIM-AS1	c12
0.442303788621593	-0.159346826113624	0.009	0.01	1	OSCP1	c12
0.0646796086459057	-0.159317262567869	0.031	0.04	1	ACADS	c12
0.107657067135551	-0.159314727486701	0.077	0.088	1	ALG12	c12
0.511986488353627	-0.159309508694213	0.03	0.033	1	COQ7	c12
0.00268119107117516	0.159136163429033	0.291	0.261	1	TAF9	c12
0.0209538500323318	0.159101852349798	0.217	0.196	1	ZNF430	c12
0.0260902412709942	-0.158942069715555	0.156	0.177	1	RSPRY1	c12
0.0609147025432254	-0.158873639402664	0.296	0.312	1	ATRX	c12
4.18594628039111e-05	-0.158818258578995	0.647	0.671	1	NDUFB11	c12
0.0903344912689921	-0.15878545850092	0.215	0.229	1	ZFAND2B	c12
0.229767850344071	0.158740509746143	0.012	0.015	1	EBI3	c12
0.00482553948069606	0.15873770537644	0.157	0.134	1	NAA15	c12
0.00342326578958704	-0.15869624498852	0.501	0.521	1	OTUB1	c12
0.231552074182283	-0.158589048229176	0.231	0.24	1	RNASET2	c12
0.934887341449231	0.158526525657809	0.011	0.011	1	MORC2	c12
0.00764440738859487	-0.158481529314266	0.286	0.316	1	HSF1	c12
0.745202534240747	-0.158442186922145	0.032	0.033	1	URB1	c12
0.745433093761007	-0.158416001554635	0.014	0.015	1	ZNF304	c12
0.277207782088921	-0.158411995721757	0.03	0.035	1	DIAPH2	c12
0.654796262201899	-0.1583501066474	0.031	0.033	1	GNPDA2	c12
0.000101884277627609	0.158314702718827	0.539	0.489	1	SRSF4	c12
0.23714312603676	-0.158308684585964	0.058	0.065	1	TMA16	c12
0.354281704368671	-0.158208407397845	0.055	0.061	1	ZC3H6	c12
0.639869921205027	0.1582028423889	0.021	0.02	1	CACNB1	c12
0.298157182625591	0.158172384368326	0.06	0.055	1	ILF3-DT	c12
0.4235929831201	-0.158064091280522	0.025	0.028	1	PPARD	c12
0.0231905004729518	-0.158008508067289	0.335	0.358	1	LAMTOR1	c12
1.01716584023693e-05	0.157943844819168	0.677	0.636	0.341137079498661	BZW1	c12
6.20987731474682e-05	-0.157890309098826	0.729	0.728	1	LSP1	c12
0.338680037727021	0.157814313117814	0.01	0.008	1	AL356512.1	c12
0.65019558834404	0.157786729810059	0.014	0.013	1	GPD2	c12
0.0873055807196378	-0.157773204379147	0.081	0.093	1	MRM3	c12
0.24316516477745	-0.157584234244064	0.037	0.043	1	TMEM209	c12
0.21046695144378	-0.157552699283685	0.085	0.093	1	STYX	c12
0.00973403354769888	0.157380124070826	0.326	0.298	1	MARCH7	c12
0.26926487441546	0.157125148277588	0.065	0.059	1	PGGHG	c12
0.132995389780733	0.157118514804891	0.061	0.053	1	ETFRF1	c12
0.266752036107517	-0.157011083386481	0.044	0.049	1	ST3GAL4	c12
0.0697084649425564	0.156943735082942	0.146	0.131	1	OTUD4	c12
0.0704788267270703	-0.156859522886558	0.249	0.266	1	USP4	c12
0.460789651584865	-0.156855138100281	0.078	0.083	1	AREL1	c12
0.150243769671047	-0.156841176856775	0.122	0.133	1	PMPCA	c12
0.00512388669311336	-0.156836651652952	0.561	0.581	1	HCLS1	c12
0.793196658234874	-0.156818572226735	0.01	0.009	1	AC008040.5	c12
0.139400397188259	-0.156762038549371	0.075	0.085	1	TMEM60	c12
0.379622549361177	-0.156746040153922	0.082	0.087	1	MTMR3	c12
0.688075026506327	0.156679860539355	0.011	0.01	1	PPARG	c12
0.268104158756518	0.156679640526119	0.071	0.065	1	MAP7D3	c12
0.0341729824357299	-0.15662373812264	0.266	0.287	1	RPAIN	c12
0.284290063248902	-0.156548897292431	0.081	0.088	1	MAP3K7	c12
0.397447634004237	0.156541012408949	0.046	0.042	1	ITPR2	c12
0.11805767031046	-0.15643136182242	0.054	0.064	1	TNFAIP8L1	c12
0.0341591995426441	-0.156370152294788	0.194	0.215	1	TMEM230	c12
0.170047677944452	-0.15634646071604	0.024	0.03	1	EPOR	c12
0.000440822863811221	-0.15620527727966	0.558	0.576	1	ATP5ME	c12
0.184745901785092	-0.156161922776946	0.06	0.068	1	FEM1A	c12
0.00788331574696887	-0.15611341674429	0.506	0.523	1	TNFRSF1B	c12
0.244618004322264	-0.156097489028804	0.141	0.149	1	ZNF830	c12
0.0471187646160889	-0.156069800212853	0.359	0.376	1	DNAJC1	c12
0.0165268915004181	-0.156062430588335	0.245	0.272	1	BRMS1	c12
0.307073535960183	-0.156037057499543	0.051	0.056	1	CAPN10	c12
0.32949971396608	-0.155968731150776	0.075	0.081	1	TLK2	c12
0.0420416657638332	0.15585933694152	0.135	0.119	1	ARID2	c12
0.00313919751273707	-0.155761674376296	0.431	0.46	1	TMED9	c12
0.279527389053063	-0.155706522016089	0.101	0.108	1	UBIAD1	c12
0.0727103447941525	0.155675574795745	0.138	0.124	1	TRAFD1	c12
0.479232499397196	-0.155650574065627	0.021	0.024	1	NLRX1	c12
0.000345684005626648	0.155650250951781	0.411	0.372	1	AKIRIN1	c12
0.000671609717317394	0.15561864111128	0.426	0.389	1	KMT2A	c12
0.316627841769882	-0.155466896440162	0.052	0.058	1	DTNB	c12
0.0410020562346623	0.155458596296679	0.299	0.278	1	RANGAP1	c12
0.228601896075292	-0.155416204911696	0.159	0.168	1	IFNGR1	c12
0.0135717954379737	-0.15534552408577	0.401	0.421	1	ARL6IP4	c12
0.0337088688562166	-0.155323240801775	0.355	0.372	1	NDUFS3	c12
0.0360062300879022	-0.155237926712308	0.264	0.285	1	WDR82	c12
0.179060746452819	-0.155133995942247	0.027	0.033	1	TCAIM	c12
0.0174676740409391	0.154986459652667	0.226	0.204	1	DGKZ	c12
0.262541732445829	-0.154981023570544	0.121	0.129	1	OTUD5	c12
0.147992861347751	0.154964894393144	0.124	0.114	1	POLR3C	c12
6.37837304020932e-05	-0.154943022082605	0.692	0.719	1	SEPT7	c12
0.0228297611275839	0.154821658137816	0.159	0.14	1	STT3A	c12
0.0262030260552521	0.154804059975131	0.292	0.269	1	OFD1	c12
0.314550048206172	-0.154681200046841	0.105	0.112	1	NCAPH2	c12
0.0202864111805475	-0.154650050795129	0.317	0.337	1	PITHD1	c12
0.0122803772397354	0.154645585705453	0.297	0.271	1	RTCB	c12
0.340607576585627	0.154627067015702	0.029	0.025	1	PAQR3	c12
0.40844205043792	-0.154584589340679	0.011	0.013	1	GINS3	c12
0.160101287492477	-0.154466084019675	0.034	0.04	1	CASP9	c12
0.281972767388517	0.154449940632757	0.033	0.028	1	PARP11	c12
0.0438009607973383	-0.154290046636708	0.068	0.082	1	LIMA1	c12
0.000994097802901445	0.154166704658463	0.339	0.305	1	TYMP	c12
0.00726873942354952	-0.154101102248868	0.304	0.331	1	LAP3	c12
0.560773280007079	-0.154098372234325	0.096	0.1	1	OAZ2	c12
0.00642439345083294	0.154077061698419	0.236	0.208	1	ZNF394	c12
0.0351922359917067	-0.154031375301143	0.262	0.283	1	POLR2G	c12
0.136271832906387	-0.154007405134538	0.166	0.179	1	KPNA6	c12
0.254448474007324	-0.154005593838062	0.051	0.058	1	CRACR2A	c12
0.296886547801189	0.15379296704802	0.056	0.051	1	ASB3	c12
0.0352713277469296	-0.153678745623919	0.21	0.231	1	PBRM1	c12
0.468960084464682	0.153625417458954	0.039	0.036	1	KMT5A	c12
0.479247700509762	-0.153506804708225	0.034	0.037	1	BMPR2	c12
0.457130726854645	0.153488954077636	0.043	0.039	1	NMT2	c12
0.190147191774399	-0.153437506185586	0.154	0.165	1	UBAP2L	c12
0.000443624981790846	0.153420446807768	0.522	0.486	1	CLTA	c12
0.0566300299506635	-0.153378267404005	0.156	0.173	1	POGZ	c12
7.97938349443378e-25	-0.153327897350255	0.997	0.995	2.6761256363632e-20	RPS2	c12
0.129568267610694	-0.153313146559153	0.201	0.213	1	ADD1	c12
0.274262176651942	-0.153290931644528	0.019	0.023	1	DHRS4L2	c12
0.888497501942701	-0.153288062293218	0.058	0.058	1	RANBP10	c12
0.0020159937738775	-0.153252644265858	0.537	0.556	1	SPCS2	c12
1.3059860793542e-08	-0.153224557988556	0.843	0.874	0.000438001611293813	NCL	c12
0.00597831828501337	0.153214462402027	0.29	0.263	1	ACTR10	c12
0.058467705099217	-0.15317649312865	0.262	0.279	1	PSMD1	c12
0.011606558465335	-0.153164877029506	0.17	0.194	1	DKC1	c12
0.0990965432010142	-0.153003188262676	0.071	0.082	1	BCL2L13	c12
0.0754710469426316	-0.152987096909834	0.114	0.128	1	AL662899.2	c12
0.296252364500518	-0.152959582493681	0.073	0.08	1	INPP4A	c12
0.00318820137234508	-0.152931217920569	0.595	0.593	1	ANP32B	c12
0.00116098174727236	0.15278120006908	0.783	0.754	1	SAP18	c12
0.162141175504255	-0.152773528260839	0.046	0.053	1	BNIP1	c12
0.64003968937144	-0.152749673171753	0.009	0.01	1	AC073254.1	c12
0.0683066741963726	-0.152707391082812	0.151	0.168	1	FLII	c12
0.0605021794340303	0.152672956123566	0.154	0.139	1	MKL1	c12
0.129356545980376	-0.152641015841076	0.07	0.08	1	NDUFAF6	c12
0.294161014589032	-0.152522342511913	0.029	0.033	1	MTERF1	c12
0.908637536666296	0.152520424796422	0.015	0.015	1	MIR762HG	c12
0.437399629417151	-0.152432213009823	0.123	0.128	1	NCOA1	c12
0.973311341430958	0.152418507660844	0.058	0.058	1	ZNF76	c12
0.00750048182186261	-0.152408338202852	0.422	0.447	1	SF3A1	c12
0.47699160653759	-0.152406548646465	0.026	0.028	1	SMARCA5-AS1	c12
0.0717565184044397	-0.152291006836208	0.091	0.105	1	HCFC1	c12
0.363240606215831	-0.15223635095513	0.072	0.077	1	MTSS1	c12
0.00283246357210557	0.152210987649068	0.19	0.163	1	PPP2R5E	c12
0.558693262412027	-0.152168142789099	0.06	0.063	1	PMF1	c12
0.87039045430346	-0.152168101122356	0.037	0.038	1	MOK	c12
0.260201873082523	-0.152134609201427	0.068	0.075	1	ABR	c12
0.602209621945311	-0.152103548247738	0.039	0.041	1	TTLL4	c12
0.595013544776686	-0.152090878982454	0.023	0.025	1	DUS4L	c12
0.0288500063963622	0.152067681614471	0.25	0.23	1	MAP4K1	c12
0.150811332677104	-0.152064374007523	0.091	0.102	1	AP5M1	c12
0.342955693749282	0.152051060240951	0.08	0.074	1	SLC17A5	c12
0.0172073940935575	-0.15204449622407	0.33	0.356	1	GNB1	c12
0.211838771354816	-0.152000514426006	0.085	0.093	1	PGRMC2	c12
0.209917838605431	-0.151986217105762	0.082	0.09	1	TJAP1	c12
0.394951576136665	-0.151966276969915	0.195	0.2	1	SUDS3	c12
0.277312957660184	-0.151961182294693	0.068	0.075	1	DUSP22	c12
0.00111310760657831	-0.151926510046301	0.515	0.535	1	CD53	c12
0.945063452519805	0.151854259977818	0.068	0.068	1	C1GALT1C1	c12
0.127472904942839	0.151803953900613	0.1	0.089	1	ZFYVE1	c12
0.752958555489697	-0.151772635977257	0.01	0.011	1	GM2A	c12
0.0418315439084857	-0.15173360472315	0.548	0.554	1	TIGIT	c12
0.0156538975063839	0.151721732254173	0.22	0.197	1	PLA2G16	c12
4.61848753633428e-06	0.151543320616852	0.58	0.523	0.154894834993579	JUND	c12
0.517043882571748	0.15148991837138	0.012	0.014	1	FUT10	c12
0.0932006869899638	-0.151488800809783	0.272	0.286	1	DPF2	c12
0.000462086567684736	-0.15140594305719	0.566	0.587	1	ARF5	c12
0.0115796896712848	0.151399419661454	0.24	0.217	1	AK6	c12
0.194017715538419	0.15134164681374	0.041	0.035	1	TRAV17	c12
0.0537137902115201	-0.151233211368624	0.148	0.165	1	ANKRD17	c12
0.240951440182594	-0.151161734711447	0.249	0.257	1	C12orf75	c12
2.12397763089589e-06	-0.151118729089288	0.635	0.678	0.0712339617849865	UBE2I	c12
0.12350079695957	-0.151056488252663	0.06	0.069	1	USP21	c12
0.0941484327746478	-0.151040683606782	0.256	0.272	1	MRPS12	c12
0.207619928830567	-0.150974594355909	0.051	0.058	1	RINL	c12
3.05127490221676e-52	-0.150805764542334	1	1	1.02333657670546e-47	RPL41	c12
0.117503224579971	-0.150785280278964	0.238	0.252	1	GON4L	c12
0.00571531532579876	-0.150757433215275	0.331	0.361	1	RPL7L1	c12
0.156640023347206	-0.150716334378156	0.122	0.133	1	RPP30	c12
0.45775985938511	-0.150668795270069	0.051	0.055	1	MCCC1	c12
0.216478417936151	-0.150663989496559	0.087	0.095	1	PIBF1	c12
0.364017938185396	-0.150610897214569	0.092	0.098	1	NME7	c12
6.49287705638981e-05	0.150607614542029	0.437	0.385	1	ACAP1	c12
0.225073109399923	0.150607313416531	0.13	0.121	1	SMG7	c12
0.706709147275378	0.150572918270918	0.039	0.038	1	SEPHS1	c12
0.39836523230096	-0.150533133573977	0.028	0.032	1	IPO11	c12
0.00952270232767782	0.1505077457129	0.235	0.209	1	TRPM7	c12
0.619826013960836	0.150384194143039	0.036	0.034	1	WDYHV1	c12
0.044371524028614	-0.150359757697473	0.196	0.215	1	CXorf40B	c12
0.00751864585008536	-0.150231011393652	0.292	0.321	1	GOLPH3	c12
0.183674340321953	-0.150173737919012	0.119	0.129	1	CCNC	c12
0.386818206006035	0.150172884175268	0.019	0.016	1	CAB39L	c12
1.71236597373262e-28	-0.150170259797605	0.999	0.999	5.74293300270446e-24	FAU	c12
0.353111425546399	0.150140034749522	0.09	0.085	1	FASTKD2	c12
0.0324428184169901	-0.150099635480272	0.143	0.162	1	HK1	c12
0.26908556198028	-0.150021492914487	0.051	0.057	1	WDR73	c12
0.342012685557004	-0.150020639780992	0.033	0.037	1	VPS45	c12
0.55859450464502	-0.149956398994844	0.035	0.037	1	PPP1R16A	c12
0.394309591697309	-0.14992206194753	0.075	0.08	1	CDK5RAP2	c12
0.0827244973930833	-0.149687171999456	0.23	0.246	1	DDX50	c12
0.0505290864355146	-0.149659028280288	0.02	0.028	1	C12orf4	c12
0.197798887595718	-0.149603004757971	0.079	0.088	1	EDRF1	c12
0.312552663248924	0.149568309880252	0.027	0.024	1	PLA2G6	c12
0.293089728910141	0.149521549353624	0.198	0.19	1	COA6	c12
0.00399273721261078	0.149371389058072	0.357	0.324	1	ARL6IP6	c12
0.0943381919172147	0.149316514663874	0.095	0.085	1	DMXL1	c12
0.707463481606021	-0.149286478320218	0.043	0.044	1	FUZ	c12
0.452240155765856	-0.149187061440748	0.043	0.046	1	MAK16	c12
0.687355387669413	0.149139741174729	0.08	0.078	1	CDADC1	c12
0.0404642994854278	-0.149093575878036	0.257	0.277	1	NCOA4	c12
0.388477784529355	0.149044491605172	0.095	0.09	1	SMURF2	c12
0.21649445822184	-0.149032148231663	0.01	0.014	1	CCDC191	c12
0.0293265301301764	-0.148836631136341	0.336	0.356	1	SH3BGRL	c12
0.0562283093959955	-0.148745422494856	0.363	0.377	1	GRSF1	c12
0.225800275996722	0.14869693330429	0.124	0.115	1	LRRC42	c12
0.0293968456858084	0.148685341588334	0.235	0.213	1	ZNF131	c12
0.0317605802294931	0.148636379765405	0.215	0.195	1	MCMBP	c12
0.586297442680827	0.148605779350501	0.017	0.018	1	CCNE2	c12
0.0526149069113199	-0.148507392957559	0.343	0.358	1	TMX4	c12
0.00690455640699225	-0.148406236557289	0.345	0.372	1	FAM49B	c12
0.0931521654144667	-0.148367543482518	0.023	0.03	1	TMEM168	c12
0.0232718450070275	0.148266545935916	0.169	0.15	1	TBC1D25	c12
0.510699314755096	-0.148251409340407	0.015	0.017	1	AC135457.1	c12
0.294260018734677	0.148180783637148	0.095	0.089	1	NCOA2	c12
0.109968146739054	0.148177989877393	0.059	0.051	1	TULP4	c12
0.00151702487792929	0.148157249663919	0.452	0.414	1	TOP1	c12
0.638270142748892	0.148156572984767	0.034	0.032	1	SNHG10	c12
0.88323460654347	-0.148147719620922	0.126	0.126	1	CDKN2A	c12
0.0915570604823899	-0.148101110576683	0.101	0.114	1	GTPBP8	c12
0.0100433601841354	-0.148070775798203	0.323	0.349	1	PRKCH	c12
0.479689689269636	-0.148063513626252	0.058	0.062	1	NVL	c12
0.401712948589914	0.148019332332794	0.05	0.046	1	STYXL1	c12
0.22437641243801	-0.148015437663649	0.018	0.022	1	CHN2	c12
0.296924660883902	-0.148003014783213	0.118	0.126	1	TTC9C	c12
0.449169653244659	-0.147966284900154	0.015	0.018	1	ZSWIM9	c12
0.0554840467281523	-0.147939315278929	0.157	0.174	1	CBWD2	c12
0.0139724823401665	0.147923241380953	0.245	0.221	1	CDK12	c12
0.00216712706215959	0.147899902133794	0.332	0.297	1	WDR33	c12
0.0233258446088473	-0.147829351238744	0.309	0.33	1	HM13	c12
0.0780878608337472	-0.147799988131458	0.248	0.264	1	U2AF2	c12
0.0648478134849051	-0.147534846102782	0.083	0.096	1	FAM76B	c12
0.388224127728032	-0.147528723113726	0.055	0.06	1	STX16	c12
0.0025903892974847	0.147484778261518	0.336	0.305	1	RAB9A	c12
0.0328209224014182	-0.147452553465061	0.173	0.194	1	TGS1	c12
0.363597495579939	-0.147408759865993	0.078	0.084	1	AKAP10	c12
0.614880361236598	0.147402219848785	0.018	0.016	1	LRP5L	c12
0.104337105792366	-0.147371445711235	0.214	0.228	1	FAM50A	c12
0.109973197097989	-0.147266821736276	0.232	0.247	1	VEZF1	c12
0.0764358350699538	0.147235433666976	0.134	0.121	1	TMEM87B	c12
0.48138271633151	0.147171654544175	0.041	0.037	1	SLC39A14	c12
0.00106638176959505	0.14713162286369	0.403	0.366	1	SMIM12	c12
0.644543645194535	-0.147104291135486	0.018	0.02	1	ZNF25	c12
0.329085030909293	-0.146987375614096	0.058	0.064	1	NT5C2	c12
0.069012173766409	-0.146924955566354	0.072	0.085	1	ANGEL2	c12
0.593843930225769	-0.146911809398627	0.019	0.021	1	NBPF9	c12
0.256352016991464	-0.146883656606206	0.126	0.135	1	MIAT	c12
0.527620274476293	0.14687715443387	0.099	0.095	1	CD83	c12
0.151471687325087	-0.146706774292379	0.156	0.168	1	VPS36	c12
0.349148301918005	-0.146696974638697	0.035	0.039	1	RBSN	c12
0.0625236144489484	0.146692710513037	0.285	0.264	1	SERTAD1	c12
0.29515035528007	0.146654147807101	0.075	0.069	1	CHD1L	c12
0.0032757189818597	0.146610695221352	0.375	0.338	1	PPHLN1	c12
0.0150925535663192	0.146604762235138	0.312	0.289	1	CNIH4	c12
0.281244786274215	0.146566321435487	0.064	0.059	1	RASA1	c12
0.0798826935515147	-0.146533228800642	0.2	0.217	1	YIF1A	c12
0.922304715708051	0.146510602522224	0.025	0.024	1	MORC4	c12
0.248159950175058	-0.1463989052231	0.072	0.08	1	NBPF15	c12
0.259759411391943	-0.146374446417347	0.12	0.129	1	BCL7C	c12
0.3365524271398	0.146319187002926	0.057	0.052	1	ATXN7L2	c12
9.08143183488465e-06	0.146287884985526	0.585	0.528	0.304573060878361	LY6E	c12
0.041265864891927	-0.146151216200593	0.368	0.381	1	CNN2	c12
0.0295660376516508	-0.146076341369482	0.397	0.417	1	ANAPC11	c12
0.0107698952934149	0.146061629173904	0.267	0.242	1	ZCRB1	c12
0.322143965016376	-0.145993996617766	0.016	0.019	1	SPAG5	c12
0.275990634227602	-0.145915209388874	0.039	0.045	1	C17orf75	c12
0.466193845448706	-0.145855747809166	0.021	0.024	1	RAI1	c12
0.00100526240184801	-0.145828608905739	0.395	0.433	1	EMC4	c12
0.0403838130457104	-0.145818646804497	0.31	0.33	1	RAB11B	c12
0.0500067667056821	-0.145723609412554	0.17	0.189	1	RNF41	c12
0.161247957706417	-0.145679106382015	0.229	0.241	1	PFDN1	c12
0.00895649518708554	-0.145642939752844	0.375	0.397	1	BTG2	c12
0.0303898535472763	0.145637680248925	0.205	0.184	1	DCUN1D5	c12
0.601610983296275	0.145621319426216	0.036	0.034	1	SMCO4	c12
2.95825405103943e-05	0.145577482456125	0.706	0.658	0.992139243637603	YWHAQ	c12
0.308686495505397	-0.145516824704589	0.069	0.076	1	FAM219B	c12
2.07234182195399e-07	-0.145466271802885	0.791	0.805	0.0069502200024693	LAPTM5	c12
0.137875644935212	-0.145444910479905	0.175	0.189	1	COMMD2	c12
0.206698662129799	0.145401938744548	0.032	0.027	1	AL365361.1	c12
0.653895458175685	0.145339651433576	0.01	0.009	1	AL451085.2	c12
0.181141609662688	-0.145308419805807	0.342	0.353	1	MTRNR2L8	c12
0.177835632776397	0.145119563635796	0.135	0.126	1	PTS	c12
0.00017170503641347	0.14502500496177	0.414	0.369	1	FIS1	c12
0.787507427976663	-0.144854837512637	0.043	0.044	1	WDR12	c12
0.0734324081984363	-0.144798544193908	0.215	0.233	1	PEF1	c12
0.127962440581121	0.144769276011529	0.026	0.02	1	FAM221A	c12
0.000112169751237342	0.144761982020483	0.54	0.493	1	MAPK1IP1L	c12
0.0678794098627485	-0.144714488297849	0.247	0.264	1	UBE2J2	c12
0.0562018344481528	-0.144652116867194	0.319	0.338	1	TRAPPC4	c12
8.62647810738266e-05	-0.144604609169111	0.64	0.657	1	COX6C	c12
0.137871890080505	-0.144546617121372	0.11	0.122	1	SMIM7	c12
0.0382313749350063	-0.144389545614045	0.267	0.288	1	PRPS1	c12
0.12100480882841	0.144356319752878	0.147	0.135	1	TESPA1	c12
0.0104219448081431	0.144338629576536	0.267	0.24	1	SRPK1	c12
0.215467035523029	0.144224737796237	0.082	0.075	1	RAB24	c12
0.150114675522285	-0.144028307660912	0.231	0.244	1	ELOF1	c12
0.874462885543967	0.143968852929327	0.038	0.038	1	CDK1	c12
9.57428660873597e-26	-0.143921085508505	0.998	0.999	3.21102424283787e-21	RPS14	c12
0.141654383550978	-0.143850222860018	0.067	0.077	1	MGA	c12
0.246061332578197	-0.143826454244193	0.043	0.049	1	ZNF14	c12
0.0280685681536783	0.143803844753642	0.239	0.217	1	BBC3	c12
0.212751154080517	-0.143666592431438	0.083	0.091	1	PACS1	c12
0.292120832524384	-0.14365734602745	0.119	0.128	1	ELMSAN1	c12
0.000857514426410479	-0.143578861133583	0.56	0.589	1	ETS1	c12
0.0200054204445277	-0.143562479330558	0.275	0.298	1	NENF	c12
0.853061233627234	0.143561053758298	0.041	0.04	1	BCAS3	c12
0.0112285194476952	0.143346369608677	0.407	0.381	1	USP15	c12
0.024471189290281	-0.143214394742673	0.25	0.276	1	MRPS18C	c12
0.158925620994473	-0.143146759866843	0.157	0.169	1	CTNNBL1	c12
0.647649257211449	-0.143142743642645	0.041	0.043	1	UBR3	c12
0.192313848246712	-0.143087559219974	0.159	0.17	1	KATNBL1	c12
0.307083449283737	0.143034318039138	0.474	0.464	1	EIF4A3	c12
0.113630247891693	-0.143015720184276	0.285	0.3	1	CDS2	c12
0.32565163725455	-0.143000338796644	0.128	0.136	1	NDUFS1	c12
0.102790262435747	-0.142972293429842	0.103	0.116	1	RPAP2	c12
0.508876147197565	0.142950770930466	0.044	0.041	1	MTMR2	c12
0.17428653441644	-0.142930241347661	0.126	0.137	1	ADIPOR2	c12
0.489614938852761	-0.142929722216674	0.138	0.143	1	CNDP2	c12
0.822222764377371	0.142912790824616	0.047	0.047	1	ARHGAP31	c12
0.279835062257211	-0.14279392532496	0.088	0.096	1	MPRIP	c12
0.0212541617832419	-0.142775443845217	0.13	0.15	1	CDK13	c12
0.325730309443612	-0.142604573656068	0.104	0.111	1	NR2C2AP	c12
0.116561699906931	-0.142477389417251	0.038	0.046	1	IMMP1L	c12
0.415357595673416	0.142423821257836	0.104	0.099	1	LTBP3	c12
0.728633845760868	0.142369890903565	0.028	0.03	1	MSH3	c12
0.214597922623568	-0.14230613339897	0.022	0.027	1	SLC35E2A	c12
0.0548841148992271	-0.142151448571274	0.214	0.232	1	SF3B3	c12
0.210505184040563	0.142114387053029	0.067	0.06	1	VAMP1	c12
0.0291620923050702	0.142090830914863	0.404	0.381	1	WBP2	c12
0.836867231733864	-0.142077581129278	0.017	0.018	1	LZTS3	c12
0.780333725310118	0.142018329963448	0.094	0.094	1	PYCARD	c12
0.16322033077958	-0.141969453189834	0.034	0.041	1	AL357060.1	c12
0.517273830275903	-0.141955063196501	0.037	0.04	1	ZNF17	c12
0.998210106000681	-0.141926171057634	0.018	0.018	1	UBTD1	c12
0.530548932761704	-0.141895575306964	0.046	0.05	1	ARHGAP35	c12
0.334242839802654	0.141766655922707	0.012	0.014	1	SLX4	c12
0.211021082651949	-0.141741157774605	0.138	0.147	1	PIK3C3	c12
0.737943371559604	0.141727711546131	0.036	0.037	1	ZNF138	c12
0.824920804715402	0.141666447205597	0.015	0.016	1	TRAV5	c12
0.301710651517896	0.141660000007723	0.183	0.176	1	ACTR1B	c12
0.339359736845196	-0.141610180937837	0.085	0.091	1	PDLIM5	c12
2.66236542404225e-05	0.141517436855748	0.7	0.659	0.892904115915289	CLEC2D	c12
0.00159995315721563	-0.141507008612028	0.513	0.548	1	JPT1	c12
0.299987884152368	0.141503717879146	0.053	0.048	1	SMG8	c12
0.0202860429522844	0.141444261331027	0.252	0.229	1	ADPRHL2	c12
0.24463958706709	0.141386522315996	0.159	0.151	1	DPM1	c12
0.330559074775811	0.141364516662728	0.105	0.098	1	RFK	c12
0.0770986569884378	0.141350947865838	0.147	0.133	1	ZFAND3	c12
1.26200176182871e-24	-0.141328424503626	0.998	0.998	4.23250150882112e-20	RPS24	c12
0.838313059174601	-0.141216749453868	0.014	0.013	1	NOL4L	c12
0.00512309838316475	0.141201140735371	0.18	0.155	1	WIPF3	c12
0.140230879095201	-0.141194977034034	0.291	0.303	1	TMEM183A	c12
0.580512763694935	-0.141182398673429	0.011	0.012	1	AC004556.1	c12
0.025143096261443	-0.141163484164982	0.327	0.347	1	DNAJC9	c12
0.00325447389456604	-0.141069423126286	0.67	0.678	1	ITM2A	c12
0.157078994801339	-0.141028228479078	0.144	0.156	1	GCLM	c12
0.000407317384085141	-0.141003730116225	0.487	0.518	1	EID1	c12
0.155535996896526	-0.140988243541963	0.135	0.146	1	USP7	c12
0.428785265883221	-0.140955183112601	0.072	0.077	1	SEL1L3	c12
0.0248658571767401	-0.140861693544984	0.335	0.358	1	SERINC3	c12
0.315047300400147	-0.140850060289393	0.057	0.063	1	TTC37	c12
0.0405924475473976	0.140802534280014	0.381	0.362	1	SLIRP	c12
0.122988820305159	0.140799414157684	0.119	0.107	1	ATF5	c12
0.0967216901141727	-0.14071586839606	0.316	0.33	1	TSSC4	c12
0.219951947353133	-0.140708865993365	0.18	0.189	1	ATG13	c12
0.250644945389028	-0.140701329050823	0.102	0.11	1	ZNF195	c12
1.91423585134048e-13	-0.140639135630567	0.982	0.982	6.41996419822571e-09	RPL26	c12
0.283244285951155	-0.14063459761858	0.058	0.064	1	VPS16	c12
0.120270610712622	0.140624571203799	0.088	0.078	1	FUOM	c12
0.559565641375005	0.14059800426999	0.036	0.034	1	C8orf58	c12
0.335977966366624	-0.140590359145163	0.118	0.125	1	FOXO1	c12
0.0131245641522167	-0.140533271282329	0.284	0.31	1	GDI1	c12
0.0754865493041348	-0.140505276580165	0.307	0.323	1	DHX9	c12
0.411318868183321	-0.140478869067449	0.088	0.094	1	SENP2	c12
0.0385255371706356	-0.140463861266597	0.175	0.196	1	HDAC3	c12
0.0107310299507563	0.140440888769	0.384	0.358	1	HMGA1	c12
0.115270731086523	-0.140436661402176	0.088	0.1	1	ITFG1	c12
0.185635492374396	-0.140387689592501	0.129	0.139	1	BMS1	c12
0.216041695822155	-0.140374008554401	0.173	0.183	1	ELP2	c12
0.0652353451374633	-0.140314018403511	0.234	0.251	1	PTPN2	c12
0.104151939598965	0.140297178501356	0.125	0.113	1	C6orf106	c12
0.0265890576391077	0.140157599683853	0.238	0.217	1	GDE1	c12
0.155699181961057	-0.140151775373584	0.14	0.153	1	SUPT7L	c12
0.934016483670018	-0.140087309164806	0.046	0.047	1	WDR89	c12
0.108628316876965	-0.140064563791401	0.131	0.144	1	CHERP	c12
6.63088236446375e-12	-0.140042854594853	0.942	0.946	2.22386532739385e-07	COX4I1	c12
0.763861600474332	0.140000121897779	0.026	0.025	1	PRKAG2-AS1	c12
0.000136042527597381	0.139926771439376	0.656	0.622	1	POMP	c12
0.992749794269554	-0.139851251085592	0.017	0.017	1	GAL3ST2	c12
0.13476282068741	-0.139837468187655	0.135	0.148	1	DCTN1	c12
0.00293076154434235	0.139805375306756	0.491	0.457	1	SNX9	c12
0.531564523047603	0.139778247531581	0.037	0.035	1	SEC61A2	c12
0.0670121663617078	0.139738513092129	0.126	0.113	1	YJU2	c12
0.207854491786973	-0.139710451626903	0.241	0.251	1	CFAP298	c12
0.0366418333231058	-0.139693481521529	0.085	0.101	1	BCAT1	c12
0.0182421163763993	0.139650692889985	0.124	0.106	1	NR2C2	c12
0.594908596010514	-0.13953988352069	0.011	0.012	1	LRRC75A	c12
0.360898768455528	0.139530735214786	0.018	0.021	1	TRBV7-3	c12
0.678980191363469	-0.139501329899188	0.197	0.2	1	DUT	c12
0.0133293215149741	0.139483522265597	0.313	0.289	1	CLTC	c12
0.15068774049789	-0.139481927803341	0.126	0.138	1	VAMP7	c12
0.0983482986411981	0.139442358230654	0.2	0.186	1	HAT1	c12
0.532657875119478	-0.139414641764341	0.011	0.012	1	DEPDC1B	c12
0.0695840194412019	-0.139409116813181	0.275	0.293	1	POLR2J	c12
0.419998060908112	0.139371117854357	0.046	0.042	1	PATL2	c12
0.0308048743875479	-0.139359431695437	0.147	0.167	1	SLC25A36	c12
2.18298228243236e-06	0.139338206919498	0.634	0.575	0.0732128597882166	HMGB2	c12
0.00038590538558117	0.139336080197291	0.44	0.4	1	TGIF1	c12
0.932478819538356	0.13917673119723	0.023	0.023	1	LACTB2	c12
0.980010329634906	-0.139161618615238	0.019	0.019	1	GCNA	c12
0.196136541336442	-0.139153406425375	0.067	0.075	1	CMTR2	c12
0.0608001385411923	-0.139055652501439	0.328	0.346	1	SDHA	c12
0.175730683693724	0.139037325938444	0.067	0.059	1	AD000671.2	c12
0.221504857857957	-0.138990728795072	0.132	0.142	1	TBC1D10A	c12
0.0906624698079058	-0.138868265150221	0.214	0.231	1	EIF2S3	c12
0.104507816203751	0.138830146670561	0.106	0.094	1	GPATCH2	c12
0.212430564457783	-0.138722067925646	0.071	0.079	1	SNX11	c12
1.70284867491184e-05	0.138686490073899	0.633	0.586	0.571101388591931	TAF1D	c12
0.8969637556348	-0.138655039332423	0.109	0.109	1	ASAP1	c12
0.0855402354921616	0.138576604672086	0.25	0.235	1	CTNNB1	c12
0.00176611420859445	0.138509460823447	0.405	0.372	1	PRPF4B	c12
0.0286716067792747	-0.138460883651968	0.396	0.414	1	PRMT2	c12
0.000704129923420931	0.138425446043538	0.349	0.311	1	SMNDC1	c12
0.000561687117547868	0.138423066754867	0.561	0.519	1	RAB7A	c12
0.0447355254152311	-0.138371274758396	0.333	0.353	1	GTF2F1	c12
0.261006489406418	-0.138343477783846	0.035	0.04	1	DHX33	c12
0.119166620223497	-0.138325682590129	0.063	0.073	1	NUP210	c12
0.373353573424096	0.138264888027953	0.038	0.034	1	TMEM135	c12
0.166409726658962	-0.138249664601473	0.081	0.09	1	TBC1D10B	c12
0.10980222142766	-0.138120394765738	0.107	0.119	1	FASTK	c12
0.0861683037744661	-0.138096458637494	0.154	0.169	1	SLC30A5	c12
0.480482296146217	-0.138049409420284	0.1	0.105	1	RBM15B	c12
0.738020468074767	0.13804509350724	0.023	0.022	1	PACRGL	c12
0.0340121380701639	-0.138005978434134	0.208	0.23	1	HTATSF1	c12
0.191370546644825	-0.137976520087889	0.091	0.101	1	POLR2M	c12
0.154258955369491	-0.137968788542667	0.044	0.052	1	THADA	c12
0.0500121738816844	0.137958996914419	0.135	0.12	1	GMEB1	c12
0.374105127105674	-0.137928763418607	0.04	0.044	1	ZNF100	c12
0.52065626140723	-0.137884569313617	0.037	0.04	1	SLC9A3	c12
0.130762837382981	-0.13787061473607	0.381	0.39	1	CAMK4	c12
0.10226262092085	0.137858431175427	0.069	0.059	1	AMPD2	c12
0.344936002720037	-0.13784074782489	0.138	0.144	1	C6orf136	c12
0.583473442737493	-0.137830195628764	0.05	0.052	1	SLC35E2B	c12
0.284881452258063	0.137825992304536	0.049	0.043	1	C14orf28	c12
0.575195539933029	0.137768899447082	0.01	0.011	1	C22orf46	c12
0.0226621234471127	-0.137741089022337	0.363	0.385	1	HNRNPL	c12
0.0340991338603691	-0.137725242326862	0.443	0.456	1	GCC2	c12
0.741660938291145	0.137661116325537	0.057	0.055	1	PCK2	c12
0.231444451868625	-0.137645502387075	0.166	0.176	1	VPS72	c12
0.198272975193239	0.137639389009716	0.105	0.096	1	HNRNPA1P48	c12
0.098859746663691	0.137597570619115	0.143	0.13	1	VAPB	c12
0.562998371696569	0.137565224155221	0.111	0.107	1	LAMP2	c12
0.373913471369819	-0.137533336196241	0.031	0.035	1	DENND6B	c12
0.917534683993498	0.137511654485226	0.037	0.037	1	TRIP10	c12
0.102320589905349	0.137368613719609	0.098	0.087	1	CBWD5	c12
0.611069515248767	0.137365337999902	0.121	0.119	1	MYL6B	c12
0.403252543190809	0.13735314672545	0.01	0.008	1	FAM131B	c12
0.477583135380076	-0.137330017351885	0.059	0.063	1	IFT27	c12
0.184306520193247	-0.137278622069454	0.077	0.086	1	MCCC2	c12
0.297937205940191	-0.137137714296271	0.088	0.095	1	ANKRD36	c12
0.338805666371608	0.137112428506004	0.152	0.145	1	MED30	c12
0.204142751331442	-0.136933814450934	0.225	0.235	1	ARFGAP2	c12
0.129181453527796	0.136852811515108	0.117	0.106	1	UGCG	c12
0.227424671732795	-0.136743437190448	0.039	0.045	1	SMIM30	c12
0.0577253492947401	0.136696017221271	0.166	0.151	1	KATNA1	c12
0.182647589458807	0.136689341191485	0.095	0.087	1	CENPM	c12
0.831870843808038	0.136680135698809	0.033	0.032	1	ZNF189	c12
0.115154452470627	-0.136626824327595	0.23	0.244	1	CCND2	c12
0.0898584061051585	-0.136538085366934	0.128	0.143	1	ABHD12	c12
0.253040805322739	-0.136457550251298	0.042	0.047	1	SLC25A14	c12
0.160119687298954	-0.136446235255069	0.049	0.056	1	TFB1M	c12
0.78706327164914	-0.136444137733484	0.012	0.012	1	GAREM2	c12
0.0114630700825869	-0.136383518480423	0.406	0.431	1	YY1	c12
0.0045451176451871	-0.136382884617453	0.476	0.501	1	SELENOT	c12
0.195944549284653	-0.136378154733423	0.145	0.155	1	TIA1	c12
0.00212994135555223	0.136354056501956	0.341	0.308	1	PSMC2	c12
0.447619406105154	-0.136235962016897	0.055	0.06	1	RASSF3	c12
0.0431311291689969	-0.136204119434966	0.357	0.375	1	ELOVL1	c12
0.689453142134005	-0.136186630948165	0.012	0.013	1	RAB11B-AS1	c12
0.113364341384196	0.136148191629038	0.192	0.179	1	HSPB11	c12
0.51247258513357	-0.136116351615638	0.009	0.01	1	ACTL10	c12
0.148003280990655	-0.136080809721974	0.114	0.125	1	CMAS	c12
0.0189391291626615	-0.136061761774684	0.495	0.507	1	PSMA5	c12
0.316638071100031	0.136028237984277	0.084	0.078	1	PEX19	c12
0.100720482244502	-0.135983724097953	0.067	0.077	1	TMED8	c12
0.585915266727539	-0.135909720405751	0.187	0.189	1	PLEKHF1	c12
0.0161084253360766	0.135766697336077	0.184	0.162	1	FBXO32	c12
0.969655429902669	0.135693372273302	0.046	0.046	1	HIST2H2AC	c12
0.359691738245801	-0.135677759124471	0.01	0.012	1	ZNF780B	c12
0.40767239750372	0.135658034786882	0.102	0.097	1	TRPV2	c12
0.256673658920169	-0.135635017965664	0.096	0.104	1	ATXN7L3B	c12
1.23775566526865e-17	-0.135629491859414	0.991	0.99	4.151184950178e-13	RPS29	c12
0.41059034658284	-0.135584030516219	0.017	0.019	1	SYCE1L	c12
0.355234110021732	-0.135538908719532	0.02	0.024	1	CUL9	c12
0.0627758534089553	0.135457654142918	0.123	0.109	1	TRIM37	c12
0.890349493230248	0.135423617046354	0.061	0.06	1	ULK3	c12
0.00477857507492512	0.135393670299526	0.219	0.192	1	SREBF2	c12
0.127338653540025	-0.135332646612921	0.061	0.071	1	USP5	c12
0.320940962994659	0.135324760222479	0.078	0.072	1	CCDC85C	c12
0.850727871425592	0.135300132221953	0.03	0.029	1	C11orf80	c12
0.16915676680124	-0.135292865070683	0.112	0.123	1	KDM5C	c12
0.00845880557696316	0.135214577653091	0.267	0.241	1	DEDD	c12
0.506639583536521	0.13520792790427	0.05	0.046	1	EHBP1L1	c12
0.248715860046974	-0.13520009834126	0.117	0.125	1	AP5Z1	c12
0.742789299318312	0.135190569739008	0.01	0.009	1	DHODH	c12
0.202218600899927	-0.135126429022244	0.056	0.063	1	NAPRT	c12
1.98339300934817e-25	-0.135099085127716	0.999	1	6.65190347475189e-21	RPL28	c12
0.00774031546697755	-0.135078412409683	0.467	0.489	1	XRCC5	c12
0.335086757812607	-0.135068978870955	0.087	0.094	1	P4HTM	c12
0.415467295814932	0.135068073787044	0.035	0.031	1	KCTD7	c12
0.0170788129585701	-0.135050697131636	0.45	0.467	1	ROCK1	c12
0.450374664353444	0.135024703360558	0.011	0.009	1	MATN1-AS1	c12
0.392333150413148	-0.134993437071928	0.017	0.02	1	MMAA	c12
1.87961085914639e-22	-0.134985805296461	0.998	0.998	6.30383889940517e-18	RPL7A	c12
0.938448281293443	-0.134957038826192	0.016	0.016	1	FBXL19	c12
0.163597754493066	-0.134766943585955	0.148	0.16	1	IFI35	c12
0.0053723024989839	0.134737487986495	0.328	0.297	1	TRA2A	c12
0.375019664391698	0.134725458101365	0.099	0.093	1	PLIN3	c12
0.933401299215427	-0.134666154921973	0.023	0.024	1	AP4S1	c12
0.360336137410547	-0.134589696865335	0.133	0.14	1	C16orf72	c12
0.306116332616514	-0.134564709991129	0.041	0.046	1	TOM1L2	c12
0.188559181004525	-0.134554305358536	0.127	0.138	1	CENPX	c12
3.10832297231318e-05	0.134553232720015	0.716	0.68	1	OPTN	c12
0.266257595862636	-0.134519040804594	0.064	0.071	1	PAOX	c12
0.170530643582793	-0.13446220420469	0.081	0.09	1	MFN2	c12
0.28958130386995	-0.1344595431507	0.052	0.058	1	SERGEF	c12
0.056921789908148	0.134448693775368	0.251	0.231	1	EHD4	c12
1.86894536193057e-07	-0.134433957465075	0.822	0.831	0.00626806895484273	ATP5F1B	c12
0.472465073149222	-0.134410568916928	0.091	0.095	1	PXK	c12
0.043094528767288	-0.134335023895597	0.19	0.209	1	SPG7	c12
0.0279367760753343	-0.134170405445498	0.278	0.302	1	RAB8A	c12
0.0412747969157288	-0.13413824869684	0.303	0.324	1	GARS	c12
0.367796221310875	0.134128632235504	0.142	0.135	1	ALAS1	c12
0.326774340974754	-0.134104987261171	0.195	0.202	1	TSPYL1	c12
0.599410865221287	0.134088748856803	0.014	0.013	1	AGAP6	c12
0.839239319471517	0.134023163435722	0.012	0.012	1	CSAD	c12
0.131157908757287	-0.133994874224225	0.069	0.079	1	GTF2IRD2B	c12
0.333846738600028	0.133994154500522	0.111	0.105	1	ING2	c12
0.458087152348222	0.133874276366003	0.023	0.021	1	AL590764.1	c12
0.187235873320404	-0.133846079550218	0.238	0.247	1	KIF3A	c12
0.49328779908815	-0.13379946105678	0.105	0.11	1	MON2	c12
0.0641438378139451	0.133737625606557	0.133	0.119	1	C12orf49	c12
0.000122375103653862	0.133732220304883	0.531	0.481	1	RNF213	c12
0.0154179467248758	0.133713171932132	0.426	0.396	1	SERPINB9	c12
0.00772117542709336	-0.133619065734155	0.496	0.52	1	CAPZA1	c12
0.134371616546208	-0.133580145769054	0.082	0.092	1	APC	c12
2.38792728122233e-07	-0.133551885328806	0.897	0.913	0.00800863051576346	PTPRC	c12
8.52929875243874e-05	-0.133487422087116	0.71	0.735	1	TAP1	c12
0.212462727073867	0.133451121746993	0.122	0.112	1	SLC2A1	c12
0.162783381172132	0.133342087262939	0.127	0.117	1	MCPH1	c12
0.841988939912527	0.133265202308313	0.066	0.065	1	SMG9	c12
0.0148679366370345	-0.133224724002652	0.474	0.489	1	NDUFB9	c12
0.000991421580652195	0.133172187534801	0.479	0.438	1	SH3KBP1	c12
0.0336102974223662	0.133047714831914	0.432	0.407	1	RTN4	c12
0.163278158410938	-0.133027768371972	0.115	0.126	1	HPS6	c12
0.340928885841961	-0.133005368220951	0.215	0.222	1	DOCK8	c12
0.238908123910907	-0.133000371896671	0.132	0.141	1	NAPG	c12
0.284418361982845	-0.132978155621566	0.106	0.114	1	CGRRF1	c12
0.677735967997388	-0.132975627286278	0.164	0.166	1	PIAS4	c12
0.508904666028407	-0.132927310986831	0.059	0.062	1	TESK1	c12
0.0978922612327021	0.132832661753657	0.142	0.129	1	GLMN	c12
1.74949569931804e-06	-0.132810563897467	0.834	0.826	0.0586745867637284	SNRPD2	c12
0.326786288506782	-0.132776563349596	0.195	0.202	1	CRLF3	c12
0.303245212017658	-0.132775461552948	0.124	0.131	1	PKN2	c12
0.248913312949792	0.132731645549875	0.13	0.122	1	NUBP1	c12
0.865464462029475	0.132681847499434	0.06	0.06	1	HECTD4	c12
0.409598282631847	-0.132680546802894	0.021	0.024	1	PRIMPOL	c12
0.249524874541608	-0.132601352004522	0.109	0.118	1	CUL2	c12
0.181213331409601	-0.132545243411691	0.179	0.191	1	CSNK2B	c12
0.978467609971312	0.132470000653521	0.033	0.033	1	CCDC77	c12
0.0261150296243952	-0.132353623607731	0.272	0.297	1	ZNHIT1	c12
0.215499772032381	0.132353313569318	0.062	0.055	1	SLC39A9	c12
0.0983242981065772	-0.132275261710334	0.367	0.379	1	RBM42	c12
5.00518944657856e-07	-0.132251583505827	0.873	0.896	0.0167864043659352	CALM2	c12
0.453500875330793	0.132240713337877	0.034	0.031	1	TMEM161A	c12
0.460879758939097	-0.132201126393666	0.189	0.194	1	NBR1	c12
0.0960868932519469	0.132146442729086	0.11	0.099	1	RNF111	c12
0.0440535994728609	-0.132109406362379	0.205	0.227	1	AASDHPPT	c12
0.376449333397557	-0.132094368948832	0.049	0.053	1	ZNF568	c12
0.206856829865162	-0.132086788167844	0.427	0.429	1	NFKB1	c12
0.0931656599283443	0.132080466975209	0.101	0.089	1	ZBTB20	c12
0.361411246995234	-0.132047777324731	0.106	0.113	1	BOD1	c12
0.521692301399522	0.132035579314158	0.042	0.039	1	LPP	c12
0.178074415644391	-0.132025316161436	0.075	0.084	1	LYRM4	c12
0.0162346021441869	0.132016636163282	0.323	0.297	1	IKZF1	c12
0.297686236430679	-0.131965469059875	0.213	0.222	1	CHTOP	c12
0.496868623431679	-0.131879821641231	0.092	0.096	1	YARS2	c12
0.0373622440886824	-0.131871597940003	0.215	0.236	1	PEX16	c12
0.232230774163744	0.131780621603038	0.112	0.104	1	WDR59	c12
0.49505081164743	0.131743157428718	0.053	0.049	1	MOV10	c12
0.411139792515585	-0.131722505752864	0.059	0.064	1	TSTD2	c12
0.211565579574148	0.131716360004905	0.067	0.06	1	HLA-G	c12
0.00152880147561475	0.131686548073492	0.648	0.614	1	WDR1	c12
0.0320237645098852	0.131646406394766	0.214	0.193	1	CDK9	c12
0.472391477132952	-0.131636199846961	0.019	0.022	1	SGO2	c12
0.331011093717412	-0.131571071458447	0.033	0.037	1	KLHL42	c12
0.204894996472155	0.13152466141408	0.189	0.179	1	GET4	c12
0.649925224347622	-0.131509890029235	0.046	0.049	1	MMD	c12
0.0641952738817588	0.131240430351722	0.126	0.111	1	ADGRG1	c12
0.00261388695966655	0.131226972130431	0.332	0.296	1	CNOT1	c12
0.203965927209628	0.131093067231109	0.072	0.065	1	NOM1	c12
0.29522652355803	-0.131061405338714	0.069	0.076	1	TMEM185A	c12
0.022535125296064	0.131019472813804	0.289	0.267	1	MRPL36	c12
0.124754213759271	0.130968775044603	0.136	0.124	1	LMNB2	c12
0.235399477707745	-0.130916358439127	0.122	0.131	1	MAPK8	c12
0.546916357404625	0.130904618115165	0.065	0.062	1	CHD7	c12
0.0327362751676863	0.130810772650408	0.213	0.193	1	ZMYM5	c12
0.418175054085005	-0.13080226825055	0.017	0.019	1	PATJ	c12
0.122114603245604	-0.130802002650329	0.106	0.118	1	RHNO1	c12
0.028619430349075	-0.130752887100457	0.369	0.394	1	PPP1CC	c12
0.0820385905375216	-0.130625818080383	0.203	0.22	1	MRPL32	c12
0.451961805493253	0.130612932214356	0.05	0.046	1	PGPEP1	c12
0.880160329150421	0.130563481519494	0.033	0.032	1	GCA	c12
0.033919409268359	0.130554859973929	0.246	0.226	1	RBCK1	c12
0.378809816670229	0.130538857317723	0.153	0.147	1	STAMBP	c12
0.285566819662161	0.130526884075605	0.107	0.1	1	RBM12	c12
0.0108762574527259	-0.130449985113871	0.486	0.504	1	UXT	c12
0.177249078589487	-0.130405571602844	0.032	0.038	1	ZMYND8	c12
0.0524422829578039	0.130374667533945	0.303	0.286	1	SHOC2	c12
0.270341612687282	-0.130359585653675	0.19	0.199	1	RNF187	c12
0.621995944536141	-0.130347156811793	0.013	0.014	1	TIGD1	c12
0.0221984661252682	0.130335206962728	0.295	0.271	1	GLS	c12
0.159678005942434	-0.130319230008265	0.187	0.2	1	VTA1	c12
0.997377037346728	-0.130292139760586	0.025	0.024	1	MAST3	c12
0.0859689397348597	-0.130288147462823	0.067	0.078	1	SP1	c12
0.11660158089308	0.130119039025464	0.369	0.355	1	MMADHC	c12
0.0534280222957915	0.130101823110904	0.096	0.083	1	MIR22HG	c12
0.0805325911980549	-0.130016018865985	0.142	0.158	1	CREB1	c12
0.0836758365811978	0.130012402316078	0.203	0.188	1	C5orf24	c12
0.0588964230138947	0.129959597793478	0.138	0.123	1	TTN	c12
0.00658758383075365	-0.129954165840195	0.559	0.57	1	SURF4	c12
0.151842950632287	-0.129923641414774	0.328	0.339	1	U2SURP	c12
0.246188579200357	0.129910679913785	0.05	0.044	1	SLC15A4	c12
0.130134270963194	0.129880289755621	0.123	0.111	1	UBALD2	c12
0.879881912647506	0.129851082881767	0.035	0.035	1	ZC3H12C	c12
0.645138116431972	-0.129779233395101	0.071	0.074	1	SUN1	c12
0.198720799948407	-0.129770073154967	0.154	0.165	1	GNPTG	c12
0.792347076994758	0.129744228544987	0.016	0.015	1	TSPAN32	c12
0.008416618908299	0.129689362474608	0.233	0.207	1	COX19	c12
0.0948570346150217	-0.129610744002345	0.185	0.201	1	PES1	c12
0.308173271645762	-0.129575215233339	0.092	0.099	1	ZNF639	c12
0.366743258964769	0.129545932898423	0.048	0.044	1	SRRD	c12
0.0659794957339292	-0.129539396364084	0.405	0.42	1	MRFAP1	c12
0.199501542822695	0.129528408013269	0.206	0.197	1	RANBP3	c12
0.0514600006693421	-0.129498953644637	0.382	0.395	1	SLC2A3	c12
5.62908988753913e-21	-0.129469543645071	0.998	0.998	1.88788416648287e-16	RPL18	c12
0.49020853476293	-0.129465984585002	0.023	0.026	1	PPP1R12B	c12
0.885098652143857	-0.129406570082219	0.029	0.029	1	DBNDD2	c12
0.105868823663729	-0.129389000438951	0.02	0.026	1	SFXN2	c12
0.448256719643911	-0.129375903601695	0.099	0.104	1	RLIM	c12
0.677243117043872	-0.129316539461733	0.057	0.059	1	MTMR12	c12
0.373918160495174	-0.129305940773384	0.038	0.042	1	AL117339.5	c12
0.120657223736447	-0.129287927805834	0.159	0.172	1	PSMA3-AS1	c12
0.845683106846683	-0.129212493216235	0.01	0.01	1	CLDN15	c12
0.125149561169345	0.129171127660021	0.148	0.136	1	MTA2	c12
0.235831204287377	0.129153985039944	0.221	0.213	1	UBQLN1	c12
0.536391995201053	-0.129120547774391	0.031	0.034	1	SRGAP2	c12
0.976215630119241	-0.129120179475696	0.073	0.072	1	CTC1	c12
0.257525416630365	-0.129078854867458	0.107	0.116	1	CLIP1	c12
0.280845942136915	0.129025605774587	0.207	0.198	1	ACAT2	c12
0.104278855343029	-0.129002405287681	0.156	0.171	1	CHURC1	c12
0.126587279967718	0.129001910571422	0.18	0.168	1	SMAD2	c12
0.990170173849215	-0.128864159101302	0.028	0.028	1	RARG	c12
0.347204084075901	0.128846003663499	0.058	0.053	1	DLGAP1-AS1	c12
0.18990047293497	0.128832616164797	0.162	0.152	1	MPLKIP	c12
0.0634707625124697	0.128831408484843	0.418	0.396	1	ARID5B	c12
0.389680368184357	-0.128825681126492	0.042	0.046	1	ESRRA	c12
0.447988840813853	-0.128756812945277	0.05	0.054	1	KTI12	c12
0.00753608039663712	0.128756481902754	0.358	0.327	1	EHD1	c12
0.00941310260712264	0.128739866952972	0.463	0.43	1	CYLD	c12
0.573083850087865	0.128739804086166	0.014	0.016	1	DNASE1L1	c12
0.232930228328159	0.128714198601811	0.067	0.06	1	CEP68	c12
0.201908256196958	-0.1286341403481	0.135	0.146	1	MAPKAPK5	c12
0.561241030010707	-0.128562921619374	0.058	0.061	1	ATG4A	c12
0.361850996470115	0.128561281423156	0.049	0.045	1	PIGL	c12
0.00693875546909938	-0.12853780291404	0.456	0.486	1	WASF2	c12
0.674623766563231	-0.128490849155178	0.112	0.115	1	RAD1	c12
0.193406141912102	-0.128447853983137	0.083	0.092	1	SCRN2	c12
8.37679450532067e-20	-0.128442602158653	0.996	0.996	2.80940934119445e-15	RPL29	c12
0.00642769639334657	0.128403684876383	0.356	0.326	1	FDX1	c12
0.928039816353466	0.128382654405925	0.01	0.009	1	CPLANE2	c12
0.284099340631244	-0.128355268492992	0.099	0.107	1	SLC30A9	c12
0.919055249901757	0.128347755027073	0.011	0.011	1	FBXO41	c12
0.0414571322784113	-0.128306757147807	0.407	0.424	1	HP1BP3	c12
0.241510804122834	0.128302363940588	0.163	0.154	1	UTP11	c12
0.0674932776672039	-0.128176828489472	0.143	0.16	1	TADA3	c12
0.543348692499096	0.128139601041946	0.062	0.058	1	STK38L	c12
3.13187949573536e-22	-0.128090054096612	0.999	0.999	1.05036974527972e-17	RPL18A	c12
0.398474868894249	0.128066447334003	0.043	0.047	1	ANKS1B	c12
0.294727365384542	-0.128029891496209	0.382	0.385	1	EAPP	c12
0.553718929342408	0.127966925107822	0.056	0.053	1	KLHL5	c12
0.00990266100372999	0.127960529445071	0.395	0.363	1	SMC3	c12
0.330943869275332	-0.127913619536262	0.154	0.161	1	SDHD	c12
0.170540455165223	-0.127846803958663	0.024	0.03	1	SLC8B1	c12
0.97251724585266	-0.127808117133589	0.011	0.011	1	NAIP	c12
0.187275559574131	-0.127790796563909	0.112	0.123	1	RRP8	c12
0.493529457904069	-0.127561553075229	0.088	0.093	1	APOPT1	c12
0.00885207865240943	0.127512540414224	0.356	0.327	1	PNN	c12
0.473845935648285	-0.127451418704213	0.031	0.035	1	ATP2B1-AS1	c12
0.185749222398917	-0.127446782973962	0.096	0.106	1	METTL14	c12
0.234303784540141	0.127414876228955	0.115	0.107	1	MAP4K4	c12
0.583227045035606	-0.127336933204606	0.098	0.102	1	EBAG9	c12
0.0812258475031032	-0.127288950568575	0.282	0.298	1	NDUFB1	c12
0.00247086410019369	0.127156488826195	0.427	0.391	1	RAB14	c12
0.0654795537998136	-0.127075103732006	0.391	0.41	1	STARD7	c12
0.057047001185382	-0.126965888899428	0.241	0.26	1	MRPL10	c12
0.113699776479235	-0.126933493134364	0.028	0.035	1	PHLDB3	c12
0.541348087363931	-0.126879091099282	0.05	0.053	1	CTSZ	c12
0.816384751445457	0.126780963902175	0.031	0.033	1	MAP2K5	c12
0.828770640249102	-0.126770067232728	0.017	0.017	1	VCL	c12
0.00623262141231316	0.126698205393282	0.283	0.253	1	NXT1	c12
0.262161578107538	-0.126695808831249	0.38	0.379	1	SNHG12	c12
0.260458665969191	-0.126691240282603	0.007	0.01	1	CFAP57	c12
0.316220073526561	-0.126585933861957	0.087	0.094	1	GFOD2	c12
0.00583894761497413	0.126577112575623	0.542	0.511	1	KRAS	c12
0.261215980889547	-0.126531098409751	0.06	0.066	1	ORC2	c12
0.00392957729748073	0.126488880533749	0.219	0.191	1	FAM110A	c12
0.0348597785747044	-0.126483726582632	0.128	0.147	1	BORCS5	c12
0.0672520584047623	-0.126443178500523	0.246	0.264	1	TMED4	c12
0.72196997719846	-0.126424359648777	0.071	0.073	1	NRDE2	c12
0.615940907075676	0.1264230675684	0.01	0.009	1	SETBP1	c12
0.57799102192734	-0.126345827894478	0.032	0.034	1	PLXNA3	c12
0.0719576882164151	-0.126337781226747	0.352	0.368	1	UBA2	c12
0.408418906327813	-0.126187989567366	0.069	0.074	1	METTL16	c12
0.042642295017908	-0.126094936334752	0.322	0.345	1	GID8	c12
0.145290409839393	-0.126068082781244	0.308	0.319	1	USP14	c12
0.44727183155498	-0.125995088513709	0.026	0.029	1	CRAT	c12
0.0129811469941354	-0.125872495050291	0.394	0.42	1	NDUFS6	c12
0.10909012177607	-0.125854499786797	0.094	0.107	1	YIPF2	c12
0.198846743179611	-0.125800764482544	0.083	0.092	1	COP1	c12
0.760586867434055	-0.125737273548893	0.12	0.118	1	GK	c12
0.521403569423943	-0.125700519574234	0.046	0.049	1	RPE	c12
0.00359422719790084	0.125661571229754	0.42	0.386	1	PPP2CA	c12
0.000287475554091939	0.125621685768067	0.519	0.478	1	AC016831.7	c12
0.0623098477556813	-0.125613813067124	0.351	0.369	1	DGUOK	c12
0.422793120690456	-0.125583095639794	0.038	0.042	1	WDR3	c12
0.0204781852962631	-0.125555889721396	0.82	0.805	1	NR3C1	c12
0.0495374591302872	-0.125548109575531	0.416	0.43	1	POLR2E	c12
0.000205044627242722	-0.125507639995352	0.561	0.598	1	TNIP1	c12
0.637504014475023	0.125429102460958	0.035	0.033	1	TMEM67	c12
0.398515866158426	-0.125423730727348	0.14	0.147	1	GMPS	c12
0.0173029673831083	-0.125382471102369	0.339	0.364	1	ZNRD1	c12
0.000940016471465763	-0.125277407077779	0.689	0.697	1	SNRPB	c12
0.0208522151815828	0.125193602434859	0.193	0.172	1	ATP11B	c12
0.183732487292916	-0.125160152335751	0.214	0.226	1	MBD4	c12
0.750707164534948	0.125120356331663	0.029	0.03	1	MASTL	c12
0.964042015765879	-0.125100894268428	0.016	0.016	1	CYB561D2.1	c12
0.169416559272442	0.125099026058347	0.297	0.286	1	RBM22	c12
0.239909340093023	-0.125065724366298	0.174	0.185	1	SNAPIN	c12
0.062188920878682	-0.124992269630153	0.183	0.202	1	MAEA	c12
0.180394001863529	-0.124929234350122	0.172	0.185	1	KPNA3	c12
0.283982906095975	-0.124843197952242	0.062	0.069	1	UQCC3	c12
0.340142973263109	-0.124825726311917	0.152	0.159	1	DPP8	c12
0.513647494520765	-0.124799664094441	0.196	0.199	1	CDC37L1	c12
0.0129718105940101	0.124766260619164	0.38	0.355	1	CHD4	c12
0.123014527770947	-0.12469115528496	0.042	0.05	1	HIP1R	c12
0.159080926503175	-0.124623568661907	0.549	0.545	1	LITAF	c12
8.46122489620568e-22	-0.124598265244514	0.998	0.999	2.83772560568946e-17	RPL35A	c12
0.0644543510454257	-0.124543339612686	0.07	0.082	1	RMDN1	c12
0.716537989628132	-0.124523969181691	0.08	0.082	1	UBE2M	c12
0.147337851321635	-0.124500531239208	0.341	0.355	1	C14orf119	c12
0.630624323109086	-0.12441061838042	0.09	0.093	1	SPRTN	c12
0.919812132500727	-0.124364541379729	0.052	0.052	1	NUP35	c12
0.266190258487559	0.12432092706525	0.067	0.06	1	AMIGO2	c12
0.397047249145563	-0.124298407935561	0.088	0.094	1	CHUK	c12
0.929229509340467	-0.124286594978773	0.014	0.014	1	C3orf62	c12
0.586720872766564	-0.124277141385685	0.031	0.033	1	HEXDC	c12
0.0541730992676117	-0.124264181043873	0.397	0.415	1	DPP7	c12
0.216201395254803	-0.124261333106149	0.045	0.052	1	JAK2	c12
0.171188480266278	-0.124218664524311	0.007	0.011	1	INO80B	c12
0.986559847356631	-0.124180298670572	0.04	0.04	1	BMPR1A	c12
0.36967208995364	-0.124164717606813	0.016	0.019	1	CAPRIN2	c12
0.781720998000987	-0.124079972948595	0.127	0.124	1	HECA	c12
0.163496693395777	0.124026603058703	0.245	0.234	1	OGT	c12
0.48811514980423	0.124023703683941	0.076	0.072	1	RNF169	c12
0.000496597528925963	0.124009810736159	0.207	0.174	1	ACP5	c12
0.746416274661468	-0.123958296039857	0.082	0.084	1	USP18	c12
0.00709026553187844	0.123908538796882	0.397	0.364	1	MFSD10	c12
0.134362579987313	0.123887102516379	0.096	0.087	1	ATF6	c12
0.0831754116808822	0.123672952690883	0.146	0.132	1	ZRSR2	c12
0.201219236695681	-0.123667373955092	0.166	0.178	1	GIT2	c12
0.22734961571743	-0.123645617576546	0.092	0.1	1	GPN3	c12
0.0359749502662238	0.123643417257912	0.656	0.619	1	RARRES3	c12
0.302720309122344	-0.123550724489881	0.016	0.019	1	TARBP1	c12
5.74705184795099e-15	-0.123514561551518	0.994	0.995	1.9274462487658e-10	RPL6	c12
0.136610434890325	-0.123460985102767	0.159	0.172	1	GFER	c12
0.416013577042647	0.123457267826732	0.098	0.093	1	EFL1	c12
0.819993330611945	0.123448271610519	0.013	0.012	1	SH3D21	c12
0.151390191307384	-0.123443379414069	0.156	0.168	1	STARD3NL	c12
0.0246329604637141	-0.12342821260173	0.461	0.484	1	PPIG	c12
0.0911840552486984	0.123421924840497	0.225	0.21	1	COL4A3BP	c12
0.840292002985267	0.123343618996941	0.064	0.063	1	ZBED5	c12
0.00138757449671637	0.123297691200892	0.496	0.453	1	RNF7	c12
0.023687746644933	0.123280194024397	0.278	0.254	1	KRR1	c12
0.276712728017787	-0.123277888007493	0.064	0.071	1	CHPF	c12
0.36279367904295	-0.123269420127345	0.066	0.071	1	PLSCR3	c12
0.440368652589843	-0.123233777218156	0.097	0.103	1	ZFYVE21	c12
0.0597099114469242	0.123208194889329	0.111	0.098	1	MTMR9	c12
0.0357492381797696	-0.123174673652114	0.146	0.166	1	CLINT1	c12
0.261230560086684	-0.123150318695188	0.083	0.091	1	HIF1AN	c12
0.118144892498806	0.123028163727473	0.222	0.208	1	ATP5MC1	c12
0.168732398573696	-0.122994474178436	0.102	0.112	1	LTV1	c12
0.0694395823640527	-0.122943388184258	0.263	0.283	1	PMPCB	c12
0.661680153292724	-0.122874620223352	0.071	0.073	1	ATG16L1	c12
0.355187816351482	-0.122862856003588	0.068	0.073	1	POP5	c12
0.776329683288353	0.122818338606022	0.051	0.053	1	RFWD3	c12
0.0048263728181149	0.122808161148881	0.289	0.26	1	NIN	c12
0.00277543375260765	-0.122798512232655	0.681	0.69	1	GNAS	c12
0.202332073113121	0.122774843380382	0.118	0.109	1	TTC33	c12
0.443137537053304	-0.122747270301917	0.054	0.059	1	FOXJ2	c12
0.0902621255591154	-0.122654395939719	0.018	0.024	1	PCBD2	c12
0.47426429367768	-0.12250681506167	0.042	0.045	1	SMPD2	c12
0.230729543881298	-0.122464493841344	0.177	0.188	1	SNX2	c12
0.185400944947327	-0.122435604940939	0.163	0.175	1	SPNS1	c12
0.176186736171634	-0.122401599790314	0.063	0.071	1	CETN2	c12
0.0870537859729677	0.122361136909931	0.352	0.333	1	USP16	c12
0.066767254545099	-0.122359015654509	0.162	0.179	1	TCIRG1	c12
0.900997900595215	-0.12217823451159	0.014	0.013	1	ZNF470	c12
2.06138423718457e-10	-0.12215971241062	0.969	0.976	6.91347045466961e-06	MYL6	c12
0.258031791374253	-0.122151196812671	0.058	0.064	1	GALC	c12
0.880170702424776	0.122082507037535	0.013	0.012	1	TRAV22	c12
0.313958896764684	0.122069107756143	0.086	0.08	1	C18orf25	c12
0.531991920414038	0.12205137454926	0.66	0.652	1	PPP1R2	c12
0.274542921147527	-0.122046919568998	0.03	0.035	1	FDX2	c12
8.21085668185501e-11	-0.122009159662857	0.996	0.997	2.75375711396053e-06	RPS3A	c12
0.514385039474943	-0.121956069853581	0.049	0.052	1	TPMT	c12
0.762711286736811	0.121923828646358	0.01	0.01	1	C15orf41	c12
0.490808613149147	-0.121892535793115	0.041	0.044	1	ADCK2	c12
0.000184300867542909	0.121871842538737	0.588	0.547	1	SERINC1	c12
0.111284432107787	0.12183429904984	0.065	0.056	1	ZNF778	c12
0.223704063852338	-0.121796303127901	0.292	0.301	1	UFD1	c12
0.433769666284288	0.121759592492399	0.089	0.084	1	RNGTT	c12
0.405784130428362	-0.121692615938045	0.017	0.019	1	TEX2	c12
0.0255907543507812	-0.121641843909236	0.373	0.395	1	YIPF3	c12
0.115662635872826	-0.121617114479615	0.178	0.193	1	IDH3B	c12
0.756009984969075	0.121583068363216	0.026	0.024	1	MAPK8IP1	c12
0.420742114378056	-0.12157859046175	0.167	0.174	1	TMEM115	c12
0.210991767945444	-0.121539417327762	0.02	0.024	1	MYB	c12
0.00105697552511686	0.121535847923926	0.522	0.477	1	GMFG	c12
0.921846876143661	-0.12150732760857	0.026	0.026	1	TRBV4-2	c12
0.201377674715627	-0.12147940220888	0.164	0.175	1	ISG20L2	c12
0.342115695926794	0.121468103205168	0.062	0.057	1	TRIB3	c12
0.720045182749474	-0.121454564106611	0.033	0.035	1	KIF3C	c12
0.0883109913806443	-0.121451847499925	0.133	0.149	1	TAF12	c12
0.506382242030184	-0.121375848896786	0.02	0.023	1	SLFN13	c12
0.963828181767699	0.121373709273522	0.041	0.041	1	NME1	c12
0.156500596340163	-0.121327480706071	0.106	0.117	1	ANKRD27	c12
0.0660033675382588	-0.12124756683762	0.297	0.317	1	FAM32A	c12
0.238864165547888	-0.121209908219712	0.096	0.105	1	RNPC3	c12
0.137153501914745	-0.121150710263685	0.385	0.392	1	PSMB4	c12
0.327334260607018	-0.121143323770957	0.086	0.093	1	CNEP1R1	c12
0.224260738092832	-0.121098927565878	0.256	0.268	1	CHRAC1	c12
0.616871725584004	0.121024808445234	0.172	0.168	1	UAP1	c12
0.180604233424383	0.120910544298273	0.131	0.12	1	SMG5	c12
0.158899114121409	-0.120898434092527	0.153	0.166	1	USP9X	c12
0.0863014965146237	-0.120856017702328	0.06	0.071	1	MPHOSPH9	c12
0.445759105502615	0.120823766483372	0.103	0.099	1	ZDHHC24	c12
0.592424527102549	0.120680650608027	0.024	0.022	1	KLRC1	c12
0.938333690626335	-0.120578759641796	0.075	0.075	1	HTT	c12
0.278778516036604	0.120523799519536	0.058	0.052	1	CYP2R1	c12
4.32561881164839e-07	-0.120497443423526	0.881	0.901	0.0145072603705064	ARPC2	c12
0.000114221552320343	0.120488808055063	0.836	0.783	1	PSME1	c12
0.125021976171942	0.120466012368086	0.165	0.153	1	RNF139	c12
0.0340465529616698	0.120361161592086	0.353	0.331	1	SPPL2A	c12
0.309763780916115	-0.120357118680253	0.054	0.06	1	EPM2AIP1	c12
0.0360023882219163	-0.120350460668196	0.235	0.257	1	OLA1	c12
0.630529178460977	-0.120261750719977	0.087	0.09	1	NOTCH1	c12
0.162943819171972	0.120258725378205	0.197	0.186	1	ABHD14B	c12
0.355800771420101	-0.120223712051791	0.084	0.09	1	TMEM189	c12
0.184946122639256	-0.120218750481213	0.091	0.101	1	OXLD1	c12
0.113289821486044	-0.120121012442445	0.059	0.069	1	NBAS	c12
0.402533953817743	-0.120115308450417	0.144	0.151	1	MRPL2	c12
0.220023201278435	-0.120024883353341	0.129	0.14	1	AAGAB	c12
0.111030770347038	0.119901790541032	0.229	0.215	1	TMEM256	c12
0.778887356513216	0.119894635410731	0.055	0.054	1	TBC1D22B	c12
0.146500990468627	-0.119890890335411	0.067	0.076	1	RPUSD4	c12
0.843477906905936	-0.119886811238303	0.056	0.057	1	ZNF586	c12
0.164469772910736	-0.119781236822767	0.435	0.441	1	UBE2L6	c12
0.624015449670158	-0.11976171461603	0.018	0.02	1	ELAC1	c12
0.0766648545869963	-0.119741096719065	0.189	0.206	1	MIA3	c12
0.757105306078522	-0.119739919627728	0.068	0.07	1	MRPS28	c12
0.0233140866690826	0.119621372274897	0.262	0.24	1	CHMP5	c12
0.685425143941701	0.119620251435068	0.027	0.026	1	KCNK12	c12
0.983225336002153	0.119581438874078	0.011	0.011	1	PPM1F	c12
0.273816543496726	0.119520071902754	0.127	0.119	1	EIF2B2	c12
0.520725451573979	0.119423434751133	0.01	0.009	1	CCDC122	c12
2.57551343607424e-12	-0.119141954341061	0.994	0.991	8.6377569619058e-08	RPS6	c12
0.0235003782002496	0.119119090379015	0.365	0.34	1	RB1CC1	c12
0.108009971967504	-0.119115327474301	0.174	0.19	1	NRDC	c12
0.0485220003945691	-0.119068459658494	0.096	0.112	1	LZIC	c12
0.479370796737028	-0.119058218341689	0.01	0.011	1	PCCA	c12
0.0596331433435687	-0.119036891337854	0.323	0.342	1	MRFAP1L1	c12
0.560117552762882	-0.119028712436777	0.135	0.139	1	JOSD2	c12
0.162502649058882	0.11902430996851	0.029	0.024	1	STARD9	c12
0.138469002220749	0.119023377117814	0.14	0.128	1	DCAF12	c12
0.032719488321978	0.118969374324588	0.186	0.167	1	TRPS1	c12
0.198057964459229	-0.118964065902109	0.074	0.083	1	CHRNB1	c12
0.57716756443801	-0.118951142785461	0.206	0.209	1	TIMM10	c12
0.458691945934155	-0.118934245775858	0.014	0.016	1	FBXO10	c12
0.263351187816533	-0.118850458015703	0.045	0.051	1	SLC39A13	c12
0.109817924101888	-0.118837391074101	0.159	0.173	1	NSD1	c12
0.721565600538908	-0.118830206980627	0.028	0.029	1	GPR35	c12
0.200089934340455	-0.118825400467881	0.158	0.17	1	DNAJC4	c12
0.161649036230406	-0.118806361733481	0.195	0.207	1	CPSF7	c12
0.111074268682653	0.118728767211877	0.15	0.137	1	PYHIN1	c12
0.296805742631738	-0.11867504852482	0.13	0.138	1	BTBD1	c12
0.518433537714888	-0.118634106020059	0.09	0.094	1	SLC9A8	c12
0.0825607776201096	-0.11859775001154	0.182	0.199	1	STRIP1	c12
0.114222686996294	0.118548528734022	0.137	0.125	1	CEP85L	c12
0.0121642951294537	-0.118541394318738	0.609	0.631	1	MRPS6	c12
0.268534803551317	-0.118535226067473	0.165	0.175	1	METTL23	c12
0.685433623784153	0.118490484243558	0.013	0.012	1	NLK	c12
0.0844514314376251	-0.118487338066618	0.267	0.285	1	AAK1	c12
0.181667554057334	0.118446051760706	0.076	0.068	1	COPRS	c12
0.00181204187339322	-0.118438988509043	0.54	0.562	1	GHITM	c12
4.33039324073327e-10	-0.118401500826336	0.975	0.979	1.45232728507712e-05	EEF1D	c12
0.390604404875039	-0.118228398854934	0.049	0.054	1	PARP10	c12
0.732867671507731	0.118226997175741	0.087	0.085	1	NCK2	c12
0.343284564075338	-0.118224841367199	0.155	0.163	1	WDR45	c12
0.214089531037965	-0.118165941318574	0.054	0.061	1	COG4	c12
0.662232224636823	-0.118092971590792	0.035	0.037	1	ZNF496	c12
0.124950689458539	0.118055646362077	0.19	0.177	1	DESI2	c12
0.348117931997146	-0.118052665583061	0.034	0.038	1	ZNF614	c12
0.0222203418705539	0.1179501040544	0.144	0.126	1	SCAF8	c12
0.0452999856341368	0.11793178757185	0.217	0.199	1	SAMD9	c12
0.0646067614701916	-0.117876270552267	0.221	0.242	1	PSMD3	c12
0.828890842604259	-0.117843217340838	0.012	0.012	1	ABCC4	c12
0.462193874725686	-0.117762939393249	0.055	0.06	1	BSCL2	c12
0.121055882625617	-0.117756419514375	0.1	0.112	1	AIMP2	c12
0.434249828987581	-0.117682197570575	0.039	0.043	1	FECH	c12
0.118706778470149	-0.117596901632616	0.45	0.457	1	NASP	c12
0.508195614560701	-0.117572356992081	0.044	0.047	1	ZNHIT6	c12
0.089895911902845	-0.11755044100589	0.332	0.348	1	SUMO3	c12
0.156662500026815	-0.117541581409276	0.077	0.087	1	ICE2	c12
0.57660489071345	0.117528230695324	0.049	0.046	1	ALKBH1	c12
0.313038119165227	-0.117509237979699	0.221	0.23	1	ZNF581	c12
0.0460814589710199	0.117506655752007	0.158	0.142	1	C1GALT1	c12
0.278440352703589	-0.117495101948241	0.163	0.172	1	SLC25A24	c12
0.880990209085349	0.117395871296373	0.011	0.011	1	FANCB	c12
0.437798440469186	-0.117344118483943	0.156	0.162	1	PCMTD1	c12
0.155320326702545	0.1173399642285	0.139	0.129	1	DCAF6	c12
0.037242028939818	0.11728134076451	0.11	0.096	1	ADAM19	c12
0.0161002136841095	-0.117135985900052	0.45	0.467	1	PSMC4	c12
0.943376332693653	-0.117113129262675	0.225	0.221	1	GPR25	c12
0.386854332914138	-0.116978881219884	0.168	0.175	1	SARNP	c12
0.117451955716835	-0.116944585315834	0.112	0.125	1	HARS2	c12
0.189970660161557	0.116939834322245	0.17	0.159	1	IFT20	c12
0.628524549862381	0.116926398337727	0.026	0.024	1	AL136454.1	c12
0.418505298759445	-0.116906646252431	0.035	0.038	1	ZNF45	c12
0.362527018425018	0.116814689554588	0.087	0.082	1	MLH1	c12
0.0949272316200732	-0.1167607623423	0.231	0.249	1	TGOLN2	c12
0.404343039961601	-0.116748991676801	0.083	0.088	1	PCGF1	c12
2.49358510145101e-05	-0.116693947367772	0.837	0.844	0.836298571324639	OST4	c12
0.519367221384935	0.116603322633731	0.018	0.016	1	MBNL3	c12
0.146770524446166	-0.116538875969565	0.128	0.141	1	BLMH	c12
0.022494959432889	0.11644281743089	0.295	0.27	1	DCP1A	c12
0.255388894844613	-0.116418954176481	0.194	0.203	1	TTC17	c12
0.128018538749962	-0.116360373787103	0.4	0.414	1	PRPF38B	c12
0.00027190272125055	-0.116293884166662	0.715	0.739	1	MORF4L1	c12
0.141981871736894	-0.116261990214754	0.217	0.231	1	NEMF	c12
0.372026491848363	-0.116253963047428	0.094	0.101	1	ZFAND1	c12
0.0582406278363604	-0.116224447063304	0.302	0.321	1	COX7A2L	c12
0.703696882618404	-0.116216796125383	0.083	0.085	1	MED6	c12
0.109520721266484	-0.116174922058316	0.033	0.041	1	AREG	c12
0.422578980305898	-0.116160995711474	0.041	0.045	1	GSR	c12
0.384950834731985	-0.116160685616527	0.154	0.161	1	RPS6KB1	c12
0.184356593994113	-0.116158622106143	0.034	0.04	1	ZNF184	c12
0.679949743084644	0.116022594790656	0.013	0.012	1	LRP8	c12
0.216228025314603	-0.11600712979592	0.059	0.066	1	TMEM159	c12
0.975350375102717	0.115770795461372	0.014	0.015	1	C14orf93	c12
0.689566939317847	0.115714009006406	0.085	0.083	1	WAC-AS1	c12
0.0546663575291661	-0.11569754682474	0.285	0.305	1	RALBP1	c12
0.0904622191137845	-0.115658219954736	0.567	0.572	1	RAB5IF	c12
0.309941038666101	-0.115647895551547	0.16	0.168	1	DDX23	c12
0.00175887415876118	-0.115646971111261	0.699	0.714	1	C12orf57	c12
0.256405641168783	-0.115626448851219	0.173	0.183	1	LNPEP	c12
0.178509632359731	-0.115586367697633	0.096	0.107	1	KYAT3	c12
0.500011249267132	-0.115522747789864	0.054	0.058	1	MED9	c12
0.574870490430376	-0.115514788518196	0.077	0.08	1	PPIL2	c12
0.310029326072269	-0.115454502214133	0.104	0.112	1	KLC2	c12
0.261402479997591	-0.115416661309898	0.217	0.227	1	HECTD1	c12
0.00382358001527731	-0.115357996528642	0.781	0.805	1	SLC3A2	c12
0.248244702194382	-0.115344878799381	0.154	0.164	1	FBXO21	c12
0.996370468783337	-0.115327531928629	0.019	0.019	1	U2AF1L5	c12
0.723310572727215	-0.115308830375042	0.168	0.17	1	CDCA4	c12
0.0987014933906266	-0.115300731797097	0.062	0.072	1	DHRSX	c12
0.505726264722612	-0.115248061935449	0.175	0.179	1	IRF3	c12
0.142180755055844	-0.115161461530666	0.438	0.444	1	LMAN2	c12
0.586973091240068	-0.115124521135602	0.041	0.044	1	ZNF518B	c12
0.404804045582094	0.115081999265234	0.045	0.041	1	KLRC4-KLRK1	c12
0.191056262280853	-0.115008827403689	0.216	0.229	1	MRPS18B	c12
0.106634493943152	0.11495791417108	0.15	0.137	1	TOMM70	c12
0.118331178735852	-0.114919269976837	0.159	0.173	1	TPP2	c12
0.367246679947199	-0.11491642512241	0.098	0.105	1	TRG-AS1	c12
0.693894871867531	-0.114877469181556	0.058	0.06	1	ZNF274	c12
0.121751070627675	0.114795968912246	0.1	0.09	1	ACBD3	c12
0.0542536973198556	-0.114774664833715	0.262	0.283	1	MRPL33	c12
0.921462494099383	-0.114767804585678	0.049	0.049	1	COLGALT1	c12
0.350559174081791	-0.114764559776475	0.048	0.053	1	GPALPP1	c12
0.0829938723657653	0.114736727267953	0.13	0.116	1	VAMP4	c12
0.616411241101116	0.114703215221915	0.068	0.066	1	FAM122B	c12
0.958445141278609	-0.114623039816425	0.021	0.021	1	TPM1	c12
0.330074104102523	-0.114556204945917	0.197	0.205	1	THOC2	c12
0.0414465278293773	0.114535959533001	0.246	0.226	1	HAUS3	c12
0.347730167884077	-0.114511777709462	0.028	0.032	1	TYSND1	c12
0.32932831571252	0.114508572125458	0.096	0.09	1	NABP2	c12
0.0910669347932503	0.114481796740682	0.213	0.198	1	TGFBR2	c12
0.001774966346815	0.114416448921102	0.662	0.636	1	MSN	c12
0.239371403899041	-0.11440382951484	0.227	0.236	1	PHF20L1	c12
0.0528648312254646	0.114356147217439	0.235	0.216	1	KLHL24	c12
0.470798820547459	-0.114240023841355	0.031	0.034	1	AC098484.3	c12
0.00073368153735855	-0.114222572205976	0.729	0.747	1	ARHGDIA	c12
0.398542998119465	-0.114154278546837	0.026	0.029	1	TBCK	c12
0.264219646338175	-0.114093014015221	0.238	0.248	1	CSK	c12
0.282862300498063	-0.114058188752276	0.151	0.16	1	TP53RK	c12
0.846817561116656	-0.114006254550197	0.01	0.009	1	AC114271.1	c12
0.389505602588945	-0.113987629489391	0.028	0.031	1	CKB	c12
0.776687286282653	0.113746595022909	0.092	0.091	1	ZNF431	c12
0.073060887750787	0.113677001599782	0.109	0.096	1	SEC23IP	c12
6.09786469871378e-10	-0.113597589336735	0.982	0.974	2.04510186265463e-05	RPL13A	c12
5.62031412522788e-12	-0.113589021979089	0.99	0.986	1.88494095131893e-07	RPL9	c12
0.0128298057666365	0.113575192625091	0.569	0.547	1	NOL7	c12
0.183451464796046	-0.113553726259512	0.077	0.086	1	SMC6	c12
0.376791985186641	0.113551662168778	0.049	0.045	1	DDX60L	c12
0.393057316776752	-0.113407208315114	0.157	0.164	1	MAD2L2	c12
0.175809249316266	0.113370746038303	0.116	0.106	1	FAM117A	c12
0.565543271303594	-0.113367323223155	0.009	0.01	1	AC092329.3	c12
0.410839240704678	-0.113287570887554	0.053	0.057	1	ARMH3	c12
0.862864572150845	-0.113276379842321	0.04	0.041	1	ZFYVE16	c12
0.14733139430851	0.113242262497799	0.161	0.149	1	ZKSCAN1	c12
0.216925863210702	-0.113201845940311	0.033	0.038	1	TCTA	c12
0.068482058380528	0.113191945732393	0.214	0.197	1	SART3	c12
0.350008811680772	-0.113180100104153	0.128	0.136	1	MAPKAPK5-AS1	c12
0.298882401115045	-0.113157986737476	0.076	0.083	1	OARD1	c12
0.186178586150081	-0.113051414006599	0.112	0.123	1	ZNF593	c12
0.276041413181734	-0.112999856530221	0.06	0.067	1	ZNF749	c12
0.808265520484325	-0.112991239250039	0.075	0.076	1	WBP1L	c12
0.250960742658766	0.11297647417084	0.135	0.127	1	FLAD1	c12
0.989984842033346	0.112975193561131	0.034	0.034	1	GRPEL2	c12
0.00447333294056779	-0.112967968419367	0.553	0.581	1	FAM96B	c12
0.48852278175053	-0.112964015412142	0.147	0.153	1	SPATA13	c12
0.0152391385924746	0.112863867124022	0.271	0.246	1	ZRANB2	c12
0.212909894619161	-0.112837182722737	0.105	0.114	1	FBXL15	c12
0.591513311686167	-0.112700560706159	0.014	0.016	1	TRAV8-6	c12
0.199681825362156	-0.112652209589685	0.257	0.267	1	TSG101	c12
8.18485260545581e-06	0.112629538447861	0.907	0.902	0.274503586681777	SUB1	c12
6.94684178090365e-09	-0.112587982800684	0.958	0.953	0.000232983179647947	RPL38	c12
0.420221729508715	0.112559352957663	0.058	0.054	1	CCDC9	c12
0.917395854106604	0.112531007326952	0.047	0.047	1	HIVEP3	c12
0.332862366672767	-0.11250910534315	0.175	0.183	1	CCDC32	c12
0.461312812058077	-0.112473853855144	0.15	0.156	1	GOSR1	c12
0.00230273623535524	0.112471148063199	0.538	0.501	1	PFDN2	c12
0.49727009740458	-0.112252107462647	0.064	0.068	1	XPO5	c12
0.206701744866206	0.112217593807121	0.077	0.069	1	SELENOI	c12
0.465232492796898	-0.11221699357607	0.024	0.027	1	CLCN6	c12
0.229271041564182	-0.112199251608525	0.115	0.124	1	RBM26	c12
0.921500664693316	0.112112354835347	0.023	0.024	1	GABPB2	c12
0.331834731094969	-0.112096962352219	0.1	0.106	1	FOPNL	c12
0.026433825511443	0.112018648332235	0.269	0.243	1	ITGA1	c12
0.411617650766837	0.111999943954556	0.091	0.086	1	ASCC3	c12
0.0806457794525119	0.111941583605856	0.234	0.216	1	RAB29	c12
0.334672026353483	-0.11190997704015	0.268	0.276	1	TLN1	c12
0.290634824338973	0.111870459652482	0.119	0.111	1	CTDSPL2	c12
0.778051375361505	-0.111787727248541	0.179	0.18	1	KAT5	c12
0.536303100195078	-0.111716278658097	0.119	0.123	1	CYTH3	c12
0.491588328927742	0.111698229649277	0.174	0.169	1	RC3H2	c12
0.335925514218447	0.111688378798519	0.064	0.059	1	C12orf73	c12
0.789463949367838	-0.111675606322668	0.012	0.012	1	KAT2A	c12
0.363290304295484	-0.111662111754416	0.072	0.078	1	FCHSD1	c12
0.0913164276386273	-0.111546954232641	0.584	0.589	1	BIRC3	c12
0.421413403006971	-0.111536328052535	0.153	0.16	1	COMMD1	c12
0.299978246705646	0.111522883848378	0.09	0.083	1	FUT8	c12
0.0114734524336943	0.111445468591695	0.497	0.466	1	PPA1	c12
0.114357514920489	-0.111354344272908	0.175	0.19	1	CHTF8	c12
0.141416588541812	0.111324412709549	0.071	0.062	1	MEX3C	c12
0.436449314382461	-0.111279665637916	0.126	0.132	1	TOPBP1	c12
0.127674766305289	-0.111269118279276	0.163	0.178	1	MPG	c12
0.0334068453972201	0.111239169313703	0.053	0.042	1	IER5L	c12
0.0292190307591008	-0.111202795695812	0.49	0.513	1	PCMT1	c12
0.0729257791714648	0.11107955398548	0.278	0.259	1	PPP4R3A	c12
0.253786772715607	-0.111055603887665	0.177	0.187	1	CDK5RAP3	c12
0.0858813994768173	0.111026686937208	0.213	0.196	1	NRBF2	c12
0.0282214972340436	-0.111026399879726	0.362	0.385	1	C8orf59	c12
0.174266169398635	-0.111006855338242	0.251	0.265	1	MYO1G	c12
0.0712744982093107	0.110998686785396	0.151	0.136	1	DPP9	c12
4.45924202779268e-05	-0.110931774056405	0.902	0.904	1	TMA7	c12
0.108061517529825	-0.110923217115094	0.224	0.238	1	PTBP3	c12
0.657893452570955	-0.110917425129376	0.088	0.091	1	HERC2	c12
0.985483796506625	0.110916975035663	0.022	0.022	1	LINC01550	c12
0.552076578703997	-0.110902155524141	0.01	0.012	1	IMMP2L	c12
0.664429454665395	-0.110788578020614	0.039	0.041	1	ATP11C	c12
0.0161088263139325	0.110773364418693	0.337	0.31	1	BAZ1B	c12
0.0514789328288766	-0.11073532597755	0.485	0.501	1	ATP5PB	c12
0.207246328134493	-0.110688935454167	0.058	0.065	1	EEF1AKMT2	c12
0.683967172846127	-0.11065466441865	0.111	0.114	1	EMSY	c12
0.0985943950308325	0.110591523352782	0.176	0.162	1	JAK3	c12
0.0729577625464982	-0.11058398375131	0.142	0.158	1	RRN3	c12
0.0493001196383112	-0.110557870858261	0.104	0.12	1	HSD17B11	c12
0.103479946446023	-0.110537381137504	0.111	0.125	1	ECHDC1	c12
0.351139137728012	-0.110489332132492	0.174	0.182	1	C19orf25	c12
0.843443767702055	-0.110462369086046	0.017	0.017	1	NKIRAS1	c12
0.00848906482183522	0.11038140352988	0.316	0.286	1	KDM2A	c12
0.0871691390304063	-0.110304188011318	0.376	0.392	1	RPS19BP1	c12
0.4081094258689	-0.110177371018742	0.03	0.033	1	FMC1	c12
0.0109277926898122	0.110127703399206	0.378	0.35	1	ASNA1	c12
0.109070724803359	0.110116877073622	0.178	0.164	1	TBC1D20	c12
0.593883893539559	-0.110074554103745	0.057	0.059	1	DXO	c12
0.183254557841472	-0.110073335137082	0.028	0.033	1	AC008555.5	c12
0.649667048776413	0.1100717810295	0.029	0.028	1	IBA57	c12
0.17566933426643	-0.110045908517197	0.139	0.152	1	MFSD11	c12
0.183973254850277	-0.1100058773314	0.071	0.08	1	PCNT	c12
0.28537294451141	-0.109996231888855	0.196	0.205	1	SLC4A7	c12
0.609160113304516	-0.109953360773192	0.017	0.018	1	LIPE-AS1	c12
0.339480744117875	-0.109948952136007	0.067	0.073	1	ZMAT5	c12
0.15407733526198	0.109931565719506	0.293	0.28	1	SAR1B	c12
0.141167375854126	-0.109905950679143	0.06	0.069	1	SUGP2	c12
0.0999675198189687	0.109888777018954	0.188	0.173	1	TBPL1	c12
0.20476443411135	0.109875494123673	0.305	0.295	1	UBE3A	c12
0.942610396253633	0.10986745106715	0.015	0.015	1	MRPL12	c12
0.354207875669463	-0.109822738859191	0.286	0.295	1	VTI1B	c12
0.160177781952463	-0.109711187519069	0.185	0.198	1	NCKAP1L	c12
0.263130001384014	-0.109699690601216	0.111	0.12	1	LETMD1	c12
0.225438435005916	-0.109673696423805	0.096	0.105	1	ATP6V0E2	c12
0.538919350858175	0.10947929153735	0.066	0.062	1	TRAPPC2	c12
0.247397874401283	-0.109477104426387	0.032	0.037	1	PBX2	c12
5.30120473931904e-05	-0.109443077447659	0.82	0.82	1	SLC25A6	c12
0.0702427870186186	-0.109433643643469	0.185	0.203	1	SECISBP2	c12
0.685563954094168	0.109389995905242	0.064	0.062	1	LYRM1	c12
0.275655942219403	-0.109360264885523	0.142	0.151	1	ESF1	c12
0.199045175521159	0.109264018615007	0.103	0.095	1	ZNF84	c12
0.31080743477896	-0.109238780814136	0.118	0.126	1	NOP2	c12
0.0276945943505799	-0.109224893729606	0.382	0.401	1	MAX	c12
0.424421084764661	0.109103002640065	0.043	0.039	1	ZFAT	c12
0.52075913430178	-0.109072619537661	0.27	0.272	1	DENR	c12
0.868184238705797	-0.108951789973547	0.01	0.011	1	ZNF784	c12
0.633132688513215	0.108923194250747	0.013	0.012	1	AC245014.3	c12
0.258791136985661	-0.108881428868749	0.238	0.248	1	ZBTB7A	c12
0.211747736347946	0.108841125162041	0.105	0.096	1	RPGR	c12
0.00034699041793569	0.108807633091176	0.551	0.502	1	UBE2L3	c12
0.618515183453918	-0.108725838100513	0.012	0.013	1	AL162258.2	c12
0.169322825227776	-0.108681084438214	0.291	0.304	1	ERLEC1	c12
0.273194012613017	-0.108645166240614	0.197	0.206	1	BBX	c12
0.227691039853438	0.108622430321234	0.162	0.153	1	RPF1	c12
0.314364480499096	-0.108602473550017	0.008	0.01	1	ZNF449	c12
0.096988827384934	0.108558798735898	0.388	0.369	1	JMJD6	c12
0.585447434636172	-0.108528410133547	0.28	0.282	1	RSBN1	c12
0.00862512854122424	0.108498088567959	0.445	0.412	1	CMC2	c12
0.390493026130681	0.108355084800689	0.059	0.055	1	MTMR4	c12
0.186124477593878	0.108350838977074	0.248	0.235	1	PPIF	c12
0.566695800791036	-0.108272284542134	0.01	0.011	1	TPRN	c12
0.0980422336639547	-0.108151174170316	0.396	0.409	1	SDF4	c12
0.130218720488609	0.108139226923575	0.14	0.128	1	DIS3	c12
0.354810501624042	-0.108094237644658	0.236	0.245	1	TSN	c12
0.000410966954643882	-0.108032035815902	0.986	0.99	1	SRGN	c12
0.232318903380949	-0.107943884181969	0.145	0.156	1	MTG1	c12
0.486476439237398	-0.107914482665737	0.172	0.178	1	TRBV19	c12
0.533193409799188	-0.107905112390366	0.045	0.048	1	SARM1	c12
0.705112848291343	-0.107868108079691	0.064	0.066	1	ARFGEF2	c12
0.672891017980338	0.107837002733892	0.027	0.026	1	AL390728.5	c12
0.892292820930721	-0.107822241982708	0.24	0.238	1	RCE1	c12
0.0379418522680314	0.107716981930596	0.18	0.162	1	ABCE1	c12
0.7105858949986	-0.107679817210666	0.11	0.113	1	DCTD	c12
0.0654321235091877	0.107658291298583	0.218	0.201	1	CORO1B	c12
0.6730904310253	-0.107656059068145	0.03	0.032	1	ZNF738	c12
0.594383076395128	-0.107629152309992	0.049	0.052	1	TTI2	c12
6.94991658109774e-05	0.107617752902001	0.88	0.85	1	CNBP	c12
0.3726097804478	-0.107581990831552	0.011	0.013	1	NECAB3	c12
0.869168223107334	0.107552046552297	0.176	0.177	1	PFKP	c12
0.686212799294274	-0.107500965704333	0.034	0.036	1	STK35	c12
0.0599807512281017	-0.107483862030291	0.408	0.422	1	REST	c12
0.92374543414114	-0.107431937954687	0.063	0.064	1	UBQLN4	c12
0.659744747309998	-0.107376785382852	0.013	0.015	1	POMK	c12
0.0367077851569651	0.107231245676769	0.265	0.244	1	RAB22A	c12
0.208477893430339	-0.107209060347017	0.163	0.173	1	SRSF8	c12
0.964021795625805	-0.107195354307794	0.066	0.066	1	KIF23	c12
0.204980269506931	0.107147662574363	0.124	0.114	1	CPNE2	c12
0.161506789637587	-0.107117371584956	0.035	0.042	1	POFUT1	c12
0.0525645809111875	0.107097860597534	0.305	0.287	1	RNMT	c12
0.0737383989145581	-0.107053467617776	0.279	0.297	1	RPA3	c12
0.554144199804919	-0.107028780087041	0.098	0.101	1	WDR36	c12
0.255704044191951	-0.106977197708566	0.076	0.084	1	GOLGA8B	c12
0.271953486887757	-0.106958033578474	0.074	0.081	1	SLC35A2	c12
0.70892709800435	-0.106911917884619	0.051	0.053	1	HDAC10	c12
0.257822689370208	-0.106884362395403	0.139	0.148	1	SSBP4	c12
0.0444492737440886	0.106860482564445	0.042	0.033	1	TRBV29-1	c12
0.897714626033455	0.106830169629577	0.01	0.01	1	AC087164.1	c12
0.0946694393986385	-0.106714675860822	0.443	0.454	1	COPS9	c12
0.195144005703869	-0.106704500684195	0.327	0.338	1	CWC15	c12
0.578800440335933	-0.106694996972664	0.06	0.063	1	NUP188	c12
0.371783162703991	0.106594078799943	0.081	0.076	1	SERPINB8	c12
0.0143028846628476	0.106583253680498	0.361	0.332	1	IST1	c12
0.387002171802549	0.106572154931252	0.117	0.111	1	POLK	c12
0.405836826198418	-0.106572085080211	0.075	0.08	1	SLC25A44	c12
0.126266394384811	0.106541767446771	0.189	0.175	1	MRPS30	c12
0.147138940181736	-0.106533520457197	0.229	0.243	1	EIF1AY	c12
0.399982043989452	-0.106460773984042	0.062	0.067	1	RPS6KC1	c12
0.405628185248088	-0.106433324353157	0.155	0.162	1	CLPX	c12
0.826069253638573	0.106358786792629	0.01	0.011	1	PLEKHA5	c12
0.745796509081946	0.106301764822787	0.013	0.014	1	CRNDE	c12
0.736014070384247	0.106254478626158	0.054	0.057	1	ZNF490	c12
0.270960280192975	0.106250663048431	0.141	0.133	1	RBBP8	c12
0.300234075633922	-0.106239009948519	0.179	0.189	1	ELMO1	c12
0.123505507685942	-0.106160917664046	0.088	0.099	1	ARID1B	c12
0.0147616704213983	0.106151526293301	0.265	0.239	1	GPBP1L1	c12
0.683262390861715	-0.106134126556537	0.06	0.062	1	UNK	c12
3.00321716401431e-16	-0.106060870196943	0.999	0.999	1.00721897246712e-11	RPL39	c12
0.284131669189487	-0.106026960577207	0.078	0.085	1	DNAJC10	c12
0.787503333018903	-0.105987367414104	0.206	0.205	1	CLK4	c12
0.0561927784880276	-0.105955793224696	0.433	0.448	1	KRT10	c12
0.952147899576601	-0.105919600244018	0.033	0.033	1	SLC39A4	c12
0.0588158062773167	0.105840136850622	0.332	0.312	1	SECISBP2L	c12
0.572483050840925	0.105737402600306	0.023	0.026	1	MYL5	c12
0.113291827485471	-0.105642638963864	0.168	0.183	1	HMGN3	c12
0.861629213557564	-0.105640118104853	0.027	0.026	1	MPP6	c12
0.0371376233497355	-0.105639534933466	0.521	0.528	1	EIF3L	c12
0.108826448663286	-0.105626213519149	0.432	0.44	1	GRB2	c12
0.0863659662584974	-0.105597335167613	0.322	0.338	1	HMGN4	c12
0.79902598770762	0.105587086635142	0.044	0.043	1	VPS41	c12
0.396600996707356	0.105516083211393	0.076	0.071	1	DENND3	c12
0.17424975806268	-0.10545573942093	0.305	0.318	1	EIF4G1	c12
0.873890178013343	0.105447345815183	0.026	0.026	1	NEMP2	c12
0.188905198470576	-0.105385686670855	0.07	0.079	1	TRAPPC10	c12
0.0841171241248158	-0.105385034771763	0.042	0.051	1	GBA2	c12
0.00884628463109296	0.105367424042493	0.414	0.386	1	GOLGA7	c12
0.00727436608043151	0.105360383669521	0.275	0.244	1	YPEL2	c12
0.268516373199378	-0.105338587287191	0.205	0.215	1	BAK1	c12
0.436354188365577	-0.105321595270139	0.125	0.131	1	MIB2	c12
1.94325940916031e-08	-0.105263542142165	0.966	0.971	0.000651730340644185	CFL1	c12
0.282044649172774	0.105217727693564	0.184	0.176	1	NUTM2A-AS1	c12
0.444210583429768	-0.105180608839379	0.029	0.033	1	MSRA	c12
0.126383883352633	-0.105160490780875	0.365	0.38	1	LYST	c12
0.273611396228	-0.105104553034326	0.132	0.141	1	TTC7A	c12
0.386219276745668	-0.105064390618457	0.012	0.014	1	CLIP3	c12
0.798637641966178	0.105039370665162	0.057	0.055	1	MAPKAP1	c12
0.532848175559592	-0.104994456571275	0.065	0.069	1	LINC00667	c12
0.0496947557563829	-0.104952863428588	0.468	0.483	1	TPR	c12
0.333459429485303	-0.104897974533337	0.02	0.024	1	ZNF446	c12
0.846819402211552	-0.104874013770218	0.016	0.017	1	HOXB-AS1	c12
0.205495680393649	0.104739226383886	0.19	0.18	1	POLR2D	c12
0.994731032769725	-0.104704535094182	0.012	0.012	1	TMCO4	c12
0.00391834298163713	0.104689965000787	0.536	0.498	1	YARS	c12
0.907115461419938	0.104581152307935	0.014	0.014	1	FSIP1	c12
0.564384909883643	-0.104550781653226	0.155	0.159	1	CCNT1	c12
0.392062468043981	-0.104544889596684	0.066	0.071	1	SETDB1	c12
0.14307112818077	0.104353309449185	0.069	0.06	1	DNAJC27	c12
0.230159681598942	-0.104266269441866	0.257	0.27	1	C1D	c12
0.00873451446219702	-0.104241882160888	0.58	0.598	1	DRAP1	c12
0.7626697437716	0.104174763471626	0.062	0.061	1	FASTKD5	c12
0.836990921011378	-0.104171221299534	0.021	0.021	1	ZNF548	c12
0.547079440247569	-0.103957644629324	0.028	0.031	1	ANKRD42	c12
0.180631271751643	-0.103957616406468	0.091	0.101	1	AP3M1	c12
0.226500260830298	-0.103904467358093	0.082	0.091	1	HINT2	c12
0.307843080196169	-0.103871112786208	0.01	0.012	1	CARF	c12
0.497911801966715	-0.103819240466593	0.076	0.08	1	MAPK14	c12
0.341585564620961	0.103746582351507	0.045	0.041	1	MTRNR2L1	c12
0.782892717018345	-0.103731748689126	0.059	0.061	1	FAM89B	c12
0.000142692671956198	-0.103597217102784	0.803	0.818	1	DAZAP2	c12
0.227289735157173	0.10351289795882	0.108	0.1	1	VPS13A	c12
0.613317333336994	-0.103319450541194	0.168	0.171	1	ARHGAP4	c12
0.57361730327013	0.103186611495647	0.028	0.026	1	SLC36A1	c12
0.013495123955514	0.103166826596141	0.394	0.367	1	TMF1	c12
0.0208026840420928	-0.102804381887892	0.52	0.543	1	IK	c12
0.272412702208089	-0.102745031569627	0.094	0.102	1	CFAP97	c12
0.395004467626983	-0.10272146099133	0.028	0.032	1	NAA40	c12
0.0110094511345764	0.102697061161365	0.539	0.502	1	BUD31	c12
0.994956654156843	-0.102525375200305	0.025	0.024	1	ARSG	c12
0.401598685204664	-0.102503326817914	0.123	0.129	1	MED21	c12
0.429698015036038	-0.10246019110812	0.238	0.243	1	SMARCC1	c12
0.321753887536755	0.102347926433861	0.137	0.13	1	UBXN7	c12
2.21877503021049e-10	-0.102305986449355	0.991	0.982	7.44132769631995e-06	RPS9	c12
1.36420400963813e-08	-0.102262337507518	0.97	0.962	0.000457526740752436	RPL10A	c12
0.0956079832166322	-0.102185546403897	0.558	0.553	1	ATP5F1D	c12
0.301682532198981	0.102181692776906	0.06	0.054	1	MCOLN1	c12
0.54694692229547	-0.102120405094691	0.099	0.103	1	ELK4	c12
0.0145742983780212	-0.102115917503386	0.865	0.843	1	CD3D	c12
0.301565403003451	0.10209422907712	0.162	0.153	1	VPS13C	c12
0.161059290917204	0.101998563421539	0.143	0.132	1	DUSP18	c12
0.544008418947879	-0.101942112523016	0.045	0.048	1	DYRK2	c12
0.302703586623806	-0.101909754550587	0.037	0.042	1	C1orf109	c12
0.390424903762137	-0.101906379013789	0.087	0.093	1	ZCCHC7	c12
0.320409499902961	-0.101900220905297	0.091	0.098	1	UBE3C	c12
0.386146844023265	0.101887709764942	0.157	0.167	1	IL16	c12
0.118847238132044	-0.101873333357244	0.383	0.402	1	RHOH	c12
0.607341014602753	0.101819890241313	0.026	0.024	1	ZNF254	c12
0.165606248798521	0.101700233172223	0.143	0.132	1	LATS1	c12
0.478082949857674	-0.101680541538164	0.064	0.069	1	FAM199X	c12
0.800285873330881	-0.101641265553361	0.031	0.03	1	ZXDB	c12
0.243089138746423	0.10160465017659	0.088	0.081	1	SLC37A3	c12
0.563082551727189	-0.101588734785246	0.023	0.025	1	TRAV13-2	c12
0.221308455753785	0.101570731375754	0.13	0.121	1	TWF1	c12
0.0322087170840271	0.101542147884441	0.616	0.586	1	RAD21	c12
0.611525948220378	-0.101500065046164	0.087	0.091	1	TMEM206	c12
0.0163982535959511	0.101422079726571	0.443	0.413	1	ANP32A	c12
0.343780554072631	-0.101354481049813	0.147	0.155	1	PREP	c12
0.145301403496215	0.101279345590557	0.214	0.199	1	UHRF2	c12
0.348103926063825	-0.101253759278535	0.069	0.075	1	TMEM205	c12
0.0317760154048657	-0.101216281080812	0.449	0.465	1	ATP5PF	c12
1.32742590360311e-05	-0.101153030722771	0.931	0.941	0.44519209955041	PCBP2	c12
0.286613737709642	0.101004289847239	0.143	0.135	1	THUMPD3-AS1	c12
0.638649801914104	-0.100924007145906	0.029	0.031	1	SLC25A43	c12
0.633588969399525	-0.100879137193773	0.037	0.039	1	RFX7	c12
0.328924734305201	0.100855281105329	0.056	0.051	1	RCBTB1	c12
0.975335715307254	0.100820796039843	0.01	0.01	1	C1orf74	c12
0.624255595610294	-0.100790050154993	0.159	0.163	1	STX4	c12
0.239653189835153	-0.100707591466674	0.289	0.298	1	COPB2	c12
0.10638124264117	-0.100667297660885	0.36	0.376	1	VPS35	c12
0.488285645801223	-0.10059889131048	0.194	0.199	1	KIF20B	c12
0.343919600451683	-0.100582900308544	0.108	0.115	1	PSMD5	c12
0.248179097949316	-0.100483229041906	0.087	0.095	1	TEDC1	c12
0.833933408077598	0.100477664703683	0.013	0.014	1	JRK	c12
0.541703437827925	0.100330580033062	0.119	0.115	1	CCP110	c12
0.789173926351138	0.100296800933312	0.015	0.015	1	GAA	c12
0.848070455053544	0.100102316487996	0.058	0.057	1	PRMT3	c12
