# factor-levels: seurat_clusters=c1|c2|c3|c4|c5|c6|c7|c8|c9|c10|c11|c12|c13

p_val	avg_log2FC	pct.1	pct.2	p_val_adj	gene	seurat_clusters
2.89778667802692e-14	1.42819272406838	0.019	0.009	9.71859696076668e-10	TRBV12-5	c3
2.07438417338631e-10	1.42444285735844	0.017	0.008	6.95706964070301e-06	TRAV20	c3
6.86332169606829e-16	1.35576268097294	0.027	0.013	2.30182083042738e-11	MYO5B	c3
1.89472888290192e-07	1.24086065014151	0.017	0.009	0.00635454172747646	NCK1-DT	c3
7.57227519948099e-09	1.22878635773674	0.024	0.014	0.000253958965640193	TFAP4	c3
1.71518900934763e-16	1.18871189184042	0.035	0.019	5.7524008995501e-12	EPHA1	c3
1.82159282641964e-168	1.17294039512872	0.313	0.177	6.10925802124619e-164	SLF1	c3
2.64548914782603e-14	1.13711419670838	0.041	0.025	8.87244150397895e-10	OTUB2	c3
2.13545696706176e-23	1.12082872003393	0.055	0.031	7.16189557613175e-19	LINC02084	c3
7.49991361552972e-127	1.07493102086203	0.319	0.198	2.51532102837636e-122	LRRN3	c3
1.98203219911648e-08	1.06978608611034	0.018	0.01	0.000664733958939685	AC022126.1	c3
3.90676980284156e-17	1.06196895719183	0.038	0.02	1.310252456477e-12	AC243829.1	c3
7.69737987514301e-15	1.05856212181101	0.039	0.022	2.58154726252546e-10	TRAV6	c3
1.13362299101356e-09	1.04511940869338	0.028	0.017	3.80194478726128e-05	TRIM46	c3
3.84000077812989e-95	1.04096075084335	0.266	0.169	1.2878594609692e-90	SUSD3	c3
2.58797321501548e-09	1.03839750901111	0.031	0.019	8.67954456851893e-05	KHK	c3
6.05887023038685e-56	1.02148730154417	0.172	0.106	2.03202389786714e-51	TRAV38-2DV8	c3
3.89277074909324e-18	1.01897070636199	0.06	0.037	1.30555745383089e-13	LINC00957	c3
8.08322699070329e-29	1.00551668699334	0.081	0.048	2.71095266814207e-24	TRAV9-2	c3
5.8714876983825e-45	0.999377144158332	0.146	0.092	1.96917954428352e-40	GIMAP6	c3
3.04451051483772e-11	0.998412999203513	0.043	0.028	1.02106793646627e-06	VNN2	c3
5.5028007926592e-142	0.988523925788744	0.313	0.182	1.84552932984204e-137	EOMES	c3
1.5704520560448e-17	0.966296253830387	0.074	0.049	5.26698210556304e-13	GAB3	c3
3.09127044765137e-33	0.939549563767419	0.136	0.091	1.03675028273332e-28	HLTF	c3
6.48973434026923e-30	0.932542478510898	0.087	0.051	2.17652710303949e-25	RCAN2	c3
1.32580412873031e-09	0.932336658674404	0.048	0.033	4.44648188693572e-05	DPYSL2	c3
1.08520845045921e-06	0.91021069716863	0.024	0.016	0.036395721011501	DBP	c3
2.0341986773501e-93	0.902887502461345	0.302	0.203	6.82229552409678e-89	TRAF3IP3	c3
7.43897528268233e-10	0.893598584856429	0.04	0.026	2.494883530306e-05	CENPV	c3
3.42437004976877e-186	0.893275723181859	0.572	0.429	1.14846522729145e-181	CD27	c3
5.19835391120733e-09	0.890192049781763	0.053	0.038	0.000174342393474071	PRR12	c3
1.12514542978286e-89	0.886415320089743	0.31	0.21	3.77351274240575e-85	GPR25	c3
5.26396422117683e-34	0.877405542018126	0.161	0.114	1.76542832049829e-29	PTPN6	c3
6.79965906008036e-13	0.871591577610281	0.052	0.034	2.28046965556975e-08	TRAV1-2	c3
1.54691932526577e-09	0.859392900619774	0.056	0.04	5.18805803307635e-05	MTHFR	c3
7.61321140326973e-79	0.859315284914872	0.234	0.145	2.5533188404286e-74	SLAMF7	c3
2.09950310922383e-143	0.855552989169174	0.434	0.296	7.04131352771488e-139	TNFSF10	c3
2.89179023412882e-23	0.850942167716603	0.106	0.072	9.69848608722123e-19	CPNE7	c3
5.73913598900734e-07	0.846298663659752	0.038	0.027	0.0192479142799328	ZNF652	c3
1.24008291009567e-33	0.845237150927401	0.149	0.101	4.15899006387886e-29	PECAM1	c3
1.36990721862406e-06	0.844589203806019	0.026	0.017	0.0459439482982139	SPATA6L	c3
7.33730868467086e-09	0.842044199532562	0.046	0.032	0.000246078658666491	C20orf204	c3
1.87102172378938e-09	0.840823672814112	0.056	0.04	6.27503265724482e-05	C2orf74	c3
9.13064019557676e-07	0.840549764166315	0.036	0.025	0.0306223410879253	NR5A2	c3
0	0.833292064827007	0.815	0.555	0	GZMH	c3
8.52454408686536e-38	0.827272296366773	0.172	0.119	2.8589615958529e-33	GCNT1	c3
1.66602397932498e-56	0.814931758369812	0.254	0.181	5.58751122186012e-52	PLEKHF1	c3
3.25058126825709e-08	0.812949478559626	0.054	0.039	0.00109017994574806	KIF11	c3
3.27439807893719e-120	0.810193240314406	0.456	0.336	1.09816762771395e-115	GALNT2	c3
1.79781708698995e-30	0.804482632342872	0.177	0.13	6.02951894634689e-26	AC116366.3	c3
3.42664845547662e-170	0.803977547611873	0.494	0.331	1.14922935899775e-165	ITM2C	c3
6.70500261192348e-15	0.80391722912036	0.073	0.05	2.2487237759869e-10	KIAA1671	c3
5.42070170119935e-14	0.802479561253501	0.061	0.041	1.81799493654824e-09	AC103702.2	c3
9.89493948388344e-86	0.801845556832479	0.332	0.233	3.31856480410483e-81	ITGA1	c3
8.19910910481094e-12	0.794468720741704	0.064	0.045	2.74981721157149e-07	EEPD1	c3
2.01233337732297e-30	0.794175165103175	0.144	0.099	6.74896368086579e-26	BMF	c3
9.95887369728998e-42	0.789570937627214	0.207	0.148	3.34000706059711e-37	CD84	c3
2.21511572500904e-34	0.789318666873161	0.194	0.143	7.42905511853531e-30	SIT1	c3
1.07997227590669e-225	0.786904856282186	0.587	0.401	3.62201101893585e-221	PRF1	c3
1.78131249221993e-38	0.771636787116038	0.209	0.154	5.9741658364072e-34	RCSD1	c3
1.05414234728133e-46	0.770673264348252	0.263	0.197	3.53538260431214e-42	SLC4A7	c3
2.67807957602274e-07	0.768953868118379	0.05	0.037	0.00898174328206505	RNASEL	c3
7.16837181079058e-25	0.761727189787889	0.126	0.087	2.40412853790295e-20	CD200R1	c3
1.10855876798021e-09	0.755611071787255	0.073	0.054	3.71788439605203e-05	FAM78A	c3
4.00322457722096e-23	0.755160482794138	0.152	0.114	1.34260145870837e-18	CYTH4	c3
1.26418814233256e-18	0.75243617182787	0.113	0.082	4.23983419175495e-14	SLAMF6	c3
7.91516619749921e-19	0.751909652248951	0.128	0.095	2.65458843931729e-14	ARHGAP25	c3
2.35930100024429e-08	0.730359280938301	0.081	0.064	0.00079126236946193	HPF1	c3
4.11691831367502e-27	0.719446710929535	0.156	0.112	1.38073206404033e-22	GPR68	c3
4.79146578938642e-101	0.711051423210176	0.446	0.335	1.60696179644442e-96	THEMIS	c3
3.22823117079321e-19	0.710557857263062	0.129	0.096	1.08268417006063e-14	GBP3	c3
2.86007929549928e-07	0.707352430753695	0.075	0.059	0.00959213394124549	COG4	c3
1.3028916701618e-10	0.704912534286715	0.083	0.063	4.36963808338864e-06	DZIP3	c3
9.78605727077634e-38	0.702053354101998	0.249	0.192	3.28204788747297e-33	SUPT3H	c3
2.48941591668931e-57	0.696429309162705	0.319	0.245	8.3490031013926e-53	SRM	c3
2.052398140449e-10	0.695150575141792	0.103	0.082	6.88333288343787e-06	HPS3	c3
1.52834364000684e-20	0.687709225485476	0.158	0.121	5.12575889985493e-16	MYO1F	c3
7.64023461654591e-46	0.686329401952147	0.272	0.206	2.56238188569717e-41	PRKCQ	c3
2.8156074016228e-08	0.682434843089267	0.071	0.055	0.000944298410356253	PDK2	c3
2.67039357156453e-134	0.680551598461832	0.527	0.395	8.95596596031313e-130	FAM102A	c3
1.03952425353091e-09	0.677681473055933	0.085	0.065	3.48635644149195e-05	ALG1	c3
4.48670083527147e-63	0.676709388231176	0.195	0.119	1.50474972613335e-58	CCL3L1	c3
6.70559401796244e-42	0.674458747319417	0.212	0.148	2.24892212174424e-37	WIPF3	c3
7.5756080411233e-108	0.671332602799982	0.474	0.357	2.54070742483193e-103	CTSC	c3
1.62841019147464e-08	0.671063176665158	0.097	0.078	0.000546136210016766	HACD4	c3
6.35318487754206e-48	0.667895079723314	0.332	0.263	2.13073114423006e-43	PLSCR1	c3
4.35385962729109e-74	0.667807019702713	0.371	0.278	1.46019744180089e-69	F2R	c3
1.90896049222523e-20	0.667481581221623	0.164	0.127	6.40227169882498e-16	PARP9	c3
2.539813599521e-47	0.666563528905452	0.216	0.148	8.51802685007353e-43	AC243829.4	c3
8.66222459314354e-11	0.664109976600307	0.104	0.081	2.90513688404848e-06	EHMT2	c3
1.50222946182299e-104	0.663604029790005	0.5	0.391	5.03817716906194e-100	GYG1	c3
3.41616489806283e-40	0.661245026798386	0.237	0.171	1.14571338351231e-35	TRBV19	c3
2.55955115673693e-07	0.660460458973816	0.062	0.048	0.00858422266946431	ARHGAP35	c3
5.4380276759901e-98	0.660448678391005	0.543	0.446	1.82380572197356e-93	CARS	c3
4.23867933239759e-16	0.658714560349948	0.111	0.082	1.4215682744995e-11	ZNF821	c3
8.60022672517006e-108	0.654354676162359	0.499	0.381	2.88434403908753e-103	GIMAP7	c3
2.18257976148561e-103	0.65340270087163	0.503	0.396	7.31993600407043e-99	APOBEC3C	c3
1.34028894533524e-30	0.65158399777967	0.223	0.173	4.49506106486531e-26	IRF3	c3
2.26532631780229e-46	0.651494483756657	0.282	0.213	7.59745140464531e-42	GBP5	c3
2.85017360689141e-30	0.650407653562458	0.239	0.19	9.55891224279239e-26	TBC1D10C	c3
2.088244724167e-25	0.64944981162318	0.139	0.098	7.00355515591127e-21	CEBPD	c3
2.16217649561588e-35	0.64899211253289	0.245	0.189	7.25150753099655e-31	PTK2B	c3
7.77432678329666e-195	0.645765271917319	0.709	0.579	2.60735371658203e-190	CD3G	c3
7.18340304650999e-48	0.644485823687374	0.333	0.265	2.40916971373852e-43	PDE4DIP	c3
4.12941338236804e-13	0.644153190209872	0.114	0.088	1.38492266017859e-08	CCR5	c3
2.43381782019818e-07	0.637268206519813	0.08	0.064	0.00816253820538065	COQ8B	c3
1.44716569959534e-06	0.636726593509738	0.107	0.092	0.0485350432330285	PYCARD	c3
1.09796396005588e-171	0.635468574939963	0.716	0.608	3.68235152923542e-167	RARRES3	c3
0	0.632691001840939	0.994	0.926	0	CCL5	c3
9.42805533788409e-25	0.63118243652956	0.208	0.164	3.16198119921957e-20	CKAP2	c3
2.02956756260017e-33	0.63008230583206	0.262	0.208	6.80676369144844e-29	EIF4EBP1	c3
5.77656242798171e-08	0.627967463809676	0.086	0.069	0.00193734350709651	ITPK1	c3
9.79717565456799e-14	0.627519428525807	0.105	0.078	3.28577677102901e-09	RYR2	c3
7.76785870652655e-18	0.626658605683159	0.178	0.143	2.60518445299487e-13	SASH3	c3
2.45064689290945e-19	0.626205575743172	0.18	0.144	8.21897954943972e-15	BORCS6	c3
2.98038870046547e-53	0.624065726450612	0.361	0.289	9.99562762362109e-49	ZBTB38	c3
1.41403074224384e-34	0.622952555279908	0.238	0.181	4.7423763033374e-30	LY9	c3
4.6157516003482e-132	0.621289570140273	0.537	0.389	1.54803077172478e-127	GZMA	c3
1.71724314489213e-17	0.620027421239377	0.15	0.116	5.75929005933922e-13	BTN3A1	c3
5.1107620742509e-13	0.619477691164858	0.147	0.12	1.71404738446227e-08	NLRC3	c3
1.12190877836937e-06	0.618164381200899	0.085	0.07	0.0376265766089519	MVB12A	c3
2.2690989602557e-09	0.617552572930667	0.103	0.083	7.61010409290557e-05	GIMAP1	c3
2.57308317904981e-07	0.614074195156999	0.115	0.098	0.00862960636589724	GIMAP2	c3
1.88647434810465e-16	0.613546665576336	0.182	0.149	6.32685766867339e-12	DAAM1	c3
2.27038778047001e-07	0.606355158799111	0.098	0.081	0.00761442653814033	TTC5	c3
6.13724062675275e-20	0.605686720943574	0.21	0.174	2.05830776140034e-15	METTL5	c3
3.9718984897049e-68	0.602737989362895	0.377	0.283	1.33209531547723e-63	GIMAP4	c3
6.85223459528176e-10	0.602192586497229	0.119	0.097	2.2981024385656e-05	AC022706.1	c3
8.08446068263703e-31	0.599777381327073	0.266	0.215	2.71136642374281e-26	IRF2	c3
7.35999548228502e-07	0.599073075953506	0.084	0.069	0.0246839528484875	PAOX	c3
1.47204183555667e-19	0.592717009803969	0.226	0.191	4.93693390808994e-15	TEX264	c3
5.65260533039912e-23	0.592402186340875	0.204	0.162	1.89577077570926e-18	TBC1D2B	c3
2.94978993571008e-09	0.59096868638433	0.136	0.115	9.89300548638446e-05	SKA2	c3
4.94790680070176e-07	0.589427149477817	0.091	0.074	0.0165942898281936	STAMBPL1	c3
2.82560736611193e-55	0.589147607407919	0.39	0.319	9.47652198446618e-51	CCDC167	c3
1.86951941873908e-08	0.582567911793298	0.129	0.109	0.000626999422656714	APOBEC3H	c3
5.50753964144995e-34	0.581746324076237	0.296	0.239	1.84711864494948e-29	YPEL2	c3
3.19970295330745e-10	0.581736236649339	0.132	0.11	1.07311637648025e-05	SLC35B2	c3
2.5853233365358e-121	0.577167989254448	0.572	0.447	8.67065740607376e-117	IKZF3	c3
9.61310793909063e-13	0.576987277004173	0.162	0.134	3.22404414061221e-08	PYHIN1	c3
2.50873523840084e-10	0.576359924188507	0.094	0.072	8.41379624254873e-06	TRBV7-9	c3
3.33680986865867e-97	0.573938583212685	0.546	0.447	1.11909929375075e-92	LCK	c3
9.09190560235406e-28	0.573917160009586	0.261	0.215	3.04924330091751e-23	THYN1	c3
1.08784159280972e-113	0.573899228921513	0.572	0.458	3.64840313396524e-109	JAML	c3
6.45738946956904e-09	0.563440626995206	0.123	0.102	0.000216567928030407	TRG-AS1	c3
1.08646580125709e-214	0.561903498935687	0.868	0.788	3.64378900425603e-210	ITM2B	c3
1.15852845499787e-61	0.560700211406075	0.448	0.372	3.88547273237185e-57	TRAC	c3
1.54244953623305e-12	0.559934308515467	0.196	0.171	5.17306725461841e-08	NAA38	c3
8.65195379771815e-10	0.55960952726717	0.154	0.131	2.90169226467871e-05	KRCC1	c3
2.08315289465287e-11	0.557175596276412	0.169	0.144	6.9864781780868e-07	STAMBP	c3
4.00358240454579e-18	0.554925604915807	0.173	0.137	1.34272146683657e-13	LAX1	c3
2.93243826722798e-110	0.554571695217231	0.644	0.564	9.83481146062921e-106	NCOR1	c3
2.35014826937185e-08	0.552728713026539	0.107	0.087	0.000788192726581931	PANK4	c3
2.49890132749826e-144	0.549615529603014	0.692	0.578	8.38081527216366e-140	PSMB9	c3
1.12056104829008e-17	0.546956795328464	0.198	0.162	3.75813764375527e-13	PIK3CD	c3
1.42825276808494e-10	0.543329545919343	0.135	0.111	4.79007413360326e-06	BTN3A3	c3
7.36865100147941e-28	0.542358125815982	0.321	0.279	2.47129817287616e-23	TMEM14B	c3
2.53977172269693e-11	0.537646731651481	0.178	0.154	8.51788640358095e-07	JKAMP	c3
8.92285894769161e-10	0.535511701839953	0.146	0.123	2.99254843387681e-05	RGS14	c3
1.71845255293071e-10	0.535200893346847	0.17	0.147	5.76334617201902e-06	WDR54	c3
1.19861874831354e-08	0.53507451579196	0.151	0.13	0.000401992755809396	XRCC1	c3
2.15566844858049e-22	0.53494495807107	0.193	0.15	7.22968084284926e-18	IL9R	c3
2.14112634176513e-10	0.531601830597472	0.172	0.149	7.18090952501188e-06	NUDT22	c3
7.9745908038511e-235	0.530984441526245	0.884	0.729	2.67451826379558e-230	NKG7	c3
1.77826862260773e-14	0.527857931656289	0.167	0.136	5.96395730650179e-10	GLIPR2	c3
2.52860873721608e-36	0.527091337938909	0.344	0.29	8.4804479828753e-32	SHISA5	c3
5.23312829284944e-13	0.526078857137476	0.187	0.159	1.75508656685584e-08	GBP4	c3
4.66629065569382e-15	0.525323564914232	0.205	0.173	1.56498056010659e-10	SNAP47	c3
1.61787842367689e-84	0.525206190959305	0.536	0.444	5.42604065732755e-80	LCP2	c3
2.76255568872544e-21	0.523633517440444	0.276	0.239	9.26505926884738e-17	ZCRB1	c3
1.06248732121432e-07	0.52249337844355	0.11	0.092	0.0035633699778886	USP25	c3
1.81237557558611e-16	0.521203877925437	0.226	0.195	6.0783452054007e-12	RNF187	c3
1.47573286351168e-07	0.521076253664718	0.127	0.108	0.00494931287764548	CEBPZOS	c3
3.6294263988876e-16	0.514622281993201	0.175	0.14	1.21723702565892e-11	CENPF	c3
2.99249307779729e-10	0.514126912837082	0.131	0.107	1.00362232843166e-05	PINK1	c3
2.06254663652401e-11	0.513252236202227	0.204	0.178	6.91736890957421e-07	LINC01943	c3
9.94575331539629e-205	0.513146075671966	0.868	0.748	3.33560674691761e-200	APOBEC3G	c3
2.96763835590869e-10	0.511552766888747	0.163	0.14	9.95286551804657e-06	PNKD	c3
6.37446261231655e-26	0.511342411847677	0.311	0.268	2.13786727091873e-21	BTN3A2	c3
1.97938992668941e-10	0.506683105624795	0.19	0.167	6.63847793613096e-06	WASHC3	c3
6.06406678001168e-15	0.505533884099246	0.215	0.185	2.03376671668032e-10	COMMD8	c3
3.57443100916819e-07	0.503971635648266	0.155	0.138	0.0119879267185483	MTIF3	c3
8.63481320430345e-20	0.503924661981516	0.269	0.231	2.89594365245929e-15	ECI2	c3
4.29375670552909e-22	0.502406802644983	0.273	0.232	1.44004012390035e-17	GRAP2	c3
1.25378412677784e-20	0.501937882880845	0.236	0.197	4.2049412043875e-16	CCM2	c3
3.66882983649783e-17	0.497940818598651	0.245	0.211	1.23045215056464e-12	BLOC1S1	c3
1.35233081934131e-16	0.497140762545897	0.228	0.194	4.53544710190688e-12	PLA2G16	c3
1.08019711454843e-06	0.496493265689635	0.145	0.129	0.0362276508277251	APEH	c3
7.66652265527966e-22	0.496416781807816	0.295	0.256	2.57119836812769e-17	NIN	c3
8.85405798986227e-23	0.496056800481369	0.301	0.265	2.96947396864001e-18	NDUFB7	c3
2.03810866672899e-23	0.495754072126723	0.284	0.243	6.83540884647567e-19	CSK	c3
7.14564857063561e-07	0.488922293578018	0.138	0.121	0.0239650761761977	CUTC	c3
8.90780346453814e-18	0.485842848221004	0.256	0.223	2.9874991259368e-13	ATRAID	c3
1.33818887176886e-09	0.485166534613439	0.176	0.155	4.4880178381384e-05	UBL4A	c3
9.51869739508717e-17	0.483694889450566	0.254	0.222	3.19238073236433e-12	ZNRF1	c3
1.06216369658769e-74	0.478497214692193	0.614	0.541	3.56228460561579e-70	CLDND1	c3
2.24639043728364e-09	0.475999353859209	0.147	0.124	7.53394424856188e-05	PTPN4	c3
8.10993274433872e-35	0.475306277983841	0.393	0.343	2.71990924379632e-30	ARHGAP30	c3
2.32663562281884e-17	0.475032668592316	0.245	0.211	7.80307055180981e-13	SMIM29	c3
5.62908391292287e-21	0.472924107974958	0.257	0.213	1.88788216271607e-16	BBC3	c3
1.79316742648116e-14	0.472558609572719	0.27	0.241	6.01392491493252e-10	ITGAL	c3
8.41317735149365e-28	0.468322754084422	0.368	0.32	2.82161142014394e-23	MT1F	c3
1.71250838677241e-19	0.468022407132792	0.305	0.273	5.74341062755732e-15	IFI27L2	c3
3.79886113646813e-10	0.467564271937467	0.162	0.137	1.27406204794868e-05	SETD1B	c3
1.05390896315862e-07	0.46542241160483	0.15	0.13	0.00353459988064137	PIP4K2A	c3
9.1846317290685e-09	0.464897809245157	0.172	0.151	0.000308034178929499	TNFRSF1A	c3
7.91246041566591e-17	0.464194249325833	0.267	0.236	2.65368097420603e-12	NDUFS2	c3
2.86949561186497e-07	0.464126054969277	0.149	0.131	0.00962371438307274	PQLC3	c3
4.17463633954704e-25	0.463266704197998	0.334	0.291	1.40008953555729e-20	LYSMD2	c3
2.36029014835372e-17	0.462429550073671	0.283	0.25	7.91594109954872e-13	ASF1A	c3
1.01219372521896e-15	0.45674097601579	0.244	0.211	3.39469531563934e-11	TBCD	c3
4.06239813011601e-16	0.45622305967252	0.254	0.223	1.36244708487831e-11	HAGH	c3
1.05742013020898e-10	0.455728385864976	0.189	0.164	3.54637563269489e-06	IL16	c3
2.22052064612806e-09	0.454797296354508	0.145	0.121	7.4471821429843e-05	ABCB1	c3
4.76386710302924e-23	0.452919543988634	0.324	0.284	1.59770574901395e-18	GALM	c3
6.66509566724057e-08	0.452398568963772	0.186	0.168	0.00223533978487914	POLR3GL	c3
2.74487517408641e-09	0.451015354808132	0.192	0.17	9.20576235885101e-05	RAPGEF1	c3
6.39548632154525e-15	0.450885646595175	0.245	0.215	2.14491820251984e-10	SKAP1	c3
2.64555043526544e-17	0.44992670805408	0.269	0.233	8.87264704979323e-13	UBL3	c3
5.81058359705369e-26	0.449323479568502	0.358	0.32	1.94875352677987e-21	MRPS34	c3
8.29041798740965e-29	0.44801298107094	0.364	0.32	2.78044038461745e-24	ARL6IP6	c3
5.63555564064899e-09	0.447470580736812	0.146	0.123	0.000189005265076086	TP53INP1	c3
7.53604304478014e-23	0.445899761074199	0.342	0.306	2.52743811635836e-18	PSMB10	c3
3.77644904794853e-21	0.445226393795655	0.315	0.278	1.26654548170098e-16	CARD19	c3
4.889696081104e-47	0.443764862028208	0.439	0.368	1.63990627168066e-42	CITED2	c3
7.4711899826828e-08	0.443524888724971	0.141	0.121	0.00250568769639216	TRANK1	c3
2.15477705460542e-07	0.441332075611201	0.18	0.162	0.00722669128573567	FKBP3	c3
1.7592798747789e-16	0.438974125920765	0.283	0.252	5.90027284403346e-12	PARP1	c3
6.47237102395997e-43	0.438713357917209	0.477	0.423	2.17070379401569e-38	TSPAN14	c3
4.6902547293327e-13	0.437602878493717	0.247	0.219	1.5730176311236e-08	XPC	c3
4.88665683944038e-84	0.43695792391936	0.655	0.59	1.63888697081151e-79	DYNLRB1	c3
1.2921181762279e-21	0.436456819560332	0.312	0.272	4.33350593943314e-17	MED25	c3
2.85325804327128e-40	0.435018058953014	0.441	0.386	9.56925682552321e-36	MGAT1	c3
1.56798141304774e-20	0.434791514873544	0.316	0.278	5.2586960630795e-16	PRRC2B	c3
8.53788693517793e-67	0.433154639424828	0.472	0.36	2.86343652031997e-62	GZMK	c3
2.83393576670531e-08	0.432113767716481	0.219	0.202	0.000950445377437627	MITD1	c3
6.55997993315834e-40	0.430175444419151	0.476	0.428	2.20008606998264e-35	ATP5IF1	c3
1.88883586943535e-14	0.427925358469082	0.274	0.249	6.33477773891227e-10	COPZ1	c3
3.13162364931821e-29	0.427106309835499	0.381	0.341	1.05028393950834e-24	PIN1	c3
2.54956691085597e-07	0.425510105805096	0.194	0.177	0.00855073750562874	RGS19	c3
1.98408415447635e-17	0.425307383759058	0.304	0.272	6.65422143728277e-13	ARHGAP45	c3
7.28684345013854e-110	0.424467037376195	0.773	0.685	2.44386155630746e-105	LIMD2	c3
1.30012901055627e-16	0.422866431625112	0.328	0.303	4.36037267560363e-12	DNPH1	c3
4.66849224013466e-08	0.420122193852064	0.191	0.172	0.00156571892749636	S100PBP	c3
3.53539903277529e-16	0.418142626483308	0.277	0.245	1.18570212761218e-11	YPEL3	c3
2.76932383235488e-12	0.418078717137633	0.272	0.249	9.28775826895181e-08	ADH5	c3
2.06146918453533e-08	0.414620442810491	0.218	0.199	0.000691375535109459	GTF2I	c3
4.97749827119784e-48	0.414280535228103	0.514	0.457	1.66935337019433e-43	TRAPPC1	c3
1.32221505510955e-108	0.414217377591198	0.768	0.673	4.43444485182641e-104	ARL6IP5	c3
7.78723365613433e-12	0.412398689104359	0.243	0.217	2.61168242359433e-07	LPIN2	c3
9.83665879333072e-12	0.412000460072213	0.253	0.228	3.29901862610726e-07	SF3B3	c3
2.45275300202089e-39	0.411451072857246	0.482	0.436	8.22604301817765e-35	UBE2L6	c3
7.91985629228937e-14	0.409938810155498	0.301	0.28	2.65616140330801e-09	POLR2G	c3
2.85061942595139e-07	0.409862534424414	0.191	0.173	0.00956040743075578	C15orf61	c3
1.46967968968877e-09	0.407579846679264	0.244	0.225	4.9290117432782e-05	NDUFA8	c3
9.88496260255878e-13	0.406221135587134	0.225	0.191	3.31521875764616e-08	IFITM3	c3
6.99619415700029e-07	0.406103272944775	0.16	0.142	0.0234638359637476	PRR5L	c3
1.41370073441385e-15	0.405618810792812	0.297	0.264	4.74126952307717e-11	CASP8	c3
3.23197069705954e-07	0.399185465916494	0.202	0.185	0.0108393833237983	MINDY2	c3
6.67245828798098e-15	0.396025705558852	0.308	0.281	2.23780906062306e-10	TSC22D4	c3
5.80949004872493e-07	0.394292531883728	0.198	0.181	0.0194838677254137	LNPEP	c3
9.15119153105503e-170	0.39389290887361	0.878	0.728	3.06912661568524e-165	CST7	c3
1.39981093020353e-18	0.392896285587905	0.323	0.292	4.6946858977166e-14	MRPL43	c3
3.40389881862152e-09	0.389758190240615	0.205	0.183	0.000114159958578929	THAP11	c3
2.53636811668985e-13	0.389733241071679	0.3	0.274	8.50647138975442e-09	PSIP1	c3
4.49468971076404e-11	0.388823580538493	0.28	0.261	1.50742903519604e-06	NDUFB3	c3
7.27379205586846e-07	0.388475451934797	0.226	0.212	0.0243948437969717	TTC1	c3
5.17814786249375e-13	0.388381977948566	0.248	0.215	1.73664723012315e-08	CMC1	c3
2.59788101248323e-37	0.387061723423511	0.519	0.476	8.71277333966627e-33	PAXX	c3
1.16149040029269e-07	0.386758157096323	0.244	0.23	0.00389540650450164	POLD4	c3
3.32843825047791e-24	0.385901862646694	0.407	0.378	1.11629162044528e-19	NEDD8	c3
8.29542076926918e-52	0.384522818753636	0.635	0.581	2.7821182175975e-47	PTPRCAP	c3
3.65851074365097e-09	0.384333082076206	0.237	0.219	0.000122699133320566	MRPL28	c3
1.50087199526178e-10	0.383004730460783	0.267	0.247	5.03362449770895e-06	NT5C	c3
8.17447075638163e-14	0.382817023060584	0.285	0.26	2.74155400227527e-09	PRDX3	c3
4.78974100694215e-07	0.382504837288831	0.215	0.201	0.0160638333890826	PPP1R7	c3
4.0778992108956e-21	0.381465625118334	0.351	0.318	1.36764583735016e-16	MRPL34	c3
2.77880014913123e-147	0.380173376046969	0.901	0.837	9.31953994015633e-143	CD3D	c3
2.78421182966955e-09	0.380046711118997	0.244	0.225	9.33768963434575e-05	CCDC90B	c3
5.72735884973671e-09	0.379988516244613	0.253	0.236	0.00019208416110247	CDIPT	c3
2.60947419373705e-08	0.376589653049592	0.242	0.227	0.000875165455095534	MRPS18B	c3
1.2709901479384e-16	0.375107986701043	0.331	0.305	4.26264675815581e-12	FAM96A	c3
9.03882990904401e-99	0.374993150768738	0.808	0.718	3.03144277489518e-94	LSP1	c3
3.63523730366116e-09	0.374758750137436	0.259	0.24	0.000121918588690188	SYNRG	c3
3.08197825176405e-136	0.374559321538804	0.908	0.839	1.03363386607663e-131	CD2	c3
2.69780450340955e-29	0.373049213598847	0.457	0.417	9.04789674353494e-25	ARPC5L	c3
7.43991462844135e-63	0.372791814504835	0.676	0.614	2.49519856808666e-58	NAP1L4	c3
8.04500643650194e-07	0.371265733776159	0.237	0.223	0.0269813425867402	DEF6	c3
3.53530205765766e-12	0.371022163948719	0.326	0.308	1.18566960409723e-07	BPTF	c3
1.13647009383947e-21	0.370928779562711	0.384	0.354	3.81149340071882e-17	LAMTOR1	c3
8.88669244785819e-69	0.370157004757638	0.707	0.638	2.98041891316268e-64	CD8B	c3
1.97029984228489e-23	0.369626877666586	0.379	0.342	6.60799161105507e-19	PPP1R18	c3
1.68727148161425e-07	0.367405070635266	0.208	0.191	0.00565877109503789	DKC1	c3
2.50128964454813e-37	0.36676053725869	0.363	0.295	8.38882520988552e-33	TXNIP	c3
3.2063018621063e-17	0.364845117450484	0.385	0.363	1.07532951851321e-12	VDAC3	c3
1.01092514151564e-08	0.363221436567856	0.266	0.249	0.000339044073961516	C12orf65	c3
3.59033135025238e-63	0.361805808580256	0.682	0.612	1.20412532824764e-58	FYB1	c3
1.11421271782979e-31	0.360683921202085	0.543	0.488	3.73684661305753e-27	OASL	c3
7.1214741508304e-17	0.360199600777468	0.36	0.334	2.3884000007055e-12	RSBN1L	c3
7.34199582520117e-38	0.359127756319503	0.524	0.48	2.46235855985597e-33	VPS28	c3
4.20794125102309e-07	0.359057726435338	0.199	0.181	0.0141125933676812	KIF22	c3
1.99530745478851e-19	0.355930910691145	0.397	0.371	6.6918621418697e-15	DCTN3	c3
4.48485738547231e-07	0.355582272809744	0.224	0.209	0.015041314699397	SPG21	c3
4.45258322019346e-55	0.355251499400308	0.685	0.64	1.49330736038848e-50	PBXIP1	c3
6.74499379048413e-09	0.355130931779545	0.241	0.221	0.000226213601745257	DNAJC19	c3
2.21970850419633e-14	0.354829880006007	0.211	0.176	7.44445838137366e-10	FASLG	c3
5.07232827620142e-39	0.354059459101562	0.513	0.461	1.70115745727243e-34	TMEM43	c3
1.54977111610157e-12	0.351957445215374	0.333	0.316	5.19762236918143e-08	SPAG7	c3
4.58827191106474e-07	0.350813375573903	0.228	0.213	0.0153881463353289	CTDSP1	c3
2.02445988354435e-17	0.35047625499516	0.396	0.369	6.78963355743105e-13	SEPT9	c3
1.66322542398269e-10	0.350154378145158	0.311	0.294	5.57812542695314e-06	ZNHIT1	c3
6.28184606365273e-08	0.347881703034311	0.283	0.272	0.00210680553282785	LAMTOR4	c3
1.77357753604935e-45	0.347138596863499	0.46	0.382	5.9482243404023e-41	CHST12	c3
9.9166027727565e-15	0.346835342120136	0.352	0.33	3.32583023792707e-10	TMEM160	c3
4.07819772837879e-47	0.346617466621361	0.639	0.592	1.36774595414368e-42	DRAP1	c3
3.30048654283438e-34	0.346335120610812	0.537	0.495	1.1069171767358e-29	YARS	c3
2.77429388347478e-08	0.345024907559841	0.278	0.264	0.000930442682639772	RNF167	c3
2.485083411803e-41	0.344457835956324	0.539	0.494	8.33447274650489e-37	NDUFB10	c3
1.5546279820947e-19	0.34328218861147	0.406	0.377	5.2139113263492e-15	DAD1	c3
1.9724026675816e-14	0.341282911482623	0.326	0.297	6.61504406653518e-10	IDH2	c3
8.21117692875768e-11	0.340527008746039	0.28	0.258	2.75386451836675e-06	TMEM109	c3
9.43168662304204e-14	0.339701189697366	0.33	0.307	3.16319905963584e-09	C19orf70	c3
2.83402666771592e-19	0.339427865031324	0.389	0.353	9.50475863818566e-15	TMX4	c3
3.10228829636308e-41	0.337597702355136	0.579	0.536	1.04044544883425e-36	KRTCAP2	c3
3.51735134901896e-58	0.337044017695339	0.687	0.631	1.17964929543398e-53	RBX1	c3
1.72253047565204e-07	0.336951053509965	0.27	0.255	0.00577702270924181	C12orf75	c3
5.48744952821137e-50	0.334505166036582	0.637	0.593	1.84038082277153e-45	PET100	c3
1.02180595772106e-08	0.334387459467735	0.282	0.268	0.000342693282100488	ORMDL1	c3
4.92361967159892e-52	0.333161290048418	0.663	0.6	1.65128356546085e-47	ITGAE	c3
1.89507067287094e-08	0.33305739706702	0.277	0.261	0.000635568802267456	TRAPPC2L	c3
8.95234064385892e-08	0.333046909797575	0.266	0.252	0.0030024360051374	DPY30	c3
4.20229230087192e-11	0.332102633855991	0.332	0.316	1.40936479186642e-06	FDFT1	c3
1.35735426725517e-07	0.332100236106739	0.272	0.259	0.00455229474152038	PYURF	c3
1.55944209671436e-64	0.328608327691609	0.759	0.713	5.23005690396061e-60	SEPT7	c3
7.10417318895702e-11	0.328522034682138	0.323	0.304	2.38259760411241e-06	CNPY3	c3
5.23724794524744e-12	0.32685113407648	0.331	0.312	1.75646821587709e-07	TMEM179B	c3
1.84019149002764e-07	0.32604831580915	0.265	0.251	0.0061716342192547	CCDC115	c3
3.55308458641909e-11	0.325720007280529	0.308	0.29	1.19163350859323e-06	NDUFS8	c3
1.93231311902644e-14	0.324497822036348	0.388	0.369	6.48059173859087e-10	FIS1	c3
1.58194281938192e-12	0.323841729136657	0.328	0.306	5.30551982764307e-08	MVP	c3
1.21302939884327e-10	0.322081060109294	0.353	0.338	4.06825799784057e-06	PPHLN1	c3
7.67918785948063e-23	0.321978184590907	0.467	0.439	2.57544602431261e-18	GTF3A	c3
5.11602851573614e-07	0.321486962618243	0.283	0.27	0.0171581364360759	STK10	c3
6.0966042084043e-24	0.320560789413844	0.508	0.47	2.04467911941464e-19	LAT	c3
4.1789193212307e-33	0.320515624709697	0.562	0.522	1.40152596195435e-28	PPP1R12A	c3
2.81106097470123e-07	0.318485822000792	0.244	0.226	0.009427736296953	ABI3	c3
5.58543908190017e-22	0.317023600071899	0.472	0.446	1.87324455928768e-17	POLR2I	c3
2.22138807233692e-12	0.314601910691226	0.373	0.359	7.45009131700355e-08	DCTN2	c3
1.98523595787719e-50	0.314009272031535	0.654	0.587	6.65808435552853e-46	EVL	c3
5.79973125632012e-12	0.313333630132485	0.337	0.318	1.94511386874464e-07	SNX17	c3
2.21109470989063e-07	0.312252781323449	0.242	0.225	0.00741556943803118	CAB39	c3
8.51961936922201e-13	0.310884044336174	0.368	0.347	2.85730994404968e-08	SUN2	c3
7.02617402548463e-08	0.308944053477231	0.307	0.294	0.00235643824466704	VOPP1	c3
1.13533476547334e-22	0.308175268184284	0.474	0.447	3.80768573644448e-18	NDUFC1	c3
3.97272236600808e-08	0.30802832648868	0.284	0.269	0.00133237162711179	ODF2L	c3
3.43476491147098e-30	0.307922002424572	0.197	0.142	1.15195145600914e-25	CCL3	c3
4.14698360690174e-87	0.307284092026634	0.768	0.651	1.39081536208271e-82	CXCL13	c3
1.4607890479189e-06	0.306524103069805	0.281	0.272	0.0489919430891041	CHMP1A	c3
1.13364323063294e-59	0.306106857627995	0.581	0.469	3.80201266689676e-55	CXCR6	c3
1.55272800750505e-20	0.305583136589881	0.442	0.41	5.20753919157045e-16	ANP32A	c3
1.19944997743072e-06	0.304493980820206	0.204	0.184	0.0402271533430715	ETV7	c3
1.48258867544204e-21	0.303485153129491	0.493	0.472	4.97230589969753e-17	FKBP8	c3
2.15748186710418e-10	0.303373777357239	0.362	0.351	7.23576268589399e-06	AIP	c3
3.20096981756273e-10	0.30279542049706	0.341	0.326	1.07354125741419e-05	IAH1	c3
2.33873301799039e-18	0.301761629454886	0.441	0.42	7.84364279573618e-14	PDCD6	c3
5.12538269300633e-25	0.300773537231535	0.491	0.459	1.71895084758046e-20	TBCB	c3
5.75524683835649e-44	0.299784812820489	0.686	0.647	1.930194684648e-39	PSMB8	c3
5.96961611347575e-13	0.298401440144907	0.403	0.38	2.0020898521375e-08	LBH	c3
6.04049092703494e-07	0.297938469225577	0.326	0.32	0.0202585984710898	METTL26	c3
3.9443478022802e-13	0.293953130466766	0.397	0.382	1.32285536592873e-08	C8orf59	c3
4.17183517124572e-15	0.292633441997881	0.426	0.404	1.39915007973239e-10	CBX3	c3
1.49276155545706e-12	0.291868074054186	0.415	0.399	5.00642370469189e-08	EMB	c3
9.42164759346716e-35	0.291491119750606	0.63	0.596	3.15983216989702e-30	UQCR11	c3
5.3844949319579e-18	0.29022329957727	0.448	0.428	1.80585191028004e-13	MRPL51	c3
8.97256440273171e-15	0.290221303177851	0.42	0.398	3.00921864938816e-10	PARP8	c3
5.4074013332283e-07	0.290031844400683	0.308	0.298	0.0181353425913811	TNRC6B	c3
1.186885322267e-25	0.288147954654452	0.522	0.478	3.98057599381908e-21	RNF213	c3
6.5944099470446e-11	0.287203531264254	0.364	0.345	2.21163320803982e-06	SUMO3	c3
4.47353158988625e-47	0.285926958675541	0.723	0.684	1.50033302461605e-42	RABAC1	c3
6.55856879176003e-35	0.284453963127842	0.606	0.562	2.19961280138048e-30	APBB1IP	c3
1.93578660241136e-59	0.284095898500062	0.775	0.698	6.4922411071672e-55	HLA-DPB1	c3
3.82473432714278e-33	0.28239129828053	0.579	0.524	1.28273939863714e-28	LY6E	c3
1.63617922218388e-105	0.2818548821675	0.946	0.906	5.48741787536029e-101	CD3E	c3
6.65264120072109e-21	0.281331577364489	0.486	0.462	2.23116280589784e-16	ATP5PF	c3
1.3969873288055e-06	0.280979021052074	0.309	0.302	0.0468521610334789	NDUFS7	c3
3.06500515410698e-16	0.279817969421036	0.433	0.413	1.0279414285844e-11	SSBP1	c3
3.59633201468339e-23	0.279569563722578	0.508	0.475	1.20613783108452e-18	GMFG	c3
8.00492786756414e-08	0.277192637198174	0.321	0.311	0.00268469270822366	SCAMP3	c3
2.83859264670064e-31	0.277119794628374	0.503	0.444	9.52007201850462e-27	LAG3	c3
1.551246110667e-20	0.275982240076774	0.505	0.478	5.20256920595499e-16	RPS27L	c3
1.43503274005409e-06	0.27558363103681	0.263	0.249	0.048128128035934	CFAP298	c3
5.79909528320891e-30	0.275414618464694	0.578	0.536	1.94490057608261e-25	HNRNPLL	c3
2.39922115104443e-29	0.274807337750835	0.603	0.577	8.04650789637281e-25	HCLS1	c3
7.70158670257348e-34	0.273858103717806	0.617	0.571	2.58295814830909e-29	HCST	c3
5.85663080207167e-12	0.27369520271926	0.421	0.409	1.9641968383988e-07	DDX46	c3
2.58220828675887e-126	0.273085240909059	0.985	0.941	8.66021015213189e-122	SH3BGRL3	c3
7.5478528715238e-15	0.271405257992198	0.442	0.422	2.53139889605165e-10	RHOF	c3
4.47722241685322e-08	0.271259697169099	0.349	0.344	0.00150157085416423	TRAPPC3	c3
9.22553412785347e-23	0.270193489614178	0.539	0.518	3.0940596357995e-18	NDUFA3	c3
1.21636743956302e-09	0.269109028915817	0.376	0.363	4.07945311880644e-05	NUCKS1	c3
5.17556446393224e-09	0.267994566165871	0.359	0.35	0.000173578080991359	ASNA1	c3
1.51630332142501e-18	0.265781211131445	0.486	0.468	5.0853780793952e-14	SSNA1	c3
1.36807212759285e-17	0.265526217603991	0.508	0.49	4.5882403015209e-13	PRDX5	c3
2.85283993774332e-09	0.265367530486915	0.403	0.399	9.56785458320354e-05	RAB1B	c3
2.09373776781559e-18	0.263948716171661	0.505	0.479	7.02197772569993e-14	ATP2B4	c3
7.55829525827448e-07	0.263356681344527	0.34	0.334	0.0253490106372009	WAS	c3
2.21755291042484e-34	0.261837758265858	0.603	0.542	7.43722895098284e-30	SELPLG	c3
2.19401813467763e-62	0.261564956248187	0.789	0.709	7.35829802008185e-58	HLA-DPA1	c3
9.60802633429802e-11	0.260691796847049	0.407	0.397	3.22233987199687e-06	ANAPC16	c3
4.60986041960494e-36	0.259020194621382	0.687	0.657	1.5460549875271e-31	UQCR10	c3
5.63491678469876e-16	0.258120510874183	0.493	0.481	1.88983839125227e-11	TCEA1	c3
4.09039255792729e-24	0.254621286599982	0.526	0.488	1.37183585607766e-19	GBP2	c3
1.44293128778526e-55	0.253046333884139	0.763	0.689	4.83930295297419e-51	CD52	c3
1.34763719973327e-32	0.252374301308184	0.64	0.615	4.51970564046544e-28	SPCS1	c3
3.83416321929614e-17	0.250588201666363	0.48	0.455	1.28590166048754e-12	APMAP	c3
5.45697306149511e-07	0.250427699859469	0.336	0.327	0.0183015962536423	EHD1	c3
1.95009262431583e-18	0.24963066739209	0.549	0.538	6.54022064343044e-14	GABARAPL2	c3
1.25815179870292e-12	0.249083947763002	0.43	0.414	4.21958950248986e-08	ANAPC11	c3
1.8243924013348e-14	0.248121413234871	0.491	0.467	6.11864723559666e-10	UCP2	c3
3.84054239965646e-18	0.247803051528694	0.52	0.505	1.28804110999678e-13	PSMA5	c3
4.49048727845329e-15	0.247759423082712	0.397	0.362	1.50601962344766e-10	GGA2	c3
3.97399503689442e-09	0.246826142534256	0.401	0.389	0.000133279845547365	KMT2A	c3
3.97810174010517e-12	0.246560592455684	0.423	0.407	1.33417576159647e-07	NDUFA12	c3
2.483151818368e-41	0.245166597241228	0.771	0.742	8.3279945684426e-37	ATP5MD	c3
4.72093184776542e-12	0.245150943431628	0.447	0.439	1.58330612310357e-07	SRP9	c3
1.0193633896783e-17	0.244100140019591	0.549	0.541	3.41874093630309e-13	IK	c3
2.04435558437526e-10	0.243441028610321	0.396	0.384	6.85635975887776e-06	STUB1	c3
7.30234818498085e-09	0.243242121481532	0.363	0.35	0.000244906153427888	MGST3	c3
1.11029381116674e-06	0.24199025630725	0.375	0.367	0.0372370338389102	BIN1	c3
3.04802219737328e-12	0.241281727856732	0.487	0.476	1.02224568455505e-07	OSBPL8	c3
4.82391966861734e-13	0.240718332732748	0.453	0.438	1.61784617846088e-08	PDCD5	c3
5.4876873129843e-67	0.23965812976765	0.866	0.795	1.84046057102868e-62	IL32	c3
4.04114942236255e-15	0.238408941294467	0.551	0.547	1.35532069327195e-10	UFC1	c3
1.3136132052302e-21	0.235288310300551	0.587	0.565	4.40559596770104e-17	ATP5MPL	c3
6.934935079275e-49	0.234344711589022	0.828	0.752	2.32583852688725e-44	HLA-DRB5	c3
4.69169100199418e-38	0.232417580278999	0.809	0.767	1.57349932824881e-33	EMP3	c3
4.72740500974504e-12	0.231867632247495	0.468	0.459	1.58547709216829e-07	SF3A2	c3
1.39127924298198e-14	0.231027312874706	0.518	0.512	4.66607232511297e-10	PCMT1	c3
3.96533636590804e-07	0.230852649082496	0.385	0.38	0.0132989451039824	TRIM22	c3
1.41145038514251e-08	0.230834444999349	0.42	0.41	0.000473372230169094	KIAA1551	c3
4.43662808920811e-71	0.229089564436038	0.942	0.924	1.48795632855861e-66	SUMO2	c3
1.14093401477842e-30	0.228511458730537	0.708	0.656	3.82646449876387e-26	MYL12A	c3
1.72728952240123e-08	0.228359566719019	0.4	0.389	0.000579298360022923	GZMM	c3
1.6540204786065e-30	0.227909745457521	0.696	0.677	5.54725388115049e-26	TMEM59	c3
6.69034635222466e-18	0.227344884165398	0.544	0.525	2.24380835960911e-13	TWF2	c3
1.41949020214672e-08	0.226447720575398	0.422	0.419	0.000476068623995965	NDUFS6	c3
2.53223015405126e-09	0.224900653215994	0.433	0.429	8.4925934906571e-05	MDH2	c3
6.43065487241878e-58	0.222648839842445	0.918	0.901	2.15671303111181e-53	UQCRB	c3
6.78992845843095e-17	0.221489992423905	0.578	0.559	2.27720620638857e-12	ZYX	c3
5.66358293314123e-61	0.221041303488972	0.939	0.913	1.89945244411691e-56	ATP5MG	c3
5.08684443652432e-19	0.220608406423897	0.588	0.57	1.70602588712153e-14	COPE	c3
9.29159741104961e-14	0.219333371688491	0.504	0.492	3.11621593971782e-09	RAD23A	c3
9.12994257438377e-12	0.219010644150399	0.468	0.455	3.06200014059683e-07	AES	c3
2.94096118921152e-37	0.218754561275863	0.812	0.781	9.86339563637759e-33	PSME1	c3
2.41377290322755e-11	0.217749989809133	0.462	0.44	8.09531156284454e-07	ARL4C	c3
7.31850540414661e-10	0.216658947528595	0.426	0.411	2.45448034244269e-05	SYNE2	c3
1.70462948567999e-27	0.216386737088937	0.684	0.661	5.71698636907353e-23	GNB2	c3
8.89913206614575e-15	0.215046025695108	0.227	0.186	2.98459091234396e-10	GNLY	c3
7.2064139672877e-32	0.213967456691788	0.76	0.731	2.41688711634895e-27	TAP1	c3
4.43351804134134e-18	0.211646063164586	0.592	0.567	1.48691328070506e-13	ARHGAP9	c3
2.38106101750191e-07	0.210521081665198	0.427	0.425	0.00798560244049789	GPSM3	c3
1.7786616590079e-32	0.210279342411667	0.691	0.616	5.96527547198069e-28	HLA-DRA	c3
4.43384633636743e-57	0.208997578849971	0.914	0.893	1.48702338429091e-52	TOMM7	c3
7.31497852450732e-34	0.208152358647391	0.764	0.729	2.45329749754926e-29	ELOB	c3
4.51448801393817e-15	0.20652744536041	0.583	0.575	1.51406899011458e-10	ATP5ME	c3
1.39687096845561e-06	0.206332628543233	0.392	0.393	0.0468482585400644	SNRPC	c3
1.114289478755e-07	0.206290606419712	0.434	0.435	0.00373710405384854	SCAMP2	c3
2.72389925183469e-13	0.206005567618586	0.531	0.519	9.13541331080318e-09	CD247	c3
1.31343767420837e-06	0.205675715999839	0.368	0.349	0.0440500727176005	KLRB1	c3
2.62651338186051e-07	0.205541222861477	0.415	0.413	0.00880880058008376	PRMT2	c3
9.74962840042308e-07	0.204174019459214	0.389	0.388	0.0326983037293389	MDH1	c3
1.9032943829047e-08	0.203037553534863	0.451	0.454	0.000638326870138578	COPS9	c3
4.79941153721116e-35	0.202788888796252	0.812	0.762	1.60962664134988e-30	CORO1A	c3
1.03883721668023e-16	0.202018741485663	0.585	0.55	3.48405225730216e-12	TIGIT	c3
3.39010208517879e-13	0.201747950570441	0.559	0.555	1.13697243732726e-08	SP100	c3
1.29217744463432e-23	0.201217537614337	0.728	0.712	4.33370471381458e-19	C12orf57	c3
4.96676479128941e-11	0.200646331172965	0.47	0.455	1.66575357570264e-06	TSPO	c3
1.07708409288951e-11	0.199901064125966	0.526	0.526	3.61232463073285e-07	MEAF6	c3
1.85175218486326e-10	0.199887861865997	0.488	0.483	6.2104064775944e-06	CCNDBP1	c3
5.10225942819e-11	0.198473503294099	0.494	0.487	1.71119576702636e-06	XRCC5	c3
1.53314911704325e-12	0.198246779113981	0.529	0.521	5.14187550873965e-08	APRT	c3
9.58519507795173e-09	0.197815647935452	0.461	0.461	0.000321468272524345	SRSF9	c3
7.04037698006447e-07	0.196684160710262	0.435	0.435	0.0236120163157402	GSTK1	c3
3.66171110567439e-37	0.196510265260301	0.828	0.816	1.22806467062108e-32	DAZAP2	c3
6.58858810337495e-40	0.19645939841176	0.858	0.827	2.20968067810989e-35	PPIB	c3
3.63864060315651e-41	0.196333769253742	0.888	0.862	1.22032728548663e-36	CYBA	c3
5.83190052787307e-14	0.193421895331183	0.535	0.527	1.95590279903807e-09	MRPL41	c3
5.02046762932893e-10	0.191653737172629	0.505	0.498	1.68376443352434e-05	NAA50	c3
8.19201960335362e-09	0.191528318117483	0.466	0.463	0.000274743953457274	APH1A	c3
2.99827371885818e-24	0.190630728415706	0.732	0.705	1.00556103983066e-19	ATP5MC3	c3
5.38061982972374e-09	0.190363320995322	0.533	0.536	0.000180455227849275	REEP5	c3
3.10342444383899e-10	0.190298395595628	0.536	0.535	1.04082648997472e-05	PNISR	c3
1.69437889933375e-08	0.189164161707073	0.461	0.454	0.000568260795258554	COX17	c3
1.08057890329217e-23	0.188526184062703	0.714	0.678	3.62404552586126e-19	TRBC2	c3
7.12444077372792e-11	0.188417229212668	0.553	0.553	2.38939494669287e-06	NDUFB4	c3
9.50039456136618e-21	0.186437744575042	0.683	0.664	3.18624232799099e-16	HSP90B1	c3
9.90935699632106e-23	0.186366768712622	0.7	0.678	3.32340014942616e-18	OPTN	c3
7.55698369083412e-08	0.186129509845081	0.476	0.475	0.00253446119023195	ARPC5	c3
3.12310588094418e-09	0.184933948103479	0.484	0.481	0.000104742725035106	LSM7	c3
1.43684372307501e-14	0.183683483866714	0.596	0.582	4.81888647844896e-10	SEM1	c3
2.25704912434013e-22	0.183667594297414	0.721	0.706	7.56969135321193e-18	CAP1	c3
2.36133074391578e-15	0.183593512290127	0.608	0.597	7.91943104894475e-11	SEC61G	c3
7.03417090614864e-20	0.183287641930941	0.717	0.699	2.35912023850413e-15	COX5B	c3
3.23625878005258e-30	0.183077125134432	0.835	0.81	1.08537646965403e-25	CRIP1	c3
1.00805186698027e-33	0.182525405048167	0.867	0.843	3.38080435147844e-29	ARPC3	c3
1.90092548931758e-08	0.182191289193131	0.471	0.467	0.00063753239060733	CNPPD1	c3
7.40617812832053e-11	0.180317767407275	0.51	0.508	2.48388402067614e-06	NDUFAB1	c3
2.32725109646365e-17	0.175820885887291	0.655	0.637	7.80513472731979e-13	PPP1CA	c3
1.35015474852163e-53	0.173180685936794	0.973	0.96	4.52814899559183e-49	ATP5F1E	c3
6.31283626687459e-09	0.172686940405446	0.474	0.468	0.00021171990271844	TECR	c3
1.35598700902691e-38	0.169714779710822	0.945	0.934	4.54770923087444e-34	PPDPF	c3
2.81638588510235e-07	0.167312428953889	0.415	0.398	0.00944559498145628	PTMS	c3
1.92178040748652e-14	0.165930879002951	0.678	0.647	6.4452671306283e-10	LDHB	c3
4.232487969691e-16	0.165123692260632	0.563	0.511	1.41949181527497e-11	HLA-DQA2	c3
3.72412489917197e-07	0.161716050893471	0.484	0.476	0.012489970086843	PIK3IP1	c3
8.6039210152946e-27	0.16114952908995	0.858	0.827	2.8855830301095e-22	CD99	c3
2.86531638997326e-44	0.159808549237672	0.986	0.982	9.60969810869233e-40	RPL26	c3
2.96374837183212e-19	0.158761488934841	0.782	0.766	9.93981928945058e-15	IQGAP1	c3
1.31291067372795e-29	0.157835101065845	0.909	0.895	4.4032398175488e-25	COX7C	c3
4.3014188759688e-16	0.157665225891485	0.749	0.741	1.44260986262242e-11	COX7A2	c3
2.1602755154971e-37	0.156870346677989	0.981	0.958	7.24513202387417e-33	CD74	c3
9.43242168904993e-12	0.155894846122992	0.704	0.703	3.16344558607356e-07	HNRNPA3	c3
1.82577306170265e-16	0.155636152989769	0.645	0.601	6.12327769433836e-12	ANXA5	c3
9.81985091155212e-83	0.155362541667825	0.992	0.99	3.29338159871635e-78	RPL23A	c3
3.53006912286465e-07	0.154506123177614	0.487	0.49	0.0118391458242635	UQCRQ	c3
3.32887094198419e-13	0.154262063361235	0.722	0.713	1.11643673652266e-08	COX6B1	c3
1.11493267096429e-06	0.154253781764748	0.519	0.522	0.0373926119188003	ATP5F1A	c3
7.73501620869731e-07	0.153131834143863	0.516	0.518	0.0259416973607291	TMEM258	c3
5.93463006467671e-110	0.152777209161664	1	0.999	1.99035623109128e-105	RPS15A	c3
6.68393624310719e-11	0.152419007132526	0.616	0.616	2.24165853721329e-06	JTB	c3
1.00084829607386e-19	0.151901635958601	0.767	0.753	3.35664501537252e-15	COMMD6	c3
7.68871030648799e-13	0.151334026265075	0.658	0.652	2.57863966258994e-08	NDUFA1	c3
1.00175249537518e-111	0.151237627691215	1	0.999	3.35967751898929e-107	HLA-C	c3
1.70848347554198e-36	0.150911510198296	0.9	0.832	5.72991188027271e-32	HLA-DRB1	c3
2.51232800092422e-12	0.150157352724786	0.662	0.661	8.42584564949964e-08	PRR13	c3
9.46251182307199e-07	0.149947809471071	0.309	0.288	0.0317353721522188	MSC	c3
6.70389404188363e-11	0.149364522216433	0.603	0.597	2.24835198376693e-06	ATP5MF	c3
9.29323171943825e-07	0.149105012789775	0.528	0.527	0.031167640540652	DEK	c3
7.55193353261867e-38	0.14781464299582	0.947	0.924	2.53276746816965e-33	HMGB1	c3
2.67991884541689e-10	0.147780745622266	0.655	0.65	8.98791182375915e-06	HIGD2A	c3
9.92709467339961e-10	0.147354273243422	0.608	0.602	3.32934901156476e-05	CAPZB	c3
5.07252282491428e-31	0.146948246972122	0.922	0.889	1.70122270501975e-26	CD8A	c3
1.92280881655075e-65	0.146513005169042	0.781	0.618	6.44871620894792e-61	GZMB	c3
7.59894777169521e-12	0.145215583639178	0.674	0.676	2.54853510367114e-07	UBE2I	c3
1.09762268147867e-09	0.14425543091534	0.641	0.647	3.68120694914318e-05	C11orf58	c3
3.35248832784949e-07	0.142072005355276	0.551	0.553	0.0112435753539416	NDUFB2	c3
3.11578129422894e-12	0.140944178214722	0.671	0.678	1.0449707304585e-07	ATP6V0E1	c3
7.26527088624316e-22	0.140319294238756	0.893	0.867	2.43662654982823e-17	CLIC1	c3
1.38822664029531e-15	0.140299200423057	0.853	0.824	4.65583450622242e-11	ATP5MC2	c3
1.36229852498374e-27	0.139995979509802	0.919	0.895	4.56887679309047e-23	MYL12B	c3
1.43718320289697e-20	0.139499057670339	0.849	0.852	4.82002502587587e-16	TRIR	c3
1.49226605450034e-106	0.138800581278878	1	0.999	5.00476189358323e-102	RPS27	c3
4.32417378830721e-48	0.13705383421992	0.994	0.99	1.45024140512247e-43	RPS25	c3
5.27753981155898e-11	0.136807068712287	0.664	0.65	1.76998130200065e-06	DBI	c3
2.01988946321249e-38	0.13641684154576	0.983	0.978	6.77430528172205e-34	EEF1D	c3
2.11268045997803e-21	0.135511002972879	0.863	0.851	7.0855077266743e-17	RPS4Y1	c3
9.27696037722523e-13	0.134223166414183	0.701	0.678	3.1113069713138e-08	PARK7	c3
2.51453492658873e-129	0.133092184849106	1	1	8.43324723679327e-125	B2M	c3
2.7363256607089e-12	0.13305665163933	0.638	0.612	9.17708900088552e-08	YWHAH	c3
8.20712010538119e-11	0.131216068710744	0.625	0.622	2.75250394094274e-06	POMP	c3
1.46497375133945e-18	0.130673138822731	0.805	0.797	4.91322896724223e-14	GABARAP	c3
1.71955610005771e-41	0.130339154917284	0.984	0.98	5.76704724837356e-37	RPL36AL	c3
7.96537966352485e-67	0.125812474206616	0.999	0.999	2.67142903155296e-62	RPS26	c3
3.91502672479102e-07	0.125411022747133	0.564	0.561	0.0131302166296041	TANK	c3
1.42939382862329e-06	0.123459857092721	0.612	0.622	0.0479390102243679	C19orf53	c3
7.68909066674032e-11	0.123448264302279	0.617	0.591	2.57876722781137e-06	CYTOR	c3
2.76024633731647e-13	0.122378820104848	0.813	0.815	9.25731416609197e-09	TMEM50A	c3
2.49089659106906e-12	0.120714052022762	0.774	0.766	8.35396898712741e-08	ISCU	c3
1.94354599674789e-21	0.11917845679679	0.924	0.911	6.51826456389306e-17	PCBP1	c3
4.03984325835905e-21	0.11839465338403	0.916	0.908	1.35488263198846e-16	SRP14	c3
1.75639545866754e-28	0.117670496423069	0.929	0.889	5.89059908927919e-24	S100A6	c3
9.75214100132478e-14	0.117093137256366	0.851	0.842	3.27067304902431e-09	OST4	c3
9.81459828014902e-46	0.116461985249874	0.993	0.99	3.29161997119638e-41	RPS29	c3
1.67770156898664e-07	0.113860202901083	0.672	0.674	0.00562667552206741	JAK1	c3
6.0267482507703e-15	0.113104046633151	0.74	0.682	2.02125082834334e-10	ALOX5AP	c3
1.77231645647363e-10	0.112966074766003	0.653	0.636	5.94399493172128e-06	CFLAR	c3
3.61990543358373e-12	0.111309534057881	0.826	0.827	1.21404388431531e-07	SNRPD2	c3
7.26592603864356e-13	0.110448660796512	0.856	0.84	2.43684627484028e-08	HNRNPA2B1	c3
1.54604412851875e-07	0.108434493428818	0.685	0.68	0.00518512279822619	FAM129A	c3
8.75251566768502e-51	0.105554111072485	1	0.998	2.9354187046282e-46	RPS7	c3
6.02573541539732e-09	0.103623488730526	0.813	0.811	0.000202091114361595	RPL36A	c3
2.13202981587361e-44	0.103124674306979	1	0.999	7.15040159647693e-40	HLA-A	c3
6.7849190177021e-14	0.102148494933863	0.913	0.903	2.27552614015693e-09	TMA7	c3
2.80827156890132e-22	0.102012231631231	0.959	0.944	9.41838118778126e-18	ARHGDIB	c3
4.30122434905443e-44	0.101130094773767	0.999	0.998	1.44254462218587e-39	RPL7A	c3
6.5977979026067e-18	-6.96243051487812	0.001	0.015	2.21276946057624e-13	HSPA6	c3
1.48940820590048e-13	-5.49335192423635	0	0.01	4.99517724094903e-09	PLAC8	c3
1.05960731779302e-12	-4.47489489487358	0.001	0.01	3.55371102241424e-08	CH25H	c3
2.90412037356397e-21	-4.44596156498053	0.001	0.017	9.73983890885884e-17	ZBTB10	c3
6.79868672992609e-17	-4.22257020117769	0.001	0.014	2.28014355548261e-12	PTPN13	c3
1.43152691318089e-14	-4.01657475210513	0.001	0.012	4.80105496142607e-10	CTSL	c3
1.68950706387914e-16	-3.99200734869383	0.001	0.013	5.66626879083786e-12	AL359834.1	c3
2.40917630629296e-23	-3.88273027592217	0.001	0.02	8.07989549604534e-19	SMIM3	c3
1.81556835889771e-51	-3.78943529827523	0.003	0.045	6.08905316207115e-47	AREG	c3
5.96318155270634e-24	-3.71185171256321	0.002	0.021	1.99993182914665e-19	EGR2	c3
3.10236526489537e-64	-3.66305753256186	0.006	0.059	1.04047126254061e-59	TNFRSF4	c3
1.08068139688224e-15	-3.62784433483992	0.001	0.013	3.62438926886366e-11	HIST1H3B	c3
3.20540682461443e-155	-3.61954523104877	0.032	0.162	1.07502934083919e-150	FOS	c3
1.98252593408091e-18	-3.57925734890181	0.001	0.016	6.64899547772056e-14	LINC01480	c3
3.14445856825799e-250	-3.53619832510686	0.035	0.224	1.05458851462237e-245	NR4A2	c3
1.85980021134155e-17	-3.53067425593752	0.001	0.014	6.2373979487973e-13	AURKB	c3
1.01953158724932e-27	-3.43755189547612	0.002	0.025	3.41930503731678e-23	IRF8	c3
2.07780700154003e-42	-3.41733657082997	0.004	0.04	6.96854912176495e-38	KLF3	c3
1.70977475503063e-23	-3.3899304471433	0.002	0.02	5.73424257342173e-19	TRABD2A	c3
3.07405545139832e-154	-3.37519455657542	0.026	0.153	1.03097671728997e-149	XCL1	c3
7.04582158612079e-81	-3.36799590222687	0.01	0.078	2.36302764355319e-76	NR4A1	c3
3.45508783694493e-81	-3.34585700312326	0.006	0.072	1.15876735875459e-76	GNG4	c3
1.28983712169869e-20	-3.31379926345475	0.001	0.018	4.32585573875307e-16	UHRF1	c3
1.45151221671442e-17	-3.2979256003995	0.001	0.014	4.86808167241683e-13	BIRC5	c3
1.57327106188906e-11	-3.27357781356161	0.001	0.01	5.27643648736353e-07	SLCO3A1	c3
2.78341394441122e-22	-3.26242891135694	0.002	0.019	9.33501368676635e-18	PKMYT1	c3
1.02065833366113e-11	-3.24732330862326	0.001	0.01	3.4230839194327e-07	SPINT2	c3
2.03687324462876e-12	-3.17383431628259	0.001	0.01	6.83126548783594e-08	MCM10	c3
2.79648627664151e-18	-3.16575135349113	0.001	0.015	9.37885567460028e-14	RRM2	c3
1.42656394802799e-16	-3.12755541386549	0.001	0.013	4.78441016889628e-12	GTSE1	c3
5.49639271740634e-28	-3.10565708536831	0.002	0.025	1.84338018956374e-23	CCR4	c3
2.47459139205478e-15	-3.08312837866742	0.001	0.012	8.29928461067332e-11	CDC20	c3
6.32706516177339e-12	-3.02747992429092	0.001	0.01	2.12197111395556e-07	SIK1B	c3
4.80901962549918e-46	-3.01990353066023	0.057	0.12	1.61284900199992e-41	HSPA1B	c3
4.04321614197938e-56	-2.99803400980196	0.007	0.055	1.35601382969704e-51	S1PR1	c3
2.28384571943939e-13	-2.95136260567701	0.002	0.012	7.65956177385584e-09	FXYD7	c3
3.84055590272137e-12	-2.92037330373306	0.001	0.01	1.28804563865469e-07	ENOX1	c3
4.09010600241518e-105	-2.89660034636682	0.015	0.104	1.37173975109e-100	NR4A3	c3
2.52646925450206e-13	-2.85819180239022	0.001	0.01	8.47327258574902e-09	MND1	c3
1.68993478727521e-87	-2.83212910343264	0.016	0.092	5.6677032895636e-83	SELL	c3
6.07464823652234e-11	-2.82500639278547	0.001	0.01	2.03731552556486e-06	CDH1	c3
2.37581853223377e-31	-2.77644227120885	0.012	0.044	7.96802019340562e-27	CCL20	c3
4.57590011152167e-15	-2.70547872583582	0.002	0.014	1.53466537940214e-10	CYB561	c3
5.89436317380033e-24	-2.68273170117493	0.003	0.023	1.97685152122916e-19	TIMP1	c3
1.76437493430423e-11	-2.65670329761089	0.001	0.01	5.91736065466953e-07	STAC	c3
6.83456425680454e-16	-2.60621859504326	0.002	0.016	2.29217616044711e-11	ERRFI1	c3
6.7631472151916e-18	-2.60205348227754	0.206	0.256	2.26822431303096e-13	HSPA1A	c3
8.26124552298096e-15	-2.55937179290714	0.003	0.015	2.77065652349735e-10	FAM174B	c3
9.52720299991363e-23	-2.54619950695847	0.004	0.024	3.19523334211103e-18	UBE2C	c3
4.64311663333404e-20	-2.51734619541237	0.002	0.018	1.55720845648757e-15	CDCA5	c3
2.2844701527032e-20	-2.51167739029517	0.004	0.023	7.661655998136e-16	IER3	c3
7.48972753674511e-11	-2.50483055858635	0.002	0.011	2.51190482127357e-06	RNF130	c3
1.12385485279603e-14	-2.46294196633724	0.001	0.012	3.76918440530732e-10	MYBL2	c3
1.45328220251651e-14	-2.44910058617271	0.001	0.012	4.87401785079986e-10	TROAP	c3
8.17518566682514e-20	-2.42561754029274	0.003	0.02	2.74179376893982e-15	FGFR1	c3
2.74687415828016e-18	-2.41861950649597	0.002	0.017	9.21246655203999e-14	EBI3	c3
2.22539339382445e-11	-2.39624153593893	0.002	0.012	7.46352436420843e-07	ACHE	c3
1.49514429841088e-17	-2.39359763779839	0.002	0.016	5.01441494801039e-13	CCNB2	c3
3.04033178925441e-14	-2.38268253133087	0.002	0.013	1.01966647548014e-09	CDC6	c3
1.89916774970454e-274	-2.38175909744509	0.088	0.31	6.36942879895908e-270	ZNF331	c3
5.0602396938449e-44	-2.36027981536368	0.009	0.05	1.6971031885217e-39	IRS2	c3
8.41513926162963e-26	-2.34518433112472	0.004	0.027	2.82226940556535e-21	SCML1	c3
1.23851954751212e-47	-2.32051514721648	0.012	0.056	4.15374685844615e-43	LSR	c3
7.40741187760981e-56	-2.32043775153559	0.022	0.078	2.48429779551278e-51	ATF3	c3
2.71144874145673e-13	-2.31604294594296	0.001	0.012	9.09365678909757e-09	FAM111B	c3
1.16161076633394e-43	-2.30564696646022	0.009	0.049	3.89581018813077e-39	IGFBP4	c3
3.95296690482213e-35	-2.3054711839875	0.008	0.041	1.32574604053924e-30	IL2RA	c3
1.5690599541769e-10	-2.29794116762877	0.002	0.01	5.26231327431849e-06	CD160	c3
2.54484334404201e-44	-2.29745838282289	0.011	0.052	8.5348956072481e-40	FAAH2	c3
6.43080663877445e-41	-2.28997000849124	0.01	0.048	2.15676393051217e-36	CD200	c3
2.57430169476464e-154	-2.28028648520149	0.087	0.24	8.63369302390165e-150	XCL2	c3
1.99122372588164e-20	-2.26301778785248	0.004	0.022	6.67816613186184e-16	NPW	c3
6.79379034803565e-70	-2.25799594419717	0.016	0.081	2.2785014069242e-65	BACH2	c3
3.59349970210281e-36	-2.24313222443767	0.007	0.04	1.20518793009124e-31	SEC14L2	c3
1.77230078577993e-14	-2.24178137394695	0.002	0.015	5.94394237534873e-10	BCAR3	c3
2.91678135410983e-24	-2.20956486997222	0.007	0.03	9.78230130541355e-20	THBS1	c3
2.69212855517783e-17	-2.20939802440121	0.003	0.019	9.0288607483554e-13	HIST1H1B	c3
2.07074851982143e-26	-2.18723080306068	0.004	0.028	6.94487638577712e-22	LHFPL6	c3
1.44415156282228e-39	-2.1541137641183	0.013	0.052	4.84339551139336e-35	ENC1	c3
4.21952883641305e-13	-2.14546696649995	0.001	0.011	1.41514558115621e-08	KIF2C	c3
5.06722148614469e-15	-2.1328414744128	0.004	0.018	1.69944474202321e-10	HSPA2	c3
8.47269823185071e-224	-2.13222692783748	0.098	0.294	2.84157353299809e-219	CCR7	c3
7.88753081112074e-28	-2.11478585420822	0.008	0.035	2.64532008343367e-23	PHLDA2	c3
2.21787561780532e-15	-2.10781811582863	0.001	0.013	7.43831124699548e-11	CDC45	c3
9.59724807651361e-16	-2.09287317346814	0.004	0.019	3.21872505990113e-11	GFPT2	c3
7.19430856158458e-11	-2.09054658324775	0.002	0.011	2.41282720538423e-06	MCAM	c3
5.50759425375394e-28	-2.08781671324398	0.007	0.033	1.847136960824e-23	ATP1B1	c3
2.10191371221262e-24	-2.07490498063284	0.006	0.028	7.04939820801868e-20	HOPX	c3
1.21575657802414e-13	-2.05784328180261	0.003	0.015	4.07740441137736e-09	BHLHE40-AS1	c3
2.62702515147872e-21	-2.04455851527028	0.006	0.026	8.81051695302935e-17	CPM	c3
8.22562766758575e-12	-2.0314129948628	0.003	0.013	2.75871100715491e-07	CLIC4	c3
3.53856125495489e-26	-2.02358305033375	0.008	0.033	1.18676267368677e-21	MKI67	c3
1.32234026321782e-12	-2.01617633649729	0.003	0.013	4.43486477477991e-08	AC004585.1	c3
0	-2.01150463255355	0.284	0.606	0	CREM	c3
1.98869636528884e-10	-2.00041482369723	0.003	0.013	6.66968986990571e-06	NRIP3	c3
2.4865944258738e-29	-1.97764078491293	0.01	0.039	8.33954038549556e-25	HES4	c3
8.08785686893109e-89	-1.96428509129805	0.055	0.151	2.71250543670211e-84	FOSB	c3
3.04138479574074e-31	-1.95310705330491	0.01	0.041	1.02001963279553e-26	RGS16	c3
2.28290659696015e-62	-1.94239637210764	0.021	0.083	7.65641214488495e-58	MAL	c3
2.55530384780899e-32	-1.93577086533456	0.014	0.047	8.5699780447818e-28	MYC	c3
1.24706707403152e-18	-1.90949261216249	0.004	0.02	4.18241355288692e-14	KIFC1	c3
2.16174040635468e-107	-1.90730332550766	0.038	0.142	7.25004497483234e-103	ELL2	c3
6.30112098477863e-31	-1.88895156627846	0.009	0.04	2.11326995587506e-26	CDT1	c3
1.16899357968961e-39	-1.88255851325596	0.01	0.048	3.92057066756303e-35	VDR	c3
2.3336781313184e-43	-1.86137295705392	0.019	0.065	7.82668971681565e-39	TYMS	c3
2.31564053189838e-163	-1.85569371338025	0.083	0.24	7.76619521588079e-159	TNFRSF18	c3
5.69228026634035e-67	-1.84254619302465	0.037	0.111	1.90907695572523e-62	NMB	c3
2.62749880268095e-08	-1.83930281252846	0.003	0.011	0.000881210548443137	FAM49A	c3
1.49617031270189e-13	-1.81271434739662	0.002	0.014	5.01785599473961e-09	FOXM1	c3
5.23695291798892e-10	-1.80971237388835	0.003	0.011	1.75636926963512e-05	HSBP1L1	c3
9.86407721173066e-44	-1.80507502048508	0.024	0.072	3.30821421527023e-39	SPRY1	c3
1.38794030373395e-110	-1.80446322713143	0.067	0.185	4.65487419066293e-106	RGS2	c3
0	-1.76967624248838	0.223	0.51	0	IL7R	c3
2.4006572871404e-13	-1.7635340413282	0.005	0.018	8.05132440961147e-09	IL23A	c3
4.77793358868913e-12	-1.76269288275661	0.003	0.014	1.60242336697456e-07	EPHX2	c3
7.4962222439667e-16	-1.76129231807126	0.004	0.019	2.51408301618155e-11	AL606807.1	c3
3.0319361702776e-32	-1.76011296403612	0.011	0.043	1.0168507527877e-27	EPAS1	c3
1.539567712648e-19	-1.75051427288603	0.006	0.025	5.16340219467888e-15	FSCN1	c3
3.90480025752522e-14	-1.74464645164247	0.004	0.017	1.30959191036881e-09	PRRG4	c3
4.82540271251247e-11	-1.73413015446805	0.003	0.014	1.61834356172243e-06	FAM43A	c3
4.77004527252675e-16	-1.73263984477443	0.005	0.021	1.59977778350002e-11	ICA1	c3
2.26262972542705e-64	-1.73235187398872	0.026	0.093	7.58840757313724e-60	DUSP5	c3
8.93866588480873e-36	-1.72927820247178	0.022	0.063	2.99784976444715e-31	TNFSF9	c3
1.88494411464327e-78	-1.72545864801137	0.033	0.113	6.32172557169061e-74	FOSL2	c3
1.01188564889017e-28	-1.71953636937354	0.011	0.041	3.39366208924785e-24	CXCL16	c3
3.72463653066049e-45	-1.71635579339429	0.021	0.069	1.24916859965292e-40	PCSK1N	c3
2.5785554573233e-80	-1.71569658646646	0.033	0.116	8.6479592927709e-76	SOCS3	c3
7.07860786332603e-18	-1.70407047924311	0.007	0.025	2.37402350520228e-13	NIPAL4	c3
8.06058053287282e-201	-1.70273735778299	0.217	0.414	2.70335749911489e-196	RGS1	c3
2.37329370400074e-09	-1.70068354645253	0.004	0.012	7.9595524244777e-05	IRAK2	c3
9.39433959880266e-10	-1.69746597430477	0.003	0.011	3.15067361464644e-05	H2AFY2	c3
1.0757610962394e-28	-1.67763896241899	0.011	0.04	3.6078875645677e-24	SLCO4A1	c3
6.06399617303175e-11	-1.67712241846373	0.003	0.013	2.03374303651139e-06	REG4	c3
1.49929457853182e-161	-1.66968676854154	0.124	0.291	5.02833415748001e-157	GEM	c3
9.32529242738923e-24	-1.66883013925866	0.008	0.032	3.1275165742978e-19	BTLA	c3
4.81209960103288e-24	-1.66817990973959	0.009	0.033	1.61388196419441e-19	BEX3	c3
3.65550692622006e-11	-1.65938422055689	0.002	0.011	1.22598391291568e-06	STIL	c3
8.08023041294016e-50	-1.65429720987164	0.039	0.098	2.70994767589187e-45	ID3	c3
1.33733895286544e-130	-1.65385281785361	0.134	0.281	4.48516738012013e-126	DUSP1	c3
5.01304306847884e-21	-1.65271488685842	0.01	0.032	1.68127438430643e-16	AC022075.1	c3
9.89763443047852e-100	-1.65096257012171	0.056	0.162	3.31946863529389e-95	TCF7	c3
7.26657080573583e-29	-1.64467460470352	0.012	0.042	2.43706251682768e-24	CCR6	c3
3.48107256848766e-19	-1.63821420797208	0.007	0.027	1.16748211801939e-14	CXXC5	c3
7.87154888365449e-11	-1.63740976470237	0.004	0.014	2.63996006460004e-06	DYRK3	c3
1.30127624720636e-14	-1.63708585773586	0.006	0.02	4.36422027788068e-10	LMO7	c3
3.27855261006675e-16	-1.63707017748796	0.005	0.02	1.09956097436419e-11	ASPM	c3
7.83914357740929e-57	-1.62261851204306	0.028	0.089	2.62909197299153e-52	GADD45A	c3
4.82222971841584e-12	-1.62018687565772	0.008	0.021	1.61727940296231e-07	EGR1	c3
5.53622801194258e-27	-1.61690405307213	0.009	0.037	1.8567401506453e-22	SMCO4	c3
6.37948192702495e-17	-1.60257745841231	0.003	0.018	2.13955064868563e-12	RMI2	c3
1.61041124125404e-46	-1.60066933009152	0.027	0.079	5.40099722091781e-42	FNDC9	c3
6.98164339475447e-17	-1.59032493621804	0.007	0.024	2.34150356173275e-12	ULBP2	c3
2.44991446844967e-73	-1.58669047512484	0.297	0.423	8.21652314428651e-69	DNAJB1	c3
7.17593587832814e-82	-1.57622400510685	0.043	0.132	2.40666537487369e-77	SATB1	c3
2.60938422581207e-07	-1.56954532450176	0.003	0.01	0.0087513528165285	USP53	c3
4.12823478647616e-61	-1.56583541550893	0.052	0.126	1.38452738268837e-56	GK	c3
2.57599015607556e-21	-1.5514466138186	0.011	0.034	8.63935578544622e-17	MAFF	c3
1.39644138134908e-43	-1.55064589910872	0.026	0.075	4.68338510476853e-39	TNFSF8	c3
2.07322337315603e-22	-1.54878660364272	0.01	0.034	6.95317654889068e-18	CD109	c3
3.80585164491947e-19	-1.54751199800681	0.011	0.033	1.27640652467309e-14	CAV1	c3
5.85166361107521e-11	-1.53979167540848	0.005	0.016	1.9625309418824e-06	BARX2	c3
2.5138853376236e-27	-1.53742716750284	0.013	0.042	8.43106864532203e-23	PGAP1	c3
5.5650293129766e-10	-1.5350451979464	0.002	0.01	1.86639953098609e-05	SKA3	c3
2.89793182935345e-07	-1.52956446921069	0.009	0.018	0.0097190837692856	PMCH	c3
1.65860911563693e-15	-1.52551644723348	0.007	0.023	5.56264325202314e-11	CAMK2N1	c3
1.44348199707318e-24	-1.51756514052406	0.015	0.043	4.84114992178403e-20	SGK1	c3
1.71386620554463e-23	-1.51740469332656	0.012	0.038	5.74796448015559e-19	ARG2	c3
2.47217595767497e-11	-1.49473332477904	0.004	0.016	8.29118372685032e-07	MFSD2A	c3
0	-1.4927519389958	0.283	0.541	0	REL	c3
7.18140339298982e-20	-1.49274700891989	0.008	0.028	2.40849906994093e-15	B3GNT5	c3
1.83422733842625e-13	-1.47165953482505	0.005	0.018	6.15163164761396e-09	HIST1H2AL	c3
1.37173765422532e-07	-1.46522510092101	0.003	0.01	0.00460053374474086	EPS8	c3
1.72356037849722e-13	-1.46334799595497	0.006	0.02	5.78047679740398e-09	APP	c3
6.15198887951549e-12	-1.45455736569494	0.006	0.018	2.0632540304119e-07	SORL1	c3
3.73362015948852e-15	-1.45156639282702	0.006	0.021	1.25218152908926e-10	COL9A2	c3
1.93954542320148e-53	-1.44934322271917	0.039	0.102	6.50484744033311e-49	CD83	c3
3.49641546760984e-09	-1.43412123884624	0.004	0.013	0.000117262781952699	SLC12A7	c3
3.97118479028068e-19	-1.42027052126239	0.006	0.024	1.33185595496433e-14	PCLAF	c3
2.38370263764293e-09	-1.41325337432034	0.003	0.012	7.99446190612686e-05	IL12RB2	c3
5.86074658452424e-15	-1.41048656442586	0.009	0.026	1.96557718951774e-10	BASP1	c3
3.85730478088329e-43	-1.40942553919574	0.036	0.089	1.29366287741264e-38	BCL2A1	c3
1.51982044788032e-07	-1.40925241051795	0.004	0.011	0.00509717381810101	AC015912.3	c3
2.78868823041429e-36	-1.40425480498713	0.06	0.115	9.35270258716343e-32	BAG3	c3
5.74183424467657e-92	-1.398866235524	0.073	0.182	1.92569636897963e-87	PELI1	c3
3.05059965374357e-09	-1.39800688926929	0.004	0.013	0.000102311011187252	C1orf162	c3
2.35182525855114e-30	-1.39499090773812	0.016	0.05	7.88755155212882e-26	BEX2	c3
4.41715437247758e-07	-1.38805893418511	0.003	0.01	0.0148142523344153	HIST1H3C	c3
3.33430906270805e-196	-1.38566152826118	0.13	0.328	1.11826057345103e-191	IL21R	c3
5.66425146176554e-11	-1.38558510795009	0.006	0.017	1.89967665524693e-06	RIPK2	c3
6.37757896283689e-108	-1.36686248119376	0.08	0.202	2.13891243255624e-103	CDKN1A	c3
1.08120651068089e-120	-1.35316586398966	0.101	0.239	3.62615039552158e-116	CD55	c3
1.43850771542334e-26	-1.34826587670919	0.017	0.047	4.82446717598679e-22	PDE4A	c3
1.86585769881501e-23	-1.3355133325803	0.012	0.037	6.25771355028579e-19	ZC3H12C	c3
2.36892931053832e-17	-1.33401945120644	0.006	0.023	7.94491512168341e-13	ZWINT	c3
1.70643963493362e-14	-1.33267569090247	0.006	0.021	5.72305724764037e-10	CCDC50	c3
3.95601994671221e-183	-1.32959957930494	0.213	0.407	1.32676996972834e-178	DDIT4	c3
4.22730904974404e-09	-1.32588289204695	0.005	0.014	0.000141775490910315	KLRG1	c3
5.92750871845841e-13	-1.31911082020314	0.007	0.021	1.98796787399658e-08	NOCT	c3
6.25066882828908e-15	-1.30819485512414	0.008	0.024	2.09634931163159e-10	NFIL3	c3
3.48555710031363e-07	-1.3073619322113	0.003	0.01	0.0116898614030318	INF2	c3
1.36396422446698e-13	-1.30486032288337	0.009	0.024	4.57446321601737e-09	CD79A	c3
5.46492927297426e-11	-1.30338042934998	0.005	0.016	1.83282797957011e-06	ANKRD33B	c3
1.51479269354144e-28	-1.29945947675066	0.018	0.051	5.08031173559927e-24	HIPK2	c3
4.66058892018985e-07	-1.29658913266883	0.003	0.01	0.0156306831205327	DDIT4-AS1	c3
6.03980891272526e-11	-1.29523462769922	0.009	0.022	2.0256311131498e-06	RBKS	c3
1.88236005355835e-183	-1.29515618804376	0.22	0.416	6.313059147624e-179	SLC2A3	c3
4.84886587021925e-86	-1.29321159256834	0.07	0.173	1.62621263555413e-81	LAYN	c3
7.88409301038648e-08	-1.2923091349789	0.009	0.019	0.00264416711382342	FXYD2	c3
1.88886868992116e-06	1.29015309066563	0.012	0.006	0.0633488781225757	LINC02081	c3
3.66299066411557e-13	-1.28390241120403	0.004	0.016	1.22849380893108e-08	DTL	c3
3.32521092732865e-45	-1.27857913057749	0.043	0.102	1.11520924080748e-40	GADD45G	c3
9.69315908390534e-19	-1.27604503455832	0.01	0.03	3.25089169356017e-14	PXN	c3
2.78276063172023e-08	-1.2747223443158	0.003	0.01	0.000933282260666332	HIST1H2AH	c3
1.00370831881179e-167	-1.27298148511888	0.142	0.325	3.36623695963097e-163	CSRNP1	c3
9.52321380173279e-09	-1.26973750852811	0.004	0.012	0.000319389544482514	WWTR1	c3
7.21826361712889e-90	-1.26879185309037	0.088	0.198	2.42086125191269e-85	PLK3	c3
1.16412892536942e-18	-1.26161053558541	0.012	0.034	3.90425558990398e-14	TRBV28	c3
2.80214622414524e-08	-1.26074652389062	0.005	0.013	0.000939783800653831	JAM3	c3
1.01787140050389e-07	-1.25785161810464	0.004	0.012	0.00341373710300994	AL021453.1	c3
1.03046607451123e-20	-1.25736384572532	0.01	0.033	3.45597712069578e-16	MASTL	c3
2.06328209381938e-14	-1.24848923555621	0.008	0.023	6.91983548625145e-10	EPB41L2	c3
5.0169240446763e-06	-1.24771744515038	0.004	0.01	0.168257598610354	OLFM2	c3
2.33085125733446e-13	-1.24630661352231	0.007	0.021	7.81720894684832e-09	CCNA2	c3
4.22354360840824e-12	-1.24496385521918	0.007	0.02	1.41649205538796e-07	RIC3	c3
4.84479793573949e-10	-1.23641556388763	0.005	0.015	1.62484833168831e-05	LST1	c3
2.41126119560013e-07	-1.23385756501119	0.004	0.012	0.00808688779780372	FAM169A	c3
7.96043266190071e-08	-1.23019910618905	0.003	0.01	0.00266976990614826	CDCA2	c3
0.520096709799153	-1.22895225372934	0.011	0.012	1	IGKC	c3
1.90231517153938e-08	-1.22173478780304	0.007	0.016	0.000637998462230877	FEZ1	c3
2.36956065920279e-18	-1.21352932631093	0.017	0.04	7.94703253883431e-14	DNAJB4	c3
9.7771129301652e-123	-1.20208071138049	0.235	0.397	3.27904813451881e-118	CD69	c3
3.03012672506573e-07	-1.19905382349487	0.004	0.011	0.0101624390105254	VIPR2	c3
5.37169036879951e-92	-1.19678553520423	0.1	0.216	1.80155751588798e-87	PER1	c3
7.82367745022406e-68	-1.19201685418409	0.149	0.255	2.62390494325614e-63	GADD45B	c3
1.26190064470491e-150	-1.18510835807036	0.16	0.334	4.23216238221133e-146	TPM4	c3
1.48460753440649e-10	-1.18011101909557	0.007	0.018	4.97907674889248e-06	GAL3ST2	c3
6.46746497172896e-11	-1.17821300047413	0.007	0.02	2.16905840221846e-06	MIR222HG	c3
5.1609746017099e-08	-1.17592215830807	0.006	0.015	0.00173088766192147	CLCF1	c3
4.88770533611412e-19	-1.16265612574234	0.018	0.042	1.63923861562595e-14	CD59	c3
2.31075508168919e-11	-1.15100614367151	0.007	0.02	7.7498103929692e-07	KLHL25	c3
1.3692070104877e-22	-1.14966548512835	0.041	0.077	4.59204647177364e-18	KRT86	c3
8.44825634083074e-07	-1.14955119546558	0.004	0.011	0.0283337621158781	CDK5R1	c3
9.44353803349827e-29	-1.14619839360149	0.025	0.062	3.16717378567465e-24	TP53INP2	c3
1.5104657344084e-80	-1.14335163458369	0.091	0.195	5.06579998005889e-76	PRDM1	c3
2.95614135299463e-28	-1.14264645478034	0.024	0.059	9.91430686967338e-24	LEF1	c3
1.4317838700863e-25	-1.14236709725293	0.025	0.059	4.80191674349543e-21	NFKBID	c3
1.7216911189809e-14	-1.14156688855514	0.015	0.034	5.77420767483814e-10	NCR3	c3
9.0678629311895e-07	-1.14123288514588	0.003	0.01	0.0304117986986233	ITGB8	c3
1.14387637864833e-07	-1.13934908512826	0.003	0.011	0.00383633259871077	NTRK1	c3
7.58836597831302e-07	-1.13818126888993	0.004	0.01	0.0254498618180662	LAPTM4B	c3
1.15700940564685e-12	-1.13548348121954	0.009	0.024	3.88037814465839e-08	CHRNE	c3
2.37992570289297e-12	-1.13502353003813	0.008	0.022	7.98179482236244e-08	HLF	c3
2.27086043620234e-222	-1.12748904402988	0.26	0.482	7.61601173093541e-218	SNX9	c3
1.52221118710687e-49	-1.12411903805961	0.057	0.124	5.10519187931902e-45	MYLIP	c3
2.22445168790683e-53	-1.12286310756507	0.046	0.114	7.46036607090193e-49	CD28	c3
4.0824997271091e-08	-1.12277789490907	0.003	0.011	0.00136918875847785	HIST2H2BF	c3
8.79815019851641e-08	-1.11968815086829	0.005	0.014	0.00295072361357843	SLC19A2	c3
4.33442428852096e-29	-1.1148319336652	0.029	0.068	1.45367921788416e-24	BIK	c3
2.80482915405218e-06	-1.11242631523733	0.004	0.011	0.0940683601686018	PON3	c3
7.8282629761242e-111	-1.11159859051895	0.318	0.461	2.62544283693254e-106	CRTAM	c3
1.25199198129769e-34	-1.10600480034085	0.028	0.071	4.19893070687619e-30	ARMH1	c3
5.19250189468763e-06	-1.10361868055428	0.004	0.011	0.174146128544034	CHRNA5	c3
1.68952621092638e-42	-1.1023791624333	0.061	0.122	5.66633300620491e-38	KLF2	c3
5.82975268099112e-21	-1.09856101323365	0.023	0.051	1.9551824541508e-16	CLECL1	c3
6.52154222597202e-09	-1.09644019802284	0.004	0.013	0.00021871948317465	CD72	c3
2.74973519609303e-16	-1.09372893724324	0.014	0.034	9.22206190065681e-12	SPHK1	c3
1.40652549813226e-17	-1.09245391524553	0.015	0.037	4.71720521563596e-13	ATP2B1-AS1	c3
0.0109968723127431	1.08382593872735	0.013	0.009	1	OSGEPL1	c3
1.45282045103036e-07	-1.07900668874322	0.005	0.013	0.00487246922866561	PHLPP1	c3
4.96286856801129e-14	-1.07743532998045	0.01	0.026	1.66444686033963e-09	HILPDA	c3
4.0708204375679e-11	-1.07107223319916	0.009	0.022	1.36527175835152e-06	AVPI1	c3
4.55353355116862e-161	-1.06861133433882	0.23	0.418	1.52716408239093e-156	SERPINB9	c3
2.43083990216501e-05	1.06537244148471	0.014	0.008	0.8152550863881	KIAA0825	c3
3.18806032880999e-17	-1.06403077602505	0.013	0.034	1.06921167307629e-12	TK1	c3
2.72656750675158e-16	-1.06007831250206	0.014	0.034	9.14436210414345e-12	CHKA	c3
7.58158359803126e-15	-1.059330425431	0.008	0.025	2.54271150710772e-10	ORC6	c3
4.02848097993167e-34	-1.0590613251926	0.028	0.071	1.35107195104948e-29	LMCD1	c3
9.51180547804725e-121	-1.0590230748042	0.191	0.346	3.19006932122749e-116	CHN1	c3
1.52868507638114e-06	-1.0588206826053	0.003	0.01	0.0512690400916706	NET1	c3
4.54160079180539e-05	-1.05774622576733	0.005	0.011	1	Z93241.1	c3
3.95713964389457e-11	-1.05728264755592	0.008	0.02	1.32714549376936e-06	ARHGAP5	c3
0.00233046686117042	1.05514444711329	0.01	0.006	1	MAP2K6	c3
3.58008708133013e-10	-1.05317492177086	0.003	0.012	1.2006896053365e-05	SHCBP1	c3
7.05469066210634e-22	-1.05175568735309	0.049	0.086	2.36600215425722e-17	ZBED2	c3
6.08718043971661e-44	-1.03908616122636	0.049	0.109	2.04151857587216e-39	FURIN	c3
2.70224417836361e-12	-1.0368650345097	0.011	0.026	9.06278652539586e-08	PDE7B	c3
2.82199791116659e-08	-1.03580070613384	0.008	0.018	0.00094644165944705	EAF2	c3
7.89893418636445e-30	-1.03472358891505	0.025	0.063	2.64914454742291e-25	MICAL2	c3
4.47621185118651e-09	-1.03437592336117	0.004	0.013	0.000150123193065093	FAM92A	c3
2.9843113267205e-12	-1.03402212745952	0.009	0.024	1.00087833275552e-07	CXorf21	c3
1.85746621667274e-13	-1.03257106798432	0.012	0.029	6.22957019747705e-09	SEMA7A	c3
1.65595819759627e-23	-1.0281510882309	0.021	0.051	5.55375260309836e-19	RELT	c3
7.75625998224194e-34	-1.02454247420981	0.037	0.082	2.6012944728443e-29	MTSS1	c3
6.88236846197165e-06	1.02413771968894	0.012	0.007	0.230820873477605	B3GAT1	c3
5.01497918764462e-48	-1.02138704139353	0.053	0.119	1.68192371995225e-43	TMEM173	c3
1.75155980850659e-17	-1.02085763558472	0.014	0.036	5.87438128576939e-13	THEM4	c3
1.57438410003164e-87	-1.01997423935625	0.105	0.222	5.28016939468613e-83	SYPL1	c3
5.50236668663506e-07	-1.01982400457895	0.003	0.01	0.0184538373936367	LINC01215	c3
7.51065490971489e-92	-1.01901829022836	0.378	0.515	2.51892344362018e-87	HSPH1	c3
1.66282463725145e-20	-1.01636592081823	0.017	0.043	5.57678126841393e-16	CDKN3	c3
8.31798777753721e-14	-1.01408013933428	0.008	0.023	2.78968674083043e-09	CAMK1	c3
4.5317622121371e-09	-1.01306986031173	0.002	0.01	0.000151986241070654	SKA1	c3
3.12175040203405e-10	-1.01242685425886	0.009	0.022	1.04697264983418e-05	AC018816.1	c3
4.811954033934e-16	-1.0042381692684	0.015	0.036	1.61383314390078e-11	MARCH3	c3
1.62784312167714e-103	-1.00259194721057	0.157	0.297	5.4594602614808e-99	PMAIP1	c3
4.90670436036788e-17	-1.0012966411578	0.017	0.039	1.64561050838018e-12	ATL1	c3
6.30088311086015e-19	-1.00024083563576	0.019	0.044	2.11319017772028e-14	PER2	c3
2.07282950833181e-06	-0.99867171994834	0.004	0.01	0.0695185560504321	PPARG	c3
1.60018804225449e-05	0.996501124039835	0.021	0.014	0.536671065611311	AC079341.1	c3
0.00442791604170248	0.996030747357302	0.013	0.009	1	DHODH	c3
1.34342810962371e-06	-0.995961625167887	0.004	0.01	0.0450558919405598	COL6A3	c3
1.69365626761096e-13	-0.995179633516014	0.014	0.032	5.68018439031365e-09	NLRP6	c3
1.3557014716394e-195	-0.994050690813686	0.732	0.832	4.54675159558421e-191	ZFP36	c3
2.07474208849333e-06	-0.992546733316627	0.004	0.011	0.0695827001638894	ZNF395	c3
0.00101850117194738	-0.991291153918998	0.005	0.01	1	FOXP3	c3
1.07783602387765e-15	-0.98825486701466	0.017	0.038	3.61484645688086e-11	CUX1	c3
2.97157336879029e-06	-0.987911507247361	0.005	0.012	0.0996606276424886	AL162377.1	c3
3.95389270236134e-92	-0.98587796416709	0.145	0.274	1.32605653451794e-87	NFKBIZ	c3
1.12556094307407e-05	-0.985584474738435	0.004	0.01	0.37749062908818	ZBTB46	c3
2.54418845873335e-12	-0.983489062694565	0.011	0.025	8.53269925289991e-08	CLU	c3
2.24807341237769e-11	-0.983158753019181	0.007	0.019	7.53958861043229e-07	AURKA	c3
7.09321531477818e-12	-0.979330665930076	0.009	0.023	2.37892255227031e-07	EPOP	c3
2.80598146674553e-70	-0.978269063926762	0.098	0.198	9.41070064317115e-66	PFKFB3	c3
3.77051979586231e-42	-0.977877511636529	0.048	0.105	1.2645569291363e-37	POU2F2	c3
3.26043424186879e-62	-0.973134092262799	0.082	0.17	1.09348443603795e-57	JMY	c3
7.13280659184958e-05	0.972153865438266	0.016	0.01	1	SOX12	c3
2.63483874442195e-65	-0.968133569351105	0.1	0.195	8.83672218104233e-61	MAP3K8	c3
3.12715960127029e-19	-0.966621692662236	0.02	0.046	1.04878678707403e-14	PDGFA	c3
2.05340992164493e-44	-0.956905133968865	0.066	0.132	6.88672619521278e-40	GNA15	c3
1.81411441521135e-86	-0.955197604259507	0.465	0.593	6.08417692573583e-82	HSPD1	c3
1.54316074310993e-67	-0.954505804621409	0.123	0.224	5.17545250024209e-63	PTGER4	c3
3.68316050941758e-84	-0.951612380751066	0.154	0.279	1.23525837164847e-79	SERTAD1	c3
1.24227303129769e-09	-0.946579862636623	0.003	0.011	4.16633529236619e-05	BRCA1	c3
4.21640236640633e-12	-0.944708925595163	0.009	0.024	1.41409702564536e-07	TCEAL4	c3
4.39370095656917e-10	-0.943750392218139	0.007	0.019	1.47355942681417e-05	MFHAS1	c3
2.70851316996567e-05	0.940345883273211	0.021	0.014	0.908381146943085	APOL1	c3
1.64618467836566e-10	-0.93441527324798	0.011	0.025	5.52097417430276e-06	NRIP1	c3
2.74486970291524e-17	-0.931753572103749	0.023	0.047	9.20574400963713e-13	RASGRP2	c3
1.74831442589496e-107	-0.927578643961213	0.2	0.35	5.86349692156651e-103	PTP4A1	c3
1.35267917221324e-193	-0.927359899204409	0.547	0.719	4.53661540776876e-189	JUNB	c3
8.12160662608325e-29	-0.927013603479405	0.029	0.068	2.7238244302558e-24	GRAMD1B	c3
1.11641503955068e-07	-0.924466117395115	0.007	0.016	0.00374423275964507	BCORL1	c3
2.649026068502e-08	-0.923034662965966	0.007	0.017	0.0008884303628542	EFNB1	c3
6.42961272581969e-42	-0.91789424991524	0.055	0.115	2.15636351598541e-37	ITPRIP	c3
1.74416601054531e-07	-0.917682047187897	0.005	0.012	0.00584958396616686	UBASH3B	c3
1.28874349100391e-46	-0.916459005484515	0.066	0.134	4.3221879201289e-42	ANKRD37	c3
1.76813820698474e-16	-0.910165104081929	0.016	0.037	5.92998191858543e-12	SH3TC1	c3
1.76803966528363e-14	-0.907331469166414	0.015	0.033	5.92965142942825e-10	HIST1H3H	c3
6.64062575728975e-08	-0.907296321429992	0.006	0.014	0.00222713306647984	AC093010.2	c3
1.5334442185711e-14	-0.90536107631128	0.016	0.036	5.14286522024374e-10	GPR34	c3
0.00177295981314264	0.904561724152615	0.016	0.012	1	PARS2	c3
1.4344482564288e-06	-0.904437605834835	0.008	0.016	0.048108525624109	GLCE	c3
4.1774486976327e-37	-0.903126431816242	0.048	0.102	1.40103274421205e-32	THAP2	c3
6.4922301929703e-06	0.901738268584302	0.024	0.016	0.217736416211838	POU3F1	c3
1.76302487858021e-39	-0.897959543923616	0.076	0.14	5.9128328377823e-35	RASGEF1B	c3
1.4055508982474e-19	-0.896821883402207	0.022	0.049	4.71393660254212e-15	DAPP1	c3
6.35798126920258e-77	-0.896487438166778	0.129	0.243	2.13233975806516e-72	GPR65	c3
7.68978064620943e-123	-0.895360027004163	0.266	0.431	2.57899863312572e-118	KDM6B	c3
4.21610374688749e-05	-0.89121088761567	0.004	0.01	1	AC108047.1	c3
4.62135289649069e-113	-0.890666108162252	0.346	0.494	1.54990933442505e-108	TNFRSF9	c3
6.34541587816718e-22	-0.889914150546157	0.034	0.067	2.12812557721971e-17	CRIP2	c3
3.69853934352928e-60	-0.887824837507961	0.104	0.196	1.24041612503285e-55	METRNL	c3
1.43406675669418e-07	-0.886005816617775	0.007	0.016	0.00480957308860093	IL26	c3
1.51471426579957e-57	-0.883333692855886	0.099	0.188	5.0800487046386e-53	VSIR	c3
2.15088964620632e-11	-0.881513496948185	0.013	0.027	7.21365369544674e-07	NCS1	c3
0.00122920658825259	0.880903207636605	0.013	0.009	1	RAB3A	c3
3.53667615999372e-07	-0.880430762212192	0.008	0.017	0.011861304505387	FADS3	c3
5.40761589661419e-05	0.88006112411931	0.022	0.015	1	TMTC4	c3
1.0836701288043e-109	-0.879602143277292	0.206	0.362	3.63441287798387e-105	SNHG15	c3
2.66511072158708e-07	-0.87941633647758	0.005	0.013	0.00893824833805876	ETNK2	c3
2.25718469649405e-121	-0.87905055825531	0.218	0.384	7.57014603510176e-117	PDE4D	c3
1.4910744887772e-05	-0.878185576531925	0.004	0.01	0.500076562046098	TRAF3IP2	c3
1.06664507627754e-111	-0.87718922870974	0.193	0.349	3.57731425681963e-107	SLC16A3	c3
1.16707036088988e-292	-0.876542765060098	0.72	0.839	3.91412057635249e-288	DUSP4	c3
7.73221263496313e-08	-0.87569873913223	0.168	0.141	0.00259322947351393	CCL4L2	c3
2.00437760444449e-06	-0.875340843852464	0.006	0.013	0.0672228160978592	FAM222A	c3
0.00234922621215773	0.872317511125662	0.012	0.008	1	TEF	c3
3.65147381989076e-08	-0.872155171216039	0.009	0.02	0.00122463128971496	AC027290.1	c3
1.31099998992335e-06	-0.871790980720226	0.007	0.015	0.0439683176620493	NEU4	c3
1.18899645839342e-37	-0.870751002585058	0.048	0.102	3.98765632215986e-33	ADAM19	c3
9.49311014596067e-218	-0.867455520640763	0.668	0.792	3.18379928075229e-213	CXCR4	c3
1.55694943253285e-74	-0.866286585261768	0.135	0.248	5.22169700682866e-70	CRYBG1	c3
9.08315477720405e-07	-0.864864043440997	0.006	0.014	0.0304630844917869	PDE8A	c3
1.95937070042173e-07	-0.864336699710969	0.006	0.015	0.00657133745507438	ZYG11B	c3
1.56167858847767e-18	-0.864039524138062	0.032	0.06	5.23755765003639e-14	MAF	c3
6.28293007616236e-104	-0.861774893654064	0.215	0.366	2.10716908894333e-99	CTLA4	c3
4.10056934341957e-11	-0.861709923649543	0.01	0.024	1.37524894639606e-06	NXPH4	c3
2.88579640921198e-08	-0.857327588293716	0.042	0.061	0.000967838399721513	TNF	c3
0.000248024841509338	-0.857159485850876	0.005	0.01	1	MAPRE3	c3
4.51780525586115e-31	-0.855503675617557	0.053	0.102	1.51518152671071e-26	PASK	c3
3.43952036141009e-05	0.853949906647986	0.017	0.011	1	FBXO2	c3
3.69970129386657e-13	-0.853279681751225	0.018	0.037	1.24080581993697e-08	CADM1	c3
6.9656721750378e-09	-0.852443548987184	0.012	0.023	0.000233614713406418	PPP1R13B	c3
1.78858961935674e-06	-0.851721656238486	0.005	0.012	0.0599857186539864	TMEM217	c3
1.81683196022107e-05	-0.847308346891692	0.004	0.01	0.609329102818941	SLC35G2	c3
4.33679734010344e-16	-0.844551162385955	0.019	0.042	1.45447509192389e-11	TNFRSF10B	c3
0.00496345080215405	0.84253486666459	0.034	0.028	1	IFIT3	c3
1.06940515721571e-07	-0.840635782220701	0.008	0.017	0.00358657101627003	FAM13A	c3
2.22501416246603e-14	-0.840335601265414	0.02	0.04	7.46225249807856e-10	TAF4B	c3
4.03887627707073e-06	0.839844838677814	0.034	0.024	0.135455832580398	RBM43	c3
0.0345862597222436	0.839624953943077	0.011	0.008	1	ZKSCAN3	c3
1.12302817431889e-09	-0.837800919251704	0.009	0.021	3.76641189103071e-05	FLNB	c3
0.00163214250979557	0.836098243607335	0.018	0.013	1	CRNDE	c3
6.59674695287358e-28	-0.83591730847953	0.042	0.084	2.21241699305474e-23	ZBTB32	c3
3.05823184110954e-09	-0.83514798450756	0.006	0.017	0.000102566979487132	MYO1B	c3
1.53960901667923e-24	-0.83513123843411	0.03	0.065	5.16354072013881e-20	ICAM2	c3
3.92553346943911e-12	-0.833907513572862	0.008	0.021	1.31654541498049e-07	E2F1	c3
6.90696702607383e-11	-0.832980514249597	0.005	0.015	2.31645860120464e-06	SGO1	c3
7.76441343827325e-06	0.83245536559193	0.032	0.023	0.260402897892808	TRAV10	c3
3.46493473666094e-07	-0.832244755018324	0.012	0.022	0.0116206981198134	ZSCAN18	c3
2.0042342175655e-27	-0.831416752589303	0.04	0.081	6.72180071887117e-23	SDC4	c3
2.88802385015753e-50	-0.8313043581835	0.44	0.547	9.68585438865832e-46	HSPE1	c3
0.0434219666555736	0.830930269973078	0.012	0.009	1	ZNF792	c3
0.0147994613841373	-0.82991157274273	0.021	0.027	1	SERPINH1	c3
1.18983362517047e-07	-0.829888026649695	0.004	0.012	0.00399046401209673	C17orf53	c3
7.44393808866326e-08	-0.827268666869175	0.007	0.016	0.00249654795617588	USP46	c3
5.50287951541114e-06	-0.827232922397909	0.007	0.015	0.184555573187859	SLC16A6	c3
0.117703816336503	0.820763690073975	0.01	0.008	1	CRACR2B	c3
7.12067559515148e-05	0.819957797553008	0.03	0.022	1	DHX58	c3
3.99300334591441e-05	-0.818871448817938	0.005	0.01	1	ZFHX3	c3
2.06589354571095e-20	-0.818286897226904	0.057	0.095	6.92859377360539e-16	SESN3	c3
1.60878966735934e-82	-0.816836951092874	0.166	0.293	5.39555878638975e-78	TRAF4	c3
0.00133458361525644	0.816679051923008	0.012	0.008	1	LRRC56	c3
7.30587434847273e-07	-0.815058818698112	0.007	0.015	0.0245024413899079	KIR2DL4	c3
1.38739151851808e-12	-0.814807173731924	0.022	0.041	4.65303367480594e-08	ATP8B4	c3
8.06147635611564e-12	-0.814687572810095	0.011	0.025	2.70365794031406e-07	LINC01588	c3
0.0287713084648564	0.813581847239885	0.019	0.015	1	GIMAP8	c3
3.77751234847544e-55	-0.812927163346899	0.134	0.227	1.26690209143169e-50	SLC1A4	c3
2.85873394528998e-23	-0.81062576003671	0.303	0.372	9.58762190571354e-19	HSPB1	c3
1.93179977489304e-05	-0.808293079484502	0.006	0.012	0.647887008503628	MICAL3	c3
1.2606452730628e-23	-0.807592448197146	0.037	0.074	4.22795211679801e-19	TGFBR3	c3
3.90483689439311e-136	-0.807035043858172	0.655	0.761	1.30960419764156e-131	RGCC	c3
2.02791087910335e-35	-0.806656299201726	0.114	0.18	6.80120750633682e-31	GPR183	c3
4.40304128765743e-93	-0.805493986663899	0.214	0.36	1.47669198705455e-88	PRNP	c3
2.24990978658343e-05	-0.805224853791191	0.005	0.011	0.754574744224352	MPZL1	c3
2.31771601544836e-05	-0.804514986200155	0.007	0.014	0.77731559726107	ARL4D	c3
2.02124344289662e-09	-0.804195864973994	0.01	0.022	6.77884625878669e-05	MAP4K3	c3
1.03361946611862e-05	-0.803647411856589	0.007	0.013	0.346655296546861	POMGNT2	c3
6.34655017203953e-37	-0.803587079094152	0.108	0.176	2.12850599669862e-32	CMSS1	c3
1.36102034191698e-52	-0.801947871742322	0.193	0.292	4.56459002272116e-48	ICOS	c3
5.52500629436198e-17	-0.800256106276657	0.022	0.046	1.85297661100312e-12	DRAIC	c3
5.82549170228489e-11	-0.798862486080372	0.008	0.02	1.95375340711231e-06	TRBV2	c3
0.00665897344680048	0.798224446813474	0.023	0.018	1	FAM111A-DT	c3
5.37437776990062e-05	-0.797236978807973	0.005	0.011	1	DDIT4L	c3
8.0384722268124e-14	-0.796631730944351	0.01	0.026	2.69594281542834e-09	MYB	c3
0.108695144352126	0.794857140824472	0.012	0.01	1	ZFP57	c3
1.24191471039087e-36	-0.794596208840316	0.059	0.116	4.1651335557089e-32	CHST7	c3
5.95871346422263e-15	-0.793863032110354	0.019	0.04	1.99843332163099e-10	CDK1	c3
0.0115676473508189	0.793582801287275	0.013	0.01	1	CCR1	c3
3.4287705853988e-18	-0.792930164402855	0.028	0.056	1.14994107893105e-13	KIAA1324	c3
2.92539892328115e-122	-0.792724327737173	0.523	0.659	9.81120290890033e-118	DUSP2	c3
0.000210454014040152	0.792515978746707	0.013	0.008	1	TRBV12-2	c3
5.07870341240747e-05	-0.791709847584964	0.005	0.01	1	STXBP1	c3
0.000154815554124164	0.790190462362724	0.032	0.024	1	TMEM187	c3
1.51432536323394e-28	-0.790055585566045	0.074	0.125	5.078744403214e-24	TNS3	c3
1.04726200203859e-05	-0.789619911020975	0.008	0.015	0.351230730243702	IL1RN	c3
7.10255964932986e-11	-0.789041438466555	0.023	0.04	2.38205645519225e-06	DNAJA4	c3
0.127085703768749	0.788267370167953	0.01	0.008	1	LINC00937	c3
7.72794336071695e-26	-0.787871225558043	0.047	0.089	2.59179764431725e-21	FAM53C	c3
0.175704559799558	0.786312278822833	0.016	0.013	1	ZNF575	c3
2.13517283897053e-100	-0.784850168541702	0.263	0.413	7.16094266733937e-96	ARID5B	c3
7.75862247192746e-54	-0.783068902909256	0.126	0.217	2.60208680463503e-49	IRF4	c3
6.12843295125942e-97	-0.782933366205537	0.25	0.399	2.05535384319339e-92	NAMPT	c3
1.6907763721405e-10	-0.78274622473833	0.017	0.033	5.67052579688481e-06	BCL6	c3
1.32766880365991e-08	-0.782152304497126	0.011	0.022	0.000445273563371461	HPSE	c3
0.00106464712591938	0.781373734799554	0.022	0.016	1	NEIL2	c3
4.88204414515182e-116	-0.779937148068957	0.505	0.64	1.63733996540102e-111	TUBA4A	c3
1.48388039186541e-06	-0.779121967280663	0.009	0.018	0.0497663805823822	ZDHHC9	c3
1.58498081032331e-39	-0.775973397719764	0.08	0.147	5.31570864166233e-35	NSMCE1	c3
0.00015322577393332	-0.775708561172234	0.006	0.011	1	SMAGP	c3
6.79654500040551e-05	-0.772457544154514	0.007	0.013	1	AC136475.3	c3
4.64567011072946e-08	-0.772381411167516	0.008	0.018	0.00155806484173645	TGFBR3L	c3
0.00928643933817694	0.77083491619085	0.026	0.021	1	CCDC51	c3
4.22440250469334e-61	-0.770355586503886	0.879	0.916	1.41678011202405e-56	HSP90AA1	c3
2.67973879224562e-11	-0.769896527564346	0.013	0.028	8.98730796143336e-07	ARHGAP10	c3
5.85569806309021e-52	-0.768007913516928	0.118	0.206	1.96388401639919e-47	H2AFX	c3
1.57495517334916e-12	-0.767299656565812	0.017	0.035	5.28208466037843e-08	FRMD6	c3
5.51095898972255e-06	-0.766632389847871	0.006	0.013	0.184826542597315	QPCTL	c3
3.1115989963829e-06	0.766469796402508	0.044	0.033	0.10435680714069	SRGAP2	c3
3.61875155088703e-09	-0.766169138706715	0.009	0.02	0.000121365689513649	CERS6	c3
5.62388339788939e-22	-0.765070558144722	0.033	0.066	1.88613801398414e-17	CHD7	c3
1.75359351696702e-63	-0.764548637431327	0.143	0.247	5.88120193720398e-59	YBX3	c3
0.000121700957055924	-0.764415966231011	0.008	0.014	1	S1PR5	c3
4.07152706006412e-06	0.763172968321705	0.034	0.024	0.13655087454043	ARMC2	c3
7.16663513156354e-60	-0.760631451096907	0.167	0.272	2.40354609042378e-55	SOCS1	c3
2.23616246875311e-146	-0.759868132807091	0.652	0.782	7.49964168770418e-142	TNFAIP3	c3
2.42990644287211e-33	-0.75975850238349	0.054	0.105	8.14942022810449e-29	ITGAV	c3
3.00708499620883e-43	-0.759637523506291	0.075	0.143	1.00851616602852e-38	TESPA1	c3
1.00270081626034e-284	-0.758817260109506	0.901	0.94	3.36285799757392e-280	ACTG1	c3
0.000528026899427578	-0.7577908879946	0.006	0.01	1	KIFC3	c3
1.31224396863534e-109	-0.757469830437605	0.285	0.447	4.40100382200922e-105	NFKB1	c3
6.97094116300554e-24	-0.757211493371494	0.027	0.06	2.3379142472488e-19	PHACTR2	c3
1.91478606980772e-27	-0.756000578705851	0.067	0.116	6.42180952092115e-23	MLF1	c3
6.82405690711917e-10	-0.755814646952859	0.014	0.027	2.28865220550963e-05	DSE	c3
6.58122722254536e-05	-0.753371959480101	0.005	0.011	1	RPP25	c3
9.80880951188692e-35	-0.751790584090255	0.051	0.103	3.28967853409663e-30	SLC7A1	c3
6.52808418766036e-10	-0.751373789294667	0.015	0.029	2.18938887485753e-05	GSTM3	c3
0.00791129560129361	0.751046935465018	0.014	0.011	1	GIN1	c3
2.57117694810657e-13	-0.748531084275116	0.02	0.039	8.62321324855983e-09	CCDC157	c3
8.46741506458861e-59	-0.748342129572652	0.231	0.343	2.83980166436173e-54	INSIG1	c3
0.00304696633477937	0.748169595056205	0.016	0.011	1	TTLL1	c3
0.0103966376124827	0.743272993689554	0.015	0.011	1	C1RL	c3
7.16564977682282e-05	0.742765460468532	0.052	0.041	1	IFIT1	c3
1.31636691031206e-09	-0.74175629436284	0.014	0.028	4.4148313438046e-05	ERC1	c3
4.71107827125115e-11	-0.741215748499791	0.004	0.015	1.58000143061221e-06	NUF2	c3
8.98710917103491e-19	-0.741026413404583	0.031	0.06	3.01409667378169e-14	LRIG1	c3
0.000127427233320943	-0.740421487752545	0.007	0.013	1	MYO1D	c3
0.000675349174373117	0.740074873826729	0.029	0.022	1	SLC46A3	c3
3.4949427075359e-70	-0.739049646317001	0.175	0.293	1.17213388525339e-65	AHI1	c3
4.4204317796966e-15	-0.736472694492149	0.021	0.042	1.48252441027464e-10	RAB30	c3
5.93877833949907e-06	-0.735869287692299	0.012	0.021	0.19917474795012	TRBV7-2	c3
1.54518625421133e-78	-0.735667570830507	0.282	0.416	5.18224565937397e-74	RHOH	c3
3.24097820301558e-36	-0.735484655069023	0.101	0.167	1.08695926972737e-31	PDLIM4	c3
6.86709424312313e-85	-0.734432007407403	0.262	0.401	2.30308606725864e-80	SDCBP	c3
1.53857011207529e-05	-0.734321806481331	0.004	0.01	0.516005644187809	HIST2H2BE	c3
0.0338110136261971	0.733995113756694	0.014	0.011	1	C10orf143	c3
0.000248062409018427	0.730412041894812	0.049	0.04	1	NIF3L1	c3
0.066959244460834	0.730184673375367	0.022	0.018	1	NTHL1	c3
5.9967601401577e-05	-0.730152800728927	0.004	0.01	1	STK3	c3
3.41765060608198e-58	-0.729272798290563	0.105	0.198	1.14621166026777e-53	NANS	c3
2.53923465811551e-30	-0.728224196481729	0.042	0.086	8.51608519638781e-26	LIMA1	c3
0.000614497267660841	0.727252110212832	0.024	0.018	1	B4GAT1	c3
0.000443511538348185	0.726556117176198	0.029	0.022	1	SPSB2	c3
0.013169935980083	0.724459279190792	0.019	0.015	1	ALDH6A1	c3
6.68890522340197e-53	-0.723599065306199	0.101	0.188	2.24332503382455e-48	CDK6	c3
2.16838915474033e-25	-0.723460331583779	0.043	0.083	7.27234354716811e-21	PLEKHG2	c3
1.00767357384092e-16	-0.723359556004321	0.04	0.069	3.37953563194769e-12	MAGEH1	c3
7.0755572583131e-07	-0.722912884945559	0.008	0.016	0.0237300039329305	DNAJB5	c3
3.11150157967893e-05	-0.722582312976504	0.005	0.011	1	INO80B	c3
0.0870716827370318	0.721336964964989	0.018	0.015	1	TCTEX1D2	c3
4.87135552053808e-75	-0.718936107882084	0.24	0.369	1.63375521447806e-70	KPNA2	c3
1.88818919714458e-23	-0.718495400631359	0.042	0.08	6.33260892938351e-19	MID1IP1	c3
5.24072279665859e-64	-0.718234287351376	0.183	0.294	1.75763361154336e-59	NAB1	c3
0.000249104016255771	-0.718208485653965	0.006	0.011	1	HIST1H2BD	c3
7.78278644767734e-12	-0.716372915158197	0.014	0.029	2.61019091882203e-07	GKAP1	c3
6.71974032498238e-11	-0.716364696466127	0.015	0.031	2.25366651019259e-06	GPR35	c3
4.99557543720357e-82	-0.715075633643402	0.185	0.32	1.67541609012933e-77	TMEM123	c3
8.19180015349877e-07	-0.714411981910802	0.006	0.014	0.0274736593548042	SORBS1	c3
1.73897770283697e-12	-0.713866632952381	0.024	0.045	5.83218341977462e-08	AL118516.1	c3
3.29376452133565e-70	-0.71358033202263	0.247	0.37	1.10466274516555e-65	PHLDA1	c3
0.0008724235410038	0.713373648953098	0.021	0.015	1	ZNF248	c3
4.20048647041091e-13	-0.713139426411181	0.015	0.033	1.40875915244641e-08	GRAMD2B	c3
0.1342164683732	0.712592843983836	0.011	0.009	1	PAFAH2	c3
5.4859740553636e-70	-0.711954155208277	0.214	0.337	1.83988597868784e-65	IFRD1	c3
0.134831933714977	0.711765323158073	0.011	0.009	1	ERMP1	c3
5.16997030586228e-10	-0.710849371255607	0.009	0.022	1.73390464118009e-05	IRF5	c3
3.53699884851435e-64	-0.708733074732736	0.196	0.309	1.18623867381474e-59	RORA	c3
2.81731924248121e-34	-0.707638827171745	0.051	0.103	9.44872527543349e-30	NPDC1	c3
4.4195980247701e-15	-0.707397085628729	0.024	0.047	1.4822447855474e-10	HIST1H2BJ	c3
1.32751002053753e-05	-0.707073604074433	0.008	0.015	0.445220310687876	BFSP2-AS1	c3
4.52101256933105e-13	-0.706355562909157	0.054	0.082	1.51625719550225e-08	AC020916.1	c3
0.000440531514255468	-0.705301184030412	0.005	0.01	1	AC087623.3	c3
0.0298177411632112	0.703901189662912	0.015	0.012	1	TRAV22	c3
0.0880263376830264	0.702446777014513	0.014	0.011	1	XYLT2	c3
1.10153462807815e-69	-0.701267005010555	0.179	0.298	3.69432683564849e-65	JMJD1C	c3
3.02086652055244e-106	-0.700947176000425	0.38	0.543	1.01313821366288e-101	JUND	c3
6.75760871143308e-180	-0.700470580391337	0.635	0.787	2.26636680964043e-175	LMNA	c3
7.70803599642577e-70	-0.698505486027854	0.295	0.416	2.58512111248128e-65	BHLHE40	c3
0.0421564144449991	0.698467642406086	0.019	0.015	1	ZCCHC18	c3
5.65708433270346e-14	-0.69742786594297	0.019	0.039	1.89727294350209e-09	TRIP10	c3
0.000450408381165053	0.693341255010994	0.056	0.047	1	CDK5	c3
4.43232322790728e-05	-0.692886755688287	0.015	0.023	1	KLRC1	c3
0.0509618217363046	0.691399476692431	0.014	0.011	1	PHOSPHO2	c3
0.278698735401092	0.691398442306395	0.013	0.011	1	MKS1	c3
0.000491649391783166	0.689927415233787	0.034	0.027	1	RNF170	c3
8.58833037245299e-11	-0.689615270658557	0.017	0.032	2.88035424031328e-06	SSBP2	c3
0.0374054185664759	0.689303809882626	0.01	0.008	1	AC079922.2	c3
1.17127072809806e-10	-0.689133510437655	0.012	0.026	3.92820776789528e-06	TRIP13	c3
7.51207421712674e-07	-0.688349997362734	0.012	0.022	0.0251939945093997	TMEM150A	c3
0.0118659492259049	0.686788168930461	0.017	0.013	1	SLC18B1	c3
4.37025221602173e-08	-0.686372024444267	0.009	0.019	0.00146569518820937	TLCD1	c3
1.36915115658109e-06	-0.686098507805061	0.009	0.018	0.0459185914894166	PSD	c3
1.77162753109403e-10	-0.686011544236121	0.014	0.028	5.94168441378315e-06	C1orf112	c3
8.301726419878e-09	-0.683325022969083	0.012	0.025	0.000278423300669868	RTP5	c3
4.51450954795216e-06	-0.682638747225286	0.01	0.018	0.151407621219219	GIPR	c3
1.34044231927835e-106	-0.682037870813253	0.709	0.788	4.49557545039574e-102	ZFP36L2	c3
5.77671393289952e-12	-0.681566056335428	0.01	0.024	1.93739431881584e-07	NCAPG2	c3
3.07804746335735e-67	-0.68152093735067	0.21	0.329	1.03231555826079e-62	TENT5C	c3
0.153336288858522	0.681169281678728	0.018	0.016	1	SLC43A1	c3
5.07796367041964e-19	-0.681077663312418	0.034	0.064	1.70304745578534e-14	SERINC5	c3
0.0518739355636346	0.680192366271639	0.03	0.026	1	ARV1	c3
0.00485326095595394	0.680129115016737	0.028	0.022	1	ZNF691	c3
7.50791316640936e-12	-0.679658243402686	0.019	0.036	2.51800391775037e-07	LETM2	c3
0.000115587716910145	0.679464359980632	0.046	0.036	1	SH2D3C	c3
0.0567551880465971	0.678348300821728	0.013	0.011	1	CAMSAP2	c3
3.58158756513778e-19	-0.678039681702738	0.096	0.141	1.20119283759591e-14	PGM2L1	c3
1.16845084051576e-25	-0.677273354582949	0.047	0.089	3.91875042892175e-21	ZDBF2	c3
6.23956940443808e-58	-0.676522407857324	0.201	0.311	2.09262678686044e-53	CNIH1	c3
2.95722822912862e-05	-0.675782598634766	0.011	0.018	0.991795203485156	AP000311.1	c3
6.75386549794415e-05	-0.675775327188439	0.008	0.014	1	TRAV29DV5	c3
0.00480193075502515	0.675584496183691	0.019	0.014	1	AC099063.4	c3
2.41613240932191e-05	0.674421963587783	0.059	0.047	0.810322487438382	ARL2	c3
5.09654607745731e-13	-0.674134618436083	0.028	0.049	1.70927962345763e-08	RDH10	c3
0.0587367679953368	0.673591555369625	0.022	0.019	1	LINC00954	c3
4.65064841858683e-06	-0.673520343832345	0.006	0.014	0.155973446662565	PCBP3	c3
3.0366907625352e-05	-0.673067561614983	0.01	0.018	1	GNAO1	c3
7.0110056715328e-123	-0.67067902803397	0.564	0.699	2.35135108211867e-118	YPEL5	c3
3.91308183043104e-06	0.669396610243575	0.056	0.044	0.131236938428996	MAPK13	c3
2.21882067189577e-40	-0.669375845128177	0.074	0.14	7.44148076940402e-36	SYNJ2	c3
2.38760547393045e-05	-0.669075354396836	0.01	0.018	0.800755123846793	LAMP3	c3
7.70825470185643e-95	-0.66758698003003	0.315	0.466	2.58519446190861e-90	NINJ1	c3
0.0372927662257982	0.665542049689019	0.011	0.009	1	TCEANC	c3
6.4252990501775e-08	-0.664401549459932	0.009	0.019	0.00215491679544853	HACD1	c3
0.000141313745426909	-0.664353008764886	0.006	0.011	1	ZNF674-AS1	c3
0.00136022021324662	-0.664311285654977	0.007	0.011	1	STX3	c3
0.0666471542712607	0.663394218627569	0.027	0.024	1	SCRN3	c3
1.2845602361634e-38	-0.662420749433159	0.098	0.168	4.30815812004482e-34	CHMP1B	c3
0.181727744073737	0.662304965309005	0.028	0.025	1	IFIT2	c3
0.0559314883919934	0.661632018265443	0.024	0.02	1	CBR4	c3
1.98263019215495e-20	-0.661101892501315	0.031	0.062	6.64934513844926e-16	AIF1	c3
3.17841708804075e-05	-0.660756200284684	0.005	0.011	1	ZNF620	c3
1.02061156616099e-15	-0.660613214639205	0.024	0.048	3.42292707059072e-11	PRR34-AS1	c3
6.84217241705192e-36	-0.660360186294566	0.079	0.141	2.29472778523087e-31	HMGCS1	c3
2.93677607138645e-10	-0.660141503376076	0.018	0.033	9.84935958821587e-06	GAN	c3
1.44312263158288e-19	-0.659530904619787	0.035	0.067	4.83994468180265e-15	SLC39A8	c3
4.26794875994338e-16	-0.659158381152223	0.035	0.062	1.43138465510981e-11	AC025164.1	c3
3.77482352098303e-36	-0.658569606903257	0.103	0.171	1.26600031246729e-31	RNF125	c3
7.24634872279384e-41	-0.658430441481514	0.101	0.174	2.4302804346506e-36	MTFP1	c3
1.90451659587345e-06	-0.657582382697676	0.009	0.017	0.0638736775924038	RASGRP3	c3
0.0433545366910233	0.657569643560302	0.017	0.014	1	ZNF74	c3
3.86009297142223e-65	-0.656893662473182	0.154	0.266	1.29459798075559e-60	IL4R	c3
6.20526516898557e-29	-0.656620988373376	0.061	0.11	2.08112183237438e-24	TOX2	c3
0.0994419870713333	0.656427753184995	0.019	0.016	1	TNFAIP8L2	c3
0.00932316458798496	0.656269145080788	0.017	0.013	1	RORB	c3
0.00905211386068973	0.65611692577107	0.022	0.017	1	ZSWIM9	c3
0.000490892830140906	0.655892578092269	0.037	0.029	1	YPEL1	c3
2.12094619068223e-05	0.655700849342684	0.065	0.053	0.711322933431008	LINC00847	c3
1.95065899240809e-45	-0.654221594778264	0.182	0.273	6.54212012873824e-41	PDE4B	c3
0.000148675403458169	0.652939152618956	0.043	0.033	1	ZNF623	c3
1.68448776281984e-95	-0.652713655949671	0.37	0.518	5.64943505894518e-91	RNF19A	c3
2.69835336833721e-06	0.64783927214307	0.07	0.056	0.0904973752672935	GRAMD1C	c3
1.13330145473152e-81	-0.647351414107064	0.265	0.405	3.80086641887858e-77	SEC14L1	c3
0.00136591742867043	-0.647264438326383	0.006	0.01	1	PLCD3	c3
2.91016690577573e-07	-0.645869133171297	0.008	0.016	0.00976011776859063	RMND5B	c3
0.189654543543806	0.64584131330503	0.019	0.017	1	LIN9	c3
1.50133200660396e-21	-0.64555731789542	0.05	0.087	5.03516728374835e-17	RFX2	c3
1.98814432887521e-05	-0.64539643355084	0.012	0.02	0.666783845018167	TP53I11	c3
1.73722132822994e-10	-0.644932785343963	0.021	0.037	5.82629289061757e-06	SNN	c3
4.68963002084032e-13	-0.644683667472323	0.023	0.043	1.57280811638943e-08	TOP2A	c3
2.97611806558624e-43	-0.643741630777873	0.09	0.163	9.98130476836313e-39	HGSNAT	c3
0.148529491280071	0.643562205998502	0.014	0.012	1	AC074032.1	c3
1.50118008568491e-21	-0.643271351594842	0.039	0.074	5.03465777137006e-17	CASS4	c3
0.154141222080796	0.640466362062006	0.026	0.023	1	C10orf88	c3
0.00818612867712314	0.640392644865714	0.04	0.033	1	TUBGCP5	c3
0.0569415296943588	0.63935947929494	0.013	0.01	1	AC244090.1	c3
0.000131925978836949	0.638254828807093	0.046	0.037	1	FAM50B	c3
0.108017867152249	0.638154378625058	0.015	0.013	1	IFT172	c3
0.000202466857338357	-0.638040630373874	0.009	0.015	1	NCKAP5L	c3
1.57620418096801e-30	-0.637829611073399	0.07	0.124	5.28627358213052e-26	FBXO34	c3
0.000599111842241051	0.636911032338354	0.038	0.03	1	LZTS2	c3
3.41853303044801e-16	-0.636666251228117	0.032	0.059	1.14650760775165e-11	GRAMD4	c3
8.22258533080139e-32	-0.636301298615079	0.055	0.106	2.75769066824417e-27	BCAT1	c3
3.22374959427467e-62	-0.635896440036579	0.164	0.276	1.08118113892784e-57	JOSD1	c3
2.19169677839967e-64	-0.635725926981178	0.237	0.357	7.35051265539681e-60	ZEB2	c3
8.43473853386264e-06	-0.63566189414967	0.007	0.014	0.282884260948685	AL162258.2	c3
5.54451922946607e-37	-0.635512333506466	0.077	0.14	1.85952085917833e-32	RBBP8	c3
2.87965105439793e-11	-0.63519289499827	0.02	0.038	9.65777370623979e-07	MAMLD1	c3
3.43255904451343e-06	0.633085902203027	0.084	0.069	0.115121165234892	MPHOSPH9	c3
1.9747780352727e-64	-0.632493526393325	0.228	0.347	6.6230105746976e-60	TRAF1	c3
2.55298777496064e-10	-0.631147990802991	0.017	0.032	8.56221039966301e-06	TGFBR1	c3
3.66177939912518e-83	-0.630304533041116	0.298	0.442	1.2280875748786e-78	ARID5A	c3
0.10897736934825	0.629981094872019	0.016	0.013	1	ENTPD3-AS1	c3
1.95679386753516e-20	-0.629061821548699	0.035	0.067	6.56269527293941e-16	NOTCH2	c3
2.42326870977562e-50	-0.628642793942445	0.203	0.304	8.12715859884547e-46	PIK3R1	c3
0.0310575649988085	0.628642006244775	0.031	0.026	1	ZNF362	c3
0.000998597241768155	0.628551478472851	0.046	0.038	1	NTPCR	c3
4.98741536950329e-09	-0.62832035822056	0.024	0.04	0.000167267936662401	AC044849.1	c3
3.36402819680199e-42	-0.627625400745175	0.144	0.226	1.12822777664345e-37	DUSP10	c3
7.3332523736602e-27	-0.627560495422598	0.041	0.082	2.45942618107816e-22	NBPF14	c3
7.38486438707967e-24	-0.627275211591472	0.055	0.096	2.47673581813878e-19	GFOD1	c3
1.60497067151273e-18	-0.626535641714005	0.033	0.063	5.38275063811938e-14	CENPN	c3
0.000615804728548322	0.626366864744031	0.023	0.017	1	TRAV3	c3
6.4509082505169e-23	-0.626197493775922	0.067	0.111	2.16350560905836e-18	AQP3	c3
0.0595370191168959	0.624869881898789	0.023	0.02	1	ZNF678	c3
2.03380157969673e-06	0.624315601432247	0.079	0.065	0.0682096373798689	ANAPC7	c3
0.000694196357584731	0.624254450292654	0.053	0.044	1	HDDC3	c3
2.08875613079405e-17	-0.623923496495683	0.034	0.063	7.00527031145708e-13	HIST1H1D	c3
0.00664772316623001	0.623692177492615	0.033	0.027	1	GATD3A	c3
0.0124588106827193	0.62358222098879	0.035	0.03	1	WDR25	c3
2.31628499714639e-23	-0.62238706216104	0.05	0.09	7.76835662342955e-19	MIR3142HG	c3
0.172094859700779	0.622085377633849	0.011	0.009	1	AL158071.4	c3
8.33595631957118e-42	-0.621914479538943	0.145	0.228	2.79571303045778e-37	UBE2S	c3
0.0197843069197543	0.620256356544652	0.037	0.032	1	TMEM42	c3
3.23007413813542e-06	0.620147383618382	0.056	0.043	0.108330226444786	FUZ	c3
0.0947287498244065	0.619829548822271	0.022	0.019	1	THAP8	c3
1.51845054129967e-05	-0.61962566007008	0.011	0.019	0.509257942541083	CTTNBP2NL	c3
0.00193046943553895	-0.618784628173569	0.006	0.01	1	AC145124.1	c3
6.35812203246071e-12	-0.618681210779156	0.033	0.055	2.13238696724667e-07	ITGA5	c3
6.5096929517352e-07	-0.617670344607077	0.011	0.02	0.0218322082215295	SPATS2	c3
0.043510966156477	0.61750379624586	0.027	0.023	1	SLC27A3	c3
8.36849773008915e-07	-0.616360666952364	0.007	0.016	0.028066267687173	LY96	c3
2.46108416167999e-17	-0.615411316069332	0.04	0.07	8.25398406144235e-13	PIGA	c3
1.7374756598703e-05	-0.615124806498936	0.007	0.013	0.582714586807303	LINC00239	c3
2.32628596973023e-19	-0.614992061096929	0.043	0.077	7.80189788528125e-15	NCF4	c3
2.56412546120493e-06	-0.614841737607687	0.012	0.022	0.0859956397178909	NETO2	c3
3.68137823257068e-13	-0.614014956965315	0.039	0.063	1.23466063163955e-08	CSKMT	c3
4.50928585750233e-23	-0.613268553037158	0.045	0.083	1.51232429088913e-18	MAFG	c3
1.6100569620159e-18	-0.613068143871655	0.317	0.37	5.39980903920893e-14	VCAM1	c3
0.00015558531168387	0.612272777051366	0.1	0.089	1	HINT2	c3
0.000119514781038256	0.612013552555272	0.049	0.039	1	BMPR1A	c3
6.30173798901834e-33	-0.611968757862514	0.109	0.174	2.11347688675697e-28	NUDT4	c3
0.000118916028034429	0.611522213270482	0.054	0.044	1	LPAR6	c3
0.0275137635958094	0.611371705221987	0.036	0.031	1	DIS3L	c3
0.0540983618117485	0.611058494958419	0.018	0.015	1	EPHA1-AS1	c3
9.01239322577992e-23	-0.610560061605628	0.051	0.091	3.02257644006207e-18	LUZP1	c3
6.874607478641e-08	-0.609666671687735	0.017	0.03	0.00230560585618662	ANTXR2	c3
3.60498023347148e-19	-0.609322934167294	0.038	0.07	1.20903827070167e-14	TMEM184C	c3
1.09044826789504e-26	-0.609004622514584	0.057	0.103	3.65714540086639e-22	ESYT2	c3
1.248835444934e-15	-0.608979640807383	0.032	0.058	4.18834431521965e-11	BPGM	c3
4.15101437700584e-05	-0.607653066098096	0.007	0.013	1	GORASP1	c3
0.00492263915982652	0.60728608138947	0.025	0.02	1	BBOF1	c3
5.33125952900891e-05	-0.607205907608155	0.011	0.018	1	ABTB2	c3
0.000368561490798506	0.607192856801093	0.06	0.051	1	LRRC61	c3
3.88142754566068e-05	0.606834562594413	0.056	0.045	1	AC073111.5	c3
0.0022899518255414	0.605437834197597	0.034	0.027	1	TRBV5-6	c3
2.89756204945656e-17	-0.605425893052132	0.024	0.05	9.7178436014674e-13	MTHFD1L	c3
0.00019166645115661	-0.604997569118281	0.005	0.011	1	TPK1	c3
0.0656269054381452	0.60457392820709	0.023	0.02	1	GTF2IRD2	c3
1.69549544927817e-05	0.604409269608775	0.083	0.07	0.568635263778913	TMEM128	c3
9.2621932063718e-06	0.603934397573888	0.085	0.072	0.310635435755298	HENMT1	c3
2.29981172934714e-07	-0.603334648000617	0.014	0.026	0.00771310857788443	AL137003.1	c3
0.00023683656863243	0.602240281694819	0.087	0.076	1	VRK1	c3
0.101671091007676	0.602190472392713	0.014	0.012	1	SH3BP5-AS1	c3
3.57654012937856e-08	-0.601447727042712	0.013	0.025	0.00119950002859098	HIST1H4H	c3
0.000122762228661312	-0.601278651316056	0.011	0.018	1	ANK3	c3
1.69469591206459e-08	-0.601230810142127	0.013	0.026	0.000568367114988222	ZNF254	c3
0.100128404670034	0.601042472527096	0.02	0.017	1	SRGAP2B	c3
2.45117703383425e-13	-0.600925891561859	0.026	0.048	8.2207575360733e-09	TRIB1	c3
0.0416739673177086	0.600423520564171	0.011	0.008	1	ZSWIM4	c3
0.520306361862383	0.600223789285593	0.01	0.009	1	PTCD2	c3
1.24782596763609e-06	-0.60007832006619	0.009	0.017	0.0418495873025792	ADARB1	c3
1.81982700108931e-06	0.59994686913875	0.081	0.066	0.0610333579625331	APOBEC3D	c3
0.0760454257361288	0.599710194187017	0.022	0.019	1	IFT88	c3
0.000843451963324726	-0.599624318718083	0.006	0.011	1	SEPT8	c3
0.0178602212491924	0.599282350079768	0.028	0.023	1	TMEM53	c3
3.00645181203609e-06	-0.598973991959373	0.01	0.019	0.100830380872066	HIST1H2AK	c3
0.00181357892847927	0.598926215218577	0.021	0.016	1	HOXB-AS1	c3
0.0559476655967651	0.598791155532197	0.025	0.021	1	ZMYM1	c3
0.000115979329785105	-0.598553726966928	0.006	0.012	1	SLC19A1	c3
7.5867258511232e-05	-0.598463746269864	0.006	0.012	1	SESTD1	c3
8.25038519283338e-05	0.597487766301123	0.099	0.087	1	TSEN15	c3
1.89428010493869e-06	0.597054703446067	0.09	0.075	0.0635303661594336	APOL2	c3
0.0930415684136363	0.596292384209482	0.013	0.011	1	DTD2	c3
0.00460234569463974	-0.596281081910535	0.007	0.011	1	CD300A	c3
0.117144579263989	0.596129610176534	0.023	0.02	1	TRIM68	c3
0.0008138519927779	0.595727670005915	0.053	0.044	1	IMMP1L	c3
1.24050386965101e-06	-0.595121733227805	0.013	0.023	0.0416040187803555	NME4	c3
0.00283870425829404	0.59424905614858	0.049	0.041	1	ZNF480	c3
2.22734697915198e-05	-0.594137719234582	0.007	0.014	0.747007629867992	NOL4L	c3
4.20268038036717e-06	-0.593891718548172	0.009	0.017	0.140949494596754	PIAS2	c3
2.37960592537495e-10	-0.593832532358526	0.013	0.027	7.9807223525225e-06	GINS4	c3
8.96890153555489e-06	-0.593801590227938	0.007	0.014	0.30079901969944	MYLPF	c3
5.15357264198427e-25	-0.59258780317153	0.062	0.108	1.72840519266868e-20	HPCAL1	c3
0.271597521493735	0.592141745149742	0.012	0.011	1	SLC38A7	c3
0.000587569361660973	-0.591812736085197	0.005	0.01	1	CCDC112	c3
0.0008688666651045	0.59172369463646	0.044	0.036	1	SRGAP2C	c3
0.207495212942499	0.591664650511577	0.011	0.009	1	AC073254.1	c3
0.000145477675481244	0.591056336961723	0.072	0.061	1	TAMM41	c3
0.637513183681211	0.59025290542479	0.01	0.009	1	CDKL1	c3
0.398404750930926	0.589117417043388	0.013	0.012	1	HNRNPUL2-BSCL2	c3
7.61516852530743e-13	-0.589101594974468	0.018	0.037	2.55397522001761e-08	NDC80	c3
4.37862259387659e-06	-0.58897271446079	0.011	0.02	0.146850244553433	KBTBD8	c3
0.332720191374108	0.588740490688578	0.011	0.01	1	MTAP	c3
0.00437403925697859	0.588540700497267	0.038	0.031	1	ARRDC1-AS1	c3
0.00484803205321215	0.587998220004872	0.058	0.051	1	PRMT7	c3
1.50232130794433e-82	-0.587504194550294	0.467	0.596	5.03848520258368e-78	ODC1	c3
0.0160542495165469	0.587096719081902	0.025	0.02	1	TPM1	c3
7.67352342255002e-12	-0.587079045461893	0.018	0.036	2.57354628545482e-07	N4BP3	c3
2.64142675770429e-07	-0.586799971075308	0.007	0.015	0.00885881705998864	AL031777.3	c3
2.97730101332004e-05	-0.585727374350111	0.014	0.022	0.998527213847276	EPB41L5	c3
0.0200790003995692	0.585468220170884	0.023	0.019	1	WDR24	c3
1.23108531846001e-05	0.585360223087076	0.086	0.073	0.412881394105117	AGFG2	c3
5.57391261900254e-07	-0.585250494176815	0.013	0.024	0.0186937881416107	PEAK1	c3
0.574646102323553	0.58472189121616	0.01	0.009	1	AC009061.2	c3
6.87144054764266e-20	-0.584595636776081	0.058	0.096	2.3045437308684e-15	PRR7	c3
0.0297056044040986	0.583705430372285	0.029	0.024	1	FBXW9	c3
0.0285606961047686	0.582831298847085	0.019	0.016	1	AC138150.1	c3
0.0945459585540018	0.582647268853864	0.035	0.031	1	LMBRD2	c3
2.84629415032918e-38	-0.582589040768591	0.142	0.222	9.54590132137401e-34	IRF2BP2	c3
8.30270328843212e-16	-0.581901006982186	0.048	0.078	2.78456062887436e-11	CAMK1D	c3
0.00267467684308352	0.581862638502354	0.057	0.049	1	HMGCL	c3
3.08533133726135e-35	-0.581452944870379	0.158	0.234	1.03475842389071e-30	TUBB2A	c3
0.240438724894359	0.580530463798635	0.028	0.026	1	RNF135	c3
0.0133262904883297	0.579513238588956	0.05	0.043	1	ABHD10	c3
0.0829630502240827	0.579511737124847	0.021	0.018	1	ADCK5	c3
4.68829344958656e-22	-0.578748723533923	0.055	0.095	1.57235985712234e-17	CD226	c3
1.65578209879443e-05	-0.578719585144906	0.012	0.021	0.555316200293675	AC012615.1	c3
5.38870723497504e-28	-0.578061332236378	0.116	0.176	1.80726463246593e-23	NEDD9	c3
0.00424214526734696	0.577821556537115	0.025	0.019	1	ADAM28	c3
9.8730428667923e-45	-0.577700223025466	0.155	0.242	3.3112211166648e-40	ENTPD1	c3
0.00107324219843197	0.576509095691895	0.054	0.045	1	EEF2KMT	c3
1.121096972178e-05	0.576382044986492	0.062	0.05	0.375993502529058	HOXB4	c3
3.03236500057332e-06	-0.575517195253265	0.006	0.013	0.101699457389228	XXYLT1-AS2	c3
1.41512401324424e-17	-0.575459396994831	0.051	0.084	4.74604291561852e-13	TLE4	c3
0.000667992437696168	0.575355450733577	0.048	0.039	1	CROCC	c3
0.00389467830965133	0.575008611277204	0.058	0.05	1	NIPSNAP1	c3
0.0769296400536591	0.574966710943106	0.048	0.044	1	C17orf75	c3
0.0781362096290415	0.573896500934477	0.037	0.033	1	BUB1	c3
8.45191947562302e-05	-0.573844210232275	0.008	0.014	1	AC091271.1	c3
1.83673700338373e-36	-0.573654191532841	0.167	0.246	6.16004856194835e-32	VPS37B	c3
2.9785853640964e-99	-0.573600590785193	0.544	0.675	9.98957959410649e-95	FAM177A1	c3
3.08148846446455e-06	0.573560382058523	0.193	0.176	0.103346960121212	HERC5	c3
0.252555844026977	0.573438579128576	0.011	0.01	1	ACTL10	c3
1.64652380040533e-139	-0.572855495485073	0.59	0.732	5.52211152179941e-135	CYTIP	c3
7.3772362581938e-05	0.572715940406368	0.055	0.045	1	VPS33A	c3
0.000191855920673493	-0.572177236153243	0.005	0.011	1	PKP4	c3
0.173130658180336	0.572100214643851	0.01	0.008	1	C11orf95	c3
4.99158861892438e-23	-0.572066523524539	0.067	0.111	1.67407899101486e-18	NFATC1	c3
0.989791560890003	0.571764608392713	0.021	0.021	1	ECT2	c3
0.00102651548788855	-0.570966572332633	0.006	0.011	1	CCNI2	c3
0.0108697150421266	0.570064415306576	0.041	0.034	1	TRAV12-1	c3
7.79454538323086e-66	-0.569659183517093	0.281	0.408	2.61413463062797e-61	MTHFD2	c3
0.146275391046325	0.569598725863162	0.027	0.024	1	ETAA1	c3
0.0343384631342815	0.568972613413988	0.044	0.039	1	NDC1	c3
0.0255623569904236	0.568337903078941	0.027	0.022	1	MIPEP	c3
2.36333380203996e-12	-0.567571891697971	0.029	0.05	7.9261489052816e-08	BRMS1L	c3
0.0422461595575501	0.567493006425424	0.029	0.025	1	CBY1	c3
1.36393966903187e-12	-0.567478540721783	0.023	0.043	4.57438086199907e-08	DNAJC18	c3
0.000882615817898204	0.567259758487176	0.063	0.054	1	CNPY4	c3
0.110034774549442	0.567023313120698	0.014	0.012	1	ZNF785	c3
8.22129884262703e-06	0.566516425360836	0.089	0.075	0.275725920584025	APOL3	c3
6.32061111069741e-05	0.566293471935772	0.063	0.051	1	KIAA2013	c3
2.71389390692793e-12	-0.565797731064015	0.032	0.054	9.10185738505489e-08	THADA	c3
0.0943658360365564	0.565558370857103	0.011	0.009	1	CPLANE2	c3
3.35715944664288e-24	-0.565042072094445	0.518	0.585	1.12592413521509e-19	HIST1H4C	c3
0.000851373445474152	0.564881412858548	0.059	0.05	1	C8orf82	c3
1.39854341672477e-06	-0.564606469657212	0.009	0.018	0.0469043491101152	NRROS	c3
4.44076113678431e-06	0.562938060043002	0.092	0.077	0.148934247005472	GLE1	c3
0.00250160753807233	0.562245451837923	0.05	0.042	1	RIPK3	c3
4.88285813972095e-56	-0.562211601432617	0.265	0.382	1.63761296289961e-51	JMJD6	c3
5.16932790219306e-49	-0.562094204387699	0.565	0.658	1.73368919183751e-44	DNAJA1	c3
1.36395582219136e-05	-0.561349996976676	0.009	0.017	0.457443503646538	AC022916.1	c3
1.35596767242286e-50	-0.561218749525828	0.226	0.333	4.54764437977179e-46	CEMIP2	c3
0.000822037694794923	-0.560752909779235	0.006	0.011	1	ADARB2	c3
2.00611781107973e-06	0.560489387550553	0.122	0.106	0.0672811791479919	PSMG4	c3
0.0750055948564116	0.560363770392204	0.039	0.035	1	PAAF1	c3
1.05468645145425e-05	-0.560217995109784	0.008	0.015	0.353720742088727	ZNF563	c3
0.159504436168692	0.559821481810472	0.017	0.015	1	SIRT5	c3
0.000809361880682378	-0.559801060147177	0.007	0.011	1	MUC12	c3
2.02045913274958e-26	-0.558921101895731	0.068	0.117	6.77621583941553e-22	SLC25A33	c3
1.36019612182999e-30	-0.558780114446326	0.123	0.189	4.56182575339341e-26	GLA	c3
1.72342192314402e-12	-0.558675403383984	0.021	0.04	5.78001244584041e-08	MOB1B	c3
0.000247649305361324	-0.558412346973982	0.006	0.012	1	SMKR1	c3
5.29769850259292e-11	-0.558244345849887	0.022	0.04	1.77674212379961e-06	GORAB	c3
3.44895228140364e-40	-0.557982233018573	0.637	0.708	1.15670961613715e-35	NFKBIA	c3
0.00689904305189522	0.557888214547294	0.031	0.025	1	TRAV38-1	c3
2.9518519469823e-15	-0.557406699191917	0.047	0.077	9.89992105978923e-11	GPR18	c3
0.000112433808421661	0.555383396422891	0.102	0.09	1	TMEM14A	c3
6.18892170751147e-05	0.555195648921442	0.07	0.058	1	DDX60	c3
0.0651280688465229	0.554725498783937	0.024	0.021	1	AL590764.1	c3
1.09850507357944e-41	-0.554233261617539	0.363	0.458	3.68416631577074e-37	ID2	c3
0.00505912514465767	0.554220188075468	0.045	0.038	1	ZFAT	c3
1.09802595261786e-07	-0.554078322767053	0.01	0.02	0.00368255943988979	ALCAM	c3
4.93197540043133e-06	0.553488194927973	0.118	0.102	0.165408590979666	OAS1	c3
0.0131107865973484	0.553454886982535	0.021	0.017	1	WDR81	c3
0.0787421395366253	0.552787116489898	0.02	0.017	1	MFSD3	c3
1.61706824321261e-06	-0.552779050579171	0.021	0.033	0.0542332347408644	C1orf21	c3
0.00129455663418568	-0.552521950272646	0.006	0.01	1	AC020765.2	c3
9.2096997905599e-24	-0.552451414052306	0.047	0.087	3.08874911575798e-19	AC008105.3	c3
6.80310730665755e-06	-0.552318714371459	0.008	0.015	0.228162612850681	E2F7	c3
1.72310205590059e-37	-0.552053325319383	0.105	0.176	5.77893967507939e-33	UAP1	c3
0.350774694929392	0.551970406559931	0.015	0.014	1	JRK	c3
3.25723253236972e-05	-0.551822521929789	0.008	0.015	1	HIST1H2BF	c3
2.67624784179633e-11	-0.551381404416235	0.028	0.047	8.97560001181653e-07	ALDOC	c3
0.1031075503632	0.550801584595022	0.027	0.023	1	TMEM155	c3
1.31792672108907e-09	-0.550532934771923	0.013	0.026	4.42006263718854e-05	BAG2	c3
1.51822617373537e-05	-0.549913032683206	0.012	0.021	0.509182694147368	KCNQ1OT1	c3
4.34638577705076e-08	-0.549774621976868	0.014	0.026	0.00145769086190728	AC011611.3	c3
0.528872503663923	0.548535341357182	0.011	0.01	1	TMEM244	c3
0.315215177461983	0.547598965142573	0.028	0.026	1	MAP3K6	c3
0.221054471699149	0.54705492514322	0.019	0.017	1	ERLIN2	c3
0.0312984083830999	0.546651090053992	0.029	0.025	1	CEP162	c3
0.000100427948828194	0.546404885055899	0.095	0.083	1	USP18	c3
0.478922785732127	0.546223056233233	0.021	0.02	1	LRRC45	c3
0.000307821630906172	0.546208375879792	0.071	0.06	1	ZNF33B	c3
1.90591563962036e-69	-0.545911501296129	0.272	0.407	6.39205987215875e-65	PBX4	c3
1.99519413018919e-157	-0.545861579081897	0.904	0.941	6.69148207382851e-153	BTG1	c3
0.0719070050792854	0.545729767073026	0.02	0.017	1	ZNF213	c3
2.51384844429572e-22	-0.545341020752338	0.053	0.092	8.43094491247898e-18	RRAS2	c3
0.00444384003783714	0.543334843724994	0.048	0.041	1	SPAG16	c3
8.78333919778158e-05	0.543272547260154	0.068	0.056	1	ARMC7	c3
2.39476137624768e-116	-0.543234760757334	0.887	0.932	8.03155070365947e-112	HSP90AB1	c3
0.674119514367902	0.543196320072906	0.011	0.01	1	TCTN1	c3
2.32948330491304e-06	0.542864608274324	0.114	0.098	0.0781262110801736	RPUSD3	c3
5.78840397407105e-22	-0.54282261907478	0.041	0.077	1.94131492482395e-17	ETV6	c3
0.0012617498927319	0.542641281590494	0.038	0.03	1	TRIM65	c3
0.000125371665700924	-0.542345370266676	0.008	0.014	1	KLRC2	c3
0.00242137385198244	0.542343651000242	0.05	0.042	1	KBTBD3	c3
0.0013459395927225	0.541926962621955	0.049	0.041	1	AC006369.1	c3
0.325425844766554	0.541690697137238	0.011	0.01	1	CLDN15	c3
3.58842045603646e-13	-0.541645445894568	0.024	0.045	1.20348445254551e-08	BATF3	c3
0.096545597836877	0.541327996622696	0.014	0.012	1	FAM229B	c3
0.0124387720041169	0.541210276133023	0.046	0.04	1	DLG3	c3
0.0228591203489364	0.540663330753677	0.036	0.031	1	VILL	c3
7.17612965940081e-06	-0.540125572762763	0.009	0.017	0.240673036516984	NQO1	c3
0.0024323006131439	0.540077317730081	0.066	0.057	1	IDH1	c3
6.13149428962117e-76	-0.539978759289634	0.409	0.548	2.05638055485315e-71	GABARAPL1	c3
1.69991663402249e-78	-0.539894749779812	0.348	0.494	5.70118040718463e-74	SYAP1	c3
0.0109489477595189	0.539596090714093	0.05	0.043	1	VPS50	c3
5.26794541897082e-37	-0.539556327941287	0.157	0.238	1.76676353461443e-32	PMEPA1	c3
0.0522007078723526	0.539422750492036	0.063	0.058	1	RASA1	c3
0.00853151923583296	0.538860807760234	0.045	0.039	1	RFX7	c3
0.00096094633573677	0.538841044652821	0.069	0.06	1	INTS13	c3
0.513939067789506	0.538225251102068	0.019	0.018	1	LINC01006	c3
0.0470811792609458	0.537896288196348	0.043	0.038	1	C2CD5	c3
0.00413396850304993	0.537857986667895	0.043	0.036	1	AGO4	c3
1.20960494175308e-07	-0.537690729873399	0.01	0.02	0.00405677305365148	HIST1H2AM	c3
9.20510413668752e-10	-0.537505943963074	0.034	0.053	3.08720782536226e-05	AC007384.1	c3
0.227410395039165	0.537248269707923	0.021	0.019	1	CHCHD6	c3
4.47369859729264e-41	-0.536846352119952	0.418	0.515	1.50038903556e-36	NEU1	c3
0.155036442025263	0.536798218911934	0.023	0.02	1	TREX1	c3
1.05206237582555e-72	-0.536601063411117	0.592	0.709	3.52840679604375e-68	PPP1R15A	c3
5.44612321982986e-06	-0.536599403973221	0.015	0.025	0.182652080546654	OTUD3	c3
0.000976970472760778	0.536250647577158	0.066	0.056	1	HEATR5B	c3
0.266748356804025	0.535980599061229	0.012	0.01	1	NEURL4	c3
0.118548227073905	0.535960612699379	0.019	0.016	1	AARS2	c3
4.23151676225332e-61	-0.535857474779393	0.493	0.6	1.41916609172452e-56	BIRC3	c3
2.22671815485217e-06	0.535687247885506	0.138	0.123	0.0746796734774319	PIN4	c3
0.265109493350876	0.535539235239835	0.021	0.019	1	LINC01137	c3
0.345722654251751	0.53532513394817	0.01	0.009	1	GGACT	c3
1.46254542049261e-13	-0.535169096574328	0.02	0.04	4.90508483124811e-09	CHEK1	c3
0.0491940406709093	0.534691578398518	0.025	0.021	1	LINC02361	c3
1.9513884551457e-12	-0.534145880137978	0.018	0.036	6.54456660086764e-08	CENPW	c3
0.342134852791906	0.53360947678653	0.032	0.03	1	PRIM1	c3
1.58854347269527e-47	-0.533552442685814	0.228	0.332	5.32765709872539e-43	DDX3Y	c3
0.156965139563438	0.533111331868233	0.014	0.012	1	ZNF525	c3
4.51191358041629e-06	0.532992744999163	0.081	0.067	0.151320557660001	ZBP1	c3
3.12737119037822e-05	0.532934568188392	0.047	0.037	1	TRGV9	c3
0.291504331854633	0.53250363200416	0.013	0.012	1	ACBD4	c3
0.116344032630621	0.532450839303545	0.014	0.012	1	APLF	c3
0.0197366312069729	0.532186160324814	0.049	0.043	1	PCYOX1	c3
1.15432329004913e-23	-0.531880460565625	0.082	0.131	3.87136945016679e-19	ZHX2	c3
0.000751611747155449	-0.531826682898301	0.007	0.013	1	ZCCHC24	c3
0.414469699647328	0.531816642099636	0.016	0.014	1	CCDC74A	c3
2.52365009116518e-25	-0.531753038041235	0.087	0.139	8.4638176757498e-21	GTPBP1	c3
2.49649362705996e-57	-0.531141567063738	0.229	0.347	8.37274032643371e-53	ETF1	c3
0.230345618495594	0.53109371267153	0.013	0.011	1	PVRIG	c3
0.186634005407357	0.53080170158694	0.027	0.025	1	MCEE	c3
0.000144842073899187	0.530797996489736	0.091	0.08	1	GTF3C2	c3
0.0975481476920126	0.530711450479082	0.032	0.029	1	BBS4	c3
2.92749663368029e-05	0.530283424289481	0.104	0.09	0.981823821003697	SCRN2	c3
5.57718291198578e-09	-0.530195284760992	0.017	0.031	0.000187047560502179	B3GALNT2	c3
0.00603340533560023	0.530167579416719	0.053	0.046	1	TMEM129	c3
0.0794002626948158	0.529571910027975	0.028	0.024	1	DUS4L	c3
0.0555696787192842	0.529461203884935	0.015	0.012	1	AP005019.1	c3
4.24989013794245e-10	-0.52924436554735	0.017	0.032	1.42532815446314e-05	EEF2K	c3
0.0609230068068762	0.528924353336536	0.036	0.032	1	KLHDC7B	c3
1.42116000902707e-23	-0.528458085523902	0.06	0.104	4.76628643827499e-19	SERTAD2	c3
0.199558897488396	0.527882677250864	0.022	0.02	1	FBXO48	c3
2.53275194193199e-31	-0.527687182215099	0.112	0.178	8.49434346285152e-27	SPTBN1	c3
0.000351914934818478	0.527594692159431	0.053	0.043	1	RSAD2	c3
1.89802396317777e-05	-0.527249262461041	0.012	0.02	0.636559276770559	AC147651.4	c3
2.57293881036908e-23	-0.527063858840748	0.065	0.109	8.62912218221581e-19	RYBP	c3
6.59361554654874e-10	-0.526322698804847	0.009	0.021	2.21136678200152e-05	PHGDH	c3
4.9603268748893e-06	0.525512651223016	0.115	0.1	0.166359442730037	TMEM35B	c3
0.0265227409110659	0.525456615737437	0.033	0.029	1	H6PD	c3
3.4154841811696e-05	0.524732800465185	0.094	0.081	1	CHRNB1	c3
0.300774533496565	0.524139441184597	0.011	0.009	1	DPCD	c3
0.191723563637664	0.523836742202433	0.02	0.017	1	KDM1B	c3
0.000109191412498836	0.523624408959865	0.071	0.059	1	ZC3H6	c3
0.000204726732294857	0.523577477141034	0.085	0.074	1	TFEB	c3
0.0481387955901087	0.523464108737856	0.035	0.031	1	TYSND1	c3
3.1435136563425e-34	-0.522950865995678	0.201	0.285	1.05427161006415e-29	TOB1	c3
0.378559351767706	0.522830851680854	0.021	0.02	1	TECPR2	c3
6.98869294707945e-15	-0.521418892250778	0.042	0.07	2.34386784059151e-10	IL18RAP	c3
1.07128876144731e-58	-0.520972423325549	0.409	0.526	3.59288824814199e-54	TSPYL2	c3
0.00369328021681224	0.520595570844606	0.065	0.057	1	STN1	c3
0.00144321512278947	0.520266680416288	0.081	0.072	1	FAM200B	c3
6.25844380052551e-05	0.520097449176545	0.081	0.069	1	FAM98C	c3
7.34674705902434e-66	-0.519747546618001	0.491	0.611	2.46395202865558e-61	TUBB4B	c3
0.0201706749699005	0.519599785413047	0.04	0.035	1	PPP1R3E	c3
3.78450687621717e-06	-0.519434315680685	0.009	0.017	0.126924791614571	GLIDR	c3
1.96946590442805e-05	0.519263696620597	0.143	0.13	0.660519475027081	VPS25	c3
0.126330863331501	0.519048591925228	0.026	0.023	1	OMA1	c3
0.135911035664955	0.519032121967317	0.025	0.022	1	CARMIL2	c3
6.69262089039187e-06	0.518742991806452	0.113	0.098	0.224457119421962	PPP5C	c3
1.17027207749389e-22	-0.518679845415482	0.067	0.111	3.92485849349901e-18	P4HA1	c3
2.14462706868722e-24	-0.518261694048065	0.091	0.143	7.19265026296319e-20	POLR1E	c3
1.37931252484188e-05	-0.518095287379239	0.012	0.021	0.462593834581471	NKD1	c3
0.00814393722538063	0.518043249052242	0.031	0.025	1	PYCR3	c3
0.000354279440219589	-0.517865851403815	0.012	0.019	1	AC234582.1	c3
0.945848226399845	0.517844250368126	0.017	0.017	1	MMS22L	c3
0.553886997291064	0.517682350661656	0.015	0.014	1	LDOC1	c3
0.407433290290851	0.517466729022164	0.014	0.013	1	C19orf44	c3
8.02284655121041e-06	-0.517320177427575	0.014	0.023	0.269070227634495	YES1	c3
1.15294578141557e-35	-0.516905279691161	0.12	0.194	3.86674956171155e-31	USP12	c3
0.684906099838101	0.51477756338897	0.021	0.021	1	ZBTB14	c3
2.94261174781893e-14	-0.514384178571908	0.038	0.064	9.86893127983512e-10	ZNF260	c3
1.72332967561893e-05	0.514006849638607	0.09	0.076	0.577970306609078	VGLL4	c3
0.00434004575819289	-0.51391575472477	0.009	0.013	1	TRBV13	c3
0.00596887246123977	0.513820812110037	0.076	0.068	1	ANXA2R	c3
0.355222313134354	0.513627311818746	0.038	0.036	1	OGG1	c3
0.0132899280088588	0.513488351807696	0.02	0.016	1	SEMA4B	c3
0.0489196494110936	0.512921631083783	0.038	0.033	1	CMPK2	c3
0.951622804864037	0.51261671076829	0.024	0.025	1	ARHGAP11A	c3
0.0487492808505915	0.512526302730605	0.061	0.056	1	TRIB3	c3
3.99237119520725e-05	0.512470204298654	0.105	0.092	1	COMMD9	c3
0.0223492562131167	0.512237860154623	0.026	0.022	1	PLPP6	c3
0.271871454464193	0.512134523144597	0.024	0.022	1	KDELC2	c3
0.0890768046378744	0.512106318811042	0.035	0.031	1	TMCO6	c3
9.7956533550698e-18	-0.512071665992503	0.051	0.085	3.28526622222331e-13	BMI1	c3
3.60127971233566e-89	-0.511697093929281	0.702	0.793	1.20779718992313e-84	SRSF7	c3
0.88984157196691	0.511655134734153	0.014	0.013	1	ZNF470	c3
5.08288929391119e-13	-0.511362907408392	0.022	0.042	1.70469941139193e-08	NBPF10	c3
5.07023826601505e-33	-0.511298881678177	0.133	0.205	1.70045650965613e-28	PEA15	c3
0.000245802009047144	0.511278052839789	0.046	0.037	1	LRRC37B	c3
0.00332036094578	0.510949894925762	0.068	0.06	1	ZNF101	c3
0.138235210630231	0.510377937220084	0.032	0.029	1	USP28	c3
0.451471810575987	0.509899577760408	0.03	0.028	1	TRAV14DV4	c3
3.75795986101209e-110	-0.509840072940988	0.727	0.815	1.26034457818623e-105	NR3C1	c3
7.27146518882021e-13	-0.509565141510188	0.035	0.058	2.43870399502652e-08	FASN	c3
0.380236180415842	0.509372758231675	0.031	0.029	1	ZNF287	c3
4.21938891727888e-05	-0.509264508660209	0.015	0.024	1	TRAF3IP1	c3
4.48817183047458e-06	-0.508542168559089	0.015	0.025	0.150524306850456	HIC2	c3
1.32154098718325e-11	-0.508287643809127	0.023	0.042	4.43218416281518e-07	COQ2	c3
0.134025356542057	0.50806460994461	0.043	0.039	1	BOLA1	c3
7.45813891373484e-13	-0.50802633395831	0.036	0.059	2.50131062888839e-08	TSC22D2	c3
0.000806013839707832	0.507987774292061	0.093	0.083	1	IKZF4	c3
0.330454759282408	0.507917473094887	0.052	0.051	1	COQ5	c3
0.395039712153582	0.507695385676458	0.02	0.019	1	SMIM8	c3
2.86499818090501e-05	-0.506296479321186	0.009	0.016	0.960863089911922	AFMID	c3
0.00712352597488695	-0.505919962598188	0.006	0.01	1	LINC02099	c3
0.778193492020814	0.505876954894984	0.023	0.022	1	FBXO4	c3
0.245027677361684	0.505831717100648	0.018	0.016	1	ZNF182	c3
0.0703684254767047	0.505506648681816	0.014	0.011	1	ZNF169	c3
6.05379803078229e-05	-0.505288657391407	0.009	0.015	1	GGT7	c3
0.422245381631839	0.505205723058576	0.018	0.017	1	TMLHE	c3
0.814128696238561	0.505145483602741	0.014	0.013	1	TRIM73	c3
8.28049915865047e-09	-0.505115845143178	0.021	0.036	0.00027771138078282	PHLDB3	c3
5.66121070577577e-05	-0.504799220518728	0.011	0.018	1	ZNF256	c3
0.000519088482919934	-0.50458179243233	0.015	0.022	1	TRAV16	c3
0.304871979227045	0.504069445454602	0.017	0.016	1	TRAV8-6	c3
0.539862734448194	0.504030621583511	0.01	0.009	1	SLC33A1	c3
0.0137802997867278	0.503792505130851	0.04	0.034	1	ZSCAN26	c3
2.70046011681435e-25	-0.503778891205646	0.116	0.174	9.05680313977196e-21	PPP1R15B	c3
3.64313421412992e-49	-0.50368078558859	0.266	0.377	1.22183435273489e-44	HBP1	c3
0.0765912289630218	0.50353348823323	0.033	0.029	1	PCBP4	c3
0.0196155430647128	0.50345308537306	0.068	0.062	1	AIFM1	c3
9.15447432473166e-05	-0.503346322925651	0.007	0.013	1	GPD2	c3
0.030479697401022	0.502816251099192	0.046	0.041	1	TATDN3	c3
8.57048188550467e-07	-0.502751483133295	0.015	0.026	0.0287436821476056	TESK2	c3
0.445051903846233	0.502289662291303	0.018	0.017	1	RAB38	c3
0.124315236830437	0.50199862562221	0.044	0.041	1	LINC00426	c3
3.94167739776133e-15	-0.501991036691992	0.056	0.087	1.32195976566119e-10	MIR22HG	c3
0.299631037654391	0.501794899643646	0.022	0.02	1	FAM221A	c3
6.56131399073899e-22	-0.501752939009915	0.078	0.124	2.20053348621404e-17	JARID2	c3
0.00154122433361033	0.501348966402581	0.079	0.07	1	USP5	c3
0.000698885321294203	-0.500965938294202	0.008	0.014	1	F11R	c3
1.53317006693844e-07	-0.500633028051788	0.018	0.031	0.00514194577049815	USP35	c3
9.33306629005759e-10	-0.500378418147607	0.05	0.072	3.13012377235951e-05	HMOX1	c3
1.08095989324937e-61	-0.500319288321626	0.992	0.993	3.62532328997973e-57	FTH1	c3
0.168526195616014	0.500300383317036	0.034	0.031	1	COX15	c3
2.46462974708702e-34	-0.499688401137006	0.135	0.209	8.26587524578043e-30	CCDC6	c3
0.0493276766582879	0.49964020471013	0.044	0.039	1	FBXL4	c3
0.440260218685544	0.499620750522802	0.014	0.012	1	TSEN2	c3
1.06938509630801e-05	-0.499524815785307	0.015	0.024	0.35865037359978	CCNYL1	c3
8.08518339550328e-15	-0.498792730650406	0.046	0.075	2.71160880718389e-10	AC243960.1	c3
1.9062423780811e-06	-0.498663759973437	0.014	0.024	0.0639315568760838	TMEM121	c3
2.75983104884916e-18	-0.498567234740575	0.054	0.089	9.2559213716303e-14	ZBTB21	c3
0.220285323071261	0.498514852874885	0.04	0.038	1	ZNF174	c3
0.000168639101705033	-0.498193284260341	0.005	0.01	1	CEP41	c3
0.0929640886805326	0.497912206513885	0.022	0.019	1	RBFOX1	c3
0.0223826223407795	0.497808265928061	0.051	0.046	1	MTFR1L	c3
0.501352774188066	0.4977465764294	0.031	0.03	1	MTIF2	c3
0.00040692968951255	-0.497578086353843	0.008	0.013	1	REEP2	c3
0.00515891549382083	0.49756655275488	0.053	0.046	1	USP19	c3
0.281743837330496	0.496715817116733	0.016	0.014	1	THNSL1	c3
3.07054042685834e-05	-0.496661806715438	0.027	0.038	1	TRBV4-1	c3
0.000466142186112615	0.496454075284062	0.11	0.099	1	DENND2D	c3
8.22683910780221e-13	-0.496421550113424	0.041	0.066	2.75911729997471e-08	ETS2	c3
2.33468351699338e-50	-0.496384303079171	0.308	0.421	7.83006157929239e-46	STARD7	c3
0.0156815340582382	0.49612812107177	0.06	0.053	1	JMJD4	c3
0.0234922818567095	0.496046166320784	0.096	0.09	1	HAUS1	c3
0.609211747621995	0.495250478877747	0.015	0.014	1	MTHFSD	c3
0.225017251737835	0.49497584197567	0.03	0.028	1	JAKMIP2	c3
0.0225806392869457	0.494961419404396	0.067	0.061	1	SAC3D1	c3
9.88117376062218e-06	-0.494816298561278	0.017	0.027	0.331394805583747	TRAV13-1	c3
1.95496284651538e-05	-0.494755073455076	0.018	0.028	0.655655439464327	TNFRSF13C	c3
1.70964356642058e-17	-0.49470339264033	0.053	0.087	5.73380259306134e-13	RNF24	c3
3.5226535519861e-24	-0.493543809512229	0.082	0.132	1.1814275482651e-19	MAML2	c3
0.0890340296953882	0.493318732860093	0.067	0.063	1	TM7SF3	c3
0.000325038063114173	0.492929137203275	0.089	0.078	1	PSD4	c3
3.0575835295957e-07	-0.492786767701177	0.018	0.03	0.010254523641558	AL355472.1	c3
2.21183979945518e-24	-0.492581557174433	0.777	0.778	7.4180683194128e-20	MT2A	c3
9.68202299233959e-27	-0.49229949501716	0.145	0.209	3.24715687117085e-22	ARL4A	c3
3.96027184730286e-16	-0.491999540838376	0.06	0.093	1.32819597214843e-11	RASA3	c3
4.03479522512628e-07	-0.49165861095372	0.012	0.022	0.0135318962260285	STIMATE	c3
0.00370800986698935	0.491320120611245	0.095	0.087	1	COPS7A	c3
4.05063952299925e-13	-0.491239576922715	0.035	0.059	1.35850348322349e-08	SLC12A2	c3
2.57692331745587e-88	-0.491144516163609	0.516	0.652	8.6424854220835e-84	STAT3	c3
0.517693933846503	0.491033804757105	0.025	0.024	1	LARS2	c3
0.000259314569647539	0.490911108719071	0.074	0.063	1	MRNIP	c3
0.821560606631082	0.490704599995332	0.01	0.01	1	C17orf97	c3
4.80190540055912e-11	-0.490219167471112	0.028	0.048	1.61046303323952e-06	SLC37A1	c3
0.00696407803547335	0.489912652458387	0.049	0.042	1	TMEM191C	c3
0.00144096303740364	0.48936050308376	0.065	0.055	1	RTL6	c3
0.481038706015522	0.488696724255756	0.02	0.019	1	HEXIM2	c3
0.184926911748911	0.48857684401409	0.012	0.01	1	KIF7	c3
0.0121311451513899	0.488507431596434	0.062	0.056	1	HEATR6	c3
0.702500907368129	0.487860557335122	0.018	0.017	1	RAD51B	c3
7.97967979370874e-10	-0.487816058246761	0.035	0.054	2.67622500921404e-05	ARL5B	c3
2.40706998704774e-05	-0.487485455025111	0.011	0.019	0.807283132256072	UBTD1	c3
0.238018453221665	0.48742847479451	0.04	0.037	1	TOMM40L	c3
0.000526131108934443	-0.487262748397407	0.007	0.013	1	AC245014.3	c3
8.31601428302114e-07	-0.487236897660431	0.011	0.02	0.0278902487023963	FUCA2	c3
0.000646423954269299	-0.487227504697117	0.008	0.013	1	NSG1	c3
0.421078518045442	0.486959377252407	0.047	0.046	1	TMEM107	c3
0.336776781043985	0.486174244805467	0.031	0.029	1	TARS2	c3
0.189191222963182	0.486088014791733	0.026	0.023	1	CEND1	c3
0.271918491854755	0.485923051006507	0.021	0.019	1	ABCC5	c3
5.11174684161744e-13	-0.485832295426815	0.035	0.059	1.71437765574166e-08	ENOSF1	c3
0.49452181706867	0.485784419101273	0.014	0.013	1	AP001816.1	c3
0.0396619677597039	0.485451390275828	0.018	0.014	1	THRA	c3
0.288954084999177	0.485394999673859	0.017	0.016	1	WDCP	c3
0.548509225401539	0.485128253890845	0.012	0.011	1	TRIM61	c3
3.28557691191099e-24	-0.485039008674905	0.159	0.224	1.10191678471671e-19	ZFAND2A	c3
2.71985630633585e-15	-0.485007584712531	0.048	0.078	9.12185408018916e-11	RCOR1	c3
1.51625291519381e-17	-0.484721247283395	0.047	0.08	5.085209026977e-13	ACOX3	c3
8.64970621715313e-05	-0.484663643464138	0.01	0.017	1	FBXO10	c3
1.58264149110278e-07	-0.484186276444712	0.023	0.037	0.00530786303286049	MBNL1-AS1	c3
1.81512816289984e-07	-0.48406479340646	0.01	0.02	0.00608757683273348	SPAG5	c3
0.18411994717831	0.483990361340928	0.034	0.031	1	KCTD7	c3
0.0164304438001399	0.483875329333809	0.06	0.053	1	POP1	c3
0.96616639607146	0.483434314680828	0.022	0.022	1	GTF2H2C	c3
0.189148995093728	0.483385373648601	0.047	0.044	1	KNOP1	c3
0.000609278888861111	-0.483314294072302	0.005	0.01	1	MBOAT1	c3
0.0432682490395817	0.483290872123282	0.047	0.042	1	SLC16A1-AS1	c3
0.34180522089193	0.482976565378493	0.032	0.03	1	TMEM254	c3
0.000131296163554779	0.482805503733063	0.117	0.105	1	SAMD9L	c3
6.22818401452986e-35	-0.482784596102764	0.151	0.229	2.08880835479303e-30	USP36	c3
3.62712340615345e-06	0.482164736807131	0.126	0.11	0.121646464795574	LZIC	c3
0.000710714266366081	-0.482082407385065	0.007	0.013	1	RREB1	c3
0.0964119712887599	0.481964395214496	0.034	0.031	1	PSTK	c3
0.171865954227662	0.481858039574914	0.039	0.036	1	VPS45	c3
3.23247782505342e-19	-0.480857439236248	0.046	0.081	1.08410841296642e-14	HIST1H2BC	c3
3.65179735216638e-32	-0.480318623518349	0.802	0.839	1.22473979596956e-27	KLF6	c3
6.3518624787272e-13	-0.480094823141839	0.032	0.055	2.13028763811553e-08	TRIM44	c3
0.00382934819482938	0.479947328242674	0.068	0.06	1	POU2F1	c3
4.15592200563559e-95	-0.47967959320117	0.707	0.793	1.39381312225006e-90	TGFB1	c3
0.433054097581563	0.479611763388556	0.03	0.029	1	SEPSECS	c3
0.113053098792854	0.479588998238983	0.061	0.057	1	RINL	c3
0.0654495440366061	0.479586147923071	0.015	0.012	1	GGPS1	c3
0.00604537825693555	0.479118017144557	0.09	0.082	1	CASP8AP2	c3
0.00221217306780402	-0.478886514320959	0.007	0.011	1	HCN3	c3
0.0156170995439699	0.478806528068318	0.077	0.071	1	ZNF226	c3
6.93204849329252e-06	0.478747573777975	0.13	0.114	0.232487042368045	SMPD1	c3
0.469029397300304	0.478735022446342	0.024	0.023	1	MMAB	c3
8.61466672864931e-46	-0.478491319917991	0.253	0.36	2.8891869274544e-41	PPP1CB	c3
3.88158333163048e-10	-0.478318866176784	0.036	0.056	1.30180541776223e-05	AC058791.1	c3
6.10958862258889e-85	-0.478163567590985	0.647	0.737	2.04903383224386e-80	FXYD5	c3
0.206217488653933	0.47811190484068	0.029	0.026	1	SMYD5	c3
0.0602688981301661	0.477923542796518	0.051	0.047	1	SLC35E3	c3
0.355759583073556	0.477873849764322	0.046	0.044	1	RNF214	c3
0.15323106762907	0.477732638352806	0.034	0.031	1	SFR1	c3
1.15873720673365e-20	-0.477052204745075	0.057	0.097	3.88617284394332e-16	REEP3	c3
0.0181659650770951	0.477018180967187	0.062	0.056	1	GOLPH3L	c3
3.45332901120221e-11	-0.476774831063702	0.018	0.034	1.158177483777e-06	GPX7	c3
0.0244453023791946	0.476727833845092	0.078	0.073	1	SLC25A20	c3
0.000295593990201944	0.476452464994013	0.113	0.101	1	CPOX	c3
0.0395798418924139	0.476420234532593	0.039	0.034	1	ASPH	c3
0.000261181843264135	-0.476415102877382	0.005	0.01	1	BTNL8	c3
0.0283888993978327	0.47635182758776	0.046	0.04	1	PCMTD2	c3
4.31004831890531e-31	-0.475618783329057	0.125	0.194	1.44550400519446e-26	RNF138	c3
0.62780671039386	0.475614954617741	0.016	0.015	1	CROT	c3
0.12948270010322	0.475528416815628	0.039	0.035	1	NNT-AS1	c3
3.00453364327708e-20	-0.475472063987173	0.065	0.105	1.00766049328227e-15	CYP51A1	c3
3.24421815820412e-14	-0.475430635735908	0.049	0.078	1.0880458858985e-09	ERF	c3
7.04542715326801e-05	0.475165654521624	0.124	0.111	1	OAS2	c3
0.691582222254692	0.474836839807725	0.011	0.011	1	AC027644.3	c3
2.71774070146869e-40	-0.474752452539358	0.146	0.231	9.1147587645857e-36	UBE2J1	c3
1.10525582269332e-13	-0.474034124423652	0.04	0.066	3.70680697814885e-09	GXYLT1	c3
0.366066580621911	0.473992561652272	0.012	0.01	1	DMTN	c3
0.370854795689665	0.473951521479417	0.023	0.022	1	PSKH1	c3
0.227590748296183	0.473799906784306	0.017	0.015	1	MIR762HG	c3
6.01078750162621e-07	-0.473776888808303	0.022	0.034	0.020158979122954	HIST1H2AG	c3
0.00416802658292174	0.47355591592417	0.074	0.066	1	FANCF	c3
0.00100102305418845	0.473494019243672	0.107	0.098	1	SLC35C2	c3
0.145661288113196	0.473340592431914	0.05	0.047	1	ERCC4	c3
9.74405444065208e-25	-0.472943733149857	0.144	0.207	3.26796097830589e-20	CKS2	c3
0.594974039649291	0.472851278824074	0.012	0.011	1	LYRM9	c3
0.0579903967511291	0.47279101959015	0.048	0.043	1	C11orf54	c3
0.000690499831340853	-0.472496085240515	0.007	0.012	1	AL445471.1	c3
0.322334466057079	0.472427580902079	0.015	0.013	1	ZNF559	c3
0.00462158354795503	0.472381046103777	0.078	0.07	1	GBA	c3
0.14521954835846	0.472260862262158	0.039	0.035	1	ZNF671	c3
2.15025483074964e-16	-0.471789114543287	0.056	0.09	7.21152465136815e-12	ITPKB	c3
0.000307166573169891	-0.471439558603454	0.009	0.015	1	HIST2H2AB	c3
2.669855297524e-08	-0.470654122371974	0.016	0.029	0.0008954160696836	HIST1H2AE	c3
5.00400517361007e-18	-0.47035369982927	0.049	0.083	1.67824325512534e-13	TPX2	c3
0.936671608174116	0.470243460341264	0.01	0.01	1	C15orf41	c3
0.092506306066832	0.470010633888897	0.067	0.063	1	POC5	c3
0.368684938387983	0.469372436222702	0.026	0.024	1	TAB1	c3
0.155885367040816	0.469306141981344	0.041	0.038	1	GATD1	c3
0.000405538910636607	-0.468910388351397	0.01	0.017	1	IPO4	c3
4.04055114499797e-05	-0.468740980668986	0.006	0.013	1	TBXAS1	c3
0.000999393320790575	0.468695978739114	0.087	0.078	1	TRMU	c3
0.194091204666754	0.468581129060057	0.02	0.018	1	TRAV4	c3
0.000174769661857165	-0.467972901464822	0.006	0.011	1	GPAT2	c3
0.0318953787385436	0.467747151265612	0.022	0.018	1	DYNC2H1	c3
4.39493423028954e-36	-0.46758567459753	0.197	0.284	1.47397304215451e-31	IDI1	c3
0.486710000914635	0.467264418080862	0.014	0.013	1	DYNC2LI1	c3
0.106662025783618	0.466831105894459	0.026	0.023	1	ZNF253	c3
8.87079564732315e-06	0.466746852492794	0.125	0.109	0.297508744419924	CSNK1G1	c3
0.559874514484683	0.466712292258367	0.013	0.012	1	AC004556.1	c3
0.601117252858696	0.466679483863469	0.012	0.011	1	FBXO41	c3
0.0576480420484573	0.466658897095846	0.061	0.057	1	CPPED1	c3
0.555996869217816	0.466633569008424	0.01	0.009	1	AFG1L	c3
0.0198779450173241	0.465943223748712	0.053	0.047	1	HSPBAP1	c3
0.438477563766833	0.465873195913155	0.011	0.01	1	KCNMB4	c3
0.172903041683639	0.465837726576037	0.034	0.031	1	MPV17L2	c3
0.000150104094935503	0.465741989077259	0.087	0.075	1	PLCXD2	c3
2.39705462744876e-13	-0.465685476984701	0.041	0.067	8.03924180953765e-09	MXD1	c3
0.00107498411738484	-0.46552973254938	0.006	0.01	1	AL080276.2	c3
0.509006394372617	0.465482166618961	0.032	0.031	1	PAQR4	c3
0.00288656897798674	0.465427497621102	0.085	0.077	1	SLC25A12	c3
2.08756811913315e-44	-0.465251695663362	0.21	0.311	7.00128595794877e-40	CD5	c3
0.206723602351009	0.46494560612626	0.029	0.026	1	RBM41	c3
0.006796650620229	0.464764925160854	0.07	0.063	1	MDM1	c3
0.551390934001927	0.464600996659801	0.043	0.042	1	CENPK	c3
0.596430909402351	0.464323104368963	0.019	0.018	1	ZNF213-AS1	c3
6.47257110366541e-24	-0.463961734424309	0.049	0.09	2.1707708967473e-19	RDX	c3
0.0991807652253079	0.463631989425557	0.05	0.046	1	RNF123	c3
2.13124049062893e-05	-0.46352653914793	0.016	0.025	0.714775435747131	ZNF597	c3
0.307997842228735	0.463447379534623	0.015	0.013	1	ADAP1	c3
0.117074691907965	0.463268806856987	0.051	0.048	1	ZNF414	c3
0.541669634379895	0.463193768028206	0.012	0.011	1	PEX7	c3
0.307041519272478	0.462875773411684	0.012	0.01	1	ZNF449	c3
0.187716714616988	0.462787246901363	0.07	0.068	1	ACOT8	c3
0.00377442225619967	0.462541984349461	0.093	0.084	1	HIRIP3	c3
3.97945922379608e-05	-0.462110252780207	0.013	0.021	1	SLC31A2	c3
2.9664368733846e-27	-0.462017805102699	0.101	0.159	9.94883598595726e-23	HIST1H2AC	c3
0.105377431121371	0.462010686334522	0.046	0.042	1	EIF2B3	c3
0.000203966841999793	0.461913341765565	0.12	0.108	1	SMARCAD1	c3
0.469772876118803	0.461849841110371	0.017	0.016	1	SRP14-AS1	c3
0.360414250646268	0.461835469176568	0.049	0.047	1	C3orf14	c3
0.000554051937265486	-0.461612807963368	0.009	0.015	1	HOMER1	c3
0.40655445314886	0.461545548838684	0.017	0.015	1	ZNF700	c3
5.90134870500614e-05	0.461291380413931	0.15	0.138	1	JOSD2	c3
3.33297915537507e-10	-0.461085508357957	0.027	0.045	1.11781454912969e-05	DRAM1	c3
0.000585522054089315	-0.461017213477613	0.011	0.018	1	TRAV12-2	c3
3.97716801959893e-12	-0.460577031162501	0.044	0.068	1.33386261041309e-07	KIF23	c3
4.40015984488204e-48	-0.460283234946098	0.256	0.364	1.47572560877654e-43	ZC3HAV1	c3
0.083228405699486	0.46023319384679	0.053	0.049	1	SLC38A9	c3
0.775392692263146	0.459977653449813	0.013	0.013	1	CENPS	c3
5.15775605625692e-07	-0.459968719792047	0.03	0.044	0.0172980822614745	IER5L	c3
0.000477129068444739	-0.459665016536757	0.009	0.015	1	RHOQ	c3
0.114747930972249	0.459570629310973	0.065	0.061	1	FAM217B	c3
0.208380609960973	0.459548565529335	0.082	0.08	1	UROS	c3
0.0939268851938782	0.45951740345796	0.036	0.033	1	ZNF234	c3
1.28604510345197e-13	-0.459511007857473	0.038	0.064	4.31313806795721e-09	DONSON	c3
2.5384522321242e-76	-0.45943062168627	0.692	0.786	8.51346109609815e-72	MCL1	c3
0.092728452715759	0.459092343404882	0.029	0.026	1	SLC36A1	c3
0.000801386366454579	-0.459077034370617	0.007	0.012	1	LINC00115	c3
0.191643413025355	0.458798005378852	0.038	0.035	1	RSPH3	c3
0.299825281316881	0.458595316920319	0.011	0.009	1	HOXC4	c3
4.52065099683558e-20	-0.457500535116738	0.068	0.11	1.51613593131872e-15	ABHD5	c3
3.28288751531729e-17	-0.457465323279834	0.054	0.088	1.10101481488711e-12	PQLC1	c3
2.66902518962477e-06	-0.457082510863057	0.01	0.018	0.0895137668096354	AC008915.2	c3
0.000757544661401534	-0.457060666421703	0.008	0.013	1	AC103591.3	c3
0.532089591832392	0.45700309729865	0.021	0.022	1	CIP2A	c3
4.20459330772303e-08	-0.456624426200364	0.036	0.053	0.00141013650354415	ICAM1	c3
0.133947157057599	0.456584594685995	0.057	0.054	1	ORC5	c3
0.148880990474238	0.4561538718404	0.076	0.073	1	BABAM1	c3
0.29032602591472	0.456046050336601	0.023	0.021	1	LY6G5C	c3
0.18961813920344	0.455708312983464	0.033	0.03	1	RABL2B	c3
0.0947658514060553	0.455691810678855	0.05	0.046	1	AC093323.1	c3
1.95161310224464e-10	-0.455224254818488	0.024	0.041	6.54532002230808e-06	FSD1	c3
5.36741527867821e-14	-0.455052449533777	0.056	0.086	1.8001237361631e-09	SIK2	c3
2.51690218376666e-32	-0.454939243948111	0.162	0.238	8.44118654391662e-28	STX11	c3
0.00491851282197086	0.454822379110665	0.075	0.067	1	SHPRH	c3
0.366697604372764	0.454731525301728	0.032	0.03	1	TRMT2B	c3
0.883455699038401	0.454670161374413	0.02	0.02	1	CENPJ	c3
3.60900448262716e-12	-0.454619834162089	0.031	0.053	1.2103879233835e-07	CEP170	c3
1.57794826400019e-11	-0.454545748727561	0.027	0.047	5.29212288780384e-07	FHOD1	c3
4.15040513431531e-06	0.454482966077801	0.141	0.125	0.139196287394667	NBN	c3
0.105974453886601	0.454453280687796	0.039	0.035	1	ARID3A	c3
5.56802902028591e-08	-0.454123955977777	0.014	0.026	0.00186740557282349	MLLT11	c3
0.191268863967567	0.454097808182343	0.032	0.029	1	AGTRAP	c3
0.894385881951071	0.454068350240962	0.013	0.014	1	AP003774.4	c3
5.9195830262191e-05	0.45383429971347	0.134	0.122	1	COMT	c3
0.425893430355585	0.453736604465073	0.027	0.026	1	RAB30-AS1	c3
8.28561059049045e-24	-0.453398862088431	0.084	0.134	2.77882807983869e-19	PDXK	c3
9.7833033745749e-06	-0.453007069042012	0.015	0.025	0.328112428576493	GPAT3	c3
0.460481305285812	0.452855355829616	0.023	0.021	1	IPP	c3
0.0336009918934306	0.452611302698513	0.068	0.062	1	RABEPK	c3
0.622479696648589	0.452588023087515	0.023	0.023	1	ALAD	c3
0.0151384156295523	0.452333403308383	0.077	0.07	1	MSH2	c3
0.866826547298372	0.45225294354018	0.011	0.011	1	PPM1F	c3
6.55061140076765e-06	-0.452121977527601	0.011	0.02	0.219694405158945	CD274	c3
0.000664975539407656	0.451917489652303	0.11	0.099	1	POLR3K	c3
0.887822463179447	0.45190270114511	0.017	0.017	1	GATD3B	c3
6.29453805456207e-06	-0.451798031034837	0.008	0.015	0.211106217273903	HIST1H2BH	c3
0.179566430172561	0.451641634083585	0.062	0.059	1	VIPAS39	c3
1.4041567528671e-05	-0.451087522904216	0.014	0.022	0.47092609177657	B3GNTL1	c3
9.51585671986225e-32	-0.450992294740871	0.122	0.191	3.1914280267074e-27	GPR132	c3
0.450959295742636	0.450579661203188	0.022	0.021	1	PIGM	c3
0.138711208246408	0.45053082459939	0.042	0.039	1	ACADS	c3
3.7199780830156e-11	-0.450420160596452	0.046	0.07	1.24760624948177e-06	AFAP1	c3
0.00245443604754366	0.450314281161073	0.081	0.072	1	DCLRE1C	c3
1.2197948637809e-09	-0.450278832852839	0.03	0.048	4.0909480141484e-05	SESN2	c3
1.73583291479241e-42	-0.450046571756556	0.234	0.336	5.82163642963077e-38	RAB8B	c3
0.552985435989153	0.450000247480958	0.039	0.038	1	ACOT13	c3
0.342600530210671	0.449743217713695	0.011	0.009	1	TMEM191B	c3
2.81318595350184e-06	-0.449729287459039	0.014	0.024	0.0943486305085446	FRMD4B	c3
0.000107941331573443	-0.449682163726541	0.007	0.013	1	SELENON	c3
1.43463048305329e-204	-0.449074203043564	0.99	0.994	4.81146371406413e-200	H3F3B	c3
0.000744642498936639	0.448840713795636	0.1	0.089	1	FUCA1	c3
0.150311302657665	0.448820779688102	0.03	0.027	1	SLC35E2A	c3
1.91881069999642e-05	-0.448369648653903	0.013	0.021	0.643530732564799	DPY19L1	c3
1.80670973908296e-59	-0.448279419873929	0.448	0.571	6.05934312293642e-55	STAT5A	c3
0.000711834826722192	0.447743376382818	0.101	0.09	1	TRIM35	c3
0.208089045026705	0.447542083185402	0.045	0.042	1	IFFO1	c3
0.460508685288246	0.447226881379514	0.045	0.044	1	GALK1	c3
0.000929765995295499	-0.44717168961964	0.008	0.014	1	QPCT	c3
1.80746095955647e-06	0.447166582976234	0.118	0.101	0.0606186256616047	MCM3	c3
1.42811715095773e-05	-0.447076876663417	0.024	0.035	0.478961930088202	CNIH2	c3
0.974924962212616	0.446586499647564	0.018	0.019	1	TMEM218	c3
9.46180675533796e-24	-0.446471066056092	0.108	0.163	3.17330074960525e-19	TNIK	c3
0.407347810146759	0.446061917701586	0.012	0.011	1	AP002495.2	c3
0.228837795489754	0.44604899495731	0.043	0.04	1	C17orf80	c3
0.208117587690001	0.446021908894465	0.023	0.021	1	ZNF624	c3
0.0706463835839203	0.445769082840247	0.064	0.059	1	TMEM39B	c3
1.20117614621712e-21	-0.445761743303517	0.192	0.257	4.02850455918299e-17	CHORDC1	c3
8.52939050654537e-260	-0.445741617414836	0.986	0.99	2.86058698808518e-255	SRGN	c3
1.72116626666655e-13	-0.445727109280566	0.055	0.085	5.77244742514628e-09	SC5D	c3
0.000218118171562492	-0.445421522021778	0.009	0.015	1	FAM89A	c3
0.000112878627198114	0.445315954431822	0.115	0.103	1	PIGS	c3
2.82976647165248e-24	-0.445300716902639	0.102	0.156	9.49047079262807e-20	CAPG	c3
0.0231388964618023	0.445210966887504	0.082	0.076	1	DGCR8	c3
0.0681812417251782	0.445043052692666	0.011	0.008	1	TBKBP1	c3
0.186414456597143	0.44500437028349	0.038	0.035	1	AC067852.2	c3
0.000123152917830915	0.444953926441238	0.147	0.135	1	PHF14	c3
6.59426263049097e-11	-0.444838007734121	0.025	0.044	2.21158380101406e-06	SLC41A2	c3
0.842699531273025	0.444785996984505	0.031	0.031	1	OGFOD2	c3
3.98527787216797e-13	-0.444643870149158	0.052	0.08	1.33658249276769e-08	PRKCI	c3
9.22762116705541e-08	-0.444357476790994	0.027	0.042	0.00309475958700704	CCDC184	c3
0.0108144141665361	0.444356294732593	0.095	0.088	1	DNAJC17	c3
0.000518605331755186	-0.44409502926593	0.009	0.015	1	ZNF777	c3
0.00057862488991957	-0.443900186099976	0.006	0.011	1	DMGDH	c3
0	-0.443381423647301	0.991	0.995	0	EIF1	c3
0.00480667399218201	0.443236832165783	0.1	0.092	1	PLD3	c3
0.288429008536687	0.443160338528009	0.026	0.024	1	PRIMPOL	c3
3.30468391892625e-18	-0.442717976088869	0.061	0.099	1.10832489272949e-13	RNF2	c3
0.0145237197953217	0.442499783622049	0.092	0.085	1	SMC6	c3
2.29934999297263e-87	-0.442359142496887	0.843	0.896	7.7115600064316e-83	SQSTM1	c3
0.543591104310029	0.442275718958576	0.016	0.015	1	AL121983.2	c3
6.85610799679641e-18	-0.442227760181855	0.086	0.128	2.29940149996558e-13	HECA	c3
5.21422227969177e-46	-0.442195407953196	0.225	0.331	1.74874586816303e-41	STAT4	c3
0.000620247461605713	0.442094376496677	0.097	0.086	1	PHF21A	c3
0.00389660964599468	-0.441913917119533	0.01	0.014	1	TRAV1-1	c3
8.56872711385471e-05	0.441856904651733	0.066	0.054	1	SAMD3	c3
7.74100423315012e-10	-0.441731114539774	0.028	0.046	2.59617799971389e-05	CDYL2	c3
0.00365185625555414	0.441494291060337	0.094	0.085	1	NCDN	c3
0.316721426111444	0.440969994569248	0.044	0.042	1	PIGF	c3
0.0251316261110624	0.440889191323372	0.082	0.076	1	C11orf49	c3
1.31659761006379e-32	-0.440676746147135	0.171	0.25	4.41560506463194e-28	AZIN1	c3
0.000427353038246623	-0.440614842158376	0.008	0.014	1	ABL2	c3
0.623796080814097	0.43957646135153	0.032	0.031	1	GTPBP3	c3
0.428138424094032	0.43890094688185	0.016	0.015	1	PXMP4	c3
0.328894485283682	0.438892915732067	0.031	0.029	1	MYO18A	c3
0.867538307827152	0.438824114217783	0.035	0.036	1	DERA	c3
9.19071927328457e-16	-0.438684374142659	0.069	0.105	3.08238342987418e-11	EIF2AK3	c3
6.00001264363569e-05	-0.438667037039898	0.013	0.021	1	CNNM4	c3
0.0838127270889981	0.438581293962118	0.062	0.058	1	TMEM19	c3
0.141560908084796	0.43853280463219	0.032	0.028	1	C7orf31	c3
1.96277254471327e-06	0.438449747064347	0.164	0.147	0.0658274656045936	VPS26B	c3
2.84153915605113e-37	-0.438429280569703	0.328	0.425	9.52995402156427e-33	PIM1	c3
0.0396963281566312	0.438342250178313	0.09	0.085	1	FAM173A	c3
9.07485394521647e-31	-0.438334785256518	0.1	0.164	3.0435245161467e-26	MSI2	c3
2.97854494881413e-06	-0.438258013833023	0.011	0.019	0.0998944404933284	SLC25A13	c3
0.279820685793366	0.43779677003249	0.146	0.147	1	TRAV21	c3
0.159157267748806	0.437411094712485	0.024	0.021	1	ZNF319	c3
0.198457613521914	0.437350066083772	0.04	0.037	1	GPR180	c3
0.00287154512612983	-0.437193262850241	0.006	0.01	1	TDRKH-AS1	c3
1.83635095402393e-07	-0.43714167655546	0.016	0.028	0.00615875382960547	CHRM3-AS2	c3
0.0427675142265196	0.436886339798737	0.112	0.108	1	C5orf51	c3
9.66922327449257e-11	-0.436669878612126	0.032	0.052	3.24286410179932e-06	NABP1	c3
0.0136112175357035	0.436088447097305	0.105	0.099	1	NUP107	c3
1.73660643321876e-07	-0.435520585620919	0.021	0.035	0.00582423065572908	TMEM64	c3
0.115734252992361	0.435201577873729	0.043	0.039	1	LPAR5	c3
3.17661959006943e-24	-0.434981418385758	0.22	0.288	1.06537467811749e-19	ANKRD28	c3
5.99042132647354e-05	-0.43487791685527	0.012	0.02	1	FAM234A	c3
4.20276196447988e-09	-0.434861485219431	0.021	0.036	0.000140952230764726	PDLIM7	c3
1.09974725994011e-46	-0.434803777315855	0.36	0.477	3.68833236038713e-42	EIF4A3	c3
0.0259123945269269	0.434552825816815	0.08	0.074	1	DRAM2	c3
5.41327123705338e-27	-0.434520116769399	0.11	0.17	1.81550290748296e-22	TCTN3	c3
0.000850837081426845	0.434438010682087	0.11	0.099	1	WASHC2C	c3
0.00676191083386068	0.434391092626186	0.109	0.102	1	ALG3	c3
0.12976318062882	0.434228190243702	0.026	0.03	1	AL441992.1	c3
0.140879486816042	0.434217223873336	0.037	0.033	1	ABHD15	c3
0.814660805363749	0.434198315239269	0.016	0.016	1	GLI4	c3
0.207591416900335	0.434140008635392	0.031	0.029	1	ANKMY1	c3
0.00376366211600734	0.43394924133732	0.085	0.076	1	TBC1D5	c3
1.29745722833186e-10	-0.433906128999293	0.017	0.032	4.35141205237939e-06	SORD	c3
0.608117611655997	0.433783788577755	0.015	0.016	1	IDNK	c3
2.72283474063702e-05	-0.433632779092003	0.016	0.024	0.913184315314845	PILRB	c3
1.37845695269476e-21	-0.433570086039902	0.077	0.123	4.62306892794769e-17	ECE1	c3
0.089359970438059	0.433569352715776	0.053	0.049	1	ZSCAN32	c3
0.541177869212766	0.433488704948592	0.011	0.01	1	AL139423.1	c3
0.268156233661461	0.433183032887788	0.043	0.04	1	ATPAF1	c3
0.0108476142764785	0.433146231386419	0.109	0.102	1	MRPS9	c3
0.907670223443067	0.433090358712964	0.01	0.01	1	C18orf54	c3
0.123370138634507	0.432602621076478	0.048	0.044	1	ZNF48	c3
3.78222053527328e-08	-0.432429595112682	0.026	0.042	0.00126848112311995	GNA12	c3
0.00258402740452323	-0.432301810949792	0.008	0.013	1	APOBR	c3
7.47816371797817e-21	-0.431799469573415	0.068	0.111	2.50802654773552e-16	SEC24A	c3
3.31321603147615e-13	-0.431766442721052	0.031	0.054	1.11118639263647e-08	ATF7IP2	c3
4.85236910789683e-17	-0.431587212272111	0.06	0.096	1.62738755140644e-12	SAMD8	c3
0.158374976096858	0.431199731189677	0.061	0.058	1	STRADA	c3
0.000144162647895413	-0.431098622914059	0.011	0.017	1	PRKCE	c3
2.53385869677928e-08	-0.431001151543651	0.017	0.03	0.000849805529725833	SNHG19	c3
8.49831880788688e-06	0.430562548346169	0.175	0.161	0.28501661617891	TMEM134	c3
6.37394707122327e-33	-0.430329433382588	0.173	0.252	2.13769436874686e-28	SKIL	c3
0.780180613271709	0.430317441261217	0.014	0.014	1	LINC00294	c3
0.0100688135148506	-0.430278993581874	0.007	0.011	1	AC007216.4	c3
5.59181586521067e-08	-0.430184876888894	0.022	0.036	0.00187538320487435	PON2	c3
0.00333640660705261	0.430097183161771	0.122	0.113	1	KIF21B	c3
2.70012002744555e-10	-0.429871645038201	0.043	0.065	9.05566254804689e-06	ZNF10	c3
1.00640307137013e-06	-0.429759638541385	0.019	0.031	0.0337527462076115	GALNT7	c3
0.323001963464557	0.429560112995878	0.04	0.038	1	PPOX	c3
0.609289605485204	0.429326693080167	0.012	0.013	1	SLC37A4	c3
0.42470429413064	0.429044063862068	0.047	0.046	1	STYXL1	c3
0.0635531091323627	0.428968769864151	0.079	0.074	1	IL10RB	c3
6.51661786346443e-54	-0.428944732995839	0.579	0.677	2.1855432990487e-49	PIM3	c3
0.0171515887668884	0.428463433588209	0.088	0.081	1	DNAL4	c3
5.17773702985757e-41	-0.428243253549267	0.295	0.399	1.73650944507363e-36	AMD1	c3
0.140292774704125	0.427984985671789	0.065	0.061	1	BRCC3	c3
0.618826525578165	0.427887607864236	0.016	0.016	1	SPEF2	c3
0.32290006756589	0.427700573601668	0.047	0.045	1	SWI5	c3
0.0189575641615916	0.427328288759797	0.084	0.078	1	FUOM	c3
0.319868216153635	0.427081018184631	0.067	0.066	1	NPRL3	c3
1.95804460735513e-25	-0.426964328314058	0.171	0.239	6.56689000414763e-21	PLIN2	c3
0.706474071295957	0.426355243980622	0.01	0.011	1	ZNF681	c3
0.37078553226246	0.426260387940498	0.045	0.043	1	FUNDC1	c3
1.20324275720873e-06	-0.426122439984961	0.026	0.038	0.0403543555912665	ZSWIM6	c3
0.0158770510030178	0.425799808729638	0.067	0.06	1	FAM89B	c3
7.18143570354332e-24	-0.425770265536666	0.076	0.125	2.40850990625436e-19	PLPP5	c3
0.000722403563881544	-0.425720802735404	0.007	0.012	1	AL590399.1	c3
0.000141030512946129	0.425645943140366	0.099	0.086	1	TSPAN2	c3
0.00105297241096066	0.425604134203291	0.136	0.126	1	CLIC5	c3
0.210340298144	0.425578836747726	0.039	0.036	1	KIAA0586	c3
0.110626042115067	0.425479494776904	0.038	0.034	1	BLOC1S5	c3
4.083661460375e-14	-0.425224860032012	0.051	0.08	1.36957838058057e-09	MANBA	c3
0.9502320582055	0.42494277351345	0.014	0.015	1	ABHD8	c3
0.259945205593025	0.424429852806161	0.053	0.05	1	NUDT18	c3
0.00637497351334208	0.424418131525014	0.079	0.071	1	ARID3B	c3
0.106267510627378	0.424380109117281	0.031	0.028	1	FAM228B	c3
0.277447572739522	0.424301913055086	0.031	0.028	1	NUP43	c3
5.40590774376443e-05	0.424297597982473	0.148	0.135	1	ERCC5	c3
0.38696479300533	0.424243559476603	0.035	0.033	1	ORAI3	c3
0.000121810184686232	0.423585969039537	0.137	0.125	1	CYB561D2	c3
0.618499970080127	0.423358664676768	0.019	0.019	1	CDPF1	c3
0.000208080642479551	0.423214151075846	0.135	0.124	1	TRIP4	c3
0.00028336271340521	0.423168983760077	0.156	0.146	1	GMPS	c3
0.0153763044102194	0.422925622177391	0.073	0.067	1	MSRB1	c3
0.291944011469924	0.422458400532057	0.013	0.011	1	SLC16A11	c3
0.00636269546222506	0.422379553533089	0.089	0.081	1	CISD3	c3
0.00513366550029288	0.422358864696047	0.067	0.059	1	NAGPA	c3
0.000515493524604719	0.422203702686577	0.125	0.115	1	SNAPC5	c3
3.57650381676137e-13	-0.422160591207875	0.081	0.114	1.19948785006543e-08	BAIAP2	c3
0.433986547163525	0.422056465877175	0.025	0.023	1	COX18	c3
6.92132348771736e-07	-0.422031637393604	0.018	0.03	0.0232127347131065	MSANTD2	c3
0.485461544775236	0.422031456935953	0.017	0.016	1	ZNF606	c3
0.013967322490038	0.421826624653036	0.106	0.1	1	OXLD1	c3
0.853668756796228	0.421735341480999	0.025	0.025	1	DHRS4-AS1	c3
9.53579527048e-05	0.421624738762421	0.111	0.098	1	HECTD3	c3
0.109998093412715	0.421402098795113	0.055	0.051	1	PSMC3IP	c3
2.5754521016231e-07	-0.42133362292979	0.019	0.032	0.00863755125842356	ZNF827	c3
2.95752740825638e-55	-0.421314158045134	0.555	0.654	9.91895542181024e-51	SLC7A5	c3
0.0129504866912528	0.42126645359262	0.062	0.055	1	TNFSF13B	c3
2.30416867477406e-16	-0.421240529311519	0.054	0.087	7.72772090145726e-12	RAP2B	c3
1.55680460540847e-21	-0.421120692524761	0.093	0.142	5.22121128561894e-17	MALT1	c3
0.14433248401854	0.420891051864201	0.076	0.073	1	MRPL48	c3
0.00131785456911554	0.42083081277815	0.105	0.095	1	ACSF3	c3
0.000261656761168879	-0.420678839572833	0.006	0.011	1	ITPRIPL2	c3
0.504079442290815	0.42063920938057	0.043	0.042	1	NIPSNAP3A	c3
0.00027248825285168	0.420622316649025	0.144	0.133	1	PARP4	c3
0.829046900986078	0.420621413105075	0.011	0.011	1	LIPE	c3
0.000376079431884501	-0.420620415800673	0.009	0.015	1	TMOD2	c3
9.82208315306911e-25	-0.420593293712592	0.11	0.167	3.29413024787632e-20	GCH1	c3
0.0107201632499224	0.42003487969528	0.075	0.068	1	USP21	c3
0.946448970591944	0.419924490144247	0.019	0.02	1	SCO2.1	c3
0.0413647727516446	0.419811827677112	0.102	0.097	1	SARDH	c3
0.000203695938386653	0.419523998064367	0.167	0.158	1	MTX1	c3
3.89481517988681e-08	-0.419422528206234	0.018	0.031	0.00130624311503044	TPD52	c3
0.00426701133885142	0.419318625860704	0.121	0.114	1	DCPS	c3
0.715767863171547	0.419255674433156	0.023	0.023	1	DCAKD	c3
0.88982687478344	0.419255122904159	0.088	0.091	1	NABP2	c3
0.749933554244762	0.419145734613152	0.024	0.024	1	CLUAP1	c3
2.35908348120035e-21	-0.418939103768786	0.875	0.894	7.91189417924973e-17	TSC22D3	c3
1.25951781821356e-07	-0.41880694899384	0.022	0.036	0.00422417085872464	LRRC8B	c3
1.28716289281785e-06	-0.418496548384628	0.035	0.05	0.0431688690993251	KLRC3	c3
0.584231853816426	0.418439670670453	0.031	0.03	1	NIFK-AS1	c3
2.32008157881184e-25	-0.418433638844147	0.12	0.18	7.78108959901916e-21	GPCPD1	c3
0.876623906424702	0.418424574781768	0.009	0.01	1	EEF1AKMT1	c3
0.0440516982083087	0.418330994026993	0.052	0.047	1	ZNF740	c3
0.000891779696753212	0.418162820996903	0.142	0.133	1	NSL1	c3
0.279543081108812	0.418062686743502	0.074	0.072	1	ZMAT5	c3
0.0003039805354606	-0.418013640443779	0.017	0.024	1	SESN1	c3
0.321448959218143	0.417996947440203	0.012	0.011	1	MUC16	c3
0.00808521096882834	-0.417800141103908	0.007	0.01	1	NCEH1	c3
0.0009900090697782	0.417661784001355	0.119	0.109	1	APBB1	c3
0.000402888159346414	-0.417637954323596	0.007	0.013	1	SUMO4	c3
0.00017450497203997	-0.417583211138282	0.009	0.016	1	ADAM9	c3
0.246726592216403	0.417523057053056	0.03	0.027	1	YAE1D1	c3
0.858426543689414	0.417369606601197	0.012	0.012	1	PLCB3	c3
0.482486186929578	0.417138251141367	0.033	0.032	1	ZNF880	c3
6.26976835586195e-09	-0.416859247581032	0.043	0.062	0.000210275491118898	IQCG	c3
0.00169889203626427	-0.416858368931941	0.006	0.01	1	EXT1	c3
0.000571638695445145	0.416393390276334	0.128	0.117	1	DTX3L	c3
1.15202949469749e-11	-0.416216493680344	0.035	0.057	3.86367651931646e-07	CCDC9	c3
2.2919312511339e-25	-0.415638323576333	0.097	0.153	7.68667903005288e-21	BZW2	c3
5.42359874291085e-05	-0.415538574726819	0.012	0.019	1	AC020928.1	c3
8.54628802921468e-06	0.415225461817956	0.137	0.121	0.286625407923802	ACSS1	c3
0.0748420071355079	0.414902465259833	0.066	0.061	1	PRADC1	c3
0.00467957569389295	0.414797851380558	0.109	0.101	1	EBAG9	c3
0.0474678962903406	0.414782625846223	0.069	0.063	1	DNAJC13	c3
0.728734308328935	0.414747013070961	0.024	0.024	1	AC091057.6	c3
0.26535165189715	0.414289948225633	0.017	0.015	1	SIPA1L3	c3
1.09115188432342e-15	-0.413964400706304	0.056	0.088	3.6595051896439e-11	STK26	c3
0.00842819204416844	0.413950527300881	0.105	0.098	1	KAT8	c3
2.99945540074602e-22	-0.413588783159635	0.125	0.181	1.0059573523022e-17	IER5	c3
1.97160545684662e-07	-0.413084649976451	0.025	0.039	0.0066123703811722	SMARCD3	c3
0.692142914311476	0.413041429668061	0.014	0.014	1	AC009948.1	c3
0.234419231836246	0.412916305108588	0.048	0.045	1	SMIM30	c3
0.00179900141922331	0.412496221429378	0.113	0.103	1	MLLT10	c3
3.06964781725329e-17	-0.412224465560993	0.081	0.121	1.02949848495041e-12	TXLNG	c3
1.63580750717591e-12	-0.412217822771692	0.048	0.074	5.48617121756658e-08	FAM241A	c3
2.15419324367559e-35	-0.41212444765501	0.241	0.336	7.22473330063919e-31	ZFAND5	c3
2.20993957388314e-08	-0.411769394366142	0.015	0.028	0.000741169534288927	CKAP2L	c3
7.18545089198278e-34	-0.411564130704896	0.312	0.406	2.40985652015319e-29	BTG2	c3
0.0647724466529523	0.411542354677108	0.08	0.075	1	BRAT1	c3
0.735015353917048	0.411385414712826	0.023	0.023	1	VARS2	c3
0.684694676382757	0.411141708168558	0.016	0.017	1	THEM6	c3
0.00638334890654167	0.410999984059752	0.054	0.046	1	SCUBE1	c3
3.36653243617637e-05	0.410611480859761	0.203	0.195	1	URM1	c3
2.9921422078426e-17	-0.410528899638466	0.062	0.098	1.00350465366625e-12	LINC02195	c3
0.0252684251733532	0.410072711462687	0.068	0.062	1	NELFB	c3
0.00610150178253115	0.409516309096647	0.12	0.112	1	C15orf40	c3
0.0019759176549068	0.409364435486911	0.143	0.135	1	SLC25A11	c3
0.0859493340791915	0.409356587789665	0.05	0.046	1	ZNF862	c3
6.27615640747117e-63	-0.409285985774333	0.917	0.945	2.10489733593768e-58	HSPA8	c3
0.400711682718309	0.409238248976251	0.033	0.031	1	PCED1A	c3
6.17256048046534e-20	-0.409134161592522	0.119	0.17	2.07015333393846e-15	BANP	c3
3.61162765354718e-27	-0.409057154456026	0.205	0.28	1.21126768244665e-22	NBL1	c3
5.04680836197614e-07	-0.408962850899066	0.029	0.043	0.0169259858843956	KMT2E-AS1	c3
5.10603967307758e-06	0.408255863775329	0.17	0.156	0.171246358555676	ALG5	c3
1.79491781898329e-20	-0.407986477325581	0.104	0.153	6.01979538130617e-16	TFRC	c3
0.00029040209341882	-0.40757690695752	0.011	0.018	1	TRAV8-4	c3
0.161775056358139	0.407547583270019	0.045	0.042	1	ARHGEF19	c3
1.40835179894273e-11	-0.407485245375054	0.06	0.088	4.72333026329414e-07	LMO4	c3
0.272936201160255	0.407484628164773	0.03	0.028	1	NAPB	c3
0.264203758462744	0.407313766636603	0.043	0.04	1	SLC27A4	c3
0.52369732621581	0.407278218379232	0.012	0.011	1	DUSP7	c3
0.357105223609136	0.407187549026636	0.045	0.043	1	RAD50	c3
1.7242657674423e-11	-0.406928723311948	0.052	0.078	5.78284253084798e-07	AL135925.1	c3
1.96584494506051e-10	-0.406872244190466	0.264	0.313	6.59305077674393e-06	FKBP4	c3
0.681487893150715	0.406296204390972	0.021	0.022	1	LINC01550	c3
0.00319519218893287	-0.406000861528041	0.007	0.011	1	NPIPB11	c3
0.000624013699852236	-0.405890365837394	0.006	0.011	1	FAM135A	c3
5.75600760252585e-60	-0.405751564844972	0.648	0.744	1.93044982973512e-55	HSPA5	c3
0.00012448796754118	-0.405565992175154	0.007	0.013	1	AC002467.1	c3
0.767261063210675	0.405470746614329	0.031	0.03	1	ZNF621	c3
0.0101918261618695	-0.405353478897577	0.009	0.013	1	ZNF582	c3
0.189197477891323	0.405181818995441	0.06	0.057	1	TAPBPL	c3
0.296274671747156	0.405137049476989	0.027	0.025	1	RALGAPA2	c3
0.846433955308783	0.405059949152415	0.012	0.012	1	THAP7-AS1	c3
0.220499557323286	0.405053885442879	0.012	0.01	1	AC105020.6	c3
0.0163959292482976	0.404829076766232	0.073	0.066	1	PIAS3	c3
0.669920638714495	0.404828657327633	0.023	0.023	1	ZCCHC4	c3
0.000280211175787504	-0.40478102186882	0.013	0.02	1	NAP1L2	c3
0.154137729520732	0.404766148021144	0.022	0.019	1	ANGEL1	c3
3.10332377436251e-15	-0.40469925454843	0.06	0.093	1.0407927274457e-10	WDR47	c3
0.0337139044870854	0.404664904829773	0.067	0.062	1	RAD17	c3
9.19496488719205e-37	-0.404492531103749	0.237	0.332	3.08380732386647e-32	SEPT6	c3
0.571115393693624	0.404399424477957	0.024	0.023	1	ZNF8	c3
0.143738920222558	0.404393520155452	0.057	0.053	1	DLGAP1-AS1	c3
0.763619642663846	0.404345991440239	0.036	0.036	1	FAIM	c3
1.77852041416948e-08	-0.404335578480859	0.03	0.047	0.000596480176504159	SMPD2	c3
3.5855230084633e-112	-0.404325177765276	0.973	0.978	1.20251270657842e-107	VIM	c3
0.00106425285136301	0.404302681421207	0.133	0.124	1	AP2A1	c3
0.000259676457944726	0.404035615385252	0.151	0.14	1	ESYT1	c3
0.008996045444027	0.403919951147599	0.096	0.088	1	LPCAT4	c3
0.00173458076666748	0.403151586310144	0.149	0.141	1	GLT8D1	c3
0.0592920610480484	0.402928782594268	0.086	0.081	1	NNT	c3
8.473913576506e-59	-0.402728106334018	0.453	0.579	2.84198113528858e-54	GSPT1	c3
1.84729794041693e-47	-0.402636976946686	0.458	0.566	6.19546783257029e-43	NOP58	c3
1.56748352190911e-45	-0.402273516429814	0.672	0.757	5.25702623577877e-41	SAT1	c3
3.18548949387013e-07	-0.402154926299225	0.013	0.024	0.0106834946645417	BUB1B	c3
8.73297127775093e-27	-0.402149140370268	0.137	0.203	2.92886390713211e-22	NXF1	c3
1.59251049700127e-06	-0.401888401056095	0.013	0.023	0.0534096170484286	SETD9	c3
3.80277638029674e-24	-0.401877137660896	0.135	0.196	1.27537514242392e-19	TIPARP	c3
0.235572216626153	0.401710673078151	0.04	0.037	1	ANKMY2	c3
0.729991073821175	0.401625746411446	0.043	0.043	1	MRPL30	c3
0.913372724277204	0.40140764693959	0.052	0.053	1	CCDC102A	c3
6.41342180872461e-25	-0.401351462995134	0.14	0.203	2.15093340621006e-20	CTNNAL1	c3
0.491368239600153	0.401282424301001	0.028	0.027	1	AC245060.5	c3
0.0191038420025048	0.401178681856579	0.113	0.107	1	GTF2H5	c3
4.09472642891418e-07	-0.400986637993724	0.022	0.035	0.0137328934972924	NAP1L5	c3
0.246922832004118	0.400940352232312	0.03	0.028	1	HEATR3	c3
0.000892011609819029	0.400715884620022	0.131	0.12	1	DDX58	c3
0.195229825564087	0.400690421429328	0.074	0.071	1	EMC2	c3
0.0390203118369625	0.400429203649398	0.053	0.047	1	DYRK2	c3
0.437397101363583	0.400288669619455	0.08	0.08	1	MRPL24	c3
3.8576112964612e-24	-0.400203052780496	0.125	0.185	1.29376567660716e-19	SMS	c3
0.15881476690465	0.400114073846928	0.043	0.04	1	FBXO6	c3
2.15685769308451e-08	-0.400047891587908	0.033	0.05	0.000723366933106683	CSRNP2	c3
0.105611540121791	0.400038350541148	0.083	0.08	1	MAPK14	c3
0.897202491549508	0.399605177111305	0.033	0.034	1	TDRD3	c3
3.7727770366871e-06	-0.399570825021068	0.021	0.033	0.126531396256412	DBN1	c3
0.134748871728462	0.399324987141938	0.104	0.101	1	NINJ2	c3
2.82524518603657e-06	-0.399169766945896	0.015	0.025	0.0947530730492943	C17orf58	c3
3.77504510959212e-05	-0.39914998260058	0.018	0.028	1	ZNF552	c3
0.856259295748895	0.399012434726076	0.025	0.026	1	RMI1	c3
0.000143325211169088	0.398858624636763	0.137	0.125	1	CDKN2A	c3
4.95313623803378e-41	-0.398739278352774	0.321	0.43	1.66118283151177e-36	ARF4	c3
0.000382217159921577	0.398723097543679	0.135	0.124	1	ELAC2	c3
0.487586595907728	0.39850485808549	0.025	0.024	1	ANKAR	c3
3.1437757332315e-77	-0.398486299161603	0.649	0.753	1.05435950541118e-72	SRSF2	c3
0.167055292478889	0.398286410527664	0.077	0.074	1	AP1S1	c3
0.468178743036117	0.398131779463829	0.01	0.009	1	DNAJC28	c3
0.346592939535858	0.398034239397333	0.044	0.042	1	E2F3	c3
0.00543961011007804	-0.397964200723365	0.008	0.013	1	NACC2	c3
0.360219842166586	0.397960170989296	0.052	0.05	1	EEF1E1	c3
0.285012969047987	0.397847143030043	0.046	0.044	1	MRI1	c3
0.135579688542482	0.397695650477903	0.053	0.05	1	TMEM204	c3
2.73585563269726e-31	-0.39747513200373	0.186	0.267	9.17551262094006e-27	B4GALT1	c3
0.365509202655918	0.396993601206366	0.021	0.023	1	DHRS4L2	c3
0.00125641311624204	-0.396864995254936	0.005	0.01	1	LTC4S	c3
3.76130485935743e-21	-0.396766491842672	0.133	0.189	1.26146642373129e-16	MCOLN2	c3
0.0321469843476835	0.396732295493549	0.067	0.061	1	TBC1D14	c3
0.608609666833583	0.396685141886628	0.009	0.01	1	DBF4B	c3
0.000145549284030589	-0.396486685169678	0.01	0.017	1	CCDC189	c3
0.935535810266708	0.396363001161127	0.021	0.022	1	IDE	c3
0.561947747553841	0.396229469728698	0.012	0.011	1	TSNARE1	c3
0.173398585600247	0.395818774170965	0.067	0.063	1	CD38	c3
0.0878637368024133	0.395653522859148	0.091	0.087	1	ALG12	c3
0.933059163079954	0.395543111400302	0.049	0.05	1	RNASEH2A	c3
0.000132084131847757	0.395481903161264	0.142	0.129	1	TRADD	c3
0.000148825193542558	-0.39519405539652	0.012	0.019	1	PHLDB2	c3
0.116795734059357	0.394960660421188	0.058	0.054	1	WDSUB1	c3
3.11710159607078e-33	-0.394926451109943	0.175	0.258	1.04541353329022e-28	CCNG1	c3
0.0141083903460086	0.394845569358944	0.057	0.05	1	KIAA1211L	c3
2.52783483686595e-17	-0.394793267039064	0.058	0.093	8.47785247588104e-13	TOMM34	c3
0.266865595250691	0.394725017950051	0.066	0.064	1	VPS16	c3
5.59114065608977e-21	-0.3946401840132	0.111	0.163	1.87515675323939e-16	TP53BP2	c3
4.02207528344805e-12	-0.394208511774507	0.033	0.056	1.34892360856281e-07	ASL	c3
0.00859638857316943	-0.393707383775923	0.01	0.014	1	C16orf46	c3
0.0906458390146878	0.393574331216519	0.118	0.115	1	REC8	c3
0.837306010719584	0.393453437388484	0.015	0.015	1	CCDC152	c3
2.47779354532521e-31	-0.393434598255894	0.189	0.272	8.3100239923117e-27	OSER1	c3
1.25434628770426e-05	0.393302174523715	0.168	0.153	0.420682657970255	ERAP2	c3
0.000109799487382175	0.393213077059308	0.172	0.161	1	B3GAT3	c3
2.90978682868445e-06	0.393094068241547	0.19	0.174	0.0975884306604192	EPB41	c3
1.88319337558432e-10	-0.393037366346296	0.028	0.046	6.31585394303469e-06	TPCN2	c3
0.0235790872606911	0.392748802680561	0.129	0.124	1	CMAS	c3
9.55367395040038e-39	-0.392610040307314	0.322	0.427	3.20411116948528e-34	DDX3X	c3
0.000196688083402843	-0.392543786443017	0.007	0.013	1	TP73	c3
1.57696326956842e-10	-0.392485294543814	0.029	0.049	5.28881941347858e-06	ARHGAP31	c3
3.29902100253717e-37	-0.392447560033316	0.279	0.381	1.10642566383092e-32	HNRNPAB	c3
0.0437849987936872	0.392367221889304	0.046	0.041	1	ZNF322	c3
1.10805773984552e-15	-0.392064810232187	0.089	0.128	3.71620404789392e-11	HCG18	c3
0.0200700016049413	-0.391932638220711	0.007	0.01	1	MICU3	c3
4.69883893879254e-13	-0.391347418132404	0.061	0.091	1.57589660329224e-08	RETREG1	c3
0.931009907393557	0.391299629250518	0.02	0.02	1	FICD	c3
0.186871933176811	0.391224396143446	0.055	0.052	1	MRE11	c3
0.804029387912103	0.391040832924481	0.015	0.016	1	FLVCR1-DT	c3
0.402635300725284	0.39095413731004	0.039	0.037	1	CSTF3	c3
0.0225105896322045	0.390942821589831	0.102	0.096	1	MNAT1	c3
0.087787012204717	0.390895547548652	0.08	0.076	1	SH3BP1	c3
0.175804596199042	0.390782707132637	0.037	0.034	1	KCTD2	c3
9.73040990684817e-20	-0.39051610288881	0.111	0.161	3.26338487455874e-15	TMEM39A	c3
0.0374985170909437	0.390457763642941	0.089	0.083	1	ITFG2	c3
7.99303965851549e-57	-0.39040760549516	0.514	0.629	2.68070564067292e-52	H2AFV	c3
1.28550201132987e-36	-0.390362182021994	0.26	0.358	4.31131664559812e-32	CHD1	c3
0.996739066411556	0.390342056293704	0.021	0.021	1	LINC00158	c3
0.0102942282659425	0.390253557488425	0.084	0.076	1	SEL1L3	c3
1.59359728431433e-21	-0.390194550751935	0.111	0.164	5.3446065721334e-17	CCNT1	c3
0.189501170443118	0.390106809280456	0.073	0.07	1	HPS4	c3
0.266145923030028	0.389998271870187	0.062	0.059	1	INTS7	c3
0.976516417104204	0.389902857196261	0.049	0.05	1	HSCB	c3
0.438729774125183	0.389850800925519	0.066	0.065	1	FARSB	c3
0.00818412198553639	0.389791319699111	0.122	0.115	1	COX11	c3
3.84183304606774e-10	-0.389690931356147	0.049	0.072	1.2884739669902e-05	CRY2	c3
0.0244510961612554	0.389522428734452	0.1	0.094	1	KATNB1	c3
6.52363420253235e-24	-0.389229825175966	0.153	0.218	2.1878964388453e-19	WDR74	c3
8.80561268885336e-06	0.38922560026195	0.166	0.152	0.295322638358764	ASB8	c3
5.09507282521003e-11	-0.389116518109071	0.139	0.177	1.70878552411894e-06	HIST1H1E	c3
2.764140117443e-25	-0.389057155398276	0.112	0.171	9.27037312588034e-21	SINHCAF	c3
1.08043048515726e-05	-0.388963612603027	0.02	0.031	0.362354776112043	AC007952.4	c3
0.0180564881538544	0.388885624814471	0.079	0.072	1	AGAP2	c3
0.623991475609102	0.388828508430808	0.013	0.012	1	CARF	c3
0.37840737081509	0.388672598502446	0.02	0.019	1	MORN3	c3
0.28957813745536	0.388401808203575	0.064	0.062	1	NAA80	c3
0.561823684957075	0.38814839588484	0.027	0.026	1	MED22	c3
0.587091138432015	0.388063554472801	0.028	0.027	1	DOLK	c3
0.392694022248576	0.387980594916349	0.043	0.042	1	B4GALT7	c3
0.00152797679916746	0.387929331615823	0.13	0.12	1	NSF	c3
0.806755562852777	0.387847052705711	0.016	0.016	1	SRR	c3
0.224700709592708	0.38766052787245	0.008	0.01	1	PLCXD1	c3
0.00249154120121354	-0.387587312386731	0.006	0.01	1	UST	c3
9.20112987494468e-05	-0.387506481588651	0.006	0.011	1	ACY1	c3
0.00588077667887487	-0.387365769551796	0.006	0.01	1	TBC1D32	c3
0.000396978487111544	0.387238757573245	0.148	0.137	1	DTX2	c3
0.250657686476662	0.387011676480884	0.045	0.042	1	DNAJC16	c3
0.033941498501957	0.386945700934477	0.133	0.129	1	CAT	c3
0.78193108074074	0.386873899670762	0.022	0.022	1	NAPEPLD	c3
1.47724969808063e-18	-0.386719329908219	0.097	0.142	4.95440003742281e-14	ITPR1	c3
0.351199768631581	0.386609233966305	0.06	0.058	1	C16orf70	c3
0.978954099410608	0.386440885170411	0.012	0.012	1	ENG	c3
4.19284363822487e-14	-0.386432614900071	0.048	0.077	1.40619589938786e-09	CRTAP	c3
0.9674080235463	0.386273949419731	0.019	0.019	1	GATAD1	c3
0.767762031284231	0.386059402365391	0.033	0.033	1	TCAIM	c3
0.632894967520868	0.385775299231713	0.011	0.012	1	GEN1	c3
0.412896663088601	0.385685884171861	0.043	0.042	1	TTC13	c3
0.320539442259642	0.385648425961726	0.029	0.027	1	AC006504.5	c3
6.31079436720973e-20	-0.385533282857446	0.1	0.148	2.1165142148748e-15	AGPAT5	c3
1.65001938860696e-06	0.385519541484545	0.217	0.202	0.0553383502551001	FAM126B	c3
0.875069530837551	0.385509434768596	0.009	0.01	1	TRIM66	c3
0.432579481996034	0.385403982882915	0.044	0.042	1	SMARCAL1	c3
1.07907194264593e-20	-0.385058091022526	0.11	0.161	3.61899148124593e-16	CMTM7	c3
0.000596999833855016	-0.384989025162001	0.014	0.02	1	ERV3-1	c3
0.892267978584754	0.38474485518991	0.017	0.017	1	NAPA-AS1	c3
0.519883427941972	0.384699506285073	0.033	0.031	1	MBD3	c3
0.910505590999851	0.38468155380847	0.018	0.018	1	DHRS12	c3
6.67272703865254e-18	-0.384579358981592	0.093	0.136	2.23789919422329e-13	MRPL1	c3
0.680019322186617	0.384479666077065	0.017	0.017	1	PICK1	c3
5.1438298353166e-07	-0.384318302944506	0.02	0.032	0.0172513765016848	C1orf198	c3
0.0204281974475217	0.38421636558766	0.086	0.079	1	BDH2	c3
2.15052332792088e-37	-0.383829967582092	0.292	0.394	7.21242513718103e-33	NFE2L2	c3
9.38537265376822e-24	-0.383791007896803	0.112	0.168	3.14766628062079e-19	ABCG1	c3
0.67861282891542	0.383705967383144	0.024	0.023	1	PALB2	c3
3.98606199935621e-08	-0.38368686198292	0.023	0.038	0.00133684547334409	GBE1	c3
1.31270439767144e-21	-0.383685114460662	0.345	0.416	4.40254800891049e-17	PDCD1	c3
0.518599915715842	0.383662648488762	0.071	0.071	1	FAM111A	c3
0.400416018236459	0.383619152769779	0.011	0.01	1	TEPP	c3
0.125821554716247	0.38354864486717	0.095	0.092	1	KRIT1	c3
3.08910709984599e-17	-0.383529576666983	0.078	0.118	1.03602473914635e-12	BRD1	c3
0.514368661595211	0.383524422484033	0.021	0.019	1	ZKSCAN4	c3
0.604128884419264	0.383453355216426	0.054	0.053	1	ISOC2	c3
0.0841383289985462	0.383400326539582	0.103	0.1	1	ARFRP1	c3
0.000314575566579148	-0.383334678520436	0.01	0.016	1	NECTIN3	c3
0.00524061109899364	0.383070358870758	0.132	0.125	1	DDB2	c3
7.47769785925066e-60	-0.382991004587632	0.556	0.67	2.50787030803549e-55	EMD	c3
2.97460109924426e-42	-0.382948145686384	0.313	0.423	9.97621716664541e-38	XBP1	c3
0.849542461417681	0.382721241597846	0.013	0.013	1	AL590006.1	c3
0.650688296080716	0.382558189603484	0.022	0.022	1	BTBD2	c3
0.852335341931573	0.382539899970208	0.03	0.031	1	TCEANC2	c3
0.00527072480019299	-0.382435205957956	0.008	0.012	1	AL109955.1	c3
1.21932899169868e-07	-0.382433254815497	0.043	0.061	0.00408938557235902	PGGHG	c3
0.940137087300912	0.382188316203655	0.032	0.032	1	XPNPEP3	c3
0.860997335297009	0.38209401798119	0.025	0.026	1	SDHAF3	c3
0.205376245550313	0.38205482528311	0.056	0.053	1	MYPOP	c3
0.249217172982851	0.382011504610944	0.055	0.053	1	ARHGAP27	c3
0.00022724244226728	0.381956998251846	0.167	0.156	1	IARS2	c3
0.372986092207783	0.381635139380951	0.028	0.026	1	RDH13	c3
0.000282802328972431	0.3808880470168	0.169	0.159	1	IFI35	c3
0.718007528140162	0.380834782789456	0.037	0.036	1	DHTKD1	c3
0.243026781040784	0.38077593962054	0.018	0.016	1	ZNF555	c3
0.223955533811183	0.38055661312579	0.058	0.055	1	AMDHD2	c3
7.82736617479196e-05	-0.380526736869391	0.005	0.01	1	HIST1H2AI	c3
0.0030061201123598	0.38038496707368	0.145	0.137	1	SVBP	c3
4.07016840212018e-153	-0.380379989704274	0.6	0.414	1.36505307870306e-148	CCL4	c3
0.562324229080075	0.380316493239128	0.01	0.011	1	TRAV8-3	c3
0.722127333085782	0.380304624843655	0.045	0.044	1	MANEA	c3
0.763567931410853	0.380221550194002	0.039	0.041	1	AAAS	c3
0.459486008228049	0.380156360305975	0.013	0.012	1	RRAS	c3
5.98692734973648e-05	0.380138480022724	0.21	0.203	1	LAMTOR2	c3
2.64462703621391e-16	-0.380022777778676	0.092	0.133	8.86955015405422e-12	ZNF683	c3
0.00768109099508992	0.379995125412735	0.113	0.105	1	ARNT	c3
0.00223902323273292	0.379855115230491	0.13	0.121	1	SNX20	c3
3.38052298683955e-09	-0.379765624467027	0.021	0.036	0.000113375979932625	SERAC1	c3
8.51748434164112e-36	-0.379469451812881	0.378	0.477	2.8565938984996e-31	SRRT	c3
0.0967645333104754	0.379435226377565	0.051	0.047	1	HGH1	c3
2.91969394761236e-27	-0.379389108902492	0.167	0.24	9.79206956150235e-23	TMEM70	c3
0.446332838080894	0.379372643710622	0.025	0.024	1	ZNF354B	c3
0.791772855341159	0.379264487440302	0.028	0.028	1	TMEM267	c3
3.25940600356794e-93	-0.379029475717903	0.892	0.935	1.09313958547662e-88	EZR	c3
1.62808723571935e-28	-0.378921364115782	0.176	0.253	5.46027897115555e-24	RAB22A	c3
0.621035209506107	0.378596866214042	0.033	0.032	1	TOP3B	c3
0.549759010832054	0.378564002478056	0.055	0.055	1	MTMR4	c3
3.724441567046e-19	-0.378428879428654	0.101	0.148	1.24910321275589e-14	PNO1	c3
1.87498277682854e-12	-0.378321644707047	0.049	0.076	6.28831723692755e-08	ABAT	c3
6.64661274207299e-06	-0.378237954205819	0.02	0.031	0.222914098143644	GAB2	c3
8.34556873373523e-19	-0.377995559437213	0.101	0.148	2.79893684192012e-14	RAP2C	c3
0.766744846924297	0.377964173883465	0.017	0.018	1	SCAMP1-AS1	c3
0.000288238305396432	0.377906756155715	0.148	0.136	1	CALHM2	c3
7.02783621888868e-06	0.377843339995438	0.17	0.154	0.235699571109089	PIK3R5	c3
0.467639752768593	0.377647522761807	0.053	0.052	1	ZNF79	c3
0.192090808307187	0.377646816889364	0.073	0.07	1	EIF3J-DT	c3
0.43820126463141	0.377494841296976	0.045	0.044	1	TCF3	c3
2.15698504015659e-05	0.37745854906957	0.203	0.19	0.723409642767718	PCED1B	c3
5.07642150248237e-33	-0.377424321287386	0.264	0.356	1.70253024350254e-28	PAF1	c3
0.248282134188034	0.377408551876906	0.024	0.022	1	ZNF613	c3
0.530728543040105	0.37711757310946	0.018	0.017	1	ARPC4-TTLL3	c3
0.0285254360756286	0.377104260781971	0.12	0.115	1	ICMT	c3
0.161467619719196	0.377044227574514	0.039	0.036	1	PLEK	c3
1.91766891158935e-06	-0.376978839825547	0.032	0.046	0.0643147799568835	AC016831.1	c3
0.0124280105544638	0.376929335549687	0.122	0.116	1	PSMG1	c3
1.42069487757938e-15	-0.376897566969773	0.09	0.13	4.76472648042571e-11	CDC14A	c3
3.21351186237971e-34	-0.376892637651728	0.347	0.447	1.07774760840491e-29	PDCL3	c3
0.950359705285841	0.376739000247907	0.02	0.02	1	TMEM79	c3
0.431093282029069	0.376715112586734	0.044	0.042	1	ELMOD2	c3
0.268988731199996	0.376349027900887	0.036	0.034	1	ICK	c3
0.555633399890973	0.376309019846074	0.048	0.051	1	RFC4	c3
1.60241935414238e-25	-0.376214714979465	0.129	0.192	5.37419402992271e-21	RLF	c3
1.48421615935793e-05	-0.375694556709092	0.019	0.029	0.497776415525464	SMAD5	c3
1.00016809640717e-20	-0.375407604794904	0.19	0.252	3.35436376173037e-16	DDIT3	c3
1.2630252184641e-34	-0.375377536855826	0.342	0.442	4.2359339776849e-30	ZC3H12A	c3
3.85874490005089e-06	0.374855813790195	0.2	0.185	0.129414586457907	ITGB7	c3
0.877844805409688	0.37484032695875	0.055	0.056	1	TFB1M	c3
0.688437487433518	0.374687191602883	0.038	0.038	1	TRMT1L	c3
2.75216147442307e-12	-0.374637007712689	0.079	0.111	9.23019915292008e-08	PCNA	c3
0.755776006935871	0.374591757146897	0.056	0.056	1	PARN	c3
0.59968674284899	0.374378929706038	0.034	0.033	1	AC008555.5	c3
3.81466292240448e-41	-0.374270715669648	0.378	0.491	1.27936165091602e-36	AC016831.7	c3
3.14454597531935e-19	-0.374091356359672	0.105	0.154	1.05461782920261e-14	ALG13	c3
0.0381096027545811	0.374010339125579	0.105	0.1	1	UNG	c3
0.525000846396046	0.374000287579186	0.011	0.012	1	URB1-AS1	c3
0.00462745801891015	0.373953843123014	0.136	0.128	1	SCAMP1	c3
0.168271632027683	0.373935519046087	0.025	0.022	1	ZNF865	c3
0.0116114737689978	0.373852261125525	0.155	0.15	1	BOLA3	c3
0.000321302297214369	-0.373638755718935	0.008	0.014	1	CCDC71L	c3
0.617302292189227	0.373461861288441	0.012	0.012	1	TRIM36	c3
7.12964668551538e-05	0.373365087464165	0.11	0.096	1	AOAH	c3
9.52999605030009e-142	-0.373267099662665	0.896	0.935	3.19617007534964e-137	PABPC1	c3
0.696346560924852	0.373229532822579	0.012	0.012	1	AC019163.1	c3
5.57118768118137e-06	-0.373116370359356	0.018	0.028	0.186846492451461	CRADD	c3
0.000229864033414297	0.373044335083225	0.204	0.197	1	LSM6	c3
8.91444850060218e-22	-0.37293780007548	0.117	0.172	2.98972773813196e-17	UBE2D1	c3
0.00119708555181335	0.372730177745403	0.136	0.126	1	SUPT20H	c3
0.889417568283859	0.372703870315348	0.065	0.066	1	CDKN2AIPNL	c3
0.15257486942247	0.372642282455553	0.068	0.065	1	TANGO2	c3
1.24595175738786e-06	-0.372504139241197	0.017	0.028	0.0417867300392741	BYSL	c3
0.000148585287375759	-0.37242214254067	0.025	0.034	1	KLF16	c3
0.908475242400949	0.372412908873388	0.043	0.043	1	UTP20	c3
0.949919821231416	0.372236742556733	0.013	0.013	1	CPEB3	c3
0.191450820235659	0.372219009424309	0.076	0.073	1	ORC4	c3
6.05359112611003e-18	-0.372172822724398	0.103	0.148	2.03025339187478e-13	HEXIM1	c3
0.826831132437023	0.372092853423801	0.071	0.072	1	NARFL	c3
0.160262052820665	0.371846967086206	0.063	0.059	1	PDCD11	c3
2.83015420128104e-27	-0.371770149465066	0.291	0.373	9.49177116025634e-23	MARCKSL1	c3
1.04110943455768e-22	-0.371767964632638	0.109	0.163	3.49167282161954e-18	SIAH2	c3
0.938560569796633	0.371647863108222	0.012	0.012	1	SOX5	c3
0.528463434068337	0.371628426514133	0.017	0.016	1	CRIM1	c3
0.769627374032131	0.371596146291337	0.036	0.036	1	MHENCR	c3
0.587137902890673	0.371492021225704	0.018	0.02	1	FANCL	c3
0.79825781004393	0.371487093336747	0.016	0.016	1	HARBI1	c3
0.00411752040533369	0.371278721529527	0.07	0.062	1	FGL2	c3
0.217894427262609	0.371233105371335	0.037	0.035	1	HS1BP3	c3
0.274474417036291	0.371113978601494	0.072	0.07	1	ARMC6	c3
1.0241338433102e-18	-0.371063468051768	0.171	0.228	3.43474008369376e-14	SLC1A5	c3
0.414661580185479	0.370962530387221	0.045	0.043	1	BTRC	c3
0.00464284928107489	0.370952727354576	0.137	0.13	1	CKLF	c3
0.933093679756636	0.370925878596087	0.012	0.011	1	TRBV11-2	c3
0.518219077536328	0.370767337514582	0.042	0.041	1	SKP2	c3
0.208622740384001	0.37061338043762	0.032	0.03	1	CCDC173	c3
8.32832141351194e-34	-0.370440145093844	0.296	0.393	2.79315243566363e-29	HIF1A	c3
0.971862533008001	0.370429974415465	0.061	0.063	1	AGA	c3
4.2145216897262e-18	-0.370279211128191	0.088	0.131	1.41346628430037e-13	MTMR6	c3
0.758402540745687	0.370166135620771	0.011	0.011	1	SEPSECS-AS1	c3
0.0404330273531858	0.370003378913693	0.125	0.12	1	CDCA7	c3
0.690158113502863	0.369924735843556	0.01	0.011	1	NAIP	c3
0.325559647235868	0.369799504151213	0.024	0.026	1	PSAT1	c3
0.243481623923274	0.369782791954532	0.033	0.031	1	FAM185A	c3
9.73267648021343e-13	-0.369729376750938	0.063	0.093	3.26414503793398e-08	RASSF2	c3
0.215079138514047	0.369620519428569	0.101	0.1	1	TRAPPC5	c3
0.0185774469923328	0.36961600004059	0.069	0.062	1	PPP2R2B	c3
0.00607076874755579	0.369522816740273	0.122	0.114	1	TMEM140	c3
0.834461639796912	0.369423644999425	0.026	0.025	1	ALG9	c3
4.16139593404531e-06	-0.369361551331288	0.023	0.035	0.139564896836012	SREBF1	c3
0.906331853528201	0.369237264284916	0.037	0.037	1	APOO	c3
0.0717643132347414	0.36922424824685	0.121	0.118	1	RFXANK	c3
1.94502766280571e-13	-0.368698204957221	0.054	0.083	6.52323377551777e-09	CNBD2	c3
2.17578579754797e-36	-0.368663924216772	0.421	0.525	7.29715040781639e-32	FUS	c3
0.0147504647993245	0.368632396048653	0.122	0.116	1	TOR2A	c3
0.00649273092641374	0.368618310540469	0.11	0.102	1	DVL2	c3
0.461431610256973	0.368526743048968	0.021	0.02	1	IFT46	c3
0.508180029441378	0.36841973541688	0.037	0.04	1	C9orf64	c3
4.01963502886516e-07	-0.368270602036862	0.016	0.028	0.013481051959808	RHEBL1	c3
0.220569285644828	0.368110316608281	0.042	0.039	1	ADAT1	c3
0.256846812106848	0.367859798162708	0.06	0.058	1	WWP2	c3
0.003200593770574	0.367858499143496	0.076	0.067	1	CBX7	c3
0.26110522530755	0.367844372084715	0.07	0.068	1	TRIM59	c3
6.85684569357752e-16	-0.367764204787177	0.197	0.251	2.29964890871203e-11	AL133415.1	c3
4.07424873331502e-06	0.367701226182531	0.239	0.228	0.136642154017919	KLHDC3	c3
0.442966988906559	0.367699963168227	0.037	0.036	1	ZNF564	c3
0.024073898498161	0.367303892818448	0.102	0.096	1	CALCOCO1	c3
0.204240164656686	0.367097853937124	0.049	0.046	1	GPR155	c3
0.00835114652234439	0.367095847551858	0.093	0.085	1	KIAA0040	c3
0.110183309492338	0.367040962487316	0.107	0.105	1	ATP6V0E2	c3
0.128739713915118	0.367036839999678	0.081	0.078	1	TRIM14	c3
0.00149327216424862	0.366616352578421	0.119	0.109	1	FAM214A	c3
0.615245915999191	-0.366562148968876	0.012	0.013	1	CCL18	c3
0.930023007370394	0.36653293334778	0.044	0.045	1	BPNT1	c3
0.539479626466243	0.366511604432504	0.048	0.051	1	STX8	c3
0.00396078818699658	0.366413216993543	0.171	0.165	1	SIRPG	c3
7.63150573321249e-08	-0.366406547384651	0.036	0.052	0.00255945439280481	SPON2	c3
0.297894287952561	0.366148746333969	0.084	0.083	1	R3HDM1	c3
0.000367570741155941	0.366115300638258	0.161	0.15	1	PPWD1	c3
0.6068746949109	0.36609770980448	0.026	0.025	1	PIP4K2B	c3
0.183605236857125	0.366048865461125	0.064	0.061	1	TBL2	c3
0.0491004060468134	0.365996430670745	0.115	0.111	1	UNC50	c3
0.0473138127326238	0.365909440090891	0.107	0.102	1	CLSTN1	c3
0.610001672519782	0.365860982621673	0.009	0.01	1	CREB3L4	c3
0.0406770459370007	0.36562865096846	0.078	0.072	1	POLRMT	c3
0.100005931780051	0.365579468236245	0.11	0.107	1	DMAP1	c3
0.662876146127984	0.365546117301843	0.057	0.057	1	NAALADL1	c3
6.74029744271311e-29	-0.365540083731101	0.221	0.304	2.26056095633712e-24	PRDM2	c3
2.26932544932583e-15	-0.365489006864051	0.07	0.105	7.61086369194898e-11	BEX4	c3
0.0911061909377408	0.36546272275426	0.106	0.102	1	EDEM2	c3
0.834746412333098	0.365441108608289	0.018	0.017	1	ABCD2	c3
0.00873094036719345	0.365358671607792	0.141	0.135	1	FAM45A	c3
0.804577983965119	0.365343605987885	0.048	0.049	1	TRIM41	c3
0.307461517383453	0.365189403358391	0.037	0.035	1	RPP40	c3
0.531728210948678	0.365155732381633	0.05	0.049	1	SLC35D2	c3
0.838947343807898	0.364998984845586	0.022	0.022	1	CHST14	c3
0.187325233132308	0.364985291843587	0.014	0.012	1	FGF22	c3
0.377300496311955	0.364569705745936	0.017	0.016	1	TRAV5	c3
4.67962926140139e-07	-0.364536012841052	0.024	0.038	0.015694540616888	HIST1H2BN	c3
0.924599316467011	0.364519858901132	0.025	0.025	1	ZNF75D	c3
0.511362351618227	0.364515206391662	0.071	0.071	1	C12orf76	c3
3.14650628696024e-22	-0.364471951226824	0.145	0.205	1.05527527852073e-17	DNAJB9	c3
0.0607771314170946	0.364441376605385	0.101	0.096	1	COPS7B	c3
0.299587846309575	0.364261577043536	0.016	0.018	1	VANGL1	c3
0.966445909216953	0.364203850092236	0.013	0.013	1	CCDC191	c3
0.734998911521407	0.364153857072165	0.038	0.038	1	TCAF1	c3
0.468969589503867	0.36413031269911	0.065	0.064	1	SNX18	c3
0.515380053213314	0.364115532236495	0.063	0.062	1	TTC37	c3
0.00140099162086731	0.364070076114923	0.155	0.147	1	DGCR6L	c3
0.530924569109975	0.363937968365616	0.039	0.038	1	ZMYND8	c3
0.000150783965693835	0.363656547395395	0.147	0.134	1	INPP4B	c3
0.139073510576263	0.363542578610384	0.075	0.071	1	GEMIN6	c3
3.08101389783414e-24	-0.363517059387761	0.136	0.198	1.03331044105561e-19	HIST1H1C	c3
0.000350363495017742	-0.36325919599206	0.013	0.02	1	AC012306.2	c3
0.0656185435389815	0.363085882864142	0.113	0.11	1	ACADM	c3
0.735207610099184	0.363008263531984	0.015	0.015	1	GAA	c3
6.77260474785611e-09	-0.362904420782788	0.028	0.045	0.000227139618033598	HAPLN3	c3
0.665520428442732	0.362792743671432	0.015	0.014	1	TRAV26-2	c3
9.50958405977729e-20	-0.36279003952947	0.09	0.137	3.18932430196811e-15	PABPC4	c3
0.972282119999048	0.362632980964115	0.046	0.046	1	HIGD1A	c3
0.753080042133747	0.362590408680485	0.017	0.016	1	ZNF823	c3
0.00060828783410942	-0.362542924831154	0.012	0.019	1	FCRL3	c3
8.08713941597541e-46	-0.36243844916658	0.587	0.686	2.71226481732983e-41	SELENOK	c3
0.886261334206208	0.36230141551093	0.035	0.035	1	TECPR1	c3
0.00119976566990554	-0.362039383563363	0.013	0.019	1	KLHL15	c3
3.41822443461635e-28	-0.361951523627679	0.252	0.334	1.14640411088163e-23	SLC38A2	c3
0.000115683132665204	0.361923768390175	0.181	0.169	1	UBLCP1	c3
0.904348897055557	0.361914741968168	0.02	0.02	1	CUL7	c3
0.618046929862444	0.361843909482089	0.057	0.057	1	PGS1	c3
0.534967129448993	0.361600483285022	0.073	0.073	1	CPSF3	c3
0.213235234716704	0.361466980050593	0.108	0.106	1	CABIN1	c3
0.398642309260309	0.36132677961991	0.017	0.015	1	ZNF776	c3
0.0180496554222726	0.361034346025511	0.121	0.115	1	ISCA2	c3
0.0877806376184608	0.361020089075875	0.085	0.08	1	LEMD2	c3
0.1888190753903	0.361019936931106	0.092	0.09	1	CRYZL1	c3
4.5270283312619e-06	-0.360973508639	0.019	0.03	0.151827476173861	TAPT1	c3
0.984763453055085	0.360854224875877	0.019	0.019	1	PLD6	c3
0.141736591288297	0.360850582299311	0.034	0.03	1	OSGIN2	c3
0.702050697995507	0.360680099547596	0.032	0.033	1	CCDC77	c3
5.23714563529869e-24	-0.360653663112491	0.14	0.203	1.75643390316648e-19	H1FX	c3
3.95266431432219e-41	-0.360462953457917	0.41	0.523	1.32564455773737e-36	CSNK1D	c3
0.686575044682854	0.360447030571485	0.027	0.026	1	LINC02539	c3
0.330461120034277	0.36032335992094	0.086	0.085	1	DNAJC10	c3
0.630071274871709	0.360254245924019	0.014	0.013	1	AC097534.2	c3
0.556528307807751	0.360179219934926	0.041	0.04	1	NUDT16	c3
7.69710132093749e-12	-0.36002546406085	0.034	0.056	2.58145384101602e-07	SLC35F2	c3
0.981739475432485	0.359925807433867	0.023	0.023	1	ARL6	c3
0.495348978363209	0.359869675015686	0.031	0.029	1	GMDS-DT	c3
0.602281530699732	0.359801264388222	0.056	0.055	1	ZWILCH	c3
0.00043149518303252	0.359777094300875	0.169	0.158	1	NFATC3	c3
1.41221523264136e-07	-0.359752786505358	0.027	0.042	0.0047362874472326	CPEB4	c3
0.000555244702290369	0.359720001084667	0.213	0.207	1	COX19	c3
0.435475098862355	0.359699846463034	0.017	0.016	1	ZNF696	c3
0.646278680787153	0.359640294673025	0.017	0.016	1	ACO1	c3
3.68915197504058e-30	-0.35959602427976	0.208	0.291	1.23726778938911e-25	GNA13	c3
0.323005202749538	0.35954220777084	0.129	0.13	1	CCDC25	c3
0.00401596396696758	0.359513545085667	0.106	0.097	1	ASB2	c3
0.838744651060983	0.359220399923056	0.01	0.01	1	OSCP1	c3
0.444536867436932	0.359184892546335	0.03	0.029	1	LINC02210-CRHR1	c3
0.604901843400512	0.359099313510561	0.02	0.021	1	PIGK	c3
0.292443937066791	0.358948514311326	0.056	0.054	1	MCCC1	c3
0.777005646737157	0.358913360575947	0.011	0.012	1	PCOLCE	c3
0.0188049135777246	-0.358856081882156	0.007	0.01	1	ZNF799	c3
0.14026734205533	0.35879014622457	0.066	0.062	1	GIMAP5	c3
0.662333617125612	0.358771698541884	0.022	0.021	1	DIRC2	c3
4.02654670097291e-10	-0.358716175544553	0.067	0.094	1.35042323257229e-05	TNFRSF12A	c3
0.407415581743664	0.358652632584608	0.027	0.029	1	UBL7-AS1	c3
1.32072022389546e-13	-0.358575572056985	0.081	0.115	4.4294314869006e-09	SNHG9	c3
0.423094645508807	0.358338568033806	0.082	0.082	1	ACYP1	c3
0.207746393509511	0.358282731146207	0.056	0.053	1	SPECC1L	c3
2.04242005571379e-07	-0.358205115567552	0.027	0.042	0.00684986838285291	MIB1	c3
0.548097275778881	0.358042128657459	0.036	0.039	1	METTL6	c3
0.638164503138893	0.358000241699561	0.021	0.02	1	TRIM62	c3
0.087434632382582	0.357906938285366	0.158	0.159	1	CHCHD5	c3
0.267447450069008	0.35782220107737	0.018	0.016	1	CYB561D2.1	c3
0.609335183647897	0.357788160771382	0.025	0.024	1	SLC25A42	c3
0.234637333933784	0.35771253138064	0.03	0.028	1	EFHC1	c3
0.600188721143183	0.357648506324695	0.029	0.029	1	SZT2	c3
0.451687698101281	0.357453460079796	0.068	0.067	1	MED24	c3
0.454110169344559	0.357449048909854	0.048	0.047	1	SIRT3	c3
0.267876830639863	0.357407395750608	0.062	0.059	1	PRUNE1	c3
0.00422101717257615	-0.357176822427412	0.008	0.012	1	IMMP2L	c3
0.980659360249642	0.357142664379734	0.031	0.032	1	NAA40	c3
0.945109286031655	0.357100214709641	0.039	0.039	1	RIC8B	c3
0.0106268807914055	0.357083132484828	0.144	0.138	1	EXOSC7	c3
1.97097588876857e-11	-0.357026389186291	0.053	0.079	6.61025893575203e-07	CDIP1	c3
0.946837554500631	0.356980717616613	0.016	0.016	1	FAM219A	c3
0.00343210866411136	-0.356686943125038	0.012	0.017	1	GAS7	c3
0.257333436527498	0.356297268849062	0.025	0.023	1	ABCA7	c3
0.00146244021608732	0.356279347564937	0.18	0.172	1	RBL2	c3
0.623602389679902	0.356215957571442	0.019	0.02	1	NAT1	c3
2.37579059114906e-18	-0.35604718989313	0.068	0.108	7.9679264845957e-14	MPST	c3
0.682378180262607	0.356002483347515	0.01	0.009	1	LYSMD4	c3
4.43606768919063e-08	-0.355993549682453	0.024	0.039	0.00148776838160075	ABHD17B	c3
0.000110082038218593	0.355961683239526	0.194	0.184	1	PPT1	c3
0.895576826015593	0.355903448390944	0.018	0.019	1	ASB16-AS1	c3
0.797439730015558	0.35552445580536	0.013	0.012	1	ZNF782	c3
0.000329201454666008	0.355436465877602	0.159	0.148	1	RASSF7	c3
0.713922426030342	0.355288516623923	0.012	0.013	1	DPH6	c3
2.09715594472289e-07	-0.35499216699078	0.012	0.023	0.00703344160741162	PRC1	c3
4.87720532585713e-06	-0.354885272353894	0.015	0.025	0.163571712218596	AC017002.1	c3
0.361996945170607	0.354833803736479	0.099	0.099	1	TMEM101	c3
0.00146161432425851	0.354692798428988	0.154	0.145	1	CCDC69	c3
1.69312025268155e-05	-0.354609473944093	0.013	0.021	0.567838670344339	EPHB6	c3
0.000747811098361242	0.354504072952827	0.167	0.158	1	DPP8	c3
2.99291235297079e-09	-0.354325347973476	0.045	0.066	0.000100376294493934	GRK5	c3
0.178145175271615	0.354324743283961	0.064	0.061	1	IFT43	c3
3.83856457987549e-17	-0.354056238224931	0.105	0.15	1.28737778879864e-12	BCL2	c3
0.0213377576264984	0.354041485047072	0.145	0.14	1	ARHGAP1	c3
0.191964640450583	0.354017289377202	0.066	0.063	1	TRMT61B	c3
0.842425502762083	0.353898045210042	0.024	0.024	1	DPH5	c3
0.81776688457913	0.353854062293287	0.049	0.049	1	RPE	c3
0.45936074017905	0.3536770628833	0.031	0.03	1	AP002490.1	c3
3.20898815800164e-18	-0.3536365468998	0.086	0.129	1.07623044843059e-13	FOXO1	c3
0.605455349657656	0.353562717934969	0.063	0.062	1	GTPBP10	c3
1.04847790563897e-21	-0.353554298248292	0.156	0.217	3.51638519993198e-17	SLC20A1	c3
5.85486641643367e-08	-0.353309150393391	0.021	0.035	0.00196360509874353	SH3BP2	c3
0.519511798191332	0.353162443210114	0.06	0.059	1	MEN1	c3
0.491225248375616	0.352870747455674	0.028	0.027	1	CASTOR2	c3
5.66158386349804e-05	-0.352752102211454	0.014	0.022	1	CARM1	c3
0.487669382772817	0.352691202565263	0.058	0.058	1	ST8SIA1	c3
0.000367426332118496	0.35266660128842	0.184	0.175	1	POP4	c3
1.88022688550943e-08	-0.352517320658915	0.037	0.055	0.000630590492862152	ATL2	c3
1.52865117529315e-36	-0.352198884969462	0.362	0.469	5.12679031169816e-32	DDX21	c3
9.86406928019287e-05	-0.352086819368399	0.008	0.015	1	HIST1H4F	c3
0.866095025470534	0.35200251212446	0.03	0.03	1	BDH1	c3
0.10580831401113	0.351891715745769	0.036	0.032	1	BBS9	c3
7.18601747375575e-05	-0.351773605653733	0.025	0.036	1	IGFBP2	c3
0.968299087483589	0.351751218008888	0.013	0.013	1	FUT10	c3
0.439156397442598	0.351678901281929	0.041	0.04	1	FAM214B	c3
0.000159684960473183	0.351676664914178	0.19	0.181	1	TRIM27	c3
0.574749618971893	0.351652278845133	0.065	0.064	1	HAUS6	c3
0.628225796753773	0.351542062646212	0.081	0.082	1	RMDN1	c3
0.50333509582346	0.351512624339623	0.036	0.034	1	NFS1	c3
0.825620116353638	0.351474937776884	0.037	0.037	1	BCDIN3D	c3
0.000175192950812473	0.351270157467732	0.165	0.153	1	ABTB1	c3
0.0824407008636723	0.351139347992908	0.095	0.091	1	KIAA2026	c3
0.00745365277691904	0.351114493343551	0.159	0.153	1	ZNF511	c3
2.65133836336611e-08	-0.35103701677849	0.063	0.086	0.000889205860305727	TIAM2	c3
0.652150985879559	0.350993808940847	0.046	0.049	1	NHLRC3	c3
1.65638703961323e-11	-0.350884468190308	0.068	0.097	5.55519085345484e-07	NR1D2	c3
1.20176741221299e-36	-0.35080474543381	0.298	0.402	4.03048754707993e-32	RNF114	c3
6.63741728431812e-28	-0.350715033567098	0.211	0.289	2.22605700881461e-23	MCUB	c3
0.0741144956472046	0.350340925527653	0.107	0.104	1	RNF14	c3
1.46853797765152e-11	-0.350336623829076	0.046	0.071	4.92518266944766e-07	FCMR	c3
0.187665112240249	0.350274177689278	0.014	0.012	1	COLGALT2	c3
0.985833794935585	0.350127299031217	0.04	0.04	1	GMPPA	c3
0.941654408163596	0.350070325847173	0.015	0.015	1	AC017083.2	c3
0.273835616773876	0.349933502458605	0.084	0.083	1	WAC-AS1	c3
5.20103887206878e-06	0.349658035919195	0.214	0.2	0.174432441691443	CORO1B	c3
0.851160518503701	0.349444616015847	0.019	0.02	1	TLDC1	c3
0.00763041632326583	-0.349350723109501	0.009	0.013	1	ACVR1	c3
0.0753824451537233	0.349343263834005	0.108	0.104	1	AC090152.1	c3
0.759615265198597	0.3492350006778	0.077	0.078	1	C1orf123	c3
0.780653643595572	0.34910894966889	0.017	0.016	1	SFT2D3	c3
0.0169515172622767	0.34908670043639	0.068	0.061	1	MARCH9	c3
0.000188256861378099	-0.348833304048146	0.008	0.014	1	GNB4	c3
0.0664760778030427	0.348755045447368	0.08	0.075	1	AP002387.2	c3
0.851729800627569	0.348641624395321	0.029	0.029	1	STK11IP	c3
4.41882652365837e-08	-0.348554143932617	0.023	0.037	0.00148198603950454	IFNLR1	c3
0.0067497442638232	-0.348292880569828	0.006	0.01	1	AL031963.3	c3
6.26740330419339e-05	0.348250542938292	0.204	0.193	1	TMEM126B	c3
0.0894600924300785	0.348088667876378	0.104	0.1	1	STX7	c3
0.652288880628639	0.348012310820644	0.012	0.011	1	MORC2	c3
0.863584985653712	0.347749082476401	0.01	0.01	1	DZANK1	c3
4.75587631520193e-20	-0.347707711655699	0.25	0.317	1.59502579859242e-15	AHR	c3
0.509034213711511	0.347701094252675	0.027	0.026	1	AC016065.1	c3
0.0553289442574025	0.347451507733469	0.049	0.044	1	PATZ1	c3
0.973389118237514	0.347411334896162	0.029	0.029	1	CETN3	c3
0.324356762356996	0.347274021981545	0.091	0.089	1	TJAP1	c3
1.50740240676498e-28	-0.347272781741675	0.25	0.336	5.05552619180839e-24	OAT	c3
0.0151311157444922	0.347189921167268	0.152	0.148	1	SSBP4	c3
0.738357060426552	0.347171676332602	0.061	0.062	1	ATR	c3
0.0225010255130998	0.34711078773777	0.1	0.093	1	ANAPC13	c3
0.0197060768229843	0.347051871067474	0.109	0.103	1	USF1	c3
0.159665009039333	0.346946957066069	0.062	0.059	1	MAP3K5	c3
1.46518279651283e-23	-0.346804339417788	0.268	0.346	4.91393006294473e-19	IRF7	c3
0.000211268551745179	-0.346652994807202	0.008	0.015	1	FGGY	c3
0.457466234263567	0.346483731769871	0.109	0.11	1	SCCPDH	c3
0.378292375584734	0.34646911878266	0.073	0.071	1	CPSF2	c3
0.605162805043279	0.346288990407992	0.027	0.028	1	POLE	c3
8.11604082877243e-08	-0.34627194189248	0.013	0.025	0.0027219577731537	BLM	c3
2.04250475963495e-49	-0.346255393303177	0.625	0.712	6.85015246286371e-45	PRDX1	c3
0.360169427690666	0.346087048883546	0.015	0.014	1	NADK2	c3
0.638398231964295	0.345899945513549	0.015	0.014	1	CDAN1	c3
0.711177474035091	0.345874122972201	0.02	0.019	1	SAMD10	c3
0.97819430306523	0.345846679670016	0.06	0.062	1	GTF2H3	c3
0.00228289905869836	0.345768928368827	0.16	0.152	1	MFNG	c3
6.90114526239975e-05	0.345742158285513	0.186	0.175	1	VPS72	c3
0.00420636758081923	0.345710435851048	0.14	0.132	1	ZRSR2	c3
0.86520151687402	0.345620838142321	0.05	0.05	1	C6orf203	c3
0.409516445794964	0.345549657080778	0.085	0.084	1	TAF1B	c3
4.55217719882376e-06	0.345538766070994	0.246	0.233	0.152670918894151	PPM1K	c3
0.000662009494922184	-0.345004902201326	0.014	0.02	1	TRBV7-6	c3
0.636023088037437	0.344982230507545	0.039	0.038	1	SEPHS1	c3
0.00010098367149694	0.344933095359521	0.244	0.235	1	GCHFR	c3
0.000790790179470283	0.344893501576336	0.18	0.173	1	GPS1	c3
0.281201504180464	0.344396431309904	0.056	0.054	1	MCOLN1	c3
0.000206868762735043	-0.34428960350045	0.011	0.018	1	WDR19	c3
0.740626226328904	0.344212299085576	0.021	0.022	1	MIATNB	c3
0.785427585135538	0.344182628439192	0.052	0.052	1	ZFYVE19	c3
0.33594435548056	0.344068713343608	0.052	0.05	1	ELMOD3	c3
0.0888596128773417	0.343975323183548	0.085	0.08	1	MYCBP	c3
0.790311073990621	0.343943914445038	0.081	0.083	1	OARD1	c3
0.604946838506583	0.343934578397619	0.039	0.038	1	ANKS3	c3
0.00142445645650679	-0.343894092212503	0.012	0.018	1	NKIRAS1	c3
0.127711743402122	0.343854260928981	0.089	0.086	1	ICE2	c3
0.380195149700162	0.343810936292455	0.063	0.062	1	NVL	c3
0.0721837381876741	0.343643369085106	0.106	0.102	1	KATNAL1	c3
0.249334800826688	0.343630490449111	0.067	0.064	1	TRIM52	c3
0.749847736910571	0.343469455104537	0.051	0.054	1	GLMP	c3
0.364817423828894	0.343333822051432	0.064	0.062	1	GALK2	c3
0.00820590868056225	0.343293662154535	0.151	0.144	1	UFSP2	c3
0.0279243895218272	0.343153852848752	0.135	0.13	1	EXOSC8	c3
0.743588541898741	0.343048738320696	0.013	0.014	1	PLEKHM3	c3
0.254230615411367	0.343027529493229	0.04	0.037	1	FASTKD3	c3
0.708356088567904	0.343015752602244	0.024	0.023	1	DNASE1	c3
0.00499366500511236	0.342982391180507	0.179	0.175	1	SAMM50	c3
0.602925498714618	0.342869384354873	0.061	0.061	1	NFIC	c3
0.493554258934665	0.342796904910908	0.033	0.032	1	HOMEZ	c3
0.993648047454394	0.342637866700019	0.037	0.038	1	TCTA	c3
0.748118329765663	0.342467402629043	0.009	0.01	1	FAM173B	c3
0.157705251416971	0.342272734492977	0.042	0.038	1	PLCD1	c3
0.00715795773766407	0.342258473022174	0.167	0.162	1	JAKMIP1	c3
1.5661064078454e-06	0.342161276067275	0.249	0.238	0.0525240767063192	NUDT5	c3
1.78586350719714e-17	-0.341949591106492	0.095	0.139	5.98942903043775e-13	B4GALT5	c3
3.30798764789265e-17	-0.341657559614612	0.188	0.246	1.10943289735024e-12	GRAMD1A	c3
1.35324070342394e-27	-0.341635308586821	0.235	0.317	4.53849867114322e-23	IMPDH2	c3
4.00826434325719e-10	-0.341511312719675	0.072	0.099	1.3442916954416e-05	BLVRB	c3
0.559641868030328	0.341466169361405	0.062	0.065	1	TMA16	c3
5.67027333892171e-13	-0.341286854393232	0.046	0.073	1.90169627240756e-08	N4BP2	c3
1.59041017789742e-52	-0.341277354048951	0.653	0.738	5.33391765463237e-48	GPX4	c3
0.87489222465451	0.341153575272492	0.027	0.027	1	UBA6-AS1	c3
0.618062118983793	0.341141732789647	0.036	0.038	1	TCF19	c3
0.12399088375033	0.341045488216619	0.049	0.045	1	ESRRA	c3
0.435576015775493	0.340862790379265	0.04	0.039	1	CCRL2	c3
0.0971908269201184	0.340855218256945	0.082	0.077	1	WASHC2A	c3
0.288453727634541	0.340725127184598	0.069	0.067	1	HDGFL2	c3
0.748497711445299	0.340566275387761	0.072	0.073	1	ZDHHC4	c3
0.878482244051146	0.340548572827473	0.06	0.061	1	SIGMAR1	c3
9.12890422819767e-13	-0.340387658748397	0.071	0.102	3.06165190005293e-08	PDE7A	c3
0.155620779819007	0.340245332147567	0.125	0.124	1	MPPE1	c3
0.731580025810398	0.340215470101585	0.023	0.023	1	MROH1	c3
0.839000599346452	0.340180266748082	0.066	0.069	1	RNF141	c3
0.475674151757053	0.34002688330022	0.02	0.021	1	LYPLAL1	c3
2.05851392189155e-06	-0.340010131702335	0.021	0.033	0.069038439912399	ZNF189	c3
0.0262620247670934	-0.339962310432427	0.008	0.011	1	TRBV6-2	c3
7.43605117806726e-28	-0.339954017419348	0.235	0.319	2.4939028441002e-23	BCAS2	c3
0.492235371391024	0.33988995146984	0.019	0.018	1	NOMO1	c3
0.822274310769233	0.339786870299643	0.053	0.054	1	KCTD18	c3
0.000164515632271177	0.339596037787748	0.208	0.199	1	PFDN6	c3
0.0812915558746426	0.339501986780646	0.024	0.028	1	KNL1	c3
2.01092513206323e-05	-0.33946296495812	0.015	0.024	0.674424070791365	FP565260.1	c3
0.614460263296944	0.339427585485035	0.06	0.059	1	BSCL2	c3
0.31852429029707	0.339353441520423	0.079	0.078	1	MFSD1	c3
5.86941823657629e-05	0.339302754204781	0.206	0.195	1	SP110	c3
9.59920636127993e-08	-0.339103477381233	0.033	0.049	0.00321938182944606	PPP2CB	c3
0.0030766324649762	0.339066610378514	0.174	0.167	1	DDX23	c3
8.71350105201784e-30	-0.339066388492327	0.264	0.356	2.92233398282574e-25	EIF4A1	c3
0.00013666554316348	0.338985717866312	0.211	0.202	1	CCDC88C	c3
0.0222537654322888	0.33897891509874	0.109	0.103	1	MED16	c3
0.214195198725183	0.338921180749232	0.079	0.077	1	SLF2	c3
1.60172512648653e-10	-0.338892704934276	0.038	0.059	5.37186572921052e-06	PANX1	c3
0.144904666730992	0.338679492764884	0.069	0.066	1	BRD3OS	c3
0.697341846138146	0.338675250708599	0.042	0.041	1	WDR3	c3
0.636360436743687	0.338573602501326	0.022	0.021	1	CACFD1	c3
0.679165981977348	0.338471951967055	0.101	0.103	1	ATIC	c3
0.285952328998401	0.338303511641896	0.12	0.121	1	HDDC2	c3
2.3185057385914e-24	-0.338302997866125	0.133	0.195	7.77580454608783e-20	ELMO1	c3
0.124409760456636	0.338249131770994	0.109	0.107	1	PPP2R5D	c3
2.12006734031411e-12	-0.33799781256442	0.056	0.085	7.11028184594548e-08	PLAGL2	c3
0.596935475735371	0.337956785416578	0.046	0.045	1	SLC35A5	c3
1.23155400221757e-30	-0.337825801630178	0.356	0.457	4.13038581263727e-26	G3BP2	c3
0.133405557859427	0.337505387161485	0.126	0.125	1	TRAFD1	c3
2.60142095720715e-23	-0.337489659993021	0.173	0.238	8.72464560628135e-19	MAP1LC3A	c3
0.0670055169387948	0.3372942092461	0.089	0.084	1	KIAA0513	c3
0.000550655887572372	0.337262172030956	0.179	0.169	1	APBA3	c3
0.853876578715894	0.337226366072041	0.021	0.021	1	FAM216A	c3
0.8694806193261	0.337131892219991	0.053	0.054	1	RITA1	c3
0.994731690093628	0.337044902830691	0.035	0.035	1	PUDP	c3
0.033986597638714	0.337026397325327	0.178	0.177	1	GIT2	c3
0.524214533050226	0.336960842615745	0.071	0.07	1	RPS6KA4	c3
0.00483823702269974	-0.336953413047102	0.01	0.015	1	ACAD11	c3
0.00340993553536116	-0.33689734273025	0.007	0.012	1	CDC42EP2	c3
8.46721325650373e-20	-0.336865721654954	0.185	0.245	2.83973398196622e-15	APLP2	c3
0.863012623105403	0.33683773401441	0.028	0.029	1	TBCK	c3
8.35108933123772e-05	0.336805364818133	0.22	0.209	1	SYNE1	c3
0.500021263326812	0.336725689260239	0.035	0.033	1	DGLUCY	c3
0.749172935678869	0.336694325575435	0.033	0.033	1	MTERF1	c3
0.769246431939004	0.336538639136539	0.024	0.023	1	NCKIPSD	c3
0.48401489117424	0.336537500521423	0.093	0.094	1	PYM1	c3
3.68419717095936e-16	-0.33647239207402	0.052	0.084	1.23560604719635e-11	GLB1	c3
0.291341358390496	0.336051675955594	0.049	0.047	1	KAT2B	c3
0.547190355311755	0.335985804858782	0.044	0.043	1	SMYD4	c3
0.654307297297476	0.335981305994326	0.052	0.054	1	SHLD1	c3
1.15829163392422e-05	-0.335900957797754	0.013	0.022	0.388467848185506	ADO	c3
2.5978201721805e-19	-0.335874721475644	0.128	0.18	8.71256929345895e-15	TGIF2	c3
4.4344014221882e-29	-0.335855732765721	0.233	0.32	1.48720954897348e-24	MORF4L2	c3
1.00517458953766e-17	-0.335744481669121	0.109	0.156	3.37115453839139e-13	SUPV3L1	c3
0.395972315710154	0.335732301659277	0.032	0.03	1	ZNF18	c3
0.842919489346837	0.335717456856259	0.032	0.032	1	ATP23	c3
0.618641656900181	0.335672464480112	0.031	0.032	1	ZSCAN21	c3
0.621795074250098	0.335628569088206	0.058	0.058	1	CEP250	c3
0.440520762419915	0.335521032217176	0.014	0.015	1	AP002748.3	c3
0.360953017434151	0.335463495006427	0.103	0.104	1	COASY	c3
0.861363272342296	0.335262816967635	0.099	0.102	1	LINC00649	c3
0.691988041102479	0.335259420700553	0.014	0.015	1	FBXL8	c3
0.901166117897799	0.335256069746075	0.011	0.011	1	ENTPD5	c3
0.896193622998426	0.33508344445706	0.025	0.026	1	AGBL5	c3
0.284362403364847	0.335059896454971	0.126	0.127	1	MIF4GD	c3
2.26720750770063e-34	-0.334929073417198	0.653	0.734	7.60376053932637e-30	BRD2	c3
5.09440166962405e-28	-0.334916024905002	0.305	0.397	1.70856043195852e-23	ATF4	c3
0.305359790004314	0.334829299049657	0.08	0.078	1	WASHC5	c3
0.832370813355481	0.33481893299268	0.029	0.03	1	MSH3	c3
0.993371669611605	0.334760842609693	0.022	0.022	1	SLC22A18	c3
0.874973197680903	0.33471753229832	0.049	0.05	1	MOV10	c3
2.83054824906332e-07	-0.33462605932935	0.017	0.029	0.00949309271770857	PLAGL1	c3
0.298598021223822	0.334613245701188	0.088	0.086	1	DNAJA3	c3
1.36539543297651e-14	-0.334425840753013	0.318	0.377	4.57926320311661e-10	TAGAP	c3
3.10921684613041e-05	0.33437247995434	0.141	0.125	1	DTHD1	c3
6.60580250555057e-32	-0.33436120268051	0.33	0.429	2.21545404431155e-27	CHD2	c3
0.391736408925457	0.334327177401722	0.081	0.08	1	TRIM56	c3
3.17883206831197e-29	-0.334243540856194	0.526	0.605	1.06611669907047e-24	NDUFV2	c3
0.000977085411844175	0.334169010822722	0.18	0.171	1	TCAF2	c3
0.347835256130603	0.334123725137788	0.055	0.053	1	HMG20A	c3
0.74099148243822	0.33411708213941	0.015	0.015	1	ZNF605	c3
6.99684980599326e-07	-0.334102124534012	0.027	0.04	0.0234660348793402	IPMK	c3
0.426791233549273	0.334043549139516	0.028	0.026	1	C2CD2L	c3
0.86522405946913	0.33399417263773	0.011	0.011	1	SYCP2	c3
0.716413941408479	0.33391253588534	0.018	0.019	1	PDSS2	c3
0.000156121432893503	0.333896763075483	0.221	0.214	1	PPCS	c3
0.524933658749188	0.333828106072565	0.035	0.034	1	SLC39A3	c3
0.141991363339497	0.33381691605786	0.061	0.057	1	DOPEY1	c3
0.816877448249606	0.333737066919141	0.045	0.045	1	IPO13	c3
0.73194996054029	0.333636558323021	0.043	0.043	1	RAD54L2	c3
0.0164242835855095	-0.333406255518918	0.011	0.015	1	TPRG1	c3
0.165614658118956	0.333255506340667	0.036	0.033	1	ZNF701	c3
3.38403245365952e-24	-0.333217962720386	0.191	0.264	1.13493680430833e-19	ZPR1	c3
0.602541945176277	0.333187266907771	0.03	0.029	1	ZNF609	c3
0.678545049642428	0.333110114903524	0.031	0.033	1	RFT1	c3
0.932733944478267	0.333103170843013	0.045	0.046	1	TTC31	c3
0.651157340232998	0.33302010268142	0.022	0.023	1	APOLD1	c3
0.842183781644948	0.333015447774872	0.047	0.047	1	SLC25A14	c3
0.000656326395636785	0.332995171241491	0.177	0.167	1	BRD3	c3
2.43913766618557e-06	-0.332919076673594	0.028	0.042	0.0818037990485315	RXRA	c3
0.977200682961164	0.332852376218798	0.026	0.026	1	LGALS3BP	c3
0.972137677674049	0.332608576695363	0.037	0.037	1	RTP4	c3
1.09770607696335e-20	-0.332448313710399	0.147	0.206	3.68148664091967e-16	ARMCX3	c3
0.264189237196122	0.332412317539873	0.082	0.08	1	PPIL2	c3
0.886852894405831	0.332381926544772	0.012	0.012	1	NLK	c3
0.45339870348949	0.332301783822162	0.015	0.014	1	C3orf62	c3
0.00414224025547612	-0.332191475341313	0.011	0.015	1	CDKN2B	c3
0.00100036675326571	0.331924931201918	0.189	0.182	1	COQ4	c3
0.00122786804356206	-0.331897335365142	0.009	0.015	1	SAV1	c3
0.233378336543232	0.331879448145565	0.069	0.066	1	UNKL	c3
0.238681656366114	0.331726281261271	0.114	0.113	1	INTS14	c3
0.000774274059989003	-0.331557663712156	0.007	0.012	1	MCM8	c3
0.8857114513278	0.331342944628188	0.012	0.011	1	AL365205.1	c3
0.0290997676021048	0.331305363750212	0.098	0.092	1	COMMD7	c3
0.871483173541899	0.331291327358676	0.027	0.027	1	AP3S2	c3
0.912625343848079	0.331235299397237	0.063	0.065	1	LANCL1	c3
0.757571261856324	0.331190432872625	0.023	0.023	1	ZNF500	c3
0.261624814372464	0.33092752415321	0.021	0.024	1	LDAH	c3
0.904119026207164	0.330921335744633	0.01	0.01	1	NAGLU	c3
6.45547801722564e-20	-0.330919838352919	0.114	0.165	2.16503821741714e-15	YWHAG	c3
0.0458753431494591	0.330677471786795	0.14	0.136	1	ARL1	c3
0.791848818801678	0.330312514619497	0.036	0.037	1	NDUFAF1	c3
0.116793288684067	0.330279338683042	0.078	0.074	1	MRGBP	c3
1.61015592043489e-10	-0.330148730575386	0.047	0.07	5.40014092595453e-06	SEH1L	c3
0.731711902347918	0.330115204460289	0.021	0.022	1	PRICKLE3	c3
0.309283164621574	0.330077143484698	0.027	0.03	1	GAMT	c3
0.00147392361704886	0.32983517399567	0.147	0.137	1	LIN37	c3
0.000740574511123627	0.329655253959265	0.195	0.187	1	RNF220	c3
0.423470200935256	0.329577538586386	0.068	0.067	1	CDK10	c3
0.862840617580331	0.329542864422808	0.021	0.02	1	METTL25	c3
8.38527138972708e-08	-0.329521174321728	0.015	0.027	0.00281225231868667	GGH	c3
0.50230354935795	0.32951415314392	0.018	0.017	1	SLC35A1	c3
0.0814468405936129	0.329263195096009	0.135	0.133	1	LYRM2	c3
0.0743194007909087	0.328958292002656	0.107	0.103	1	DUSP23	c3
0.525505584282529	0.328928931195571	0.051	0.05	1	POLR3A	c3
0.00941375103110173	0.328851501921188	0.167	0.162	1	PAGR1	c3
2.07169176642168e-10	-0.328810432703577	0.036	0.057	6.94803984622503e-06	DOT1L	c3
5.4515410326624e-14	-0.328766667229738	0.111	0.151	1.82833783153431e-09	P2RY8	c3
0.315874774462888	0.328722708227289	0.081	0.079	1	GTF2IRD2B	c3
5.78754353874712e-09	-0.328719841317048	0.031	0.049	0.000194102635202501	ANKS1B	c3
0.0441302838694985	0.328688440064375	0.087	0.081	1	DCP1B	c3
0.000175432554955964	0.328655569858722	0.173	0.161	1	SLC2A8	c3
0.405002723941142	0.328472028674597	0.03	0.033	1	SARS2	c3
0.128244204564877	0.328462162113523	0.084	0.08	1	ZFP90	c3
0.956535892298803	0.328359515330573	0.024	0.024	1	RGL2	c3
0.000130913619357466	-0.328313234483618	0.018	0.027	1	REPIN1	c3
0.139081806387518	0.328210739406639	0.103	0.1	1	MUS81	c3
0.14443223273017	0.328198446013939	0.1	0.097	1	TRPV2	c3
0.105924580960564	0.328112446229996	0.082	0.078	1	PEX19	c3
0.560535025454769	0.328108002524402	0.028	0.03	1	CEP128	c3
1.3255971607822e-16	-0.327995915457899	0.068	0.105	4.44578775783135e-12	NCAPH	c3
0.825843427216453	0.327963205433938	0.053	0.054	1	GID4	c3
0.102001831204497	0.327776877095628	0.158	0.159	1	UBE2V2	c3
0.610125178173425	0.327689647524243	0.009	0.01	1	AC010618.3	c3
0.711444598199525	0.327440078493813	0.096	0.099	1	FAM192A	c3
0.0164737734201487	0.327432795689485	0.12	0.113	1	PYGO2	c3
0.357119494944964	0.327417685051324	0.072	0.07	1	IFNAR2	c3
0.927038499951399	0.327219247907852	0.021	0.021	1	VMAC	c3
2.18136885866331e-09	-0.327206315366996	0.571	0.618	7.315874878185e-05	JUN	c3
0.00405339948759434	0.327196529080726	0.18	0.174	1	METTL23	c3
0.279452305010833	0.327135305902133	0.046	0.043	1	HERC6	c3
0.00244834832754454	0.327133770742344	0.184	0.179	1	RPA2	c3
0.00314384895425018	-0.327088091783498	0.009	0.013	1	C5orf34	c3
0.158886443354432	-0.326996119411674	0.26	0.254	1	IFNG	c3
0.580809126054017	0.326838417320338	0.035	0.033	1	ZMYM3	c3
0.868034213118834	0.326835136076681	0.015	0.015	1	GSEC	c3
0.617016996113279	0.326794362331894	0.01	0.011	1	GM2A	c3
5.2991064255795e-47	-0.326751529757314	0.531	0.65	1.77721431301085e-42	BZW1	c3
0.534392898051615	0.32672070716042	0.019	0.02	1	ERCC8	c3
3.98676518102771e-33	-0.326622006152979	0.439	0.533	1.33708130641307e-28	TNFRSF1B	c3
0.0262279413472722	-0.326572829409571	0.011	0.014	1	MAP3K9	c3
0.4072253303467	0.326467908201836	0.012	0.01	1	TRBV10-3	c3
8.9142316194132e-07	-0.326231129337093	0.045	0.061	0.029896550005188	AUTS2	c3
0.697348794884591	0.326210068605751	0.017	0.018	1	CCHCR1	c3
0.758202947768535	0.326072766643691	0.079	0.08	1	COA5	c3
0.200470446947984	0.325967252264104	0.101	0.1	1	HERC4	c3
5.80221344486597e-08	-0.325847800630961	0.033	0.05	0.00194594634513915	PIK3CA	c3
0.721757367235569	0.325840630733475	0.012	0.011	1	PCCA	c3
3.47874023216383e-05	-0.325734253812115	0.022	0.032	1	HSPA14	c3
0.376587786373875	0.325713797306008	0.02	0.022	1	SGO2	c3
0.550347476679226	0.325618655196826	0.093	0.093	1	P4HTM	c3
0.409350828488594	0.325533888456481	0.116	0.118	1	GEMIN7	c3
0.98253775769425	0.325480100313677	0.025	0.025	1	ABHD11	c3
0.000787158959254803	0.325410983571231	0.142	0.131	1	SAMHD1	c3
0.912753392366223	0.325358460397022	0.02	0.02	1	MTMR8	c3
0.607383158270882	0.325223241685934	0.033	0.032	1	CD244	c3
0.504751540217991	0.32511757784627	0.065	0.064	1	ZNF302	c3
0.687285881955641	0.325078195894402	0.021	0.02	1	PWP2	c3
5.93981075522783e-05	0.324965251461445	0.165	0.151	1	C16orf54	c3
0.839612566680126	0.324933962787308	0.038	0.039	1	TAF6L	c3
0.867750968426718	0.324877160454718	0.037	0.037	1	ZNF526	c3
0.38141188098295	0.324792116302217	0.103	0.103	1	IBTK	c3
0.795678477861714	0.324561234546124	0.082	0.086	1	PDZD11	c3
1.33021594103701e-12	-0.324411960993697	0.052	0.08	4.46127822304993e-08	NUCB2	c3
0.101743072940682	0.324265406157968	0.082	0.077	1	DGCR2	c3
2.45333957681925e-26	-0.324259781392246	0.358	0.445	8.22801027273641e-22	IVNS1ABP	c3
0.199563851821837	0.32416833761231	0.078	0.076	1	HDHD5	c3
0.864088039093579	0.32401272656679	0.042	0.042	1	ERI1	c3
0.833886936844894	0.323949747381447	0.029	0.029	1	RTL10	c3
0.197829179237954	0.323873208148575	0.09	0.087	1	PTGES2	c3
0.00489843634676986	-0.323803888540741	0.006	0.01	1	ZNF529-AS1	c3
0.834780792653997	0.323734859561383	0.045	0.045	1	BICD1	c3
0.00102929278417625	-0.323708747715097	0.02	0.028	1	KLF11	c3
0.149696687140362	0.323558878735622	0.121	0.119	1	PCID2	c3
0.570616120080031	0.323543625348714	0.03	0.029	1	LMAN2L	c3
0.00889541253400594	-0.323531640122994	0.012	0.017	1	FGFBP2	c3
0.734510630109991	0.323505351500648	0.012	0.012	1	ATP10A	c3
0.234833209405482	0.323485789122152	0.032	0.036	1	FAHD2A	c3
0.446943894696945	0.323449450704722	0.041	0.039	1	AGO1	c3
0.122532906029829	0.323408018548438	0.124	0.122	1	UQCC2	c3
3.6435361408278e-08	-0.323213070597913	0.04	0.059	0.00122196915091083	CD80	c3
0.00190067287064491	-0.323205909918702	0.012	0.018	1	GOLM1	c3
0.899552866893176	0.323169860007126	0.097	0.101	1	UROD	c3
2.82418741318673e-13	-0.323078269278624	0.066	0.098	9.47175974634565e-09	GMDS	c3
0.633148306588608	0.323078168652561	0.009	0.01	1	ZNF90	c3
0.952385006126419	0.323061477677994	0.025	0.025	1	C2orf76	c3
0.228313741221726	0.323045405640738	0.13	0.13	1	MRPS11	c3
0.325624067346546	0.322965146892444	0.08	0.078	1	RABGGTA	c3
0.624011321912433	0.322924862167552	0.035	0.035	1	FAM8A1	c3
2.07965468783227e-31	-0.322922049773286	0.325	0.426	6.97474589205185e-27	TOP1	c3
2.26101238080964e-21	-0.322921006445318	0.156	0.218	7.58298332275939e-17	STAM	c3
0.0303840551625394	0.322894229361637	0.134	0.129	1	PEX11B	c3
0.365381393164031	0.322747135731305	0.055	0.053	1	BICRAL	c3
0.000588767108974411	0.32251036483688	0.169	0.158	1	E4F1	c3
0.238964126644579	0.322085077532126	0.083	0.081	1	SURF6	c3
0.782089802327015	0.322042823743552	0.013	0.014	1	PRH1	c3
5.29261205660428e-32	-0.321976435119547	0.289	0.386	1.77503623154394e-27	DNAJC1	c3
0.182822559704392	0.321966985814335	0.055	0.052	1	MOB3C	c3
0.309067266148481	0.321873053957535	0.027	0.025	1	MMP25-AS1	c3
4.92236563290908e-34	-0.3217985589399	0.477	0.582	1.65086298596505e-29	GLUD1	c3
0.953019009905976	0.321775896103364	0.017	0.017	1	DARS2	c3
0.145326808286354	0.321709784034416	0.106	0.103	1	ZNF33A	c3
1.17310061441226e-14	-0.321634912036551	0.114	0.156	3.93434484061583e-10	ERO1B	c3
0.643133872650246	0.321439050904196	0.027	0.026	1	ZNF181	c3
0.00174378562187658	0.321385413057727	0.179	0.171	1	SLC25A24	c3
0.00138381785960027	0.321293842612738	0.192	0.185	1	FBXL5	c3
0.00291595356884045	0.321196243455264	0.185	0.179	1	HSPB11	c3
4.34401573804563e-11	-0.321186769444698	0.045	0.069	1.45689599822574e-06	NUDT15	c3
0.378990778980073	0.321100441070123	0.053	0.051	1	LZTFL1	c3
0.991201126930348	0.321085424470681	0.014	0.014	1	ENGASE	c3
1.17123823016861e-08	-0.32103983470691	0.033	0.05	0.000392809877633949	MMD	c3
1.24718326362303e-20	-0.321003182041554	0.125	0.18	4.18280322953893e-16	HIVEP1	c3
0.998977443305027	0.320777852306271	0.024	0.024	1	BORA	c3
0.806879141334394	0.320603007807587	0.04	0.039	1	ATAT1	c3
0.000541387646277672	-0.320592652308876	0.009	0.015	1	CLIP3	c3
0.45586935719628	0.320520532073093	0.088	0.088	1	APOBEC3F	c3
0.755972261701168	0.32041208713648	0.083	0.084	1	RNF20	c3
0.717266877320673	0.320330519729074	0.012	0.013	1	MINCR	c3
0.735659309669491	0.320319400657574	0.062	0.062	1	IVD	c3
4.79295355779229e-09	-0.320268322652931	0.041	0.061	0.000160746076421238	SPAG1	c3
5.40765294749716e-06	-0.319949428106127	0.028	0.041	0.18136186455316	SPAG4	c3
0.0376360855099228	0.319772087009945	0.151	0.148	1	WRAP73	c3
0.70117381141225	0.319528947819252	0.015	0.016	1	FBXW8	c3
5.0668854123991e-19	-0.319478330951927	0.162	0.221	1.69933202961041e-14	NSMCE3	c3
0.089414288379668	0.319444816200877	0.104	0.099	1	PCYT2	c3
0.914741139542464	0.319231917217405	0.01	0.01	1	RAD52	c3
1.24871116669793e-07	-0.319030809412618	0.019	0.032	0.00418792751087151	CEP152	c3
2.67594529397559e-06	-0.318943271237266	0.028	0.041	0.0897458532693535	LPP	c3
0.382377635358968	0.318888796776566	0.085	0.084	1	MMS19	c3
0.0031768854004689	0.318506914918399	0.189	0.184	1	ORMDL3	c3
8.67823086560051e-24	-0.318479905558759	0.191	0.263	2.9105050677051e-19	AFF4	c3
0.00312436884492577	-0.318392908934205	0.009	0.013	1	AC009961.1	c3
0.358754801565605	0.318279731520432	0.051	0.049	1	CDKN2C	c3
9.69867529961735e-07	-0.318100024517001	0.03	0.044	0.0325274172198567	RAPGEF2	c3
0.110837985733677	0.318070892741211	0.085	0.081	1	L3MBTL2	c3
2.85059682075027e-06	0.317987190574092	0.275	0.267	0.0956033161743227	MRPL36	c3
0.725003510193352	0.317862715706108	0.028	0.029	1	TMEM94	c3
0.952271719791424	0.317810185478977	0.071	0.073	1	KLHL9	c3
3.15551990471729e-05	-0.317698695821142	0.017	0.026	1	ABL1	c3
0.279158657641429	0.317678255776747	0.078	0.076	1	EXOSC5	c3
7.83174884060875e-08	-0.317664996012663	0.032	0.048	0.00262661192616336	HIST2H2AC	c3
0.0259715671601997	0.317558032948117	0.154	0.15	1	CAPN1	c3
0.30604415899396	0.317193886035119	0.055	0.052	1	THAP5	c3
0.0155523026675813	0.317151479136793	0.134	0.128	1	MARK2	c3
2.2183900025174e-09	-0.317145148391179	0.045	0.067	7.44003639044285e-05	GALC	c3
5.39446269582545e-09	-0.317086708237583	0.036	0.055	0.000180919489892594	ATG14	c3
0.721242056468534	0.316974561120006	0.104	0.107	1	KYAT3	c3
1.99820650393653e-30	-0.316970240007454	0.488	0.576	6.70158497290232e-26	STK17B	c3
6.36154775923372e-23	-0.316951893134948	0.169	0.235	2.13353588749181e-18	GTF3C1	c3
3.37223041887044e-19	-0.316721170198864	0.163	0.221	1.13097863788077e-14	MKNK2	c3
2.1252037584904e-18	-0.316719907407901	0.116	0.166	7.1275083652251e-14	RPS6KB1	c3
2.44228411216251e-18	-0.316719515132549	0.127	0.178	8.19093245537062e-14	CSGALNACT2	c3
0.000280212828751652	-0.316635683342483	0.024	0.034	1	TMEM38B	c3
0.885974133112241	0.316556188278651	0.127	0.133	1	YIF1B	c3
0.0364564144621704	0.316535894428399	0.139	0.135	1	CSTF1	c3
0.863525053710009	0.316460539163117	0.013	0.013	1	KRBA2	c3
0.872308745215524	0.316430083200932	0.069	0.07	1	MRPS28	c3
0.848197489376996	0.316383458613333	0.026	0.025	1	SEC22A	c3
0.90945275738922	0.316341287380452	0.023	0.023	1	CASD1	c3
0.318109118408759	0.316271230508166	0.036	0.033	1	ZNF646	c3
0.025257037834714	0.316185737135227	0.122	0.115	1	LINC00623	c3
0.837786689993909	0.316169911364174	0.025	0.026	1	SMUG1	c3
0.0305322572817833	0.316159602862	0.146	0.142	1	CNDP2	c3
0.749381206275613	0.316123018565195	0.023	0.023	1	BLOC1S3	c3
0.772213255787035	0.316072976152183	0.041	0.041	1	ZFP64	c3
0.245026250758689	0.316027813613265	0.11	0.109	1	THOC6	c3
0.000788236253083276	0.315992231758493	0.201	0.194	1	CFDP1	c3
3.02952303552599e-22	-0.315956189385463	0.179	0.246	1.01604143565471e-17	BACH1	c3
3.02000401573825e-39	-0.315934448054109	0.528	0.621	1.01284894679829e-34	SRSF3	c3
0.711768704151853	0.315692297497692	0.074	0.075	1	RHOT1	c3
0.990045819191198	0.315623378138535	0.061	0.063	1	HLA-DMB	c3
0.838977493167497	0.31561321769577	0.035	0.034	1	POLG2	c3
0.22777952216301	0.315488244649979	0.087	0.084	1	CEP290	c3
0.82112349974348	0.315480440590307	0.044	0.045	1	SNUPN	c3
0.0336257534580737	0.315452052678989	0.115	0.11	1	RCOR3	c3
0.000421312765765323	-0.315446113338	0.01	0.016	1	PRDM15	c3
0.328007363461524	0.31528194031594	0.101	0.101	1	NME6	c3
0.807904916423806	0.315143200482406	0.02	0.02	1	ZNF512	c3
0.781090784232009	0.315063006442855	0.044	0.044	1	METTL18	c3
3.67374423064868e-05	0.314830813948235	0.247	0.239	1	RECQL	c3
0.1381395822602	0.314790910268602	0.142	0.141	1	SNRNP35	c3
2.12396281996567e-06	-0.314771297335962	0.029	0.042	0.0712334650560087	TCEAL3	c3
0.577544445667123	0.314643636842407	0.014	0.014	1	GDF11	c3
4.95624371001184e-10	-0.314640377748605	0.038	0.059	1.66222501546377e-05	B4GALT4	c3
0.212365161656761	0.31456160506641	0.13	0.13	1	GPAA1	c3
0.000555767177713812	0.314443487871301	0.198	0.189	1	ZBTB8OS	c3
0.611554361085912	0.314375031720556	0.032	0.033	1	FMC1	c3
0.00538490136809497	-0.314316730104455	0.007	0.011	1	ZNF814	c3
0.442610058385656	0.314296040910863	0.091	0.09	1	NMRAL1	c3
0.796341726804053	0.314176152063689	0.04	0.039	1	STAM2	c3
0.264286744978613	0.314119698699064	0.061	0.059	1	TBC1D13	c3
5.46478153689997e-28	-0.314066590094727	0.492	0.582	1.83277843184551e-23	CYCS	c3
2.04868298065382e-05	-0.313962160318559	0.021	0.032	0.687087298051677	ISYNA1	c3
0.0226686909897237	0.313879597593208	0.156	0.152	1	FADD	c3
0.664939529675448	0.313659040721513	0.057	0.057	1	WDR73	c3
9.01462327875887e-06	0.313650136447739	0.252	0.242	0.302332435523015	UBR2	c3
0.351435196701235	0.313622125123818	0.088	0.086	1	DTD1	c3
0.673968883902931	0.313469815221099	0.015	0.016	1	ZNF341	c3
0.799169966832474	0.313406587007136	0.058	0.059	1	TIMM21	c3
0.440143790909562	0.313397960900328	0.048	0.047	1	THAP6	c3
0.000347731189549142	-0.313390941248447	0.018	0.026	1	PAQR3	c3
0.039374743202819	0.313311690371726	0.15	0.146	1	PHC3	c3
0.958727091934289	0.313293871926215	0.021	0.021	1	DGKQ	c3
0.781958453769381	0.313157135261973	0.073	0.074	1	FLYWCH2	c3
0.528196097961035	0.312951845112122	0.049	0.048	1	DROSHA	c3
4.08772204750359e-19	-0.312756623501298	0.174	0.233	1.37094022029176e-14	CPD	c3
6.06537402287796e-17	-0.312750696577101	0.089	0.131	2.03420513979281e-12	PTS	c3
0.810841114356398	0.312624086650043	0.014	0.014	1	MIR9-3HG	c3
0.708816142446355	0.312503742488563	0.021	0.021	1	TIRAP	c3
0.711217318765432	0.31229499270254	0.078	0.079	1	XPOT	c3
0.310415702502352	0.312292206684581	0.089	0.088	1	NUP85	c3
0.524423723254813	0.312251202259226	0.032	0.031	1	ATP8B2	c3
0.406738100441852	0.312065545317866	0.036	0.034	1	WDR7	c3
0.253620705219805	0.312029468918112	0.128	0.129	1	PMM1	c3
0.424886918550386	0.31191112907237	0.112	0.112	1	UCHL5	c3
0.808721092802624	0.311782206499198	0.056	0.058	1	SNX10	c3
0.0687922765212305	0.311781804223303	0.073	0.068	1	HNRNPUL2	c3
1.1677354057945e-10	-0.311769865122433	0.044	0.067	3.9163510039536e-06	E2F6	c3
1.62423271916785e-05	0.311715416537003	0.239	0.229	0.544735169354513	FERMT3	c3
6.76351894221119e-06	-0.311658261311507	0.03	0.043	0.226834898283879	CHI3L2	c3
0.266703942776083	0.311629858858788	0.084	0.082	1	LPGAT1	c3
0.497473249040128	0.311612783999526	0.078	0.077	1	ZNF766	c3
0.124847469901287	0.311578535156565	0.038	0.034	1	INPPL1	c3
0.756464433353803	0.311475988720725	0.01	0.009	1	ZKSCAN2	c3
0.717752480253627	0.311411510601268	0.102	0.108	1	TRPT1	c3
0.184582198568346	0.31122400921688	0.019	0.016	1	DDX43	c3
0.000906519094148844	-0.311009804054324	0.012	0.018	1	C1orf54	c3
0.956330822445195	0.310971139687751	0.05	0.051	1	POC1B	c3
5.72179522279514e-10	-0.310806250929807	0.063	0.088	1.91897568182104e-05	CHPT1	c3
0.187315244192178	0.310724242923445	0.121	0.12	1	PARVG	c3
3.33743167745838e-07	-0.310608326637577	0.053	0.072	0.0111930783598599	CD9	c3
1.02920896061017e-05	0.310530262361852	0.259	0.248	0.34517610120944	RASGRP1	c3
1.1084392995702e-15	-0.310449005395569	0.1	0.142	3.71748372289855e-11	SLC7A6	c3
0.866146791748344	0.310016068377057	0.036	0.036	1	ATG7	c3
0.000132831016731188	-0.3099933490089	0.016	0.024	1	TMEM163	c3
7.12197699205275e-05	-0.309889531703186	0.028	0.038	1	HIST2H2AA4	c3
0.503428375687424	0.30985817257817	0.04	0.039	1	MCM9	c3
0.678998220537592	0.309698413825333	0.043	0.045	1	AGPAT1	c3
9.95639670417715e-07	-0.309688336934919	0.033	0.047	0.0333917632664693	CERS4	c3
0.140540810095281	0.309470519696529	0.151	0.151	1	TPGS2	c3
0.757887545263982	0.309351598039082	0.011	0.012	1	SAP25	c3
2.87001888864167e-16	-0.309310689488224	0.158	0.21	9.62546934872643e-12	TNFAIP8	c3
0.785756855115654	0.309301777932143	0.009	0.01	1	C1orf74	c3
0.336497992772877	0.309234598424748	0.108	0.108	1	MTR	c3
2.67080386899915e-13	-0.30891911379869	0.288	0.351	8.95734201584935e-09	AHSA1	c3
0.184984372500195	0.308891067294469	0.125	0.125	1	BCAS4	c3
0.360260976274284	0.308828291380276	0.095	0.095	1	ZNF688	c3
0.461584719660594	0.308504172611596	0.065	0.064	1	DPYD	c3
0.418293371446223	0.30842319460214	0.056	0.055	1	PARP16	c3
0.910281116542053	0.308386760725287	0.119	0.125	1	DECR1	c3
0.832663107362886	0.308378106402957	0.044	0.044	1	SCAPER	c3
0.869171657916308	0.30835182062293	0.057	0.057	1	YIPF1	c3
0.788861399870744	0.308228174612178	0.011	0.011	1	ZNF354C	c3
0.973076075673004	0.308074594726259	0.051	0.052	1	ERGIC1	c3
0.852387736622017	0.30799238020148	0.086	0.088	1	PEX2	c3
4.58048301792065e-08	-0.307985461236761	0.028	0.044	0.00153620239455023	GRN	c3
0.836092619333106	0.307958185097422	0.044	0.044	1	URGCP	c3
0.666831843678411	0.307775346726694	0.011	0.011	1	VPS9D1	c3
0.927367864963944	0.307693560385649	0.025	0.025	1	SWT1	c3
0.913060731529605	0.307642159181428	0.01	0.01	1	AC092329.3	c3
0.59300006175723	0.30748704264034	0.043	0.045	1	AC017002.3	c3
0.0011190313397667	-0.307476509698742	0.026	0.035	1	TRBV29-1	c3
0.346119108309989	0.30745590960569	0.065	0.063	1	TNFAIP8L1	c3
0.0604609279660208	0.307432948722939	0.12	0.116	1	DPH7	c3
0.82452137983982	0.30743021056806	0.078	0.08	1	CD320	c3
6.12087508241315e-35	-0.307307502495688	0.511	0.609	2.05281908513972e-30	FAM107B	c3
1.01384015471552e-39	-0.307291163088449	0.992	0.992	3.40021711088492e-35	ACTB	c3
1.1013229606242e-06	-0.307261946077265	0.036	0.051	0.0369361694534144	RNF19B	c3
4.72687376149577e-06	-0.307231861324837	0.037	0.051	0.158529892213045	AC010616.1	c3
0.47008580437081	0.307172206623787	0.018	0.02	1	KBTBD6	c3
0.690587441177539	0.307111304554426	0.011	0.012	1	ZBTB37	c3
7.01780040241929e-13	-0.307069603469753	0.094	0.13	2.35362989896338e-08	MXRA7	c3
0.4542467843596	0.307014367186239	0.101	0.101	1	ATE1	c3
0.326142016699643	0.306911675832584	0.133	0.134	1	MARF1	c3
0.722160309437116	0.306897805533521	0.026	0.027	1	RAB37	c3
0.505901299445951	0.306891079304332	0.104	0.104	1	ST6GALNAC4	c3
0.565367275495982	0.306889167753894	0.028	0.027	1	RBM12B	c3
0.0194134917911298	-0.306704373024607	0.007	0.01	1	IL18BP	c3
0.673439710007677	0.306632481834561	0.052	0.055	1	ERI3	c3
0.305436387663189	0.306546163533905	0.088	0.087	1	DGKE	c3
1.5089359857363e-31	-0.306492070414801	0.575	0.661	5.06066950896242e-27	PPP1R2	c3
0.220066046601165	0.30642010430852	0.082	0.08	1	PDS5B	c3
0.000311945779816278	-0.306406725518746	0.017	0.025	1	THEMIS2	c3
0.00444770865319913	-0.306346973908744	0.009	0.013	1	TMEM268	c3
0.749078038858082	0.306342146020273	0.05	0.05	1	MARCH2	c3
0.62966114605051	0.30632477725064	0.04	0.041	1	PCCB	c3
0.138657169751289	0.306019491813446	0.111	0.109	1	RUNX1	c3
0.188720005302877	0.306012829767032	0.107	0.105	1	VPS39	c3
0.0116449846206124	-0.305991973921117	0.008	0.012	1	NANP	c3
3.63176802151591e-18	-0.305957372239536	0.214	0.277	1.218022359056e-13	PNP	c3
0.451596113877594	0.305956518403151	0.039	0.037	1	CRYZ	c3
0.535326463339634	0.30585066678343	0.018	0.017	1	ZBTB7B	c3
0.628205130683455	0.305706768972309	0.072	0.072	1	SLC2A4RG	c3
0.599944958006	0.305598217771755	0.073	0.073	1	FKBP15	c3
1.67096727112393e-05	0.305526876381019	0.236	0.224	0.560409003389542	MRPS26	c3
8.74271407638085e-06	-0.305516118818052	0.023	0.035	0.293213144693661	SLC39A10	c3
0.448928667542584	0.305401612680019	0.008	0.01	1	EXTL2	c3
9.91415082578319e-25	-0.305382169173211	0.17	0.24	3.32500790395117e-20	OGDH	c3
0.0611983416649528	0.304941388504468	0.099	0.094	1	TEDC1	c3
0.765580103282367	0.304920134091093	0.033	0.034	1	MPI	c3
0.36681947988277	0.304902215734892	0.086	0.084	1	KANSL1-AS1	c3
0.97079956036359	0.30485473554696	0.05	0.05	1	SPHK2	c3
0.984171449912213	0.304761213361553	0.032	0.032	1	GANC	c3
0.768539236933949	0.30474064143245	0.019	0.019	1	ARPC1A	c3
0.24953698793329	0.304621074920082	0.019	0.017	1	LRRC37A2	c3
0.0955594934554613	0.304610275830302	0.124	0.121	1	CKAP5	c3
0.117429921081951	0.304538789949893	0.075	0.071	1	ARAP1	c3
0.251225935775716	0.304456730097661	0.092	0.091	1	MED11	c3
2.81279291326516e-13	-0.304400676127948	0.144	0.187	9.43354487250869e-09	SLAMF1	c3
3.49973906780127e-15	-0.304362263134602	0.165	0.215	1.17374248855919e-10	RAB11FIP1	c3
0.839022270837428	0.30416382814352	0.037	0.038	1	TRIT1	c3
0.687628953450748	0.304153995826883	0.055	0.055	1	CYHR1	c3
0.94348646304358	0.304012762663905	0.031	0.031	1	ARSK	c3
0.00242749426267051	-0.303696919997794	0.01	0.015	1	KIAA1324L	c3
0.0109402946346381	-0.303679472179283	0.008	0.012	1	LINC02328	c3
0.579051868319209	0.303677944887563	0.102	0.104	1	FAM120B	c3
0.620096236050224	0.303605405473267	0.05	0.053	1	C2orf68	c3
0.00138368234302645	-0.303539995486791	0.008	0.013	1	GINS3	c3
0.0683208899216004	0.30352660017454	0.121	0.117	1	MCPH1	c3
0.586352509845597	0.303427749741354	0.069	0.069	1	LINC00667	c3
0.00192470712179375	0.303116998661864	0.184	0.177	1	IKBKG	c3
0.50352161213068	0.30300368233707	0.058	0.062	1	RUVBL1	c3
0.853137317132148	0.302893670959429	0.019	0.02	1	MMAA	c3
0.526356401743693	0.302796041850129	0.144	0.148	1	CUEDC2	c3
0.272944167270426	0.302569458178103	0.072	0.07	1	LFNG	c3
0.766776224981471	0.302524330913632	0.011	0.011	1	CFAP54	c3
0.397423210545683	0.302217738958346	0.093	0.092	1	KLHL20	c3
0.000159397256560908	-0.302144642772032	0.02	0.029	1	WDR91	c3
0.326190308076947	0.302139433897445	0.094	0.093	1	NDUFB8	c3
0.869272870973943	0.302005355797365	0.055	0.057	1	TGDS	c3
1.46016563856504e-05	0.301992907141797	0.254	0.244	0.489710351861943	SEC22C	c3
0.111630372836288	0.301959827290679	0.105	0.101	1	TRIM13	c3
2.40615830138796e-31	-0.301942599805611	0.497	0.593	8.06977371119493e-27	WSB1	c3
0.670000509376955	0.301778439667052	0.056	0.056	1	HIBADH	c3
0.263650208876373	0.301674431372404	0.031	0.034	1	CPT2	c3
0.605960043409222	0.301584203087356	0.058	0.057	1	ZNF143	c3
0.28841890752717	0.301420344089497	0.135	0.136	1	GLCCI1	c3
0.000353916226302709	-0.30137798953773	0.016	0.023	1	MTURN	c3
3.58016231074017e-08	-0.301296575481032	0.027	0.043	0.00120071483577604	C16orf45	c3
0.672910953885084	0.301266241769568	0.014	0.015	1	TRAV27	c3
2.25009690360836e-12	-0.301249986324673	0.058	0.087	7.54637499532171e-08	ZMIZ1	c3
0.439837207247501	0.301239384769323	0.121	0.122	1	SMIM7	c3
0.667689745907179	0.301171331122908	0.08	0.081	1	PSMG3	c3
0.129782283310026	0.301154934518321	0.102	0.099	1	LTBP3	c3
1.05774470396625e-19	-0.301094147790585	0.17	0.23	3.54746418816202e-15	EZH2	c3
0.560741221549691	0.300951640329119	0.074	0.074	1	FBXO38	c3
0.1333147074227	0.300927900089596	0.141	0.14	1	FBXO31	c3
0.0971833971677168	0.300795593374568	0.094	0.09	1	TBC1D10B	c3
0.286783380955825	0.300783100135158	0.011	0.013	1	KAT14	c3
1.73552691782223e-11	-0.300667037886761	0.076	0.106	5.82061017699219e-07	SPATA2L	c3
1.10331225369122e-07	-0.300370974800219	0.012	0.023	0.00370028863642963	CDCA8	c3
6.95204789742863e-05	-0.300368153777877	0.031	0.042	1	ZNF296	c3
9.29274007753632e-06	-0.300359489945531	0.012	0.021	0.311659916720413	MFGE8	c3
0.143275876059516	0.300248678289581	0.124	0.121	1	TIAM1	c3
0.945525074800578	0.300150240567322	0.064	0.066	1	KLHL12	c3
3.12863769122804e-06	-0.300146167948371	0.019	0.03	0.104928250888406	AACS	c3
0.883669253773683	0.300136103451306	0.031	0.031	1	PPP1R3D	c3
0.903963930813141	0.300053655004919	0.03	0.03	1	RELL2	c3
0.866922408606507	0.300032623282	0.022	0.022	1	RPAP1	c3
2.62665857014219e-19	-0.300027169537397	0.159	0.218	8.80928751254287e-15	IPO7	c3
0.614441597785781	0.300003348730683	0.036	0.037	1	CEP192	c3
3.76626894621231e-17	-0.299685572630039	0.141	0.193	1.26313127918069e-12	CDK16	c3
0.231159727082725	0.299600262826706	0.121	0.121	1	ING4	c3
9.17077044793105e-23	-0.299593882460122	0.221	0.296	3.07569299282711e-18	RNMT	c3
0.00815410360762212	0.299197565814584	0.084	0.075	1	LDLR	c3
1.53138862847066e-05	0.299186256631371	0.268	0.259	0.513597118216489	REXO2	c3
1.85469631288937e-27	-0.299148606980717	0.208	0.289	6.22028049416837e-23	LRRFIP2	c3
0.0198300479306582	0.299107524086396	0.147	0.142	1	PI4KB	c3
5.27909546753702e-17	-0.299018707003311	0.1	0.144	1.77050303790257e-12	CCDC93	c3
0.695699031627842	0.298991911011597	0.043	0.043	1	WNT10A	c3
0.490913057786858	0.298985772959679	0.061	0.059	1	ZSCAN16	c3
0.406468120660887	0.298926007299924	0.112	0.112	1	DCAF5	c3
0.000796612259867408	0.298705121351743	0.237	0.234	1	SDHC	c3
0.937586932367	0.298656478208946	0.083	0.087	1	APEX2	c3
0.353090694795713	0.298489419613088	0.065	0.063	1	COQ8A	c3
1.19632611034308e-12	-0.298425593864097	0.063	0.094	4.01223850886864e-08	CSGALNACT1	c3
0.816356112061629	0.298381470692558	0.032	0.032	1	TMEM161B	c3
0.0189918494316917	0.298237830516078	0.201	0.201	1	MRPL15	c3
0.737003882417788	0.298203006542853	0.032	0.034	1	ACAP3	c3
0.649098818484535	0.298190615672203	0.017	0.018	1	OSER1-DT	c3
5.26543421955984e-07	-0.298049561299627	0.023	0.036	0.0176592132855598	TMEM135	c3
3.11666913260353e-19	-0.298038837068433	0.147	0.205	1.04526849369257e-14	HMCES	c3
0.0303301391007126	0.297942744769612	0.033	0.039	1	LRRC28	c3
0.525972774354199	0.297896689255062	0.032	0.034	1	WDYHV1	c3
0.688848313051407	0.297877104164615	0.033	0.032	1	AC073896.2	c3
0.215157947426134	0.297840767465528	0.121	0.12	1	RNPEPL1	c3
0.734350803566279	0.297803263451339	0.045	0.047	1	TEFM	c3
0.00570311712696158	0.297798954686951	0.24	0.242	1	CCDC28A	c3
2.15452288124202e-06	-0.297678651520946	0.032	0.046	0.0722583883910949	DHCR7	c3
0.155400375398376	0.297593358228814	0.1	0.097	1	PTRH1	c3
7.68002373558441e-14	-0.297443969532324	0.07	0.103	2.5757263604403e-09	RABGEF1	c3
0.196803226365169	0.297370683327672	0.048	0.045	1	ABCC10	c3
0.417230948365487	0.297294313971477	0.054	0.052	1	PHKB	c3
0.20327451741646	0.297216311232439	0.127	0.126	1	HPS6	c3
0.237715706287506	0.297165237289351	0.122	0.122	1	TBK1	c3
9.32371590004835e-24	-0.29715565648987	0.187	0.26	3.12698783855822e-19	LRRC59	c3
0.969281411498214	0.297111973340764	0.036	0.037	1	PIGU	c3
8.1736446150403e-19	-0.297046614566776	0.81	0.829	2.74127693099221e-14	S100A10	c3
3.60439157452989e-16	-0.297032771032073	0.152	0.203	1.20884084626584e-11	GPR171	c3
4.84992589285646e-06	-0.296873094335226	0.026	0.038	0.16265681459462	PAK1	c3
0.298646183191537	0.296842814776148	0.028	0.03	1	NDUFA7	c3
0.0237027778497854	-0.296838925484744	0.008	0.012	1	GPR146	c3
0.774147124466207	0.296814382157044	0.036	0.038	1	TCEA2	c3
7.35447149923478e-25	-0.296812251732793	0.38	0.471	2.46654265141336e-20	CCNL1	c3
0.734023128481602	0.29669076324113	0.015	0.016	1	DBT	c3
0.491969304352013	0.296690619417618	0.059	0.062	1	LYRM1	c3
0.100140296372416	0.296672087227791	0.166	0.167	1	UBL7	c3
0.0012096510365685	0.296661922686019	0.212	0.204	1	DGKZ	c3
0.69774166631087	0.296631245343695	0.05	0.05	1	TMEM68	c3
0.361956619303405	0.296626142440745	0.077	0.076	1	WBP1L	c3
0.900114097735335	0.296588733560151	0.018	0.018	1	EARS2	c3
0.174246636119981	0.296580656713093	0.176	0.179	1	RNASEH2B	c3
0.644680838907462	0.296505233300643	0.052	0.051	1	BRF1	c3
0.274999815285982	0.296397503993173	0.11	0.109	1	MRPL40	c3
0.00116280679613247	-0.296326263007709	0.014	0.02	1	TMEM231	c3
0.85523251844721	0.296313798808583	0.082	0.084	1	OAS3	c3
0.915008577855594	0.2962785676759	0.052	0.053	1	SPATA20	c3
0.357586539400014	0.296258985576908	0.103	0.102	1	ZFYVE21	c3
0.814671016338268	0.296206640638808	0.025	0.025	1	LZTR1	c3
1.28809471409811e-17	-0.296197668366086	0.219	0.282	4.32001205214224e-13	CCNH	c3
1.26077591460843e-33	-0.296146313725183	0.472	0.574	4.22839026241377e-29	EML4	c3
0.729638551769786	0.296102980977942	0.088	0.089	1	ACSL5	c3
0.938170853008501	0.296088936161502	0.043	0.043	1	VPS41	c3
0.00264622157601024	-0.296048325192455	0.02	0.027	1	AC087239.1	c3
0.609519721747648	0.29600650773811	0.076	0.076	1	GEMIN8	c3
0.00594639448953516	0.295970145536348	0.205	0.201	1	LARP7	c3
0.92536699623345	0.29593804062038	0.022	0.022	1	CHN2	c3
6.52932408523261e-14	-0.295935842489194	0.082	0.119	2.18980471170531e-09	PPM1D	c3
0.709251611790569	0.295896147450843	0.062	0.063	1	IFT27	c3
0.517750287142335	0.295848583069352	0.121	0.123	1	C1orf131	c3
0.0340257946692172	0.295807906887308	0.153	0.149	1	DIDO1	c3
3.13566088497353e-14	-0.295803304635151	0.085	0.122	1.05163794760242e-09	EIF1AD	c3
0.809978472399211	0.295769710533007	0.089	0.091	1	NUP37	c3
0.538029911590574	0.295703221530521	0.119	0.122	1	AGGF1	c3
0.878932539516582	0.295656627202271	0.027	0.026	1	AJM1	c3
0.569199460800281	0.295496472639908	0.062	0.065	1	SMG9	c3
0.525625044790349	0.295362513755065	0.022	0.024	1	SUMF1	c3
0.0100347206777156	-0.295341384734721	0.008	0.012	1	AVEN	c3
0.00186998096737959	-0.295237154023174	0.011	0.016	1	S1PR2	c3
2.96553611415606e-05	-0.295085804813182	0.016	0.025	0.994581501965661	SLC29A1	c3
0.902575381326026	0.295078186343076	0.032	0.032	1	PIK3R3	c3
0.0018231437596623	-0.295058244618254	0.007	0.012	1	NPEPL1	c3
0.538443172450009	0.294938030555019	0.058	0.057	1	LONP1	c3
0.680208074170494	0.294788399292715	0.034	0.036	1	VPS52	c3
0.205745810969422	0.294699409224704	0.127	0.126	1	EIF2B1	c3
0.988151027206277	0.294668270176361	0.038	0.039	1	PPAT	c3
7.67032145062473e-05	-0.294641393761164	0.022	0.031	1	ZNF329	c3
9.37085475037829e-20	-0.294499964019696	0.185	0.248	3.14279726618187e-15	GNL3	c3
0.767507270262691	0.294474622770334	0.065	0.068	1	WDR77	c3
0.187785481534301	0.29445088151834	0.052	0.057	1	GTF3C3	c3
9.61941554805732e-07	-0.29440872195794	0.025	0.038	0.0322615958650746	KLHL42	c3
0.923209356299106	0.294366634537077	0.033	0.034	1	MOCS3	c3
0.896462472928401	0.294362532209606	0.058	0.059	1	NCLN	c3
2.58381801545357e-17	-0.294328427079968	0.143	0.196	8.66560886022818e-13	GABPB1	c3
0.209976036067671	0.2942717068397	0.106	0.117	1	TMED3	c3
1.09685075950603e-05	-0.294255218124645	0.015	0.024	0.367861807723131	FAM167A	c3
0.596858916702865	0.294228012687548	0.074	0.074	1	XKR8	c3
0.719597054678506	0.294039124086173	0.068	0.068	1	COG2	c3
0.753825600324502	0.293990571885615	0.055	0.057	1	UBE2T	c3
0.000660516999205911	-0.293853488003967	0.023	0.031	1	AL139246.5	c3
0.874344988568347	0.293794017680612	0.028	0.028	1	ZNF34	c3
0.936744000024201	0.293783744006543	0.022	0.023	1	C15orf53	c3
3.63022299160354e-16	-0.293767569802125	0.08	0.12	1.217504186924e-11	C16orf87	c3
0.308413070817	0.293589388738595	0.138	0.139	1	AAGAB	c3
0.843878534767314	0.293515503291754	0.084	0.086	1	ANKIB1	c3
0.000209569467558419	0.293484161134306	0.245	0.24	1	TIMM17B	c3
0.54964594784973	0.293435862524121	0.016	0.017	1	AC027097.1	c3
0.506793221505568	0.293428738333022	0.015	0.016	1	TRIM47	c3
1.87419644770818e-19	-0.29323792013582	0.203	0.268	6.28568004632369e-15	TNFRSF25	c3
0.836849618583199	0.293157656599368	0.12	0.127	1	WBP1	c3
0.875425564513698	0.293144942610878	0.024	0.024	1	DNAJC25-GNG10	c3
0.010020757047552	0.293100573329741	0.189	0.185	1	MOB3A	c3
0.893188510820473	0.293035049334465	0.025	0.025	1	PINX1.1	c3
0.339880902616288	0.292966993087606	0.066	0.064	1	OSBPL7	c3
1.41558924163042e-06	-0.29293143223043	0.009	0.018	0.0474760319858009	LINC00539	c3
0.653424352931416	0.292872451109951	0.026	0.027	1	TTC32	c3
2.34685826323795e-05	-0.292818733592032	0.019	0.028	0.787089324324744	LDLRAP1	c3
0.795830237747365	0.29263357539884	0.022	0.021	1	IRF2BPL	c3
0.672184585047431	0.292605203038509	0.101	0.103	1	GMPR2	c3
4.77746230038243e-06	-0.292524004758139	0.011	0.02	0.160226530630226	KNTC1	c3
0.75543391040257	0.292475151836533	0.096	0.101	1	RPL26L1	c3
1.13571683702793e-07	-0.292283016540097	0.027	0.042	0.00380896712802427	TAF9B	c3
1.10386370191702e-09	-0.292211780188251	0.06	0.085	3.70213808348932e-05	EDARADD	c3
0.827609699080195	0.292187738000503	0.022	0.022	1	FLYWCH1	c3
0.158072934092048	0.292174206096573	0.087	0.083	1	RAB11FIP4	c3
0.846784750342882	0.292151721025258	0.041	0.041	1	SLC35B4	c3
9.21756575989841e-23	-0.292120025618602	0.28	0.36	3.09138720455473e-18	BICDL1	c3
9.83596041037337e-10	-0.292041859068548	0.05	0.073	3.29878440243102e-05	CHPF	c3
1.03215977299222e-17	-0.291981997674635	0.656	0.713	3.46165744666131e-13	TUBA1B	c3
0.461278364002871	0.291738790079818	0.062	0.06	1	AMIGO2	c3
0.976490064930985	0.291621047337195	0.067	0.068	1	UQCC3	c3
0.48675860143555	0.291604610129708	0.096	0.096	1	RAB28	c3
0.731349517335254	0.291524152382301	0.032	0.033	1	SLC39A4	c3
1.42613782210604e-05	-0.291364859164622	0.017	0.027	0.478298102777923	MPP6	c3
0.779105642903975	0.291326300520366	0.063	0.064	1	PPIL1	c3
0.847223132627799	0.291249178939399	0.066	0.068	1	PPA2	c3
0.719471561489239	0.291132759331805	0.039	0.039	1	PLA2G15	c3
0.94858637175544	0.290955800374828	0.01	0.01	1	ZNF175	c3
3.50933618454427e-10	-0.290902554624104	0.058	0.083	1.17696116957246e-05	NFKBIE	c3
0.282265856630503	0.290873969089124	0.133	0.134	1	GOPC	c3
0.805322810354827	0.290773716848694	0.014	0.013	1	CD3EAP	c3
0.280067494548024	0.290760873104158	0.117	0.117	1	XPA	c3
0.849555184036642	0.290747861318607	0.085	0.087	1	COQ9	c3
0.542260759248569	0.290701024579374	0.017	0.018	1	NRL	c3
2.11965463489701e-20	-0.290625484362793	0.152	0.213	7.1088977145176e-16	NDEL1	c3
0.730262954588915	0.290300959922428	0.071	0.071	1	FBH1	c3
0.734053260461275	0.290232771281026	0.056	0.059	1	METTL13	c3
0.172601692847602	0.290209772146286	0.158	0.16	1	TADA3	c3
0.634447431428951	0.290117578449052	0.029	0.03	1	ZNF445	c3
3.78056921868125e-25	-0.290093038956208	0.29	0.375	1.26792730456132e-20	CNOT6L	c3
0.881737413886071	0.29007565627197	0.039	0.04	1	IFT80	c3
8.36483177009506e-20	-0.290005061265743	0.125	0.179	2.80539727905448e-15	PLAA	c3
0.901023273945381	0.289968708097879	0.027	0.027	1	NACAD	c3
0.212541332217006	0.289901671138952	0.13	0.129	1	PPP1R21	c3
0.138451275642506	0.289858345746136	0.134	0.132	1	NAE1	c3
8.24152244528639e-28	-0.289759127866432	0.268	0.359	2.76404179770015e-23	DNTTIP2	c3
0.000878325964826857	-0.289758748957633	0.022	0.03	1	EPOR	c3
0.468696158276605	0.289728676095355	0.009	0.01	1	LINC002481	c3
0.015681616836032	-0.289723257478088	0.008	0.012	1	PLXND1	c3
0.922946464826775	0.289712214666091	0.058	0.059	1	LIPA	c3
0.665648467907794	0.289697274006081	0.091	0.092	1	APC	c3
0.359806761750328	0.289694080139818	0.126	0.127	1	ERCC3	c3
0.90024353237582	0.289682982591412	0.016	0.016	1	CBX8	c3
0.603422998944389	0.289676261461379	0.039	0.041	1	TMEM80	c3
0.262973359881742	0.28967068758727	0.126	0.126	1	TUBGCP2	c3
1.45282811773694e-22	-0.289627873002727	0.306	0.388	4.87249494126614e-18	SNHG12	c3
0.187857570507125	0.289550798613372	0.088	0.085	1	CEP89	c3
0.670993234289501	0.289507192999883	0.037	0.038	1	TMPO-AS1	c3
0.468169470471857	0.289479177138457	0.097	0.097	1	RPGR	c3
0.520732744808379	0.289432324754887	0.086	0.085	1	PTPA	c3
0.242061104640826	0.289380178973684	0.059	0.056	1	ZNF507	c3
0.0170669572149783	-0.289353558141058	0.009	0.012	1	PAN2	c3
0.99451397069142	0.289330560237004	0.042	0.042	1	C1orf109	c3
0.451923086151524	0.289298671227803	0.052	0.055	1	SMC2	c3
0.297835187325737	0.289232999137644	0.054	0.052	1	CBX4	c3
0.550600759252568	0.289219932995918	0.061	0.06	1	WDR35	c3
3.30300480478826e-05	0.289132626473232	0.24	0.23	1	FBXW5	c3
0.670798265650794	0.289054736300761	0.116	0.119	1	MCTS1	c3
0.0684958493214165	0.289039524891941	0.181	0.182	1	COA4	c3
4.31718459957936e-24	-0.288966234910077	0.448	0.54	1.44789737100693e-19	RSRC2	c3
6.12998040387313e-78	-0.288897945391463	0.996	0.992	2.05587282785097e-73	GAPDH	c3
0.652717106288733	0.288889396639321	0.041	0.04	1	RFXAP	c3
2.26869932285549e-10	-0.288854756502654	0.063	0.089	7.60876378899273e-06	ASCC3	c3
5.6045666582911e-19	-0.288833636293777	0.271	0.342	1.87965956585767e-14	ZNF267	c3
0.000165850269877741	0.288768632614337	0.27	0.266	1	SUPT16H	c3
0.0442546166319519	0.288749099252253	0.18	0.179	1	USP33	c3
0.942374773056519	0.288705688959121	0.019	0.019	1	AMN1	c3
0.739454420289199	0.288694717641286	0.015	0.016	1	TCEAL1	c3
0.684545870877128	0.288628825995848	0.018	0.019	1	CLCC1	c3
5.68495378770041e-14	-0.288383855391967	0.085	0.122	1.90661980131896e-09	POLB	c3
0.487125259379336	0.288371584812593	0.019	0.021	1	ZBTB11-AS1	c3
0.780484346762889	0.288177387157638	0.041	0.043	1	DHRS1	c3
0.219562203443668	0.288014170551024	0.101	0.099	1	CCDC91	c3
0.234847023251984	0.287941187915746	0.029	0.032	1	SHMT1	c3
3.01781246025908e-15	-0.287920558922685	0.083	0.122	1.01211394292169e-10	ADK	c3
0.531782007628432	0.287905553630422	0.114	0.116	1	RNF13	c3
0.425847475083088	0.287898907108572	0.057	0.061	1	PRMT5	c3
0.105980318762255	0.28781846595526	0.153	0.152	1	SPATA13	c3
0.931241189228641	0.287793604899526	0.019	0.019	1	DHX34	c3
0.628606721242698	0.287760392411269	0.086	0.091	1	ECSIT	c3
0.986750913786011	0.287314271625446	0.037	0.038	1	PDIK1L	c3
1.92602353112223e-08	-0.287186645899378	0.038	0.057	0.000645949771867772	METTL21A	c3
0.928488254013561	0.287142459629853	0.028	0.028	1	NDOR1	c3
0.420881279800769	0.287134485503741	0.095	0.095	1	PIBF1	c3
4.31192594251955e-16	-0.287131638400949	0.226	0.286	1.44613372260221e-11	TIFA	c3
0.143504343641937	0.287035813071269	0.154	0.154	1	DCTPP1	c3
0.425818498752756	0.287011002292413	0.025	0.027	1	ALG6	c3
0.314098326196036	0.286862323810863	0.102	0.102	1	STK25	c3
0.00690312426367408	0.28680099370584	0.232	0.231	1	MAP4K1	c3
1.63741140542876e-21	-0.28674077353407	0.358	0.443	5.49155037152698e-17	CLK1	c3
0.172755739634884	0.286738137070949	0.153	0.154	1	PRKACB	c3
0.00499793381853292	-0.28671527936354	0.011	0.016	1	TRBV6-6	c3
0.00434296915011403	0.286667352828594	0.211	0.207	1	ZNF638	c3
2.1596772521536e-07	-0.286642477378941	0.047	0.065	0.00724312556827273	AC026979.2	c3
0.36347854602658	0.286564852058101	0.139	0.141	1	TAF6	c3
0.18416597367036	0.286459036648576	0.155	0.155	1	CYBC1	c3
0.98021979341933	0.286316372144067	0.028	0.029	1	PIGO	c3
0.0017483528516173	0.286249197094052	0.251	0.25	1	TSTD1	c3
4.97427811407723e-05	0.286136078860127	0.254	0.247	1	SNRNP40	c3
1.41123610466682e-09	-0.285986136433795	0.062	0.086	4.73300364783159e-05	ARHGAP26	c3
3.20013147560923e-06	0.285940820209607	0.268	0.256	0.107326009428982	B4GALT3	c3
0.834261184426063	0.285828997794302	0.056	0.058	1	ADCY7	c3
0.918090365891822	0.285533939149166	0.018	0.018	1	AC005332.7	c3
0.00626442278147579	0.285478908342212	0.204	0.202	1	ZDHHC12	c3
0.00409470763576807	-0.285423155885836	0.008	0.012	1	ZNF154	c3
0.555674972545413	0.285318115051584	0.119	0.122	1	PLPBP	c3
0.928181079433994	0.285221286068295	0.081	0.083	1	EDC4	c3
0.107333664216115	0.285076294093383	0.125	0.122	1	SCAF1	c3
0.581355214609614	0.285073524801148	0.023	0.022	1	SCRIB	c3
1.91030670328154e-22	-0.285068830759347	0.186	0.255	6.40678662146563e-18	RASSF5	c3
0.698684399034714	0.285062846771561	0.03	0.031	1	TMEM161A	c3
0.248546447884448	0.285032461054475	0.041	0.045	1	DYRK4	c3
0.18165288196861	0.285015406938825	0.138	0.138	1	CENPX	c3
3.7334325690502e-41	-0.284902464733976	0.655	0.74	1.25211861500805e-36	ZFAS1	c3
0.625284610348236	0.284888431010089	0.078	0.082	1	TNKS	c3
0.116733758682631	0.284877895110282	0.14	0.138	1	MVB12B	c3
0.829525452109045	0.284711735533568	0.013	0.012	1	USP54	c3
0.00108113092497282	0.284683818290224	0.207	0.198	1	KIF20B	c3
0.944864044956855	0.284457489689447	0.085	0.088	1	NIT2	c3
0.084370311043453	0.284380653385674	0.163	0.163	1	INTS10	c3
0.288864945419731	0.284267676326695	0.099	0.098	1	RARS2	c3
0.352546358016105	0.284256727635341	0.125	0.126	1	MRPL46	c3
0.000475087938556103	0.284236179016121	0.251	0.246	1	ZRANB2	c3
0.611634123235656	0.284135724704676	0.134	0.137	1	DYNC1I2	c3
0.130150331285197	0.284135417192294	0.032	0.037	1	NCAPD2	c3
0.542696819642505	0.2841176998016	0.017	0.016	1	AC027682.4	c3
0.761754381858515	0.284092244142575	0.089	0.09	1	CAAP1	c3
1.04635423503492e-10	-0.283997930621017	0.054	0.08	3.5092628334601e-06	WDFY2	c3
0.76309873656446	0.283981090803426	0.014	0.013	1	FBXL14	c3
0.837743987295322	0.283965398874582	0.054	0.055	1	RETSAT	c3
0.79053952250971	0.283960731153658	0.099	0.101	1	SMIM27	c3
0.991742873360629	0.283933413864504	0.018	0.019	1	ZNF816	c3
2.90387401737433e-06	-0.283856428823437	0.034	0.048	0.0973901267947004	SIRT1	c3
0.196442058904052	0.283802633742627	0.151	0.152	1	ZMPSTE24	c3
0.358169569940779	0.283733877244558	0.117	0.117	1	FAM208A	c3
5.49218038430979e-07	-0.283572053170141	0.028	0.042	0.0184196745728982	CREG1	c3
6.29827127702214e-18	-0.283455764522443	0.138	0.191	2.11231422088769e-13	TOPORS	c3
0.509711012622142	0.283373403815981	0.057	0.06	1	AKIP1	c3
4.21436562870217e-14	-0.283371969106286	0.105	0.145	1.41341394455413e-09	FNIP1	c3
0.331873465098981	0.283353337308342	0.134	0.136	1	NDUFS1	c3
0.96534745524615	0.283213324915633	0.013	0.013	1	MANEA-DT	c3
0.267734189485854	0.283159456919649	0.024	0.027	1	WWC3	c3
0.881637427273258	0.283008523225633	0.032	0.032	1	GIPC1	c3
0.186810753854836	0.282816415435694	0.155	0.157	1	PMVK	c3
2.22974818334594e-07	-0.282740064942652	0.519	0.557	0.0074781294573056	ZFP36L1	c3
0.158485013843216	0.282728505532837	0.181	0.185	1	MRPS23	c3
0.0156450327401754	0.282709975502254	0.214	0.215	1	TMEM230	c3
0.0092684558819871	0.282577242613536	0.223	0.222	1	DOCK8	c3
0.654062386324465	0.282338036507518	0.019	0.018	1	CCDC120	c3
0.061282448424956	0.282210943512181	0.169	0.168	1	VPS36	c3
0.627339920368178	0.282104485799586	0.043	0.042	1	SMCR8	c3
0.540965698356225	0.282088132618205	0.057	0.06	1	OGFOD3	c3
0.429801092046525	0.282052782076883	0.075	0.08	1	BARD1	c3
1.64197047693354e-22	-0.282037734870921	0.579	0.639	5.5068405855397e-18	SH2D2A	c3
0.937505326602321	0.2819979725177	0.037	0.037	1	PPP1R16A	c3
0.177422871321724	0.281937387210508	0.13	0.128	1	NCOA1	c3
0.750519724768588	0.281793531304426	0.093	0.095	1	ADA	c3
0.852202423424903	0.281682569443393	0.026	0.027	1	FCGRT	c3
0.725461590262639	0.281565477141698	0.009	0.01	1	TTLL11	c3
0.843799553330943	0.281335904895128	0.015	0.016	1	RWDD2B	c3
0.0933236926788794	0.28130769057503	0.188	0.19	1	ESD	c3
7.05943634176626e-16	-0.281263959077919	0.097	0.14	2.36759376030157e-11	ZNF410	c3
0.867159144188592	0.281245465562495	0.044	0.045	1	DDX60L	c3
0.00028735672694014	0.28104455186359	0.187	0.174	1	UTRN	c3
0.985538029344571	0.281018330748596	0.057	0.058	1	ZNF75A	c3
0.7383733815161	0.280986597870839	0.021	0.022	1	PACRGL	c3
0.342072213608665	0.280979924743717	0.019	0.021	1	NUP50-DT	c3
0.591254154698153	0.280939375495259	0.03	0.031	1	L3MBTL3	c3
0.780858254459887	0.280718212811193	0.054	0.056	1	ENDOV	c3
0.00447627293979921	0.28061822760902	0.22	0.216	1	KLF13	c3
0.599422343431362	0.280366578637178	0.027	0.028	1	THTPA	c3
0.18162709756287	0.280351185586591	0.101	0.099	1	WDR60	c3
0.482939019164911	0.28033090793225	0.101	0.108	1	GGCT	c3
0.915189956178385	0.280204713287205	0.042	0.043	1	UBR3	c3
6.23329026035579e-19	-0.280164776981622	0.213	0.278	2.09052088751812e-14	LRMP	c3
0.000468639061041908	-0.280100320377039	0.019	0.027	1	BEST1	c3
1.7408662059438e-26	-0.280094130019222	0.368	0.466	5.83851708149433e-22	WTAP	c3
0.925288511030982	0.279990736808784	0.033	0.033	1	PRDM10	c3
0.000363777287079321	-0.279866279847053	0.014	0.021	1	AL392172.1	c3
0.00505086377916818	0.279848457640797	0.142	0.134	1	MIAT	c3
0.696797372253022	0.279737212352577	0.033	0.035	1	FAM114A2	c3
0.482528278372294	0.279630122535066	0.044	0.043	1	PCNX3	c3
0.518840300716708	0.279562982792139	0.079	0.084	1	MRPS27	c3
0.933481116769959	0.279548670535185	0.1	0.103	1	APIP	c3
0.0816049461377425	0.279507685264325	0.194	0.197	1	DCK	c3
0.981216990917066	0.279495349171886	0.076	0.078	1	SCOC	c3
0.325546654089648	0.279490798579839	0.027	0.029	1	PCTP	c3
0.00145242153837927	0.279457706666171	0.248	0.245	1	RASAL3	c3
4.80942676405856e-23	-0.279368944435388	0.317	0.4	1.61298554812996e-18	BAZ1A	c3
3.40556141366246e-23	-0.27936676395918	0.257	0.338	1.14215718691412e-18	GPR137B	c3
0.908531956733104	0.279274110863769	0.068	0.069	1	MOCS2	c3
2.1654578535069e-11	-0.279173716823904	0.075	0.105	7.26251254909145e-07	PKIA	c3
0.0443841868157646	-0.279071357610379	0.007	0.01	1	ZNF607	c3
1.39194693996529e-08	-0.278993130523721	0.067	0.091	0.000466831164725559	VAV3	c3
1.4862036071886e-12	-0.278891648345307	0.419	0.478	4.98442965778911e-08	LDLRAD4	c3
0.811773544683083	0.278694613488049	0.028	0.028	1	C2orf42	c3
0.741759345893902	0.278662647802975	0.097	0.099	1	ANKZF1	c3
0.519224266622732	0.278628290993686	0.155	0.16	1	IFT20	c3
4.26350389830728e-16	-0.278570605983901	0.06	0.095	1.42989393741429e-11	HMGB3	c3
4.04611089274333e-08	-0.278426572893172	0.023	0.037	0.00135698467120826	TMEM97	c3
8.02861786777353e-24	-0.278284098378168	0.222	0.3	2.69263786049389e-19	PLEKHB2	c3
0.103637592836137	0.278080660223395	0.079	0.075	1	SP4	c3
0.638572019855672	0.278062618388837	0.027	0.026	1	ZNF737	c3
0.3314260478389	0.278009094042969	0.071	0.069	1	NPTN	c3
0.431421302541322	0.27800555851385	0.032	0.035	1	MGME1	c3
0.718090000377586	0.277764466900555	0.068	0.068	1	CHCHD4	c3
0.000419627640450265	-0.277689640415244	0.014	0.021	1	HS6ST1	c3
0.588500164546903	0.277660072821469	0.04	0.042	1	TRIOBP	c3
0.540724377083365	0.277619582232005	0.08	0.085	1	STK16	c3
3.33113477817826e-14	-0.277512740539675	0.065	0.098	1.11719598190542e-09	GGCX	c3
0.0199020901957827	-0.277479778573213	0.007	0.01	1	MBLAC1	c3
0.15428286285545	0.277430920604878	0.178	0.18	1	RDH11	c3
1.84657525683157e-21	-0.277363700368908	0.222	0.297	6.1930440963617e-17	STX5	c3
0.00761920658894383	-0.277348216301124	0.014	0.019	1	FGFRL1	c3
0.824091633561781	0.277267213033463	0.096	0.098	1	ABCD4	c3
0.227683399008533	0.277238914155934	0.049	0.046	1	ADORA2A	c3
0.0808524998950362	-0.277226558843055	0.007	0.01	1	CDK20	c3
0.647926598350302	0.277143078469737	0.061	0.064	1	ZBED5	c3
0.483759329909666	0.276965271332901	0.081	0.081	1	ASAH1	c3
0.358330061131751	0.276954895214183	0.117	0.117	1	XPO6	c3
2.98851762929199e-08	-0.276924261769975	0.046	0.066	0.00100228904251195	ATAD3B	c3
0.0524960808469672	0.276832403626043	0.193	0.192	1	MIS18BP1	c3
9.75347205803686e-05	-0.276764682964185	0.017	0.026	1	KIAA1147	c3
0.500099999483946	0.276740149122077	0.01	0.011	1	UBE3D	c3
0.066750921910388	0.27666200819633	0.204	0.206	1	EXOSC1	c3
1.90511147424958e-18	-0.276653848052607	0.193	0.256	6.38936286233824e-14	PNPLA8	c3
0.627738837518353	0.276631048863849	0.028	0.03	1	TMEM186	c3
0.0575232088496277	-0.27659542402635	0.013	0.016	1	TRGV8	c3
0.966656134077883	0.276453978142341	0.014	0.014	1	EHBP1	c3
0.90366855461765	0.276403534847051	0.107	0.112	1	ARMC1	c3
7.37492460152199e-06	0.276328808777434	0.285	0.279	0.247340221285845	CCDC124	c3
0.614661515911876	0.276326051914049	0.039	0.041	1	CCDC14	c3
0.864566813924941	0.27618115762919	0.087	0.089	1	MDP1	c3
0.589865417343084	0.276161379228821	0.101	0.102	1	GOLGA3	c3
0.364108692946903	0.275964144666296	0.07	0.075	1	DUSP22	c3
2.1874279144357e-12	-0.275955319439308	0.072	0.104	7.33619573943447e-08	SYS1	c3
0.000429205642599785	-0.275888929911462	0.016	0.024	1	ALS2	c3
0.908195201099535	0.27578361129991	0.032	0.033	1	BBS12	c3
0.647059389336189	0.275659642430091	0.014	0.015	1	JRKL	c3
0.0563453119939023	0.275605195701589	0.149	0.146	1	WDR6	c3
0.431154500276988	0.275529158853803	0.037	0.035	1	ZFP14	c3
0.810937270330993	0.275515174066825	0.021	0.02	1	TNFSF12	c3
0.533019185333577	0.275498480873281	0.099	0.106	1	FAM207A	c3
0.000688479016624336	-0.275488143387614	0.019	0.027	1	ZNF566	c3
0.000671571692962311	0.275486293991977	0.215	0.207	1	FAM53B	c3
0.834538115725067	0.275451553192935	0.091	0.093	1	CEP135	c3
3.01187368164926e-06	-0.275251889677065	0.024	0.037	0.101012219535153	NBPF1	c3
0.702508776634892	0.275002408603357	0.012	0.011	1	AMER1	c3
4.11398979072008e-15	-0.274969856160776	0.195	0.25	1.3797498960117e-10	CCND2	c3
0.628478781449355	0.274905852870082	0.117	0.119	1	PARP12	c3
0.00046835387963142	0.274787561902481	0.298	0.296	1	HLA-DMA	c3
0.451287604410383	0.274733503868691	0.033	0.035	1	EIF2AK4	c3
0.733422764854396	0.274701028373555	0.082	0.085	1	CWF19L1	c3
2.91320696740542e-19	-0.274690341391466	0.205	0.27	9.7703135272843e-15	ZC3H12D	c3
0.531867379687122	0.274663583252801	0.024	0.026	1	RHBDD3	c3
0.900571978325329	0.274612252526205	0.093	0.096	1	THOC5	c3
0.684078526179284	0.274414256708189	0.061	0.064	1	APH1B	c3
0.682890056635419	0.27432915615306	0.051	0.051	1	RCBTB1	c3
4.25801550205637e-05	-0.274180257785915	0.016	0.025	1	AC016831.5	c3
0.826927146358708	0.274021554102905	0.045	0.045	1	C9orf85	c3
0.657778083330122	0.274000122815866	0.09	0.096	1	ARSA	c3
0.00043396541775043	-0.273914230301985	0.032	0.042	1	ZNF473	c3
0.448412752022868	0.273819077644662	0.033	0.036	1	ALKBH3	c3
0.839071453211594	0.273793640691304	0.074	0.075	1	MAD1L1	c3
0.84144243838379	0.273762787758537	0.027	0.027	1	CLCN6	c3
7.87840745388903e-22	-0.273750193163279	0.198	0.269	2.6422602918853e-17	SAR1A	c3
0.505357369618813	0.273702184369108	0.03	0.032	1	GTF2H2	c3
0.337395679803701	0.273673393657814	0.146	0.148	1	PKN1	c3
0.423027598053093	0.273615038315604	0.093	0.093	1	OSTM1	c3
0.317671354403657	0.273591781464328	0.049	0.053	1	CISD1	c3
1.67783474838407e-14	-0.273563939453292	0.088	0.127	5.62712217913048e-10	TRMT6	c3
0.788591068786875	0.273446090500443	0.08	0.081	1	DTWD1	c3
0.891851146593562	0.273407248498951	0.03	0.03	1	ZNF518A	c3
0.0747764272931587	0.273361973453955	0.174	0.174	1	NMI	c3
2.11477101341782e-21	-0.273358406248473	0.194	0.265	7.0925190248007e-17	CEBPG	c3
0.507099010860863	0.27319345966263	0.02	0.022	1	AL450998.2	c3
0.555705697376013	0.273166265028423	0.082	0.082	1	DDX10	c3
0.455622173938879	0.273003593464486	0.033	0.036	1	GEMIN2	c3
0.804953105549432	0.272954957183231	0.012	0.011	1	KIFC2	c3
0.401827855025342	0.272923528323632	0.194	0.203	1	SCP2	c3
1.91049861927506e-05	-0.272902922939888	0.022	0.033	0.640743026932469	PLD2	c3
2.30765561953714e-30	-0.272878890680335	0.586	0.667	7.73941541680365e-26	SAMSN1	c3
0.607619574514441	0.272692434869383	0.091	0.092	1	ST3GAL5	c3
0.595091121514273	0.272613305880996	0.061	0.064	1	EDC3	c3
0.00550429486782775	-0.272585881357405	0.008	0.012	1	TRBV7-4	c3
0.731485430531577	0.272573921949185	0.027	0.028	1	ZNF345	c3
0.89889809461782	0.272539414384226	0.059	0.061	1	COQ6	c3
0.426285406378128	0.272470933084499	0.02	0.022	1	PTDSS2	c3
0.931641709892623	0.272364011731581	0.01	0.01	1	FUK	c3
0.0304569796556684	-0.272327903377312	0.008	0.011	1	NFE2L3	c3
0.203803516292882	0.272191194419511	0.107	0.105	1	ZBTB44	c3
1.03428136370674e-05	-0.271957869590888	0.02	0.031	0.346877283759967	DIXDC1	c3
0.0116234445624368	-0.271949418650982	0.009	0.013	1	TRAV26-1	c3
0.800772714005802	0.271948378873896	0.011	0.011	1	BIVM	c3
0.573290459018993	0.2719277422373	0.025	0.024	1	TRIM3	c3
0.751767616169722	0.27190812241059	0.056	0.056	1	AP1AR	c3
0.0105422501025099	0.271814270841922	0.21	0.208	1	HACD3	c3
0.602375112933518	0.271786906591291	0.058	0.057	1	SLC30A6	c3
2.04422328551915e-43	-0.271757256601437	0.879	0.899	6.85591605497411e-39	LDHA	c3
0.952847221237283	0.271621807042901	0.066	0.068	1	VAC14	c3
0.603340640888482	0.27154630935829	0.056	0.055	1	SLC9A6	c3
2.71545855304693e-06	-0.271545190348633	0.018	0.029	0.091071048952088	DHRS7B	c3
3.69813889747002e-16	-0.271519395847264	0.116	0.162	1.2402818234335e-11	UBE2Q2	c3
0.0228230798632116	-0.271399421202244	0.011	0.015	1	ZNF540	c3
0.681293433928938	0.271385954161111	0.073	0.073	1	RBL1	c3
0.625063112165837	0.271298639850566	0.03	0.031	1	SLC25A43	c3
0.048681607966299	0.271217997843856	0.177	0.176	1	UTP18	c3
9.63259179925613e-05	0.271076720952619	0.279	0.275	1	INO80E	c3
7.55833372750698e-06	-0.270887598466857	0.025	0.037	0.253491396553129	UBN2	c3
1.07888754246987e-12	-0.270723626078157	0.079	0.113	3.61837303993544e-08	TWISTNB	c3
0.890537115937353	0.270688420917784	0.122	0.127	1	DNASE2	c3
0.504928217112812	0.270586106145043	0.105	0.106	1	TMEM102	c3
0.00566930542801693	0.270520560100028	0.233	0.23	1	BCL11B	c3
0.858562372511778	0.270499284513875	0.026	0.026	1	NOD1	c3
4.27081744006924e-20	-0.270438472384002	0.347	0.424	1.43234675305042e-15	ISG15	c3
0.876291930620761	0.270197673571845	0.1	0.104	1	IFI44	c3
5.48772394084799e-10	-0.270182186867132	0.05	0.074	1.8404728552816e-05	DENND3	c3
0.105459792711571	0.270118303736426	0.182	0.184	1	IDH3G	c3
0.0415058628106408	0.270030881618934	0.196	0.196	1	WASHC1	c3
0.00123176488136395	-0.27003064848644	0.012	0.018	1	VCL	c3
0.800077621963832	0.2699584883693	0.032	0.033	1	CDYL	c3
0.620943555629504	0.269875835583877	0.066	0.066	1	MAP4K2	c3
0.822950507778352	0.269870308449791	0.112	0.116	1	MRPL42	c3
0.468757753668732	0.269847494081211	0.011	0.012	1	HEMK1	c3
0.126224839706296	0.26978269781303	0.182	0.185	1	SNAPIN	c3
0.879366242604723	0.269607435750981	0.122	0.126	1	TTC9C	c3
0.00816351748781532	-0.269479630593844	0.007	0.01	1	AK4	c3
0.77040820879302	0.269423045447622	0.055	0.057	1	DNAJC14	c3
0.991394473361618	0.269320782613336	0.1	0.104	1	METAP1	c3
0.439502431927685	0.269141943784819	0.045	0.049	1	SCYL3	c3
0.91436401545727	0.269127668350297	0.067	0.068	1	IL15RA	c3
3.41069369871097e-15	-0.268966143480619	0.089	0.128	1.14387845267369e-10	YIPF6	c3
5.0702670987593e-05	0.268914817124813	0.303	0.301	1	RER1	c3
1.16614283825783e-12	-0.268847851759271	0.088	0.123	3.91100985094911e-08	DHX40	c3
1.87999871318652e-21	-0.268646379020688	0.294	0.374	6.30513968428494e-17	GNL1	c3
0.674798408891034	0.268624627453605	0.019	0.02	1	AL691432.2	c3
0.6514195284317	0.268487698065233	0.057	0.059	1	TMBIM4	c3
1.28760246487883e-07	-0.268422942068789	0.042	0.06	0.00431836114671061	CLASP2	c3
8.05920343447504e-13	-0.268388765484132	0.105	0.143	2.70289564785424e-08	ASMTL	c3
0.453077788758637	0.268237536512198	0.025	0.027	1	MED18	c3
0.00238719932555142	-0.268143306660064	0.007	0.012	1	FANCB	c3
0.000227541384850369	-0.26811886741905	0.02	0.029	1	ZNF846	c3
0.299658604903831	0.268085771853356	0.122	0.122	1	CTBP1	c3
1.00547290395587e-13	-0.268085111779198	0.12	0.162	3.37215502528719e-09	POLR3E	c3
0.767536455576697	0.26804130443033	0.013	0.012	1	GAREM2	c3
0.000452828357431943	0.268027966582843	0.269	0.266	1	TSG101	c3
0.720819663563882	0.267913952020711	0.06	0.06	1	TMEM175	c3
3.45181061058131e-14	-0.267846685766421	0.096	0.136	1.15766824257676e-09	OTUD4	c3
0.448456463958634	0.267799771348042	0.157	0.161	1	RANGRF	c3
0.874760323212036	0.267692722698947	0.08	0.082	1	SYMPK	c3
4.5685470838877e-06	0.267642393246037	0.342	0.34	0.153219932099426	SEPT1	c3
0.950558300794116	0.267613427933419	0.051	0.052	1	FAM160B2	c3
0.136559104499083	0.267562666871818	0.012	0.015	1	IGHV1-3	c3
2.75488962758015e-07	-0.267541471642547	0.029	0.043	0.0092393488329783	ZNF557	c3
1.25087677123283e-05	0.267389037158827	0.272	0.264	0.419519051536066	GLOD4	c3
0.528863847126209	0.267205401769088	0.033	0.035	1	SFXN4	c3
8.99827390717832e-21	-0.26720425516454	0.215	0.286	3.01784110298946e-16	ZEB1	c3
2.39474431569946e-08	-0.267164838211049	0.033	0.051	0.000803149348599286	LONRF1	c3
0.970000292001862	0.267160992145109	0.054	0.055	1	DENND6A	c3
0.32133974894697	0.266945881332238	0.067	0.065	1	RAP2A	c3
5.88540482396354e-39	-0.266922726801331	0.616	0.71	1.97384706986089e-34	UBE2B	c3
0.221944413668162	0.266903523642301	0.045	0.049	1	RGL4	c3
0.105938022730956	0.266845888323139	0.174	0.175	1	ASCC2	c3
0.00473022552140922	0.266821881985615	0.237	0.235	1	NDUFA11	c3
0.136182835270779	0.266783124632264	0.128	0.125	1	TCOF1	c3
0.129280544935264	0.266744738921184	0.174	0.175	1	SPNS1	c3
0.825168811979037	0.26672041239441	0.022	0.022	1	FAM161A	c3
0.267560859434457	0.266672439234829	0.048	0.052	1	CTNNBIP1	c3
1.16508467984957e-10	-0.2666575294053	0.062	0.089	3.9074609992795e-06	NAF1	c3
0.444057625504525	0.266479646815358	0.097	0.104	1	ACBD6	c3
0.0130796544625604	0.266428703824294	0.22	0.22	1	NUBP2	c3
0.0334822249646018	0.266339676260214	0.202	0.202	1	NME3	c3
0.834541710225526	0.266308542335351	0.033	0.032	1	ZFYVE26	c3
1.01774063046444e-11	-0.266173538493635	0.078	0.11	3.41329852645164e-07	SOAT1	c3
0.632882941117596	0.266160455048837	0.066	0.069	1	SUGP2	c3
0.502957854033257	0.266122436884262	0.04	0.042	1	QRSL1	c3
1.66948638695337e-05	-0.266111998550101	0.022	0.033	0.559912344456423	HDGFL3	c3
1.03887894995959e-07	-0.266088684142607	0.04	0.058	0.00348419222237449	PURB	c3
0.758625152301838	0.266020656010409	0.043	0.043	1	FECH	c3
0.436556893920564	0.266000291407489	0.094	0.093	1	CLSTN3	c3
0.723613144517678	0.265884130233915	0.031	0.032	1	TAF1C	c3
0.986815423103164	0.265876585606141	0.036	0.036	1	ZNF438	c3
0.939521262603423	0.265817493242587	0.073	0.075	1	PPP1R35	c3
0.663751280792773	0.265692258647775	0.023	0.025	1	MAST3	c3
0.905189362102993	0.265632115110095	0.041	0.041	1	PDCD2L	c3
1.74536451407637e-13	-0.26562067847339	0.088	0.125	5.85360350730932e-09	TWF1	c3
1.28246724666217e-09	-0.265597590842489	0.143	0.178	4.30113865185558e-05	LTB	c3
0.0347649562196393	0.26556711697054	0.206	0.206	1	KXD1	c3
4.09536365127752e-06	-0.265499170472468	0.031	0.044	0.137350306136546	FARP2	c3
0.878406030392642	0.26549391053928	0.023	0.023	1	TRAV41	c3
0.283167167911727	0.265492093904686	0.043	0.047	1	POLL	c3
0.687436908367985	0.265193794660108	0.047	0.046	1	TRBV6-5	c3
7.13035251381589e-17	-0.265082871909128	0.134	0.185	2.39137762608357e-12	HBS1L	c3
2.71128370919277e-16	-0.265062007452688	0.178	0.234	9.09310330389073e-12	RBM38	c3
5.9351786397346e-07	-0.264917943193913	0.04	0.056	0.0199054021219419	KTI12	c3
0.563896784606028	0.264769970458937	0.08	0.084	1	TAZ	c3
0.674484070213937	0.264663962658151	0.062	0.062	1	UNK	c3
1.81455048187365e-07	-0.264660888162678	0.042	0.059	0.00608563940610785	ZNF282	c3
0.992116731416033	0.264627877089818	0.055	0.056	1	TSPAN31	c3
5.39889067021073e-05	-0.264468344868913	0.015	0.023	1	DOK4	c3
3.65630383108472e-20	-0.264414497544474	0.205	0.271	1.22625117886919e-15	NDRG1	c3
2.20906677646977e-12	-0.264407412865418	0.058	0.086	7.4087681549243e-08	SLC25A19	c3
0.441811107641987	0.264390447736162	0.129	0.131	1	GIGYF2	c3
6.6535817110674e-28	-0.264278851583489	0.455	0.552	2.23147823425778e-23	NEAT1	c3
0.191474232858897	0.264214191957824	0.164	0.166	1	HIKESHI	c3
0.430528617130382	0.264149970754944	0.144	0.147	1	TMEM120A	c3
0.867391946150205	0.264051774810398	0.01	0.011	1	DCLRE1A	c3
0.98992778318002	0.264029823804424	0.069	0.071	1	CAMK2D	c3
0.210610942234278	0.263975921144692	0.174	0.178	1	MALSU1	c3
0.935480916907322	0.263928703520406	0.088	0.091	1	CASP1	c3
0.0894237320743246	0.263925758489163	0.107	0.103	1	PIK3CG	c3
0.00444984396952647	-0.263680387969123	0.011	0.016	1	NOD2	c3
0.951843932764612	0.263647438028277	0.074	0.076	1	RSRC1	c3
0.604233771927711	0.263618513600012	0.036	0.038	1	PARG	c3
0.628042416623218	0.263596324906449	0.037	0.039	1	ATG16L2	c3
0.0338605631703322	0.26357335236854	0.216	0.217	1	DHX30	c3
0.368735143183605	0.263388429202154	0.079	0.085	1	ANAPC15	c3
0.223762876162279	0.263285173345124	0.155	0.156	1	ITPA	c3
0.0441025509483294	0.263213135458418	0.184	0.183	1	SDAD1	c3
0.0070629371648027	0.263145734043234	0.246	0.246	1	VPS29	c3
0.626237860689252	0.26306271742999	0.018	0.019	1	ZNF419	c3
0.794515686604333	0.263017184784796	0.038	0.038	1	TMEM8A	c3
0.608981735031849	0.262861136835506	0.047	0.05	1	LCLAT1	c3
0.839596903431651	0.262820179394333	0.094	0.096	1	CTSD	c3
0.000732501963398238	-0.262673541020993	0.014	0.021	1	ZNF761	c3
0.0105929474565687	-0.262550659470925	0.014	0.018	1	ZBTB34	c3
0.0030975728196074	0.262493757572788	0.204	0.197	1	CPNE3	c3
4.41442663785981e-05	0.262290918585697	0.336	0.334	1	ANKRD11	c3
0.00591391066240589	-0.262246430826883	0.009	0.013	1	ZNF382	c3
0.860578817761275	0.262169411844927	0.134	0.139	1	COMTD1	c3
1.02881462437621e-08	-0.262065727797695	0.035	0.053	0.000345043848723293	CCDC86	c3
0.79070601814946	0.262034680145272	0.024	0.024	1	IDUA	c3
8.33804527098789e-08	-0.262009524983452	0.025	0.039	0.00279641362298392	AIFM2	c3
0.417573053410677	0.261780850625613	0.089	0.088	1	DHRS13	c3
6.36243912143706e-17	-0.26175925546629	0.533	0.609	2.13383483254756e-12	DNAJB6	c3
0.274164626308716	0.261742346232507	0.01	0.012	1	PTER	c3
0.0987068478632499	0.261531220094253	0.157	0.157	1	RUVBL2	c3
0.153491690801855	0.261496147330674	0.093	0.09	1	PPP2R5B	c3
3.05314294539043e-103	-0.261464960237573	0.993	0.992	1.02396308102504e-98	RPLP0	c3
4.43687741276504e-16	-0.261255563976281	0.131	0.18	1.48803994669314e-11	RUNX2	c3
0.800785210641292	0.261071109929615	0.08	0.083	1	MOSPD3	c3
0.541531605589436	0.261068763762406	0.039	0.038	1	PGAM5	c3
0.352451466414941	0.260993285066926	0.176	0.182	1	SMIM37	c3
0.227868084692936	0.260971226990933	0.047	0.051	1	GMEB2	c3
3.06860636370421e-14	-0.260964609479779	0.155	0.204	1.02914920225912e-09	SOD2	c3
0.00504794789524505	0.260775283585872	0.243	0.241	1	ECH1	c3
0.755684584761322	0.260773894291432	0.077	0.08	1	CDK5RAP2	c3
0.976283134583873	0.260759494731804	0.066	0.067	1	RPS6KC1	c3
1.51487530750063e-23	-0.260531444156802	0.395	0.483	5.08058880629562e-19	RPL22L1	c3
0.658106469972697	0.260483497878203	0.013	0.014	1	PPIP5K1	c3
5.80527900588305e-10	-0.260471729052422	0.047	0.07	1.94697447299306e-05	KCTD17	c3
1.51627792899198e-05	-0.260466257200659	0.032	0.045	0.50852929182533	DCUN1D4	c3
0.420919031621147	0.260395010642118	0.109	0.109	1	RUFY1	c3
0.21404192653702	0.260365982312232	0.098	0.095	1	PPP3CA	c3
0.623621478448535	0.260365197762084	0.061	0.06	1	ATP10D	c3
0.0874760509931214	0.260283838406243	0.143	0.14	1	GMCL1	c3
0.91507062301766	0.260242914876212	0.021	0.021	1	ZNF787	c3
6.26359954317783e-11	-0.26021221899406	0.13	0.167	2.10068601479098e-06	SKI	c3
0.00075792891627867	0.260156154376262	0.272	0.272	1	DENR	c3
0.698778416559581	0.260076132295112	0.042	0.042	1	SLC35F6	c3
0.00181344364001481	0.259968158752616	0.252	0.249	1	SHKBP1	c3
1.38844683628083e-17	-0.259956799184887	0.331	0.406	4.65657299951866e-13	PTPN1	c3
0.629542122963892	0.259950800239729	0.031	0.032	1	ALDH3A2	c3
0.552715658648402	0.259900658088076	0.018	0.02	1	UTP14C	c3
0.877808969590928	0.259852508433503	0.048	0.049	1	CENPB	c3
0.0104042306464559	-0.259847448978094	0.015	0.02	1	CXorf57	c3
0.000941331023051683	-0.25980585142652	0.015	0.021	1	UBTD2	c3
1.96073926748904e-09	-0.25973791813815	0.061	0.085	6.57592735530473e-05	SPSB1	c3
0.00080981092492546	-0.259659327434958	0.011	0.016	1	ARIH2OS	c3
0.869691137051218	0.259654890220861	0.11	0.115	1	ACBD5	c3
0.98620357263117	0.25956933904605	0.012	0.012	1	AGER	c3
5.35425819018409e-15	-0.259533914538667	0.09	0.13	1.79571111182394e-10	CEP85L	c3
0.789897195317279	0.259519244546508	0.145	0.151	1	SURF1	c3
0.245702946251502	0.259511838685357	0.014	0.016	1	CIDEB	c3
2.17233238058192e-10	-0.259498057921098	0.079	0.109	7.28556833799565e-06	NMD3	c3
0.353604308082104	0.259466074692885	0.148	0.15	1	BRD8	c3
0.787295887841806	0.259438772986769	0.083	0.084	1	ALKBH4	c3
0.168798170061617	0.259377154906577	0.014	0.017	1	IMPACT	c3
0.704478246048261	0.259366989779319	0.05	0.052	1	TBCCD1	c3
0.100987957192773	0.259290871537278	0.081	0.091	1	NUDT2	c3
0.624590805451307	0.259209876483454	0.033	0.035	1	DIAPH2	c3
0.202720208272383	0.259181681112952	0.078	0.075	1	MNT	c3
0.0431352787548498	0.259178865060723	0.155	0.152	1	RDH14	c3
0.963373947039773	0.259153067068984	0.06	0.061	1	ATG4A	c3
0.538989996935372	0.259140258558131	0.108	0.109	1	DDX59	c3
1.60853999515093e-05	-0.259014282153693	0.014	0.022	0.53947214357372	CASK	c3
0.0132548445734769	-0.258978235031709	0.007	0.01	1	TTC39C-AS1	c3
0.460755304595789	0.258960675708816	0.083	0.089	1	TMEM141	c3
1.93778894999646e-05	-0.258701468744158	0.017	0.027	0.649895658049813	MYL5	c3
0.846697674383915	0.258676207237241	0.07	0.071	1	PEX14	c3
0.683128487377577	0.258661784934238	0.053	0.055	1	MAVS	c3
3.36958618102263e-06	-0.258574154371938	0.038	0.053	0.113009181339137	DUSP3	c3
0.731654690208491	0.258554328132205	0.068	0.068	1	RRP9	c3
0.00186084246274449	0.2585070305298	0.236	0.233	1	PRPF31	c3
0.00186247605984049	-0.258503277154332	0.008	0.013	1	NEK6	c3
0.000264268941114525	-0.258466348377669	0.006	0.011	1	ZGRF1	c3
0.2208707365354	0.258261525053897	0.112	0.11	1	GALNT1	c3
0.335055949746961	0.258197131419845	0.014	0.016	1	MECR	c3
0.305405393162074	0.258150808063072	0.131	0.132	1	DNAJC5	c3
0.978197753963547	0.258065482884802	0.038	0.038	1	DENND4B	c3
0.232234362579613	0.258058366674424	0.176	0.179	1	GET4	c3
0.216438485390825	0.257981189084278	0.147	0.147	1	PHACTR4	c3
0.951488288527496	0.257961026455665	0.018	0.018	1	ZFP28	c3
0.883088404801405	0.257886047028139	0.082	0.085	1	ZSWIM7	c3
0.9420432756752	0.257819705642608	0.051	0.053	1	PYCR2	c3
3.62724959270031e-20	-0.257766192678221	0.512	0.59	1.21650696839983e-15	ATP1B3	c3
0.345072919624637	0.257739404207555	0.083	0.082	1	SCAP	c3
0.00195561999298931	-0.257666212211305	0.008	0.013	1	ARHGEF5	c3
0.731430440662258	0.257591624142092	0.03	0.031	1	TRIM5	c3
0.906517412269652	0.257546217893993	0.027	0.027	1	FAM189B	c3
6.40327638978797e-24	-0.257503994594455	0.292	0.38	2.14753083560709e-19	STAU1	c3
0.413474694549209	0.257501395053839	0.103	0.102	1	COG1	c3
1.50287638287199e-08	-0.257469683564877	0.037	0.055	0.000504034681287609	TYW5	c3
0.301472928107529	0.257371861263072	0.017	0.019	1	ZNF197	c3
3.86059260113471e-06	-0.2573356640179	0.023	0.035	0.129476554656856	SNX8	c3
1.89500259894752e-07	-0.25723662549068	0.024	0.038	0.00635545971635018	AL138724.1	c3
0.422847600769375	0.257220509244383	0.1	0.099	1	CCDC66	c3
0.518894468708537	0.257063193129949	0.077	0.076	1	MGA	c3
0.877881705088683	0.257059774666468	0.024	0.024	1	PLA2G6	c3
0.251942485061772	0.256994806275397	0.133	0.133	1	CPTP	c3
0.271842713250551	0.256926650894716	0.037	0.041	1	ZSCAN2	c3
7.06985822918138e-08	-0.256916417455459	0.063	0.085	0.00237108905290285	KDM7A	c3
0.000104564795172516	0.25690564854363	0.289	0.286	1	LRP10	c3
2.35724852866778e-16	-0.256887499102726	0.187	0.245	7.905740115446e-12	PPIL4	c3
0.229266381654893	0.256878270972748	0.162	0.165	1	GNPTG	c3
8.60577407230675e-22	-0.25684060421215	0.461	0.549	2.88620450837024e-17	NDFIP1	c3
0.771615561606746	0.256813763521822	0.038	0.039	1	RBSN	c3
0.525764885890763	0.256784475202612	0.086	0.085	1	GABPA	c3
1.87735282665962e-14	-0.256764677034994	0.1	0.14	6.29626591005102e-10	OXCT1	c3
1.70576775303123e-05	0.256520123498474	0.307	0.304	0.572080389011613	CNOT7	c3
1.38862909444713e-05	0.256512115742901	0.309	0.301	0.465718425695678	TNKS2	c3
0.00322089196878333	-0.256499349654622	0.011	0.017	1	ARSB	c3
0.52249048702729	0.256459700758144	0.055	0.058	1	PMS1	c3
3.85855092760451e-06	0.256439592948781	0.304	0.296	0.12940808101	BAD	c3
0.262669423994221	0.256379198687403	0.138	0.139	1	EP400	c3
0.948224868399541	0.256363010384971	0.086	0.088	1	IGF2R	c3
0.000240563490593212	-0.256306426004255	0.013	0.02	1	SLC31A1	c3
0.649538618086259	0.25627977167532	0.109	0.116	1	GOT2	c3
1.79444265452908e-05	-0.256093270741279	0.017	0.027	0.601820177475962	GDAP1	c3
0.661318029385345	0.256033968263639	0.065	0.065	1	TASP1	c3
0.536405536039012	0.255949136702245	0.148	0.152	1	PSMB8-AS1	c3
0.469751773488161	0.255920663358615	0.098	0.104	1	RFX5	c3
0.390451640507739	0.255869508598091	0.092	0.1	1	PAFAH1B3	c3
5.30336391252705e-19	-0.255851811609022	0.17	0.232	1.77864218898332e-14	KCTD20	c3
0.26218509657518	0.255824837100211	0.021	0.023	1	SLC25A45	c3
0.0531100308455064	0.255340371363616	0.217	0.219	1	JAGN1	c3
0.0205502176617375	-0.255326924292111	0.007	0.01	1	ZNF440	c3
0.861999273205894	0.255311350989748	0.088	0.092	1	EXOC2	c3
0.837658269328796	0.255306604280581	0.04	0.04	1	GPATCH1	c3
0.374806249751559	0.255235267575222	0.035	0.038	1	CASP6	c3
0.699141521574739	0.255232363780682	0.012	0.013	1	AC004922.1	c3
0.690887152839319	0.255151956426993	0.114	0.116	1	HEBP2	c3
6.28796814692173e-19	-0.255014359674731	0.191	0.255	2.10885875711461e-14	LUC7L	c3
6.60282569896726e-12	-0.254959045551179	0.089	0.123	2.21445568291964e-07	C12orf49	c3
0.00090877799517855	-0.254901792767449	0.016	0.023	1	ZNF543	c3
5.3102768800395e-05	-0.254670590115781	0.034	0.046	1	HDAC4	c3
0.137705673508791	0.254613807968841	0.2	0.203	1	POLE4	c3
0.114708949567891	0.254593791309738	0.053	0.06	1	C12orf73	c3
0.874906763442968	0.254327867634705	0.052	0.054	1	LDB1	c3
0.0233156777557642	0.254311188467543	0.199	0.199	1	ACAT2	c3
0.692647199141515	0.254271214963907	0.104	0.11	1	UFL1	c3
0.0845458324918436	0.254243543258611	0.171	0.171	1	RAB5B	c3
1.44119392905199e-07	-0.254128366207853	0.044	0.062	0.00483347619925456	AC013394.1	c3
0.490458498208302	0.254059513984166	0.099	0.106	1	TNRC6A	c3
0.952239667852709	0.254041736990877	0.059	0.06	1	VAMP1	c3
0.0209496404035354	0.253962442747742	0.25	0.254	1	ATP6V1E1	c3
0.977339068626419	0.253850735087823	0.049	0.05	1	SLC25A30	c3
0.472479786340125	0.253787756194821	0.026	0.027	1	CRYL1	c3
2.12330821520054e-06	-0.253759954485356	0.026	0.039	0.0712115109213958	ZNF614	c3
5.27806525915422e-11	-0.253657784537001	0.047	0.072	1.77015752661514e-06	BRI3BP	c3
0.974980386172489	0.253618308305372	0.193	0.206	1	PTRHD1	c3
0.920432757613988	0.253575904417507	0.1	0.103	1	AARS	c3
0.000206262381220884	-0.253557786219409	0.028	0.038	1	DGKH	c3
2.39042616425274e-05	-0.253523837111732	0.029	0.041	0.801701126967083	ZNF184	c3
0.664462636343311	0.253336434035262	0.057	0.06	1	RNF31	c3
1.83611682706679e-05	0.253243407073683	0.265	0.252	0.615796861461661	SDF2L1	c3
3.00585027742654e-11	-0.253234518475189	0.053	0.079	1.00810206604331e-06	ZUP1	c3
0.615401717640032	0.253099541667448	0.112	0.114	1	GTPBP8	c3
0.0146525035819517	-0.252976684963024	0.015	0.02	1	TRBV5-4	c3
2.89598922636334e-05	-0.252972763411891	0.021	0.031	0.971256866737737	PDCD4-AS1	c3
0.901219172598623	0.252842897242157	0.018	0.018	1	ZNF765	c3
2.7572592132007e-06	0.252733861510263	0.361	0.361	0.0924729594923252	RBBP4	c3
0.625861484819514	0.252570750608295	0.065	0.064	1	CLIP4	c3
0.739318159774432	0.252468519369589	0.028	0.029	1	HERC3	c3
1.4853498051776e-08	-0.252460853597508	0.05	0.07	0.000498156617660462	COPRS	c3
0.00471026235255561	0.252442795161862	0.244	0.243	1	ITGB1BP1	c3
0.0020554482032491	-0.252236311130583	0.013	0.019	1	GCNA	c3
0.367555373970452	0.25223533193814	0.165	0.168	1	MYO9B	c3
1.61479519605704e-10	-0.252184173546697	0.055	0.08	5.41570012853611e-06	TESC	c3
0.987891404617841	0.252105433930161	0.102	0.106	1	FBXO9	c3
0.243377646326004	0.252057002705403	0.167	0.169	1	CTNNBL1	c3
0.398458802903813	0.252003449871187	0.186	0.191	1	STAT1	c3
0.44545547869782	0.252001086093981	0.047	0.051	1	GFM2	c3
0.309583399488889	0.251963000547142	0.025	0.023	1	BLK	c3
1.17405262299481e-17	-0.251926561485573	0.15	0.206	3.93753768699998e-13	DLST	c3
0.471198869588451	0.25191632345634	0.096	0.102	1	GPANK1	c3
0.646681912480079	0.251750756865648	0.056	0.055	1	RMND1	c3
0.789515739534565	0.251693589595954	0.105	0.107	1	B3GALT4	c3
0.0939672297273018	0.251656893010941	0.173	0.172	1	PARP14	c3
0.0962697877625835	0.251628092127338	0.011	0.014	1	HMBS	c3
0.727885701400346	0.251608328798736	0.042	0.043	1	VPS8	c3
1.62215074591998e-25	-0.251566609064235	0.563	0.651	5.44036917166642e-21	ARID4B	c3
0.00803214813491733	-0.251464911964471	0.01	0.014	1	Z93930.2	c3
0.078190395753663	0.251232466805427	0.146	0.143	1	RETREG3	c3
1.56047077588599e-07	-0.251225472241325	0.049	0.068	0.00523350688816644	INTS6L	c3
0.550371572995503	0.251215995212314	0.03	0.032	1	ZMYM4	c3
0.177720556666377	0.2511104821102	0.011	0.013	1	GATB	c3
0.234605029853777	0.251044747478483	0.148	0.148	1	CTDSP2	c3
0.234662534991887	0.251019419718569	0.179	0.182	1	C19orf25	c3
0.00201981970968929	0.250866349830521	0.262	0.261	1	STMP1	c3
0.582763300132085	0.250797117938968	0.105	0.112	1	TIMMDC1	c3
0.457005280300681	0.25075476341583	0.165	0.171	1	METTL17	c3
0.933924810067306	0.250623385576259	0.014	0.014	1	AL512625.3	c3
0.954119841383748	0.250572433471029	0.033	0.033	1	NKRF	c3
0.851124376911438	0.250558221120536	0.147	0.155	1	COA3	c3
0.668267039708624	0.25053610373861	0.131	0.134	1	CDC25B	c3
8.16334795376533e-17	-0.250496351077419	0.216	0.277	2.73782363673382e-12	RALGAPA1	c3
0.390206253988358	0.250486488556859	0.04	0.043	1	ORC3	c3
2.87232475716555e-16	-0.250387253076698	0.183	0.241	9.63320277058181e-12	CDC5L	c3
0.974300860361206	0.250386495017264	0.151	0.159	1	TRIM21	c3
0.747589625830517	0.250341742878212	0.132	0.135	1	NOL8	c3
0.956031893663736	0.250332299085247	0.012	0.012	1	RNF144A	c3
0.688002134593123	0.25002468895917	0.019	0.02	1	HS3ST3B1	c3
1.29666451926989e-05	-0.250023668375994	0.047	0.062	0.434875346472737	DNAJC27	c3
0.978206902614399	0.250008089381368	0.011	0.011	1	DBH-AS1	c3
0.282742876633949	0.249961683932593	0.01	0.012	1	ALG10	c3
0.200446837812304	0.249950791506181	0.024	0.027	1	KLHL22	c3
0.874901743765892	0.249853701766102	0.012	0.012	1	LRRC75A	c3
0.119970897295406	0.249797527407015	0.029	0.033	1	POLA2	c3
0.954403781327887	0.249797348155186	0.103	0.107	1	CCDC127	c3
1.45001680455431e-17	-0.249744792153781	0.179	0.238	4.86306635911424e-13	EHD4	c3
0.173284809124987	0.249697457394149	0.015	0.018	1	RYR1	c3
1.52964925712258e-05	0.249688818358505	0.328	0.325	0.513013767853771	CD2BP2	c3
0.541986425775569	0.249660931565265	0.12	0.122	1	MPHOSPH6	c3
1.38069513222775e-06	-0.249645178660272	0.026	0.04	0.0463057533446542	STARD4	c3
8.26245791987468e-11	-0.249641184389553	0.063	0.09	2.77106313716757e-06	CENPM	c3
0.477731002582025	0.249628071323115	0.059	0.063	1	PITPNA-AS1	c3
0.408248435946793	0.249541204650602	0.056	0.06	1	TRAPPC12	c3
0.0988949990840293	0.249519111178011	0.178	0.179	1	ATF6B	c3
0.895984179554729	0.249494777924016	0.098	0.1	1	AP3M1	c3
0.000150974854383556	-0.249337526222669	0.012	0.019	1	ZNF367	c3
0.651241658935849	0.249318277388343	0.101	0.102	1	CFAP97	c3
4.17220527746202e-11	-0.249303201634087	0.067	0.096	1.39927420595521e-06	PRCP	c3
0.467603713467153	0.249288303949392	0.13	0.132	1	TVP23B	c3
0.552780872087094	0.249152419899994	0.118	0.126	1	SUCLA2	c3
0.617174073068656	0.248928355632698	0.035	0.034	1	PLEKHO2	c3
0.999989672685912	0.248859748559916	0.021	0.021	1	XRRA1	c3
0.571366740612251	0.248851379886866	0.072	0.071	1	TRAPPC8	c3
5.17288464598653e-16	-0.248699507213823	0.224	0.286	1.73488205257096e-11	RANGAP1	c3
0.594167804258435	0.248657756929942	0.016	0.017	1	MTERF2	c3
2.21206408528161e-06	-0.248655291931069	0.554	0.58	0.0741882052921746	HMGB2	c3
0.596801459482254	0.248563565947765	0.019	0.021	1	ZNF641	c3
0.18696316996728	0.248540171651623	0.047	0.053	1	NT5DC1	c3
0.918553564828123	0.248443725027614	0.069	0.07	1	NSDHL	c3
0.826839717922218	0.248439221726444	0.094	0.098	1	PPIP5K2	c3
0.928670754918573	0.248413250708095	0.022	0.022	1	ZNF436	c3
0.91726615446793	0.248368460506571	0.07	0.072	1	ZNF3	c3
1.29819970745627e-09	-0.248358287355185	0.048	0.07	4.35390217886683e-05	HSD17B12	c3
0.422113664007414	0.24833111077324	0.038	0.041	1	METTL22	c3
0.728178594271663	0.248304333236721	0.138	0.143	1	PPIE	c3
0.500756607369496	0.248285596750521	0.122	0.123	1	TMEM138	c3
0.247399569967827	0.248257850458758	0.078	0.085	1	REEP4	c3
0.721420125069104	0.24825704684656	0.038	0.039	1	LRIG2	c3
0.229489099036742	0.248231427421221	0.132	0.131	1	RFFL	c3
0.944613157264675	0.248177616010946	0.069	0.07	1	GIGYF1	c3
0.658118237118564	0.248048029587039	0.04	0.042	1	TMEM192	c3
7.27847391392548e-06	-0.247958127026432	0.035	0.049	0.244105458125233	TMED7	c3
0.205031991702642	0.247953425344961	0.174	0.177	1	GAPVD1	c3
0.954291071936153	0.247943981900536	0.064	0.065	1	ATMIN	c3
0.091626617882371	0.247928488669482	0.024	0.028	1	ZNF85	c3
1.43420213026719e-05	0.247918274291138	0.324	0.315	0.481002710449009	IL2RB	c3
0.908069365761326	0.247864184776828	0.064	0.066	1	LINC00909	c3
0.781033664657671	0.247830170879554	0.075	0.078	1	MFSD8	c3
0.752939229236027	0.247792224186088	0.116	0.119	1	ARFIP2	c3
0.725377804953166	0.247757611744031	0.022	0.023	1	SGSM3	c3
0.726890977713849	0.247727235248141	0.021	0.022	1	RHBDD1	c3
0.917181592082357	0.247715474244028	0.077	0.079	1	TTC4	c3
0.099307891413231	0.247672644320266	0.03	0.034	1	AP5S1	c3
0.534401699217285	0.24767133834334	0.06	0.063	1	ALDH18A1	c3
7.49190328619124e-13	-0.247653819412874	0.078	0.112	2.51263452412282e-08	FAM168B	c3
4.32872666219001e-10	-0.247501965398046	0.07	0.097	1.45176834796529e-05	GMNN	c3
1.95130431175594e-21	-0.247484246487826	0.312	0.397	6.54428440076706e-17	TNIP2	c3
0.855795427586798	0.247473362580916	0.077	0.08	1	ZC3H11A	c3
0.246681346692704	0.24747025608569	0.137	0.137	1	BBIP1	c3
0.498488707794328	0.247407528173266	0.031	0.033	1	LRSAM1	c3
0.735775146682686	0.24728928499023	0.068	0.069	1	PCNX1	c3
0.170830252398947	0.247266258930672	0.197	0.202	1	RCN2	c3
0.103956645255597	0.247233166420679	0.126	0.123	1	CLIC3	c3
0.647848206984528	0.246911879652189	0.071	0.074	1	PRR14L	c3
1.21455572500077e-13	-0.246908790520927	0.194	0.246	4.07337699050759e-09	GPRIN3	c3
0.82701052276762	0.246869566201884	0.024	0.024	1	TTC39B	c3
6.62743968364768e-08	-0.246862099766129	0.049	0.069	0.00222271072110176	QTRT2	c3
0.708509062022756	0.24681095870943	0.021	0.021	1	PDP2	c3
4.73056876922271e-06	-0.246749993832692	0.029	0.042	0.158653815382191	ZFYVE16	c3
0.121226755368977	0.246734028997581	0.184	0.185	1	GNPAT	c3
2.83113134549789e-07	-0.246727635297701	0.019	0.031	0.00949504830653083	CHAF1A	c3
0.955281839331149	0.246661705971852	0.084	0.087	1	MAN1B1	c3
2.57698511874804e-05	0.246639647644857	0.33	0.328	0.864269269125719	SNX1	c3
0.000206765100599679	0.246633578773561	0.283	0.28	1	DDRGK1	c3
4.35273537090372e-06	-0.246619095932531	0.019	0.03	0.145982038869369	FARS2	c3
0.00102054925176487	0.246598225690317	0.29	0.292	1	POLR2J	c3
2.67611950503502e-06	0.246472599675532	0.329	0.322	0.0897516959598644	OGFR	c3
0.567649181125375	0.246464442011099	0.012	0.013	1	PPP1R3F	c3
0.488686026621149	0.24640365921983	0.085	0.084	1	TSC2	c3
1.31713637019442e-18	-0.246238874713354	0.161	0.22	4.41741195835804e-14	UBQLN1	c3
0.888997721463954	0.246157377624083	0.038	0.038	1	ZNF45	c3
0.000878798198017381	-0.246126079889383	0.013	0.019	1	CAPRIN2	c3
0.364666484630361	0.246098198782838	0.098	0.097	1	ZNF276	c3
0.597850684631464	0.245926790289956	0.156	0.162	1	SDHD	c3
0.124646624218181	0.24589273917341	0.179	0.18	1	MPC1	c3
2.22246067828e-10	-0.245848442103738	0.06	0.086	7.45368862281547e-06	PRPS2	c3
0.227187607684686	0.245806505070139	0.185	0.188	1	SRPK2	c3
0.0911520620664062	0.245797055336201	0.012	0.015	1	BCKDHB	c3
2.7946357479562e-35	-0.245795110206322	0.708	0.786	9.37264937149551e-31	EIF5	c3
0.40026721064213	0.245779242065812	0.177	0.183	1	MCRS1	c3
0.744001384255711	0.24566911897678	0.128	0.135	1	RABL6	c3
0.433509644935721	0.245625353299829	0.068	0.073	1	NFKBIL1	c3
0.836477171870758	0.245583995204877	0.102	0.107	1	RPUSD1	c3
7.97161722632357e-19	-0.245515257469043	0.211	0.279	2.6735209853644e-14	KIAA1191	c3
5.29861927611608e-09	-0.245467615784207	0.312	0.365	0.000177705093282381	SLA	c3
0.951499437473998	0.245428911551011	0.09	0.093	1	SLC44A2	c3
9.49324021430612e-13	-0.245408589582554	0.193	0.242	3.18384290307399e-08	RARA	c3
1.50696560494441e-05	-0.245382003718185	0.019	0.03	0.505406124586256	ASF1B	c3
0.234269544306638	0.245376930078383	0.016	0.018	1	AMPD3	c3
0.975520411677748	0.245365432788009	0.012	0.012	1	HSPA1L	c3
1.09567814339499e-12	-0.245352917219642	0.098	0.135	3.6746853573181e-08	GMFB	c3
8.9660405350484e-06	-0.245345225926985	0.023	0.034	0.300703067464453	HMSD	c3
9.22122530573118e-13	-0.24527779609374	0.104	0.142	3.09261454303612e-08	HIVEP2	c3
2.96425040841568e-07	-0.24526553241687	0.015	0.026	0.00994150301974452	NCAPG	c3
3.43636885150327e-09	-0.24526438794081	0.032	0.05	0.000115248938541717	PTPRN2	c3
0.473003830115448	0.245262242365961	0.013	0.014	1	TRBV21-1	c3
1.05403290957865e-21	-0.245200192760799	0.255	0.334	3.53501557214487e-17	HNRNPH1	c3
0.805915462957465	0.245056408907287	0.139	0.145	1	DPM3	c3
0.519126589113923	0.244942631477695	0.085	0.09	1	CDK5RAP1	c3
0.00112722695328239	0.244939391291058	0.292	0.293	1	ANAPC5	c3
0.95663122873117	0.244923354653768	0.011	0.011	1	SEMA4F	c3
0.666371216970094	0.244909442574392	0.045	0.047	1	ZNHIT6	c3
0.988121810873443	0.244895807860761	0.058	0.06	1	ZNF484	c3
0.00509338749342569	-0.244869792485151	0.014	0.02	1	TEX2	c3
6.51702251669283e-06	0.244634150031189	0.321	0.312	0.218567901164844	VAMP2	c3
0.451671311302791	0.244559896930459	0.042	0.045	1	PIGL	c3
0.879542015344628	0.244459783848537	0.051	0.051	1	PET117	c3
2.49510916012474e-33	-0.244416435020637	0.665	0.737	8.36809710122636e-29	HNRNPC	c3
0.00935318375831731	0.244398610198272	0.265	0.267	1	PDHB	c3
4.88837204117567e-11	-0.244359568243681	0.06	0.087	1.6394622151695e-06	SH3BP5	c3
0.167442798585165	0.244332408038064	0.185	0.187	1	AZI2	c3
0.00113210703507895	-0.244283208435216	0.02	0.027	1	FBXO46	c3
0.880698019507053	0.244187897367394	0.014	0.015	1	ZNF616	c3
0.754441314981789	0.244187352214313	0.065	0.068	1	FAM172A	c3
0.100890575083644	-0.244069569569476	0.007	0.01	1	ADAMTS17	c3
0.800843614910714	0.243935675958626	0.036	0.037	1	KLHL8	c3
0.975812284290876	0.243930774245383	0.094	0.097	1	BIN3	c3
0.46801241120164	0.243878342435156	0.111	0.112	1	RTL8A	c3
0.00628142500260873	-0.243866899371438	0.026	0.033	1	TRGV2	c3
1.53299353533385e-11	-0.243857302101596	0.074	0.105	5.14135371880266e-07	VAV1	c3
0.385382400403087	0.243792209469304	0.111	0.111	1	POLK	c3
0.639631402172728	0.24366446209333	0.08	0.084	1	TATDN1	c3
0.677531602848121	0.243627569922048	0.025	0.026	1	ITPKC	c3
9.19058400030489e-19	-0.243545236000417	0.308	0.382	3.08233806202225e-14	CYSTM1	c3
0.0178976174251563	0.243542331330369	0.244	0.245	1	CYFIP2	c3
0.992707148695527	0.243321502373754	0.032	0.032	1	USP30-AS1	c3
4.31547513674129e-16	-0.243313058945709	0.212	0.274	1.4473240513603e-11	SETD2	c3
1.20453080161275e-14	-0.243114197912561	0.125	0.171	4.03975540244884e-10	SLC25A36	c3
0.555694652655374	0.243034543948601	0.134	0.137	1	R3HCC1	c3
0.751918538814497	0.242984067595609	0.071	0.071	1	CETN2	c3
0.747605906122625	0.242840854280149	0.112	0.118	1	NSMCE4A	c3
0.382484494718642	0.242787978615392	0.077	0.083	1	MLH1	c3
0.366030479194568	0.242772564021709	0.122	0.122	1	CBR1	c3
1.2636610393656e-15	-0.242634535299652	0.295	0.366	4.23806639382435e-11	SBDS	c3
0.684699568061263	0.242447958121968	0.039	0.041	1	ATP11C	c3
0.932033235250517	0.242341978592946	0.067	0.068	1	ZER1	c3
2.15111494757326e-09	-0.242301348990697	0.071	0.097	7.21440931117122e-05	CHP1	c3
0.722180842566013	0.242177068179392	0.009	0.01	1	DHCR24	c3
5.4776635648698e-07	-0.242109370505315	0.026	0.039	0.0183709880638603	TRMT44	c3
7.17426426767e-13	-0.242096273358304	0.13	0.172	2.40610475009116e-08	IFNGR1	c3
2.82008081003746e-05	0.242077130281427	0.342	0.341	0.945798702070364	MRFAP1L1	c3
0.00428672520682375	0.241965308156541	0.255	0.256	1	CHMP2A	c3
0.95031737399372	0.241759438558307	0.052	0.053	1	HDAC10	c3
5.41045934565973e-07	-0.241747555811676	0.023	0.036	0.0181455985534736	TRAV17	c3
0.902813439890964	0.241688037929922	0.096	0.1	1	OAZ2	c3
0.725305949764548	0.241680016765376	0.052	0.054	1	FBXL6	c3
0.000113467296991048	0.24158172175365	0.316	0.317	1	PSMD4	c3
0.666017807445499	0.241578965587726	0.104	0.109	1	MRPS33	c3
0.000137315164299246	-0.24155063338372	0.032	0.043	1	GPHN	c3
0.267348153698687	0.241506270016082	0.051	0.056	1	POLM	c3
0.224251431509948	0.241426555165484	0.098	0.107	1	AKR7A2	c3
0.817099485081679	0.241372439509503	0.088	0.092	1	ACAA2	c3
0.605301746432984	0.241294795450605	0.041	0.044	1	MOSPD2	c3
0.550470695347352	0.24119411031824	0.071	0.075	1	SLC38A10	c3
0.791006447037497	0.241087163915788	0.048	0.048	1	ZBTB40	c3
0.48948312430912	0.241046678620557	0.033	0.035	1	CDC7	c3
0.0696246849897227	0.241037197845972	0.219	0.222	1	C1orf35	c3
3.18373094863989e-16	-0.240908813388561	0.136	0.186	1.06775968555485e-11	SRSF6	c3
0.5204449939125	0.240889785960937	0.009	0.01	1	RNF227	c3
0.535353632578483	0.240860801634137	0.088	0.087	1	NXPE3	c3
1.71382840513918e-26	-0.240804123665654	0.528	0.614	5.74783770515577e-22	SFPQ	c3
0.0867290437112917	0.24074047029807	0.041	0.047	1	RFC5	c3
0.529046154919325	0.240622873272412	0.063	0.067	1	TRMT10B	c3
0.648460898452685	0.240563552832859	0.112	0.114	1	ACTL6A	c3
0.591317613931798	0.240554099965346	0.072	0.072	1	CC2D1B	c3
0.835670806857537	0.240541192479467	0.1	0.102	1	DPH1	c3
0.288058338954489	0.24052445149035	0.053	0.058	1	ABHD2	c3
0.521250869188048	0.240523915690638	0.014	0.015	1	ZNF225	c3
0.468091832809427	0.240460795046583	0.01	0.011	1	BORCS8-MEF2B	c3
0.595155908178211	0.240424147541753	0.048	0.05	1	ABHD4	c3
0.355085727843164	0.240327369761682	0.098	0.106	1	TRUB2	c3
0.00433776791212792	0.240300746366576	0.266	0.267	1	MRPS5	c3
0.634624672554061	0.240264374373077	0.056	0.059	1	GNB1L	c3
0.133449421259657	0.240257421499981	0.031	0.035	1	ZNF280D	c3
0.161736598267916	0.240188998828958	0.205	0.211	1	FDPS	c3
0.707666292719844	0.240137519881565	0.124	0.131	1	DMTF1	c3
5.51438946142765e-08	-0.240010235474355	0.228	0.266	0.00184941593757361	LGALS1	c3
0.188997946263152	0.239926806209114	0.189	0.193	1	DCAF11	c3
0.819479101069083	0.239865096144688	0.087	0.091	1	SLC41A3	c3
0.431499501380442	0.239814069264359	0.054	0.058	1	SRD5A1	c3
0.680854175208844	0.239804035572349	0.03	0.029	1	NCR1	c3
2.26846420256323e-20	-0.239652732106382	0.381	0.466	7.60797524255655e-16	NASP	c3
0.706616992400352	0.23955888059248	0.172	0.18	1	MRPS16	c3
0.990097493775077	0.239557872861497	0.044	0.044	1	TAP2	c3
0.112719880151773	0.23927657525234	0.057	0.063	1	MRPL23	c3
0.649643630594583	0.239272016752172	0.042	0.044	1	XPO7	c3
0.055193823676872	0.239107418425524	0.235	0.241	1	CHMP5	c3
5.98239673822652e-16	-0.238939915296275	0.135	0.185	2.00637621806641e-11	ELOA	c3
0.586677731115368	0.238882299989527	0.101	0.102	1	UBE2R2	c3
0.692070723405821	0.23874640180631	0.105	0.106	1	MDM4	c3
0.511741691750731	0.238736017662696	0.058	0.061	1	TMEM106B	c3
1.01830915802264e-06	-0.238735981680473	0.028	0.042	0.0341520525417632	LARP1B	c3
0.920509697392417	0.238714508301127	0.032	0.032	1	CEP44	c3
0.0580136687914226	-0.238608380036954	0.009	0.012	1	CYP2U1	c3
2.68561294132298e-17	-0.238509131910369	0.209	0.272	9.00700868260902e-13	SPAG9	c3
0.000101789837159968	-0.238333725569998	0.02	0.029	1	NCALD	c3
5.66309501172051e-06	-0.238313064440805	0.035	0.048	0.189928880503083	SLC20A2	c3
0.000490531381362392	-0.238222863315388	0.024	0.033	1	TPPP	c3
2.89716696160358e-25	-0.238210660019341	0.759	0.808	9.71651855582608e-21	LRRFIP1	c3
0.537619030360736	0.238137855881568	0.128	0.13	1	ZDHHC7	c3
0.000603546724441619	0.238121024916236	0.264	0.257	1	DAPK2	c3
6.86857259221179e-63	-0.23804608351646	0.888	0.917	2.30358187597599e-58	RPL4	c3
0.557133748409809	0.238028679736049	0.149	0.153	1	LIX1L	c3
0.330922176930012	0.237893188010767	0.095	0.093	1	RHOC	c3
2.04164814350004e-07	-0.237834721227175	0.028	0.043	0.00684727954367045	MTMR2	c3
0.64772960657928	0.237816981755903	0.032	0.034	1	AC245297.3	c3
0.796463985449061	0.237774914214572	0.078	0.079	1	NUDCD3	c3
2.43807095353066e-11	-0.237746773271305	0.098	0.132	8.17680236395112e-07	CTDP1	c3
0.52152333573268	0.237654787278723	0.05	0.052	1	INTS9	c3
0.998722425688559	0.237567811620604	0.077	0.079	1	SETDB2	c3
4.3422068309885e-06	-0.237505549434332	0.042	0.058	0.145628932697692	ABHD6	c3
0.511088886370955	0.237363615910877	0.066	0.07	1	ACYP2	c3
0.92898678650304	0.237225689656877	0.077	0.079	1	CLPTM1L	c3
2.37078228226345e-09	-0.237141960229754	0.065	0.09	7.95112961825516e-05	SIAH1	c3
0.000396599551696713	0.236977371100558	0.309	0.306	1	PHIP	c3
0.79127786408818	0.236933975210484	0.114	0.116	1	CEP104	c3
8.00239686556821e-05	0.236908884474813	0.189	0.174	1	ACP5	c3
0.295611810811731	0.236828408920625	0.023	0.026	1	AMMECR1	c3
0.000102368260802262	0.23677543536223	0.314	0.312	1	AATF	c3
0.7461090169451	0.236527101608893	0.012	0.012	1	C12orf66	c3
0.603071321167773	0.236454291398704	0.011	0.012	1	CHML	c3
0.000767292416037101	0.236392358864669	0.306	0.31	1	LSM2	c3
4.18424050822691e-10	-0.236251124647663	0.074	0.102	1.40331058164914e-05	CRTC3	c3
5.47751540257645e-12	-0.236221439712242	0.117	0.156	1.83704911571609e-07	LPAR2	c3
0.666884787367946	0.236098336207618	0.047	0.049	1	DCAF17	c3
0.567728271562617	0.236036838386771	0.013	0.014	1	PXYLP1	c3
0.914626220474944	0.236021409463517	0.087	0.09	1	BOP1	c3
4.32555340813747e-11	-0.236019418148757	0.38	0.439	1.45070410202114e-06	IER2	c3
0.891030203754619	0.235979494419742	0.047	0.049	1	NHLRC2	c3
0.252257329265064	0.235920575441952	0.17	0.172	1	SLC25A1	c3
0.41447076548287	0.235879678137214	0.026	0.028	1	NEMP1	c3
0.680444621594475	0.23583062634027	0.06	0.062	1	MARK4	c3
5.82055913755691e-15	-0.235775875384257	0.446	0.519	1.95209912355384e-10	NSD3	c3
0.0555126506368388	0.235763581325503	0.225	0.228	1	SLC25A46	c3
1.06782707370956e-07	-0.235752859343846	0.053	0.073	0.00358127843980711	IGHMBP2	c3
0.387704148861431	0.235678753421463	0.025	0.027	1	RABL3	c3
0.561486478314422	0.235544046624391	0.145	0.149	1	PSMD10	c3
2.24079718208467e-07	-0.235470970950693	0.035	0.052	0.00751518558927555	RNF103	c3
0.000159577868182432	0.23537767725815	0.275	0.269	1	CD47	c3
4.80565459965893e-13	-0.235306638870608	0.089	0.126	1.61172043963361e-08	FBXW7	c3
0.989695245817057	0.23525292915309	0.03	0.03	1	TMCC1	c3
0.000178757153652532	0.235177794161917	0.32	0.32	1	HMOX2	c3
1.37035869199153e-06	-0.235173682667819	0.033	0.048	0.0459590898120119	ADAT3	c3
6.45105225379775e-06	-0.235073529507781	0.038	0.052	0.216355390487869	RIPOR1	c3
0.728482782475598	0.235034950686357	0.031	0.032	1	ZNF550	c3
0.687683196244827	0.23495607119318	0.105	0.107	1	RSAD1	c3
1.51854194263424e-13	-0.234948859879721	0.123	0.166	5.09288596720672e-09	KANSL2	c3
0.702195335582998	0.234935326848195	0.097	0.102	1	HACL1	c3
0.52184006572489	0.234885022424775	0.153	0.157	1	EFR3A	c3
0.701065331058104	0.234883005302726	0.076	0.079	1	LNPK	c3
0.926840532589236	0.23484572321172	0.118	0.122	1	TMEM87B	c3
0.429259632487082	0.234838007921151	0.031	0.033	1	AASDH	c3
0.0823340629378916	0.234796755652377	0.245	0.251	1	IMMT	c3
0.13345000042826	0.234709500796467	0.171	0.17	1	ATP6V1A	c3
0.612179722403448	0.234677347942339	0.154	0.158	1	MICU2	c3
0.595148172181457	0.23466353350689	0.066	0.069	1	AC010642.2	c3
0.555040763694954	0.23457221417474	0.067	0.071	1	CPSF4	c3
0.478137752888148	0.234536765494125	0.147	0.15	1	ST3GAL1	c3
3.91806804819775e-10	-0.234352369939659	0.051	0.075	1.31404166200456e-05	PIKFYVE	c3
0.553185795533875	0.234041326057152	0.161	0.167	1	DHX16	c3
0.017602939170546	0.234031013671025	0.03	0.037	1	MTX2	c3
0.939017981621216	0.234011301969672	0.069	0.07	1	MUT	c3
4.01534002368277e-07	-0.233952235503927	0.056	0.076	0.0134666473714273	EAF1	c3
1.21380851300836e-05	0.233939124594523	0.347	0.344	0.407087099092743	LUC7L3	c3
0.468446619142398	0.233856036566738	0.092	0.098	1	ELP6	c3
0.853689124903875	0.233850160996145	0.103	0.107	1	KIAA1109	c3
0.923806083465653	0.233840647985394	0.107	0.112	1	FLOT2	c3
0.956060891275236	0.233789352151817	0.024	0.024	1	AP4S1	c3
0.590868043385157	0.233735891361953	0.025	0.026	1	AC020915.3	c3
4.48689058209327e-08	-0.233732965083747	0.046	0.066	0.00150481336342244	ATP7A	c3
0.474522490906448	0.233716354311339	0.138	0.14	1	FBXO3	c3
0.835749323442173	0.233658114431205	0.109	0.112	1	SLFN12L	c3
2.7837232722066e-06	0.233535753853128	0.374	0.374	0.0933605111032649	ELOVL1	c3
0.00884866588952398	0.233528645980736	0.242	0.241	1	C18orf32	c3
0.625618714083866	0.233466038842395	0.015	0.016	1	UQCC1	c3
1.27750156788862e-15	-0.23338946476981	0.376	0.448	4.28448475838484e-11	RIC8A	c3
0.689954405189647	0.233386740429785	0.01	0.011	1	AC015982.1	c3
7.80049997835496e-10	-0.233379653447235	0.088	0.118	2.61613168274069e-05	ETV1	c3
1.48867792867337e-07	-0.233326050971901	0.308	0.346	0.00499272803718475	LINC01871	c3
0.00654529290487043	-0.233287129852355	0.009	0.013	1	ZFP69	c3
0.527993463622719	0.233236985852701	0.037	0.039	1	COG6	c3
4.12840552724451e-32	-0.233236793982424	0.796	0.84	1.38458464572726e-27	TPI1	c3
0.962997378069638	0.23317404875432	0.127	0.132	1	AP1G2	c3
0.968737733114404	0.23309736738379	0.077	0.079	1	ZNF444	c3
0.164066282398297	0.233086575922306	0.058	0.064	1	SAAL1	c3
0.0307225071038874	0.23302823876658	0.244	0.248	1	C19orf24	c3
1.14158394546302e-09	-0.232988487553822	0.071	0.098	3.82864423629387e-05	RIC1	c3
2.59142934486728e-13	-0.232932065190122	0.093	0.13	8.69113573681589e-09	ORAI2	c3
0.65513462507953	0.232886608451925	0.034	0.035	1	GALT	c3
0.776576447340722	0.232839258014201	0.124	0.131	1	PDE6D	c3
5.11152799166807e-06	-0.232646441793173	0.051	0.068	0.171430425784564	MLXIP	c3
0.0752752155652134	0.232573553768264	0.186	0.185	1	PDIA4	c3
0.509876851980941	0.232463312408322	0.033	0.035	1	CARS2	c3
0.18865755971006	0.232399743196209	0.074	0.081	1	MRM2	c3
0.534646453177013	0.232392157620765	0.147	0.151	1	MRPL38	c3
0.00105287243512889	0.232379511892778	0.298	0.301	1	UFD1	c3
0.724306555129985	0.232377665358292	0.01	0.01	1	ACACB	c3
0.88892067073323	0.232325253369305	0.028	0.029	1	PIK3C2B	c3
0.000114617702438547	0.232273060021095	0.302	0.296	1	RABGAP1L	c3
0.431636764732547	0.232270893866206	0.059	0.063	1	HEXA	c3
1.81592491832927e-15	-0.232192760973022	0.105	0.148	6.09024899109272e-11	AGFG1	c3
0.956965597326487	0.232185676770288	0.01	0.01	1	DAB2IP	c3
0.641501111014181	0.23202336178376	0.014	0.014	1	SLX4	c3
1.05331329812938e-12	-0.231741783707625	0.106	0.145	3.5326021392663e-08	POM121	c3
0.0143204302428451	0.23155929179854	0.258	0.262	1	SUCLG1	c3
0.552214072658503	0.231540410464377	0.059	0.062	1	SH3BP5L	c3
8.44283830305201e-23	-0.231391958410209	0.441	0.535	2.83155911007758e-18	SNHG8	c3
0.609284185725755	0.231371693340602	0.149	0.153	1	PPP6R1	c3
3.65352628330712e-09	-0.231334990917712	0.078	0.105	0.000122531964489554	RBM15	c3
0.214066351045771	0.231170493622041	0.033	0.036	1	RAD51D	c3
0.979495600819878	0.231147852156405	0.1	0.103	1	HSD17B7	c3
0.575776766619629	0.231086563520009	0.064	0.067	1	TAF1	c3
0.450060906927167	0.23097798698506	0.041	0.044	1	GNGT2	c3
0.000374962284965319	-0.230896743616249	0.024	0.033	1	GCA	c3
0.775290958893717	0.230887773094735	0.071	0.072	1	ATRIP	c3
9.85657586395526e-06	-0.230869260324812	0.049	0.064	0.330569841325332	GCC1	c3
0.862391967637947	0.230864326848057	0.08	0.083	1	NOC3L	c3
0.768694139506546	0.230771359702481	0.112	0.118	1	SEC22B	c3
0.833756665696307	0.230735931688123	0.135	0.139	1	SLC39A1	c3
0.464969287624444	0.230712886524781	0.083	0.082	1	ZSWIM8	c3
3.00452659429788e-06	-0.230707482761408	0.008	0.015	0.100765812919562	MELK	c3
0.817846638056419	0.230538577985588	0.087	0.088	1	NAA25	c3
0.857559033129437	0.230515345584756	0.031	0.032	1	UNC119B	c3
2.3561525641287e-12	-0.230474276350891	0.115	0.154	7.90206446957483e-08	BTAF1	c3
0.207395696475081	0.230464247511576	0.077	0.084	1	FUT8	c3
0.0158973173940648	0.23038036794159	0.265	0.269	1	BECN1	c3
0.460345276332164	0.230368088780058	0.18	0.186	1	C12orf10	c3
0.593672424531176	0.230159484504753	0.012	0.012	1	MAP3K12	c3
0.407472643017508	0.230068606430285	0.088	0.095	1	TMED1	c3
0.735128297257689	0.2300668836963	0.02	0.02	1	TRAF3IP2-AS1	c3
0.497165766709902	0.230040682419355	0.013	0.015	1	ACSF2	c3
1.69118484918934e-09	-0.230018221349441	0.092	0.122	5.67189574721121e-05	SLC16A1	c3
4.44777735426121e-17	-0.229972376542571	0.123	0.173	1.49169556907212e-12	ATP2A2	c3
0.508523053773171	0.229920508217888	0.106	0.113	1	WDR61	c3
2.06935205737477e-12	-0.229887085816445	0.121	0.162	6.9401929300235e-08	RRN3	c3
0.984751518118493	0.229873172083094	0.157	0.165	1	GLRX5	c3
0.826874534995532	0.229825722504121	0.022	0.022	1	SLC38A6	c3
0.00275616845473752	-0.229717410844915	0.012	0.017	1	TMEM177	c3
0.628410713881738	0.229563041071214	0.079	0.083	1	PIGBOS1	c3
0.364418547567212	0.229489533425454	0.032	0.034	1	LYRM7	c3
0.354973233130807	0.229438880045745	0.074	0.08	1	INPP4A	c3
0.544115415302392	0.229401820719919	0.037	0.039	1	GNPNAT1	c3
3.0870020104932e-13	-0.229398418453775	0.058	0.089	1.03531873427921e-08	AHCY	c3
0.592365842838177	0.229350595585698	0.011	0.012	1	ZNF599	c3
5.9590835701856e-13	-0.229253443624194	0.068	0.1	1.99855744776885e-08	ACOT7	c3
0.156294123543791	0.229200130564891	0.184	0.186	1	ZCCHC17	c3
0.880702584963301	0.229051166002849	0.029	0.03	1	CTNS	c3
6.97321086866884e-05	-0.22904775226068	0.012	0.019	1	CCNE2	c3
0.0131584505146061	-0.229018271323048	0.007	0.01	1	KHDC1	c3
1.39505462209662e-11	-0.229012152277829	0.065	0.094	4.67873419158766e-07	KCTD5	c3
0.431380066962914	0.228919067582327	0.036	0.038	1	TRMT13	c3
0.672928165617941	0.228791907107996	0.092	0.093	1	STYX	c3
8.74814032009069e-07	-0.228687932903832	0.048	0.066	0.0293395130055202	RP2	c3
0.684398946152635	0.228627312072646	0.089	0.094	1	ZCCHC7	c3
0.342720170644983	0.228578875276259	0.066	0.071	1	LEPROT	c3
0.61686776635636	0.228492753816216	0.097	0.102	1	TMEM106C	c3
0.00616061290051585	-0.228479380729527	0.012	0.017	1	CLN5	c3
0.0184159535716119	0.228416298496311	0.257	0.26	1	MRPL10	c3
0.0178025004611413	-0.228411376521098	0.007	0.01	1	PLXNC1	c3
0.697199424802638	0.228380555317942	0.014	0.013	1	PLEKHB1	c3
0.0129834488818123	-0.228373418885766	0.006	0.01	1	FSD1L	c3
5.23616496670155e-10	-0.228330491088893	0.236	0.285	1.75610500653237e-05	DOK2	c3
0.399797157606611	0.228271883065928	0.111	0.12	1	GTF2F2	c3
0.0909929160701318	0.228260937889759	0.167	0.164	1	CD81	c3
0.00261025995020281	-0.228257188208405	0.016	0.022	1	GALNT6	c3
0.396758255957684	0.228254128833977	0.032	0.034	1	WDR53	c3
0.361048637164604	0.228231983090021	0.134	0.134	1	ACTR6	c3
0.085486212285038	0.228186850282412	0.099	0.094	1	SFMBT2	c3
0.0096857008262718	0.228117941270496	0.256	0.257	1	COPS6	c3
0.31425789769025	0.228095531509351	0.146	0.148	1	DCTN1	c3
0.875943952197266	0.228075595768618	0.085	0.087	1	CCDC22	c3
0.115896296551061	0.227976177587743	0.221	0.224	1	XRN1	c3
0.822065367422296	0.227971058707574	0.116	0.122	1	TRIM11	c3
0.890880671649612	0.227925064467583	0.158	0.165	1	UBAP2L	c3
0.14185854219706	0.227887103858793	0.164	0.164	1	EPS15L1	c3
0.504510241883989	0.227886191628648	0.083	0.088	1	SAYSD1	c3
0.0493882967165298	0.227884676032941	0.228	0.231	1	SSRP1	c3
0.68596785222783	0.227881356015695	0.022	0.023	1	TMEM251	c3
0.610703247175272	0.227721995391639	0.051	0.054	1	METTL4	c3
0.226281970211812	0.227708633140134	0.209	0.216	1	REX1BD	c3
0.227527189030287	0.227595261837796	0.196	0.2	1	ZNF148	c3
0.0025330676630556	-0.227514683068363	0.006	0.011	1	AL445524.1	c3
6.14951706835807e-05	0.227336782065374	0.347	0.345	1	PCM1	c3
6.80663362018429e-10	-0.227328467824963	0.094	0.125	2.28280878353741e-05	RIN3	c3
0.010829851969507	-0.227282669869682	0.01	0.014	1	FANCE	c3
0.442811776876486	0.227251225199514	0.182	0.188	1	EIF2AK2	c3
0.00472867438829341	0.227233583692442	0.293	0.298	1	ERP44	c3
0.94244052022726	0.227202158248677	0.019	0.02	1	ARL17A	c3
0.444211410558581	0.227192149027637	0.083	0.088	1	CC2D1A	c3
0.813033776802404	0.227182708795232	0.06	0.062	1	UGGT1	c3
0.139326958626374	0.227182260698445	0.2	0.203	1	SECISBP2	c3
0.349966469725308	0.227145906741907	0.022	0.024	1	MORC4	c3
0.136073016180555	0.227124432639378	0.048	0.054	1	WDR34	c3
0.825945035532896	0.227023814572823	0.111	0.114	1	MOAP1	c3
0.0387732319728791	0.226989998571085	0.012	0.015	1	MPP1	c3
0.0219775822786058	-0.226903160683471	0.009	0.013	1	YPEL4	c3
0.655867392359116	0.22685061050931	0.019	0.02	1	CACNB1	c3
1.54024527974334e-05	0.226842703039367	0.368	0.369	0.516567461920323	DGUOK	c3
0.719589199192597	0.226829366221077	0.108	0.11	1	C8orf33	c3
0.808928817258491	0.226824406102176	0.047	0.049	1	PNPLA6	c3
0.554644497832427	0.226802362419394	0.152	0.165	1	DBNL	c3
0.46478886340096	0.226738638544887	0.107	0.107	1	RALB	c3
0.017143054697677	-0.226654722619904	0.008	0.012	1	AGRN	c3
0.304779753655578	0.226619744976697	0.018	0.02	1	RBAK	c3
0.334170340531687	0.226609109381079	0.057	0.062	1	INTS8	c3
0.824467860880097	0.226590427791755	0.112	0.117	1	FAM76A	c3
0.492862558664394	0.226439288336719	0.023	0.025	1	SWSAP1	c3
0.475889082477011	0.226176609854476	0.104	0.104	1	ASTE1	c3
0.968073446739779	0.226098258584462	0.172	0.182	1	CTCF	c3
0.726354180092038	0.226038205187209	0.078	0.078	1	KDM5D	c3
0.34955532667824	0.225982574118281	0.051	0.055	1	MINDY3	c3
0.298764237457627	0.225932242955717	0.21	0.217	1	CCDC82	c3
5.5316341920006e-17	-0.225886219711264	0.306	0.382	1.85519947531316e-12	AKIRIN1	c3
2.00626234882192e-11	-0.225884066320857	0.171	0.216	6.72860266547897e-07	TES	c3
0.719212763228124	0.225871672422045	0.176	0.185	1	C6orf89	c3
5.03706754691514e-14	-0.225781264502527	0.129	0.174	1.6893317138844e-09	TBC1D15	c3
0.426414270121627	0.225740644556834	0.081	0.087	1	C20orf27	c3
0.303907076941203	0.225649828271905	0.086	0.093	1	APOPT1	c3
0.324713729279926	0.225608595845455	0.154	0.156	1	CCAR2	c3
0.426109145458272	0.225453779776051	0.024	0.026	1	VARS	c3
1.72740971511642e-06	0.22534498371248	0.368	0.365	0.0579338670255743	FKBP2	c3
1.70824499937768e-08	-0.225338681120487	0.066	0.09	0.000572911207891287	ANKH	c3
0.769004606062055	0.225299681584074	0.028	0.029	1	TRBV9	c3
0.00413558626301817	0.225285828584862	0.23	0.226	1	TMEM147	c3
0.444542674592364	0.2252667824924	0.09	0.089	1	IFIT5	c3
0.467837638464953	0.22515967819455	0.095	0.101	1	NDUFA9	c3
0.344710126051394	0.225157304205944	0.078	0.084	1	TARBP2	c3
0.370482594207403	0.225124665472543	0.027	0.029	1	CRAT	c3
0.917233727215675	0.225066594145354	0.052	0.053	1	FBXO44	c3
0.00963676456455524	-0.224999757908305	0.006	0.01	1	CCL28	c3
0.499729715017666	0.224882933581027	0.024	0.022	1	SLFN13	c3
0.36798273868637	0.224875235836574	0.132	0.143	1	ACAA1	c3
1.16804873893036e-16	-0.224776571870334	0.215	0.278	3.91740186062463e-12	GLS	c3
0.882055459323412	0.224704879317658	0.052	0.054	1	TMEM62	c3
0.53514235752717	0.224673481396543	0.049	0.052	1	JAK2	c3
0.0131325459404875	0.224666111729301	0.269	0.271	1	PTPRJ	c3
0.786950911933746	0.224658184445129	0.04	0.041	1	ENTPD6	c3
0.196319445975061	0.224621688903992	0.013	0.015	1	ADAL	c3
0.196240181074541	0.224509526820985	0.197	0.2	1	HERC1	c3
0.000903638119507294	0.224481900436318	0.278	0.277	1	PHB	c3
6.6136423818854e-06	-0.224478511986563	0.011	0.02	0.221808338203672	CENPP	c3
0.0164057157810502	-0.224441774579859	0.008	0.012	1	QSER1	c3
0.377384166634716	0.224400067047003	0.088	0.086	1	NCOR2	c3
0.423144241302186	0.224231688937294	0.124	0.125	1	IGSF8	c3
0.930135710577109	0.224228779193049	0.09	0.092	1	HERC2	c3
0.770604063948836	0.224228017812134	0.203	0.216	1	STOML2	c3
0.219026371279362	0.224224460556928	0.018	0.021	1	LINC00476	c3
0.821652969051393	0.224192810593026	0.073	0.073	1	KMT2D	c3
0.788311064345896	0.224172322924637	0.011	0.011	1	ZNF324B	c3
0.787286317089604	0.224158641630398	0.102	0.107	1	FOPNL	c3
0.821619789452315	0.224135103160142	0.076	0.077	1	ZBTB48	c3
0.00173468291490141	-0.223998414302773	0.014	0.02	1	ZNF589	c3
0.717020495721137	0.223990343627245	0.053	0.056	1	ZNF585A	c3
0.735908341076508	0.223915066031499	0.11	0.116	1	TPP1	c3
0.132883638588559	0.223802929397278	0.061	0.067	1	TCEAL8	c3
0.27960711022835	0.223703778534775	0.186	0.191	1	BAG6	c3
0.640295291040152	0.223665703340204	0.187	0.196	1	HDAC3	c3
0.967741716432715	0.223642665651908	0.173	0.184	1	HMGN3	c3
0.830552500424889	0.223613424661636	0.031	0.032	1	TENT4A	c3
0.652287314636367	0.22360246961937	0.103	0.108	1	MTRR	c3
0.43750521037479	0.223564848783832	0.198	0.206	1	TXN2	c3
0.598983884285408	0.223413689680337	0.144	0.148	1	TOR3A	c3
0.0298163707255532	-0.223230331332647	0.016	0.02	1	TRGV7	c3
0.169965654071249	0.223194629669171	0.02	0.023	1	LACTB2	c3
0.219497059648342	0.22318059863951	0.017	0.019	1	PQLC2	c3
0.0128769446303156	0.223141659221645	0.246	0.246	1	DNPEP	c3
0.811688164922623	0.223130155688898	0.018	0.019	1	AP005482.1	c3
0.000343787760653444	-0.223126793393275	0.012	0.019	1	PHC1	c3
0.299437788750961	0.223054537572473	0.103	0.101	1	VPS11	c3
0.600444318006885	0.223029964808211	0.013	0.014	1	TIGD1	c3
0.542901851711006	0.222990246203842	0.021	0.022	1	ZBTB41	c3
0.638244489363911	0.222977718356495	0.073	0.076	1	TRRAP	c3
0.0651433135014412	-0.222959532132387	0.009	0.012	1	BX890604.1	c3
4.43228867692331e-06	-0.222907194056968	0.033	0.047	0.148650097646654	KIF1B	c3
0.00241950199728259	0.222840731262742	0.299	0.302	1	APEX1	c3
7.88545634288234e-09	-0.222773100752976	0.135	0.169	0.000264462434827588	UPP1	c3
0.100383651117931	0.222746980176522	0.027	0.031	1	ATAD5	c3
0.468726147013141	0.222731606938194	0.03	0.032	1	MLYCD	c3
3.83851954133518e-09	-0.222664586952722	0.22	0.262	0.000128736268377299	RHOB	c3
3.64919112390383e-07	-0.222631693082191	0.026	0.039	0.0122386571913487	FAHD2B	c3
0.000988268681450221	-0.222605399568175	0.022	0.03	1	CLN8	c3
0.151793709665117	0.222537663760753	0.048	0.053	1	GPALPP1	c3
0.74998991999239	0.222537624361259	0.098	0.103	1	SNAPC2	c3
0.466330512623643	0.222523337190637	0.013	0.014	1	KBTBD7	c3
0.100877326602326	0.222522404521999	0.203	0.205	1	RETREG2	c3
0.22729450998983	0.222491101400271	0.01	0.012	1	TNFRSF14-AS1	c3
0.0301993014033634	-0.222404263669737	0.008	0.011	1	DGCR6	c3
6.36413575736382e-06	-0.222393670895771	0.031	0.044	0.213440385030468	FMNL3	c3
4.45158799766293e-10	-0.222387383141097	0.074	0.102	1.49297358265619e-05	SNIP1	c3
0.314167572135705	0.222371228535651	0.072	0.078	1	TAF8	c3
0.184712638183039	0.222266682765748	0.011	0.013	1	AL355001.2	c3
0.2681005186586	0.222262036197482	0.05	0.054	1	MKKS	c3
0.101885612980201	0.222243391198592	0.19	0.191	1	NAXE	c3
0.644412408855449	0.222228584884679	0.079	0.083	1	THUMPD3	c3
0.180314845567917	-0.222120187583277	0.009	0.011	1	TRBV15	c3
0.0196041117686468	0.222096315220706	0.028	0.034	1	HSD17B8	c3
0.259444653729411	0.221929628593753	0.22	0.228	1	RBCK1	c3
0.775390137991837	0.221886590331385	0.062	0.065	1	SETD4	c3
3.94717631451736e-14	-0.221836993840802	0.136	0.183	1.32380399236283e-09	DBF4	c3
0.703838056484176	0.221777477336861	0.053	0.053	1	PRKD3	c3
0.571853196211134	0.22172581497423	0.024	0.026	1	ABCB10	c3
0.510001526398689	0.221644193159718	0.067	0.071	1	PPP1R37	c3
0.460045938011713	0.221638446873022	0.028	0.03	1	SAMD1	c3
0.420947746863547	0.221631538287772	0.037	0.04	1	KIAA0556	c3
0.000437026631617473	0.221582224514741	0.312	0.312	1	SAFB	c3
0.294437525021813	0.221576358645131	0.11	0.119	1	RHNO1	c3
0.00861000767330218	-0.221532284862425	0.007	0.011	1	AC090825.1	c3
8.24579919221031e-12	-0.221507736864883	0.092	0.127	2.76547613308349e-07	ZNF593	c3
0.96463962170988	0.221462782770881	0.044	0.045	1	ERCC6	c3
1.43075802933878e-06	-0.221436820353591	0.053	0.071	0.0479847627879641	B3GLCT	c3
0.81410835846345	0.221434253165079	0.061	0.061	1	ATP13A2	c3
0.072327226477428	0.221399326224398	0.199	0.199	1	UHRF2	c3
1.22707684225777e-13	-0.221395284885763	0.121	0.165	4.11537031356411e-09	AKAP17A	c3
0.540270928819512	0.221357998264471	0.088	0.094	1	TACC3	c3
0.423040224305529	0.221291006536377	0.026	0.028	1	ROGDI	c3
0.187877959597597	0.221193686468547	0.05	0.055	1	PUS7L	c3
0.00095864725617057	0.221161873395353	0.316	0.316	1	PAG1	c3
0.220330732704038	0.221110005313054	0.162	0.163	1	THAP7	c3
0.731543290130744	0.221105711259888	0.182	0.191	1	AP3D1	c3
0.217450435740503	0.221076406473066	0.024	0.027	1	CCDC88A	c3
0.797478224358337	0.221062142678912	0.098	0.1	1	CHAMP1	c3
0.149497178606388	0.221022648361475	0.078	0.086	1	SNRNP25	c3
0.902140718749578	0.220854894920018	0.107	0.112	1	STXBP2	c3
0.796787828948097	0.220842404968648	0.099	0.104	1	EXOC1	c3
0.716031710001484	0.220788133586594	0.072	0.075	1	SYNE3	c3
0.963967128573075	0.220758856902924	0.096	0.099	1	FBXO25	c3
0.814403914191739	0.220684424945923	0.016	0.015	1	AP001610.1	c3
0.465783296605943	0.22067043983869	0.075	0.079	1	POLR3D	c3
0.228523900636765	0.220666183915511	0.056	0.062	1	TRMT2A	c3
1.34551799626356e-22	-0.220641352298273	0.544	0.631	4.51259825586873e-18	RHOG	c3
2.00267195322938e-12	-0.220495288628168	0.124	0.165	6.71656119674071e-08	DCTN6	c3
3.86697927548635e-10	-0.220435029862137	0.089	0.119	1.29690750941261e-05	AKAP8	c3
0.616491781015086	0.220341267602574	0.042	0.044	1	GTF2E1	c3
7.35441084578195e-17	-0.220272859969588	0.263	0.334	2.46652230945835e-12	RBMX	c3
0.0662990046185238	0.220204787473066	0.191	0.19	1	U2AF1L4	c3
0.00154172879257605	-0.220181926799599	0.007	0.012	1	AP002360.1	c3
1.2340353495847e-08	-0.220178747112642	0.068	0.092	0.000413870775543718	EXOSC6	c3
5.51396718338205e-10	-0.220116685572439	0.056	0.081	1.84927431396267e-05	SLC35F5	c3
2.88713571671496e-19	-0.22005712716086	0.468	0.549	9.68287576671862e-15	RUNX3	c3
2.23485894717559e-12	-0.22003645634606	0.121	0.161	7.49526993703751e-08	HSPA13	c3
8.42888784058876e-06	-0.219969578131641	0.037	0.051	0.282688040397666	RBBP9	c3
0.00386211899909875	-0.219953852773605	0.008	0.013	1	ABCC4	c3
0.0505906741309489	0.21992431025995	0.183	0.181	1	STK38	c3
0.258129504827081	0.219857905537967	0.065	0.071	1	LRCH4	c3
0.00612311921563072	-0.219755847720527	0.008	0.012	1	USP13	c3
0.000156952529300677	0.219709871695423	0.318	0.318	1	AP1M1	c3
1.21485333764427e-06	-0.219672433390632	0.026	0.04	0.0407437512379135	PSPH	c3
0.476655607620882	0.219648105639987	0.041	0.043	1	ZNF780A	c3
0.330522484661742	0.219642501728793	0.044	0.048	1	MICU1	c3
0.611888865897592	0.219606285449716	0.065	0.068	1	IPO8	c3
0.727757594765795	0.219575185392888	0.015	0.016	1	CRYBB2	c3
0.437037427609507	0.219378050076797	0.074	0.079	1	YEATS2	c3
0.0185935385990094	0.21936476120583	0.277	0.282	1	RRAGA	c3
0.69730160519336	0.219334665817133	0.102	0.103	1	FUT11	c3
0.010255247921015	0.219314820526179	0.277	0.282	1	MRPL22	c3
3.52359455278079e-05	0.219306157918496	0.329	0.327	1	LSM10	c3
1.96397057085944e-10	-0.219261306171868	0.039	0.061	6.58676450054839e-06	INPP1	c3
0.699718979537076	0.21925060188674	0.142	0.151	1	MRPL2	c3
5.35768482900419e-05	-0.219222610002973	0.031	0.043	1	HOOK2	c3
0.290945127849984	0.219203691579967	0.076	0.083	1	SLC50A1	c3
0.466610585531305	0.219031879120207	0.1	0.107	1	BCKDHA	c3
0.360172720466588	0.21898591275186	0.094	0.101	1	THAP3	c3
0.00572978223945522	-0.21894009762396	0.013	0.018	1	SLC25A15	c3
0.0248601578721057	0.218931812978637	0.268	0.276	1	MRPS18C	c3
0.55721685652515	0.218866047981168	0.036	0.038	1	ZMYM6	c3
0.651194382796084	0.218859202284138	0.089	0.093	1	AKAP11	c3
3.24148883683763e-05	0.218798018256491	0.343	0.343	1	TMCO1	c3
4.22749472895562e-06	0.218593329859553	0.314	0.299	0.141781718219713	SMC4	c3
0.723153205550345	0.218590219483541	0.091	0.092	1	BAP1	c3
0.354212080549785	0.218541774302717	0.132	0.144	1	MRPL11	c3
0.000856515814524792	-0.21852292100781	0.035	0.044	1	GSE1	c3
0.116553991150809	0.218325816833742	0.067	0.074	1	ZCCHC9	c3
3.70379544065857e-11	-0.21831226815443	0.07	0.099	1.24217891488807e-06	GFI1	c3
0.31289540131098	0.218304688306795	0.066	0.072	1	CLCN3	c3
7.7901786374753e-10	-0.218244117245038	0.049	0.073	2.61267011143647e-05	GPN2	c3
0.247646527788908	0.21816078990918	0.11	0.12	1	COA1	c3
0.358431000752508	0.218153917028828	0.044	0.048	1	CCDC28B	c3
0.76557415775502	0.218050909074245	0.052	0.054	1	LINC00662	c3
0.40266094052099	0.217985583017943	0.174	0.178	1	EFTUD2	c3
0.564697669734756	0.217868216720038	0.16	0.165	1	PRPSAP1	c3
0.617240339259129	0.217800035952371	0.078	0.082	1	ANAPC4	c3
0.355812648587737	0.217782379887845	0.02	0.022	1	INTS2	c3
0.969628188871154	0.217728741658894	0.073	0.075	1	TMEM250	c3
0.808341529613259	0.217693524149302	0.173	0.181	1	UBAC2	c3
0.477791041741396	0.217658229178822	0.021	0.022	1	SLC25A28	c3
0.159642692581575	0.217655166883801	0.012	0.014	1	MIR497HG	c3
0.670869672784725	0.217652644094152	0.055	0.057	1	PPP1R9B	c3
0.818671581415966	0.217610265743854	0.051	0.052	1	SLC35E2B	c3
0.294683301075324	0.217588778929849	0.014	0.016	1	AC009403.1	c3
0.044328311200891	0.2175654412966	0.235	0.239	1	MLX	c3
0.0655791109123469	0.217524007414219	0.22	0.223	1	SEPHS2	c3
0.000188116637478535	-0.217516920107799	0.02	0.029	1	PGM3	c3
0.233880734512753	0.217510200528854	0.021	0.024	1	P2RX5	c3
0.0333998315757725	0.217504939415274	0.265	0.269	1	PHF11	c3
0.5508410680119	0.217491178803519	0.04	0.043	1	RAB40C	c3
0.941982441776265	0.217372801284768	0.078	0.081	1	ARFGAP1	c3
0.241982008895524	0.217174392426027	0.072	0.078	1	PPP3CB	c3
0.664800710470913	0.217068250550278	0.071	0.075	1	NCOA6	c3
9.01892053418432e-05	0.217017667594221	0.363	0.364	1	SMC3	c3
0.00169145659825259	-0.216969924637156	0.014	0.02	1	SSBP3	c3
0.00126762288112361	0.216965428031202	0.313	0.316	1	UPF2	c3
0.464722396905266	0.216894641266512	0.045	0.048	1	ADA2	c3
2.78179400828117e-18	-0.216832272823854	0.224	0.294	9.32958074497339e-14	COPS2	c3
5.97145509044792e-16	-0.21680216441519	0.21	0.272	2.00270660823443e-11	AFTPH	c3
0.667434150430684	0.216695562633903	0.043	0.045	1	GNL3L	c3
0.429217215886732	0.216672876470906	0.067	0.072	1	ZBTB45	c3
0.14904878241935	0.216664400685624	0.04	0.045	1	MIS18A	c3
0.904747876988805	0.216557474828195	0.031	0.031	1	EFCAB7	c3
0.24175727550769	0.216505666979312	0.063	0.069	1	CCDC71	c3
0.965903705678522	0.216424185787009	0.153	0.161	1	APPL1	c3
2.25274873292701e-23	-0.216218397934553	0.648	0.726	7.55526870049062e-19	RBM39	c3
0.134300124587591	0.216163065994498	0.04	0.045	1	BCAT2	c3
0.669059290267965	0.216135639962782	0.069	0.072	1	MBD6	c3
1.81187049232143e-16	-0.216125262484468	0.322	0.399	6.07665125714763e-12	ISCA1	c3
5.0925028278913e-06	-0.216100787047059	0.023	0.035	0.170792359841819	CCDC18	c3
0.812665363144145	0.215931837209702	0.016	0.016	1	ZNF57	c3
0.417262768953281	0.215836898885806	0.133	0.144	1	TMEM199	c3
0.000439605773783074	0.215829919582991	0.305	0.304	1	RALBP1	c3
0.739251328169842	0.215642243395948	0.116	0.122	1	TRAF2	c3
0.551336029466326	0.215638327686686	0.178	0.185	1	ZGPAT	c3
0.539294988644954	0.215513486243173	0.123	0.131	1	CHMP3	c3
0.107031182158655	0.215482099423465	0.068	0.076	1	ASCC1	c3
0.896924748126708	0.215430457002755	0.131	0.137	1	C8orf76	c3
3.82069978427741e-06	-0.215397076599248	0.052	0.069	0.128138629365096	FEM1C	c3
4.78347181238244e-12	-0.215391426553539	0.106	0.144	1.60428077643682e-07	SLC25A32	c3
7.53695139789226e-16	-0.215308076610663	0.147	0.199	2.52774275982511e-11	BRAF	c3
0.000729196403675368	-0.215258561652585	0.021	0.029	1	TRBV12-4	c3
6.14032242123883e-09	-0.215200307766242	0.067	0.092	0.000205934133363508	TULP3	c3
1.7502131096912e-16	-0.215158411539429	0.278	0.347	5.86986472728234e-12	ITGA4	c3
0.867746621793597	0.214994722434958	0.065	0.066	1	REXO1	c3
3.2197607195897e-19	-0.214992355517971	0.294	0.374	1.07984335013599e-14	ANKLE2	c3
3.89707170597059e-14	-0.214968219967403	0.194	0.248	1.30699990874842e-09	KIF21A	c3
0.33722173175722	0.214953918579516	0.015	0.017	1	OPN3	c3
0.429315401573623	0.214940256848883	0.028	0.031	1	CEP85	c3
0.313659836481772	0.21492738772469	0.139	0.151	1	PRKAG1	c3
0.0522895127374906	0.214926752682606	0.288	0.298	1	FNTA	c3
0.401628707900324	0.214902493357521	0.088	0.095	1	DDX19A	c3
0.607337509516747	0.21483534525387	0.041	0.043	1	ZNF141	c3
0.720168898852757	0.214750973837488	0.022	0.021	1	NATD1	c3
0.427694980330592	0.214745067572936	0.164	0.167	1	MDFIC	c3
4.01298009024729e-12	-0.214709324835066	0.155	0.201	1.34587326266714e-07	CRNKL1	c3
9.86580821037669e-13	-0.214575920028229	0.092	0.128	3.30879475759614e-08	SIPA1L1	c3
0.154062835760885	0.214525337811311	0.147	0.145	1	MLLT3	c3
0.998332251761315	0.214446566179979	0.011	0.011	1	ZNF888	c3
0.468457583655303	0.214351842094127	0.009	0.01	1	AC016773.1	c3
0.548866665769561	0.214309048606365	0.072	0.076	1	MTFMT	c3
8.66170661373534e-19	-0.214215228903358	0.29	0.368	2.90496316411456e-14	BIRC2	c3
0.125017827374571	0.21421026680643	0.286	0.299	1	NDUFB1	c3
0.785497794428228	0.214200918539027	0.171	0.179	1	ZNF428	c3
0.980576673312667	0.214151427047948	0.012	0.012	1	SH3D21	c3
0.310601207961298	0.214122371286443	0.035	0.038	1	DHX37	c3
0.21055002008919	0.214061424694306	0.018	0.02	1	HYLS1	c3
0.00153662112483185	-0.214015280806916	0.016	0.023	1	MAPKBP1	c3
0.998926127440943	0.213991428692439	0.13	0.135	1	CNOT3	c3
0.155489995389634	0.213953427666349	0.021	0.024	1	ZC3H10	c3
0.185326749353138	0.213927064836622	0.077	0.085	1	EBPL	c3
6.8852671914617e-17	-0.213927051890086	0.293	0.367	2.30918091067242e-12	RANBP2	c3
0.794678270033609	0.213904919412327	0.114	0.119	1	FASTK	c3
0.382884695410962	0.213795066888539	0.033	0.035	1	PEX10	c3
0.309410889123135	0.21377913578843	0.052	0.056	1	MAN2B2	c3
0.0821157003347754	0.213773131791497	0.226	0.23	1	TXNDC9	c3
2.73067476264022e-23	-0.21371836479784	0.697	0.767	9.15813701894276e-19	RBM8A	c3
0.0876123665379479	0.213663367941945	0.143	0.139	1	HOXB2	c3
0.371850821658517	0.213267272572736	0.023	0.025	1	MLKL	c3
0.911329119109297	0.213151725635112	0.033	0.034	1	ZMYND19	c3
0.508217738654921	0.213029998496815	0.203	0.213	1	YIPF4	c3
0.76243204345967	0.212926677857615	0.112	0.118	1	CXorf38	c3
1.3958618455518e-10	-0.212906196871305	0.243	0.295	4.68144145761161e-06	PTTG1	c3
0.549557347128756	0.212876441435253	0.168	0.174	1	AK3	c3
0.425160827368567	0.212712756206307	0.027	0.03	1	POMGNT1	c3
2.58103602572557e-23	-0.212561919326943	0.571	0.659	8.65627862307842e-19	SERP1	c3
0.004463211323949	0.212559189146363	0.179	0.17	1	TNIP3	c3
8.30500856512985e-05	0.212539779604334	0.342	0.34	1	TAF15	c3
0.100875798997315	-0.212510055357439	0.012	0.015	1	PLXDC1	c3
0.165080657406486	0.212500916073689	0.065	0.071	1	ASPSCR1	c3
0.470774021105945	0.212498843580124	0.191	0.198	1	NCKAP1L	c3
3.54301558526494e-15	-0.212452232709045	0.226	0.289	1.18825656698615e-10	DSTN	c3
0.489746590736517	0.212422652909326	0.062	0.066	1	AHCYL1	c3
7.64316332211174e-13	-0.212379698038544	0.166	0.215	2.56336411496983e-08	TXNRD1	c3
0.518364055073367	0.212365978880237	0.199	0.209	1	HDAC1	c3
0.117730197988558	0.212360641599867	0.261	0.27	1	MIEN1	c3
0.16998162374034	0.212315566732207	0.029	0.033	1	CDK19	c3
0.563804333186253	0.212289840164972	0.05	0.052	1	PREPL	c3
0.945963098572332	0.212205645085203	0.124	0.129	1	NUP214	c3
0.000116610939780568	-0.21219721715836	0.021	0.031	1	CEP76	c3
0.955782992841488	0.21212159630697	0.024	0.024	1	BICRA	c3
0.386246870737924	0.212043931172581	0.117	0.126	1	MRPS14	c3
0.0699848877508266	0.212022067452658	0.246	0.252	1	CD46	c3
0.0232333821399799	0.211915473207005	0.272	0.278	1	COPS5	c3
0.561741603577774	0.211848198384352	0.078	0.082	1	SMYD2	c3
0.680878055819764	0.211843859747823	0.194	0.204	1	NDUFAF8	c3
0.446883912589608	0.211678869379571	0.049	0.052	1	ZNF808	c3
1.84435294739439e-20	-0.211634479224427	0.372	0.46	6.1855909149713e-16	YWHAE	c3
0.527874102493685	0.211633473973873	0.025	0.026	1	DNAAF5	c3
0.212426817818545	0.211630248725067	0.018	0.021	1	AMACR	c3
0.629068893462858	0.21159601387655	0.042	0.044	1	MSANTD4	c3
0.777189856742136	0.211585539927319	0.14	0.148	1	DNAJB2	c3
0.695545763005078	0.211559593341359	0.075	0.075	1	MBD5	c3
9.01393079341313e-16	-0.211497110093874	0.399	0.474	3.0230921094949e-11	ATP1A1	c3
0.235946750091682	0.211494934241482	0.04	0.044	1	DNAJC24	c3
0.431808809224867	0.211490181514702	0.093	0.1	1	ITFG1	c3
0.542444545293377	0.211438962726807	0.084	0.089	1	STX18	c3
0.236068919902318	0.211404293589668	0.211	0.217	1	YIF1A	c3
0.744126880352119	0.211318710108206	0.032	0.033	1	HEXDC	c3
0.679462850931098	0.211307790325189	0.027	0.028	1	DDX47	c3
0.854607528202547	0.211298509018964	0.045	0.046	1	ZNRF2	c3
6.98581545134117e-05	0.211284335266002	0.393	0.399	1	MRPS21	c3
5.79020295154852e-05	-0.211283059730743	0.034	0.046	1	FRAT2	c3
0.0119195756072596	0.211215396150861	0.253	0.253	1	TSR3	c3
1.95902353037156e-05	0.211115586896338	0.374	0.376	0.657017311616013	VPS35	c3
0.391096075955991	0.21107752388225	0.018	0.02	1	TMEM104	c3
0.644174853524588	0.211065152348433	0.024	0.025	1	PIGN	c3
0.757360100433458	0.211061268477924	0.029	0.03	1	TMEM260	c3
0.00121663617934524	-0.211018696742488	0.011	0.017	1	SH3PXD2A	c3
0.0491381028619101	0.210929783146148	0.037	0.043	1	WDR76	c3
0.707161539170494	0.210875843023475	0.067	0.07	1	MED7	c3
1.2215875970452e-06	-0.210816276154989	0.083	0.106	0.040969604829702	KMT5C	c3
0.989783714284052	0.21080198428328	0.206	0.22	1	MAP2K2	c3
3.09594044381871e-08	-0.210777546822901	0.056	0.077	0.00103831650604792	PRMT9	c3
1.06935550645283e-27	-0.210740473103769	0.764	0.822	3.58640449754151e-23	ATP6V0C	c3
0.436226520907624	0.210715356410729	0.039	0.042	1	NUDT9	c3
0.987987795106318	0.210645169542803	0.035	0.036	1	CAPN15	c3
0.920251105224581	0.210590603911285	0.152	0.159	1	SLAIN2	c3
0.520537674922364	0.210577864440423	0.073	0.077	1	PIGG	c3
0.670767348981756	0.210571732165465	0.017	0.018	1	TCTN2	c3
0.304742851114649	0.210431349263371	0.044	0.048	1	EXOSC2	c3
1.23243795322882e-12	-0.210377843259152	0.138	0.181	4.13335040753883e-08	MEF2D	c3
0.264419817517123	0.210364779255798	0.044	0.048	1	FAM104B	c3
0.0521970622612177	0.210238295166761	0.276	0.284	1	ZNF655	c3
0.25262442928095	0.210142825082676	0.115	0.125	1	RBM26	c3
0.762832314079702	0.210048793092352	0.021	0.022	1	FBF1	c3
0.157814206003175	0.209998599574051	0.067	0.074	1	PCYT1A	c3
0.00396473086285078	-0.209973769485377	0.012	0.017	1	AC012645.3	c3
0.877897054408338	0.209940382582447	0.122	0.128	1	FLAD1	c3
0.0592070863350697	0.209926058737127	0.025	0.03	1	HDHD2	c3
0.265446849513124	0.209788683166132	0.245	0.257	1	SNRPA	c3
0.740637818473331	0.209766001890802	0.057	0.059	1	CRELD1	c3
0.516304826001022	0.209732465423727	0.202	0.211	1	CSRP1	c3
1.23772679426151e-08	-0.209701188165305	0.064	0.088	0.000415108812259424	FEN1	c3
0.648600661811691	0.209549590020296	0.163	0.168	1	TDP2	c3
0.0340410099928824	0.209383802513466	0.279	0.285	1	AAK1	c3
0.424255726126045	0.209345441925276	0.058	0.062	1	ZNF71	c3
0.927623983019589	0.209328875452495	0.067	0.069	1	CARD11	c3
0.335580525775402	0.209322052691387	0.046	0.05	1	SNX19	c3
3.19644858990988e-08	-0.209272554413096	0.052	0.073	0.00107202492808397	PITPNM1	c3
1.81628912234044e-09	-0.20926400990447	0.061	0.086	6.09147045850536e-05	TET2	c3
0.998233176897149	0.209204668028393	0.089	0.091	1	PACS1	c3
5.34470112000059e-05	-0.209126760932322	0.022	0.032	1	CKB	c3
0.551051478076529	0.208990997364038	0.03	0.031	1	MAPK9	c3
0.296223282948703	0.208965337484773	0.212	0.219	1	TMX1	c3
0.953135059562065	0.208877347973768	0.086	0.088	1	CBWD5	c3
0.735215149908881	0.208865117152238	0.114	0.119	1	TRAPPC6B	c3
8.97797984636872e-06	-0.208806596617516	0.046	0.061	0.301103488087514	TIMM23B	c3
0.0261337895394632	0.208780909222485	0.266	0.272	1	MRPS12	c3
0.00151402363592343	-0.208667359992517	0.009	0.014	1	AC020571.1	c3
1.60773525816272e-06	-0.208643344294948	0.037	0.053	0.0539202250882612	TULP4	c3
5.98944615696626e-09	-0.208642839783698	0.076	0.102	0.000200874045212334	PDE12	c3
0.410538910397939	0.208636792593484	0.218	0.227	1	BLOC1S4	c3
0.764812806024557	0.208567629967223	0.037	0.038	1	PAQR8	c3
5.35597494080727e-08	-0.208356106208004	0.037	0.054	0.00179628687564794	DIP2B	c3
0.36118599782483	0.208342649792576	0.143	0.155	1	DHPS	c3
0.245705159963165	0.208320197450349	0.012	0.013	1	AL139011.1	c3
0.855710763284703	0.208278690864026	0.137	0.144	1	PRDX4	c3
0.582266776531385	0.208142151098491	0.101	0.108	1	NUP93	c3
1.8852197589767e-09	-0.208107851619965	0.146	0.184	6.32265002765604e-05	MIDN	c3
5.93631273011181e-07	-0.208081233779648	0.043	0.06	0.019909205634249	STK38L	c3
0.35176112743025	0.208072279310972	0.02	0.018	1	TRGV4	c3
0.950765603221202	0.208024661649545	0.039	0.039	1	LIN7B	c3
0.454865827972135	0.207968341215168	0.1	0.106	1	GANAB	c3
0.222683247182546	0.207745848054192	0.036	0.04	1	FAM24B	c3
1.19236011376489e-13	-0.207591156945728	0.102	0.142	3.9989373495447e-09	DCTN4	c3
2.3198258362663e-27	-0.207538542488649	0.927	0.924	7.78023188966992e-23	CD7	c3
1.78919707133848e-13	-0.207521916384602	0.149	0.197	6.00060913785499e-09	KIF13B	c3
0.645339943828325	0.20752167958479	0.151	0.155	1	JADE2	c3
0.00645324881338242	-0.207440920166417	0.008	0.012	1	ENO3	c3
0.119285552799992	0.207367564344582	0.229	0.234	1	RNF34	c3
0.0181362347285851	0.207329964395325	0.02	0.025	1	SASS6	c3
0.17432276968093	0.207168090600072	0.083	0.091	1	HIF1AN	c3
0.647381405508065	0.207160078776262	0.036	0.035	1	ZSCAN22	c3
0.0594323705544229	0.207018398263129	0.013	0.017	1	SRD5A3	c3
0.269888986959945	0.207005473532767	0.174	0.175	1	FOXN3	c3
5.70411526315757e-16	-0.206977199675045	0.344	0.418	1.91304617695778e-11	BCLAF1	c3
3.36599611077224e-17	-0.206899034315766	0.415	0.489	1.12888777563079e-12	MBP	c3
0.403182662423135	0.206876825099473	0.066	0.071	1	ATP5S	c3
0.00105549397897771	0.206833159409194	0.347	0.355	1	CMTM3	c3
0.0003091646981452	0.206822803072089	0.363	0.372	1	NDUFS3	c3
0.924060198617901	0.206685682069883	0.102	0.105	1	TPRG1L	c3
0.0777551041822247	0.206575420240818	0.241	0.246	1	ZNF22	c3
0.0557537102638242	-0.206518551209411	0.01	0.013	1	TBC1D2	c3
0.586729217259736	0.20649137439847	0.042	0.044	1	MUM1	c3
0.362848749455616	0.206455922038	0.027	0.029	1	LIMD1	c3
0.0376456680139802	0.206418990318353	0.284	0.293	1	PLEKHJ1	c3
0.812645527957484	0.206388471111877	0.038	0.039	1	CRTC1	c3
0.624982308888884	0.206375472511654	0.099	0.104	1	ZFYVE28	c3
0.0721678843511075	0.206372851964261	0.043	0.05	1	CHID1	c3
9.77445875226393e-05	-0.206322829836862	0.014	0.021	1	OXSM	c3
0.499594606668592	0.206316194075937	0.028	0.029	1	EMG1	c3
0.226604643560879	0.206303475584021	0.078	0.085	1	EMC9	c3
0.453788446293506	0.206224245012578	0.088	0.094	1	MIGA1	c3
0.993406460329751	0.206220040581715	0.149	0.155	1	CHFR	c3
9.76001183646525e-16	-0.20613106162239	0.356	0.436	3.27331276971372e-11	RELA	c3
0.579580874688274	0.20611222027147	0.022	0.023	1	AFAP1L2	c3
2.52233498302347e-05	-0.206057865196716	0.037	0.051	0.845940706606411	LANCL2	c3
0.00938756904004344	-0.205887321705744	0.008	0.012	1	C1orf56	c3
0.366061398403397	0.205870439140633	0.074	0.079	1	NFYB	c3
0.442877512105356	0.20586459582914	0.185	0.191	1	COA6	c3
0.0021200609707726	-0.20581784727128	0.02	0.027	1	ZNF155	c3
0.238712594266414	0.205740522931473	0.081	0.088	1	CD8B2	c3
1.44005282512036e-10	-0.205734641122708	0.139	0.179	4.82964916488867e-06	ARHGEF2	c3
0.80187728114959	0.205635520305234	0.125	0.131	1	MIB2	c3
0.984118275191976	0.2056166750371	0.045	0.046	1	RBAK-RBAKDN	c3
2.28652973277976e-06	-0.205522031813239	0.052	0.07	0.0766856341779675	NBAS	c3
0.188053961611919	0.205484310865523	0.116	0.127	1	TRIM69	c3
1.75755220387859e-08	-0.205464778299913	0.038	0.057	0.0005894478581368	LIG1	c3
4.85136809864427e-06	-0.205274853274667	0.046	0.062	0.162705183292331	CEP68	c3
0.534098163417586	0.205271040062712	0.102	0.108	1	AC118549.1	c3
0.196449992474433	0.205258905568158	0.128	0.14	1	SUMF2	c3
0.852394420272214	0.205226004307683	0.129	0.133	1	SFXN3	c3
0.000131792337485177	-0.205208928818404	0.027	0.038	1	STX1A	c3
0.806226516199079	0.205187405162742	0.142	0.146	1	TOP2B	c3
0.864214591547057	0.205177449588826	0.074	0.077	1	KIZ	c3
4.09256552241751e-15	-0.205130802781762	0.134	0.183	1.37256462490839e-10	DESI2	c3
0.207794591205789	0.205022482236688	0.235	0.244	1	ADSL	c3
8.35241086077403e-10	-0.204976077831684	0.09	0.12	2.80123155448639e-05	INTS6	c3
0.0610233149659948	-0.204943572453518	0.016	0.019	1	PWWP2B	c3
1.2965903728404e-16	-0.204913576006227	0.249	0.318	4.34850479243214e-12	CWC25	c3
4.37626295601535e-11	-0.20471858934866	0.117	0.154	1.46771107018843e-06	POLR1C	c3
0.382916815964124	0.204636561257344	0.093	0.1	1	ZDHHC24	c3
0.857861207269327	0.204620642593906	0.103	0.105	1	NPRL2	c3
0.011205668140617	-0.20461785787186	0.01	0.015	1	FSIP1	c3
4.40512485360089e-05	0.204603159065154	0.31	0.3	1	CARD16	c3
0.671595777101567	0.204570779837088	0.117	0.123	1	MRPL19	c3
2.654775935539e-11	-0.204512498736407	0.134	0.175	8.90358753261069e-07	RIOK1	c3
9.89092053231295e-05	0.204491905690504	0.348	0.352	1	MRPL52	c3
0.00146233019794208	-0.204316720705839	0.01	0.015	1	HIST4H4	c3
0.389319150084316	0.204293473004218	0.022	0.024	1	GABPB2	c3
0.527852854565898	0.204281666050651	0.113	0.12	1	HSD17B11	c3
4.96566751163825e-18	-0.204262455234281	0.264	0.339	1.66538557005324e-13	LAP3	c3
0.0796502666375637	0.204191413703125	0.032	0.037	1	RXYLT1	c3
2.43965751911164e-56	-0.204065174830371	0.907	0.934	8.18212338759661e-52	EEF2	c3
0.489359852302142	0.204017302001299	0.072	0.076	1	MIEF1	c3
0.656880399955232	0.203787678958142	0.129	0.131	1	CWF19L2	c3
0.000957782738128604	-0.203706356709746	0.016	0.023	1	TRAK1	c3
0.183622864203576	0.203673263414956	0.013	0.015	1	FBXL18	c3
0.456576834000929	0.203599150581184	0.095	0.101	1	SYTL1	c3
8.194928379654e-12	-0.20346563693135	0.112	0.15	2.74841507996836e-07	DLEU2	c3
0.870112098493378	0.203389934775509	0.087	0.09	1	EZH1	c3
0.440518205116852	0.203351613421594	0.045	0.048	1	GUF1	c3
0.740940204936629	0.203345870289637	0.043	0.044	1	EIF4E3	c3
4.86304327144155e-07	-0.20328369798901	0.023	0.036	0.0163096745237607	DENND6B	c3
0.899774788318295	0.20317001578008	0.096	0.098	1	NME7	c3
0.740102590225202	0.20301949531101	0.168	0.174	1	ERG28	c3
0.158723655881978	0.202961561232565	0.066	0.072	1	KCTD13	c3
0.100035686751462	0.202868013542919	0.281	0.292	1	SMARCE1	c3
0.421957862789909	0.202855477816247	0.188	0.192	1	TRIP12	c3
0.483754486967198	0.202670447962958	0.094	0.1	1	DEXI	c3
5.74773377562762e-18	-0.202591417408122	0.518	0.596	1.92767495366999e-13	TAF1D	c3
0.276862766708782	0.20246786427307	0.014	0.016	1	LRRCC1	c3
0.208067059427662	0.202299455059038	0.267	0.277	1	CASP4	c3
0.715129789965095	0.202266694753544	0.017	0.016	1	DMPK	c3
0.26816733928678	0.202221421373081	0.221	0.228	1	NUB1	c3
0.978146321885688	0.202122438324825	0.131	0.137	1	MTA2	c3
0.000116466020844311	0.202087160662374	0.38	0.385	1	EAPP	c3
0.000158239385227325	-0.202082467993614	0.02	0.029	1	RARG	c3
0.977139213526942	0.202031782076815	0.164	0.172	1	ARHGAP4	c3
0.369836785802626	0.201996057090156	0.015	0.016	1	LRP12	c3
1.73400744638195e-10	-0.201960023045915	0.109	0.144	5.81551417367578e-06	ARRDC2	c3
0.967581150665514	0.201938486040562	0.11	0.114	1	DDHD1	c3
0.572857133299625	0.20193530739399	0.014	0.015	1	ZBTB3	c3
0.914722591643693	0.201904915502736	0.046	0.047	1	ZNF235	c3
0.735624507800989	0.201865037061278	0.196	0.207	1	VAMP5	c3
0.510509091527815	0.201860544004045	0.207	0.217	1	EXOSC10	c3
0.517004868250175	0.201817418090915	0.033	0.036	1	NFXL1	c3
0.199861854290895	0.201805864883815	0.047	0.052	1	HDAC8	c3
1.75910407419448e-07	-0.201697655972533	0.015	0.027	0.00589968324403343	RCN1	c3
2.08943540690324e-14	-0.201644125122797	0.328	0.399	7.00754846767207e-10	CDV3	c3
0.0155874796661933	0.201622342918697	0.034	0.042	1	PXMP2	c3
1.93893775528389e-09	-0.201575343537459	0.101	0.133	6.50280944367109e-05	MED21	c3
4.36606516640104e-08	-0.201494299486029	0.039	0.057	0.00146429093550758	NUFIP1	c3
2.85736473581635e-16	-0.201479880586945	0.357	0.434	9.58302985098087e-12	ELOVL5	c3
0.016788580277108	0.201432326758376	0.022	0.027	1	RPL39L	c3
0.699692526633027	0.201397377909547	0.035	0.037	1	IRGQ	c3
0.999704583113491	0.201343648540537	0.053	0.054	1	FYCO1	c3
8.66993197001725e-08	-0.20112670439531	0.069	0.092	0.00290772178410439	CTU2	c3
0.640621686652783	0.201103402116675	0.033	0.035	1	ADPRM	c3
0.145616018352498	0.201013931721572	0.009	0.011	1	LINC00467	c3
0.0451571246852248	0.20099962963103	0.295	0.306	1	SMARCB1	c3
4.25233210383845e-13	-0.200994068551572	0.205	0.261	1.42614714098534e-08	NXT1	c3
0.358073963227752	0.200975169783987	0.031	0.033	1	USP9Y	c3
0.485067180265909	0.200901681883582	0.019	0.021	1	SPPL2B	c3
2.94184764076302e-05	0.200761395137389	0.386	0.387	0.986636861759102	GOLGA7	c3
0.0786260916153059	0.200759081790002	0.272	0.283	1	NAA20	c3
0.359696638267493	0.200731354993677	0.035	0.038	1	INTS3	c3
0.254889692687194	0.200613029635654	0.081	0.088	1	PTPN18	c3
0.00171413528765509	-0.200586132033581	0.023	0.031	1	DUSP8	c3
7.94269772018101e-12	-0.200570021112012	0.154	0.2	2.66382196139431e-07	UHRF1BP1L	c3
0.316131107557131	0.200503136268291	0.016	0.018	1	AC008083.2	c3
0.600600052997022	0.200467669180385	0.016	0.017	1	ZNF571	c3
0.339454766410143	0.200460050542232	0.011	0.013	1	PAXIP1-AS2	c3
0.847179225635489	0.200429726783378	0.097	0.101	1	RNF44	c3
2.64813324171884e-06	-0.200264777430059	0.081	0.102	0.0888130926607666	DYRK1A	c3
0.583409774211793	0.200198710880352	0.035	0.037	1	MLLT1	c3
0.701539426384886	0.200174747186447	0.04	0.042	1	C15orf39	c3
0.335632012059967	0.200156418320448	0.024	0.026	1	CAD	c3
0.466174795023879	0.200152558444003	0.09	0.096	1	CBWD1	c3
3.76709718858872e-13	-0.200119877774395	0.68	0.726	1.26340905510888e-08	ANKRD12	c3
0.242719380078106	0.200118281848204	0.11	0.121	1	EIF2B2	c3
0.283513984254715	0.200025100110743	0.015	0.017	1	FOCAD	c3
0.801574173598789	0.199843433725861	0.072	0.074	1	ZNF142	c3
0.0958524787979001	0.199793663135181	0.232	0.235	1	NUMA1	c3
5.42241308528505e-15	-0.199700876628107	0.275	0.343	1.8185689005429e-10	PHF20	c3
0.947451907945706	0.199569642648098	0.171	0.181	1	MRPL16	c3
0.40723624513106	0.199497886557548	0.052	0.056	1	TRAPPC11	c3
0.000166965390996875	-0.199450898751271	0.017	0.025	1	ARSG	c3
7.55158510275366e-11	-0.199442291176358	0.163	0.206	2.53265061176152e-06	WIPF2	c3
0.00138205443746251	-0.199322411377609	0.011	0.017	1	CISH	c3
0.109062277632147	0.199302811029987	0.043	0.049	1	FOXRED1	c3
0.776574791910621	0.199299923031572	0.093	0.096	1	G2E3	c3
0.387941553551715	0.199237522764061	0.09	0.097	1	PIGC	c3
0.00485528919017556	-0.199203644982465	0.008	0.012	1	TMEM91	c3
8.32248264116922e-06	0.199193351277232	0.366	0.367	0.279119422819533	MEA1	c3
0.704478889190488	0.199188526504662	0.101	0.105	1	NFE2L1	c3
0.0658914368719822	0.199132603704458	0.027	0.032	1	PRIM2	c3
0.00679174252890538	0.199060739366007	0.3	0.301	1	ARL3	c3
5.07732263768868e-15	-0.19905916765808	0.311	0.384	1.70283246622803e-10	NUP98	c3
0.301980382819563	0.199047162231381	0.026	0.028	1	ZNF41	c3
0.275925105257138	0.19896579456426	0.183	0.186	1	RFX1	c3
1.73397805313804e-05	-0.198889615620002	0.045	0.06	0.581541559461437	AGPAT4	c3
2.4600578614697e-15	-0.198839478700317	0.473	0.547	8.25054205579709e-11	PAK2	c3
0.691681318103133	0.198812317439213	0.087	0.091	1	TMEM206	c3
1.15684095781116e-10	-0.198785393881661	0.068	0.097	3.87981320430707e-06	FLOT1	c3
1.04340958962865e-09	-0.198781133752075	0.097	0.128	3.49938708169656e-05	PISD	c3
0.525680507522574	0.198642155107695	0.063	0.066	1	MTERF3	c3
0.97361596722575	0.198627532834387	0.113	0.117	1	VAMP4	c3
0.584132513858838	0.198608270290512	0.125	0.132	1	UCKL1	c3
0.891504500041961	0.198481236537667	0.13	0.136	1	ARMC10	c3
0.000835057842851996	-0.198469581662374	0.013	0.019	1	PTPN12	c3
3.72002642563696e-63	-0.198467045827599	0.958	0.961	1.24762246263012e-58	PPIA	c3
0.652020845125039	0.198380538531254	0.078	0.082	1	THAP12	c3
1.3164812345057e-13	-0.198370296968455	0.134	0.179	4.41521476428523e-09	HIST1H2BK	c3
4.39381278034216e-15	-0.198325704201346	0.12	0.167	1.47359693027115e-10	PIGX	c3
0.582929558814641	0.198263570873996	0.033	0.035	1	DMWD	c3
8.02727628400267e-15	-0.198201290720828	0.203	0.262	2.69218792012881e-10	PLEKHA2	c3
0.557521898152487	0.198191756761236	0.125	0.134	1	CHMP7	c3
0.999518362805437	0.198125878585312	0.083	0.085	1	APAF1	c3
0.046586732407717	0.198116226400928	0.02	0.024	1	CENPO	c3
5.74424866516373e-11	-0.198096185565077	0.116	0.153	1.92650611732261e-06	PLEKHF2	c3
8.80813729921241e-05	-0.198075837128131	0.025	0.035	1	EFCAB2	c3
0.248882509222397	0.19801810229346	0.02	0.023	1	RCBTB2	c3
0.0859316011344426	0.198010346759052	0.276	0.285	1	WDR82	c3
0.964462694935019	0.197977617034502	0.169	0.179	1	NMT1	c3
3.5980906215984e-06	-0.197822408887522	0.014	0.024	0.120672763267167	TKFC	c3
1.1432104935273e-05	-0.197763479977627	0.026	0.037	0.383409935319186	KMT5A	c3
0.512871479269731	0.19772882216978	0.229	0.242	1	MMP24OS	c3
0.027968252898034	0.197629359605809	0.244	0.244	1	RNF166	c3
0.00484005724605261	-0.197589258014871	0.007	0.011	1	SKAP2	c3
0.772806370750853	0.197546755348754	0.138	0.145	1	MAP2K7	c3
4.87317599798412e-14	-0.197540664901165	0.202	0.258	1.63436576620391e-09	TAB2	c3
0.663922163063967	0.197519311225831	0.196	0.204	1	UPF3A	c3
0.427239847258356	0.197435815486161	0.056	0.06	1	TRDMT1	c3
0.247600697547773	0.197434880384443	0.034	0.037	1	KIAA0753	c3
0.332856951883222	0.197236656123148	0.049	0.053	1	DNAJC11	c3
0.715473021270535	0.197174681339509	0.204	0.216	1	VPS4A	c3
0.491028057694107	0.197022472164383	0.041	0.043	1	C11orf68	c3
4.18944046839619e-15	-0.196966417332098	0.26	0.328	1.40505454429071e-10	GOLGA4	c3
0.0476842064593032	0.196915650990178	0.041	0.047	1	DPAGT1	c3
0.282021267224328	0.196820839507662	0.051	0.056	1	GCFC2	c3
0.0355969241951965	0.196709004900899	0.034	0.04	1	TIPIN	c3
6.24509795265214e-06	-0.196677431041588	0.07	0.089	0.209448095136048	IFFO2	c3
0.541536130089775	0.196648232120771	0.081	0.086	1	TMEM234	c3
0.402202604174404	0.196606682637423	0.112	0.12	1	DOCK11	c3
0.0633333515922262	0.196595383124951	0.24	0.243	1	EIF1AY	c3
0.77779525035341	0.196594100683366	0.01	0.01	1	IQCK	c3
0.225124463043787	0.196591840314236	0.252	0.264	1	CLNS1A	c3
0.00927804779056409	-0.196499141029398	0.019	0.025	1	OTUD1	c3
0.10959417557067	0.196449782676322	0.242	0.247	1	SIGIRR	c3
0.509197067543489	0.19643638945902	0.173	0.178	1	FAM160B1	c3
0.846908917891424	0.19643119262801	0.137	0.144	1	TMEM222	c3
1.30626951572037e-06	-0.196426150534861	0.248	0.291	0.0438096670182298	RILPL2	c3
0.346048512181685	0.196292766689481	0.094	0.101	1	ZC3H14	c3
0.706897392570607	0.196224341138965	0.136	0.144	1	SLC43A3	c3
0.948652544595455	0.19622120708379	0.158	0.166	1	ATP5PO	c3
0.956858846811406	0.19613652044953	0.183	0.193	1	UGP2	c3
0.421082087169158	0.196070179451638	0.089	0.095	1	TMEM203	c3
0.296376664330133	0.196049216966079	0.023	0.026	1	ZNF587	c3
0.0935790737161981	0.195948149011865	0.241	0.247	1	LSM5	c3
0.375401745901825	0.195923102977402	0.023	0.025	1	AC139530.1	c3
0.937184537392486	0.195879126134102	0.107	0.11	1	RPRD2	c3
0.270044622558354	0.195847321812554	0.048	0.052	1	ZNF720	c3
0.902650001346763	0.195832491739422	0.019	0.018	1	LIPT1	c3
4.49720695964086e-06	0.19581448900887	0.386	0.386	0.150827327012435	AP2S1	c3
0.743226118098897	0.195810600812591	0.104	0.109	1	NMRK1	c3
0.931008700858761	0.195614894482565	0.082	0.084	1	AKAP10	c3
0.594583231230241	0.195540086890853	0.093	0.097	1	SLC25A25	c3
0.715823798317135	0.195533126274645	0.011	0.01	1	ADRB2	c3
0.596806569038955	0.195370605153736	0.05	0.052	1	KCTD6	c3
0.0065066117657252	-0.195343646130087	0.009	0.013	1	IFT122	c3
2.30036449092535e-14	-0.195281565345031	0.188	0.244	7.71496242966544e-10	RCE1	c3
2.48082071334906e-05	0.195260987174083	0.388	0.389	0.832017650843007	N4BP2L2	c3
0.0930259322186366	0.19524062745843	0.265	0.274	1	MCRIP1	c3
0.696903304729252	0.195092194745806	0.117	0.123	1	RXRB	c3
0.000175080668000897	0.195084124118251	0.371	0.373	1	BAX	c3
0.578240834608436	0.19502028364289	0.028	0.03	1	SLC8B1	c3
4.27964979304127e-13	-0.194992638884672	0.142	0.187	1.43530894759018e-08	KDSR	c3
0.676547162541375	0.1949252215151	0.016	0.016	1	SLC16A13	c3
0.541106722131208	0.194919677771671	0.21	0.219	1	GDE1	c3
0.246799963059364	0.194906407077087	0.192	0.196	1	GRK2	c3
0.467673671476665	0.194896656186821	0.149	0.161	1	GUSB	c3
0.240046010105814	0.194828109651608	0.086	0.083	1	KCNA3	c3
0.421656929822986	0.194780997146226	0.179	0.184	1	SNAP29	c3
6.41430567681974e-05	0.194734579637366	0.328	0.32	1	IL10RA	c3
1.34009345034399e-15	-0.194732948105075	0.235	0.301	4.49440541376368e-11	FXR1	c3
3.10502065883129e-05	-0.194635280689299	0.027	0.038	1	CCNB1	c3
0.0436915162799579	0.194522098659117	0.254	0.256	1	ERICH1	c3
0.877817464251308	0.194328662995058	0.095	0.099	1	RABGAP1	c3
0.00131123736997877	0.194314875016882	0.378	0.386	1	C4orf48	c3
0.616823476553393	0.19429957256364	0.16	0.164	1	PPP2R5E	c3
0.360822681051576	0.194293335888288	0.066	0.071	1	NF2	c3
0.00037764091633556	-0.194282586276759	0.013	0.02	1	AL121603.2	c3
0.416572668058399	0.19425782297082	0.16	0.162	1	ANKRD49	c3
0.00270238687462852	0.194185655134141	0.325	0.328	1	BAZ2A	c3
0.17083461318313	0.194183717978702	0.07	0.077	1	FBXO22	c3
2.56945939965907e-12	-0.194175551425189	0.813	0.842	8.6174529345766e-08	SOD1	c3
0.982868820560442	0.194162184638741	0.173	0.182	1	PML	c3
0.00374420753235972	-0.19398424425442	0.011	0.016	1	MIR4458HG	c3
0.328139142029496	0.193946017657283	0.157	0.159	1	DYRK1B	c3
9.34322733575163e-08	-0.193945860330032	0.618	0.665	0.00313353158386438	TUBA1A	c3
0.0673466275485728	0.193925447232637	0.29	0.302	1	MRPS15	c3
0.256051917759375	0.193768480933595	0.132	0.145	1	HPS1	c3
0.746214890102389	0.193757730714583	0.094	0.099	1	SDHAF1	c3
0.934606786297822	0.193621536526088	0.013	0.013	1	UGT8	c3
8.21904148802978e-07	-0.193594680304108	0.173	0.206	0.0275650213425543	AKAP5	c3
2.68200395384209e-07	-0.193591906634768	0.059	0.079	0.00899490486039559	FAM91A1	c3
7.88868878919657e-12	-0.193591336611924	0.44	0.508	2.64570844612075e-07	MAPRE2	c3
0.800774412178478	0.193580500913923	0.027	0.028	1	ANKS1A	c3
6.53023444835921e-09	-0.193395132114752	0.063	0.087	0.000219011002929071	SPTSSA	c3
1.6990582949866e-17	-0.193307065927355	0.536	0.609	5.69830170972605e-13	HNRNPUL1	c3
2.01884655023783e-11	-0.193306489921484	0.354	0.42	6.77080756018764e-07	AKIRIN2	c3
0.370621384221252	0.193221695654461	0.079	0.084	1	ZNF236	c3
0.161458462095155	0.193169098834044	0.045	0.05	1	TAX1BP3	c3
0.0957477174765972	0.193028462748792	0.059	0.066	1	RPP25L	c3
6.46739468056468e-16	-0.193022661104684	0.171	0.228	2.16903482796778e-11	RCAN3	c3
0.391321027587357	0.192980056125477	0.013	0.015	1	TTC22	c3
0.902033163618723	0.192866510712845	0.017	0.018	1	CIPC	c3
0.348387654534991	0.192743814421942	0.221	0.23	1	ZFAND2B	c3
0.441212044074888	0.192677827577144	0.062	0.065	1	WWP1	c3
0.753667580622644	0.192623862142245	0.13	0.136	1	KMT5B	c3
2.00847939428285e-07	-0.192607336340802	0.046	0.065	0.00673603819254584	TXNL4B	c3
0.458780799118282	0.192519682048333	0.255	0.268	1	C19orf66	c3
0.106200850610694	0.192516264757087	0.244	0.249	1	TGOLN2	c3
0.000301120719694368	-0.19241512010889	0.02	0.029	1	ASH1L-AS1	c3
0.543910569246494	0.192398151165452	0.077	0.082	1	LARS	c3
2.64857205378322e-10	-0.192337390093339	0.075	0.104	8.88278095397815e-06	MRTO4	c3
0.36528330175987	0.192315921926814	0.061	0.065	1	LRRC14	c3
0.0949469051138866	0.192266699182233	0.111	0.123	1	NDUFS4	c3
0.926296039125365	0.192122930711597	0.068	0.069	1	PI4KA	c3
0.338511968485735	0.19210345596605	0.095	0.103	1	RFC2	c3
0.262020678469816	0.19208925398754	0.031	0.034	1	C8orf58	c3
2.03263972204867e-12	-0.19207674869483	0.095	0.132	6.81706709980684e-08	NFU1	c3
0.28519035511003	0.19205248303219	0.062	0.067	1	MTA1	c3
0.158654943613569	0.192049234032942	0.07	0.077	1	ATXN7L1	c3
0.039597416038067	0.191979620459402	0.036	0.042	1	CHKB	c3
0.14296031061131	0.191950677721082	0.115	0.127	1	MRPL58	c3
1.41262496341926e-06	-0.191861180569266	0.011	0.021	0.047376616023155	TIMELESS	c3
0.0117918900093196	-0.191781661184681	0.008	0.012	1	ZNF780B	c3
0.45549516310478	0.191688570523631	0.129	0.129	1	FNDC3A	c3
4.76260423770343e-08	-0.191607776491177	0.071	0.095	0.00159728220924098	UBE2O	c3
0.629841418354557	0.191556932145888	0.115	0.121	1	PTCD3	c3
0.448098053027499	0.191552324590028	0.1	0.106	1	RBM28	c3
0.576694572961438	0.191507992431357	0.054	0.057	1	ZNF586	c3
0.47960892513855	0.191481986778344	0.136	0.138	1	ZBTB2	c3
2.61995566647621e-11	-0.191413965714089	0.136	0.177	8.7868073142279e-07	ARIH1	c3
1.79769369643907e-14	-0.191380207777437	0.135	0.182	6.02910511911734e-10	MFSD14A	c3
0.482271239906876	0.191350824686337	0.045	0.048	1	GEMIN5	c3
0.399944937271532	0.191320857168513	0.25	0.262	1	TINF2	c3
0.530980985673206	0.191291911517764	0.047	0.05	1	PUS1	c3
0.066309712886461	0.191285553758665	0.307	0.322	1	COX7A2L	c3
0.000379824638548937	-0.191149461044343	0.017	0.025	1	ELP4	c3
0.000257965320985713	-0.19085662131796	0.018	0.027	1	PDSS1	c3
0.466108580055404	0.190821194389772	0.022	0.024	1	ZNF273	c3
1.57129412689874e-15	-0.190818565296942	0.265	0.333	5.26980624279298e-11	SMARCA2	c3
0.34955828598264	0.190796317859168	0.073	0.078	1	HIBCH	c3
0.00217502877580875	0.19069358479282	0.324	0.331	1	PSMC1	c3
0.136644782958297	0.190588863974814	0.137	0.152	1	QARS	c3
0.26141107846069	0.190442935041337	0.122	0.132	1	ATXN2	c3
2.7718483633996e-15	-0.190330728071871	0.145	0.196	9.29622504116959e-11	RAB21	c3
0.337665793862681	0.19031485678171	0.077	0.083	1	KLHDC4	c3
0.662276907945744	0.190298018661925	0.015	0.016	1	FBXL19	c3
0.00130711798769999	-0.190257257723816	0.036	0.046	1	TAF13	c3
7.70676697654397e-24	-0.190245995284008	0.84	0.88	2.58469550859332e-19	ADGRE5	c3
0.34731039088427	0.190148055064589	0.098	0.105	1	CDC16	c3
0.714171458870114	0.190088653567723	0.066	0.069	1	SH2B1	c3
0.658804765524749	0.190078278109585	0.148	0.158	1	GSKIP	c3
0.2768948836403	0.190058934600676	0.014	0.016	1	ERMARD	c3
0.305693380337857	0.190054679536052	0.023	0.025	1	TEX261	c3
0.772344688398923	0.190046100510456	0.22	0.232	1	PBRM1	c3
4.00021789942517e-10	-0.190016493109284	0.107	0.141	1.34159307910922e-05	PLEKHA3	c3
0.212372218058041	0.189934152876312	0.045	0.05	1	LIN52	c3
0.786933095206703	0.189805354017532	0.015	0.016	1	ZNF407	c3
0.364967977206073	0.189793796209125	0.172	0.188	1	FIBP	c3
4.66862340475603e-05	-0.189662003488893	0.016	0.025	1	CLPB	c3
0.131445796081445	0.189608562649885	0.26	0.27	1	CDC26	c3
0.344507600154755	0.189592912782854	0.036	0.039	1	KDM4A	c3
0.815758430593085	0.189559280529574	0.175	0.182	1	ARID1A	c3
2.50124734248969e-09	-0.189513633782515	0.116	0.149	8.38868333724193e-05	VCPKMT	c3
0.338459684922275	0.189419539894322	0.227	0.235	1	MXD4	c3
0.985891710147909	0.189415592537306	0.12	0.124	1	TBP	c3
1.26016072629493e-16	-0.189358556994069	0.523	0.596	4.22632704384795e-12	NFKB2	c3
0.491100209769523	0.189332214662395	0.039	0.041	1	FKBPL	c3
0.454917532538618	0.189271186002985	0.106	0.114	1	NFX1	c3
2.68010376940787e-09	-0.189209439490068	0.111	0.144	8.98853202184012e-05	C16orf72	c3
1.72069663968322e-13	-0.189184769530268	0.238	0.301	5.77087239016959e-09	HSPA4	c3
0.554807312898512	0.18915379200405	0.175	0.188	1	CDK5RAP3	c3
6.30370715151133e-16	-0.189132458252657	0.234	0.3	2.11413730447387e-11	FAM133B	c3
0.614999087078249	0.189101171575469	0.246	0.26	1	OS9	c3
2.84197520631401e-08	-0.189084273064691	0.063	0.086	0.000953141644693594	MYO7A	c3
0.859067866892769	0.188969159543036	0.095	0.098	1	RCC2	c3
7.30508596811663e-05	0.188969051982856	0.397	0.403	1	IMP3	c3
3.54430608461603e-10	-0.18896723222237	0.061	0.088	1.18868937465852e-05	FASTKD2	c3
0.000152008087998042	-0.188884951319531	0.017	0.025	1	ZNF416	c3
1.19170682968408e-08	-0.188799912903641	0.059	0.082	0.000399674636539446	NDUFAF6	c3
0.0929851323499093	0.188784864462972	0.028	0.033	1	FANCG	c3
0.550143762110922	-0.188772683652253	0.038	0.039	1	CSF1	c3
0.832139542159388	0.188769764318077	0.147	0.154	1	CXXC1	c3
0.806146251192761	0.188759844730282	0.184	0.196	1	ARL5A	c3
0.704206431229884	0.188585345688747	0.175	0.182	1	MRPL55	c3
0.716108528815176	0.188566233178351	0.117	0.123	1	RPAP3	c3
0.354980669454646	0.188532669692455	0.064	0.069	1	TBC1D9B	c3
0.0955525087367187	0.188491890177237	0.035	0.04	1	ZC3HC1	c3
0.271234926051159	0.188466741865783	0.036	0.04	1	RRNAD1	c3
0.527491113767822	0.188423666759757	0.038	0.041	1	CUL4B	c3
0.000289249778481244	-0.188409532225066	0.02	0.029	1	MAST2	c3
0.554116948750713	0.188400126602413	0.195	0.203	1	CTSS	c3
0.0245388842860096	0.188380353962148	0.318	0.328	1	NDUFA13	c3
0.144420454587268	0.188143222271007	0.04	0.044	1	WDR12	c3
0.660414652549327	0.188079038896314	0.139	0.142	1	TBC1D10A	c3
0.0266509600378496	0.188076435899317	0.236	0.234	1	GALNT11	c3
2.35489429346345e-12	-0.18805290545187	0.411	0.487	7.89784448141771e-08	CCT4	c3
0.109340978146589	0.188025536771623	0.093	0.104	1	NIT1	c3
0.00601885066295803	0.187975166198009	0.351	0.362	1	RPL7L1	c3
0.000211307919074247	0.187965941638563	0.414	0.422	1	REST	c3
1.1087445150891e-07	-0.187950794243413	0.059	0.08	0.00371850735470581	SACS	c3
3.7067967608078e-14	-0.187874056386859	0.189	0.245	1.24318549763972e-09	PGD	c3
0.327816371053978	0.1878515839061	0.031	0.034	1	BISPR	c3
0.00208488873340329	-0.187826845394271	0.257	0.281	1	MT1E	c3
0.143214012703185	0.187727448013185	0.011	0.013	1	PLOD1	c3
0.227290457190177	0.187715664180614	0.089	0.097	1	GSS	c3
0.0103487270131735	0.187495517078996	0.033	0.041	1	PGAP2	c3
0.528896573627415	0.187481677466436	0.089	0.094	1	IER3IP1	c3
0.123522679899687	0.187440008916839	0.062	0.069	1	EEFSEC	c3
0.216715914813149	0.187420377723455	0.071	0.077	1	C11orf24	c3
0.218296231126913	0.187390983184778	0.098	0.107	1	CINP	c3
0.634370742557947	0.187379378187782	0.175	0.182	1	NUDT16L1	c3
0.878774895921565	0.187270041195336	0.086	0.089	1	HNRNPH2	c3
0.171691949059833	0.187204203210445	0.27	0.284	1	LYPLA2	c3
1.05157694296951e-09	-0.187174350880125	0.187	0.23	3.52677875133113e-05	TOR1AIP1	c3
0.299484932480916	0.187146943740241	0.035	0.038	1	TTC27	c3
2.95762564797362e-14	-0.187136557820073	0.154	0.204	9.91928489817391e-10	TERF1	c3
0.0485717197664472	0.187116941546425	0.068	0.077	1	PRKCB	c3
0.73947029178219	0.187083675275538	0.072	0.075	1	ABR	c3
0.5133869698854	0.187017966940012	0.143	0.145	1	PCF11	c3
0.422750304623926	0.186960513987369	0.013	0.014	1	ZSCAN5A	c3
0.00891370155293211	0.186942514608272	0.104	0.121	1	MYL6B	c3
0.0705659582063359	0.186942299429532	0.1	0.112	1	PAPSS1	c3
0.0456370487796394	-0.186889950704158	0.008	0.011	1	UNC93B1	c3
2.68355684393313e-05	-0.1868659813133	0.039	0.052	0.900011294318292	TMEM181	c3
0.143076123335922	0.186849942585543	0.015	0.018	1	ETV2	c3
0.214942975591595	0.186840843708949	0.042	0.046	1	MR1	c3
0.444474687546313	0.186816327229234	0.02	0.021	1	JHY	c3
0.490808780793017	0.186815052513154	0.126	0.136	1	DDX1	c3
0.0478229522712937	0.18681027546368	0.017	0.021	1	POLD1	c3
0.277503676924512	0.186693286674263	0.031	0.034	1	ADPRH	c3
7.50702293212006e-16	-0.186691742325663	0.218	0.284	2.51770535097443e-11	SRA1	c3
0.441771240838809	0.186676846231884	0.012	0.014	1	FBXL17	c3
0.563491891321175	0.186549833066697	0.013	0.014	1	PTCD1	c3
0.123292613242849	0.186470596251266	0.036	0.041	1	BCAS3	c3
0.000369035370576868	-0.186393126685086	0.019	0.027	1	ST6GAL1	c3
5.03826237364316e-15	-0.186382111820773	0.222	0.285	1.68973243487244e-10	ARFGAP3	c3
5.16665563886309e-09	-0.186378032252847	0.263	0.312	0.00017327929681619	RAB9A	c3
0.485220774404913	0.186316582863671	0.088	0.094	1	GFOD2	c3
0.653880312651229	0.186276791907082	0.058	0.061	1	ULK3	c3
0.00562893993746599	-0.185929356646869	0.018	0.024	1	TTYH3	c3
0.305351197624574	0.185823886242513	0.259	0.271	1	GLG1	c3
0.108834223944961	0.185803832297876	0.029	0.033	1	MAP2K5	c3
1.90050717356717e-13	-0.18579850964806	0.255	0.318	6.37392095870957e-09	RNF11	c3
0.0380650034810828	0.185772230384968	0.323	0.333	1	ZAP70	c3
0.694804631326032	0.185546284104296	0.105	0.11	1	CCNG2	c3
3.07051506321557e-05	0.185507774523085	0.404	0.406	1	SRI	c3
1.19483482138528e-13	-0.185436718610482	0.129	0.173	4.00723702396196e-09	SUCO	c3
0.500079838028101	0.185410322020297	0.019	0.02	1	ATXN7.1	c3
0.880761300891196	0.185352030455066	0.181	0.19	1	UBA3	c3
0.893155558748499	0.185307221535078	0.135	0.139	1	ELMO2	c3
0.325017703516506	0.185285481510513	0.035	0.038	1	CCZ1	c3
0.798336059977797	0.185164482833405	0.194	0.204	1	NARS	c3
0.057199434424257	0.185154857712198	0.076	0.086	1	PPIL3	c3
0.107433379011772	0.185097803907233	0.026	0.03	1	LIAS	c3
0.470790522567677	0.185038019761977	0.031	0.033	1	MBTD1	c3
0.693213227688313	0.18485720893639	0.05	0.052	1	RUFY2	c3
0.00878410544448865	0.1848467891386	0.333	0.337	1	TTC39C	c3
3.36199267056447e-11	-0.184837746200038	0.094	0.128	1.12754510185391e-06	MTF1	c3
0.538154714161705	0.184808046906562	0.188	0.194	1	DAXX	c3
0.0888117871948215	0.184748065189325	0.257	0.265	1	UBE2J2	c3
0.619813863145193	0.18471828017382	0.027	0.028	1	SLC35A3	c3
0.11147432623235	0.18470797731926	0.045	0.051	1	PROSER3	c3
1.31213229513646e-09	-0.184682028117477	0.156	0.195	4.40062929142865e-05	BET1L	c3
0.00349586153206464	0.184668074644718	0.373	0.385	1	DEGS1	c3
0.179003776946195	0.18454797246064	0.029	0.033	1	LXN	c3
3.61199545226464e-19	-0.184546883282557	0.604	0.683	1.21139103478051e-14	FNBP1	c3
2.31645352871011e-15	-0.184528040711582	0.174	0.23	7.76892184458797e-11	ACADVL	c3
4.08256638673282e-05	0.184488922838857	0.421	0.431	1	LSM8	c3
0.598155581347173	0.184426196070729	0.073	0.076	1	PTPN23	c3
0.955502325340023	0.184425428221806	0.121	0.126	1	AP5Z1	c3
0.203206925708737	0.184376020096402	0.072	0.079	1	SGCB	c3
0.0960186304301047	0.184364204649449	0.06	0.067	1	ORC2	c3
0.92132357237085	0.184314452258176	0.14	0.146	1	FCHO1	c3
1.85870957013067e-10	-0.184299618061923	0.181	0.227	6.23374015630425e-06	SQLE	c3
0.816716020906515	0.184286103528603	0.028	0.027	1	AL365361.1	c3
0.435877769697548	0.184220752637217	0.148	0.16	1	COPG1	c3
0.00571173813652138	-0.184127895352234	0.016	0.022	1	ZNF548	c3
0.00133076628905414	-0.184077788659986	0.024	0.032	1	ZNF615	c3
0.577406742829951	0.183986394419632	0.208	0.217	1	RPS6KB2	c3
0.528818766568794	0.183957894357738	0.056	0.059	1	HAGHL	c3
0.124055841034633	0.183924341010093	0.056	0.063	1	METTL3	c3
0.985283769460793	0.183854518204094	0.041	0.041	1	C20orf194	c3
0.208902240440288	0.183849153825965	0.055	0.06	1	NBPF12	c3
0.476544496898451	0.183811267152529	0.277	0.294	1	DNAJC7	c3
0.121166016214686	0.183790907499185	0.068	0.075	1	NDUFAF2	c3
0.388914092377241	0.183644891480779	0.022	0.024	1	CUL9	c3
0.970626400889585	0.183637360923258	0.11	0.113	1	SLC2A1	c3
0.834530265720987	0.183580077964382	0.041	0.042	1	LINC00944	c3
0.297725061861106	0.183578112801742	0.071	0.077	1	TSC1	c3
1.68933743885106e-113	-0.183434015805361	1	1	5.66569990241867e-109	EEF1A1	c3
0.250944094000275	0.183401470742806	0.1	0.108	1	MAP4K4	c3
0.244099047714811	0.183376671988771	0.074	0.08	1	ANKRD52	c3
1.86751917722936e-05	-0.183361473696503	0.038	0.051	0.626328581659184	D2HGDH	c3
3.56972443813202e-13	-0.183335947200591	0.391	0.46	1.19721418206072e-08	FLNA	c3
0.297774513681943	0.183295038428945	0.124	0.135	1	TMEM30A	c3
0.430530009976491	0.183120838360244	0.042	0.045	1	CAMTA2	c3
0.240580337503134	0.183110578636664	0.063	0.068	1	MTG2	c3
0.787324363441256	0.183107003559982	0.147	0.153	1	NAGK	c3
0.835255252237323	0.182998867341529	0.111	0.116	1	LRRC42	c3
0.000639146718147113	-0.182982524307829	0.018	0.025	1	AC006449.6	c3
0.503476380232661	0.182967895172169	0.037	0.04	1	SCARB2	c3
0.544990655700762	0.182901897135888	0.046	0.049	1	ZSCAN25	c3
0.84870839658632	0.18285267742336	0.18	0.192	1	PHYKPL	c3
0.0595517027940604	0.182774404350775	0.276	0.28	1	MAP7D1	c3
0.00349352942361435	0.182707465854046	0.098	0.116	1	ETFB	c3
0.416885029022615	0.182641846418106	0.095	0.101	1	KIAA0100	c3
0.793606056079106	0.182557570229145	0.123	0.129	1	CASP7	c3
1.75182651900976e-05	0.182436043207113	0.418	0.423	0.587527577945494	VAMP8	c3
0.239766777989854	0.182404037423053	0.018	0.021	1	CYB5D2	c3
0.361802357719418	0.182319559076648	0.238	0.247	1	VEZF1	c3
0.832794281524085	0.182308157887628	0.158	0.167	1	PIAS4	c3
3.16126247532732e-13	-0.182287695062205	0.228	0.287	1.06022420897528e-08	DNAJC2	c3
0.624706985867886	0.182228446833671	0.154	0.164	1	JAK3	c3
0.971978140786705	0.182159583493306	0.079	0.081	1	DNLZ	c3
0.509836520727727	0.182124766659403	0.016	0.017	1	ZNF283	c3
0.595325553919295	0.182122461117726	0.194	0.202	1	TSR2	c3
0.262438942554142	0.182044661487136	0.097	0.105	1	RNPC3	c3
0.521650028363045	0.181942199066621	0.18	0.195	1	IDH3B	c3
0.0938507935384198	0.181801724891756	0.034	0.039	1	CENPE	c3
1.27741373335166e-07	-0.18179250811078	0.063	0.084	0.00428419017891479	MSL2	c3
2.20984583315456e-10	-0.181771043816459	0.106	0.14	7.41138095523376e-06	COG3	c3
6.83634434768143e-14	-0.181738824839985	0.172	0.226	2.2927731673254e-09	MOB4	c3
0.0325351084967027	0.181681301293411	0.28	0.285	1	ORMDL2	c3
2.77174612112028e-12	-0.181652884968258	0.443	0.509	9.29588214101318e-08	GYPC	c3
0.310041350961292	0.181646039079752	0.014	0.016	1	LRP5L	c3
1.02618486336335e-06	-0.18156168969557	0.071	0.093	0.03441618794748	BTN2A2	c3
0.43110952742049	0.181537941729372	0.139	0.15	1	TAF12	c3
0.056058615095521	0.181448212564656	0.105	0.119	1	TRAF7	c3
1.61914188352965e-12	-0.1814451861885	0.168	0.217	5.43027804898173e-08	OXSR1	c3
0.785905543968548	0.181346454260895	0.031	0.032	1	ZNF687	c3
0.765805622485751	0.181245512826817	0.013	0.014	1	SCFD2	c3
0.647798055890763	0.181222939715379	0.176	0.189	1	AKR1B1	c3
0.0591765056345528	0.181127707828268	0.262	0.266	1	CYB5A	c3
2.27494802626455e-11	-0.181115445105035	0.06	0.088	7.62972069048606e-07	C19orf48	c3
9.02600354691505e-07	-0.180894298742788	0.042	0.058	0.0302714106956437	SLC9B2	c3
8.19376267967147e-28	-0.18085357788775	0.872	0.899	2.74802412750822e-23	EEF1B2	c3
1.6344062479328e-11	-0.180821261941473	0.221	0.277	5.48147167431704e-07	COQ10B	c3
0.00033587227655148	0.180715095807337	0.427	0.438	1	TAPBP	c3
0.00953203591380484	0.180662906680681	0.239	0.233	1	PACSIN2	c3
0.496220786921202	0.180651919273884	0.034	0.036	1	CLUH	c3
0.395215952916619	0.180637305115362	0.115	0.124	1	WDR13	c3
0.740924893034699	0.180593292742961	0.011	0.012	1	TSGA10	c3
1.31444807676929e-09	-0.180415533824918	0.103	0.135	4.40839595986884e-05	UBAP2	c3
1.69942894260359e-16	-0.18034650675441	0.619	0.687	5.69954478770392e-12	ALDOA	c3
0.175084460895739	0.18034018196489	0.039	0.043	1	TMEM209	c3
0.312290109779629	0.180325266557069	0.016	0.018	1	MSANTD3	c3
0.000762354171509396	0.180251048799202	0.336	0.338	1	HMGN4	c3
0.0345457871755593	0.18024680649981	0.059	0.068	1	TUBG1	c3
0.843449341553216	0.180240665953969	0.172	0.179	1	KPNA6	c3
0.683612758536686	0.180180345623407	0.172	0.184	1	MRPS35	c3
0.386630043640129	0.180166486293443	0.26	0.274	1	OCIAD1	c3
0.0917472184485321	0.180163585585765	0.054	0.061	1	AC083798.2	c3
0.010101663098984	0.180101510713498	0.35	0.361	1	PSMA4	c3
0.877425702925878	0.180091629677294	0.21	0.222	1	PIH1D1	c3
0.143115689045159	0.179960943133269	0.068	0.076	1	TMEM205	c3
1.38344580482726e-06	-0.179912037372325	0.072	0.093	0.0463980054022967	QKI	c3
0.132568458816337	0.17988324425887	0.241	0.247	1	KIF3A	c3
0.384772722385225	0.179869043874381	0.085	0.091	1	MFN2	c3
0.469061832402294	0.179828576356271	0.046	0.049	1	ZC3H4	c3
0.845865190384194	0.179811684887605	0.151	0.159	1	GLO1	c3
0.433400390456965	0.179746863685085	0.231	0.242	1	LSM3	c3
0.410708493732074	0.179620633054329	0.064	0.068	1	XPO5	c3
0.583370165953276	0.179520748432384	0.039	0.041	1	BTBD6	c3
5.33446572706218e-10	-0.179515115780528	0.27	0.323	1.78907311554211e-05	MAT2A	c3
0.386324062497462	0.179509780883403	0.037	0.039	1	SGPP1	c3
0.470626053477591	0.179506086002092	0.028	0.03	1	ZNF337	c3
6.66173728271456e-12	-0.179497082855667	0.131	0.173	2.23421344987681e-07	RIT1	c3
3.6386855139279e-11	-0.179494409286376	0.134	0.174	1.22034234766114e-06	STK40	c3
0.153868800357096	0.179449809600674	0.073	0.081	1	UNC13D	c3
0.00952148498423248	-0.179379847315488	0.011	0.015	1	NEU3	c3
0.590592439840231	0.179368896273973	0.104	0.11	1	ASAP1	c3
2.29615880811189e-08	-0.179360580982759	0.06	0.083	0.000770085741064564	TENT4B	c3
0.249937242288795	0.179343768540445	0.015	0.017	1	TMEM201	c3
0.779346912569654	0.179279338449597	0.066	0.068	1	ZNF598	c3
0.90402930179257	0.179273760313142	0.145	0.15	1	GBP1	c3
8.03752851166492e-09	-0.179246638661783	0.077	0.103	0.000269562631224218	RBM12	c3
1.94988746674529e-18	-0.179235987196178	0.658	0.713	6.53953258597035e-14	SLC25A5	c3
0.123686274249482	0.179230417107667	0.021	0.024	1	ZNF446	c3
0.285115046588349	0.179207716646655	0.058	0.063	1	SOS1	c3
3.66343176854195e-13	-0.179186452637468	0.111	0.153	1.2286417465336e-08	PRDX2	c3
3.83096301072537e-05	0.179170043905809	0.457	0.465	1	ERP29	c3
0.995609603097605	0.179071028698218	0.104	0.107	1	PARP15	c3
6.08659185217068e-35	-0.179056535021252	0.844	0.88	2.041321175381e-30	SLC25A3	c3
0.364945542145712	0.179039612795573	0.153	0.166	1	HCFC1R1	c3
7.44166215891025e-14	-0.179021679802469	0.343	0.416	2.49578465485532e-09	SDF4	c3
0.341318255030584	0.178996115521053	0.035	0.037	1	PLCB2	c3
0.531442736361308	0.178991312954616	0.033	0.035	1	KIF3C	c3
0.486630742895828	0.178936355693077	0.041	0.044	1	C14orf28	c3
0.0450930329813708	0.178909042567397	0.062	0.071	1	EIPR1	c3
0.439182269738886	0.178889687653055	0.087	0.092	1	DENND4C	c3
0.515486610213278	0.178828217351295	0.174	0.179	1	DUSP12	c3
0.132948373423194	0.178706344806084	0.01	0.012	1	SLC39A11	c3
0.295584219282547	0.178693294579162	0.064	0.069	1	HDHD3	c3
3.62073871965618e-12	-0.178661264778529	0.207	0.261	1.21432335179829e-07	RAB5A	c3
2.95654087523474e-07	-0.178543115394789	0.136	0.166	0.00991564678736227	WHRN	c3
0.531973451243644	0.178488690212903	0.085	0.09	1	NOTCH1	c3
0.553591648527182	0.178449139610957	0.026	0.027	1	MTMR1	c3
0.301820413972586	0.178397978592058	0.092	0.099	1	GOLGA5	c3
0.04138082116688	0.17837996473017	0.025	0.03	1	NAGA	c3
3.45885166582166e-10	-0.178227201444561	0.102	0.136	1.16002967168327e-05	PSME4	c3
0.267326605350392	0.178163969056486	0.044	0.048	1	ZNF83	c3
0.0234750191595792	-0.178143192781604	0.009	0.012	1	L2HGDH	c3
0.331861629420147	0.178132841396454	0.159	0.173	1	THOC3	c3
0.325813763902406	0.178055695524999	0.153	0.167	1	NSUN5	c3
0.0523975832512581	0.178012287782088	0.279	0.287	1	RPAIN	c3
5.11655157900162e-07	-0.178001542948366	0.1	0.126	0.0171598906856556	ARRDC3	c3
0.853016956358038	0.177944267462705	0.104	0.108	1	PIGH	c3
0.00894362710825143	0.177912386703021	0.322	0.331	1	RAB11B	c3
0.396444374416034	0.177870847746187	0.062	0.066	1	FAM122B	c3
1.28399873585841e-12	-0.177854464527859	0.153	0.2	4.30627496032193e-08	TIMM50	c3
4.58729013852771e-08	-0.177798780487598	0.124	0.156	0.00153848536665942	ACOT9	c3
0.192279180479025	0.177746659572982	0.112	0.122	1	INO80C	c3
0.0415377570223371	-0.177683010021067	0.008	0.011	1	RENBP	c3
0.473063612548983	0.177571613526093	0.061	0.065	1	MAN1A1	c3
0.33928765359307	0.177540056829983	0.047	0.045	1	LINC00861	c3
0.337844146440732	0.17749768555474	0.115	0.123	1	GRIPAP1	c3
1.91211141918157e-11	-0.177486441311088	0.312	0.38	6.41283927765116e-07	GTF2B	c3
0.00965073404157376	-0.177421488059398	0.008	0.011	1	KIAA1522	c3
0.50165430922112	0.177287519106139	0.064	0.068	1	TARDBP	c3
3.81877165414795e-05	-0.177262569072359	0.022	0.032	1	TMEM237	c3
6.72419963148635e-06	-0.177229474872056	0.022	0.034	0.225516207240789	C4orf46	c3
0.469291753587067	0.177210727167058	0.028	0.03	1	BORCS8	c3
1.64592108581936e-12	-0.177128506761555	0.348	0.42	5.52009013762098e-08	CEBPZ	c3
0.777001858324539	0.177086022746642	0.081	0.084	1	CCDC92	c3
0.00218807593235729	0.177042071209329	0.024	0.032	1	CCDC34	c3
0.000236369344831549	0.176990410311107	0.368	0.371	1	RNF5	c3
0.87592422603691	0.176973327718229	0.106	0.11	1	ATP2A3	c3
0.270457180079688	0.176826637010262	0.058	0.063	1	MFN1	c3
0.723427310897158	0.176716912153195	0.09	0.094	1	SPATA33	c3
1.70999381938761e-09	-0.176715292999843	0.084	0.113	5.73497727146216e-05	TRAPPC2B	c3
0.996763214242412	0.176701607789733	0.195	0.207	1	IKBIP	c3
7.98494899800614e-13	-0.176674479751983	0.168	0.217	2.6779921949513e-08	BLOC1S6	c3
0.513843003895135	0.176665310476345	0.094	0.099	1	SUGP1	c3
0.382874426630443	0.17662685226296	0.086	0.092	1	DPP3	c3
0.588249058070841	0.176604157911353	0.029	0.031	1	ZNF649	c3
0.93671490878592	0.176596540074914	0.175	0.185	1	LMF2	c3
0.113554711863291	0.17658673158302	0.101	0.112	1	NDUFC2	c3
0.393872242537686	0.176542332531536	0.211	0.218	1	AK6	c3
0.353308519102343	0.176378131551923	0.03	0.032	1	ZNF268	c3
2.3187206234371e-06	-0.17627188665151	0.028	0.042	0.0777652522688334	ROCK2	c3
3.99389692242394e-07	-0.176256144629566	0.057	0.077	0.0133947314984254	USPL1	c3
0.505429128228913	0.1762188099985	0.143	0.152	1	ESF1	c3
0.850232924624583	0.176218134250439	0.191	0.205	1	FARSA	c3
0.485612206347538	0.176211778720154	0.131	0.141	1	NTAN1	c3
0.876432920663472	0.176171650247336	0.151	0.159	1	ARAF	c3
0.815542041339511	0.176170352221731	0.191	0.2	1	CDK4	c3
0.0987868632556958	0.17616754002675	0.101	0.112	1	ZNF277	c3
0.5938981215842	0.176102480416801	0.114	0.12	1	MTREX	c3
0.366596364549438	0.176076501622414	0.051	0.054	1	DTX3	c3
6.29369693682473e-08	-0.176051570573268	0.1	0.128	0.00211078007867228	IKZF5	c3
0.00197598955045529	-0.176048685780012	0.018	0.025	1	CDHR3	c3
0.696079623338468	0.176043162271588	0.106	0.111	1	EBLN3P	c3
0.78310035879588	0.176032093148919	0.04	0.041	1	GNS	c3
0.463494872847115	0.176010341520457	0.045	0.047	1	SIDT1	c3
0.71807341868866	0.175891659720816	0.168	0.179	1	FLI1	c3
0.126034996680117	0.175870963189455	0.085	0.094	1	GNG10	c3
0.127959267125098	0.175722280365912	0.083	0.091	1	RABEP2	c3
0.943425683223091	-0.175718694272109	0.021	0.021	1	TRBV7-3	c3
3.07359354024133e-10	-0.175626895706705	0.197	0.245	1.03082180152614e-05	ATP6V1B2	c3
0.612107033749709	0.175444188300025	0.143	0.152	1	ZNF106	c3
1.07108690943065e-06	-0.175381055047244	0.031	0.045	0.0359221127684853	SPNS3	c3
0.482014474255781	0.175364640812516	0.158	0.17	1	YDJC	c3
1.54665386669579e-05	0.175332701730521	0.479	0.484	0.518716773812433	WNK1	c3
3.41639238567637e-11	-0.175328669067955	0.195	0.244	1.14578967830814e-06	VPS26A	c3
0.0421288748889623	0.175269472449656	0.019	0.024	1	PCBD2	c3
0.926283222162281	0.175146523546724	0.203	0.215	1	EIF2AK1	c3
0.746446258078248	0.175079570554409	0.068	0.071	1	ATXN7L3	c3
1.00207774396551e-14	-0.175034351886528	0.371	0.449	3.36076833771153e-10	GRB2	c3
3.06562249962307e-06	-0.175016099095472	0.047	0.064	0.102814847392358	FAM174A	c3
0.31789839918872	0.174947785749374	0.022	0.024	1	NLRX1	c3
0.206828205453314	0.17490090342841	0.044	0.049	1	SMG8	c3
0.0261492933757141	0.174865523539058	0.297	0.305	1	ERLEC1	c3
0.976850301860018	0.17485113060363	0.033	0.033	1	URB1	c3
2.11896483245904e-09	-0.174789116768554	0.025	0.042	7.10658425510112e-05	NRM	c3
1.93052668490658e-14	-0.174632353214735	0.425	0.504	6.47460039583968e-10	GPBP1	c3
2.70739958215682e-05	-0.17461146311739	0.035	0.048	0.908007671863755	PLCL2	c3
0.00016332996211062	-0.174605722365222	0.032	0.042	1	SH3YL1	c3
0.000121989485833944	0.174591405151409	0.421	0.432	1	EMC4	c3
0.484557360870359	0.174569938158566	0.143	0.154	1	MPLKIP	c3
1.11763602028563e-05	-0.174541870971383	0.283	0.32	0.374832768483395	ABLIM1	c3
0.324518805208872	0.174436716943943	0.059	0.063	1	CEPT1	c3
0.534551927840982	0.174396445634619	0.215	0.223	1	GATAD2B	c3
0.595517949924123	0.174366456500153	0.234	0.246	1	KLHDC2	c3
1.2627844919653e-13	-0.174348798533338	0.479	0.557	4.23512662915324e-09	SERINC1	c3
2.84487770710876e-14	-0.17434607628122	0.417	0.495	9.54115085410134e-10	RSL1D1	c3
7.9146346070891e-14	-0.174309790583261	0.323	0.395	2.65441015452554e-09	PPP2CA	c3
0.559659841416206	0.174256908542154	0.069	0.073	1	ATG2B	c3
5.4228919950193e-08	-0.174224737382999	0.045	0.065	0.00181872951728957	MAPKAPK3	c3
0.297419112144247	0.174165011512738	0.194	0.197	1	MED31	c3
0.155977181034669	0.17414086227748	0.082	0.091	1	WDR83	c3
0.179673752876011	0.174079464744247	0.039	0.043	1	DIS3L2	c3
0.365128835347817	0.17401046688494	0.074	0.079	1	SPIN1	c3
1.58739158022581e-08	-0.173967790471566	0.07	0.094	0.000532379388176131	CBR3	c3
1.18629349457772e-13	-0.1739418011243	0.218	0.277	3.97859112211475e-09	DCP1A	c3
2.48880897301403e-13	-0.173811423284689	0.273	0.338	8.34696753369445e-09	NFKBIB	c3
0.000782731260658896	-0.173741424617463	0.018	0.025	1	TYW1B	c3
0.183327812661182	0.173734047045185	0.119	0.131	1	UBR7	c3
1.68823935911384e-06	0.173715468881611	0.497	0.504	0.0566201716259601	ARHGEF1	c3
0.346430242180963	0.17370323455206	0.047	0.051	1	ZNF200	c3
0.828030671191254	0.173700177362873	0.01	0.011	1	HYAL2	c3
0.00220403821634576	-0.173647925002504	0.007	0.012	1	FKBP1C	c3
0.254683851357557	0.173613746754477	0.264	0.273	1	ITGB2	c3
1.60997966403107e-10	-0.173581081473027	0.222	0.274	5.3995497972274e-06	RBBP6	c3
0.601757175346368	0.173570637568919	0.108	0.114	1	MCM3AP	c3
0.0215953709460739	0.173506457273747	0.077	0.088	1	MRPL45	c3
4.07509828928474e-14	-0.173470390147014	0.304	0.375	1.36670646426032e-09	VASP	c3
0.296564916934976	0.173431515440041	0.107	0.116	1	PGM1	c3
0.468482091284701	0.17342544026044	0.073	0.078	1	SP1	c3
0.0557574091432765	0.173293341973306	0.1	0.112	1	PCBD1	c3
2.45584980746055e-05	-0.173118882547942	0.034	0.046	0.82364290842612	MRPL53	c3
0.292511954149282	0.173076403765339	0.143	0.141	1	FAM102B	c3
0.00127358209587421	-0.173044072815236	0.019	0.027	1	SPRYD7	c3
0.246384104277637	0.172948685640386	0.013	0.015	1	ZNF2	c3
0.145608103568454	0.172910855021946	0.01	0.012	1	AP006621.3	c3
0.0327791776388052	0.172873202931035	0.047	0.054	1	CYB561A3	c3
0.365370200335869	0.172839892213615	0.035	0.038	1	ZCCHC3	c3
0.16727474861971	0.172795026112378	0.233	0.238	1	TMEM50B	c3
0.384602760172017	0.172794526807106	0.08	0.085	1	TMEM60	c3
1.33944910458193e-05	-0.172765713426734	0.038	0.052	0.449224440694689	CYP4V2	c3
0.241437092320132	0.172662011594717	0.076	0.083	1	ANAPC10	c3
0.561612993552939	0.172624896973358	0.178	0.183	1	SGMS1	c3
0.191740454268047	0.17262446767376	0.104	0.114	1	DCTD	c3
0.457105393411098	0.172618387730755	0.014	0.016	1	AC009133.1	c3
0.317839756239932	0.172548352024496	0.011	0.013	1	ZNF486	c3
0.983196421036898	0.172541526704914	0.208	0.22	1	CTSB	c3
0.0197540959642572	0.172532765156595	0.342	0.356	1	C14orf119	c3
0.000144197862175952	-0.172529096639728	0.021	0.03	1	DNAJC25	c3
0.118273806676691	0.172528349314769	0.066	0.074	1	RGP1	c3
0.0723909112645526	-0.172513109656075	0.007	0.01	1	ZNF793	c3
8.74925093928291e-17	-0.172392699377459	0.765	0.809	2.9343237800167e-12	SLC3A2	c3
0.0975032783672268	0.172351419901411	0.233	0.236	1	C6orf62	c3
0.745633152242622	0.172329390684955	0.177	0.188	1	UNC45A	c3
2.26882604817744e-07	-0.172267749296231	0.412	0.467	0.00760918880037749	SLBP	c3
0.185825562141318	0.172228419832612	0.256	0.264	1	CCAR1	c3
6.7959776051684e-06	-0.172191095249776	0.048	0.064	0.227923496922138	MYO9A	c3
0.392660503592338	0.172133393500239	0.093	0.1	1	ZFPL1	c3
0.100619742656677	0.172068576007673	0.3	0.313	1	PPP1R11	c3
0.195718356949749	0.172010115025016	0.053	0.058	1	DTNB	c3
0.47429333719436	0.171959230774299	0.013	0.015	1	ZBTB26	c3
0.198361661321856	0.171911691057096	0.03	0.034	1	NOL12	c3
0.323464016648168	0.171889690071048	0.01	0.012	1	LRFN3	c3
0.5504807433384	0.171853237821553	0.171	0.183	1	FGD3	c3
4.34680479243081e-05	-0.171802649087432	0.022	0.032	1	STAG3	c3
0.366408215244572	0.171791287166683	0.016	0.018	1	ZNF680	c3
0.714731672656716	0.171711493655044	0.058	0.06	1	WDTC1	c3
0.166652560767941	0.171688354838448	0.045	0.05	1	DDX11	c3
0.131842850220938	0.17167338612374	0.289	0.299	1	IKZF1	c3
0.677636277709558	0.171642274875414	0.053	0.056	1	ZFP1	c3
0.287999818054487	0.171548461432355	0.028	0.031	1	DHX35	c3
0.328883950431077	0.171506669845364	0.017	0.019	1	VWA8	c3
0.130838594941127	0.171482087256322	0.053	0.059	1	AC084033.3	c3
0.497744835103645	0.1714444465702	0.158	0.169	1	ARRDC1	c3
0.106613378228718	0.17141478692545	0.023	0.027	1	SLFN12	c3
0.0500142790453451	0.171374157398331	0.043	0.05	1	SLC38A5	c3
2.34260751153227e-10	-0.171314547660794	0.087	0.118	7.85663707217691e-06	TBC1D23	c3
2.0319273326691e-10	-0.171265936637248	0.101	0.135	6.81467788830561e-06	KLHL18	c3
0.983035580629055	0.171237411222323	0.18	0.19	1	SETX	c3
0.875022929765553	0.171198782657326	0.198	0.207	1	BBX	c3
0.224553675733657	0.171188588422932	0.054	0.059	1	ZNF76	c3
0.71734347194336	0.171155328884147	0.135	0.142	1	GART	c3
0.804644201144579	0.17114197369146	0.232	0.245	1	ZC3H13	c3
0.918328803671687	0.171090141645835	0.066	0.067	1	MATK	c3
0.278346073749235	0.171080195884129	0.119	0.128	1	EXOSC4	c3
0.122685548619517	0.171079138387506	0.064	0.071	1	KANSL3	c3
7.08158904188727e-14	-0.170951277344583	0.353	0.427	2.37502333286815e-09	MRFAP1	c3
0.167918619004304	0.170927334957818	0.037	0.042	1	TELO2	c3
0.396449680618315	0.170917173938784	0.028	0.03	1	MFSD9	c3
0.125820668794401	0.170896271685181	0.076	0.084	1	ATM	c3
8.06573533445526e-05	-0.170877520471412	0.032	0.044	1	TMEM154	c3
0.000736154387000822	-0.170779657094423	0.034	0.044	1	MIR181A1HG	c3
0.121408653037699	0.170718153759315	0.034	0.038	1	OTUD7B	c3
0.11520293033211	0.170708075716687	0.071	0.079	1	ZDHHC16	c3
0.391606711112734	0.170602612937257	0.034	0.037	1	LINC00324	c3
3.14228572128646e-07	-0.170536138544023	0.097	0.123	0.0105385978520505	ARL13B	c3
7.77295553571263e-07	-0.17047761678294	0.048	0.066	0.026068938275673	RCL1	c3
6.75763980740156e-07	-0.170418717606213	0.038	0.054	0.0226637723860634	COX10	c3
0.455105106521037	0.170395725183578	0.118	0.125	1	HARS2	c3
0.0704872123382274	0.170325886719081	0.056	0.064	1	ALKBH6	c3
0.371343754847955	0.170313501828248	0.143	0.155	1	SQOR	c3
0.406144959365257	0.170245186728309	0.161	0.174	1	NSD1	c3
0.184454037577228	0.170191427225779	0.047	0.052	1	LTA	c3
0.00551490248526542	0.170153954574494	0.354	0.364	1	ZNRD1	c3
2.89753178139937e-15	-0.170114127848346	0.443	0.528	9.71774208845722e-11	STRAP	c3
0.489269379169886	0.170081405123105	0.238	0.25	1	FAM204A	c3
0.048899232509837	0.170059677818645	0.027	0.032	1	ANXA4	c3
0.742293194378001	0.170028028515056	0.023	0.024	1	BRPF3	c3
2.29389068637947e-07	-0.169921610548746	0.057	0.077	0.00769325058397945	PPP2R1B	c3
0.256533827591174	0.169917266633194	0.086	0.094	1	EFL1	c3
4.05226991943085e-05	0.169890978592075	0.414	0.412	1	CD63	c3
0.156616316367546	0.169838353133815	0.033	0.038	1	PAM16	c3
0.72523003692254	0.169799774709403	0.208	0.218	1	FAM136A	c3
0.00793048013058956	0.169728377685096	0.336	0.343	1	OCIAD2	c3
0.360359372261573	0.169679771827072	0.076	0.081	1	VRK2	c3
0.0984029849228445	0.169630227915035	0.08	0.089	1	RAP1GDS1	c3
0.00138396602550997	0.16960960973472	0.378	0.385	1	PRMT1	c3
0.179558044881505	0.169605864626971	0.03	0.034	1	TMEM106A	c3
0.000160594879721353	0.169590078837245	0.423	0.43	1	DDX18	c3
0.686458549414914	0.169505956557078	0.09	0.094	1	ZNF664	c3
1.38324286712425e-09	-0.169451545346619	0.049	0.072	4.63911992776131e-05	SELENOI	c3
1.77074555498499e-05	-0.169414605376974	0.034	0.047	0.593872644230867	TMEM156	c3
0.517354987065491	0.169284146293963	0.031	0.033	1	CCDC159	c3
0.72771633165015	0.169168689588588	0.172	0.183	1	SPOP	c3
0.255985564695266	0.169144519374973	0.064	0.07	1	NAXD	c3
0.265443243003999	0.169121977406069	0.059	0.064	1	DTNBP1	c3
0.859739131722259	0.169118601760063	0.194	0.206	1	HGS	c3
0.415262977930993	0.169097159480597	0.041	0.044	1	KRBOX4	c3
0.212592197094578	0.169074901385086	0.062	0.067	1	TTI1	c3
0.0557253009677251	0.169039023457874	0.058	0.066	1	FH	c3
3.77192932603443e-05	-0.168999807067147	0.034	0.046	1	JAZF1	c3
0.371339635809458	0.168952114198552	0.01	0.011	1	AC105446.1	c3
0.236215333270866	0.168938492559449	0.07	0.076	1	FAM219B	c3
0.115792166407327	0.16893733087134	0.077	0.085	1	ANGEL2	c3
0.768010667921974	0.168930905384279	0.15	0.158	1	UTP6	c3
0.0017072242153831	0.168802765871023	0.365	0.377	1	CDC123	c3
4.31211649339463e-06	-0.168800504771939	0.038	0.053	0.144619762955469	OSBPL3	c3
0.251060353525721	0.168788195955102	0.012	0.014	1	SRBD1	c3
0.137933227202416	0.168778238347596	0.098	0.108	1	YIPF2	c3
0.610168368750671	0.168708110634446	0.225	0.235	1	IL2RG	c3
1.10784628357709e-14	-0.168701487353101	0.171	0.225	3.71549486586086e-10	MYCBP2	c3
5.64603281327225e-11	-0.16869565584428	0.111	0.148	1.89356648491525e-06	PJA2	c3
0.131820332587896	-0.168687721797193	0.008	0.01	1	ARMCX2	c3
1.32854495039397e-05	-0.168600676163158	0.046	0.061	0.445567405463131	HPS5	c3
0.000234666936505412	-0.168588151376514	0.034	0.045	1	WASL	c3
4.01933993141539e-13	-0.168539176123244	0.427	0.503	1.34800622619809e-08	MAPK1IP1L	c3
0.765269611763377	0.168509436463086	0.133	0.14	1	FRMD8	c3
0.00111009572462166	-0.168488949037783	0.035	0.044	1	NPIPB4	c3
0.129223183999144	0.168467889654885	0.294	0.309	1	MTCH2	c3
6.73053477656364e-05	-0.168409492214747	0.027	0.038	1	FBXO45	c3
0.519358931122013	0.168348386836562	0.133	0.142	1	EIF4EBP2	c3
0.05546649053087	-0.168343737116028	0.008	0.01	1	SMTN	c3
0.00057959274001518	-0.168337436946058	0.017	0.024	1	PABPC1L	c3
3.39408897285877e-13	-0.168287993165919	0.473	0.546	1.13830955971737e-08	KHDRBS1	c3
0.298883477273811	0.168286157583169	0.01	0.012	1	TBX19	c3
1.65355335727894e-10	-0.168268784486796	0.172	0.217	5.54568724964212e-06	SMC5	c3
1.48754215086585e-09	-0.168250943956098	0.035	0.054	4.9889188655739e-05	PAICS	c3
0.564773121039458	0.168178396464085	0.204	0.212	1	PSENEN	c3
0.158197560827398	0.168161956571336	0.07	0.077	1	CLK2	c3
1.17044621218629e-05	0.168147170310743	0.453	0.457	0.392544250643036	HNRNPR	c3
1.40084246332378e-07	-0.167986183917415	0.047	0.066	0.00469814545349528	MAP1LC3B2	c3
0.306937628612178	0.167860118181737	0.017	0.019	1	BOLA3-AS1	c3
0.947926124709469	0.167849321816751	0.185	0.195	1	NBR1	c3
0.712859111069812	0.167846560316426	0.077	0.08	1	SLC35C1	c3
0.435222831570404	0.167832042501535	0.071	0.076	1	NUP205	c3
0.688407077331527	0.167829995537272	0.183	0.195	1	ATP6V1H	c3
2.68300713079201e-15	-0.167796342544136	0.508	0.59	8.99826931525026e-11	VDAC2	c3
3.91970769077907e-09	-0.167774398748079	0.088	0.117	0.000131459156533348	CGRRF1	c3
6.00208028597777e-05	0.167736952868827	0.392	0.39	1	CAMK4	c3
0.351167135856784	0.167735983070821	0.025	0.027	1	GNPDA1	c3
0.00600721332759999	-0.16766879375419	0.008	0.012	1	CIITA	c3
0.509648336549124	0.167630076738194	0.012	0.013	1	LMF1	c3
0.136063792221521	0.167548121231205	0.089	0.098	1	NADSYN1	c3
0.687507714882923	0.167540932101173	0.105	0.11	1	ZZEF1	c3
0.100003092241541	0.167466818629328	0.04	0.046	1	LIMK2	c3
0.135522008231589	0.16738628020276	0.018	0.022	1	TXNRD2	c3
4.65557373096817e-06	-0.167359862609538	0.053	0.07	0.156138631789211	FAM199X	c3
9.84955449521536e-09	-0.167335825163744	0.058	0.081	0.000330334358660533	MIOS	c3
0.10605050800567	0.167332187391051	0.056	0.063	1	ACP2	c3
0.000439119611158505	-0.167307221392736	0.02	0.028	1	LINC01003	c3
4.03038753802413e-08	-0.167299204671077	0.089	0.116	0.00135171137250253	ACSL3	c3
0.168420133406842	0.167275094124854	0.03	0.034	1	TFCP2	c3
2.17988565121052e-12	-0.167268487011736	0.243	0.303	7.31090049702983e-08	MECP2	c3
0.178999103342421	0.16718823121023	0.135	0.149	1	MRPL3	c3
0.892245950007411	0.167147448193601	0.152	0.16	1	RTL8C	c3
0.819087216478743	0.167143314326863	0.064	0.066	1	PIK3R4	c3
0.0687076141596549	0.167142455542089	0.044	0.05	1	FANCA	c3
0.00114132493565516	0.167063008626541	0.38	0.389	1	ILK	c3
0.990944804318914	0.16705350267178	0.185	0.195	1	ADPGK	c3
0.000325858315960251	-0.166997864372199	0.01	0.017	1	APOBEC3B	c3
0.395848634633385	0.166907971509322	0.082	0.088	1	ZNF32	c3
0.15107931496762	0.166824658246554	0.034	0.038	1	SGSH	c3
0.0758199860214963	0.166823969683675	0.106	0.119	1	CIAPIN1	c3
0.142737332757536	0.166798960771783	0.048	0.053	1	INTS1	c3
6.04549157832387e-11	-0.166727136250052	0.118	0.156	2.02753696553826e-06	CUL1	c3
0.183681876844836	0.166675647625033	0.031	0.035	1	APPL2	c3
0.206429293119805	0.166643825334817	0.055	0.06	1	ZNF576	c3
0.312071871538224	0.166557820027941	0.285	0.298	1	DARS	c3
0.131151430194073	0.166529193824442	0.021	0.025	1	CD99L2	c3
0.660737683151285	0.166505309642965	0.152	0.161	1	PCSK7	c3
2.14146737804923e-09	-0.166482963302534	0.414	0.476	7.18205329250149e-05	RSRP1	c3
8.29458557950436e-09	-0.166473960706736	0.042	0.063	0.000278183811165417	AGK	c3
1.18893890419699e-05	-0.166409265609563	0.033	0.046	0.398746329689588	CEACAM21	c3
9.88554634006955e-05	-0.166381917658736	0.036	0.048	1	HS2ST1	c3
0.0488606869093295	-0.166374124575221	0.009	0.012	1	MAN1B1-DT	c3
5.36305822168796e-05	0.166374028222227	0.451	0.463	1	EIF6	c3
0.145213597206476	0.166371163533671	0.023	0.027	1	NXT2	c3
0.121045561191686	0.166365235266248	0.024	0.028	1	GYS1	c3
0.00182886135783222	-0.166173176927628	0.061	0.073	1	SMAD7	c3
0.210823951938377	0.166120305472243	0.111	0.122	1	MIIP	c3
0.0012478096495087	-0.166031520398343	0.015	0.022	1	C11orf71	c3
0.0474386923396206	0.16602220191176	0.022	0.027	1	SFXN2	c3
2.84684205880153e-05	0.16601108440434	0.429	0.436	0.954773889680856	MRPL20	c3
0.265930636075655	0.165998805938886	0.189	0.192	1	TRIM8	c3
4.16394064435204e-05	-0.16599817686321	0.034	0.047	1	MBOAT7	c3
0.556479616463829	0.16593111667638	0.064	0.068	1	MED12	c3
1.86598481634708e-05	0.165769632722104	0.45	0.452	0.625813987706484	CELF2	c3
0.036676545893327	0.165734618660702	0.015	0.019	1	GSTM4	c3
0.156572655993362	0.165707126123898	0.05	0.056	1	NUDCD1	c3
0.913563612685557	0.165687601221354	0.165	0.174	1	SRSF8	c3
0.0021807222475412	0.165678440022739	0.373	0.384	1	RPN2	c3
4.08341287621946e-08	-0.165579600192984	0.072	0.097	0.00136949501042648	RPRD1B	c3
0.264340661422528	0.165576605324429	0.261	0.27	1	LMAN1	c3
1.17229623330575e-09	-0.165464986423069	0.391	0.453	3.93164710726084e-05	POLR2A	c3
2.21932042103225e-11	-0.165459180854231	0.169	0.217	7.44315682805796e-07	RBM18	c3
0.0509641379609369	0.165449657370423	0.101	0.113	1	SMIM19	c3
0.0872685826062414	0.165447973176156	0.158	0.176	1	THOC7	c3
0.848724381380687	0.16543081156822	0.187	0.2	1	TOR1A	c3
0.00506102144186784	-0.165368941020104	0.01	0.014	1	CCDC134	c3
0.213623172290575	0.165341678724505	0.019	0.022	1	APTR	c3
0.284173798418475	0.165063274029668	0.043	0.047	1	WDR89	c3
0.163414276188686	0.165017187634844	0.243	0.25	1	HAX1	c3
0.0938942632205416	0.164983705323094	0.027	0.031	1	TSNAX	c3
0.567160757546141	0.164960320503899	0.063	0.067	1	HCFC2	c3
0.631171663738501	0.164957682163456	0.124	0.13	1	DOCK2	c3
0.245533419238555	0.164951146409529	0.124	0.135	1	CARD8	c3
0.765694027514729	0.164939823372109	0.038	0.04	1	FBXW4	c3
0.781783008870576	0.164912569472494	0.161	0.171	1	LRRC47	c3
0.0852391451369665	0.164906404031691	0.043	0.049	1	FAM213B	c3
5.02849382241648e-14	-0.164864354335754	0.24	0.306	1.68645625816204e-09	WDR33	c3
0.652071470733676	0.164795533233916	0.17	0.182	1	PREB	c3
5.83408761073022e-05	-0.164794411149342	0.037	0.049	1	AC100810.1	c3
0.570783120939983	0.164784103093355	0.173	0.186	1	KPNA3	c3
0.129353346674141	0.164776100336508	0.109	0.12	1	TBC1D1	c3
0.905668499379831	0.164771714891913	0.158	0.164	1	POLG	c3
6.26503730194944e-06	-0.164662284658053	0.028	0.04	0.21011682103278	NLE1	c3
0.000578883813788707	-0.164455767582414	0.017	0.024	1	TIPARP-AS1	c3
0.0038275062532284	-0.164439312660001	0.026	0.033	1	COQ7	c3
0.231836554204127	0.164357526433425	0.032	0.035	1	RRM2B	c3
8.76954150597424e-06	-0.164350871659668	0.039	0.053	0.294112883027364	FAM69A	c3
0.186990763443317	0.164350275315596	0.092	0.1	1	EML3	c3
0.38160977114911	0.164321737672788	0.177	0.193	1	CSNK2B	c3
0.0821541311818796	0.164303546682541	0.137	0.152	1	NSRP1	c3
0.476556214597361	0.164261947739354	0.047	0.049	1	GEMIN4	c3
0.000201588813356316	-0.164256206696189	0.027	0.037	1	SLC2A13	c3
0.621551305012494	0.164198396835487	0.047	0.049	1	TRBV20-1	c3
0.159393067317924	0.164141320576433	0.081	0.089	1	IFT22	c3
4.56457080300793e-12	-0.164121484694646	0.186	0.238	1.5308657559128e-07	NUP58	c3
0.198735875259425	0.164101107124675	0.103	0.112	1	DRG2	c3
3.34602234183813e-05	-0.164063169681479	0.036	0.049	1	ETV3	c3
5.75353875728834e-10	-0.164044698678353	0.184	0.228	1.92962182841936e-05	NFAT5	c3
0.000647392721434942	0.164032890804105	0.436	0.445	1	SLC9A3R1	c3
0.503423347577909	0.164002622473349	0.08	0.084	1	ZNF91	c3
0.842054218979898	0.163941040298031	0.059	0.061	1	HLA-G	c3
0.0818010335938348	0.16373049213773	0.016	0.019	1	SLC26A6	c3
1.03714506939694e-09	-0.163663436562064	0.169	0.212	3.47837713374347e-05	C1orf52	c3
0.835049215232266	0.163624854266949	0.188	0.2	1	KCNAB2	c3
0.292945032598666	0.163611306092969	0.122	0.132	1	TDP1	c3
0.120573940600224	0.163569007949388	0.065	0.072	1	SPG11	c3
0.191503556270087	0.163550613029462	0.136	0.149	1	DFFA	c3
0.618701259283736	0.163534687642625	0.035	0.036	1	PHF2	c3
0.19721495244279	0.16351053157924	0.07	0.076	1	ELF4	c3
0.119460035281027	0.163446385603421	0.288	0.299	1	COPB2	c3
0.00106715758732576	-0.163439706483768	0.021	0.029	1	SMARCA5-AS1	c3
0.700141343358341	0.163384092380563	0.057	0.06	1	STMN3	c3
0.00920922403170918	0.163367204784843	0.362	0.371	1	ARRB2	c3
0.739112940088901	0.163363135100261	0.043	0.045	1	LSM14B	c3
0.964006915047803	0.163344325193637	0.2	0.212	1	USP39	c3
0.762534689675225	0.163283938682993	0.02	0.021	1	MDGA1	c3
5.89481201911046e-13	-0.163164911728009	0.213	0.272	1.97700205496926e-08	DPH3	c3
0.657418666713218	0.16314841229552	0.174	0.179	1	HDAC5	c3
7.75060636582245e-06	-0.163101853492547	0.05	0.066	0.259939836296953	XPR1	c3
0.626729601073263	0.163091851228475	0.198	0.213	1	MAPK1	c3
0.130984563692248	0.163064799914187	0.125	0.137	1	CAPNS1	c3
0.140269641228012	0.163064509080233	0.009	0.011	1	CENPBD1	c3
0.323847655118946	0.163028903255183	0.176	0.192	1	TMEM219	c3
8.94372063435989e-08	-0.162958312633425	0.161	0.195	0.00299954502635162	AL138963.3	c3
0.181229205327732	0.162932760409468	0.026	0.029	1	POLR3B	c3
0.362972840119313	0.162910033100479	0.109	0.117	1	ANKRD27	c3
0.446682733050532	0.162837073894174	0.115	0.122	1	SMG7	c3
0.643801609992322	0.162774872422746	0.198	0.213	1	HADHB	c3
0.000410997792759502	0.162756216054228	0.387	0.395	1	YIPF3	c3
0.00362492107977784	-0.162751593467616	0.008	0.012	1	MTA3	c3
9.3081660140863e-06	-0.162713408666574	0.023	0.034	0.312177271780426	PEMT	c3
0.417303992286814	0.162709918618877	0.032	0.035	1	ARHGEF9	c3
0.361432479217182	0.162682637874743	0.169	0.183	1	FBXW2	c3
6.24900293649680e-10	-0.162664386810243	0.118	0.154	2.0957906048423e-05	PAM	c3
0.173868817210582	0.162590683767378	0.101	0.11	1	PARP6	c3
0.156367483370526	0.162556114419006	0.109	0.119	1	ZNF524	c3
0.312156370077842	0.162521727978041	0.068	0.073	1	NRDE2	c3
0.092988253044417	0.162487021843956	0.017	0.02	1	CEP19	c3
0.993214471143387	0.162406252958234	0.185	0.194	1	EPRS	c3
0.984758666510279	0.162394956433765	0.187	0.197	1	GTF2E2	c3
0.37935930035443	0.16230817663994	0.24	0.249	1	ZBTB7A	c3
0.106584284943774	0.162286002173333	0.113	0.125	1	HMG20B	c3
0.487052110105353	0.162209952914598	0.172	0.186	1	GLRX3	c3
0.623558428260409	0.162134530202064	0.228	0.24	1	DNM2	c3
4.44839179490321e-13	-0.162116762694424	0.221	0.282	1.49190164017464e-08	RAB1A	c3
0.632317244384129	0.162089902264577	0.158	0.168	1	PPP3R1	c3
0.273356571390885	0.162005189105972	0.014	0.016	1	PARL	c3
0.384746950450338	0.161979518172113	0.049	0.052	1	ATXN7L2	c3
2.25268652182199e-13	-0.161924088382593	0.27	0.338	7.55506005688659e-09	PRELID3B	c3
3.42681674334661e-06	-0.161862306666732	0.067	0.087	0.114928579938359	LYSMD3	c3
0.198172515947553	0.161761397312624	0.08	0.087	1	CIZ1	c3
0.622412728874875	0.161745041433374	0.17	0.175	1	ATP8A1	c3
0.108972693359319	0.161419397906952	0.021	0.025	1	AC060780.1	c3
0.881541936540972	0.161383150264511	0.167	0.174	1	CEP120	c3
0.515038527242961	0.161343099129811	0.226	0.236	1	ARFGAP2	c3
0.840807064405027	0.161327228030642	0.201	0.212	1	SMARCD1	c3
4.58233969665505e-10	-0.161204511550922	0.108	0.143	1.53682508746417e-05	MKL1	c3
0.264910779717884	0.161196843233569	0.119	0.129	1	RAB3GAP1	c3
0.949577800544151	0.161138977451291	0.192	0.203	1	EXOSC9	c3
0.244469080122797	0.161115675423548	0.038	0.042	1	PORCN	c3
2.10869458477883e-06	0.16111529550328	0.407	0.4	0.0707213989843123	B3GNT2	c3
0.00366930590007724	-0.16108728868242	0.019	0.026	1	ZNF736	c3
1.09717467290515e-11	-0.16108032768024	0.229	0.287	3.67970441798931e-07	SAR1B	c3
0.615408601577739	0.161078474024289	0.136	0.144	1	ACLY	c3
0.736883140087631	0.161059177876011	0.022	0.023	1	CHIC1	c3
0.0251834808719937	0.161028771207046	0.34	0.35	1	TMEM9B	c3
4.57927420542037e-11	-0.161000159200264	0.189	0.238	1.53579698301388e-06	NOLC1	c3
0.372710399731384	0.160976443282923	0.037	0.039	1	TRMT11	c3
0.164058041744955	0.160957265609542	0.017	0.019	1	ZFP30	c3
0.391924878063066	0.160957248863283	0.284	0.298	1	RPA3	c3
0.0137435545149738	0.160953111860358	0.075	0.087	1	CWC27	c3
0.410766836931341	0.160819700764366	0.06	0.064	1	CEP164	c3
0.38542332820636	0.160780194558156	0.262	0.275	1	CCDC107	c3
0.159343828534986	0.16077297942284	0.015	0.018	1	PGBD1	c3
0.270851136113783	0.160732571175955	0.083	0.09	1	ERBIN	c3
0.0136932193002908	0.160716523763027	0.341	0.347	1	SYT11	c3
0.24412220859379	0.160579978402482	0.066	0.072	1	PIGB	c3
6.97694685460442e-23	-0.160566041203883	0.992	0.989	2.33992843609723e-18	MT-CO3	c3
0.278355721107294	0.160506035948492	0.075	0.081	1	LAS1L	c3
0.69731577839364	0.160441618137677	0.1	0.105	1	ZC3H3	c3
1.40820363467039e-05	-0.16036410259197	0.034	0.047	0.472283334995755	UCK2	c3
0.600126255611958	0.160352542303172	0.016	0.017	1	LINC00685	c3
9.2863869667173e-09	-0.160346718374338	0.087	0.115	0.000311446846089765	NCAPH2	c3
0.261954202757577	0.160331091806058	0.031	0.035	1	SAP30L	c3
0.77024706838525	0.160329145650433	0.127	0.133	1	CGAS	c3
0.542604776943194	0.16028673762509	0.08	0.084	1	HSDL1	c3
0.5540984382742	0.16028413665149	0.218	0.228	1	PTPRA	c3
2.01384034705799e-09	-0.160280698694039	0.121	0.156	6.75401775596309e-05	DUSP16	c3
1.17119866666662e-05	-0.160160654329167	0.042	0.057	0.392796608826651	MAPKAP1	c3
0.767576269355445	0.160130173570147	0.159	0.168	1	RP9	c3
0.194250271372497	0.160123021910586	0.047	0.052	1	CPT1A	c3
3.18904058166171e-11	-0.16011098244617	0.112	0.149	1.06954043027771e-06	H2AFJ	c3
0.291874311819056	0.160101416382825	0.086	0.093	1	CASP2	c3
0.000127545901256049	0.16007575583668	0.327	0.318	1	SH2D1A	c3
9.07357985794173e-12	-0.1600561551961	0.216	0.272	3.0430972127565e-07	CCDC47	c3
0.389703048657238	-0.160054499293879	0.011	0.013	1	SNHG22	c3
0.892291880529054	0.159921173583915	0.224	0.239	1	ATP6AP1	c3
0.305694610760178	0.159916244247389	0.103	0.111	1	TRIM37	c3
0.000518457973629899	-0.159860894881275	0.03	0.04	1	ZNF250	c3
0.000596308311443991	-0.159845777132928	0.034	0.044	1	DAGLB	c3
4.76106521322213e-11	-0.159751583877316	0.177	0.223	1.59676605121044e-06	NORAD	c3
0.00180767029042029	-0.159728195927938	0.029	0.037	1	LINC01089	c3
0.299584523471763	0.159708989056454	0.137	0.148	1	ARL16	c3
0.00582387764780625	-0.159674803473173	0.013	0.018	1	AC012360.3	c3
1.97346855396436e-09	-0.159598410084475	0.074	0.101	6.61861883628566e-05	RAB39B	c3
3.17473700321571e-07	-0.159521840780906	0.067	0.089	0.0106474329613849	CLP1	c3
0.485710849884003	0.159407904806647	0.022	0.024	1	AL136454.1	c3
0.100824121030462	0.159403882388976	0.303	0.311	1	MAGED2	c3
0.42383024813165	0.159399470394463	0.014	0.015	1	BBS1	c3
0.109035892704884	0.159369754627343	0.194	0.191	1	MPZL3	c3
3.37145789219817e-08	-0.159331228830282	0.177	0.216	0.00113071954788542	TARSL2	c3
0.166328732865114	0.159282291486628	0.158	0.156	1	KLF10	c3
0.773610389464361	0.159272677527535	0.12	0.126	1	C6orf47	c3
0.0112800452868307	0.159222784818556	0.305	0.304	1	PRKX	c3
3.32100360025772e-13	-0.159077389494431	0.225	0.286	1.11379818745443e-08	ARL8B	c3
0.161267492726767	0.159039531145435	0.3	0.314	1	CALCOCO2	c3
2.73497907679542e-09	-0.15899905652835	0.377	0.439	9.17257282775648e-05	MAP2K3	c3
4.56298376256914e-09	-0.158916609232722	0.284	0.338	0.000153033349429044	TUBA1C	c3
0.282620222958898	0.158842127024561	0.025	0.028	1	EID2B	c3
0.130338799115272	0.158767680054546	0.016	0.019	1	STRADB	c3
0.00816256313364675	0.158752842445673	0.155	0.18	1	MPG	c3
2.75868514141813e-11	-0.158683883827353	0.148	0.192	9.25207822728813e-07	RABGGTB	c3
1.4185265972556e-05	-0.158653014637844	0.035	0.048	0.475745450187585	ZMIZ2	c3
0.775380711543721	0.158629452531587	0.145	0.152	1	USB1	c3
0.46263705014473	0.158626939697461	0.112	0.119	1	PIP4K2C	c3
2.25041881978913e-09	-0.15862140740145	0.112	0.146	7.54745463780877e-05	GOT1	c3
0.152679609471674	0.158576306609683	0.056	0.061	1	RNF146	c3
1.38338115498205e-07	-0.158559655564919	0.064	0.086	0.00463958371757879	GDAP2	c3
0.317361720772581	0.158455702427286	0.159	0.172	1	FAM120AOS	c3
0.00837629598536333	0.158434406794788	0.402	0.42	1	CCDC12	c3
1.31333480010135e-05	-0.158416210716342	0.042	0.056	0.44046622525799	CLSPN	c3
0.122961101875712	0.158346469647045	0.014	0.017	1	CCDC138	c3
0.213017048867515	0.15831860978417	0.099	0.108	1	NR2C2	c3
0.0341186152281771	0.15824208291486	0.102	0.116	1	C18orf21	c3
0.410291603235471	0.158209012442963	0.159	0.172	1	CHURC1	c3
8.9954508472457e-08	-0.158208153265365	0.075	0.1	0.00301689430514926	CDR2	c3
0.517820317002227	0.158108382201697	0.279	0.296	1	VTI1B	c3
0.400603214864149	0.158100959587938	0.098	0.105	1	ATXN7L3B	c3
0.247077105848271	0.158032966845302	0.047	0.052	1	TERF2	c3
1.60723666588995e-11	-0.157995720130092	0.176	0.223	5.3903503300617e-07	PRKAR2A	c3
0.000944045907739068	-0.157981354445039	0.027	0.036	1	ZNF805	c3
0.160778455167955	0.157980322317151	0.333	0.351	1	ICAM3	c3
0.775718939802453	0.157953145818581	0.061	0.063	1	TMEM131L	c3
0.342094169931194	0.15784652751584	0.143	0.155	1	YLPM1	c3
0.355996597676965	0.157769129771875	0.011	0.012	1	SUOX	c3
0.012064485406134	0.15774971581318	0.313	0.314	1	SLFN5	c3
2.50714376293252e-12	-0.157739707413723	0.531	0.6	8.4084587521231e-08	SMAP2	c3
0.144648778475541	0.157708703761668	0.107	0.118	1	THAP1	c3
0.00660407654515279	-0.157653194367848	0.013	0.018	1	ZNF280C	c3
0.562089331002296	0.157581576518259	0.112	0.119	1	ZBTB17	c3
0.0141274118782439	-0.157551593442919	0.007	0.011	1	CEP72	c3
0.349177218270881	0.157535633339334	0.027	0.029	1	AP5B1	c3
0.394594024715476	0.157524097401781	0.135	0.145	1	LCOR	c3
0.237427191494869	0.157507021431559	0.008	0.01	1	AC138969.1	c3
0.0281567923040732	0.157384111993382	0.01	0.014	1	PARPBP	c3
0.69338173036671	0.157367466502007	0.054	0.056	1	CAPN10	c3
0.145892633505805	0.157271258630908	0.031	0.035	1	DHX57	c3
2.78848237906701e-09	-0.157229271396258	0.136	0.172	9.35201220291493e-05	CREBZF	c3
0.0406315704168724	-0.157175496720368	0.015	0.019	1	SBK1	c3
0.294045016788672	0.157033732355025	0.068	0.074	1	ACAD8	c3
0.253787103185025	0.157014693784657	0.082	0.089	1	PDPR	c3
2.0611216618295e-10	-0.156960396521335	0.092	0.125	6.91258982944378e-06	ISOC1	c3
0.151349348153757	0.156859786570993	0.046	0.051	1	SLC39A13	c3
0.000818156113615521	0.156765433694896	0.411	0.421	1	SARS	c3
7.99229286819851e-12	-0.15674658243099	0.158	0.205	2.68045518213642e-07	CHMP2B	c3
2.14723444368923e-07	-0.156732051281352	0.067	0.089	0.00720139487724493	NIPAL3	c3
0.272575445021812	0.156689338788241	0.124	0.135	1	TBRG4	c3
0.4459886551465	0.156685320983879	0.078	0.083	1	USF3	c3
0.226699060497184	0.156668415822605	0.12	0.13	1	WDR55	c3
0.211608631305536	0.156473738239164	0.013	0.016	1	SETMAR	c3
2.2547593665355e-08	-0.156444942166978	0.111	0.143	0.000756201196348677	VAMP3	c3
0.158997938347765	0.156425561769631	0.271	0.281	1	TPGS1	c3
3.78701505839524e-06	-0.156419887682337	0.025	0.038	0.127008911028459	ZNF496	c3
0.953033723061411	0.15641370627343	0.182	0.191	1	CHTF8	c3
0.000811738558658711	0.156385149852684	0.469	0.484	1	TPR	c3
3.20323892585781e-05	-0.156361949313524	0.052	0.068	1	SLC35E4	c3
0.205754495525616	0.156351759653027	0.292	0.306	1	PSMB7	c3
0.246451732612578	0.156349389155239	0.048	0.052	1	MTMR10	c3
0.111978711989012	0.156342286353488	0.047	0.052	1	TTI2	c3
0.206616468301455	0.156284414583132	0.065	0.07	1	PNPT1	c3
0.00201935389990399	-0.156260453017143	0.019	0.026	1	PIGV	c3
0.187199935599078	0.156238062184438	0.122	0.134	1	RPP30	c3
0.107918306144303	0.156057376158305	0.318	0.334	1	UQCRC1	c3
0.661039841601678	0.156011812524213	0.168	0.179	1	MED27	c3
1.56479143716012e-11	-0.155938189880254	0.269	0.33	5.24799752194761e-07	GARS	c3
0.90998077691455	0.155892517841612	0.204	0.217	1	PSTPIP1	c3
0.4195583334456	0.15586564175059	0.104	0.111	1	CBL	c3
0.00066539472876823	-0.155829644731663	0.026	0.035	1	SIL1	c3
0.419715759769712	0.155801357190833	0.019	0.021	1	EXTL3	c3
0.00119357528964473	-0.155795461311342	0.026	0.034	1	ZBED6	c3
0.00229450430422602	0.155780684294399	0.027	0.035	1	ITGB3BP	c3
1.13552587837049e-10	-0.155736925341234	0.06	0.087	3.80832669087895e-06	LYRM4	c3
1.53554260192516e-10	-0.15573155647313	0.123	0.162	5.14990277833659e-06	PICALM	c3
0.432331284445034	0.15562775860779	0.15	0.161	1	TP53RK	c3
1.67758399500408e-05	-0.155544380021128	0.031	0.043	0.56262812024447	KIF1BP	c3
6.52137425778717e-11	-0.155495042908443	0.233	0.287	2.18713849857666e-06	P2RY10	c3
0.247390063048166	0.155405984320673	0.139	0.151	1	ZKSCAN1	c3
0.000280394820706896	-0.155329923924378	0.036	0.047	1	RYK	c3
1.6409655258157e-09	-0.155234437016056	0.113	0.147	5.50347018048069e-05	ZNF281	c3
4.5607377650938e-07	-0.155225875192196	0.088	0.112	0.0152958023165716	TSPAN3	c3
0.597643784311124	0.155184421993804	0.077	0.081	1	GCN1	c3
0.0329672321993696	0.155176792647195	0.022	0.027	1	UEVLD	c3
0.0347161246862979	0.155130755139282	0.05	0.058	1	ARHGEF6	c3
2.29309725165752e-29	-0.155116976074694	0.926	0.941	7.690589562609e-25	YWHAZ	c3
0.0591753013395019	-0.155015766148118	0.01	0.013	1	AGAP6	c3
0.0908081306434964	0.155011514055503	0.092	0.102	1	AP5M1	c3
0.175808181615522	0.155001573253905	0.09	0.098	1	UBE4B	c3
0.672880318696881	0.154990198727725	0.016	0.015	1	TIGD5	c3
0.867842844017772	0.154989499267265	0.162	0.167	1	FOXN2	c3
2.72627486048192e-06	-0.15494779143656	0.044	0.061	0.0914338062708425	CEP78	c3
0.779284959502195	0.154886902068669	0.216	0.227	1	MAZ	c3
0.000412851128818245	-0.154871614593259	0.026	0.035	1	MAFK	c3
0.00130974091374755	0.154865918602029	0.427	0.44	1	KPNB1	c3
0.663842086972913	0.154838536045633	0.151	0.16	1	ELF2	c3
3.61185472134118e-07	-0.154731254139226	0.06	0.081	0.012113438364434	MICAL1	c3
0.896450115128142	0.154725186483737	0.202	0.212	1	PPP1R14B	c3
0.0266044276804493	0.154692146150236	0.332	0.342	1	LBR	c3
2.63915713083069e-05	-0.154664902784356	0.035	0.048	0.885120518537998	KLHDC10	c3
0.245338647376194	0.154658758983405	0.021	0.024	1	AC007383.2	c3
2.02348191299597e-09	-0.154634957272853	0.122	0.158	6.78635363980588e-05	BCL10	c3
0.0656341447308202	0.154631682830339	0.068	0.077	1	C12orf43	c3
0.0213066988611864	0.154630619042163	0.333	0.338	1	ANXA6	c3
0.515764708084538	0.15463058533519	0.275	0.292	1	NDUFV1	c3
0.496175179168709	0.154578020537137	0.022	0.024	1	STARD9	c3
0.98848476824114	0.154561664507978	0.229	0.245	1	MFF	c3
9.87870857291049e-06	-0.154371312112882	0.046	0.062	0.331312128118272	AMMECR1L	c3
0.0309196935326657	-0.154325423215068	0.007	0.01	1	DPY19L4	c3
5.69887154278785e-11	-0.154112834882505	0.138	0.179	1.91128753802019e-06	VEZT	c3
1.93813471019522e-05	0.154005344243955	0.421	0.425	0.650011619105273	ARL2BP	c3
0.189490751262003	0.153992178530343	0.048	0.053	1	ZNF561	c3
0.321356672040368	0.153982542994901	0.102	0.109	1	SMAD3	c3
0.0179686351991452	0.153901275439378	0.035	0.042	1	WDR11	c3
0.00175785960706221	-0.15389095681623	0.023	0.03	1	AC097376.2	c3
4.18266957012318e-09	-0.153730234045708	0.16	0.199	0.000140278372042791	DYNLT3	c3
0.0289721008561114	0.153727139839697	0.023	0.029	1	PARP2	c3
0.00144456132160769	-0.153659057576228	0.038	0.047	1	SGK3	c3
0.00697711193959549	0.153657776916569	0.362	0.373	1	COX14	c3
0.920771455083801	0.15361626039739	0.275	0.296	1	HNRNPD	c3
0.0767615520357569	0.153547515950964	0.16	0.179	1	PHPT1	c3
0.906068293163388	0.153400556064864	0.183	0.193	1	RNF113A	c3
7.42308716364927e-10	-0.153380641810504	0.346	0.409	2.48955497294469e-05	EIF1AX	c3
0.353885891966535	0.153358461620112	0.101	0.108	1	CBFA2T2	c3
0.616416569212064	0.153186601867775	0.029	0.03	1	TGFBRAP1	c3
2.48477840731175e-10	-0.15316567968407	0.146	0.187	8.33344982244215e-06	LPCAT3	c3
0.478219215928428	0.153165061271298	0.093	0.099	1	IPO9	c3
0.0329665913304993	0.153155827586924	0.06	0.069	1	MLST8	c3
0.721829834242797	0.153101519982053	0.252	0.265	1	ACTR10	c3
0.714822322747613	0.15307827481218	0.04	0.041	1	RBM27	c3
2.88386091251403e-12	-0.152997616903849	0.451	0.53	9.67189272838956e-08	HSPA9	c3
9.88259735397853e-12	-0.152953934322438	0.241	0.3	3.31442550057732e-07	RIOK3	c3
0.385746088742987	0.1529461023609	0.055	0.059	1	INTS5	c3
0.000460226764111213	0.152911867855615	0.378	0.382	1	WBP2	c3
0.287435776569105	0.152840915962409	0.126	0.136	1	MEI1	c3
0.445965741749742	0.152775302454382	0.101	0.107	1	C11orf98	c3
4.40243494667408e-07	-0.152745120524255	0.413	0.468	0.0147648863241555	PSMD13	c3
0.0212714501197612	0.152637081971119	0.363	0.378	1	TIAL1	c3
0.187562778023995	0.15263436081066	0.145	0.159	1	CREB1	c3
0.00221197307939076	0.152509092828513	0.4	0.412	1	MRPS36	c3
0.436360855193699	0.152434077949674	0.143	0.153	1	MED17	c3
0.296016310908936	0.152293307736981	0.069	0.074	1	PARD6G	c3
0.221136373919551	0.152290651969001	0.114	0.124	1	UCHL3	c3
7.18024003952759e-06	-0.152242215815461	0.027	0.039	0.240810890445676	HAUS8	c3
0.2637858287861	0.152210878456578	0.279	0.291	1	CLTC	c3
0.346421354958344	0.152129592668626	0.022	0.024	1	ZNF333	c3
0.233768523688752	0.152101899034293	0.009	0.011	1	ALG14	c3
0.304468004719237	0.152064749163543	0.171	0.187	1	POLDIP2	c3
0.439650908458131	0.152040364346733	0.109	0.116	1	CCP110	c3
0.406723341867812	0.152018387570668	0.034	0.036	1	ZNF764	c3
0.125535834663737	0.151869617273276	0.043	0.048	1	SLC9A9	c3
0.553892585837594	0.151863633471483	0.024	0.025	1	ZBTB39	c3
0.157863627587499	0.151799513259792	0.037	0.041	1	AL357060.1	c3
6.6013872888048e-06	-0.151797484604966	0.034	0.047	0.221397326891935	PGGT1B	c3
0.664455948066413	0.151752879698503	0.141	0.149	1	ENO2	c3
2.22480288562685e-08	-0.151749849767173	0.077	0.103	0.000746154391781532	ZBTB24	c3
0.597159481392952	0.151677891785545	0.2	0.216	1	DCP2	c3
0.978501673421279	0.15165873366046	0.207	0.218	1	RAB29	c3
5.53817188948272e-43	-0.151646935814673	0.999	0.999	1.85739208829471e-38	PTMA	c3
7.7676583631566e-07	-0.151638451621268	0.075	0.097	0.0260511726183546	RELL1	c3
2.36684989177954e-06	-0.151621170779164	0.075	0.095	0.0793794116705023	USP37	c3
3.50273231118996e-11	-0.151562966901686	0.301	0.363	1.17474636252689e-06	CHD4	c3
0.63021611091762	0.151492189309337	0.058	0.06	1	AMPD2	c3
0.243806288968541	0.151491476741241	0.069	0.075	1	MPP7	c3
0.00589836506170054	-0.151479527256831	0.022	0.028	1	TAF4	c3
0.116734759550091	0.151465080030694	0.135	0.149	1	MFSD6	c3
0.11478678504467	0.151447606708278	0.045	0.05	1	LINC02001	c3
0.0647841289401071	0.151425745135207	0.162	0.182	1	NDUFB5	c3
0.412319158569642	0.151367529666337	0.013	0.014	1	CTBP1-DT	c3
0.109500086731148	0.151335990583965	0.151	0.168	1	SLC25A39	c3
3.18162790031277e-12	-0.151302848746701	0.102	0.14	1.0670543652069e-07	HIST3H2A	c3
0.221317519741948	0.151279225112926	0.026	0.029	1	TRIM32	c3
0.283448535564223	0.151186369671005	0.023	0.026	1	MZF1	c3
0.00836227987426108	0.151157197383071	0.109	0.126	1	ECHDC1	c3
0.802076533806741	0.151152295902627	0.239	0.256	1	CUL4A	c3
5.43088741972476e-12	-0.151116400131978	0.14	0.185	1.82141102282729e-07	POLR2D	c3
0.000714494611857648	0.151096122060829	0.417	0.424	1	HP1BP3	c3
0.261404053537484	0.151071870173007	0.155	0.168	1	CCDC130	c3
0.00209640031522477	-0.150965029747592	0.011	0.017	1	MCF2L2	c3
0.155425283621462	0.150956844596086	0.063	0.069	1	INTS4	c3
0.0282267745299117	0.150943966401833	0.066	0.075	1	SLC35A4	c3
0.0988611837443699	0.150914704531537	0.139	0.153	1	DDI2	c3
0.0155498060842299	0.150892100079684	0.018	0.023	1	ALG8	c3
0.00250653210919733	-0.150876875226591	0.027	0.035	1	ENDOG	c3
0.162243568745068	0.1508535871657	0.172	0.191	1	COMMD2	c3
0.720247456987588	0.150820929364417	0.017	0.017	1	FAM86C1	c3
0.217798132519959	0.150819867325718	0.041	0.045	1	ALG11	c3
0.0558227780444785	0.150791491484777	0.032	0.038	1	ZNF138	c3
2.38979117556664e-07	-0.15076847604008	0.045	0.063	0.00801488164461539	SPATA2	c3
0.618406171278662	0.150766137750661	0.031	0.033	1	TEP1	c3
0.668233444665042	0.150694502457475	0.23	0.241	1	RNASET2	c3
0.56046624916011	0.150651012018246	0.146	0.155	1	CDC27	c3
5.08805625354443e-13	-0.150649235169318	0.152	0.2	1.70643230631373e-08	SFT2D2	c3
0.0369660960847749	0.150627646253388	0.335	0.347	1	SDHA	c3
0.137734837308291	0.150575181408245	0.041	0.046	1	UBXN2B	c3
0.287066678799747	0.150573327684469	0.33	0.348	1	PHF3	c3
1.2879903257571e-09	-0.150539318164988	0.067	0.093	4.31966195452415e-05	LRRC40	c3
0.100953342282508	0.150496127188675	0.132	0.146	1	CHD3	c3
0.982614393214289	0.15046354470895	0.177	0.185	1	TMEM259	c3
1.00864540903746e-07	-0.150424793418753	0.122	0.154	0.00338279497282984	CNST	c3
1.96310676787614e-06	0.150413875897885	0.505	0.502	0.0658386747810299	BCL3	c3
0.0183771323050981	0.150347292145415	0.386	0.402	1	XRN2	c3
0.0198872557235144	0.150342132094434	0.052	0.061	1	DHRS4	c3
4.69846876223381e-09	-0.150289976063903	0.19	0.233	0.000157577245347798	POR	c3
0.561592851562785	0.150285371535636	0.235	0.245	1	ATF7IP	c3
0.132785023294717	0.150226141054282	0.043	0.049	1	TSPOAP1-AS1	c3
0.0768130349142519	0.15019213118768	0.024	0.028	1	C12orf4	c3
0.655354765741482	0.150180078435171	0.109	0.114	1	CLASP1	c3
6.82781095281561e-10	-0.150150444424018	0.25	0.304	2.2899112373553e-05	TRA2A	c3
0.0432859832822942	0.150080302570698	0.051	0.059	1	ORAOV1	c3
0.0661443128828512	0.150056713937324	0.084	0.095	1	SCO1	c3
0.149206730063259	0.149919429406476	0.014	0.017	1	SPATC1L	c3
0.000303406321296472	-0.149915976260352	0.02	0.028	1	NPHP4	c3
2.0948029762123e-12	-0.149858037643061	0.35	0.425	7.02555022162081e-08	YME1L1	c3
0.376138689814009	0.149839543899799	0.109	0.116	1	COQ10A	c3
2.7706702208823e-08	-0.149824104370233	0.1	0.13	0.000929227378679506	LMBR1	c3
0.000658103433208495	-0.149782179311784	0.025	0.034	1	ZNF432	c3
0.151106637689793	0.149735789567775	0.021	0.024	1	GALE	c3
0.328773422637045	0.149604692043041	0.127	0.137	1	WBP4	c3
0.204364778120857	0.149552224883306	0.238	0.243	1	WHAMM	c3
0.138559183596037	0.149547719854121	0.104	0.114	1	WARS	c3
0.203031349201675	0.149517988623712	0.292	0.305	1	SNRPA1	c3
1.85310197547908e-08	-0.149490108794388	0.071	0.096	0.000621493340536175	REPS1	c3
8.15081481149819e-09	-0.149377750613568	0.577	0.643	0.000273362027148026	EIF4A2	c3
5.29694680173921e-16	-0.149293705316173	0.708	0.769	1.7764900183673e-11	EIF4G2	c3
0.196603415206845	0.149144037920909	0.103	0.113	1	ADNP	c3
0.0255261712143031	0.149140530956763	0.042	0.05	1	ST3GAL4	c3
0.230697689635908	0.149079172804509	0.052	0.057	1	OCEL1	c3
0.497574460787949	0.149016016251855	0.14	0.149	1	TBC1D17	c3
0.00323478638905639	-0.148984613175524	0.009	0.013	1	NECAB3	c3
0.115210749385589	0.148920828082955	0.013	0.016	1	MAP3K14-AS1	c3
0.115896026821648	0.148912330228861	0.021	0.025	1	ARL10	c3
0.167464346495595	0.14890857076477	0.047	0.053	1	MSC-AS1	c3
0.523146322692114	0.148870852705145	0.1	0.106	1	ELK1	c3
0.386739888127935	0.148794223777787	0.028	0.03	1	RAB11FIP2	c3
0.58371809277055	0.148793216966322	0.145	0.154	1	UBE2G2	c3
0.138091851935356	0.148751075614767	0.055	0.061	1	CMTR1	c3
0.500887427419959	0.14864903472032	0.156	0.167	1	SMC1A	c3
1.52352246573184e-08	-0.148630518307593	0.115	0.146	0.000510958964557144	ARFGEF1	c3
0.00204394233295924	0.148556444085821	0.404	0.418	1	PDCD10	c3
0.0350831881356096	0.148525418438745	0.045	0.052	1	COMMD10	c3
0.162343636486574	0.148449150472588	0.056	0.062	1	TEPSIN	c3
0.409525107740304	0.148434544477191	0.038	0.04	1	FBXO30	c3
0.0228333777230059	0.148428382416039	0.117	0.133	1	MRPS31	c3
0.163527808230788	0.148352792434709	0.078	0.085	1	RAB2B	c3
0.602405236390847	0.14833455005802	0.033	0.035	1	LIG4	c3
0.483099547405925	0.148328730258754	0.28	0.297	1	SCNM1	c3
0.0893721654546798	0.148327969390711	0.066	0.074	1	POP5	c3
0.948082682911987	0.148310775707947	0.219	0.232	1	NEMF	c3
0.0927670085905253	0.148289401161406	0.045	0.05	1	MYO19	c3
0.136317081219484	0.148252268478041	0.08	0.088	1	CNPY2	c3
0.331036220640973	0.148157906107268	0.02	0.022	1	C22orf34	c3
4.55776285437521e-07	-0.148100649382308	0.089	0.114	0.0152858250610036	ZMYND11	c3
5.8282410426051e-12	-0.148093495538949	0.467	0.535	1.9546754808689e-07	EIF3L	c3
0.208726860997612	0.147934912545285	0.052	0.057	1	ZDHHC17	c3
0.35923346215321	0.147823408103126	0.173	0.189	1	DNTTIP1	c3
0.251545370600395	0.147823306919361	0.1	0.108	1	XPO4	c3
0.519554086077227	0.147806246805458	0.065	0.069	1	MEGF9	c3
0.170670923084404	0.14758087479229	0.166	0.184	1	MRPS24	c3
4.12030447998149e-07	-0.147566456809184	0.184	0.221	0.0138186771649619	TICAM1	c3
0.112417249867033	0.147497907017684	0.016	0.019	1	PBX3	c3
3.18491598496207e-10	-0.147497010386321	0.266	0.322	1.06815712303658e-05	MAP3K2	c3
0.102220006326087	0.147418995722894	0.056	0.063	1	ATP13A1	c3
0.390863690828792	0.147395635372392	0.022	0.024	1	PEX5	c3
0.214370370951004	0.147338287663014	0.037	0.041	1	ZNF611	c3
0.528300148482031	0.147299513740799	0.129	0.137	1	CBX1	c3
0.297720400985282	0.147253994346459	0.195	0.212	1	COL4A3BP	c3
0.0291010669059788	0.147201554051591	0.108	0.122	1	GMEB1	c3
8.76966365493482e-05	0.147195897492208	0.456	0.467	1	PSMA6	c3
0.0404661067160993	0.147090216301744	0.03	0.036	1	HDAC6	c3
8.30269789010763e-13	-0.147084973863697	0.187	0.242	2.7845588183843e-08	GTPBP4	c3
0.652180281044265	0.147046046900147	0.272	0.288	1	BRWD1	c3
8.01294170013433e-07	-0.147042826387327	0.057	0.076	0.0268738038739105	CORO1C	c3
6.92435047058177e-10	-0.147017747547821	0.148	0.188	2.32228866082371e-05	CDKN2AIP	c3
0.374980891330521	0.147012772804186	0.011	0.013	1	AK9	c3
1.60551002232253e-05	-0.147006991189337	0.071	0.09	0.53845595128653	LTBP4	c3
0.624920249947947	0.146987654945752	0.035	0.037	1	FOXK1	c3
0.823206814627102	0.146894583860553	0.162	0.17	1	CHD6	c3
0.119155829991172	0.146825196454083	0.116	0.127	1	FEZ2	c3
0.348529874536842	0.146652640691762	0.294	0.306	1	FKBP11	c3
0.748718517309841	0.146643035939861	0.271	0.29	1	COX16	c3
0.107466015370959	0.146641040790469	0.306	0.317	1	PCIF1	c3
0.15818106359295	0.14657950566341	0.053	0.059	1	CXorf56	c3
0.131069241085908	0.146571895007647	0.08	0.089	1	MAP3K7	c3
0.0234924245038865	0.146562279016449	0.049	0.058	1	POLD3	c3
0.622154802486016	0.146553506506432	0.278	0.289	1	IFI6	c3
0.51260927881224	0.146524381199573	0.018	0.02	1	QSOX2	c3
0.14266887538447	0.146514765971835	0.336	0.354	1	CMPK1	c3
0.375696787526884	0.146424765589084	0.016	0.017	1	ATRN	c3
0.32225931670453	0.14641823002114	0.03	0.033	1	SNHG10	c3
0.503809574845931	0.14641492747351	0.142	0.152	1	TBC1D25	c3
0.493695809614264	0.146383603321412	0.099	0.104	1	TM9SF4	c3
0.341736406339344	0.146364327667022	0.219	0.223	1	APOL6	c3
0.162640166135431	0.146342030322725	0.011	0.014	1	TXNDC16	c3
1.54979346770484e-09	-0.14633963325357	0.114	0.148	5.19769733198849e-05	TMEM167B	c3
4.62980728087994e-06	0.146288742345257	0.497	0.503	0.155274476586151	ERH	c3
0.82697579036729	0.146284446669606	0.24	0.255	1	INPP5K	c3
0.104003176426076	0.146217025690694	0.073	0.081	1	RACGAP1	c3
6.16252195032089e-08	-0.14618980824326	0.033	0.05	0.00206678661169862	HAUS4	c3
0.0538574156465649	0.146183969582183	0.376	0.394	1	NDUFA2	c3
0.924841162472638	0.146142418319777	0.222	0.233	1	CHST11	c3
0.229873969915747	0.146135067523949	0.113	0.122	1	CSE1L	c3
0.0371752988369273	0.146104092877726	0.108	0.122	1	CLASRP	c3
3.40074405318064e-05	-0.146099503302133	0.034	0.047	1	ATN1	c3
2.42114947312807e-17	-0.14606246179445	0.832	0.865	8.12005110297692e-13	SKP1	c3
0.0547882123183765	0.146037317414125	0.117	0.131	1	DNAJB12	c3
0.430632689421854	0.145917666722632	0.282	0.296	1	LASP1	c3
5.96314804250411e-11	-0.145905147988609	0.279	0.34	1.99992059049503e-06	EIF4E	c3
0.0221113121853236	-0.145896575338111	0.009	0.012	1	PDE6B	c3
0.590959002521924	0.145825966186967	0.179	0.192	1	TAOK3	c3
0.199466724945448	0.145819012870488	0.127	0.139	1	WDR18	c3
3.59630966678978e-08	-0.145710470699409	0.244	0.292	0.00120613033604796	KDM2A	c3
0.924740940755165	0.145676491422503	0.011	0.011	1	PLCH2	c3
0.170949928929367	0.145544167335463	0.22	0.222	1	MAST4	c3
1.96444133895778e-06	-0.145541335692935	0.09	0.113	0.065883433625966	SNRK	c3
0.584898822057032	0.145480967550825	0.034	0.036	1	STK35	c3
0.159736503536418	0.145411239084873	0.059	0.065	1	TNRC18	c3
0.00440865380005353	0.145391154279526	0.053	0.064	1	TRAP1	c3
0.0793683672764607	0.14537854473277	0.062	0.07	1	HDAC7	c3
0.00455399540353422	-0.145369050748031	0.015	0.021	1	STAU2	c3
0.277917803346201	0.145337379429204	0.099	0.107	1	C7orf26	c3
8.74804873327685e-14	-0.145280771473661	0.176	0.23	2.93392058416639e-09	PPP2R2A	c3
0.104553248814285	-0.145203597170426	0.008	0.011	1	AC005261.3	c3
0.0466248932372138	0.145153190935163	0.04	0.047	1	FRA10AC1	c3
9.4890842966297e-09	-0.145051187331301	0.099	0.129	0.000318244909140367	FAM210A	c3
0.0682336319756864	0.144929484503634	0.157	0.176	1	RRP1B	c3
6.47900133609102e-05	-0.144823447608426	0.037	0.049	1	PIEZO1	c3
0.0822048348597533	0.144799865556275	0.306	0.316	1	MESD	c3
0.838815416234947	0.14475495850003	0.195	0.207	1	MIA3	c3
0.0160669960791217	0.144733077033273	0.061	0.071	1	RNPEP	c3
0.000718209518078295	-0.144698960931394	0.029	0.038	1	MGAT5	c3
0.665842523135214	0.144642050018055	0.222	0.232	1	SMARCC2	c3
0.997128617620195	0.144478564310604	0.226	0.242	1	PFDN1	c3
0.603483481811128	0.144446930771543	0.178	0.191	1	HTRA2	c3
4.72948656003155e-11	-0.144395351962433	0.24	0.297	1.58617520250338e-06	RBMS1	c3
0.0138595810284981	0.144372352287887	0.042	0.051	1	TP53	c3
0.114285283287726	0.144368697490153	0.096	0.106	1	TSFM	c3
0.0873907017328702	0.144347951656559	0.332	0.347	1	WIPI2	c3
0.814514457819708	0.14426025043044	0.229	0.241	1	GPBP1L1	c3
0.000463413026035725	-0.1442550018531	0.048	0.06	1	AHDC1	c3
4.79459218155541e-06	0.144213462525661	0.492	0.5	0.160801032585005	ATP5F1C	c3
0.270527271085163	0.14419592642119	0.126	0.137	1	EHMT1	c3
0.0039324983893093	0.144191186575351	0.415	0.43	1	TBRG1	c3
0.664392018214353	0.144140740860814	0.029	0.03	1	AL662844.4	c3
3.86771106346084e-12	-0.144130173437778	0.31	0.379	1.2971529364635e-07	FBL	c3
0.186664476858519	0.144121139900363	0.06	0.066	1	NEK9	c3
1.26734396468188e-05	-0.144113910830027	0.037	0.051	0.42504181887501	PI4K2A	c3
0.0774898753671612	0.144019896298238	0.095	0.105	1	EXOC7	c3
3.67285892860305e-05	-0.144011905495917	0.052	0.067	1	PHF6	c3
0.507546912266127	0.143982331913048	0.136	0.144	1	PHRF1	c3
0.075946177487073	0.143857752012177	0.068	0.076	1	GPATCH11	c3
1.58201866147306e-08	-0.143814023812221	0.1	0.13	0.000530577418684834	LACTB	c3
1.40598376883349e-09	-0.143804559623107	0.1	0.133	4.71538836391375e-05	UXS1	c3
0.229309105685788	0.143745889553423	0.043	0.047	1	DUSP28	c3
0.045572148051464	0.143702201104011	0.045	0.052	1	UBA7	c3
0.792874320850627	0.143659902242869	0.173	0.183	1	ERGIC2	c3
0.546945804460627	0.143623435907636	0.142	0.151	1	CCDC97	c3
0.175200141410162	0.14362312239324	0.024	0.027	1	SCMH1	c3
0.353718278468989	0.143572072586911	0.03	0.033	1	ZNF232	c3
0.124815737369876	0.143543400451723	0.089	0.098	1	UCK1	c3
0.564609916553626	0.143492189808479	0.054	0.057	1	UBE2F	c3
0.186569066335593	0.143485064459532	0.124	0.136	1	GPR137	c3
3.57795016239566e-11	-0.143454840128227	0.145	0.188	1.19997292546426e-06	SEC23B	c3
8.94345817475876e-07	-0.143390091223371	0.478	0.536	0.0299945700265059	EPC1	c3
0.39061011801873	0.143362781054596	0.205	0.224	1	HSD17B10	c3
0.233181658458837	0.143313500183125	0.042	0.047	1	PGPEP1	c3
0.104620650665777	0.143309171298039	0.179	0.2	1	ATXN10	c3
1.41838735113831e-06	-0.143242208877665	0.066	0.086	0.0475698749824768	SFMBT1	c3
0.234082356944144	0.14318896304211	0.014	0.016	1	SLC12A4	c3
0.191199123664557	0.143167260480314	0.036	0.04	1	TUBGCP6	c3
0.250756643183117	0.14314792312189	0.043	0.047	1	MSTO1	c3
0.134989055526747	0.143123729610654	0.339	0.357	1	SH3BGRL	c3
3.62507990282361e-06	-0.143085073883535	0.051	0.069	0.121577929780898	SLC4A2	c3
0.324472927458596	0.143026484215489	0.048	0.052	1	NT5C3B	c3
4.91847735283483e-07	-0.142958367046092	0.089	0.114	0.0164955893459375	WDR37	c3
0.0533326997992311	0.142954262288537	0.046	0.052	1	CEP295	c3
0.173892189064815	0.142896303337658	0.122	0.133	1	TMEM223	c3
0.236202931637121	0.142874471117023	0.01	0.012	1	ZNF530	c3
4.06523603279444e-06	0.142831814551679	0.542	0.546	0.13633988606786	HLA-F	c3
0.0183230430128249	-0.142803122005639	0.01	0.014	1	ZNF747	c3
0.721983307823656	0.142788233137743	0.014	0.015	1	ZNF236-DT	c3
0.0652954303456416	0.142760318120812	0.076	0.085	1	SLC25A17	c3
0.000198513550194288	-0.14272820325504	0.038	0.05	1	PIK3CB	c3
0.221928928738522	0.142676979711836	0.145	0.158	1	KIFAP3	c3
0.752398523601465	0.142639237987752	0.274	0.292	1	XAB2	c3
1.94808338296796e-14	-0.142587432451316	0.999	0.998	6.53348204979795e-10	UBC	c3
2.68535961424346e-06	-0.142552448728706	0.078	0.1	0.0900615907424973	ZDHHC5	c3
0.381202534716267	0.142506363348008	0.081	0.086	1	UTP25	c3
3.9569200909592e-54	-0.142494445983059	0.996	0.995	1.3270718601059e-49	TPT1	c3
0.166150502480072	0.142479552818205	0.058	0.064	1	STX17	c3
0.313745054464977	0.142401512566814	0.039	0.042	1	ULK4	c3
7.93255938431107e-06	-0.14231596855762	0.048	0.064	0.266042176631025	RBFA	c3
0.00179563030649879	-0.142255872856358	0.017	0.024	1	DCLRE1B	c3
0.0102797760921536	0.142246541523408	0.43	0.448	1	ADAR	c3
0.480086399644418	0.142222231601466	0.192	0.198	1	FAM162A	c3
0.14202602572293	0.142166483492913	0.031	0.035	1	C19orf47	c3
0.262250678878932	0.142130730147994	0.117	0.127	1	AP3B1	c3
0.186395232245547	0.141924359574336	0.026	0.029	1	GK5	c3
0.135167628750782	0.141912848586208	0.084	0.092	1	GGA3	c3
0.0851813742630988	-0.141845704974004	0.01	0.013	1	KAT2A	c3
0.658843432870112	0.141809363334881	0.073	0.077	1	SNAI3	c3
0.277090718563165	0.141667337996429	0.046	0.05	1	SETD1A	c3
1.46901020786e-08	-0.141643004812397	0.136	0.17	0.000492676643512086	CSNK1G2	c3
0.950905394779022	0.14163494003878	0.253	0.269	1	ASH1L	c3
1.92693579662219e-08	-0.141634452322398	0.24	0.288	0.000646255727471151	RSBN1	c3
0.906620515758863	0.141631997023619	0.083	0.085	1	SOX4	c3
0.249156384581733	0.141621353275629	0.292	0.303	1	UBE2E3	c3
0.478575843552391	0.141566483787601	0.061	0.064	1	DOPEY2	c3
0.0948599060078755	0.141438687104696	0.112	0.124	1	NUPL2	c3
0.00351443463197062	0.141371943893079	0.429	0.446	1	LMAN2	c3
0.00699239588289206	0.141258055345589	0.044	0.053	1	EIF2D	c3
0.225855553901975	0.14123689542141	0.073	0.079	1	NAT10	c3
0.176823370360909	0.141153870428182	0.014	0.017	1	BPHL	c3
3.17693682868907e-06	-0.141121687898831	0.06	0.078	0.106548107360574	ZC3H7B	c3
0.418351114854101	0.141069490365123	0.045	0.048	1	ZKSCAN8	c3
0.076099127914846	0.141027397394888	0.08	0.09	1	PLCG1	c3
0.00571704070552437	-0.140978673933507	0.019	0.025	1	ZXDA	c3
0.959320049255503	0.140865382215628	0.253	0.272	1	C1D	c3
0.613354930625743	0.140843687859629	0.207	0.224	1	LCMT1	c3
0.264583654568389	0.140786041428068	0.3	0.312	1	ARID4A	c3
0.0427616531032379	-0.140775050206388	0.008	0.011	1	C22orf46	c3
0.104278656136731	0.140764431965859	0.151	0.167	1	SHMT2	c3
8.56756325877416e-05	-0.140760455480263	0.066	0.083	1	RBM34	c3
0.224846317088173	0.140696332505246	0.315	0.331	1	TSSC4	c3
1.31656636840838e-07	-0.140663986428177	0.15	0.183	0.00441550028636801	ITPRIPL1	c3
1.13210537639852e-11	-0.140652320360045	0.163	0.21	3.79685501136536e-07	LIMS1	c3
0.190514315476116	0.140604298790229	0.095	0.104	1	IKBKB	c3
0.000428172208590414	-0.140585922488732	0.04	0.051	1	HIP1R	c3
0.671375426512743	0.140581566342365	0.275	0.294	1	MTMR14	c3
0.116437075814335	0.140488361537523	0.022	0.026	1	AL390728.5	c3
7.97892294785142e-06	-0.140218898719969	0.048	0.064	0.267597117825041	ZNF44	c3
0.00125262624912465	0.140167650870154	0.428	0.442	1	SELENOF	c3
2.81556783185817e-06	-0.140160790495676	0.054	0.072	0.0944285139448593	KDM4B	c3
5.85793625273573e-08	-0.140148625871941	0.073	0.098	0.00196463466044251	NBPF26	c3
0.376612035886956	0.140037044996561	0.065	0.069	1	NAT9	c3
0.120680027267317	0.140004427253053	0.028	0.032	1	NOMO2	c3
0.169179011385716	0.13983681040067	0.028	0.032	1	SCLY	c3
0.242247601948212	0.139814757670118	0.044	0.048	1	SARM1	c3
0.0069158016253776	0.139812076257612	0.399	0.412	1	ATP5PD	c3
0.0506034237508492	0.139686365705533	0.02	0.025	1	FO393401.1	c3
1.1117234441941e-05	0.139666229988334	0.507	0.522	0.372849808713818	OTUB1	c3
0.0642722882100198	0.139649742692997	0.069	0.078	1	ERAP1	c3
0.0016344157250848	0.139601663955056	0.083	0.099	1	TYW3	c3
0.105507690578908	0.139590420933034	0.107	0.119	1	TRIM33	c3
4.79475757211991e-06	-0.139530661425618	0.072	0.092	0.160806579453758	GOLIM4	c3
0.0611350006698975	0.139469500143076	0.073	0.082	1	LRRC23	c3
0.918249237846627	0.139446350938313	0.181	0.188	1	VIM-AS1	c3
0.0138014797637016	0.139418478714	0.054	0.063	1	TRAPPC2	c3
0.364827976217057	0.139403977086705	0.136	0.146	1	GOLGA2	c3
0.0656402424397106	0.139399871257453	0.07	0.079	1	HCCS	c3
0.187993991674074	0.13937086363797	0.121	0.132	1	NBPF19	c3
0.268733519537252	0.139337143124294	0.121	0.131	1	TRIM38	c3
2.61311211105853e-07	-0.139314888904663	0.05	0.07	0.00876385539806811	SOS2	c3
0.16840224080613	0.139284191686545	0.067	0.074	1	PRKAB1	c3
0.0716280416804714	0.139262639161198	0.018	0.022	1	SPDL1	c3
4.38834400881157e-06	-0.139252319121298	0.052	0.069	0.147176281367523	TNFAIP1	c3
4.1050254191399e-05	0.139225508637895	0.505	0.515	1	SNRPF	c3
0.196115547803871	0.139211443053544	0.055	0.06	1	AKT1	c3
0.242106297442934	0.139209961909736	0.163	0.178	1	MBD2	c3
0.322384698376972	0.139171755039622	0.144	0.156	1	MRPL49	c3
0.250101222746427	0.139127351706525	0.117	0.126	1	MIA2	c3
0.105013156118864	0.139097958252148	0.15	0.166	1	ENOPH1	c3
0.454347288095537	0.139088188810425	0.202	0.219	1	CDC40	c3
0.523777489419155	0.139033494646955	0.233	0.252	1	UBN1	c3
0.681152463948353	0.138939246741969	0.226	0.242	1	TLK1	c3
0.366118430579074	0.138932479846711	0.063	0.067	1	AGL	c3
0.591756944205021	0.138901501482143	0.186	0.192	1	TSEN34	c3
0.0648185639752818	0.138893581384797	0.054	0.061	1	SLC12A9	c3
3.80530127400063e-11	-0.138865198215224	0.082	0.115	1.27622194127433e-06	RCC1	c3
5.97800926444019e-12	-0.138848030209229	0.47	0.545	2.00490474710795e-07	VDAC1	c3
0.0285719362775135	0.138847638582932	0.018	0.022	1	INCENP	c3
9.26385041461282e-08	-0.138840799457479	0.062	0.084	0.00310691015205285	ALYREF	c3
0.127969469961162	0.138808520923048	0.109	0.12	1	TM2D2	c3
0.00034311828489645	-0.138763957649309	0.024	0.034	1	SS18L1	c3
1.56980698906193e-10	-0.138756300911689	0.116	0.154	5.2648186799159e-06	RTCA	c3
6.89646796913946e-06	-0.138685930742757	0.059	0.077	0.231293742748999	ZFY	c3
3.94001244957079e-06	-0.138646031882284	0.11	0.135	0.132140137533705	WDR43	c3
0.0784739273048034	0.138641303742016	0.124	0.138	1	DPP9	c3
0.464846175507946	0.138613646054586	0.156	0.167	1	TMUB2	c3
0.00125658744937473	-0.138553889234185	0.014	0.02	1	CCNF	c3
0.0268924973272078	0.138537759100461	0.096	0.11	1	NUDT1	c3
0.175745837445707	0.138460898920498	0.276	0.285	1	FBRS	c3
1.06625625606745e-06	-0.138446020607297	0.042	0.058	0.0357601023159903	MCM4	c3
0.0185815799828449	0.138444186490419	0.091	0.104	1	DELE1	c3
7.09528514386328e-08	-0.138414810343844	0.091	0.118	0.00237961673154887	NUP160	c3
0.354900939979662	0.13839800129702	0.036	0.039	1	GCLC	c3
0.348990458988971	0.138374568920257	0.063	0.068	1	CTNNA1	c3
0.302127459712359	0.138371256236197	0.068	0.074	1	ATG16L1	c3
0.0455941219183051	0.13835595425795	0.096	0.109	1	LAMP2	c3
0.187162232197709	0.138345750959517	0.12	0.131	1	PRKAA1	c3
0.377257241893519	0.138344174172883	0.324	0.341	1	U2SURP	c3
0.462658226801325	0.138340117458899	0.062	0.066	1	ABCA2	c3
3.41618503560208e-07	-0.138332661244472	0.101	0.128	0.0114572013724023	TOR1AIP2	c3
0.120097779912047	0.138145411780727	0.117	0.129	1	MUL1	c3
0.412039540104141	0.138129472987003	0.042	0.045	1	EPS8L2	c3
0.308687863555353	0.138093546881935	0.025	0.027	1	NPHP3	c3
0.00271424169341547	-0.138091960670598	0.02	0.026	1	CLNK	c3
0.410929973561387	0.138030322042297	0.101	0.099	1	TNFSF14	c3
0.624940523178132	0.1380277107745	0.129	0.136	1	SHLD2	c3
0.0263158459418807	0.137975702046732	0.045	0.053	1	JMJD8	c3
0.391838620144023	0.137974423733976	0.177	0.191	1	MACF1	c3
0.185549510442916	0.137957419228164	0.081	0.088	1	SDHAF2	c3
0.116881691350543	0.137952529167783	0.123	0.136	1	GMIP	c3
1.24224423393377e-05	-0.137934205200277	0.048	0.063	0.416623871176708	FAM126A	c3
7.39483201317950e-11	-0.137920166072685	0.586	0.655	2.48007876058014e-06	SRRM1	c3
0.0486665650441019	0.137788888578433	0.378	0.395	1	RNF115	c3
2.93495584083744e-09	-0.13776442777555	0.172	0.214	9.84325489900059e-05	ZNF394	c3
1.07829658421967e-08	-0.137679725241947	0.455	0.522	0.000361639108415593	NRBP1	c3
3.93202333765415e-12	-0.137555821301184	0.185	0.238	1.31872198698245e-07	CDC73	c3
0.000180493495752961	-0.137453937857978	0.031	0.042	1	SLC25A37	c3
0.223246087999223	0.137430008491577	0.018	0.02	1	PHKA2	c3
0.146404091413522	0.137405364400632	0.324	0.335	1	CAPN2	c3
5.99300002774198e-06	-0.137302794441666	0.05	0.066	0.20099323493041	TFB2M	c3
0.313309736416898	0.137235157348631	0.063	0.068	1	MAP3K3	c3
0.172168734441123	0.1372271731688	0.028	0.031	1	SERP2	c3
0.00182637963359027	0.137164653874122	0.422	0.437	1	MLF2	c3
5.0881350458559e-08	-0.137158899341678	0.07	0.094	0.00170645873167915	TEX30	c3
0.020169696608865	0.137045568820159	0.075	0.086	1	DPM2	c3
1.04906828581166e-12	-0.136979110431585	0.233	0.294	3.51836521695516e-08	SHOC2	c3
1.39858181498615e-50	-0.136948840630983	0.997	0.997	4.69056369110056e-46	RPL8	c3
0.000855972770397584	-0.136874577481527	0.021	0.029	1	PARP11	c3
5.74231572108336e-06	-0.136851407023943	0.046	0.062	0.192585784653694	IMPDH1	c3
0.857974551116447	0.136766716299673	0.127	0.132	1	SP2	c3
0.0954033565633536	0.136765462496721	0.109	0.121	1	TXLNA	c3
0.413294481209912	0.136675666524494	0.112	0.119	1	SEC24C	c3
0.00853452766655064	0.136674759419762	0.05	0.06	1	COMMD4	c3
0.00865360314850266	0.136644646247481	0.384	0.394	1	MPC2	c3
2.76214183998781e-07	-0.136595110894661	0.139	0.17	0.0092636713029511	TP53BP1	c3
0.00723513374224869	0.136544694423475	0.056	0.067	1	MPV17	c3
1.64865606293292e-34	-0.136421419901795	0.988	0.986	5.52926270386443e-30	RPS5	c3
0.599980562846965	0.136411173665137	0.256	0.268	1	EPS15	c3
0.313631433523176	0.136381416123522	0.026	0.029	1	ZNF583	c3
0.38487725662031	0.136352776019367	0.273	0.287	1	SLC52A2	c3
3.11567862011726e-09	-0.136214377204177	0.117	0.151	0.000104493629561493	HAUS2	c3
0.834868528899727	0.136180159722363	0.048	0.049	1	TTC21B	c3
0.434636037340637	0.13617778204484	0.122	0.13	1	SCML4	c3
5.29539283569592e-06	0.136166993328842	0.502	0.513	0.17759688492357	ATP6V1F	c3
0.0843311021761696	0.136161128015215	0.101	0.112	1	XAF1	c3
0.146157759050469	0.136145055407165	0.139	0.153	1	BCKDK	c3
2.24842858075907e-09	-0.136059111078088	0.069	0.095	7.54077977414978e-05	KLHL2	c3
0.29481749889317	0.13602448842855	0.096	0.104	1	ELK4	c3
0.875085670554884	0.136000300402128	0.182	0.19	1	RICTOR	c3
0.156862565675111	0.135984950984916	0.038	0.042	1	PLEKHM2	c3
0.0843676461402793	0.135945335384165	0.083	0.092	1	LPCAT1	c3
5.5099194799474e-07	-0.13591648353206	0.04	0.057	0.0184791679518476	NSUN4	c3
0.000516259311949706	-0.13590746239985	0.016	0.023	1	COPG2	c3
0.128760115552243	0.13581835533143	0.079	0.087	1	NAAA	c3
0.140036522856459	0.135788449489935	0.047	0.052	1	RFX3	c3
1.03185895511114e-05	-0.135766121643595	0.041	0.055	0.346064856365174	ZNF426	c3
8.87517862931254e-32	-0.135722553289209	0.988	0.987	2.97655740869884e-27	RPS16	c3
0.000180473279035244	-0.135693544726815	0.636	0.675	1	HERPUD1	c3
0.0408728857761426	-0.135616095660005	0.01	0.013	1	ZIK1	c3
6.25625031096277e-07	-0.135477619258026	0.095	0.12	0.0209822122929069	PDZD8	c3
0.311898180303746	0.135408363369571	0.038	0.042	1	DCAF4	c3
0.683791799051432	0.135358966548244	0.294	0.313	1	BAZ1B	c3
0.00450396456811966	-0.135326788005298	0.021	0.027	1	EID3	c3
0.157188110652552	0.135298821983359	0.139	0.153	1	FPGS	c3
4.72223314340051e-07	-0.135298397632473	0.087	0.111	0.0158374255163366	SH3GL1	c3
0.0911761172869471	0.13529632502067	0.052	0.058	1	GATC	c3
1.22574337483695e-10	-0.135258976097303	0.283	0.346	4.11089813052815e-06	DUSP11	c3
0.090213929443651	0.135250515240665	0.05	0.057	1	TRAPPC13	c3
0.923024215413162	0.135218602107726	0.233	0.247	1	DDX50	c3
0.00967580774433905	-0.135218160573754	0.008	0.012	1	C9orf72	c3
0.491222134911999	0.13516512347055	0.013	0.015	1	POMK	c3
0.003073558037962	-0.135145966465077	0.031	0.039	1	KIF1C	c3
0.0381793614834194	0.135097053120489	0.073	0.083	1	ASH2L	c3
0.000356618504269368	-0.135095794208068	0.029	0.039	1	SYNGAP1	c3
0.132356941114355	0.134994679447482	0.06	0.067	1	TOP3A	c3
0.515126387509228	0.134991896432338	0.023	0.025	1	RAB34	c3
0.320969047881257	0.134943068351906	0.019	0.021	1	YOD1	c3
0.304852586128325	0.134891508533056	0.033	0.036	1	TBC1D19	c3
0.0953833884578296	0.134886300713455	0.076	0.085	1	AVL9	c3
1.11996949133955e-06	-0.134880554193993	0.083	0.107	0.0375615368005459	RLIM	c3
0.514744603880542	0.134857720225944	0.012	0.013	1	SNTA1	c3
0.0261133110766668	0.134838995903574	0.127	0.144	1	STX10	c3
6.25289336985542e-06	-0.134810824967929	0.029	0.042	0.209709537838211	ARHGAP21	c3
0.113906449065081	0.134797324774608	0.087	0.096	1	BCL2L12	c3
0.00203435635649657	-0.134735802880385	0.031	0.039	1	AHCYL2	c3
0.110755024962677	0.134721486965502	0.198	0.22	1	NUCB1	c3
0.188964817333196	0.134706989881147	0.023	0.026	1	ADGRG5	c3
0.183716173725105	0.134650899063531	0.154	0.169	1	FLII	c3
0.314547093153086	0.134637778393167	0.334	0.35	1	PRKCH	c3
0.00318068167531135	0.134556497982295	0.436	0.452	1	RNF181	c3
0.916801943386716	0.134524998236491	0.265	0.281	1	CNTRL	c3
2.98094084713739e-10	-0.134497990391715	0.245	0.302	9.99747941312939e-06	DNAJB11	c3
0.389924842267902	0.134473085905406	0.315	0.336	1	KDELR1	c3
0.240789485473238	0.134471970258989	0.036	0.04	1	ZNF627	c3
0.831019718609009	0.134452347389951	0.251	0.268	1	MRPL4	c3
0.128289350803286	0.134403654692996	0.106	0.116	1	KHNYN	c3
0.00643252944630476	0.134331031536279	0.034	0.042	1	NME1	c3
0.663013615369676	0.134301067137184	0.225	0.244	1	PSMD3	c3
0.00304884684966327	0.134230886816862	0.445	0.459	1	PHB2	c3
0.0172524666329356	-0.134206277194771	0.013	0.018	1	DCUN1D3	c3
0.497002546453928	0.134177807952207	0.043	0.045	1	FAM83G	c3
0.1099043417345	0.134162856386986	0.097	0.107	1	METTL14	c3
0.000851659615591349	0.134158858419258	0.416	0.419	1	CD48	c3
0.0284598899951723	0.134141758837152	0.069	0.079	1	PRAF2	c3
0.996706222803885	0.13413939661159	0.219	0.231	1	MLEC	c3
0.301493451658886	0.134131283513668	0.01	0.012	1	CSAD	c3
0.115742095901285	-0.134093579335769	0.011	0.014	1	ZNF841	c3
3.14718159769537e-07	-0.134039092003502	0.089	0.114	0.0105550176423507	DYNLL2	c3
9.5335061685909e-10	-0.133935350525426	0.151	0.191	3.19734729882202e-05	SEPT11	c3
0.00197287023619578	-0.133892156435243	0.007	0.011	1	MXD3	c3
0.729660085048689	0.133787108330818	0.049	0.05	1	FAM83D	c3
0.0904703044415097	0.133716850891201	0.11	0.121	1	ABRAXAS2	c3
0.209417265061964	0.133701262680993	0.107	0.116	1	RPA1	c3
0.527074193354214	0.133655342096909	0.176	0.179	1	CBX6	c3
0.0827133327942231	0.133654036959012	0.096	0.107	1	ING2	c3
0.931382487967498	0.133630354752611	0.124	0.128	1	ARHGEF3	c3
0.255201479526854	0.133630332115291	0.063	0.068	1	ACTR5	c3
0.317547101131407	0.133568449942207	0.015	0.017	1	POLI	c3
0.00130300065162635	-0.133505095906787	0.036	0.046	1	AEN	c3
4.19444654017175e-11	-0.133486763795712	0.304	0.372	1.4067334806428e-06	BLOC1S2	c3
0.108850669085031	0.133485293231829	0.086	0.095	1	ZNHIT2	c3
0.453184824597655	0.13343789220376	0.132	0.141	1	NPC1	c3
0.0616644536825665	0.133366342119408	0.029	0.035	1	TTC24	c3
1.19109458743565e-08	-0.133354997982544	0.136	0.172	0.000399469302734168	CUL3	c3
0.077104111175074	0.133253115987238	0.042	0.048	1	C5orf30	c3
0.140641826304949	0.133247896036069	0.04	0.045	1	DNMT3A	c3
0.881111006355625	0.133241567527074	0.109	0.112	1	RPS6KA5	c3
4.95213301325357e-05	-0.133224028509707	0.022	0.032	1	SMN2	c3
0.461252046870246	0.133162874148724	0.022	0.024	1	MLH3	c3
0.200804171555913	0.133155675066532	0.349	0.371	1	PSMG2	c3
0.28480782364429	0.133151160409461	0.1	0.108	1	EGLN2	c3
0.198043041181304	0.133107087481236	0.123	0.134	1	MGRN1	c3
4.10632095134107e-10	-0.133030569113833	0.386	0.456	1.37717792066077e-05	MAPRE1	c3
0.481421019382858	0.132869245540743	0.21	0.228	1	AASDHPPT	c3
0.012772029502099	-0.13279763601364	0.035	0.042	1	CFL2	c3
0.305744692899806	0.132760268839411	0.055	0.06	1	MAPK7	c3
0.521173183544802	0.132673756640068	0.01	0.011	1	PTPRF	c3
0.061194299183473	0.132667897687349	0.087	0.098	1	SLC7A6OS	c3
0.426880967010291	0.13264597581871	0.011	0.012	1	ELMO3	c3
0.0917614689360549	0.132614085547051	0.047	0.053	1	CARD8-AS1	c3
0.580893795472172	0.132533570142771	0.298	0.317	1	HSF1	c3
0.0125251545543222	-0.132511910651814	0.011	0.015	1	FKRP	c3
0.0359024427496742	0.132427867906345	0.368	0.385	1	AAMP	c3
1.64131823877413e-08	-0.132426998118152	0.093	0.121	0.000550465310920067	MAGT1	c3
1.35366811040656e-09	-0.132413363619087	0.112	0.146	4.53993210868151e-05	GRWD1	c3
1.73630917233067e-10	-0.13239002663313	0.268	0.326	5.8232337021626e-06	FAM118A	c3
2.27340308237148e-10	-0.132370289921905	0.149	0.192	7.62453925765746e-06	SLC39A6	c3
0.000534617977169635	0.132362313229043	0.391	0.388	1	IL27RA	c3
0.0101280343363711	0.132322534095488	0.431	0.451	1	MAF1	c3
0.781128221404925	0.132304438923607	0.225	0.235	1	MORC3	c3
0.0591015496157452	0.132223344266254	0.06	0.068	1	CDC23	c3
0.368806194223596	0.132152063192681	0.103	0.11	1	PWWP2A	c3
0.14230528461145	0.132101680256853	0.211	0.234	1	C17orf49	c3
0.0482232203884096	0.132094947253378	0.029	0.034	1	QDPR	c3
0.000291845995099961	-0.132052529652292	0.94	0.94	1	FTL	c3
0.597545495241906	0.132044415581408	0.189	0.203	1	SLC6A6	c3
0.0448994343108066	0.132026509899605	0.045	0.052	1	ZBED1	c3
0.399722390985439	0.131964713821424	0.037	0.04	1	ZNF17	c3
0.178992979036189	0.131950101125383	0.055	0.061	1	EPM2AIP1	c3
4.0987481767937e-08	-0.131943879669768	0.397	0.459	0.00137463816353307	DCXR	c3
0.62101012509661	0.131931479161423	0.034	0.035	1	ZFAND4	c3
4.75267890256621e-09	-0.131885411974617	0.511	0.577	0.000159395345034265	SURF4	c3
0.2033867011243	0.131780798383414	0.012	0.014	1	FIZ1	c3
0.0133590591340605	0.131722146756256	0.04	0.048	1	POLR2J3.1	c3
0.000156758585558665	-0.131702346846872	0.046	0.059	1	FNDC3B	c3
0.285559710808089	0.131681458782293	0.158	0.171	1	UIMC1	c3
1.18167175122783e-05	-0.131601578597664	0.049	0.064	0.396309071926791	CLEC16A	c3
0.0395892205808759	0.131491587573864	0.036	0.042	1	CNTROB	c3
0.0328636482369439	0.131486375896515	0.071	0.082	1	SLC35A2	c3
0.424286635974573	0.131388821534975	0.103	0.11	1	MAPK8IP3	c3
0.402188496439832	0.131356617523893	0.016	0.017	1	PDLIM1	c3
0.0746927887377228	0.131344298915312	0.066	0.074	1	UBP1	c3
6.15260934506292e-05	-0.131331011489943	0.031	0.042	1	ACER3	c3
8.97023187623152e-06	-0.131290390033227	0.058	0.076	0.300843636665053	ADNP2	c3
0.178653081896395	0.131265087493839	0.119	0.13	1	SLC39A7	c3
0.250905295171142	0.131184944341713	0.009	0.011	1	ZNF558	c3
5.35043220695448e-12	-0.131173773399296	0.201	0.257	1.79442795356839e-07	PSMD12	c3
0.263685684189658	0.131172021510738	0.059	0.064	1	UBQLN4	c3
0.0174494676636948	-0.131124634151703	0.022	0.027	1	ARHGAP12	c3
0.0573998308618113	0.131069096688689	0.048	0.055	1	ELP3	c3
0.179111939226539	0.130995921510635	0.346	0.366	1	SNRPE	c3
4.44314272729363e-05	-0.130966103106467	0.083	0.102	1	TBC1D4	c3
0.131801953410711	0.130907419557339	0.08	0.088	1	CSTF2T	c3
4.55795909735657e-10	-0.130853767225188	0.148	0.189	1.52864832207145e-05	RASA2	c3
0.649341629903963	0.130829732416343	0.041	0.042	1	PHC2	c3
0.018478202607804	0.130820437442014	0.444	0.466	1	SEPT2	c3
6.97907722584637e-07	-0.13081382889591	0.01	0.02	0.0234064292000435	GINS2	c3
0.250742285952358	0.13079026508387	0.035	0.038	1	MOK	c3
0.385008961004922	0.130768539406786	0.152	0.164	1	STX4	c3
8.42065687668683e-09	-0.130765040416594	0.121	0.155	0.000282411990330323	MFSD11	c3
4.23250252165075e-12	-0.130758219493509	0.153	0.201	1.41949669571123e-07	EEF1G	c3
0.181362090752952	0.130743909193159	0.02	0.023	1	UVSSA	c3
0.0045381920007323	-0.130656245798742	0.013	0.019	1	HSD17B4	c3
4.39633106900069e-06	-0.130621905553212	0.042	0.058	0.147444151392145	SAP30	c3
5.56156620722704e-09	-0.130604557314056	0.442	0.51	0.00018652380745798	BUD31	c3
0.000642899242404601	-0.130583381058465	0.019	0.027	1	SPRYD4	c3
0.122286470668958	0.130581213309734	0.037	0.041	1	WDR41	c3
0.172658459744244	0.130536411247423	0.027	0.031	1	CTU1	c3
0.477097724803066	0.130441416760502	0.128	0.136	1	RAB3GAP2	c3
0.0230644226901817	0.130364771031773	0.057	0.066	1	CPSF1	c3
0.174618255589331	0.130341793623592	0.077	0.084	1	HINFP	c3
5.86879242934909e-09	-0.130258143258607	0.127	0.163	0.00019682756049551	ZNF326	c3
0.167957825832664	0.130230353037002	0.151	0.166	1	ANKRD17	c3
0.0244790198956925	-0.130222497042021	0.011	0.015	1	PLXNA1	c3
0.727251214120879	0.130157249227325	0.183	0.193	1	FAM110A	c3
0.475775719409778	0.130075799298426	0.085	0.09	1	ZBTB20	c3
0.351292767374915	0.130075154112026	0.16	0.173	1	BRIX1	c3
8.31425769674385e-09	-0.129930282754995	0.151	0.189	0.000278843574633395	GFPT1	c3
0.142048023219835	0.12991408344059	0.154	0.17	1	MRPL17	c3
0.0039155361056988	0.129901109121284	0.431	0.441	1	SH3KBP1	c3
7.06464691445616e-10	-0.12987140023085	0.218	0.268	2.36934128217031e-05	USP47	c3
0.00051639017561291	-0.129813668354066	0.029	0.039	1	HOTAIRM1	c3
1.74696679745646e-07	-0.1296065214041	0.162	0.199	0.00585897724530947	DEDD2	c3
0.906326568847493	0.129572865485877	0.274	0.293	1	PTDSS1	c3
2.0998340910951e-08	-0.129555826762667	0.089	0.117	0.000704242357471476	ECD	c3
0.833926205774736	0.129497728982278	0.01	0.01	1	HS3ST1	c3
0.105906630222005	0.129491069893519	0.068	0.076	1	HTT	c3
3.51023992214624e-06	0.12945190206826	0.572	0.564	0.117726426508941	LCP1	c3
0.168456014138249	0.129429751300044	0.017	0.019	1	RAB4B	c3
0.00893974846230686	0.129419097245347	0.075	0.088	1	UBA5	c3
0.32125846161558	0.129396200218061	0.131	0.141	1	DCAF8	c3
0.096780175195412	0.129382081947641	0.036	0.042	1	CHM	c3
0.238206212775367	0.129377934173557	0.175	0.191	1	EI24	c3
0.182896038745939	0.129355178937315	0.132	0.145	1	OSGEP	c3
0.241471135912296	0.129250455449418	0.015	0.017	1	PNPO	c3
0.0554642707617354	0.129243567448409	0.105	0.118	1	ZBTB25	c3
0.53647008381881	0.129234274425875	0.237	0.258	1	OLA1	c3
7.01887875252618e-08	-0.129141605432238	0.074	0.099	0.00235399155602223	KCTD9	c3
0.0861339184859255	-0.129119729656946	0.011	0.013	1	CASTOR1	c3
0.258762953248215	0.129111627273723	0.009	0.011	1	ITFG2-AS1	c3
0.0234439043279847	0.129070494057525	0.008	0.012	1	PECR	c3
0.215324052687839	0.129039716207757	0.093	0.1	1	JPT2	c3
0.169083467231304	0.12894977227448	0.04	0.044	1	ZNF518B	c3
0.196891133568824	0.128935915156601	0.109	0.119	1	UTP3	c3
0.698016806755293	0.12881688566942	0.21	0.223	1	FUBP1	c3
0.00527405259093445	0.128812450267815	0.046	0.056	1	PCK2	c3
0.211601162508095	0.128796221048128	0.068	0.075	1	CNOT6	c3
0.0559375736051537	-0.128683066405926	0.009	0.012	1	NEK8	c3
0.0186353255048038	0.128676451304355	0.033	0.04	1	TBC1D7	c3
1.48408165879651e-09	-0.128672394422531	0.304	0.364	4.97731306727174e-05	COX20	c3
0.256493290872893	0.128617123300558	0.156	0.17	1	AK2	c3
0.0763641787891817	0.128608733115435	0.059	0.067	1	RPRD1A	c3
0.139431998154988	0.128582909941542	0.043	0.048	1	PEX1	c3
0.458472416485148	0.128566143319367	0.179	0.191	1	TAF3	c3
0.368153066536921	0.128473433307445	0.131	0.141	1	MBTPS1	c3
0.502787868771251	0.128472977977052	0.154	0.165	1	NIPSNAP2	c3
0.439884772631949	0.128462836010177	0.056	0.059	1	UBE2D4	c3
4.38603563984694e-06	-0.128390214209331	0.045	0.061	0.147098863289187	KIAA0355	c3
0.125609348123796	0.128383008670809	0.141	0.155	1	VPS13C	c3
0.82192838633094	0.128364524992056	0.056	0.055	1	MAP1A	c3
0.0869395696587389	0.128331419630942	0.031	0.036	1	CREB3L2	c3
0.0722925244002006	0.128269921202721	0.368	0.388	1	NOSIP	c3
0.138779672857994	0.128252021159373	0.131	0.144	1	BCAP29	c3
0.455051304921388	0.128228957676956	0.011	0.012	1	TRAV35	c3
6.20734691123632e-10	-0.128197104498356	0.105	0.139	2.08182000709044e-05	PRPF4	c3
0.322773308259972	0.128187155372073	0.155	0.168	1	ATXN3	c3
0.121412838723948	0.128124315123409	0.05	0.055	1	EXT2	c3
0.156796572705256	0.128060730338484	0.125	0.137	1	MAPKAPK5-AS1	c3
0.088749869662681	-0.12805460042839	0.008	0.011	1	PLEKHA5	c3
0.241805494143242	0.128054457827916	0.012	0.014	1	ACP6	c3
0.421728049579221	0.12804746021322	0.2	0.216	1	NIP7	c3
1.37282454289303e-07	-0.128005496512547	0.192	0.23	0.00460417895195464	CDC42EP3	c3
0.41610388872368	0.127998109302935	0.325	0.345	1	FRG1	c3
0.213159000488118	0.127992655699027	0.075	0.082	1	WSB2	c3
0.0741806656496543	0.127920783935417	0.104	0.115	1	REV1	c3
0.0399224595439517	-0.127918499509895	0.012	0.016	1	TRBV14	c3
0.0798567097295838	0.127903291748074	0.044	0.05	1	ZNF212	c3
0.315414442153794	0.127880968623926	0.038	0.041	1	FAM210B	c3
0.243743458607637	0.127845354211623	0.022	0.024	1	ITGA2	c3
3.71245196430658e-07	-0.127835676831976	0.028	0.042	0.0124508213978914	CENPH	c3
0.359811716767455	0.127801981289015	0.036	0.039	1	ZBTB33	c3
0.445547651219661	0.127758990601374	0.152	0.163	1	CLPX	c3
0.212147937886468	0.127737923637222	0.058	0.064	1	ZBTB49	c3
0.760850024125004	0.127733485594207	0.241	0.255	1	MX1	c3
2.50600303823031e-10	-0.127687786292536	0.225	0.278	8.4046329896168e-06	TMED5	c3
0.113115376485247	0.127659007601816	0.046	0.051	1	NPM3	c3
1.09423103166164e-07	-0.127586987340014	0.438	0.5	0.00366983203398682	EIF3J	c3
5.31235236105482e-09	-0.127573433167054	0.105	0.137	0.000178165673485056	KCNN4	c3
0.123615141452281	0.127470371424453	0.018	0.021	1	USP45	c3
0.0910885829025052	0.127411622072059	0.036	0.042	1	TADA2A	c3
0.0234680977644812	-0.127366097442626	0.025	0.031	1	ZXDB	c3
0.192036101497207	0.127325729407122	0.056	0.061	1	MICA	c3
0.280334432247912	0.127323298431514	0.058	0.063	1	FAM206A	c3
8.94783143781533e-09	-0.127298177821092	0.244	0.294	0.00030009237076145	CYTH2	c3
0.277326483746778	0.127243256756728	0.022	0.025	1	EMILIN2	c3
0.105417024110229	0.127207184649362	0.033	0.037	1	TSPOAP1	c3
0.00510361736277949	-0.127159523850582	0.035	0.043	1	C7orf43	c3
0.00144565287724839	-0.127126065038128	0.021	0.029	1	MTPAP	c3
0.120000558283124	0.127111962701678	0.043	0.049	1	SIMC1	c3
0.12071685590808	0.127105867469379	0.032	0.036	1	SLC25A53	c3
0.0514055264861344	0.127068999339407	0.086	0.096	1	INSIG2	c3
0.0482010994268411	0.127045394282891	0.122	0.137	1	MKRN2	c3
0.100689848977332	0.127043804923358	0.158	0.175	1	TPP2	c3
0.000498065968431146	-0.127041909668486	0.033	0.043	1	SPATA5L1	c3
1.05204058466185e-07	-0.126984656642791	0.062	0.084	0.0035283337128389	BCL2L13	c3
0.141177643495286	0.126947013241634	0.024	0.027	1	AL451165.2	c3
0.0324671561722922	0.126840116702335	0.116	0.131	1	TM2D1	c3
0.137089122506006	0.126825463817318	0.061	0.067	1	NF1	c3
5.47815460531559e-09	-0.126817962104386	0.298	0.354	0.000183726349153074	DDX39A	c3
0.0416491397482594	0.126761598868806	0.116	0.131	1	BLVRA	c3
3.23293583860098e-11	-0.126759303522134	0.154	0.2	1.08426202155e-06	OVCA2	c3
0.0817827444323304	0.126756163917066	0.375	0.397	1	PSMF1	c3
0.000676669786578776	0.126755194592695	0.487	0.5	1	PTP4A2	c3
1.02467864402924e-05	-0.126701713489037	0.081	0.102	0.343656723634526	PKNOX1	c3
0.280757122905081	0.126694981201473	0.103	0.111	1	FBXO42	c3
0.0907692101796339	0.126536262625995	0.087	0.097	1	MAU2	c3
0.465823482627522	0.126473984980682	0.204	0.221	1	NCBP2	c3
0.00101489955376238	0.126464660437369	0.462	0.476	1	PUF60	c3
0.653005499455819	0.126443511344173	0.113	0.118	1	BID	c3
0.142950208208146	0.126439724224761	0.07	0.077	1	RNF219	c3
0.516355784180504	0.126431728347742	0.198	0.213	1	CHD8	c3
1.6821899621502e-09	-0.126412386648275	0.134	0.172	5.64172869505936e-05	STARD3NL	c3
0.156546408189652	0.12635791431311	0.106	0.116	1	RUBCN	c3
0.0337983932607158	0.126338047718686	0.139	0.157	1	SNX4	c3
0.0012475352994384	-0.126321726673944	0.021	0.028	1	ZDHHC2	c3
0.127730301902003	0.126276232540154	0.012	0.014	1	TBC1D31	c3
0.0735831709922691	0.126045979802399	0.096	0.108	1	SLC30A9	c3
0.590190680715544	0.126039241873184	0.178	0.19	1	WDR46	c3
1.05866624772641e-07	-0.125997385362807	0.367	0.429	0.00355055486162483	RHEB	c3
0.593042988250188	0.125927324929005	0.192	0.206	1	DDX54	c3
0.000791464823302799	-0.125907582022107	0.025	0.033	1	MCU	c3
0.256546374940271	0.125879546699777	0.176	0.192	1	PTPN11	c3
0.000881169828119271	0.125869793905732	0.456	0.47	1	AURKAIP1	c3
0.00622387144296902	0.12586152026934	0.016	0.022	1	FANCD2	c3
3.192800058218e-06	-0.125805702018905	0.087	0.11	0.107080128352515	ATF5	c3
0.188803829936912	0.125658799799236	0.061	0.067	1	FASTKD1	c3
0.0138303099233713	-0.125550943242359	0.014	0.019	1	CRAMP1	c3
0.00496898585981477	0.125457403393963	0.129	0.15	1	CTSA	c3
0.0416843163376495	0.125360742659733	0.09	0.101	1	TIMM9	c3
0.108390804557065	0.125343311012539	0.125	0.138	1	C19orf12	c3
0.0648760684299948	0.125281610833303	0.151	0.169	1	UBE2V1	c3
1.58305210355607e-09	-0.125267859125841	0.284	0.342	5.30924014490636e-05	PITHD1	c3
0.466930738932402	0.125250099171691	0.09	0.096	1	FBXL20	c3
7.45465371398992e-06	-0.125218697204088	0.044	0.059	0.250014176259794	ZNF121	c3
8.21430877487104e-08	-0.125189379133964	0.174	0.212	0.00275491487691625	ST8SIA4	c3
0.539478998076016	0.125165039571983	0.258	0.282	1	CEP57	c3
0.398943702158535	0.125158724609136	0.029	0.031	1	GPD1L	c3
0.452032103314936	0.125129198562751	0.346	0.374	1	DDOST	c3
0.438659897235867	0.124965626523163	0.317	0.336	1	ACTR1A	c3
2.07707131540475e-08	-0.124930345205033	0.089	0.117	0.000696608177760445	ACSL4	c3
0.0288303979921039	0.124922652867868	0.083	0.094	1	CSTF2	c3
0.102806557653328	0.124915749540487	0.028	0.032	1	IPO11	c3
1.07143507512484e-08	-0.124755210962079	0.14	0.177	0.000359337895495369	TBPL1	c3
0.0474203591762224	0.124660325243164	0.11	0.123	1	IRAK4	c3
1.04223026090654e-09	-0.124638079523396	0.233	0.286	3.49543184902836e-05	CTR9	c3
0.258514992383901	0.124538361832094	0.051	0.056	1	POLR1A	c3
0.665940847763514	0.124493411685445	0.246	0.266	1	SSR1	c3
1.91954406382714e-08	-0.12448351259791	0.093	0.122	0.000643776688126347	OPA1	c3
0.163225857447519	0.124478192393232	0.219	0.242	1	AIMP1	c3
0.00801921322108141	0.124474011971878	0.036	0.044	1	SUV39H1	c3
0.197306461422428	0.124405559280178	0.073	0.079	1	AP3M2	c3
0.436673965111283	0.124328698413351	0.187	0.202	1	SUDS3	c3
0.41544070545572	0.124287959353712	0.016	0.018	1	NPIPA1	c3
6.6806459201483e-10	-0.124280747606975	0.33	0.398	2.24055502869934e-05	TOMM22	c3
1.41427579077344e-10	-0.124231066277607	0.755	0.793	4.74319814709595e-06	UBE2D3	c3
0.0936089648572547	0.12418307684021	0.067	0.075	1	CASC4	c3
1.67543279481883e-07	-0.124176105802614	0.09	0.116	0.0056190665072634	FBXO28	c3
0.583895502904651	0.124052236322019	0.054	0.056	1	SLC23A2	c3
0.362289404925724	0.124022326709283	0.217	0.22	1	STOM	c3
5.88209985486924e-07	-0.123982671052467	0.118	0.147	0.0197273864932604	CHERP	c3
9.08276135239904e-09	-0.123972967284917	0.477	0.546	0.000304617650236759	PAPOLA	c3
0.247397546771646	0.123948206811332	0.026	0.029	1	MED26	c3
0.0717288729299414	0.123760864272495	0.162	0.181	1	TCIRG1	c3
0.00229991920652775	0.123732747252459	0.498	0.516	1	RWDD1	c3
0.0193695026843815	0.123707681386657	0.036	0.043	1	ALDH16A1	c3
0.312978492101554	0.123688271326964	0.172	0.187	1	VRK3	c3
0.698986897077281	0.123531696630157	0.263	0.276	1	TRPC4AP	c3
0.08433697469465	0.123518217705429	0.325	0.338	1	TALDO1	c3
0.303595697851422	0.123427660199696	0.306	0.32	1	SF3A3	c3
1.04866139012901e-09	-0.123426227148581	0.601	0.662	3.51700057021467e-05	HNRNPA0	c3
1.32927370995159e-07	-0.123411916840933	0.117	0.147	0.00445811816843565	INO80D	c3
1.71399884689832e-05	-0.123405928728471	0.095	0.116	0.57484093327276	DLGAP4	c3
0.0146910689150901	-0.123341532803383	0.01	0.014	1	BCLAF3	c3
0.292547345531116	0.123320457051053	0.076	0.082	1	SRCAP	c3
4.55206228197184e-08	-0.123258858915401	0.13	0.164	0.00152667064812772	SSH1	c3
0.405497627014684	0.123171420676355	0.051	0.055	1	SLC25A22	c3
0.228493423252874	0.123087668702789	0.17	0.185	1	TMC6	c3
0.000122284439724604	-0.123065720553003	0.066	0.082	1	ZNF506	c3
5.44785501387676e-05	-0.123061377550706	0.035	0.047	1	DGAT1	c3
0.000378964968935353	0.123044662493394	0.548	0.565	1	NSA2	c3
2.66812054824947e-05	-0.123000107870506	0.37	0.42	0.894834269471909	TCP1	c3
0.0549491670037323	0.122997431730975	0.022	0.026	1	NUDT8	c3
0.108417848134112	0.122954907431594	0.051	0.057	1	C2CD3	c3
0.260111289676604	0.122950406775825	0.067	0.072	1	PLOD3	c3
0.146655399519842	0.122906432254839	0.175	0.194	1	PDPK1	c3
0.0381710283365449	0.12285743269637	0.018	0.023	1	POT1	c3
0.0414855702527935	0.122837664790436	0.048	0.056	1	YBEY	c3
0.293014123644131	0.122822747589186	0.13	0.14	1	KIDINS220	c3
2.06659165744277e-05	-0.122821155454699	0.838	0.869	0.693093510073158	MT-ND2	c3
4.17322636719663e-10	-0.122818767605152	0.195	0.243	1.39961665903041e-05	POLE3	c3
0.00904766727950038	-0.122728769397117	0.007	0.01	1	PCYOX1L	c3
0.315296072667545	0.122647011188112	0.129	0.139	1	SBF1	c3
0.172711689451008	0.122631975282992	0.165	0.181	1	SAE1	c3
0.669418257340651	0.122630080134163	0.208	0.223	1	THAP4	c3
0.0972724797421559	0.122577458796552	0.148	0.164	1	WDR45	c3
1.39448917127374e-05	-0.122489872472612	0.058	0.075	0.467683778261788	SRF	c3
0.105958105264363	0.12248748424169	0.363	0.379	1	PWP1	c3
8.26984739623578e-10	-0.122407668511121	0.174	0.22	2.77354141974956e-05	BAK1	c3
0.000570710475954677	-0.122376237369664	0.043	0.054	1	ETFRF1	c3
3.96852145201589e-16	-0.122346637193384	0.88	0.905	1.33096272457709e-11	YBX1	c3
0.151400815605722	0.12228408315049	0.022	0.025	1	IQCE	c3
0.221288156721924	0.122231036021407	0.184	0.202	1	PES1	c3
0.282528719121633	0.122198006167771	0.184	0.2	1	DALRD3	c3
0.0634159350546794	0.122177151520732	0.353	0.364	1	RNF145	c3
1.5322589669209e-06	0.122155560695264	0.595	0.601	0.0513889012325932	COX5A	c3
0.109911126495411	0.122060297413685	0.026	0.031	1	PARP3	c3
0.000699176824977617	-0.122032913129367	0.032	0.042	1	MFSD12	c3
3.66922703761997e-06	-0.121974524049712	0.104	0.129	0.123058536387699	TFE3	c3
0.236468980666377	0.121945686966046	0.093	0.101	1	PRKD2	c3
0.189096133312532	0.12192370221681	0.081	0.088	1	EXOC3	c3
1.87733025798765e-08	-0.121878812484299	0.1	0.13	0.000629619021923897	TRIAP1	c3
0.012353478446311	-0.121803622526438	0.01	0.015	1	AL096865.1	c3
0.207625471116748	0.12179697409038	0.065	0.071	1	NFRKB	c3
0.595634669824818	0.121767499533231	0.205	0.22	1	PPID	c3
0.234321332218572	0.121741031919897	0.145	0.158	1	SCFD1	c3
0.144529948243109	0.121715945231534	0.19	0.211	1	ATP5MC1	c3
0.0101901429579624	-0.121649332405645	0.012	0.016	1	NT5DC2	c3
0.000403008211552834	-0.121621917137223	0.042	0.054	1	NUP35	c3
0.173153210738349	0.121595814334893	0.016	0.018	1	NUGGC	c3
0.00223140706155189	0.121581377070936	0.069	0.083	1	TMEM242	c3
0.529049412818218	0.121576074099196	0.26	0.285	1	MRPL33	c3
0.00057952341466218	-0.121565831486369	0.03	0.04	1	SRGAP3	c3
0.195884084137437	0.12141967468225	0.344	0.361	1	LAMP1	c3
0.139175471221532	0.121388992483061	0.199	0.221	1	NAA60	c3
0.0964906700701521	0.121353774803592	0.028	0.032	1	ZNF738	c3
6.65238694244778e-10	-0.121338307619351	0.074	0.103	2.23107753275814e-05	PARVB	c3
0.335303761910151	0.121296018835806	0.223	0.243	1	POLR2B	c3
0.000121014573325327	-0.121248665696853	0.037	0.049	1	ZNF669	c3
0.00513276429502709	0.121233729738614	0.44	0.455	1	AP2M1	c3
5.44795179927194e-08	-0.121224020020082	0.099	0.128	0.00182713407443982	NUMB	c3
0.00442150827456821	0.121192475987752	0.058	0.069	1	NSMCE2	c3
0.0192835912209566	-0.121190825751357	0.029	0.035	1	TRBV3-1	c3
0.0104912620442913	-0.121160773087558	0.019	0.025	1	MAPK8IP1	c3
0.102690828020807	0.121118884606321	0.046	0.051	1	SAP130	c3
0.259820053397729	0.121106865603091	0.012	0.014	1	LINC00665	c3
0.0129719580577807	-0.121080137728448	0.007	0.01	1	GSTCD	c3
0.101744314132341	0.121057843186231	0.155	0.171	1	CCNQ	c3
4.43733707915518e-07	-0.121028540490772	0.458	0.523	0.0148819410960706	TRA2B	c3
0.310244164673299	0.120965760045018	0.029	0.031	1	NOL6	c3
0.00169302556706617	0.120959966778455	0.467	0.481	1	TRAM1	c3
1.68783068713805e-07	-0.120942360071604	0.138	0.171	0.00566064655852361	KIAA0232	c3
0.0387316573516443	0.120923212531434	0.096	0.108	1	STIM2	c3
0.110626052624276	0.120916633981206	0.065	0.072	1	ANKFY1	c3
9.37512055747799e-09	-0.120863259728251	0.157	0.197	0.000314422793256697	NDE1	c3
0.0172875695312187	0.120862770025409	0.093	0.107	1	MRPL39	c3
0.211586697461253	0.120828502973169	0.194	0.214	1	E2F4	c3
0.364546074261271	0.120728571472223	0.214	0.233	1	CYB5B	c3
3.02425220014127e-05	-0.120687605054952	0.057	0.073	1	GTF3C4	c3
1.00064378716358e-09	-0.120678863203808	0.246	0.304	3.35595913338923e-05	POLR2C	c3
0.521311827107528	0.12066274364392	0.011	0.012	1	LINC00893	c3
0.546511046656408	0.12063943634217	0.19	0.203	1	NCBP2-AS2	c3
0.000499934441787725	-0.120625717273787	0.037	0.048	1	TWSG1	c3
0.0793644038557572	0.120616827984073	0.115	0.128	1	GFM1	c3
0.16367079315933	0.12060146592128	0.386	0.408	1	DDX17	c3
6.48913877952398e-08	-0.120589502517044	0.182	0.223	0.00217632736387675	PRKCD	c3
0.503497251694387	0.120550959585321	0.052	0.055	1	IRF2BP1	c3
0.412141713946957	0.120353530905641	0.198	0.213	1	MFSD5	c3
0.372008426986951	0.120346967381992	0.217	0.236	1	HDAC2	c3
3.34644824347434e-06	-0.120250640248439	0.075	0.096	0.112233181189643	GPATCH3	c3
1.4680649484075e-05	-0.120212895966714	0.065	0.083	0.492359622396907	TLNRD1	c3
4.96918496519374e-06	-0.120204982408451	0.106	0.13	0.166656525362668	GATAD2A	c3
0.310444857047254	0.120164233716076	0.082	0.088	1	SYNGR3	c3
0.346729303275458	0.12009450495724	0.111	0.119	1	DUS3L	c3
6.72921151285006e-05	-0.120057383557336	0.036	0.048	1	FAM131A	c3
0.00461928065314631	0.120004465082723	0.112	0.13	1	CCNB1IP1	c3
0.0373860362617111	0.119996920303716	0.112	0.126	1	SDR39U1	c3
9.10856496451988e-08	-0.119943814659964	0.081	0.107	0.00305483051780068	TMX3	c3
0.0430559261251586	0.119923705365375	0.072	0.081	1	GMPPB	c3
0.000930456274095745	-0.119909452327504	0.021	0.028	1	WDR4	c3
0.00789539906890627	0.119892974448191	0.119	0.137	1	VHL	c3
0.000170935022483432	-0.119881912761679	0.053	0.067	1	CCDC141	c3
0.0609073949517685	0.119865941423617	0.098	0.11	1	SPRYD3	c3
0.350904752957719	0.119802975298783	0.191	0.207	1	MINOS1	c3
0.121471314171203	0.119751896032762	0.175	0.194	1	MRPL13	c3
0.00163387553549733	-0.119724896804623	0.017	0.024	1	LY75	c3
0.0128974505377595	0.119682726753568	0.039	0.047	1	ACAD9	c3
0.558948214100401	0.1196739389516	0.188	0.201	1	SFSWAP	c3
7.1664081731312e-06	-0.119588344321387	0.047	0.063	0.240346997310474	IMPAD1	c3
0.10649715641784	0.119561840292118	0.087	0.096	1	ZNF84	c3
0.117273416945811	0.119549072257329	0.098	0.108	1	GUCD1	c3
2.15493075717152e-09	-0.119545315991692	0.446	0.521	7.22720677340185e-05	RSL24D1	c3
1.42635081450817e-06	-0.119482472779511	0.077	0.099	0.0478369536169752	PDK3	c3
0.0076647782309294	0.119457025856907	0.07	0.083	1	RAD51C	c3
2.64114851622897e-05	-0.119427869505635	0.043	0.057	0.885788389372874	HABP4	c3
0.0833554260144578	0.119411514475178	0.034	0.039	1	NUDT14	c3
1.8864824765534e-05	-0.119405611075626	0.072	0.091	0.63268849298648	ZNF263	c3
0.0444475659609259	0.11937232185884	0.048	0.055	1	TMEM41A	c3
0.255248462055794	0.119362407950065	0.143	0.155	1	AGPAT2	c3
1.04145864820564e-11	-0.119333940985991	0.148	0.193	3.49284401435209e-07	RNF41	c3
0.0202836755321563	0.119295040445153	0.063	0.073	1	DHRSX	c3
0.120967791744355	0.11928192018045	0.048	0.053	1	C1orf216	c3
0.0313586363316091	0.119258872526356	0.066	0.076	1	GON7	c3
2.78860737018312e-10	-0.119135821529824	0.218	0.271	9.35243139812014e-06	USP8	c3
0.0647962607029018	0.119090368492444	0.107	0.12	1	TP53I13	c3
0.000194514671149377	0.118929709323965	0.505	0.516	1	MAT2B	c3
0.580640860131875	0.118534528895156	0.102	0.107	1	FAM117A	c3
0.0616082395028458	0.118507264454968	0.373	0.387	1	RANBP1	c3
9.89132405389107e-10	-0.118487338487378	0.21	0.26	3.31735226119399e-05	UBAP1	c3
0.025757234116767	0.118444303074519	0.058	0.067	1	WRAP53	c3
0.0598584043004618	0.11841317205894	0.085	0.095	1	DCAF10	c3
0.187927306233257	0.118385004518581	0.118	0.129	1	GPKOW	c3
2.54742053054427e-05	-0.118379877668379	0.073	0.091	0.854353897533937	NCOA2	c3
0.851480702422916	0.118309601829232	0.251	0.269	1	SREK1IP1	c3
0.261838238259042	0.118308867515849	0.16	0.173	1	PSMA3-AS1	c3
0.0164406090650274	0.118300501759798	0.441	0.462	1	CCT7	c3
0.159623386599344	0.118260441421579	0.203	0.223	1	ICE1	c3
0.382661250288955	0.118211694766378	0.195	0.21	1	CDK11B	c3
0.000276591354193829	0.118200831382736	0.499	0.511	1	ANXA11	c3
0.0782950069635159	0.118188409808152	0.056	0.063	1	POMT1	c3
0.0914992520750438	0.118124813068104	0.138	0.153	1	RNF25	c3
0.0488392024839182	0.118117522694769	0.413	0.432	1	YY1	c3
6.86688817543658e-10	-0.118102616190678	0.317	0.38	2.30301695627792e-05	METAP2	c3
9.17787821342376e-10	-0.118091957219096	0.404	0.473	3.07807679521806e-05	FKBP1A	c3
0.0628333284001716	0.11799466262766	0.141	0.157	1	MTG1	c3
0.0194370746846392	0.117978921116915	0.064	0.075	1	RPUSD2	c3
0.221842593084218	0.117953538902784	0.209	0.23	1	FAM50A	c3
0.0684411535237229	0.117935328389287	0.037	0.042	1	KLRC4-KLRK1	c3
0.0611915006166498	0.117901897266501	0.093	0.104	1	NAA35	c3
1.90065186360373e-08	-0.11789718006335	0.256	0.308	0.000637440622015418	CARHSP1	c3
0.136069368450748	0.117849137276099	0.155	0.171	1	SMIM10L1	c3
0.0632470189656044	-0.117812863834636	0.008	0.01	1	CABLES2	c3
4.04390372298675e-06	-0.117682038239059	0.085	0.107	0.13562444306153	PRPF39	c3
0.068791667713561	0.11767099708503	0.051	0.058	1	PPP1R12C	c3
0.115507590964554	0.117626529101161	0.331	0.343	1	RRAGC	c3
0.000346889035808868	-0.117619025426871	0.033	0.044	1	AC011603.2	c3
0.170680063650306	0.117602440949341	0.077	0.084	1	ZNF224	c3
0.00182552982499571	0.117542881535763	0.493	0.51	1	NOP10	c3
2.97015518484079e-06	-0.117490876380168	0.057	0.075	0.0996130645891905	SUN1	c3
0.246591419991749	0.117361434846459	0.18	0.195	1	KMT2C	c3
5.35940114058294e-09	-0.117313418353082	0.275	0.331	0.000179743595452871	COPA	c3
4.22187315591981e-05	-0.117281702510735	0.542	0.592	1	RALA	c3
0.0626796440267148	0.117244470276671	0.124	0.138	1	DDX42	c3
0.111994929486321	0.11703440191084	0.169	0.188	1	SNX5	c3
0.266653828833743	0.11700021902509	0.098	0.106	1	RBM15B	c3
4.90252780283402e-08	-0.116967529318553	0.312	0.372	0.00164420977451447	DR1	c3
5.39900195917468e-06	-0.116910252134543	0.04	0.055	0.1810717277068	PVT1	c3
0.0123937083450551	-0.116886176522937	0.022	0.027	1	SOCS5	c3
0.784404566097542	0.116878111312187	0.268	0.289	1	ZC3H7A	c3
2.58824790450127e-05	-0.116823129137672	0.066	0.084	0.868046582211637	SAMD4B	c3
0.176210457928154	0.116801778863898	0.011	0.013	1	PTPDC1	c3
5.41338379823541e-09	-0.116790543533931	0.17	0.212	0.000181554065825219	MED19	c3
5.36916777025484e-06	-0.116762653320924	0.073	0.093	0.180071148678807	PDLIM5	c3
0.527698392755456	0.116743818538271	0.312	0.342	1	ACP1	c3
0.15822309820835	0.116730051095545	0.152	0.167	1	CUL5	c3
0.100328457259321	0.116699647615699	0.13	0.143	1	RIPK1	c3
0.246821220189356	0.116661421676664	0.152	0.164	1	ARHGEF7	c3
0.0343771790040172	0.116616406570273	0.024	0.03	1	C11orf80	c3
3.29690670007525e-07	-0.116596020599008	0.109	0.138	0.0110571656907124	NAA15	c3
0.848193199826318	0.116589112685765	0.19	0.196	1	CA5B	c3
0.135052442814257	0.116512457921637	0.159	0.175	1	C1orf174	c3
2.41037187860325e-08	-0.116464208740735	0.067	0.091	0.000808390520645959	THG1L	c3
0.00552416041717464	0.116402244820332	0.411	0.417	1	ARPC1B	c3
0.0206570614113021	0.116287307342626	0.061	0.07	1	CHD1L	c3
0.144229490134858	0.116262127568842	0.022	0.025	1	AC005332.5	c3
0.261227301872759	0.116262055147274	0.05	0.054	1	PARP10	c3
0.0109277239111558	0.116260282952385	0.469	0.491	1	BRK1	c3
0.0397961056328042	-0.116078423315974	0.01	0.013	1	RFNG	c3
0.129677451664401	-0.116051591883844	0.008	0.01	1	ABCD1	c3
0.165084424914285	0.115960303455484	0.203	0.222	1	SENP6	c3
2.17251830700278e-24	-0.115915512559556	0.995	0.993	7.28619189802591e-20	RPS18	c3
0.00020021149535291	-0.115737298148491	0.032	0.043	1	PATL2	c3
0.0269746908702289	-0.115684362699779	0.032	0.038	1	GZF1	c3
0.147576525285553	0.11568391085966	0.06	0.067	1	ARFGEF2	c3
0.265292301384286	0.11553689305923	0.11	0.119	1	INPP5D	c3
0.315609689815261	0.115524005997689	0.147	0.158	1	PHF23	c3
0.0761439086678916	0.115381940386419	0.415	0.432	1	IFI16	c3
2.54928643642279e-08	-0.115375466772401	0.097	0.126	0.000854979685047474	IPO5	c3
1.4991381646504e-09	-0.115298521570784	0.504	0.572	5.02780957660452e-05	EIF3E	c3
0.107290815092939	0.115287961217493	0.062	0.069	1	NUP88	c3
4.87447079874853e-07	-0.115232521657304	0.073	0.095	0.0163480001648428	DCUN1D1	c3
1.7087513486088e-05	-0.115196215344715	0.076	0.095	0.573081027296419	PGRMC2	c3
0.25185596658343	0.115195186217777	0.014	0.016	1	ZSCAN29	c3
9.68486100196545e-10	-0.11516281450372	0.162	0.205	3.24810868283917e-05	OTULIN	c3
7.09745887682649e-07	-0.115145922798011	0.076	0.098	0.0238034575811007	PTAR1	c3
0.25263851589112	0.115132617825318	0.101	0.109	1	SCAMP4	c3
0.0022202276539332	0.115131506088767	0.484	0.502	1	ATP5PB	c3
3.28883100871941e-06	-0.115129296673394	0.12	0.147	0.110300814370432	PPTC7	c3
0.0991170513833767	0.115100076142035	0.162	0.179	1	PPP2R5A	c3
0.0537477851160505	0.115097639340604	0.096	0.108	1	SETD3	c3
1.25097670146515e-08	-0.115086076923837	0.102	0.133	0.000419552566137382	OTUD5	c3
0.0935517894985607	0.115053041638601	0.066	0.073	1	PCGF6	c3
0.0631408261424108	0.115039201623929	0.114	0.127	1	PHKG2	c3
2.06478048103653e-07	-0.114996877328817	0.325	0.384	0.0069248607773003	PNRC2	c3
0.0339434148537594	0.11498291679326	0.084	0.095	1	STX6	c3
0.412030832280296	0.114927294076084	0.04	0.042	1	ZNF570	c3
4.22100319522994e-07	-0.114910782184138	0.491	0.554	0.0141564005161622	SLC38A1	c3
0.659415388393582	0.114907719455225	0.142	0.149	1	ATG2A	c3
0.0490131021501096	0.114884517982188	0.053	0.061	1	SPIDR	c3
0.0668299780802877	-0.114809357650119	0.012	0.016	1	TNKS1BP1	c3
0.00404178106846732	-0.114808055407324	0.016	0.022	1	NBPF9	c3
0.0828114734913458	0.114780056665263	0.455	0.487	1	PPP2R1A	c3
1.20322849375625e-06	-0.114752574207102	0.097	0.121	0.0403538772235971	LEMD3	c3
0.14038109428601	0.114752191264155	0.117	0.128	1	ZNF217	c3
0.649522709284213	0.114683171245495	0.263	0.276	1	RNF4	c3
0.00119846686417309	-0.114659302876081	0.026	0.034	1	TTC38	c3
0.290673649427361	0.114596774883345	0.219	0.24	1	NHP2	c3
0.0740747390000819	0.114590782188593	0.031	0.036	1	LIMK1	c3
0.0660819611750394	0.114509463346801	0.059	0.067	1	MON1A	c3
9.01537073643747e-08	-0.11449221925652	0.15	0.186	0.0030235750375864	MKLN1	c3
0.0586501523578388	0.114391827472686	0.099	0.11	1	IFIH1	c3
0.264098841324192	0.114352261410731	0.205	0.224	1	CDK12	c3
0.19365757791411	0.114322273772813	0.024	0.027	1	ZNF773	c3
7.32130281810117e-05	0.114266759143303	0.541	0.555	1	PSMB3	c3
0.379442562644373	0.114176803669452	0.233	0.254	1	RFC1	c3
0.252777357179273	0.114144361675386	0.032	0.035	1	ANO9	c3
0.0004141582635682	-0.114062263421151	0.021	0.03	1	SERPINB6	c3
0.865750107294296	0.114053576680317	0.27	0.29	1	PRPF6	c3
1.86941586006444e-06	-0.11404613996277	0.554	0.598	0.0626964691148412	ANP32B	c3
4.18010343406485e-06	-0.11401429215625	0.075	0.095	0.140192308971667	PAXBP1	c3
2.21616122000274e-06	-0.113969770495322	0.067	0.087	0.0743256149964521	UNC119	c3
0.0117245919913264	0.113888083616273	0.09	0.104	1	NAA10	c3
7.7394874282479e-08	-0.113718375217219	0.329	0.386	0.00259566929368578	AAED1	c3
2.85772259274323e-10	-0.11366925393289	0.155	0.198	9.58423003154225e-06	SREBF2	c3
0.105919868869088	0.113617858105347	0.077	0.086	1	ANKRA2	c3
0.0543929311819334	0.113598356721577	0.147	0.163	1	HK1	c3
0.396663827581218	0.113549746031062	0.087	0.092	1	UPF1	c3
0.172715369750911	0.113499102876454	0.068	0.075	1	DDX55	c3
0.00657128213890073	0.113434256218375	0.471	0.488	1	RTF1	c3
1.64059527975512e-11	-0.113382223610985	0.166	0.213	5.50222844924274e-07	GLTP	c3
0.368711056797095	0.113381525277912	0.068	0.073	1	CTC1	c3
0.635322238183424	0.113320255593342	0.165	0.174	1	TMEM170A	c3
0.118737910070253	0.113313630908044	0.096	0.105	1	HCFC1	c3
0.10605889212838	0.113308102542829	0.136	0.15	1	BLCAP	c3
1.72664825809545e-06	-0.113281400212628	0.064	0.084	0.0579083292800054	TMEM185B	c3
1.95955240273432e-10	-0.113217460741664	0.143	0.185	6.57194684829036e-06	ASB1	c3
0.189155771174761	0.113200219617513	0.044	0.048	1	ZNF180	c3
1.55296444546722e-07	-0.113174862394167	0.39	0.453	0.00520833215720797	SF3A1	c3
0.0332900706419294	0.113169613056739	0.161	0.182	1	CHCHD1	c3
0.384399547376186	0.113160218872682	0.06	0.064	1	SGPL1	c3
0.130322926855704	0.113055766527318	0.022	0.026	1	ZNF771	c3
0.0630680719452371	0.113009169636347	0.045	0.052	1	GPR89A	c3
0.00273523910414854	-0.112950850452263	0.038	0.047	1	TMEM200A	c3
3.39154749680001e-09	-0.112687675510986	0.221	0.271	0.000113745719947679	MUC20-OT1	c3
0.00255833019497571	-0.112676307731456	0.027	0.035	1	AC098484.3	c3
2.54194077024653e-06	-0.112624553189461	0.183	0.218	0.085251609552528	SIK3	c3
0.0813190515991068	0.112579300464417	0.164	0.182	1	PPP6R2	c3
0.0600958257581275	0.112512509199127	0.086	0.096	1	GPATCH2	c3
0.114426671718924	0.112499348761195	0.028	0.032	1	HSDL2	c3
0.253121383501891	0.112448076861773	0.028	0.031	1	ZNF397	c3
0.0357396895654422	0.112445990432229	0.047	0.054	1	METTL2A	c3
0.0159023070902464	0.112327407145647	0.432	0.448	1	SNX6	c3
0.250073905837499	0.112245366845207	0.369	0.389	1	ACAP1	c3
0.0649144988781301	0.112238752731652	0.134	0.149	1	C7orf50	c3
0.179009532921575	0.112201094172584	0.034	0.038	1	MIER2	c3
0.566426228814588	0.112192880653206	0.018	0.019	1	CNNM3	c3
2.29737113602306e-19	-0.11218774397418	0.986	0.985	7.70492331599412e-15	SARAF	c3
1.72072948374546e-09	-0.112142830494349	0.136	0.175	5.77098254258552e-05	DNAJC21	c3
0.0284572879849286	0.112124701555476	0.159	0.179	1	TSTA3	c3
0.185903066840518	0.112116115920448	0.145	0.159	1	ATL3	c3
2.35689826947916e-07	-0.112106153938354	0.403	0.465	0.00790456541617919	KIF5B	c3
0.0634899479963269	0.112077296261186	0.094	0.105	1	TSPAN17	c3
0.280841733921044	0.111962610168931	0.206	0.226	1	TIMM8B	c3
0.0396337699990072	0.111924805756997	0.144	0.162	1	RSU1	c3
0.000555769737248151	0.111862192900682	0.045	0.057	1	PMS2	c3
3.86955740376983e-06	-0.111796794298647	0.072	0.093	0.129777216207632	AEBP2	c3
0.0700784647099802	0.1117699796674	0.14	0.156	1	TOMM40	c3
0.000384619664809322	-0.111616765910362	0.06	0.074	1	STARD10	c3
0.180232249000106	0.111561213358411	0.039	0.043	1	PRKCZ	c3
0.272697066031844	0.111537369626423	0.353	0.375	1	PSMD9	c3
0.00854094498506859	0.111530037527164	0.427	0.442	1	SNX3	c3
0.232967855032813	0.111526081803741	0.053	0.057	1	GIT1	c3
0.0839466627879981	0.11143326823995	0.073	0.082	1	SLC37A3	c3
3.96181272668299e-05	-0.111411050719371	0.054	0.07	1	SLFN11	c3
0.0127664814236527	0.111402152791654	0.034	0.042	1	TTN-AS1	c3
2.25562014407902e-10	-0.111350710039698	0.232	0.288	7.5648988392122e-06	PSMD14	c3
8.66610095876693e-07	-0.111326108269772	0.304	0.352	0.0290643693955125	DNAJC9	c3
0.0516450525760738	0.111270448754931	0.038	0.044	1	PLEKHG1	c3
0.367577403974957	0.111259146635721	0.037	0.04	1	SLC9A3	c3
3.57547371498257e-05	-0.111257229144113	0.068	0.086	1	GOLGA8B	c3
0.883400169263787	0.111221014962891	0.24	0.256	1	RNF216	c3
0.202298099203118	0.111199640242733	0.055	0.06	1	RASSF3	c3
0.451528584702109	0.111087460874529	0.212	0.229	1	PTOV1	c3
0.169073580300435	0.111080476912885	0.053	0.059	1	NEK4	c3
0.00330744751203952	-0.111072534565228	0.018	0.024	1	MAN2A2	c3
4.56608592846184e-05	-0.111033999084425	0.054	0.07	1	ZNF567	c3
0.0179456826095608	0.110927719571908	0.043	0.051	1	WRN	c3
0.114551016633504	0.110880226416468	0.113	0.124	1	WRB	c3
0.0109765404318581	0.110806116872755	0.482	0.503	1	SELENOT	c3
0.0121948945645261	0.110798596198522	0.082	0.096	1	NOP14-AS1	c3
0.540248042388326	0.110769077293052	0.177	0.189	1	NOL11	c3
0.208561272866489	0.11063790650436	0.368	0.385	1	MANF	c3
0.182309641937245	0.110634714591977	0.141	0.154	1	ATAD1	c3
0.212660861377216	0.110605180142903	0.134	0.146	1	KAT7	c3
7.68328834631236e-07	-0.110598213432098	0.224	0.265	0.0257682124558624	HIPK1	c3
0.0181437195258735	0.110566140223107	0.08	0.092	1	POGLUT1	c3
0.374152384731038	0.110414333612065	0.251	0.273	1	TNFRSF14	c3
0.000803685056531146	0.110409004192475	0.038	0.049	1	G6PC3	c3
4.63721789331273e-08	-0.110394798204666	0.203	0.248	0.00155523013705922	GRPEL1	c3
0.000423796543908102	0.110373912967301	0.036	0.047	1	HADH	c3
0.576476521967913	0.110300385800306	0.33	0.352	1	KIF2A	c3
0.0182958533502665	0.110251785142612	0.039	0.046	1	FTX	c3
0.400047739202143	0.110238533276095	0.387	0.411	1	C4orf3	c3
0.407165182985208	0.110136496909032	0.293	0.306	1	CCND3	c3
0.189597166037478	0.110124223894244	0.018	0.021	1	LINC01358	c3
0.177316341382757	0.110043075566063	0.169	0.185	1	ESCO1	c3
2.95777506773938e-05	-0.110037736847942	0.081	0.1	0.991978602218432	HELB	c3
7.11283047833921e-06	-0.110013592093182	0.028	0.04	0.23855010858254	FIGNL1	c3
0.0120114170541233	0.109930555373023	0.125	0.143	1	ZNF580	c3
0.208211704730995	0.109926637479529	0.021	0.024	1	ASPHD2	c3
0.00404350541729326	0.109840224181068	0.061	0.074	1	COMMD3	c3
0.000501904390157136	-0.109836427876805	0.049	0.061	1	ZNF274	c3
0.206902290371047	0.109817543555876	0.031	0.035	1	TRAPPC9	c3
0.000839096747964702	0.109781164415581	0.533	0.548	1	PA2G4	c3
0.0817462209665614	0.10977307582022	0.393	0.414	1	PSMC5	c3
8.35858122079585e-09	-0.109721846985464	0.208	0.256	0.000280330096983051	TARS	c3
0.192808584116839	0.109688139587756	0.056	0.061	1	PHF8	c3
1.3577209680129e-20	-0.109666319059666	0.967	0.97	4.55352458252166e-16	RPL22	c3
9.36196980416188e-06	-0.109652660544594	0.068	0.088	0.313981743291981	ERO1A	c3
0.0448018660079021	0.109630076930073	0.102	0.115	1	JPX	c3
0.224215515957222	0.109608684276569	0.064	0.07	1	USP32	c3
0.00548082199220069	0.109566687109102	0.059	0.071	1	RPS6KA1	c3
0.0147045523544248	0.109563635451269	0.073	0.084	1	MKNK1	c3
0.137894766151948	0.109554724820011	0.02	0.023	1	AL669831.5	c3
0.0017711833862264	0.109497847727797	0.11	0.13	1	AL662899.2	c3
0.199906139344966	0.109497367923222	0.032	0.035	1	AC131971.1	c3
0.224663443810302	0.109456981386901	0.236	0.26	1	PDAP1	c3
7.40197480239291e-27	-0.109423638041796	0.998	0.997	2.48247430922653e-22	RPS3A	c3
0.280774271932491	0.10940225430173	0.395	0.417	1	DYNC1H1	c3
0.164170592854259	0.109400716317364	0.1	0.109	1	SNX27	c3
0.00236741768639012	-0.109348121677937	0.011	0.017	1	APOM	c3
2.65991616545446e-08	-0.109325684669651	0.424	0.493	0.000892082683570117	PAFAH1B1	c3
0.149331967579714	0.109287393712868	0.234	0.261	1	MRPL9	c3
0.052650969416483	-0.109284789781182	0.008	0.011	1	ACTR3C	c3
0.0525286031616569	0.10927242874869	0.057	0.065	1	CES2	c3
0.130567718763405	0.10923807888575	0.048	0.054	1	TRIM25	c3
0.111726351916136	0.109224769257241	0.037	0.042	1	MANBAL	c3
0.731489585339754	0.109198781580193	0.239	0.249	1	PDXDC1	c3
0.0221840415406569	0.109013585129631	0.043	0.05	1	HMBOX1	c3
0.00218624640485094	0.108991024487992	0.471	0.478	1	ITGB1	c3
0.222986382791129	0.108973423555232	0.116	0.126	1	GNB5	c3
0.0645875475506794	-0.108930744077514	0.008	0.011	1	MFSD13A	c3
0.000574714408685558	-0.10889830135799	0.849	0.87	1	PNRC1	c3
0.00133855523085365	-0.108880033289355	0.591	0.627	1	PPM1G	c3
0.0921288411826275	0.108853990871378	0.037	0.042	1	POLR1B	c3
0.436442107903524	0.108795504045379	0.377	0.403	1	TXNDC17	c3
0.097265776629053	0.108767543056424	0.06	0.067	1	TAOK2	c3
0.0271031276553913	0.108700722446205	0.099	0.113	1	NR2C2AP	c3
8.74778290123714e-05	-0.108691520024264	0.024	0.034	1	TRIP6	c3
0.081113039154945	0.108656479826731	0.41	0.431	1	TMED10	c3
0.322909239723653	0.108625774589296	0.09	0.096	1	ADAM8	c3
0.0173068564701681	-0.108612073555382	0.02	0.025	1	FOXO4	c3
1.15415618762868e-09	-0.108480035679394	0.882	0.897	3.87080902206907e-05	CALM2	c3
1.63974188488336e-06	-0.10840912733621	0.08	0.103	0.0549936633352181	VPS13A	c3
8.9400195566433e-11	-0.1083537375461	0.225	0.28	2.99830375890703e-06	CCDC59	c3
0.02649582227846	0.108335078344862	0.008	0.011	1	CEP57L1	c3
1.42734253289445e-08	-0.108323845643059	0.137	0.174	0.000478702138682142	EBP	c3
3.85144325486003e-06	-0.108291438039002	0.111	0.137	0.129169703881496	LMNB1	c3
0.293666304592764	0.108227299533306	0.027	0.03	1	TMEM168	c3
0.00186384772842761	-0.108209857699173	0.018	0.025	1	UHRF1BP1	c3
0.0517428520182212	0.108196505219796	0.032	0.038	1	HLA-DQB2	c3
0.05391613560126	0.108187841944162	0.166	0.186	1	MRPL27	c3
0.0617177156027589	0.108083425402606	0.039	0.045	1	SLC15A4	c3
0.0474508984142923	0.10807619996995	0.007	0.01	1	MDK	c3
0.156297984237777	0.108063285141328	0.018	0.016	1	TRBV6-1	c3
0.0828977429547985	0.108052971188827	0.095	0.105	1	NOL9	c3
5.47190371365654e-09	-0.108037457146552	0.208	0.255	0.000183516706748613	PTPN7	c3
0.0646382057177648	0.108003602618874	0.013	0.016	1	VPS37C	c3
0.0355996407255639	0.107988512252213	0.052	0.06	1	RRS1	c3
1.80461547849838e-07	-0.107987461922672	0.38	0.441	0.00605231939178786	CAMLG	c3
0.215040903768983	0.107979175221212	0.038	0.042	1	TTLL4	c3
0.735927214321491	0.10797247053111	0.295	0.311	1	CIR1	c3
0.058475387077771	0.107963202098992	0.151	0.168	1	DHX29	c3
0.0415189704904397	0.107953066153403	0.106	0.119	1	CHMP4A	c3
0.000487268353999558	0.107914838192677	0.534	0.55	1	RALY	c3
2.80695908335566e-08	-0.107884068374293	0.135	0.17	0.000941397937375821	USE1	c3
0.0988611455291344	0.107868472736223	0.171	0.189	1	ZNF146	c3
0.0194083667457683	0.107803978563926	0.106	0.121	1	ECHS1	c3
0.261240463432409	0.10775610525548	0.056	0.06	1	FOXK2	c3
0.000436024998633949	-0.107755290795239	0.566	0.604	1	SYTL3	c3
0.0488911544505826	0.107703587306232	0.101	0.113	1	LONP2	c3
0.0259123500582806	-0.107696464612968	0.008	0.012	1	C2CD4D	c3
1.25100226882931e-18	-0.10763737395926	0.987	0.985	4.19561140919975e-14	RPL3	c3
0.0366783493364157	0.107631504209991	0.1	0.113	1	ING5	c3
0.067172323446445	0.107451379037266	0.021	0.025	1	SHISAL2A	c3
6.14076933207475e-06	-0.107450893432963	0.076	0.096	0.205949121859123	ZNF654	c3
0.0535655861426365	0.107400528510086	0.022	0.027	1	TRUB1	c3
5.4680236078366e-09	-0.107385173010702	0.122	0.157	0.000183386575759624	RNF139	c3
0.00642870903454999	-0.107352538486159	0.022	0.028	1	PGBD2	c3
0.000872882562584299	0.107349558207879	0.559	0.576	1	TAX1BP1	c3
1.71124863855777e-07	-0.107330497126946	0.175	0.213	0.00573918568399506	OXNAD1	c3
1.38909271563692e-05	0.107316000932539	0.594	0.608	0.465873914970309	PPP4C	c3
0.0143069446572031	-0.107282056737819	0.008	0.011	1	GSDMB	c3
0.00266470362590927	-0.107171568492163	0.012	0.017	1	AC137767.1	c3
9.43311853637395e-05	-0.107108911710268	0.063	0.079	1	BNIP3	c3
0.111718120964468	0.107096297801272	0.072	0.08	1	COG5	c3
0.0209311638446837	0.107083469313473	0.186	0.211	1	TIMM10	c3
1.44377790266545e-05	-0.107082405974134	0.076	0.096	0.484214232995939	CHUK	c3
0.129289418000786	0.107048691996918	0.158	0.173	1	CRKL	c3
8.38304502759088e-11	-0.106961104958409	0.692	0.75	2.81150564135343e-06	CDC42	c3
0.166143496467691	0.106928084877453	0.402	0.422	1	ARL6IP4	c3
6.20270832460557e-05	-0.106893836813868	0.032	0.044	1	TIMM8A	c3
0.000311340986876786	-0.106867497807153	0.068	0.083	1	SIPA1	c3
0.00568569853220969	-0.106848593914595	0.028	0.036	1	STRBP	c3
0.0708502076923473	0.106760453571039	0.063	0.07	1	EMC1	c3
0.0877853058738072	0.106559797359993	0.078	0.087	1	LRIF1	c3
0.427272122943354	0.10646779336949	0.199	0.201	1	BCL2L11	c3
5.66294201842775e-05	-0.106370950309381	0.057	0.073	1	TAB3	c3
0.20838643275929	0.106331971754313	0.391	0.413	1	SRPRA	c3
0.000177337277952812	-0.106311921665681	0.345	0.383	1	FOXP1	c3
0.26655477171265	0.106302969996274	0.393	0.417	1	DPP7	c3
6.22295461590172e-08	-0.106291423007155	0.184	0.225	0.00208705451908112	GPN1	c3
0.10943847497318	0.106282574060188	0.036	0.041	1	RPTOR	c3
1.14573440800198e-08	-0.106257030903385	0.296	0.356	0.000384256405755704	ABI1	c3
0.102755309538117	0.106245550843901	0.02	0.023	1	MIEF2	c3
0.0135201711493007	0.106239381747133	0.04	0.048	1	NDRG3	c3
0.0627814247668605	0.106211408712392	0.007	0.01	1	AC104078.1	c3
0.140583714913817	0.106195300352595	0.028	0.032	1	GALNS	c3
0.113351113598921	0.106192226909078	0.215	0.239	1	TAF11	c3
0.158657329185728	0.10619183196131	0.049	0.054	1	RANBP6	c3
0.214104657774943	0.106097383005548	0.012	0.015	1	GTF2H4	c3
0.131090405578546	0.106093098124377	0.159	0.175	1	PRPF19	c3
2.42877428422501e-13	-0.106080592881038	0.975	0.969	8.14562319443384e-09	RPSA	c3
0.0964116604825017	0.106058087464957	0.057	0.063	1	PMF1	c3
1.43391666915453e-05	-0.106030238049067	0.047	0.062	0.480906972501045	MAP3K4	c3
0.00598397848778063	-0.105990053884098	0.018	0.024	1	FAM161B	c3
0.507007517229677	0.105953752639242	0.214	0.23	1	CERS2	c3
0.27715849627217	0.105772080805071	0.142	0.153	1	PAFAH1B2	c3
1.62653564230533e-07	-0.105743096266418	0.161	0.197	0.00545507523716362	TGS1	c3
0.000813798355049117	0.105687805302905	0.524	0.529	1	ITK	c3
4.33439531378855e-06	-0.105623384728535	0.052	0.069	0.14536695003384	CEP83	c3
2.08226360521966e-08	-0.105569902872911	0.066	0.09	0.000698349567918571	TEN1	c3
6.39415719323507e-08	-0.105548967874392	0.558	0.626	0.00214447243946718	SF1	c3
5.12539935347619e-11	-0.105547642730869	0.206	0.261	1.71895643516884e-06	TFIP11	c3
0.0109741378301955	0.105481416349838	0.118	0.136	1	DDX49	c3
0.144347930089339	0.105376037015498	0.135	0.148	1	USO1	c3
0.0402634590645415	0.105338939999291	0.097	0.109	1	DENND1B	c3
0.356490298248061	0.105290507183029	0.322	0.34	1	TRAPPC4	c3
0.120704651180293	0.105272555227073	0.148	0.162	1	LRRC8C	c3
0.0680847418148464	-0.105247156210754	0.007	0.01	1	TIGD6	c3
0.0440616300920292	0.105220621274782	0.481	0.507	1	UBE2L3	c3
0.50245092068808	0.105150990966268	0.339	0.362	1	CCDC85B	c3
0.131642035384078	0.10511215632057	0.192	0.211	1	YAF2	c3
0.00022092696430091	-0.105109022689837	0.058	0.073	1	ING1	c3
1.57756994834773e-07	-0.105107721309637	0.354	0.414	0.00529085409276862	RTN4	c3
0.0161148544666833	0.105098981022548	0.109	0.124	1	CNP	c3
0.0660622385656136	0.105083514410709	0.127	0.141	1	ESS2	c3
0.724827086737252	0.105032935268222	0.229	0.245	1	ZC3H18	c3
5.4391238458749e-08	-0.104971247638314	0.2	0.244	0.00182417335542952	NRAS	c3
6.83815336186719e-06	-0.10493420819873	0.117	0.143	0.229337987450302	IPCEF1	c3
0.116693605478489	-0.104922318664364	0.588	0.604	1	TXN	c3
0.067472072838206	0.104897232558726	0.111	0.123	1	BCOR	c3
1.39050757867523e-10	-0.104813952300256	0.261	0.322	4.66348431736099e-06	RTN3	c3
0.10684679343747	0.104796776738101	0.09	0.1	1	SLC27A2	c3
0.0055002542859629	0.104791386337154	0.495	0.51	1	MZT2B	c3
0.2021220885739	0.104747124662362	0.01	0.012	1	AC078785.1	c3
8.0162397883634e-06	-0.104716375749719	0.066	0.084	0.268848650022132	CDKN2D	c3
0.133495747447064	0.10471200695832	0.081	0.089	1	MYSM1	c3
5.60532896851957e-10	-0.104710351471601	0.21	0.262	1.87991522946209e-05	MKRN1	c3
1.12251104970673e-08	-0.104697645873207	0.154	0.193	0.000376467755850642	TM9SF1	c3
1.72410347387447e-05	-0.104686418567906	0.195	0.228	0.578229823068019	PNMA1	c3
8.89499890260554e-05	-0.104661887451559	0.024	0.034	1	ST7	c3
0.0201611187768299	0.10462807110203	0.442	0.457	1	PDIA6	c3
0.0957717977147129	0.104604406993589	0.084	0.093	1	TMEM41B	c3
0.040183785162603	0.104590026462322	0.114	0.128	1	REXO4	c3
0.0111129884857878	0.104577374524304	0.069	0.08	1	MCAT	c3
0.034950518505153	0.104547153587748	0.063	0.072	1	SETDB1	c3
0.172601183071039	0.10450105527848	0.187	0.206	1	BIRC6	c3
0.356095242408076	0.104463245287934	0.009	0.011	1	NUBPL	c3
0.00274737213525871	0.104425055995163	0.065	0.078	1	PYROXD1	c3
5.54276383182895e-09	-0.104393663030006	0.213	0.261	0.000185893213391879	ZBTB43	c3
0.0136457133375412	0.104389958064861	0.122	0.14	1	BTBD1	c3
0.102569317063425	0.104385531649246	0.213	0.238	1	TRNAU1AP	c3
0.135069070270451	-0.10437465831474	0.143	0.153	1	TNFSF4	c3
0.232067259986872	0.10436279865667	0.207	0.226	1	SETD5	c3
0.000535800589040788	-0.104306393327812	0.035	0.045	1	DSTYK	c3
0.135642736635414	0.104273119289132	0.021	0.024	1	CD101	c3
0.0818587236780538	0.104216624871592	0.435	0.457	1	RNF7	c3
0.0717733159888747	0.104128673927163	0.379	0.386	1	PLEC	c3
0.284624732677962	0.10411861465361	0.018	0.02	1	GTPBP2	c3
0.13421751477991	0.10408422318783	0.008	0.01	1	AC016727.1	c3
0.367683484164753	0.104009937419374	0.189	0.204	1	PUM2	c3
0.0757175299097173	0.103958188283485	0.096	0.107	1	NSMAF	c3
3.87556167241469e-09	-0.103951657840715	0.266	0.325	0.000129978587369444	BUD23	c3
0.114042146180646	0.103882681382715	0.019	0.023	1	NARS2	c3
0.0435700639385395	0.103850362837015	0.146	0.164	1	RWDD4	c3
0.492106717866649	0.10379258723985	0.366	0.393	1	GTF2A2	c3
6.99581083217751e-10	-0.103763101232591	0.09	0.121	2.34625503689569e-05	RIPOR2	c3
2.62605708442061e-06	-0.10374522152953	0.134	0.163	0.0880727024972985	TLE3	c3
8.25794578364531e-05	0.103689282310047	0.595	0.611	1	WDR83OS	c3
0.46828002280747	0.10368111165158	0.011	0.012	1	CD68	c3
0.231231629892245	0.103590932815269	0.204	0.223	1	SP140	c3
0.0403203929693071	-0.103582540596272	0.018	0.023	1	CEP112	c3
0.273696019671071	0.103553235271502	0.153	0.165	1	TFPT	c3
0.0250736576112373	0.10352435124623	0.143	0.163	1	LYPLA1	c3
0.000156102900141797	-0.103485046167355	0.031	0.042	1	MORN2	c3
0.00104059173718101	-0.103471857026034	0.046	0.058	1	RAB33B	c3
0.266065174825655	0.103469976054714	0.017	0.019	1	CCDC7	c3
0.179173785070954	0.103436613499892	0.019	0.021	1	FANCM	c3
0.042583525649846	-0.10340629851436	0.029	0.034	1	TRBV18	c3
0.0154571455876535	0.103382440786079	0.046	0.055	1	THAP9-AS1	c3
0.171655972740061	0.103338544906147	0.062	0.068	1	EXOC6	c3
0.0356531753133275	0.1033142307868	0.06	0.069	1	UBE3B	c3
0.0106002981307229	0.103293518305281	0.072	0.084	1	CHMP6	c3
0.00020356552600846	-0.103230995709564	0.066	0.081	1	FAM222B	c3
0.425905659322712	0.103207747532961	0.242	0.248	1	CMIP	c3
3.18684140130215e-06	-0.103199820609119	0.105	0.131	0.106880286916871	DIS3	c3
0.000199297880101163	-0.103189720525647	0.062	0.076	1	KIF5C	c3
0.17976951174187	0.103178828389861	0.194	0.213	1	CS	c3
1.45639947311818e-07	-0.10315901729864	0.234	0.28	0.00488447255294375	ANP32E	c3
0.0574311313440531	0.103134058908206	0.126	0.14	1	BMS1	c3
7.31554703154732e-06	0.103103571578168	0.574	0.564	0.245348816344034	CTSW	c3
1.30384951936395e-05	0.103101112538948	0.648	0.657	0.437285051804281	NDUFA4	c3
9.27421585378628e-28	-0.102969561254924	0.999	0.997	3.11038651304284e-23	RPS13	c3
0.451843282249292	0.102963577624007	0.016	0.017	1	AC007388.1	c3
0.203627371277178	0.102947114134025	0.012	0.014	1	MKL2	c3
0.000692493194189671	-0.102844481793488	0.042	0.053	1	TPMT	c3
0.87588803525246	0.102732520030126	0.307	0.329	1	TXNL4A	c3
0.830828237520175	0.102728767807689	0.341	0.369	1	HADHA	c3
0.725712797962087	0.102697045290427	0.335	0.36	1	SERINC3	c3
0.100422780916822	0.102678067139006	0.172	0.19	1	CSNK2A1	c3
0.0220780539077519	0.102609154000219	0.083	0.095	1	MON1B	c3
1.83849720449067e-06	-0.102523977775431	0.057	0.076	0.0616595192442083	SNX14	c3
0.994501165558491	0.102456977482678	0.021	0.021	1	GPR15	c3
0.173009581027171	0.102448300660425	0.194	0.213	1	UHMK1	c3
0.00826401013141696	0.102379479289924	0.473	0.493	1	SRSF4	c3
2.46067988243792e-06	-0.102294351060053	0.05	0.068	0.0825262818972028	IZUMO4	c3
6.69316255386e-05	-0.102224285574002	0.081	0.1	1	SUSD6	c3
1.0479542331165e-05	-0.102210457065052	0.055	0.072	0.351462890702612	NDUFAF5	c3
0.0803039907970904	0.102209324888461	0.135	0.15	1	FTSJ3	c3
0.0254235723158212	0.102201263975651	0.131	0.148	1	SLC4A1AP	c3
0.104750014211997	0.102178983213623	0.012	0.015	1	PGAP3	c3
0.579927966230041	0.102152238034522	0.31	0.337	1	PRPF8	c3
0.0790412676899793	0.102052937812265	0.016	0.019	1	TRMT5	c3
0.0743222979129926	0.102022753857786	0.076	0.085	1	RNGTT	c3
0.0372205972156557	-0.102007146714431	0.013	0.017	1	ZNF783	c3
0.979078552879943	0.101987384271304	0.319	0.343	1	SIRT2	c3
0.531328639636545	0.101983290378198	0.021	0.022	1	RORC	c3
0.900587063985202	0.101951453152886	0.244	0.258	1	AC004687.1	c3
2.19426866953414e-10	-0.10186311431147	0.161	0.207	7.35913826388361e-06	TMEM167A	c3
3.22437074613782e-06	-0.101824284391899	0.094	0.117	0.10813894608397	POFUT2	c3
0.255206863011611	0.101822037537073	0.203	0.218	1	LYAR	c3
0.256738225861195	0.101816503924201	0.013	0.015	1	DFFB	c3
2.4716218921918e-05	-0.101789580268569	0.068	0.086	0.828932550203285	ATP9B	c3
0.968891615734163	0.101709174729394	0.331	0.356	1	ACIN1	c3
0.0694327936960216	-0.101563235411816	0.67	0.678	1	ITM2A	c3
5.61357368818697e-09	-0.101555566599293	0.237	0.29	0.000188268034354415	SZRD1	c3
0.000228662071565542	-0.101473880293404	0.073	0.089	1	PHF13	c3
0.128811908743747	0.101471080803703	0.045	0.05	1	ZXDC	c3
1.5327488307804e-08	-0.101454272548411	0.234	0.284	0.000514053302867131	RAB35	c3
0.21190157759291	0.101331699142754	0.013	0.015	1	HNRNPA1L2	c3
0.0944430627042182	0.101327996424009	0.186	0.206	1	THOC2	c3
0.0693785463527132	0.101308834171911	0.012	0.015	1	ZSCAN9	c3
0.125239942503472	0.101254340455811	0.042	0.048	1	ZW10	c3
0.0830963976333546	0.101215146911194	0.105	0.116	1	RAD1	c3
0.0101236712591983	0.101205826600948	0.471	0.487	1	WASF2	c3
0.342793397155069	0.100993435733434	0.18	0.194	1	INPP5F	c3
0.00576717454138753	0.100989328554777	0.108	0.125	1	GSDMD	c3
0.00253690535487978	0.100915775495788	0.544	0.562	1	CCSER2	c3
8.07104575551101e-08	-0.100734872257913	0.336	0.396	0.00270686732548328	CD164	c3
0.127339089273456	0.100685465150947	0.208	0.229	1	HELZ	c3
0.104587582786556	-0.100667358830743	0.015	0.018	1	ELOVL4	c3
2.16426573644743e-07	-0.100615153054152	0.226	0.271	0.0072585144268974	FUNDC2	c3
0.0782729172089928	0.100549429560035	0.446	0.465	1	MPHOSPH8	c3
0.000223818765462721	-0.100537086695438	0.073	0.089	1	MTMR3	c3
0.952962432853357	0.100519312429133	0.236	0.248	1	ANKRD13D	c3
0.607296364852645	0.100513051897981	0.013	0.014	1	SH2B3	c3
3.49477041404647e-09	-0.100506408262177	0.259	0.314	0.000117207610146291	TKT	c3
0.00291314665800375	0.100469225706899	0.085	0.101	1	DENND1C	c3
0.000185142666736492	0.100436791765951	0.577	0.59	1	ETS1	c3
0.0104595014139358	0.100362997393922	0.074	0.087	1	MCCC2	c3
0.0435623396070426	0.100355816391758	0.015	0.019	1	LINC01184	c3
0.485824438653472	0.10028370901127	0.241	0.261	1	DNAJB14	c3
0.130725726664844	0.100254058901798	0.12	0.131	1	WDR44	c3
3.37109442674427e-06	-0.10023781536488	0.095	0.12	0.113059764884149	CTPS1	c3
0.000194810797989941	-0.100217856102971	0.036	0.047	1	HECTD2	c3
1.01923575961287e-07	-0.100211027994883	0.297	0.353	0.00341831289058965	WBP11	c3
0.75586081132552	0.100166815104055	0.275	0.295	1	SRP72	c3
0.000260818350802394	0.100137441041874	0.644	0.655	1	NAP1L1	c3
0.341792500442762	0.100042359205359	0.081	0.087	1	JADE1	c3
0.640289014485055	0.100010831397016	0.009	0.01	1	MAK	c3
